topic_id,display_name,works_old,works_new,change,share_old,share_new,share_change_pts
T10048,Particle physics theoretical and experimental studies,2497,2512,15,0.0124,0.0125,0.01
T10744,Astrophysical Phenomena and Observations,1911,2115,204,0.0095,0.0105,0.1
T10039,"Stellar, planetary, and galactic studies",1338,1920,582,0.0067,0.0096,0.29
T10112,HIV Research and Treatment,1218,1242,24,0.0061,0.0062,0.01
T10463,Pulsars and Gravitational Waves Research,1115,1026,-89,0.0055,0.0051,-0.04
T10477,Astrophysics and Star Formation Studies,1018,935,-83,0.0051,0.0047,-0.04
T10025,Black Holes and Theoretical Physics,847,992,145,0.0042,0.0049,0.07
T10217,Cardiac electrophysiology and arrhythmias,808,991,183,0.004,0.0049,0.09
T10681,Rare-earth and actinide compounds,856,888,32,0.0043,0.0044,0.02
T11027,Metabolism and Genetic Disorders,621,1049,428,0.0031,0.0052,0.21
T11323,Gamma-ray bursts and supernovae,728,806,78,0.0036,0.004,0.04
T10034,"Syntax, Semantics, Linguistic Variation",421,1054,633,0.0021,0.0052,0.31
T11010,"Logic, Reasoning, and Knowledge",691,778,87,0.0034,0.0039,0.04
T10042,Neural and Behavioral Psychology Studies,631,799,168,0.0031,0.004,0.08
T10082,HIV/AIDS Research and Interventions,612,797,185,0.003,0.004,0.09
T10231,Pancreatic and Hepatic Oncology Research,681,659,-22,0.0034,0.0033,-0.01
T10818,Astrophysics and Cosmic Phenomena,713,599,-114,0.0035,0.003,-0.06
T10646,Experimental Behavioral Economics Studies,622,632,10,0.0031,0.0031,0.01
T13283,Mental Health Research Topics,862,360,-502,0.0043,0.0018,-0.25
T10092,Organometallic Complex Synthesis and Catalysis,471,730,259,0.0023,0.0036,0.13
T10091,Malaria Research and Control,543,648,105,0.0027,0.0032,0.05
T10038,Tuberculosis Research and Epidemiology,536,631,95,0.0027,0.0031,0.05
T10182,Child and Adolescent Psychosocial and Emotional Development,705,460,-245,0.0035,0.0023,-0.12
T10193,Coronary Interventions and Diagnostics,519,638,119,0.0026,0.0032,0.06
T10749,International Law and Human Rights,475,674,199,0.0024,0.0034,0.1
T10314,Social and Intergroup Psychology,574,563,-11,0.0029,0.0028,-0.01
T10206,Meta-analysis and systematic reviews,488,638,150,0.0024,0.0032,0.07
T10200,Rheumatoid Arthritis Research and Therapies,467,649,182,0.0023,0.0032,0.09
T10051,Asthma and respiratory diseases,504,606,102,0.0025,0.003,0.05
T10908,Analytical Chemistry and Chromatography,575,531,-44,0.0029,0.0026,-0.02
T10257,Oral microbiology and periodontitis research,513,588,75,0.0026,0.0029,0.04
T10218,Sepsis Diagnosis and Treatment,467,597,130,0.0023,0.003,0.06
T11782,Magnetic Properties of Alloys,501,522,21,0.0025,0.0026,0.01
T10394,Lipoproteins and Cardiovascular Health,477,544,67,0.0024,0.0027,0.03
T10133,Media Studies and Communication,310,708,398,0.0015,0.0035,0.2
T10043,Substance Abuse Treatment and Outcomes,323,673,350,0.0016,0.0033,0.17
T10242,Posttraumatic Stress Disorder Research,363,628,265,0.0018,0.0031,0.13
T10108,Electoral Systems and Political Participation,395,567,172,0.002,0.0028,0.09
T10301,Mitochondrial Function and Pathology,396,563,167,0.002,0.0028,0.08
T10017,Geology and Paleoclimatology Research,548,406,-142,0.0027,0.002,-0.07
T10120,Bacterial Genetics and Biotechnology,297,635,338,0.0015,0.0032,0.17
T10427,Visual perception and processing mechanisms,284,645,361,0.0014,0.0032,0.18
T10031,T-cell and B-cell Immunology,330,593,263,0.0016,0.003,0.13
T10557,Social Media and Politics,678,245,-433,0.0034,0.0012,-0.22
T10135,Insect-Plant Interactions and Control,483,432,-51,0.0024,0.0021,-0.03
T10467,Psychometric Methodologies and Testing,230,679,449,0.0011,0.0034,0.22
T10683,Mass Spectrometry Techniques and Applications,446,458,12,0.0022,0.0023,0.01
T10455,Foot and Ankle Surgery,417,472,55,0.0021,0.0023,0.03
T10853,"Anxiety, Depression, Psychometrics, Treatment, Cognitive Processes",389,495,106,0.0019,0.0025,0.05
T10581,Neural dynamics and brain function,570,307,-263,0.0028,0.0015,-0.13
T10293,Thyroid Disorders and Treatments,382,491,109,0.0019,0.0024,0.05
T10216,"Migration, Refugees, and Integration",365,492,127,0.0018,0.0024,0.06
T10285,Venous Thromboembolism Diagnosis and Management,415,438,23,0.0021,0.0022,0.01
T10619,Esophageal Cancer Research and Treatment,446,390,-56,0.0022,0.0019,-0.03
T10023,Schizophrenia research and treatment,340,487,147,0.0017,0.0024,0.07
T10134,Inflammatory Bowel Disease,345,476,131,0.0017,0.0024,0.07
T10315,Decision-Making and Behavioral Economics,303,517,214,0.0015,0.0026,0.11
T10289,European Union Policy and Governance,391,424,33,0.0019,0.0021,0.02
T10291,Dialysis and Renal Disease Management,375,434,59,0.0019,0.0022,0.03
T10881,Blood Coagulation and Thrombosis Mechanisms,337,467,130,0.0017,0.0023,0.06
T10060,Smoking Behavior and Cessation,319,483,164,0.0016,0.0024,0.08
T10945,Lysosomal Storage Disorders Research,369,415,46,0.0018,0.0021,0.02
T10009,Dementia and Cognitive Impairment Research,277,496,219,0.0014,0.0025,0.11
T10873,Bacterial Infections and Vaccines,377,378,1,0.0019,0.0019,0.0
T10919,Neurological disorders and treatments,376,371,-5,0.0019,0.0018,-0.0
T10102,scientometrics and bibliometrics research,281,459,178,0.0014,0.0023,0.09
T10827,Patient-Provider Communication in Healthcare,321,418,97,0.0016,0.0021,0.05
T11090,Dark Matter and Cosmic Phenomena,389,349,-40,0.0019,0.0017,-0.02
T10113,Dental materials and restorations,329,397,68,0.0016,0.002,0.03
T10096,Metal-Organic Frameworks: Synthesis and Applications,376,335,-41,0.0019,0.0017,-0.02
T10537,Attention Deficit Hyperactivity Disorder,370,336,-34,0.0018,0.0017,-0.02
T10526,HIV/AIDS drug development and treatment,312,388,76,0.0016,0.0019,0.04
T11129,Photochemistry and Electron Transfer Studies,292,405,113,0.0015,0.002,0.06
T10322,Respiratory Support and Mechanisms,318,378,60,0.0016,0.0019,0.03
T10852,Temporomandibular Joint Disorders,333,363,30,0.0017,0.0018,0.01
T11016,Monoclonal and Polyclonal Antibodies Research,444,247,-197,0.0022,0.0012,-0.1
T10178,Cancer survivorship and care,334,354,20,0.0017,0.0018,0.01
T10037,Physics of Superconductivity and Magnetism,370,317,-53,0.0018,0.0016,-0.03
T10529,Stress Responses and Cortisol,401,274,-127,0.002,0.0014,-0.06
T11340,Marine Sponges and Natural Products,323,352,29,0.0016,0.0018,0.01
T10077,Neuroscience and Neuropharmacology Research,394,279,-115,0.002,0.0014,-0.06
T10007,Monetary Policy and Economic Impact,323,346,23,0.0016,0.0017,0.01
T10103,Reading and Literacy Development,324,345,21,0.0016,0.0017,0.01
T10341,Coral and Marine Ecosystems Studies,355,314,-41,0.0018,0.0016,-0.02
T10089,Avian ecology and behavior,266,402,136,0.0013,0.002,0.07
T10523,Atomic and Molecular Physics,236,431,195,0.0012,0.0021,0.1
T11147,Misinformation and Its Impacts,342,320,-22,0.0017,0.0016,-0.01
T10261,Genetic Associations and Epidemiology,262,387,125,0.0013,0.0019,0.06
T11937,Research Data Management Practices,258,384,126,0.0013,0.0019,0.06
T10118,SARS-CoV-2 and COVID-19 Research,301,327,26,0.0015,0.0016,0.01
T10181,Natural Language Processing Techniques,398,230,-168,0.002,0.0011,-0.08
T10208,Labor market dynamics and wage inequality,254,371,117,0.0013,0.0018,0.06
T10227,Acute Ischemic Stroke Management,311,308,-3,0.0015,0.0015,-0.0
T11092,Spondyloarthritis Studies and Treatments,291,328,37,0.0014,0.0016,0.02
T11093,Personality Disorders and Psychopathology,325,293,-32,0.0016,0.0015,-0.02
T10094,Epilepsy research and treatment,172,439,267,0.0009,0.0022,0.13
T10425,Cold Atom Physics and Bose-Einstein Condensates,331,279,-52,0.0016,0.0014,-0.03
T10026,"Galaxies: Formation, Evolution, Phenomena",278,331,53,0.0014,0.0016,0.03
T10746,Platelet Disorders and Treatments,329,274,-55,0.0016,0.0014,-0.03
T10335,Colorectal Cancer Surgical Treatments,269,326,57,0.0013,0.0016,0.03
T10443,Social Policy and Reform Studies,351,244,-107,0.0017,0.0012,-0.05
T10028,Topic Modeling,343,250,-93,0.0017,0.0012,-0.05
T10126,"Logic, programming, and type systems",234,359,125,0.0012,0.0018,0.06
T10127,"Banking stability, regulation, efficiency",312,274,-38,0.0016,0.0014,-0.02
T10236,Aquatic Ecosystems and Phytoplankton Dynamics,233,340,107,0.0012,0.0017,0.05
T10019,Corporate Finance and Governance,285,287,2,0.0014,0.0014,0.0
T10066,Gut microbiota and health,271,300,29,0.0013,0.0015,0.01
T10837,Dermatology and Skin Diseases,278,290,12,0.0014,0.0014,0.01
T10241,Functional Brain Connectivity Studies,386,177,-209,0.0019,0.0009,-0.1
T11177,Spectroscopy and Quantum Chemical Studies,263,300,37,0.0013,0.0015,0.02
T10497,Fungal and yeast genetics research,195,367,172,0.001,0.0018,0.09
T11804,Quantum many-body systems,246,316,70,0.0012,0.0016,0.03
T10552,Colorectal Cancer Screening and Detection,279,279,0,0.0014,0.0014,0.0
T10451,Mycorrhizal Fungi and Plant Interactions,487,65,-422,0.0024,0.0003,-0.21
T10172,Cardiac Valve Diseases and Treatments,278,273,-5,0.0014,0.0014,-0.0
T10428,Reproductive tract infections research,294,254,-40,0.0015,0.0013,-0.02
T10448,Memory and Neural Mechanisms,246,302,56,0.0012,0.0015,0.03
T13710,European and International Law Studies,343,199,-144,0.0017,0.001,-0.07
T11072,Peroxisome Proliferator-Activated Receptors,521,20,-501,0.0026,0.0001,-0.25
T10974,Advanced Queuing Theory Analysis,261,279,18,0.0013,0.0014,0.01
T10762,"Migration, Health and Trauma",336,201,-135,0.0017,0.001,-0.07
T10730,Language Development and Disorders,216,320,104,0.0011,0.0016,0.05
T11123,Obsessive-Compulsive Spectrum Disorders,273,262,-11,0.0014,0.0013,-0.01
T10144,Blood Pressure and Hypertension Studies,187,345,158,0.0009,0.0017,0.08
T10371,Immune Response and Inflammation,300,232,-68,0.0015,0.0012,-0.03
T10804,"Health Systems, Economic Evaluations, Quality of Life",292,239,-53,0.0015,0.0012,-0.03
T10239,Urban Planning and Governance,177,353,176,0.0009,0.0018,0.09
T10065,Atrial Fibrillation Management and Outcomes,268,259,-9,0.0013,0.0013,-0.0
T10883,Ethics and Social Impacts of AI,215,305,90,0.0011,0.0015,0.04
T10224,Quantum Chromodynamics and Particle Interactions,172,346,174,0.0009,0.0017,0.09
T12137,Economic theories and models,282,234,-48,0.0014,0.0012,-0.02
T11542,Behavioral Health and Interventions,343,170,-173,0.0017,0.0008,-0.09
T10591,Theoretical and Computational Physics,235,275,40,0.0012,0.0014,0.02
T10243,Statistical Methods and Bayesian Inference,129,378,249,0.0006,0.0019,0.12
T10372,Cardiac Imaging and Diagnostics,252,255,3,0.0013,0.0013,0.0
T11157,Chronic Lymphocytic Leukemia Research,265,233,-32,0.0013,0.0012,-0.02
T10004,Soil Carbon and Nitrogen Dynamics,170,327,157,0.0008,0.0016,0.08
T10005,Ecology and Vegetation Dynamics Studies,201,293,92,0.001,0.0015,0.05
T10474,Material Dynamics and Properties,233,258,25,0.0012,0.0013,0.01
T11397,"Populism, Right-Wing Movements",233,258,25,0.0012,0.0013,0.01
T10177,Palliative Care and End-of-Life Issues,207,283,76,0.001,0.0014,0.04
T10095,Cosmology and Gravitation Theories,264,222,-42,0.0013,0.0011,-0.02
T10368,Dental Health and Care Utilization,216,270,54,0.0011,0.0013,0.03
T10122,Toxic Organic Pollutants Impact,224,260,36,0.0011,0.0013,0.02
T10290,Pregnancy and preeclampsia studies,220,263,43,0.0011,0.0013,0.02
T10303,Photosynthetic Processes and Mechanisms,313,165,-148,0.0016,0.0008,-0.07
T13064,Dutch Social and Cultural Studies,440,36,-404,0.0022,0.0002,-0.2
T10106,Autism Spectrum Disorder Research,245,229,-16,0.0012,0.0011,-0.01
T11084,Workplace Health and Well-being,267,206,-61,0.0013,0.001,-0.03
T12119,Linguistics and Discourse Analysis,58,414,356,0.0003,0.0021,0.18
T12955,Atherosclerosis and Cardiovascular Diseases,171,298,127,0.0009,0.0015,0.06
T10580,Immunotherapy and Immune Responses,280,187,-93,0.0014,0.0009,-0.05
T10993,Complement system in diseases,209,258,49,0.001,0.0013,0.02
T10316,Sleep and related disorders,193,271,78,0.001,0.0013,0.04
T10047,Financial Markets and Investment Strategies,192,265,73,0.001,0.0013,0.04
T11227,Diabetic Foot Ulcer Assessment and Management,241,214,-27,0.0012,0.0011,-0.01
T11597,"Neutrophil, Myeloperoxidase and Oxidative Mechanisms",244,206,-38,0.0012,0.001,-0.02
T10426,Child Abuse and Trauma,246,201,-45,0.0012,0.001,-0.02
T11720,Probability and Risk Models,149,298,149,0.0007,0.0015,0.07
T10836,Metabolomics and Mass Spectrometry Studies,254,191,-63,0.0013,0.001,-0.03
T11156,Reproductive Health and Technologies,203,242,39,0.001,0.0012,0.02
T10002,Advanced Chemical Physics Studies,287,157,-130,0.0014,0.0008,-0.06
T10353,Zeolite Catalysis and Synthesis,194,248,54,0.001,0.0012,0.03
T10882,Cardiomyopathy and Myosin Studies,232,209,-23,0.0012,0.001,-0.01
T11043,Merger and Competition Analysis,176,265,89,0.0009,0.0013,0.04
T10645,Cardiac Arrest and Resuscitation,229,211,-18,0.0011,0.001,-0.01
T10286,Information Retrieval and Search Behavior,72,365,293,0.0004,0.0018,0.15
T10487,Plant and animal studies,355,81,-274,0.0018,0.0004,-0.14
T11178,Receptor Mechanisms and Signaling,229,207,-22,0.0011,0.001,-0.01
T10785,Economic Theory and Institutions,209,226,17,0.001,0.0011,0.01
T10355,Impact of Technology on Adolescents,234,198,-36,0.0012,0.001,-0.02
T10831,Cell Adhesion Molecules Research,241,191,-50,0.0012,0.001,-0.02
T11917,"Coagulation, Bradykinin, Polyphosphates, and Angioedema",227,203,-24,0.0011,0.001,-0.01
T10165,Classical Antiquity Studies,183,244,61,0.0009,0.0012,0.03
T10254,Innovations in Medical Education,162,264,102,0.0008,0.0013,0.05
T11727,Advanced Algebra and Logic,176,250,74,0.0009,0.0012,0.04
T11280,Hemophilia Treatment and Research,194,229,35,0.001,0.0011,0.02
T12002,"Computability, Logic, AI Algorithms",237,182,-55,0.0012,0.0009,-0.03
T10978,Prenatal Screening and Diagnostics,220,198,-22,0.0011,0.001,-0.01
T10342,Circadian rhythm and melatonin,186,230,44,0.0009,0.0011,0.02
T10877,Allergic Rhinitis and Sensitization,201,214,13,0.001,0.0011,0.01
T10292,Acute Myocardial Infarction Research,201,213,12,0.001,0.0011,0.01
T10682,Quantum Computing Algorithms and Architecture,206,208,2,0.001,0.001,0.0
T10150,Antifungal resistance and susceptibility,221,192,-29,0.0011,0.001,-0.01
T12374,European and International Contract Law,190,223,33,0.0009,0.0011,0.02
T12248,Water Governance and Infrastructure,227,185,-42,0.0011,0.0009,-0.02
T11212,Cultural Heritage Materials Analysis,178,232,54,0.0009,0.0012,0.03
T10300,Congenital Heart Disease Studies,195,214,19,0.001,0.0011,0.01
T10349,Migration and Labor Dynamics,264,144,-120,0.0013,0.0007,-0.06
T10287,Algebraic structures and combinatorial models,218,189,-29,0.0011,0.0009,-0.01
T11817,"Housing, Finance, and Neoliberalism",300,107,-193,0.0015,0.0005,-0.1
T10403,Phonetics and Phonology Research,184,221,37,0.0009,0.0011,0.02
T10932,Microbial Metabolic Engineering and Bioproduction,210,195,-15,0.001,0.001,-0.01
T10073,Hepatocellular Carcinoma Treatment and Prognosis,232,167,-65,0.0012,0.0008,-0.03
T11677,Congenital heart defects research,236,162,-74,0.0012,0.0008,-0.04
T12236,Photoreceptor and optogenetics research,241,157,-84,0.0012,0.0008,-0.04
T10006,Job Satisfaction and Organizational Behavior,191,205,14,0.0009,0.001,0.01
T10067,Stochastic processes and financial applications,184,211,27,0.0009,0.001,0.01
T10056,Neurotransmitter Receptor Influence on Behavior,193,201,8,0.001,0.001,0.0
T11577,Cognitive Abilities and Testing,228,164,-64,0.0011,0.0008,-0.03
T10061,Algebraic Geometry and Number Theory,146,245,99,0.0007,0.0012,0.05
T10084,Musculoskeletal pain and rehabilitation,242,148,-94,0.0012,0.0007,-0.05
T10402,Phase Equilibria and Thermodynamics,215,175,-40,0.0011,0.0009,-0.02
T10269,Epigenetics and DNA Methylation,207,182,-25,0.001,0.0009,-0.01
T10527,High-Energy Particle Collisions Research,219,170,-49,0.0011,0.0008,-0.02
T10471,Climate Change Policy and Economics,180,207,27,0.0009,0.001,0.01
T10630,Orthopedic Surgery and Rehabilitation,203,184,-19,0.001,0.0009,-0.01
T11660,Blood groups and transfusion,191,196,5,0.0009,0.001,0.0
T10235,Health disparities and outcomes,222,164,-58,0.0011,0.0008,-0.03
T11141,Childhood Cancer Survivors' Quality of Life,227,158,-69,0.0011,0.0008,-0.03
T11252,Evolutionary Game Theory and Cooperation,230,153,-77,0.0011,0.0008,-0.04
T10414,Cannabis and Cannabinoid Research,202,180,-22,0.001,0.0009,-0.01
T10991,Game Theory and Voting Systems,140,241,101,0.0007,0.0012,0.05
T10589,Early Childhood Education and Development,226,154,-72,0.0011,0.0008,-0.04
T10447,Environmental Toxicology and Ecotoxicology,125,253,128,0.0006,0.0013,0.06
T10540,Advanced Fluorescence Microscopy Techniques,152,226,74,0.0008,0.0011,0.04
T10350,Electronic Health Records Systems,163,210,47,0.0008,0.001,0.02
T10693,Blood transfusion and management,145,228,83,0.0007,0.0011,0.04
T10151,Hepatitis C virus research,187,184,-3,0.0009,0.0009,-0.0
T11986,Scientific Computing and Data Management,228,143,-85,0.0011,0.0007,-0.04
T10517,"Financial Literacy, Pension, Retirement Analysis",174,195,21,0.0009,0.001,0.01
T10570,Drug Transport and Resistance Mechanisms,224,144,-80,0.0011,0.0007,-0.04
T11148,"Language, Metaphor, and Cognition",261,107,-154,0.0013,0.0005,-0.08
T11270,Complex Systems and Time Series Analysis,280,88,-192,0.0014,0.0004,-0.1
T10718,Political Philosophy and Ethics,189,178,-11,0.0009,0.0009,-0.01
T10745,Heart Rate Variability and Autonomic Control,184,183,-1,0.0009,0.0009,-0.0
T10521,RNA and protein synthesis mechanisms,204,161,-43,0.001,0.0008,-0.02
T10773,Extracellular vesicles in disease,183,181,-2,0.0009,0.0009,-0.0
T12226,Neuroblastoma Research and Treatments,194,170,-24,0.001,0.0008,-0.01
T10041,COVID-19 Clinical Research Studies,153,210,57,0.0008,0.001,0.03
T11151,Advanced Topology and Set Theory,118,243,125,0.0006,0.0012,0.06
T11519,Digital Mental Health Interventions,192,169,-23,0.001,0.0008,-0.01
T10632,Housing Market and Economics,187,173,-14,0.0009,0.0009,-0.01
T11645,"Urban, Neighborhood, and Segregation Studies",157,203,46,0.0008,0.001,0.02
T10296,Vector-borne infectious diseases,171,185,14,0.0009,0.0009,0.01
T10308,Systemic Lupus Erythematosus Research,149,204,55,0.0007,0.001,0.03
T10076,Plant-Microbe Interactions and Immunity,153,198,45,0.0008,0.001,0.02
T12191,Chemical Reaction Mechanisms,91,260,169,0.0005,0.0013,0.08
T10351,Liver Disease Diagnosis and Treatment,217,133,-84,0.0011,0.0007,-0.04
T10064,Complex Network Analysis Techniques,181,168,-13,0.0009,0.0008,-0.01
T10378,Advanced MRI Techniques and Applications,141,208,67,0.0007,0.001,0.03
T12450,Radio Astronomy Observations and Technology,163,186,23,0.0008,0.0009,0.01
T11629,"Birth, Development, and Health",195,153,-42,0.001,0.0008,-0.02
T10609,Digital Marketing and Social Media,188,159,-29,0.0009,0.0008,-0.01
T10765,Marine Biology and Ecology Research,149,198,49,0.0007,0.001,0.02
T10565,"Psychopathy, Forensic Psychiatry, Sexual Offending",167,179,12,0.0008,0.0009,0.01
T10778,Philosophy and History of Science,173,173,0,0.0009,0.0009,0.0
T11033,Contact Dermatitis and Allergies,150,196,46,0.0007,0.001,0.02
T11636,Artificial Intelligence in Healthcare and Education,172,174,2,0.0009,0.0009,0.0
T11219,Bone Metabolism and Diseases,143,202,59,0.0007,0.001,0.03
T10365,Gastrointestinal motility and disorders,138,205,67,0.0007,0.001,0.03
T10358,Advanced Radiotherapy Techniques,138,203,65,0.0007,0.001,0.03
T10136,Statistical Methods and Inference,186,153,-33,0.0009,0.0008,-0.02
T10222,Genomics and Chromatin Dynamics,127,211,84,0.0006,0.001,0.04
T12664,Clinical practice guidelines implementation,162,176,14,0.0008,0.0009,0.01
T11281,Asymmetric Hydrogenation and Catalysis,211,126,-85,0.001,0.0006,-0.04
T10086,Alzheimer's disease research and treatments,137,199,62,0.0007,0.001,0.03
T11044,Particle Detector Development and Performance,82,254,172,0.0004,0.0013,0.09
T10156,"LGBTQ Health, Identity, and Policy",153,182,29,0.0008,0.0009,0.01
T10459,Sexual function and dysfunction studies,150,185,35,0.0007,0.0009,0.02
T11950,Cardiovascular Syncope and Autonomic Disorders,163,172,9,0.0008,0.0009,0.0
T10788,Neuroscience and Music Perception,172,161,-11,0.0009,0.0008,-0.01
T10855,Amyotrophic Lateral Sclerosis Research,176,157,-19,0.0009,0.0008,-0.01
T11421,Labor Movements and Unions,181,152,-29,0.0009,0.0008,-0.01
T10021,EFL/ESL Teaching and Learning,121,211,90,0.0006,0.001,0.04
T10825,Plant Pathogens and Fungal Diseases,194,137,-57,0.001,0.0007,-0.03
T10921,Neutrino Physics Research,119,212,93,0.0006,0.0011,0.05
T10518,Gallbladder and Bile Duct Disorders,137,192,55,0.0007,0.001,0.03
T10298,Urban Transport and Accessibility,174,154,-20,0.0009,0.0008,-0.01
T10058,Entrepreneurship Studies and Influences,148,179,31,0.0007,0.0009,0.02
T10469,Psoriasis: Treatment and Pathogenesis,159,168,9,0.0008,0.0008,0.0
T11642,Genomics and Rare Diseases,142,184,42,0.0007,0.0009,0.02
T10115,Corporate Social Responsibility Reporting,141,184,43,0.0007,0.0009,0.02
T10867,Intensive Care Unit Cognitive Disorders,171,154,-17,0.0009,0.0008,-0.01
T10629,Health Policy Implementation Science,152,172,20,0.0008,0.0009,0.01
T11020,Immune Cell Function and Interaction,270,54,-216,0.0013,0.0003,-0.11
T11144,melanin and skin pigmentation,168,156,-12,0.0008,0.0008,-0.01
T10081,"Auditing, Earnings Management, Governance",150,172,22,0.0007,0.0009,0.01
T10170,Retinal Diseases and Treatments,151,171,20,0.0008,0.0009,0.01
T10279,Urinary Bladder and Prostate Research,142,179,37,0.0007,0.0009,0.02
T10482,Mathematical and Theoretical Epidemiology and Ecology Models,66,253,187,0.0003,0.0013,0.09
T11631,"Retirement, Disability, and Employment",162,157,-5,0.0008,0.0008,-0.0
T10701,Radical Photochemical Reactions,141,177,36,0.0007,0.0009,0.02
T10198,Heart Failure Treatment and Management,148,169,21,0.0007,0.0008,0.01
T10674,School Choice and Performance,155,162,7,0.0008,0.0008,0.0
T11538,Ophthalmology and Eye Disorders,149,167,18,0.0007,0.0008,0.01
T10234,Obstructive Sleep Apnea Research,167,148,-19,0.0008,0.0007,-0.01
T10085,Parkinson's Disease Mechanisms and Treatments,163,151,-12,0.0008,0.0008,-0.01
T10465,Neurobiology of Language and Bilingualism,140,173,33,0.0007,0.0009,0.02
T11303,Bayesian Modeling and Causal Inference,176,137,-39,0.0009,0.0007,-0.02
T10578,Supramolecular Chemistry and Complexes,114,196,82,0.0006,0.001,0.04
T11364,Cholangiocarcinoma and Gallbladder Cancer Studies,153,157,4,0.0008,0.0008,0.0
T11285,Hearing Impairment and Communication,173,136,-37,0.0009,0.0007,-0.02
T11410,Cultural Industries and Urban Development,206,101,-105,0.001,0.0005,-0.05
T12214,Media Influence and Health,190,117,-73,0.0009,0.0006,-0.04
T10373,Renal Transplantation Outcomes and Treatments,125,181,56,0.0006,0.0009,0.03
T13364,"Digitalization, Law, and Regulation",21,285,264,0.0001,0.0014,0.13
T10588,Mathematical Dynamics and Fractals,110,195,85,0.0005,0.001,0.04
T11045,"Privacy, Security, and Data Protection",210,93,-117,0.001,0.0005,-0.06
T11057,Cardiac Ischemia and Reperfusion,125,178,53,0.0006,0.0009,0.03
T10554,Hemoglobinopathies and Related Disorders,156,146,-10,0.0008,0.0007,-0.0
T11764,Evolution and Genetic Dynamics,158,142,-16,0.0008,0.0007,-0.01
T11965,"Quantum, superfluid, helium dynamics",198,101,-97,0.001,0.0005,-0.05
T10549,Neonatal Respiratory Health Research,188,109,-79,0.0009,0.0005,-0.04
T11696,Conflict Management and Negotiation,132,165,33,0.0007,0.0008,0.02
T12313,Emotions and Moral Behavior,153,144,-9,0.0008,0.0007,-0.0
T12827,Biochemical and Molecular Research,127,170,43,0.0006,0.0008,0.02
T10441,Muscle Physiology and Disorders,116,179,63,0.0006,0.0009,0.03
T11191,Mathematical functions and polynomials,115,180,65,0.0006,0.0009,0.03
T12268,Deception detection and forensic psychology,130,165,35,0.0006,0.0008,0.02
T11067,Colorectal Cancer Treatments and Studies,136,158,22,0.0007,0.0008,0.01
T11732,Assisted Reproductive Technology and Twin Pregnancy,148,145,-3,0.0007,0.0007,-0.0
T12040,International Arbitration and Investment Law,193,100,-93,0.001,0.0005,-0.05
T10010,"Obesity, Physical Activity, Diet",167,125,-42,0.0008,0.0006,-0.02
T11182,Auction Theory and Applications,177,115,-62,0.0009,0.0006,-0.03
T10760,Pancreatitis Pathology and Treatment,146,145,-1,0.0007,0.0007,-0.0
T10015,Genomics and Phylogenetic Studies,151,139,-12,0.0008,0.0007,-0.01
T10215,Semantic Web and Ontologies,184,106,-78,0.0009,0.0005,-0.04
T10340,Hepatitis B Virus Studies,147,143,-4,0.0007,0.0007,-0.0
T10895,Species Distribution and Climate Change,225,64,-161,0.0011,0.0003,-0.08
T10352,Physical Activity and Health,103,185,82,0.0005,0.0009,0.04
T11655,HIV-related health complications and treatments,173,115,-58,0.0009,0.0006,-0.03
T12011,"Insurance, Mortality, Demography, Risk Management",167,121,-46,0.0008,0.0006,-0.02
T10012,Genetic diversity and population structure,102,185,83,0.0005,0.0009,0.04
T11334,Psychosomatic Disorders and Their Treatments,158,129,-29,0.0008,0.0006,-0.01
T10456,Multi-Agent Systems and Negotiation,215,71,-144,0.0011,0.0004,-0.07
T10640,Spectroscopy and Chemometric Analyses,131,153,22,0.0007,0.0008,0.01
T10918,Memory Processes and Influences,96,188,92,0.0005,0.0009,0.05
T10185,Lymphoma Diagnosis and Treatment,136,147,11,0.0007,0.0007,0.01
T10027,"Diabetes, Cardiovascular Risks, and Lipoproteins",154,128,-26,0.0008,0.0006,-0.01
T10489,Regulation of Appetite and Obesity,130,152,22,0.0006,0.0008,0.01
T10656,Child and Animal Learning Development,147,135,-12,0.0007,0.0007,-0.01
T11488,Climate Change Communication and Perception,155,127,-28,0.0008,0.0006,-0.01
T10608,Neurogenesis and neuroplasticity mechanisms,111,170,59,0.0006,0.0008,0.03
T10119,Sustainability and Climate Change Governance,104,176,72,0.0005,0.0009,0.04
T10129,Glioma Diagnosis and Treatment,125,155,30,0.0006,0.0008,0.01
T10248,Nonlinear Waves and Solitons,137,142,5,0.0007,0.0007,0.0
T11725,Immunodeficiency and Autoimmune Disorders,117,162,45,0.0006,0.0008,0.02
T10192,Catalytic Processes in Materials Science,162,116,-46,0.0008,0.0006,-0.02
T10319,"Conservation, Biodiversity, and Resource Management",123,155,32,0.0006,0.0008,0.02
T10418,Pelvic floor disorders treatments,150,128,-22,0.0007,0.0006,-0.01
T10654,Pneumonia and Respiratory Infections,139,138,-1,0.0007,0.0007,-0.0
T10696,Gastric Cancer Management and Outcomes,128,149,21,0.0006,0.0007,0.01
T10715,Distributed and Parallel Computing Systems,139,137,-2,0.0007,0.0007,-0.0
T11791,Microbial Community Ecology and Physiology,156,120,-36,0.0008,0.0006,-0.02
T10582,Ethics in Clinical Research,103,172,69,0.0005,0.0009,0.03
T10020,Quantum Information and Cryptography,118,156,38,0.0006,0.0008,0.02
T10958,Ultrasound and Hyperthermia Applications,148,126,-22,0.0007,0.0006,-0.01
T11626,Metalloenzymes and iron-sulfur proteins,123,151,28,0.0006,0.0008,0.01
T10708,Mindfulness and Compassion Interventions,115,158,43,0.0006,0.0008,0.02
T10359,Dental Implant Techniques and Outcomes,120,152,32,0.0006,0.0008,0.02
T11454,Cultural Differences and Values,182,90,-92,0.0009,0.0004,-0.05
T10168,COVID-19 and Mental Health,145,126,-19,0.0007,0.0006,-0.01
T11040,Personality Traits and Psychology,129,142,13,0.0006,0.0007,0.01
T11520,Advanced Thermodynamics and Statistical Mechanics,180,91,-89,0.0009,0.0005,-0.04
T12225,Political Influence and Corporate Strategies,168,103,-65,0.0008,0.0005,-0.03
T12361,Study of Mite Species,98,173,75,0.0005,0.0009,0.04
T10737,Health Literacy and Information Accessibility,112,158,46,0.0006,0.0008,0.02
T11549,Synthetic Organic Chemistry Methods,178,92,-86,0.0009,0.0005,-0.04
T11922,Cardiovascular Effects of Exercise,154,116,-38,0.0008,0.0006,-0.02
T10434,Chromosomal and Genetic Variations,108,161,53,0.0005,0.0008,0.03
T10536,Endodontics and Root Canal Treatments,131,138,7,0.0007,0.0007,0.0
T10677,Attachment and Relationship Dynamics,149,120,-29,0.0007,0.0006,-0.01
T10174,Animal Behavior and Reproduction,61,207,146,0.0003,0.001,0.07
T10059,Bone Tissue Engineering Materials,125,141,16,0.0006,0.0007,0.01
T10258,Philosophy and Theoretical Science,129,137,8,0.0006,0.0007,0.0
T10458,Bladder and Urothelial Cancer Treatments,139,127,-12,0.0007,0.0006,-0.01
T10800,Forensic Toxicology and Drug Analysis,129,137,8,0.0006,0.0007,0.0
T10143,Chronic Obstructive Pulmonary Disease (COPD) Research,129,136,7,0.0006,0.0007,0.0
T10209,Global Maternal and Child Health,187,77,-110,0.0009,0.0004,-0.05
T10493,Ion channel regulation and function,123,141,18,0.0006,0.0007,0.01
T14068,Organic and Inorganic Chemical Reactions,134,130,-4,0.0007,0.0006,-0.0
T12520,Psychology of Moral and Emotional Judgment,205,58,-147,0.001,0.0003,-0.07
T12377,Digital Humanities and Scholarship,67,193,126,0.0003,0.001,0.06
T13842,Intellectual Property Law,73,187,114,0.0004,0.0009,0.06
T11541,Neuroendocrine regulation and behavior,184,75,-109,0.0009,0.0004,-0.05
T10253,Sarcoma Diagnosis and Treatment,129,128,-1,0.0006,0.0006,-0.0
T10585,Family Dynamics and Relationships,78,179,101,0.0004,0.0009,0.05
T10146,Cervical Cancer and HPV Research,128,128,0,0.0006,0.0006,0.0
T10032,Marine and coastal ecosystems,163,92,-71,0.0008,0.0005,-0.04
T10412,Microfluidic and Capillary Electrophoresis Applications,161,94,-67,0.0008,0.0005,-0.03
T11121,Public Relations and Crisis Communication,129,126,-3,0.0006,0.0006,-0.0
T11310,Connective tissue disorders research,133,122,-11,0.0007,0.0006,-0.01
T10250,Glaucoma and retinal disorders,127,127,0,0.0006,0.0006,0.0
T10265,Multilingual Education and Policy,152,102,-50,0.0008,0.0005,-0.02
T10282,Financial Risk and Volatility Modeling,123,131,8,0.0006,0.0007,0.0
T10598,Cardiac pacing and defibrillation studies,138,116,-22,0.0007,0.0006,-0.01
T10634,Food Allergy and Anaphylaxis Research,134,120,-14,0.0007,0.0006,-0.01
T10889,Soil erosion and sediment transport,122,131,9,0.0006,0.0007,0.0
T12803,Cinema History and Criticism,4,249,245,0.0,0.0012,0.12
T10636,Innovative Teaching and Learning Methods,144,108,-36,0.0007,0.0005,-0.02
T11680,Advanced Algebra and Geometry,126,126,0,0.0006,0.0006,0.0
T10123,DNA Repair Mechanisms,148,103,-45,0.0007,0.0005,-0.02
T10272,Mental Health Treatment and Access,118,133,15,0.0006,0.0007,0.01
T10429,EEG and Brain-Computer Interfaces,152,98,-54,0.0008,0.0005,-0.03
T10503,Global Financial Crisis and Policies,134,116,-18,0.0007,0.0006,-0.01
T10613,Virus-based gene therapy research,126,124,-2,0.0006,0.0006,-0.0
T13910,Computational and Text Analysis Methods,144,106,-38,0.0007,0.0005,-0.02
T10604,RNA Research and Splicing,120,129,9,0.0006,0.0006,0.0
T11060,Infant Development and Preterm Care,127,122,-5,0.0006,0.0006,-0.0
T11667,Advanced Chemical Sensor Technologies,149,100,-49,0.0007,0.0005,-0.02
T11169,Silicon Nanostructures and Photoluminescence,145,103,-42,0.0007,0.0005,-0.02
T11369,Genetic factors in colorectal cancer,137,111,-26,0.0007,0.0006,-0.01
T10263,Eating Disorders and Behaviors,128,119,-9,0.0006,0.0006,-0.0
T10382,Quantum and electron transport phenomena,132,115,-17,0.0007,0.0006,-0.01
T10413,High-pressure geophysics and materials,138,109,-29,0.0007,0.0005,-0.01
T10509,"Religion, Spirituality, and Psychology",106,141,35,0.0005,0.0007,0.02
T11700,Hemodynamic Monitoring and Therapy,133,114,-19,0.0007,0.0006,-0.01
T11743,Political Economy and Marxism,142,105,-37,0.0007,0.0005,-0.02
T10180,Analytical chemistry methods development,76,170,94,0.0004,0.0008,0.05
T10408,Chronic Kidney Disease and Diabetes,98,148,50,0.0005,0.0007,0.02
T12026,Explainable Artificial Intelligence (XAI),113,133,20,0.0006,0.0007,0.01
T10054,Parallel Computing and Optimization Techniques,109,135,26,0.0005,0.0007,0.01
T11544,"Gender, Labor, and Family Dynamics",121,123,2,0.0006,0.0006,0.0
T13276,University-Industry-Government Innovation Models,142,102,-40,0.0007,0.0005,-0.02
T10966,Liver physiology and pathology,104,139,35,0.0005,0.0007,0.02
T10606,Kidney Stones and Urolithiasis Treatments,125,117,-8,0.0006,0.0006,-0.0
T11037,Fungal Infections and Studies,110,132,22,0.0005,0.0007,0.01
T11834,Liver Diseases and Immunity,113,129,16,0.0006,0.0006,0.01
T10167,Influenza Virus Research Studies,117,124,7,0.0006,0.0006,0.0
T10325,Astro and Planetary Science,171,70,-101,0.0009,0.0003,-0.05
T10602,Glycosylation and Glycoproteins Research,118,123,5,0.0006,0.0006,0.0
T11112,Viral Infections and Immunology Research,147,94,-53,0.0007,0.0005,-0.03
T10149,Anthropological Studies and Insights,95,145,50,0.0005,0.0007,0.02
T10622,Quantum Mechanics and Applications,134,106,-28,0.0007,0.0005,-0.01
T11710,Biomedical Text Mining and Ontologies,137,103,-34,0.0007,0.0005,-0.02
T11735,Peripheral Neuropathies and Disorders,111,129,18,0.0006,0.0006,0.01
T12763,ATP Synthase and ATPases Research,78,162,84,0.0004,0.0008,0.04
T10657,Topological Materials and Phenomena,117,122,5,0.0006,0.0006,0.0
T13649,Advanced Synthetic Organic Chemistry,35,204,169,0.0002,0.001,0.08
T11213,Genomic variations and chromosomal abnormalities,101,137,36,0.0005,0.0007,0.02
T10008,Teacher Education and Leadership Studies,85,152,67,0.0004,0.0008,0.03
T10823,Research on Leishmaniasis Studies,119,118,-1,0.0006,0.0006,-0.0
T10453,Maternal and Perinatal Health Interventions,94,142,48,0.0005,0.0007,0.02
T10699,Primate Behavior and Ecology,108,128,20,0.0005,0.0006,0.01
T10420,Intracranial Aneurysms: Treatment and Complications,115,120,5,0.0006,0.0006,0.0
T10985,Sleep and Wakefulness Research,143,92,-51,0.0007,0.0005,-0.03
T10137,Multiple Sclerosis Research Studies,80,154,74,0.0004,0.0008,0.04
T10897,Antibiotic Use and Resistance,110,124,14,0.0005,0.0006,0.01
T10970,Team Dynamics and Performance,94,140,46,0.0005,0.0007,0.02
T11094,Face Recognition and Perception,124,110,-14,0.0006,0.0005,-0.01
T11878,Solid-state spectroscopy and crystallography,123,111,-12,0.0006,0.0006,-0.01
T12768,Linguistics and language evolution,141,93,-48,0.0007,0.0005,-0.02
T10890,Trypanosoma species research and implications,105,127,22,0.0005,0.0006,0.01
T11521,Salivary Gland Disorders and Functions,113,119,6,0.0006,0.0006,0.0
T10407,Lipid Membrane Structure and Behavior,111,120,9,0.0006,0.0006,0.0
T11618,Cholesterol and Lipid Metabolism,103,128,25,0.0005,0.0006,0.01
T11762,"Law, Economics, and Judicial Systems",122,109,-13,0.0006,0.0005,-0.01
T12871,Healthcare Quality and Management,43,188,145,0.0002,0.0009,0.07
T10671,Gastroesophageal reflux and treatments,111,119,8,0.0006,0.0006,0.0
T10845,Advanced Causal Inference Techniques,86,144,58,0.0004,0.0007,0.03
T11446,Mobile Health and mHealth Applications,98,132,34,0.0005,0.0007,0.02
T10574,Crime Patterns and Interventions,76,153,77,0.0004,0.0008,0.04
T11048,Bacteriophages and microbial interactions,147,82,-65,0.0007,0.0004,-0.03
T10385,Plant Diversity and Evolution,112,115,3,0.0006,0.0006,0.0
T10621,Gene Regulatory Network Analysis,99,128,29,0.0005,0.0006,0.01
T11031,Game Theory and Applications,97,129,32,0.0005,0.0006,0.02
T10607,Magnetic and transport properties of perovskites and related materials,112,113,1,0.0006,0.0006,0.0
T11443,Advanced Statistical Process Monitoring,117,107,-10,0.0006,0.0005,-0.0
T11648,"Diaspora, migration, transnational identity",58,166,108,0.0003,0.0008,0.05
T13315,Occupational Health and Safety in Workplaces,2,222,220,0.0,0.0011,0.11
T10203,Recommender Systems and Techniques,91,132,41,0.0005,0.0007,0.02
T11266,Neuroinflammation and Neurodegeneration Mechanisms,127,96,-31,0.0006,0.0005,-0.02
T12895,Environmental law and policy,108,115,7,0.0005,0.0006,0.0
T11071,Treatment of Major Depression,106,116,10,0.0005,0.0006,0.0
T11217,Cardiac Arrhythmias and Treatments,124,98,-26,0.0006,0.0005,-0.01
T12967,Molecular Spectroscopy and Structure,63,159,96,0.0003,0.0008,0.05
T10442,Knee injuries and reconstruction techniques,112,109,-3,0.0006,0.0005,-0.0
T11079,Creativity in Education and Neuroscience,124,97,-27,0.0006,0.0005,-0.01
T10116,Sperm and Testicular Function,88,132,44,0.0004,0.0007,0.02
T10984,Sinusitis and nasal conditions,105,115,10,0.0005,0.0006,0.0
T11611,Cyclopropane Reaction Mechanisms,86,134,48,0.0004,0.0007,0.02
T11959,Employment and Welfare Studies,176,44,-132,0.0009,0.0002,-0.07
T10044,Protein Structure and Dynamics,106,113,7,0.0005,0.0006,0.0
T10320,Neural Networks and Applications,134,85,-49,0.0007,0.0004,-0.02
T10668,Endometrial and Cervical Cancer Treatments,108,110,2,0.0005,0.0005,0.0
T11859,Educator Training and Historical Pedagogy,131,87,-44,0.0007,0.0004,-0.02
T10013,Asymmetric Synthesis and Catalysis,84,132,48,0.0004,0.0007,0.02
T11621,Fiscal Policies and Political Economy,115,101,-14,0.0006,0.0005,-0.01
T11883,Embodied and Extended Cognition,100,116,16,0.0005,0.0006,0.01
T12091,Peatlands and Wetlands Ecology,111,105,-6,0.0006,0.0005,-0.0
T12409,Reformation and Early Modern Christianity,143,73,-70,0.0007,0.0004,-0.03
T10691,Retinal Development and Disorders,106,109,3,0.0005,0.0005,0.0
T10166,Mosquito-borne diseases and control,118,96,-22,0.0006,0.0005,-0.01
T10345,Hematopoietic Stem Cell Transplantation,71,143,72,0.0004,0.0007,0.04
T11491,CAR-T cell therapy research,128,86,-42,0.0006,0.0004,-0.02
T12443,Delphi Technique in Research,111,103,-8,0.0006,0.0005,-0.0
T11294,Infant Nutrition and Health,110,103,-7,0.0005,0.0005,-0.0
T10124,Prostate Cancer Diagnosis and Treatment,115,97,-18,0.0006,0.0005,-0.01
T10485,"Bullying, Victimization, and Aggression",114,98,-16,0.0006,0.0005,-0.01
T10419,Pharmaceutical and Antibiotic Environmental Impacts,120,90,-30,0.0006,0.0004,-0.01
T10797,Accounting and Organizational Management,70,140,70,0.0003,0.0007,0.03
T10994,"Terrorism, Counterterrorism, and Political Violence",86,124,38,0.0004,0.0006,0.02
T11064,Antiplatelet Therapy and Cardiovascular Diseases,105,105,0,0.0005,0.0005,0.0
T11540,"Gender, Feminism, and Media",119,91,-28,0.0006,0.0005,-0.01
T10684,Acute Kidney Injury Research,88,121,33,0.0004,0.0006,0.02
T11103,Antimicrobial Peptides and Activities,111,98,-13,0.0006,0.0005,-0.01
T12060,Child Development and Digital Technology,125,84,-41,0.0006,0.0004,-0.02
T11772,Genetics and Neurodevelopmental Disorders,89,119,30,0.0004,0.0006,0.01
T11153,Streptococcal Infections and Treatments,114,93,-21,0.0006,0.0005,-0.01
T11871,Advanced Statistical Methods and Models,134,73,-61,0.0007,0.0004,-0.03
T10003,Innovation and Knowledge Management,108,98,-10,0.0005,0.0005,-0.0
T10145,Consumer Behavior in Brand Consumption and Identification,137,69,-68,0.0007,0.0003,-0.03
T10562,Total Knee Arthroplasty Outcomes,112,93,-19,0.0006,0.0005,-0.01
T10924,Cardiovascular Health and Disease Prevention,91,114,23,0.0005,0.0006,0.01
T10999,Organ Transplantation Techniques and Outcomes,93,112,19,0.0005,0.0006,0.01
T10114,"Balance, Gait, and Falls Prevention",102,102,0,0.0005,0.0005,0.0
T10307,Head and Neck Cancer Studies,94,110,16,0.0005,0.0005,0.01
T11235,Statistical Methods in Clinical Trials,95,109,14,0.0005,0.0005,0.01
T11810,Complex Systems and Decision Making,149,55,-94,0.0007,0.0003,-0.05
T11879,Protist diversity and phylogeny,59,145,86,0.0003,0.0007,0.04
T10199,Wildlife Ecology and Conservation,99,104,5,0.0005,0.0005,0.0
T10362,Biblical Studies and Interpretation,77,126,49,0.0004,0.0006,0.02
T11197,Digital Games and Media,132,71,-61,0.0007,0.0004,-0.03
T11569,Optical Coherence Tomography Applications,110,93,-17,0.0005,0.0005,-0.01
T11590,Primary Care and Health Outcomes,100,103,3,0.0005,0.0005,0.0
T10383,"Language, Discourse, Communication Strategies",131,71,-60,0.0007,0.0004,-0.03
T10436,Anesthesia and Sedative Agents,78,124,46,0.0004,0.0006,0.02
T10617,Cellular transport and secretion,78,124,46,0.0004,0.0006,0.02
T10864,Fluid Dynamics and Mixing,92,109,17,0.0005,0.0005,0.01
T11004,Crustacean biology and ecology,35,166,131,0.0002,0.0008,0.07
T11083,Cardiac Health and Mental Health,114,87,-27,0.0006,0.0004,-0.01
T12032,Multisensory perception and integration,98,103,5,0.0005,0.0005,0.0
T10189,Anesthesia and Pain Management,77,123,46,0.0004,0.0006,0.02
T10213,Public Policy and Administration Research,79,121,42,0.0004,0.0006,0.02
T10446,"Income, Poverty, and Inequality",74,126,52,0.0004,0.0006,0.03
T10771,Wound Healing and Treatments,84,116,32,0.0004,0.0006,0.02
T11116,"Trauma, Hemostasis, Coagulopathy, Resuscitation",128,72,-56,0.0006,0.0004,-0.03
T12145,Dental Anxiety and Anesthesia Techniques,107,93,-14,0.0005,0.0005,-0.01
T10147,Antibiotic Resistance in Bacteria,86,113,27,0.0004,0.0006,0.01
T10911,Chemical Synthesis and Analysis,144,55,-89,0.0007,0.0003,-0.04
T12044,Advanced Physical and Chemical Molecular Interactions,29,170,141,0.0001,0.0008,0.07
T12501,Digital Economy and Work Transformation,123,76,-47,0.0006,0.0004,-0.02
T10155,Nitric Oxide and Endothelin Effects,126,72,-54,0.0006,0.0004,-0.03
T10214,Psychotherapy Techniques and Applications,73,125,52,0.0004,0.0006,0.03
T10548,Catalytic Cross-Coupling Reactions,69,129,60,0.0003,0.0006,0.03
T11307,Domain Adaptation and Few-Shot Learning,88,110,22,0.0004,0.0005,0.01
T10475,Psychological Well-being and Life Satisfaction,103,94,-9,0.0005,0.0005,-0.0
T10605,Historical Economic and Social Studies,110,87,-23,0.0005,0.0004,-0.01
T10981,Cytomegalovirus and herpesvirus research,116,81,-35,0.0006,0.0004,-0.02
T11413,Risk and Portfolio Optimization,119,77,-42,0.0006,0.0004,-0.02
T11623,Hyperglycemia and glycemic control in critically ill and hospitalized patients,109,87,-22,0.0005,0.0004,-0.01
T11844,Lipid metabolism and biosynthesis,60,136,76,0.0003,0.0007,0.04
T10327,Adolescent Sexual and Reproductive Health,106,89,-17,0.0005,0.0004,-0.01
T11705,Gambling Behavior and Treatments,103,92,-11,0.0005,0.0005,-0.01
T10030,Electrocatalysts for Energy Conversion,108,86,-22,0.0005,0.0004,-0.01
T10422,Angiogenesis and VEGF in Cancer,106,88,-18,0.0005,0.0004,-0.01
T11256,Asian Studies and History,135,58,-77,0.0007,0.0003,-0.04
T12198,Oral health in cancer treatment,109,84,-25,0.0005,0.0004,-0.01
T10364,Reproductive Biology and Fertility,98,94,-4,0.0005,0.0005,-0.0
T10452,Iron Metabolism and Disorders,93,99,6,0.0005,0.0005,0.0
T10620,Protease and Inhibitor Mechanisms,110,82,-28,0.0005,0.0004,-0.01
T10695,Parasites and Host Interactions,93,99,6,0.0005,0.0005,0.0
T11304,Advanced Neuroimaging Techniques and Applications,122,70,-52,0.0006,0.0003,-0.03
T11738,Ultrasound in Clinical Applications,96,96,0,0.0005,0.0005,0.0
T10476,Algal biology and biofuel production,143,48,-95,0.0007,0.0002,-0.05
T11047,Gender Diversity and Inequality,127,64,-63,0.0006,0.0003,-0.03
T11714,Multimodal Machine Learning Applications,98,93,-5,0.0005,0.0005,-0.0
T10675,Mechanical Circulatory Support Devices,98,92,-6,0.0005,0.0005,-0.0
T10753,Microplastics and Plastic Pollution,98,92,-6,0.0005,0.0005,-0.0
T10983,Aortic aneurysm repair treatments,100,90,-10,0.0005,0.0004,-0.0
T10097,Luminescence Properties of Advanced Materials,76,113,37,0.0004,0.0006,0.02
T10270,Blockchain Technology Applications and Security,102,87,-15,0.0005,0.0004,-0.01
T10276,Helicobacter pylori-related gastroenterology studies,99,90,-9,0.0005,0.0004,-0.0
T10334,"Hearing, Cochlea, Tinnitus, Genetics",66,123,57,0.0003,0.0006,0.03
T10432,DNA and Nucleic Acid Chemistry,115,74,-41,0.0006,0.0004,-0.02
T11507,Religion and Society Interactions,95,94,-1,0.0005,0.0005,-0.0
T10036,Advanced Neural Network Applications,59,129,70,0.0003,0.0006,0.03
T10356,Orthodontics and Dentofacial Orthopedics,61,127,66,0.0003,0.0006,0.03
T10376,Suicide and Self-Harm Studies,79,109,30,0.0004,0.0005,0.01
T10390,Ovarian function and disorders,133,55,-78,0.0007,0.0003,-0.04
T10863,Voice and Speech Disorders,101,87,-14,0.0005,0.0004,-0.01
T11432,Gender Politics and Representation,105,83,-22,0.0005,0.0004,-0.01
T11746,Inorganic and Organometallic Chemistry,88,100,12,0.0004,0.0005,0.01
T14030,Taxation and Legal Issues,131,57,-74,0.0007,0.0003,-0.04
T10070,Political Conflict and Governance,82,105,23,0.0004,0.0005,0.01
T10560,Diabetes Management and Research,92,95,3,0.0005,0.0005,0.0
T11379,Rheology and Fluid Dynamics Studies,75,112,37,0.0004,0.0006,0.02
T11769,Copyright and Intellectual Property,148,39,-109,0.0007,0.0002,-0.05
T12528,"IL-33, ST2, and ILC Pathways",106,81,-25,0.0005,0.0004,-0.01
T10053,International Relations and Foreign Policy,38,148,110,0.0002,0.0007,0.05
T11243,Respiratory viral infections research,99,87,-12,0.0005,0.0004,-0.01
T11640,Linguistic Variation and Morphology,139,47,-92,0.0007,0.0002,-0.05
T10280,Shoulder Injury and Treatment,89,96,7,0.0004,0.0005,0.0
T10595,Medieval Literature and History,53,132,79,0.0003,0.0007,0.04
T10858,Clinical Nutrition and Gastroenterology,84,101,17,0.0004,0.0005,0.01
T11431,Action Observation and Synchronization,104,81,-23,0.0005,0.0004,-0.01
T10786,Maternal Mental Health During Pregnancy and Postpartum,100,84,-16,0.0005,0.0004,-0.01
T13500,Probability and Statistical Research,8,176,168,0.0,0.0009,0.08
T10596,Child Nutrition and Water Access,105,78,-27,0.0005,0.0004,-0.01
T10720,Complexity and Algorithms in Graphs,40,143,103,0.0002,0.0007,0.05
T10728,Pulmonary Hypertension Research and Treatments,92,91,-1,0.0005,0.0005,-0.0
T11246,Sports injuries and prevention,95,88,-7,0.0005,0.0004,-0.0
T11657,Digital and Traditional Archives Management,56,127,71,0.0003,0.0006,0.04
T11930,"Cardiac, Anesthesia and Surgical Outcomes",146,37,-109,0.0007,0.0002,-0.05
T11996,Random lasers and scattering media,94,89,-5,0.0005,0.0004,-0.0
T13077,Cancer-related cognitive impairment studies,100,83,-17,0.0005,0.0004,-0.01
T10052,Medical Image Segmentation Techniques,44,138,94,0.0002,0.0007,0.05
T10375,Pharmacogenetics and Drug Metabolism,41,141,100,0.0002,0.0007,0.05
T10416,Traumatic Brain Injury Research,106,76,-30,0.0005,0.0004,-0.01
T10542,Vestibular and auditory disorders,95,87,-8,0.0005,0.0004,-0.0
T11313,Immune cells in cancer,116,66,-50,0.0006,0.0003,-0.02
T10404,Enzyme Catalysis and Immobilization,76,105,29,0.0004,0.0005,0.01
T11427,Elbow and Forearm Trauma Treatment,90,91,1,0.0004,0.0005,0.0
T11552,"Global trade, sustainability, and social impact",104,77,-27,0.0005,0.0004,-0.01
T12049,Tuberous Sclerosis Complex Research,92,89,-3,0.0005,0.0004,-0.0
T12917,Astronomy and Astrophysical Research,117,64,-53,0.0006,0.0003,-0.03
T10449,Renal cell carcinoma treatment,88,92,4,0.0004,0.0005,0.0
T10898,Environmental Education and Sustainability,99,81,-18,0.0005,0.0004,-0.01
T12070,Writing and Handwriting Education,93,87,-6,0.0005,0.0004,-0.0
T10211,Computational Drug Discovery Methods,98,81,-17,0.0005,0.0004,-0.01
T10758,Cinema and Media Studies,133,45,-88,0.0007,0.0002,-0.04
T10833,Vaccine Coverage and Hesitancy,95,83,-12,0.0005,0.0004,-0.01
T10896,Homotopy and Cohomology in Algebraic Topology,93,85,-8,0.0005,0.0004,-0.0
T12088,Intergenerational and Educational Inequality Studies,81,97,16,0.0004,0.0005,0.01
T12381,Electron Spin Resonance Studies,61,117,56,0.0003,0.0006,0.03
T10339,Advanced Numerical Methods in Computational Mathematics,66,111,45,0.0003,0.0006,0.02
T11363,Dental Radiography and Imaging,95,81,-14,0.0005,0.0004,-0.01
T11747,Metal-Catalyzed Oxygenation Mechanisms,51,125,74,0.0003,0.0006,0.04
T11928,Genetic Syndromes and Imprinting,106,70,-36,0.0005,0.0003,-0.02
T13156,Historical Linguistics and Language Studies,98,78,-20,0.0005,0.0004,-0.01
T11721,Blood properties and coagulation,86,89,3,0.0004,0.0004,0.0
T12090,Language and cultural evolution,95,80,-15,0.0005,0.0004,-0.01
T12592,Opinion Dynamics and Social Influence,130,45,-85,0.0006,0.0002,-0.04
T12748,Molecular spectroscopy and chirality,108,67,-41,0.0005,0.0003,-0.02
T10202,Lung Cancer Diagnosis and Treatment,84,90,6,0.0004,0.0004,0.0
T12770,Amino Acid Enzymes and Metabolism,89,85,-4,0.0004,0.0004,-0.0
T11382,Fluid Dynamics and Heat Transfer,61,112,51,0.0003,0.0006,0.03
T12156,World Trade Organization Law,81,92,11,0.0004,0.0005,0.01
T12275,Gender and Feminist Studies,3,170,167,0.0,0.0008,0.08
T10725,RNA Interference and Gene Delivery,104,68,-36,0.0005,0.0003,-0.02
T11314,Clinical Laboratory Practices and Quality Control,43,128,85,0.0002,0.0006,0.04
T10379,Cellular Mechanics and Interactions,93,77,-16,0.0005,0.0004,-0.01
T10784,Muscle activation and electromyography studies,105,65,-40,0.0005,0.0003,-0.02
T11232,Urinary Tract Infections Management,89,81,-8,0.0004,0.0004,-0.0
T11961,Neonatal and Maternal Infections,82,88,6,0.0004,0.0004,0.0
T10706,Traumatic Brain Injury and Neurovascular Disturbances,107,62,-45,0.0005,0.0003,-0.02
T12267,Diet and metabolism studies,153,16,-137,0.0008,0.0001,-0.07
T12613,X-ray Diffraction in Crystallography,83,86,3,0.0004,0.0004,0.0
T10087,Archaeology and ancient environmental studies,54,114,60,0.0003,0.0006,0.03
T10332,Amphibian and Reptile Biology,93,75,-18,0.0005,0.0004,-0.01
T10336,Cancer Cells and Metastasis,98,70,-28,0.0005,0.0003,-0.01
T10344,Management and Organizational Studies,89,79,-10,0.0004,0.0004,-0.0
T10415,International Business and FDI,52,116,64,0.0003,0.0006,0.03
T10906,AI-based Problem Solving and Planning,80,88,8,0.0004,0.0004,0.0
T10977,Optical Imaging and Spectroscopy Techniques,53,115,62,0.0003,0.0006,0.03
T11350,Sex work and related issues,109,59,-50,0.0005,0.0003,-0.02
T11682,Advanced Condensed Matter Physics,41,127,86,0.0002,0.0006,0.04
T12475,Plant Parasitism and Resistance,104,64,-40,0.0005,0.0003,-0.02
T11056,Physiological and biochemical adaptations,75,92,17,0.0004,0.0005,0.01
T11239,Social Capital and Networks,84,83,-1,0.0004,0.0004,-0.0
T11658,Esophageal and GI Pathology,97,70,-27,0.0005,0.0003,-0.01
T11869,Per- and polyfluoroalkyl substances research,85,82,-3,0.0004,0.0004,-0.0
T12136,Vanadium and Halogenation Chemistry,105,62,-43,0.0005,0.0003,-0.02
T12816,Global Public Health Policies and Epidemiology,111,56,-55,0.0006,0.0003,-0.03
T11380,Child Welfare and Adoption,49,117,68,0.0002,0.0006,0.03
T12170,History and Theory of Mathematics,72,94,22,0.0004,0.0005,0.01
T10519,Advanced Proteomics Techniques and Applications,64,101,37,0.0003,0.0005,0.02
T14166,European Monetary and Fiscal Policies,70,95,25,0.0003,0.0005,0.01
T14475,History of Science and Medicine,36,129,93,0.0002,0.0006,0.05
T10464,Crystal structures of chemical compounds,26,138,112,0.0001,0.0007,0.06
T10659,Marine animal studies overview,88,76,-12,0.0004,0.0004,-0.01
T11104,"Memory, Trauma, and Commemoration",57,107,50,0.0003,0.0005,0.02
T14012,Comparative and International Law Studies,136,28,-108,0.0007,0.0001,-0.05
T10794,Islamic Studies and History,111,52,-59,0.0006,0.0003,-0.03
T10878,CRISPR and Genetic Engineering,110,53,-57,0.0005,0.0003,-0.03
T11368,Long-Term Effects of COVID-19,78,85,7,0.0004,0.0004,0.0
T10062,MicroRNA in disease regulation,99,63,-36,0.0005,0.0003,-0.02
T11539,Survey Methodology and Nonresponse,52,110,58,0.0003,0.0005,0.03
T10184,Plant Molecular Biology Research,94,67,-27,0.0005,0.0003,-0.01
T10374,Advanced Graph Theory Research,56,105,49,0.0003,0.0005,0.02
T10624,Silicon and Solar Cell Technologies,94,67,-27,0.0005,0.0003,-0.01
T11118,Evolutionary Psychology and Human Behavior,98,63,-35,0.0005,0.0003,-0.02
T11168,International Development and Aid,112,49,-63,0.0006,0.0002,-0.03
T11434,Electrochemical Analysis and Applications,114,47,-67,0.0006,0.0002,-0.03
T11742,Economic Theory and Policy,90,71,-19,0.0004,0.0004,-0.01
T11770,Fiscal Policy and Economic Growth,142,19,-123,0.0007,0.0001,-0.06
T12335,"Sexuality, Behavior, and Technology",102,59,-43,0.0005,0.0003,-0.02
T12594,Collaboration in agile enterprises,88,73,-15,0.0004,0.0004,-0.01
T10669,Freshwater macroinvertebrate diversity and ecology,67,93,26,0.0003,0.0005,0.01
T12693,"Migration, Ethnicity, and Economy",117,43,-74,0.0006,0.0002,-0.04
T10769,BRCA gene mutations in cancer,100,59,-41,0.0005,0.0003,-0.02
T11053,Process Optimization and Integration,73,86,13,0.0004,0.0004,0.01
T11437,Digital Platforms and Economics,85,74,-11,0.0004,0.0004,-0.01
T10071,Bone health and osteoporosis research,73,85,12,0.0004,0.0004,0.01
T10714,Software-Defined Networks and 5G,52,106,54,0.0003,0.0005,0.03
T11070,Soviet and Russian History,50,108,58,0.0002,0.0005,0.03
T13607,Academic Publishing and Open Access,37,121,84,0.0002,0.0006,0.04
T10226,Land Use and Ecosystem Services,74,83,9,0.0004,0.0004,0.0
T10614,Transcranial Magnetic Stimulation Studies,73,84,11,0.0004,0.0004,0.01
T10862,AI in cancer detection,57,100,43,0.0003,0.0005,0.02
T11795,Humor Studies and Applications,74,83,9,0.0004,0.0004,0.0
T12414,Coastal and Marine Management,65,92,27,0.0003,0.0005,0.01
T10658,Bone fractures and treatments,62,94,32,0.0003,0.0005,0.02
T11111,Spectroscopy and Laser Applications,111,45,-66,0.0006,0.0002,-0.03
T11921,Electroconvulsive Therapy Studies,71,85,14,0.0004,0.0004,0.01
T10105,Osteoarthritis Treatment and Mechanisms,89,66,-23,0.0004,0.0003,-0.01
T10169,Protein Kinase Regulation and GTPase Signaling,56,99,43,0.0003,0.0005,0.02
T10522,Medical Imaging Techniques and Applications,76,79,3,0.0004,0.0004,0.0
T10600,Reproductive Health and Contraception,42,112,70,0.0002,0.0006,0.03
T10916,Surgical Simulation and Training,71,83,12,0.0004,0.0004,0.01
T11473,Appendicitis Diagnosis and Management,89,65,-24,0.0004,0.0003,-0.01
T12852,Chemical Thermodynamics and Molecular Structure,83,71,-12,0.0004,0.0004,-0.01
T10397,Nutrition and Health in Aging,88,65,-23,0.0004,0.0003,-0.01
T10462,Reinforcement Learning in Robotics,52,101,49,0.0003,0.0005,0.02
T10685,Viral-associated cancers and disorders,82,71,-11,0.0004,0.0004,-0.01
T11080,Surgical site infection prevention,64,89,25,0.0003,0.0004,0.01
T11420,Geographies of human-animal interactions,111,42,-69,0.0006,0.0002,-0.03
T11901,Bayesian Methods and Mixture Models,94,59,-35,0.0005,0.0003,-0.02
T11911,Spatial and Panel Data Analysis,69,84,15,0.0003,0.0004,0.01
T14212,Health Promotion and Cardiovascular Prevention,93,60,-33,0.0005,0.0003,-0.02
T10410,COVID-19 epidemiological studies,82,70,-12,0.0004,0.0003,-0.01
T10722,Work-Family Balance Challenges,80,72,-8,0.0004,0.0004,-0.0
T11011,Frailty in Older Adults,86,66,-20,0.0004,0.0003,-0.01
T11055,Cardiac and Coronary Surgery Techniques,59,93,34,0.0003,0.0005,0.02
T11172,Dermatologic Treatments and Research,74,78,4,0.0004,0.0004,0.0
T11290,Preterm Birth and Chorioamnionitis,78,74,-4,0.0004,0.0004,-0.0
T11562,Facial Trauma and Fracture Management,88,64,-24,0.0004,0.0003,-0.01
T10142,Formal Methods in Verification,132,19,-113,0.0007,0.0001,-0.06
T11014,Regional Economics and Spatial Analysis,50,101,51,0.0002,0.0005,0.03
T11097,Cerebral Palsy and Movement Disorders,90,61,-29,0.0004,0.0003,-0.01
T11477,"Epistemology, Ethics, and Metaphysics",71,80,9,0.0004,0.0004,0.0
T11573,Risk Perception and Management,67,84,17,0.0003,0.0004,0.01
T11744,Health Sciences Research and Education,78,73,-5,0.0004,0.0004,-0.0
T12185,Regulation and Compliance Studies,64,87,23,0.0003,0.0004,0.01
T13074,Global Financial Regulation and Crises,66,85,19,0.0003,0.0004,0.01
T10528,"Adipokines, Inflammation, and Metabolic Diseases",88,62,-26,0.0004,0.0003,-0.01
T11359,Effects of Radiation Exposure,52,98,46,0.0003,0.0005,0.02
T11712,Intergenerational Family Dynamics and Caregiving,96,54,-42,0.0005,0.0003,-0.02
T12096,Ectopic Pregnancy Diagnosis and Management,89,61,-28,0.0004,0.0003,-0.01
T14102,Corporate Governance and Law,103,47,-56,0.0005,0.0002,-0.03
T10612,Magnetism in coordination complexes,95,54,-41,0.0005,0.0003,-0.02
T10926,Peripheral Artery Disease Management,72,77,5,0.0004,0.0004,0.0
T11012,Gas Dynamics and Kinetic Theory,53,96,43,0.0003,0.0005,0.02
T13497,Hermeneutics and Narrative Identity,147,2,-145,0.0007,0.0,-0.07
T10790,Heavy Metal Exposure and Toxicity,56,92,36,0.0003,0.0005,0.02
T11480,Connexins and lens biology,88,60,-28,0.0004,0.0003,-0.01
T12502,Urbanization and City Planning,110,38,-72,0.0005,0.0002,-0.04
T10283,Hearing Loss and Rehabilitation,83,64,-19,0.0004,0.0003,-0.01
T13005,Religious Studies and Spiritual Practices,76,71,-5,0.0004,0.0004,-0.0
T13253,Chemical Reactions and Mechanisms,49,98,49,0.0002,0.0005,0.02
T13556,Historical Influence and Diplomacy,123,24,-99,0.0006,0.0001,-0.05
T10330,Hydrology and Watershed Management Studies,74,72,-2,0.0004,0.0004,-0.0
T12056,Markov Chains and Monte Carlo Methods,56,90,34,0.0003,0.0004,0.02
T10128,Global trade and economics,79,66,-13,0.0004,0.0003,-0.01
T10950,Acute Lymphoblastic Leukemia research,80,65,-15,0.0004,0.0003,-0.01
T11535,Chemotherapy-induced cardiotoxicity and mitigation,78,67,-11,0.0004,0.0003,-0.01
T11929,Cerebral Venous Sinus Thrombosis,66,79,13,0.0003,0.0004,0.01
T11981,Qualitative Research Methods and Ethics,48,97,49,0.0002,0.0005,0.02
T13430,Lipid metabolism and disorders,70,75,5,0.0003,0.0004,0.0
T13986,Medical Practices and Rehabilitation,9,136,127,0.0,0.0007,0.06
T10346,Magnetic confinement fusion research,138,6,-132,0.0007,0.0,-0.07
T10354,Catalytic C–H Functionalization Methods,102,42,-60,0.0005,0.0002,-0.03
T11029,Renal Diseases and Glomerulopathies,58,86,28,0.0003,0.0004,0.01
T13718,Media Influence and Politics,66,78,12,0.0003,0.0004,0.01
T10393,Economic Growth and Productivity,82,61,-21,0.0004,0.0003,-0.01
T11203,Jewish and Middle Eastern Studies,104,39,-65,0.0005,0.0002,-0.03
T12394,Insurance and Financial Risk Management,82,61,-21,0.0004,0.0003,-0.01
T10508,Patient Safety and Medication Errors,61,81,20,0.0003,0.0004,0.01
T11194,Ocular Diseases and Behçet’s Syndrome,65,77,12,0.0003,0.0004,0.01
T11903,Private Equity and Venture Capital,76,66,-10,0.0004,0.0003,-0.0
T12157,Geochemistry and Geologic Mapping,142,0,-142,0.0007,0.0,-0.07
T12221,Cybersecurity and Cyber Warfare Studies,76,66,-10,0.0004,0.0003,-0.0
T12286,Erythrocyte Function and Pathophysiology,117,25,-92,0.0006,0.0001,-0.05
T12553,Psychedelics and Drug Studies,67,75,8,0.0003,0.0004,0.0
T12859,Cell Image Analysis Techniques,74,68,-6,0.0004,0.0003,-0.0
T10158,Cancer Immunotherapy and Biomarkers,65,76,11,0.0003,0.0004,0.01
T10903,Porphyrin and Phthalocyanine Chemistry,91,50,-41,0.0005,0.0002,-0.02
T11681,Nosocomial Infections in ICU,75,66,-9,0.0004,0.0003,-0.0
T11895,Social and Cultural Dynamics,81,60,-21,0.0004,0.0003,-0.01
T10812,Human Pose and Action Recognition,70,70,0,0.0003,0.0003,0.0
T11882,Plant biochemistry and biosynthesis,70,70,0,0.0003,0.0003,0.0
T13516,Publishing and Scholarly Communication,10,130,120,0.0,0.0006,0.06
T10337,Liver Disease and Transplantation,67,72,5,0.0003,0.0004,0.0
T10387,Fatty Acid Research and Health,66,73,7,0.0003,0.0004,0.0
T10824,Image Retrieval and Classification Techniques,73,66,-7,0.0004,0.0003,-0.0
T10247,Perovskite Materials and Applications,72,66,-6,0.0004,0.0003,-0.0
T10754,Neuroendocrine Tumor Research Advances,68,70,2,0.0003,0.0003,0.0
T10799,Data Visualization and Analytics,66,72,6,0.0003,0.0004,0.0
T10980,Vascular Malformations and Hemangiomas,62,76,14,0.0003,0.0004,0.01
T11021,ECG Monitoring and Analysis,59,79,20,0.0003,0.0004,0.01
T11724,Inflammatory Myopathies and Dermatomyositis,74,64,-10,0.0004,0.0003,-0.0
T12618,Botany and Plant Ecology Studies,60,78,18,0.0003,0.0004,0.01
T11354,Evolution and Paleontology Studies,45,92,47,0.0002,0.0005,0.02
T11486,Micro and Nano Robotics,88,49,-39,0.0004,0.0002,-0.02
T11792,Pharmaceutical Economics and Policy,45,92,47,0.0002,0.0005,0.02
T12246,Chronic Disease Management Strategies,78,59,-19,0.0004,0.0003,-0.01
T13377,Ecosystem dynamics and resilience,81,56,-25,0.0004,0.0003,-0.01
T10380,Intimate Partner and Family Violence,62,74,12,0.0003,0.0004,0.01
T10866,Nutritional Studies and Diet,68,68,0,0.0003,0.0003,0.0
T10949,Genetic Neurodegenerative Diseases,79,57,-22,0.0004,0.0003,-0.01
T11632,Family and Disability Support Research,84,52,-32,0.0004,0.0003,-0.02
T12107,Leprosy Research and Treatment,62,74,12,0.0003,0.0004,0.01
T12517,Seventeenth-Century Political and Philosophical Thought,52,84,32,0.0003,0.0004,0.02
T13302,Amazonian Archaeology and Ethnohistory,83,53,-30,0.0004,0.0003,-0.01
T10569,Bariatric Surgery and Outcomes,66,69,3,0.0003,0.0003,0.0
T10627,Advanced Image and Video Retrieval Techniques,93,42,-51,0.0005,0.0002,-0.03
T10751,Forensic and Genetic Research,59,76,17,0.0003,0.0004,0.01
T10880,Environmental Sustainability in Business,70,65,-5,0.0003,0.0003,-0.0
T11376,Geriatric Care and Nursing Homes,71,64,-7,0.0004,0.0003,-0.0
T13645,Thermodynamic and Structural Properties of Metals and Alloys,22,113,91,0.0001,0.0006,0.05
T10176,Mesenchymal stem cell research,67,67,0,0.0003,0.0003,0.0
T10309,Acute Myeloid Leukemia Research,70,64,-6,0.0003,0.0003,-0.0
T10547,"Education, Achievement, and Giftedness",47,87,40,0.0002,0.0004,0.02
T10941,Musicology and Musical Analysis,46,88,42,0.0002,0.0004,0.02
T11001,Renin-Angiotensin System Studies,55,79,24,0.0003,0.0004,0.01
T11015,Down syndrome and intellectual disability research,57,77,20,0.0003,0.0004,0.01
T11391,Theatre and Performance Studies,30,104,74,0.0001,0.0005,0.04
T11784,CO2 Reduction Techniques and Catalysts,100,34,-66,0.0005,0.0002,-0.03
T12068,Neonatal Health and Biochemistry,88,46,-42,0.0004,0.0002,-0.02
T10832,Pituitary Gland Disorders and Treatments,58,75,17,0.0003,0.0004,0.01
T11287,Cancer Genomics and Diagnostics,77,56,-21,0.0004,0.0003,-0.01
T13291,Political Theory and Democracy,1,132,131,0.0,0.0007,0.07
T13727,Linguistic and Sociocultural Studies,11,122,111,0.0001,0.0006,0.06
T10821,Cardiovascular Function and Risk Factors,84,48,-36,0.0004,0.0002,-0.02
T11457,Adipose Tissue and Metabolism,101,31,-70,0.0005,0.0002,-0.03
T12454,European Political History Analysis,48,84,36,0.0002,0.0004,0.02
T12645,European history and politics,89,43,-46,0.0004,0.0002,-0.02
T10792,Matrix Theory and Algorithms,64,67,3,0.0003,0.0003,0.0
T11131,Proteoglycans and glycosaminoglycans research,60,71,11,0.0003,0.0004,0.01
T11282,Fibromyalgia and Chronic Fatigue Syndrome Research,77,54,-23,0.0004,0.0003,-0.01
T11472,Analytical Chemistry and Sensors,91,40,-51,0.0005,0.0002,-0.03
T11683,Quantum and Classical Electrodynamics,42,89,47,0.0002,0.0004,0.02
T11722,Patient Satisfaction in Healthcare,62,69,7,0.0003,0.0003,0.0
T12262,Hate Speech and Cyberbullying Detection,104,27,-77,0.0005,0.0001,-0.04
T12921,European Criminal Justice and Data Protection,108,23,-85,0.0005,0.0001,-0.04
T13643,Artificial Intelligence in Law,46,85,39,0.0002,0.0004,0.02
T13877,Law in Society and Culture,114,17,-97,0.0006,0.0001,-0.05
T10676,"Genetics, Aging, and Longevity in Model Organisms",61,69,8,0.0003,0.0003,0.0
T11702,Parasitic Diseases Research and Treatment,65,65,0,0.0003,0.0003,0.0
T12383,Aeolian processes and effects,64,66,2,0.0003,0.0003,0.0
T12766,Interdisciplinary Research and Collaboration,41,89,48,0.0002,0.0004,0.02
T10195,Antimicrobial Resistance in Staphylococcus,65,64,-1,0.0003,0.0003,-0.0
T10435,Environmental Impact and Sustainability,45,84,39,0.0002,0.0004,0.02
T10697,Vasculitis and related conditions,65,64,-1,0.0003,0.0003,-0.0
T10795,Healthcare professionals’ stress and burnout,87,42,-45,0.0004,0.0002,-0.02
T11825,Catalysis and Oxidation Reactions,68,61,-7,0.0003,0.0003,-0.0
T12752,Global Peace and Security Dynamics,110,19,-91,0.0005,0.0001,-0.05
T10496,Pharmaceutical Practices and Patient Outcomes,49,79,30,0.0002,0.0004,0.01
T11374,Cleft Lip and Palate Research,64,64,0,0.0003,0.0003,0.0
T11587,Second Language Acquisition and Learning,57,71,14,0.0003,0.0004,0.01
T10268,Developmental Biology and Gene Regulation,28,99,71,0.0001,0.0005,0.04
T11377,Retinal and Macular Surgery,64,63,-1,0.0003,0.0003,-0.0
T10401,Diabetes Treatment and Management,69,57,-12,0.0003,0.0003,-0.01
T10566,Laser-Matter Interactions and Applications,49,77,28,0.0002,0.0004,0.01
T11346,Mast cells and histamine,59,67,8,0.0003,0.0003,0.0
T11468,Genetic Mapping and Diversity in Plants and Animals,62,64,2,0.0003,0.0003,0.0
T11531,Healthcare Systems and Reforms,48,78,30,0.0002,0.0004,0.01
T12331,Hereditary Neurological Disorders,61,65,4,0.0003,0.0003,0.0
T10747,Disaster Management and Resilience,55,70,15,0.0003,0.0003,0.01
T10814,Neuropeptides and Animal Physiology,65,60,-5,0.0003,0.0003,-0.0
T10841,Economic and Environmental Valuation,82,43,-39,0.0004,0.0002,-0.02
T10887,Bioinformatics and Genomic Networks,57,68,11,0.0003,0.0003,0.01
T10957,Photodynamic Therapy Research Studies,58,67,9,0.0003,0.0003,0.0
T11078,Inflammasome and immune disorders,76,49,-27,0.0004,0.0002,-0.01
T11308,Sphingolipid Metabolism and Signaling,67,58,-9,0.0003,0.0003,-0.0
T11926,Subterranean biodiversity and taxonomy,53,72,19,0.0003,0.0004,0.01
T12402,Travel-related health issues,67,58,-9,0.0003,0.0003,-0.0
T10929,Wnt/β-catenin signaling in development and cancer,60,64,4,0.0003,0.0003,0.0
T10183,Breast Cancer Treatment Studies,54,69,15,0.0003,0.0003,0.01
T10516,Parathyroid Disorders and Treatments,59,64,5,0.0003,0.0003,0.0
T10631,"Cancer, Hypoxia, and Metabolism",77,46,-31,0.0004,0.0002,-0.02
T11273,Advanced Graph Neural Networks,65,58,-7,0.0003,0.0003,-0.0
T11496,Credit Risk and Financial Regulations,66,57,-9,0.0003,0.0003,-0.0
T11589,Gynecological conditions and treatments,64,59,-5,0.0003,0.0003,-0.0
T11773,Healthcare Operations and Scheduling Optimization,62,61,-1,0.0003,0.0003,-0.0
T12094,Hemoglobin structure and function,99,24,-75,0.0005,0.0001,-0.04
T14255,European Law and Migration,21,102,81,0.0001,0.0005,0.04
T10294,Cell death mechanisms and regulation,50,72,22,0.0002,0.0004,0.01
T11113,Music History and Culture,60,62,2,0.0003,0.0003,0.0
T11345,Cognitive and developmental aspects of mathematical skills,73,49,-24,0.0004,0.0002,-0.01
T11790,N-Heterocyclic Carbenes in Organic and Inorganic Chemistry,63,59,-4,0.0003,0.0003,-0.0
T11970,Molecular Biology Techniques and Applications,84,38,-46,0.0004,0.0002,-0.02
T12031,Speech and dialogue systems,61,61,0,0.0003,0.0003,0.0
T12308,Mental Health and Psychiatry,93,29,-64,0.0005,0.0001,-0.03
T10648,Virtual Reality Applications and Impacts,55,66,11,0.0003,0.0003,0.01
T10759,Translation Studies and Practices,45,76,31,0.0002,0.0004,0.02
T11616,Autoimmune and Inflammatory Disorders Research,71,50,-21,0.0004,0.0002,-0.01
T11751,Lattice Boltzmann Simulation Studies,69,52,-17,0.0003,0.0003,-0.01
T11846,Cultural Heritage Management and Preservation,61,60,-1,0.0003,0.0003,-0.0
T10798,Crystallography and molecular interactions,66,54,-12,0.0003,0.0003,-0.01
T10816,Cerebrovascular and Carotid Artery Diseases,71,49,-22,0.0004,0.0002,-0.01
T10912,Telemedicine and Telehealth Implementation,34,86,52,0.0002,0.0004,0.03
T10971,Olfactory and Sensory Function Studies,95,25,-70,0.0005,0.0001,-0.03
T11018,Lower Extremity Biomechanics and Pathologies,48,72,24,0.0002,0.0004,0.01
T12147,Urban and Rural Development Challenges,78,42,-36,0.0004,0.0002,-0.02
T12574,Clinical Reasoning and Diagnostic Skills,59,61,2,0.0003,0.0003,0.0
T12951,Burkholderia infections and melioidosis,60,60,0,0.0003,0.0003,0.0
T10072,Science Education and Pedagogy,30,89,59,0.0001,0.0004,0.03
T10885,Gene expression and cancer classification,68,51,-17,0.0003,0.0003,-0.01
T11316,Mycobacterium research and diagnosis,72,47,-25,0.0004,0.0002,-0.01
T10576,Opioid Use Disorder Treatment,44,74,30,0.0002,0.0004,0.01
T10756,Estrogen and related hormone effects,45,73,28,0.0002,0.0004,0.01
T11620,Medication Adherence and Compliance,43,75,32,0.0002,0.0004,0.02
T11665,Animal Vocal Communication and Behavior,70,48,-22,0.0003,0.0002,-0.01
T11918,Forecasting Techniques and Applications,59,59,0,0.0003,0.0003,0.0
T12580,Vagus Nerve Stimulation Research,62,56,-6,0.0003,0.0003,-0.0
T12694,"Categorization, perception, and language",38,80,42,0.0002,0.0004,0.02
T10709,Social Robot Interaction and HRI,46,71,25,0.0002,0.0004,0.01
T10807,Synthesis and characterization of novel inorganic/organometallic compounds,32,85,53,0.0002,0.0004,0.03
T11036,Antibiotics Pharmacokinetics and Efficacy,57,60,3,0.0003,0.0003,0.0
T11152,Stochastic processes and statistical mechanics,47,70,23,0.0002,0.0003,0.01
T11296,COVID-19 and healthcare impacts,64,53,-11,0.0003,0.0003,-0.01
T11838,"Crime, Illicit Activities, and Governance",59,58,-1,0.0003,0.0003,-0.0
T12430,Academic and Historical Perspectives in Psychology,47,70,23,0.0002,0.0003,0.01
T10665,Cystic Fibrosis Research Advances,66,50,-16,0.0003,0.0002,-0.01
T10861,Ear Surgery and Otitis Media,56,60,4,0.0003,0.0003,0.0
T10955,Paleontology and Evolutionary Biology,48,68,20,0.0002,0.0003,0.01
T11407,Innovative Microfluidic and Catalytic Techniques Innovation,89,27,-62,0.0004,0.0001,-0.03
T11464,Homelessness and Social Issues,83,33,-50,0.0004,0.0002,-0.02
T11809,Advanced NMR Techniques and Applications,47,69,22,0.0002,0.0003,0.01
T12235,Child Abuse and Related Trauma,50,66,16,0.0002,0.0003,0.01
T13859,Organic Chemistry Synthesis Methods,15,101,86,0.0001,0.0005,0.04
T10101,Cloud Computing and Resource Management,53,62,9,0.0003,0.0003,0.0
T10163,Metal complexes synthesis and properties,104,11,-93,0.0005,0.0001,-0.05
T11337,Tryptophan and brain disorders,76,39,-37,0.0004,0.0002,-0.02
T11579,Cardiovascular and Diving-Related Complications,64,51,-13,0.0003,0.0003,-0.01
T12005,Spaceflight effects on biology,58,57,-1,0.0003,0.0003,-0.0
T12919,Blood disorders and treatments,72,43,-29,0.0004,0.0002,-0.01
T11289,Single-cell and spatial transcriptomics,75,39,-36,0.0004,0.0002,-0.02
T11708,Photochromic and Fluorescence Chemistry,59,55,-4,0.0003,0.0003,-0.0
T11860,"HIV, Drug Use, Sexual Risk",53,61,8,0.0003,0.0003,0.0
T12140,Renal and related cancers,72,42,-30,0.0004,0.0002,-0.01
T13355,Marketing and Advertising Strategies,4,110,106,0.0,0.0005,0.05
T14101,Financial Crisis of the 21st Century,114,0,-114,0.0006,0.0,-0.06
T10587,Autophagy in Disease and Therapy,53,60,7,0.0003,0.0003,0.0
T10839,Pancreatic function and diabetes,81,32,-49,0.0004,0.0002,-0.02
T11222,Magnetic Properties and Applications,54,59,5,0.0003,0.0003,0.0
T11261,Quantum chaos and dynamical systems,85,28,-57,0.0004,0.0001,-0.03
T11395,Radiopharmaceutical Chemistry and Applications,29,84,55,0.0001,0.0004,0.03
T12604,Glycogen Storage Diseases and Myoclonus,63,50,-13,0.0003,0.0002,-0.01
T12982,Legal principles and applications,50,63,13,0.0002,0.0003,0.01
T10277,Vitamin D Research Studies,68,44,-24,0.0003,0.0002,-0.01
T11209,Cardiovascular and exercise physiology,37,75,38,0.0002,0.0004,0.02
T11455,Microbial Inactivation Methods,64,48,-16,0.0003,0.0002,-0.01
T11902,Intelligent Tutoring Systems and Adaptive Learning,45,67,22,0.0002,0.0003,0.01
T12237,Congenital gastrointestinal and neural anomalies,65,47,-18,0.0003,0.0002,-0.01
T12264,Tissue Engineering and Regenerative Medicine,35,77,42,0.0002,0.0004,0.02
T12814,Gaussian Processes and Bayesian Inference,55,57,2,0.0003,0.0003,0.0
T13102,Soil and Environmental Studies,0,112,112,0.0,0.0006,0.06
T10049,Magnetic properties of thin films,70,41,-29,0.0003,0.0002,-0.01
T11187,Nonlinear Dynamics and Pattern Formation,70,41,-29,0.0003,0.0002,-0.01
T11388,"Grief, Bereavement, and Mental Health",75,36,-39,0.0004,0.0002,-0.02
T11761,Resilience and Mental Health,68,43,-25,0.0003,0.0002,-0.01
T11853,Semiconductor materials and interfaces,32,79,47,0.0002,0.0004,0.02
T11872,Barrier Structure and Function Studies,51,60,9,0.0003,0.0003,0.0
T13745,Media and Digital Communication,15,96,81,0.0001,0.0005,0.04
T10702,Insect and Arachnid Ecology and Behavior,69,41,-28,0.0003,0.0002,-0.01
T10748,Growth Hormone and Insulin-like Growth Factors,55,55,0,0.0003,0.0003,0.0
T12097,Aquatic Invertebrate Ecology and Behavior,99,11,-88,0.0005,0.0001,-0.04
T12767,Conflict of Laws and Jurisdiction,57,53,-4,0.0003,0.0003,-0.0
T13851,"Law, AI, and Intellectual Property",64,46,-18,0.0003,0.0002,-0.01
T13911,"Employment, Labor, and Gender Studies",3,107,104,0.0,0.0005,0.05
T14006,"Linguistics, Language Diversity, and Identity",55,55,0,0.0003,0.0003,0.0
T10266,Plant Water Relations and Carbon Dynamics,79,30,-49,0.0004,0.0001,-0.02
T10302,Fish Ecology and Management Studies,80,29,-51,0.0004,0.0001,-0.03
T11095,Emergency and Acute Care Studies,55,54,-1,0.0003,0.0003,-0.0
T11324,Spectroscopy Techniques in Biomedical and Chemical Research,44,65,21,0.0002,0.0003,0.01
T11989,Oxidative Organic Chemistry Reactions,61,48,-13,0.0003,0.0002,-0.01
T14432,Freedom of Expression and Defamation,23,86,63,0.0001,0.0004,0.03
T10324,Microbial bioremediation and biosurfactants,43,65,22,0.0002,0.0003,0.01
T11244,Climate Change and Health Impacts,86,22,-64,0.0004,0.0001,-0.03
T12823,Adolescent and Pediatric Healthcare,66,42,-24,0.0003,0.0002,-0.01
T14437,Ethics and Legal Issues in Pediatric Healthcare,63,45,-18,0.0003,0.0002,-0.01
T10230,Marine and fisheries research,58,49,-9,0.0003,0.0002,-0.0
T10505,Pluripotent Stem Cells Research,43,64,21,0.0002,0.0003,0.01
T11927,Plant Reproductive Biology,53,54,1,0.0003,0.0003,0.0
T10423,Neurobiology and Insect Physiology Research,87,19,-68,0.0004,0.0001,-0.03
T10948,Advanced Combinatorial Mathematics,48,58,10,0.0002,0.0003,0.0
T10992,Forensic Anthropology and Bioarchaeology Studies,47,59,12,0.0002,0.0003,0.01
T10775,Generative Adversarial Networks and Image Synthesis,57,48,-9,0.0003,0.0002,-0.0
T10961,Hernia repair and management,56,49,-7,0.0003,0.0002,-0.0
T11556,"Poverty, Education, and Child Welfare",75,30,-45,0.0004,0.0001,-0.02
T11948,Machine Learning in Materials Science,65,40,-25,0.0003,0.0002,-0.01
T12064,Intraperitoneal and Appendiceal Malignancies,61,44,-17,0.0003,0.0002,-0.01
T12444,"Art, Politics, and Modernism",31,74,43,0.0002,0.0004,0.02
T10304,Geometric and Algebraic Topology,44,60,16,0.0002,0.0003,0.01
T10510,Stroke Rehabilitation and Recovery,57,47,-10,0.0003,0.0002,-0.0
T10764,Privacy-Preserving Technologies in Data,49,55,6,0.0002,0.0003,0.0
T11260,Tracheal and airway disorders,65,39,-26,0.0003,0.0002,-0.01
T11719,Data Quality and Management,74,30,-44,0.0004,0.0001,-0.02
T12789,Planarian Biology and Electrostimulation,60,44,-16,0.0003,0.0002,-0.01
T11166,Analytic Number Theory Research,35,68,33,0.0002,0.0003,0.02
T11692,Noise Effects and Management,51,52,1,0.0003,0.0003,0.0
T11862,"Agriculture, Land Use, Rural Development",48,55,7,0.0002,0.0003,0.0
T12014,"Fish biology, ecology, and behavior",65,38,-27,0.0003,0.0002,-0.01
T10641,Central Venous Catheters and Hemodialysis,54,48,-6,0.0003,0.0002,-0.0
T10815,Parasite Biology and Host Interactions,69,33,-36,0.0003,0.0002,-0.02
T10923,Force Microscopy Techniques and Applications,62,40,-22,0.0003,0.0002,-0.01
T11130,Coding theory and cryptography,54,48,-6,0.0003,0.0002,-0.0
T11161,Consumer Market Behavior and Pricing,58,44,-14,0.0003,0.0002,-0.01
T11329,Limits and Structures in Graph Theory,52,50,-2,0.0003,0.0002,-0.0
T11439,Video Analysis and Summarization,51,51,0,0.0003,0.0003,0.0
T11497,Interprofessional Education and Collaboration,50,52,2,0.0002,0.0003,0.0
T11737,Advanced Materials and Mechanics,38,64,26,0.0002,0.0003,0.01
T11841,Nuclear Structure and Function,47,55,8,0.0002,0.0003,0.0
T13147,Ethics and bioethics in healthcare,2,100,98,0.0,0.0005,0.05
T13702,Machine Learning in Healthcare,60,42,-18,0.0003,0.0002,-0.01
T10876,Fault Detection and Control Systems,72,29,-43,0.0004,0.0001,-0.02
T11259,Agriculture Sustainability and Environmental Impact,52,49,-3,0.0003,0.0002,-0.0
T11570,Periodontal Regeneration and Treatments,59,42,-17,0.0003,0.0002,-0.01
T11639,Mental Health and Patient Involvement,57,44,-13,0.0003,0.0002,-0.01
T11919,dental development and anomalies,31,70,39,0.0002,0.0003,0.02
T12134,Insect symbiosis and bacterial influences,62,39,-23,0.0003,0.0002,-0.01
T12632,Visual Culture and Art Theory,44,57,13,0.0002,0.0003,0.01
T12981,Conservation Techniques and Studies,43,58,15,0.0002,0.0003,0.01
T10109,Paleontology and Stratigraphy of Fossils,33,67,34,0.0002,0.0003,0.02
T10392,Cutaneous Melanoma Detection and Management,52,48,-4,0.0003,0.0002,-0.0
T10495,Catalysts for Methane Reforming,34,66,32,0.0002,0.0003,0.02
T10499,Folate and B Vitamins Research,58,42,-16,0.0003,0.0002,-0.01
T10856,Intellectual Property and Patents,40,60,20,0.0002,0.0003,0.01
T11024,Information Systems Theories and Implementation,54,46,-8,0.0003,0.0002,-0.0
T11163,Organ Donation and Transplantation,52,48,-4,0.0003,0.0002,-0.0
T11958,Dental Erosion and Treatment,52,48,-4,0.0003,0.0002,-0.0
T12151,Interpreting and Communication in Healthcare,60,40,-20,0.0003,0.0002,-0.01
T13914,European Cultural and National Identity,31,69,38,0.0002,0.0003,0.02
T14185,"Research, Science, and Academia",1,99,98,0.0,0.0005,0.05
T14386,"Libraries, Manuscripts, and Books",2,98,96,0.0,0.0005,0.05
T10546,Higher Education Governance and Development,38,61,23,0.0002,0.0003,0.01
T10593,Bacterial biofilms and quorum sensing,43,56,13,0.0002,0.0003,0.01
T10942,"Sports, Gender, and Society",60,39,-21,0.0003,0.0002,-0.01
T11237,Plant Gene Expression Analysis,45,54,9,0.0002,0.0003,0.0
T11754,SARS-CoV-2 detection and testing,50,49,-1,0.0002,0.0002,-0.0
T11892,Kawasaki Disease and Coronary Complications,52,47,-5,0.0003,0.0002,-0.0
T12400,Neurogenetic and Muscular Disorders Research,56,43,-13,0.0003,0.0002,-0.01
T12872,Philippine History and Culture,79,20,-59,0.0004,0.0001,-0.03
T14134,Medical and Biological Sciences,37,62,25,0.0002,0.0003,0.01
T14259,Legal Rights and Human Rights,3,96,93,0.0,0.0005,0.05
T10813,Sport Psychology and Performance,42,56,14,0.0002,0.0003,0.01
T11068,Tendon Structure and Treatment,59,39,-20,0.0003,0.0002,-0.01
T11351,Catalysis and Hydrodesulfurization Studies,61,37,-24,0.0003,0.0002,-0.01
T11532,Chemokine receptors and signaling,51,47,-4,0.0003,0.0002,-0.0
T11888,Gender Roles and Identity Studies,56,42,-14,0.0003,0.0002,-0.01
T12010,Evaluation and Performance Assessment,67,31,-36,0.0003,0.0002,-0.02
T12457,Ecocriticism and Environmental Literature,33,65,32,0.0002,0.0003,0.02
T12749,"Race, Genetics, and Society",63,35,-28,0.0003,0.0002,-0.01
T13574,Family Support in Illness,56,42,-14,0.0003,0.0002,-0.01
T10251,Solar and Space Plasma Dynamics,62,35,-27,0.0003,0.0002,-0.01
T10666,Photonic Crystals and Applications,52,45,-7,0.0003,0.0002,-0.0
T10976,Viral gastroenteritis research and epidemiology,60,37,-23,0.0003,0.0002,-0.01
T11362,Membrane Separation and Gas Transport,33,64,31,0.0002,0.0003,0.02
T11415,Noncommutative and Quantum Gravity Theories,41,56,15,0.0002,0.0003,0.01
T11460,Analytical Methods in Pharmaceuticals,24,73,49,0.0001,0.0004,0.02
T12006,Ergonomics and Musculoskeletal Disorders,27,70,43,0.0001,0.0003,0.02
T12194,Cultural Competency in Health Care,33,64,31,0.0002,0.0003,0.02
T12223,Leptospirosis research and findings,50,47,-3,0.0002,0.0002,-0.0
T12853,Historical Geography and Geographical Thought,32,65,33,0.0002,0.0003,0.02
T13222,"Caribbean history, culture, and politics",51,46,-5,0.0003,0.0002,-0.0
T13379,"Multiculturalism, Politics, Migration, Gender",55,42,-13,0.0003,0.0002,-0.01
T10164,Quality and Supply Management,54,42,-12,0.0003,0.0002,-0.01
T10331,Video Surveillance and Tracking Methods,45,51,6,0.0002,0.0003,0.0
T10982,Motor Control and Adaptation,22,74,52,0.0001,0.0004,0.03
T11960,Relativity and Gravitational Theory,45,51,6,0.0002,0.0003,0.0
T12167,Bacterial Identification and Susceptibility Testing,39,57,18,0.0002,0.0003,0.01
T12777,"Philosophy, History, and Historiography",22,74,52,0.0001,0.0004,0.03
T13275,Medical and Health Sciences Research,28,68,40,0.0001,0.0003,0.02
T13370,Diverse Scientific and Economic Studies,94,2,-92,0.0005,0.0,-0.05
T10721,Surfactants and Colloidal Systems,33,62,29,0.0002,0.0003,0.01
T11962,Cardiac Fibrosis and Remodeling,45,50,5,0.0002,0.0002,0.0
T12422,Radiomics and Machine Learning in Medical Imaging,65,30,-35,0.0003,0.0001,-0.02
T12648,Academic Writing and Publishing,43,52,9,0.0002,0.0003,0.0
T13035,Human Rights and Development,85,10,-75,0.0004,0.0,-0.04
T10190,Air Quality and Health Impacts,56,38,-18,0.0003,0.0002,-0.01
T10492,Microtubule and mitosis dynamics,52,42,-10,0.0003,0.0002,-0.0
T10716,Soil and Unsaturated Flow,45,49,4,0.0002,0.0002,0.0
T11211,3D Surveying and Cultural Heritage,41,53,12,0.0002,0.0003,0.01
T11462,Museums and Cultural Heritage,49,45,-4,0.0002,0.0002,-0.0
T11885,MRI in cancer diagnosis,47,47,0,0.0002,0.0002,0.0
T11964,Pregnancy and Medication Impact,51,43,-8,0.0003,0.0002,-0.0
T11977,Technology Use by Older Adults,31,63,32,0.0002,0.0003,0.02
T12509,Corporate Insolvency and Governance,36,58,22,0.0002,0.0003,0.01
T13055,Global Security and Public Health,75,19,-56,0.0004,0.0001,-0.03
T13107,Congenital limb and hand anomalies,33,61,28,0.0002,0.0003,0.01
T10014,Plant Stress Responses and Tolerance,29,64,35,0.0001,0.0003,0.02
T10698,Transportation Planning and Optimization,39,54,15,0.0002,0.0003,0.01
T10884,Holomorphic and Operator Theory,36,57,21,0.0002,0.0003,0.01
T11041,Ubiquitin and proteasome pathways,61,32,-29,0.0003,0.0002,-0.01
T11058,Ethics in Business and Education,46,47,1,0.0002,0.0002,0.0
T11676,Parental Involvement in Education,65,28,-37,0.0003,0.0001,-0.02
T11783,Turkey's Politics and Society,73,20,-53,0.0004,0.0001,-0.03
T11854,Laser-induced spectroscopy and plasma,54,39,-15,0.0003,0.0002,-0.01
T12263,Peacebuilding and International Security,42,51,9,0.0002,0.0003,0.0
T12521,Death Anxiety and Social Exclusion,58,35,-23,0.0003,0.0002,-0.01
T13991,Nuclear Receptors and Signaling,64,29,-35,0.0003,0.0001,-0.02
T10360,Fluid Dynamics and Turbulent Flows,44,48,4,0.0002,0.0002,0.0
T10731,Educational Games and Gamification,39,53,14,0.0002,0.0003,0.01
T11184,Neonatal and fetal brain pathology,61,31,-30,0.0003,0.0002,-0.01
T11279,Lanthanide and Transition Metal Complexes,60,32,-28,0.0003,0.0002,-0.01
T11576,IgG4-Related and Inflammatory Diseases,52,40,-12,0.0003,0.0002,-0.01
T11831,Chemical Synthesis and Reactions,48,44,-4,0.0002,0.0002,-0.0
T10297,Philosophical Ethics and Theory,29,62,33,0.0001,0.0003,0.02
T10391,Healthcare Policy and Management,66,25,-41,0.0003,0.0001,-0.02
T10615,Granular flow and fluidized beds,50,41,-9,0.0002,0.0002,-0.0
T10738,Posthumanist Ethics and Activism,49,42,-7,0.0002,0.0002,-0.0
T10809,Occupational Health and Safety Research,77,14,-63,0.0004,0.0001,-0.03
T11075,Insect Resistance and Genetics,43,48,5,0.0002,0.0002,0.0
T11414,Quantum optics and atomic interactions,39,52,13,0.0002,0.0003,0.01
T11689,Adversarial Robustness in Machine Learning,48,43,-5,0.0002,0.0002,-0.0
T12353,Lexicography and Language Studies,61,30,-31,0.0003,0.0001,-0.02
T12851,Firm Innovation and Growth,53,38,-15,0.0003,0.0002,-0.01
T12970,"Names, Identity, and Discrimination Research",42,49,7,0.0002,0.0002,0.0
T13068,Ancient Mediterranean Archaeology and History,35,56,21,0.0002,0.0003,0.01
T13555,"Healthcare cost, quality, practices",51,40,-11,0.0003,0.0002,-0.01
T14457,Intellectual Property Rights and Media,5,86,81,0.0,0.0004,0.04
T10347,Atmospheric aerosols and clouds,53,37,-16,0.0003,0.0002,-0.01
T10625,Herpesvirus Infections and Treatments,47,43,-4,0.0002,0.0002,-0.0
T10835,Carbohydrate Chemistry and Synthesis,53,37,-16,0.0003,0.0002,-0.01
T10967,Carbon Dioxide Capture Technologies,50,40,-10,0.0002,0.0002,-0.0
T11508,Corporate Taxation and Avoidance,57,33,-24,0.0003,0.0002,-0.01
T11679,Craniofacial Disorders and Treatments,48,42,-6,0.0002,0.0002,-0.0
T11832,Doctoral Education Challenges and Solutions,15,75,60,0.0001,0.0004,0.03
T12110,Bone and Dental Protein Studies,75,15,-60,0.0004,0.0001,-0.03
T12251,Synthesis and Catalytic Reactions,52,38,-14,0.0003,0.0002,-0.01
T12552,Fetal and Pediatric Neurological Disorders,50,40,-10,0.0002,0.0002,-0.0
T13029,South Asian Studies and Conflicts,65,25,-40,0.0003,0.0001,-0.02
T13146,Sustainable Finance and Green Bonds,23,67,44,0.0001,0.0003,0.02
T13186,Russia and Soviet political economy,49,41,-8,0.0002,0.0002,-0.0
T13199,Digestive system and related health,46,44,-2,0.0002,0.0002,-0.0
T13252,Sex and Gender in Healthcare,45,45,0,0.0002,0.0002,0.0
T13625,Journalism and Media Studies,1,89,88,0.0,0.0004,0.04
T10555,Fire effects on ecosystems,38,51,13,0.0002,0.0003,0.01
T10692,Urban Green Space and Health,49,40,-9,0.0002,0.0002,-0.0
T10899,Advanced Operator Algebra Research,40,49,9,0.0002,0.0002,0.0
T11292,Pediatric Pain Management Techniques,56,33,-23,0.0003,0.0002,-0.01
T11298,Synthesis and Properties of Aromatic Compounds,31,58,27,0.0002,0.0003,0.01
T11445,Origins and Evolution of Life,54,35,-19,0.0003,0.0002,-0.01
T11463,Classical Philosophy and Thought,61,28,-33,0.0003,0.0001,-0.02
T12514,Fashion and Cultural Textiles,43,46,3,0.0002,0.0002,0.0
T12735,Blood donation and transfusion practices,46,43,-3,0.0002,0.0002,-0.0
T12836,History and Developments in Astronomy,47,42,-5,0.0002,0.0002,-0.0
T13141,Statistical Methods and Applications,6,83,77,0.0,0.0004,0.04
T13308,Cybernetics and Technology in Society,16,73,57,0.0001,0.0004,0.03
T13558,"Philosophy, Science, and History",34,55,21,0.0002,0.0003,0.01
T13938,Historical and Contemporary Political Dynamics,69,20,-49,0.0003,0.0001,-0.02
T13993,Historical Geopolitical and Social Dynamics,76,13,-63,0.0004,0.0001,-0.03
T10001,Geological and Geochemical Analysis,43,45,2,0.0002,0.0002,0.0
T10556,Global Cancer Incidence and Screening,52,36,-16,0.0003,0.0002,-0.01
T11013,Skin Protection and Aging,47,41,-6,0.0002,0.0002,-0.0
T11146,Hormonal and reproductive studies,60,28,-32,0.0003,0.0001,-0.02
T11265,Aging and Gerontology Research,37,51,14,0.0002,0.0003,0.01
T12542,Second Language Learning and Teaching,54,34,-20,0.0003,0.0002,-0.01
T12850,Field-Flow Fractionation Techniques,48,40,-8,0.0002,0.0002,-0.0
T14140,Elite Sociology and Global Capitalism,45,43,-2,0.0002,0.0002,-0.0
T10618,Aortic Disease and Treatment Approaches,50,37,-13,0.0002,0.0002,-0.01
T10802,Judicial and Constitutional Studies,45,42,-3,0.0002,0.0002,-0.0
T10826,Behavioral and Psychological Studies,61,26,-35,0.0003,0.0001,-0.02
T13297,History and advancements in chemistry,83,4,-79,0.0004,0.0,-0.04
T10793,Diabetes Management and Education,51,35,-16,0.0003,0.0002,-0.01
T11668,interferon and immune responses,45,41,-4,0.0002,0.0002,-0.0
T12015,Photoacoustic and Ultrasonic Imaging,55,31,-24,0.0003,0.0002,-0.01
T12128,AI in Service Interactions,47,39,-8,0.0002,0.0002,-0.0
T12230,Cardiovascular Issues in Pregnancy,54,32,-22,0.0003,0.0002,-0.01
T12303,Tensor decomposition and applications,26,60,34,0.0001,0.0003,0.02
T12504,Mathematics and Applications,55,31,-24,0.0003,0.0002,-0.01
T13736,Steroid Chemistry and Biochemistry,37,49,12,0.0002,0.0002,0.01
T14374,Statistical Methods in Epidemiology,5,81,76,0.0,0.0004,0.04
T14393,"Health, Environment, Cognitive Aging",73,13,-60,0.0004,0.0001,-0.03
T10318,Criminal Justice and Corrections Analysis,60,25,-35,0.0003,0.0001,-0.02
T10494,Plant Virus Research Studies,54,31,-23,0.0003,0.0002,-0.01
T10661,biodegradable polymer synthesis and properties,36,49,13,0.0002,0.0002,0.01
T11100,Intermetallics and Advanced Alloy Properties,37,48,11,0.0002,0.0002,0.01
T11199,Pain Management and Opioid Use,40,45,5,0.0002,0.0002,0.0
T11311,Soil and Water Nutrient Dynamics,56,29,-27,0.0003,0.0001,-0.01
T11482,RNA modifications and cancer,80,5,-75,0.0004,0.0,-0.04
T11730,Autoimmune Bullous Skin Diseases,57,28,-29,0.0003,0.0001,-0.01
T11893,German Literature and Culture Studies,34,51,17,0.0002,0.0003,0.01
T12231,Contemporary Sociological Theory and Practice,31,54,23,0.0002,0.0003,0.01
T12545,Global Education and Multiculturalism,65,20,-45,0.0003,0.0001,-0.02
T12672,Phagocytosis and Immune Regulation,49,36,-13,0.0002,0.0002,-0.01
T10139,Heavy metals in environment,50,34,-16,0.0002,0.0002,-0.01
T10196,Pain Mechanisms and Treatments,46,38,-8,0.0002,0.0002,-0.0
T10643,Marine and coastal plant biology,57,27,-30,0.0003,0.0001,-0.01
T10956,Fullerene Chemistry and Applications,44,40,-4,0.0002,0.0002,-0.0
T10965,Geological formations and processes,21,63,42,0.0001,0.0003,0.02
T11164,Remote Sensing and LiDAR Applications,44,40,-4,0.0002,0.0002,-0.0
T11293,Orthopedic Infections and Treatments,44,40,-4,0.0002,0.0002,-0.0
T11865,Anorectal Disease Treatments and Outcomes,51,33,-18,0.0003,0.0002,-0.01
T12781,Global Health Care Issues,82,2,-80,0.0004,0.0,-0.04
T10628,China's Socioeconomic Reforms and Governance,49,34,-15,0.0002,0.0002,-0.01
T10904,Embedded Systems Design Techniques,37,46,9,0.0002,0.0002,0.0
T10930,Flood Risk Assessment and Management,47,36,-11,0.0002,0.0002,-0.01
T10953,E-Government and Public Services,39,44,5,0.0002,0.0002,0.0
T11000,Infection Control in Healthcare,27,56,29,0.0001,0.0003,0.01
T11120,Nonprofit Sector and Volunteering,33,50,17,0.0002,0.0002,0.01
T11253,Nail Diseases and Treatments,41,42,1,0.0002,0.0002,0.0
T11506,Children's Rights and Participation,38,45,7,0.0002,0.0002,0.0
T11641,Insect and Pesticide Research,71,12,-59,0.0004,0.0001,-0.03
T12324,History of Medicine Studies,28,55,27,0.0001,0.0003,0.01
T14170,Classical Studies and Philology,8,75,67,0.0,0.0004,0.03
T14448,EU Law and Policy Analysis,36,47,11,0.0002,0.0002,0.01
T10141,Probiotics and Fermented Foods,44,38,-6,0.0002,0.0002,-0.0
T10478,Diamond and Carbon-based Materials Research,53,29,-24,0.0003,0.0001,-0.01
T10849,Finite Group Theory Research,38,44,6,0.0002,0.0002,0.0
T10854,Bipolar Disorder and Treatment,44,38,-6,0.0002,0.0002,-0.0
T10870,Interstitial Lung Diseases and Idiopathic Pulmonary Fibrosis,39,43,4,0.0002,0.0002,0.0
T11137,Historical Philosophy and Science,34,48,14,0.0002,0.0002,0.01
T11827,Polyomavirus and related diseases,43,39,-4,0.0002,0.0002,-0.0
T11993,Atomic and Subatomic Physics Research,63,19,-44,0.0003,0.0001,-0.02
T12503,Social Acceptance of Renewable Energy,46,36,-10,0.0002,0.0002,-0.0
T12547,Pharmaceutical studies and practices,53,29,-24,0.0003,0.0001,-0.01
T12616,Religious Education and Schools,58,24,-34,0.0003,0.0001,-0.02
T13092,Environmental Chemistry and Analysis,32,50,18,0.0002,0.0002,0.01
T13404,Geological and Tectonic Studies in Latin America,53,29,-24,0.0003,0.0001,-0.01
T14062,Migration and Exile Studies,4,78,74,0.0,0.0004,0.04
T14400,Medical Coding and Health Information,31,51,20,0.0002,0.0003,0.01
T10260,Software Engineering Research,44,37,-7,0.0002,0.0002,-0.0
T10405,Advanced Polymer Synthesis and Characterization,34,47,13,0.0002,0.0002,0.01
T10652,Racial and Ethnic Identity Research,32,49,17,0.0002,0.0002,0.01
T10673,Gestational Diabetes Research and Management,60,21,-39,0.0003,0.0001,-0.02
T11162,Enzyme Structure and Function,40,41,1,0.0002,0.0002,0.0
T11426,Genetically Modified Organisms Research,36,45,9,0.0002,0.0002,0.0
T11537,Ethics in medical practice,59,22,-37,0.0003,0.0001,-0.02
T11625,Abdominal vascular conditions and treatments,24,57,33,0.0001,0.0003,0.02
T11798,Optimal Experimental Design Methods,44,37,-7,0.0002,0.0002,-0.0
T11852,Clay minerals and soil interactions,51,30,-21,0.0003,0.0001,-0.01
T14395,African history and culture studies,50,31,-19,0.0002,0.0002,-0.01
T10238,Spine and Intervertebral Disc Pathology,38,42,4,0.0002,0.0002,0.0
T11358,Dysphagia Assessment and Management,45,35,-10,0.0002,0.0002,-0.0
T11441,Organoboron and organosilicon chemistry,44,36,-8,0.0002,0.0002,-0.0
T12072,Machine Learning and Algorithms,52,28,-24,0.0003,0.0001,-0.01
T12392,Sharing Economy and Platforms,54,26,-28,0.0003,0.0001,-0.01
T13641,Historical Studies and Socio-cultural Analysis,69,11,-58,0.0003,0.0001,-0.03
T14005,Eastern European Communism and Reforms,55,25,-30,0.0003,0.0001,-0.01
T10329,Thyroid Cancer Diagnosis and Treatment,42,37,-5,0.0002,0.0002,-0.0
T11054,Adrenal and Paraganglionic Tumors,37,42,5,0.0002,0.0002,0.0
T11077,Genetic and Clinical Aspects of Sex Determination and Chromosomal Abnormalities,52,27,-25,0.0003,0.0001,-0.01
T11373,Sleep and Work-Related Fatigue,41,38,-3,0.0002,0.0002,-0.0
T11474,Sport and Mega-Event Impacts,72,7,-65,0.0004,0.0,-0.03
T12228,Coordination Chemistry and Organometallics,36,43,7,0.0002,0.0002,0.0
T12421,Adrenal Hormones and Disorders,38,41,3,0.0002,0.0002,0.0
T12478,Wikis in Education and Collaboration,45,34,-11,0.0002,0.0002,-0.01
T12640,Environmental DNA in Biodiversity Studies,46,33,-13,0.0002,0.0002,-0.01
T13198,"Historical, Religious, and Philosophical Studies",43,36,-7,0.0002,0.0002,-0.0
T13296,Physical Education and Sports Studies,3,76,73,0.0,0.0004,0.04
T13309,Reliability and Agreement in Measurement,35,44,9,0.0002,0.0002,0.0
T13487,Statistical and numerical algorithms,24,55,31,0.0001,0.0003,0.02
T10157,Sports Performance and Training,43,35,-8,0.0002,0.0002,-0.0
T10317,Advanced Database Systems and Queries,35,43,8,0.0002,0.0002,0.0
T11206,Model Reduction and Neural Networks,35,43,8,0.0002,0.0002,0.0
T11650,Skin and Cellular Biology Research,43,35,-8,0.0002,0.0002,-0.0
T12073,Isotope Analysis in Ecology,58,20,-38,0.0003,0.0001,-0.02
T12339,Medical Malpractice and Liability Issues,46,32,-14,0.0002,0.0002,-0.01
T13774,Citizenship Education and Democracy,0,78,78,0.0,0.0004,0.04
T13979,Communication and COVID-19 Impact,5,73,68,0.0,0.0004,0.03
T10550,Ovarian cancer diagnosis and treatment,35,42,7,0.0002,0.0002,0.0
T10686,Effects and risks of endocrine disrupting chemicals,44,33,-11,0.0002,0.0002,-0.01
T11042,Corruption and Economic Development,40,37,-3,0.0002,0.0002,-0.0
T11268,Light effects on plants,44,33,-11,0.0002,0.0002,-0.01
T11438,Retinal Imaging and Analysis,41,36,-5,0.0002,0.0002,-0.0
T11479,Smart Cities and Technologies,31,46,15,0.0002,0.0002,0.01
T11933,Mining and Resource Management,47,30,-17,0.0002,0.0001,-0.01
T11934,Syphilis Diagnosis and Treatment,44,33,-11,0.0002,0.0002,-0.01
T11984,Anatomy and Medical Technology,23,54,31,0.0001,0.0003,0.02
T12012,Diatoms and Algae Research,65,12,-53,0.0003,0.0001,-0.03
T10532,Molecular Sensors and Ion Detection,61,15,-46,0.0003,0.0001,-0.02
T10997,Ocular Surface and Contact Lens,44,32,-12,0.0002,0.0002,-0.01
T11456,Neuroscience of respiration and sleep,54,22,-32,0.0003,0.0001,-0.02
T11956,Sexual Differentiation and Disorders,36,40,4,0.0002,0.0002,0.0
T12327,Various Chemistry Research Topics,60,16,-44,0.0003,0.0001,-0.02
T12650,Aesthetic Perception and Analysis,47,29,-18,0.0002,0.0001,-0.01
T13002,Southeast Asian Sociopolitical Studies,67,9,-58,0.0003,0.0,-0.03
T13709,Education in Diverse Contexts,76,0,-76,0.0004,0.0,-0.04
T10093,Nuclear physics research studies,23,52,29,0.0001,0.0003,0.01
T10803,Innovative Human-Technology Interaction,42,33,-9,0.0002,0.0002,-0.0
T10869,Polysaccharides and Plant Cell Walls,43,32,-11,0.0002,0.0002,-0.01
T10928,Probabilistic and Robust Engineering Design,47,28,-19,0.0002,0.0001,-0.01
T11142,Advanced Glycation End Products research,45,30,-15,0.0002,0.0001,-0.01
T11288,Clostridium difficile and Clostridium perfringens research,46,29,-17,0.0002,0.0001,-0.01
T11596,Constraint Satisfaction and Optimization,47,28,-19,0.0002,0.0001,-0.01
T11674,Sports Analytics and Performance,44,31,-13,0.0002,0.0002,-0.01
T11891,Big Data and Business Intelligence,66,9,-57,0.0003,0.0,-0.03
T12144,"Colonialism, slavery, and trade",35,40,5,0.0002,0.0002,0.0
T12172,Neutropenia and Cancer Infections,34,41,7,0.0002,0.0002,0.0
T12364,Archaeological Research and Protection,44,31,-13,0.0002,0.0002,-0.01
T12415,Employer Branding and e-HRM,30,45,15,0.0001,0.0002,0.01
T12961,Regional Development and Policy,61,14,-47,0.0003,0.0001,-0.02
T13445,American Constitutional Law and Politics,73,2,-71,0.0004,0.0,-0.04
T13841,Psychology of Social Influence,32,43,11,0.0002,0.0002,0.01
T13944,Psychiatric care and mental health services,27,48,21,0.0001,0.0002,0.01
T10055,Diverse Aspects of Tourism Research,26,48,22,0.0001,0.0002,0.01
T10649,Multiple Myeloma Research and Treatments,38,36,-2,0.0002,0.0002,-0.0
T10724,Ion Transport and Channel Regulation,21,53,32,0.0001,0.0003,0.02
T10726,Career Development and Diversity,19,55,36,0.0001,0.0003,0.02
T10757,Geographic Information Systems Studies,44,30,-14,0.0002,0.0001,-0.01
T10857,Advanced Electron Microscopy Techniques and Applications,28,46,18,0.0001,0.0002,0.01
T10934,Heat shock proteins research,35,39,4,0.0002,0.0002,0.0
T11339,"Metabolism, Diabetes, and Cancer",27,47,20,0.0001,0.0002,0.01
T11399,Muscle metabolism and nutrition,57,17,-40,0.0003,0.0001,-0.02
T11551,Infective Endocarditis Diagnosis and Management,36,38,2,0.0002,0.0002,0.0
T11567,semigroups and automata theory,24,50,26,0.0001,0.0002,0.01
T12039,Electron and X-Ray Spectroscopy Techniques,52,22,-30,0.0003,0.0001,-0.01
T12202,nanoparticles nucleation surface interactions,40,34,-6,0.0002,0.0002,-0.0
T12359,Fern and Epiphyte Biology,40,34,-6,0.0002,0.0002,-0.0
T12373,Linguistic research and analysis,62,12,-50,0.0003,0.0001,-0.02
T12860,Family and Patient Care in Intensive Care Units,43,31,-12,0.0002,0.0002,-0.01
T13215,Global Maritime and Colonial Histories,61,13,-48,0.0003,0.0001,-0.02
T10512,Orthopaedic implants and arthroplasty,39,34,-5,0.0002,0.0002,-0.0
T11059,Market Dynamics and Volatility,55,18,-37,0.0003,0.0001,-0.02
T11076,Policing Practices and Perceptions,32,41,9,0.0002,0.0002,0.0
T11499,ICT Impact and Policies,47,26,-21,0.0002,0.0001,-0.01
T11509,Hip and Femur Fractures,39,34,-5,0.0002,0.0002,-0.0
T11974,Lepidoptera: Biology and Taxonomy,38,35,-3,0.0002,0.0002,-0.0
T12075,Sodium Intake and Health,37,36,-1,0.0002,0.0002,-0.0
T12210,Policy Transfer and Learning,35,38,3,0.0002,0.0002,0.0
T12321,Insect Pheromone Research and Control,23,50,27,0.0001,0.0002,0.01
T12341,Spanish Linguistics and Language Studies,45,28,-17,0.0002,0.0001,-0.01
T12568,Plant Taxonomy and Phylogenetics,50,23,-27,0.0002,0.0001,-0.01
T12610,RNA regulation and disease,63,10,-53,0.0003,0.0,-0.03
T12659,Innovation Diffusion and Forecasting,40,33,-7,0.0002,0.0002,-0.0
T12663,Body Image and Dysmorphia Studies,46,27,-19,0.0002,0.0001,-0.01
T12806,Ocean Acidification Effects and Responses,42,31,-11,0.0002,0.0002,-0.01
T13170,Discrimination and Equality Law,37,36,-1,0.0002,0.0002,-0.0
T10078,Advanced Photocatalysis Techniques,39,33,-6,0.0002,0.0002,-0.0
T10162,Online and Blended Learning,41,31,-10,0.0002,0.0002,-0.0
T10366,Discourse Analysis in Language Studies,47,25,-22,0.0002,0.0001,-0.01
T10381,Ophthalmology and Visual Impairment Studies,41,31,-10,0.0002,0.0002,-0.0
T10498,Migraine and Headache Studies,35,37,2,0.0002,0.0002,0.0
T10844,Radiation Dose and Imaging,27,45,18,0.0001,0.0002,0.01
T10973,Radioactive element chemistry and processing,44,28,-16,0.0002,0.0001,-0.01
T11510,Reproductive System and Pregnancy,38,34,-4,0.0002,0.0002,-0.0
T11673,Advanced Topics in Algebra,56,16,-40,0.0003,0.0001,-0.02
T12035,Pain Management and Placebo Effect,49,23,-26,0.0002,0.0001,-0.01
T12098,Rural development and sustainability,57,15,-42,0.0003,0.0001,-0.02
T12101,Advanced Bandit Algorithms Research,38,34,-4,0.0002,0.0002,-0.0
T12337,Italian Fascism and Post-war Society,65,7,-58,0.0003,0.0,-0.03
T12396,Advanced Differential Equations and Dynamical Systems,34,38,4,0.0002,0.0002,0.0
T12624,Maritime and Coastal Archaeology,48,24,-24,0.0002,0.0001,-0.01
T13739,Medieval and Early Modern Justice,16,56,40,0.0001,0.0003,0.02
T14399,Invertebrate Taxonomy and Ecology,25,47,22,0.0001,0.0002,0.01
T10079,Nanoparticles: synthesis and applications,40,31,-9,0.0002,0.0002,-0.0
T10201,Speech Recognition and Synthesis,33,38,5,0.0002,0.0002,0.0
T10275,2D Materials and Applications,26,45,19,0.0001,0.0002,0.01
T10525,Human-Automation Interaction and Safety,34,37,3,0.0002,0.0002,0.0
T11353,Venomous Animal Envenomation and Studies,11,60,49,0.0001,0.0003,0.02
T11794,Early Modern Spanish Literature,31,40,9,0.0002,0.0002,0.0
T11995,"FinTech, Crowdfunding, Digital Finance",34,37,3,0.0002,0.0002,0.0
T12220,Quantum Electrodynamics and Casimir Effect,50,21,-29,0.0002,0.0001,-0.01
T12476,Intraoperative Neuromonitoring and Anesthetic Effects,37,34,-3,0.0002,0.0002,-0.0
T12536,Topological and Geometric Data Analysis,42,29,-13,0.0002,0.0001,-0.01
T12619,Political Systems and Governance,42,29,-13,0.0002,0.0001,-0.01
T13883,Child and Adolescent Health,57,14,-43,0.0003,0.0001,-0.02
T14469,Renaissance Literature and Culture,19,52,33,0.0001,0.0003,0.02
T10433,Carcinogens and Genotoxicity Assessment,45,25,-20,0.0002,0.0001,-0.01
T10531,Advanced Vision and Imaging,47,23,-24,0.0002,0.0001,-0.01
T10599,Reconstructive Surgery and Microvascular Techniques,31,39,8,0.0002,0.0002,0.0
T10633,Metallic Glasses and Amorphous Alloys,44,26,-18,0.0002,0.0001,-0.01
T10871,Catalytic Alkyne Reactions,35,35,0,0.0002,0.0002,0.0
T10968,Statistical Distribution Estimation and Applications,26,44,18,0.0001,0.0002,0.01
T11396,Artificial Intelligence in Healthcare,17,53,36,0.0001,0.0003,0.02
T11412,Genetic and Kidney Cyst Diseases,43,27,-16,0.0002,0.0001,-0.01
T11492,Academic integrity and plagiarism,21,49,28,0.0001,0.0002,0.01
T11503,Cytokine Signaling Pathways and Interactions,34,36,2,0.0002,0.0002,0.0
T11581,Viral Infections and Outbreaks Research,52,18,-34,0.0003,0.0001,-0.02
T11971,"World Wars: History, Literature, and Impact",25,45,20,0.0001,0.0002,0.01
T12037,Algebraic and Geometric Analysis,40,30,-10,0.0002,0.0001,-0.0
T12295,"Foucault, Power, and Ethics",34,36,2,0.0002,0.0002,0.0
T12369,Pneumocystis jirovecii pneumonia detection and treatment,54,16,-38,0.0003,0.0001,-0.02
T12656,"Climate Change, Adaptation, Migration",56,14,-42,0.0003,0.0001,-0.02
T12668,Yeasts and Rust Fungi Studies,27,43,16,0.0001,0.0002,0.01
T12893,Organic Chemistry Cycloaddition Reactions,49,21,-28,0.0002,0.0001,-0.01
T13342,Art History and Market Analysis,43,27,-16,0.0002,0.0001,-0.01
T13447,Educational and Psychological Assessments,65,5,-60,0.0003,0.0,-0.03
T10962,Thermodynamic properties of mixtures,28,41,13,0.0001,0.0002,0.01
T10975,Bone Tumor Diagnosis and Treatments,37,32,-5,0.0002,0.0002,-0.0
T11135,Virology and Viral Diseases,34,35,1,0.0002,0.0002,0.0
T11330,Systemic Sclerosis and Related Diseases,40,29,-11,0.0002,0.0001,-0.01
T11594,Tree-ring climate responses,28,41,13,0.0001,0.0002,0.01
T12057,Consumer Attitudes and Food Labeling,29,40,11,0.0001,0.0002,0.01
T12848,Psychological Testing and Assessment,23,46,23,0.0001,0.0002,0.01
T13032,COVID-19 Prevention and Impact,2,67,65,0.0,0.0003,0.03
T13402,Business Strategy and Innovation,54,15,-39,0.0003,0.0001,-0.02
T13522,Cardiovascular Health and Risk Factors,23,46,23,0.0001,0.0002,0.01
T10237,Cryptography and Data Security,32,36,4,0.0002,0.0002,0.0
T10470,Usability and User Interface Design,18,50,32,0.0001,0.0002,0.02
T10539,Sustainable Supply Chain Management,37,31,-6,0.0002,0.0002,-0.0
T10943,Escherichia coli research studies,35,33,-2,0.0002,0.0002,-0.0
T10954,Peripheral Nerve Disorders,30,38,8,0.0001,0.0002,0.0
T11009,Catalysis for Biomass Conversion,39,29,-10,0.0002,0.0001,-0.0
T11221,Bone health and treatments,52,16,-36,0.0003,0.0001,-0.02
T11990,Global Health Workforce Issues,21,47,26,0.0001,0.0002,0.01
T12646,Inorganic Fluorides and Related Compounds,61,7,-54,0.0003,0.0,-0.03
T13180,Chemistry and Chemical Engineering,47,21,-26,0.0002,0.0001,-0.01
T11086,Parasitic Infections and Diagnostics,40,27,-13,0.0002,0.0001,-0.01
T11274,Botulinum Toxin and Related Neurological Disorders,46,21,-25,0.0002,0.0001,-0.01
T11300,Global Educational Policies and Reforms,33,34,1,0.0002,0.0002,0.0
T11338,Advancements in Photolithography Techniques,31,36,5,0.0002,0.0002,0.0
T11593,Carbon dioxide utilization in catalysis,44,23,-21,0.0002,0.0001,-0.01
T11686,Dendrimers and Hyperbranched Polymers,37,30,-7,0.0002,0.0001,-0.0
T11967,Electrolyte and hormonal disorders,46,21,-25,0.0002,0.0001,-0.01
T12041,Public Health Policies and Education,21,46,25,0.0001,0.0002,0.01
T12471,History of Science and Natural History,18,49,31,0.0001,0.0002,0.02
T14115,Legal processes and jurisprudence,7,60,53,0.0,0.0003,0.03
T10328,Supply Chain and Inventory Management,27,39,12,0.0001,0.0002,0.01
T10875,Pesticide Exposure and Toxicity,27,39,12,0.0001,0.0002,0.01
T11139,"Gout, Hyperuricemia, Uric Acid",33,33,0,0.0002,0.0002,0.0
T11183,Advanced X-ray Imaging Techniques,28,38,10,0.0001,0.0002,0.0
T11207,Alcohol Consumption and Health Effects,38,28,-10,0.0002,0.0001,-0.0
T11381,Infectious Diseases and Tuberculosis,34,32,-2,0.0002,0.0002,-0.0
T11566,Laser Applications in Dentistry and Medicine,41,25,-16,0.0002,0.0001,-0.01
T11601,Neuroscience and Neural Engineering,44,22,-22,0.0002,0.0001,-0.01
T11715,Education and Critical Thinking Development,53,13,-40,0.0003,0.0001,-0.02
T11999,Empathy and Medical Education,50,16,-34,0.0002,0.0001,-0.02
T12205,Time Series Analysis and Forecasting,25,41,16,0.0001,0.0002,0.01
T12461,Narrative Theory and Analysis,19,47,28,0.0001,0.0002,0.01
T12892,Social Power and Status Dynamics,16,50,34,0.0001,0.0002,0.02
T13219,Mind wandering and attention,44,22,-22,0.0002,0.0001,-0.01
T13289,Infant Health and Development,49,17,-32,0.0002,0.0001,-0.02
T13948,Gender and Women's Rights,22,44,22,0.0001,0.0002,0.01
T11171,Diabetes and associated disorders,51,14,-37,0.0003,0.0001,-0.02
T11190,3D Printing in Biomedical Research,40,25,-15,0.0002,0.0001,-0.01
T11193,Adenosine and Purinergic Signaling,45,20,-25,0.0002,0.0001,-0.01
T11915,Pickering emulsions and particle stabilization,49,16,-33,0.0002,0.0001,-0.02
T12020,Enhanced Recovery After Surgery,35,30,-5,0.0002,0.0001,-0.0
T12030,S100 Proteins and Annexins,47,18,-29,0.0002,0.0001,-0.01
T12255,Biosimilars and Bioanalytical Methods,34,31,-3,0.0002,0.0002,-0.0
T12317,Actinomycetales infections and treatment,35,30,-5,0.0002,0.0001,-0.0
T12485,"Optimism, Hope, and Well-being",48,17,-31,0.0002,0.0001,-0.02
T13495,Biographical and Historical Analysis,1,64,63,0.0,0.0003,0.03
T14210,Historical and Linguistic Studies,60,5,-55,0.0003,0.0,-0.03
T10191,Robotics and Sensor-Based Localization,28,36,8,0.0001,0.0002,0.0
T10212,Electrochemical sensors and biosensors,39,25,-14,0.0002,0.0001,-0.01
T10245,Metamaterials and Metasurfaces Applications,28,36,8,0.0001,0.0002,0.0
T10583,Cancer-related Molecular Pathways,35,29,-6,0.0002,0.0001,-0.0
T10678,Inflammatory mediators and NSAID effects,34,30,-4,0.0002,0.0001,-0.0
T10830,Airway Management and Intubation Techniques,31,33,2,0.0002,0.0002,0.0
T10893,Chinese history and philosophy,33,31,-2,0.0002,0.0002,-0.0
T11155,Toxoplasma gondii Research Studies,31,33,2,0.0002,0.0002,0.0
T11291,Intraocular Surgery and Lenses,26,38,12,0.0001,0.0002,0.01
T11428,Advanced Mathematical Identities,25,39,14,0.0001,0.0002,0.01
T11436,Entomopathogenic Microorganisms in Pest Control,32,32,0,0.0002,0.0002,0.0
T11789,Land Rights and Reforms,31,33,2,0.0002,0.0002,0.0
T11880,Forest ecology and management,33,31,-2,0.0002,0.0002,-0.0
T11982,Rhetoric and Communication Studies,42,22,-20,0.0002,0.0001,-0.01
T11983,"Identity, Memory, and Therapy",47,17,-30,0.0002,0.0001,-0.01
T12053,Minimally Invasive Surgical Techniques,19,45,26,0.0001,0.0002,0.01
T12159,T-cell and Retrovirus Studies,43,21,-22,0.0002,0.0001,-0.01
T12397,Critical Theory and Philosophy,30,34,4,0.0001,0.0002,0.0
T12603,NMR spectroscopy and applications,51,13,-38,0.0003,0.0001,-0.02
T12989,Ocular Disorders and Treatments,29,35,6,0.0001,0.0002,0.0
T13192,Forensic Fingerprint Detection Methods,31,33,2,0.0002,0.0002,0.0
T13922,Historical Art and Culture Studies,31,33,2,0.0002,0.0002,0.0
T14162,Historical and Literary Studies,63,1,-62,0.0003,0.0,-0.03
T10567,Vehicle Routing Optimization Methods,32,31,-1,0.0002,0.0002,-0.0
T10601,Handwritten Text Recognition Techniques,33,30,-3,0.0002,0.0001,-0.0
T10947,Fluorine in Organic Chemistry,50,13,-37,0.0002,0.0001,-0.02
T10990,Infection Control and Ventilation,34,29,-5,0.0002,0.0001,-0.0
T11173,Neurofibromatosis and Schwannoma Cases,37,26,-11,0.0002,0.0001,-0.01
T11400,Motivation and Self-Concept in Sports,47,16,-31,0.0002,0.0001,-0.02
T11467,Trauma and Emergency Care Studies,32,31,-1,0.0002,0.0002,-0.0
T11591,NF-κB Signaling Pathways,32,31,-1,0.0002,0.0002,-0.0
T11881,Crystallization and Solubility Studies,21,42,21,0.0001,0.0002,0.01
T11944,Participatory Visual Research Methods,43,20,-23,0.0002,0.0001,-0.01
T12028,Knowledge Management and Sharing,42,21,-21,0.0002,0.0001,-0.01
T12229,Pharmacological Effects and Toxicity Studies,44,19,-25,0.0002,0.0001,-0.01
T12639,Global Energy and Sustainability Research,56,7,-49,0.0003,0.0,-0.02
T12786,Innovation and Socioeconomic Development,46,17,-29,0.0002,0.0001,-0.01
T12805,Cognitive Science and Mapping,62,1,-61,0.0003,0.0,-0.03
T13536,Psychological and Temporal Perspectives Research,40,23,-17,0.0002,0.0001,-0.01
T10486,Salmonella and Campylobacter epidemiology,31,31,0,0.0002,0.0002,0.0
T10960,Hypothalamic control of reproductive hormones,24,38,14,0.0001,0.0002,0.01
T11309,Music and Audio Processing,39,23,-16,0.0002,0.0001,-0.01
T11890,Scientific Measurement and Uncertainty Evaluation,38,24,-14,0.0002,0.0001,-0.01
T12013,Sustainable Development and Environmental Policy,29,33,4,0.0001,0.0002,0.0
T12168,Health and Medical Research Impacts,35,27,-8,0.0002,0.0001,-0.0
T12576,vaccines and immunoinformatics approaches,19,43,24,0.0001,0.0002,0.01
T13247,Local Governance and Planning,0,62,62,0.0,0.0003,0.03
T14423,Military Technology and Strategies,60,2,-58,0.0003,0.0,-0.03
T10267,Higher Education Research Studies,21,40,19,0.0001,0.0002,0.01
T10664,Sentiment Analysis and Opinion Mining,20,41,21,0.0001,0.0002,0.01
T11599,Aviation Industry Analysis and Trends,28,33,5,0.0001,0.0002,0.0
T11605,Visual Attention and Saliency Detection,35,26,-9,0.0002,0.0001,-0.0
T11768,Music Therapy and Health,37,24,-13,0.0002,0.0001,-0.01
T11826,Ocular Infections and Treatments,23,38,15,0.0001,0.0002,0.01
T12196,Community Health and Development,35,26,-9,0.0002,0.0001,-0.0
T12439,Dental Research and COVID-19,46,15,-31,0.0002,0.0001,-0.02
T12595,Romani and Gypsy Studies,28,33,5,0.0001,0.0002,0.0
T12930,Biomedical and Chemical Research,52,9,-43,0.0003,0.0,-0.02
T13014,Peace and Human Rights Education,30,31,1,0.0001,0.0002,0.0
T14362,Diverse Legal and Medical Studies,4,57,53,0.0,0.0003,0.03
T14515,International Law and Aviation,53,8,-45,0.0003,0.0,-0.02
T10321,Quantum Dots Synthesis And Properties,29,31,2,0.0001,0.0002,0.0
T10535,Landslides and related hazards,35,25,-10,0.0002,0.0001,-0.0
T10563,Corneal surgery and disorders,26,34,8,0.0001,0.0002,0.0
T10995,Methane Hydrates and Related Phenomena,41,19,-22,0.0002,0.0001,-0.01
T11122,Online Learning and Analytics,39,21,-18,0.0002,0.0001,-0.01
T11176,Radiation Therapy and Dosimetry,26,34,8,0.0001,0.0002,0.0
T11195,Simulation Techniques and Applications,27,33,6,0.0001,0.0002,0.0
T11366,Elasticity and Material Modeling,20,40,20,0.0001,0.0002,0.01
T11406,Cerebrospinal fluid and hydrocephalus,33,27,-6,0.0002,0.0001,-0.0
T11422,Burn Injury Management and Outcomes,29,31,2,0.0001,0.0002,0.0
T11711,COVID-19 Pandemic Impacts,39,21,-18,0.0002,0.0001,-0.01
T11839,Hormonal Regulation and Hypertension,46,14,-32,0.0002,0.0001,-0.02
T12448,Paranormal Experiences and Beliefs,28,32,4,0.0001,0.0002,0.0
T12831,School Health and Nursing Education,39,21,-18,0.0002,0.0001,-0.01
T13826,"Bangladesh Politics, Society, and Development",19,41,22,0.0001,0.0002,0.01
T14002,"Art, Technology, and Culture",10,50,40,0.0,0.0002,0.02
T10515,Cancer-related molecular mechanisms research,42,17,-25,0.0002,0.0001,-0.01
T10843,Diversity and Career in Medicine,25,34,9,0.0001,0.0002,0.0
T10914,Tactile and Sensory Interactions,20,39,19,0.0001,0.0002,0.01
T10915,Trace Elements in Health,47,12,-35,0.0002,0.0001,-0.02
T10963,Advanced Optimization Algorithms Research,21,38,17,0.0001,0.0002,0.01
T11109,Thermoregulation and physiological responses,43,16,-27,0.0002,0.0001,-0.01
T11264,Coffee research and impacts,25,34,9,0.0001,0.0002,0.0
T11512,Anomaly Detection Techniques and Applications,36,23,-13,0.0002,0.0001,-0.01
T11643,Building materials and conservation,36,23,-13,0.0002,0.0001,-0.01
T11666,Color Science and Applications,33,26,-7,0.0002,0.0001,-0.0
T11678,Healthcare Decision-Making and Restraints,31,28,-3,0.0002,0.0001,-0.0
T11688,Microbial infections and disease research,15,44,29,0.0001,0.0002,0.01
T11716,Random Matrices and Applications,35,24,-11,0.0002,0.0001,-0.01
T11808,Superconducting Materials and Applications,41,18,-23,0.0002,0.0001,-0.01
T11894,Radiology practices and education,28,31,3,0.0001,0.0002,0.0
T12066,Obesity and Health Practices,42,17,-25,0.0002,0.0001,-0.01
T12108,Management of metastatic bone disease,32,27,-5,0.0002,0.0001,-0.0
T12208,Occupational exposure and asthma,45,14,-31,0.0002,0.0001,-0.02
T12488,Mental Health via Writing,32,27,-5,0.0002,0.0001,-0.0
T12688,Microbial metabolism and enzyme function,25,34,9,0.0001,0.0002,0.0
T12714,Youth Education and Societal Dynamics,33,26,-7,0.0002,0.0001,-0.0
T12950,Educational Environments and Student Outcomes,14,45,31,0.0001,0.0002,0.02
T13083,Advanced Text Analysis Techniques,50,9,-41,0.0002,0.0,-0.02
T13372,Archaeology and Historical Studies,51,8,-43,0.0003,0.0,-0.02
T10130,Mathematics Education and Teaching Techniques,32,26,-6,0.0002,0.0001,-0.0
T10154,Customer Service Quality and Loyalty,34,24,-10,0.0002,0.0001,-0.0
T10564,Wastewater Treatment and Nitrogen Removal,37,21,-16,0.0002,0.0001,-0.01
T11174,Pediatric Urology and Nephrology Studies,39,19,-20,0.0002,0.0001,-0.01
T11180,Pesticide and Herbicide Environmental Studies,30,28,-2,0.0001,0.0001,-0.0
T11348,Celiac Disease Research and Management,29,29,0,0.0001,0.0001,0.0
T11430,Disaster Response and Management,27,31,4,0.0001,0.0002,0.0
T11571,Sarcoidosis and Beryllium Toxicity Research,29,29,0,0.0001,0.0001,0.0
T11949,Nuclear Physics and Applications,42,16,-26,0.0002,0.0001,-0.01
T12162,Cellular Automata and Applications,34,24,-10,0.0002,0.0001,-0.0
T12558,Wittgensteinian philosophy and applications,31,27,-4,0.0002,0.0001,-0.0
T12797,History of Computing Technologies,33,25,-8,0.0002,0.0001,-0.0
T13408,Corporate Law and Human Rights,25,33,8,0.0001,0.0002,0.0
T13412,Education and Technology Integration,29,29,0,0.0001,0.0001,0.0
T14302,European Politics and Security,15,43,28,0.0001,0.0002,0.01
T10138,Network Traffic and Congestion Control,25,32,7,0.0001,0.0002,0.0
T10306,Liquid Crystal Research Advancements,24,33,9,0.0001,0.0002,0.0
T10543,Prostate Cancer Treatment and Research,25,32,7,0.0001,0.0002,0.0
T10667,Emotion and Mood Recognition,20,37,17,0.0001,0.0002,0.01
T10703,Business Process Modeling and Analysis,41,16,-25,0.0002,0.0001,-0.01
T11003,Disability Rights and Representation,17,40,23,0.0001,0.0002,0.01
T11257,Taxation and Compliance Studies,36,21,-15,0.0002,0.0001,-0.01
T11418,Plant Micronutrient Interactions and Effects,30,27,-3,0.0001,0.0001,-0.0
T11925,Culinary Culture and Tourism,52,5,-47,0.0003,0.0,-0.02
T12312,"Culture, Economy, and Development Studies",43,14,-29,0.0002,0.0001,-0.01
T12352,Heparin-Induced Thrombocytopenia and Thrombosis,42,15,-27,0.0002,0.0001,-0.01
T12690,Cross-Border Cooperation and Integration,40,17,-23,0.0002,0.0001,-0.01
T12908,"Media, Gender, and Advertising",31,26,-5,0.0002,0.0001,-0.0
T13100,Comparative Animal Anatomy Studies,6,51,45,0.0,0.0003,0.02
T13103,Middle East Politics and Society,20,37,17,0.0001,0.0002,0.01
T13336,Religious Freedom and Discrimination,9,48,39,0.0,0.0002,0.02
T13756,International Environmental Law and Policies,10,47,37,0.0,0.0002,0.02
T13843,African Sexualities and LGBTQ+ Issues,39,18,-21,0.0002,0.0001,-0.01
T13901,State Capitalism and Financial Governance,44,13,-31,0.0002,0.0001,-0.02
T10384,Laser-Plasma Interactions and Diagnostics,23,33,10,0.0001,0.0002,0.0
T10389,Polymer crystallization and properties,28,28,0,0.0001,0.0001,0.0
T10913,Molecular Junctions and Nanostructures,55,1,-54,0.0003,0.0,-0.03
T11154,Parasitic infections in humans and animals,23,33,10,0.0001,0.0002,0.0
T11236,Control Systems and Identification,21,35,14,0.0001,0.0002,0.01
T11495,Animal Virus Infections Studies,31,25,-6,0.0002,0.0001,-0.0
T11976,Capital Investment and Risk Analysis,27,29,2,0.0001,0.0001,0.0
T11997,Free Will and Agency,27,29,2,0.0001,0.0001,0.0
T12009,Hedgehog Signaling Pathway Studies,40,16,-24,0.0002,0.0001,-0.01
T12683,Studies on Chitinases and Chitosanases,35,21,-14,0.0002,0.0001,-0.01
T12963,Anesthesia and Neurotoxicity Research,45,11,-34,0.0002,0.0001,-0.02
T13155,Digital Communication and Language,31,25,-6,0.0002,0.0001,-0.0
T13167,"Historical, Literary, and Cultural Studies",36,20,-16,0.0002,0.0001,-0.01
T13453,Alkaline Phosphatase Research Studies,29,27,-2,0.0001,0.0001,-0.0
T13539,thermodynamics and calorimetric analyses,43,13,-30,0.0002,0.0001,-0.01
T10735,Mesoporous Materials and Catalysis,33,22,-11,0.0002,0.0001,-0.01
T10907,International Student and Expatriate Challenges,28,27,-1,0.0001,0.0001,-0.0
T11022,Spectral Theory in Mathematical Physics,25,30,5,0.0001,0.0001,0.0
T11812,Nasal Surgery and Airway Studies,27,28,1,0.0001,0.0001,0.0
T11863,"Gender, Security, and Conflict",33,22,-11,0.0002,0.0001,-0.01
T11875,Statistics Education and Methodologies,34,21,-13,0.0002,0.0001,-0.01
T12023,Cholinesterase and Neurodegenerative Diseases,30,25,-5,0.0001,0.0001,-0.0
T12138,Occupational Health and Performance,25,30,5,0.0001,0.0001,0.0
T12281,Animal testing and alternatives,33,22,-11,0.0002,0.0001,-0.01
T12460,Pediatric Hepatobiliary Diseases and Treatments,40,15,-25,0.0002,0.0001,-0.01
T12736,Criminal Justice and Penology,2,53,51,0.0,0.0003,0.03
T12835,FOXO transcription factor regulation,31,24,-7,0.0002,0.0001,-0.0
T12915,Biochemical Acid Research Studies,32,23,-9,0.0002,0.0001,-0.0
T12918,Healthcare Systems and Technology,35,20,-15,0.0002,0.0001,-0.01
T12949,South Asian Studies and Diaspora,14,41,27,0.0001,0.0002,0.01
T13332,"Historical Studies on Reproduction, Gender, Health, and Societal Changes",37,18,-19,0.0002,0.0001,-0.01
T10252,Microbial Natural Products and Biosynthesis,30,24,-6,0.0001,0.0001,-0.0
T10704,Advancements in Transdermal Drug Delivery,36,18,-18,0.0002,0.0001,-0.01
T10979,Breastfeeding Practices and Influences,30,24,-6,0.0001,0.0001,-0.0
T11247,Plant nutrient uptake and metabolism,33,21,-12,0.0002,0.0001,-0.01
T11469,Lymphatic System and Diseases,31,23,-8,0.0002,0.0001,-0.0
T11536,Consumer Retail Behavior Studies,34,20,-14,0.0002,0.0001,-0.01
T11717,Postcolonial and Cultural Literary Studies,18,36,18,0.0001,0.0002,0.01
T12296,Autopsy Techniques and Outcomes,32,22,-10,0.0002,0.0001,-0.0
T12349,Food Chemistry and Fat Analysis,22,32,10,0.0001,0.0002,0.0
T12494,Alcoholism and Thiamine Deficiency,36,18,-18,0.0002,0.0001,-0.01
T12505,Peptidase Inhibition and Analysis,46,8,-38,0.0002,0.0,-0.02
T12652,International Maritime Law Issues,33,21,-12,0.0002,0.0001,-0.01
T12722,Innovation Policy and R&D,46,8,-38,0.0002,0.0,-0.02
T12783,"Migration, Aging, and Tourism Studies",42,12,-30,0.0002,0.0001,-0.01
T12943,COVID-19 Digital Contact Tracing,33,21,-12,0.0002,0.0001,-0.01
T13086,Post-Soviet Geopolitical Dynamics,45,9,-36,0.0002,0.0,-0.02
T13389,German Economic Analysis & Policies,50,4,-46,0.0002,0.0,-0.02
T10068,Technology Adoption and User Behaviour,35,18,-17,0.0002,0.0001,-0.01
T11150,Endoplasmic Reticulum Stress and Disease,28,25,-3,0.0001,0.0001,-0.0
T11271,Myasthenia Gravis and Thymoma,29,24,-5,0.0001,0.0001,-0.0
T11328,Ocular Oncology and Treatments,24,29,5,0.0001,0.0001,0.0
T11387,Ichthyology and Marine Biology,38,15,-23,0.0002,0.0001,-0.01
T11435,Polynomial and algebraic computation,37,16,-21,0.0002,0.0001,-0.01
T11452,Oral Health Pathology and Treatment,23,30,7,0.0001,0.0001,0.0
T11475,French Urban and Social Studies,51,2,-49,0.0003,0.0,-0.02
T11545,Advanced Banach Space Theory,19,34,15,0.0001,0.0002,0.01
T11651,Inhalation and Respiratory Drug Delivery,35,18,-17,0.0002,0.0001,-0.01
T11731,Global Health and Surgery,39,14,-25,0.0002,0.0001,-0.01
T11756,Mentoring and Academic Development,31,22,-9,0.0002,0.0001,-0.0
T11763,Intracerebral and Subarachnoid Hemorrhage Research,25,28,3,0.0001,0.0001,0.0
T11884,Redox biology and oxidative stress,13,40,27,0.0001,0.0002,0.01
T12047,Viral Infections and Vectors,29,24,-5,0.0001,0.0001,-0.0
T12189,Sulfur-Based Synthesis Techniques,22,31,9,0.0001,0.0002,0.0
T12274,Electrostatics and Colloid Interactions,18,35,17,0.0001,0.0002,0.01
T12437,"Balkans: History, Politics, Society",38,15,-23,0.0002,0.0001,-0.01
T12728,Demographic Trends and Gender Preferences,43,10,-33,0.0002,0.0,-0.02
T13284,Psychology Research and Bibliometrics,2,51,49,0.0,0.0003,0.02
T13456,"Religion, Society, and Development",47,6,-41,0.0002,0.0,-0.02
T13650,Computational Physics and Python Applications,45,8,-37,0.0002,0.0,-0.02
T13695,"Aging, Elder Care, and Social Issues",13,40,27,0.0001,0.0002,0.01
T14141,Colonial History and Postcolonial Studies,6,47,41,0.0,0.0002,0.02
T14226,"Migration, Racism, and Human Rights",2,51,49,0.0,0.0003,0.02
T14433,Post-Communist Economic and Political Transition,10,43,33,0.0,0.0002,0.02
T10088,Thermochemical Biomass Conversion Processes,31,21,-10,0.0002,0.0001,-0.0
T11378,Gastrointestinal Bleeding Diagnosis and Treatment,18,34,16,0.0001,0.0002,0.01
T11582,Nanopore and Nanochannel Transport Studies,29,23,-6,0.0001,0.0001,-0.0
T11695,South African History and Culture,30,22,-8,0.0001,0.0001,-0.0
T11779,Higher Education and Employability,31,21,-10,0.0002,0.0001,-0.0
T11936,Chemical and Physical Properties in Aqueous Solutions,31,21,-10,0.0002,0.0001,-0.0
T12238,Green IT and Sustainability,16,36,20,0.0001,0.0002,0.01
T12261,Statistical Mechanics and Entropy,38,14,-24,0.0002,0.0001,-0.01
T12390,Comics and Graphic Narratives,26,26,0,0.0001,0.0001,0.0
T13034,Information Systems Education and Curriculum Development,12,40,28,0.0001,0.0002,0.01
T13405,Educational Assessment and Improvement,32,20,-12,0.0002,0.0001,-0.01
T13410,Immune responses and vaccinations,32,20,-12,0.0002,0.0001,-0.01
T13532,Education Systems and Policy,31,21,-10,0.0002,0.0001,-0.0
T10063,Nanoparticle-Based Drug Delivery,20,31,11,0.0001,0.0002,0.01
T10719,3D Shape Modeling and Analysis,20,31,11,0.0001,0.0002,0.01
T10782,Nanoplatforms for cancer theranostics,31,20,-11,0.0002,0.0001,-0.01
T11245,Advanced Numerical Analysis Techniques,40,11,-29,0.0002,0.0001,-0.01
T11389,Maternal and fetal healthcare,29,22,-7,0.0001,0.0001,-0.0
T11755,Transboundary Water Resource Management,27,24,-3,0.0001,0.0001,-0.0
T12076,Renaissance and Early Modern Studies,16,35,19,0.0001,0.0002,0.01
T12114,Sensory Analysis and Statistical Methods,39,12,-27,0.0002,0.0001,-0.01
T12307,Ancient Near East History,28,23,-5,0.0001,0.0001,-0.0
T12333,Abdominal Surgery and Complications,23,28,5,0.0001,0.0001,0.0
T12586,"Folklore, Mythology, and Literature Studies",24,27,3,0.0001,0.0001,0.0
T12769,Stoma care and complications,26,25,-1,0.0001,0.0001,-0.0
T13012,Coenzyme Q10 studies and effects,32,19,-13,0.0002,0.0001,-0.01
T13063,Education and experiences of immigrants and refugees,8,43,35,0.0,0.0002,0.02
T13208,Synthesis of heterocyclic compounds,13,38,25,0.0001,0.0002,0.01
T13513,Urban and sociocultural dynamics,4,47,43,0.0,0.0002,0.02
T13575,Travel Writing and Literature,18,33,15,0.0001,0.0002,0.01
T13825,Economic Policies and Impacts,37,14,-23,0.0002,0.0001,-0.01
T14003,Labor Law and Work Dynamics,0,51,51,0.0,0.0003,0.03
T14092,"Ethics, Aesthetics, and Art",4,47,43,0.0,0.0002,0.02
T14339,Image Processing and 3D Reconstruction,40,11,-29,0.0002,0.0001,-0.01
T14451,Historical and Religious Studies of Rome,40,11,-29,0.0002,0.0001,-0.01
T10131,Gold and Silver Nanoparticles Synthesis and Applications,28,22,-6,0.0001,0.0001,-0.0
T10207,Advanced biosensing and bioanalysis techniques,41,9,-32,0.0002,0.0,-0.02
T10933,Real-Time Systems Scheduling,24,26,2,0.0001,0.0001,0.0
T10969,Water resources management and optimization,37,13,-24,0.0002,0.0001,-0.01
T11023,Prosthetics and Rehabilitation Robotics,10,40,30,0.0,0.0002,0.01
T11278,Calcium Carbonate Crystallization and Inhibition,21,29,8,0.0001,0.0001,0.0
T11548,Sexual Assault and Victimization Studies,19,31,12,0.0001,0.0002,0.01
T11707,Gaze Tracking and Assistive Technology,23,27,4,0.0001,0.0001,0.0
T11748,Organophosphorus compounds synthesis,25,25,0,0.0001,0.0001,0.0
T11799,"Adhesion, Friction, and Surface Interactions",21,29,8,0.0001,0.0001,0.0
T11968,High Altitude and Hypoxia,24,26,2,0.0001,0.0001,0.0
T11994,Human Resource Development and Performance Evaluation,26,24,-2,0.0001,0.0001,-0.0
T12621,Hemispheric Asymmetry in Neuroscience,25,25,0,0.0001,0.0001,0.0
T13593,Historical and Archaeological Studies,34,16,-18,0.0002,0.0001,-0.01
T13728,"Crime, Deviance, and Social Control",29,21,-8,0.0001,0.0001,-0.0
T14147,Innovative Approaches in Technology and Social Development,37,13,-24,0.0002,0.0001,-0.01
T10273,IoT and Edge/Fog Computing,19,30,11,0.0001,0.0001,0.01
T10481,Computer Graphics and Visualization Techniques,17,32,15,0.0001,0.0002,0.01
T10694,Menopause: Health Impacts and Treatments,24,25,1,0.0001,0.0001,0.0
T11198,Japanese History and Culture,29,20,-9,0.0001,0.0001,-0.0
T11258,Breast Implant and Reconstruction,25,24,-1,0.0001,0.0001,-0.0
T11649,Pharmaceutical industry and healthcare,21,28,7,0.0001,0.0001,0.0
T11685,Zebrafish Biomedical Research Applications,37,12,-25,0.0002,0.0001,-0.01
T11736,Histone Deacetylase Inhibitors Research,32,17,-15,0.0002,0.0001,-0.01
T11823,Natural Resources and Economic Development,22,27,5,0.0001,0.0001,0.0
T11943,Pharmacovigilance and Adverse Drug Reactions,24,25,1,0.0001,0.0001,0.0
T12483,Global Urban Networks and Dynamics,20,29,9,0.0001,0.0001,0.0
T12492,Zoonotic diseases and public health,34,15,-19,0.0002,0.0001,-0.01
T13135,"Communism, Protests, Social Movements",27,22,-5,0.0001,0.0001,-0.0
T13802,Vietnamese History and Culture Studies,39,10,-29,0.0002,0.0,-0.01
T14165,Inflammation biomarkers and pathways,25,24,-1,0.0001,0.0001,-0.0
T10444,Context-Aware Activity Recognition Systems,26,22,-4,0.0001,0.0001,-0.0
T10989,Uterine Myomas and Treatments,28,20,-8,0.0001,0.0001,-0.0
T11035,Salivary Gland Tumors Diagnosis and Treatment,33,15,-18,0.0002,0.0001,-0.01
T11051,Sirtuins and Resveratrol in Medicine,22,26,4,0.0001,0.0001,0.0
T11124,Protein purification and stability,24,24,0,0.0001,0.0001,0.0
T11196,Non-Invasive Vital Sign Monitoring,30,18,-12,0.0001,0.0001,-0.01
T11349,Music Technology and Sound Studies,28,20,-8,0.0001,0.0001,-0.0
T11476,Graph theory and applications,32,16,-16,0.0002,0.0001,-0.01
T11713,Genital Health and Disease,23,25,2,0.0001,0.0001,0.0
T11830,Point processes and geometric inequalities,20,28,8,0.0001,0.0001,0.0
T11866,Reconstructive Facial Surgery Techniques,21,27,6,0.0001,0.0001,0.0
T11998,Youth Development and Social Support,33,15,-18,0.0002,0.0001,-0.01
T12103,Cancer Risks and Factors,44,4,-40,0.0002,0.0,-0.02
T12150,Intestinal Malrotation and Obstruction Disorders,31,17,-14,0.0002,0.0001,-0.01
T12538,Eosinophilic Esophagitis,36,12,-24,0.0002,0.0001,-0.01
T12703,Oil Palm Production and Sustainability,25,23,-2,0.0001,0.0001,-0.0
T12755,Legal Education and Practice Innovations,22,26,4,0.0001,0.0001,0.0
T13162,African Studies and Ethnography,12,36,24,0.0001,0.0002,0.01
T13229,Gothic Literature and Media Analysis,25,23,-2,0.0001,0.0001,-0.0
T13561,Chemical Reactions and Isotopes,37,11,-26,0.0002,0.0001,-0.01
T13766,"Media, Journalism, and Communication History",11,37,26,0.0001,0.0002,0.01
T13854,Historical Geography and Cartography,15,33,18,0.0001,0.0002,0.01
T10483,Nerve injury and regeneration,23,24,1,0.0001,0.0001,0.0
T10688,Image and Signal Denoising Methods,31,16,-15,0.0002,0.0001,-0.01
T10739,Electromagnetic Scattering and Analysis,15,32,17,0.0001,0.0002,0.01
T11189,Transplantation: Methods and Outcomes,17,30,13,0.0001,0.0001,0.01
T11306,Nonmelanoma Skin Cancer Studies,22,25,3,0.0001,0.0001,0.0
T11416,Numerical methods for differential equations,23,24,1,0.0001,0.0001,0.0
T11447,Blind Source Separation Techniques,43,4,-39,0.0002,0.0,-0.02
T11448,Face recognition and analysis,22,25,3,0.0001,0.0001,0.0
T11465,Drug-Induced Hepatotoxicity and Protection,23,24,1,0.0001,0.0001,0.0
T11501,TGF-β signaling in diseases,26,21,-5,0.0001,0.0001,-0.0
T11516,Visual and Cognitive Learning Processes,26,21,-5,0.0001,0.0001,-0.0
T11675,Open Source Software Innovations,29,18,-11,0.0001,0.0001,-0.01
T11780,Rabies epidemiology and control,27,20,-7,0.0001,0.0001,-0.0
T11913,Animal Ecology and Behavior Studies,37,10,-27,0.0002,0.0,-0.01
T11953,"Neuroethics, Human Enhancement, Biomedical Innovations",33,14,-19,0.0002,0.0001,-0.01
T12025,Hepatitis Viruses Studies and Epidemiology,24,23,-1,0.0001,0.0001,-0.0
T12038,Covalent Organic Framework Applications,19,28,9,0.0001,0.0001,0.0
T12129,Global Energy Security and Policy,23,24,1,0.0001,0.0001,0.0
T12250,Experimental and Theoretical Physics Studies,29,18,-11,0.0001,0.0001,-0.01
T12398,Poetry Analysis and Criticism,12,35,23,0.0001,0.0002,0.01
T12438,Urticaria and Related Conditions,31,16,-15,0.0002,0.0001,-0.01
T12467,Rangeland Management and Livestock Ecology,37,10,-27,0.0002,0.0,-0.01
T12535,Machine Learning and Data Classification,30,17,-13,0.0001,0.0001,-0.01
T12868,Photography and Visual Culture,19,28,9,0.0001,0.0001,0.0
T12977,Spanish Literature and Culture Studies,15,32,17,0.0001,0.0002,0.01
T13088,Legal and Labor Studies,3,44,41,0.0,0.0002,0.02
T13721,Political Science Research and Education,15,32,17,0.0001,0.0002,0.01
T10284,Anaerobic Digestion and Biogas Production,10,36,26,0.0,0.0002,0.01
T10935,Endometriosis Research and Treatment,25,21,-4,0.0001,0.0001,-0.0
T11007,Hybrid Renewable Energy Systems,23,23,0,0.0001,0.0001,0.0
T11069,Testicular diseases and treatments,21,25,4,0.0001,0.0001,0.0
T11106,Data Management and Algorithms,36,10,-26,0.0002,0.0,-0.01
T11228,Bat Biology and Ecology Studies,32,14,-18,0.0002,0.0001,-0.01
T11269,Algorithms and Data Compression,29,17,-12,0.0001,0.0001,-0.01
T11320,Atmospheric Ozone and Climate,42,4,-38,0.0002,0.0,-0.02
T11585,Exercise and Physiological Responses,27,19,-8,0.0001,0.0001,-0.0
T11633,Prenatal Substance Exposure Effects,23,23,0,0.0001,0.0001,0.0
T11706,Forensic Entomology and Diptera Studies,23,23,0,0.0001,0.0001,0.0
T12355,Genetic and rare skin diseases.,15,31,16,0.0001,0.0002,0.01
T12358,Thermal and Kinetic Analysis,25,21,-4,0.0001,0.0001,-0.0
T12666,Historical Psychiatry and Medical Practices,15,31,16,0.0001,0.0002,0.01
T12873,"Nutrition, Health and Food Behavior",0,46,46,0.0,0.0002,0.02
T13366,Accounting Theory and Financial Reporting,1,45,44,0.0,0.0002,0.02
T14278,Marxism and Critical Theory,4,42,38,0.0,0.0002,0.02
T14493,Criminal Law and Evidence,32,14,-18,0.0002,0.0001,-0.01
T14509,demographic modeling and climate adaptation,43,3,-40,0.0002,0.0,-0.02
T10050,Multi-Criteria Decision Making,30,15,-15,0.0001,0.0001,-0.01
T10299,Photonic and Optical Devices,20,25,5,0.0001,0.0001,0.0
T10411,Proteins in Food Systems,22,23,1,0.0001,0.0001,0.0
T10770,Soil Geostatistics and Mapping,29,16,-13,0.0001,0.0001,-0.01
T10811,Hydrogen Storage and Materials,19,26,7,0.0001,0.0001,0.0
T11117,Drug-Induced Adverse Reactions,23,22,-1,0.0001,0.0001,-0.0
T11767,Poxvirus research and outbreaks,20,25,5,0.0001,0.0001,0.0
T11818,Nicotinic Acetylcholine Receptors Study,28,17,-11,0.0001,0.0001,-0.01
T12284,Emotional Labor in Professions,21,24,3,0.0001,0.0001,0.0
T12301,Facial Nerve Paralysis Treatment and Research,25,20,-5,0.0001,0.0001,-0.0
T12386,Advanced X-ray and CT Imaging,37,8,-29,0.0002,0.0,-0.01
T12557,Inorganic Chemistry and Materials,19,26,7,0.0001,0.0001,0.0
T12910,Eicosanoids and Hypertension Pharmacology,42,3,-39,0.0002,0.0,-0.02
T12960,Heterotopic Ossification and Related Conditions,25,20,-5,0.0001,0.0001,-0.0
T12965,Wildlife Conservation and Criminology Analyses,38,7,-31,0.0002,0.0,-0.02
T13013,Free Radicals and Antioxidants,38,7,-31,0.0002,0.0,-0.02
T13048,Patient Dignity and Privacy,30,15,-15,0.0001,0.0001,-0.01
T13070,Cultural Identity and Heritage,8,37,29,0.0,0.0002,0.01
T13124,Chemical synthesis and alkaloids,43,2,-41,0.0002,0.0,-0.02
T13414,Radioactive Decay and Measurement Techniques,15,30,15,0.0001,0.0001,0.01
T13996,Diverse Musicological Studies,34,11,-23,0.0002,0.0001,-0.01
T14078,Multiple and Secondary Primary Cancers,16,29,13,0.0001,0.0001,0.01
T10240,Plant tissue culture and regeneration,24,20,-4,0.0001,0.0001,-0.0
T10421,Pleistocene-Era Hominins and Archaeology,25,19,-6,0.0001,0.0001,-0.0
T10644,Cryospheric studies and observations,23,21,-2,0.0001,0.0001,-0.0
T10772,Distributed systems and fault tolerance,30,14,-16,0.0001,0.0001,-0.01
T11240,Luminescence and Fluorescent Materials,29,15,-14,0.0001,0.0001,-0.01
T11554,Vascular Procedures and Complications,25,19,-6,0.0001,0.0001,-0.0
T11572,Information Technology Governance and Strategy,22,22,0,0.0001,0.0001,0.0
T11786,Geomagnetism and Paleomagnetism Studies,27,17,-10,0.0001,0.0001,-0.0
T12142,Marine Invertebrate Physiology and Ecology,22,22,0,0.0001,0.0001,0.0
T12367,Dental Trauma and Treatments,25,19,-6,0.0001,0.0001,-0.0
T12518,Diverticular Disease and Complications,27,17,-10,0.0001,0.0001,-0.0
T12559,French Literature and Critical Theory,12,32,20,0.0001,0.0002,0.01
T12924,Dermatological and Skeletal Disorders,23,21,-2,0.0001,0.0001,-0.0
T13061,Literacy and Educational Practices,13,31,18,0.0001,0.0002,0.01
T13360,Economic and Social Issues,36,8,-28,0.0002,0.0,-0.01
T13673,Library Science and Information,2,42,40,0.0,0.0002,0.02
T14191,Historical Art and Architecture Studies,4,40,36,0.0,0.0002,0.02
T10029,Climate variability and models,21,22,1,0.0001,0.0001,0.0
T10295,Plasmonic and Surface Plasmon Research,19,24,5,0.0001,0.0001,0.0
T10791,Advanced Control Systems Optimization,36,7,-29,0.0002,0.0,-0.01
T10927,Access Control and Trust,16,27,11,0.0001,0.0001,0.01
T11251,Meningioma and schwannoma management,24,19,-5,0.0001,0.0001,-0.0
T11305,"Amyloidosis: Diagnosis, Treatment, Outcomes",25,18,-7,0.0001,0.0001,-0.0
T11466,Innovative Education and Learning Practices,28,15,-13,0.0001,0.0001,-0.01
T11484,Adaptive optics and wavefront sensing,19,24,5,0.0001,0.0001,0.0
T11663,Viral Infectious Diseases and Gene Expression in Insects,30,13,-17,0.0001,0.0001,-0.01
T11733,X-ray Spectroscopy and Fluorescence Analysis,31,12,-19,0.0002,0.0001,-0.01
T11836,Bryophyte Studies and Records,23,20,-3,0.0001,0.0001,-0.0
T11916,Legionella and Acanthamoeba research,25,18,-7,0.0001,0.0001,-0.0
T11987,COVID-19 Impact on Reproduction,38,5,-33,0.0002,0.0,-0.02
T12188,"Architecture, Modernity, and Design",8,35,27,0.0,0.0002,0.01
T12269,Effects of Vibration on Health,24,19,-5,0.0001,0.0001,-0.0
T12738,Corporate Identity and Reputation,22,21,-1,0.0001,0.0001,-0.0
T12832,Biocrusts and Microbial Ecology,37,6,-31,0.0002,0.0,-0.02
T12980,Family Caregiving in Mental Illness,20,23,3,0.0001,0.0001,0.0
T13158,Political and Economic history of UK and US,40,3,-37,0.0002,0.0,-0.02
T13881,Sociology and Norbert Elias,25,18,-7,0.0001,0.0001,-0.0
T14013,Legal Language and Interpretation,16,27,11,0.0001,0.0001,0.01
T14047,Marine and environmental studies,29,14,-15,0.0001,0.0001,-0.01
T10022,Semiconductor Quantum Structures and Devices,23,19,-4,0.0001,0.0001,-0.0
T10430,Software Engineering Techniques and Practices,20,22,2,0.0001,0.0001,0.0
T10874,Electromagnetic Fields and Biological Effects,21,21,0,0.0001,0.0001,0.0
T11336,Energy and Environment Impacts,31,11,-20,0.0002,0.0001,-0.01
T11440,Click Chemistry and Applications,26,16,-10,0.0001,0.0001,-0.0
T11453,Diagnosis and Treatment of Venous Diseases,26,16,-10,0.0001,0.0001,-0.0
T11765,Circular RNAs in diseases,21,21,0,0.0001,0.0001,0.0
T11819,Data-Driven Disease Surveillance,26,16,-10,0.0001,0.0001,-0.0
T11845,Cancer therapeutics and mechanisms,39,3,-36,0.0002,0.0,-0.02
T11855,Gastrointestinal disorders and treatments,28,14,-14,0.0001,0.0001,-0.01
T11924,Polyamine Metabolism and Applications,33,9,-24,0.0002,0.0,-0.01
T12116,Dermatological diseases and infestations,20,22,2,0.0001,0.0001,0.0
T12174,Hospital Admissions and Outcomes,18,24,6,0.0001,0.0001,0.0
T12272,Cardiovascular Conditions and Treatments,22,20,-2,0.0001,0.0001,-0.0
T12329,Hemiptera Insect Studies,8,34,26,0.0,0.0002,0.01
T12332,Comparative constitutional jurisprudence studies,5,37,32,0.0,0.0002,0.02
T12550,"Politics and Conflicts in Afghanistan, Pakistan, and Middle East",34,8,-26,0.0002,0.0,-0.01
T12704,Stress and Burnout Research,5,37,32,0.0,0.0002,0.02
T12788,Space Science and Extraterrestrial Life,34,8,-26,0.0002,0.0,-0.01
T12881,linguistics and terminology studies,34,8,-26,0.0002,0.0,-0.01
T12887,Educational Strategies and Epistemologies,24,18,-6,0.0001,0.0001,-0.0
T12979,Cardiovascular Disease and Adiposity,31,11,-20,0.0002,0.0001,-0.01
T13024,Literary Theory and Cultural Hermeneutics,1,41,40,0.0,0.0002,0.02
T13110,Colorectal and Anal Carcinomas,21,21,0,0.0001,0.0001,0.0
T13188,Synthesis and bioactivity of alkaloids,11,31,20,0.0001,0.0002,0.01
T13201,Infectious Encephalopathies and Encephalitis,10,32,22,0.0,0.0002,0.01
T13400,Mathematical and Theoretical Analysis,28,14,-14,0.0001,0.0001,-0.01
T13417,Biomedical Ethics and Regulation,30,12,-18,0.0001,0.0001,-0.01
T13806,Mathematical and Computational Methods,0,42,42,0.0,0.0002,0.02
T14492,"War, Law, and Justice",1,41,40,0.0,0.0002,0.02
T10083,Graphene research and applications,20,21,1,0.0001,0.0001,0.0
T10171,Biofuel production and bioconversion,29,12,-17,0.0001,0.0001,-0.01
T10533,Teaching and Learning Programming,21,20,-1,0.0001,0.0001,-0.0
T10610,Advanced Cellulose Research Studies,20,21,1,0.0001,0.0001,0.0
T10902,Complementary and Alternative Medicine Studies,21,20,-1,0.0001,0.0001,-0.0
T11405,Geophysics and Gravity Measurements,38,3,-35,0.0002,0.0,-0.02
T11559,Retinoids in leukemia and cellular processes,27,14,-13,0.0001,0.0001,-0.01
T11609,Geophysical Methods and Applications,19,22,3,0.0001,0.0001,0.0
T11752,Cancer Treatment and Pharmacology,33,8,-25,0.0002,0.0,-0.01
T11766,Iron-based superconductors research,25,16,-9,0.0001,0.0001,-0.0
T12063,Heat and Mass Transfer in Porous Media,9,32,23,0.0,0.0002,0.01
T12085,Collagen: Extraction and Characterization,14,27,13,0.0001,0.0001,0.01
T12245,"Counseling, Therapy, and Family Dynamics",23,18,-5,0.0001,0.0001,-0.0
T12328,Autoimmune and Inflammatory Disorders,23,18,-5,0.0001,0.0001,-0.0
T12412,Enzyme function and inhibition,36,5,-31,0.0002,0.0,-0.02
T12654,Xenotransplantation and immune response,18,23,5,0.0001,0.0001,0.0
T12741,Maternal and Neonatal Healthcare,2,39,37,0.0,0.0002,0.02
T12854,Neurology and Historical Studies,29,12,-17,0.0001,0.0001,-0.01
T12912,"Shakespeare, Adaptation, and Literary Criticism",24,17,-7,0.0001,0.0001,-0.0
T12947,"Health, psychology, and well-being",34,7,-27,0.0002,0.0,-0.01
T13160,Synthesis and Biological Evaluation,38,3,-35,0.0002,0.0,-0.02
T13173,Gender Studies in Language,27,14,-13,0.0001,0.0001,-0.01
T13175,Historical Astronomy and Related Studies,23,18,-5,0.0001,0.0001,-0.0
T13205,Geological and Geophysical Studies Worldwide,24,17,-7,0.0001,0.0001,-0.0
T13438,Environmental Conservation and Management,36,5,-31,0.0002,0.0,-0.02
T13512,Spatial and Cultural Studies,3,38,35,0.0,0.0002,0.02
T13551,Biochemical effects in animals,41,0,-41,0.0002,0.0,-0.02
T13814,Cultural and political discourse analysis,10,31,21,0.0,0.0002,0.01
T14163,Astronomical Observations and Instrumentation,40,1,-39,0.0002,0.0,-0.02
T14280,Big Data Technologies and Applications,22,19,-3,0.0001,0.0001,-0.0
T14424,Economic Analysis and Policy,40,1,-39,0.0002,0.0,-0.02
T10018,Advancements in Battery Materials,22,18,-4,0.0001,0.0001,-0.0
T10431,Ethnobotanical and Medicinal Plants Studies,14,26,12,0.0001,0.0001,0.01
T10524,Traffic control and management,17,23,6,0.0001,0.0001,0.0
T11108,Municipal Solid Waste Management,13,27,14,0.0001,0.0001,0.01
T11262,Quantum Mechanics and Non-Hermitian Physics,22,18,-4,0.0001,0.0001,-0.0
T11365,Islamic Finance and Banking Studies,28,12,-16,0.0001,0.0001,-0.01
T11402,Vascular Malformations Diagnosis and Treatment,21,19,-2,0.0001,0.0001,-0.0
T11423,Pesticide Residue Analysis and Safety,23,17,-6,0.0001,0.0001,-0.0
T11513,stochastic dynamics and bifurcation,29,11,-18,0.0001,0.0001,-0.01
T12067,Renal and Vascular Pathologies,28,12,-16,0.0001,0.0001,-0.01
T12227,Environmental and Social Impact Assessments,19,21,2,0.0001,0.0001,0.0
T12234,Mollusks and Parasites Studies,21,19,-2,0.0001,0.0001,-0.0
T12411,Shoulder and Clavicle Injuries,25,15,-10,0.0001,0.0001,-0.0
T12675,Financial Reporting and Valuation Research,30,10,-20,0.0001,0.0,-0.01
T12731,Hidradenitis Suppurativa and Treatments,20,20,0,0.0001,0.0001,0.0
T12909,French Historical and Cultural Studies,30,10,-20,0.0001,0.0,-0.01
T12986,Administrative Law and Governance,1,39,38,0.0,0.0002,0.02
T13111,Nursing care and research,1,39,38,0.0,0.0002,0.02
T13937,"Genetics, Bioinformatics, and Biomedical Research",35,5,-30,0.0002,0.0,-0.01
T14238,Historical Gender and Feminism Studies,33,7,-26,0.0002,0.0,-0.01
T14334,HIV/AIDS Impact and Responses,27,13,-14,0.0001,0.0001,-0.01
T10406,Planetary Science and Exploration,19,20,1,0.0001,0.0001,0.0
T10445,Antioxidant Activity and Oxidative Stress,21,18,-3,0.0001,0.0001,-0.0
T10551,Scheduling and Optimization Algorithms,26,13,-13,0.0001,0.0001,-0.01
T11215,Chronic Myeloid Leukemia Treatments,27,12,-15,0.0001,0.0001,-0.01
T11393,Biosensors and Analytical Detection,16,23,7,0.0001,0.0001,0.0
T11433,Emotional Intelligence and Performance,31,8,-23,0.0002,0.0,-0.01
T11461,Local Government Finance and Decentralization,31,8,-23,0.0002,0.0,-0.01
T11470,Legume Nitrogen Fixing Symbiosis,27,12,-15,0.0001,0.0001,-0.01
T11574,Artificial Intelligence in Games,22,17,-5,0.0001,0.0001,-0.0
T11584,Biochemical Analysis and Sensing Techniques,31,8,-23,0.0002,0.0,-0.01
T11586,Congenital Diaphragmatic Hernia Studies,26,13,-13,0.0001,0.0001,-0.01
T11617,Enzyme Production and Characterization,17,22,5,0.0001,0.0001,0.0
T12004,Advanced Frequency and Time Standards,17,22,5,0.0001,0.0001,0.0
T12027,Social Media in Health Education,26,13,-13,0.0001,0.0001,-0.01
T12241,Children's Physical and Motor Development,27,12,-15,0.0001,0.0001,-0.01
T12279,Body Composition Measurement Techniques,23,16,-7,0.0001,0.0001,-0.0
T12441,Porphyrin Metabolism and Disorders,32,7,-25,0.0002,0.0,-0.01
T12455,Mediterranean and Iberian flora and fauna,28,11,-17,0.0001,0.0001,-0.01
T12507,"Utopian, Dystopian, and Speculative Fiction",14,25,11,0.0001,0.0001,0.01
T12906,Surgical Sutures and Adhesives,26,13,-13,0.0001,0.0001,-0.01
T13051,Qualitative Comparative Analysis Research,26,13,-13,0.0001,0.0001,-0.01
T13303,Asian Culture and Media Studies,28,11,-17,0.0001,0.0001,-0.01
T13784,Jewish Identity and Society,16,23,7,0.0001,0.0001,0.0
T13971,Synthesis and Biological Activity,32,7,-25,0.0002,0.0,-0.01
T10490,Orbital Angular Momentum in Optics,20,18,-2,0.0001,0.0001,-0.0
T10755,HER2/EGFR in Cancer Research,20,18,-2,0.0001,0.0001,-0.0
T11208,Lignin and Wood Chemistry,19,19,0,0.0001,0.0001,0.0
T11887,Quasicrystal Structures and Properties,30,8,-22,0.0001,0.0,-0.01
T11980,Human Mobility and Location-Based Analysis,26,12,-14,0.0001,0.0001,-0.01
T12054,Menstrual Health and Disorders,16,22,6,0.0001,0.0001,0.0
T12141,Fluid Dynamics and Thin Films,11,27,16,0.0001,0.0001,0.01
T12319,Fish Biology and Ecology Studies,11,27,16,0.0001,0.0001,0.01
T12380,Authorship Attribution and Profiling,26,12,-14,0.0001,0.0001,-0.01
T12426,Lymphatic Disorders and Treatments,18,20,2,0.0001,0.0001,0.0
T12840,Renal function and acid-base balance,26,12,-14,0.0001,0.0001,-0.01
T12985,Maritime Security and History,24,14,-10,0.0001,0.0001,-0.0
T13007,Economic Sanctions and International Relations,22,16,-6,0.0001,0.0001,-0.0
T13081,Digital Education and Society,23,15,-8,0.0001,0.0001,-0.0
T13117,Health Education and Validation,4,34,30,0.0,0.0002,0.01
T13150,Study and Philosophy of Religion,4,34,30,0.0,0.0002,0.01
T13457,"Dental Education, Practice, Research",22,16,-6,0.0001,0.0001,-0.0
T13638,Human auditory perception and evaluation,38,0,-38,0.0002,0.0,-0.02
T13699,Public Spaces through Art,24,14,-10,0.0001,0.0001,-0.0
T13995,Globalization and political ideologies,5,33,28,0.0,0.0002,0.01
T14123,Decolonial Thought and Epistemologies,7,31,24,0.0,0.0002,0.01
T14186,Healthcare Systems and Practices,17,21,4,0.0001,0.0001,0.0
T10024,TiO2 Photocatalysis and Solar Cells,11,26,15,0.0001,0.0001,0.01
T10611,Organic Light-Emitting Diodes Research,18,19,1,0.0001,0.0001,0.0
T10689,Remote-Sensing Image Classification,10,27,17,0.0,0.0001,0.01
T10727,Ultrasound Imaging and Elastography,12,25,13,0.0001,0.0001,0.01
T10732,Laser Material Processing Techniques,14,23,9,0.0001,0.0001,0.0
T10781,Plasma Diagnostics and Applications,23,14,-9,0.0001,0.0001,-0.0
T11578,Plant Pathogenic Bacteria Studies,18,19,1,0.0001,0.0001,0.0
T11647,Workplace Violence and Bullying,21,16,-5,0.0001,0.0001,-0.0
T11758,Organic and Molecular Conductors Research,29,8,-21,0.0001,0.0,-0.01
T11840,Pain Management and Treatment,27,10,-17,0.0001,0.0,-0.01
T11861,Thermal Regulation in Medicine,22,15,-7,0.0001,0.0001,-0.0
T12311,Political Theology and Sovereignty,17,20,3,0.0001,0.0001,0.0
T12351,Geometry and complex manifolds,26,11,-15,0.0001,0.0001,-0.01
T12565,Physics and Engineering Research Articles,37,0,-37,0.0002,0.0,-0.02
T12602,Medical Education and Admissions,21,16,-5,0.0001,0.0001,-0.0
T12716,Congenital Anomalies and Fetal Surgery,17,20,3,0.0001,0.0001,0.0
T12798,Religious Tourism and Spaces,26,11,-15,0.0001,0.0001,-0.01
T12964,"Diet, Metabolism, and Disease",24,13,-11,0.0001,0.0001,-0.01
T13212,German Social Sciences and History,19,18,-1,0.0001,0.0001,-0.0
T13277,"Media, Religion, Digital Communication",25,12,-13,0.0001,0.0001,-0.01
T13326,Biochemical and Structural Characterization,22,15,-7,0.0001,0.0001,-0.0
T13340,Palliative and Oncologic Care,2,35,33,0.0,0.0002,0.02
T13770,Pediatric health and respiratory diseases,35,2,-33,0.0002,0.0,-0.02
T13912,"Language, Linguistics, Cultural Analysis",19,18,-1,0.0001,0.0001,-0.0
T14090,Health and Conflict Studies,22,15,-7,0.0001,0.0001,-0.0
T10672,Design Education and Practice,18,18,0,0.0001,0.0001,0.0
T11002,Indoor Air Quality and Microbial Exposure,14,22,8,0.0001,0.0001,0.0
T11039,Evaluation of Teaching Practices,21,15,-6,0.0001,0.0001,-0.0
T11114,Service and Product Innovation,17,19,2,0.0001,0.0001,0.0
T11342,Carbon and Quantum Dots Applications,20,16,-4,0.0001,0.0001,-0.0
T11514,Disability Education and Employment,10,26,16,0.0,0.0001,0.01
T11528,Lichen and fungal ecology,28,8,-20,0.0001,0.0,-0.01
T11803,Superconducting and THz Device Technology,25,11,-14,0.0001,0.0001,-0.01
T11898,Economics of Agriculture and Food Markets,15,21,6,0.0001,0.0001,0.0
T11947,Molten salt chemistry and electrochemical processes,12,24,12,0.0001,0.0001,0.01
T11975,Evolutionary Algorithms and Applications,23,13,-10,0.0001,0.0001,-0.0
T12016,Web Data Mining and Analysis,29,7,-22,0.0001,0.0,-0.01
T12473,Pacific and Southeast Asian Studies,29,7,-22,0.0001,0.0,-0.01
T12496,Color perception and design,33,3,-30,0.0002,0.0,-0.01
T12561,bioluminescence and chemiluminescence research,25,11,-14,0.0001,0.0001,-0.01
T12720,Multimedia Communication and Technology,21,15,-6,0.0001,0.0001,-0.0
T12745,Dietary Effects on Health,17,19,2,0.0001,0.0001,0.0
T13194,ICT in Developing Communities,27,9,-18,0.0001,0.0,-0.01
T13223,Connective Tissue Growth Factor Research,22,14,-8,0.0001,0.0001,-0.0
T13260,Linguistics and Language Studies,1,35,34,0.0,0.0002,0.02
T13274,Expert finding and Q&A systems,30,6,-24,0.0001,0.0,-0.01
T13376,Criminal Law and Policy,9,27,18,0.0,0.0001,0.01
T13669,China's Global Influence and Migration,22,14,-8,0.0001,0.0001,-0.0
T13788,Cultural Identity and Representation,4,32,28,0.0,0.0002,0.01
T14208,"Death, Funerary Practices, and Mourning",3,33,30,0.0,0.0002,0.01
T10111,Remote Sensing in Agriculture,19,16,-3,0.0001,0.0001,-0.0
T10466,Meteorological Phenomena and Simulations,14,21,7,0.0001,0.0001,0.0
T10777,Politics and Society in Latin America,18,17,-1,0.0001,0.0001,-0.0
T11361,Digital Radiography and Breast Imaging,14,21,7,0.0001,0.0001,0.0
T11450,Model-Driven Software Engineering Techniques,16,19,3,0.0001,0.0001,0.0
T11515,Bacillus and Francisella bacterial research,27,8,-19,0.0001,0.0,-0.01
T11534,Erythropoietin and Anemia Treatment,13,22,9,0.0001,0.0001,0.0
T11603,Dust and Plasma Wave Phenomena,4,31,27,0.0,0.0002,0.01
T11624,Constructed Wetlands for Wastewater Treatment,17,18,1,0.0001,0.0001,0.0
T11670,Pressure Ulcer Prevention and Management,19,16,-3,0.0001,0.0001,-0.0
T11684,Vibrio bacteria research studies,19,16,-3,0.0001,0.0001,-0.0
T11787,Oral and Maxillofacial Pathology,14,21,7,0.0001,0.0001,0.0
T11815,Urological Disorders and Treatments,22,13,-9,0.0001,0.0001,-0.0
T12034,Digital and Cyber Forensics,16,19,3,0.0001,0.0001,0.0
T12161,Plant Surface Properties and Treatments,22,13,-9,0.0001,0.0001,-0.0
T12493,"Memory, violence, and history",3,32,29,0.0,0.0002,0.01
T12511,Medieval and Classical Philosophy,22,13,-9,0.0001,0.0001,-0.0
T12606,Diptera species taxonomy and behavior,15,20,5,0.0001,0.0001,0.0
T12785,Hong Kong and Taiwan Politics,29,6,-23,0.0001,0.0,-0.01
T12793,Caveolin-1 and cellular processes,22,13,-9,0.0001,0.0001,-0.0
T12857,Medieval Philosophy and Theology,12,23,11,0.0001,0.0001,0.01
T12929,Animal Genetics and Reproduction,27,8,-19,0.0001,0.0,-0.01
T12990,Medical History and Innovations,18,17,-1,0.0001,0.0001,-0.0
T13191,Dispute Resolution and Class Actions,21,14,-7,0.0001,0.0001,-0.0
T10480,Ionic liquids properties and applications,20,14,-6,0.0001,0.0001,-0.0
T11588,Atmospheric and Environmental Gas Dynamics,29,5,-24,0.0001,0.0,-0.01
T11669,Head and Neck Surgical Oncology,26,8,-18,0.0001,0.0,-0.01
T11775,COVID-19 diagnosis using AI,28,6,-22,0.0001,0.0,-0.01
T11904,Spatial Cognition and Navigation,19,15,-4,0.0001,0.0001,-0.0
T12050,Optical Polarization and Ellipsometry,14,20,6,0.0001,0.0001,0.0
T12127,Software System Performance and Reliability,24,10,-14,0.0001,0.0,-0.01
T12130,Contemporary Literature and Criticism,12,22,10,0.0001,0.0001,0.0
T12213,Marine Ecology and Invasive Species,25,9,-16,0.0001,0.0,-0.01
T12266,Byzantine Studies and History,25,9,-16,0.0001,0.0,-0.01
T12357,Digital Media Forensic Detection,16,18,2,0.0001,0.0001,0.0
T12410,Structural and Chemical Analysis of Organic and Inorganic Compounds,10,24,14,0.0,0.0001,0.01
T12539,Pharmacology and Obesity Treatment,20,14,-6,0.0001,0.0001,-0.0
T12760,Laser Design and Applications,30,4,-26,0.0001,0.0,-0.01
T12811,"Aging, Health, and Disability",0,34,34,0.0,0.0002,0.02
T12927,"Memory, History, Trauma, Identity",7,27,20,0.0,0.0001,0.01
T13042,Economic and Fiscal Studies,4,30,26,0.0,0.0001,0.01
T13280,Biomedical and Engineering Education,32,2,-30,0.0002,0.0,-0.01
T13534,"Migration, Identity, and Health",7,27,20,0.0,0.0001,0.01
T13623,Linguistic Studies and Language Acquisition,27,7,-20,0.0001,0.0,-0.01
T13687,Extractivism and Socioeconomic Issues,2,32,30,0.0,0.0002,0.01
T14081,Linguistic Education and Pedagogy,23,11,-12,0.0001,0.0001,-0.01
T14380,Libraries and Information Services,14,20,6,0.0001,0.0001,0.0
T10075,Atmospheric chemistry and aerosols,23,10,-13,0.0001,0.0,-0.01
T10186,Nursing education and management,14,19,5,0.0001,0.0001,0.0
T10502,Advanced Memory and Neural Computing,20,13,-7,0.0001,0.0001,-0.0
T10592,Fusion materials and technologies,9,24,15,0.0,0.0001,0.01
T10920,Advanced Drug Delivery Systems,10,23,13,0.0,0.0001,0.01
T10925,Spinal Cord Injury Research,15,18,3,0.0001,0.0001,0.0
T10959,Student Assessment and Feedback,13,20,7,0.0001,0.0001,0.0
T11319,Curcumin's Biomedical Applications,16,17,1,0.0001,0.0001,0.0
T11335,Prion Diseases and Protein Misfolding,18,15,-3,0.0001,0.0001,-0.0
T11355,Inflammatory Biomarkers in Disease Prognosis,21,12,-9,0.0001,0.0001,-0.0
T11356,Pleural and Pulmonary Diseases,18,15,-3,0.0001,0.0001,-0.0
T11481,Sulfur Compounds in Biology,22,11,-11,0.0001,0.0001,-0.01
T11610,Food Security and Health in Diverse Populations,22,11,-11,0.0001,0.0001,-0.01
T11638,Cardiac tumors and thrombi,16,17,1,0.0001,0.0001,0.0
T11829,Mathematical Biology Tumor Growth,18,15,-3,0.0001,0.0001,-0.0
T12154,Pelvic and Acetabular Injuries,19,14,-5,0.0001,0.0001,-0.0
T12160,African cultural and philosophical studies,22,11,-11,0.0001,0.0001,-0.01
T12178,Bird parasitology and diseases,15,18,3,0.0001,0.0001,0.0
T12372,Art Therapy and Mental Health,20,13,-7,0.0001,0.0001,-0.0
T12417,Morphological variations and asymmetry,16,17,1,0.0001,0.0001,0.0
T12418,Respiratory and Cough-Related Research,25,8,-17,0.0001,0.0,-0.01
T12555,Ancient Egypt and Archaeology,13,20,7,0.0001,0.0001,0.0
T12686,Central European national history,12,21,9,0.0001,0.0001,0.0
T13230,Synthesis and Reactivity of Heterocycles,15,18,3,0.0001,0.0001,0.0
T13393,Child Nutrition and Feeding Issues,25,8,-17,0.0001,0.0,-0.01
T13426,Kruppel-like factors research,18,15,-3,0.0001,0.0001,-0.0
T13604,"Adsorption, diffusion, and thermodynamic properties of materials",3,30,27,0.0,0.0001,0.01
T13675,Diffusion Coefficients in Liquids,5,28,23,0.0,0.0001,0.01
T14232,Water Resource Management and Quality,6,27,21,0.0,0.0001,0.01
T14299,Complex Systems and Dynamics,0,33,33,0.0,0.0002,0.02
T14389,"Innovation, Technology, and Society",16,17,1,0.0001,0.0001,0.0
T10311,Advancements in Solid Oxide Fuel Cells,14,18,4,0.0001,0.0001,0.0
T10472,Semiconductor materials and devices,25,7,-18,0.0001,0.0,-0.01
T10679,Service-Oriented Architecture and Web Services,26,6,-20,0.0001,0.0,-0.01
T10937,"Telomeres, Telomerase, and Senescence",19,13,-6,0.0001,0.0001,-0.0
T11214,Human-Animal Interaction Studies,21,11,-10,0.0001,0.0001,-0.0
T11312,Soil Moisture and Remote Sensing,23,9,-14,0.0001,0.0,-0.01
T11627,Autoimmune Neurological Disorders and Treatments,17,15,-2,0.0001,0.0001,-0.0
T11759,Occupational Therapy Practice and Research,23,9,-14,0.0001,0.0,-0.01
T11886,Agricultural risk and resilience,24,8,-16,0.0001,0.0,-0.01
T11897,Digital Holography and Microscopy,15,17,2,0.0001,0.0001,0.0
T12061,Axon Guidance and Neuronal Signaling,24,8,-16,0.0001,0.0,-0.01
T12100,Advanced Mathematical Modeling in Engineering,25,7,-18,0.0001,0.0,-0.01
T12104,Protein Tyrosine Phosphatases,20,12,-8,0.0001,0.0001,-0.0
T12112,Ammonia Synthesis and Nitrogen Reduction,26,6,-20,0.0001,0.0,-0.01
T12273,Latin American Urban Studies,13,19,6,0.0001,0.0001,0.0
T12500,Reflective Practices in Education,18,14,-4,0.0001,0.0001,-0.0
T12524,Chemical Synthesis and Characterization,29,3,-26,0.0001,0.0,-0.01
T12724,Water-Energy-Food Nexus Studies,20,12,-8,0.0001,0.0001,-0.0
T12819,Environmental Philosophy and Ethics,14,18,4,0.0001,0.0001,0.0
T12849,Parvovirus B19 Infection Studies,23,9,-14,0.0001,0.0,-0.01
T12957,"War, Ethics, and Justification",16,16,0,0.0001,0.0001,0.0
T12978,Innovative Teaching Methodologies in Social Sciences,13,19,6,0.0001,0.0001,0.0
T13369,European and Russian Geopolitical Military Strategies,8,24,16,0.0,0.0001,0.01
T13374,Hematological disorders and diagnostics,26,6,-20,0.0001,0.0,-0.01
T13629,Text Readability and Simplification,17,15,-2,0.0001,0.0001,-0.0
T13748,Advanced Statistical Modeling Techniques,32,0,-32,0.0002,0.0,-0.02
T14114,Digital Media and Philosophy,23,9,-14,0.0001,0.0,-0.01
T14180,"Law, logistics, and international trade",23,9,-14,0.0001,0.0,-0.01
T14459,Synthesis and Reactions of Organic Compounds,27,5,-22,0.0001,0.0,-0.01
T10333,Meat and Animal Product Quality,31,0,-31,0.0002,0.0,-0.02
T10729,Electrospun Nanofibers in Biomedical Applications,19,12,-7,0.0001,0.0001,-0.0
T10996,Computational Geometry and Mesh Generation,19,12,-7,0.0001,0.0001,-0.0
T11485,Gastrointestinal Tumor Research and Treatment,24,7,-17,0.0001,0.0,-0.01
T11592,Phenomenology and Existential Philosophy,5,26,21,0.0,0.0001,0.01
T12434,Phosphodiesterase function and regulation,14,17,3,0.0001,0.0001,0.0
T12458,Organometallic Compounds Synthesis and Characterization,20,11,-9,0.0001,0.0001,-0.0
T12465,"Cancer, Lipids, and Metabolism",20,11,-9,0.0001,0.0001,-0.0
T12607,Personal Information Management and User Behavior,11,20,9,0.0001,0.0001,0.0
T12615,Climate Change and Geoengineering,26,5,-21,0.0001,0.0,-0.01
T12679,Focus Groups and Qualitative Methods,10,21,11,0.0,0.0001,0.01
T12729,Tree Root and Stability Studies,17,14,-3,0.0001,0.0001,-0.0
T12765,"Race, History, and American Society",19,12,-7,0.0001,0.0001,-0.0
T13304,Synthesis and Reactivity of Sulfur-Containing Compounds,8,23,15,0.0,0.0001,0.01
T13667,French Literature and Criticism,9,22,13,0.0,0.0001,0.01
T13763,Historical Legal Studies and Society,19,12,-7,0.0001,0.0001,-0.0
T13863,Cultural History and Identity Formation,17,14,-3,0.0001,0.0001,-0.0
T14020,Medical research and treatments,2,29,27,0.0,0.0001,0.01
T14059,"Nietzsche, Schopenhauer, and Hegel",16,15,-1,0.0001,0.0001,-0.0
T14315,Feminist Theory and Gender Studies,2,29,27,0.0,0.0001,0.01
T10099,GaN-based semiconductor devices and materials,17,13,-4,0.0001,0.0001,-0.0
T10386,Microstructure and Mechanical Properties of Steels,18,12,-6,0.0001,0.0001,-0.0
T10507,Biodiesel Production and Applications,14,16,2,0.0001,0.0001,0.0
T10538,Data Mining Algorithms and Applications,19,11,-8,0.0001,0.0001,-0.0
T10776,Spinal Fractures and Fixation Techniques,18,12,-6,0.0001,0.0001,-0.0
T10847,Advanced Optical Network Technologies,18,12,-6,0.0001,0.0001,-0.0
T10952,PI3K/AKT/mTOR signaling in cancer,22,8,-14,0.0001,0.0,-0.01
T11026,Occupational and environmental lung diseases,16,14,-2,0.0001,0.0001,-0.0
T11063,Rough Sets and Fuzzy Logic,19,11,-8,0.0001,0.0001,-0.0
T11419,Supramolecular Self-Assembly in Materials,19,11,-8,0.0001,0.0001,-0.0
T11652,Imbalanced Data Classification Techniques,19,11,-8,0.0001,0.0001,-0.0
T11776,Irish and British Studies,23,7,-16,0.0001,0.0,-0.01
T11811,Cutaneous lymphoproliferative disorders research,17,13,-4,0.0001,0.0001,-0.0
T11912,Outsourcing and Supply Chain Management,15,15,0,0.0001,0.0001,0.0
T12051,Diversity and Impact of Dance,22,8,-14,0.0001,0.0,-0.01
T12117,Muscle and Compartmental Disorders,16,14,-2,0.0001,0.0001,-0.0
T12232,"Yersinia bacterium, plague, ectoparasites research",26,4,-22,0.0001,0.0,-0.01
T12320,Feminist Epistemology and Gender Studies,10,20,10,0.0,0.0001,0.0
T12356,Bioactive Compounds and Antitumor Agents,20,10,-10,0.0001,0.0,-0.0
T12472,Plant responses to water stress,17,13,-4,0.0001,0.0001,-0.0
T12572,"Intelligence, Security, War Strategy",14,16,2,0.0001,0.0001,0.0
T12617,"Energy, Environment, and Transportation Policies",21,9,-12,0.0001,0.0,-0.01
T12620,Signaling Pathways in Disease,24,6,-18,0.0001,0.0,-0.01
T12649,Alkaloids: synthesis and pharmacology,18,12,-6,0.0001,0.0001,-0.0
T12725,transportation and logistics systems,0,30,30,0.0,0.0001,0.01
T12727,Differential Equations and Numerical Methods,15,15,0,0.0001,0.0001,0.0
T12820,Chromatin Remodeling and Cancer,26,4,-22,0.0001,0.0,-0.01
T13004,Vitamin K Research Studies,18,12,-6,0.0001,0.0001,-0.0
T13126,Scientific Research and Discoveries,27,3,-24,0.0001,0.0,-0.01
T13239,Phosphorus compounds and reactions,14,16,2,0.0001,0.0001,0.0
T13380,Sound Studies and Aurality,4,26,22,0.0,0.0001,0.01
T13398,Data Analysis with R,24,6,-18,0.0001,0.0,-0.01
T13590,"Oral History, Memory, Narrative Analysis",15,15,0,0.0001,0.0001,0.0
T13897,Historical Economic and Legal Thought,4,26,22,0.0,0.0001,0.01
T14021,Medieval European Literature and History,21,9,-12,0.0001,0.0,-0.01
T14242,"Nutrition, Health, and Society Studies",28,2,-26,0.0001,0.0,-0.01
T14308,Psychological and Educational Research Studies,19,11,-8,0.0001,0.0001,-0.0
T10100,Metaheuristic Optimization Algorithms Research,9,20,11,0.0,0.0001,0.01
T10159,Ionosphere and magnetosphere dynamics,15,14,-1,0.0001,0.0001,-0.0
T10577,Hydrology and Sediment Transport Processes,16,13,-3,0.0001,0.0001,-0.0
T10637,Advanced Clustering Algorithms Research,9,20,11,0.0,0.0001,0.01
T10639,Advanced Software Engineering Methodologies,10,19,9,0.0,0.0001,0.0
T10647,Coastal and Marine Dynamics,8,21,13,0.0,0.0001,0.01
T10711,Target Tracking and Data Fusion in Sensor Networks,15,14,-1,0.0001,0.0001,-0.0
T10819,Mercury impact and mitigation studies,15,14,-1,0.0001,0.0001,-0.0
T10859,Polymer Surface Interaction Studies,16,13,-3,0.0001,0.0001,-0.0
T11091,Extraction and Separation Processes,18,11,-7,0.0001,0.0001,-0.0
T11179,Nematode management and characterization studies,16,13,-3,0.0001,0.0001,-0.0
T11267,Abdominal Trauma and Injuries,19,10,-9,0.0001,0.0,-0.0
T11322,Facial Rejuvenation and Surgery Techniques,16,13,-3,0.0001,0.0001,-0.0
T11628,Myeloproliferative Neoplasms: Diagnosis and Treatment,18,11,-7,0.0001,0.0001,-0.0
T11635,Poisoning and overdose treatments,15,14,-1,0.0001,0.0001,-0.0
T11833,Spinal Dysraphism and Malformations,8,21,13,0.0,0.0001,0.01
T11939,Public-Private Partnership Projects,18,11,-7,0.0001,0.0001,-0.0
T12018,Coronary Artery Anomalies,16,13,-3,0.0001,0.0001,-0.0
T12089,Intestinal and Peritoneal Adhesions,17,12,-5,0.0001,0.0001,-0.0
T12258,"Perfectionism, Procrastination, Anxiety Studies",19,10,-9,0.0001,0.0,-0.0
T12287,Fibroblast Growth Factor Research,23,6,-17,0.0001,0.0,-0.01
T12404,Mathematical Approximation and Integration,19,10,-9,0.0001,0.0,-0.0
T12532,Historical and Cultural Archaeology Studies,12,17,5,0.0001,0.0001,0.0
T12570,Photopolymerization techniques and applications,12,17,5,0.0001,0.0001,0.0
T12593,Communication in Education and Healthcare,27,2,-25,0.0001,0.0,-0.01
T12622,Neurosurgical Procedures and Complications,13,16,3,0.0001,0.0001,0.0
T12626,"Cancer, Stress, Anesthesia, and Immune Response",18,11,-7,0.0001,0.0001,-0.0
T12890,Eurasian Exchange Networks,22,7,-15,0.0001,0.0,-0.01
T12901,Tattoo and Body Piercing Complications,14,15,1,0.0001,0.0001,0.0
T12953,Critical Realism in Sociology,18,11,-7,0.0001,0.0001,-0.0
T13149,Organizational Change and Leadership,5,24,19,0.0,0.0001,0.01
T13216,Artistic and Creative Research,15,14,-1,0.0001,0.0001,-0.0
T13248,Healthcare Technology and Patient Monitoring,18,11,-7,0.0001,0.0001,-0.0
T13459,Public Administration and Political Analysis,18,11,-7,0.0001,0.0001,-0.0
T13471,Cognitive Functions and Memory,18,11,-7,0.0001,0.0001,-0.0
T13494,Military History and Strategy,18,11,-7,0.0001,0.0001,-0.0
T13594,Healthcare innovation and challenges,29,0,-29,0.0001,0.0,-0.01
T13621,Ancient and Medieval Archaeology Studies,12,17,5,0.0001,0.0001,0.0
T13636,Pentecostalism and Christianity Studies,3,26,23,0.0,0.0001,0.01
T13819,Collaborative and Sustainable Housing Initiatives,8,21,13,0.0,0.0001,0.01
T13904,Artificial Intelligence Applications,5,24,19,0.0,0.0001,0.01
T14031,Global and Cross-Cultural Management,8,21,13,0.0,0.0001,0.01
T14093,Global Health and Epidemiology,7,22,15,0.0,0.0001,0.01
T14181,Academic Freedom and Politics,10,19,9,0.0,0.0001,0.0
T10255,Oceanographic and Atmospheric Processes,13,15,2,0.0001,0.0001,0.0
T10313,Surface Modification and Superhydrophobicity,24,4,-20,0.0001,0.0,-0.01
T10409,Fuel Cells and Related Materials,19,9,-10,0.0001,0.0,-0.0
T10417,Lung Cancer Treatments and Mutations,18,10,-8,0.0001,0.0,-0.0
T10541,Nonlinear Differential Equations Analysis,3,25,22,0.0,0.0001,0.01
T10750,Fermentation and Sensory Analysis,24,4,-20,0.0001,0.0,-0.01
T10894,Groundwater flow and contamination studies,17,11,-6,0.0001,0.0001,-0.0
T11205,Numerical methods in inverse problems,12,16,4,0.0001,0.0001,0.0
T11255,Microfluidic and Bio-sensing Technologies,21,7,-14,0.0001,0.0,-0.01
T11500,Evacuation and Crowd Dynamics,15,13,-2,0.0001,0.0001,-0.0
T11600,Brain Metastases and Treatment,16,12,-4,0.0001,0.0001,-0.0
T12017,Recycling and Waste Management Techniques,23,5,-18,0.0001,0.0,-0.01
T12200,Heusler alloys: electronic and magnetic properties,13,15,2,0.0001,0.0001,0.0
T12343,Geography Education and Pedagogy,18,10,-8,0.0001,0.0,-0.0
T12526,Antimicrobial agents and applications,9,19,10,0.0,0.0001,0.0
T12843,Human Resource and Talent Management,3,25,22,0.0,0.0001,0.01
T12905,Management Systems and Quality Improvement,0,28,28,0.0,0.0001,0.01
T12923,Digital Image Processing Techniques,11,17,6,0.0001,0.0001,0.0
T12966,Russian Literature and Bakhtin Studies,1,27,26,0.0,0.0001,0.01
T13098,Conferences and Exhibitions Management,19,9,-10,0.0001,0.0,-0.0
T13184,Research in Social Sciences,28,0,-28,0.0001,0.0,-0.01
T13490,Aquatic Ecosystems and Biodiversity,23,5,-18,0.0001,0.0,-0.01
T13570,Historical Education Studies Worldwide,14,14,0,0.0001,0.0001,0.0
T13807,Cultural Insights and Digital Impacts,20,8,-12,0.0001,0.0,-0.01
T13869,Ocular and Laser Science Research,21,7,-14,0.0001,0.0,-0.01
T14135,Cancer and biochemical research,8,20,12,0.0,0.0001,0.01
T14193,Literature and Cultural Memory,20,8,-12,0.0001,0.0,-0.01
T14249,Water Quality Monitoring and Analysis,26,2,-24,0.0001,0.0,-0.01
T14464,Community Development and Social Impact,22,6,-16,0.0001,0.0,-0.01
T10035,Phytochemicals and Antioxidant Activities,15,12,-3,0.0001,0.0001,-0.0
T10438,"Energy, Environment, Economic Growth",18,9,-9,0.0001,0.0,-0.0
T10710,Arsenic contamination and mitigation,14,13,-1,0.0001,0.0001,-0.0
T10734,Information and Cyber Security,13,14,1,0.0001,0.0001,0.0
T10763,Digital Transformation in Industry,16,11,-5,0.0001,0.0001,-0.0
T10888,Augmented Reality Applications,11,16,5,0.0001,0.0001,0.0
T11019,Image Enhancement Techniques,18,9,-9,0.0001,0.0,-0.0
T11073,Metal Extraction and Bioleaching,15,12,-3,0.0001,0.0001,-0.0
T11099,Autonomous Vehicle Technology and Safety,11,16,5,0.0001,0.0001,0.0
T11167,Hair Growth and Disorders,12,15,3,0.0001,0.0001,0.0
T11471,Block Copolymer Self-Assembly,18,9,-9,0.0001,0.0,-0.0
T11553,Acne and Rosacea Treatments and Effects,15,12,-3,0.0001,0.0001,-0.0
T11703,"Rings, Modules, and Algebras",20,7,-13,0.0001,0.0,-0.01
T11753,Forest Management and Policy,15,12,-3,0.0001,0.0001,-0.0
T11822,Analytic and geometric function theory,11,16,5,0.0001,0.0001,0.0
T12305,Cassava research and cyanide,23,4,-19,0.0001,0.0,-0.01
T12338,Digital literacy in education,12,15,3,0.0001,0.0001,0.0
T12527,Chemistry and Stereochemistry Studies,19,8,-11,0.0001,0.0,-0.01
T12554,Vitamin C and Antioxidants Research,22,5,-17,0.0001,0.0,-0.01
T12596,Cephalopods and Marine Biology,21,6,-15,0.0001,0.0,-0.01
T12764,Polish Historical and Cultural Studies,19,8,-11,0.0001,0.0,-0.01
T12784,Modular Robots and Swarm Intelligence,20,7,-13,0.0001,0.0,-0.01
T12800,Musculoskeletal synovial abnormalities and treatments,17,10,-7,0.0001,0.0,-0.0
T12942,Cultural Studies and Postmodernism,1,26,25,0.0,0.0001,0.01
T12956,Asian Geopolitics and Ethnography,25,2,-23,0.0001,0.0,-0.01
T12994,Infrared Thermography in Medicine,15,12,-3,0.0001,0.0001,-0.0
T13022,Health and Medical Studies,25,2,-23,0.0001,0.0,-0.01
T13321,"Radio, Podcasts, and Digital Media",18,9,-9,0.0001,0.0,-0.0
T13362,Slime Mold and Myxomycetes Research,12,15,3,0.0001,0.0001,0.0
T13452,GDF15 and Related Biomarkers,25,2,-23,0.0001,0.0,-0.01
T13531,Surface and Thin Film Phenomena,19,8,-11,0.0001,0.0,-0.01
T13656,"Science, Research, and Medicine",25,2,-23,0.0001,0.0,-0.01
T13884,Educational Leadership and Practices,19,8,-11,0.0001,0.0,-0.01
T14024,"Education, Philosophy, and Society",3,24,21,0.0,0.0001,0.01
T14345,Scientific Research and Philosophical Inquiry,20,7,-13,0.0001,0.0,-0.01
T14414,Artificial Intelligence in Education,1,26,25,0.0,0.0001,0.01
T14427,Environmental Monitoring and Data Management,9,18,9,0.0,0.0001,0.0
T14511,"Medicine, History, and Philosophy",0,27,27,0.0,0.0001,0.01
T10594,Genetic and phenotypic traits in livestock,18,8,-10,0.0001,0.0,-0.0
T11066,Organic Food and Agriculture,22,4,-18,0.0001,0.0,-0.01
T11088,Marine Bivalve and Aquaculture Studies,17,9,-8,0.0001,0.0,-0.0
T11326,Stock Market Forecasting Methods,17,9,-8,0.0001,0.0,-0.0
T11550,Text and Document Classification Technologies,15,11,-4,0.0001,0.0001,-0.0
T11728,Thyroid and Parathyroid Surgery,15,11,-4,0.0001,0.0001,-0.0
T12183,Teratomas and Epidermoid Cysts,14,12,-2,0.0001,0.0001,-0.0
T12292,Graph Theory and Algorithms,16,10,-6,0.0001,0.0,-0.0
T12531,Values and Moral Education,11,15,4,0.0001,0.0001,0.0
T12534,Protein Degradation and Inhibitors,19,7,-12,0.0001,0.0,-0.01
T12551,Forgiveness and Related Behaviors,15,11,-4,0.0001,0.0001,-0.0
T12588,Electronic and Structural Properties of Oxides,18,8,-10,0.0001,0.0,-0.0
T12730,"Weber, Simmel, Sociological Theory",16,10,-6,0.0001,0.0,-0.0
T12802,Competency Development and Evaluation,5,21,16,0.0,0.0001,0.01
T12825,"Defense, Military, and Policy Studies",14,12,-2,0.0001,0.0001,-0.0
T13000,World Systems and Global Transformations,12,14,2,0.0001,0.0001,0.0
T13073,China's Ethnic Minorities and Relations,12,14,2,0.0001,0.0001,0.0
T13106,"Neuroscience, Education and Cognitive Function",24,2,-22,0.0001,0.0,-0.01
T13127,Biotin and Related Studies,21,5,-16,0.0001,0.0,-0.01
T13138,Legal and Constitutional Studies,5,21,16,0.0,0.0001,0.01
T13264,Walter Benjamin Studies Compilation,17,9,-8,0.0001,0.0,-0.0
T13474,Autobiographical and Biographical Writing,6,20,14,0.0,0.0001,0.01
T13484,German History and Society,14,12,-2,0.0001,0.0001,-0.0
T13632,Marriage and Sexual Relationships,17,9,-8,0.0001,0.0,-0.0
T13634,Middle East and Rwanda Conflicts,22,4,-18,0.0001,0.0,-0.01
T13758,Energy Law and Policy,5,21,16,0.0,0.0001,0.01
T13799,Media and Communication Studies,3,23,20,0.0,0.0001,0.01
T13879,Indigenous Peoples' Rights and Law,2,24,22,0.0,0.0001,0.01
T13966,Neurological and metabolic disorders,11,15,4,0.0001,0.0001,0.0
T14128,Metallurgical and Alloy Processes,14,12,-2,0.0001,0.0001,-0.0
T14143,Economic and Technological Innovation,21,5,-16,0.0001,0.0,-0.01
T14292,"Migration, Policy, and Dickens Studies",25,1,-24,0.0001,0.0,-0.01
T14394,Cognitive Science and Education Research,10,16,6,0.0,0.0001,0.0
T10152,Animal Nutrition and Physiology,15,10,-5,0.0001,0.0,-0.0
T10370,Traffic and Road Safety,11,14,3,0.0001,0.0001,0.0
T10395,Construction Project Management and Performance,16,9,-7,0.0001,0.0,-0.0
T11098,Seed Germination and Physiology,8,17,9,0.0,0.0001,0.0
T11185,Integrated Energy Systems Optimization,9,16,7,0.0,0.0001,0.0
T11218,Hip disorders and treatments,12,13,1,0.0001,0.0001,0.0
T11367,Particle accelerators and beam dynamics,22,3,-19,0.0001,0.0,-0.01
T11384,Critical Race Theory in Education,10,15,5,0.0,0.0001,0.0
T11449,Mechanical and Optical Resonators,24,1,-23,0.0001,0.0,-0.01
T11493,Water Treatment and Disinfection,7,18,11,0.0,0.0001,0.01
T11797,graph theory and CDMA systems,25,0,-25,0.0001,0.0,-0.01
T11951,Trauma Management and Diagnosis,16,9,-7,0.0001,0.0,-0.0
T12065,Hippo pathway signaling and YAP/TAZ,17,8,-9,0.0001,0.0,-0.0
T12133,Pragmatism in Philosophy and Education,18,7,-11,0.0001,0.0,-0.01
T12253,Urban Agriculture and Sustainability,11,14,3,0.0001,0.0001,0.0
T12289,Library Science and Administration,16,9,-7,0.0001,0.0,-0.0
T12325,Urban Design and Spatial Analysis,12,13,1,0.0001,0.0001,0.0
T12429,Chemotherapy-induced organ toxicity mitigation,15,10,-5,0.0001,0.0,-0.0
T12655,Female Genital Mutilation/Cutting Issues,16,9,-7,0.0001,0.0,-0.0
T12856,Transgenic Plants and Applications,23,2,-21,0.0001,0.0,-0.01
T12867,Advanced Biosensing Techniques and Applications,15,10,-5,0.0001,0.0,-0.0
T13028,Literature and Culture Studies,8,17,9,0.0,0.0001,0.0
T13143,Child Therapy and Development,16,9,-7,0.0001,0.0,-0.0
T13157,Cancer-related gene regulation,25,0,-25,0.0001,0.0,-0.01
T13187,Diffusion and Search Dynamics,14,11,-3,0.0001,0.0001,-0.0
T13196,Political Theory and Influence,15,10,-5,0.0001,0.0,-0.0
T13254,Macrophage Migration Inhibitory Factor,19,6,-13,0.0001,0.0,-0.01
T13334,South Asian Cinema and Culture,19,6,-13,0.0001,0.0,-0.01
T13352,International Relations in Latin America,13,12,-1,0.0001,0.0001,-0.0
T13504,African history and culture analysis,25,0,-25,0.0001,0.0,-0.01
T13549,Minority Rights and Languages,6,19,13,0.0,0.0001,0.01
T13712,Kantian Philosophy and Modern Interpretations,8,17,9,0.0,0.0001,0.0
T13743,Italian Literature and Culture,12,13,1,0.0001,0.0001,0.0
T13759,Medical Imaging and Pathology Studies,22,3,-19,0.0001,0.0,-0.01
T13945,"Legal, Health, Environmental and COVID-19 Challenges",2,23,21,0.0,0.0001,0.01
T14049,Plant and Fungal Species Descriptions,18,7,-11,0.0001,0.0,-0.01
T14061,Educational Practices and Policies,23,2,-21,0.0001,0.0,-0.01
T14086,Military and Defense Studies,7,18,11,0.0,0.0001,0.01
T14099,Synthesis and Characterization of Heterocyclic Compounds,20,5,-15,0.0001,0.0,-0.01
T14245,Biomarkers in Disease Mechanisms,10,15,5,0.0,0.0001,0.0
T14288,"Law, Rights, and Freedoms",2,23,21,0.0,0.0001,0.01
T14415,Biomedical Research and Pathophysiology,20,5,-15,0.0001,0.0,-0.01
T14514,Medical Research and Practices,24,1,-23,0.0001,0.0,-0.01
T10197,Membrane Separation Technologies,8,16,8,0.0,0.0001,0.0
T10271,Seismic Imaging and Inversion Techniques,18,6,-12,0.0001,0.0,-0.01
T10572,Geophysical and Geoelectrical Methods,14,10,-4,0.0001,0.0,-0.0
T10733,Wheat and Barley Genetics and Pathology,23,1,-22,0.0001,0.0,-0.01
T10768,Electric Vehicles and Infrastructure,9,15,6,0.0,0.0001,0.0
T10779,Coastal wetland ecosystem dynamics,18,6,-12,0.0001,0.0,-0.01
T11478,Caching and Content Delivery,15,9,-6,0.0001,0.0,-0.0
T11517,Advanced optical system design,3,21,18,0.0,0.0001,0.01
T11906,"Gender, Sexuality, and Education",0,24,24,0.0,0.0001,0.01
T11942,Transportation and Mobility Innovations,18,6,-12,0.0001,0.0,-0.01
T12143,Place Attachment and Urban Studies,6,18,12,0.0,0.0001,0.01
T12186,Phosphorus and nutrient management,13,11,-2,0.0001,0.0001,-0.0
T12240,Nanomaterials for catalytic reactions,9,15,6,0.0,0.0001,0.0
T12285,Surface Chemistry and Catalysis,10,14,4,0.0,0.0001,0.0
T12366,"Philosophy, Ethics, and Existentialism",17,7,-10,0.0001,0.0,-0.0
T12564,Sensor Technology and Measurement Systems,20,4,-16,0.0001,0.0,-0.01
T12629,Island Studies and Pacific Affairs,20,4,-16,0.0001,0.0,-0.01
T12779,Public Procurement and Policy,15,9,-6,0.0001,0.0,-0.0
T13123,Advances in Oncology and Radiotherapy,13,11,-2,0.0001,0.0001,-0.0
T13207,Youth Substance Use and School Attendance,18,6,-12,0.0001,0.0,-0.01
T13518,Architecture and Computational Design,21,3,-18,0.0001,0.0,-0.01
T13726,International Science and Diplomacy,18,6,-12,0.0001,0.0,-0.01
T13778,Comparative and World Literature,2,22,20,0.0,0.0001,0.01
T13840,Chemical Safety and Risk Management,19,5,-14,0.0001,0.0,-0.01
T13942,International Human Rights and Reproductive Law,5,19,14,0.0,0.0001,0.01
T14142,Multicultural Socio-Legal Studies,17,7,-10,0.0001,0.0,-0.0
T14289,"Anthropology: Ethics, History, Culture",20,4,-16,0.0001,0.0,-0.01
T14322,"Art, Aesthetics, and Perception",16,8,-8,0.0001,0.0,-0.0
T14402,Political and Social Issues,16,8,-8,0.0001,0.0,-0.0
T14473,Social and Economic Development in India,17,7,-10,0.0001,0.0,-0.0
T10045,Organic Electronics and Photovoltaics,12,11,-1,0.0001,0.0001,-0.0
T10259,Sociology and Education Studies,20,3,-17,0.0001,0.0,-0.01
T10310,Corrosion Behavior and Inhibition,15,8,-7,0.0001,0.0,-0.0
T10399,Hydrocarbon exploration and reservoir analysis,22,1,-21,0.0001,0.0,-0.01
T10506,Aquaculture disease management and microbiota,15,8,-7,0.0001,0.0,-0.0
T10544,Glass properties and applications,23,0,-23,0.0001,0.0,-0.01
T10559,Particle Accelerators and Free-Electron Lasers,18,5,-13,0.0001,0.0,-0.01
T10780,Reliability and Maintenance Optimization,8,15,7,0.0,0.0001,0.0
T10783,Additive Manufacturing and 3D Printing Technologies,16,7,-9,0.0001,0.0,-0.0
T10860,Speech and Audio Processing,18,5,-13,0.0001,0.0,-0.01
T10900,Listeria monocytogenes in Food Safety,15,8,-7,0.0001,0.0,-0.0
T10987,Microfinance and Financial Inclusion,18,5,-13,0.0001,0.0,-0.01
T11136,Enzyme-mediated dye degradation,17,6,-11,0.0001,0.0,-0.01
T11159,Manufacturing Process and Optimization,20,3,-17,0.0001,0.0,-0.01
T11458,Advanced Wireless Communication Technologies,10,13,3,0.0,0.0001,0.0
T11697,Numerical Methods and Algorithms,18,5,-13,0.0001,0.0,-0.01
T11704,Mobile Crowdsensing and Crowdsourcing,14,9,-5,0.0001,0.0,-0.0
T11778,Electrical and Bioimpedance Tomography,12,11,-1,0.0001,0.0001,-0.0
T11864,Supply Chain Resilience and Risk Management,12,11,-1,0.0001,0.0001,-0.0
T11935,"Literacy, Media, and Education",6,17,11,0.0,0.0001,0.01
T12149,Nanocluster Synthesis and Applications,17,6,-11,0.0001,0.0,-0.01
T12175,Social Representations and Identity,18,5,-13,0.0001,0.0,-0.01
T12297,Otolaryngology and Infectious Diseases,10,13,3,0.0,0.0001,0.0
T12388,Identification and Quantification in Food,21,2,-19,0.0001,0.0,-0.01
T12428,Global Trade and Competitiveness,14,9,-5,0.0001,0.0,-0.0
T12463,Amoebic Infections and Treatments,17,6,-11,0.0001,0.0,-0.01
T12470,Caribbean and African Literature and Culture,9,14,5,0.0,0.0001,0.0
T12515,Gender and Technology in Education,15,8,-7,0.0001,0.0,-0.0
T12519,Cybercrime and Law Enforcement Studies,11,12,1,0.0001,0.0001,0.0
T12522,Mathematics Education and Pedagogy,0,23,23,0.0,0.0001,0.01
T12878,Pharmaceutical Quality and Counterfeiting,14,9,-5,0.0001,0.0,-0.0
T12900,Organ and Tissue Transplantation Research,11,12,1,0.0001,0.0001,0.0
T12936,"Conflict, Peace, and Violence in Colombia",9,14,5,0.0,0.0001,0.0
T12974,Modernist Literature and Criticism,5,18,13,0.0,0.0001,0.01
T13132,"Hydropower, Displacement, Environmental Impact",13,10,-3,0.0001,0.0,-0.0
T13443,Mineralogy and Gemology Studies,14,9,-5,0.0001,0.0,-0.0
T13523,"Mathematics, Computing, and Information Processing",22,1,-21,0.0001,0.0,-0.01
T13603,Corporate Social Responsibility and Sustainability,2,21,19,0.0,0.0001,0.01
T13624,Social Sciences and Policies,9,14,5,0.0,0.0001,0.0
T13714,Medieval Architecture and Archaeology,13,10,-3,0.0001,0.0,-0.0
T13812,AI and HR Technologies,10,13,3,0.0,0.0001,0.0
T13970,Pharmacy and Medical Practices,7,16,9,0.0,0.0001,0.0
T13982,Social Movements and Cultural Identity,0,23,23,0.0,0.0001,0.01
T13984,"Nutrition, Genetics, and Disease",22,1,-21,0.0001,0.0,-0.01
T14041,Central European Literary Studies,10,13,3,0.0,0.0001,0.0
T10400,Network Security and Intrusion Detection,15,7,-8,0.0001,0.0,-0.0
T10424,Electric Power System Optimization,13,9,-4,0.0001,0.0,-0.0
T10501,Polymer Nanocomposites and Properties,14,8,-6,0.0001,0.0,-0.0
T10586,Robotic Path Planning Algorithms,12,10,-2,0.0001,0.0,-0.0
T10712,Library Science and Information Literacy,7,15,8,0.0,0.0001,0.0
T11085,Fungal Biology and Applications,20,2,-18,0.0001,0.0,-0.01
T11204,Ion Channels and Receptors,12,10,-2,0.0001,0.0,-0.0
T11216,Radiation Detection and Scintillator Technologies,13,9,-4,0.0001,0.0,-0.0
T11401,Minerals Flotation and Separation Techniques,9,13,4,0.0,0.0001,0.0
T11656,Turtle Biology and Conservation,13,9,-4,0.0001,0.0,-0.0
T11963,Impact of Light on Environment and Health,13,9,-4,0.0001,0.0,-0.0
T11966,Silk-based biomaterials and applications,13,9,-4,0.0001,0.0,-0.0
T11969,Fluoride Effects and Removal,16,6,-10,0.0001,0.0,-0.0
T12082,Takotsubo Cardiomyopathy and Associated Phenomena,11,11,0,0.0001,0.0001,0.0
T12166,Ion-surface interactions and analysis,15,7,-8,0.0001,0.0,-0.0
T12259,Environmental Justice and Health Disparities,13,9,-4,0.0001,0.0,-0.0
T12288,Optimization and Search Problems,13,9,-4,0.0001,0.0,-0.0
T12387,Galectins and Cancer Biology,16,6,-10,0.0001,0.0,-0.0
T12459,Nerve Injury and Rehabilitation,13,9,-4,0.0001,0.0,-0.0
T12562,Synthesis and Characterization of Pyrroles,7,15,8,0.0,0.0001,0.0
T12579,Muon and positron interactions and applications,14,8,-6,0.0001,0.0,-0.0
T12600,Eosinophilic Disorders and Syndromes,18,4,-14,0.0001,0.0,-0.01
T12715,Pregnancy-related medical research,19,3,-16,0.0001,0.0,-0.01
T12761,Data Stream Mining Techniques,16,6,-10,0.0001,0.0,-0.0
T12939,Polish Law and Legal System,10,12,2,0.0,0.0001,0.0
T12946,Fractal and DNA sequence analysis,17,5,-12,0.0001,0.0,-0.01
T13023,Synthesis of Organic Compounds,21,1,-20,0.0001,0.0,-0.01
T13057,Asian Industrial and Economic Development,10,12,2,0.0,0.0001,0.0
T13066,Information Society and Technology Trends,2,20,18,0.0,0.0001,0.01
T13177,Geological and Geophysical Studies,12,10,-2,0.0001,0.0,-0.0
T13235,Management Theory and Practice,1,21,20,0.0,0.0001,0.01
T13396,Agriculture and Rural Development Research,21,1,-20,0.0001,0.0,-0.01
T13519,Historical Architecture and Urbanism,4,18,14,0.0,0.0001,0.01
T13525,Cambodian History and Society,22,0,-22,0.0001,0.0,-0.01
T13552,Advanced Materials Characterization Techniques,20,2,-18,0.0001,0.0,-0.01
T13768,Oral and gingival health research,16,6,-10,0.0001,0.0,-0.0
T13920,Urban Planning and Valuation,12,10,-2,0.0001,0.0,-0.0
T14072,Immunotoxicology and immune responses,6,16,10,0.0,0.0001,0.0
T10110,earthquake and tectonic studies,15,6,-9,0.0001,0.0,-0.0
T10140,Food composition and properties,9,12,3,0.0,0.0001,0.0
T10244,Chaos control and synchronization,12,9,-3,0.0001,0.0,-0.0
T10343,"Hydrogels: synthesis, properties, applications",7,14,7,0.0,0.0001,0.0
T10367,Agricultural Innovations and Practices,5,16,11,0.0,0.0001,0.01
T10584,Reproductive Physiology in Livestock,7,14,7,0.0,0.0001,0.0
T10662,Ultrasonics and Acoustic Wave Propagation,13,8,-5,0.0001,0.0,-0.0
T11025,Nonlinear Optical Materials Research,16,5,-11,0.0001,0.0,-0.01
T11030,Scoliosis diagnosis and treatment,14,7,-7,0.0001,0.0,-0.0
T11128,Transition Metal Oxide Nanomaterials,13,8,-5,0.0001,0.0,-0.0
T11333,Climate change and permafrost,11,10,-1,0.0001,0.0,-0.0
T11564,Mathematical Inequalities and Applications,10,11,1,0.0,0.0001,0.0
T11910,Foreign Body Medical Cases,7,14,7,0.0,0.0001,0.0
T12176,Optimization and Packing Problems,13,8,-5,0.0001,0.0,-0.0
T12180,Polar Research and Ecology,13,8,-5,0.0001,0.0,-0.0
T12456,Geotourism and Geoheritage Conservation,9,12,3,0.0,0.0001,0.0
T12598,Cardiac Structural Anomalies and Repair,16,5,-11,0.0001,0.0,-0.01
T12611,Neural Networks and Reservoir Computing,17,4,-13,0.0001,0.0,-0.01
T12708,Economic and Financial Impacts of Cancer,15,6,-9,0.0001,0.0,-0.0
T12711,Immigration and Intercultural Education,7,14,7,0.0,0.0001,0.0
T12751,Leadership and Management in Organizations,2,19,17,0.0,0.0001,0.01
T12775,Legal Issues in South Africa,15,6,-9,0.0001,0.0,-0.0
T12778,History of Medicine and Tropical Health,0,21,21,0.0,0.0001,0.01
T12812,Meromorphic and Entire Functions,15,6,-9,0.0001,0.0,-0.0
T12864,Psychoanalysis and Social Critique,8,13,5,0.0,0.0001,0.0
T12876,Potassium and Related Disorders,13,8,-5,0.0001,0.0,-0.0
T12880,Qualitative Research Methods and Applications,3,18,15,0.0,0.0001,0.01
T12883,Sustainable Development and Environmental Management,0,21,21,0.0,0.0001,0.01
T12998,Education and Islamic Studies,12,9,-3,0.0001,0.0,-0.0
T13099,"Health, Medicine and Society",14,7,-7,0.0001,0.0,-0.0
T13351,Critical Theory and Political Philosophy,7,14,7,0.0,0.0001,0.0
T13356,Early Modern Women Writers,8,13,5,0.0,0.0001,0.0
T13416,Educational Theory and Curriculum Studies,4,17,13,0.0,0.0001,0.01
T13528,Water Resources and Governance,0,21,21,0.0,0.0001,0.01
T13546,Census and Population Estimation,14,7,-7,0.0001,0.0,-0.0
T13582,"Stalking, Cyberstalking, and Harassment",12,9,-3,0.0001,0.0,-0.0
T13597,Medicine and Dermatology Studies History,16,5,-11,0.0001,0.0,-0.01
T13762,Education and Labor Relations,0,21,21,0.0,0.0001,0.01
T13815,Islamic Thought and Society Studies,1,20,19,0.0,0.0001,0.01
T13818,Cultural Studies and Colonialism,0,21,21,0.0,0.0001,0.01
T13946,Musculoskeletal Disorders and Rehabilitation,19,2,-17,0.0001,0.0,-0.01
T14508,Vocational Education and Training,1,20,19,0.0,0.0001,0.01
T10288,Fractional Differential Equations Solutions,11,9,-2,0.0001,0.0,-0.0
T10439,Climate change impacts on agriculture,7,13,6,0.0,0.0001,0.0
T10638,Optical measurement and interference techniques,10,10,0,0.0,0.0,0.0
T11125,Petri Nets in System Modeling,13,7,-6,0.0001,0.0,-0.0
T11132,Psychoanalysis and Psychopathology Research,10,10,0,0.0,0.0,0.0
T11210,Mathematical Analysis and Transform Methods,9,11,2,0.0,0.0001,0.0
T11231,Microbial Fuel Cells and Bioremediation,12,8,-4,0.0001,0.0,-0.0
T11238,Simulation-Based Education in Healthcare,13,7,-6,0.0001,0.0,-0.0
T11511,Dyeing and Modifying Textile Fibers,9,11,2,0.0,0.0001,0.0
T11785,Nausea and vomiting management,13,7,-6,0.0001,0.0,-0.0
T11848,Heme Oxygenase-1 and Carbon Monoxide,15,5,-10,0.0001,0.0,-0.0
T11908,Protein Interaction Studies and Fluorescence Analysis,8,12,4,0.0,0.0001,0.0
T11914,PARP inhibition in cancer therapy,13,7,-6,0.0001,0.0,-0.0
T12120,Air Quality Monitoring and Forecasting,15,5,-10,0.0001,0.0,-0.0
T12171,Open Education and E-Learning,9,11,2,0.0,0.0001,0.0
T12280,Magnesium in Health and Disease,15,5,-10,0.0001,0.0,-0.0
T12283,Latin American history and culture,9,11,2,0.0,0.0001,0.0
T12432,Arctic and Russian Policy Studies,17,3,-14,0.0001,0.0,-0.01
T12525,Australian History and Society,16,4,-12,0.0001,0.0,-0.01
T12658,Language and Culture,12,8,-4,0.0001,0.0,-0.0
T12681,Global Healthcare and Medical Tourism,12,8,-4,0.0001,0.0,-0.0
T12684,Stuttering Research and Treatment,10,10,0,0.0,0.0,0.0
T12845,Methemoglobinemia and Tumor Lysis Syndrome,11,9,-2,0.0001,0.0,-0.0
T13030,Survey Sampling and Estimation Techniques,7,13,6,0.0,0.0001,0.0
T13133,Architecture and Art History Studies,12,8,-4,0.0001,0.0,-0.0
T13245,Samuel Beckett and Modernism,11,9,-2,0.0001,0.0,-0.0
T13268,Photographic and Visual Arts,2,18,16,0.0,0.0001,0.01
T13325,Dye analysis and toxicity,17,3,-14,0.0001,0.0,-0.01
T13383,Tumors and Oncological Cases,13,7,-6,0.0001,0.0,-0.0
T13735,History of Medical Practice,13,7,-6,0.0001,0.0,-0.0
T13765,Social Science and Policy Research,5,15,10,0.0,0.0001,0.0
T13783,"Feminism, Gender, and Intersectionality",4,16,12,0.0,0.0001,0.01
T13894,Indian Economic and Social Development,10,10,0,0.0,0.0,0.0
T13916,Environmental Policies and Emissions,9,11,2,0.0,0.0001,0.0
T13976,Web visibility and informetrics,19,1,-18,0.0001,0.0,-0.01
T14010,Food Industry and Aquatic Biology,3,17,14,0.0,0.0001,0.01
T14104,Developmental and Educational Neuropsychology,4,16,12,0.0,0.0001,0.01
T14201,Data Analysis and Archiving,17,3,-14,0.0001,0.0,-0.01
T14300,Legal and Social Philosophy,4,16,12,0.0,0.0001,0.01
T14378,Entomological Studies and Ecology,19,1,-18,0.0001,0.0,-0.01
T14388,Medieval European History and Architecture,10,10,0,0.0,0.0,0.0
T10121,Building Energy and Comfort Optimization,12,7,-5,0.0001,0.0,-0.0
T10153,"Education, sociology, and vocational training",16,3,-13,0.0001,0.0,-0.01
T10323,Analog and Mixed-Signal Circuit Design,7,12,5,0.0,0.0001,0.0
T10450,Aquaculture Nutrition and Growth,15,4,-11,0.0001,0.0,-0.01
T10642,Plasma Applications and Diagnostics,9,10,1,0.0,0.0,0.0
T10743,Software Testing and Debugging Techniques,11,8,-3,0.0001,0.0,-0.0
T10838,Animal Behavior and Welfare Studies,8,11,3,0.0,0.0001,0.0
T10848,Advanced Multi-Objective Optimization Algorithms,14,5,-9,0.0001,0.0,-0.0
T10939,Crystal Structures and Properties,6,13,7,0.0,0.0001,0.0
T11186,Hydrology and Drought Analysis,12,7,-5,0.0001,0.0,-0.0
T11299,Problem and Project Based Learning,8,11,3,0.0,0.0001,0.0
T11341,Boron and Carbon Nanomaterials Research,10,9,-1,0.0,0.0,-0.0
T11386,Bee Products Chemical Analysis,14,5,-9,0.0001,0.0,-0.0
T11523,Nanomaterials and Printing Technologies,16,3,-13,0.0001,0.0,-0.01
T11575,Nonlinear Photonic Systems,16,3,-13,0.0001,0.0,-0.01
T11598,Internet Traffic Analysis and Secure E-voting,10,9,-1,0.0,0.0,-0.0
T11630,Petroleum Processing and Analysis,13,6,-7,0.0001,0.0,-0.0
T11771,Plant Pathogens and Resistance,12,7,-5,0.0001,0.0,-0.0
T11820,Learning Styles and Cognitive Differences,9,10,1,0.0,0.0,0.0
T11843,Family Business Performance and Succession,15,4,-11,0.0001,0.0,-0.01
T11988,Sustainable Building Design and Assessment,13,6,-7,0.0001,0.0,-0.0
T11991,Soft tissue tumor case studies,14,5,-9,0.0001,0.0,-0.0
T12001,Fossil Insects in Amber,14,5,-9,0.0001,0.0,-0.0
T12055,Boron Compounds in Chemistry,16,3,-13,0.0001,0.0,-0.01
T12209,Bone and Joint Diseases,16,3,-13,0.0001,0.0,-0.01
T12254,Machine Learning in Bioinformatics,18,1,-17,0.0001,0.0,-0.01
T12354,Innovations in Educational Methods,15,4,-11,0.0001,0.0,-0.01
T12419,Phonocardiography and Auscultation Techniques,12,7,-5,0.0001,0.0,-0.0
T12469,"Chaos, Complexity, and Education",13,6,-7,0.0001,0.0,-0.0
T12599,Retinal and Optic Conditions,12,7,-5,0.0001,0.0,-0.0
T12614,Indigenous Studies and Ecology,18,1,-17,0.0001,0.0,-0.01
T12643,Sustainability and Ecological Systems Analysis,9,10,1,0.0,0.0,0.0
T12746,Sustainable Industrial Ecology,11,8,-3,0.0001,0.0,-0.0
T12903,Globalization and Cultural Identity,15,4,-11,0.0001,0.0,-0.01
T12954,Law and Political Science,18,1,-17,0.0001,0.0,-0.01
T13080,Advanced Differential Geometry Research,5,14,9,0.0,0.0001,0.0
T13084,Education during COVID-19 pandemic,2,17,15,0.0,0.0001,0.01
T13089,Medieval and Early Modern Iberia,3,16,13,0.0,0.0001,0.01
T13153,Rousseau and Enlightenment Thought,3,16,13,0.0,0.0001,0.01
T13163,Organizational Learning and Leadership,12,7,-5,0.0001,0.0,-0.0
T13347,Christian Theology and Mission,2,17,15,0.0,0.0001,0.01
T13409,Paleopathology and ancient diseases,10,9,-1,0.0,0.0,-0.0
T13477,Sustainable Design and Development,3,16,13,0.0,0.0001,0.01
T13481,Neurological diseases and metabolism,15,4,-11,0.0001,0.0,-0.01
T13493,Optical and Acousto-Optic Technologies,13,6,-7,0.0001,0.0,-0.0
T13569,Microscopic Colitis,18,1,-17,0.0001,0.0,-0.01
T13633,Public Health and Social Inequalities,4,15,11,0.0,0.0001,0.01
T13773,International Labor and Employment Law,10,9,-1,0.0,0.0,-0.0
T13821,Coaching Methods and Impact,10,9,-1,0.0,0.0,-0.0
T13844,Higher Education Learning Practices,16,3,-13,0.0001,0.0,-0.01
T14124,"Food, Nutrition, and Cultural Practices",1,18,17,0.0,0.0001,0.01
T14206,Animal Law and Welfare,0,19,19,0.0,0.0001,0.01
T14215,Chemical and Environmental Engineering Research,17,2,-15,0.0001,0.0,-0.01
T14330,Library Science and Information Systems,8,11,3,0.0,0.0001,0.0
T14355,Historical Studies of British Isles,15,4,-11,0.0001,0.0,-0.01
T14466,"Migration, Health, Geopolitics, Historical Geography",4,15,11,0.0,0.0001,0.01
T14472,Environmental and Cultural Studies in Latin America and Beyond,17,2,-15,0.0001,0.0,-0.01
T10520,Mycotoxins in Agriculture and Food,11,7,-4,0.0001,0.0,-0.0
T10707,Cellular and Composite Structures,9,9,0,0.0,0.0,0.0
T11065,Insect Pest Control Strategies,14,4,-10,0.0001,0.0,-0.0
T11181,Advanced Data Storage Technologies,14,4,-10,0.0001,0.0,-0.0
T11494,Coleoptera Taxonomy and Distribution,16,2,-14,0.0001,0.0,-0.01
T11502,Facility Location and Emergency Management,5,13,8,0.0,0.0001,0.0
T11526,Innovative Teaching Methods,10,8,-2,0.0,0.0,-0.0
T11560,Animal Disease Management and Epidemiology,14,4,-10,0.0001,0.0,-0.0
T11563,Indian and Buddhist Studies,4,14,10,0.0,0.0001,0.0
T11612,Stochastic Gradient Optimization Techniques,9,9,0,0.0,0.0,0.0
T11750,Phytoplasmas and Hemiptera pathogens,12,6,-6,0.0001,0.0,-0.0
T11828,Corneal Surgery and Treatments,15,3,-12,0.0001,0.0,-0.01
T11923,Mine drainage and remediation techniques,16,2,-14,0.0001,0.0,-0.01
T12077,Vacuum and Plasma Arcs,3,15,12,0.0,0.0001,0.01
T12093,Greenhouse Technology and Climate Control,3,15,12,0.0,0.0001,0.01
T12182,Evolution and Science Education,11,7,-4,0.0001,0.0,-0.0
T12276,Risk Management in Financial Firms,13,5,-8,0.0001,0.0,-0.0
T12334,Lung Cancer Research Studies,8,10,2,0.0,0.0,0.0
T12345,Adult and Continuing Education Topics,9,9,0,0.0,0.0,0.0
T12445,Twentieth Century Scientific Developments,7,11,4,0.0,0.0001,0.0
T12575,Medical History and Research,16,2,-14,0.0001,0.0,-0.01
T12634,Ureteral procedures and complications,10,8,-2,0.0,0.0,-0.0
T12636,Regional Development and Innovation,4,14,10,0.0,0.0001,0.0
T12678,Themes in Literature Analysis,15,3,-12,0.0001,0.0,-0.01
T12713,Forest Ecology and Biodiversity Studies,17,1,-16,0.0001,0.0,-0.01
T12744,Medical Device Sterilization and Disinfection,10,8,-2,0.0,0.0,-0.0
T12771,Plant pathogens and resistance mechanisms,17,1,-16,0.0001,0.0,-0.01
T12937,Chemotherapy-related skin toxicity,10,8,-2,0.0,0.0,-0.0
T12999,Medieval History and Crusades,4,14,10,0.0,0.0001,0.0
T13033,Social Sciences and Governance,18,0,-18,0.0001,0.0,-0.01
T13120,Nuclear Issues and Defense,13,5,-8,0.0001,0.0,-0.0
T13145,Crime and Detective Fiction Studies,11,7,-4,0.0001,0.0,-0.0
T13195,Medieval Iberian Studies,6,12,6,0.0,0.0001,0.0
T13228,Socioeconomic Development in Asia,18,0,-18,0.0001,0.0,-0.01
T13234,advanced mathematical theories,16,2,-14,0.0001,0.0,-0.01
T13329,Joseph Conrad and Literature,11,7,-4,0.0001,0.0,-0.0
T13427,Latin American Literature Analysis,4,14,10,0.0,0.0001,0.0
T13428,Anarchism and Radical Politics,9,9,0,0.0,0.0,0.0
T13467,Drug-Induced Ocular Toxicity,9,9,0,0.0,0.0,0.0
T13509,Accounting and Financial Management,0,18,18,0.0,0.0001,0.01
T13591,Pasture and Agricultural Systems,15,3,-12,0.0001,0.0,-0.01
T13708,History of Emotions Research,6,12,6,0.0,0.0001,0.0
T13845,Classical Studies and Legal History,12,6,-6,0.0001,0.0,-0.0
T13860,Arts and Performance Studies,2,16,14,0.0,0.0001,0.01
T13896,Health Services Management and Policy,2,16,14,0.0,0.0001,0.01
T13900,Contemporary and Historical Greek Studies,8,10,2,0.0,0.0,0.0
T13949,Belt and Road Initiative,3,15,12,0.0,0.0001,0.01
T13963,Organizational Management and Leadership,9,9,0,0.0,0.0,0.0
T14293,Biotechnology and Related Fields,12,6,-6,0.0001,0.0,-0.0
T14311,Electrical and Electromagnetic Research,1,17,16,0.0,0.0001,0.01
T14450,Employee Welfare and Language Studies,17,1,-16,0.0001,0.0,-0.01
T14517,Diverse Historical and Scientific Studies,5,13,8,0.0,0.0001,0.0
T10074,Carbon Nanotubes in Composites,15,2,-13,0.0001,0.0,-0.01
T10256,Drug Solubulity and Delivery Systems,5,12,7,0.0,0.0001,0.0
T10281,Advanced Battery Materials and Technologies,7,10,3,0.0,0.0,0.0
T10910,Corporate Governance and Management,14,3,-11,0.0001,0.0,-0.01
T10951,Cryptographic Implementations and Security,8,9,1,0.0,0.0,0.0
T11110,Stability and Controllability of Differential Equations,14,3,-11,0.0001,0.0,-0.01
T11188,Coagulation and Flocculation Studies,7,10,3,0.0,0.0,0.0
T11277,Thermal properties of materials,9,8,-1,0.0,0.0,-0.0
T11403,Invertebrate Immune Response Mechanisms,8,9,1,0.0,0.0,0.0
T11561,Protein Hydrolysis and Bioactive Peptides,13,4,-9,0.0001,0.0,-0.0
T11634,Water Quality and Pollution Assessment,14,3,-11,0.0001,0.0,-0.01
T11740,Geochemistry and Elemental Analysis,10,7,-3,0.0,0.0,-0.0
T11781,Wastewater Treatment and Reuse,8,9,1,0.0,0.0,0.0
T12033,Agricultural Economics and Policy,12,5,-7,0.0001,0.0,-0.0
T12043,Insect behavior and control techniques,5,12,7,0.0,0.0001,0.0
T12071,Marine Biology and Environmental Chemistry,14,3,-11,0.0001,0.0,-0.01
T12212,CNS Lymphoma Diagnosis and Treatment,10,7,-3,0.0,0.0,-0.0
T12477,Toxin Mechanisms and Immunotoxins,13,4,-9,0.0001,0.0,-0.0
T12635,African studies and sociopolitical issues,15,2,-13,0.0001,0.0,-0.01
T12644,Wildlife-Road Interactions and Conservation,14,3,-11,0.0001,0.0,-0.01
T12709,Optimization and Mathematical Programming,4,13,9,0.0,0.0001,0.0
T12753,"Psychology, Coaching, and Therapy",17,0,-17,0.0001,0.0,-0.01
T12828,Plant Genetic and Mutation Studies,6,11,5,0.0,0.0001,0.0
T12838,Photovoltaic Systems and Sustainability,5,12,7,0.0,0.0001,0.0
T12884,Educational Assessment and Pedagogy,4,13,9,0.0,0.0001,0.0
T13101,Legal and Social Justice Studies,2,15,13,0.0,0.0001,0.01
T13165,Agricultural safety and regulations,8,9,1,0.0,0.0,0.0
T13168,Plant Ecology and Taxonomy Studies,11,6,-5,0.0001,0.0,-0.0
T13206,Neonatal skin health care,16,1,-15,0.0001,0.0,-0.01
T13266,Indigenous Studies in Latin America,1,16,15,0.0,0.0001,0.01
T13306,Geography and Education Methods,1,16,15,0.0,0.0001,0.01
T13328,Osteomyelitis and Bone Disorders Research,11,6,-5,0.0001,0.0,-0.0
T13381,Heart rate and cardiovascular health,14,3,-11,0.0001,0.0,-0.01
T13394,"Ecology, Conservation, and Geographical Studies",12,5,-7,0.0001,0.0,-0.0
T13503,"Gender, Health, and Social Inequality",3,14,11,0.0,0.0001,0.01
T13566,Global Educational Reforms and Inequalities,12,5,-7,0.0001,0.0,-0.0
T13600,Science Education and Perceptions,6,11,5,0.0,0.0001,0.0
T13648,Cerebrovascular and genetic disorders,4,13,9,0.0,0.0001,0.0
T13704,French Literature and Poetry,8,9,1,0.0,0.0,0.0
T13811,Earth Systems and Cosmic Evolution,5,12,7,0.0,0.0001,0.0
T13838,Plant and soil sciences,10,7,-3,0.0,0.0,-0.0
T13921,Biological Stains and Phytochemicals,6,11,5,0.0,0.0001,0.0
T14159,Discourse Analysis and Cultural Communication,16,1,-15,0.0001,0.0,-0.01
T14317,"Finance, Markets, and Regulation",1,16,15,0.0,0.0001,0.01
T14348,Marriage and Family Dynamics,0,17,17,0.0,0.0001,0.01
T14396,Healthcare Regulation,1,16,15,0.0,0.0001,0.01
T14441,"Religion, Theology, History, Judaism, Christianity",9,8,-1,0.0,0.0,-0.0
T14510,Medical Imaging and Analysis,11,6,-5,0.0001,0.0,-0.0
T10057,Face and Expression Recognition,12,4,-8,0.0001,0.0,-0.0
T10500,Sparse and Compressive Sensing Techniques,8,8,0,0.0,0.0,0.0
T10789,Interactive and Immersive Displays,4,12,8,0.0,0.0001,0.0
T10868,Soft Robotics and Applications,10,6,-4,0.0,0.0,-0.0
T11028,Social Work Education and Practice,8,8,0,0.0,0.0,0.0
T11175,Gyrotron and Vacuum Electronics Research,14,2,-12,0.0001,0.0,-0.01
T11283,Experimental Learning in Engineering,12,4,-8,0.0001,0.0,-0.0
T11398,Hand Gesture Recognition Systems,7,9,2,0.0,0.0,0.0
T11691,Forest Insect Ecology and Management,12,4,-8,0.0001,0.0,-0.0
T11718,Physical Education and Pedagogy,11,5,-6,0.0001,0.0,-0.0
T11824,Injury Epidemiology and Prevention,11,5,-6,0.0001,0.0,-0.0
T11905,Veterinary Pharmacology and Anesthesia,9,7,-2,0.0,0.0,-0.0
T11985,Marine Toxins and Detection Methods,11,5,-6,0.0001,0.0,-0.0
T11992,CCD and CMOS Imaging Sensors,11,5,-6,0.0001,0.0,-0.0
T12019,Calibration and Measurement Techniques,13,3,-10,0.0001,0.0,-0.0
T12046,MXene and MAX Phase Materials,11,5,-6,0.0001,0.0,-0.0
T12132,Hymenoptera taxonomy and phylogeny,7,9,2,0.0,0.0,0.0
T12179,Art Education and Development,6,10,4,0.0,0.0,0.0
T12192,Polysaccharides Composition and Applications,3,13,10,0.0,0.0001,0.0
T12193,Trigeminal Neuralgia and Treatments,10,6,-4,0.0,0.0,-0.0
T12405,Characterization and Applications of Magnetic Nanoparticles,9,7,-2,0.0,0.0,-0.0
T12499,"Diphtheria, Corynebacterium, and Tetanus",10,6,-4,0.0,0.0,-0.0
T12548,Hemostasis and retained surgical items,11,5,-6,0.0001,0.0,-0.0
T12587,Gestational Trophoblastic Disease Studies,11,5,-6,0.0001,0.0,-0.0
T12698,3D Modeling in Geospatial Applications,14,2,-12,0.0001,0.0,-0.01
T12762,Crystallography and Radiation Phenomena,12,4,-8,0.0001,0.0,-0.0
T12847,Healthcare Systems and Challenges,8,8,0,0.0,0.0,0.0
T12972,German Colonialism and Identity Studies,14,2,-12,0.0001,0.0,-0.01
T12996,Cancer Research and Treatments,15,1,-14,0.0001,0.0,-0.01
T13006,Spanish History and Politics,3,13,10,0.0,0.0001,0.0
T13059,"Religion, Ecology, and Ethics",9,7,-2,0.0,0.0,-0.0
T13091,Human Health and Disease,8,8,0,0.0,0.0,0.0
T13225,Polish-Jewish Holocaust Memory Studies,8,8,0,0.0,0.0,0.0
T13317,"Media, Communication, and Education",12,4,-8,0.0001,0.0,-0.0
T13382,Robotics and Automated Systems,13,3,-10,0.0001,0.0,-0.0
T13473,Economic Zones and Regional Development,10,6,-4,0.0,0.0,-0.0
T13587,Q Methodology Applications,10,6,-4,0.0,0.0,-0.0
T13618,Regional Socio-Economic Development Trends,8,8,0,0.0,0.0,0.0
T13780,Diverse Education Studies and Reforms,11,5,-6,0.0001,0.0,-0.0
T13864,Indigenous Cultures and History,4,12,8,0.0,0.0001,0.0
T13867,Economic Growth and Development,14,2,-12,0.0001,0.0,-0.01
T13885,Geophysics and Sensor Technology,16,0,-16,0.0001,0.0,-0.01
T13947,Media Discourse and Social  Analysis,1,15,14,0.0,0.0001,0.01
T14055,Consumer Packaging Perceptions and Trends,6,10,4,0.0,0.0,0.0
T14149,Historical and Literary Analyses,13,3,-10,0.0001,0.0,-0.0
T14282,"Security, Politics, and Digital Transformation",7,9,2,0.0,0.0,0.0
T14284,Social Sciences and Humanities,1,15,14,0.0,0.0001,0.01
T14310,Botany and Geology in Latin America and Caribbean,15,1,-14,0.0001,0.0,-0.01
T14343,Hispanic-African Historical Relations,14,2,-12,0.0001,0.0,-0.01
T14513,"Leadership, Courage, and Heroism Studies",12,4,-8,0.0001,0.0,-0.0
T10377,Metal and Thin Film Mechanics,12,3,-9,0.0001,0.0,-0.0
T10398,Groundwater and Isotope Geochemistry,8,7,-1,0.0,0.0,-0.0
T10545,Optimization and Variational Analysis,8,7,-1,0.0,0.0,-0.0
T10653,Robot Manipulation and Learning,6,9,3,0.0,0.0,0.0
T10806,Energetic Materials and Combustion,4,11,7,0.0,0.0001,0.0
T10829,Interconnection Networks and Systems,10,5,-5,0.0,0.0,-0.0
T10909,Edible Oils Quality and Analysis,2,13,11,0.0,0.0001,0.01
T11134,Breast Lesions and Carcinomas,4,11,7,0.0,0.0001,0.0
T11138,Tribology and Lubrication Engineering,7,8,1,0.0,0.0,0.0
T11286,Polyoxometalates: Synthesis and Applications,11,4,-7,0.0001,0.0,-0.0
T11411,Tea Polyphenols and Effects,9,6,-3,0.0,0.0,-0.0
T11425,Diverse Music Education Insights,9,6,-3,0.0,0.0,-0.0
T11662,Legal Cases and Commentary,6,9,3,0.0,0.0,0.0
T11816,Nursing Roles and Practices,6,9,3,0.0,0.0,0.0
T12062,Approximation Theory and Sequence Spaces,6,9,3,0.0,0.0,0.0
T12121,Cooperative Studies and Economics,6,9,3,0.0,0.0,0.0
T12304,Radiative Heat Transfer Studies,2,13,11,0.0,0.0001,0.01
T12399,Wine Industry and Tourism,13,2,-11,0.0001,0.0,-0.01
T12433,Skin Diseases and Diabetes,6,9,3,0.0,0.0,0.0
T12489,Microbial Metabolites in Food Biotechnology,12,3,-9,0.0001,0.0,-0.0
T12523,Nasolacrimal Duct Obstruction Treatments,9,6,-3,0.0,0.0,-0.0
T12549,Image and Object Detection Techniques,7,8,1,0.0,0.0,0.0
T12583,Food Waste Reduction and Sustainability,13,2,-11,0.0001,0.0,-0.01
T12630,African Botany and Ecology Studies,12,3,-9,0.0001,0.0,-0.0
T12697,Water Quality Monitoring Technologies,10,5,-5,0.0,0.0,-0.0
T12717,Space exploration and regulation,8,7,-1,0.0,0.0,-0.0
T12723,Hannah Arendt's Political Philosophy,10,5,-5,0.0,0.0,-0.0
T12776,Electrohydrodynamics and Fluid Dynamics,8,7,-1,0.0,0.0,-0.0
T12837,American Environmental and Regional History,12,3,-9,0.0001,0.0,-0.0
T12920,Healthcare and Environmental Waste Management,10,5,-5,0.0,0.0,-0.0
T12935,Healthcare Systems and Public Health,7,8,1,0.0,0.0,0.0
T12948,Inclusion and Disability in Education and Sport,5,10,5,0.0,0.0,0.0
T13062,Cognitive Computing and Networks,3,12,9,0.0,0.0001,0.0
T13067,Geological Modeling and Analysis,5,10,5,0.0,0.0,0.0
T13131,Collaborative Teaching and Inclusion,9,6,-3,0.0,0.0,-0.0
T13258,Williams Syndrome Research,10,5,-5,0.0,0.0,-0.0
T13316,"Crafts, Textile, and Design",10,5,-5,0.0,0.0,-0.0
T13506,Botanical Research and Chemistry,15,0,-15,0.0001,0.0,-0.01
T13507,"Literature, Politics, and Exile Studies",14,1,-13,0.0001,0.0,-0.01
T13545,Philosophical and Theoretical Analysis,4,11,7,0.0,0.0001,0.0
T13577,Sephardic Jews and Inquisition Studies,4,11,7,0.0,0.0001,0.0
T13724,Humanities and Social Sciences,2,13,11,0.0,0.0001,0.01
T13764,Political theory and Gramsci,8,7,-1,0.0,0.0,-0.0
T13779,Cancer Mechanisms and Therapy,15,0,-15,0.0001,0.0,-0.01
T13796,Neurological Disorders and Treatments,13,2,-11,0.0001,0.0,-0.01
T13850,Night-time city culture,7,8,1,0.0,0.0,0.0
T13931,Philosophy and Historical Thought,6,9,3,0.0,0.0,0.0
T14000,"Cultural, Social, and Media Studies",1,14,13,0.0,0.0001,0.01
T14035,"Literature, Culture, and Aesthetics",2,13,11,0.0,0.0001,0.01
T14079,Mathematics Education and Programs,7,8,1,0.0,0.0,0.0
T14094,Italy: Economic History and Contemporary Issues,14,1,-13,0.0001,0.0,-0.01
T14109,Scottish History and National Identity,14,1,-13,0.0001,0.0,-0.01
T14434,Historical and Modern Theater Studies,5,10,5,0.0,0.0,0.0
T14486,"Cardiovascular, Neuropeptides, and Oxidative Stress Research",3,12,9,0.0,0.0001,0.0
T14489,Basque language and culture studies,8,7,-1,0.0,0.0,-0.0
T10850,Heat Transfer and Boiling Studies,9,5,-4,0.0,0.0,-0.0
T10865,Shape Memory Alloy Transformations,3,11,8,0.0,0.0001,0.0
T10872,Veterinary Equine Medical Research,4,10,6,0.0,0.0,0.0
T11052,Energy Load and Power Forecasting,8,6,-2,0.0,0.0,-0.0
T11220,Water Systems and Optimization,7,7,0,0.0,0.0,0.0
T11234,Precipitation Measurement and Analysis,9,5,-4,0.0,0.0,-0.0
T11242,Nuclear Materials and Properties,13,1,-12,0.0001,0.0,-0.01
T11357,Risk and Safety Analysis,13,1,-12,0.0001,0.0,-0.01
T11505,Reproductive biology and impacts on aquatic species,11,3,-8,0.0001,0.0,-0.0
T11522,VLSI and FPGA Design Techniques,12,2,-10,0.0001,0.0,-0.0
T11533,Melanoma and MAPK Pathways,10,4,-6,0.0,0.0,-0.0
T11972,Chromium effects and bioremediation,10,4,-6,0.0,0.0,-0.0
T12111,Industrial Vision Systems and Defect Detection,13,1,-12,0.0001,0.0,-0.01
T12199,Vascular Anomalies and Treatments,10,4,-6,0.0,0.0,-0.0
T12342,Vascular anomalies and interventions,7,7,0,0.0,0.0,0.0
T12344,Silicon Effects in Agriculture,4,10,6,0.0,0.0,0.0
T12393,Workplace Spirituality and Leadership,9,5,-4,0.0,0.0,-0.0
T12453,Infectious Aortic and Vascular Conditions,9,5,-4,0.0,0.0,-0.0
T12533,Aldose Reductase and Taurine,10,4,-6,0.0,0.0,-0.0
T12631,Head and Neck Anomalies,7,7,0,0.0,0.0,0.0
T12670,"Urbanism, Landscape, and Tourism Studies",3,11,8,0.0,0.0001,0.0
T12959,Engineering and Materials Science Studies,14,0,-14,0.0001,0.0,-0.01
T12975,Paraoxonase enzyme and polymorphisms,8,6,-2,0.0,0.0,-0.0
T12995,Urban Development and Cultural Heritage,3,11,8,0.0,0.0001,0.0
T13015,"Botany, Ecology, and Taxonomy Studies",11,3,-8,0.0001,0.0,-0.0
T13040,"Gender, Education, and Development Issues",1,13,12,0.0,0.0001,0.01
T13069,Cocoa and Sweet Potato Agronomy,14,0,-14,0.0001,0.0,-0.01
T13094,Mining and Gasification Technologies,2,12,10,0.0,0.0001,0.0
T13097,Male Breast Health Studies,7,7,0,0.0,0.0,0.0
T13122,Linguistics and Cultural Studies,10,4,-6,0.0,0.0,-0.0
T13164,Quality and Management Systems,5,9,4,0.0,0.0,0.0
T13415,Calcium signaling and nucleotide metabolism,11,3,-8,0.0001,0.0,-0.0
T13418,Photocathodes and Microchannel Plates,12,2,-10,0.0001,0.0,-0.0
T13439,Transport and Economic Policies,9,5,-4,0.0,0.0,-0.0
T13557,Environmental and sustainability education,1,13,12,0.0,0.0001,0.01
T13622,Historical and Environmental Studies,7,7,0,0.0,0.0,0.0
T13690,Quality and Safety in Healthcare,13,1,-12,0.0001,0.0,-0.01
T13738,Congenital Ear and Nasal Anomalies,9,5,-4,0.0,0.0,-0.0
T13747,Sociopolitical Dynamics in Russia,12,2,-10,0.0001,0.0,-0.0
T13833,Ferrocene Chemistry and Applications,10,4,-6,0.0,0.0,-0.0
T13861,Health and Lifestyle Studies,6,8,2,0.0,0.0,0.0
T13902,Indian History and Philosophy,12,2,-10,0.0001,0.0,-0.0
T14129,Economic and Business Studies,14,0,-14,0.0001,0.0,-0.01
T14314,"Violence, Religion, and Philosophy",5,9,4,0.0,0.0,0.0
T14350,"Innovation, Sustainability, Human-Machine Systems",12,2,-10,0.0001,0.0,-0.0
T14428,Coal and Coke Industries Research,5,9,4,0.0,0.0,0.0
T14468,Plant Ecology and Soil Science,8,6,-2,0.0,0.0,-0.0
T10090,ZnO doping and properties,6,7,1,0.0,0.0,0.0
T10204,Microstructure and mechanical properties,4,9,5,0.0,0.0,0.0
T10274,Synthesis and biological activity,5,8,3,0.0,0.0,0.0
T10338,Advanced Sensor and Energy Harvesting Materials,12,1,-11,0.0001,0.0,-0.01
T10461,Gas Sensing Nanomaterials and Sensors,13,0,-13,0.0001,0.0,-0.01
T10822,Acoustic Wave Phenomena Research,8,5,-3,0.0,0.0,-0.0
T11050,Photorefractive and Nonlinear Optics,8,5,-3,0.0,0.0,-0.0
T11119,Urban Stormwater Management Solutions,7,6,-1,0.0,0.0,-0.0
T11301,Advanced Surface Polishing Techniques,4,9,5,0.0,0.0,0.0
T11409,Advanced Wireless Network Optimization,12,1,-11,0.0001,0.0,-0.01
T11568,Railway Systems and Energy Efficiency,4,9,5,0.0,0.0,0.0
T11760,Plant responses to elevated CO2,7,6,-1,0.0,0.0,-0.0
T11814,Advanced Manufacturing and Logistics Optimization,11,2,-9,0.0001,0.0,-0.0
T11821,Odor and Emission Control Technologies,7,6,-1,0.0,0.0,-0.0
T11867,Traumatic Ocular and Foreign Body Injuries,11,2,-9,0.0001,0.0,-0.0
T11909,Histiocytic Disorders and Treatments,4,9,5,0.0,0.0,0.0
T12003,Bioenergy crop production and management,5,8,3,0.0,0.0,0.0
T12029,DNA and Biological Computing,11,2,-9,0.0001,0.0,-0.0
T12173,Body Contouring and Surgery,10,3,-7,0.0,0.0,-0.0
T12207,Assistive Technology in Communication and Mobility,6,7,1,0.0,0.0,0.0
T12211,Aluminum toxicity and tolerance in plants and animals,7,6,-1,0.0,0.0,-0.0
T12242,Latin American and Latino Studies,10,3,-7,0.0,0.0,-0.0
T12464,Neurological Complications and Syndromes,10,3,-7,0.0,0.0,-0.0
T12484,Retinopathy of Prematurity Studies,10,3,-7,0.0,0.0,-0.0
T12490,Software Engineering and Design Patterns,4,9,5,0.0,0.0,0.0
T12578,Diagnosis and treatment of tuberculosis,7,6,-1,0.0,0.0,-0.0
T12608,Spatial Neglect and Hemispheric Dysfunction,9,4,-5,0.0,0.0,-0.0
T12612,Strong Light-Matter Interactions,5,8,3,0.0,0.0,0.0
T12673,Microbial Metabolism and Applications,11,2,-9,0.0001,0.0,-0.0
T12677,Sports Dynamics and Biomechanics,7,6,-1,0.0,0.0,-0.0
T12692,Magnetic Field Sensors Techniques,13,0,-13,0.0001,0.0,-0.01
T12700,Doping in Sports,9,4,-5,0.0,0.0,-0.0
T12795,Banana Cultivation and Research,7,6,-1,0.0,0.0,-0.0
T12818,"Pneumothorax, Barotrauma, Emphysema",5,8,3,0.0,0.0,0.0
T12833,Bartonella species infections research,7,6,-1,0.0,0.0,-0.0
T13019,African Studies and Geopolitics,7,6,-1,0.0,0.0,-0.0
T13076,"Torture, Ethics, and Law",10,3,-7,0.0,0.0,-0.0
T13171,Polymer Science and PVC,4,9,5,0.0,0.0,0.0
T13193,Geological Studies and Exploration,10,3,-7,0.0,0.0,-0.0
T13272,Psychological Treatments and Assessments,4,9,5,0.0,0.0,0.0
T13314,Lymphadenopathy Diagnosis and Analysis,7,6,-1,0.0,0.0,-0.0
T13338,Pharmacological Effects and Assays,13,0,-13,0.0001,0.0,-0.01
T13526,14-3-3 protein interactions,12,1,-11,0.0001,0.0,-0.01
T13560,Socioeconomic Development in MENA,11,2,-9,0.0001,0.0,-0.0
T13716,Communication Studies and Media,3,10,7,0.0,0.0,0.0
T13722,Ergonomics and Human Factors,9,4,-5,0.0,0.0,-0.0
T13737,Critical and Liberation Pedagogy,1,12,11,0.0,0.0001,0.01
T13834,Whipple's Disease and Interleukins,8,5,-3,0.0,0.0,-0.0
T13887,Augustinian Studies and Theology,6,7,1,0.0,0.0,0.0
T14028,Healthcare and Venom Research,13,0,-13,0.0001,0.0,-0.01
T14034,Musicians’ Health and Performance,10,3,-7,0.0,0.0,-0.0
T14085,Student Stress and Coping,1,12,11,0.0,0.0001,0.01
T14131,Giambattista Vico and Joyce,2,11,9,0.0,0.0001,0.0
T14230,Occupational and Professional Licensing Regulation,6,7,1,0.0,0.0,0.0
T14275,Historical Medical Research and Treatments,8,5,-3,0.0,0.0,-0.0
T14332,European Linguistics and Anthropology,4,9,5,0.0,0.0,0.0
T14408,Coastal Management and Development,1,12,11,0.0,0.0001,0.01
T10016,Adsorption and biosorption for pollutant removal,4,8,4,0.0,0.0,0.0
T10107,Ferroelectric and Piezoelectric Materials,5,7,2,0.0,0.0,0.0
T10132,Advanced ceramic materials synthesis,10,2,-8,0.0,0.0,-0.0
T10173,Computational Fluid Dynamics and Aerodynamics,5,7,2,0.0,0.0,0.0
T10561,Educational Research and Methods,1,11,10,0.0,0.0001,0.0
T10597,Nuclear reactor physics and engineering,11,1,-10,0.0001,0.0,-0.0
T10988,Advanced Fiber Laser Technologies,12,0,-12,0.0001,0.0,-0.01
T11127,Solid State Laser Technologies,5,7,2,0.0,0.0,0.0
T11332,"Genomics, phytochemicals, and oxidative stress",11,1,-10,0.0001,0.0,-0.0
T11424,Security and Verification in Computing,7,5,-2,0.0,0.0,-0.0
T11580,Veterinary Medicine and Surgery,5,7,2,0.0,0.0,0.0
T11622,Maritime Navigation and Safety,8,4,-4,0.0,0.0,-0.0
T11723,Optical Coatings and Gratings,11,1,-10,0.0001,0.0,-0.0
T11813,Library Collection Development and Digital Resources,9,3,-6,0.0,0.0,-0.0
T11835,Sustainability in Higher Education,4,8,4,0.0,0.0,0.0
T11856,Thermography and Photoacoustic Techniques,6,6,0,0.0,0.0,0.0
T11877,Iron oxide chemistry and applications,10,2,-8,0.0,0.0,-0.0
T11920,Pulsed Power Technology Applications,1,11,10,0.0,0.0001,0.0
T11954,Energy Efficiency and Management,9,3,-6,0.0,0.0,-0.0
T12115,Genetic and Environmental Crop Studies,12,0,-12,0.0001,0.0,-0.01
T12187,Glutathione Transferases and Polymorphisms,9,3,-6,0.0,0.0,-0.0
T12278,Vascular Tumors and Angiosarcomas,9,3,-6,0.0,0.0,-0.0
T12378,Accounting Education and Careers,3,9,6,0.0,0.0,0.0
T12384,Customer churn and segmentation,6,6,0,0.0,0.0,0.0
T12674,"Rabbits: Nutrition, Reproduction, Health",10,2,-8,0.0,0.0,-0.0
T12695,Urinary and Genital Oncology Studies,6,6,0,0.0,0.0,0.0
T12712,Myofascial pain diagnosis and treatment,9,3,-6,0.0,0.0,-0.0
T12792,Soil Management and Crop Yield,3,9,6,0.0,0.0,0.0
T12813,Plant and Biological Electrophysiology Studies,11,1,-10,0.0001,0.0,-0.0
T12817,Pharmacological Effects of Natural Compounds,10,2,-8,0.0,0.0,-0.0
T12826,Education Methods and Technologies,10,2,-8,0.0,0.0,-0.0
T12829,Advanced Breast Cancer Therapies,8,4,-4,0.0,0.0,-0.0
T12842,"Youth, Drugs, and Violence",2,10,8,0.0,0.0,0.0
T12889,"Psychoanalysis, Philosophy, and Politics",7,5,-2,0.0,0.0,-0.0
T12896,Sustainable Agricultural Systems Analysis,6,6,0,0.0,0.0,0.0
T12976,Magnetic and Electromagnetic Effects,12,0,-12,0.0001,0.0,-0.01
T13001,Restraint-Related Deaths,9,3,-6,0.0,0.0,-0.0
T13049,Surface Roughness and Optical Measurements,7,5,-2,0.0,0.0,-0.0
T13095,Plant-based Medicinal Research,12,0,-12,0.0001,0.0,-0.01
T13096,Family and Matrimonial Law,0,12,12,0.0,0.0001,0.01
T13115,Axial and Atropisomeric Chirality Synthesis,10,2,-8,0.0,0.0,-0.0
T13151,Business Strategies and Innovation,6,6,0,0.0,0.0,0.0
T13200,Spacecraft and Cryogenic Technologies,12,0,-12,0.0001,0.0,-0.01
T13269,Orthoptera Research and Taxonomy,6,6,0,0.0,0.0,0.0
T13333,American Political and Social Dynamics,9,3,-6,0.0,0.0,-0.0
T13353,Flow Experience in Various Fields,6,6,0,0.0,0.0,0.0
T13399,Unemployment and Economic Growth,3,9,6,0.0,0.0,0.0
T13466,Comparative Literary Analysis and Criticism,12,0,-12,0.0001,0.0,-0.01
T13533,Medical Case Reports and Studies,4,8,4,0.0,0.0,0.0
T13537,"German legal, social, and political studies",4,8,4,0.0,0.0,0.0
T13543,Oropharyngeal Anatomy and Pathologies,8,4,-4,0.0,0.0,-0.0
T13659,Ombudsman and Human Rights,8,4,-4,0.0,0.0,-0.0
T13749,"Hungarian Social, Economic and Educational Studies",12,0,-12,0.0001,0.0,-0.01
T13793,Environmental and Analytical Chemistry Studies,1,11,10,0.0,0.0001,0.0
T13800,Earthquake and Disaster Impact Studies,8,4,-4,0.0,0.0,-0.0
T13839,"Tourism, Volunteerism, and Development",9,3,-6,0.0,0.0,-0.0
T13888,Social Policies and Family,8,4,-4,0.0,0.0,-0.0
T13927,Cyberloafing and Workplace Behavior,3,9,6,0.0,0.0,0.0
T13951,Fluid dynamics and aerodynamics studies,4,8,4,0.0,0.0,0.0
T13999,Digital Rights Management and Security,11,1,-10,0.0001,0.0,-0.0
T14025,Educational Technology and Assessment,4,8,4,0.0,0.0,0.0
T14112,"Economic, financial, and policy analysis",8,4,-4,0.0,0.0,-0.0
T14126,Intramuscular injections and effects,6,6,0,0.0,0.0,0.0
T14207,Higher Education Practises and Engagement,9,3,-6,0.0,0.0,-0.0
T14209,Public health and occupational medicine,5,7,2,0.0,0.0,0.0
T14269,Food Security and Socioeconomic Dynamics,1,11,10,0.0,0.0001,0.0
T14306,Technology Assessment and Management,10,2,-8,0.0,0.0,-0.0
T14313,Health and Well-being Studies,12,0,-12,0.0001,0.0,-0.01
T14335,Educational Robotics and Engineering,6,6,0,0.0,0.0,0.0
T14404,European Socioeconomic and Political Studies,8,4,-4,0.0,0.0,-0.0
T14405,Fisheries and Aquaculture Studies,3,9,6,0.0,0.0,0.0
T14426,"Religion, Gender, and Enlightenment",8,4,-4,0.0,0.0,-0.0
T14481,Renewable Energy and Sustainability,2,10,8,0.0,0.0,0.0
T14490,Human Rights and Immigration,9,3,-6,0.0,0.0,-0.0
T14512,Technology and Human Factors in Education and Health,5,7,2,0.0,0.0,0.0
T10440,Advanced Thermoelectric Materials and Devices,7,4,-3,0.0,0.0,-0.0
T10616,Smart Agriculture and AI,4,7,3,0.0,0.0,0.0
T10742,Peer-to-Peer Network Technologies,9,2,-7,0.0,0.0,-0.0
T11006,BIM and Construction Integration,11,0,-11,0.0001,0.0,-0.01
T11105,Advanced Image Processing Techniques,6,5,-1,0.0,0.0,-0.0
T11223,Maritime Ports and Logistics,7,4,-3,0.0,0.0,-0.0
T11295,Counseling Practices and Supervision,10,1,-9,0.0,0.0,-0.0
T11302,CO2 Sequestration and Geologic Interactions,6,5,-1,0.0,0.0,-0.0
T11429,Semiconductor Lasers and Optical Devices,6,5,-1,0.0,0.0,-0.0
T11637,Advanced Semiconductor Detectors and Materials,6,5,-1,0.0,0.0,-0.0
T11644,Spam and Phishing Detection,8,3,-5,0.0,0.0,-0.0
T11693,Cryptography and Residue Arithmetic,5,6,1,0.0,0.0,0.0
T11741,Flexible and Reconfigurable Manufacturing Systems,8,3,-5,0.0,0.0,-0.0
T11793,"Recreation, Leisure, Wilderness Management",7,4,-3,0.0,0.0,-0.0
T11796,Horticultural and Viticultural Research,11,0,-11,0.0001,0.0,-0.01
T11806,Service-Learning and Community Engagement,5,6,1,0.0,0.0,0.0
T12074,Membrane-based Ion Separation Techniques,9,2,-7,0.0,0.0,-0.0
T12219,Canadian Identity and History,9,2,-7,0.0,0.0,-0.0
T12375,Cuban History and Society,8,3,-5,0.0,0.0,-0.0
T12379,Cancer Diagnosis and Treatment,8,3,-5,0.0,0.0,-0.0
T12442,Thermal Radiation and Cooling Technologies,8,3,-5,0.0,0.0,-0.0
T12447,Spider Taxonomy and Behavior Studies,6,5,-1,0.0,0.0,-0.0
T12497,Traditional and Medicinal Uses of Annonaceae,10,1,-9,0.0,0.0,-0.0
T12508,Functional Equations Stability Results,11,0,-11,0.0001,0.0,-0.01
T12544,Working Capital and Financial Performance,4,7,3,0.0,0.0,0.0
T12585,North African History and Literature,8,3,-5,0.0,0.0,-0.0
T12623,"Cultural, Media, and Literary Studies",8,3,-5,0.0,0.0,-0.0
T12633,Legal case studies and regulations,11,0,-11,0.0001,0.0,-0.01
T12637,Scarabaeidae Beetle Taxonomy and Biogeography,10,1,-9,0.0,0.0,-0.0
T12844,Psychology and Mental Health,2,9,7,0.0,0.0,0.0
T12858,Plant Disease Resistance and Genetics,6,5,-1,0.0,0.0,-0.0
T12885,Digital Innovation in Industries,8,3,-5,0.0,0.0,-0.0
T12904,Diverse Educational Innovations Studies,11,0,-11,0.0001,0.0,-0.01
T12952,School Leadership and Teacher Performance,1,10,9,0.0,0.0,0.0
T12973,Synthesis of Indole Derivatives,1,10,9,0.0,0.0,0.0
T12987,Religion and Society in Latin America,2,9,7,0.0,0.0,0.0
T12993,Psychology of Development and Education,9,2,-7,0.0,0.0,-0.0
T13036,Veterinary Practice and Education Studies,9,2,-7,0.0,0.0,-0.0
T13071,Digital Storytelling and Education,8,3,-5,0.0,0.0,-0.0
T13114,Image Processing Techniques and Applications,8,3,-5,0.0,0.0,-0.0
T13142,GABA and Rice Research,11,0,-11,0.0001,0.0,-0.01
T13154,Legal and Regulatory Analysis,11,0,-11,0.0001,0.0,-0.01
T13250,Semiotics and Representation Studies,0,11,11,0.0,0.0001,0.01
T13305,Teacher Professional Development and Motivation,4,7,3,0.0,0.0,0.0
T13313,Dupuytren's Contracture and Treatments,9,2,-7,0.0,0.0,-0.0
T13330,"Theater, Performance, and Music History",6,5,-1,0.0,0.0,-0.0
T13354,Genetics and Physical Performance,6,5,-1,0.0,0.0,-0.0
T13363,Soft tissue tumors and treatment,6,5,-1,0.0,0.0,-0.0
T13368,University Challenges and Reforms,1,10,9,0.0,0.0,0.0
T13385,Infectious Diseases and Mycology,7,4,-3,0.0,0.0,-0.0
T13435,Animal and Plant Science Education,10,1,-9,0.0,0.0,-0.0
T13475,Digital Transformation in Law,3,8,5,0.0,0.0,0.0
T13498,Economic Development and Digital Transformation,9,2,-7,0.0,0.0,-0.0
T13510,Nostalgia and Consumer Behavior,9,2,-7,0.0,0.0,-0.0
T13544,Women's cancer prevention and management,1,10,9,0.0,0.0,0.0
T13585,Technostress in Professional Settings,3,8,5,0.0,0.0,0.0
T13661,Reformed Theology and Governance,9,2,-7,0.0,0.0,-0.0
T13707,"Literature, Language, and Rhetoric Studies",11,0,-11,0.0001,0.0,-0.01
T13761,HIV/AIDS oral health manifestations,5,6,1,0.0,0.0,0.0
T13803,Organizational Strategy and Culture,2,9,7,0.0,0.0,0.0
T13805,Adolescent Health and Behaviors,0,11,11,0.0,0.0001,0.01
T13876,Chemical synthesis and pharmacological studies,1,10,9,0.0,0.0,0.0
T13926,"Feminism, Gender, and Sexuality Studies",6,5,-1,0.0,0.0,-0.0
T13988,Public Administration and Governance,0,11,11,0.0,0.0001,0.01
T13989,Labour Market and Migration,2,9,7,0.0,0.0,0.0
T14039,Ecology and biodiversity studies,9,2,-7,0.0,0.0,-0.0
T14110,Islamic Studies and Radicalism,5,6,1,0.0,0.0,0.0
T14144,Neurological Disease Mechanisms and Treatments,4,7,3,0.0,0.0,0.0
T14167,Consumer behavior in food and health,2,9,7,0.0,0.0,0.0
T14178,Environmental Science and Water Management,2,9,7,0.0,0.0,0.0
T14197,Historical Studies of Medieval Iberia,6,5,-1,0.0,0.0,-0.0
T14220,"Workaholism, burnout, and well-being",7,4,-3,0.0,0.0,-0.0
T14268,Evolving Legal Systems and Governance,0,11,11,0.0,0.0001,0.01
T14372,Environmental and Biological Research in Conflict Zones,5,6,1,0.0,0.0,0.0
T14417,Central Asia Education and Culture,5,6,1,0.0,0.0,0.0
T14498,Educational Technology in Learning,0,11,11,0.0,0.0001,0.01
T10011,"Literature: history, themes, analysis",6,4,-2,0.0,0.0,-0.0
T10210,Advanced oxidation water treatment,3,7,4,0.0,0.0,0.0
T10225,Essential Oils and Antimicrobial Activity,8,2,-6,0.0,0.0,-0.0
T10233,Geotechnical Engineering and Soil Mechanics,3,7,4,0.0,0.0,0.0
T10357,Efficiency Analysis Using DEA,5,5,0,0.0,0.0,0.0
T10603,Smart Grid Energy Management,8,2,-6,0.0,0.0,-0.0
T10817,Multicomponent Synthesis of Heterocycles,6,4,-2,0.0,0.0,-0.0
T10828,Biometric Identification and Security,3,7,4,0.0,0.0,0.0
T10922,Magnetic Properties and Synthesis of Ferrites,4,6,2,0.0,0.0,0.0
T11005,Radiation Effects in Electronics,6,4,-2,0.0,0.0,-0.0
T11241,Advanced Malware Detection Techniques,10,0,-10,0.0,0.0,-0.0
T11344,Traffic Prediction and Management Techniques,7,3,-4,0.0,0.0,-0.0
T11390,Seaweed-derived Bioactive Compounds,7,3,-4,0.0,0.0,-0.0
T11777,Fixed Point Theorems Analysis,6,4,-2,0.0,0.0,-0.0
T11801,Reservoir Engineering and Simulation Methods,10,0,-10,0.0,0.0,-0.0
T11842,Ultrasound and Cavitation Phenomena,6,4,-2,0.0,0.0,-0.0
T11858,Urban Development and Societal Issues,4,6,2,0.0,0.0,0.0
T12084,Synthesis and properties of polymers,10,0,-10,0.0,0.0,-0.0
T12139,Advanced Thermodynamic Systems and Engines,1,9,8,0.0,0.0,0.0
T12184,Linguistics and Education Research,2,8,6,0.0,0.0,0.0
T12256,Facilities and Workplace Management,5,5,0,0.0,0.0,0.0
T12316,Oil Spill Detection and Mitigation,4,6,2,0.0,0.0,0.0
T12323,Asian American and Pacific Histories,10,0,-10,0.0,0.0,-0.0
T12336,Insect Utilization and Effects,8,2,-6,0.0,0.0,-0.0
T12413,Health and Medical Education,1,9,8,0.0,0.0,0.0
T12480,Health and Wellbeing Research,9,1,-8,0.0,0.0,-0.0
T12498,Latin American Cultural Politics,2,8,6,0.0,0.0,0.0
T12506,Nuclear materials and radiation effects,7,3,-4,0.0,0.0,-0.0
T12563,History and Politics in Latin America,8,2,-6,0.0,0.0,-0.0
T12739,Historical Studies on Spain,5,5,0,0.0,0.0,0.0
T12796,Dermatological and COVID-19 studies,5,5,0,0.0,0.0,0.0
T12869,Occupational Health and Burnout,2,8,6,0.0,0.0,0.0
T12875,Thermal Expansion and Ionic Conductivity,6,4,-2,0.0,0.0,-0.0
T12991,Phytase and its Applications,10,0,-10,0.0,0.0,-0.0
T13075,Legal Systems and Judicial Processes,8,2,-6,0.0,0.0,-0.0
T13105,Synthesis and pharmacology of benzodiazepine derivatives,9,1,-8,0.0,0.0,-0.0
T13174,American and British Literature Analysis,4,6,2,0.0,0.0,0.0
T13176,Winter Sports Injuries and Performance,6,4,-2,0.0,0.0,-0.0
T13204,Competitive and Knowledge Intelligence,6,4,-2,0.0,0.0,-0.0
T13231,"History, Culture, and Diplomacy",4,6,2,0.0,0.0,0.0
T13287,Robotic Process Automation Applications,3,7,4,0.0,0.0,0.0
T13455,"Decadence, Literature, and Society",6,4,-2,0.0,0.0,-0.0
T13460,Historical Studies in Latin America,4,6,2,0.0,0.0,0.0
T13465,"Graphite, nuclear technology, radiation studies",7,3,-4,0.0,0.0,-0.0
T13486,"Literature, Magical Realism, García Márquez",8,2,-6,0.0,0.0,-0.0
T13505,Apelin-related biomedical research,8,2,-6,0.0,0.0,-0.0
T13542,"Grit, Self-Efficacy, and Motivation",9,1,-8,0.0,0.0,-0.0
T13563,Chemical Analysis and Environmental Impact,10,0,-10,0.0,0.0,-0.0
T13588,Regional resilience and development,8,2,-6,0.0,0.0,-0.0
T13599,Architecture and Cultural Influences,3,7,4,0.0,0.0,0.0
T13605,"Homicide, Infanticide, and Child Abuse",8,2,-6,0.0,0.0,-0.0
T13694,Immigration Law and Human Rights,4,6,2,0.0,0.0,0.0
T13742,Metallurgy and Cultural Artifacts,7,3,-4,0.0,0.0,-0.0
T13751,Diverse Approaches in Healthcare and Education Studies,10,0,-10,0.0,0.0,-0.0
T13866,Occupational health in dentistry,7,3,-4,0.0,0.0,-0.0
T13923,Nuclear and radioactivity studies,8,2,-6,0.0,0.0,-0.0
T13967,"Conservation, Ecology, Wildlife Education",2,8,6,0.0,0.0,0.0
T14022,Cultural and Religious Practices in Indonesia,3,7,4,0.0,0.0,0.0
T14074,Persona Design and Applications,9,1,-8,0.0,0.0,-0.0
T14160,Water management and technologies,4,6,2,0.0,0.0,0.0
T14173,"Education, Healthcare and Sociology Research",10,0,-10,0.0,0.0,-0.0
T14176,Interdisciplinary Cultural and Social Studies,10,0,-10,0.0,0.0,-0.0
T14190,Military history and social perspectives,1,9,8,0.0,0.0,0.0
T14222,Knowledge Management and Technology,3,7,4,0.0,0.0,0.0
T14260,Impact of AI and Big Data on Business and Society,7,3,-4,0.0,0.0,-0.0
T14291,Indonesian Legal and Regulatory Studies,4,6,2,0.0,0.0,0.0
T14320,Optics and Image Analysis,5,5,0,0.0,0.0,0.0
T14331,Medicinal Plant Pharmacodynamics Research,8,2,-6,0.0,0.0,-0.0
T14363,Optical properties and cooling technologies in crystalline materials,10,0,-10,0.0,0.0,-0.0
T14429,Global Political and Social Dynamics,3,7,4,0.0,0.0,0.0
T10326,Indoor and Outdoor Localization Technologies,5,4,-1,0.0,0.0,-0.0
T10810,Polymer composites and self-healing,5,4,-1,0.0,0.0,-0.0
T10842,Railway Engineering and Dynamics,4,5,1,0.0,0.0,0.0
T10886,Multiferroics and related materials,6,3,-3,0.0,0.0,-0.0
T10946,Radioactivity and Radon Measurements,5,4,-1,0.0,0.0,-0.0
T10986,RFID technology advancements,5,4,-1,0.0,0.0,-0.0
T11226,Milk Quality and Mastitis in Dairy Cows,5,4,-1,0.0,0.0,-0.0
T11275,Composting and Vermicomposting Techniques,5,4,-1,0.0,0.0,-0.0
T11331,Fecal contamination and water quality,4,5,1,0.0,0.0,0.0
T11404,Irrigation Practices and Water Management,5,4,-1,0.0,0.0,-0.0
T11613,Phytochemistry and Biological Activities,7,2,-5,0.0,0.0,-0.0
T11805,Agricultural economics and policies,1,8,7,0.0,0.0,0.0
T11849,Intellectual Capital and Performance Analysis,7,2,-5,0.0,0.0,-0.0
T11900,Fungal Plant Pathogen Control,7,2,-5,0.0,0.0,-0.0
T11940,Layered Double Hydroxides Synthesis and Applications,3,6,3,0.0,0.0,0.0
T11941,Power System Reliability and Maintenance,4,5,1,0.0,0.0,0.0
T12021,Social and Educational Sciences,9,0,-9,0.0,0.0,-0.0
T12069,Commutative Algebra and Its Applications,5,4,-1,0.0,0.0,-0.0
T12122,Physical Unclonable Functions (PUFs) and Hardware Security,6,3,-3,0.0,0.0,-0.0
T12126,Maritime Transport Emissions and Efficiency,5,4,-1,0.0,0.0,-0.0
T12224,Nanofabrication and Lithography Techniques,7,2,-5,0.0,0.0,-0.0
T12271,Renewable energy and sustainable power systems,1,8,7,0.0,0.0,0.0
T12290,Human Motion and Animation,6,3,-3,0.0,0.0,-0.0
T12291,Pericarditis and Cardiac Tamponade,7,2,-5,0.0,0.0,-0.0
T12300,Advanced Electrical Measurement Techniques,4,5,1,0.0,0.0,0.0
T12315,Older Adults Driving Studies,7,2,-5,0.0,0.0,-0.0
T12330,Botanical Research and Applications,9,0,-9,0.0,0.0,-0.0
T12385,Food Quality and Safety Studies,9,0,-9,0.0,0.0,-0.0
T12389,Infrared Target Detection Methodologies,8,1,-7,0.0,0.0,-0.0
T12577,Geography and Environmental Studies,2,7,5,0.0,0.0,0.0
T12609,Latin American socio-political dynamics,3,6,3,0.0,0.0,0.0
T12625,Sympathectomy and Hyperhidrosis Treatments,6,3,-3,0.0,0.0,-0.0
T12647,Traditional Chinese Medicine Studies,5,4,-1,0.0,0.0,-0.0
T12661,Iterative Methods for Nonlinear Equations,6,3,-3,0.0,0.0,-0.0
T12702,Brain Tumor Detection and Classification,3,6,3,0.0,0.0,0.0
T12743,Spanish Culture and Identity,6,3,-3,0.0,0.0,-0.0
T12790,Nursing Diagnosis and Documentation,6,3,-3,0.0,0.0,-0.0
T12830,Pectus Deformity Diagnosis and Treatment,5,4,-1,0.0,0.0,-0.0
T12841,Echinoderm biology and ecology,6,3,-3,0.0,0.0,-0.0
T12862,Catholicism and Religious Studies,1,8,7,0.0,0.0,0.0
T12969,Economic and Social Development,3,6,3,0.0,0.0,0.0
T12992,Metastasis and carcinoma case studies,7,2,-5,0.0,0.0,-0.0
T13060,Adventure Sports and Sensation Seeking,8,1,-7,0.0,0.0,-0.0
T13078,Political and Social Dynamics in Chile and Latin America,7,2,-5,0.0,0.0,-0.0
T13087,Simone de Beauvoir and Sartre,4,5,1,0.0,0.0,0.0
T13104,Chemical and Physical Properties of Materials,6,3,-3,0.0,0.0,-0.0
T13128,Chromatography in Natural Products,7,2,-5,0.0,0.0,-0.0
T13144,Theology and Philosophy of Evil,7,2,-5,0.0,0.0,-0.0
T13172,Economic Issues in Ukraine,7,2,-5,0.0,0.0,-0.0
T13267,Advanced Theoretical and Applied Studies in Material Sciences and Geometry,9,0,-9,0.0,0.0,-0.0
T13357,Property Rights and Legal Doctrine,5,4,-1,0.0,0.0,-0.0
T13401,Social and Cultural Studies,1,8,7,0.0,0.0,0.0
T13450,Turkish Literature and Culture,2,7,5,0.0,0.0,0.0
T13521,Psychosocial Factors Impacting Youth,4,5,1,0.0,0.0,0.0
T13548,Environmental and biological studies,5,4,-1,0.0,0.0,-0.0
T13573,"Government, Law, and Information Management",8,1,-7,0.0,0.0,-0.0
T13595,Archaeology and Cultural Heritage,2,7,5,0.0,0.0,0.0
T13610,"Society, Economy, and Ethics Research",0,9,9,0.0,0.0,0.0
T13654,Urban Planning and Landscape Design,6,3,-3,0.0,0.0,-0.0
T13657,Aortic Thrombus and Embolism,7,2,-5,0.0,0.0,-0.0
T13691,"Energy, Environment, Agriculture Analysis",9,0,-9,0.0,0.0,-0.0
T13705,Australian Indigenous Culture and History,8,1,-7,0.0,0.0,-0.0
T13720,Benford’s Law and Fraud Detection,7,2,-5,0.0,0.0,-0.0
T13752,Mechanics and Biomechanics Studies,8,1,-7,0.0,0.0,-0.0
T13757,Graphic Design and Typography,3,6,3,0.0,0.0,0.0
T13785,Aquatic and Environmental Studies,6,3,-3,0.0,0.0,-0.0
T13810,Legal Systems and Institutions,0,9,9,0.0,0.0,0.0
T13953,Digital Imaging in Medicine,8,1,-7,0.0,0.0,-0.0
T13959,"Swearing, Euphemism, Multilingualism",4,5,1,0.0,0.0,0.0
T14040,Problem Solving Skills Development,5,4,-1,0.0,0.0,-0.0
T14148,Kierkegaardian Philosophy and Influence,7,2,-5,0.0,0.0,-0.0
T14228,Religion and Sociopolitical Dynamics in Nigeria,6,3,-3,0.0,0.0,-0.0
T14246,E-Learning and Knowledge Management,9,0,-9,0.0,0.0,-0.0
T14248,Social impacts of COVID-19,0,9,9,0.0,0.0,0.0
T14257,Advanced Measurement and Detection Methods,0,9,9,0.0,0.0,0.0
T14258,Legal and Policy Issues,8,1,-7,0.0,0.0,-0.0
T14285,Biopolymer Synthesis and Applications,9,0,-9,0.0,0.0,-0.0
T14303,Polymer Synthesis and Characterization,3,6,3,0.0,0.0,0.0
T14488,Chemical and Physical Studies,4,5,1,0.0,0.0,0.0
T10179,Supercapacitor Materials and Fabrication,4,4,0,0.0,0.0,0.0
T10229,Geometric Analysis and Curvature Flows,5,3,-2,0.0,0.0,-0.0
T10571,Robotic Mechanisms and Dynamics,4,4,0,0.0,0.0,0.0
T10623,Thin-Film Transistor Technologies,6,2,-4,0.0,0.0,-0.0
T10736,Hydrogen embrittlement and corrosion behaviors in metals,6,2,-4,0.0,0.0,-0.0
T10787,Lightning and Electromagnetic Phenomena,3,5,2,0.0,0.0,0.0
T10840,High Temperature Alloys and Creep,8,0,-8,0.0,0.0,-0.0
T11017,Chaos-based Image/Signal Encryption,8,0,-8,0.0,0.0,-0.0
T11115,Topology Optimization in Engineering,4,4,0,0.0,0.0,0.0
T11200,Electrodeposition and Electroless Coatings,5,3,-2,0.0,0.0,-0.0
T11325,Inertial Sensor and Navigation,5,3,-2,0.0,0.0,-0.0
T11489,Air Traffic Management and Optimization,5,3,-2,0.0,0.0,-0.0
T11547,Sesquiterpenes and Asteraceae Studies,5,3,-2,0.0,0.0,-0.0
T11583,Advanced Measurement and Metrology Techniques,8,0,-8,0.0,0.0,-0.0
T11606,Infrastructure Maintenance and Monitoring,5,3,-2,0.0,0.0,-0.0
T11837,Iron and Steelmaking Processes,5,3,-2,0.0,0.0,-0.0
T11931,Organoselenium and organotellurium chemistry,4,4,0,0.0,0.0,0.0
T11932,Wireless Body Area Networks,6,2,-4,0.0,0.0,-0.0
T11957,Food Safety and Hygiene,3,5,2,0.0,0.0,0.0
T12000,Systems Engineering Methodologies and Applications,6,2,-4,0.0,0.0,-0.0
T12022,Hydraulic flow and structures,2,6,4,0.0,0.0,0.0
T12078,Environmental remediation with nanomaterials,6,2,-4,0.0,0.0,-0.0
T12135,Fuzzy Systems and Optimization,8,0,-8,0.0,0.0,-0.0
T12293,Dam Engineering and Safety,1,7,6,0.0,0.0,0.0
T12306,Urban and Freight Transport Logistics,5,3,-2,0.0,0.0,-0.0
T12350,Particle Dynamics in Fluid Flows,6,2,-4,0.0,0.0,-0.0
T12376,Corporate Management and Leadership,7,1,-6,0.0,0.0,-0.0
T12466,Near-Field Optical Microscopy,8,0,-8,0.0,0.0,-0.0
T12474,Education Discipline and Inequality,3,5,2,0.0,0.0,0.0
T12546,Smart Parking Systems Research,5,3,-2,0.0,0.0,-0.0
T12589,Differential Equations and Boundary Problems,4,4,0,0.0,0.0,0.0
T12627,Graphene and Nanomaterials Applications,5,3,-2,0.0,0.0,-0.0
T12808,Ferroelectric and Negative Capacitance Devices,8,0,-8,0.0,0.0,-0.0
T12874,Digital Imaging for Blood Diseases,6,2,-4,0.0,0.0,-0.0
T12888,Military Strategy and Technology,1,7,6,0.0,0.0,0.0
T12941,Embedded Systems and FPGA Design,0,8,8,0.0,0.0,0.0
T12971,Material Properties and Processing,7,1,-6,0.0,0.0,-0.0
T13047,Pharmacological Receptor Mechanisms and Effects,7,1,-6,0.0,0.0,-0.0
T13072,Contemporary Christian Leadership and Education,4,4,0,0.0,0.0,0.0
T13129,Material Properties and Applications,7,1,-6,0.0,0.0,-0.0
T13161,Ideological and Political Education,6,2,-4,0.0,0.0,-0.0
T13210,Historical Turkish Studies,0,8,8,0.0,0.0,0.0
T13220,Plant and Fungal Interactions Research,5,3,-2,0.0,0.0,-0.0
T13232,Laser-Ablation Synthesis of Nanoparticles,4,4,0,0.0,0.0,0.0
T13240,Bioeconomy and Sustainability Development,4,4,0,0.0,0.0,0.0
T13337,Korean Peninsula Historical and Political Studies,5,3,-2,0.0,0.0,-0.0
T13406,Human Resources and Workforce,2,6,4,0.0,0.0,0.0
T13437,Mechanisms of cancer metastasis,6,2,-4,0.0,0.0,-0.0
T13576,"Cyprus History, Politics, Society",7,1,-6,0.0,0.0,-0.0
T13586,"HIV, TB, and STIs Epidemiology",6,2,-4,0.0,0.0,-0.0
T13613,"Health, Education, and Cultural Studies",8,0,-8,0.0,0.0,-0.0
T13665,Legal and cultural studies analysis,1,7,6,0.0,0.0,0.0
T13679,Tardigrade Biology and Ecology,4,4,0,0.0,0.0,0.0
T13706,Management and Optimization Techniques,1,7,6,0.0,0.0,0.0
T13767,Leech Biology and Applications,6,2,-4,0.0,0.0,-0.0
T13795,"Language, Communication, and Linguistic Studies",3,5,2,0.0,0.0,0.0
T13813,Oral and Craniofacial Lesions,6,2,-4,0.0,0.0,-0.0
T13893,Sustainable Development and Policies,0,8,8,0.0,0.0,0.0
T13998,"History, Medicine, and Leadership",2,6,4,0.0,0.0,0.0
T14043,Historical and modern epidemiology studies,3,5,2,0.0,0.0,0.0
T14051,Regional Economic and Spatial Analysis,4,4,0,0.0,0.0,0.0
T14054,Humic Substances and Bio-Organic Studies,0,8,8,0.0,0.0,0.0
T14089,Nanotechnology research and applications,3,5,2,0.0,0.0,0.0
T14120,Thallium and Germanium Studies,6,2,-4,0.0,0.0,-0.0
T14198,Philosophical Thought and Analysis,4,4,0,0.0,0.0,0.0
T14199,Historical and Scientific Studies,7,1,-6,0.0,0.0,-0.0
T14277,Social Skills and Education,1,7,6,0.0,0.0,0.0
T14286,Parkinson's Disease and Spinal Disorders,8,0,-8,0.0,0.0,-0.0
T14349,Global Political and Economic Relations,2,6,4,0.0,0.0,0.0
T14365,Leaf Properties and Growth Measurement,3,5,2,0.0,0.0,0.0
T14465,"Leadership, Behavior, and Decision-Making Studies",5,3,-2,0.0,0.0,-0.0
T14477,"Management, Economics, and Public Policy",8,0,-8,0.0,0.0,-0.0
T10312,"Health, Nursing, Elderly Care",7,0,-7,0.0,0.0,-0.0
T10363,Low-power high-performance VLSI design,5,2,-3,0.0,0.0,-0.0
T10473,Postharvest Quality and Shelf Life Management,5,2,-3,0.0,0.0,-0.0
T10491,Enhanced Oil Recovery Techniques,5,2,-3,0.0,0.0,-0.0
T10514,Numerical methods in engineering,7,0,-7,0.0,0.0,-0.0
T10590,Chalcogenide Semiconductor Thin Films,5,2,-3,0.0,0.0,-0.0
T10761,Vehicular Ad Hoc Networks (VANETs),3,4,1,0.0,0.0,0.0
T10917,Smart Grid Security and Resilience,7,0,-7,0.0,0.0,-0.0
T10938,Phase Change Materials Research,4,3,-1,0.0,0.0,-0.0
T11089,Radioactive contamination and transfer,6,1,-5,0.0,0.0,-0.0
T11165,Image and Video Quality Assessment,3,4,1,0.0,0.0,0.0
T11229,Genetics and Plant Breeding,6,1,-5,0.0,0.0,-0.0
T11360,Flame retardant materials and properties,4,3,-1,0.0,0.0,-0.0
T11385,Natural product bioactivities and synthesis,5,2,-3,0.0,0.0,-0.0
T11524,Advanced Aircraft Design and Technologies,5,2,-3,0.0,0.0,-0.0
T11546,Plant Physiology and Cultivation Studies,6,1,-5,0.0,0.0,-0.0
T11607,Microwave and Dielectric Measurement Techniques,1,6,5,0.0,0.0,0.0
T11672,Recycling and utilization of industrial and municipal waste in materials production,2,5,3,0.0,0.0,0.0
T11687,Teleoperation and Haptic Systems,0,7,7,0.0,0.0,0.0
T11734,Decision Support System Applications,0,7,7,0.0,0.0,0.0
T11757,Seismic Waves and Analysis,6,1,-5,0.0,0.0,-0.0
T11788,Nonlinear Optical Materials Studies,6,1,-5,0.0,0.0,-0.0
T11802,Chemical Looping and Thermochemical Processes,2,5,3,0.0,0.0,0.0
T11807,Infrastructure Resilience and Vulnerability Analysis,5,2,-3,0.0,0.0,-0.0
T11870,Structural Analysis and Optimization,4,3,-1,0.0,0.0,-0.0
T12048,Microencapsulation and Drying Processes,2,5,3,0.0,0.0,0.0
T12153,Advanced Optical Sensing Technologies,6,1,-5,0.0,0.0,-0.0
T12203,Mobile Agent-Based Network Management,6,1,-5,0.0,0.0,-0.0
T12218,Coal and Its By-products,5,2,-3,0.0,0.0,-0.0
T12401,Scheduling and Timetabling Solutions,3,4,1,0.0,0.0,0.0
T12425,Industrial Gas Emission Control,5,2,-3,0.0,0.0,-0.0
T12491,Superconductivity in MgB2 and Alloys,6,1,-5,0.0,0.0,-0.0
T12510,Magneto-Optical Properties and Applications,5,2,-3,0.0,0.0,-0.0
T12541,Graph Labeling and Dimension Problems,7,0,-7,0.0,0.0,-0.0
T12569,Restless Legs Syndrome Research,4,3,-1,0.0,0.0,-0.0
T12687,Public Administration in Developing Nations,2,5,3,0.0,0.0,0.0
T12773,Water Quality and Resources Studies,2,5,3,0.0,0.0,0.0
T12834,Flowering Plant Growth and Cultivation,4,3,-1,0.0,0.0,-0.0
T12839,Emile Durkheim and Sociology,4,3,-1,0.0,0.0,-0.0
T12886,Historical and Cultural Studies of Poland,2,5,3,0.0,0.0,0.0
T12891,Medicinal Plants and Neuroprotection,5,2,-3,0.0,0.0,-0.0
T12897,Structural Analysis of Composite Materials,7,0,-7,0.0,0.0,-0.0
T12926,Business Strategies and Management Research,0,7,7,0.0,0.0,0.0
T13085,"Education, Psychology, and Social Research",6,1,-5,0.0,0.0,-0.0
T13134,Latin American Literature Studies,4,3,-1,0.0,0.0,-0.0
T13209,Cold Fusion and Nuclear Reactions,3,4,1,0.0,0.0,0.0
T13238,Botanical Studies and Applications,7,0,-7,0.0,0.0,-0.0
T13279,Safe Handling of Antineoplastic Drugs,4,3,-1,0.0,0.0,-0.0
T13282,Automated Road and Building Extraction,5,2,-3,0.0,0.0,-0.0
T13301,Cultural Studies and Interdisciplinary Research,4,3,-1,0.0,0.0,-0.0
T13346,Digital Transformation in Financial Services,0,7,7,0.0,0.0,0.0
T13367,Cultural and Sociopolitical Studies,3,4,1,0.0,0.0,0.0
T13397,Hallucinations in medical conditions,4,3,-1,0.0,0.0,-0.0
T13441,Ottoman Empire History and Society,0,7,7,0.0,0.0,0.0
T13454,Phenothiazines and Benzothiazines Synthesis and Activities,6,1,-5,0.0,0.0,-0.0
T13508,Agricultural Economics and Practices,6,1,-5,0.0,0.0,-0.0
T13583,Jury Decision Making Processes,6,1,-5,0.0,0.0,-0.0
T13589,Literary and Cultural Studies,7,0,-7,0.0,0.0,-0.0
T13662,Qualitative research in health,0,7,7,0.0,0.0,0.0
T13734,Advanced Computational Techniques and Applications,2,5,3,0.0,0.0,0.0
T13823,Religious and Theological Studies,3,4,1,0.0,0.0,0.0
T13898,Diverse Interdisciplinary Research Studies,2,5,3,0.0,0.0,0.0
T13925,Offshore Engineering and Technologies,3,4,1,0.0,0.0,0.0
T13950,Collembola Taxonomy and Ecology Studies,4,3,-1,0.0,0.0,-0.0
T14029,Thoreau and American Literature,0,7,7,0.0,0.0,0.0
T14032,History and International Relations,0,7,7,0.0,0.0,0.0
T14098,Energy Efficiency in Computing,0,7,7,0.0,0.0,0.0
T14106,Environmental and Sediment Control,2,5,3,0.0,0.0,0.0
T14118,Social and Demographic Issues in Germany,6,1,-5,0.0,0.0,-0.0
T14169,Public Health and Environmental Issues,2,5,3,0.0,0.0,0.0
T14192,"Literature, Film, and Journalism Analysis",5,2,-3,0.0,0.0,-0.0
T14290,Education Methods and Practices,4,3,-1,0.0,0.0,-0.0
T14296,Climate Change and Sustainable Development,5,2,-3,0.0,0.0,-0.0
T14324,Insects and Parasite Interactions,6,1,-5,0.0,0.0,-0.0
T14326,Ear and Head Tumors,6,1,-5,0.0,0.0,-0.0
T14381,"Psychiatry, Mental Health, Neuroscience",2,5,3,0.0,0.0,0.0
T14384,Ophthalmology and Visual Health Research,2,5,3,0.0,0.0,0.0
T14406,Multidisciplinary Science and Engineering Research,1,6,5,0.0,0.0,0.0
T14421,Educational Philosophies and Pedagogies,3,4,1,0.0,0.0,0.0
T14440,Quality of Life Measurement,0,7,7,0.0,0.0,0.0
T14458,Education and Work Dynamics,1,6,5,0.0,0.0,0.0
T10046,Stability and Control of Uncertain Systems,4,2,-2,0.0,0.0,-0.0
T10080,Energy Efficient Wireless Sensor Networks,4,2,-2,0.0,0.0,-0.0
T10117,Advanced Combustion Engine Technologies,1,5,4,0.0,0.0,0.0
T10220,Machine Fault Diagnosis Techniques,3,3,0,0.0,0.0,0.0
T10246,Mobile Ad Hoc Networks,5,1,-4,0.0,0.0,-0.0
T10348,"Indigenous Health, Education, and Rights",2,4,2,0.0,0.0,0.0
T10369,Advanced MEMS and NEMS Technologies,3,3,0,0.0,0.0,0.0
T10575,Wireless Communication Networks Research,3,3,0,0.0,0.0,0.0
T10660,Conducting polymers and applications,6,0,-6,0.0,0.0,-0.0
T10663,Advanced Battery Technologies Research,5,1,-4,0.0,0.0,-0.0
T10680,Wind Energy Research and Development,3,3,0,0.0,0.0,0.0
T10705,Additive Manufacturing Materials and Processes,3,3,0,0.0,0.0,0.0
T10766,Urban Heat Island Mitigation,3,3,0,0.0,0.0,0.0
T10796,Cooperative Communication and Network Coding,6,0,-6,0.0,0.0,-0.0
T10901,Advanced Data Compression Techniques,2,4,2,0.0,0.0,0.0
T11074,Helminth infection and control,1,5,4,0.0,0.0,0.0
T11082,Spacecraft Dynamics and Control,2,4,2,0.0,0.0,0.0
T11087,Solidification and crystal growth phenomena,3,3,0,0.0,0.0,0.0
T11126,Metallurgical Processes and Thermodynamics,6,0,-6,0.0,0.0,-0.0
T11143,High Entropy Alloys Studies,3,3,0,0.0,0.0,0.0
T11149,Veterinary Oncology Research,3,3,0,0.0,0.0,0.0
T11160,Acoustic Wave Resonator Technologies,5,1,-4,0.0,0.0,-0.0
T11170,Biomimetic flight and propulsion mechanisms,3,3,0,0.0,0.0,0.0
T11263,Electromagnetic Simulation and Numerical Methods,6,0,-6,0.0,0.0,-0.0
T11276,Solar Radiation and Photovoltaics,3,3,0,0.0,0.0,0.0
T11327,Acupuncture Treatment Research Studies,3,3,0,0.0,0.0,0.0
T11371,Wind and Air Flow Studies,3,3,0,0.0,0.0,0.0
T11408,Advanced Optical Imaging Technologies,3,3,0,0.0,0.0,0.0
T11483,Tropical and Extratropical Cyclones Research,3,3,0,0.0,0.0,0.0
T11595,Textile materials and evaluations,6,0,-6,0.0,0.0,-0.0
T11614,Cloud Data Security Solutions,2,4,2,0.0,0.0,0.0
T11661,Copper Interconnects and Reliability,5,1,-4,0.0,0.0,-0.0
T11800,User Authentication and Security Systems,2,4,2,0.0,0.0,0.0
T11851,Electromagnetic Compatibility and Measurements,6,0,-6,0.0,0.0,-0.0
T11973,Plant chemical constituents analysis,2,4,2,0.0,0.0,0.0
T12045,Rice Cultivation and Yield Improvement,4,2,-2,0.0,0.0,-0.0
T12095,Vehicle emissions and performance,6,0,-6,0.0,0.0,-0.0
T12109,"Race, Identity, and Education in Brazil",3,3,0,0.0,0.0,0.0
T12201,Agricultural Engineering and Mechanization,2,4,2,0.0,0.0,0.0
T12247,Microbial Applications in Construction Materials,4,2,-2,0.0,0.0,-0.0
T12302,Advanced Nanomaterials in Catalysis,5,1,-4,0.0,0.0,-0.0
T12479,Web Application Security Vulnerabilities,2,4,2,0.0,0.0,0.0
T12486,Food Supply Chain Traceability,3,3,0,0.0,0.0,0.0
T12597,Fire Detection and Safety Systems,4,2,-2,0.0,0.0,-0.0
T12669,Comparative International Legal Studies,0,6,6,0.0,0.0,0.0
T12671,Management and Marketing Education,2,4,2,0.0,0.0,0.0
T12691,Coccidia and coccidiosis research,5,1,-4,0.0,0.0,-0.0
T12701,Biological Control of Invasive Species,5,1,-4,0.0,0.0,-0.0
T12732,Agriculture and Farm Safety,3,3,0,0.0,0.0,0.0
T12747,Moyamoya disease diagnosis and treatment,5,1,-4,0.0,0.0,-0.0
T12756,Plant Toxicity and Pharmacological Properties,5,1,-4,0.0,0.0,-0.0
T12799,Mobile and Web Applications,3,3,0,0.0,0.0,0.0
T12824,Infections and bacterial resistance,4,2,-2,0.0,0.0,-0.0
T12861,"Migration, Education, Indigenous Social Dynamics",3,3,0,0.0,0.0,0.0
T12866,Urologic and reproductive health conditions,3,3,0,0.0,0.0,0.0
T12882,Jungian Analytical Psychology,1,5,4,0.0,0.0,0.0
T12925,Educational and Social Studies,6,0,-6,0.0,0.0,-0.0
T13011,Latin American rural development,2,4,2,0.0,0.0,0.0
T13018,Seismology and Earthquake Studies,6,0,-6,0.0,0.0,-0.0
T13025,American History and Culture,1,5,4,0.0,0.0,0.0
T13044,Biofield Effects and Biophysics,5,1,-4,0.0,0.0,-0.0
T13108,Therapeutic Uses of Natural Elements,6,0,-6,0.0,0.0,-0.0
T13109,Theological Perspectives and Practices,3,3,0,0.0,0.0,0.0
T13113,Engineering Technology and Methodologies,6,0,-6,0.0,0.0,-0.0
T13217,Pigment Synthesis and Properties,5,1,-4,0.0,0.0,-0.0
T13233,Occupational Health and Safety Management,0,6,6,0.0,0.0,0.0
T13319,Film in Education and Therapy,6,0,-6,0.0,0.0,-0.0
T13324,Scientific and Engineering Research Topics,1,5,4,0.0,0.0,0.0
T13375,Integrated Water Resources Management,0,6,6,0.0,0.0,0.0
T13469,"Environmental, Ecological, and Cultural Studies",6,0,-6,0.0,0.0,-0.0
T13470,Surface Treatment and Coatings,0,6,6,0.0,0.0,0.0
T13485,Marine and Coastal Ecosystems,1,5,4,0.0,0.0,0.0
T13489,Synthesis of β-Lactam Compounds,4,2,-2,0.0,0.0,-0.0
T13496,Advertising and Communication Studies,3,3,0,0.0,0.0,0.0
T13538,Linguistics and Language Analysis,2,4,2,0.0,0.0,0.0
T13568,Wood and Agarwood Research,6,0,-6,0.0,0.0,-0.0
T13602,Educational Methods and Media Use,6,0,-6,0.0,0.0,-0.0
T13614,Social and Economic Solidarity,5,1,-4,0.0,0.0,-0.0
T13620,Education for Peace and Conflict Resolution,0,6,6,0.0,0.0,0.0
T13700,Gender Studies and Social Issues,1,5,4,0.0,0.0,0.0
T13711,Environmental Science and Technology,6,0,-6,0.0,0.0,-0.0
T13741,Cross-Cultural and Social Analysis,0,6,6,0.0,0.0,0.0
T13775,Hydrogen's biological and therapeutic effects,4,2,-2,0.0,0.0,-0.0
T13831,Archaeological and Geological Studies,5,1,-4,0.0,0.0,-0.0
T13878,Case Reports on Hematomas,4,2,-2,0.0,0.0,-0.0
T13962,Omental and Epiploic Conditions,4,2,-2,0.0,0.0,-0.0
T13972,Business Law and Ethics,5,1,-4,0.0,0.0,-0.0
T13980,Alexander von Humboldt Studies,2,4,2,0.0,0.0,0.0
T14007,Indigenous and Place-Based Education,3,3,0,0.0,0.0,0.0
T14018,Agriculture and Biological Studies,4,2,-2,0.0,0.0,-0.0
T14137,"Agriculture, Soil, Plant Science",5,1,-4,0.0,0.0,-0.0
T14195,Linguistic and Cultural Studies,2,4,2,0.0,0.0,0.0
T14202,"Sustainability, Governance, and Employment Studies",6,0,-6,0.0,0.0,-0.0
T14219,Local Economic Development and Planning,5,1,-4,0.0,0.0,-0.0
T14254,Digital Media and Visual Art,4,2,-2,0.0,0.0,-0.0
T14283,Diverse Academic Research Areas,1,5,4,0.0,0.0,0.0
T14295,Families in Therapy and Culture,6,0,-6,0.0,0.0,-0.0
T14316,"Nursing Education, Practice, and Leadership",3,3,0,0.0,0.0,0.0
T14321,"Religion, Theology, and Education",6,0,-6,0.0,0.0,-0.0
T14385,Franz Kafka Literary Studies,2,4,2,0.0,0.0,0.0
T14418,"Development, Ethics, and Society",0,6,6,0.0,0.0,0.0
T14419,Banking Systems and Strategies,2,4,2,0.0,0.0,0.0
T14470,Advanced Data Processing Techniques,6,0,-6,0.0,0.0,-0.0
T14491,Diverse academic and cultural studies,6,0,-6,0.0,0.0,-0.0
T14496,Educational Technology and E-Learning,0,6,6,0.0,0.0,0.0
T10033,Concrete and Cement Materials Research,2,3,1,0.0,0.0,0.0
T10232,Optical Network Technologies,4,1,-3,0.0,0.0,-0.0
T10361,Silicon Carbide Semiconductor Technologies,2,3,1,0.0,0.0,0.0
T10388,Advanced Steganography and Watermarking Techniques,2,3,1,0.0,0.0,0.0
T10488,Nanocomposite Films for Food Packaging,3,2,-1,0.0,0.0,-0.0
T10530,Magnesium Alloys: Properties and Applications,3,2,-1,0.0,0.0,-0.0
T10752,Terahertz technology and applications,2,3,1,0.0,0.0,0.0
T10879,Robotic Locomotion and Control,3,2,-1,0.0,0.0,-0.0
T10998,Heat Transfer and Optimization,3,2,-1,0.0,0.0,-0.0
T11061,Ocean Waves and Remote Sensing,2,3,1,0.0,0.0,0.0
T11140,Natural Antidiabetic Agents Studies,2,3,1,0.0,0.0,0.0
T11284,Coal Properties and Utilization,2,3,1,0.0,0.0,0.0
T11297,Ferroptosis and cancer prognosis,4,1,-3,0.0,0.0,-0.0
T11370,Mobile Learning in Education,4,1,-3,0.0,0.0,-0.0
T11394,Dynamics and Control of Mechanical Systems,4,1,-3,0.0,0.0,-0.0
T11442,Titanium Alloys Microstructure and Properties,3,2,-1,0.0,0.0,-0.0
T11504,Advanced Authentication Protocols Security,2,3,1,0.0,0.0,0.0
T11527,3D IC and TSV technologies,3,2,-1,0.0,0.0,-0.0
T11543,Employee Performance and Motivation,0,5,5,0.0,0.0,0.0
T11694,Fluid Dynamics Simulations and Interactions,5,0,-5,0.0,0.0,-0.0
T11698,Underwater Acoustics Research,4,1,-3,0.0,0.0,-0.0
T11699,High-Velocity Impact and Material Behavior,3,2,-1,0.0,0.0,-0.0
T11729,Product Development and Customization,3,2,-1,0.0,0.0,-0.0
T11739,Microwave Imaging and Scattering Analysis,4,1,-3,0.0,0.0,-0.0
T11857,Archaeological and Historical Studies,5,0,-5,0.0,0.0,-0.0
T11876,Legal Studies and Policies,1,4,3,0.0,0.0,0.0
T11907,Copper-based nanomaterials and applications,4,1,-3,0.0,0.0,-0.0
T12118,Forest Biomass Utilization and Management,4,1,-3,0.0,0.0,-0.0
T12244,Healthcare Education and Workforce Issues,1,4,3,0.0,0.0,0.0
T12270,Microwave-Assisted Synthesis and Applications,3,2,-1,0.0,0.0,-0.0
T12282,Mineral Processing and Grinding,5,0,-5,0.0,0.0,-0.0
T12322,Animal health and immunology,3,2,-1,0.0,0.0,-0.0
T12360,Plant-derived Lignans Synthesis and Bioactivity,5,0,-5,0.0,0.0,-0.0
T12370,Advances in Cucurbitaceae Research,5,0,-5,0.0,0.0,-0.0
T12395,Educational Innovations and Technology,2,3,1,0.0,0.0,0.0
T12403,Seed and Plant Biochemistry,3,2,-1,0.0,0.0,-0.0
T12420,Silicone and Siloxane Chemistry,5,0,-5,0.0,0.0,-0.0
T12424,Earthquake Detection and Analysis,5,0,-5,0.0,0.0,-0.0
T12436,Agronomic Practices and Intercropping Systems,2,3,1,0.0,0.0,0.0
T12452,Electrowetting and Microfluidic Technologies,4,1,-3,0.0,0.0,-0.0
T12567,Heat transfer and supercritical fluids,0,5,5,0.0,0.0,0.0
T12651,Halal products and consumer behavior,3,2,-1,0.0,0.0,-0.0
T12667,Economic and Technological Developments in Russia,5,0,-5,0.0,0.0,-0.0
T12680,Cultural and Mythological Studies,3,2,-1,0.0,0.0,-0.0
T12696,Icing and De-icing Technologies,2,3,1,0.0,0.0,0.0
T12733,Vector-Borne Animal Diseases,5,0,-5,0.0,0.0,-0.0
T12804,Thermal Analysis in Power Transmission,5,0,-5,0.0,0.0,-0.0
T12863,Web and Library Services,4,1,-3,0.0,0.0,-0.0
T12870,Seedling growth and survival studies,1,4,3,0.0,0.0,0.0
T12916,COVID-19 impact on air quality,3,2,-1,0.0,0.0,-0.0
T12997,Outdoor and Experiential Education,2,3,1,0.0,0.0,0.0
T13031,Civil and Structural Engineering Research,5,0,-5,0.0,0.0,-0.0
T13043,Youth Culture and Social Dynamics,2,3,1,0.0,0.0,0.0
T13058,Soil and Land Suitability Analysis,1,4,3,0.0,0.0,0.0
T13112,Nutrition and Health Studies,1,4,3,0.0,0.0,0.0
T13178,Theology and Canon Law Studies,5,0,-5,0.0,0.0,-0.0
T13211,"Memory, Trauma, and Testimony",1,4,3,0.0,0.0,0.0
T13221,Biological Activity of Diterpenoids and Biflavonoids,2,3,1,0.0,0.0,0.0
T13224,Sports and Physical Education Research,5,0,-5,0.0,0.0,-0.0
T13242,Male Reproductive Health Studies,2,3,1,0.0,0.0,0.0
T13310,Subtitles and Audiovisual Media,4,1,-3,0.0,0.0,-0.0
T13433,Short Stories in Global Literature,3,2,-1,0.0,0.0,-0.0
T13530,Climate Change and Environmental Impact,3,2,-1,0.0,0.0,-0.0
T13562,Cruise Tourism Development and Management,5,0,-5,0.0,0.0,-0.0
T13572,German Security and Defense Policies,1,4,3,0.0,0.0,0.0
T13642,Organizational Downsizing and Restructuring,2,3,1,0.0,0.0,0.0
T13674,Computer Science and Engineering,3,2,-1,0.0,0.0,-0.0
T13681,Engineering and Information Technology,0,5,5,0.0,0.0,0.0
T13685,Material Science and Thermodynamics,5,0,-5,0.0,0.0,-0.0
T13730,"Martial Arts: Techniques, Psychology, and Education",2,3,1,0.0,0.0,0.0
T13754,Central European and Russian historical studies,4,1,-3,0.0,0.0,-0.0
T13847,Literature Analysis and Criticism,1,4,3,0.0,0.0,0.0
T13856,Advanced Power Generation Technologies,5,0,-5,0.0,0.0,-0.0
T13886,Operations Management Techniques,5,0,-5,0.0,0.0,-0.0
T13906,Social Issues and Policies,4,1,-3,0.0,0.0,-0.0
T13934,Indigenous Knowledge Systems and Agriculture,1,4,3,0.0,0.0,0.0
T13956,Sociopolitical Dynamics in Nepal,4,1,-3,0.0,0.0,-0.0
T13960,"Dietetics, Nutrition, and Education",2,3,1,0.0,0.0,0.0
T14008,Balkan and Eastern European Studies,4,1,-3,0.0,0.0,-0.0
T14036,Literary and Philosophical Studies,1,4,3,0.0,0.0,0.0
T14057,Hypertrophic osteoarthropathy and related conditions,3,2,-1,0.0,0.0,-0.0
T14063,Diverse Philosophical and Cultural Studies,1,4,3,0.0,0.0,0.0
T14080,"Philosophy, Sociology, Political Theory",3,2,-1,0.0,0.0,-0.0
T14097,Chemistry Education and Research,0,5,5,0.0,0.0,0.0
T14105,Cultural and Artistic Studies,5,0,-5,0.0,0.0,-0.0
T14133,Border Security and International Relations,0,5,5,0.0,0.0,0.0
T14150,Biochemical and biochemical processes,5,0,-5,0.0,0.0,-0.0
T14152,Healthcare Facilities Design and Sustainability,0,5,5,0.0,0.0,0.0
T14247,"Borges, Kipling, and Jewish Identity",5,0,-5,0.0,0.0,-0.0
T14273,"Cultural, Psychoanalytic, and Sociopolitical Reflections",4,1,-3,0.0,0.0,-0.0
T14307,Bioethics and Human Rights Issues,0,5,5,0.0,0.0,0.0
T14323,"Agriculture, Water, and Health",5,0,-5,0.0,0.0,-0.0
T14338,"Leadership, Human Resources, Global Affairs",3,2,-1,0.0,0.0,-0.0
T14342,"Military, Security, and Education Studies",4,1,-3,0.0,0.0,-0.0
T14344,Pathogenesis and Treatment of Hiccups,4,1,-3,0.0,0.0,-0.0
T14347,Big Data and Digital Economy,5,0,-5,0.0,0.0,-0.0
T14373,Securities Regulation and Market Practices,3,2,-1,0.0,0.0,-0.0
T14375,"Cultural, Linguistic, Economic Studies",5,0,-5,0.0,0.0,-0.0
T14379,Diverse Cultural and Historical Studies,5,0,-5,0.0,0.0,-0.0
T14401,"Technology, Environment, Urban Planning",5,0,-5,0.0,0.0,-0.0
T14436,Employee Performance and Leadership,0,5,5,0.0,0.0,0.0
T14455,Technology and Education Systems,1,4,3,0.0,0.0,0.0
T14485,Language Acquisition and Education,0,5,5,0.0,0.0,0.0
T14487,Science and Science Education,1,4,3,0.0,0.0,0.0
T14506,Historical and Architectural Studies,5,0,-5,0.0,0.0,-0.0
T14520,Sustainable Urban and Rural Development,4,1,-3,0.0,0.0,-0.0
T10069,Antenna Design and Analysis,3,1,-2,0.0,0.0,-0.0
T10161,Rock Mechanics and Modeling,2,2,0,0.0,0.0,0.0
T10205,Advanced Fiber Optic Sensors,3,1,-2,0.0,0.0,-0.0
T10511,High voltage insulation and dielectric phenomena,3,1,-2,0.0,0.0,-0.0
T10534,Structural Health Monitoring Techniques,3,1,-2,0.0,0.0,-0.0
T10558,Advancements in Semiconductor Devices and Circuit Design,3,1,-2,0.0,0.0,-0.0
T10670,Aluminum Alloy Microstructure Properties,3,1,-2,0.0,0.0,-0.0
T10801,Synthetic Aperture Radar (SAR) Applications and Techniques,2,2,0,0.0,0.0,0.0
T11032,VLSI and Analog Circuit Testing,4,0,-4,0.0,0.0,-0.0
T11038,Advanced SAR Imaging Techniques,1,3,2,0.0,0.0,0.0
T11107,Selenium in Biological Systems,2,2,0,0.0,0.0,0.0
T11272,Nanowire Synthesis and Applications,3,1,-2,0.0,0.0,-0.0
T11317,Fire dynamics and safety research,3,1,-2,0.0,0.0,-0.0
T11318,Phytoestrogen effects and research,3,1,-2,0.0,0.0,-0.0
T11321,Error Correcting Code Techniques,2,2,0,0.0,0.0,0.0
T11490,Hydrological Forecasting Using AI,4,0,-4,0.0,0.0,-0.0
T11565,Thermoelastic and Magnetoelastic Phenomena,4,0,-4,0.0,0.0,-0.0
T11749,Iterative Learning Control Systems,2,2,0,0.0,0.0,0.0
T11774,Adsorption and Cooling Systems,3,1,-2,0.0,0.0,-0.0
T11868,Cancer and Skin Lesions,3,1,-2,0.0,0.0,-0.0
T11899,"Brucella: diagnosis, epidemiology, treatment",2,2,0,0.0,0.0,0.0
T11938,ERP Systems Implementation and Impact,3,1,-2,0.0,0.0,-0.0
T11952,Landfill Environmental Impact Studies,1,3,2,0.0,0.0,0.0
T12058,Allelopathy and phytotoxic interactions,2,2,0,0.0,0.0,0.0
T12059,Berberine and alkaloids research,4,0,-4,0.0,0.0,-0.0
T12087,Natural Compound Pharmacology Studies,4,0,-4,0.0,0.0,-0.0
T12125,Aerospace and Aviation Technology,2,2,0,0.0,0.0,0.0
T12148,Brazilian Legal Issues,4,0,-4,0.0,0.0,-0.0
T12249,Veterinary Orthopedics and Neurology,4,0,-4,0.0,0.0,-0.0
T12314,Nuts composition and effects,4,0,-4,0.0,0.0,-0.0
T12446,Economic Growth and Fiscal Policies,3,1,-2,0.0,0.0,-0.0
T12481,Digital Accessibility for Disabilities,2,2,0,0.0,0.0,0.0
T12495,Electrostatic Discharge in Electronics,4,0,-4,0.0,0.0,-0.0
T12516,Advanced Mathematical Theories and Applications,3,1,-2,0.0,0.0,-0.0
T12530,Bioactive Natural Diterpenoids Research,3,1,-2,0.0,0.0,-0.0
T12543,Groundwater and Watershed Analysis,2,2,0,0.0,0.0,0.0
T12571,Soybean genetics and cultivation,4,0,-4,0.0,0.0,-0.0
T12591,Inclusive Education and Diversity,0,4,4,0.0,0.0,0.0
T12601,Web Applications and Data Management,0,4,4,0.0,0.0,0.0
T12638,Pomegranate: compositions and health benefits,2,2,0,0.0,0.0,0.0
T12660,Plant Disease Management Techniques,1,3,2,0.0,0.0,0.0
T12665,Bamboo properties and applications,2,2,0,0.0,0.0,0.0
T12726,Philosophical and Cultural Analysis,1,3,2,0.0,0.0,0.0
T12740,Gait Recognition and Analysis,3,1,-2,0.0,0.0,-0.0
T12750,Nigella sativa pharmacological applications,3,1,-2,0.0,0.0,-0.0
T12794,Adaptive Dynamic Programming Control,0,4,4,0.0,0.0,0.0
T12821,Geological Formations and Processes Exploration,3,1,-2,0.0,0.0,-0.0
T12922,Business and Economic Development,4,0,-4,0.0,0.0,-0.0
T12938,Material Selection and Properties,2,2,0,0.0,0.0,0.0
T13052,Molecular Communication and Nanonetworks,3,1,-2,0.0,0.0,-0.0
T13125,Agricultural pest management studies,4,0,-4,0.0,0.0,-0.0
T13130,Biological and pharmacological studies of plants,4,0,-4,0.0,0.0,-0.0
T13137,Strategic Planning and Analysis,1,3,2,0.0,0.0,0.0
T13148,Environmental and Air Quality Management,0,4,4,0.0,0.0,0.0
T13152,French Language Learning Methods,3,1,-2,0.0,0.0,-0.0
T13185,Phytochemistry and Bioactive Compounds,3,1,-2,0.0,0.0,-0.0
T13189,Physical Education and Training Studies,3,1,-2,0.0,0.0,-0.0
T13197,Spreadsheets and End-User Computing,3,1,-2,0.0,0.0,-0.0
T13256,Archaeology and Rock Art Studies,3,1,-2,0.0,0.0,-0.0
T13259,American Jewish Fiction Analysis,2,2,0,0.0,0.0,0.0
T13265,Synthesis of Tetrazole Derivatives,3,1,-2,0.0,0.0,-0.0
T13271,Ukrainian Legal and Forensic Studies,3,1,-2,0.0,0.0,-0.0
T13286,Modeling and Simulation Systems,3,1,-2,0.0,0.0,-0.0
T13327,"Arts, Culture, and Music Studies",2,2,0,0.0,0.0,0.0
T13339,Landscape and Cultural Studies,3,1,-2,0.0,0.0,-0.0
T13359,Sports Science and Education,4,0,-4,0.0,0.0,-0.0
T13373,Data Mining and Machine Learning Applications,0,4,4,0.0,0.0,0.0
T13388,Rangeland and Wildlife Management,3,1,-2,0.0,0.0,-0.0
T13403,Higher Education in Latin America,1,3,2,0.0,0.0,0.0
T13424,"Ukraine: War, Education, Health",0,4,4,0.0,0.0,0.0
T13449,Organizational Management and Change,0,4,4,0.0,0.0,0.0
T13492,"Science, Technology, and Education in Latin America",2,2,0,0.0,0.0,0.0
T13502,Community and Sustainable Development,0,4,4,0.0,0.0,0.0
T13584,Coal Combustion and Slurry Processing,0,4,4,0.0,0.0,0.0
T13631,"Global History, Politics, and Ideology",1,3,2,0.0,0.0,0.0
T13637,Calpain Protease Function and Regulation,3,1,-2,0.0,0.0,-0.0
T13646,Qur’anic Interpretation Studies,1,3,2,0.0,0.0,0.0
T13655,Canadian Policy and Governance,3,1,-2,0.0,0.0,-0.0
T13697,Biliary and Gastrointestinal Fistulas,2,2,0,0.0,0.0,0.0
T13740,Soil Science and Environmental Management,1,3,2,0.0,0.0,0.0
T13777,Cognitive and psychological constructs research,4,0,-4,0.0,0.0,-0.0
T13786,Diverse Academic Research Studies,4,0,-4,0.0,0.0,-0.0
T13787,"Globalization, Historical Perspectives, and International Relations",3,1,-2,0.0,0.0,-0.0
T13789,Global Education Systems and Policies,2,2,0,0.0,0.0,0.0
T13817,"Tannin, Tannase and Anticancer Activities",1,3,2,0.0,0.0,0.0
T13824,National Identity and Symbolism,2,2,0,0.0,0.0,0.0
T13848,Ottoman and Turkish Studies,0,4,4,0.0,0.0,0.0
T13868,Afro-Latin American Studies,2,2,0,0.0,0.0,0.0
T13908,Scientific and Historical Analyses,3,1,-2,0.0,0.0,-0.0
T13917,Engineering and Material Science Research,4,0,-4,0.0,0.0,-0.0
T13939,Archaeology and Natural History,2,2,0,0.0,0.0,0.0
T13940,Philosophy and Literary Analysis,2,2,0,0.0,0.0,0.0
T13943,Beetle Biology and Toxicology Studies,2,2,0,0.0,0.0,0.0
T13968,Contemporary Cultural and Social Studies,3,1,-2,0.0,0.0,-0.0
T14015,Otitis Media and Relapsing Polychondritis,3,1,-2,0.0,0.0,-0.0
T14038,"Youth, Politics, and Society",1,3,2,0.0,0.0,0.0
T14056,Safety Warnings and Signage,1,3,2,0.0,0.0,0.0
T14088,Generational Differences and Trends,0,4,4,0.0,0.0,0.0
T14117,Integrated Circuits and Semiconductor Failure Analysis,4,0,-4,0.0,0.0,-0.0
T14139,E-commerce and Technology Innovations,2,2,0,0.0,0.0,0.0
T14154,"finance, banking, and market dynamics",0,4,4,0.0,0.0,0.0
T14172,Cultural and Social Studies in Latin America,4,0,-4,0.0,0.0,-0.0
T14179,Waste Management and Recycling,0,4,4,0.0,0.0,0.0
T14231,New Zealand Economic and Social Studies,4,0,-4,0.0,0.0,-0.0
T14237,Historical and Political Studies,1,3,2,0.0,0.0,0.0
T14276,Power Systems and Technologies,3,1,-2,0.0,0.0,-0.0
T14281,Islamic Finance and Communication,4,0,-4,0.0,0.0,-0.0
T14297,Plant-Derived Bioactive Compounds,2,2,0,0.0,0.0,0.0
T14309,Employee Performance and Management,0,4,4,0.0,0.0,0.0
T14312,Historical Studies in Central America,4,0,-4,0.0,0.0,-0.0
T14318,Polydiacetylene-based materials and applications,4,0,-4,0.0,0.0,-0.0
T14333,Dermatoglyphics and Human Traits,2,2,0,0.0,0.0,0.0
T14337,"Religious, Philosophical, and Educational Studies",3,1,-2,0.0,0.0,-0.0
T14356,Organizational Leadership and Management Strategies,3,1,-2,0.0,0.0,-0.0
T14357,"Architecture, Design, and Social History",4,0,-4,0.0,0.0,-0.0
T14397,Legal and Policy Analysis in Indonesia,3,1,-2,0.0,0.0,-0.0
T14416,"Health, Technology, Consumer Behavior",1,3,2,0.0,0.0,0.0
T14453,Sustainability and Innovation in Business,0,4,4,0.0,0.0,0.0
T14460,"Literary, Cultural, Historical Analysis",1,3,2,0.0,0.0,0.0
T14483,Education and Teacher Training,4,0,-4,0.0,0.0,-0.0
T14501,Global Economic and Social Development,4,0,-4,0.0,0.0,-0.0
T14521,Medicinal Plant Research,0,4,4,0.0,0.0,0.0
T10040,Adaptive Control of Nonlinear Systems,3,0,-3,0.0,0.0,-0.0
T10148,Advanced MIMO Systems Optimization,3,0,-3,0.0,0.0,-0.0
T10194,Nonlinear Partial Differential Equations,2,1,-1,0.0,0.0,-0.0
T10457,Education Pedagogy and Practices,0,3,3,0.0,0.0,0.0
T10651,"IPv6, Mobility, Handover, Networks, Security",2,1,-1,0.0,0.0,-0.0
T10774,Weed Control and Herbicide Applications,2,1,-1,0.0,0.0,-0.0
T10846,Photonic Crystal and Fiber Optics,3,0,-3,0.0,0.0,-0.0
T10940,Navier-Stokes equation solutions,2,1,-1,0.0,0.0,-0.0
T11049,Advanced Harmonic Analysis Research,3,0,-3,0.0,0.0,-0.0
T11225,Geothermal Energy Systems and Applications,3,0,-3,0.0,0.0,-0.0
T11315,Phase-change materials and chalcogenides,2,1,-1,0.0,0.0,-0.0
T11459,Arctic and Antarctic ice dynamics,3,0,-3,0.0,0.0,-0.0
T11487,Automotive and Human Injury Biomechanics,3,0,-3,0.0,0.0,-0.0
T11518,Cervical and Thoracic Myelopathy,1,2,1,0.0,0.0,0.0
T11529,Refrigeration and Air Conditioning Technologies,1,2,1,0.0,0.0,0.0
T11530,Business and Management Studies,2,1,-1,0.0,0.0,-0.0
T11558,Composite Material Mechanics,1,2,1,0.0,0.0,0.0
T11619,Combustion and Detonation Processes,3,0,-3,0.0,0.0,-0.0
T11653,Financial Distress and Bankruptcy Prediction,1,2,1,0.0,0.0,0.0
T11654,Advanced Mathematical Physics Problems,2,1,-1,0.0,0.0,-0.0
T11690,Advanced battery technologies research,3,0,-3,0.0,0.0,-0.0
T11745,Potato Plant Research,3,0,-3,0.0,0.0,-0.0
T11889,Ginseng Biological Effects and Applications,0,3,3,0.0,0.0,0.0
T11896,Opportunistic and Delay-Tolerant Networks,3,0,-3,0.0,0.0,-0.0
T11955,Urban and spatial planning,3,0,-3,0.0,0.0,-0.0
T11978,Soil Mechanics and Vehicle Dynamics,2,1,-1,0.0,0.0,-0.0
T12158,Guidance and Control Systems,2,1,-1,0.0,0.0,-0.0
T12195,Aerogels and thermal insulation,2,1,-1,0.0,0.0,-0.0
T12204,African Education and Politics,0,3,3,0.0,0.0,0.0
T12206,Vibration and Dynamic Analysis,2,1,-1,0.0,0.0,-0.0
T12215,Phytochemical Studies and Bioactivities,3,0,-3,0.0,0.0,-0.0
T12216,Network Time Synchronization Technologies,2,1,-1,0.0,0.0,-0.0
T12257,Bioactive natural compounds,2,1,-1,0.0,0.0,-0.0
T12265,Gun Ownership and Violence Research,2,1,-1,0.0,0.0,-0.0
T12294,Agricultural Science and Fertilization,0,3,3,0.0,0.0,0.0
T12309,solar cell performance optimization,3,0,-3,0.0,0.0,-0.0
T12318,Quinazolinone synthesis and applications,2,1,-1,0.0,0.0,-0.0
T12326,Network Packet Processing and Optimization,2,1,-1,0.0,0.0,-0.0
T12340,Anodic Oxide Films and Nanostructures,1,2,1,0.0,0.0,0.0
T12362,Tribology and Wear Analysis,2,1,-1,0.0,0.0,-0.0
T12363,Academic Research in Diverse Fields,3,0,-3,0.0,0.0,-0.0
T12391,Artificial Immune Systems Applications,2,1,-1,0.0,0.0,-0.0
T12407,Plant Growth Enhancement Techniques,3,0,-3,0.0,0.0,-0.0
T12423,Software Reliability and Analysis Research,3,0,-3,0.0,0.0,-0.0
T12440,Karl Barth and Christian Theology,0,3,3,0.0,0.0,0.0
T12462,Elder Abuse and Neglect,3,0,-3,0.0,0.0,-0.0
T12512,History of Colonial Brazil,1,2,1,0.0,0.0,0.0
T12537,Flow Measurement and Analysis,3,0,-3,0.0,0.0,-0.0
T12590,STEM Education,0,3,3,0.0,0.0,0.0
T12641,Historical and socio-economic studies of Spain and related regions,3,0,-3,0.0,0.0,-0.0
T12685,Phytochemical compounds biological activities,3,0,-3,0.0,0.0,-0.0
T12689,Silymarin and Mushroom Poisoning,2,1,-1,0.0,0.0,-0.0
T12705,Educational Reforms and Innovations,3,0,-3,0.0,0.0,-0.0
T12706,Subcritical and Supercritical Water Processes,2,1,-1,0.0,0.0,-0.0
T12772,Control and Stability of Dynamical Systems,2,1,-1,0.0,0.0,-0.0
T12782,Assembly Line Balancing Optimization,3,0,-3,0.0,0.0,-0.0
T12855,Peanut Plant Research Studies,3,0,-3,0.0,0.0,-0.0
T12865,Tailings Management and Properties,0,3,3,0.0,0.0,0.0
T12898,Induction Heating and Inverter Technology,3,0,-3,0.0,0.0,-0.0
T12902,Public Policy and Governance,1,2,1,0.0,0.0,0.0
T12907,Mechanical Engineering and Vibrations Research,3,0,-3,0.0,0.0,-0.0
T12914,Infectious Disease Case Reports and Treatments,3,0,-3,0.0,0.0,-0.0
T12932,Powder Metallurgy Techniques and Materials,1,2,1,0.0,0.0,0.0
T12934,Plant and fungal interactions,3,0,-3,0.0,0.0,-0.0
T12958,Digital Economy and Transformation,1,2,1,0.0,0.0,0.0
T12968,Research on scale insects,2,1,-1,0.0,0.0,-0.0
T12983,Satellite Image Processing and Photogrammetry,3,0,-3,0.0,0.0,-0.0
T13017,Zygmunt Bauman's Sociology,1,2,1,0.0,0.0,0.0
T13021,Geology and Environmental Impact Studies,1,2,1,0.0,0.0,0.0
T13037,Piperaceae Chemical and Biological Studies,3,0,-3,0.0,0.0,-0.0
T13118,Psychological Treatments and Disorders,2,1,-1,0.0,0.0,-0.0
T13139,Polish Legal and Social Issues,3,0,-3,0.0,0.0,-0.0
T13166,Information Science and Libraries,2,1,-1,0.0,0.0,-0.0
T13169,Consumer Perception and Purchasing Behavior,2,1,-1,0.0,0.0,-0.0
T13182,Quantum-Dot Cellular Automata,2,1,-1,0.0,0.0,-0.0
T13214,Powdery Mildew Fungal Diseases,1,2,1,0.0,0.0,0.0
T13261,Elasticity and Wave Propagation,3,0,-3,0.0,0.0,-0.0
T13263,Building energy efficiency and sustainability,0,3,3,0.0,0.0,0.0
T13387,"Politics, Economics, and Education Policy",1,2,1,0.0,0.0,0.0
T13463,Nanoporous metals and alloys,3,0,-3,0.0,0.0,-0.0
T13483,Herbal Medicine Research Studies,3,0,-3,0.0,0.0,-0.0
T13488,Sports and Physical Education Studies,3,0,-3,0.0,0.0,-0.0
T13524,Venezuelan Migration and Society,0,3,3,0.0,0.0,0.0
T13554,Brazilian cultural history and politics,2,1,-1,0.0,0.0,-0.0
T13571,"Corporeality, Perception, and Education",0,3,3,0.0,0.0,0.0
T13596,"Grouting, Rheology, and Soil Mechanics",2,1,-1,0.0,0.0,-0.0
T13617,"Gender, Violence, Rights in Latin America",0,3,3,0.0,0.0,0.0
T13660,Philosophical and Historical Studies,2,1,-1,0.0,0.0,-0.0
T13664,Genome Rearrangement Algorithms,3,0,-3,0.0,0.0,-0.0
T13666,Postmodernism in Literature and Education,2,1,-1,0.0,0.0,-0.0
T13692,Italian Social Issues and Migration,1,2,1,0.0,0.0,0.0
T13696,Technology's Impact on Media,1,2,1,0.0,0.0,0.0
T13781,Coleoptera: Cerambycidae studies,3,0,-3,0.0,0.0,-0.0
T13801,Urban Arborization and Environmental Studies,1,2,1,0.0,0.0,0.0
T13849,Enterobacteriaceae and Cronobacter Research,3,0,-3,0.0,0.0,-0.0
T13852,Seismic and Structural Analysis of Tall Buildings,3,0,-3,0.0,0.0,-0.0
T13874,Information Architecture and Usability,3,0,-3,0.0,0.0,-0.0
T13890,Remote Sensing and Land Use,1,2,1,0.0,0.0,0.0
T13895,Educational Leadership and Innovation,2,1,-1,0.0,0.0,-0.0
T13907,Social Issues and Sustainability,2,1,-1,0.0,0.0,-0.0
T13929,Educational Outcomes and Influences,0,3,3,0.0,0.0,0.0
T13958,"Education, Innovation and Language Studies",3,0,-3,0.0,0.0,-0.0
T13978,Foreign Language Teaching Methods,0,3,3,0.0,0.0,0.0
T14011,Elevator Systems and Control,2,1,-1,0.0,0.0,-0.0
T14023,Interdisciplinary Studies and Sociocultural Dynamics,3,0,-3,0.0,0.0,-0.0
T14033,Education in Rural Contexts,0,3,3,0.0,0.0,0.0
T14045,"Health, Education, and Physical Culture",3,0,-3,0.0,0.0,-0.0
T14127,Food and Agricultural Sciences,0,3,3,0.0,0.0,0.0
T14130,"Healthcare, Law, Governance, and Management Studies",1,2,1,0.0,0.0,0.0
T14156,Engineering Applied Research,3,0,-3,0.0,0.0,-0.0
T14158,Optical Systems and Laser Technology,3,0,-3,0.0,0.0,-0.0
T14164,Marine and Offshore Engineering Studies,3,0,-3,0.0,0.0,-0.0
T14184,Metallurgy and Material Science,3,0,-3,0.0,0.0,-0.0
T14189,Intravenous Infusion Technology and Safety,1,2,1,0.0,0.0,0.0
T14200,"Medical, Sociocultural, and Biopolitical Studies",0,3,3,0.0,0.0,0.0
T14205,Education and Art Integration,0,3,3,0.0,0.0,0.0
T14235,"Linguistic, Cultural, and Literary Studies",1,2,1,0.0,0.0,0.0
T14236,Educational Tools and Methods,3,0,-3,0.0,0.0,-0.0
T14256,Agricultural and Food Sciences,2,1,-1,0.0,0.0,-0.0
T14329,Science and Climate Studies,3,0,-3,0.0,0.0,-0.0
T14351,Statistical and Computational Modeling,3,0,-3,0.0,0.0,-0.0
T14360,Psidium guajava Extracts and Applications,3,0,-3,0.0,0.0,-0.0
T14364,Clusterin in disease pathology,3,0,-3,0.0,0.0,-0.0
T14411,Undergraduate Neuroscience Education and Research,2,1,-1,0.0,0.0,-0.0
T14435,Information Retrieval and Data Mining,0,3,3,0.0,0.0,0.0
T14443,"COVID-19, Geopolitics, Technology, Migration",0,3,3,0.0,0.0,0.0
T14467,"Public Administration, ICT, and Policy Development",3,0,-3,0.0,0.0,-0.0
T14479,Freezing and Crystallization Processes,2,1,-1,0.0,0.0,-0.0
T14495,Public Health and Nutrition,3,0,-3,0.0,0.0,-0.0
T14500,Advanced Mathematical Theories,3,0,-3,0.0,0.0,-0.0
T14503,"Globalization, Economics, and Policies",1,2,1,0.0,0.0,0.0
T10098,Ruminant Nutrition and Digestive Physiology,0,2,2,0.0,0.0,0.0
T10104,Nanofluid Flow and Heat Transfer,1,1,0,0.0,0.0,0.0
T10219,Mechanical Behavior of Composites,0,2,2,0.0,0.0,0.0
T10221,Composite Structure Analysis and Optimization,2,0,-2,0.0,0.0,-0.0
T10223,Microgrid Control and Optimization,1,1,0,0.0,0.0,0.0
T10249,Distributed Control Multi-Agent Systems,1,1,0,0.0,0.0,0.0
T10262,Microwave Engineering and Waveguides,1,1,0,0.0,0.0,0.0
T10264,Asphalt Pavement Performance Evaluation,2,0,-2,0.0,0.0,-0.0
T10468,Photovoltaic System Optimization Techniques,2,0,-2,0.0,0.0,-0.0
T10484,Wood Treatment and Properties,0,2,2,0.0,0.0,0.0
T10513,Natural Fiber Reinforced Composites,1,1,0,0.0,0.0,0.0
T10568,Thermodynamic and Exergetic Analyses of Power and Cooling Systems,1,1,0,0.0,0.0,0.0
T10687,Innovative concrete reinforcement materials,2,0,-2,0.0,0.0,-0.0
T10741,Video Coding and Compression Technologies,1,1,0,0.0,0.0,0.0
T10805,Vehicle Dynamics and Control Systems,2,0,-2,0.0,0.0,-0.0
T10820,Fuzzy Logic and Control Systems,1,1,0,0.0,0.0,0.0
T10834,Welding Techniques and Residual Stresses,2,0,-2,0.0,0.0,-0.0
T10891,Radar Systems and Signal Processing,1,1,0,0.0,0.0,0.0
T10892,Drilling and Well Engineering,2,0,-2,0.0,0.0,-0.0
T10931,Direction-of-Arrival Estimation Techniques,2,0,-2,0.0,0.0,-0.0
T11133,UAV Applications and Optimization,2,0,-2,0.0,0.0,-0.0
T11201,Metallurgy and Material Forming,2,0,-2,0.0,0.0,-0.0
T11233,Advanced Adaptive Filtering Techniques,1,1,0,0.0,0.0,0.0
T11248,Advanced Power Amplifier Design,0,2,2,0.0,0.0,0.0
T11254,Fluid Dynamics and Vibration Analysis,1,1,0,0.0,0.0,0.0
T11417,Advancements in PLL and VCO Technologies,2,0,-2,0.0,0.0,-0.0
T11444,Electromagnetic Compatibility and Noise Suppression,0,2,2,0.0,0.0,0.0
T11555,Methodologies in Health Research and Practice,1,1,0,0.0,0.0,0.0
T11608,Dielectric materials and actuators,1,1,0,0.0,0.0,0.0
T11615,Control and Dynamics of Mobile Robots,2,0,-2,0.0,0.0,-0.0
T11659,Advanced Image Fusion Techniques,2,0,-2,0.0,0.0,-0.0
T11664,Fiber-reinforced polymer composites,2,0,-2,0.0,0.0,-0.0
T11726,Organizational Management and Innovation,2,0,-2,0.0,0.0,-0.0
T11850,Concrete Corrosion and Durability,2,0,-2,0.0,0.0,-0.0
T12007,Plasma and Flow Control in Aerodynamics,2,0,-2,0.0,0.0,-0.0
T12036,Argentine historical studies,1,1,0,0.0,0.0,0.0
T12079,IoT Networks and Protocols,1,1,0,0.0,0.0,0.0
T12083,Karst Systems and Hydrogeology,2,0,-2,0.0,0.0,-0.0
T12123,Financial Analysis and Corporate Governance,1,1,0,0.0,0.0,0.0
T12146,Power Line Communications and Noise,2,0,-2,0.0,0.0,-0.0
T12165,Environmental Sustainability and Education,1,1,0,0.0,0.0,0.0
T12169,Non-Destructive Testing Techniques,2,0,-2,0.0,0.0,-0.0
T12197,Brake Systems and Friction Analysis,1,1,0,0.0,0.0,0.0
T12217,Higher Education Teaching and Evaluation,1,1,0,0.0,0.0,0.0
T12252,Mechanical stress and fatigue analysis,1,1,0,0.0,0.0,0.0
T12299,Radiation Shielding Materials Analysis,0,2,2,0.0,0.0,0.0
T12348,Rural Development and Agriculture,1,1,0,0.0,0.0,0.0
T12365,Effects of Environmental Stressors on Livestock,2,0,-2,0.0,0.0,-0.0
T12368,Grey System Theory Applications,2,0,-2,0.0,0.0,-0.0
T12408,Educational Innovations and Challenges,2,0,-2,0.0,0.0,-0.0
T12416,Polymer Nanocomposite Synthesis and Irradiation,2,0,-2,0.0,0.0,-0.0
T12431,Sugarcane Cultivation and Processing,2,0,-2,0.0,0.0,-0.0
T12449,Spacecraft Design and Technology,1,1,0,0.0,0.0,0.0
T12482,Tunneling and Rock Mechanics,2,0,-2,0.0,0.0,-0.0
T12573,Education and Digital Technologies,0,2,2,0.0,0.0,0.0
T12581,Engineering Structural Analysis Methods,1,1,0,0.0,0.0,0.0
T12582,Flavonoids in Medical Research,1,1,0,0.0,0.0,0.0
T12719,Aerospace Engineering and Energy Systems,2,0,-2,0.0,0.0,-0.0
T12734,Information Systems and Technology Applications,1,1,0,0.0,0.0,0.0
T12757,Diverse Academia and Research Topics,1,1,0,0.0,0.0,0.0
T12758,Saffron Plant Research Studies,2,0,-2,0.0,0.0,-0.0
T12759,Vehicle Noise and Vibration Control,2,0,-2,0.0,0.0,-0.0
T12809,Contact Mechanics and Variational Inequalities,2,0,-2,0.0,0.0,-0.0
T12810,Real-time simulation and control systems,1,1,0,0.0,0.0,0.0
T12815,Management and Organizational Practices,1,1,0,0.0,0.0,0.0
T12846,Ginkgo biloba and Cashew Applications,2,0,-2,0.0,0.0,-0.0
T12879,Distributed Sensor Networks and Detection Algorithms,2,0,-2,0.0,0.0,-0.0
T12931,Educational Methods and Outcomes,1,1,0,0.0,0.0,0.0
T12945,Quality Function Deployment in Product Design,2,0,-2,0.0,0.0,-0.0
T12962,Nephrotoxicity and Medicinal Plants,1,1,0,0.0,0.0,0.0
T12984,Transport and Logistics Innovations,0,2,2,0.0,0.0,0.0
T13009,Agroforestry and silvopastoral systems,2,0,-2,0.0,0.0,-0.0
T13016,Innovative Educational Technologies,2,0,-2,0.0,0.0,-0.0
T13026,Natural Compounds in Disease Treatment,2,0,-2,0.0,0.0,-0.0
T13053,SMEs Development and Digital Marketing,2,0,-2,0.0,0.0,-0.0
T13079,Heavy Metals in Plants,2,0,-2,0.0,0.0,-0.0
T13119,Philosophy and Social Theory,1,1,0,0.0,0.0,0.0
T13136,Community-based Tourism Development and Sustainability,0,2,2,0.0,0.0,0.0
T13140,Materials Engineering and Processing,2,0,-2,0.0,0.0,-0.0
T13190,Engineering and Environmental Studies,1,1,0,0.0,0.0,0.0
T13226,Appreciative Inquiry and Organizational Change,1,1,0,0.0,0.0,0.0
T13243,Innovation in Digital Healthcare Systems,0,2,2,0.0,0.0,0.0
T13244,Analysis of environmental and stochastic processes,2,0,-2,0.0,0.0,-0.0
T13255,"Business, Innovation, and Economy",0,2,2,0.0,0.0,0.0
T13270,QR Code Applications and Technologies,2,0,-2,0.0,0.0,-0.0
T13278,Economic and Business Development Strategies,2,0,-2,0.0,0.0,-0.0
T13293,Engineering and Test Systems,1,1,0,0.0,0.0,0.0
T13294,Livestock and Poultry Management,2,0,-2,0.0,0.0,-0.0
T13295,Safety Systems Engineering in Autonomy,0,2,2,0.0,0.0,0.0
T13307,Diverse Scientific and Engineering Research,2,0,-2,0.0,0.0,-0.0
T13343,Turkish Urban and Social Issues,0,2,2,0.0,0.0,0.0
T13349,Educational Research and Analysis,2,0,-2,0.0,0.0,-0.0
T13350,Myxozoan Parasites in Aquatic Species,1,1,0,0.0,0.0,0.0
T13407,Regional Development and Management Studies,2,0,-2,0.0,0.0,-0.0
T13413,Cultural and Historical Studies,0,2,2,0.0,0.0,0.0
T13420,Arduino and IoT Applications,0,2,2,0.0,0.0,0.0
T13422,Phytochemistry and biological activities of Ficus species,2,0,-2,0.0,0.0,-0.0
T13436,Space Technology and Applications,2,0,-2,0.0,0.0,-0.0
T13440,Electromagnetic Effects on Materials,2,0,-2,0.0,0.0,-0.0
T13472,Brazilian History and Foreign Policy,0,2,2,0.0,0.0,0.0
T13476,Indonesian Election Politics and Participation,1,1,0,0.0,0.0,0.0
T13491,Social and Political Issues,2,0,-2,0.0,0.0,-0.0
T13511,Geodetic Measurements and Engineering Structures,2,0,-2,0.0,0.0,-0.0
T13540,Animal Diversity and Health Studies,2,0,-2,0.0,0.0,-0.0
T13564,Education and Public Policy,2,0,-2,0.0,0.0,-0.0
T13565,Education and Learning Interventions,2,0,-2,0.0,0.0,-0.0
T13578,Stonefly species taxonomy and ecology,1,1,0,0.0,0.0,0.0
T13606,Umberto Eco and Semiotics,2,0,-2,0.0,0.0,-0.0
T13608,Advanced Computational Techniques in Science and Engineering,2,0,-2,0.0,0.0,-0.0
T13616,"Governance, Compliance, and Sustainability",0,2,2,0.0,0.0,0.0
T13677,Magnolia and Illicium research,2,0,-2,0.0,0.0,-0.0
T13680,"Education, Psychology, and Complexity Research",2,0,-2,0.0,0.0,-0.0
T13682,Engineering Education and Pedagogy,2,0,-2,0.0,0.0,-0.0
T13684,Political Dynamics in Latin America,0,2,2,0.0,0.0,0.0
T13689,Underground infrastructure and sustainability,2,0,-2,0.0,0.0,-0.0
T13698,"Education, Politics, and Culture Studies",1,1,0,0.0,0.0,0.0
T13725,Pineapple and bromelain studies,1,1,0,0.0,0.0,0.0
T13729,Korean Urban and Social Studies,2,0,-2,0.0,0.0,-0.0
T13731,Advanced Computing and Algorithms,2,0,-2,0.0,0.0,-0.0
T13733,Moravian Church and William Blake,2,0,-2,0.0,0.0,-0.0
T13791,Veterinary medicine and infectious diseases,2,0,-2,0.0,0.0,-0.0
T13792,Morinda citrifolia extract uses,2,0,-2,0.0,0.0,-0.0
T13797,Probabilistic Statistics in Medicine,0,2,2,0.0,0.0,0.0
T13798,Hops Chemistry and Applications,2,0,-2,0.0,0.0,-0.0
T13830,Educational Curriculum and Learning Methods,2,0,-2,0.0,0.0,-0.0
T13846,Mangiferin and Mango Extracts,2,0,-2,0.0,0.0,-0.0
T13853,Teacher Education and Assessments,0,2,2,0.0,0.0,0.0
T13865,Nationalism and Cultural Identity,1,1,0,0.0,0.0,0.0
T13870,Environmental and Ecological Studies,2,0,-2,0.0,0.0,-0.0
T13872,Vocational and Entrepreneurial Education,0,2,2,0.0,0.0,0.0
T13889,Advanced Materials and Semiconductor Technologies,1,1,0,0.0,0.0,0.0
T13909,Environmental Quality and Pollution,1,1,0,0.0,0.0,0.0
T13918,Advanced Data and IoT Technologies,2,0,-2,0.0,0.0,-0.0
T13919,Medicinal plant effects and applications,1,1,0,0.0,0.0,0.0
T13935,Mathematical Control Systems and Analysis,1,1,0,0.0,0.0,0.0
T13964,Educational Technology and Optimization,2,0,-2,0.0,0.0,-0.0
T13965,Laser and Thermal Forming Techniques,2,0,-2,0.0,0.0,-0.0
T14009,Ecology and Conservation Studies,2,0,-2,0.0,0.0,-0.0
T14050,Forest Ecology and Conservation,1,1,0,0.0,0.0,0.0
T14052,Galician and Iberian cultural studies,2,0,-2,0.0,0.0,-0.0
T14053,Dengue and Mosquito Control Research,1,1,0,0.0,0.0,0.0
T14060,Education and Communication Studies,1,1,0,0.0,0.0,0.0
T14065,Biological Research and Disease Studies,2,0,-2,0.0,0.0,-0.0
T14067,Cloud Computing and Remote Desktop Technologies,2,0,-2,0.0,0.0,-0.0
T14071,Healthcare during COVID-19 Pandemic,1,1,0,0.0,0.0,0.0
T14084,Methodology and Impact of Social Science Research,2,0,-2,0.0,0.0,-0.0
T14113,Global Socioeconomic and Political Dynamics,2,0,-2,0.0,0.0,-0.0
T14121,Logistics and Transportation Systems,0,2,2,0.0,0.0,0.0
T14151,Literary Analysis and Cultural Studies,1,1,0,0.0,0.0,0.0
T14168,Occupational Health and Global Justice,0,2,2,0.0,0.0,0.0
T14196,Multidisciplinary Warburg-centric Studies,2,0,-2,0.0,0.0,-0.0
T14227,Educational Practices and Challenges,2,0,-2,0.0,0.0,-0.0
T14234,Data Privacy and Cybersecurity,2,0,-2,0.0,0.0,-0.0
T14241,Evasion and Academic Success Factors,2,0,-2,0.0,0.0,-0.0
T14243,Creative Drama in Education,2,0,-2,0.0,0.0,-0.0
T14244,Consumer Behavior and Marketing Influence,1,1,0,0.0,0.0,0.0
T14266,"Interdisciplinary Studies: Technology, Society, and Humanities",0,2,2,0.0,0.0,0.0
T14272,Agricultural and Food Production Studies,2,0,-2,0.0,0.0,-0.0
T14274,Education and Vocational Training,1,1,0,0.0,0.0,0.0
T14336,Land Use and Management,2,0,-2,0.0,0.0,-0.0
T14358,Healthcare Quality and Satisfaction,2,0,-2,0.0,0.0,-0.0
T14359,Wetland Management and Conservation,0,2,2,0.0,0.0,0.0
T14369,Diverse Interdisciplinary Research Innovations,2,0,-2,0.0,0.0,-0.0
T14371,Hume's philosophy and hair distribution,0,2,2,0.0,0.0,0.0
T14431,Diverse Research and Applications,2,0,-2,0.0,0.0,-0.0
T14439,"Feminism, Gender, and Social Issues",0,2,2,0.0,0.0,0.0
T14444,Power Systems and Renewable Energy,0,2,2,0.0,0.0,0.0
T14463,Diverse Scientific Research Studies,2,0,-2,0.0,0.0,-0.0
T14482,Education Practices and Evaluation,2,0,-2,0.0,0.0,-0.0
T14484,Technology and Data Analysis,2,0,-2,0.0,0.0,-0.0
T14494,American Literature and Culture,0,2,2,0.0,0.0,0.0
T14507,"History, Culture, and Society",2,0,-2,0.0,0.0,-0.0
T14516,English Language Learning and Teaching,1,1,0,0.0,0.0,0.0
T14518,American Sports and Literature,2,0,-2,0.0,0.0,-0.0
T10125,Advanced Wireless Communication Techniques,0,1,1,0.0,0.0,0.0
T10160,Seismic Performance and Analysis,0,1,1,0.0,0.0,0.0
T10187,Radio Frequency Integrated Circuit Design,1,0,-1,0.0,0.0,-0.0
T10188,Advanced machining processes and optimization,0,1,1,0.0,0.0,0.0
T10228,Multilevel Inverters and Converters,1,0,-1,0.0,0.0,-0.0
T10278,Electric Motor Design and Analysis,1,0,-1,0.0,0.0,-0.0
T10396,Fatigue and fracture mechanics,1,0,-1,0.0,0.0,-0.0
T10437,Educational theories and practices,1,0,-1,0.0,0.0,-0.0
T10454,Optimal Power Flow Distribution,0,1,1,0.0,0.0,0.0
T10460,Electronic Packaging and Soldering Technologies,1,0,-1,0.0,0.0,-0.0
T10479,Structural Behavior of Reinforced Concrete,1,0,-1,0.0,0.0,-0.0
T10553,Combustion and flame dynamics,0,1,1,0.0,0.0,0.0
T10635,Hydraulic Fracturing and Reservoir Analysis,1,0,-1,0.0,0.0,-0.0
T10655,GNSS positioning and interference,1,0,-1,0.0,0.0,-0.0
T10905,Solar Thermal and Photovoltaic Systems,0,1,1,0.0,0.0,0.0
T10964,Wireless Communication Security Techniques,1,0,-1,0.0,0.0,-0.0
T10972,Power Systems Fault Detection,1,0,-1,0.0,0.0,-0.0
T11034,Digital Filter Design and Implementation,1,0,-1,0.0,0.0,-0.0
T11062,Gear and Bearing Dynamics Analysis,1,0,-1,0.0,0.0,-0.0
T11081,Advanced Control Systems Design,1,0,-1,0.0,0.0,-0.0
T11101,Online Learning Methods and Innovations,1,0,-1,0.0,0.0,-0.0
T11145,Epoxy Resin Curing Processes,0,1,1,0.0,0.0,0.0
T11158,Wireless Networks and Protocols,1,0,-1,0.0,0.0,-0.0
T11192,Underwater Vehicles and Communication Systems,0,1,1,0.0,0.0,0.0
T11343,Power Transformer Diagnostics and Insulation,1,0,-1,0.0,0.0,-0.0
T11347,Neural Networks Stability and Synchronization,1,0,-1,0.0,0.0,-0.0
T11372,Hydraulic and Pneumatic Systems,1,0,-1,0.0,0.0,-0.0
T11451,Advanced Machining and Optimization Techniques,1,0,-1,0.0,0.0,-0.0
T11525,Piezoelectric Actuators and Control,0,1,1,0.0,0.0,0.0
T11557,Lubricants and Their Additives,0,1,1,0.0,0.0,0.0
T11671,Fuzzy and Soft Set Theory,1,0,-1,0.0,0.0,-0.0
T11701,Space Satellite Systems and Control,1,0,-1,0.0,0.0,-0.0
T11847,Recycled Aggregate Concrete Performance,1,0,-1,0.0,0.0,-0.0
T11946,Antenna Design and Optimization,1,0,-1,0.0,0.0,-0.0
T12024,Ultra-Wideband Communications Technology,1,0,-1,0.0,0.0,-0.0
T12052,Polish socio-economic development,1,0,-1,0.0,0.0,-0.0
T12080,Injection Molding Process and Properties,1,0,-1,0.0,0.0,-0.0
T12081,Aerodynamics and Fluid Dynamics Research,1,0,-1,0.0,0.0,-0.0
T12086,Structural Integrity and Reliability Analysis,1,0,-1,0.0,0.0,-0.0
T12099,Advanced materials and composites,1,0,-1,0.0,0.0,-0.0
T12113,Growth and nutrition in plants,1,0,-1,0.0,0.0,-0.0
T12124,Engineering Education and Curriculum Development,0,1,1,0.0,0.0,0.0
T12131,Wireless Signal Modulation Classification,1,0,-1,0.0,0.0,-0.0
T12152,Concrete Properties and Behavior,1,0,-1,0.0,0.0,-0.0
T12155,Microwave Dielectric Ceramics Synthesis,1,0,-1,0.0,0.0,-0.0
T12163,Aerosol Filtration and Electrostatic Precipitation,1,0,-1,0.0,0.0,-0.0
T12164,Education Practices and Challenges,1,0,-1,0.0,0.0,-0.0
T12190,Innovations in Concrete and Construction Materials,1,0,-1,0.0,0.0,-0.0
T12222,IoT-based Smart Home Systems,1,0,-1,0.0,0.0,-0.0
T12233,Geotechnical Engineering and Underground Structures,1,0,-1,0.0,0.0,-0.0
T12243,Research in Cotton Cultivation,1,0,-1,0.0,0.0,-0.0
T12260,Educational Technology and Pedagogy,1,0,-1,0.0,0.0,-0.0
T12298,Phytochemicals and Medicinal Plants,1,0,-1,0.0,0.0,-0.0
T12310,Crop Yield and Soil Fertility,1,0,-1,0.0,0.0,-0.0
T12427,Metal Alloys Wear and Properties,1,0,-1,0.0,0.0,-0.0
T12487,Structural Engineering and Vibration Analysis,1,0,-1,0.0,0.0,-0.0
T12540,Cyclone Separators and Fluid Dynamics,1,0,-1,0.0,0.0,-0.0
T12560,Nuclear Engineering Thermal-Hydraulics,0,1,1,0.0,0.0,0.0
T12566,Nitrogen and Sulfur Effects on Brassica,1,0,-1,0.0,0.0,-0.0
T12584,Hospitality and Tourism Education,1,0,-1,0.0,0.0,-0.0
T12653,Cyclization and Aryne Chemistry,0,1,1,0.0,0.0,0.0
T12662,Digitalization and Economic Development in Agriculture,1,0,-1,0.0,0.0,-0.0
T12676,Machine Learning and ELM,1,0,-1,0.0,0.0,-0.0
T12699,Electromagnetic Launch and Propulsion Technology,1,0,-1,0.0,0.0,-0.0
T12710,Engineering and Agricultural Innovations,0,1,1,0.0,0.0,0.0
T12721,Moringa oleifera research and applications,1,0,-1,0.0,0.0,-0.0
T12742,Sunflower and Safflower Cultivation,1,0,-1,0.0,0.0,-0.0
T12754,Plant Growth and Agriculture Techniques,0,1,1,0.0,0.0,0.0
T12774,Bauxite Residue and Utilization,1,0,-1,0.0,0.0,-0.0
T12780,Heavy Metal Pollution Remediation,1,0,-1,0.0,0.0,-0.0
T12787,Human Behavior and Motivation,1,0,-1,0.0,0.0,-0.0
T12807,Consumer Behavior and Market Dynamics,0,1,1,0.0,0.0,0.0
T12899,Engineering and Technology Innovations,1,0,-1,0.0,0.0,-0.0
T12913,Multidisciplinary Research Papers Compilation,1,0,-1,0.0,0.0,-0.0
T12933,Franchising Strategies and Performance,0,1,1,0.0,0.0,0.0
T12944,Animal Nutrition and Health,0,1,1,0.0,0.0,0.0
T12988,Sociology and Education in Brazil,1,0,-1,0.0,0.0,-0.0
T13003,Regional Development and Environment,1,0,-1,0.0,0.0,-0.0
T13010,Agriculture and Agroindustry Studies,0,1,1,0.0,0.0,0.0
T13027,Applied Advanced Technologies,1,0,-1,0.0,0.0,-0.0
T13038,Internet of Things and AI,0,1,1,0.0,0.0,0.0
T13046,Electrokinetic Soil Remediation Techniques,1,0,-1,0.0,0.0,-0.0
T13065,Mining Techniques and Economics,1,0,-1,0.0,0.0,-0.0
T13090,Medicinal Plant Extracts Effects,1,0,-1,0.0,0.0,-0.0
T13093,Electric Power Systems and Control,1,0,-1,0.0,0.0,-0.0
T13116,Heat Transfer and Numerical Methods,1,0,-1,0.0,0.0,-0.0
T13179,"Literature, Culture, and Criticism",0,1,1,0.0,0.0,0.0
T13213,Mechanical Failure Analysis and Simulation,1,0,-1,0.0,0.0,-0.0
T13249,Dielectric properties of ceramics,0,1,1,0.0,0.0,0.0
T13257,Advanced Control and Stabilization in Aerospace Systems,1,0,-1,0.0,0.0,-0.0
T13285,Local Governance and Development,1,0,-1,0.0,0.0,-0.0
T13288,"Banking, Crisis Management, COVID-19 Impact",1,0,-1,0.0,0.0,-0.0
T13299,Educational Leadership and Administration,0,1,1,0.0,0.0,0.0
T13300,Contemporary Social and Educational Issues,0,1,1,0.0,0.0,0.0
T13311,Sociology and Cultural Identity Studies,1,0,-1,0.0,0.0,-0.0
T13312,Mechanical and Thermal Properties Analysis,0,1,1,0.0,0.0,0.0
T13320,Ukrainian Cultural and Linguistic Studies,1,0,-1,0.0,0.0,-0.0
T13323,Spinal Hematomas and Complications,1,0,-1,0.0,0.0,-0.0
T13331,Energy and Environmental Sustainability,0,1,1,0.0,0.0,0.0
T13335,Pharmacological Effects of Medicinal Plants,1,0,-1,0.0,0.0,-0.0
T13358,Livestock Management and Performance Improvement,1,0,-1,0.0,0.0,-0.0
T13365,Medical and Biological Ozone Research,1,0,-1,0.0,0.0,-0.0
T13378,Agricultural Development and Policies,0,1,1,0.0,0.0,0.0
T13384,Regional Economic Development and Innovation,1,0,-1,0.0,0.0,-0.0
T13391,Innovations in Aquaponics and Hydroponics Systems,1,0,-1,0.0,0.0,-0.0
T13395,"Education, Leadership, and Health Research",1,0,-1,0.0,0.0,-0.0
T13419,Ego Development and Educational Practices,1,0,-1,0.0,0.0,-0.0
T13423,Social Policies and Healthcare Reform,0,1,1,0.0,0.0,0.0
T13425,Rural and Ethnic Education,1,0,-1,0.0,0.0,-0.0
T13431,Education Methods and Integration,1,0,-1,0.0,0.0,-0.0
T13434,Cancer Research and Treatment,1,0,-1,0.0,0.0,-0.0
T13458,Astronomical and nuclear sciences,0,1,1,0.0,0.0,0.0
T13462,Spanish Philosophy and Literature,1,0,-1,0.0,0.0,-0.0
T13464,Higher Education and Sustainability,1,0,-1,0.0,0.0,-0.0
T13478,Agricultural Development and Management,0,1,1,0.0,0.0,0.0
T13479,Food Science and Nutritional Studies,1,0,-1,0.0,0.0,-0.0
T13517,Environmental and Industrial Safety,0,1,1,0.0,0.0,0.0
T13529,Education Systems and Policies,1,0,-1,0.0,0.0,-0.0
T13541,IoT-based Control Systems,1,0,-1,0.0,0.0,-0.0
T13553,Age of Information Optimization,1,0,-1,0.0,0.0,-0.0
T13581,New Caledonia Indigenous Studies,0,1,1,0.0,0.0,0.0
T13611,"Education, Management, Technology, Human Resources",0,1,1,0.0,0.0,0.0
T13612,Advanced Scientific and Engineering Studies,1,0,-1,0.0,0.0,-0.0
T13628,Agricultural Productivity and Crop Improvement,1,0,-1,0.0,0.0,-0.0
T13651,Medicinal Plants and Bioactive Compounds,1,0,-1,0.0,0.0,-0.0
T13653,"Commonwealth, Australian Politics and Federalism",1,0,-1,0.0,0.0,-0.0
T13658,Education and Professional Development,1,0,-1,0.0,0.0,-0.0
T13663,"Sustainability, Environment, and Optimization Algorithms",1,0,-1,0.0,0.0,-0.0
T13668,Agricultural and Rural Development Research,1,0,-1,0.0,0.0,-0.0
T13671,Philosophy and Phenomenology Studies,1,0,-1,0.0,0.0,-0.0
T13672,Thomas Hardy Literature Studies,0,1,1,0.0,0.0,0.0
T13678,Agricultural Research and Practices,1,0,-1,0.0,0.0,-0.0
T13683,"Architecture, Art, Education",1,0,-1,0.0,0.0,-0.0
T13744,Financial Literacy and Behavior,1,0,-1,0.0,0.0,-0.0
T13755,Global socioeconomic and cultural dynamics,1,0,-1,0.0,0.0,-0.0
T13760,"Finance, Taxation, and Governance",1,0,-1,0.0,0.0,-0.0
T13769,Fusion and Plasma Physics Studies,1,0,-1,0.0,0.0,-0.0
T13782,Transactional Analysis in Psychotherapy,1,0,-1,0.0,0.0,-0.0
T13794,Financial Reporting and XBRL,0,1,1,0.0,0.0,0.0
T13820,SAS software applications and methods,1,0,-1,0.0,0.0,-0.0
T13836,Educational Research and Pedagogy,1,0,-1,0.0,0.0,-0.0
T13855,Aerospace Engineering and Control Systems,0,1,1,0.0,0.0,0.0
T13891,Engineering Diagnostics and Reliability,1,0,-1,0.0,0.0,-0.0
T13892,Aquatic life and conservation,1,0,-1,0.0,0.0,-0.0
T13905,Telecommunications and Broadcasting Technologies,0,1,1,0.0,0.0,0.0
T13915,Public Health in Brazil,1,0,-1,0.0,0.0,-0.0
T13928,Advanced Sensor Technologies Research,0,1,1,0.0,0.0,0.0
T13933,Whitehead's Philosophy and Applications,0,1,1,0.0,0.0,0.0
T13952,Information Technology and Learning,1,0,-1,0.0,0.0,-0.0
T13961,Socioeconomics of Resources and Conservation,1,0,-1,0.0,0.0,-0.0
T13973,"Catholicism, Bioethics, Media, Education",1,0,-1,0.0,0.0,-0.0
T13975,"Energy, Economy, and Technology Trends",0,1,1,0.0,0.0,0.0
T13977,Geography and Environmental Studies in Latin America,0,1,1,0.0,0.0,0.0
T13981,"Violence, Education, and Gender Studies",1,0,-1,0.0,0.0,-0.0
T13987,Child Development and Education,1,0,-1,0.0,0.0,-0.0
T14004,History and Cultural Heritage,0,1,1,0.0,0.0,0.0
T14014,Transportation Systems and Infrastructure,1,0,-1,0.0,0.0,-0.0
T14017,Legal Issues in Education,0,1,1,0.0,0.0,0.0
T14019,Socioeconomic and Demographic Analysis,1,0,-1,0.0,0.0,-0.0
T14026,Flannery O'Connor and Thomas Merton,1,0,-1,0.0,0.0,-0.0
T14037,Arabic Language Education Studies,1,0,-1,0.0,0.0,-0.0
T14046,Bach Studies and Logistics Development,1,0,-1,0.0,0.0,-0.0
T14048,Silkworms and Sericulture Research,1,0,-1,0.0,0.0,-0.0
T14058,Value Engineering and Management,0,1,1,0.0,0.0,0.0
T14066,Economic Development and Regional Competitiveness,0,1,1,0.0,0.0,0.0
T14073,Diverse Global Research Studies,1,0,-1,0.0,0.0,-0.0
T14077,Socio-political and Technological Issues,1,0,-1,0.0,0.0,-0.0
T14082,"Modeling, Simulation, and Optimization",1,0,-1,0.0,0.0,-0.0
T14095,"Literature, Musicology, and Cultural Analysis",1,0,-1,0.0,0.0,-0.0
T14103,Educational Management and Quality,0,1,1,0.0,0.0,0.0
T14107,Appalachian Studies and Mathematics,1,0,-1,0.0,0.0,-0.0
T14108,Medical and Pharmaceutic Studies,0,1,1,0.0,0.0,0.0
T14116,Aviation History and Innovations,0,1,1,0.0,0.0,0.0
T14122,Impact of Education Environments,1,0,-1,0.0,0.0,-0.0
T14125,"Education, Sociology, Communication Studies",1,0,-1,0.0,0.0,-0.0
T14132,Medical Research and Islamic Perspectives,0,1,1,0.0,0.0,0.0
T14153,Social Development and Education Research,1,0,-1,0.0,0.0,-0.0
T14175,Intuitionistic Fuzzy Systems Applications,1,0,-1,0.0,0.0,-0.0
T14177,Water Resources and Management,1,0,-1,0.0,0.0,-0.0
T14188,Latin American Legal and Economic Studies,1,0,-1,0.0,0.0,-0.0
T14211,Diverse academic research themes,1,0,-1,0.0,0.0,-0.0
T14213,Global Politics and Economy,1,0,-1,0.0,0.0,-0.0
T14217,American Literature and Humor Studies,1,0,-1,0.0,0.0,-0.0
T14221,activated carbon and charcoal,1,0,-1,0.0,0.0,-0.0
T14224,"Oil, Gas, and Environmental Issues",1,0,-1,0.0,0.0,-0.0
T14229,Physical education and sports games research,1,0,-1,0.0,0.0,-0.0
T14239,"Business, Education, Mathematics Research",1,0,-1,0.0,0.0,-0.0
T14250,Energy and Environmental Systems,1,0,-1,0.0,0.0,-0.0
T14264,"Law, Ethics, and AI Impact",1,0,-1,0.0,0.0,-0.0
T14271,Educational Methods and Psychological Studies,1,0,-1,0.0,0.0,-0.0
T14301,Educational methodologies and cognitive development,1,0,-1,0.0,0.0,-0.0
T14305,Modern American Literature Studies,1,0,-1,0.0,0.0,-0.0
T14319,Currency Recognition and Detection,1,0,-1,0.0,0.0,-0.0
T14325,Diverse Specialized Academic Research,1,0,-1,0.0,0.0,-0.0
T14346,Scientific Innovation and Industrial Efficiency,1,0,-1,0.0,0.0,-0.0
T14352,Globalization and Economic Impact,1,0,-1,0.0,0.0,-0.0
T14353,Wireless Sensor Networks for Data Analysis,1,0,-1,0.0,0.0,-0.0
T14354,Emergency Medicine Education and Research,0,1,1,0.0,0.0,0.0
T14366,Schopenhauer and Stefan Zweig,0,1,1,0.0,0.0,0.0
T14370,"Economic, Social, and Health Studies",1,0,-1,0.0,0.0,-0.0
T14376,Science and Education Research,0,1,1,0.0,0.0,0.0
T14382,Electrophoretic Deposition in Materials Science,1,0,-1,0.0,0.0,-0.0
T14390,Real estate and construction management,1,0,-1,0.0,0.0,-0.0
T14407,Athletic Training and Education,1,0,-1,0.0,0.0,-0.0
T14412,Marine and Coastal Research,0,1,1,0.0,0.0,0.0
T14420,Advanced Research in Systems and Signal Processing,1,0,-1,0.0,0.0,-0.0
T14438,Advanced Scientific Research Methods,1,0,-1,0.0,0.0,-0.0
T14442,Historical Studies in Science,1,0,-1,0.0,0.0,-0.0
T14447,Trade Secret Protection Methods,1,0,-1,0.0,0.0,-0.0
T14449,Education and Character Development,1,0,-1,0.0,0.0,-0.0
T14452,Mexican Socioeconomic and Environmental Dynamics,1,0,-1,0.0,0.0,-0.0
T14454,Polymer Science and Applications,0,1,1,0.0,0.0,0.0
T14461,Medicinal Plant Studies,1,0,-1,0.0,0.0,-0.0
T14462,Educational Methods and Impacts,1,0,-1,0.0,0.0,-0.0
T14471,"Education, Literature, Philosophy Research",1,0,-1,0.0,0.0,-0.0
T14474,Industrial Technology and Control Systems,1,0,-1,0.0,0.0,-0.0
T14499,Livestock Farming and Management,1,0,-1,0.0,0.0,-0.0
