topic_id,display_name,works_old,works_new,change,share_old,share_new,share_change_pts
T10048,Particle physics theoretical and experimental studies,1190,948,-242,0.0085,0.0068,-0.17
T10135,Insect-Plant Interactions and Control,553,1055,502,0.0039,0.0075,0.36
T10152,Animal Nutrition and Physiology,960,548,-412,0.0068,0.0039,-0.29
T10594,Genetic and phenotypic traits in livestock,551,902,351,0.0039,0.0064,0.25
T10221,Composite Structure Analysis and Optimization,668,679,11,0.0048,0.0048,0.01
T10159,Ionosphere and magnetosphere dynamics,628,673,45,0.0045,0.0048,0.03
T10098,Ruminant Nutrition and Digestive Physiology,546,749,203,0.0039,0.0053,0.15
T10219,Mechanical Behavior of Composites,534,760,226,0.0038,0.0054,0.16
T10921,Neutrino Physics Research,561,732,171,0.004,0.0052,0.12
T10360,Fluid Dynamics and Turbulent Flows,509,542,33,0.0036,0.0039,0.02
T10175,Advanced DC-DC Converters,461,589,128,0.0033,0.0042,0.09
T10001,Geological and Geochemical Analysis,456,560,104,0.0032,0.004,0.08
T11096,Aeroelasticity and Vibration Control,313,654,341,0.0022,0.0047,0.24
T10302,Fish Ecology and Management Studies,564,381,-183,0.004,0.0027,-0.13
T10224,Quantum Chromodynamics and Particle Interactions,299,634,335,0.0021,0.0045,0.24
T10872,Veterinary Equine Medical Research,382,520,138,0.0027,0.0037,0.1
T10182,Child and Adolescent Psychosocial and Emotional Development,488,366,-122,0.0035,0.0026,-0.09
T10109,Paleontology and Stratigraphy of Fossils,350,473,123,0.0025,0.0034,0.09
T11880,Forest ecology and management,403,418,15,0.0029,0.003,0.01
T10584,Reproductive Physiology in Livestock,342,465,123,0.0024,0.0033,0.09
T10370,Traffic and Road Safety,327,478,151,0.0023,0.0034,0.11
T11206,Model Reduction and Neural Networks,409,376,-33,0.0029,0.0027,-0.02
T10774,Weed Control and Herbicide Applications,312,452,140,0.0022,0.0032,0.1
T11311,Soil and Water Nutrient Dynamics,406,341,-65,0.0029,0.0024,-0.05
T10107,Ferroelectric and Piezoelectric Materials,358,382,24,0.0026,0.0027,0.02
T10173,Computational Fluid Dynamics and Aerodynamics,285,420,135,0.002,0.003,0.1
T10621,Gene Regulatory Network Analysis,298,407,109,0.0021,0.0029,0.08
T11443,Advanced Statistical Process Monitoring,315,326,11,0.0022,0.0023,0.01
T10525,Human-Automation Interaction and Safety,299,335,36,0.0021,0.0024,0.03
T10199,Wildlife Ecology and Conservation,314,317,3,0.0022,0.0023,0.0
T12206,Vibration and Dynamic Analysis,247,384,137,0.0018,0.0027,0.1
T10019,Corporate Finance and Governance,312,309,-3,0.0022,0.0022,-0.0
T10330,Hydrology and Watershed Management Studies,344,270,-74,0.0025,0.0019,-0.05
T10089,Avian ecology and behavior,252,354,102,0.0018,0.0025,0.07
T10004,Soil Carbon and Nitrogen Dynamics,251,347,96,0.0018,0.0025,0.07
T11626,Metalloenzymes and iron-sulfur proteins,264,324,60,0.0019,0.0023,0.04
T10166,Mosquito-borne diseases and control,319,267,-52,0.0023,0.0019,-0.04
T10447,Environmental Toxicology and Ecotoxicology,149,435,286,0.0011,0.0031,0.2
T10886,Multiferroics and related materials,288,295,7,0.0021,0.0021,0.01
T10026,"Galaxies: Formation, Evolution, Phenomena",255,321,66,0.0018,0.0023,0.05
T10081,"Auditing, Earnings Management, Governance",277,292,15,0.002,0.0021,0.01
T10174,Animal Behavior and Reproduction,223,343,120,0.0016,0.0024,0.09
T11753,Forest Management and Policy,302,257,-45,0.0022,0.0018,-0.03
T10333,Meat and Animal Product Quality,254,304,50,0.0018,0.0022,0.04
T10591,Theoretical and Computational Physics,276,282,6,0.002,0.002,0.0
T10205,Advanced Fiber Optic Sensors,270,287,17,0.0019,0.002,0.01
T10339,Advanced Numerical Methods in Computational Mathematics,222,332,110,0.0016,0.0024,0.08
T10015,Genomics and Phylogenetic Studies,240,308,68,0.0017,0.0022,0.05
T10002,Advanced Chemical Physics Studies,177,358,181,0.0013,0.0026,0.13
T10534,Structural Health Monitoring Techniques,389,146,-243,0.0028,0.001,-0.17
T11487,Automotive and Human Injury Biomechanics,220,308,88,0.0016,0.0022,0.06
T11691,Forest Insect Ecology and Management,272,244,-28,0.0019,0.0017,-0.02
T10332,Amphibian and Reptile Biology,255,259,4,0.0018,0.0018,0.0
T10055,Diverse Aspects of Tourism Research,207,306,99,0.0015,0.0022,0.07
T11798,Optimal Experimental Design Methods,228,285,57,0.0016,0.002,0.04
T10908,Analytical Chemistry and Chromatography,258,249,-9,0.0018,0.0018,-0.01
T10047,Financial Markets and Investment Strategies,206,300,94,0.0015,0.0021,0.07
T11230,Innovative Energy Harvesting Technologies,262,238,-24,0.0019,0.0017,-0.02
T11495,Animal Virus Infections Studies,216,265,49,0.0015,0.0019,0.04
T12822,Turfgrass Adaptation and Management,248,229,-19,0.0018,0.0016,-0.01
T10524,Traffic control and management,173,302,129,0.0012,0.0022,0.09
T12904,Diverse Educational Innovations Studies,277,196,-81,0.002,0.0014,-0.06
T11155,Toxoplasma gondii Research Studies,231,239,8,0.0016,0.0017,0.01
T10315,Decision-Making and Behavioral Economics,193,273,80,0.0014,0.0019,0.06
T12084,Synthesis and properties of polymers,264,202,-62,0.0019,0.0014,-0.04
T10106,Autism Spectrum Disorder Research,244,221,-23,0.0017,0.0016,-0.02
T10054,Parallel Computing and Optimization Techniques,197,267,70,0.0014,0.0019,0.05
T10928,Probabilistic and Robust Engineering Design,291,168,-123,0.0021,0.0012,-0.09
T10305,Power System Optimization and Stability,177,273,96,0.0013,0.0019,0.07
T10110,earthquake and tectonic studies,240,208,-32,0.0017,0.0015,-0.02
T10389,Polymer crystallization and properties,158,287,129,0.0011,0.002,0.09
T10132,Advanced ceramic materials synthesis,227,216,-11,0.0016,0.0015,-0.01
T10825,Plant Pathogens and Fungal Diseases,238,200,-38,0.0017,0.0014,-0.03
T10564,Wastewater Treatment and Nitrogen Removal,224,213,-11,0.0016,0.0015,-0.01
T10419,Pharmaceutical and Antibiotic Environmental Impacts,220,214,-6,0.0016,0.0015,-0.0
T12329,Hemiptera Insect Studies,221,213,-8,0.0016,0.0015,-0.01
T10264,Asphalt Pavement Performance Evaluation,191,241,50,0.0014,0.0017,0.04
T10409,Fuel Cells and Related Materials,248,182,-66,0.0018,0.0013,-0.05
T10114,"Balance, Gait, and Falls Prevention",197,229,32,0.0014,0.0016,0.02
T10841,Economic and Environmental Valuation,264,157,-107,0.0019,0.0011,-0.08
T10778,Philosophy and History of Science,187,233,46,0.0013,0.0017,0.03
T10361,Silicon Carbide Semiconductor Technologies,216,201,-15,0.0015,0.0014,-0.01
T10783,Additive Manufacturing and 3D Printing Technologies,215,194,-21,0.0015,0.0014,-0.01
T10416,Traumatic Brain Injury Research,218,189,-29,0.0016,0.0013,-0.02
T10690,Vibration Control and Rheological Fluids,174,232,58,0.0012,0.0017,0.04
T10160,Seismic Performance and Analysis,144,257,113,0.001,0.0018,0.08
T10955,Paleontology and Evolutionary Biology,183,217,34,0.0013,0.0015,0.02
T10236,Aquatic Ecosystems and Phytoplankton Dynamics,133,266,133,0.0009,0.0019,0.1
T11455,Microbial Inactivation Methods,181,217,36,0.0013,0.0015,0.03
T10396,Fatigue and fracture mechanics,164,233,69,0.0012,0.0017,0.05
T10484,Wood Treatment and Properties,166,231,65,0.0012,0.0016,0.05
T11065,Insect Pest Control Strategies,156,238,82,0.0011,0.0017,0.06
T10025,Black Holes and Theoretical Physics,189,204,15,0.0013,0.0015,0.01
T11228,Bat Biology and Ecology Studies,205,187,-18,0.0015,0.0013,-0.01
T11580,Veterinary Medicine and Surgery,84,307,223,0.0006,0.0022,0.16
T10296,Vector-borne infectious diseases,175,215,40,0.0012,0.0015,0.03
T10405,Advanced Polymer Synthesis and Characterization,135,254,119,0.001,0.0018,0.09
T10120,Bacterial Genetics and Biotechnology,120,267,147,0.0009,0.0019,0.11
T10884,Holomorphic and Operator Theory,141,246,105,0.001,0.0018,0.08
T10043,Substance Abuse Treatment and Outcomes,128,258,130,0.0009,0.0018,0.09
T10669,Freshwater macroinvertebrate diversity and ecology,138,246,108,0.001,0.0018,0.08
T11379,Rheology and Fluid Dynamics Studies,171,213,42,0.0012,0.0015,0.03
T10012,Genetic diversity and population structure,116,267,151,0.0008,0.0019,0.11
T10267,Higher Education Research Studies,172,210,38,0.0012,0.0015,0.03
T10470,Usability and User Interface Design,125,257,132,0.0009,0.0018,0.09
T10963,Advanced Optimization Algorithms Research,142,239,97,0.001,0.0017,0.07
T10579,Cognitive Radio Networks and Spectrum Sensing,136,244,108,0.001,0.0017,0.08
T10413,High-pressure geophysics and materials,170,208,38,0.0012,0.0015,0.03
T11688,Microbial infections and disease research,196,182,-14,0.0014,0.0013,-0.01
T11771,Plant Pathogens and Resistance,209,164,-45,0.0015,0.0012,-0.03
T10682,Quantum Computing Algorithms and Architecture,180,186,6,0.0013,0.0013,0.0
T11546,Plant Physiology and Cultivation Studies,217,146,-71,0.0015,0.001,-0.05
T10726,Career Development and Diversity,140,221,81,0.001,0.0016,0.06
T10610,Advanced Cellulose Research Studies,182,177,-5,0.0013,0.0013,-0.0
T10632,Housing Market and Economics,176,182,6,0.0013,0.0013,0.0
T11871,Advanced Statistical Methods and Models,204,154,-50,0.0015,0.0011,-0.04
T10991,Game Theory and Voting Systems,124,233,109,0.0009,0.0017,0.08
T10577,Hydrology and Sediment Transport Processes,188,165,-23,0.0013,0.0012,-0.02
T10799,Data Visualization and Analytics,145,204,59,0.001,0.0015,0.04
T10005,Ecology and Vegetation Dynamics Studies,155,193,38,0.0011,0.0014,0.03
T11149,Veterinary Oncology Research,151,195,44,0.0011,0.0014,0.03
T11288,Clostridium difficile and Clostridium perfringens research,171,174,3,0.0012,0.0012,0.0
T11578,Plant Pathogenic Bacteria Studies,151,194,43,0.0011,0.0014,0.03
T12365,Effects of Environmental Stressors on Livestock,179,165,-14,0.0013,0.0012,-0.01
T10010,"Obesity, Physical Activity, Diet",225,113,-112,0.0016,0.0008,-0.08
T10148,Advanced MIMO Systems Optimization,224,113,-111,0.0016,0.0008,-0.08
T10487,Plant and animal studies,269,68,-201,0.0019,0.0005,-0.14
T10662,Ultrasonics and Acoustic Wave Propagation,140,197,57,0.001,0.0014,0.04
T10838,Animal Behavior and Welfare Studies,141,196,55,0.001,0.0014,0.04
T12124,Engineering Education and Curriculum Development,163,174,11,0.0012,0.0012,0.01
T11119,Urban Stormwater Management Solutions,147,189,42,0.001,0.0013,0.03
T10287,Algebraic structures and combinatorial models,182,153,-29,0.0013,0.0011,-0.02
T10822,Acoustic Wave Phenomena Research,213,122,-91,0.0015,0.0009,-0.06
T11075,Insect Resistance and Genetics,236,99,-137,0.0017,0.0007,-0.1
T11022,Spectral Theory in Mathematical Physics,130,204,74,0.0009,0.0015,0.05
T11195,Simulation Techniques and Applications,142,192,50,0.001,0.0014,0.04
T10944,Turbomachinery Performance and Optimization,128,205,77,0.0009,0.0015,0.06
T10434,Chromosomal and Genetic Variations,92,239,147,0.0007,0.0017,0.11
T10171,Biofuel production and bioconversion,178,152,-26,0.0013,0.0011,-0.02
T10492,Microtubule and mitosis dynamics,189,140,-49,0.0013,0.001,-0.03
T11008,Aerodynamics and Acoustics in Jet Flows,165,162,-3,0.0012,0.0012,-0.0
T10489,Regulation of Appetite and Obesity,104,222,118,0.0007,0.0016,0.08
T10809,Occupational Health and Safety Research,186,139,-47,0.0013,0.001,-0.03
T10965,Geological formations and processes,125,200,75,0.0009,0.0014,0.05
T11316,Mycobacterium research and diagnosis,181,144,-37,0.0013,0.001,-0.03
T10154,Customer Service Quality and Loyalty,194,130,-64,0.0014,0.0009,-0.05
T10298,Urban Transport and Accessibility,195,129,-66,0.0014,0.0009,-0.05
T10853,"Anxiety, Depression, Psychometrics, Treatment, Cognitive Processes",115,209,94,0.0008,0.0015,0.07
T10747,Disaster Management and Resilience,136,186,50,0.001,0.0013,0.04
T10698,Transportation Planning and Optimization,168,153,-15,0.0012,0.0011,-0.01
T12006,Ergonomics and Musculoskeletal Disorders,109,212,103,0.0008,0.0015,0.07
T10076,Plant-Microbe Interactions and Immunity,142,178,36,0.001,0.0013,0.03
T10167,Influenza Virus Research Studies,146,174,28,0.001,0.0012,0.02
T11899,"Brucella: diagnosis, epidemiology, treatment",168,151,-17,0.0012,0.0011,-0.01
T11493,Water Treatment and Disinfection,137,180,43,0.001,0.0013,0.03
T10475,Psychological Well-being and Life Satisfaction,172,144,-28,0.0012,0.001,-0.02
T10075,Atmospheric chemistry and aerosols,149,166,17,0.0011,0.0012,0.01
T10948,Advanced Combinatorial Mathematics,118,197,79,0.0008,0.0014,0.06
T12571,Soybean genetics and cultivation,158,154,-4,0.0011,0.0011,-0.0
T10233,Geotechnical Engineering and Soil Mechanics,89,222,133,0.0006,0.0016,0.1
T11401,Minerals Flotation and Separation Techniques,154,157,3,0.0011,0.0011,0.0
T10213,Public Policy and Administration Research,110,199,89,0.0008,0.0014,0.06
T10733,Wheat and Barley Genetics and Pathology,146,162,16,0.001,0.0012,0.01
T12870,Seedling growth and survival studies,169,139,-30,0.0012,0.001,-0.02
T10091,Malaria Research and Control,126,180,54,0.0009,0.0013,0.04
T10734,Information and Cyber Security,128,178,50,0.0009,0.0013,0.04
T11048,Bacteriophages and microbial interactions,175,129,-46,0.0012,0.0009,-0.03
T10826,Behavioral and Psychological Studies,165,136,-29,0.0012,0.001,-0.02
T10900,Listeria monocytogenes in Food Safety,147,153,6,0.001,0.0011,0.0
T10060,Smoking Behavior and Cessation,125,174,49,0.0009,0.0012,0.04
T10410,COVID-19 epidemiological studies,183,116,-67,0.0013,0.0008,-0.05
T10441,Muscle Physiology and Disorders,146,153,7,0.001,0.0011,0.01
T11090,Dark Matter and Cosmic Phenomena,181,116,-65,0.0013,0.0008,-0.05
T10254,Innovations in Medical Education,108,188,80,0.0008,0.0013,0.06
T10792,Matrix Theory and Algorithms,154,142,-12,0.0011,0.001,-0.01
T12855,Peanut Plant Research Studies,206,90,-116,0.0015,0.0006,-0.08
T10018,Advancements in Battery Materials,155,140,-15,0.0011,0.001,-0.01
T10894,Groundwater flow and contamination studies,130,165,35,0.0009,0.0012,0.03
T10006,Job Satisfaction and Organizational Behavior,137,157,20,0.001,0.0011,0.01
T11056,Physiological and biochemical adaptations,118,174,56,0.0008,0.0012,0.04
T11793,"Recreation, Leisure, Wilderness Management",117,175,58,0.0008,0.0012,0.04
T10805,Vehicle Dynamics and Control Systems,120,169,49,0.0009,0.0012,0.04
T11012,Gas Dynamics and Kinetic Theory,124,165,41,0.0009,0.0012,0.03
T10066,Gut microbiota and health,134,154,20,0.001,0.0011,0.01
T11231,Microbial Fuel Cells and Bioremediation,147,139,-8,0.001,0.001,-0.01
T12003,Bioenergy crop production and management,180,106,-74,0.0013,0.0008,-0.05
T12025,Hepatitis Viruses Studies and Epidemiology,151,133,-18,0.0011,0.0009,-0.01
T10111,Remote Sensing in Agriculture,131,152,21,0.0009,0.0011,0.02
T10136,Statistical Methods and Inference,126,157,31,0.0009,0.0011,0.02
T11468,Genetic Mapping and Diversity in Plants and Animals,140,140,0,0.001,0.001,0.0
T10970,Team Dynamics and Performance,114,165,51,0.0008,0.0012,0.04
T11394,Dynamics and Control of Mechanical Systems,160,119,-41,0.0011,0.0008,-0.03
T10609,Digital Marketing and Social Media,169,109,-60,0.0012,0.0008,-0.04
T12097,Aquatic Invertebrate Ecology and Behavior,182,96,-86,0.0013,0.0007,-0.06
T10887,Bioinformatics and Genomic Networks,135,141,6,0.001,0.001,0.0
T10969,Water resources management and optimization,153,123,-30,0.0011,0.0009,-0.02
T10904,Embedded Systems Design Techniques,115,160,45,0.0008,0.0011,0.03
T10895,Species Distribution and Climate Change,206,68,-138,0.0015,0.0005,-0.1
T11641,Insect and Pesticide Research,219,54,-165,0.0016,0.0004,-0.12
T10451,Mycorrhizal Fungi and Plant Interactions,196,75,-121,0.0014,0.0005,-0.09
T10551,Scheduling and Optimization Algorithms,131,140,9,0.0009,0.001,0.01
T11295,Counseling Practices and Supervision,125,145,20,0.0009,0.001,0.01
T14324,Insects and Parasite Interactions,152,116,-36,0.0011,0.0008,-0.03
T11905,Veterinary Pharmacology and Anesthesia,81,186,105,0.0006,0.0013,0.08
T11948,Machine Learning in Materials Science,145,122,-23,0.001,0.0009,-0.02
T10042,Neural and Behavioral Psychology Studies,98,168,70,0.0007,0.0012,0.05
T10044,Protein Structure and Dynamics,109,157,48,0.0008,0.0011,0.03
T10064,Complex Network Analysis Techniques,138,128,-10,0.001,0.0009,-0.01
T10093,Nuclear physics research studies,83,183,100,0.0006,0.0013,0.07
T12245,"Counseling, Therapy, and Family Dynamics",91,174,83,0.0006,0.0012,0.06
T10578,Supramolecular Chemistry and Complexes,91,173,82,0.0006,0.0012,0.06
T10702,Insect and Arachnid Ecology and Behavior,172,92,-80,0.0012,0.0007,-0.06
T11606,Infrastructure Maintenance and Monitoring,168,95,-73,0.0012,0.0007,-0.05
T10072,Science Education and Pedagogy,79,183,104,0.0006,0.0013,0.07
T10130,Mathematics Education and Teaching Techniques,108,154,46,0.0008,0.0011,0.03
T11031,Game Theory and Applications,118,144,26,0.0008,0.001,0.02
T12249,Veterinary Orthopedics and Neurology,116,146,30,0.0008,0.001,0.02
T10162,Online and Blended Learning,131,129,-2,0.0009,0.0009,-0.0
T10192,Catalytic Processes in Materials Science,152,107,-45,0.0011,0.0008,-0.03
T11226,Milk Quality and Mastitis in Dairy Cows,131,128,-3,0.0009,0.0009,-0.0
T10713,Structural Load-Bearing Analysis,127,131,4,0.0009,0.0009,0.0
T10028,Topic Modeling,128,129,1,0.0009,0.0009,0.0
T10014,Plant Stress Responses and Tolerance,79,177,98,0.0006,0.0013,0.07
T11382,Fluid Dynamics and Heat Transfer,82,173,91,0.0006,0.0012,0.07
T11610,Food Security and Health in Diverse Populations,135,120,-15,0.001,0.0009,-0.01
T11170,Biomimetic flight and propulsion mechanisms,122,132,10,0.0009,0.0009,0.01
T10352,Physical Activity and Health,102,151,49,0.0007,0.0011,0.04
T11074,Helminth infection and control,116,137,21,0.0008,0.001,0.02
T10184,Plant Molecular Biology Research,125,124,-1,0.0009,0.0009,-0.0
T11897,Digital Holography and Microscopy,114,134,20,0.0008,0.001,0.01
T10156,"LGBTQ Health, Identity, and Policy",117,130,13,0.0008,0.0009,0.01
T11110,Stability and Controllability of Differential Equations,123,124,1,0.0009,0.0009,0.0
T10638,Optical measurement and interference techniques,94,152,58,0.0007,0.0011,0.04
T10764,Privacy-Preserving Technologies in Data,116,130,14,0.0008,0.0009,0.01
T10875,Pesticide Exposure and Toxicity,102,144,42,0.0007,0.001,0.03
T11870,Structural Analysis and Optimization,164,82,-82,0.0012,0.0006,-0.06
T10450,Aquaculture Nutrition and Growth,142,103,-39,0.001,0.0007,-0.03
T10379,Cellular Mechanics and Interactions,120,124,4,0.0009,0.0009,0.0
T10266,Plant Water Relations and Carbon Dynamics,143,100,-43,0.001,0.0007,-0.03
T11254,Fluid Dynamics and Vibration Analysis,149,94,-55,0.0011,0.0007,-0.04
T10319,"Conservation, Biodiversity, and Resource Management",107,135,28,0.0008,0.001,0.02
T10367,Agricultural Innovations and Practices,123,119,-4,0.0009,0.0008,-0.0
T10705,Additive Manufacturing Materials and Processes,110,132,22,0.0008,0.0009,0.02
T10716,Soil and Unsaturated Flow,121,121,0,0.0009,0.0009,0.0
T11366,Elasticity and Material Modeling,97,145,48,0.0007,0.001,0.03
T10145,Consumer Behavior in Brand Consumption and Identification,163,78,-85,0.0012,0.0006,-0.06
T10585,Family Dynamics and Relationships,80,160,80,0.0006,0.0011,0.06
T10930,Flood Risk Assessment and Management,139,101,-38,0.001,0.0007,-0.03
T11006,BIM and Construction Integration,144,93,-51,0.001,0.0007,-0.04
T11323,Gamma-ray bursts and supernovae,122,115,-7,0.0009,0.0008,-0.0
T10423,Neurobiology and Insect Physiology Research,114,122,8,0.0008,0.0009,0.01
T10494,Plant Virus Research Studies,146,90,-56,0.001,0.0006,-0.04
T10407,Lipid Membrane Structure and Behavior,111,124,13,0.0008,0.0009,0.01
T10555,Fire effects on ecosystems,160,75,-85,0.0011,0.0005,-0.06
T10956,Fullerene Chemistry and Applications,122,112,-10,0.0009,0.0008,-0.01
T10007,Monetary Policy and Economic Impact,119,114,-5,0.0008,0.0008,-0.0
T10068,Technology Adoption and User Behaviour,129,104,-25,0.0009,0.0007,-0.02
T10460,Electronic Packaging and Soldering Technologies,104,129,25,0.0007,0.0009,0.02
T10482,Mathematical and Theoretical Epidemiology and Ecology Models,35,198,163,0.0002,0.0014,0.12
T11135,Virology and Viral Diseases,122,111,-11,0.0009,0.0008,-0.01
T11115,Topology Optimization in Engineering,106,126,20,0.0008,0.0009,0.01
T10661,biodegradable polymer synthesis and properties,138,93,-45,0.001,0.0007,-0.03
T10017,Geology and Paleoclimatology Research,196,34,-162,0.0014,0.0002,-0.12
T10243,Statistical Methods and Bayesian Inference,59,171,112,0.0004,0.0012,0.08
T10467,Psychometric Methodologies and Testing,52,178,126,0.0004,0.0013,0.09
T10958,Ultrasound and Hyperthermia Applications,83,147,64,0.0006,0.001,0.05
T11179,Nematode management and characterization studies,133,97,-36,0.0009,0.0007,-0.03
T10228,Multilevel Inverters and Converters,106,123,17,0.0008,0.0009,0.01
T10240,Plant tissue culture and regeneration,125,104,-21,0.0009,0.0007,-0.01
T11190,3D Printing in Biomedical Research,135,93,-42,0.001,0.0007,-0.03
T11164,Remote Sensing and LiDAR Applications,133,94,-39,0.0009,0.0007,-0.03
T10466,Meteorological Phenomena and Simulations,106,120,14,0.0008,0.0009,0.01
T10520,Mycotoxins in Agriculture and Food,114,112,-2,0.0008,0.0008,-0.0
T10648,Virtual Reality Applications and Impacts,115,111,-4,0.0008,0.0008,-0.0
T10932,Microbial Metabolic Engineering and Bioproduction,117,109,-8,0.0008,0.0008,-0.01
T11023,Prosthetics and Rehabilitation Robotics,95,131,36,0.0007,0.0009,0.03
T10096,Metal-Organic Frameworks: Synthesis and Applications,118,107,-11,0.0008,0.0008,-0.01
T11133,UAV Applications and Optimization,114,111,-3,0.0008,0.0008,-0.0
T11520,Advanced Thermodynamics and Statistical Mechanics,133,92,-41,0.0009,0.0007,-0.03
T10116,Sperm and Testicular Function,94,130,36,0.0007,0.0009,0.03
T10223,Microgrid Control and Optimization,137,87,-50,0.001,0.0006,-0.04
T10230,Marine and fisheries research,99,124,25,0.0007,0.0009,0.02
T11255,Microfluidic and Bio-sensing Technologies,131,92,-39,0.0009,0.0007,-0.03
T11416,Numerical methods for differential equations,119,104,-15,0.0008,0.0007,-0.01
T12475,Plant Parasitism and Resistance,128,94,-34,0.0009,0.0007,-0.02
T10121,Building Energy and Comfort Optimization,104,117,13,0.0007,0.0008,0.01
T10204,Microstructure and mechanical properties,110,111,1,0.0008,0.0008,0.0
T11689,Adversarial Robustness in Machine Learning,91,130,39,0.0006,0.0009,0.03
T12137,Economic theories and models,145,74,-71,0.001,0.0005,-0.05
T10677,Attachment and Relationship Dynamics,145,73,-72,0.001,0.0005,-0.05
T11362,Membrane Separation and Gas Transport,93,125,32,0.0007,0.0009,0.02
T10260,Software Engineering Research,116,101,-15,0.0008,0.0007,-0.01
T10898,Environmental Education and Sustainability,142,75,-67,0.001,0.0005,-0.05
T10722,Work-Family Balance Challenges,98,118,20,0.0007,0.0008,0.01
T11145,Epoxy Resin Curing Processes,101,114,13,0.0007,0.0008,0.01
T11764,Evolution and Genetic Dynamics,104,110,6,0.0007,0.0008,0.0
T10217,Cardiac electrophysiology and arrhythmias,95,118,23,0.0007,0.0008,0.02
T10575,Wireless Communication Networks Research,107,106,-1,0.0008,0.0008,-0.0
T10139,Heavy metals in environment,100,112,12,0.0007,0.0008,0.01
T11898,Economics of Agriculture and Food Markets,111,101,-10,0.0008,0.0007,-0.01
T10084,Musculoskeletal pain and rehabilitation,180,31,-149,0.0013,0.0002,-0.11
T10780,Reliability and Maintenance Optimization,80,131,51,0.0006,0.0009,0.04
T10077,Neuroscience and Neuropharmacology Research,117,93,-24,0.0008,0.0007,-0.02
T10099,GaN-based semiconductor devices and materials,107,102,-5,0.0008,0.0007,-0.0
T11236,Control Systems and Identification,70,139,69,0.0005,0.001,0.05
T12873,"Nutrition, Health and Food Behavior",23,186,163,0.0002,0.0013,0.12
T10242,Posttraumatic Stress Disorder Research,87,120,33,0.0006,0.0009,0.02
T10301,Mitochondrial Function and Pathology,107,100,-7,0.0008,0.0007,-0.0
T11712,Intergenerational Family Dynamics and Caregiving,115,92,-23,0.0008,0.0007,-0.02
T11791,Microbial Community Ecology and Physiology,120,87,-33,0.0009,0.0006,-0.02
T11957,Food Safety and Hygiene,95,110,15,0.0007,0.0008,0.01
T10269,Epigenetics and DNA Methylation,98,106,8,0.0007,0.0008,0.01
T10486,Salmonella and Campylobacter epidemiology,87,117,30,0.0006,0.0008,0.02
T10617,Cellular transport and secretion,94,110,16,0.0007,0.0008,0.01
T10364,Reproductive Biology and Fertility,108,95,-13,0.0008,0.0007,-0.01
T11664,Fiber-reinforced polymer composites,90,113,23,0.0006,0.0008,0.02
T11542,Behavioral Health and Interventions,146,56,-90,0.001,0.0004,-0.06
T10402,Phase Equilibria and Thermodynamics,89,112,23,0.0006,0.0008,0.02
T10400,Network Security and Intrusion Detection,108,92,-16,0.0008,0.0007,-0.01
T10593,Bacterial biofilms and quorum sensing,89,111,22,0.0006,0.0008,0.02
T10748,Growth Hormone and Insulin-like Growth Factors,87,113,26,0.0006,0.0008,0.02
T11608,Dielectric materials and actuators,83,117,34,0.0006,0.0008,0.02
T11331,Fecal contamination and water quality,84,115,31,0.0006,0.0008,0.02
T11444,Electromagnetic Compatibility and Noise Suppression,110,89,-21,0.0008,0.0006,-0.01
T10222,Genomics and Chromatin Dynamics,88,110,22,0.0006,0.0008,0.02
T10936,Millimeter-Wave Propagation and Modeling,94,104,10,0.0007,0.0007,0.01
T11558,Composite Material Mechanics,117,81,-36,0.0008,0.0006,-0.03
T10976,Viral gastroenteritis research and epidemiology,122,75,-47,0.0009,0.0005,-0.03
T11205,Numerical methods in inverse problems,88,109,21,0.0006,0.0008,0.02
T11045,"Privacy, Security, and Data Protection",90,106,16,0.0006,0.0008,0.01
T10382,Quantum and electron transport phenomena,96,99,3,0.0007,0.0007,0.0
T10553,Combustion and flame dynamics,100,95,-5,0.0007,0.0007,-0.0
T10917,Smart Grid Security and Resilience,111,84,-27,0.0008,0.0006,-0.02
T11757,Seismic Waves and Analysis,109,86,-23,0.0008,0.0006,-0.02
T10108,Electoral Systems and Political Participation,83,111,28,0.0006,0.0008,0.02
T10744,Astrophysical Phenomena and Observations,93,101,8,0.0007,0.0007,0.01
T10784,Muscle activation and electromyography studies,96,96,0,0.0007,0.0007,0.0
T11604,Ship Hydrodynamics and Maneuverability,59,133,74,0.0004,0.0009,0.05
T11937,Research Data Management Practices,80,112,32,0.0006,0.0008,0.02
T11091,Extraction and Separation Processes,97,94,-3,0.0007,0.0007,-0.0
T11399,Muscle metabolism and nutrition,126,65,-61,0.0009,0.0005,-0.04
T12095,Vehicle emissions and performance,129,62,-67,0.0009,0.0004,-0.05
T12321,Insect Pheromone Research and Control,91,100,9,0.0006,0.0007,0.01
T12701,Biological Control of Invasive Species,76,115,39,0.0005,0.0008,0.03
T11082,Spacecraft Dynamics and Control,56,134,78,0.0004,0.001,0.06
T10009,Dementia and Cognitive Impairment Research,66,123,57,0.0005,0.0009,0.04
T10241,Functional Brain Connectivity Studies,110,79,-31,0.0008,0.0006,-0.02
T10263,Eating Disorders and Behaviors,99,90,-9,0.0007,0.0006,-0.01
T10990,Infection Control and Ventilation,102,87,-15,0.0007,0.0006,-0.01
T10968,Statistical Distribution Estimation and Applications,70,118,48,0.0005,0.0008,0.03
T10369,Advanced MEMS and NEMS Technologies,88,99,11,0.0006,0.0007,0.01
T10521,RNA and protein synthesis mechanisms,105,82,-23,0.0007,0.0006,-0.02
T12118,Forest Biomass Utilization and Management,102,85,-17,0.0007,0.0006,-0.01
T13500,Probability and Statistical Research,8,179,171,0.0001,0.0013,0.12
T10328,Supply Chain and Inventory Management,79,107,28,0.0006,0.0008,0.02
T10629,Health Policy Implementation Science,93,93,0,0.0007,0.0007,0.0
T10933,Real-Time Systems Scheduling,92,93,1,0.0007,0.0007,0.0
T11187,Nonlinear Dynamics and Pattern Formation,107,78,-29,0.0008,0.0006,-0.02
T12010,Evaluation and Performance Assessment,96,89,-7,0.0007,0.0006,-0.0
T12929,Animal Genetics and Reproduction,127,58,-69,0.0009,0.0004,-0.05
T10325,Astro and Planetary Science,98,86,-12,0.0007,0.0006,-0.01
T10406,Planetary Science and Exploration,113,71,-42,0.0008,0.0005,-0.03
T10533,Teaching and Learning Programming,68,116,48,0.0005,0.0008,0.03
T10380,Intimate Partner and Family Violence,87,96,9,0.0006,0.0007,0.01
T10889,Soil erosion and sediment transport,95,88,-7,0.0007,0.0006,-0.0
T11002,Indoor Air Quality and Microbial Exposure,57,125,68,0.0004,0.0009,0.05
T12310,Crop Yield and Soil Fertility,103,79,-24,0.0007,0.0006,-0.02
T10616,Smart Agriculture and AI,52,129,77,0.0004,0.0009,0.06
T11058,Ethics in Business and Education,96,85,-11,0.0007,0.0006,-0.01
T11458,Advanced Wireless Communication Technologies,68,113,45,0.0005,0.0008,0.03
T10284,Anaerobic Digestion and Biogas Production,62,118,56,0.0004,0.0008,0.04
T10371,Immune Response and Inflammation,96,84,-12,0.0007,0.0006,-0.01
T10506,Aquaculture disease management and microbiota,76,104,28,0.0005,0.0007,0.02
T11044,Particle Detector Development and Performance,34,146,112,0.0002,0.001,0.08
T11470,Legume Nitrogen Fixing Symbiosis,109,71,-38,0.0008,0.0005,-0.03
T11536,Consumer Retail Behavior Studies,104,76,-28,0.0007,0.0005,-0.02
T10399,Hydrocarbon exploration and reservoir analysis,112,67,-45,0.0008,0.0005,-0.03
T10529,Stress Responses and Cortisol,93,86,-7,0.0007,0.0006,-0.0
T11161,Consumer Market Behavior and Pricing,84,95,11,0.0006,0.0007,0.01
T11277,Thermal properties of materials,84,95,11,0.0006,0.0007,0.01
T10074,Carbon Nanotubes in Composites,95,83,-12,0.0007,0.0006,-0.01
T11180,Pesticide and Herbicide Environmental Studies,104,74,-30,0.0007,0.0005,-0.02
T11799,"Adhesion, Friction, and Surface Interactions",95,83,-12,0.0007,0.0006,-0.01
T12180,Polar Research and Ecology,91,87,-4,0.0006,0.0006,-0.0
T10646,Experimental Behavioral Economics Studies,99,78,-21,0.0007,0.0006,-0.01
T13553,Age of Information Optimization,85,92,7,0.0006,0.0007,0.01
T11371,Wind and Air Flow Studies,115,61,-54,0.0008,0.0004,-0.04
T11208,Lignin and Wood Chemistry,88,86,-2,0.0006,0.0006,-0.0
T11408,Advanced Optical Imaging Technologies,97,77,-20,0.0007,0.0005,-0.01
T11752,Cancer Treatment and Pharmacology,125,49,-76,0.0009,0.0003,-0.05
T10102,scientometrics and bibliometrics research,70,103,33,0.0005,0.0007,0.02
T10129,Glioma Diagnosis and Treatment,73,99,26,0.0005,0.0007,0.02
T11351,Catalysis and Hydrodesulfurization Studies,101,71,-30,0.0007,0.0005,-0.02
T10597,Nuclear reactor physics and engineering,87,83,-4,0.0006,0.0006,-0.0
T11636,Artificial Intelligence in Healthcare and Education,95,75,-20,0.0007,0.0005,-0.01
T10008,Teacher Education and Leadership Studies,71,98,27,0.0005,0.0007,0.02
T10313,Surface Modification and Superhydrophobicity,99,70,-29,0.0007,0.0005,-0.02
T10326,Indoor and Outdoor Localization Technologies,84,85,1,0.0006,0.0006,0.0
T14399,Invertebrate Taxonomy and Ecology,9,160,151,0.0001,0.0011,0.11
T10125,Advanced Wireless Communication Techniques,65,103,38,0.0005,0.0007,0.03
T10448,Memory and Neural Mechanisms,52,116,64,0.0004,0.0008,0.05
T10810,Polymer composites and self-healing,126,42,-84,0.0009,0.0003,-0.06
T11502,Facility Location and Emergency Management,65,103,38,0.0005,0.0007,0.03
T11986,Scientific Computing and Data Management,118,50,-68,0.0008,0.0004,-0.05
T12043,Insect behavior and control techniques,50,118,68,0.0004,0.0008,0.05
T11699,High-Velocity Impact and Material Behavior,98,69,-29,0.0007,0.0005,-0.02
T11810,Complex Systems and Decision Making,103,64,-39,0.0007,0.0005,-0.03
T10557,Social Media and Politics,122,44,-78,0.0009,0.0003,-0.06
T10672,Design Education and Practice,93,73,-20,0.0007,0.0005,-0.01
T10729,Electrospun Nanofibers in Biomedical Applications,89,77,-12,0.0006,0.0005,-0.01
T10923,Force Microscopy Techniques and Applications,111,55,-56,0.0008,0.0004,-0.04
T11926,Subterranean biodiversity and taxonomy,147,19,-128,0.001,0.0001,-0.09
T12447,Spider Taxonomy and Behavior Studies,72,94,22,0.0005,0.0007,0.02
T10522,Medical Imaging Techniques and Applications,100,65,-35,0.0007,0.0005,-0.02
T10603,Smart Grid Energy Management,84,81,-3,0.0006,0.0006,-0.0
T10692,Urban Green Space and Health,124,41,-83,0.0009,0.0003,-0.06
T10131,Gold and Silver Nanoparticles Synthesis and Applications,73,91,18,0.0005,0.0006,0.01
T10278,Electric Motor Design and Analysis,82,82,0,0.0006,0.0006,0.0
T10848,Advanced Multi-Objective Optimization Algorithms,109,55,-54,0.0008,0.0004,-0.04
T10888,Augmented Reality Applications,75,89,14,0.0005,0.0006,0.01
T11302,CO2 Sequestration and Geologic Interactions,71,93,22,0.0005,0.0007,0.02
T11375,Geotechnical Engineering and Soil Stabilization,81,83,2,0.0006,0.0006,0.0
T10342,Circadian rhythm and melatonin,78,85,7,0.0006,0.0006,0.01
T10878,CRISPR and Genetic Engineering,110,53,-57,0.0008,0.0004,-0.04
T11151,Advanced Topology and Set Theory,68,95,27,0.0005,0.0007,0.02
T11100,Intermetallics and Advanced Alloy Properties,73,89,16,0.0005,0.0006,0.01
T11278,Calcium Carbonate Crystallization and Inhibition,82,80,-2,0.0006,0.0006,-0.0
T11875,Statistics Education and Methodologies,74,88,14,0.0005,0.0006,0.01
T10615,Granular flow and fluidized beds,85,75,-10,0.0006,0.0005,-0.01
T11039,Evaluation of Teaching Practices,78,82,4,0.0006,0.0006,0.0
T11923,Mine drainage and remediation techniques,99,61,-38,0.0007,0.0004,-0.03
T10020,Quantum Information and Cryptography,67,92,25,0.0005,0.0007,0.02
T10058,Entrepreneurship Studies and Influences,71,88,17,0.0005,0.0006,0.01
T10118,SARS-CoV-2 and COVID-19 Research,74,85,11,0.0005,0.0006,0.01
T10537,Attention Deficit Hyperactivity Disorder,87,72,-15,0.0006,0.0005,-0.01
T10647,Coastal and Marine Dynamics,64,95,31,0.0005,0.0007,0.02
T11805,Agricultural economics and policies,2,157,155,0.0,0.0011,0.11
T10426,Child Abuse and Trauma,79,79,0,0.0006,0.0006,0.0
T10501,Polymer Nanocomposites and Properties,113,45,-68,0.0008,0.0003,-0.05
T10819,Mercury impact and mitigation studies,89,69,-20,0.0006,0.0005,-0.01
T11544,"Gender, Labor, and Family Dynamics",116,42,-74,0.0008,0.0003,-0.05
T11665,Animal Vocal Communication and Behavior,95,63,-32,0.0007,0.0004,-0.02
T10246,Mobile Ad Hoc Networks,75,82,7,0.0005,0.0006,0.01
T10589,Early Childhood Education and Development,104,53,-51,0.0007,0.0004,-0.04
T10883,Ethics and Social Impacts of AI,59,98,39,0.0004,0.0007,0.03
T11214,Human-Animal Interaction Studies,99,58,-41,0.0007,0.0004,-0.03
T11760,Plant responses to elevated CO2,90,67,-23,0.0006,0.0005,-0.02
T12420,Silicone and Siloxane Chemistry,69,87,18,0.0005,0.0006,0.01
T10252,Microbial Natural Products and Biosynthesis,57,98,41,0.0004,0.0007,0.03
T11159,Manufacturing Process and Optimization,116,39,-77,0.0008,0.0003,-0.05
T11703,"Rings, Modules, and Algebras",81,74,-7,0.0006,0.0005,-0.0
T10211,Computational Drug Discovery Methods,69,85,16,0.0005,0.0006,0.01
T10346,Magnetic confinement fusion research,134,20,-114,0.001,0.0001,-0.08
T10789,Interactive and Immersive Displays,68,86,18,0.0005,0.0006,0.01
T11220,Water Systems and Optimization,72,82,10,0.0005,0.0006,0.01
T11457,Adipose Tissue and Metabolism,107,47,-60,0.0008,0.0003,-0.04
T12834,Flowering Plant Growth and Cultivation,59,95,36,0.0004,0.0007,0.03
T13673,Library Science and Information,0,154,154,0.0,0.0011,0.11
T10338,Advanced Sensor and Energy Harvesting Materials,118,35,-83,0.0008,0.0002,-0.06
T10412,Microfluidic and Capillary Electrophoresis Applications,75,78,3,0.0005,0.0006,0.0
T10430,Software Engineering Techniques and Practices,69,84,15,0.0005,0.0006,0.01
T10612,Magnetism in coordination complexes,84,69,-15,0.0006,0.0005,-0.01
T11852,Clay minerals and soil interactions,96,57,-39,0.0007,0.0004,-0.03
T12131,Wireless Signal Modulation Classification,90,63,-27,0.0006,0.0004,-0.02
T12827,Biochemical and Molecular Research,50,103,53,0.0004,0.0007,0.04
T13445,American Constitutional Law and Politics,106,47,-59,0.0008,0.0003,-0.04
T10134,Inflammatory Bowel Disease,55,97,42,0.0004,0.0007,0.03
T10226,Land Use and Ecosystem Services,87,65,-22,0.0006,0.0005,-0.02
T10454,Optimal Power Flow Distribution,71,81,10,0.0005,0.0006,0.01
T10485,"Bullying, Victimization, and Aggression",74,77,3,0.0005,0.0005,0.0
T10502,Advanced Memory and Neural Computing,77,73,-4,0.0005,0.0005,-0.0
T10514,Numerical methods in engineering,109,41,-68,0.0008,0.0003,-0.05
T10857,Advanced Electron Microscopy Techniques and Applications,51,99,48,0.0004,0.0007,0.03
T10037,Physics of Superconductivity and Magnetism,89,60,-29,0.0006,0.0004,-0.02
T11121,Public Relations and Crisis Communication,74,75,1,0.0005,0.0005,0.0
T11247,Plant nutrient uptake and metabolism,72,77,5,0.0005,0.0005,0.0
T11913,Animal Ecology and Behavior Studies,92,57,-35,0.0007,0.0004,-0.02
T12000,Systems Engineering Methodologies and Applications,58,91,33,0.0004,0.0006,0.02
T10061,Algebraic Geometry and Number Theory,51,97,46,0.0004,0.0007,0.03
T10304,Geometric and Algebraic Topology,61,87,26,0.0004,0.0006,0.02
T10387,Fatty Acid Research and Health,86,62,-24,0.0006,0.0004,-0.02
T10885,Gene expression and cancer classification,85,63,-22,0.0006,0.0004,-0.02
T12991,Phytase and its Applications,86,62,-24,0.0006,0.0004,-0.02
T10031,T-cell and B-cell Immunology,51,96,45,0.0004,0.0007,0.03
T10567,Vehicle Routing Optimization Methods,87,59,-28,0.0006,0.0004,-0.02
T11265,Aging and Gerontology Research,69,77,8,0.0005,0.0005,0.01
T10472,Semiconductor materials and devices,89,56,-33,0.0006,0.0004,-0.02
T10636,Innovative Teaching and Learning Methods,103,42,-61,0.0007,0.0003,-0.04
T12487,Structural Engineering and Vibration Analysis,107,38,-69,0.0008,0.0003,-0.05
T12814,Gaussian Processes and Bayesian Inference,57,88,31,0.0004,0.0006,0.02
T10308,Systemic Lupus Erythematosus Research,35,109,74,0.0002,0.0008,0.05
T10440,Advanced Thermoelectric Materials and Devices,74,70,-4,0.0005,0.0005,-0.0
T10714,Software-Defined Networks and 5G,53,91,38,0.0004,0.0006,0.03
T10818,Astrophysics and Cosmic Phenomena,102,42,-60,0.0007,0.0003,-0.04
T11152,Stochastic processes and statistical mechanics,71,73,2,0.0005,0.0005,0.0
T11162,Enzyme Structure and Function,73,71,-2,0.0005,0.0005,-0.0
T11354,Evolution and Paleontology Studies,68,76,8,0.0005,0.0005,0.01
T11740,Geochemistry and Elemental Analysis,68,76,8,0.0005,0.0005,0.01
T11882,Plant biochemistry and biosynthesis,66,78,12,0.0005,0.0006,0.01
T12766,Interdisciplinary Research and Collaboration,72,72,0,0.0005,0.0005,0.0
T10032,Marine and coastal ecosystems,91,52,-39,0.0006,0.0004,-0.03
T10040,Adaptive Control of Nonlinear Systems,72,71,-1,0.0005,0.0005,-0.0
T10079,Nanoparticles: synthesis and applications,83,60,-23,0.0006,0.0004,-0.02
T10750,Fermentation and Sensory Analysis,68,75,7,0.0005,0.0005,0.01
T12042,Satellite Communication Systems,63,80,17,0.0004,0.0006,0.01
T13261,Elasticity and Wave Propagation,29,114,85,0.0002,0.0008,0.06
T10140,Food composition and properties,73,69,-4,0.0005,0.0005,-0.0
T10190,Air Quality and Health Impacts,93,49,-44,0.0007,0.0003,-0.03
T10772,Distributed systems and fault tolerance,82,60,-22,0.0006,0.0004,-0.02
T10866,Nutritional Studies and Diet,84,58,-26,0.0006,0.0004,-0.02
T11900,Fungal Plant Pathogen Control,49,93,44,0.0003,0.0007,0.03
T12259,Environmental Justice and Health Disparities,72,70,-2,0.0005,0.0005,-0.0
T11047,Gender Diversity and Inequality,83,58,-25,0.0006,0.0004,-0.02
T11645,"Urban, Neighborhood, and Segregation Studies",92,49,-43,0.0007,0.0003,-0.03
T12450,Radio Astronomy Observations and Technology,70,71,1,0.0005,0.0005,0.0
T13591,Pasture and Agricultural Systems,17,124,107,0.0001,0.0009,0.08
T13682,Engineering Education and Pedagogy,22,119,97,0.0002,0.0008,0.07
T10128,Global trade and economics,81,59,-22,0.0006,0.0004,-0.02
T10310,Corrosion Behavior and Inhibition,57,82,25,0.0004,0.0006,0.02
T10547,"Education, Achievement, and Giftedness",39,100,61,0.0003,0.0007,0.04
T10581,Neural dynamics and brain function,82,57,-25,0.0006,0.0004,-0.02
T10069,Antenna Design and Analysis,66,72,6,0.0005,0.0005,0.0
T10197,Membrane Separation Technologies,60,78,18,0.0004,0.0006,0.01
T10479,Structural Behavior of Reinforced Concrete,80,58,-22,0.0006,0.0004,-0.02
T10761,Vehicular Ad Hoc Networks (VANETs),62,76,14,0.0004,0.0005,0.01
T11344,Traffic Prediction and Management Techniques,92,46,-46,0.0007,0.0003,-0.03
T11807,Infrastructure Resilience and Vulnerability Analysis,75,63,-12,0.0005,0.0004,-0.01
T12709,Optimization and Mathematical Programming,71,67,-4,0.0005,0.0005,-0.0
T12770,Amino Acid Enzymes and Metabolism,88,50,-38,0.0006,0.0004,-0.03
T10299,Photonic and Optical Devices,113,24,-89,0.0008,0.0002,-0.06
T10592,Fusion materials and technologies,38,99,61,0.0003,0.0007,0.04
T10972,Power Systems Fault Detection,60,77,17,0.0004,0.0005,0.01
T11806,Service-Learning and Community Engagement,77,60,-17,0.0005,0.0004,-0.01
T11978,Soil Mechanics and Vehicle Dynamics,70,67,-3,0.0005,0.0005,-0.0
T12613,X-ray Diffraction in Crystallography,62,75,13,0.0004,0.0005,0.01
T10517,"Financial Literacy, Pension, Retirement Analysis",64,72,8,0.0005,0.0005,0.01
T11242,Nuclear Materials and Properties,76,60,-16,0.0005,0.0004,-0.01
T11244,Climate Change and Health Impacts,81,55,-26,0.0006,0.0004,-0.02
T11289,Single-cell and spatial transcriptomics,81,55,-26,0.0006,0.0004,-0.02
T10574,Crime Patterns and Interventions,69,66,-3,0.0005,0.0005,-0.0
T10879,Robotic Locomotion and Control,63,72,9,0.0004,0.0005,0.01
T10947,Fluorine in Organic Chemistry,69,66,-3,0.0005,0.0005,-0.0
T11138,Tribology and Lubrication Engineering,71,64,-7,0.0005,0.0005,-0.0
T11424,Security and Verification in Computing,60,75,15,0.0004,0.0005,0.01
T11819,Data-Driven Disease Surveillance,83,52,-31,0.0006,0.0004,-0.02
T12294,Agricultural Science and Fertilization,7,128,121,0.0,0.0009,0.09
T10030,Electrocatalysts for Energy Conversion,58,76,18,0.0004,0.0005,0.01
T10273,IoT and Edge/Fog Computing,65,69,4,0.0005,0.0005,0.0
T10281,Advanced Battery Materials and Technologies,55,79,24,0.0004,0.0006,0.02
T10314,Social and Intergroup Psychology,68,66,-2,0.0005,0.0005,-0.0
T10473,Postharvest Quality and Shelf Life Management,44,90,46,0.0003,0.0006,0.03
T10865,Shape Memory Alloy Transformations,70,64,-6,0.0005,0.0005,-0.0
T11229,Genetics and Plant Breeding,39,95,56,0.0003,0.0007,0.04
T11480,Connexins and lens biology,76,58,-18,0.0005,0.0004,-0.01
T11796,Horticultural and Viticultural Research,89,45,-44,0.0006,0.0003,-0.03
T12157,Geochemistry and Geologic Mapping,130,4,-126,0.0009,0.0,-0.09
T13443,Mineralogy and Gemology Studies,35,99,64,0.0002,0.0007,0.05
T10092,Organometallic Complex Synthesis and Catalysis,56,77,21,0.0004,0.0005,0.02
T10320,Neural Networks and Applications,96,37,-59,0.0007,0.0003,-0.04
T10347,Atmospheric aerosols and clouds,42,91,49,0.0003,0.0006,0.04
T10576,Opioid Use Disorder Treatment,62,71,9,0.0004,0.0005,0.01
T11436,Entomopathogenic Microorganisms in Pest Control,57,76,19,0.0004,0.0005,0.01
T11489,Air Traffic Management and Optimization,54,79,25,0.0004,0.0006,0.02
T11988,Sustainable Building Design and Assessment,79,54,-25,0.0006,0.0004,-0.02
T10022,Semiconductor Quantum Structures and Devices,81,51,-30,0.0006,0.0004,-0.02
T10710,Arsenic contamination and mitigation,68,64,-4,0.0005,0.0005,-0.0
T10745,Heart Rate Variability and Autonomic Control,60,72,12,0.0004,0.0005,0.01
T12114,Sensory Analysis and Statistical Methods,60,72,12,0.0004,0.0005,0.01
T12792,Soil Management and Crop Yield,20,112,92,0.0001,0.0008,0.07
T11409,Advanced Wireless Network Optimization,49,82,33,0.0003,0.0006,0.02
T11737,Advanced Materials and Mechanics,60,71,11,0.0004,0.0005,0.01
T13516,Publishing and Scholarly Communication,10,121,111,0.0001,0.0009,0.08
T14185,"Research, Science, and Academia",24,107,83,0.0002,0.0008,0.06
T10056,Neurotransmitter Receptor Influence on Behavior,51,79,28,0.0004,0.0006,0.02
T10462,Reinforcement Learning in Robotics,53,77,24,0.0004,0.0005,0.02
T10706,Traumatic Brain Injury and Neurovascular Disturbances,61,69,8,0.0004,0.0005,0.01
T11120,Nonprofit Sector and Volunteering,55,75,20,0.0004,0.0005,0.01
T10029,Climate variability and models,60,69,9,0.0004,0.0005,0.01
T10239,Urban Planning and Governance,29,100,71,0.0002,0.0007,0.05
T10270,Blockchain Technology Applications and Security,62,67,5,0.0004,0.0005,0.0
T10395,Construction Project Management and Performance,68,61,-7,0.0005,0.0004,-0.0
T10053,International Relations and Foreign Policy,38,90,52,0.0003,0.0006,0.04
T10086,Alzheimer's disease research and treatments,52,76,24,0.0004,0.0005,0.02
T10376,Suicide and Self-Harm Studies,57,71,14,0.0004,0.0005,0.01
T10544,Glass properties and applications,67,61,-6,0.0005,0.0004,-0.0
T10674,School Choice and Performance,76,52,-24,0.0005,0.0004,-0.02
T11694,Fluid Dynamics Simulations and Interactions,103,25,-78,0.0007,0.0002,-0.06
T12133,Pragmatism in Philosophy and Education,60,68,8,0.0004,0.0005,0.01
T10721,Surfactants and Colloidal Systems,52,75,23,0.0004,0.0005,0.02
T11945,Heat Transfer Mechanisms,81,46,-35,0.0006,0.0003,-0.02
T12218,Coal and Its By-products,74,53,-21,0.0005,0.0004,-0.01
T10059,Bone Tissue Engineering Materials,70,56,-14,0.0005,0.0004,-0.01
T10588,Mathematical Dynamics and Fractals,40,86,46,0.0003,0.0006,0.03
T10839,Pancreatic function and diabetes,73,53,-20,0.0005,0.0004,-0.01
T11404,Irrigation Practices and Water Management,47,79,32,0.0003,0.0006,0.02
T11714,Multimodal Machine Learning Applications,58,68,10,0.0004,0.0005,0.01
T10164,Quality and Supply Management,63,62,-1,0.0004,0.0004,-0.0
T10715,Distributed and Parallel Computing Systems,86,39,-47,0.0006,0.0003,-0.03
T10718,Political Philosophy and Ethics,71,54,-17,0.0005,0.0004,-0.01
T11692,Noise Effects and Management,57,68,11,0.0004,0.0005,0.01
T11832,Doctoral Education Challenges and Solutions,41,84,43,0.0003,0.0006,0.03
T12125,Aerospace and Aviation Technology,65,60,-5,0.0005,0.0004,-0.0
T12322,Animal health and immunology,61,64,3,0.0004,0.0005,0.0
T10790,Heavy Metal Exposure and Toxicity,64,60,-4,0.0005,0.0004,-0.0
T10815,Parasite Biology and Host Interactions,58,66,8,0.0004,0.0005,0.01
T11320,Atmospheric Ozone and Climate,76,48,-28,0.0005,0.0003,-0.02
T11814,Advanced Manufacturing and Logistics Optimization,77,47,-30,0.0005,0.0003,-0.02
T10127,"Banking stability, regulation, efficiency",63,60,-3,0.0004,0.0004,-0.0
T10404,Enzyme Catalysis and Immobilization,44,79,35,0.0003,0.0006,0.03
T10913,Molecular Junctions and Nanostructures,88,35,-53,0.0006,0.0002,-0.04
T11756,Mentoring and Academic Development,67,56,-11,0.0005,0.0004,-0.01
T12350,Particle Dynamics in Fluid Flows,55,68,13,0.0004,0.0005,0.01
T11859,Educator Training and Historical Pedagogy,70,52,-18,0.0005,0.0004,-0.01
T12691,Coccidia and coccidiosis research,69,53,-16,0.0005,0.0004,-0.01
T12765,"Race, History, and American Society",71,51,-20,0.0005,0.0004,-0.01
T10080,Energy Efficient Wireless Sensor Networks,60,61,1,0.0004,0.0004,0.0
T10480,Ionic liquids properties and applications,69,52,-17,0.0005,0.0004,-0.01
T10586,Robotic Path Planning Algorithms,71,50,-21,0.0005,0.0004,-0.01
T11079,Creativity in Education and Neuroscience,73,48,-25,0.0005,0.0003,-0.02
T11222,Magnetic Properties and Applications,60,61,1,0.0004,0.0004,0.0
T11654,Advanced Mathematical Physics Problems,67,54,-13,0.0005,0.0004,-0.01
T10071,Bone health and osteoporosis research,43,77,34,0.0003,0.0005,0.02
T10271,Seismic Imaging and Inversion Techniques,81,39,-42,0.0006,0.0003,-0.03
T10711,Target Tracking and Data Fusion in Sensor Networks,69,51,-18,0.0005,0.0004,-0.01
T11376,Geriatric Care and Nursing Homes,61,59,-2,0.0004,0.0004,-0.0
T11781,Wastewater Treatment and Reuse,32,88,56,0.0002,0.0006,0.04
T11947,Molten salt chemistry and electrochemical processes,55,65,10,0.0004,0.0005,0.01
T12611,Neural Networks and Reservoir Computing,83,37,-46,0.0006,0.0003,-0.03
T12934,Plant and fungal interactions,90,30,-60,0.0006,0.0002,-0.04
T10187,Radio Frequency Integrated Circuit Design,49,70,21,0.0003,0.0005,0.02
T10303,Photosynthetic Processes and Mechanisms,72,47,-25,0.0005,0.0003,-0.02
T10432,DNA and Nucleic Acid Chemistry,74,45,-29,0.0005,0.0003,-0.02
T10491,Enhanced Oil Recovery Techniques,48,71,23,0.0003,0.0005,0.02
T10708,Mindfulness and Compassion Interventions,66,53,-13,0.0005,0.0004,-0.01
T11032,VLSI and Analog Circuit Testing,61,58,-3,0.0004,0.0004,-0.0
T11037,Fungal Infections and Studies,55,64,9,0.0004,0.0005,0.01
T11387,Ichthyology and Marine Biology,65,54,-11,0.0005,0.0004,-0.01
T12057,Consumer Attitudes and Food Labeling,59,60,1,0.0004,0.0004,0.0
T10163,Metal complexes synthesis and properties,88,30,-58,0.0006,0.0002,-0.04
T10442,Knee injuries and reconstruction techniques,64,54,-10,0.0005,0.0004,-0.01
T11237,Plant Gene Expression Analysis,67,51,-16,0.0005,0.0004,-0.01
T12754,Plant Growth and Agriculture Techniques,3,115,112,0.0,0.0008,0.08
T10293,Thyroid Disorders and Treatments,50,67,17,0.0004,0.0005,0.01
T10891,Radar Systems and Signal Processing,46,71,25,0.0003,0.0005,0.02
T11283,Experimental Learning in Engineering,95,22,-73,0.0007,0.0002,-0.05
T12233,Geotechnical Engineering and Underground Structures,90,27,-63,0.0006,0.0002,-0.04
T12282,Mineral Processing and Grinding,49,68,19,0.0003,0.0005,0.01
T13388,Rangeland and Wildlife Management,82,35,-47,0.0006,0.0002,-0.03
T10003,Innovation and Knowledge Management,70,46,-24,0.0005,0.0003,-0.02
T10078,Advanced Photocatalysis Techniques,53,63,10,0.0004,0.0004,0.01
T10147,Antibiotic Resistance in Bacteria,62,54,-8,0.0004,0.0004,-0.01
T11177,Spectroscopy and Quantum Chemical Studies,93,23,-70,0.0007,0.0002,-0.05
T12462,Elder Abuse and Neglect,59,57,-2,0.0004,0.0004,-0.0
T12628,Polymer Foaming and Composites,54,62,8,0.0004,0.0004,0.01
T12837,American Environmental and Regional History,74,42,-32,0.0005,0.0003,-0.02
T10657,Topological Materials and Phenomena,54,61,7,0.0004,0.0004,0.01
T11233,Advanced Adaptive Filtering Techniques,49,66,17,0.0003,0.0005,0.01
T11259,Agriculture Sustainability and Environmental Impact,76,39,-37,0.0005,0.0003,-0.03
T11313,Immune cells in cancer,49,66,17,0.0003,0.0005,0.01
T11656,Turtle Biology and Conservation,72,43,-29,0.0005,0.0003,-0.02
T11888,Gender Roles and Identity Studies,78,37,-41,0.0006,0.0003,-0.03
T12047,Viral Infections and Vectors,74,41,-33,0.0005,0.0003,-0.02
T12178,Bird parasitology and diseases,55,60,5,0.0004,0.0004,0.0
T10094,Epilepsy research and treatment,44,70,26,0.0003,0.0005,0.02
T10261,Genetic Associations and Epidemiology,53,61,8,0.0004,0.0004,0.01
T10353,Zeolite Catalysis and Synthesis,48,66,18,0.0003,0.0005,0.01
T10377,Metal and Thin Film Mechanics,85,29,-56,0.0006,0.0002,-0.04
T10512,Orthopaedic implants and arthroplasty,66,48,-18,0.0005,0.0003,-0.01
T10707,Cellular and Composite Structures,50,64,14,0.0004,0.0005,0.01
T11500,Evacuation and Crowd Dynamics,68,46,-22,0.0005,0.0003,-0.02
T12264,Tissue Engineering and Regenerative Medicine,44,70,26,0.0003,0.0005,0.02
T13036,Veterinary Practice and Education Studies,63,51,-12,0.0004,0.0004,-0.01
T10424,Electric Power System Optimization,42,71,29,0.0003,0.0005,0.02
T10455,Foot and Ankle Surgery,57,56,-1,0.0004,0.0004,-0.0
T10471,Climate Change Policy and Economics,56,57,1,0.0004,0.0004,0.0
T10731,Educational Games and Gamification,59,54,-5,0.0004,0.0004,-0.0
T10803,Innovative Human-Technology Interaction,48,65,17,0.0003,0.0005,0.01
T11425,Diverse Music Education Insights,56,57,1,0.0004,0.0004,0.0
T11429,Semiconductor Lasers and Optical Devices,46,67,21,0.0003,0.0005,0.02
T10101,Cloud Computing and Resource Management,58,54,-4,0.0004,0.0004,-0.0
T10248,Nonlinear Waves and Solitons,45,67,22,0.0003,0.0005,0.02
T10785,Economic Theory and Institutions,64,48,-16,0.0005,0.0003,-0.01
T11426,Genetically Modified Organisms Research,34,78,44,0.0002,0.0006,0.03
T12621,Hemispheric Asymmetry in Neuroscience,44,68,24,0.0003,0.0005,0.02
T12819,Environmental Philosophy and Ethics,40,72,32,0.0003,0.0005,0.02
T13967,"Conservation, Ecology, Wildlife Education",29,83,54,0.0002,0.0006,0.04
T14127,Food and Agricultural Sciences,1,111,110,0.0,0.0008,0.08
T10085,Parkinson's Disease Mechanisms and Treatments,53,58,5,0.0004,0.0004,0.0
T10343,"Hydrogels: synthesis, properties, applications",34,77,43,0.0002,0.0005,0.03
T10725,RNA Interference and Gene Delivery,65,46,-19,0.0005,0.0003,-0.01
T10974,Advanced Queuing Theory Analysis,46,65,19,0.0003,0.0005,0.01
T11181,Advanced Data Storage Technologies,74,37,-37,0.0005,0.0003,-0.03
T11916,Legionella and Acanthamoeba research,59,52,-7,0.0004,0.0004,-0.0
T14475,History of Science and Medicine,37,74,37,0.0003,0.0005,0.03
T10046,Stability and Control of Uncertain Systems,38,72,34,0.0003,0.0005,0.02
T10546,Higher Education Governance and Development,46,64,18,0.0003,0.0005,0.01
T10572,Geophysical and Geoelectrical Methods,61,49,-12,0.0004,0.0003,-0.01
T10753,Microplastics and Plastic Pollution,66,44,-22,0.0005,0.0003,-0.02
T13129,Material Properties and Applications,46,64,18,0.0003,0.0005,0.01
T10640,Spectroscopy and Chemometric Analyses,61,48,-13,0.0004,0.0003,-0.01
T10915,Trace Elements in Health,60,49,-11,0.0004,0.0003,-0.01
T11514,Disability Education and Employment,45,64,19,0.0003,0.0005,0.01
T11809,Advanced NMR Techniques and Applications,58,51,-7,0.0004,0.0004,-0.0
T11998,Youth Development and Social Support,67,42,-25,0.0005,0.0003,-0.02
T12167,Bacterial Identification and Susceptibility Testing,58,51,-7,0.0004,0.0004,-0.0
T10940,Navier-Stokes equation solutions,28,80,52,0.0002,0.0006,0.04
T12274,Electrostatics and Colloid Interactions,30,78,48,0.0002,0.0006,0.03
T10063,Nanoparticle-Based Drug Delivery,36,71,35,0.0003,0.0005,0.03
T10067,Stochastic processes and financial applications,56,51,-5,0.0004,0.0004,-0.0
T10168,COVID-19 and Mental Health,49,58,9,0.0003,0.0004,0.01
T10247,Perovskite Materials and Applications,55,52,-3,0.0004,0.0004,-0.0
T10743,Software Testing and Debugging Techniques,42,65,23,0.0003,0.0005,0.02
T11102,HVDC Systems and Fault Protection,58,49,-9,0.0004,0.0003,-0.01
T11512,Anomaly Detection Techniques and Applications,67,40,-27,0.0005,0.0003,-0.02
T11980,Human Mobility and Location-Based Analysis,63,44,-19,0.0004,0.0003,-0.01
T11982,Rhetoric and Communication Studies,44,63,19,0.0003,0.0004,0.01
T10035,Phytochemicals and Antioxidant Activities,52,54,2,0.0004,0.0004,0.0
T10596,Child Nutrition and Water Access,74,32,-42,0.0005,0.0002,-0.03
T10663,Advanced Battery Technologies Research,72,34,-38,0.0005,0.0002,-0.03
T11441,Organoboron and organosilicon chemistry,57,49,-8,0.0004,0.0003,-0.01
T11508,Corporate Taxation and Avoidance,60,46,-14,0.0004,0.0003,-0.01
T12033,Agricultural Economics and Policy,84,22,-62,0.0006,0.0002,-0.04
T10150,Antifungal resistance and susceptibility,54,51,-3,0.0004,0.0004,-0.0
T10490,Orbital Angular Momentum in Optics,56,49,-7,0.0004,0.0003,-0.0
T10535,Landslides and related hazards,73,32,-41,0.0005,0.0002,-0.03
T10791,Advanced Control Systems Optimization,68,37,-31,0.0005,0.0003,-0.02
T10977,Optical Imaging and Spectroscopy Techniques,48,57,9,0.0003,0.0004,0.01
T11594,Tree-ring climate responses,55,50,-5,0.0004,0.0004,-0.0
T12262,Hate Speech and Cyberbullying Detection,59,46,-13,0.0004,0.0003,-0.01
T12748,Molecular spectroscopy and chirality,61,44,-17,0.0004,0.0003,-0.01
T10311,Advancements in Solid Oxide Fuel Cells,48,56,8,0.0003,0.0004,0.01
T10509,"Religion, Spirituality, and Psychology",64,40,-24,0.0005,0.0003,-0.02
T10918,Memory Processes and Influences,34,70,36,0.0002,0.0005,0.03
T11130,Coding theory and cryptography,46,58,12,0.0003,0.0004,0.01
T11209,Cardiovascular and exercise physiology,33,71,38,0.0002,0.0005,0.03
T11308,Sphingolipid Metabolism and Signaling,51,53,2,0.0004,0.0004,0.0
T11367,Particle accelerators and beam dynamics,58,46,-12,0.0004,0.0003,-0.01
T11415,Noncommutative and Quantum Gravity Theories,43,61,18,0.0003,0.0004,0.01
T11471,Block Copolymer Self-Assembly,27,77,50,0.0002,0.0005,0.04
T11582,Nanopore and Nanochannel Transport Studies,59,45,-14,0.0004,0.0003,-0.01
T11632,Family and Disability Support Research,69,35,-34,0.0005,0.0002,-0.02
T11844,Lipid metabolism and biosynthesis,25,79,54,0.0002,0.0006,0.04
T12039,Electron and X-Ray Spectroscopy Techniques,59,45,-14,0.0004,0.0003,-0.01
T14072,Immunotoxicology and immune responses,34,70,36,0.0002,0.0005,0.03
T10049,Magnetic properties of thin films,55,48,-7,0.0004,0.0003,-0.0
T10050,Multi-Criteria Decision Making,54,49,-5,0.0004,0.0003,-0.0
T10411,Proteins in Food Systems,43,60,17,0.0003,0.0004,0.01
T10656,Child and Animal Learning Development,40,63,23,0.0003,0.0004,0.02
T10876,Fault Detection and Control Systems,67,36,-31,0.0005,0.0003,-0.02
T11099,Autonomous Vehicle Technology and Safety,50,53,3,0.0004,0.0004,0.0
T11261,Quantum chaos and dynamical systems,80,23,-57,0.0006,0.0002,-0.04
T11545,Advanced Banach Space Theory,25,78,53,0.0002,0.0006,0.04
T11850,Concrete Corrosion and Durability,56,47,-9,0.0004,0.0003,-0.01
T12028,Knowledge Management and Sharing,68,35,-33,0.0005,0.0002,-0.02
T13177,Geological and Geophysical Studies,18,85,67,0.0001,0.0006,0.05
T13937,"Genetics, Bioinformatics, and Biomedical Research",80,23,-57,0.0006,0.0002,-0.04
T10215,Semantic Web and Ontologies,74,28,-46,0.0005,0.0002,-0.03
T10357,Efficiency Analysis Using DEA,46,56,10,0.0003,0.0004,0.01
T10880,Environmental Sustainability in Business,57,45,-12,0.0004,0.0003,-0.01
T10172,Cardiac Valve Diseases and Treatments,40,61,21,0.0003,0.0004,0.02
T10801,Synthetic Aperture Radar (SAR) Applications and Techniques,36,65,29,0.0003,0.0005,0.02
T11043,Merger and Competition Analysis,32,69,37,0.0002,0.0005,0.03
T11481,Sulfur Compounds in Biology,60,41,-19,0.0004,0.0003,-0.01
T11804,Quantum many-body systems,48,53,5,0.0003,0.0004,0.0
T12797,History of Computing Technologies,40,61,21,0.0003,0.0004,0.02
T10122,Toxic Organic Pollutants Impact,53,47,-6,0.0004,0.0003,-0.0
T10327,Adolescent Sexual and Reproductive Health,55,45,-10,0.0004,0.0003,-0.01
T10344,Management and Organizational Studies,61,39,-22,0.0004,0.0003,-0.02
T10375,Pharmacogenetics and Drug Metabolism,30,70,40,0.0002,0.0005,0.03
T10994,"Terrorism, Counterterrorism, and Political Violence",44,56,12,0.0003,0.0004,0.01
T11068,Tendon Structure and Treatment,57,43,-14,0.0004,0.0003,-0.01
T11098,Seed Germination and Physiology,36,64,28,0.0003,0.0005,0.02
T11147,Misinformation and Its Impacts,49,51,2,0.0003,0.0004,0.0
T11273,Advanced Graph Neural Networks,54,46,-8,0.0004,0.0003,-0.01
T11483,Tropical and Extratropical Cyclones Research,67,33,-34,0.0005,0.0002,-0.02
T11770,Fiscal Policy and Economic Growth,93,7,-86,0.0007,0.0,-0.06
T12492,Zoonotic diseases and public health,57,43,-14,0.0004,0.0003,-0.01
T13141,Statistical Methods and Applications,7,93,86,0.0,0.0007,0.06
T10103,Reading and Literacy Development,47,52,5,0.0003,0.0004,0.0
T10161,Rock Mechanics and Modeling,54,45,-9,0.0004,0.0003,-0.01
T10939,Crystal Structures and Properties,56,43,-13,0.0004,0.0003,-0.01
T11385,Natural product bioactivities and synthesis,59,40,-19,0.0004,0.0003,-0.01
T11541,Neuroendocrine regulation and behavior,70,29,-41,0.0005,0.0002,-0.03
T11588,Atmospheric and Environmental Gas Dynamics,72,27,-45,0.0005,0.0002,-0.03
T11886,Agricultural risk and resilience,62,37,-25,0.0004,0.0003,-0.02
T11918,Forecasting Techniques and Applications,42,57,15,0.0003,0.0004,0.01
T11993,Atomic and Subatomic Physics Research,73,26,-47,0.0005,0.0002,-0.03
T10036,Advanced Neural Network Applications,37,61,24,0.0003,0.0004,0.02
T10142,Formal Methods in Verification,50,48,-2,0.0004,0.0003,-0.0
T10180,Analytical chemistry methods development,30,68,38,0.0002,0.0005,0.03
T10214,Psychotherapy Techniques and Applications,47,51,4,0.0003,0.0004,0.0
T10385,Plant Diversity and Evolution,50,48,-2,0.0004,0.0003,-0.0
T10622,Quantum Mechanics and Applications,56,42,-14,0.0004,0.0003,-0.01
T11062,Gear and Bearing Dynamics Analysis,45,53,8,0.0003,0.0004,0.01
T11066,Organic Food and Agriculture,73,25,-48,0.0005,0.0002,-0.03
T11143,High Entropy Alloys Studies,52,46,-6,0.0004,0.0003,-0.0
T11266,Neuroinflammation and Neurodegeneration Mechanisms,65,33,-32,0.0005,0.0002,-0.02
T11467,Trauma and Emergency Care Studies,49,49,0,0.0003,0.0003,0.0
T11745,Potato Plant Research,78,20,-58,0.0006,0.0001,-0.04
T11976,Capital Investment and Risk Analysis,43,55,12,0.0003,0.0004,0.01
T13121,Radio Wave Propagation Studies,18,80,62,0.0001,0.0006,0.04
T13283,Mental Health Research Topics,87,11,-76,0.0006,0.0001,-0.05
T13638,Human auditory perception and evaluation,92,6,-86,0.0007,0.0,-0.06
T10318,Criminal Justice and Corrections Analysis,38,59,21,0.0003,0.0004,0.02
T10720,Complexity and Algorithms in Graphs,26,71,45,0.0002,0.0005,0.03
T11526,Innovative Teaching Methods,50,47,-3,0.0004,0.0003,-0.0
T12592,Opinion Dynamics and Social Influence,78,19,-59,0.0006,0.0001,-0.04
T10476,Algal biology and biofuel production,63,33,-30,0.0004,0.0002,-0.02
T10652,Racial and Ethnic Identity Research,32,64,32,0.0002,0.0005,0.02
T11515,Bacillus and Francisella bacterial research,57,39,-18,0.0004,0.0003,-0.01
T12122,Physical Unclonable Functions (PUFs) and Hardware Security,55,41,-14,0.0004,0.0003,-0.01
T12196,Community Health and Development,62,34,-28,0.0004,0.0002,-0.02
T12519,Cybercrime and Law Enforcement Studies,45,51,6,0.0003,0.0004,0.0
T10138,Network Traffic and Congestion Control,32,63,31,0.0002,0.0004,0.02
T10177,Palliative Care and End-of-Life Issues,42,53,11,0.0003,0.0004,0.01
T10660,Conducting polymers and applications,60,35,-25,0.0004,0.0002,-0.02
T10739,Electromagnetic Scattering and Analysis,47,48,1,0.0003,0.0003,0.0
T11234,Precipitation Measurement and Analysis,78,17,-61,0.0006,0.0001,-0.04
T11317,Fire dynamics and safety research,49,46,-3,0.0003,0.0003,-0.0
T11384,Critical Race Theory in Education,46,49,3,0.0003,0.0003,0.0
T11548,Sexual Assault and Victimization Studies,42,53,11,0.0003,0.0004,0.01
T11617,Enzyme Production and Characterization,48,47,-1,0.0003,0.0003,-0.0
T11751,Lattice Boltzmann Simulation Studies,71,24,-47,0.0005,0.0002,-0.03
T12812,Meromorphic and Entire Functions,42,53,11,0.0003,0.0004,0.01
T10023,Schizophrenia research and treatment,35,59,24,0.0002,0.0004,0.02
T10115,Corporate Social Responsibility Reporting,40,54,14,0.0003,0.0004,0.01
T10587,Autophagy in Disease and Therapy,44,50,6,0.0003,0.0004,0.0
T10770,Soil Geostatistics and Mapping,57,37,-20,0.0004,0.0003,-0.01
T10864,Fluid Dynamics and Mixing,52,42,-10,0.0004,0.0003,-0.01
T11192,Underwater Vehicles and Communication Systems,44,50,6,0.0003,0.0004,0.0
T11202,Cavitation Phenomena in Pumps,52,42,-10,0.0004,0.0003,-0.01
T11477,"Epistemology, Ethics, and Metaphysics",35,59,24,0.0002,0.0004,0.02
T11609,Geophysical Methods and Applications,60,34,-26,0.0004,0.0002,-0.02
T12014,"Fish biology, ecology, and behavior",71,23,-48,0.0005,0.0002,-0.03
T12091,Peatlands and Wetlands Ecology,57,37,-20,0.0004,0.0003,-0.01
T12304,Radiative Heat Transfer Studies,37,57,20,0.0003,0.0004,0.01
T12759,Vehicle Noise and Vibration Control,31,63,32,0.0002,0.0004,0.02
T10324,Microbial bioremediation and biosurfactants,33,60,27,0.0002,0.0004,0.02
T10683,Mass Spectrometry Techniques and Applications,43,50,7,0.0003,0.0004,0.01
T10859,Polymer Surface Interaction Studies,55,38,-17,0.0004,0.0003,-0.01
T10890,Trypanosoma species research and implications,46,47,1,0.0003,0.0003,0.0
T11018,Lower Extremity Biomechanics and Pathologies,31,62,31,0.0002,0.0004,0.02
T11942,Transportation and Mobility Innovations,56,37,-19,0.0004,0.0003,-0.01
T12100,Advanced Mathematical Modeling in Engineering,79,14,-65,0.0006,0.0001,-0.05
T12648,Academic Writing and Publishing,30,63,33,0.0002,0.0004,0.02
T10257,Oral microbiology and periodontitis research,31,61,30,0.0002,0.0004,0.02
T10258,Philosophy and Theoretical Science,30,62,32,0.0002,0.0004,0.02
T10439,Climate change impacts on agriculture,42,50,8,0.0003,0.0004,0.01
T10836,Metabolomics and Mass Spectrometry Studies,61,31,-30,0.0004,0.0002,-0.02
T11086,Parasitic Infections and Diagnostics,52,40,-12,0.0004,0.0003,-0.01
T11324,Spectroscopy Techniques in Biomedical and Chemical Research,48,44,-4,0.0003,0.0003,-0.0
T12023,Cholinesterase and Neurodegenerative Diseases,49,43,-6,0.0003,0.0003,-0.0
T12231,Contemporary Sociological Theory and Practice,47,45,-2,0.0003,0.0003,-0.0
T12605,Berry genetics and cultivation research,53,39,-14,0.0004,0.0003,-0.01
T13280,Biomedical and Engineering Education,79,13,-66,0.0006,0.0001,-0.05
T13402,Business Strategy and Innovation,62,30,-32,0.0004,0.0002,-0.02
T10141,Probiotics and Fermented Foods,44,47,3,0.0003,0.0003,0.0
T10237,Cryptography and Data Security,44,47,3,0.0003,0.0003,0.0
T10602,Glycosylation and Glycoproteins Research,49,42,-7,0.0003,0.0003,-0.0
T10613,Virus-based gene therapy research,59,32,-27,0.0004,0.0002,-0.02
T11877,Iron oxide chemistry and applications,60,31,-29,0.0004,0.0002,-0.02
T11924,Polyamine Metabolism and Applications,65,26,-39,0.0005,0.0002,-0.03
T11949,Nuclear Physics and Applications,61,30,-31,0.0004,0.0002,-0.02
T12134,Insect symbiosis and bacterial influences,70,21,-49,0.0005,0.0001,-0.03
T12362,Tribology and Wear Analysis,55,36,-19,0.0004,0.0003,-0.01
T10133,Media Studies and Communication,37,53,16,0.0003,0.0004,0.01
T10297,Philosophical Ethics and Theory,24,66,42,0.0002,0.0005,0.03
T10497,Fungal and yeast genetics research,51,39,-12,0.0004,0.0003,-0.01
T10781,Plasma Diagnostics and Applications,57,33,-24,0.0004,0.0002,-0.02
T10953,E-Government and Public Services,37,53,16,0.0003,0.0004,0.01
T11052,Energy Load and Power Forecasting,51,39,-12,0.0004,0.0003,-0.01
T11249,Wireless Power Transfer Systems,47,43,-4,0.0003,0.0003,-0.0
T11294,Infant Nutrition and Health,58,32,-26,0.0004,0.0002,-0.02
T11524,Advanced Aircraft Design and Technologies,46,44,-2,0.0003,0.0003,-0.0
T11640,Linguistic Variation and Morphology,51,39,-12,0.0004,0.0003,-0.01
T12584,Hospitality and Tourism Education,42,48,6,0.0003,0.0003,0.0
T10511,High voltage insulation and dielectric phenomena,49,40,-9,0.0003,0.0003,-0.01
T10797,Accounting and Organizational Management,45,44,-1,0.0003,0.0003,-0.0
T10843,Diversity and Career in Medicine,55,34,-21,0.0004,0.0002,-0.01
T10964,Wireless Communication Security Techniques,38,51,13,0.0003,0.0004,0.01
T11747,Metal-Catalyzed Oxygenation Mechanisms,24,65,41,0.0002,0.0005,0.03
T12568,Plant Taxonomy and Phylogenetics,36,53,17,0.0003,0.0004,0.01
T10429,EEG and Brain-Computer Interfaces,48,40,-8,0.0003,0.0003,-0.01
T11303,Bayesian Modeling and Causal Inference,58,30,-28,0.0004,0.0002,-0.02
T11585,Exercise and Physiological Responses,55,33,-22,0.0004,0.0002,-0.02
T12141,Fluid Dynamics and Thin Films,40,48,8,0.0003,0.0003,0.01
T12968,Research on scale insects,39,49,10,0.0003,0.0003,0.01
T13495,Biographical and Historical Analysis,1,87,86,0.0,0.0006,0.06
T10045,Organic Electronics and Photovoltaics,44,43,-1,0.0003,0.0003,-0.0
T10286,Information Retrieval and Search Behavior,15,72,57,0.0001,0.0005,0.04
T10518,Gallbladder and Bile Duct Disorders,40,47,7,0.0003,0.0003,0.01
T10519,Advanced Proteomics Techniques and Applications,34,53,19,0.0002,0.0004,0.01
T10736,Hydrogen embrittlement and corrosion behaviors in metals,46,41,-5,0.0003,0.0003,-0.0
T10998,Heat Transfer and Optimization,39,48,9,0.0003,0.0003,0.01
T11565,Thermoelastic and Magnetoelastic Phenomena,33,54,21,0.0002,0.0004,0.02
T11710,Biomedical Text Mining and Ontologies,50,37,-13,0.0004,0.0003,-0.01
T10016,Adsorption and biosorption for pollutant removal,27,59,32,0.0002,0.0004,0.02
T10285,Venous Thromboembolism Diagnosis and Management,41,45,4,0.0003,0.0003,0.0
T10386,Microstructure and Mechanical Properties of Steels,50,36,-14,0.0004,0.0003,-0.01
T10712,Library Science and Information Literacy,38,48,10,0.0003,0.0003,0.01
T10779,Coastal wetland ecosystem dynamics,72,14,-58,0.0005,0.0001,-0.04
T10914,Tactile and Sensory Interactions,48,38,-10,0.0003,0.0003,-0.01
T10951,Cryptographic Implementations and Security,40,46,6,0.0003,0.0003,0.0
T10995,Methane Hydrates and Related Phenomena,72,14,-58,0.0005,0.0001,-0.04
T11373,Sleep and Work-Related Fatigue,45,41,-4,0.0003,0.0003,-0.0
T11405,Geophysics and Gravity Measurements,56,30,-26,0.0004,0.0002,-0.02
T11946,Antenna Design and Optimization,57,29,-28,0.0004,0.0002,-0.02
T10444,Context-Aware Activity Recognition Systems,36,49,13,0.0003,0.0003,0.01
T10580,Immunotherapy and Immune Responses,42,43,1,0.0003,0.0003,0.0
T10842,Railway Engineering and Dynamics,44,41,-3,0.0003,0.0003,-0.0
T11182,Auction Theory and Applications,63,22,-41,0.0004,0.0002,-0.03
T11743,Political Economy and Marxism,54,31,-23,0.0004,0.0002,-0.02
T11904,Spatial Cognition and Navigation,52,33,-19,0.0004,0.0002,-0.01
T12113,Growth and nutrition in plants,34,51,17,0.0002,0.0004,0.01
T12513,Rocket and propulsion systems research,52,33,-19,0.0004,0.0002,-0.01
T12529,Ga2O3 and related materials,44,41,-3,0.0003,0.0003,-0.0
T14056,Safety Warnings and Signage,64,21,-43,0.0005,0.0001,-0.03
T10249,Distributed Control Multi-Agent Systems,38,46,8,0.0003,0.0003,0.01
T10309,Acute Myeloid Leukemia Research,42,42,0,0.0003,0.0003,0.0
T10355,Impact of Technology on Adolescents,61,23,-38,0.0004,0.0002,-0.03
T10418,Pelvic floor disorders treatments,57,27,-30,0.0004,0.0002,-0.02
T10425,Cold Atom Physics and Bose-Einstein Condensates,51,33,-18,0.0004,0.0002,-0.01
T10474,Material Dynamics and Properties,38,46,8,0.0003,0.0003,0.01
T11059,Market Dynamics and Volatility,59,25,-34,0.0004,0.0002,-0.02
T11131,Proteoglycans and glycosaminoglycans research,55,29,-26,0.0004,0.0002,-0.02
T11235,Statistical Methods in Clinical Trials,61,23,-38,0.0004,0.0002,-0.03
T11241,Advanced Malware Detection Techniques,61,23,-38,0.0004,0.0002,-0.03
T11413,Risk and Portfolio Optimization,45,39,-6,0.0003,0.0003,-0.0
T11474,Sport and Mega-Event Impacts,50,34,-16,0.0004,0.0002,-0.01
T11516,Visual and Cognitive Learning Processes,40,44,4,0.0003,0.0003,0.0
T13951,Fluid dynamics and aerodynamics studies,12,72,60,0.0001,0.0005,0.04
T10255,Oceanographic and Atmospheric Processes,42,41,-1,0.0003,0.0003,-0.0
T10351,Liver Disease Diagnosis and Treatment,53,30,-23,0.0004,0.0002,-0.02
T10625,Herpesvirus Infections and Treatments,50,33,-17,0.0004,0.0002,-0.01
T10655,GNSS positioning and interference,26,57,31,0.0002,0.0004,0.02
T11188,Coagulation and Flocculation Studies,18,65,47,0.0001,0.0005,0.03
T11584,Biochemical Analysis and Sensing Techniques,60,23,-37,0.0004,0.0002,-0.03
T11901,Bayesian Methods and Mixture Models,57,26,-31,0.0004,0.0002,-0.02
T12060,Child Development and Digital Technology,54,29,-25,0.0004,0.0002,-0.02
T10095,Cosmology and Gravitation Theories,51,31,-20,0.0004,0.0002,-0.01
T10208,Labor market dynamics and wage inequality,20,62,42,0.0001,0.0004,0.03
T10210,Advanced oxidation water treatment,36,46,10,0.0003,0.0003,0.01
T10234,Obstructive Sleep Apnea Research,39,43,4,0.0003,0.0003,0.0
T10414,Cannabis and Cannabinoid Research,51,31,-20,0.0004,0.0002,-0.01
T10508,Patient Safety and Medication Errors,41,41,0,0.0003,0.0003,0.0
T10835,Carbohydrate Chemistry and Synthesis,45,37,-8,0.0003,0.0003,-0.01
T10858,Clinical Nutrition and Gastroenterology,43,39,-4,0.0003,0.0003,-0.0
T11061,Ocean Waves and Remote Sensing,50,32,-18,0.0004,0.0002,-0.01
T11667,Advanced Chemical Sensor Technologies,69,13,-56,0.0005,0.0001,-0.04
T12502,Urbanization and City Planning,59,23,-36,0.0004,0.0002,-0.03
T10088,Thermochemical Biomass Conversion Processes,41,40,-1,0.0003,0.0003,-0.0
T10756,Estrogen and related hormone effects,31,50,19,0.0002,0.0004,0.01
T10943,Escherichia coli research studies,31,50,19,0.0002,0.0004,0.01
T11046,Geotechnical Engineering and Analysis,37,44,7,0.0003,0.0003,0.01
T11107,Selenium in Biological Systems,54,27,-27,0.0004,0.0002,-0.02
T11499,ICT Impact and Policies,47,34,-13,0.0003,0.0002,-0.01
T11549,Synthetic Organic Chemistry Methods,60,21,-39,0.0004,0.0001,-0.03
T12191,Chemical Reaction Mechanisms,14,67,53,0.0001,0.0005,0.04
T12579,Muon and positron interactions and applications,47,34,-13,0.0003,0.0002,-0.01
T10689,Remote-Sensing Image Classification,22,58,36,0.0002,0.0004,0.03
T10907,International Student and Expatriate Challenges,29,51,22,0.0002,0.0004,0.02
T11093,Personality Disorders and Psychopathology,43,37,-6,0.0003,0.0003,-0.0
T11250,Wave and Wind Energy Systems,39,41,2,0.0003,0.0003,0.0
T11357,Risk and Safety Analysis,53,27,-26,0.0004,0.0002,-0.02
T11490,Hydrological Forecasting Using AI,52,28,-24,0.0004,0.0002,-0.02
T11595,Textile materials and evaluations,53,27,-26,0.0004,0.0002,-0.02
T10179,Supercapacitor Materials and Fabrication,42,37,-5,0.0003,0.0003,-0.0
T10235,Health disparities and outcomes,55,24,-31,0.0004,0.0002,-0.02
T10306,Liquid Crystal Research Advancements,43,36,-7,0.0003,0.0003,-0.0
T10493,Ion channel regulation and function,32,47,15,0.0002,0.0003,0.01
T10709,Social Robot Interaction and HRI,25,54,29,0.0002,0.0004,0.02
T10737,Health Literacy and Information Accessibility,35,44,9,0.0002,0.0003,0.01
T10796,Cooperative Communication and Network Coding,51,28,-23,0.0004,0.0002,-0.02
T11113,Music History and Culture,41,38,-3,0.0003,0.0003,-0.0
T11307,Domain Adaptation and Few-Shot Learning,37,42,5,0.0003,0.0003,0.0
T11345,Cognitive and developmental aspects of mathematical skills,55,24,-31,0.0004,0.0002,-0.02
T11486,Micro and Nano Robotics,39,40,1,0.0003,0.0003,0.0
T11862,"Agriculture, Land Use, Rural Development",42,37,-5,0.0003,0.0003,-0.0
T12026,Explainable Artificial Intelligence (XAI),32,47,15,0.0002,0.0003,0.01
T12417,Morphological variations and asymmetry,25,54,29,0.0002,0.0004,0.02
T12809,Contact Mechanics and Variational Inequalities,39,40,1,0.0003,0.0003,0.0
T10024,TiO2 Photocatalysis and Solar Cells,23,55,32,0.0002,0.0004,0.02
T10105,Osteoarthritis Treatment and Mechanisms,40,38,-2,0.0003,0.0003,-0.0
T10126,"Logic, programming, and type systems",24,54,30,0.0002,0.0004,0.02
T10316,Sleep and related disorders,32,46,14,0.0002,0.0003,0.01
T10659,Marine animal studies overview,62,16,-46,0.0004,0.0001,-0.03
T10786,Maternal Mental Health During Pregnancy and Postpartum,44,34,-10,0.0003,0.0002,-0.01
T11252,Evolutionary Game Theory and Cooperation,64,14,-50,0.0005,0.0001,-0.04
T11418,Plant Micronutrient Interactions and Effects,45,33,-12,0.0003,0.0002,-0.01
T12186,Phosphorus and nutrient management,59,19,-40,0.0004,0.0001,-0.03
T12449,Spacecraft Design and Technology,40,38,-2,0.0003,0.0003,-0.0
T12474,Education Discipline and Inequality,44,34,-10,0.0003,0.0002,-0.01
T12660,Plant Disease Management Techniques,47,31,-16,0.0003,0.0002,-0.01
T13125,Agricultural pest management studies,73,5,-68,0.0005,0.0,-0.05
T10283,Hearing Loss and Rehabilitation,46,31,-15,0.0003,0.0002,-0.01
T10539,Sustainable Supply Chain Management,37,40,3,0.0003,0.0003,0.0
T11024,Information Systems Theories and Implementation,43,34,-9,0.0003,0.0002,-0.01
T11657,Digital and Traditional Archives Management,26,51,25,0.0002,0.0004,0.02
T11825,Catalysis and Oxidation Reactions,35,42,7,0.0002,0.0003,0.01
T11960,Relativity and Gravitational Theory,21,56,35,0.0001,0.0004,0.03
T12412,Enzyme function and inhibition,53,24,-29,0.0004,0.0002,-0.02
T12682,Smart Materials for Construction,59,18,-41,0.0004,0.0001,-0.03
T12688,Microbial metabolism and enzyme function,30,47,17,0.0002,0.0003,0.01
T13558,"Philosophy, Science, and History",19,58,39,0.0001,0.0004,0.03
T10218,Sepsis Diagnosis and Treatment,31,45,14,0.0002,0.0003,0.01
T10415,International Business and FDI,32,44,12,0.0002,0.0003,0.01
T10422,Angiogenesis and VEGF in Cancer,40,36,-4,0.0003,0.0003,-0.0
T10427,Visual perception and processing mechanisms,22,54,32,0.0002,0.0004,0.02
T10699,Primate Behavior and Ecology,41,35,-6,0.0003,0.0002,-0.0
T11168,International Development and Aid,46,30,-16,0.0003,0.0002,-0.01
T11488,Climate Change Communication and Perception,53,23,-30,0.0004,0.0002,-0.02
T11779,Higher Education and Employability,24,52,28,0.0002,0.0004,0.02
T12272,Cardiovascular Conditions and Treatments,74,2,-72,0.0005,0.0,-0.05
T12671,Management and Marketing Education,50,26,-24,0.0004,0.0002,-0.02
T12971,Material Properties and Processing,51,25,-26,0.0004,0.0002,-0.02
T10206,Meta-analysis and systematic reviews,35,40,5,0.0002,0.0003,0.0
T10212,Electrochemical sensors and biosensors,31,44,13,0.0002,0.0003,0.01
T10500,Sparse and Compressive Sensing Techniques,49,26,-23,0.0003,0.0002,-0.02
T10653,Robot Manipulation and Learning,34,41,7,0.0002,0.0003,0.01
T10717,Aluminum Alloys Composites Properties,55,20,-35,0.0004,0.0001,-0.02
T11275,Composting and Vermicomposting Techniques,49,26,-23,0.0003,0.0002,-0.02
T11392,Energy Harvesting in Wireless Networks,53,22,-31,0.0004,0.0002,-0.02
T11761,Resilience and Mental Health,56,19,-37,0.0004,0.0001,-0.03
T11872,Barrier Structure and Function Studies,24,51,27,0.0002,0.0004,0.02
T12162,Cellular Automata and Applications,41,34,-7,0.0003,0.0002,-0.0
T12724,Water-Energy-Food Nexus Studies,53,22,-31,0.0004,0.0002,-0.02
T13131,Collaborative Teaching and Inclusion,46,29,-17,0.0003,0.0002,-0.01
T10083,Graphene research and applications,39,35,-4,0.0003,0.0002,-0.0
T10100,Metaheuristic Optimization Algorithms Research,20,54,34,0.0001,0.0004,0.02
T10275,2D Materials and Applications,39,35,-4,0.0003,0.0002,-0.0
T10350,Electronic Health Records Systems,26,48,22,0.0002,0.0003,0.02
T10686,Effects and risks of endocrine disrupting chemicals,48,26,-22,0.0003,0.0002,-0.02
T10833,Vaccine Coverage and Hesitancy,39,35,-4,0.0003,0.0002,-0.0
T11122,Online Learning and Analytics,47,27,-20,0.0003,0.0002,-0.01
T11186,Hydrology and Drought Analysis,37,37,0,0.0003,0.0003,0.0
T11197,Digital Games and Media,42,32,-10,0.0003,0.0002,-0.01
T11284,Coal Properties and Utilization,43,31,-12,0.0003,0.0002,-0.01
T11421,Labor Movements and Unions,36,38,2,0.0003,0.0003,0.0
T11573,Risk Perception and Management,31,43,12,0.0002,0.0003,0.01
T11981,Qualitative Research Methods and Ethics,36,38,2,0.0003,0.0003,0.0
T12073,Isotope Analysis in Ecology,47,27,-20,0.0003,0.0002,-0.01
T12170,History and Theory of Mathematics,39,35,-4,0.0003,0.0002,-0.0
T12270,Microwave-Assisted Synthesis and Applications,36,38,2,0.0003,0.0003,0.0
T12436,Agronomic Practices and Intercropping Systems,48,26,-22,0.0003,0.0002,-0.02
T12859,Cell Image Analysis Techniques,44,30,-14,0.0003,0.0002,-0.01
T10157,Sports Performance and Training,39,34,-5,0.0003,0.0002,-0.0
T10165,Classical Antiquity Studies,34,39,5,0.0002,0.0003,0.0
T10513,Natural Fiber Reinforced Composites,43,30,-13,0.0003,0.0002,-0.01
T10639,Advanced Software Engineering Methodologies,23,50,27,0.0002,0.0004,0.02
T11158,Wireless Networks and Protocols,34,39,5,0.0002,0.0003,0.0
T11243,Respiratory viral infections research,45,28,-17,0.0003,0.0002,-0.01
T11270,Complex Systems and Time Series Analysis,56,17,-39,0.0004,0.0001,-0.03
T11634,Water Quality and Pollution Assessment,49,24,-25,0.0003,0.0002,-0.02
T11701,Space Satellite Systems and Control,31,42,11,0.0002,0.0003,0.01
T11725,Immunodeficiency and Autoimmune Disorders,38,35,-3,0.0003,0.0002,-0.0
T12168,Health and Medical Research Impacts,46,27,-19,0.0003,0.0002,-0.01
T12327,Various Chemistry Research Topics,37,36,-1,0.0003,0.0003,-0.0
T12500,Reflective Practices in Education,46,27,-19,0.0003,0.0002,-0.01
T12858,Plant Disease Resistance and Genetics,58,15,-43,0.0004,0.0001,-0.03
T10181,Natural Language Processing Techniques,54,18,-36,0.0004,0.0001,-0.03
T10232,Optical Network Technologies,34,38,4,0.0002,0.0003,0.0
T10256,Drug Solubulity and Delivery Systems,31,41,10,0.0002,0.0003,0.01
T10433,Carcinogens and Genotoxicity Assessment,30,42,12,0.0002,0.0003,0.01
T10499,Folate and B Vitamins Research,35,37,2,0.0002,0.0003,0.0
T10874,Electromagnetic Fields and Biological Effects,28,44,16,0.0002,0.0003,0.01
T11097,Cerebral Palsy and Movement Disorders,42,30,-12,0.0003,0.0002,-0.01
T11213,Genomic variations and chromosomal abnormalities,38,34,-4,0.0003,0.0002,-0.0
T11419,Supramolecular Self-Assembly in Materials,32,40,8,0.0002,0.0003,0.01
T11684,Vibrio bacteria research studies,47,25,-22,0.0003,0.0002,-0.02
T11686,Dendrimers and Hyperbranched Polymers,42,30,-12,0.0003,0.0002,-0.01
T12713,Forest Ecology and Biodiversity Studies,46,26,-20,0.0003,0.0002,-0.01
T12832,Biocrusts and Microbial Ecology,50,22,-28,0.0004,0.0002,-0.02
T13370,Diverse Scientific and Economic Studies,72,0,-72,0.0005,0.0,-0.05
T14357,"Architecture, Design, and Social History",44,28,-16,0.0003,0.0002,-0.01
T10119,Sustainability and Climate Change Governance,23,48,25,0.0002,0.0003,0.02
T10196,Pain Mechanisms and Treatments,34,37,3,0.0002,0.0003,0.0
T10869,Polysaccharides and Plant Cell Walls,33,38,5,0.0002,0.0003,0.0
T11245,Advanced Numerical Analysis Techniques,56,15,-41,0.0004,0.0001,-0.03
T11711,COVID-19 Pandemic Impacts,37,34,-3,0.0003,0.0002,-0.0
T11715,Education and Critical Thinking Development,66,5,-61,0.0005,0.0,-0.04
T12116,Dermatological diseases and infestations,33,38,5,0.0002,0.0003,0.0
T13695,"Aging, Elder Care, and Social Issues",6,65,59,0.0,0.0005,0.04
T13702,Machine Learning in Healthcare,33,38,5,0.0002,0.0003,0.0
T10191,Robotics and Sensor-Based Localization,38,32,-6,0.0003,0.0002,-0.0
T10771,Wound Healing and Treatments,27,43,16,0.0002,0.0003,0.01
T10916,Surgical Simulation and Training,40,30,-10,0.0003,0.0002,-0.01
T11027,Metabolism and Genetic Disorders,54,16,-38,0.0004,0.0001,-0.03
T11109,Thermoregulation and physiological responses,35,35,0,0.0002,0.0002,0.0
T11287,Cancer Genomics and Diagnostics,35,35,0,0.0002,0.0002,0.0
T11750,Phytoplasmas and Hemiptera pathogens,44,26,-18,0.0003,0.0002,-0.01
T11856,Thermography and Photoacoustic Techniques,48,22,-26,0.0003,0.0002,-0.02
T11879,Protist diversity and phylogeny,41,29,-12,0.0003,0.0002,-0.01
T12166,Ion-surface interactions and analysis,37,33,-4,0.0003,0.0002,-0.0
T12607,Personal Information Management and User Behavior,49,21,-28,0.0003,0.0001,-0.02
T10033,Concrete and Cement Materials Research,37,32,-5,0.0003,0.0002,-0.0
T10227,Acute Ischemic Stroke Management,34,35,1,0.0002,0.0002,0.0
T10558,Advancements in Semiconductor Devices and Circuit Design,34,35,1,0.0002,0.0002,0.0
T10635,Hydraulic Fracturing and Reservoir Analysis,37,32,-5,0.0003,0.0002,-0.0
T10664,Sentiment Analysis and Opinion Mining,26,43,17,0.0002,0.0003,0.01
T10765,Marine Biology and Ecology Research,52,17,-35,0.0004,0.0001,-0.02
T11434,Electrochemical Analysis and Applications,54,15,-39,0.0004,0.0001,-0.03
T11478,Caching and Content Delivery,31,38,7,0.0002,0.0003,0.01
T11602,Magnetic Bearings and Levitation Dynamics,49,20,-29,0.0003,0.0001,-0.02
T11874,Structural Response to Dynamic Loads,49,20,-29,0.0003,0.0001,-0.02
T11911,Spatial and Panel Data Analysis,28,41,13,0.0002,0.0003,0.01
T11939,Public-Private Partnership Projects,34,35,1,0.0002,0.0002,0.0
T12035,Pain Management and Placebo Effect,37,32,-5,0.0003,0.0002,-0.0
T13722,Ergonomics and Human Factors,22,47,25,0.0002,0.0003,0.02
T13801,Urban Arborization and Environmental Studies,0,69,69,0.0,0.0005,0.05
T13960,"Dietetics, Nutrition, and Education",38,31,-7,0.0003,0.0002,-0.0
T10041,COVID-19 Clinical Research Studies,31,37,6,0.0002,0.0003,0.0
T10097,Luminescence Properties of Advanced Materials,28,40,12,0.0002,0.0003,0.01
T10280,Shoulder Injury and Treatment,42,26,-16,0.0003,0.0002,-0.01
T10290,Pregnancy and preeclampsia studies,37,31,-6,0.0003,0.0002,-0.0
T10867,Intensive Care Unit Cognitive Disorders,36,32,-4,0.0003,0.0002,-0.0
T11040,Personality Traits and Psychology,24,44,20,0.0002,0.0003,0.01
T11050,Photorefractive and Nonlinear Optics,24,44,20,0.0002,0.0003,0.01
T11191,Mathematical functions and polynomials,20,48,28,0.0001,0.0003,0.02
T11601,Neuroscience and Neural Engineering,39,29,-10,0.0003,0.0002,-0.01
T11704,Mobile Crowdsensing and Crowdsourcing,34,34,0,0.0002,0.0002,0.0
T12111,Industrial Vision Systems and Defect Detection,45,23,-22,0.0003,0.0002,-0.02
T12319,Fish Biology and Ecology Studies,20,48,28,0.0001,0.0003,0.02
T10701,Radical Photochemical Reactions,40,27,-13,0.0003,0.0002,-0.01
T10730,Language Development and Disorders,28,39,11,0.0002,0.0003,0.01
T11299,Problem and Project Based Learning,32,35,3,0.0002,0.0002,0.0
T11450,Model-Driven Software Engineering Techniques,37,30,-7,0.0003,0.0002,-0.0
T11492,Academic integrity and plagiarism,23,44,21,0.0002,0.0003,0.02
T11611,Cyclopropane Reaction Mechanisms,32,35,3,0.0002,0.0002,0.0
T11629,"Birth, Development, and Health",44,23,-21,0.0003,0.0002,-0.01
T11813,Library Collection Development and Digital Resources,42,25,-17,0.0003,0.0002,-0.01
T11869,Per- and polyfluoroalkyl substances research,34,33,-1,0.0002,0.0002,-0.0
T11891,Big Data and Business Intelligence,60,7,-53,0.0004,0.0,-0.04
T12031,Speech and dialogue systems,39,28,-11,0.0003,0.0002,-0.01
T12188,"Architecture, Modernity, and Design",11,56,45,0.0001,0.0004,0.03
T12202,nanoparticles nucleation surface interactions,55,12,-43,0.0004,0.0001,-0.03
T12214,Media Influence and Health,40,27,-13,0.0003,0.0002,-0.01
T12773,Water Quality and Resources Studies,41,26,-15,0.0003,0.0002,-0.01
T12783,"Migration, Aging, and Tourism Studies",48,19,-29,0.0003,0.0001,-0.02
T12816,Global Public Health Policies and Epidemiology,32,35,3,0.0002,0.0002,0.0
T13607,Academic Publishing and Open Access,28,39,11,0.0002,0.0003,0.01
T14007,Indigenous and Place-Based Education,47,20,-27,0.0003,0.0001,-0.02
T10446,"Income, Poverty, and Inequality",27,39,12,0.0002,0.0003,0.01
T10680,Wind Energy Research and Development,24,42,18,0.0002,0.0003,0.01
T10905,Solar Thermal and Photovoltaic Systems,27,39,12,0.0002,0.0003,0.01
T10973,Radioactive element chemistry and processing,47,19,-28,0.0003,0.0001,-0.02
T11337,Tryptophan and brain disorders,39,27,-12,0.0003,0.0002,-0.01
T11561,Protein Hydrolysis and Bioactive Peptides,42,24,-18,0.0003,0.0002,-0.01
T12583,Food Waste Reduction and Sustainability,42,24,-18,0.0003,0.0002,-0.01
T13220,Plant and Fungal Interactions Research,50,16,-34,0.0004,0.0001,-0.02
T13493,Optical and Acousto-Optic Technologies,31,35,4,0.0002,0.0002,0.0
T10062,MicroRNA in disease regulation,39,26,-13,0.0003,0.0002,-0.01
T10203,Recommender Systems and Techniques,26,39,13,0.0002,0.0003,0.01
T10220,Machine Fault Diagnosis Techniques,27,38,11,0.0002,0.0003,0.01
T10317,Advanced Database Systems and Queries,39,26,-13,0.0003,0.0002,-0.01
T10391,Healthcare Policy and Management,34,31,-3,0.0002,0.0002,-0.0
T10766,Urban Heat Island Mitigation,31,34,3,0.0002,0.0002,0.0
T11004,Crustacean biology and ecology,28,37,9,0.0002,0.0003,0.01
T11081,Advanced Control Systems Design,3,62,59,0.0,0.0004,0.04
T11523,Nanomaterials and Printing Technologies,26,39,13,0.0002,0.0003,0.01
T11581,Viral Infections and Outbreaks Research,42,23,-19,0.0003,0.0002,-0.01
T11853,Semiconductor materials and interfaces,15,50,35,0.0001,0.0004,0.03
T11864,Supply Chain Resilience and Risk Management,40,25,-15,0.0003,0.0002,-0.01
T12158,Guidance and Control Systems,32,33,1,0.0002,0.0002,0.0
T12315,Older Adults Driving Studies,39,26,-13,0.0003,0.0002,-0.01
T12405,Characterization and Applications of Magnetic Nanoparticles,28,37,9,0.0002,0.0003,0.01
T12644,Wildlife-Road Interactions and Conservation,42,23,-19,0.0003,0.0002,-0.01
T13412,Education and Technology Integration,28,37,9,0.0002,0.0003,0.01
T13557,Environmental and sustainability education,3,62,59,0.0,0.0004,0.04
T10679,Service-Oriented Architecture and Web Services,40,24,-16,0.0003,0.0002,-0.01
T10938,Phase Change Materials Research,34,30,-4,0.0002,0.0002,-0.0
T11077,Genetic and Clinical Aspects of Sex Determination and Chromosomal Abnormalities,28,36,8,0.0002,0.0003,0.01
T11088,Marine Bivalve and Aquaculture Studies,35,29,-6,0.0002,0.0002,-0.0
T11106,Data Management and Algorithms,40,24,-16,0.0003,0.0002,-0.01
T11137,Historical Philosophy and Science,28,36,8,0.0002,0.0003,0.01
T11539,Survey Methodology and Nonresponse,23,41,18,0.0002,0.0003,0.01
T11673,Advanced Topics in Algebra,47,17,-30,0.0003,0.0001,-0.02
T12024,Ultra-Wideband Communications Technology,36,28,-8,0.0003,0.0002,-0.01
T12378,Accounting Education and Careers,23,41,18,0.0002,0.0003,0.01
T12593,Communication in Education and Healthcare,57,7,-50,0.0004,0.0,-0.04
T12856,Transgenic Plants and Applications,38,26,-12,0.0003,0.0002,-0.01
T13009,Agroforestry and silvopastoral systems,32,32,0,0.0002,0.0002,0.0
T10277,Vitamin D Research Studies,36,27,-9,0.0003,0.0002,-0.01
T10435,Environmental Impact and Sustainability,26,37,11,0.0002,0.0003,0.01
T10573,Power Quality and Harmonics,21,42,21,0.0001,0.0003,0.02
T10604,RNA Research and Splicing,37,26,-11,0.0003,0.0002,-0.01
T10687,Innovative concrete reinforcement materials,33,30,-3,0.0002,0.0002,-0.0
T10768,Electric Vehicles and Infrastructure,31,32,1,0.0002,0.0002,0.0
T10850,Heat Transfer and Boiling Studies,27,36,9,0.0002,0.0003,0.01
T10996,Computational Geometry and Mesh Generation,37,26,-11,0.0003,0.0002,-0.01
T11073,Metal Extraction and Bioleaching,43,20,-23,0.0003,0.0001,-0.02
T11095,Emergency and Acute Care Studies,33,30,-3,0.0002,0.0002,-0.0
T11160,Acoustic Wave Resonator Technologies,38,25,-13,0.0003,0.0002,-0.01
T11336,Energy and Environment Impacts,33,30,-3,0.0002,0.0002,-0.0
T11461,Local Government Finance and Decentralization,26,37,11,0.0002,0.0003,0.01
T11560,Animal Disease Management and Epidemiology,41,22,-19,0.0003,0.0002,-0.01
T11676,Parental Involvement in Education,45,18,-27,0.0003,0.0001,-0.02
T11867,Traumatic Ocular and Foreign Body Injuries,35,28,-7,0.0002,0.0002,-0.0
T11951,Trauma Management and Diagnosis,40,23,-17,0.0003,0.0002,-0.01
T11963,Impact of Light on Environment and Health,53,10,-43,0.0004,0.0001,-0.03
T11966,Silk-based biomaterials and applications,32,31,-1,0.0002,0.0002,-0.0
T11970,Molecular Biology Techniques and Applications,33,30,-3,0.0002,0.0002,-0.0
T12617,"Energy, Environment, and Transportation Policies",33,30,-3,0.0002,0.0002,-0.0
T13100,Comparative Animal Anatomy Studies,4,59,55,0.0,0.0004,0.04
T10052,Medical Image Segmentation Techniques,21,41,20,0.0001,0.0003,0.01
T10193,Coronary Interventions and Diagnostics,28,34,6,0.0002,0.0002,0.0
T10245,Metamaterials and Metasurfaces Applications,32,30,-2,0.0002,0.0002,-0.0
T10443,Social Policy and Reform Studies,29,33,4,0.0002,0.0002,0.0
T10488,Nanocomposite Films for Food Packaging,25,37,12,0.0002,0.0003,0.01
T10571,Robotic Mechanisms and Dynamics,22,40,18,0.0002,0.0003,0.01
T10600,Reproductive Health and Contraception,16,46,30,0.0001,0.0003,0.02
T10608,Neurogenesis and neuroplasticity mechanisms,24,38,14,0.0002,0.0003,0.01
T11026,Occupational and environmental lung diseases,37,25,-12,0.0003,0.0002,-0.01
T11112,Viral Infections and Immunology Research,43,19,-24,0.0003,0.0001,-0.02
T11211,3D Surveying and Cultural Heritage,42,20,-22,0.0003,0.0001,-0.02
T11396,Artificial Intelligence in Healthcare,26,36,10,0.0002,0.0003,0.01
T11430,Disaster Response and Management,37,25,-12,0.0003,0.0002,-0.01
T11449,Mechanical and Optical Resonators,52,10,-42,0.0004,0.0001,-0.03
T11668,interferon and immune responses,24,38,14,0.0002,0.0003,0.01
T11754,SARS-CoV-2 detection and testing,35,27,-8,0.0002,0.0002,-0.01
T11824,Injury Epidemiology and Prevention,43,19,-24,0.0003,0.0001,-0.02
T12102,Fire effects on concrete materials,37,25,-12,0.0003,0.0002,-0.01
T12176,Optimization and Packing Problems,39,23,-16,0.0003,0.0002,-0.01
T12253,Urban Agriculture and Sustainability,32,30,-2,0.0002,0.0002,-0.0
T12345,Adult and Continuing Education Topics,14,48,34,0.0001,0.0003,0.02
T12386,Advanced X-ray and CT Imaging,35,27,-8,0.0002,0.0002,-0.01
T10337,Liver Disease and Transplantation,34,27,-7,0.0002,0.0002,-0.0
T10464,Crystal structures of chemical compounds,11,50,39,0.0001,0.0004,0.03
T10523,Atomic and Molecular Physics,32,29,-3,0.0002,0.0002,-0.0
T10562,Total Knee Arthroplasty Outcomes,31,30,-1,0.0002,0.0002,-0.0
T10614,Transcranial Magnetic Stimulation Studies,26,35,9,0.0002,0.0002,0.01
T11016,Monoclonal and Polyclonal Antibodies Research,43,18,-25,0.0003,0.0001,-0.02
T11129,Photochemistry and Electron Transfer Studies,14,47,33,0.0001,0.0003,0.02
T11225,Geothermal Energy Systems and Applications,24,37,13,0.0002,0.0003,0.01
T12656,"Climate Change, Adaptation, Migration",49,12,-37,0.0003,0.0001,-0.03
T12729,Tree Root and Stability Studies,47,14,-33,0.0003,0.0001,-0.02
T13116,Heat Transfer and Numerical Methods,9,52,43,0.0001,0.0004,0.03
T10013,Asymmetric Synthesis and Catalysis,27,33,6,0.0002,0.0002,0.0
T10038,Tuberculosis Research and Epidemiology,23,37,14,0.0002,0.0003,0.01
T10757,Geographic Information Systems Studies,28,32,4,0.0002,0.0002,0.0
T10814,Neuropeptides and Animal Physiology,36,24,-12,0.0003,0.0002,-0.01
T10821,Cardiovascular Function and Risk Factors,24,36,12,0.0002,0.0003,0.01
T10982,Motor Control and Adaptation,21,39,18,0.0001,0.0003,0.01
T11472,Analytical Chemistry and Sensors,48,12,-36,0.0003,0.0001,-0.03
T11496,Credit Risk and Financial Regulations,23,37,14,0.0002,0.0003,0.01
T11674,Sports Analytics and Performance,32,28,-4,0.0002,0.0002,-0.0
T11994,Human Resource Development and Performance Evaluation,23,37,14,0.0002,0.0003,0.01
T12013,Sustainable Development and Environmental Policy,39,21,-18,0.0003,0.0001,-0.01
T12161,Plant Surface Properties and Treatments,54,6,-48,0.0004,0.0,-0.03
T12185,Regulation and Compliance Studies,25,35,10,0.0002,0.0002,0.01
T12267,Diet and metabolism studies,51,9,-42,0.0004,0.0001,-0.03
T12303,Tensor decomposition and applications,34,26,-8,0.0002,0.0002,-0.01
T12639,Global Energy and Sustainability Research,48,12,-36,0.0003,0.0001,-0.03
T12640,Environmental DNA in Biodiversity Studies,39,21,-18,0.0003,0.0001,-0.01
T12727,Differential Equations and Numerical Methods,30,30,0,0.0002,0.0002,0.0
T13604,"Adsorption, diffusion, and thermodynamic properties of materials",12,48,36,0.0001,0.0003,0.03
T13884,Educational Leadership and Practices,31,29,-2,0.0002,0.0002,-0.0
T10348,"Indigenous Health, Education, and Rights",21,38,17,0.0001,0.0003,0.01
T10349,Migration and Labor Dynamics,35,24,-11,0.0002,0.0002,-0.01
T10393,Economic Growth and Productivity,29,30,1,0.0002,0.0002,0.0
T10540,Advanced Fluorescence Microscopy Techniques,20,39,19,0.0001,0.0003,0.01
T10824,Image Retrieval and Classification Techniques,29,30,1,0.0002,0.0002,0.0
T10959,Student Assessment and Feedback,29,30,1,0.0002,0.0002,0.0
T11053,Process Optimization and Integration,29,30,1,0.0002,0.0002,0.0
T11607,Microwave and Dielectric Measurement Techniques,23,36,13,0.0002,0.0003,0.01
T11821,Odor and Emission Control Technologies,33,26,-7,0.0002,0.0002,-0.0
T11835,Sustainability in Higher Education,21,38,17,0.0001,0.0003,0.01
T11925,Culinary Culture and Tourism,50,9,-41,0.0004,0.0001,-0.03
T12032,Multisensory perception and integration,18,41,23,0.0001,0.0003,0.02
T12361,Study of Mite Species,7,52,45,0.0,0.0004,0.03
T12397,Critical Theory and Philosophy,30,29,-1,0.0002,0.0002,-0.0
T12415,Employer Branding and e-HRM,24,35,11,0.0002,0.0002,0.01
T10082,HIV/AIDS Research and Interventions,22,36,14,0.0002,0.0003,0.01
T10176,Mesenchymal stem cell research,33,25,-8,0.0002,0.0002,-0.01
T10262,Microwave Engineering and Waveguides,33,25,-8,0.0002,0.0002,-0.01
T10398,Groundwater and Isotope Geochemistry,29,29,0,0.0002,0.0002,0.0
T10644,Cryospheric studies and observations,33,25,-8,0.0002,0.0002,-0.01
T11084,Workplace Health and Well-being,22,36,14,0.0002,0.0003,0.01
T11393,Biosensors and Analytical Detection,21,37,16,0.0001,0.0003,0.01
T11700,Hemodynamic Monitoring and Therapy,29,29,0,0.0002,0.0002,0.0
T11718,Physical Education and Pedagogy,28,30,2,0.0002,0.0002,0.0
T12227,Environmental and Social Impact Assessments,25,33,8,0.0002,0.0002,0.01
T12589,Differential Equations and Boundary Problems,13,45,32,0.0001,0.0003,0.02
T13839,"Tourism, Volunteerism, and Development",40,18,-22,0.0003,0.0001,-0.02
T13855,Aerospace Engineering and Control Systems,27,31,4,0.0002,0.0002,0.0
T10195,Antimicrobial Resistance in Staphylococcus,30,27,-3,0.0002,0.0002,-0.0
T10468,Photovoltaic System Optimization Techniques,29,28,-1,0.0002,0.0002,-0.0
T10531,Advanced Vision and Imaging,31,26,-5,0.0002,0.0002,-0.0
T10545,Optimization and Variational Analysis,17,40,23,0.0001,0.0003,0.02
T10793,Diabetes Management and Education,24,33,9,0.0002,0.0002,0.01
T10931,Direction-of-Arrival Estimation Techniques,10,47,37,0.0001,0.0003,0.03
T11020,Immune Cell Function and Interaction,53,4,-49,0.0004,0.0,-0.03
T11049,Advanced Harmonic Analysis Research,20,37,17,0.0001,0.0003,0.01
T11072,Peroxisome Proliferator-Activated Receptors,31,26,-5,0.0002,0.0002,-0.0
T11118,Evolutionary Psychology and Human Behavior,44,13,-31,0.0003,0.0001,-0.02
T11216,Radiation Detection and Scintillator Technologies,42,15,-27,0.0003,0.0001,-0.02
T11312,Soil Moisture and Remote Sensing,37,20,-17,0.0003,0.0001,-0.01
T11318,Phytoestrogen effects and research,31,26,-5,0.0002,0.0002,-0.0
T11332,"Genomics, phytochemicals, and oxidative stress",40,17,-23,0.0003,0.0001,-0.02
T11519,Digital Mental Health Interventions,38,19,-19,0.0003,0.0001,-0.01
T12396,Advanced Differential Equations and Dynamical Systems,21,36,15,0.0001,0.0003,0.01
T12772,Control and Stability of Dynamical Systems,27,30,3,0.0002,0.0002,0.0
T13497,Hermeneutics and Narrative Identity,54,3,-51,0.0004,0.0,-0.04
T13928,Advanced Sensor Technologies Research,31,26,-5,0.0002,0.0002,-0.0
T14445,Transportation Safety and Impact Analysis,30,27,-3,0.0002,0.0002,-0.0
T10251,Solar and Space Plasma Dynamics,35,21,-14,0.0002,0.0001,-0.01
T10276,Helicobacter pylori-related gastroenterology studies,33,23,-10,0.0002,0.0002,-0.01
T10323,Analog and Mixed-Signal Circuit Design,21,35,14,0.0001,0.0002,0.01
T10541,Nonlinear Differential Equations Analysis,11,45,34,0.0001,0.0003,0.02
T10595,Medieval Literature and History,21,35,14,0.0001,0.0002,0.01
T10723,Advanced Welding Techniques Analysis,23,33,10,0.0002,0.0002,0.01
T10738,Posthumanist Ethics and Activism,32,24,-8,0.0002,0.0002,-0.01
T10912,Telemedicine and Telehealth Implementation,20,36,16,0.0001,0.0003,0.01
T10927,Access Control and Trust,18,38,20,0.0001,0.0003,0.01
T11144,melanin and skin pigmentation,35,21,-14,0.0002,0.0001,-0.01
T11380,Child Welfare and Adoption,30,26,-4,0.0002,0.0002,-0.0
T11446,Mobile Health and mHealth Applications,28,28,0,0.0002,0.0002,0.0
T11463,Classical Philosophy and Thought,31,25,-6,0.0002,0.0002,-0.0
T11577,Cognitive Abilities and Testing,34,22,-12,0.0002,0.0002,-0.01
T11698,Underwater Acoustics Research,34,22,-12,0.0002,0.0002,-0.01
T11817,"Housing, Finance, and Neoliberalism",50,6,-44,0.0004,0.0,-0.03
T11890,Scientific Measurement and Uncertainty Evaluation,26,30,4,0.0002,0.0002,0.0
T12002,"Computability, Logic, AI Algorithms",40,16,-24,0.0003,0.0001,-0.02
T12535,Machine Learning and Data Classification,29,27,-2,0.0002,0.0002,-0.0
T12685,Phytochemical compounds biological activities,26,30,4,0.0002,0.0002,0.0
T13435,Animal and Plant Science Education,51,5,-46,0.0004,0.0,-0.03
T13532,Education Systems and Policy,51,5,-46,0.0004,0.0,-0.03
T10112,HIV Research and Treatment,31,24,-7,0.0002,0.0002,-0.0
T10362,Biblical Studies and Interpretation,23,32,9,0.0002,0.0002,0.01
T10528,"Adipokines, Inflammation, and Metabolic Diseases",27,28,1,0.0002,0.0002,0.0
T10700,Metal Forming Simulation Techniques,36,19,-17,0.0003,0.0001,-0.01
T11123,Obsessive-Compulsive Spectrum Disorders,24,31,7,0.0002,0.0002,0.01
T11423,Pesticide Residue Analysis and Safety,25,30,5,0.0002,0.0002,0.0
T11454,Cultural Differences and Values,32,23,-9,0.0002,0.0002,-0.01
T11497,Interprofessional Education and Collaboration,28,27,-1,0.0002,0.0002,-0.0
T11507,Religion and Society Interactions,33,22,-11,0.0002,0.0002,-0.01
T11624,Constructed Wetlands for Wastewater Treatment,30,25,-5,0.0002,0.0002,-0.0
T11631,"Retirement, Disability, and Employment",36,19,-17,0.0003,0.0001,-0.01
T11780,Rabies epidemiology and control,37,18,-19,0.0003,0.0001,-0.01
T11977,Technology Use by Older Adults,28,27,-1,0.0002,0.0002,-0.0
T12056,Markov Chains and Monte Carlo Methods,21,34,13,0.0001,0.0002,0.01
T12093,Greenhouse Technology and Climate Control,35,20,-15,0.0002,0.0001,-0.01
T12112,Ammonia Synthesis and Nitrogen Reduction,39,16,-23,0.0003,0.0001,-0.02
T12265,Gun Ownership and Violence Research,25,30,5,0.0002,0.0002,0.0
T12933,Franchising Strategies and Performance,24,31,7,0.0002,0.0002,0.01
T14427,Environmental Monitoring and Data Management,19,36,17,0.0001,0.0003,0.01
T10021,EFL/ESL Teaching and Learning,20,34,14,0.0001,0.0002,0.01
T10334,"Hearing, Cochlea, Tinnitus, Genetics",23,31,8,0.0002,0.0002,0.01
T10397,Nutrition and Health in Aging,34,20,-14,0.0002,0.0001,-0.01
T10538,Data Mining Algorithms and Applications,30,24,-6,0.0002,0.0002,-0.0
T10631,"Cancer, Hypoxia, and Metabolism",41,13,-28,0.0003,0.0001,-0.02
T10829,Interconnection Networks and Systems,35,19,-16,0.0002,0.0001,-0.01
T11041,Ubiquitin and proteasome pathways,33,21,-12,0.0002,0.0001,-0.01
T11238,Simulation-Based Education in Healthcare,26,28,2,0.0002,0.0002,0.0
T11403,Invertebrate Immune Response Mechanisms,31,23,-8,0.0002,0.0002,-0.01
T11830,Point processes and geometric inequalities,18,36,18,0.0001,0.0003,0.01
T12017,Recycling and Waste Management Techniques,42,12,-30,0.0003,0.0001,-0.02
T12044,Advanced Physical and Chemical Molecular Interactions,13,41,28,0.0001,0.0003,0.02
T12392,Sharing Economy and Platforms,35,19,-16,0.0002,0.0001,-0.01
T12430,Academic and Historical Perspectives in Psychology,43,11,-32,0.0003,0.0001,-0.02
T12435,Bladed Disk Vibration Dynamics,33,21,-12,0.0002,0.0001,-0.01
T12471,History of Science and Natural History,15,39,24,0.0001,0.0003,0.02
T13478,Agricultural Development and Management,0,54,54,0.0,0.0004,0.04
T10207,Advanced biosensing and bioanalysis techniques,36,17,-19,0.0003,0.0001,-0.01
T10645,Cardiac Arrest and Resuscitation,32,21,-11,0.0002,0.0001,-0.01
T10782,Nanoplatforms for cancer theranostics,26,27,1,0.0002,0.0002,0.0
T10849,Finite Group Theory Research,26,27,1,0.0002,0.0002,0.0
T10868,Soft Robotics and Applications,17,36,19,0.0001,0.0003,0.01
T11166,Analytic Number Theory Research,26,27,1,0.0002,0.0002,0.0
T11339,"Metabolism, Diabetes, and Cancer",33,20,-13,0.0002,0.0001,-0.01
T11400,Motivation and Self-Concept in Sports,40,13,-27,0.0003,0.0001,-0.02
T11447,Blind Source Separation Techniques,43,10,-33,0.0003,0.0001,-0.02
T11498,Security in Wireless Sensor Networks,29,24,-5,0.0002,0.0002,-0.0
T11733,X-ray Spectroscopy and Fluorescence Analysis,25,28,3,0.0002,0.0002,0.0
T11829,Mathematical Biology Tumor Growth,22,31,9,0.0002,0.0002,0.01
T12041,Public Health Policies and Education,25,28,3,0.0002,0.0002,0.0
T12081,Aerodynamics and Fluid Dynamics Research,42,11,-31,0.0003,0.0001,-0.02
T12120,Air Quality Monitoring and Forecasting,36,17,-19,0.0003,0.0001,-0.01
T12243,Research in Cotton Cultivation,39,14,-25,0.0003,0.0001,-0.02
T12354,Innovations in Educational Methods,45,8,-37,0.0003,0.0001,-0.03
T12520,Psychology of Moral and Emotional Judgment,40,13,-27,0.0003,0.0001,-0.02
T12863,Web and Library Services,31,22,-9,0.0002,0.0002,-0.01
T13518,Architecture and Computational Design,27,26,-1,0.0002,0.0002,-0.0
T13961,Socioeconomics of Resources and Conservation,2,51,49,0.0,0.0004,0.03
T14440,Quality of Life Measurement,0,53,53,0.0,0.0004,0.04
T10321,Quantum Dots Synthesis And Properties,30,22,-8,0.0002,0.0002,-0.01
T10378,Advanced MRI Techniques and Applications,33,19,-14,0.0002,0.0001,-0.01
T10456,Multi-Agent Systems and Negotiation,23,29,6,0.0002,0.0002,0.0
T10775,Generative Adversarial Networks and Image Synthesis,23,29,6,0.0002,0.0002,0.0
T10896,Homotopy and Cohomology in Algebraic Topology,35,17,-18,0.0002,0.0001,-0.01
T11014,Regional Economics and Spatial Analysis,13,39,26,0.0001,0.0003,0.02
T11103,Antimicrobial Peptides and Activities,32,20,-12,0.0002,0.0001,-0.01
T11281,Asymmetric Hydrogenation and Catalysis,36,16,-20,0.0003,0.0001,-0.01
T11360,Flame retardant materials and properties,33,19,-14,0.0002,0.0001,-0.01
T11437,Digital Platforms and Economics,34,18,-16,0.0002,0.0001,-0.01
T11537,Ethics in medical practice,37,15,-22,0.0003,0.0001,-0.02
T11719,Data Quality and Management,37,15,-22,0.0003,0.0001,-0.02
T12079,IoT Networks and Protocols,23,29,6,0.0002,0.0002,0.0
T12101,Advanced Bandit Algorithms Research,27,25,-2,0.0002,0.0002,-0.0
T12205,Time Series Analysis and Forecasting,28,24,-4,0.0002,0.0002,-0.0
T12252,Mechanical stress and fatigue analysis,39,13,-26,0.0003,0.0001,-0.02
T12472,Plant responses to water stress,33,19,-14,0.0002,0.0001,-0.01
T12897,Structural Analysis of Composite Materials,47,5,-42,0.0003,0.0,-0.03
T13447,Educational and Psychological Assessments,46,6,-40,0.0003,0.0,-0.03
T10463,Pulsars and Gravitational Waves Research,27,24,-3,0.0002,0.0002,-0.0
T10527,High-Energy Particle Collisions Research,40,11,-29,0.0003,0.0001,-0.02
T10582,Ethics in Clinical Research,20,31,11,0.0001,0.0002,0.01
T10678,Inflammatory mediators and NSAID effects,40,11,-29,0.0003,0.0001,-0.02
T10763,Digital Transformation in Industry,31,20,-11,0.0002,0.0001,-0.01
T10823,Research on Leishmaniasis Studies,27,24,-3,0.0002,0.0002,-0.0
T10897,Antibiotic Use and Resistance,18,33,15,0.0001,0.0002,0.01
T11411,Tea Polyphenols and Effects,30,21,-9,0.0002,0.0001,-0.01
T11556,"Poverty, Education, and Child Welfare",37,14,-23,0.0003,0.0001,-0.02
T11683,Quantum and Classical Electrodynamics,10,41,31,0.0001,0.0003,0.02
T11878,Solid-state spectroscopy and crystallography,30,21,-9,0.0002,0.0001,-0.01
T12012,Diatoms and Algae Research,43,8,-35,0.0003,0.0001,-0.02
T12066,Obesity and Health Practices,37,14,-23,0.0003,0.0001,-0.02
T12171,Open Education and E-Learning,28,23,-5,0.0002,0.0002,-0.0
T12221,Cybersecurity and Cyber Warfare Studies,26,25,-1,0.0002,0.0002,-0.0
T12422,Radiomics and Machine Learning in Medical Imaging,35,16,-19,0.0002,0.0001,-0.01
T12496,Color perception and design,48,3,-45,0.0003,0.0,-0.03
T12697,Water Quality Monitoring Technologies,37,14,-23,0.0003,0.0001,-0.02
T13910,Computational and Text Analysis Methods,20,31,11,0.0001,0.0002,0.01
T14089,Nanotechnology research and applications,22,29,7,0.0002,0.0002,0.01
T10155,Nitric Oxide and Endothelin Effects,30,20,-10,0.0002,0.0001,-0.01
T10268,Developmental Biology and Gene Regulation,8,42,34,0.0001,0.0003,0.02
T10510,Stroke Rehabilitation and Recovery,30,20,-10,0.0002,0.0001,-0.01
T10862,AI in cancer detection,30,20,-10,0.0002,0.0001,-0.01
T11000,Infection Control in Healthcare,14,36,22,0.0001,0.0003,0.02
T11036,Antibiotics Pharmacokinetics and Efficacy,34,16,-18,0.0002,0.0001,-0.01
T11185,Integrated Energy Systems Optimization,22,28,6,0.0002,0.0002,0.0
T11246,Sports injuries and prevention,29,21,-8,0.0002,0.0001,-0.01
T11603,Dust and Plasma Wave Phenomena,19,31,12,0.0001,0.0002,0.01
T11658,Esophageal and GI Pathology,28,22,-6,0.0002,0.0002,-0.0
T11680,Advanced Algebra and Geometry,20,30,10,0.0001,0.0002,0.01
T11784,CO2 Reduction Techniques and Catalysts,33,17,-16,0.0002,0.0001,-0.01
T11930,"Cardiac, Anesthesia and Surgical Outcomes",40,10,-30,0.0003,0.0001,-0.02
T11972,Chromium effects and bioremediation,30,20,-10,0.0002,0.0001,-0.01
T12115,Genetic and Environmental Crop Studies,24,26,2,0.0002,0.0002,0.0
T12343,Geography Education and Pedagogy,30,20,-10,0.0002,0.0001,-0.01
T12358,Thermal and Kinetic Analysis,33,17,-16,0.0002,0.0001,-0.01
T12388,Identification and Quantification in Food,42,8,-34,0.0003,0.0001,-0.02
T12399,Wine Industry and Tourism,40,10,-30,0.0003,0.0001,-0.02
T12771,Plant pathogens and resistance mechanisms,33,17,-16,0.0002,0.0001,-0.01
T12784,Modular Robots and Swarm Intelligence,40,10,-30,0.0003,0.0001,-0.02
T13194,ICT in Developing Communities,31,19,-12,0.0002,0.0001,-0.01
T14146,Earthquake and Tsunami Effects,3,47,44,0.0,0.0003,0.03
T14249,Water Quality Monitoring and Analysis,40,10,-30,0.0003,0.0001,-0.02
T10238,Spine and Intervertebral Disc Pathology,27,22,-5,0.0002,0.0002,-0.0
T10322,Respiratory Support and Mechanisms,25,24,-1,0.0002,0.0002,-0.0
T10374,Advanced Graph Theory Research,27,22,-5,0.0002,0.0002,-0.0
T10552,Colorectal Cancer Screening and Detection,22,27,5,0.0002,0.0002,0.0
T10651,"IPv6, Mobility, Handover, Networks, Security",27,22,-5,0.0002,0.0002,-0.0
T10899,Advanced Operator Algebra Research,19,30,11,0.0001,0.0002,0.01
T11368,Long-Term Effects of COVID-19,31,18,-13,0.0002,0.0001,-0.01
T11685,Zebrafish Biomedical Research Applications,30,19,-11,0.0002,0.0001,-0.01
T11773,Healthcare Operations and Scheduling Optimization,23,26,3,0.0002,0.0002,0.0
T11995,"FinTech, Crowdfunding, Digital Finance",31,18,-13,0.0002,0.0001,-0.01
T12005,Spaceflight effects on biology,32,17,-15,0.0002,0.0001,-0.01
T12128,AI in Service Interactions,32,17,-15,0.0002,0.0001,-0.01
T12407,Plant Growth Enhancement Techniques,33,16,-17,0.0002,0.0001,-0.01
T12530,Bioactive Natural Diterpenoids Research,3,46,43,0.0,0.0003,0.03
T12661,Iterative Methods for Nonlinear Equations,25,24,-1,0.0002,0.0002,-0.0
T12733,Vector-Borne Animal Diseases,30,19,-11,0.0002,0.0001,-0.01
T12978,Innovative Teaching Methodologies in Social Sciences,10,39,29,0.0001,0.0003,0.02
T13086,Post-Soviet Geopolitical Dynamics,28,21,-7,0.0002,0.0001,-0.0
T10146,Cervical Cancer and HPV Research,22,26,4,0.0002,0.0002,0.0
T10559,Particle Accelerators and Free-Electron Lasers,29,19,-10,0.0002,0.0001,-0.01
T10846,Photonic Crystal and Fiber Optics,19,29,10,0.0001,0.0002,0.01
T10919,Neurological disorders and treatments,31,17,-14,0.0002,0.0001,-0.01
T10971,Olfactory and Sensory Function Studies,36,12,-24,0.0003,0.0001,-0.02
T11071,Treatment of Major Depression,24,24,0,0.0002,0.0002,0.0
T11183,Advanced X-ray Imaging Techniques,24,24,0,0.0002,0.0002,0.0
T11269,Algorithms and Data Compression,34,14,-20,0.0002,0.0001,-0.01
T11334,Psychosomatic Disorders and Their Treatments,29,19,-10,0.0002,0.0001,-0.01
T11597,"Neutrophil, Myeloperoxidase and Oxidative Mechanisms",22,26,4,0.0002,0.0002,0.0
T11738,Ultrasound in Clinical Applications,21,27,6,0.0001,0.0002,0.0
T11820,Learning Styles and Cognitive Differences,18,30,12,0.0001,0.0002,0.01
T11912,Outsourcing and Supply Chain Management,27,21,-6,0.0002,0.0001,-0.0
T11941,Power System Reliability and Maintenance,26,22,-4,0.0002,0.0002,-0.0
T12019,Calibration and Measurement Techniques,20,28,8,0.0001,0.0002,0.01
T12058,Allelopathy and phytotoxic interactions,31,17,-14,0.0002,0.0001,-0.01
T12098,Rural development and sustainability,29,19,-10,0.0002,0.0001,-0.01
T12254,Machine Learning in Bioinformatics,23,25,2,0.0002,0.0002,0.0
T12276,Risk Management in Financial Firms,27,21,-6,0.0002,0.0001,-0.0
T12335,"Sexuality, Behavior, and Technology",27,21,-6,0.0002,0.0001,-0.0
T12414,Coastal and Marine Management,27,21,-6,0.0002,0.0001,-0.0
T12467,Rangeland Management and Livestock Ecology,33,15,-18,0.0002,0.0001,-0.01
T12526,Antimicrobial agents and applications,15,33,18,0.0001,0.0002,0.01
T12782,Assembly Line Balancing Optimization,29,19,-10,0.0002,0.0001,-0.01
T12853,Historical Geography and Geographical Thought,9,39,30,0.0001,0.0003,0.02
T12883,Sustainable Development and Environmental Management,1,47,46,0.0,0.0003,0.03
T12907,Mechanical Engineering and Vibrations Research,37,11,-26,0.0003,0.0001,-0.02
T12964,"Diet, Metabolism, and Disease",35,13,-22,0.0002,0.0001,-0.02
T13355,Marketing and Advertising Strategies,3,45,42,0.0,0.0003,0.03
T13362,Slime Mold and Myxomycetes Research,16,32,16,0.0001,0.0002,0.01
T14405,Fisheries and Aquaculture Studies,3,45,42,0.0,0.0003,0.03
T10188,Advanced machining processes and optimization,25,22,-3,0.0002,0.0002,-0.0
T10384,Laser-Plasma Interactions and Diagnostics,29,18,-11,0.0002,0.0001,-0.01
T10478,Diamond and Carbon-based Materials Research,31,16,-15,0.0002,0.0001,-0.01
T10495,Catalysts for Methane Reforming,25,22,-3,0.0002,0.0002,-0.0
T10599,Reconstructive Surgery and Microvascular Techniques,25,22,-3,0.0002,0.0002,-0.0
T10630,Orthopedic Surgery and Rehabilitation,29,18,-11,0.0002,0.0001,-0.01
T10794,Islamic Studies and History,32,15,-17,0.0002,0.0001,-0.01
T11114,Service and Product Innovation,25,22,-3,0.0002,0.0002,-0.0
T11675,Open Source Software Innovations,24,23,-1,0.0002,0.0002,-0.0
T11786,Geomagnetism and Paleomagnetism Studies,30,17,-13,0.0002,0.0001,-0.01
T11974,Lepidoptera: Biology and Taxonomy,21,26,5,0.0001,0.0002,0.0
T12016,Web Data Mining and Analysis,34,13,-21,0.0002,0.0001,-0.01
T12232,"Yersinia bacterium, plague, ectoparasites research",30,17,-13,0.0002,0.0001,-0.01
T12250,Experimental and Theoretical Physics Studies,36,11,-25,0.0003,0.0001,-0.02
T12256,Facilities and Workplace Management,22,25,3,0.0002,0.0002,0.0
T12257,Bioactive natural compounds,12,35,23,0.0001,0.0002,0.02
T12514,Fashion and Cultural Textiles,33,14,-19,0.0002,0.0001,-0.01
T12570,Photopolymerization techniques and applications,27,20,-7,0.0002,0.0001,-0.0
T13221,Biological Activity of Diterpenoids and Biflavonoids,8,39,31,0.0001,0.0003,0.02
T13338,Pharmacological Effects and Assays,35,12,-23,0.0002,0.0001,-0.02
T13377,Ecosystem dynamics and resilience,34,13,-21,0.0002,0.0001,-0.01
T13487,Statistical and numerical algorithms,16,31,15,0.0001,0.0002,0.01
T10216,"Migration, Refugees, and Integration",19,27,8,0.0001,0.0002,0.01
T10336,Cancer Cells and Metastasis,35,11,-24,0.0002,0.0001,-0.02
T10532,Molecular Sensors and Ion Detection,44,2,-42,0.0003,0.0,-0.03
T10565,"Psychopathy, Forensic Psychiatry, Sexual Offending",23,23,0,0.0002,0.0002,0.0
T10831,Cell Adhesion Molecules Research,32,14,-18,0.0002,0.0001,-0.01
T11239,Social Capital and Networks,18,28,10,0.0001,0.0002,0.01
T11433,Emotional Intelligence and Performance,36,10,-26,0.0003,0.0001,-0.02
T11464,Homelessness and Social Issues,40,6,-34,0.0003,0.0,-0.02
T12063,Heat and Mass Transfer in Porous Media,17,29,12,0.0001,0.0002,0.01
T12207,Assistive Technology in Communication and Mobility,17,29,12,0.0001,0.0002,0.01
T13102,Soil and Environmental Studies,1,45,44,0.0,0.0003,0.03
T13297,History and advancements in chemistry,41,5,-36,0.0003,0.0,-0.03
T13502,Community and Sustainable Development,11,35,24,0.0001,0.0002,0.02
T13721,Political Science Research and Education,11,35,24,0.0001,0.0002,0.02
T10178,Cancer survivorship and care,18,27,9,0.0001,0.0002,0.01
T10272,Mental Health Treatment and Access,19,26,7,0.0001,0.0002,0.01
T10795,Healthcare professionals’ stress and burnout,26,19,-7,0.0002,0.0001,-0.0
T10909,Edible Oils Quality and Analysis,15,30,15,0.0001,0.0002,0.01
T10979,Breastfeeding Practices and Influences,22,23,1,0.0002,0.0002,0.0
T11025,Nonlinear Optical Materials Research,16,29,13,0.0001,0.0002,0.01
T11087,Solidification and crystal growth phenomena,22,23,1,0.0002,0.0002,0.0
T11111,Spectroscopy and Laser Applications,28,17,-11,0.0002,0.0001,-0.01
T11210,Mathematical Analysis and Transform Methods,12,33,21,0.0001,0.0002,0.02
T11340,Marine Sponges and Natural Products,31,14,-17,0.0002,0.0001,-0.01
T11349,Music Technology and Sound Studies,20,25,5,0.0001,0.0002,0.0
T11729,Product Development and Customization,25,20,-5,0.0002,0.0001,-0.0
T11808,Superconducting Materials and Applications,22,23,1,0.0002,0.0002,0.0
T11954,Energy Efficiency and Management,30,15,-15,0.0002,0.0001,-0.01
T12045,Rice Cultivation and Yield Improvement,24,21,-3,0.0002,0.0001,-0.0
T12143,Place Attachment and Urban Studies,21,24,3,0.0001,0.0002,0.0
T12182,Evolution and Science Education,34,11,-23,0.0002,0.0001,-0.02
T12223,Leptospirosis research and findings,24,21,-3,0.0002,0.0001,-0.0
T12281,Animal testing and alternatives,26,19,-7,0.0002,0.0001,-0.0
T12996,Cancer Research and Treatments,33,12,-21,0.0002,0.0001,-0.01
T13158,Political and Economic history of UK and US,41,4,-37,0.0003,0.0,-0.03
T13207,Youth Substance Use and School Attendance,26,19,-7,0.0002,0.0001,-0.0
T13291,Political Theory and Democracy,0,45,45,0.0,0.0003,0.03
T13546,Census and Population Estimation,15,30,15,0.0001,0.0002,0.01
T14091,Industrial and Mining Safety,1,44,43,0.0,0.0003,0.03
T10189,Anesthesia and Pain Management,20,24,4,0.0001,0.0002,0.0
T10340,Hepatitis B Virus Studies,25,19,-6,0.0002,0.0001,-0.0
T10436,Anesthesia and Sedative Agents,19,25,6,0.0001,0.0002,0.0
T10452,Iron Metabolism and Disorders,19,25,6,0.0001,0.0002,0.0
T10483,Nerve injury and regeneration,26,18,-8,0.0002,0.0001,-0.01
T10542,Vestibular and auditory disorders,22,22,0,0.0002,0.0002,0.0
T10569,Bariatric Surgery and Outcomes,22,22,0,0.0002,0.0002,0.0
T10658,Bone fractures and treatments,26,18,-8,0.0002,0.0001,-0.01
T10691,Retinal Development and Disorders,27,17,-10,0.0002,0.0001,-0.01
T10760,Pancreatitis Pathology and Treatment,24,20,-4,0.0002,0.0001,-0.0
T10840,High Temperature Alloys and Creep,15,29,14,0.0001,0.0002,0.01
T10845,Advanced Causal Inference Techniques,17,27,10,0.0001,0.0002,0.01
T11083,Cardiac Health and Mental Health,26,18,-8,0.0002,0.0001,-0.01
T11370,Mobile Learning in Education,26,18,-8,0.0002,0.0001,-0.01
T11494,Coleoptera Taxonomy and Distribution,19,25,6,0.0001,0.0002,0.0
T11550,Text and Document Classification Technologies,19,25,6,0.0001,0.0002,0.0
T12008,Solar-Powered Water Purification Methods,27,17,-10,0.0002,0.0001,-0.01
T12602,Medical Education and Admissions,16,28,12,0.0001,0.0002,0.01
T12843,Human Resource and Talent Management,8,36,28,0.0001,0.0003,0.02
T12923,Digital Image Processing Techniques,22,22,0,0.0002,0.0002,0.0
T13163,Organizational Learning and Leadership,25,19,-6,0.0002,0.0001,-0.0
T13396,Agriculture and Rural Development Research,42,2,-40,0.0003,0.0,-0.03
T13463,Nanoporous metals and alloys,29,15,-14,0.0002,0.0001,-0.01
T10090,ZnO doping and properties,28,15,-13,0.0002,0.0001,-0.01
T10365,Gastrointestinal motility and disorders,15,28,13,0.0001,0.0002,0.01
T10461,Gas Sensing Nanomaterials and Sensors,32,11,-21,0.0002,0.0001,-0.01
T10676,"Genetics, Aging, and Longevity in Model Organisms",18,25,7,0.0001,0.0002,0.01
T10773,Extracellular vesicles in disease,21,22,1,0.0001,0.0002,0.0
T10776,Spinal Fractures and Fixation Techniques,20,23,3,0.0001,0.0002,0.0
T10941,Musicology and Musical Analysis,21,22,1,0.0001,0.0002,0.0
T11140,Natural Antidiabetic Agents Studies,12,31,19,0.0001,0.0002,0.01
T11263,Electromagnetic Simulation and Numerical Methods,22,21,-1,0.0002,0.0001,-0.0
T11513,stochastic dynamics and bifurcation,30,13,-17,0.0002,0.0001,-0.01
T11599,Aviation Industry Analysis and Trends,26,17,-9,0.0002,0.0001,-0.01
T11902,Intelligent Tutoring Systems and Adaptive Learning,27,16,-11,0.0002,0.0001,-0.01
T12377,Digital Humanities and Scholarship,15,28,13,0.0001,0.0002,0.01
T12620,Signaling Pathways in Disease,25,18,-7,0.0002,0.0001,-0.0
T13013,Free Radicals and Antioxidants,24,19,-5,0.0002,0.0001,-0.0
T13034,Information Systems Education and Curriculum Development,19,24,5,0.0001,0.0002,0.0
T13235,Management Theory and Practice,16,27,11,0.0001,0.0002,0.01
T13641,Historical Studies and Socio-cultural Analysis,28,15,-13,0.0002,0.0001,-0.01
T10144,Blood Pressure and Hypertension Studies,16,26,10,0.0001,0.0002,0.01
T10198,Heart Failure Treatment and Management,24,18,-6,0.0002,0.0001,-0.0
T10282,Financial Risk and Volatility Modeling,19,23,4,0.0001,0.0002,0.0
T10294,Cell death mechanisms and regulation,10,32,22,0.0001,0.0002,0.02
T10428,Reproductive tract infections research,27,15,-12,0.0002,0.0001,-0.01
T10445,Antioxidant Activity and Oxidative Stress,23,19,-4,0.0002,0.0001,-0.0
T10561,Educational Research and Methods,0,42,42,0.0,0.0003,0.03
T10666,Photonic Crystals and Applications,21,21,0,0.0001,0.0001,0.0
T10675,Mechanical Circulatory Support Devices,21,21,0,0.0001,0.0001,0.0
T10762,"Migration, Health and Trauma",28,14,-14,0.0002,0.0001,-0.01
T11085,Fungal Biology and Applications,27,15,-12,0.0002,0.0001,-0.01
T11342,Carbon and Quantum Dots Applications,21,21,0,0.0001,0.0001,0.0
T11388,"Grief, Bereavement, and Mental Health",25,17,-8,0.0002,0.0001,-0.01
T11391,Theatre and Performance Studies,14,28,14,0.0001,0.0002,0.01
T11435,Polynomial and algebraic computation,19,23,4,0.0001,0.0002,0.0
T11462,Museums and Cultural Heritage,15,27,12,0.0001,0.0002,0.01
T11552,"Global trade, sustainability, and social impact",30,12,-18,0.0002,0.0001,-0.01
T11652,Imbalanced Data Classification Techniques,22,20,-2,0.0002,0.0001,-0.0
T11772,Genetics and Neurodevelopmental Disorders,21,21,0,0.0001,0.0001,0.0
T11894,Radiology practices and education,19,23,4,0.0001,0.0002,0.0
T12192,Polysaccharides Composition and Applications,6,36,30,0.0,0.0003,0.02
T12201,Agricultural Engineering and Mechanization,8,34,26,0.0001,0.0002,0.02
T12293,Dam Engineering and Safety,17,25,8,0.0001,0.0002,0.01
T12515,Gender and Technology in Education,27,15,-12,0.0002,0.0001,-0.01
T12693,"Migration, Ethnicity, and Economy",37,5,-32,0.0003,0.0,-0.02
T12751,Leadership and Management in Organizations,8,34,26,0.0001,0.0002,0.02
T12768,Linguistics and language evolution,17,25,8,0.0001,0.0002,0.01
T13124,Chemical synthesis and alkaloids,36,6,-30,0.0003,0.0,-0.02
T13126,Scientific Research and Discoveries,40,2,-38,0.0003,0.0,-0.03
T13289,Infant Health and Development,26,16,-10,0.0002,0.0001,-0.01
T13645,Thermodynamic and Structural Properties of Metals and Alloys,8,34,26,0.0001,0.0002,0.02
T14395,African history and culture studies,18,24,6,0.0001,0.0002,0.0
T10231,Pancreatic and Hepatic Oncology Research,26,15,-11,0.0002,0.0001,-0.01
T10244,Chaos control and synchronization,24,17,-7,0.0002,0.0001,-0.0
T10550,Ovarian cancer diagnosis and treatment,17,24,7,0.0001,0.0002,0.01
T10605,Historical Economic and Social Studies,22,19,-3,0.0002,0.0001,-0.0
T10620,Protease and Inhibitor Mechanisms,13,28,15,0.0001,0.0002,0.01
T10637,Advanced Clustering Algorithms Research,11,30,19,0.0001,0.0002,0.01
T10728,Pulmonary Hypertension Research and Treatments,22,19,-3,0.0002,0.0001,-0.0
T10860,Speech and Audio Processing,31,10,-21,0.0002,0.0001,-0.01
T11432,Gender Politics and Representation,22,19,-3,0.0002,0.0001,-0.0
T11551,Infective Endocarditis Diagnosis and Management,21,20,-1,0.0001,0.0001,-0.0
T11746,Inorganic and Organometallic Chemistry,16,25,9,0.0001,0.0002,0.01
T11935,"Literacy, Media, and Education",22,19,-3,0.0002,0.0001,-0.0
T12457,Ecocriticism and Environmental Literature,11,30,19,0.0001,0.0002,0.01
T12831,School Health and Nursing Education,18,23,5,0.0001,0.0002,0.0
T12940,Structural Engineering and Materials Analysis,4,37,33,0.0,0.0003,0.02
T12950,Educational Environments and Student Outcomes,24,17,-7,0.0002,0.0001,-0.0
T13018,Seismology and Earthquake Studies,31,10,-21,0.0002,0.0001,-0.01
T13031,Civil and Structural Engineering Research,17,24,7,0.0001,0.0002,0.01
T13197,Spreadsheets and End-User Computing,27,14,-13,0.0002,0.0001,-0.01
T13398,Data Analysis with R,33,8,-25,0.0002,0.0001,-0.02
T13650,Computational Physics and Python Applications,29,12,-17,0.0002,0.0001,-0.01
T14049,Plant and Fungal Species Descriptions,6,35,29,0.0,0.0002,0.02
T14306,Technology Assessment and Management,29,12,-17,0.0002,0.0001,-0.01
T10169,Protein Kinase Regulation and GTPase Signaling,11,29,18,0.0001,0.0002,0.01
T10295,Plasmonic and Surface Plasmon Research,15,25,10,0.0001,0.0002,0.01
T10300,Congenital Heart Disease Studies,19,21,2,0.0001,0.0001,0.0
T10363,Low-power high-performance VLSI design,25,15,-10,0.0002,0.0001,-0.01
T10403,Phonetics and Phonology Research,22,18,-4,0.0002,0.0001,-0.0
T10481,Computer Graphics and Visualization Techniques,15,25,10,0.0001,0.0002,0.01
T10505,Pluripotent Stem Cells Research,26,14,-12,0.0002,0.0001,-0.01
T10641,Central Venous Catheters and Hemodialysis,20,20,0,0.0001,0.0001,0.0
T10804,"Health Systems, Economic Evaluations, Quality of Life",32,8,-24,0.0002,0.0001,-0.02
T10911,Chemical Synthesis and Analysis,23,17,-6,0.0002,0.0001,-0.0
T10922,Magnetic Properties and Synthesis of Ferrites,13,27,14,0.0001,0.0002,0.01
T11005,Radiation Effects in Electronics,23,17,-6,0.0002,0.0001,-0.0
T11156,Reproductive Health and Technologies,27,13,-14,0.0002,0.0001,-0.01
T11333,Climate change and permafrost,27,13,-14,0.0002,0.0001,-0.01
T11407,Innovative Microfluidic and Catalytic Techniques Innovation,30,10,-20,0.0002,0.0001,-0.01
T11479,Smart Cities and Technologies,18,22,4,0.0001,0.0002,0.0
T11696,Conflict Management and Negotiation,18,22,4,0.0001,0.0002,0.0
T11800,User Authentication and Security Systems,20,20,0,0.0001,0.0001,0.0
T12288,Optimization and Search Problems,27,13,-14,0.0002,0.0001,-0.01
T12401,Scheduling and Timetabling Solutions,22,18,-4,0.0002,0.0001,-0.0
T12880,Qualitative Research Methods and Applications,11,29,18,0.0001,0.0002,0.01
T13015,"Botany, Ecology, and Taxonomy Studies",39,1,-38,0.0003,0.0,-0.03
T13098,Conferences and Exhibitions Management,18,22,4,0.0001,0.0002,0.0
T13551,Biochemical effects in animals,31,9,-22,0.0002,0.0001,-0.02
T13619,Geotechnical and Geomechanical Engineering,24,16,-8,0.0002,0.0001,-0.01
T13841,Psychology of Social Influence,30,10,-20,0.0002,0.0001,-0.01
T14499,Livestock Farming and Management,3,37,34,0.0,0.0003,0.02
T10070,Political Conflict and Governance,20,19,-1,0.0001,0.0001,-0.0
T10158,Cancer Immunotherapy and Biomarkers,13,26,13,0.0001,0.0002,0.01
T10209,Global Maternal and Child Health,31,8,-23,0.0002,0.0001,-0.02
T10503,Global Financial Crisis and Policies,20,19,-1,0.0001,0.0001,-0.0
T10590,Chalcogenide Semiconductor Thin Films,21,18,-3,0.0001,0.0001,-0.0
T10688,Image and Signal Denoising Methods,26,13,-13,0.0002,0.0001,-0.01
T10746,Platelet Disorders and Treatments,22,17,-5,0.0002,0.0001,-0.0
T11042,Corruption and Economic Development,23,16,-7,0.0002,0.0001,-0.0
T11154,Parasitic infections in humans and animals,17,22,5,0.0001,0.0002,0.0
T11196,Non-Invasive Vital Sign Monitoring,21,18,-3,0.0001,0.0001,-0.0
T11372,Hydraulic and Pneumatic Systems,31,8,-23,0.0002,0.0001,-0.02
T11406,Cerebrospinal fluid and hydrocephalus,23,16,-7,0.0002,0.0001,-0.0
T11420,Geographies of human-animal interactions,27,12,-15,0.0002,0.0001,-0.01
T11482,RNA modifications and cancer,26,13,-13,0.0002,0.0001,-0.01
T11510,Reproductive System and Pregnancy,26,13,-13,0.0002,0.0001,-0.01
T11583,Advanced Measurement and Metrology Techniques,35,4,-31,0.0002,0.0,-0.02
T11663,Viral Infectious Diseases and Gene Expression in Insects,30,9,-21,0.0002,0.0001,-0.01
T11706,Forensic Entomology and Diptera Studies,30,9,-21,0.0002,0.0001,-0.01
T11789,Land Rights and Reforms,22,17,-5,0.0002,0.0001,-0.0
T11915,Pickering emulsions and particle stabilization,27,12,-15,0.0002,0.0001,-0.01
T11984,Anatomy and Medical Technology,19,20,1,0.0001,0.0001,0.0
T12015,Photoacoustic and Ultrasonic Imaging,32,7,-25,0.0002,0.0,-0.02
T12147,Urban and Rural Development Challenges,24,15,-9,0.0002,0.0001,-0.01
T12618,Botany and Plant Ecology Studies,20,19,-1,0.0001,0.0001,-0.0
T12717,Space exploration and regulation,20,19,-1,0.0001,0.0001,-0.0
T12788,Space Science and Extraterrestrial Life,32,7,-25,0.0002,0.0,-0.02
T13127,Biotin and Related Studies,30,9,-21,0.0002,0.0001,-0.01
T13539,thermodynamics and calorimetric analyses,27,12,-15,0.0002,0.0001,-0.01
T10065,Atrial Fibrillation Management and Outcomes,17,21,4,0.0001,0.0001,0.0
T10673,Gestational Diabetes Research and Management,22,16,-6,0.0002,0.0001,-0.0
T10703,Business Process Modeling and Analysis,29,9,-20,0.0002,0.0001,-0.01
T10844,Radiation Dose and Imaging,20,18,-2,0.0001,0.0001,-0.0
T10882,Cardiomyopathy and Myosin Studies,13,25,12,0.0001,0.0002,0.01
T10960,Hypothalamic control of reproductive hormones,10,28,18,0.0001,0.0002,0.01
T11116,"Trauma, Hemostasis, Coagulopathy, Resuscitation",22,16,-6,0.0002,0.0001,-0.0
T11842,Ultrasound and Cavitation Phenomena,22,16,-6,0.0002,0.0001,-0.0
T11952,Landfill Environmental Impact Studies,14,24,10,0.0001,0.0002,0.01
T11996,Random lasers and scattering media,11,27,16,0.0001,0.0002,0.01
T12007,Plasma and Flow Control in Aerodynamics,15,23,8,0.0001,0.0002,0.01
T12169,Non-Destructive Testing Techniques,28,10,-18,0.0002,0.0001,-0.01
T12224,Nanofabrication and Lithography Techniques,18,20,2,0.0001,0.0001,0.0
T12236,Photoreceptor and optogenetics research,36,2,-34,0.0003,0.0,-0.02
T12275,Gender and Feminist Studies,1,37,36,0.0,0.0003,0.03
T12279,Body Composition Measurement Techniques,24,14,-10,0.0002,0.0001,-0.01
T12497,Traditional and Medicinal Uses of Annonaceae,31,7,-24,0.0002,0.0,-0.02
T12803,Cinema History and Criticism,2,36,34,0.0,0.0003,0.02
T13008,Agricultural Practices and Plant Genetics,37,1,-36,0.0003,0.0,-0.03
T13030,Survey Sampling and Estimation Techniques,17,21,4,0.0001,0.0001,0.0
T13169,Consumer Perception and Purchasing Behavior,11,27,16,0.0001,0.0002,0.01
T10039,"Stellar, planetary, and galactic studies",17,20,3,0.0001,0.0001,0.0
T10496,Pharmaceutical Practices and Patient Outcomes,26,11,-15,0.0002,0.0001,-0.01
T10570,Drug Transport and Resistance Mechanisms,30,7,-23,0.0002,0.0,-0.02
T10583,Cancer-related Molecular Pathways,13,24,11,0.0001,0.0002,0.01
T10626,High-Temperature Coating Behaviors,13,24,11,0.0001,0.0002,0.01
T10787,Lightning and Electromagnetic Phenomena,25,12,-13,0.0002,0.0001,-0.01
T10808,Electric and Hybrid Vehicle Technologies,11,26,15,0.0001,0.0002,0.01
T11003,Disability Rights and Representation,8,29,21,0.0001,0.0002,0.02
T11126,Metallurgical Processes and Thermodynamics,22,15,-7,0.0002,0.0001,-0.0
T11193,Adenosine and Purinergic Signaling,23,14,-9,0.0002,0.0001,-0.01
T11315,Phase-change materials and chalcogenides,20,17,-3,0.0001,0.0001,-0.0
T11598,Internet Traffic Analysis and Secure E-voting,22,15,-7,0.0002,0.0001,-0.0
T11618,Cholesterol and Lipid Metabolism,23,14,-9,0.0002,0.0001,-0.01
T11653,Financial Distress and Bankruptcy Prediction,15,22,7,0.0001,0.0002,0.01
T11690,Advanced battery technologies research,19,18,-1,0.0001,0.0001,-0.0
T11707,Gaze Tracking and Assistive Technology,17,20,3,0.0001,0.0001,0.0
T11801,Reservoir Engineering and Simulation Methods,30,7,-23,0.0002,0.0,-0.02
T11843,Family Business Performance and Succession,21,16,-5,0.0001,0.0001,-0.0
T11884,Redox biology and oxidative stress,8,29,21,0.0001,0.0002,0.02
T12127,Software System Performance and Reliability,35,2,-33,0.0002,0.0,-0.02
T12225,Political Influence and Corporate Strategies,17,20,3,0.0001,0.0001,0.0
T12248,Water Governance and Infrastructure,26,11,-15,0.0002,0.0001,-0.01
T12536,Topological and Geometric Data Analysis,27,10,-17,0.0002,0.0001,-0.01
T12537,Flow Measurement and Analysis,21,16,-5,0.0001,0.0001,-0.0
T12560,Nuclear Engineering Thermal-Hydraulics,15,22,7,0.0001,0.0002,0.01
T12732,Agriculture and Farm Safety,29,8,-21,0.0002,0.0001,-0.01
T12810,Real-time simulation and control systems,29,8,-21,0.0002,0.0001,-0.01
T12884,Educational Assessment and Pedagogy,20,17,-3,0.0001,0.0001,-0.0
T13326,Biochemical and Structural Characterization,15,22,7,0.0001,0.0002,0.01
T13555,"Healthcare cost, quality, practices",18,19,1,0.0001,0.0001,0.0
T13802,Vietnamese History and Culture Studies,34,3,-31,0.0002,0.0,-0.02
T14024,"Education, Philosophy, and Society",1,36,35,0.0,0.0003,0.02
T10051,Asthma and respiratory diseases,16,20,4,0.0001,0.0001,0.0
T10515,Cancer-related molecular mechanisms research,28,8,-20,0.0002,0.0001,-0.01
T10627,Advanced Image and Video Retrieval Techniques,24,12,-12,0.0002,0.0001,-0.01
T10693,Blood transfusion and management,12,24,12,0.0001,0.0002,0.01
T10856,Intellectual Property and Patents,14,22,8,0.0001,0.0002,0.01
T10924,Cardiovascular Health and Disease Prevention,18,18,0,0.0001,0.0001,0.0
T10925,Spinal Cord Injury Research,16,20,4,0.0001,0.0001,0.0
T11076,Policing Practices and Perceptions,16,20,4,0.0001,0.0001,0.0
T11124,Protein purification and stability,10,26,16,0.0001,0.0002,0.01
T11203,Jewish and Middle Eastern Studies,25,11,-14,0.0002,0.0001,-0.01
T11276,Solar Radiation and Photovoltaics,19,17,-2,0.0001,0.0001,-0.0
T11518,Cervical and Thoracic Myelopathy,14,22,8,0.0001,0.0002,0.01
T11590,Primary Care and Health Outcomes,28,8,-20,0.0002,0.0001,-0.01
T11619,Combustion and Detonation Processes,26,10,-16,0.0002,0.0001,-0.01
T11697,Numerical Methods and Algorithms,30,6,-24,0.0002,0.0,-0.02
T11881,Crystallization and Solubility Studies,18,18,0,0.0001,0.0001,0.0
T11927,Plant Reproductive Biology,25,11,-14,0.0002,0.0001,-0.01
T12228,Coordination Chemistry and Organometallics,23,13,-10,0.0002,0.0001,-0.01
T12263,Peacebuilding and International Security,22,14,-8,0.0002,0.0001,-0.01
T12300,Advanced Electrical Measurement Techniques,20,16,-4,0.0001,0.0001,-0.0
T12398,Poetry Analysis and Criticism,15,21,6,0.0001,0.0001,0.0
T12488,Mental Health via Writing,24,12,-12,0.0002,0.0001,-0.01
T12505,Peptidase Inhibition and Analysis,35,1,-34,0.0002,0.0,-0.02
T12665,Bamboo properties and applications,20,16,-4,0.0001,0.0001,-0.0
T12728,Demographic Trends and Gender Preferences,19,17,-2,0.0001,0.0001,-0.0
T12805,Cognitive Science and Mapping,33,3,-30,0.0002,0.0,-0.02
T13084,Education during COVID-19 pandemic,1,35,34,0.0,0.0002,0.02
T13143,Child Therapy and Development,23,13,-10,0.0002,0.0001,-0.01
T13800,Earthquake and Disaster Impact Studies,19,17,-2,0.0001,0.0001,-0.0
T14330,Library Science and Information Systems,14,22,8,0.0001,0.0002,0.01
T10123,DNA Repair Mechanisms,19,16,-3,0.0001,0.0001,-0.0
T10606,Kidney Stones and Urolithiasis Treatments,12,23,11,0.0001,0.0002,0.01
T10740,Wind Turbine Control Systems,16,19,3,0.0001,0.0001,0.0
T10769,BRCA gene mutations in cancer,22,13,-9,0.0002,0.0001,-0.01
T10901,Advanced Data Compression Techniques,14,21,7,0.0001,0.0001,0.01
T10906,AI-based Problem Solving and Planning,14,21,7,0.0001,0.0001,0.01
T11017,Chaos-based Image/Signal Encryption,23,12,-11,0.0002,0.0001,-0.01
T11051,Sirtuins and Resveratrol in Medicine,21,14,-7,0.0001,0.0001,-0.0
T11504,Advanced Authentication Protocols Security,12,23,11,0.0001,0.0002,0.01
T11613,Phytochemistry and Biological Activities,23,12,-11,0.0002,0.0001,-0.01
T11647,Workplace Violence and Bullying,18,17,-1,0.0001,0.0001,-0.0
T11655,HIV-related health complications and treatments,19,16,-3,0.0001,0.0001,-0.0
T11744,Health Sciences Research and Education,22,13,-9,0.0002,0.0001,-0.01
T11921,Electroconvulsive Therapy Studies,16,19,3,0.0001,0.0001,0.0
T11932,Wireless Body Area Networks,25,10,-15,0.0002,0.0001,-0.01
T12022,Hydraulic flow and structures,14,21,7,0.0001,0.0001,0.01
T12072,Machine Learning and Algorithms,23,12,-11,0.0002,0.0001,-0.01
T12080,Injection Molding Process and Properties,10,25,15,0.0001,0.0002,0.01
T12092,Erosion and Abrasive Machining,18,17,-1,0.0001,0.0001,-0.0
T12094,Hemoglobin structure and function,23,12,-11,0.0002,0.0001,-0.01
T12238,Green IT and Sustainability,18,17,-1,0.0001,0.0001,-0.0
T12340,Anodic Oxide Films and Nanostructures,18,17,-1,0.0001,0.0001,-0.0
T12423,Software Reliability and Analysis Research,28,7,-21,0.0002,0.0,-0.01
T12545,Global Education and Multiculturalism,23,12,-11,0.0002,0.0001,-0.01
T12646,Inorganic Fluorides and Related Compounds,26,9,-17,0.0002,0.0001,-0.01
T12675,Financial Reporting and Valuation Research,24,11,-13,0.0002,0.0001,-0.01
T12794,Adaptive Dynamic Programming Control,13,22,9,0.0001,0.0002,0.01
T12965,Wildlife Conservation and Criminology Analyses,21,14,-7,0.0001,0.0001,-0.0
T12967,Molecular Spectroscopy and Structure,12,23,11,0.0001,0.0002,0.01
T13021,Geology and Environmental Impact Studies,0,35,35,0.0,0.0002,0.02
T13042,Economic and Fiscal Studies,1,34,33,0.0,0.0002,0.02
T13065,Mining Techniques and Economics,19,16,-3,0.0001,0.0001,-0.0
T13103,Middle East Politics and Society,7,28,21,0.0,0.0002,0.02
T13106,"Neuroscience, Education and Cognitive Function",26,9,-17,0.0002,0.0001,-0.01
T13305,Teacher Professional Development and Motivation,6,29,23,0.0,0.0002,0.02
T13391,Innovations in Aquaponics and Hydroponics Systems,19,16,-3,0.0001,0.0001,-0.0
T13456,"Religion, Society, and Development",23,12,-11,0.0002,0.0001,-0.01
T13561,Chemical Reactions and Isotopes,18,17,-1,0.0001,0.0001,-0.0
T13649,Advanced Synthetic Organic Chemistry,8,27,19,0.0001,0.0002,0.01
T13904,Artificial Intelligence Applications,2,33,31,0.0,0.0002,0.02
T14232,Water Resource Management and Quality,1,34,33,0.0,0.0002,0.02
T14469,Renaissance Literature and Culture,3,32,29,0.0,0.0002,0.02
T10149,Anthropological Studies and Insights,19,15,-4,0.0001,0.0001,-0.0
T10202,Lung Cancer Diagnosis and Treatment,15,19,4,0.0001,0.0001,0.0
T10341,Coral and Marine Ecosystems Studies,25,9,-16,0.0002,0.0001,-0.01
T10420,Intracranial Aneurysms: Treatment and Complications,18,16,-2,0.0001,0.0001,-0.0
T10735,Mesoporous Materials and Catalysis,22,12,-10,0.0002,0.0001,-0.01
T10806,Energetic Materials and Combustion,17,17,0,0.0001,0.0001,0.0
T10873,Bacterial Infections and Vaccines,19,15,-4,0.0001,0.0001,-0.0
T11094,Face Recognition and Perception,17,17,0,0.0001,0.0001,0.0
T11104,"Memory, Trauma, and Commemoration",14,20,6,0.0001,0.0001,0.0
T11268,Light effects on plants,18,16,-2,0.0001,0.0001,-0.0
T11397,"Populism, Right-Wing Movements",14,20,6,0.0001,0.0001,0.0
T11503,Cytokine Signaling Pathways and Interactions,21,13,-8,0.0001,0.0001,-0.01
T11525,Piezoelectric Actuators and Control,13,21,8,0.0001,0.0001,0.01
T11557,Lubricants and Their Additives,11,23,12,0.0001,0.0002,0.01
T11572,Information Technology Governance and Strategy,17,17,0,0.0001,0.0001,0.0
T11612,Stochastic Gradient Optimization Techniques,16,18,2,0.0001,0.0001,0.0
T11642,Genomics and Rare Diseases,12,22,10,0.0001,0.0002,0.01
T11727,Advanced Algebra and Logic,25,9,-16,0.0002,0.0001,-0.01
T12069,Commutative Algebra and Its Applications,15,19,4,0.0001,0.0001,0.0
T12083,Karst Systems and Hydrogeology,15,19,4,0.0001,0.0001,0.0
T12190,Innovations in Concrete and Construction Materials,31,3,-28,0.0002,0.0,-0.02
T12302,Advanced Nanomaterials in Catalysis,29,5,-24,0.0002,0.0,-0.02
T12349,Food Chemistry and Fat Analysis,15,19,4,0.0001,0.0001,0.0
T12576,vaccines and immunoinformatics approaches,19,15,-4,0.0001,0.0001,-0.0
T12912,"Shakespeare, Adaptation, and Literary Criticism",19,15,-4,0.0001,0.0001,-0.0
T13294,Livestock and Poultry Management,27,7,-20,0.0002,0.0,-0.01
T14365,Leaf Properties and Growth Measurement,25,9,-16,0.0002,0.0001,-0.01
T14414,Artificial Intelligence in Education,0,34,34,0.0,0.0002,0.02
T10250,Glaucoma and retinal disorders,12,21,9,0.0001,0.0001,0.01
T10477,Astrophysics and Star Formation Studies,19,14,-5,0.0001,0.0001,-0.0
T10727,Ultrasound Imaging and Elastography,11,22,11,0.0001,0.0002,0.01
T10837,Dermatology and Skin Diseases,12,21,9,0.0001,0.0001,0.01
T10950,Acute Lymphoblastic Leukemia research,19,14,-5,0.0001,0.0001,-0.0
T11030,Scoliosis diagnosis and treatment,14,19,5,0.0001,0.0001,0.0
T11057,Cardiac Ischemia and Reperfusion,14,19,5,0.0001,0.0001,0.0
T11178,Receptor Mechanisms and Signaling,24,9,-15,0.0002,0.0001,-0.01
T11274,Botulinum Toxin and Related Neurological Disorders,22,11,-11,0.0002,0.0001,-0.01
T11395,Radiopharmaceutical Chemistry and Applications,10,23,13,0.0001,0.0002,0.01
T11522,VLSI and FPGA Design Techniques,16,17,1,0.0001,0.0001,0.0
T11562,Facial Trauma and Fracture Management,15,18,3,0.0001,0.0001,0.0
T11762,"Law, Economics, and Judicial Systems",14,19,5,0.0001,0.0001,0.0
T11895,Social and Cultural Dynamics,25,8,-17,0.0002,0.0001,-0.01
T11936,Chemical and Physical Properties in Aqueous Solutions,18,15,-3,0.0001,0.0001,-0.0
T12177,Resource-Constrained Project Scheduling,9,24,15,0.0001,0.0002,0.01
T12336,Insect Utilization and Effects,28,5,-23,0.0002,0.0,-0.02
T12668,Yeasts and Rust Fungi Studies,15,18,3,0.0001,0.0001,0.0
T12692,Magnetic Field Sensors Techniques,14,19,5,0.0001,0.0001,0.0
T12955,Atherosclerosis and Cardiovascular Diseases,13,20,7,0.0001,0.0001,0.01
T13531,Surface and Thin Film Phenomena,11,22,11,0.0001,0.0002,0.01
T13706,Management and Optimization Techniques,0,33,33,0.0,0.0002,0.02
T13808,Construction Engineering and Safety,7,26,19,0.0,0.0002,0.01
T13938,Historical and Contemporary Political Dynamics,22,11,-11,0.0002,0.0001,-0.01
T13988,Public Administration and Governance,1,32,31,0.0,0.0002,0.02
T10185,Lymphoma Diagnosis and Treatment,18,14,-4,0.0001,0.0001,-0.0
T10289,European Union Policy and Governance,18,14,-4,0.0001,0.0001,-0.0
T10366,Discourse Analysis in Language Studies,28,4,-24,0.0002,0.0,-0.02
T10800,Forensic Toxicology and Drug Analysis,15,17,2,0.0001,0.0001,0.0
T10812,Human Pose and Action Recognition,20,12,-8,0.0001,0.0001,-0.01
T10851,Optical Wireless Communication Technologies,15,17,2,0.0001,0.0001,0.0
T11070,Soviet and Russian History,4,28,24,0.0,0.0002,0.02
T11108,Municipal Solid Waste Management,10,22,12,0.0001,0.0002,0.01
T11223,Maritime Ports and Logistics,17,15,-2,0.0001,0.0001,-0.0
T11232,Urinary Tract Infections Management,20,12,-8,0.0001,0.0001,-0.01
T11505,Reproductive biology and impacts on aquatic species,11,21,10,0.0001,0.0001,0.01
T11540,"Gender, Feminism, and Media",27,5,-22,0.0002,0.0,-0.02
T11547,Sesquiterpenes and Asteraceae Studies,11,21,10,0.0001,0.0001,0.01
T11596,Constraint Satisfaction and Optimization,25,7,-18,0.0002,0.0,-0.01
T11630,Petroleum Processing and Analysis,12,20,8,0.0001,0.0001,0.01
T11646,Nonlocal and gradient elasticity in micro/nano structures,13,19,6,0.0001,0.0001,0.0
T11677,Congenital heart defects research,24,8,-16,0.0002,0.0001,-0.01
T11742,Economic Theory and Policy,20,12,-8,0.0001,0.0001,-0.01
T11903,Private Equity and Venture Capital,20,12,-8,0.0001,0.0001,-0.01
T12037,Algebraic and Geometric Analysis,22,10,-12,0.0002,0.0001,-0.01
T12104,Protein Tyrosine Phosphatases,9,23,14,0.0001,0.0002,0.01
T12144,"Colonialism, slavery, and trade",14,18,4,0.0001,0.0001,0.0
T12295,"Foucault, Power, and Ethics",14,18,4,0.0001,0.0001,0.0
T12504,Mathematics and Applications,27,5,-22,0.0002,0.0,-0.02
T12614,Indigenous Studies and Ecology,16,16,0,0.0001,0.0001,0.0
T12849,Parvovirus B19 Infection Studies,12,20,8,0.0001,0.0001,0.01
T13465,"Graphite, nuclear technology, radiation studies",27,5,-22,0.0002,0.0,-0.02
T14315,Feminist Theory and Gender Studies,5,27,22,0.0,0.0002,0.02
T10113,Dental materials and restorations,10,21,11,0.0001,0.0001,0.01
T10643,Marine and coastal plant biology,25,6,-19,0.0002,0.0,-0.01
T10668,Endometrial and Cervical Cancer Treatments,19,12,-7,0.0001,0.0001,-0.0
T10952,PI3K/AKT/mTOR signaling in cancer,13,18,5,0.0001,0.0001,0.0
T11034,Digital Filter Design and Implementation,16,15,-1,0.0001,0.0001,-0.0
T11060,Infant Development and Preterm Care,22,9,-13,0.0002,0.0001,-0.01
T11267,Abdominal Trauma and Injuries,18,13,-5,0.0001,0.0001,-0.0
T11378,Gastrointestinal Bleeding Diagnosis and Treatment,11,20,9,0.0001,0.0001,0.01
T11517,Advanced optical system design,6,25,19,0.0,0.0002,0.01
T11644,Spam and Phishing Detection,17,14,-3,0.0001,0.0001,-0.0
T11687,Teleoperation and Haptic Systems,10,21,11,0.0001,0.0001,0.01
T11855,Gastrointestinal disorders and treatments,22,9,-13,0.0002,0.0001,-0.01
T11885,MRI in cancer diagnosis,18,13,-5,0.0001,0.0001,-0.0
T11906,"Gender, Sexuality, and Education",0,31,31,0.0,0.0002,0.02
T11965,"Quantum, superfluid, helium dynamics",24,7,-17,0.0002,0.0,-0.01
T12153,Advanced Optical Sensing Technologies,22,9,-13,0.0002,0.0001,-0.01
T12306,Urban and Freight Transport Logistics,22,9,-13,0.0002,0.0001,-0.01
T12486,Food Supply Chain Traceability,25,6,-19,0.0002,0.0,-0.01
T12828,Plant Genetic and Mutation Studies,10,21,11,0.0001,0.0001,0.01
T12848,Psychological Testing and Assessment,7,24,17,0.0,0.0002,0.01
T13160,Synthesis and Biological Evaluation,24,7,-17,0.0002,0.0,-0.01
T13171,Polymer Science and PVC,13,18,5,0.0001,0.0001,0.0
T13333,American Political and Social Dynamics,10,21,11,0.0001,0.0001,0.01
T13366,Accounting Theory and Financial Reporting,3,28,25,0.0,0.0002,0.02
T14178,Environmental Science and Water Management,1,30,29,0.0,0.0002,0.02
T10225,Essential Oils and Antimicrobial Activity,13,17,4,0.0001,0.0001,0.0
T10288,Fractional Differential Equations Solutions,23,7,-16,0.0002,0.0,-0.01
T10548,Catalytic Cross-Coupling Reactions,8,22,14,0.0001,0.0002,0.01
T10628,China's Socioeconomic Reforms and Governance,18,12,-6,0.0001,0.0001,-0.0
T10788,Neuroscience and Music Perception,20,10,-10,0.0001,0.0001,-0.01
T10798,Crystallography and molecular interactions,14,16,2,0.0001,0.0001,0.0
T10813,Sport Psychology and Performance,13,17,4,0.0001,0.0001,0.0
T11078,Inflammasome and immune disorders,18,12,-6,0.0001,0.0001,-0.0
T11248,Advanced Power Amplifier Design,15,15,0,0.0001,0.0001,0.0
T11260,Tracheal and airway disorders,19,11,-8,0.0001,0.0001,-0.01
T11293,Orthopedic Infections and Treatments,13,17,4,0.0001,0.0001,0.0
T11383,Advanced Antenna and Metasurface Technologies,14,16,2,0.0001,0.0001,0.0
T11440,Click Chemistry and Applications,18,12,-6,0.0001,0.0001,-0.0
T11466,Innovative Education and Learning Practices,15,15,0,0.0001,0.0001,0.0
T11567,semigroups and automata theory,12,18,6,0.0001,0.0001,0.0
T11589,Gynecological conditions and treatments,14,16,2,0.0001,0.0001,0.0
T11591,NF-κB Signaling Pathways,11,19,8,0.0001,0.0001,0.01
T11702,Parasitic Diseases Research and Treatment,21,9,-12,0.0001,0.0001,-0.01
T11721,Blood properties and coagulation,11,19,8,0.0001,0.0001,0.01
T11841,Nuclear Structure and Function,16,14,-2,0.0001,0.0001,-0.0
T11896,Opportunistic and Delay-Tolerant Networks,23,7,-16,0.0002,0.0,-0.01
T12061,Axon Guidance and Neuronal Signaling,20,10,-10,0.0001,0.0001,-0.01
T12078,Environmental remediation with nanomaterials,17,13,-4,0.0001,0.0001,-0.0
T12085,Collagen: Extraction and Characterization,15,15,0,0.0001,0.0001,0.0
T12088,Intergenerational and Educational Inequality Studies,6,24,18,0.0,0.0002,0.01
T12138,Occupational Health and Performance,19,11,-8,0.0001,0.0001,-0.01
T12261,Statistical Mechanics and Entropy,23,7,-16,0.0002,0.0,-0.01
T12284,Emotional Labor in Professions,17,13,-4,0.0001,0.0001,-0.0
T12285,Surface Chemistry and Catalysis,6,24,18,0.0,0.0002,0.01
T12292,Graph Theory and Algorithms,13,17,4,0.0001,0.0001,0.0
T12524,Chemical Synthesis and Characterization,28,2,-26,0.0002,0.0,-0.02
T12549,Image and Object Detection Techniques,14,16,2,0.0001,0.0001,0.0
T12597,Fire Detection and Safety Systems,18,12,-6,0.0001,0.0001,-0.0
T12761,Data Stream Mining Techniques,20,10,-10,0.0001,0.0001,-0.01
T12786,Innovation and Socioeconomic Development,22,8,-14,0.0002,0.0001,-0.01
T13200,Spacecraft and Cryogenic Technologies,27,3,-24,0.0002,0.0,-0.02
T13222,"Caribbean history, culture, and politics",18,12,-6,0.0001,0.0001,-0.0
T13395,"Education, Leadership, and Health Research",6,24,18,0.0,0.0002,0.01
T13632,Marriage and Sexual Relationships,10,20,10,0.0001,0.0001,0.01
T13654,Urban Planning and Landscape Design,8,22,14,0.0001,0.0002,0.01
T13883,Child and Adolescent Health,20,10,-10,0.0001,0.0001,-0.01
T13890,Remote Sensing and Land Use,14,16,2,0.0001,0.0001,0.0
T13923,Nuclear and radioactivity studies,19,11,-8,0.0001,0.0001,-0.01
T14017,Legal Issues in Education,9,21,12,0.0001,0.0001,0.01
T14288,"Law, Rights, and Freedoms",11,19,8,0.0001,0.0001,0.01
T14444,Power Systems and Renewable Energy,10,20,10,0.0001,0.0001,0.01
T10170,Retinal Diseases and Treatments,14,15,1,0.0001,0.0001,0.0
T10265,Multilingual Education and Policy,19,10,-9,0.0001,0.0001,-0.01
T10516,Parathyroid Disorders and Treatments,14,15,1,0.0001,0.0001,0.0
T10719,3D Shape Modeling and Analysis,9,20,11,0.0001,0.0001,0.01
T10811,Hydrogen Storage and Materials,16,13,-3,0.0001,0.0001,-0.0
T10893,Chinese history and philosophy,18,11,-7,0.0001,0.0001,-0.0
T10986,RFID technology advancements,8,21,13,0.0001,0.0001,0.01
T10987,Microfinance and Financial Inclusion,15,14,-1,0.0001,0.0001,-0.0
T11163,Organ Donation and Transplantation,14,15,1,0.0001,0.0001,0.0
T11326,Stock Market Forecasting Methods,14,15,1,0.0001,0.0001,0.0
T11353,Venomous Animal Envenomation and Studies,9,20,11,0.0001,0.0001,0.01
T11465,Drug-Induced Hepatotoxicity and Protection,13,16,3,0.0001,0.0001,0.0
T11568,Railway Systems and Energy Efficiency,13,16,3,0.0001,0.0001,0.0
T11741,Flexible and Reconfigurable Manufacturing Systems,15,14,-1,0.0001,0.0001,-0.0
T11944,Participatory Visual Research Methods,20,9,-11,0.0001,0.0001,-0.01
T11975,Evolutionary Algorithms and Applications,18,11,-7,0.0001,0.0001,-0.0
T11990,Global Health Workforce Issues,17,12,-5,0.0001,0.0001,-0.0
T12211,Aluminum toxicity and tolerance in plants and animals,16,13,-3,0.0001,0.0001,-0.0
T12234,Mollusks and Parasites Studies,12,17,5,0.0001,0.0001,0.0
T12242,Latin American and Latino Studies,18,11,-7,0.0001,0.0001,-0.0
T12381,Electron Spin Resonance Studies,12,17,5,0.0001,0.0001,0.0
T12394,Insurance and Financial Risk Management,24,5,-19,0.0002,0.0,-0.01
T12564,Sensor Technology and Measurement Systems,19,10,-9,0.0001,0.0001,-0.01
T12606,Diptera species taxonomy and behavior,6,23,17,0.0,0.0002,0.01
T12720,Multimedia Communication and Technology,25,4,-21,0.0002,0.0,-0.01
T12735,Blood donation and transfusion practices,11,18,7,0.0001,0.0001,0.01
T12915,Biochemical Acid Research Studies,16,13,-3,0.0001,0.0001,-0.0
T13055,Global Security and Public Health,13,16,3,0.0001,0.0001,0.0
T13081,Digital Education and Society,9,20,11,0.0001,0.0001,0.01
T13410,Immune responses and vaccinations,18,11,-7,0.0001,0.0001,-0.0
T13474,Autobiographical and Biographical Writing,2,27,25,0.0,0.0002,0.02
T13664,Genome Rearrangement Algorithms,15,14,-1,0.0001,0.0001,-0.0
T14214,Space Exploration and Technology,16,13,-3,0.0001,0.0001,-0.0
T14394,Cognitive Science and Education Research,28,1,-27,0.0002,0.0,-0.02
T10194,Nonlinear Partial Differential Equations,9,19,10,0.0001,0.0001,0.01
T10331,Video Surveillance and Tracking Methods,8,20,12,0.0001,0.0001,0.01
T10634,Food Allergy and Anaphylaxis Research,13,15,2,0.0001,0.0001,0.0
T10704,Advancements in Transdermal Drug Delivery,14,14,0,0.0001,0.0001,0.0
T10920,Advanced Drug Delivery Systems,7,21,14,0.0,0.0001,0.01
T11153,Streptococcal Infections and Treatments,20,8,-12,0.0001,0.0001,-0.01
T11304,Advanced Neuroimaging Techniques and Applications,19,9,-10,0.0001,0.0001,-0.01
T11335,Prion Diseases and Protein Misfolding,16,12,-4,0.0001,0.0001,-0.0
T11459,Arctic and Antarctic ice dynamics,22,6,-16,0.0002,0.0,-0.01
T11491,CAR-T cell therapy research,17,11,-6,0.0001,0.0001,-0.0
T11528,Lichen and fungal ecology,26,2,-24,0.0002,0.0,-0.02
T11735,Peripheral Neuropathies and Disorders,8,20,12,0.0001,0.0001,0.01
T11775,COVID-19 diagnosis using AI,17,11,-6,0.0001,0.0001,-0.0
T11823,Natural Resources and Economic Development,13,15,2,0.0001,0.0001,0.0
T11851,Electromagnetic Compatibility and Measurements,16,12,-4,0.0001,0.0001,-0.0
T11928,Genetic Syndromes and Imprinting,22,6,-16,0.0002,0.0,-0.01
T11959,Employment and Welfare Studies,28,0,-28,0.0002,0.0,-0.02
T11968,High Altitude and Hypoxia,18,10,-8,0.0001,0.0001,-0.01
T12305,Cassava research and cyanide,22,6,-16,0.0002,0.0,-0.01
T12356,Bioactive Compounds and Antitumor Agents,14,14,0,0.0001,0.0001,0.0
T12426,Lymphatic Disorders and Treatments,14,14,0,0.0001,0.0001,0.0
T12503,Social Acceptance of Renewable Energy,15,13,-2,0.0001,0.0001,-0.0
T12558,Wittgensteinian philosophy and applications,17,11,-6,0.0001,0.0001,-0.0
T12836,History and Developments in Astronomy,18,10,-8,0.0001,0.0001,-0.01
T12871,Healthcare Quality and Management,3,25,22,0.0,0.0002,0.02
T12948,Inclusion and Disability in Education and Sport,12,16,4,0.0001,0.0001,0.0
T13120,Nuclear Issues and Defense,15,13,-2,0.0001,0.0001,-0.0
T13180,Chemistry and Chemical Engineering,23,5,-18,0.0002,0.0,-0.01
T13193,Geological Studies and Exploration,16,12,-4,0.0001,0.0001,-0.0
T13236,Geotechnical and construction materials studies,9,19,10,0.0001,0.0001,0.01
T13469,"Environmental, Ecological, and Cultural Studies",15,13,-2,0.0001,0.0001,-0.0
T13859,Organic Chemistry Synthesis Methods,3,25,22,0.0,0.0002,0.02
T13984,"Nutrition, Genetics, and Disease",26,2,-24,0.0002,0.0,-0.02
T14509,demographic modeling and climate adaptation,18,10,-8,0.0001,0.0001,-0.01
T10274,Synthesis and biological activity,5,22,17,0.0,0.0002,0.01
T10549,Neonatal Respiratory Health Research,15,12,-3,0.0001,0.0001,-0.0
T10670,Aluminum Alloy Microstructure Properties,16,11,-5,0.0001,0.0001,-0.0
T10942,"Sports, Gender, and Society",15,12,-3,0.0001,0.0001,-0.0
T10954,Peripheral Nerve Disorders,12,15,3,0.0001,0.0001,0.0
T10961,Hernia repair and management,17,10,-7,0.0001,0.0001,-0.0
T11007,Hybrid Renewable Energy Systems,14,13,-1,0.0001,0.0001,-0.0
T11165,Image and Video Quality Assessment,15,12,-3,0.0001,0.0001,-0.0
T11175,Gyrotron and Vacuum Electronics Research,24,3,-21,0.0002,0.0,-0.01
T11218,Hip disorders and treatments,17,10,-7,0.0001,0.0001,-0.0
T11325,Inertial Sensor and Navigation,19,8,-11,0.0001,0.0001,-0.01
T11343,Power Transformer Diagnostics and Insulation,16,11,-5,0.0001,0.0001,-0.0
T11633,Prenatal Substance Exposure Effects,16,11,-5,0.0001,0.0001,-0.0
T11638,Cardiac tumors and thrombi,12,15,3,0.0001,0.0001,0.0
T12050,Optical Polarization and Ellipsometry,18,9,-9,0.0001,0.0001,-0.01
T12132,Hymenoptera taxonomy and phylogeny,5,22,17,0.0,0.0002,0.01
T12215,Phytochemical Studies and Bioactivities,11,16,5,0.0001,0.0001,0.0
T12280,Magnesium in Health and Disease,18,9,-9,0.0001,0.0001,-0.01
T12289,Library Science and Administration,18,9,-9,0.0001,0.0001,-0.01
T12312,"Culture, Economy, and Development Studies",17,10,-7,0.0001,0.0001,-0.0
T12443,Delphi Technique in Research,20,7,-13,0.0001,0.0,-0.01
T12463,Amoebic Infections and Treatments,15,12,-3,0.0001,0.0001,-0.0
T12489,Microbial Metabolites in Food Biotechnology,19,8,-11,0.0001,0.0001,-0.01
T12507,"Utopian, Dystopian, and Speculative Fiction",7,20,13,0.0,0.0001,0.01
T12554,Vitamin C and Antioxidants Research,18,9,-9,0.0001,0.0001,-0.01
T12795,Banana Cultivation and Research,25,2,-23,0.0002,0.0,-0.02
T12808,Ferroelectric and Negative Capacitance Devices,9,18,9,0.0001,0.0001,0.01
T12994,Infrared Thermography in Medicine,14,13,-1,0.0001,0.0001,-0.0
T12997,Outdoor and Experiential Education,9,18,9,0.0001,0.0001,0.01
T13025,American History and Culture,23,4,-19,0.0002,0.0,-0.01
T13174,American and British Literature Analysis,10,17,7,0.0001,0.0001,0.01
T13319,Film in Education and Therapy,9,18,9,0.0001,0.0001,0.01
T13737,Critical and Liberation Pedagogy,4,23,19,0.0,0.0002,0.01
T13772,Geomechanics and Mining Engineering,6,21,15,0.0,0.0001,0.01
T14123,Decolonial Thought and Epistemologies,2,25,23,0.0,0.0002,0.02
T14137,"Agriculture, Soil, Plant Science",25,2,-23,0.0002,0.0,-0.02
T14156,Engineering Applied Research,10,17,7,0.0001,0.0001,0.01
T10151,Hepatitis C virus research,12,14,2,0.0001,0.0001,0.0
T10201,Speech Recognition and Synthesis,9,17,8,0.0001,0.0001,0.01
T10566,Laser-Matter Interactions and Applications,15,11,-4,0.0001,0.0001,-0.0
T10667,Emotion and Mood Recognition,7,19,12,0.0,0.0001,0.01
T10695,Parasites and Host Interactions,13,13,0,0.0001,0.0001,0.0
T10827,Patient-Provider Communication in Healthcare,6,20,14,0.0,0.0001,0.01
T10832,Pituitary Gland Disorders and Treatments,13,13,0,0.0001,0.0001,0.0
T10855,Amyotrophic Lateral Sclerosis Research,13,13,0,0.0001,0.0001,0.0
T10903,Porphyrin and Phthalocyanine Chemistry,16,10,-6,0.0001,0.0001,-0.0
T10978,Prenatal Screening and Diagnostics,23,3,-20,0.0002,0.0,-0.01
T11055,Cardiac and Coronary Surgery Techniques,10,16,6,0.0001,0.0001,0.0
T11279,Lanthanide and Transition Metal Complexes,10,16,6,0.0001,0.0001,0.0
T11298,Synthesis and Properties of Aromatic Compounds,10,16,6,0.0001,0.0001,0.0
T11306,Nonmelanoma Skin Cancer Studies,11,15,4,0.0001,0.0001,0.0
T11359,Effects of Radiation Exposure,6,20,14,0.0,0.0001,0.01
T11569,Optical Coherence Tomography Applications,17,9,-8,0.0001,0.0001,-0.01
T11614,Cloud Data Security Solutions,13,13,0,0.0001,0.0001,0.0
T11635,Poisoning and overdose treatments,14,12,-2,0.0001,0.0001,-0.0
T11722,Patient Satisfaction in Healthcare,12,14,2,0.0001,0.0001,0.0
T11768,Music Therapy and Health,15,11,-4,0.0001,0.0001,-0.0
T12099,Advanced materials and composites,21,5,-16,0.0001,0.0,-0.01
T12283,Latin American history and culture,11,15,4,0.0001,0.0001,0.0
T12325,Urban Design and Spatial Analysis,14,12,-2,0.0001,0.0001,-0.0
T12437,"Balkans: History, Politics, Society",9,17,8,0.0001,0.0001,0.01
T12601,Web Applications and Data Management,6,20,14,0.0,0.0001,0.01
T12699,Electromagnetic Launch and Propulsion Technology,16,10,-6,0.0001,0.0001,-0.0
T12852,Chemical Thermodynamics and Molecular Structure,12,14,2,0.0001,0.0001,0.0
T12857,Medieval Philosophy and Theology,9,17,8,0.0001,0.0001,0.01
T13049,Surface Roughness and Optical Measurements,19,7,-12,0.0001,0.0,-0.01
T13357,Property Rights and Legal Doctrine,11,15,4,0.0001,0.0001,0.0
T13570,Historical Education Studies Worldwide,6,20,14,0.0,0.0001,0.01
T13596,"Grouting, Rheology, and Soil Mechanics",19,7,-12,0.0001,0.0,-0.01
T13628,Agricultural Productivity and Crop Improvement,3,23,20,0.0,0.0002,0.01
T13812,AI and HR Technologies,10,16,6,0.0001,0.0001,0.0
T14359,Wetland Management and Conservation,0,26,26,0.0,0.0002,0.02
T14496,Educational Technology and E-Learning,0,26,26,0.0,0.0002,0.02
T10117,Advanced Combustion Engine Technologies,13,12,-1,0.0001,0.0001,-0.0
T10253,Sarcoma Diagnosis and Treatment,11,14,3,0.0001,0.0001,0.0
T10401,Diabetes Treatment and Management,15,10,-5,0.0001,0.0001,-0.0
T10507,Biodiesel Production and Applications,14,11,-3,0.0001,0.0001,-0.0
T10816,Cerebrovascular and Carotid Artery Diseases,11,14,3,0.0001,0.0001,0.0
T10870,Interstitial Lung Diseases and Idiopathic Pulmonary Fibrosis,14,11,-3,0.0001,0.0001,-0.0
T10892,Drilling and Well Engineering,15,10,-5,0.0001,0.0001,-0.0
T11150,Endoplasmic Reticulum Stress and Disease,14,11,-3,0.0001,0.0001,-0.0
T11290,Preterm Birth and Chorioamnionitis,18,7,-11,0.0001,0.0,-0.01
T11321,Error Correcting Code Techniques,6,19,13,0.0,0.0001,0.01
T11414,Quantum optics and atomic interactions,13,12,-1,0.0001,0.0001,-0.0
T11431,Action Observation and Synchronization,14,11,-3,0.0001,0.0001,-0.0
T11575,Nonlinear Photonic Systems,23,2,-21,0.0002,0.0,-0.01
T11649,Pharmaceutical industry and healthcare,14,11,-3,0.0001,0.0001,-0.0
T11755,Transboundary Water Resource Management,17,8,-9,0.0001,0.0001,-0.01
T11767,Poxvirus research and outbreaks,13,12,-1,0.0001,0.0001,-0.0
T11854,Laser-induced spectroscopy and plasma,8,17,9,0.0001,0.0001,0.01
T11983,"Identity, Memory, and Therapy",15,10,-5,0.0001,0.0001,-0.0
T12027,Social Media in Health Education,15,10,-5,0.0001,0.0001,-0.0
T12051,Diversity and Impact of Dance,12,13,1,0.0001,0.0001,0.0
T12086,Structural Integrity and Reliability Analysis,13,12,-1,0.0001,0.0001,-0.0
T12229,Pharmacological Effects and Toxicity Studies,15,10,-5,0.0001,0.0001,-0.0
T12313,Emotions and Moral Behavior,9,16,7,0.0001,0.0001,0.01
T12339,Medical Malpractice and Liability Issues,14,11,-3,0.0001,0.0001,-0.0
T12409,Reformation and Early Modern Christianity,18,7,-11,0.0001,0.0,-0.01
T12441,Porphyrin Metabolism and Disorders,22,3,-19,0.0002,0.0,-0.01
T12616,Religious Education and Schools,15,10,-5,0.0001,0.0001,-0.0
T12659,Innovation Diffusion and Forecasting,15,10,-5,0.0001,0.0001,-0.0
T12666,Historical Psychiatry and Medical Practices,7,18,11,0.0,0.0001,0.01
T12851,Firm Innovation and Growth,13,12,-1,0.0001,0.0001,-0.0
T12908,"Media, Gender, and Advertising",12,13,1,0.0001,0.0001,0.0
T13214,Powdery Mildew Fungal Diseases,16,9,-7,0.0001,0.0001,-0.0
T13309,Reliability and Agreement in Measurement,13,12,-1,0.0001,0.0001,-0.0
T14079,Mathematics Education and Programs,15,10,-5,0.0001,0.0001,-0.0
T10137,Multiple Sclerosis Research Studies,11,13,2,0.0001,0.0001,0.0
T10358,Advanced Radiotherapy Techniques,13,11,-2,0.0001,0.0001,-0.0
T10498,Migraine and Headache Studies,14,10,-4,0.0001,0.0001,-0.0
T10684,Acute Kidney Injury Research,9,15,6,0.0001,0.0001,0.0
T10685,Viral-associated cancers and disorders,13,11,-2,0.0001,0.0001,-0.0
T10877,Allergic Rhinitis and Sensitization,20,4,-16,0.0001,0.0,-0.01
T10926,Peripheral Artery Disease Management,15,9,-6,0.0001,0.0001,-0.0
T10934,Heat shock proteins research,16,8,-8,0.0001,0.0001,-0.01
T11010,"Logic, Reasoning, and Knowledge",6,18,12,0.0,0.0001,0.01
T11257,Taxation and Compliance Studies,17,7,-10,0.0001,0.0,-0.01
T11314,Clinical Laboratory Practices and Quality Control,12,12,0,0.0001,0.0001,0.0
T11417,Advancements in PLL and VCO Technologies,8,16,8,0.0001,0.0001,0.01
T11456,Neuroscience of respiration and sleep,15,9,-6,0.0001,0.0001,-0.0
T11593,Carbon dioxide utilization in catalysis,20,4,-16,0.0001,0.0,-0.01
T11621,Fiscal Policies and Political Economy,8,16,8,0.0001,0.0001,0.01
T11759,Occupational Therapy Practice and Research,9,15,6,0.0001,0.0001,0.0
T11989,Oxidative Organic Chemistry Reactions,17,7,-10,0.0001,0.0,-0.01
T11999,Empathy and Medical Education,15,9,-6,0.0001,0.0001,-0.0
T12046,MXene and MAX Phase Materials,14,10,-4,0.0001,0.0001,-0.0
T12121,Cooperative Studies and Economics,15,9,-6,0.0001,0.0001,-0.0
T12195,Aerogels and thermal insulation,16,8,-8,0.0001,0.0001,-0.01
T12359,Fern and Epiphyte Biology,12,12,0,0.0001,0.0001,0.0
T12442,Thermal Radiation and Cooling Technologies,14,10,-4,0.0001,0.0001,-0.0
T12481,Digital Accessibility for Disabilities,7,17,10,0.0,0.0001,0.01
T12499,"Diphtheria, Corynebacterium, and Tetanus",13,11,-2,0.0001,0.0001,-0.0
T12516,Advanced Mathematical Theories and Applications,15,9,-6,0.0001,0.0001,-0.0
T12561,bioluminescence and chemiluminescence research,11,13,2,0.0001,0.0001,0.0
T12572,"Intelligence, Security, War Strategy",10,14,4,0.0001,0.0001,0.0
T12777,"Philosophy, History, and Historiography",4,20,16,0.0,0.0001,0.01
T12823,Adolescent and Pediatric Healthcare,17,7,-10,0.0001,0.0,-0.01
T13000,World Systems and Global Transformations,11,13,2,0.0001,0.0001,0.0
T13051,Qualitative Comparative Analysis Research,20,4,-16,0.0001,0.0,-0.01
T13063,Education and experiences of immigrants and refugees,6,18,12,0.0,0.0001,0.01
T13165,Agricultural safety and regulations,2,22,20,0.0,0.0002,0.01
T13183,Islanding Detection in Power Systems,16,8,-8,0.0001,0.0001,-0.01
T13552,Advanced Materials Characterization Techniques,18,6,-12,0.0001,0.0,-0.01
T13656,"Science, Research, and Medicine",23,1,-22,0.0002,0.0,-0.02
T13690,Quality and Safety in Healthcare,19,5,-14,0.0001,0.0,-0.01
T13905,Telecommunications and Broadcasting Technologies,11,13,2,0.0001,0.0001,0.0
T13972,Business Law and Ethics,19,5,-14,0.0001,0.0,-0.01
T14033,Education in Rural Contexts,1,23,22,0.0,0.0002,0.02
T14218,Engineering Education and Global Impact,0,24,24,0.0,0.0002,0.02
T14256,Agricultural and Food Sciences,3,21,18,0.0,0.0001,0.01
T14270,Simulation and Modeling Applications,3,21,18,0.0,0.0001,0.01
T14304,Transport Systems and Technology,10,14,4,0.0001,0.0001,0.0
T10057,Face and Expression Recognition,17,6,-11,0.0001,0.0,-0.01
T10087,Archaeology and ancient environmental studies,11,12,1,0.0001,0.0001,0.0
T10292,Acute Myocardial Infarction Research,9,14,5,0.0001,0.0001,0.0
T10504,Sensorless Control of Electric Motors,7,16,9,0.0,0.0001,0.01
T10758,Cinema and Media Studies,15,8,-7,0.0001,0.0001,-0.0
T10802,Judicial and Constitutional Studies,16,7,-9,0.0001,0.0,-0.01
T10949,Genetic Neurodegenerative Diseases,15,8,-7,0.0001,0.0001,-0.0
T10988,Advanced Fiber Laser Technologies,21,2,-19,0.0001,0.0,-0.01
T10997,Ocular Surface and Contact Lens,16,7,-9,0.0001,0.0,-0.01
T11080,Surgical site infection prevention,10,13,3,0.0001,0.0001,0.0
T11136,Enzyme-mediated dye degradation,20,3,-17,0.0001,0.0,-0.01
T11227,Diabetic Foot Ulcer Assessment and Management,15,8,-7,0.0001,0.0001,-0.0
T11369,Genetic factors in colorectal cancer,15,8,-7,0.0001,0.0001,-0.0
T11511,Dyeing and Modifying Textile Fibers,17,6,-11,0.0001,0.0,-0.01
T11651,Inhalation and Respiratory Drug Delivery,19,4,-15,0.0001,0.0,-0.01
T11749,Iterative Learning Control Systems,18,5,-13,0.0001,0.0,-0.01
T11797,graph theory and CDMA systems,23,0,-23,0.0002,0.0,-0.02
T11836,Bryophyte Studies and Records,16,7,-9,0.0001,0.0,-0.01
T11893,German Literature and Culture Studies,11,12,1,0.0001,0.0001,0.0
T11953,"Neuroethics, Human Enhancement, Biomedical Innovations",19,4,-15,0.0001,0.0,-0.01
T12089,Intestinal and Peritoneal Adhesions,14,9,-5,0.0001,0.0001,-0.0
T12126,Maritime Transport Emissions and Efficiency,19,4,-15,0.0001,0.0,-0.01
T12187,Glutathione Transferases and Polymorphisms,11,12,1,0.0001,0.0001,0.0
T12370,Advances in Cucurbitaceae Research,11,12,1,0.0001,0.0001,0.0
T12478,Wikis in Education and Collaboration,16,7,-9,0.0001,0.0,-0.01
T12566,Nitrogen and Sulfur Effects on Brassica,14,9,-5,0.0001,0.0001,-0.0
T12588,Electronic and Structural Properties of Oxides,20,3,-17,0.0001,0.0,-0.01
T12762,Crystallography and Radiation Phenomena,17,6,-11,0.0001,0.0,-0.01
T12776,Electrohydrodynamics and Fluid Dynamics,20,3,-17,0.0001,0.0,-0.01
T12825,"Defense, Military, and Policy Studies",15,8,-7,0.0001,0.0001,-0.0
T12867,Advanced Biosensing Techniques and Applications,13,10,-3,0.0001,0.0001,-0.0
T13083,Advanced Text Analysis Techniques,19,4,-15,0.0001,0.0,-0.01
T13138,Legal and Constitutional Studies,12,11,-1,0.0001,0.0001,-0.0
T13142,GABA and Rice Research,20,3,-17,0.0001,0.0,-0.01
T13150,Study and Philosophy of Religion,2,21,19,0.0,0.0001,0.01
T13274,Expert finding and Q&A systems,11,12,1,0.0001,0.0001,0.0
T13298,Solar Energy Systems and Technologies,11,12,1,0.0001,0.0001,0.0
T13315,Occupational Health and Safety in Workplaces,3,20,17,0.0,0.0001,0.01
T13332,"Historical Studies on Reproduction, Gender, Health, and Societal Changes",14,9,-5,0.0001,0.0001,-0.0
T13438,Environmental Conservation and Management,18,5,-13,0.0001,0.0,-0.01
T13791,Veterinary medicine and infectious diseases,16,7,-9,0.0001,0.0,-0.01
T14002,"Art, Technology, and Culture",6,17,11,0.0,0.0001,0.01
T14025,Educational Technology and Assessment,8,15,7,0.0001,0.0001,0.01
T14039,Ecology and biodiversity studies,12,11,-1,0.0001,0.0001,-0.0
T14051,Regional Economic and Spatial Analysis,8,15,7,0.0001,0.0001,0.01
T14138,Life Cycle Costing Analysis,6,17,11,0.0,0.0001,0.01
T14181,Academic Freedom and Politics,13,10,-3,0.0001,0.0001,-0.0
T14242,"Nutrition, Health, and Society Studies",7,16,9,0.0,0.0001,0.01
T14423,Military Technology and Strategies,20,3,-17,0.0001,0.0,-0.01
T10027,"Diabetes, Cardiovascular Risks, and Lipoproteins",10,12,2,0.0001,0.0001,0.0
T10183,Breast Cancer Treatment Studies,10,12,2,0.0001,0.0001,0.0
T10372,Cardiac Imaging and Diagnostics,10,12,2,0.0001,0.0001,0.0
T10383,"Language, Discourse, Communication Strategies",13,9,-4,0.0001,0.0001,-0.0
T10421,Pleistocene-Era Hominins and Archaeology,16,6,-10,0.0001,0.0,-0.01
T10554,Hemoglobinopathies and Related Disorders,14,8,-6,0.0001,0.0001,-0.0
T10854,Bipolar Disorder and Treatment,13,9,-4,0.0001,0.0001,-0.0
T10957,Photodynamic Therapy Research Studies,7,15,8,0.0,0.0001,0.01
T10962,Thermodynamic properties of mixtures,9,13,4,0.0001,0.0001,0.0
T10966,Liver physiology and pathology,15,7,-8,0.0001,0.0,-0.01
T10967,Carbon Dioxide Capture Technologies,11,11,0,0.0001,0.0001,0.0
T10985,Sleep and Wakefulness Research,13,9,-4,0.0001,0.0001,-0.0
T11410,Cultural Industries and Urban Development,18,4,-14,0.0001,0.0,-0.01
T11535,Chemotherapy-induced cardiotoxicity and mitigation,10,12,2,0.0001,0.0001,0.0
T11600,Brain Metastases and Treatment,15,7,-8,0.0001,0.0,-0.01
T11716,Random Matrices and Applications,15,7,-8,0.0001,0.0,-0.01
T11873,PAPR reduction in OFDM,9,13,4,0.0001,0.0001,0.0
T11922,Cardiovascular Effects of Exercise,15,7,-8,0.0001,0.0,-0.01
T12154,Pelvic and Acetabular Injuries,16,6,-10,0.0001,0.0,-0.01
T12269,Effects of Vibration on Health,18,4,-14,0.0001,0.0,-0.01
T12287,Fibroblast Growth Factor Research,9,13,4,0.0001,0.0001,0.0
T12317,Actinomycetales infections and treatment,13,9,-4,0.0001,0.0001,-0.0
T12427,Metal Alloys Wear and Properties,17,5,-12,0.0001,0.0,-0.01
T12451,Smart Grid and Power Systems,5,17,12,0.0,0.0001,0.01
T12522,Mathematics Education and Pedagogy,2,20,18,0.0,0.0001,0.01
T12546,Smart Parking Systems Research,15,7,-8,0.0001,0.0,-0.01
T12581,Engineering Structural Analysis Methods,12,10,-2,0.0001,0.0001,-0.0
T12643,Sustainability and Ecological Systems Analysis,17,5,-12,0.0001,0.0,-0.01
T12664,Clinical practice guidelines implementation,13,9,-4,0.0001,0.0001,-0.0
T12674,"Rabbits: Nutrition, Reproduction, Health",16,6,-10,0.0001,0.0,-0.01
T12696,Icing and De-icing Technologies,7,15,8,0.0,0.0001,0.01
T12704,Stress and Burnout Research,1,21,20,0.0,0.0001,0.01
T12715,Pregnancy-related medical research,18,4,-14,0.0001,0.0,-0.01
T12752,Global Peace and Security Dynamics,16,6,-10,0.0001,0.0,-0.01
T12815,Management and Organizational Practices,3,19,16,0.0,0.0001,0.01
T13149,Organizational Change and Leadership,2,20,18,0.0,0.0001,0.01
T13382,Robotics and Automated Systems,16,6,-10,0.0001,0.0,-0.01
T13481,Neurological diseases and metabolism,22,0,-22,0.0002,0.0,-0.02
T13785,Aquatic and Environmental Studies,14,8,-6,0.0001,0.0001,-0.0
T13851,"Law, AI, and Intellectual Property",20,2,-18,0.0001,0.0,-0.01
T13885,Geophysics and Sensor Technology,19,3,-16,0.0001,0.0,-0.01
T14454,Polymer Science and Applications,0,22,22,0.0,0.0002,0.02
T10279,Urinary Bladder and Prostate Research,11,10,-1,0.0001,0.0001,-0.0
T10560,Diabetes Management and Research,10,11,1,0.0001,0.0001,0.0
T10607,Magnetic and transport properties of perovskites and related materials,10,11,1,0.0001,0.0001,0.0
T10618,Aortic Disease and Treatment Approaches,9,12,3,0.0001,0.0001,0.0
T10624,Silicon and Solar Cell Technologies,13,8,-5,0.0001,0.0001,-0.0
T10681,Rare-earth and actinide compounds,10,11,1,0.0001,0.0001,0.0
T10881,Blood Coagulation and Thrombosis Mechanisms,10,11,1,0.0001,0.0001,0.0
T10937,"Telomeres, Telomerase, and Senescence",13,8,-5,0.0001,0.0001,-0.0
T11009,Catalysis for Biomass Conversion,4,17,13,0.0,0.0001,0.01
T11199,Pain Management and Opioid Use,10,11,1,0.0001,0.0001,0.0
T11207,Alcohol Consumption and Health Effects,13,8,-5,0.0001,0.0001,-0.0
T11460,Analytical Methods in Pharmaceuticals,3,18,15,0.0,0.0001,0.01
T11469,Lymphatic System and Diseases,9,12,3,0.0001,0.0001,0.0
T11554,Vascular Procedures and Complications,11,10,-1,0.0001,0.0001,-0.0
T11693,Cryptography and Residue Arithmetic,10,11,1,0.0001,0.0001,0.0
T11846,Cultural Heritage Management and Preservation,10,11,1,0.0001,0.0001,0.0
T11920,Pulsed Power Technology Applications,5,16,11,0.0,0.0001,0.01
T11962,Cardiac Fibrosis and Remodeling,10,11,1,0.0001,0.0001,0.0
T12074,Membrane-based Ion Separation Techniques,11,10,-1,0.0001,0.0001,-0.0
T12146,Power Line Communications and Noise,18,3,-15,0.0001,0.0,-0.01
T12219,Canadian Identity and History,19,2,-17,0.0001,0.0,-0.01
T12277,Frequency Control in Power Systems,12,9,-3,0.0001,0.0001,-0.0
T12320,Feminist Epistemology and Gender Studies,8,13,5,0.0001,0.0001,0.0
T12506,Nuclear materials and radiation effects,16,5,-11,0.0001,0.0,-0.01
T12574,Clinical Reasoning and Diagnostic Skills,13,8,-5,0.0001,0.0001,-0.0
T12608,Spatial Neglect and Hemispheric Dysfunction,19,2,-17,0.0001,0.0,-0.01
T12740,Gait Recognition and Analysis,13,8,-5,0.0001,0.0001,-0.0
T12745,Dietary Effects on Health,14,7,-7,0.0001,0.0,-0.0
T12778,History of Medicine and Tropical Health,2,19,17,0.0,0.0001,0.01
T12799,Mobile and Web Applications,6,15,9,0.0,0.0001,0.01
T12824,Infections and bacterial resistance,12,9,-3,0.0001,0.0001,-0.0
T12840,Renal function and acid-base balance,20,1,-19,0.0001,0.0,-0.01
T12892,Social Power and Status Dynamics,4,17,13,0.0,0.0001,0.01
T13059,"Religion, Ecology, and Ethics",17,4,-13,0.0001,0.0,-0.01
T13067,Geological Modeling and Analysis,13,8,-5,0.0001,0.0001,-0.0
T13308,Cybernetics and Technology in Society,8,13,5,0.0001,0.0001,0.0
T13385,Infectious Diseases and Mycology,13,8,-5,0.0001,0.0001,-0.0
T13405,Educational Assessment and Improvement,13,8,-5,0.0001,0.0001,-0.0
T13415,Calcium signaling and nucleotide metabolism,20,1,-19,0.0001,0.0,-0.01
T13416,Educational Theory and Curriculum Studies,10,11,1,0.0001,0.0001,0.0
T13540,Animal Diversity and Health Studies,17,4,-13,0.0001,0.0,-0.01
T13574,Family Support in Illness,20,1,-19,0.0001,0.0,-0.01
T13726,International Science and Diplomacy,17,4,-13,0.0001,0.0,-0.01
T14107,Appalachian Studies and Mathematics,1,20,19,0.0,0.0001,0.01
T14207,Higher Education Practises and Engagement,10,11,1,0.0001,0.0001,0.0
T14257,Advanced Measurement and Detection Methods,9,12,3,0.0001,0.0001,0.0
T14313,Health and Well-being Studies,20,1,-19,0.0001,0.0,-0.01
T14378,Entomological Studies and Ecology,13,8,-5,0.0001,0.0001,-0.0
T14393,"Health, Environment, Cognitive Aging",18,3,-15,0.0001,0.0,-0.01
T14428,Coal and Coke Industries Research,12,9,-3,0.0001,0.0001,-0.0
T10392,Cutaneous Melanoma Detection and Management,9,11,2,0.0001,0.0001,0.0
T10601,Handwritten Text Recognition Techniques,9,11,2,0.0001,0.0001,0.0
T10697,Vasculitis and related conditions,8,12,4,0.0001,0.0001,0.0
T11142,Advanced Glycation End Products research,12,8,-4,0.0001,0.0001,-0.0
T11171,Diabetes and associated disorders,12,8,-4,0.0001,0.0001,-0.0
T11240,Luminescence and Fluorescent Materials,13,7,-6,0.0001,0.0,-0.0
T11253,Nail Diseases and Treatments,11,9,-2,0.0001,0.0001,-0.0
T11531,Healthcare Systems and Reforms,14,6,-8,0.0001,0.0,-0.01
T11734,Decision Support System Applications,0,20,20,0.0,0.0001,0.01
T11774,Adsorption and Cooling Systems,9,11,2,0.0001,0.0001,0.0
T11816,Nursing Roles and Practices,12,8,-4,0.0001,0.0001,-0.0
T11831,Chemical Synthesis and Reactions,8,12,4,0.0001,0.0001,0.0
T11863,"Gender, Security, and Conflict",12,8,-4,0.0001,0.0001,-0.0
T11868,Cancer and Skin Lesions,11,9,-2,0.0001,0.0001,-0.0
T11887,Quasicrystal Structures and Properties,18,2,-16,0.0001,0.0,-0.01
T12020,Enhanced Recovery After Surgery,9,11,2,0.0001,0.0001,0.0
T12197,Brake Systems and Friction Analysis,12,8,-4,0.0001,0.0001,-0.0
T12291,Pericarditis and Cardiac Tamponade,10,10,0,0.0001,0.0001,0.0
T12314,Nuts composition and effects,13,7,-6,0.0001,0.0,-0.0
T12351,Geometry and complex manifolds,16,4,-12,0.0001,0.0,-0.01
T12494,Alcoholism and Thiamine Deficiency,12,8,-4,0.0001,0.0001,-0.0
T12540,Cyclone Separators and Fluid Dynamics,13,7,-6,0.0001,0.0,-0.0
T12553,Psychedelics and Drug Studies,11,9,-2,0.0001,0.0001,-0.0
T12586,"Folklore, Mythology, and Literature Studies",12,8,-4,0.0001,0.0001,-0.0
T12642,Polymer-Based Agricultural Enhancements,10,10,0,0.0001,0.0001,0.0
T12755,Legal Education and Practice Innovations,17,3,-14,0.0001,0.0,-0.01
T12875,Thermal Expansion and Ionic Conductivity,8,12,4,0.0001,0.0001,0.0
T12879,Distributed Sensor Networks and Detection Algorithms,16,4,-12,0.0001,0.0,-0.01
T13092,Environmental Chemistry and Analysis,14,6,-8,0.0001,0.0,-0.01
T13133,Architecture and Art History Studies,8,12,4,0.0001,0.0001,0.0
T13144,Theology and Philosophy of Evil,15,5,-10,0.0001,0.0,-0.01
T13199,Digestive system and related health,18,2,-16,0.0001,0.0,-0.01
T13234,advanced mathematical theories,20,0,-20,0.0001,0.0,-0.01
T13844,Higher Education Learning Practices,19,1,-18,0.0001,0.0,-0.01
T14005,Eastern European Communism and Reforms,11,9,-2,0.0001,0.0001,-0.0
T14040,Problem Solving Skills Development,12,8,-4,0.0001,0.0001,-0.0
T14136,Education and Military Integration,7,13,6,0.0,0.0001,0.0
T14147,Innovative Approaches in Technology and Social Development,19,1,-18,0.0001,0.0,-0.01
T14308,Psychological and Educational Research Studies,17,3,-14,0.0001,0.0,-0.01
T14335,Educational Robotics and Engineering,10,10,0,0.0001,0.0001,0.0
T14374,Statistical Methods in Epidemiology,1,19,18,0.0,0.0001,0.01
T10104,Nanofluid Flow and Heat Transfer,16,3,-13,0.0001,0.0,-0.01
T10381,Ophthalmology and Visual Impairment Studies,7,12,5,0.0,0.0001,0.0
T10469,Psoriasis: Treatment and Pathogenesis,10,9,-1,0.0001,0.0001,-0.0
T10556,Global Cancer Incidence and Screening,12,7,-5,0.0001,0.0,-0.0
T10611,Organic Light-Emitting Diodes Research,7,12,5,0.0,0.0001,0.0
T10642,Plasma Applications and Diagnostics,11,8,-3,0.0001,0.0001,-0.0
T10650,Food Drying and Modeling,9,10,1,0.0001,0.0001,0.0
T10834,Welding Techniques and Residual Stresses,11,8,-3,0.0001,0.0001,-0.0
T10946,Radioactivity and Radon Measurements,13,6,-7,0.0001,0.0,-0.0
T11176,Radiation Therapy and Dosimetry,10,9,-1,0.0001,0.0001,-0.0
T11286,Polyoxometalates: Synthesis and Applications,13,6,-7,0.0001,0.0,-0.0
T11352,Masonry and Concrete Structural Analysis,11,8,-3,0.0001,0.0001,-0.0
T11622,Maritime Navigation and Safety,9,10,1,0.0001,0.0001,0.0
T11678,Healthcare Decision-Making and Restraints,9,10,1,0.0001,0.0001,0.0
T11679,Craniofacial Disorders and Treatments,11,8,-3,0.0001,0.0001,-0.0
T11723,Optical Coatings and Gratings,9,10,1,0.0001,0.0001,0.0
T11736,Histone Deacetylase Inhibitors Research,15,4,-11,0.0001,0.0,-0.01
T11788,Nonlinear Optical Materials Studies,10,9,-1,0.0001,0.0001,-0.0
T11803,Superconducting and THz Device Technology,16,3,-13,0.0001,0.0,-0.01
T11840,Pain Management and Treatment,10,9,-1,0.0001,0.0001,-0.0
T11883,Embodied and Extended Cognition,10,9,-1,0.0001,0.0001,-0.0
T12062,Approximation Theory and Sequence Spaces,10,9,-1,0.0001,0.0001,-0.0
T12087,Natural Compound Pharmacology Studies,10,9,-1,0.0001,0.0001,-0.0
T12241,Children's Physical and Motor Development,11,8,-3,0.0001,0.0001,-0.0
T12268,Deception detection and forensic psychology,7,12,5,0.0,0.0001,0.0
T12360,Plant-derived Lignans Synthesis and Bioactivity,10,9,-1,0.0001,0.0001,-0.0
T12383,Aeolian processes and effects,13,6,-7,0.0001,0.0,-0.0
T12600,Eosinophilic Disorders and Syndromes,13,6,-7,0.0001,0.0,-0.0
T12603,NMR spectroscopy and applications,14,5,-9,0.0001,0.0,-0.01
T12678,Themes in Literature Analysis,10,9,-1,0.0001,0.0001,-0.0
T12813,Plant and Biological Electrophysiology Studies,16,3,-13,0.0001,0.0,-0.01
T12917,Astronomy and Astrophysical Research,17,2,-15,0.0001,0.0,-0.01
T12970,"Names, Identity, and Discrimination Research",12,7,-5,0.0001,0.0,-0.0
T13071,Digital Storytelling and Education,15,4,-11,0.0001,0.0,-0.01
T13137,Strategic Planning and Analysis,3,16,13,0.0,0.0001,0.01
T13188,Synthesis and bioactivity of alkaloids,8,11,3,0.0001,0.0001,0.0
T13240,Bioeconomy and Sustainability Development,10,9,-1,0.0001,0.0001,-0.0
T13246,"Agriculture, Plant Science, Crop Management",19,0,-19,0.0001,0.0,-0.01
T13247,Local Governance and Planning,0,19,19,0.0,0.0001,0.01
T13269,Orthoptera Research and Taxonomy,9,10,1,0.0001,0.0001,0.0
T13393,Child Nutrition and Feeding Issues,16,3,-13,0.0001,0.0,-0.01
T13597,Medicine and Dermatology Studies History,8,11,3,0.0001,0.0001,0.0
T13803,Organizational Strategy and Culture,7,12,5,0.0,0.0001,0.0
T13847,Literature Analysis and Criticism,19,0,-19,0.0001,0.0,-0.01
T13944,Psychiatric care and mental health services,7,12,5,0.0,0.0001,0.0
T14010,Food Industry and Aquatic Biology,12,7,-5,0.0001,0.0,-0.0
T14150,Biochemical and biochemical processes,17,2,-15,0.0001,0.0,-0.01
T14184,Metallurgy and Material Science,7,12,5,0.0,0.0001,0.0
T10034,"Syntax, Semantics, Linguistic Variation",9,9,0,0.0001,0.0001,0.0
T10665,Cystic Fibrosis Research Advances,9,9,0,0.0001,0.0001,0.0
T10696,Gastric Cancer Management and Outcomes,9,9,0,0.0001,0.0001,0.0
T10754,Neuroendocrine Tumor Research Advances,11,7,-4,0.0001,0.0,-0.0
T11028,Social Work Education and Practice,10,8,-2,0.0001,0.0001,-0.0
T11141,Childhood Cancer Survivors' Quality of Life,16,2,-14,0.0001,0.0,-0.01
T11169,Silicon Nanostructures and Photoluminescence,14,4,-10,0.0001,0.0,-0.01
T11262,Quantum Mechanics and Non-Hermitian Physics,13,5,-8,0.0001,0.0,-0.01
T11285,Hearing Impairment and Communication,15,3,-12,0.0001,0.0,-0.01
T11296,COVID-19 and healthcare impacts,13,5,-8,0.0001,0.0,-0.01
T11356,Pleural and Pulmonary Diseases,10,8,-2,0.0001,0.0001,-0.0
T11374,Cleft Lip and Palate Research,9,9,0,0.0001,0.0001,0.0
T11445,Origins and Evolution of Life,7,11,4,0.0,0.0001,0.0
T11574,Artificial Intelligence in Games,11,7,-4,0.0001,0.0,-0.0
T11724,Inflammatory Myopathies and Dermatomyositis,11,7,-4,0.0001,0.0,-0.0
T11795,Humor Studies and Applications,10,8,-2,0.0001,0.0001,-0.0
T11847,Recycled Aggregate Concrete Performance,9,9,0,0.0001,0.0001,0.0
T11866,Reconstructive Facial Surgery Techniques,11,7,-4,0.0001,0.0,-0.0
T11938,ERP Systems Implementation and Impact,7,11,4,0.0,0.0001,0.0
T11969,Fluoride Effects and Removal,9,9,0,0.0001,0.0001,0.0
T12001,Fossil Insects in Amber,14,4,-10,0.0001,0.0,-0.01
T12048,Microencapsulation and Drying Processes,9,9,0,0.0001,0.0001,0.0
T12071,Marine Biology and Environmental Chemistry,13,5,-8,0.0001,0.0,-0.01
T12129,Global Energy Security and Policy,8,10,2,0.0001,0.0001,0.0
T12156,World Trade Organization Law,6,12,6,0.0,0.0001,0.0
T12159,T-cell and Retrovirus Studies,12,6,-6,0.0001,0.0,-0.0
T12174,Hospital Admissions and Outcomes,9,9,0,0.0001,0.0001,0.0
T12194,Cultural Competency in Health Care,7,11,4,0.0,0.0001,0.0
T12372,Art Therapy and Mental Health,10,8,-2,0.0001,0.0001,-0.0
T12384,Customer churn and segmentation,10,8,-2,0.0001,0.0001,-0.0
T12393,Workplace Spirituality and Leadership,10,8,-2,0.0001,0.0001,-0.0
T12448,Paranormal Experiences and Beliefs,8,10,2,0.0001,0.0001,0.0
T12459,Nerve Injury and Rehabilitation,10,8,-2,0.0001,0.0001,-0.0
T12649,Alkaloids: synthesis and pharmacology,9,9,0,0.0001,0.0001,0.0
T12654,Xenotransplantation and immune response,12,6,-6,0.0001,0.0,-0.0
T12683,Studies on Chitinases and Chitosanases,11,7,-4,0.0001,0.0,-0.0
T12725,transportation and logistics systems,0,18,18,0.0,0.0001,0.01
T12763,ATP Synthase and ATPases Research,12,6,-6,0.0001,0.0,-0.0
T12811,"Aging, Health, and Disability",2,16,14,0.0,0.0001,0.01
T12945,Quality Function Deployment in Product Design,9,9,0,0.0001,0.0001,0.0
T12947,"Health, psychology, and well-being",15,3,-12,0.0001,0.0,-0.01
T13151,Business Strategies and Innovation,4,14,10,0.0,0.0001,0.01
T13176,Winter Sports Injuries and Performance,17,1,-16,0.0001,0.0,-0.01
T13218,Sesame and Sesamin Research,12,6,-6,0.0001,0.0,-0.0
T13414,Radioactive Decay and Measurement Techniques,8,10,2,0.0001,0.0001,0.0
T13427,Latin American Literature Analysis,0,18,18,0.0,0.0001,0.01
T13667,French Literature and Criticism,7,11,4,0.0,0.0001,0.0
T13780,Diverse Education Studies and Reforms,18,0,-18,0.0001,0.0,-0.01
T13793,Environmental and Analytical Chemistry Studies,3,15,12,0.0,0.0001,0.01
T13806,Mathematical and Computational Methods,0,18,18,0.0,0.0001,0.01
T13861,Health and Lifestyle Studies,13,5,-8,0.0001,0.0,-0.01
T13970,Pharmacy and Medical Practices,5,13,8,0.0,0.0001,0.01
T14238,Historical Gender and Feminism Studies,9,9,0,0.0001,0.0001,0.0
T10431,Ethnobotanical and Medicinal Plants Studies,5,12,7,0.0,0.0001,0.01
T10633,Metallic Glasses and Amorphous Alloys,10,7,-3,0.0001,0.0,-0.0
T10945,Lysosomal Storage Disorders Research,7,10,3,0.0,0.0001,0.0
T10983,Aortic aneurysm repair treatments,10,7,-3,0.0001,0.0,-0.0
T11015,Down syndrome and intellectual disability research,6,11,5,0.0,0.0001,0.0
T11021,ECG Monitoring and Analysis,10,7,-3,0.0001,0.0,-0.0
T11139,"Gout, Hyperuricemia, Uric Acid",6,11,5,0.0,0.0001,0.0
T11148,"Language, Metaphor, and Cognition",16,1,-15,0.0001,0.0,-0.01
T11173,Neurofibromatosis and Schwannoma Cases,9,8,-1,0.0001,0.0001,-0.0
T11201,Metallurgy and Material Forming,10,7,-3,0.0001,0.0,-0.0
T11280,Hemophilia Treatment and Research,8,9,1,0.0001,0.0001,0.0
T11329,Limits and Structures in Graph Theory,10,7,-3,0.0001,0.0,-0.0
T11381,Infectious Diseases and Tuberculosis,11,6,-5,0.0001,0.0,-0.0
T11442,Titanium Alloys Microstructure and Properties,8,9,1,0.0001,0.0001,0.0
T11484,Adaptive optics and wavefront sensing,5,12,7,0.0,0.0001,0.01
T11586,Congenital Diaphragmatic Hernia Studies,15,2,-13,0.0001,0.0,-0.01
T11592,Phenomenology and Existential Philosophy,4,13,9,0.0,0.0001,0.01
T11661,Copper Interconnects and Reliability,9,8,-1,0.0001,0.0001,-0.0
T11672,Recycling and utilization of industrial and municipal waste in materials production,13,4,-9,0.0001,0.0,-0.01
T11730,Autoimmune Bullous Skin Diseases,12,5,-7,0.0001,0.0,-0.0
T11739,Microwave Imaging and Scattering Analysis,11,6,-5,0.0001,0.0,-0.0
T11826,Ocular Infections and Treatments,7,10,3,0.0,0.0001,0.0
T11848,Heme Oxygenase-1 and Carbon Monoxide,10,7,-3,0.0001,0.0,-0.0
T11860,"HIV, Drug Use, Sexual Risk",10,7,-3,0.0001,0.0,-0.0
T11910,Foreign Body Medical Cases,5,12,7,0.0,0.0001,0.01
T11933,Mining and Resource Management,11,6,-5,0.0001,0.0,-0.0
T11985,Marine Toxins and Detection Methods,14,3,-11,0.0001,0.0,-0.01
T12038,Covalent Organic Framework Applications,12,5,-7,0.0001,0.0,-0.0
T12070,Writing and Handwriting Education,10,7,-3,0.0001,0.0,-0.0
T12090,Language and cultural evolution,9,8,-1,0.0001,0.0001,-0.0
T12142,Marine Invertebrate Physiology and Ecology,8,9,1,0.0001,0.0001,0.0
T12151,Interpreting and Communication in Healthcare,14,3,-11,0.0001,0.0,-0.01
T12152,Concrete Properties and Behavior,10,7,-3,0.0001,0.0,-0.0
T12163,Aerosol Filtration and Electrostatic Precipitation,11,6,-5,0.0001,0.0,-0.0
T12179,Art Education and Development,10,7,-3,0.0001,0.0,-0.0
T12193,Trigeminal Neuralgia and Treatments,10,7,-3,0.0001,0.0,-0.0
T12240,Nanomaterials for catalytic reactions,10,7,-3,0.0001,0.0,-0.0
T12316,Oil Spill Detection and Mitigation,9,8,-1,0.0001,0.0001,-0.0
T12341,Spanish Linguistics and Language Studies,3,14,11,0.0,0.0001,0.01
T12452,Electrowetting and Microfluidic Technologies,14,3,-11,0.0001,0.0,-0.01
T12479,Web Application Security Vulnerabilities,8,9,1,0.0001,0.0001,0.0
T12483,Global Urban Networks and Dynamics,9,8,-1,0.0001,0.0001,-0.0
T12495,Electrostatic Discharge in Electronics,16,1,-15,0.0001,0.0,-0.01
T12517,Seventeenth-Century Political and Philosophical Thought,4,13,9,0.0,0.0001,0.01
T12528,"IL-33, ST2, and ILC Pathways",12,5,-7,0.0001,0.0,-0.0
T12543,Groundwater and Watershed Analysis,6,11,5,0.0,0.0001,0.0
T12557,Inorganic Chemistry and Materials,8,9,1,0.0001,0.0001,0.0
T12619,Political Systems and Governance,9,8,-1,0.0001,0.0001,-0.0
T12677,Sports Dynamics and Biomechanics,12,5,-7,0.0001,0.0,-0.0
T12791,Full-Duplex Wireless Communications,12,5,-7,0.0001,0.0,-0.0
T12804,Thermal Analysis in Power Transmission,15,2,-13,0.0001,0.0,-0.01
T12833,Bartonella species infections research,10,7,-3,0.0001,0.0,-0.0
T12906,Surgical Sutures and Adhesives,11,6,-5,0.0001,0.0,-0.0
T12932,Powder Metallurgy Techniques and Materials,4,13,9,0.0,0.0001,0.01
T12963,Anesthesia and Neurotoxicity Research,12,5,-7,0.0001,0.0,-0.0
T13093,Electric Power Systems and Control,5,12,7,0.0,0.0001,0.01
T13147,Ethics and bioethics in healthcare,1,16,15,0.0,0.0001,0.01
T13216,Artistic and Creative Research,7,10,3,0.0,0.0001,0.0
T13248,Healthcare Technology and Patient Monitoring,15,2,-13,0.0001,0.0,-0.01
T13439,Transport and Economic Policies,13,4,-9,0.0001,0.0,-0.01
T13506,Botanical Research and Chemistry,17,0,-17,0.0001,0.0,-0.01
T13542,"Grit, Self-Efficacy, and Motivation",12,5,-7,0.0001,0.0,-0.0
T13603,Corporate Social Responsibility and Sustainability,0,17,17,0.0,0.0001,0.01
T13642,Organizational Downsizing and Restructuring,6,11,5,0.0,0.0001,0.0
T13683,"Architecture, Art, Education",5,12,7,0.0,0.0001,0.01
T13736,Steroid Chemistry and Biochemistry,5,12,7,0.0,0.0001,0.01
T13852,Seismic and Structural Analysis of Tall Buildings,1,16,15,0.0,0.0001,0.01
T13927,Cyberloafing and Workplace Behavior,8,9,1,0.0001,0.0001,0.0
T14125,"Education, Sociology, Communication Studies",12,5,-7,0.0001,0.0,-0.0
T14212,Health Promotion and Cardiovascular Prevention,5,12,7,0.0,0.0001,0.01
T14464,Community Development and Social Impact,14,3,-11,0.0001,0.0,-0.01
T14479,Freezing and Crystallization Processes,15,2,-13,0.0001,0.0,-0.01
T14487,Science and Science Education,1,16,15,0.0,0.0001,0.01
T14494,American Literature and Culture,3,14,11,0.0,0.0001,0.01
T10124,Prostate Cancer Diagnosis and Treatment,8,8,0,0.0001,0.0001,0.0
T10143,Chronic Obstructive Pulmonary Disease (COPD) Research,5,11,6,0.0,0.0001,0.0
T10186,Nursing education and management,6,10,4,0.0,0.0001,0.0
T10200,Rheumatoid Arthritis Research and Therapies,7,9,2,0.0,0.0001,0.0
T10291,Dialysis and Renal Disease Management,8,8,0,0.0001,0.0001,0.0
T10459,Sexual function and dysfunction studies,10,6,-4,0.0001,0.0,-0.0
T10649,Multiple Myeloma Research and Treatments,9,7,-2,0.0001,0.0,-0.0
T10671,Gastroesophageal reflux and treatments,11,5,-6,0.0001,0.0,-0.0
T10759,Translation Studies and Practices,5,11,6,0.0,0.0001,0.0
T10830,Airway Management and Intubation Techniques,10,6,-4,0.0001,0.0,-0.0
T10935,Endometriosis Research and Treatment,10,6,-4,0.0001,0.0,-0.0
T10989,Uterine Myomas and Treatments,8,8,0,0.0001,0.0001,0.0
T11117,Drug-Induced Adverse Reactions,8,8,0,0.0001,0.0001,0.0
T11184,Neonatal and fetal brain pathology,12,4,-8,0.0001,0.0,-0.01
T11198,Japanese History and Culture,13,3,-10,0.0001,0.0,-0.01
T11200,Electrodeposition and Electroless Coatings,9,7,-2,0.0001,0.0,-0.0
T11264,Coffee research and impacts,9,7,-2,0.0001,0.0,-0.0
T11310,Connective tissue disorders research,11,5,-6,0.0001,0.0,-0.0
T11473,Appendicitis Diagnosis and Management,10,6,-4,0.0001,0.0,-0.0
T11553,Acne and Rosacea Treatments and Effects,10,6,-4,0.0001,0.0,-0.0
T11625,Abdominal vascular conditions and treatments,6,10,4,0.0,0.0001,0.0
T11643,Building materials and conservation,13,3,-10,0.0001,0.0,-0.01
T11666,Color Science and Applications,15,1,-14,0.0001,0.0,-0.01
T11783,Turkey's Politics and Society,10,6,-4,0.0001,0.0,-0.0
T11822,Analytic and geometric function theory,7,9,2,0.0,0.0001,0.0
T11934,Syphilis Diagnosis and Treatment,8,8,0,0.0001,0.0001,0.0
T12018,Coronary Artery Anomalies,9,7,-2,0.0001,0.0,-0.0
T12210,Policy Transfer and Learning,11,5,-6,0.0001,0.0,-0.0
T12246,Chronic Disease Management Strategies,8,8,0,0.0001,0.0001,0.0
T12271,Renewable energy and sustainable power systems,2,14,12,0.0,0.0001,0.01
T12404,Mathematical Approximation and Integration,10,6,-4,0.0001,0.0,-0.0
T12424,Earthquake Detection and Analysis,16,0,-16,0.0001,0.0,-0.01
T12445,Twentieth Century Scientific Developments,7,9,2,0.0,0.0001,0.0
T12477,Toxin Mechanisms and Immunotoxins,15,1,-14,0.0001,0.0,-0.01
T12509,Corporate Insolvency and Governance,4,12,8,0.0,0.0001,0.01
T12521,Death Anxiety and Social Exclusion,12,4,-8,0.0001,0.0,-0.01
T12533,Aldose Reductase and Taurine,10,6,-4,0.0001,0.0,-0.0
T12544,Working Capital and Financial Performance,8,8,0,0.0001,0.0001,0.0
T12626,"Cancer, Stress, Anesthesia, and Immune Response",11,5,-6,0.0001,0.0,-0.0
T12673,Microbial Metabolism and Applications,14,2,-12,0.0001,0.0,-0.01
T12679,Focus Groups and Qualitative Methods,6,10,4,0.0,0.0001,0.0
T12719,Aerospace Engineering and Energy Systems,13,3,-10,0.0001,0.0,-0.01
T12736,Criminal Justice and Penology,0,16,16,0.0,0.0001,0.01
T12756,Plant Toxicity and Pharmacological Properties,9,7,-2,0.0001,0.0,-0.0
T12961,Regional Development and Policy,13,3,-10,0.0001,0.0,-0.01
T12974,Modernist Literature and Criticism,4,12,8,0.0,0.0001,0.01
T13035,Human Rights and Development,13,3,-10,0.0001,0.0,-0.01
T13069,Cocoa and Sweet Potato Agronomy,10,6,-4,0.0001,0.0,-0.0
T13075,Legal Systems and Judicial Processes,16,0,-16,0.0001,0.0,-0.01
T13252,Sex and Gender in Healthcare,13,3,-10,0.0001,0.0,-0.01
T13272,Psychological Treatments and Assessments,8,8,0,0.0001,0.0001,0.0
T13371,Military Defense Systems Analysis,5,11,6,0.0,0.0001,0.0
T13494,Military History and Strategy,12,4,-8,0.0001,0.0,-0.01
T13508,Agricultural Economics and Practices,5,11,6,0.0,0.0001,0.0
T13523,"Mathematics, Computing, and Information Processing",14,2,-12,0.0001,0.0,-0.01
T13625,Journalism and Media Studies,0,16,16,0.0,0.0001,0.01
T13718,Media Influence and Politics,10,6,-4,0.0001,0.0,-0.0
T13734,Advanced Computational Techniques and Applications,8,8,0,0.0001,0.0001,0.0
T14055,Consumer Packaging Perceptions and Trends,3,13,10,0.0,0.0001,0.01
T14117,Integrated Circuits and Semiconductor Failure Analysis,16,0,-16,0.0001,0.0,-0.01
T14128,Metallurgical and Alloy Processes,5,11,6,0.0,0.0001,0.0
T14190,Military history and social perspectives,2,14,12,0.0,0.0001,0.01
T14206,Animal Law and Welfare,0,16,16,0.0,0.0001,0.01
T14289,"Anthropology: Ethics, History, Culture",12,4,-8,0.0001,0.0,-0.01
T14303,Polymer Synthesis and Characterization,2,14,12,0.0,0.0001,0.01
T14432,Freedom of Expression and Defamation,6,10,4,0.0,0.0001,0.0
T14498,Educational Technology in Learning,0,16,16,0.0,0.0001,0.01
T14510,Medical Imaging and Analysis,11,5,-6,0.0001,0.0,-0.0
T10394,Lipoproteins and Cardiovascular Health,5,10,5,0.0,0.0001,0.0
T10568,Thermodynamic and Exergetic Analyses of Power and Cooling Systems,2,13,11,0.0,0.0001,0.01
T10752,Terahertz technology and applications,11,4,-7,0.0001,0.0,-0.0
T10777,Politics and Society in Latin America,7,8,1,0.0,0.0001,0.0
T10902,Complementary and Alternative Medicine Studies,8,7,-1,0.0001,0.0,-0.0
T11019,Image Enhancement Techniques,6,9,3,0.0,0.0001,0.0
T11029,Renal Diseases and Glomerulopathies,4,11,7,0.0,0.0001,0.01
T11105,Advanced Image Processing Techniques,9,6,-3,0.0001,0.0,-0.0
T11134,Breast Lesions and Carcinomas,5,10,5,0.0,0.0001,0.0
T11204,Ion Channels and Receptors,10,5,-5,0.0001,0.0,-0.0
T11272,Nanowire Synthesis and Applications,10,5,-5,0.0001,0.0,-0.0
T11292,Pediatric Pain Management Techniques,9,6,-3,0.0001,0.0,-0.0
T11301,Advanced Surface Polishing Techniques,9,6,-3,0.0001,0.0,-0.0
T11348,Celiac Disease Research and Management,9,6,-3,0.0001,0.0,-0.0
T11358,Dysphagia Assessment and Management,6,9,3,0.0,0.0001,0.0
T11398,Hand Gesture Recognition Systems,12,3,-9,0.0001,0.0,-0.01
T11402,Vascular Malformations Diagnosis and Treatment,7,8,1,0.0,0.0001,0.0
T11439,Video Analysis and Summarization,14,1,-13,0.0001,0.0,-0.01
T11579,Cardiovascular and Diving-Related Complications,10,5,-5,0.0001,0.0,-0.0
T11615,Control and Dynamics of Mobile Robots,6,9,3,0.0,0.0001,0.0
T11616,Autoimmune and Inflammatory Disorders Research,9,6,-3,0.0001,0.0,-0.0
T11620,Medication Adherence and Compliance,5,10,5,0.0,0.0001,0.0
T11627,Autoimmune Neurological Disorders and Treatments,8,7,-1,0.0001,0.0,-0.0
T11669,Head and Neck Surgical Oncology,12,3,-9,0.0001,0.0,-0.01
T11671,Fuzzy and Soft Set Theory,13,2,-11,0.0001,0.0,-0.01
T11720,Probability and Risk Models,12,3,-9,0.0001,0.0,-0.01
T11909,Histiocytic Disorders and Treatments,7,8,1,0.0,0.0001,0.0
T11967,Electrolyte and hormonal disorders,7,8,1,0.0,0.0001,0.0
T12065,Hippo pathway signaling and YAP/TAZ,14,1,-13,0.0001,0.0,-0.01
T12160,African cultural and philosophical studies,5,10,5,0.0,0.0001,0.0
T12247,Microbial Applications in Construction Materials,10,5,-5,0.0001,0.0,-0.0
T12297,Otolaryngology and Infectious Diseases,13,2,-11,0.0001,0.0,-0.01
T12309,solar cell performance optimization,10,5,-5,0.0001,0.0,-0.0
T12366,"Philosophy, Ethics, and Existentialism",12,3,-9,0.0001,0.0,-0.01
T12403,Seed and Plant Biochemistry,13,2,-11,0.0001,0.0,-0.01
T12501,Digital Economy and Work Transformation,10,5,-5,0.0001,0.0,-0.0
T12527,Chemistry and Stereochemistry Studies,7,8,1,0.0,0.0001,0.0
T12542,Second Language Learning and Teaching,7,8,1,0.0,0.0001,0.0
T12594,Collaboration in agile enterprises,14,1,-13,0.0001,0.0,-0.01
T12672,Phagocytosis and Immune Regulation,8,7,-1,0.0001,0.0,-0.0
T12681,Global Healthcare and Medical Tourism,10,5,-5,0.0001,0.0,-0.0
T12789,Planarian Biology and Electrostimulation,12,3,-9,0.0001,0.0,-0.01
T12838,Photovoltaic Systems and Sustainability,6,9,3,0.0,0.0001,0.0
T12896,Sustainable Agricultural Systems Analysis,4,11,7,0.0,0.0001,0.01
T12916,COVID-19 impact on air quality,9,6,-3,0.0001,0.0,-0.0
T12951,Burkholderia infections and melioidosis,8,7,-1,0.0001,0.0,-0.0
T12983,Satellite Image Processing and Photogrammetry,2,13,11,0.0,0.0001,0.01
T12986,Administrative Law and Governance,1,14,13,0.0,0.0001,0.01
T13007,Economic Sanctions and International Relations,7,8,1,0.0,0.0001,0.0
T13058,Soil and Land Suitability Analysis,8,7,-1,0.0001,0.0,-0.0
T13111,Nursing care and research,0,15,15,0.0,0.0001,0.01
T13114,Image Processing Techniques and Applications,12,3,-9,0.0001,0.0,-0.01
T13140,Materials Engineering and Processing,11,4,-7,0.0001,0.0,-0.0
T13173,Gender Studies in Language,9,6,-3,0.0001,0.0,-0.0
T13238,Botanical Studies and Applications,14,1,-13,0.0001,0.0,-0.01
T13312,Mechanical and Thermal Properties Analysis,7,8,1,0.0,0.0001,0.0
T13369,European and Russian Geopolitical Military Strategies,6,9,3,0.0,0.0001,0.0
T13417,Biomedical Ethics and Regulation,11,4,-7,0.0001,0.0,-0.0
T13563,Chemical Analysis and Environmental Impact,9,6,-3,0.0001,0.0,-0.0
T13588,Regional resilience and development,10,5,-5,0.0001,0.0,-0.0
T13728,"Crime, Deviance, and Social Control",5,10,5,0.0,0.0001,0.0
T13811,Earth Systems and Cosmic Evolution,10,5,-5,0.0001,0.0,-0.0
T13821,Coaching Methods and Impact,13,2,-11,0.0001,0.0,-0.01
T13840,Chemical Safety and Risk Management,11,4,-7,0.0001,0.0,-0.0
T13897,Historical Economic and Legal Thought,4,11,7,0.0,0.0001,0.01
T13929,Educational Outcomes and Influences,0,15,15,0.0,0.0001,0.01
T13979,Communication and COVID-19 Impact,1,14,13,0.0,0.0001,0.01
T14018,Agriculture and Biological Studies,12,3,-9,0.0001,0.0,-0.01
T14124,"Food, Nutrition, and Cultural Practices",2,13,11,0.0,0.0001,0.01
T14230,Occupational and Professional Licensing Regulation,9,6,-3,0.0001,0.0,-0.0
T14276,Power Systems and Technologies,12,3,-9,0.0001,0.0,-0.01
T14285,Biopolymer Synthesis and Applications,15,0,-15,0.0001,0.0,-0.01
T14293,Biotechnology and Related Fields,13,2,-11,0.0001,0.0,-0.01
T14316,"Nursing Education, Practice, and Leadership",10,5,-5,0.0001,0.0,-0.0
T14386,"Libraries, Manuscripts, and Books",3,12,9,0.0,0.0001,0.01
T14472,Environmental and Cultural Studies in Latin America and Beyond,9,6,-3,0.0001,0.0,-0.0
T14513,"Leadership, Courage, and Heroism Studies",10,5,-5,0.0001,0.0,-0.0
T10229,Geometric Analysis and Curvature Flows,7,7,0,0.0,0.0,0.0
T10438,"Energy, Environment, Economic Growth",10,4,-6,0.0001,0.0,-0.0
T10453,Maternal and Perinatal Health Interventions,7,7,0,0.0,0.0,0.0
T10598,Cardiac pacing and defibrillation studies,8,6,-2,0.0001,0.0,-0.0
T10619,Esophageal Cancer Research and Treatment,8,6,-2,0.0001,0.0,-0.0
T10694,Menopause: Health Impacts and Treatments,6,8,2,0.0,0.0001,0.0
T10724,Ion Transport and Channel Regulation,2,12,10,0.0,0.0001,0.01
T10732,Laser Material Processing Techniques,3,11,8,0.0,0.0001,0.01
T10742,Peer-to-Peer Network Technologies,11,3,-8,0.0001,0.0,-0.01
T10820,Fuzzy Logic and Control Systems,8,6,-2,0.0001,0.0,-0.0
T10863,Voice and Speech Disorders,9,5,-4,0.0001,0.0,-0.0
T10975,Bone Tumor Diagnosis and Treatments,9,5,-4,0.0001,0.0,-0.0
T10981,Cytomegalovirus and herpesvirus research,9,5,-4,0.0001,0.0,-0.0
T10993,Complement system in diseases,6,8,2,0.0,0.0001,0.0
T11001,Renin-Angiotensin System Studies,4,10,6,0.0,0.0001,0.0
T11011,Frailty in Older Adults,8,6,-2,0.0001,0.0,-0.0
T11013,Skin Protection and Aging,8,6,-2,0.0001,0.0,-0.0
T11125,Petri Nets in System Modeling,8,6,-2,0.0001,0.0,-0.0
T11128,Transition Metal Oxide Nanomaterials,9,5,-4,0.0001,0.0,-0.0
T11174,Pediatric Urology and Nephrology Studies,11,3,-8,0.0001,0.0,-0.01
T11212,Cultural Heritage Materials Analysis,10,4,-6,0.0001,0.0,-0.0
T11258,Breast Implant and Reconstruction,6,8,2,0.0,0.0001,0.0
T11271,Myasthenia Gravis and Thymoma,8,6,-2,0.0001,0.0,-0.0
T11350,Sex work and related issues,9,5,-4,0.0001,0.0,-0.0
T11390,Seaweed-derived Bioactive Compounds,9,5,-4,0.0001,0.0,-0.0
T11428,Advanced Mathematical Identities,9,5,-4,0.0001,0.0,-0.0
T11438,Retinal Imaging and Analysis,8,6,-2,0.0001,0.0,-0.0
T11713,Genital Health and Disease,8,6,-2,0.0001,0.0,-0.0
T11732,Assisted Reproductive Technology and Twin Pregnancy,11,3,-8,0.0001,0.0,-0.01
T11811,Cutaneous lymphoproliferative disorders research,8,6,-2,0.0001,0.0,-0.0
T11838,"Crime, Illicit Activities, and Governance",9,5,-4,0.0001,0.0,-0.0
T11907,Copper-based nanomaterials and applications,11,3,-8,0.0001,0.0,-0.01
T11940,Layered Double Hydroxides Synthesis and Applications,7,7,0,0.0,0.0,0.0
T11979,Garlic and Onion Studies,11,3,-8,0.0001,0.0,-0.01
T12082,Takotsubo Cardiomyopathy and Associated Phenomena,7,7,0,0.0,0.0,0.0
T12139,Advanced Thermodynamic Systems and Engines,7,7,0,0.0,0.0,0.0
T12220,Quantum Electrodynamics and Casimir Effect,10,4,-6,0.0001,0.0,-0.0
T12258,"Perfectionism, Procrastination, Anxiety Studies",8,6,-2,0.0001,0.0,-0.0
T12308,Mental Health and Psychiatry,8,6,-2,0.0001,0.0,-0.0
T12328,Autoimmune and Inflammatory Disorders,8,6,-2,0.0001,0.0,-0.0
T12428,Global Trade and Competitiveness,12,2,-10,0.0001,0.0,-0.01
T12431,Sugarcane Cultivation and Processing,12,2,-10,0.0001,0.0,-0.01
T12466,Near-Field Optical Microscopy,9,5,-4,0.0001,0.0,-0.0
T12468,Radiation Effects and Dosimetry,8,6,-2,0.0001,0.0,-0.0
T12482,Tunneling and Rock Mechanics,9,5,-4,0.0001,0.0,-0.0
T12510,Magneto-Optical Properties and Applications,14,0,-14,0.0001,0.0,-0.01
T12550,"Politics and Conflicts in Afghanistan, Pakistan, and Middle East",9,5,-4,0.0001,0.0,-0.0
T12565,Physics and Engineering Research Articles,14,0,-14,0.0001,0.0,-0.01
T12598,Cardiac Structural Anomalies and Repair,9,5,-4,0.0001,0.0,-0.0
T12622,Neurosurgical Procedures and Complications,8,6,-2,0.0001,0.0,-0.0
T12698,3D Modeling in Geospatial Applications,10,4,-6,0.0001,0.0,-0.0
T12741,Maternal and Neonatal Healthcare,0,14,14,0.0,0.0001,0.01
T12779,Public Procurement and Policy,9,5,-4,0.0001,0.0,-0.0
T12898,Induction Heating and Inverter Technology,9,5,-4,0.0001,0.0,-0.0
T12905,Management Systems and Quality Improvement,0,14,14,0.0,0.0001,0.01
T12937,Chemotherapy-related skin toxicity,10,4,-6,0.0001,0.0,-0.0
T12944,Animal Nutrition and Health,5,9,4,0.0,0.0001,0.0
T12953,Critical Realism in Sociology,8,6,-2,0.0001,0.0,-0.0
T13057,Asian Industrial and Economic Development,9,5,-4,0.0001,0.0,-0.0
T13107,Congenital limb and hand anomalies,6,8,2,0.0,0.0001,0.0
T13157,Cancer-related gene regulation,9,5,-4,0.0001,0.0,-0.0
T13251,Electrical and Thermal Properties of Materials,10,4,-6,0.0001,0.0,-0.0
T13303,Asian Culture and Media Studies,12,2,-10,0.0001,0.0,-0.01
T13339,Landscape and Cultural Studies,4,10,6,0.0,0.0001,0.0
T13364,"Digitalization, Law, and Regulation",0,14,14,0.0,0.0001,0.01
T13368,University Challenges and Reforms,3,11,8,0.0,0.0001,0.01
T13387,"Politics, Economics, and Education Policy",0,14,14,0.0,0.0001,0.01
T13400,Mathematical and Theoretical Analysis,12,2,-10,0.0001,0.0,-0.01
T13536,Psychological and Temporal Perspectives Research,14,0,-14,0.0001,0.0,-0.01
T13585,Technostress in Professional Settings,5,9,4,0.0,0.0001,0.0
T13600,Science Education and Perceptions,9,5,-4,0.0001,0.0,-0.0
T13777,Cognitive and psychological constructs research,12,2,-10,0.0001,0.0,-0.01
T13790,Waste Management and Environmental Impact,2,12,10,0.0,0.0001,0.01
T13825,Economic Policies and Impacts,6,8,2,0.0,0.0001,0.0
T14029,Thoreau and American Literature,4,10,6,0.0,0.0001,0.0
T14076,Material Properties and Failure Mechanisms,14,0,-14,0.0001,0.0,-0.01
T14104,Developmental and Educational Neuropsychology,0,14,14,0.0,0.0001,0.01
T14109,Scottish History and National Identity,13,1,-12,0.0001,0.0,-0.01
T14244,Consumer Behavior and Marketing Influence,0,14,14,0.0,0.0001,0.01
T14246,E-Learning and Knowledge Management,5,9,4,0.0,0.0001,0.0
T14354,Emergency Medicine Education and Research,1,13,12,0.0,0.0001,0.01
T14421,Educational Philosophies and Pedagogies,6,8,2,0.0,0.0001,0.0
T14468,Plant Ecology and Soil Science,8,6,-2,0.0001,0.0,-0.0
T14470,Advanced Data Processing Techniques,14,0,-14,0.0001,0.0,-0.01
T10368,Dental Health and Care Utilization,6,7,1,0.0,0.0,0.0
T10828,Biometric Identification and Security,6,7,1,0.0,0.0,0.0
T10999,Organ Transplantation Techniques and Outcomes,6,7,1,0.0,0.0,0.0
T11146,Hormonal and reproductive studies,10,3,-7,0.0001,0.0,-0.0
T11217,Cardiac Arrhythmias and Treatments,5,8,3,0.0,0.0001,0.0
T11224,Electromagnetic wave absorption materials,4,9,5,0.0,0.0001,0.0
T11282,Fibromyalgia and Chronic Fatigue Syndrome Research,10,3,-7,0.0001,0.0,-0.0
T11297,Ferroptosis and cancer prognosis,6,7,1,0.0,0.0,0.0
T11305,"Amyloidosis: Diagnosis, Treatment, Outcomes",7,6,-1,0.0,0.0,-0.0
T11309,Music and Audio Processing,7,6,-1,0.0,0.0,-0.0
T11338,Advancements in Photolithography Techniques,7,6,-1,0.0,0.0,-0.0
T11448,Face recognition and analysis,7,6,-1,0.0,0.0,-0.0
T11623,Hyperglycemia and glycemic control in critically ill and hospitalized patients,10,3,-7,0.0001,0.0,-0.0
T11682,Advanced Condensed Matter Physics,5,8,3,0.0,0.0001,0.0
T11717,Postcolonial and Cultural Literary Studies,5,8,3,0.0,0.0001,0.0
T11731,Global Health and Surgery,11,2,-9,0.0001,0.0,-0.01
T11748,Organophosphorus compounds synthesis,5,8,3,0.0,0.0001,0.0
T11818,Nicotinic Acetylcholine Receptors Study,11,2,-9,0.0001,0.0,-0.01
T11861,Thermal Regulation in Medicine,10,3,-7,0.0001,0.0,-0.0
T11919,dental development and anomalies,12,1,-11,0.0001,0.0,-0.01
T11973,Plant chemical constituents analysis,6,7,1,0.0,0.0,0.0
T11992,CCD and CMOS Imaging Sensors,11,2,-9,0.0001,0.0,-0.01
T12077,Vacuum and Plasma Arcs,3,10,7,0.0,0.0001,0.01
T12103,Cancer Risks and Factors,8,5,-3,0.0001,0.0,-0.0
T12105,Hygrothermal properties of building materials,9,4,-5,0.0001,0.0,-0.0
T12155,Microwave Dielectric Ceramics Synthesis,11,2,-9,0.0001,0.0,-0.01
T12216,Network Time Synchronization Technologies,6,7,1,0.0,0.0,0.0
T12286,Erythrocyte Function and Pathophysiology,11,2,-9,0.0001,0.0,-0.01
T12318,Quinazolinone synthesis and applications,8,5,-3,0.0001,0.0,-0.0
T12331,Hereditary Neurological Disorders,6,7,1,0.0,0.0,0.0
T12433,Skin Diseases and Diabetes,6,7,1,0.0,0.0,0.0
T12434,Phosphodiesterase function and regulation,5,8,3,0.0,0.0001,0.0
T12485,"Optimism, Hope, and Well-being",10,3,-7,0.0001,0.0,-0.0
T12490,Software Engineering and Design Patterns,6,7,1,0.0,0.0,0.0
T12604,Glycogen Storage Diseases and Myoclonus,7,6,-1,0.0,0.0,-0.0
T12612,Strong Light-Matter Interactions,6,7,1,0.0,0.0,0.0
T12615,Climate Change and Geoengineering,11,2,-9,0.0001,0.0,-0.01
T12630,African Botany and Ecology Studies,6,7,1,0.0,0.0,0.0
T12632,Visual Culture and Art Theory,7,6,-1,0.0,0.0,-0.0
T12650,Aesthetic Perception and Analysis,7,6,-1,0.0,0.0,-0.0
T12781,Global Health Care Issues,10,3,-7,0.0001,0.0,-0.0
T12787,Human Behavior and Motivation,11,2,-9,0.0001,0.0,-0.01
T12860,Family and Patient Care in Intensive Care Units,11,2,-9,0.0001,0.0,-0.01
T12887,Educational Strategies and Epistemologies,10,3,-7,0.0001,0.0,-0.0
T12903,Globalization and Cultural Identity,12,1,-11,0.0001,0.0,-0.01
T12982,Legal principles and applications,11,2,-9,0.0001,0.0,-0.01
T13039,Magnesium Oxide Properties and Applications,11,2,-9,0.0001,0.0,-0.01
T13052,Molecular Communication and Nanonetworks,11,2,-9,0.0001,0.0,-0.01
T13112,Nutrition and Health Studies,6,7,1,0.0,0.0,0.0
T13155,Digital Communication and Language,10,3,-7,0.0001,0.0,-0.0
T13201,Infectious Encephalopathies and Encephalitis,8,5,-3,0.0001,0.0,-0.0
T13232,Laser-Ablation Synthesis of Nanoparticles,10,3,-7,0.0001,0.0,-0.0
T13277,"Media, Religion, Digital Communication",9,4,-5,0.0001,0.0,-0.0
T13404,Geological and Tectonic Studies in Latin America,2,11,9,0.0,0.0001,0.01
T13490,Aquatic Ecosystems and Biodiversity,11,2,-9,0.0001,0.0,-0.01
T13533,Medical Case Reports and Studies,0,13,13,0.0,0.0001,0.01
T13565,Education and Learning Interventions,13,0,-13,0.0001,0.0,-0.01
T13584,Coal Combustion and Slurry Processing,9,4,-5,0.0001,0.0,-0.0
T13590,"Oral History, Memory, Narrative Analysis",9,4,-5,0.0001,0.0,-0.0
T13716,Communication Studies and Media,0,13,13,0.0,0.0001,0.01
T13745,Media and Digital Communication,0,13,13,0.0,0.0001,0.01
T13917,Engineering and Material Science Research,12,1,-11,0.0001,0.0,-0.01
T13920,Urban Planning and Valuation,8,5,-3,0.0001,0.0,-0.0
T14009,Ecology and Conservation Studies,12,1,-11,0.0001,0.0,-0.01
T14098,Energy Efficiency in Computing,0,13,13,0.0,0.0001,0.01
T14280,Big Data Technologies and Applications,7,6,-1,0.0,0.0,-0.0
T14411,Undergraduate Neuroscience Education and Research,2,11,9,0.0,0.0001,0.01
T14517,Diverse Historical and Scientific Studies,10,3,-7,0.0001,0.0,-0.0
T10543,Prostate Cancer Treatment and Research,4,8,4,0.0,0.0001,0.0
T10929,Wnt/β-catenin signaling in development and cancer,8,4,-4,0.0001,0.0,-0.0
T11089,Radioactive contamination and transfer,10,2,-8,0.0001,0.0,-0.01
T11300,Global Educational Policies and Reforms,9,3,-6,0.0001,0.0,-0.0
T11346,Mast cells and histamine,7,5,-2,0.0,0.0,-0.0
T11527,3D IC and TSV technologies,5,7,2,0.0,0.0,0.0
T11566,Laser Applications in Dentistry and Medicine,6,6,0,0.0,0.0,0.0
T11570,Periodontal Regeneration and Treatments,6,6,0,0.0,0.0,0.0
T11605,Visual Attention and Saliency Detection,9,3,-6,0.0001,0.0,-0.0
T11639,Mental Health and Patient Involvement,8,4,-4,0.0001,0.0,-0.0
T11670,Pressure Ulcer Prevention and Management,8,4,-4,0.0001,0.0,-0.0
T11705,Gambling Behavior and Treatments,9,3,-6,0.0001,0.0,-0.0
T11785,Nausea and vomiting management,7,5,-2,0.0,0.0,-0.0
T11787,Oral and Maxillofacial Pathology,9,3,-6,0.0001,0.0,-0.0
T11827,Polyomavirus and related diseases,7,5,-2,0.0,0.0,-0.0
T11833,Spinal Dysraphism and Malformations,4,8,4,0.0,0.0001,0.0
T11997,Free Will and Agency,5,7,2,0.0,0.0,0.0
T12011,"Insurance, Mortality, Demography, Risk Management",9,3,-6,0.0001,0.0,-0.0
T12075,Sodium Intake and Health,6,6,0,0.0,0.0,0.0
T12150,Intestinal Malrotation and Obstruction Disorders,5,7,2,0.0,0.0,0.0
T12213,Marine Ecology and Invasive Species,6,6,0,0.0,0.0,0.0
T12235,Child Abuse and Related Trauma,7,5,-2,0.0,0.0,-0.0
T12311,Political Theology and Sovereignty,3,9,6,0.0,0.0001,0.0
T12323,Asian American and Pacific Histories,10,2,-8,0.0001,0.0,-0.01
T12385,Food Quality and Safety Studies,12,0,-12,0.0001,0.0,-0.01
T12391,Artificial Immune Systems Applications,5,7,2,0.0,0.0,0.0
T12425,Industrial Gas Emission Control,5,7,2,0.0,0.0,0.0
T12465,"Cancer, Lipids, and Metabolism",9,3,-6,0.0001,0.0,-0.0
T12567,Heat transfer and supercritical fluids,6,6,0,0.0,0.0,0.0
T12596,Cephalopods and Marine Biology,12,0,-12,0.0001,0.0,-0.01
T12645,European history and politics,10,2,-8,0.0001,0.0,-0.01
T12663,Body Image and Dysmorphia Studies,9,3,-6,0.0001,0.0,-0.0
T12714,Youth Education and Societal Dynamics,8,4,-4,0.0001,0.0,-0.0
T12716,Congenital Anomalies and Fetal Surgery,9,3,-6,0.0001,0.0,-0.0
T12760,Laser Design and Applications,11,1,-10,0.0001,0.0,-0.01
T12801,Bluetooth and Wireless Communication Technologies,9,3,-6,0.0001,0.0,-0.0
T12802,Competency Development and Evaluation,5,7,2,0.0,0.0,0.0
T12835,FOXO transcription factor regulation,7,5,-2,0.0,0.0,-0.0
T12854,Neurology and Historical Studies,6,6,0,0.0,0.0,0.0
T12865,Tailings Management and Properties,4,8,4,0.0,0.0001,0.0
T12868,Photography and Visual Culture,8,4,-4,0.0001,0.0,-0.0
T12977,Spanish Literature and Culture Studies,5,7,2,0.0,0.0,0.0
T12992,Metastasis and carcinoma case studies,5,7,2,0.0,0.0,0.0
T13066,Information Society and Technology Trends,1,11,10,0.0,0.0001,0.01
T13080,Advanced Differential Geometry Research,10,2,-8,0.0001,0.0,-0.01
T13105,Synthesis and pharmacology of benzodiazepine derivatives,5,7,2,0.0,0.0,0.0
T13185,Phytochemistry and Bioactive Compounds,2,10,8,0.0,0.0001,0.01
T13196,Political Theory and Influence,8,4,-4,0.0001,0.0,-0.0
T13204,Competitive and Knowledge Intelligence,4,8,4,0.0,0.0001,0.0
T13219,Mind wandering and attention,10,2,-8,0.0001,0.0,-0.01
T13263,Building energy efficiency and sustainability,0,12,12,0.0,0.0001,0.01
T13293,Engineering and Test Systems,10,2,-8,0.0001,0.0,-0.01
T13295,Safety Systems Engineering in Autonomy,3,9,6,0.0,0.0001,0.0
T13296,Physical Education and Sports Studies,0,12,12,0.0,0.0001,0.01
T13316,"Crafts, Textile, and Design",9,3,-6,0.0001,0.0,-0.0
T13460,Historical Studies in Latin America,5,7,2,0.0,0.0,0.0
T13521,Psychosocial Factors Impacting Youth,10,2,-8,0.0001,0.0,-0.01
T13689,Underground infrastructure and sustainability,12,0,-12,0.0001,0.0,-0.01
T13691,"Energy, Environment, Agriculture Analysis",4,8,4,0.0,0.0001,0.0
T13765,Social Science and Policy Research,6,6,0,0.0,0.0,0.0
T13853,Teacher Education and Assessments,3,9,6,0.0,0.0001,0.0
T13899,Agricultural Systems and Practices,11,1,-10,0.0001,0.0,-0.01
T13941,Geotechnical and Mining Engineering,2,10,8,0.0,0.0001,0.01
T14030,Taxation and Legal Issues,5,7,2,0.0,0.0,0.0
T14082,"Modeling, Simulation, and Optimization",12,0,-12,0.0001,0.0,-0.01
T14090,Health and Conflict Studies,9,3,-6,0.0001,0.0,-0.0
T14164,Marine and Offshore Engineering Studies,11,1,-10,0.0001,0.0,-0.01
T14278,Marxism and Critical Theory,1,11,10,0.0,0.0001,0.01
T14299,Complex Systems and Dynamics,1,11,10,0.0,0.0001,0.01
T14302,European Politics and Security,1,11,10,0.0,0.0001,0.01
T14307,Bioethics and Human Rights Issues,2,10,8,0.0,0.0001,0.01
T14339,Image Processing and 3D Reconstruction,12,0,-12,0.0001,0.0,-0.01
T14380,Libraries and Information Services,6,6,0,0.0,0.0,0.0
T14400,Medical Coding and Health Information,4,8,4,0.0,0.0001,0.0
T14502,High-Voltage Power Transmission Systems,3,9,6,0.0,0.0001,0.0
T10073,Hepatocellular Carcinoma Treatment and Prognosis,10,1,-9,0.0001,0.0,-0.01
T10335,Colorectal Cancer Surgical Treatments,7,4,-3,0.0,0.0,-0.0
T10390,Ovarian function and disorders,8,3,-5,0.0001,0.0,-0.0
T10408,Chronic Kidney Disease and Diabetes,5,6,1,0.0,0.0,0.0
T10465,Neurobiology of Language and Bilingualism,4,7,3,0.0,0.0,0.0
T10526,HIV/AIDS drug development and treatment,5,6,1,0.0,0.0,0.0
T10654,Pneumonia and Respiratory Infections,7,4,-3,0.0,0.0,-0.0
T10751,Forensic and Genetic Research,5,6,1,0.0,0.0,0.0
T10980,Vascular Malformations and Hemangiomas,8,3,-5,0.0001,0.0,-0.0
T11054,Adrenal and Paraganglionic Tumors,7,4,-3,0.0,0.0,-0.0
T11063,Rough Sets and Fuzzy Logic,9,2,-7,0.0001,0.0,-0.0
T11219,Bone Metabolism and Diseases,5,6,1,0.0,0.0,0.0
T11251,Meningioma and schwannoma management,4,7,3,0.0,0.0,0.0
T11341,Boron and Carbon Nanomaterials Research,6,5,-1,0.0,0.0,-0.0
T11355,Inflammatory Biomarkers in Disease Prognosis,7,4,-3,0.0,0.0,-0.0
T11509,Hip and Femur Fractures,7,4,-3,0.0,0.0,-0.0
T11529,Refrigeration and Air Conditioning Technologies,6,5,-1,0.0,0.0,-0.0
T11559,Retinoids in leukemia and cellular processes,11,0,-11,0.0001,0.0,-0.01
T11564,Mathematical Inequalities and Applications,7,4,-3,0.0,0.0,-0.0
T11587,Second Language Acquisition and Learning,4,7,3,0.0,0.0,0.0
T11917,"Coagulation, Bradykinin, Polyphosphates, and Angioedema",6,5,-1,0.0,0.0,-0.0
T11929,Cerebral Venous Sinus Thrombosis,7,4,-3,0.0,0.0,-0.0
T12004,Advanced Frequency and Time Standards,10,1,-9,0.0001,0.0,-0.01
T12053,Minimally Invasive Surgical Techniques,6,5,-1,0.0,0.0,-0.0
T12054,Menstrual Health and Disorders,7,4,-3,0.0,0.0,-0.0
T12149,Nanocluster Synthesis and Applications,9,2,-7,0.0001,0.0,-0.0
T12183,Teratomas and Epidermoid Cysts,5,6,1,0.0,0.0,0.0
T12203,Mobile Agent-Based Network Management,11,0,-11,0.0001,0.0,-0.01
T12237,Congenital gastrointestinal and neural anomalies,9,2,-7,0.0001,0.0,-0.0
T12278,Vascular Tumors and Angiosarcomas,6,5,-1,0.0,0.0,-0.0
T12344,Silicon Effects in Agriculture,7,4,-3,0.0,0.0,-0.0
T12375,Cuban History and Society,9,2,-7,0.0001,0.0,-0.0
T12389,Infrared Target Detection Methodologies,11,0,-11,0.0001,0.0,-0.01
T12406,IoT and GPS-based Vehicle Safety Systems,6,5,-1,0.0,0.0,-0.0
T12419,Phonocardiography and Auscultation Techniques,8,3,-5,0.0001,0.0,-0.0
T12469,"Chaos, Complexity, and Education",9,2,-7,0.0001,0.0,-0.0
T12538,Eosinophilic Esophagitis,6,5,-1,0.0,0.0,-0.0
T12638,Pomegranate: compositions and health benefits,7,4,-3,0.0,0.0,-0.0
T12694,"Categorization, perception, and language",6,5,-1,0.0,0.0,-0.0
T12749,"Race, Genetics, and Society",8,3,-5,0.0001,0.0,-0.0
T12829,Advanced Breast Cancer Therapies,7,4,-3,0.0,0.0,-0.0
T12872,Philippine History and Culture,10,1,-9,0.0001,0.0,-0.01
T12885,Digital Innovation in Industries,6,5,-1,0.0,0.0,-0.0
T12889,"Psychoanalysis, Philosophy, and Politics",5,6,1,0.0,0.0,0.0
T12895,Environmental law and policy,5,6,1,0.0,0.0,0.0
T12911,Water Resources and Sustainability,5,6,1,0.0,0.0,0.0
T12926,Business Strategies and Management Research,0,11,11,0.0,0.0001,0.01
T12943,COVID-19 Digital Contact Tracing,5,6,1,0.0,0.0,0.0
T12981,Conservation Techniques and Studies,9,2,-7,0.0001,0.0,-0.0
T12990,Medical History and Innovations,11,0,-11,0.0001,0.0,-0.01
T13005,Religious Studies and Spiritual Practices,11,0,-11,0.0001,0.0,-0.01
T13014,Peace and Human Rights Education,8,3,-5,0.0001,0.0,-0.0
T13104,Chemical and Physical Properties of Materials,6,5,-1,0.0,0.0,-0.0
T13123,Advances in Oncology and Radiotherapy,10,1,-9,0.0001,0.0,-0.01
T13187,Diffusion and Search Dynamics,8,3,-5,0.0001,0.0,-0.0
T13215,Global Maritime and Colonial Histories,10,1,-9,0.0001,0.0,-0.01
T13254,Macrophage Migration Inhibitory Factor,6,5,-1,0.0,0.0,-0.0
T13276,University-Industry-Government Innovation Models,7,4,-3,0.0,0.0,-0.0
T13358,Livestock Management and Performance Improvement,11,0,-11,0.0001,0.0,-0.01
T13397,Hallucinations in medical conditions,6,5,-1,0.0,0.0,-0.0
T13419,Ego Development and Educational Practices,7,4,-3,0.0,0.0,-0.0
T13556,Historical Influence and Diplomacy,10,1,-9,0.0001,0.0,-0.01
T13560,Socioeconomic Development in MENA,9,2,-7,0.0001,0.0,-0.0
T13562,Cruise Tourism Development and Management,9,2,-7,0.0001,0.0,-0.0
T13564,Education and Public Policy,3,8,5,0.0,0.0001,0.0
T13733,Moravian Church and William Blake,7,4,-3,0.0,0.0,-0.0
T13735,History of Medical Practice,11,0,-11,0.0001,0.0,-0.01
T13752,Mechanics and Biomechanics Studies,8,3,-5,0.0001,0.0,-0.0
T13784,Jewish Identity and Society,10,1,-9,0.0001,0.0,-0.01
T13794,Financial Reporting and XBRL,5,6,1,0.0,0.0,0.0
T13854,Historical Geography and Cartography,3,8,5,0.0,0.0001,0.0
T13856,Advanced Power Generation Technologies,6,5,-1,0.0,0.0,-0.0
T13872,Vocational and Entrepreneurial Education,1,10,9,0.0,0.0001,0.01
T13877,Law in Society and Culture,11,0,-11,0.0001,0.0,-0.01
T13886,Operations Management Techniques,11,0,-11,0.0001,0.0,-0.01
T13974,"Health, Education, and Aging",0,11,11,0.0,0.0001,0.01
T13986,Medical Practices and Rehabilitation,1,10,9,0.0,0.0001,0.01
T13993,Historical Geopolitical and Social Dynamics,5,6,1,0.0,0.0,0.0
T13995,Globalization and political ideologies,2,9,7,0.0,0.0001,0.01
T14011,Elevator Systems and Control,7,4,-3,0.0,0.0,-0.0
T14014,Transportation Systems and Infrastructure,5,6,1,0.0,0.0,0.0
T14141,Colonial History and Postcolonial Studies,2,9,7,0.0,0.0001,0.01
T14163,Astronomical Observations and Instrumentation,11,0,-11,0.0001,0.0,-0.01
T14167,Consumer behavior in food and health,0,11,11,0.0,0.0001,0.01
T14176,Interdisciplinary Cultural and Social Studies,11,0,-11,0.0001,0.0,-0.01
T14198,Philosophical Thought and Analysis,1,10,9,0.0,0.0001,0.01
T14201,Data Analysis and Archiving,7,4,-3,0.0,0.0,-0.0
T14269,Food Security and Socioeconomic Dynamics,0,11,11,0.0,0.0001,0.01
T14347,Big Data and Digital Economy,11,0,-11,0.0001,0.0,-0.01
T14438,Advanced Scientific Research Methods,5,6,1,0.0,0.0,0.0
T14520,Sustainable Urban and Rural Development,5,6,1,0.0,0.0,0.0
T10373,Renal Transplantation Outcomes and Treatments,7,3,-4,0.0,0.0,-0.0
T10530,Magnesium Alloys: Properties and Applications,6,4,-2,0.0,0.0,-0.0
T10623,Thin-Film Transistor Technologies,7,3,-4,0.0,0.0,-0.0
T10741,Video Coding and Compression Technologies,3,7,4,0.0,0.0,0.0
T10755,HER2/EGFR in Cancer Research,7,3,-4,0.0,0.0,-0.0
T10767,Advanced Photonic Communication Systems,5,5,0,0.0,0.0,0.0
T11361,Digital Radiography and Breast Imaging,3,7,4,0.0,0.0,0.0
T11386,Bee Products Chemical Analysis,7,3,-4,0.0,0.0,-0.0
T11389,Maternal and fetal healthcare,4,6,2,0.0,0.0,0.0
T11453,Diagnosis and Treatment of Venous Diseases,7,3,-4,0.0,0.0,-0.0
T11476,Graph theory and applications,6,4,-2,0.0,0.0,-0.0
T11485,Gastrointestinal Tumor Research and Treatment,8,2,-6,0.0001,0.0,-0.0
T11543,Employee Performance and Motivation,0,10,10,0.0,0.0001,0.01
T11648,"Diaspora, migration, transnational identity",3,7,4,0.0,0.0,0.0
T11650,Skin and Cellular Biology Research,4,6,2,0.0,0.0,0.0
T11660,Blood groups and transfusion,6,4,-2,0.0,0.0,-0.0
T12034,Digital and Cyber Forensics,6,4,-2,0.0,0.0,-0.0
T12067,Renal and Vascular Pathologies,7,3,-4,0.0,0.0,-0.0
T12076,Renaissance and Early Modern Studies,4,6,2,0.0,0.0,0.0
T12117,Muscle and Compartmental Disorders,7,3,-4,0.0,0.0,-0.0
T12222,IoT-based Smart Home Systems,3,7,4,0.0,0.0,0.0
T12290,Human Motion and Animation,3,7,4,0.0,0.0,0.0
T12338,Digital literacy in education,3,7,4,0.0,0.0,0.0
T12369,Pneumocystis jirovecii pneumonia detection and treatment,7,3,-4,0.0,0.0,-0.0
T12408,Educational Innovations and Challenges,3,7,4,0.0,0.0,0.0
T12411,Shoulder and Clavicle Injuries,6,4,-2,0.0,0.0,-0.0
T12480,Health and Wellbeing Research,9,1,-8,0.0001,0.0,-0.01
T12531,Values and Moral Education,4,6,2,0.0,0.0,0.0
T12551,Forgiveness and Related Behaviors,4,6,2,0.0,0.0,0.0
T12569,Restless Legs Syndrome Research,5,5,0,0.0,0.0,0.0
T12624,Maritime and Coastal Archaeology,8,2,-6,0.0001,0.0,-0.0
T12676,Machine Learning and ELM,8,2,-6,0.0001,0.0,-0.0
T12722,Innovation Policy and R&D,8,2,-6,0.0001,0.0,-0.0
T12730,"Weber, Simmel, Sociological Theory",6,4,-2,0.0,0.0,-0.0
T12743,Spanish Culture and Identity,7,3,-4,0.0,0.0,-0.0
T12793,Caveolin-1 and cellular processes,8,2,-6,0.0001,0.0,-0.0
T12920,Healthcare and Environmental Waste Management,8,2,-6,0.0001,0.0,-0.0
T12949,South Asian Studies and Diaspora,4,6,2,0.0,0.0,0.0
T13060,Adventure Sports and Sensation Seeking,9,1,-8,0.0001,0.0,-0.01
T13062,Cognitive Computing and Networks,4,6,2,0.0,0.0,0.0
T13135,"Communism, Protests, Social Movements",8,2,-6,0.0001,0.0,-0.0
T13175,Historical Astronomy and Related Studies,8,2,-6,0.0001,0.0,-0.0
T13182,Quantum-Dot Cellular Automata,7,3,-4,0.0,0.0,-0.0
T13229,Gothic Literature and Media Analysis,4,6,2,0.0,0.0,0.0
T13233,Occupational Health and Safety Management,1,9,8,0.0,0.0001,0.01
T13287,Robotic Process Automation Applications,4,6,2,0.0,0.0,0.0
T13383,Tumors and Oncological Cases,7,3,-4,0.0,0.0,-0.0
T13453,Alkaline Phosphatase Research Studies,6,4,-2,0.0,0.0,-0.0
T13504,African history and culture analysis,8,2,-6,0.0001,0.0,-0.0
T13511,Geodetic Measurements and Engineering Structures,4,6,2,0.0,0.0,0.0
T13512,Spatial and Cultural Studies,1,9,8,0.0,0.0001,0.01
T13629,Text Readability and Simplification,6,4,-2,0.0,0.0,-0.0
T13648,Cerebrovascular and genetic disorders,6,4,-2,0.0,0.0,-0.0
T13699,Public Spaces through Art,7,3,-4,0.0,0.0,-0.0
T13704,French Literature and Poetry,3,7,4,0.0,0.0,0.0
T13748,Advanced Statistical Modeling Techniques,10,0,-10,0.0001,0.0,-0.01
T13750,"Mormonism, Religion, and History",9,1,-8,0.0001,0.0,-0.01
T13759,Medical Imaging and Pathology Studies,8,2,-6,0.0001,0.0,-0.0
T13766,"Media, Journalism, and Communication History",0,10,10,0.0,0.0001,0.01
T13827,Mechatronics Education and Applications,5,5,0,0.0,0.0,0.0
T13833,Ferrocene Chemistry and Applications,5,5,0,0.0,0.0,0.0
T13838,Plant and soil sciences,3,7,4,0.0,0.0,0.0
T13849,Enterobacteriaceae and Cronobacter Research,10,0,-10,0.0001,0.0,-0.01
T13862,"Soil, Finite Element Methods",3,7,4,0.0,0.0,0.0
T13922,Historical Art and Culture Studies,6,4,-2,0.0,0.0,-0.0
T13943,Beetle Biology and Toxicology Studies,0,10,10,0.0,0.0001,0.01
T13982,Social Movements and Cultural Identity,0,10,10,0.0,0.0001,0.01
T14162,Historical and Literary Studies,10,0,-10,0.0001,0.0,-0.01
T14169,Public Health and Environmental Issues,1,9,8,0.0,0.0001,0.01
T14208,"Death, Funerary Practices, and Mourning",0,10,10,0.0,0.0001,0.01
T14210,Historical and Linguistic Studies,9,1,-8,0.0001,0.0,-0.01
T14217,American Literature and Humor Studies,3,7,4,0.0,0.0,0.0
T14260,Impact of AI and Big Data on Business and Society,7,3,-4,0.0,0.0,-0.0
T14284,Social Sciences and Humanities,0,10,10,0.0,0.0001,0.01
T14297,Plant-Derived Bioactive Compounds,9,1,-8,0.0001,0.0,-0.01
T14350,"Innovation, Sustainability, Human-Machine Systems",10,0,-10,0.0001,0.0,-0.01
T14392,Geoscience and Mining Technology,0,10,10,0.0,0.0001,0.01
T14488,Chemical and Physical Studies,2,8,6,0.0,0.0001,0.0
T10011,"Literature: history, themes, analysis",9,0,-9,0.0001,0.0,-0.01
T10354,Catalytic C–H Functionalization Methods,8,1,-7,0.0001,0.0,-0.0
T10749,International Law and Human Rights,6,3,-3,0.0,0.0,-0.0
T10852,Temporomandibular Joint Disorders,4,5,1,0.0,0.0,0.0
T10861,Ear Surgery and Otitis Media,4,5,1,0.0,0.0,0.0
T10992,Forensic Anthropology and Bioarchaeology Studies,5,4,-1,0.0,0.0,-0.0
T11033,Contact Dermatitis and Allergies,4,5,1,0.0,0.0,0.0
T11069,Testicular diseases and treatments,5,4,-1,0.0,0.0,-0.0
T11319,Curcumin's Biomedical Applications,6,3,-3,0.0,0.0,-0.0
T11475,French Urban and Social Studies,9,0,-9,0.0001,0.0,-0.01
T11534,Erythropoietin and Anemia Treatment,4,5,1,0.0,0.0,0.0
T11563,Indian and Buddhist Studies,5,4,-1,0.0,0.0,-0.0
T11571,Sarcoidosis and Beryllium Toxicity Research,5,4,-1,0.0,0.0,-0.0
T11637,Advanced Semiconductor Detectors and Materials,4,5,1,0.0,0.0,0.0
T11662,Legal Cases and Commentary,7,2,-5,0.0,0.0,-0.0
T11769,Copyright and Intellectual Property,7,2,-5,0.0,0.0,-0.0
T11778,Electrical and Bioimpedance Tomography,5,4,-1,0.0,0.0,-0.0
T11782,Magnetic Properties of Alloys,3,6,3,0.0,0.0,0.0
T11815,Urological Disorders and Treatments,7,2,-5,0.0,0.0,-0.0
T11837,Iron and Steelmaking Processes,8,1,-7,0.0001,0.0,-0.0
T11964,Pregnancy and Medication Impact,6,3,-3,0.0,0.0,-0.0
T11971,"World Wars: History, Literature, and Impact",2,7,5,0.0,0.0,0.0
T12009,Hedgehog Signaling Pathway Studies,9,0,-9,0.0001,0.0,-0.01
T12106,Surface Treatment and Residual Stress,3,6,3,0.0,0.0,0.0
T12130,Contemporary Literature and Criticism,6,3,-3,0.0,0.0,-0.0
T12135,Fuzzy Systems and Optimization,7,2,-5,0.0,0.0,-0.0
T12136,Vanadium and Halogenation Chemistry,6,3,-3,0.0,0.0,-0.0
T12172,Neutropenia and Cancer Infections,5,4,-1,0.0,0.0,-0.0
T12204,African Education and Politics,7,2,-5,0.0,0.0,-0.0
T12212,CNS Lymphoma Diagnosis and Treatment,5,4,-1,0.0,0.0,-0.0
T12226,Neuroblastoma Research and Treatments,5,4,-1,0.0,0.0,-0.0
T12333,Abdominal Surgery and Complications,7,2,-5,0.0,0.0,-0.0
T12353,Lexicography and Language Studies,6,3,-3,0.0,0.0,-0.0
T12400,Neurogenetic and Muscular Disorders Research,5,4,-1,0.0,0.0,-0.0
T12444,"Art, Politics, and Modernism",4,5,1,0.0,0.0,0.0
T12453,Infectious Aortic and Vascular Conditions,5,4,-1,0.0,0.0,-0.0
T12460,Pediatric Hepatobiliary Diseases and Treatments,5,4,-1,0.0,0.0,-0.0
T12525,Australian History and Society,8,1,-7,0.0001,0.0,-0.0
T12547,Pharmaceutical studies and practices,6,3,-3,0.0,0.0,-0.0
T12575,Medical History and Research,7,2,-5,0.0,0.0,-0.0
T12587,Gestational Trophoblastic Disease Studies,5,4,-1,0.0,0.0,-0.0
T12629,Island Studies and Pacific Affairs,8,1,-7,0.0001,0.0,-0.0
T12702,Brain Tumor Detection and Classification,7,2,-5,0.0,0.0,-0.0
T12723,Hannah Arendt's Political Philosophy,6,3,-3,0.0,0.0,-0.0
T12807,Consumer Behavior and Market Dynamics,0,9,9,0.0,0.0001,0.01
T12817,Pharmacological Effects of Natural Compounds,8,1,-7,0.0001,0.0,-0.0
T12874,Digital Imaging for Blood Diseases,6,3,-3,0.0,0.0,-0.0
T12888,Military Strategy and Technology,4,5,1,0.0,0.0,0.0
T12894,Date Palm Research Studies,9,0,-9,0.0001,0.0,-0.01
T12909,French Historical and Cultural Studies,6,3,-3,0.0,0.0,-0.0
T12938,Material Selection and Properties,8,1,-7,0.0001,0.0,-0.0
T12941,Embedded Systems and FPGA Design,1,8,7,0.0,0.0001,0.0
T12952,School Leadership and Teacher Performance,1,8,7,0.0,0.0001,0.0
T12956,Asian Geopolitics and Ethnography,9,0,-9,0.0001,0.0,-0.01
T12976,Magnetic and Electromagnetic Effects,9,0,-9,0.0001,0.0,-0.01
T12980,Family Caregiving in Mental Illness,7,2,-5,0.0,0.0,-0.0
T12989,Ocular Disorders and Treatments,2,7,5,0.0,0.0,0.0
T12999,Medieval History and Crusades,4,5,1,0.0,0.0,0.0
T13032,COVID-19 Prevention and Impact,2,7,5,0.0,0.0,0.0
T13072,Contemporary Christian Leadership and Education,0,9,9,0.0,0.0001,0.01
T13074,Global Financial Regulation and Crises,2,7,5,0.0,0.0,0.0
T13079,Heavy Metals in Plants,7,2,-5,0.0,0.0,-0.0
T13113,Engineering Technology and Methodologies,7,2,-5,0.0,0.0,-0.0
T13136,Community-based Tourism Development and Sustainability,0,9,9,0.0,0.0001,0.01
T13146,Sustainable Finance and Green Bonds,2,7,5,0.0,0.0,0.0
T13162,African Studies and Ethnography,0,9,9,0.0,0.0001,0.01
T13186,Russia and Soviet political economy,7,2,-5,0.0,0.0,-0.0
T13208,Synthesis of heterocyclic compounds,6,3,-3,0.0,0.0,-0.0
T13284,Psychology Research and Bibliometrics,0,9,9,0.0,0.0001,0.01
T13286,Modeling and Simulation Systems,5,4,-1,0.0,0.0,-0.0
T13310,Subtitles and Audiovisual Media,4,5,1,0.0,0.0,0.0
T13325,Dye analysis and toxicity,9,0,-9,0.0001,0.0,-0.01
T13330,"Theater, Performance, and Music History",4,5,1,0.0,0.0,0.0
T13334,South Asian Cinema and Culture,6,3,-3,0.0,0.0,-0.0
T13365,Medical and Biological Ozone Research,5,4,-1,0.0,0.0,-0.0
T13375,Integrated Water Resources Management,2,7,5,0.0,0.0,0.0
T13408,Corporate Law and Human Rights,8,1,-7,0.0001,0.0,-0.0
T13428,Anarchism and Radical Politics,7,2,-5,0.0,0.0,-0.0
T13440,Electromagnetic Effects on Materials,4,5,1,0.0,0.0,0.0
T13454,Phenothiazines and Benzothiazines Synthesis and Activities,7,2,-5,0.0,0.0,-0.0
T13528,Water Resources and Governance,0,9,9,0.0,0.0001,0.01
T13618,Regional Socio-Economic Development Trends,3,6,3,0.0,0.0,0.0
T13634,Middle East and Rwanda Conflicts,7,2,-5,0.0,0.0,-0.0
T13643,Artificial Intelligence in Law,3,6,3,0.0,0.0,0.0
T13668,Agricultural and Rural Development Research,9,0,-9,0.0001,0.0,-0.01
T13679,Tardigrade Biology and Ecology,4,5,1,0.0,0.0,0.0
T13724,Humanities and Social Sciences,3,6,3,0.0,0.0,0.0
T13729,Korean Urban and Social Studies,9,0,-9,0.0001,0.0,-0.01
T13730,"Martial Arts: Techniques, Psychology, and Education",4,5,1,0.0,0.0,0.0
T13798,Hops Chemistry and Applications,5,4,-1,0.0,0.0,-0.0
T13919,Medicinal plant effects and applications,6,3,-3,0.0,0.0,-0.0
T13971,Synthesis and Biological Activity,2,7,5,0.0,0.0,0.0
T13999,Digital Rights Management and Security,9,0,-9,0.0001,0.0,-0.01
T14047,Marine and environmental studies,8,1,-7,0.0001,0.0,-0.0
T14101,Financial Crisis of the 21st Century,9,0,-9,0.0001,0.0,-0.01
T14134,Medical and Biological Sciences,6,3,-3,0.0,0.0,-0.0
T14199,Historical and Scientific Studies,9,0,-9,0.0001,0.0,-0.01
T14356,Organizational Leadership and Management Strategies,8,1,-7,0.0001,0.0,-0.0
T14390,Real estate and construction management,1,8,7,0.0,0.0001,0.0
T14459,Synthesis and Reactions of Organic Compounds,3,6,3,0.0,0.0,0.0
T14508,Vocational Education and Training,1,8,7,0.0,0.0001,0.0
T14518,American Sports and Literature,9,0,-9,0.0001,0.0,-0.01
T14521,Medicinal Plant Research,0,9,9,0.0,0.0001,0.01
T10329,Thyroid Cancer Diagnosis and Treatment,6,2,-4,0.0,0.0,-0.0
T10449,Renal cell carcinoma treatment,3,5,2,0.0,0.0,0.0
T10536,Endodontics and Root Canal Treatments,2,6,4,0.0,0.0,0.0
T10847,Advanced Optical Network Technologies,7,1,-6,0.0,0.0,-0.0
T11035,Salivary Gland Tumors Diagnosis and Treatment,7,1,-6,0.0,0.0,-0.0
T11215,Chronic Myeloid Leukemia Treatments,5,3,-2,0.0,0.0,-0.0
T11506,Children's Rights and Participation,3,5,2,0.0,0.0,0.0
T11532,Chemokine receptors and signaling,4,4,0,0.0,0.0,0.0
T11538,Ophthalmology and Eye Disorders,5,3,-2,0.0,0.0,-0.0
T11576,IgG4-Related and Inflammatory Diseases,5,3,-2,0.0,0.0,-0.0
T11659,Advanced Image Fusion Techniques,4,4,0,0.0,0.0,0.0
T11681,Nosocomial Infections in ICU,7,1,-6,0.0,0.0,-0.0
T11776,Irish and British Studies,7,1,-6,0.0,0.0,-0.0
T11792,Pharmaceutical Economics and Policy,1,7,6,0.0,0.0,0.0
T11845,Cancer therapeutics and mechanisms,4,4,0,0.0,0.0,0.0
T11857,Archaeological and Historical Studies,6,2,-4,0.0,0.0,-0.0
T11889,Ginseng Biological Effects and Applications,6,2,-4,0.0,0.0,-0.0
T11950,Cardiovascular Syncope and Autonomic Disorders,4,4,0,0.0,0.0,0.0
T11961,Neonatal and Maternal Infections,3,5,2,0.0,0.0,0.0
T12030,S100 Proteins and Annexins,8,0,-8,0.0001,0.0,-0.01
T12324,History of Medicine Studies,5,3,-2,0.0,0.0,-0.0
T12332,Comparative constitutional jurisprudence studies,1,7,6,0.0,0.0,0.0
T12346,Phytochemistry and biological activity of medicinal plants,5,3,-2,0.0,0.0,-0.0
T12355,Genetic and rare skin diseases.,5,3,-2,0.0,0.0,-0.0
T12418,Respiratory and Cough-Related Research,4,4,0,0.0,0.0,0.0
T12470,Caribbean and African Literature and Culture,1,7,6,0.0,0.0,0.0
T12473,Pacific and Southeast Asian Studies,7,1,-6,0.0,0.0,-0.0
T12508,Functional Equations Stability Results,8,0,-8,0.0001,0.0,-0.01
T12518,Diverticular Disease and Complications,7,1,-6,0.0,0.0,-0.0
T12539,Pharmacology and Obesity Treatment,6,2,-4,0.0,0.0,-0.0
T12578,Diagnosis and treatment of tuberculosis,4,4,0,0.0,0.0,0.0
T12582,Flavonoids in Medical Research,5,3,-2,0.0,0.0,-0.0
T12627,Graphene and Nanomaterials Applications,5,3,-2,0.0,0.0,-0.0
T12708,Economic and Financial Impacts of Cancer,5,3,-2,0.0,0.0,-0.0
T12744,Medical Device Sterilization and Disinfection,6,2,-4,0.0,0.0,-0.0
T12821,Geological Formations and Processes Exploration,7,1,-6,0.0,0.0,-0.0
T12946,Fractal and DNA sequence analysis,4,4,0,0.0,0.0,0.0
T12959,Engineering and Materials Science Studies,6,2,-4,0.0,0.0,-0.0
T13023,Synthesis of Organic Compounds,8,0,-8,0.0001,0.0,-0.01
T13040,"Gender, Education, and Development Issues",1,7,6,0.0,0.0,0.0
T13047,Pharmacological Receptor Mechanisms and Effects,8,0,-8,0.0001,0.0,-0.01
T13108,Therapeutic Uses of Natural Elements,8,0,-8,0.0001,0.0,-0.01
T13115,Axial and Atropisomeric Chirality Synthesis,6,2,-4,0.0,0.0,-0.0
T13168,Plant Ecology and Taxonomy Studies,8,0,-8,0.0001,0.0,-0.01
T13198,"Historical, Religious, and Philosophical Studies",5,3,-2,0.0,0.0,-0.0
T13249,Dielectric properties of ceramics,0,8,8,0.0,0.0001,0.01
T13301,Cultural Studies and Interdisciplinary Research,7,1,-6,0.0,0.0,-0.0
T13323,Spinal Hematomas and Complications,5,3,-2,0.0,0.0,-0.0
T13418,Photocathodes and Microchannel Plates,7,1,-6,0.0,0.0,-0.0
T13527,Transportation Systems and Logistics,0,8,8,0.0,0.0001,0.01
T13530,Climate Change and Environmental Impact,3,5,2,0.0,0.0,0.0
T13566,Global Educational Reforms and Inequalities,6,2,-4,0.0,0.0,-0.0
T13568,Wood and Agarwood Research,7,1,-6,0.0,0.0,-0.0
T13569,Microscopic Colitis,5,3,-2,0.0,0.0,-0.0
T13575,Travel Writing and Literature,3,5,2,0.0,0.0,0.0
T13578,Stonefly species taxonomy and ecology,3,5,2,0.0,0.0,0.0
T13637,Calpain Protease Function and Regulation,7,1,-6,0.0,0.0,-0.0
T13747,Sociopolitical Dynamics in Russia,5,3,-2,0.0,0.0,-0.0
T13757,Graphic Design and Typography,2,6,4,0.0,0.0,0.0
T13779,Cancer Mechanisms and Therapy,8,0,-8,0.0001,0.0,-0.01
T13842,Intellectual Property Law,5,3,-2,0.0,0.0,-0.0
T13864,Indigenous Cultures and History,0,8,8,0.0,0.0001,0.01
T13879,Indigenous Peoples' Rights and Law,1,7,6,0.0,0.0,0.0
T13893,Sustainable Development and Policies,2,6,4,0.0,0.0,0.0
T13901,State Capitalism and Financial Governance,5,3,-2,0.0,0.0,-0.0
T13902,Indian History and Philosophy,6,2,-4,0.0,0.0,-0.0
T13911,"Employment, Labor, and Gender Studies",3,5,2,0.0,0.0,0.0
T13916,Environmental Policies and Emissions,0,8,8,0.0,0.0001,0.01
T13959,"Swearing, Euphemism, Multilingualism",3,5,2,0.0,0.0,0.0
T13966,Neurological and metabolic disorders,6,2,-4,0.0,0.0,-0.0
T14031,Global and Cross-Cultural Management,2,6,4,0.0,0.0,0.0
T14088,Generational Differences and Trends,3,5,2,0.0,0.0,0.0
T14191,Historical Art and Architecture Studies,3,5,2,0.0,0.0,0.0
T14292,"Migration, Policy, and Dickens Studies",4,4,0,0.0,0.0,0.0
T14310,Botany and Geology in Latin America and Caribbean,8,0,-8,0.0001,0.0,-0.01
T14320,Optics and Image Analysis,7,1,-6,0.0,0.0,-0.0
T14327,Advanced Energy Technologies and Civil Engineering Innovations,4,4,0,0.0,0.0,0.0
T14345,Scientific Research and Philosophical Inquiry,3,5,2,0.0,0.0,0.0
T14372,Environmental and Biological Research in Conflict Zones,4,4,0,0.0,0.0,0.0
T14512,Technology and Human Factors in Education and Health,3,5,2,0.0,0.0,0.0
T10417,Lung Cancer Treatments and Mutations,3,4,1,0.0,0.0,0.0
T10563,Corneal surgery and disorders,3,4,1,0.0,0.0,0.0
T10807,Synthesis and characterization of novel inorganic/organometallic compounds,4,3,-1,0.0,0.0,-0.0
T10871,Catalytic Alkyne Reactions,5,2,-3,0.0,0.0,-0.0
T11291,Intraocular Surgery and Lenses,4,3,-1,0.0,0.0,-0.0
T11327,Acupuncture Treatment Research Studies,3,4,1,0.0,0.0,0.0
T11364,Cholangiocarcinoma and Gallbladder Cancer Studies,3,4,1,0.0,0.0,0.0
T11427,Elbow and Forearm Trauma Treatment,4,3,-1,0.0,0.0,-0.0
T11521,Salivary Gland Disorders and Functions,4,3,-1,0.0,0.0,-0.0
T11530,Business and Management Studies,3,4,1,0.0,0.0,0.0
T11628,Myeloproliferative Neoplasms: Diagnosis and Treatment,3,4,1,0.0,0.0,0.0
T11695,South African History and Culture,6,1,-5,0.0,0.0,-0.0
T11758,Organic and Molecular Conductors Research,3,4,1,0.0,0.0,0.0
T11763,Intracerebral and Subarachnoid Hemorrhage Research,4,3,-1,0.0,0.0,-0.0
T11777,Fixed Point Theorems Analysis,5,2,-3,0.0,0.0,-0.0
T11865,Anorectal Disease Treatments and Outcomes,5,2,-3,0.0,0.0,-0.0
T11943,Pharmacovigilance and Adverse Drug Reactions,1,6,5,0.0,0.0,0.0
T11991,Soft tissue tumor case studies,4,3,-1,0.0,0.0,-0.0
T12064,Intraperitoneal and Appendiceal Malignancies,5,2,-3,0.0,0.0,-0.0
T12123,Financial Analysis and Corporate Governance,0,7,7,0.0,0.0,0.0
T12266,Byzantine Studies and History,6,1,-5,0.0,0.0,-0.0
T12301,Facial Nerve Paralysis Treatment and Research,6,1,-5,0.0,0.0,-0.0
T12337,Italian Fascism and Post-war Society,6,1,-5,0.0,0.0,-0.0
T12342,Vascular anomalies and interventions,2,5,3,0.0,0.0,0.0
T12348,Rural Development and Agriculture,1,6,5,0.0,0.0,0.0
T12416,Polymer Nanocomposite Synthesis and Irradiation,7,0,-7,0.0,0.0,-0.0
T12432,Arctic and Russian Policy Studies,6,1,-5,0.0,0.0,-0.0
T12493,"Memory, violence, and history",0,7,7,0.0,0.0,0.0
T12548,Hemostasis and retained surgical items,3,4,1,0.0,0.0,0.0
T12552,Fetal and Pediatric Neurological Disorders,3,4,1,0.0,0.0,0.0
T12563,History and Politics in Latin America,5,2,-3,0.0,0.0,-0.0
T12633,Legal case studies and regulations,7,0,-7,0.0,0.0,-0.0
T12634,Ureteral procedures and complications,5,2,-3,0.0,0.0,-0.0
T12684,Stuttering Research and Treatment,4,3,-1,0.0,0.0,-0.0
T12846,Ginkgo biloba and Cashew Applications,4,3,-1,0.0,0.0,-0.0
T12862,Catholicism and Religious Studies,3,4,1,0.0,0.0,0.0
T12891,Medicinal Plants and Neuroprotection,3,4,1,0.0,0.0,0.0
T12910,Eicosanoids and Hypertension Pharmacology,6,1,-5,0.0,0.0,-0.0
T12918,Healthcare Systems and Technology,6,1,-5,0.0,0.0,-0.0
T12957,"War, Ethics, and Justification",5,2,-3,0.0,0.0,-0.0
T13001,Restraint-Related Deaths,5,2,-3,0.0,0.0,-0.0
T13002,Southeast Asian Sociopolitical Studies,7,0,-7,0.0,0.0,-0.0
T13046,Electrokinetic Soil Remediation Techniques,5,2,-3,0.0,0.0,-0.0
T13061,Literacy and Educational Practices,1,6,5,0.0,0.0,0.0
T13095,Plant-based Medicinal Research,7,0,-7,0.0,0.0,-0.0
T13096,Family and Matrimonial Law,0,7,7,0.0,0.0,0.0
T13109,Theological Perspectives and Practices,2,5,3,0.0,0.0,0.0
T13128,Chromatography in Natural Products,3,4,1,0.0,0.0,0.0
T13159,Structural mechanics and materials,7,0,-7,0.0,0.0,-0.0
T13184,Research in Social Sciences,7,0,-7,0.0,0.0,-0.0
T13213,Mechanical Failure Analysis and Simulation,5,2,-3,0.0,0.0,-0.0
T13226,Appreciative Inquiry and Organizational Change,3,4,1,0.0,0.0,0.0
T13282,Automated Road and Building Extraction,4,3,-1,0.0,0.0,-0.0
T13304,Synthesis and Reactivity of Sulfur-Containing Compounds,1,6,5,0.0,0.0,0.0
T13347,Christian Theology and Mission,3,4,1,0.0,0.0,0.0
T13353,Flow Experience in Various Fields,4,3,-1,0.0,0.0,-0.0
T13354,Genetics and Physical Performance,6,1,-5,0.0,0.0,-0.0
T13373,Data Mining and Machine Learning Applications,0,7,7,0.0,0.0,0.0
T13413,Cultural and Historical Studies,3,4,1,0.0,0.0,0.0
T13455,"Decadence, Literature, and Society",2,5,3,0.0,0.0,0.0
T13470,Surface Treatment and Coatings,0,7,7,0.0,0.0,0.0
T13503,"Gender, Health, and Social Inequality",0,7,7,0.0,0.0,0.0
T13587,Q Methodology Applications,5,2,-3,0.0,0.0,-0.0
T13599,Architecture and Cultural Influences,3,4,1,0.0,0.0,0.0
T13680,"Education, Psychology, and Complexity Research",7,0,-7,0.0,0.0,-0.0
T13698,"Education, Politics, and Culture Studies",0,7,7,0.0,0.0,0.0
T13705,Australian Indigenous Culture and History,7,0,-7,0.0,0.0,-0.0
T13712,Kantian Philosophy and Modern Interpretations,0,7,7,0.0,0.0,0.0
T13756,International Environmental Law and Policies,2,5,3,0.0,0.0,0.0
T13764,Political theory and Gramsci,7,0,-7,0.0,0.0,-0.0
T13770,Pediatric health and respiratory diseases,6,1,-5,0.0,0.0,-0.0
T13796,Neurological Disorders and Treatments,4,3,-1,0.0,0.0,-0.0
T13817,"Tannin, Tannase and Anticancer Activities",2,5,3,0.0,0.0,0.0
T13836,Educational Research and Pedagogy,7,0,-7,0.0,0.0,-0.0
T13867,Economic Growth and Development,5,2,-3,0.0,0.0,-0.0
T13874,Information Architecture and Usability,2,5,3,0.0,0.0,0.0
T13892,Aquatic life and conservation,4,3,-1,0.0,0.0,-0.0
T13896,Health Services Management and Policy,1,6,5,0.0,0.0,0.0
T13925,Offshore Engineering and Technologies,4,3,-1,0.0,0.0,-0.0
T13931,Philosophy and Historical Thought,0,7,7,0.0,0.0,0.0
T13935,Mathematical Control Systems and Analysis,5,2,-3,0.0,0.0,-0.0
T13939,Archaeology and Natural History,7,0,-7,0.0,0.0,-0.0
T13946,Musculoskeletal Disorders and Rehabilitation,4,3,-1,0.0,0.0,-0.0
T13950,Collembola Taxonomy and Ecology Studies,6,1,-5,0.0,0.0,-0.0
T13996,Diverse Musicological Studies,7,0,-7,0.0,0.0,-0.0
T14086,Military and Defense Studies,6,1,-5,0.0,0.0,-0.0
T14092,"Ethics, Aesthetics, and Art",1,6,5,0.0,0.0,0.0
T14099,Synthesis and Characterization of Heterocyclic Compounds,5,2,-3,0.0,0.0,-0.0
T14112,"Economic, financial, and policy analysis",7,0,-7,0.0,0.0,-0.0
T14115,Legal processes and jurisprudence,0,7,7,0.0,0.0,0.0
T14121,Logistics and Transportation Systems,0,7,7,0.0,0.0,0.0
T14149,Historical and Literary Analyses,0,7,7,0.0,0.0,0.0
T14172,Cultural and Social Studies in Latin America,6,1,-5,0.0,0.0,-0.0
T14203,"Education, Safety, and Science Studies",2,5,3,0.0,0.0,0.0
T14219,Local Economic Development and Planning,1,6,5,0.0,0.0,0.0
T14309,Employee Performance and Management,0,7,7,0.0,0.0,0.0
T14323,"Agriculture, Water, and Health",5,2,-3,0.0,0.0,-0.0
T14329,Science and Climate Studies,7,0,-7,0.0,0.0,-0.0
T14460,"Literary, Cultural, Historical Analysis",1,6,5,0.0,0.0,0.0
T14473,Social and Economic Development in India,7,0,-7,0.0,0.0,-0.0
T10307,Head and Neck Cancer Studies,3,3,0,0.0,0.0,0.0
T10457,Education Pedagogy and Practices,1,5,4,0.0,0.0,0.0
T10458,Bladder and Urothelial Cancer Treatments,6,0,-6,0.0,0.0,-0.0
T10984,Sinusitis and nasal conditions,4,2,-2,0.0,0.0,-0.0
T11038,Advanced SAR Imaging Techniques,3,3,0,0.0,0.0,0.0
T11064,Antiplatelet Therapy and Cardiovascular Diseases,3,3,0,0.0,0.0,0.0
T11132,Psychoanalysis and Psychopathology Research,3,3,0,0.0,0.0,0.0
T11167,Hair Growth and Disorders,3,3,0,0.0,0.0,0.0
T11363,Dental Radiography and Imaging,4,2,-2,0.0,0.0,-0.0
T11365,Islamic Finance and Banking Studies,6,0,-6,0.0,0.0,-0.0
T11422,Burn Injury Management and Outcomes,3,3,0,0.0,0.0,0.0
T11708,Photochromic and Fluorescence Chemistry,5,1,-4,0.0,0.0,-0.0
T11790,N-Heterocyclic Carbenes in Organic and Inorganic Chemistry,5,1,-4,0.0,0.0,-0.0
T11834,Liver Diseases and Immunity,3,3,0,0.0,0.0,0.0
T11839,Hormonal Regulation and Hypertension,6,0,-6,0.0,0.0,-0.0
T12029,DNA and Biological Computing,3,3,0,0.0,0.0,0.0
T12110,Bone and Dental Protein Studies,6,0,-6,0.0,0.0,-0.0
T12145,Dental Anxiety and Anesthesia Techniques,3,3,0,0.0,0.0,0.0
T12175,Social Representations and Identity,6,0,-6,0.0,0.0,-0.0
T12184,Linguistics and Education Research,0,6,6,0.0,0.0,0.0
T12189,Sulfur-Based Synthesis Techniques,6,0,-6,0.0,0.0,-0.0
T12296,Autopsy Techniques and Outcomes,5,1,-4,0.0,0.0,-0.0
T12298,Phytochemicals and Medicinal Plants,3,3,0,0.0,0.0,0.0
T12364,Archaeological Research and Protection,6,0,-6,0.0,0.0,-0.0
T12402,Travel-related health issues,4,2,-2,0.0,0.0,-0.0
T12421,Adrenal Hormones and Disorders,2,4,2,0.0,0.0,0.0
T12455,Mediterranean and Iberian flora and fauna,6,0,-6,0.0,0.0,-0.0
T12458,Organometallic Compounds Synthesis and Characterization,3,3,0,0.0,0.0,0.0
T12595,Romani and Gypsy Studies,3,3,0,0.0,0.0,0.0
T12610,RNA regulation and disease,5,1,-4,0.0,0.0,-0.0
T12651,Halal products and consumer behavior,5,1,-4,0.0,0.0,-0.0
T12652,International Maritime Law Issues,5,1,-4,0.0,0.0,-0.0
T12700,Doping in Sports,3,3,0,0.0,0.0,0.0
T12706,Subcritical and Supercritical Water Processes,6,0,-6,0.0,0.0,-0.0
T12731,Hidradenitis Suppurativa and Treatments,3,3,0,0.0,0.0,0.0
T12738,Corporate Identity and Reputation,2,4,2,0.0,0.0,0.0
T12747,Moyamoya disease diagnosis and treatment,3,3,0,0.0,0.0,0.0
T12790,Nursing Diagnosis and Documentation,4,2,-2,0.0,0.0,-0.0
T12796,Dermatological and COVID-19 studies,3,3,0,0.0,0.0,0.0
T12820,Chromatin Remodeling and Cancer,5,1,-4,0.0,0.0,-0.0
T12876,Potassium and Related Disorders,4,2,-2,0.0,0.0,-0.0
T12881,linguistics and terminology studies,5,1,-4,0.0,0.0,-0.0
T12893,Organic Chemistry Cycloaddition Reactions,3,3,0,0.0,0.0,0.0
T12924,Dermatological and Skeletal Disorders,5,1,-4,0.0,0.0,-0.0
T12930,Biomedical and Chemical Research,6,0,-6,0.0,0.0,-0.0
T12942,Cultural Studies and Postmodernism,2,4,2,0.0,0.0,0.0
T12984,Transport and Logistics Innovations,1,5,4,0.0,0.0,0.0
T13029,South Asian Studies and Conflicts,5,1,-4,0.0,0.0,-0.0
T13053,SMEs Development and Digital Marketing,1,5,4,0.0,0.0,0.0
T13070,Cultural Identity and Heritage,1,5,4,0.0,0.0,0.0
T13094,Mining and Gasification Technologies,2,4,2,0.0,0.0,0.0
T13145,Crime and Detective Fiction Studies,0,6,6,0.0,0.0,0.0
T13164,Quality and Management Systems,3,3,0,0.0,0.0,0.0
T13170,Discrimination and Equality Law,0,6,6,0.0,0.0,0.0
T13205,Geological and Geophysical Studies Worldwide,4,2,-2,0.0,0.0,-0.0
T13267,Advanced Theoretical and Applied Studies in Material Sciences and Geometry,6,0,-6,0.0,0.0,-0.0
T13270,QR Code Applications and Technologies,5,1,-4,0.0,0.0,-0.0
T13279,Safe Handling of Antineoplastic Drugs,4,2,-2,0.0,0.0,-0.0
T13281,Andrographolide Research and Applications,4,2,-2,0.0,0.0,-0.0
T13317,"Media, Communication, and Education",5,1,-4,0.0,0.0,-0.0
T13336,Religious Freedom and Discrimination,1,5,4,0.0,0.0,0.0
T13350,Myxozoan Parasites in Aquatic Species,4,2,-2,0.0,0.0,-0.0
T13372,Archaeology and Historical Studies,5,1,-4,0.0,0.0,-0.0
T13406,Human Resources and Workforce,1,5,4,0.0,0.0,0.0
T13426,Kruppel-like factors research,6,0,-6,0.0,0.0,-0.0
T13457,"Dental Education, Practice, Research",5,1,-4,0.0,0.0,-0.0
T13459,Public Administration and Political Analysis,2,4,2,0.0,0.0,0.0
T13471,Cognitive Functions and Memory,2,4,2,0.0,0.0,0.0
T13477,Sustainable Design and Development,0,6,6,0.0,0.0,0.0
T13580,Management and Performance Evaluation,1,5,4,0.0,0.0,0.0
T13582,"Stalking, Cyberstalking, and Harassment",3,3,0,0.0,0.0,0.0
T13639,Paraquat toxicity studies and treatments,5,1,-4,0.0,0.0,-0.0
T13666,Postmodernism in Literature and Education,4,2,-2,0.0,0.0,-0.0
T13685,Material Science and Thermodynamics,6,0,-6,0.0,0.0,-0.0
T13719,Phytochemistry and Bioactivity Studies,4,2,-2,0.0,0.0,-0.0
T13739,Medieval and Early Modern Justice,0,6,6,0.0,0.0,0.0
T13795,"Language, Communication, and Linguistic Studies",1,5,4,0.0,0.0,0.0
T13819,Collaborative and Sustainable Housing Initiatives,1,5,4,0.0,0.0,0.0
T13891,Engineering Diagnostics and Reliability,6,0,-6,0.0,0.0,-0.0
T13895,Educational Leadership and Innovation,6,0,-6,0.0,0.0,-0.0
T13958,"Education, Innovation and Language Studies",6,0,-6,0.0,0.0,-0.0
T13976,Web visibility and informetrics,3,3,0,0.0,0.0,0.0
T13991,Nuclear Receptors and Signaling,4,2,-2,0.0,0.0,-0.0
T14006,"Linguistics, Language Diversity, and Identity",1,5,4,0.0,0.0,0.0
T14050,Forest Ecology and Conservation,0,6,6,0.0,0.0,0.0
T14059,"Nietzsche, Schopenhauer, and Hegel",3,3,0,0.0,0.0,0.0
T14062,Migration and Exile Studies,0,6,6,0.0,0.0,0.0
T14067,Cloud Computing and Remote Desktop Technologies,4,2,-2,0.0,0.0,-0.0
T14074,Persona Design and Applications,6,0,-6,0.0,0.0,-0.0
T14106,Environmental and Sediment Control,1,5,4,0.0,0.0,0.0
T14143,Economic and Technological Innovation,4,2,-2,0.0,0.0,-0.0
T14144,Neurological Disease Mechanisms and Treatments,3,3,0,0.0,0.0,0.0
T14158,Optical Systems and Laser Technology,3,3,0,0.0,0.0,0.0
T14180,"Law, logistics, and international trade",6,0,-6,0.0,0.0,-0.0
T14220,"Workaholism, burnout, and well-being",2,4,2,0.0,0.0,0.0
T14275,Historical Medical Research and Treatments,5,1,-4,0.0,0.0,-0.0
T14277,Social Skills and Education,0,6,6,0.0,0.0,0.0
T14296,Climate Change and Sustainable Development,2,4,2,0.0,0.0,0.0
T14334,HIV/AIDS Impact and Responses,3,3,0,0.0,0.0,0.0
T14382,Electrophoretic Deposition in Materials Science,6,0,-6,0.0,0.0,-0.0
T14437,Ethics and Legal Issues in Pediatric Healthcare,5,1,-4,0.0,0.0,-0.0
T10345,Hematopoietic Stem Cell Transplantation,1,4,3,0.0,0.0,0.0
T10359,Dental Implant Techniques and Outcomes,2,3,1,0.0,0.0,0.0
T11256,Asian Studies and History,3,2,-1,0.0,0.0,-0.0
T11330,Systemic Sclerosis and Related Diseases,3,2,-1,0.0,0.0,-0.0
T11452,Oral Health Pathology and Treatment,4,1,-3,0.0,0.0,-0.0
T11501,TGF-β signaling in diseases,2,3,1,0.0,0.0,0.0
T11533,Melanoma and MAPK Pathways,3,2,-1,0.0,0.0,-0.0
T11858,Urban Development and Societal Issues,2,3,1,0.0,0.0,0.0
T11955,Urban and spatial planning,3,2,-1,0.0,0.0,-0.0
T11956,Sexual Differentiation and Disorders,1,4,3,0.0,0.0,0.0
T11987,COVID-19 Impact on Reproduction,4,1,-3,0.0,0.0,-0.0
T12049,Tuberous Sclerosis Complex Research,4,1,-3,0.0,0.0,-0.0
T12119,Linguistics and Discourse Analysis,2,3,1,0.0,0.0,0.0
T12198,Oral health in cancer treatment,4,1,-3,0.0,0.0,-0.0
T12230,Cardiovascular Issues in Pregnancy,2,3,1,0.0,0.0,0.0
T12251,Synthesis and Catalytic Reactions,4,1,-3,0.0,0.0,-0.0
T12352,Heparin-Induced Thrombocytopenia and Thrombosis,4,1,-3,0.0,0.0,-0.0
T12357,Digital Media Forensic Detection,2,3,1,0.0,0.0,0.0
T12367,Dental Trauma and Treatments,5,0,-5,0.0,0.0,-0.0
T12373,Linguistic research and analysis,4,1,-3,0.0,0.0,-0.0
T12380,Authorship Attribution and Profiling,3,2,-1,0.0,0.0,-0.0
T12387,Galectins and Cancer Biology,4,1,-3,0.0,0.0,-0.0
T12390,Comics and Graphic Narratives,2,3,1,0.0,0.0,0.0
T12410,Structural and Chemical Analysis of Organic and Inorganic Compounds,2,3,1,0.0,0.0,0.0
T12413,Health and Medical Education,0,5,5,0.0,0.0,0.0
T12438,Urticaria and Related Conditions,4,1,-3,0.0,0.0,-0.0
T12440,Karl Barth and Christian Theology,0,5,5,0.0,0.0,0.0
T12454,European Political History Analysis,4,1,-3,0.0,0.0,-0.0
T12456,Geotourism and Geoheritage Conservation,3,2,-1,0.0,0.0,-0.0
T12461,Narrative Theory and Analysis,3,2,-1,0.0,0.0,-0.0
T12464,Neurological Complications and Syndromes,2,3,1,0.0,0.0,0.0
T12523,Nasolacrimal Duct Obstruction Treatments,3,2,-1,0.0,0.0,-0.0
T12532,Historical and Cultural Archaeology Studies,5,0,-5,0.0,0.0,-0.0
T12555,Ancient Egypt and Archaeology,5,0,-5,0.0,0.0,-0.0
T12573,Education and Digital Technologies,2,3,1,0.0,0.0,0.0
T12577,Geography and Environmental Studies,0,5,5,0.0,0.0,0.0
T12580,Vagus Nerve Stimulation Research,3,2,-1,0.0,0.0,-0.0
T12599,Retinal and Optic Conditions,5,0,-5,0.0,0.0,-0.0
T12631,Head and Neck Anomalies,3,2,-1,0.0,0.0,-0.0
T12635,African studies and sociopolitical issues,4,1,-3,0.0,0.0,-0.0
T12655,Female Genital Mutilation/Cutting Issues,4,1,-3,0.0,0.0,-0.0
T12686,Central European national history,4,1,-3,0.0,0.0,-0.0
T12753,"Psychology, Coaching, and Therapy",5,0,-5,0.0,0.0,-0.0
T12769,Stoma care and complications,3,2,-1,0.0,0.0,-0.0
T12841,Echinoderm biology and ecology,2,3,1,0.0,0.0,0.0
T12845,Methemoglobinemia and Tumor Lysis Syndrome,1,4,3,0.0,0.0,0.0
T12914,Infectious Disease Case Reports and Treatments,3,2,-1,0.0,0.0,-0.0
T12931,Educational Methods and Outcomes,1,4,3,0.0,0.0,0.0
T12966,Russian Literature and Bakhtin Studies,4,1,-3,0.0,0.0,-0.0
T12993,Psychology of Development and Education,4,1,-3,0.0,0.0,-0.0
T12995,Urban Development and Cultural Heritage,0,5,5,0.0,0.0,0.0
T13026,Natural Compounds in Disease Treatment,5,0,-5,0.0,0.0,-0.0
T13091,Human Health and Disease,3,2,-1,0.0,0.0,-0.0
T13132,"Hydropower, Displacement, Environmental Impact",2,3,1,0.0,0.0,0.0
T13134,Latin American Literature Studies,3,2,-1,0.0,0.0,-0.0
T13167,"Historical, Literary, and Cultural Studies",4,1,-3,0.0,0.0,-0.0
T13224,Sports and Physical Education Research,3,2,-1,0.0,0.0,-0.0
T13253,Chemical Reactions and Mechanisms,3,2,-1,0.0,0.0,-0.0
T13258,Williams Syndrome Research,3,2,-1,0.0,0.0,-0.0
T13321,"Radio, Podcasts, and Digital Media",4,1,-3,0.0,0.0,-0.0
T13329,Joseph Conrad and Literature,5,0,-5,0.0,0.0,-0.0
T13337,Korean Peninsula Historical and Political Studies,3,2,-1,0.0,0.0,-0.0
T13340,Palliative and Oncologic Care,0,5,5,0.0,0.0,0.0
T13360,Economic and Social Issues,1,4,3,0.0,0.0,0.0
T13484,German History and Society,2,3,1,0.0,0.0,0.0
T13513,Urban and sociocultural dynamics,1,4,3,0.0,0.0,0.0
T13526,14-3-3 protein interactions,4,1,-3,0.0,0.0,-0.0
T13593,Historical and Archaeological Studies,5,0,-5,0.0,0.0,-0.0
T13605,"Homicide, Infanticide, and Child Abuse",5,0,-5,0.0,0.0,-0.0
T13611,"Education, Management, Technology, Human Resources",4,1,-3,0.0,0.0,-0.0
T13622,Historical and Environmental Studies,2,3,1,0.0,0.0,0.0
T13636,Pentecostalism and Christianity Studies,5,0,-5,0.0,0.0,-0.0
T13674,Computer Science and Engineering,0,5,5,0.0,0.0,0.0
T13675,Diffusion Coefficients in Liquids,2,3,1,0.0,0.0,0.0
T13678,Agricultural Research and Practices,1,4,3,0.0,0.0,0.0
T13681,Engineering and Information Technology,1,4,3,0.0,0.0,0.0
T13715,Power Line Inspection Robots,2,3,1,0.0,0.0,0.0
T13717,Advanced Algorithms and Applications,5,0,-5,0.0,0.0,-0.0
T13720,Benford’s Law and Fraud Detection,2,3,1,0.0,0.0,0.0
T13751,Diverse Approaches in Healthcare and Education Studies,5,0,-5,0.0,0.0,-0.0
T13822,Indigenous Health and Education,2,3,1,0.0,0.0,0.0
T13850,Night-time city culture,3,2,-1,0.0,0.0,-0.0
T13860,Arts and Performance Studies,1,4,3,0.0,0.0,0.0
T13868,Afro-Latin American Studies,0,5,5,0.0,0.0,0.0
T13887,Augustinian Studies and Theology,4,1,-3,0.0,0.0,-0.0
T13909,Environmental Quality and Pollution,2,3,1,0.0,0.0,0.0
T13930,Diverse Education and Engineering Focus,5,0,-5,0.0,0.0,-0.0
T13934,Indigenous Knowledge Systems and Agriculture,3,2,-1,0.0,0.0,-0.0
T13956,Sociopolitical Dynamics in Nepal,4,1,-3,0.0,0.0,-0.0
T13957,Corporate Governance and Financial Management,0,5,5,0.0,0.0,0.0
T13963,Organizational Management and Leadership,1,4,3,0.0,0.0,0.0
T14032,History and International Relations,0,5,5,0.0,0.0,0.0
T14043,Historical and modern epidemiology studies,5,0,-5,0.0,0.0,-0.0
T14060,Education and Communication Studies,1,4,3,0.0,0.0,0.0
T14097,Chemistry Education and Research,0,5,5,0.0,0.0,0.0
T14102,Corporate Governance and Law,5,0,-5,0.0,0.0,-0.0
T14152,Healthcare Facilities Design and Sustainability,0,5,5,0.0,0.0,0.0
T14160,Water management and technologies,4,1,-3,0.0,0.0,-0.0
T14182,Technology-Enhanced Education Studies,5,0,-5,0.0,0.0,-0.0
T14215,Chemical and Environmental Engineering Research,1,4,3,0.0,0.0,0.0
T14248,Social impacts of COVID-19,0,5,5,0.0,0.0,0.0
T14254,Digital Media and Visual Art,4,1,-3,0.0,0.0,-0.0
T14290,Education Methods and Practices,2,3,1,0.0,0.0,0.0
T14332,European Linguistics and Anthropology,1,4,3,0.0,0.0,0.0
T14343,Hispanic-African Historical Relations,5,0,-5,0.0,0.0,-0.0
T14373,Securities Regulation and Market Practices,1,4,3,0.0,0.0,0.0
T14381,"Psychiatry, Mental Health, Neuroscience",0,5,5,0.0,0.0,0.0
T14384,Ophthalmology and Visual Health Research,2,3,1,0.0,0.0,0.0
T14389,"Innovation, Technology, and Society",3,2,-1,0.0,0.0,-0.0
T14401,"Technology, Environment, Urban Planning",5,0,-5,0.0,0.0,-0.0
T14409,Educational Systems and Policies,5,0,-5,0.0,0.0,-0.0
T14410,Safety and Risk Management,1,4,3,0.0,0.0,0.0
T14420,Advanced Research in Systems and Signal Processing,5,0,-5,0.0,0.0,-0.0
T14433,Post-Communist Economic and Political Transition,1,4,3,0.0,0.0,0.0
T14455,Technology and Education Systems,1,4,3,0.0,0.0,0.0
T14458,Education and Work Dynamics,0,5,5,0.0,0.0,0.0
T14477,"Management, Economics, and Public Policy",5,0,-5,0.0,0.0,-0.0
T14484,Technology and Data Analysis,4,1,-3,0.0,0.0,-0.0
T14493,Criminal Law and Evidence,2,3,1,0.0,0.0,0.0
T14500,Advanced Mathematical Theories,4,1,-3,0.0,0.0,-0.0
T10388,Advanced Steganography and Watermarking Techniques,2,2,0,0.0,0.0,0.0
T10817,Multicomponent Synthesis of Heterocycles,4,0,-4,0.0,0.0,-0.0
T11172,Dermatologic Treatments and Research,2,2,0,0.0,0.0,0.0
T11194,Ocular Diseases and Behçet’s Syndrome,1,3,2,0.0,0.0,0.0
T11328,Ocular Oncology and Treatments,1,3,2,0.0,0.0,0.0
T11412,Genetic and Kidney Cyst Diseases,2,2,0,0.0,0.0,0.0
T11709,Traditional Chinese Medicine Analysis,4,0,-4,0.0,0.0,-0.0
T11828,Corneal Surgery and Treatments,3,1,-2,0.0,0.0,-0.0
T11849,Intellectual Capital and Performance Analysis,1,3,2,0.0,0.0,0.0
T12068,Neonatal Health and Biochemistry,3,1,-2,0.0,0.0,-0.0
T12096,Ectopic Pregnancy Diagnosis and Management,3,1,-2,0.0,0.0,-0.0
T12108,Management of metastatic bone disease,4,0,-4,0.0,0.0,-0.0
T12140,Renal and related cancers,3,1,-2,0.0,0.0,-0.0
T12209,Bone and Joint Diseases,2,2,0,0.0,0.0,0.0
T12244,Healthcare Education and Workforce Issues,3,1,-2,0.0,0.0,-0.0
T12334,Lung Cancer Research Studies,2,2,0,0.0,0.0,0.0
T12368,Grey System Theory Applications,3,1,-2,0.0,0.0,-0.0
T12379,Cancer Diagnosis and Treatment,2,2,0,0.0,0.0,0.0
T12534,Protein Degradation and Inhibitors,3,1,-2,0.0,0.0,-0.0
T12559,French Literature and Critical Theory,2,2,0,0.0,0.0,0.0
T12625,Sympathectomy and Hyperhidrosis Treatments,2,2,0,0.0,0.0,0.0
T12636,Regional Development and Innovation,1,3,2,0.0,0.0,0.0
T12637,Scarabaeidae Beetle Taxonomy and Biogeography,4,0,-4,0.0,0.0,-0.0
T12653,Cyclization and Aryne Chemistry,3,1,-2,0.0,0.0,-0.0
T12657,Phytochemistry Medicinal Plant Applications,3,1,-2,0.0,0.0,-0.0
T12670,"Urbanism, Landscape, and Tourism Studies",1,3,2,0.0,0.0,0.0
T12689,Silymarin and Mushroom Poisoning,2,2,0,0.0,0.0,0.0
T12695,Urinary and Genital Oncology Studies,2,2,0,0.0,0.0,0.0
T12703,Oil Palm Production and Sustainability,3,1,-2,0.0,0.0,-0.0
T12737,Electrical Fault Detection and Protection,2,2,0,0.0,0.0,0.0
T12774,Bauxite Residue and Utilization,3,1,-2,0.0,0.0,-0.0
T12800,Musculoskeletal synovial abnormalities and treatments,4,0,-4,0.0,0.0,-0.0
T12864,Psychoanalysis and Social Critique,1,3,2,0.0,0.0,0.0
T12869,Occupational Health and Burnout,0,4,4,0.0,0.0,0.0
T12878,Pharmaceutical Quality and Counterfeiting,1,3,2,0.0,0.0,0.0
T12882,Jungian Analytical Psychology,2,2,0,0.0,0.0,0.0
T12890,Eurasian Exchange Networks,3,1,-2,0.0,0.0,-0.0
T12899,Engineering and Technology Innovations,3,1,-2,0.0,0.0,-0.0
T12919,Blood disorders and treatments,2,2,0,0.0,0.0,0.0
T12998,Education and Islamic Studies,4,0,-4,0.0,0.0,-0.0
T13038,Internet of Things and AI,1,3,2,0.0,0.0,0.0
T13048,Patient Dignity and Privacy,3,1,-2,0.0,0.0,-0.0
T13050,Oil and Gas Production Techniques,4,0,-4,0.0,0.0,-0.0
T13077,Cancer-related cognitive impairment studies,1,3,2,0.0,0.0,0.0
T13099,"Health, Medicine and Society",1,3,2,0.0,0.0,0.0
T13110,Colorectal and Anal Carcinomas,3,1,-2,0.0,0.0,-0.0
T13117,Health Education and Validation,2,2,0,0.0,0.0,0.0
T13154,Legal and Regulatory Analysis,4,0,-4,0.0,0.0,-0.0
T13166,Information Science and Libraries,0,4,4,0.0,0.0,0.0
T13217,Pigment Synthesis and Properties,4,0,-4,0.0,0.0,-0.0
T13255,"Business, Innovation, and Economy",4,0,-4,0.0,0.0,-0.0
T13257,Advanced Control and Stabilization in Aerospace Systems,2,2,0,0.0,0.0,0.0
T13314,Lymphadenopathy Diagnosis and Analysis,1,3,2,0.0,0.0,0.0
T13342,Art History and Market Analysis,4,0,-4,0.0,0.0,-0.0
T13349,Educational Research and Analysis,4,0,-4,0.0,0.0,-0.0
T13351,Critical Theory and Political Philosophy,1,3,2,0.0,0.0,0.0
T13363,Soft tissue tumors and treatment,3,1,-2,0.0,0.0,-0.0
T13374,Hematological disorders and diagnostics,4,0,-4,0.0,0.0,-0.0
T13376,Criminal Law and Policy,0,4,4,0.0,0.0,0.0
T13379,"Multiculturalism, Politics, Migration, Gender",2,2,0,0.0,0.0,0.0
T13380,Sound Studies and Aurality,1,3,2,0.0,0.0,0.0
T13407,Regional Development and Management Studies,4,0,-4,0.0,0.0,-0.0
T13430,Lipid metabolism and disorders,3,1,-2,0.0,0.0,-0.0
T13451,Mechanical Engineering Research and Applications,0,4,4,0.0,0.0,0.0
T13468,Educational Research and Science Teaching,0,4,4,0.0,0.0,0.0
T13498,Economic Development and Digital Transformation,3,1,-2,0.0,0.0,-0.0
T13525,Cambodian History and Society,3,1,-2,0.0,0.0,-0.0
T13594,Healthcare innovation and challenges,4,0,-4,0.0,0.0,-0.0
T13660,Philosophical and Historical Studies,2,2,0,0.0,0.0,0.0
T13672,Thomas Hardy Literature Studies,2,2,0,0.0,0.0,0.0
T13740,Soil Science and Environmental Management,2,2,0,0.0,0.0,0.0
T13761,HIV/AIDS oral health manifestations,4,0,-4,0.0,0.0,-0.0
T13782,Transactional Analysis in Psychotherapy,4,0,-4,0.0,0.0,-0.0
T13783,"Feminism, Gender, and Intersectionality",0,4,4,0.0,0.0,0.0
T13788,Cultural Identity and Representation,0,4,4,0.0,0.0,0.0
T13818,Cultural Studies and Colonialism,0,4,4,0.0,0.0,0.0
T13820,SAS software applications and methods,2,2,0,0.0,0.0,0.0
T13823,Religious and Theological Studies,1,3,2,0.0,0.0,0.0
T13824,National Identity and Symbolism,1,3,2,0.0,0.0,0.0
T13863,Cultural History and Identity Formation,0,4,4,0.0,0.0,0.0
T13889,Advanced Materials and Semiconductor Technologies,1,3,2,0.0,0.0,0.0
T13894,Indian Economic and Social Development,4,0,-4,0.0,0.0,-0.0
T13933,Whitehead's Philosophy and Applications,3,1,-2,0.0,0.0,-0.0
T13953,Digital Imaging in Medicine,3,1,-2,0.0,0.0,-0.0
T13992,Cynara cardunculus studies,2,2,0,0.0,0.0,0.0
T14045,"Health, Education, and Physical Culture",0,4,4,0.0,0.0,0.0
T14068,Organic and Inorganic Chemical Reactions,1,3,2,0.0,0.0,0.0
T14081,Linguistic Education and Pedagogy,3,1,-2,0.0,0.0,-0.0
T14083,Extremum Seeking Control Systems,3,1,-2,0.0,0.0,-0.0
T14085,Student Stress and Coping,0,4,4,0.0,0.0,0.0
T14135,Cancer and biochemical research,2,2,0,0.0,0.0,0.0
T14139,E-commerce and Technology Innovations,2,2,0,0.0,0.0,0.0
T14140,Elite Sociology and Global Capitalism,3,1,-2,0.0,0.0,-0.0
T14173,"Education, Healthcare and Sociology Research",4,0,-4,0.0,0.0,-0.0
T14177,Water Resources and Management,4,0,-4,0.0,0.0,-0.0
T14225,Advanced Sensor and Control Systems,3,1,-2,0.0,0.0,-0.0
T14236,Educational Tools and Methods,4,0,-4,0.0,0.0,-0.0
T14283,Diverse Academic Research Areas,4,0,-4,0.0,0.0,-0.0
T14341,"Education, Technology, and Ethics",1,3,2,0.0,0.0,0.0
T14351,Statistical and Computational Modeling,4,0,-4,0.0,0.0,-0.0
T14355,Historical Studies of British Isles,1,3,2,0.0,0.0,0.0
T14406,Multidisciplinary Science and Engineering Research,1,3,2,0.0,0.0,0.0
T14412,Marine and Coastal Research,1,3,2,0.0,0.0,0.0
T14434,Historical and Modern Theater Studies,1,3,2,0.0,0.0,0.0
T14441,"Religion, Theology, History, Judaism, Christianity",2,2,0,0.0,0.0,0.0
T14451,Historical and Religious Studies of Rome,3,1,-2,0.0,0.0,-0.0
T14465,"Leadership, Behavior, and Decision-Making Studies",3,1,-2,0.0,0.0,-0.0
T14506,Historical and Architectural Studies,4,0,-4,0.0,0.0,-0.0
T14516,English Language Learning and Teaching,1,3,2,0.0,0.0,0.0
T10259,Sociology and Education Studies,3,0,-3,0.0,0.0,-0.0
T10312,"Health, Nursing, Elderly Care",3,0,-3,0.0,0.0,-0.0
T10437,Educational theories and practices,2,1,-1,0.0,0.0,-0.0
T10910,Corporate Governance and Management,3,0,-3,0.0,0.0,-0.0
T11067,Colorectal Cancer Treatments and Studies,3,0,-3,0.0,0.0,-0.0
T11092,Spondyloarthritis Studies and Treatments,2,1,-1,0.0,0.0,-0.0
T11157,Chronic Lymphocytic Leukemia Research,3,0,-3,0.0,0.0,-0.0
T11221,Bone health and treatments,3,0,-3,0.0,0.0,-0.0
T11322,Facial Rejuvenation and Surgery Techniques,2,1,-1,0.0,0.0,-0.0
T11377,Retinal and Macular Surgery,2,1,-1,0.0,0.0,-0.0
T11451,Advanced Machining and Optimization Techniques,1,2,1,0.0,0.0,0.0
T11728,Thyroid and Parathyroid Surgery,0,3,3,0.0,0.0,0.0
T11908,Protein Interaction Studies and Fluorescence Analysis,2,1,-1,0.0,0.0,-0.0
T11914,PARP inhibition in cancer therapy,3,0,-3,0.0,0.0,-0.0
T12040,International Arbitration and Investment Law,3,0,-3,0.0,0.0,-0.0
T12055,Boron Compounds in Chemistry,2,1,-1,0.0,0.0,-0.0
T12107,Leprosy Research and Treatment,2,1,-1,0.0,0.0,-0.0
T12173,Body Contouring and Surgery,1,2,1,0.0,0.0,0.0
T12199,Vascular Anomalies and Treatments,3,0,-3,0.0,0.0,-0.0
T12307,Ancient Near East History,3,0,-3,0.0,0.0,-0.0
T12347,Ginger and Zingiberaceae research,2,1,-1,0.0,0.0,-0.0
T12371,Electrical Contact Performance and Analysis,2,1,-1,0.0,0.0,-0.0
T12395,Educational Innovations and Technology,1,2,1,0.0,0.0,0.0
T12429,Chemotherapy-induced organ toxicity mitigation,1,2,1,0.0,0.0,0.0
T12476,Intraoperative Neuromonitoring and Anesthetic Effects,1,2,1,0.0,0.0,0.0
T12498,Latin American Cultural Politics,2,1,-1,0.0,0.0,-0.0
T12541,Graph Labeling and Dimension Problems,3,0,-3,0.0,0.0,-0.0
T12585,North African History and Literature,2,1,-1,0.0,0.0,-0.0
T12609,Latin American socio-political dynamics,1,2,1,0.0,0.0,0.0
T12647,Traditional Chinese Medicine Studies,1,2,1,0.0,0.0,0.0
T12690,Cross-Border Cooperation and Integration,2,1,-1,0.0,0.0,-0.0
T12721,Moringa oleifera research and applications,2,1,-1,0.0,0.0,-0.0
T12734,Information Systems and Technology Applications,1,2,1,0.0,0.0,0.0
T12742,Sunflower and Safflower Cultivation,2,1,-1,0.0,0.0,-0.0
T12746,Sustainable Industrial Ecology,3,0,-3,0.0,0.0,-0.0
T12775,Legal Issues in South Africa,3,0,-3,0.0,0.0,-0.0
T12785,Hong Kong and Taiwan Politics,1,2,1,0.0,0.0,0.0
T12847,Healthcare Systems and Challenges,3,0,-3,0.0,0.0,-0.0
T12850,Field-Flow Fractionation Techniques,2,1,-1,0.0,0.0,-0.0
T12866,Urologic and reproductive health conditions,3,0,-3,0.0,0.0,-0.0
T12922,Business and Economic Development,3,0,-3,0.0,0.0,-0.0
T12927,"Memory, History, Trauma, Identity",0,3,3,0.0,0.0,0.0
T12935,Healthcare Systems and Public Health,3,0,-3,0.0,0.0,-0.0
T12979,Cardiovascular Disease and Adiposity,3,0,-3,0.0,0.0,-0.0
T13011,Latin American rural development,0,3,3,0.0,0.0,0.0
T13024,Literary Theory and Cultural Hermeneutics,0,3,3,0.0,0.0,0.0
T13037,Piperaceae Chemical and Biological Studies,1,2,1,0.0,0.0,0.0
T13045,Industrial Engineering and Technologies,3,0,-3,0.0,0.0,-0.0
T13054,Agricultural and Financial Auditing,3,0,-3,0.0,0.0,-0.0
T13076,"Torture, Ethics, and Law",2,1,-1,0.0,0.0,-0.0
T13088,Legal and Labor Studies,1,2,1,0.0,0.0,0.0
T13090,Medicinal Plant Extracts Effects,1,2,1,0.0,0.0,0.0
T13101,Legal and Social Justice Studies,0,3,3,0.0,0.0,0.0
T13156,Historical Linguistics and Language Studies,2,1,-1,0.0,0.0,-0.0
T13203,Environmental Changes in China,0,3,3,0.0,0.0,0.0
T13206,Neonatal skin health care,2,1,-1,0.0,0.0,-0.0
T13209,Cold Fusion and Nuclear Reactions,2,1,-1,0.0,0.0,-0.0
T13211,"Memory, Trauma, and Testimony",0,3,3,0.0,0.0,0.0
T13212,German Social Sciences and History,3,0,-3,0.0,0.0,-0.0
T13228,Socioeconomic Development in Asia,3,0,-3,0.0,0.0,-0.0
T13230,Synthesis and Reactivity of Heterocycles,2,1,-1,0.0,0.0,-0.0
T13243,Innovation in Digital Healthcare Systems,2,1,-1,0.0,0.0,-0.0
T13250,Semiotics and Representation Studies,0,3,3,0.0,0.0,0.0
T13259,American Jewish Fiction Analysis,2,1,-1,0.0,0.0,-0.0
T13264,Walter Benjamin Studies Compilation,1,2,1,0.0,0.0,0.0
T13266,Indigenous Studies in Latin America,0,3,3,0.0,0.0,0.0
T13268,Photographic and Visual Arts,2,1,-1,0.0,0.0,-0.0
T13292,Embedded Systems and FPGA Applications,1,2,1,0.0,0.0,0.0
T13299,Educational Leadership and Administration,0,3,3,0.0,0.0,0.0
T13306,Geography and Education Methods,0,3,3,0.0,0.0,0.0
T13327,"Arts, Culture, and Music Studies",0,3,3,0.0,0.0,0.0
T13341,Belt Conveyor Systems Engineering,2,1,-1,0.0,0.0,-0.0
T13344,Industrial Automation and Control Systems,1,2,1,0.0,0.0,0.0
T13352,International Relations in Latin America,2,1,-1,0.0,0.0,-0.0
T13386,Educational Methods and Teacher Development,3,0,-3,0.0,0.0,-0.0
T13394,"Ecology, Conservation, and Geographical Studies",3,0,-3,0.0,0.0,-0.0
T13449,Organizational Management and Change,0,3,3,0.0,0.0,0.0
T13452,GDF15 and Related Biomarkers,2,1,-1,0.0,0.0,-0.0
T13467,Drug-Induced Ocular Toxicity,1,2,1,0.0,0.0,0.0
T13473,Economic Zones and Regional Development,2,1,-1,0.0,0.0,-0.0
T13543,Oropharyngeal Anatomy and Pathologies,2,1,-1,0.0,0.0,-0.0
T13544,Women's cancer prevention and management,0,3,3,0.0,0.0,0.0
T13548,Environmental and biological studies,3,0,-3,0.0,0.0,-0.0
T13559,Edcuational Technology Systems,1,2,1,0.0,0.0,0.0
T13615,Transportation Systems and Safety,0,3,3,0.0,0.0,0.0
T13633,Public Health and Social Inequalities,0,3,3,0.0,0.0,0.0
T13655,Canadian Policy and Governance,2,1,-1,0.0,0.0,-0.0
T13661,Reformed Theology and Governance,3,0,-3,0.0,0.0,-0.0
T13665,Legal and cultural studies analysis,0,3,3,0.0,0.0,0.0
T13700,Gender Studies and Social Issues,0,3,3,0.0,0.0,0.0
T13710,European and International Law Studies,3,0,-3,0.0,0.0,-0.0
T13727,Linguistic and Sociocultural Studies,0,3,3,0.0,0.0,0.0
T13738,Congenital Ear and Nasal Anomalies,3,0,-3,0.0,0.0,-0.0
T13762,Education and Labor Relations,1,2,1,0.0,0.0,0.0
T13763,Historical Legal Studies and Society,2,1,-1,0.0,0.0,-0.0
T13805,Adolescent Health and Behaviors,0,3,3,0.0,0.0,0.0
T13814,Cultural and political discourse analysis,2,1,-1,0.0,0.0,-0.0
T13828,Natural Products and Biological Research,3,0,-3,0.0,0.0,-0.0
T13857,Mining and Industrial Processes,3,0,-3,0.0,0.0,-0.0
T13866,Occupational health in dentistry,2,1,-1,0.0,0.0,-0.0
T13908,Scientific and Historical Analyses,1,2,1,0.0,0.0,0.0
T13921,Biological Stains and Phytochemicals,2,1,-1,0.0,0.0,-0.0
T13924,Internet of Things and Social Network Interactions,3,0,-3,0.0,0.0,-0.0
T13936,Physical Education and Gymnastics,1,2,1,0.0,0.0,0.0
T13969,Flooding and Environmental Impact,1,2,1,0.0,0.0,0.0
T13980,Alexander von Humboldt Studies,3,0,-3,0.0,0.0,-0.0
T13990,Engine and Fuel Emissions,1,2,1,0.0,0.0,0.0
T13998,"History, Medicine, and Leadership",1,2,1,0.0,0.0,0.0
T14008,Balkan and Eastern European Studies,3,0,-3,0.0,0.0,-0.0
T14012,Comparative and International Law Studies,2,1,-1,0.0,0.0,-0.0
T14038,"Youth, Politics, and Society",0,3,3,0.0,0.0,0.0
T14073,Diverse Global Research Studies,3,0,-3,0.0,0.0,-0.0
T14078,Multiple and Secondary Primary Cancers,0,3,3,0.0,0.0,0.0
T14080,"Philosophy, Sociology, Political Theory",1,2,1,0.0,0.0,0.0
T14114,Digital Media and Philosophy,0,3,3,0.0,0.0,0.0
T14120,Thallium and Germanium Studies,3,0,-3,0.0,0.0,-0.0
T14126,Intramuscular injections and effects,1,2,1,0.0,0.0,0.0
T14166,European Monetary and Fiscal Policies,1,2,1,0.0,0.0,0.0
T14179,Waste Management and Recycling,0,3,3,0.0,0.0,0.0
T14192,"Literature, Film, and Journalism Analysis",2,1,-1,0.0,0.0,-0.0
T14200,"Medical, Sociocultural, and Biopolitical Studies",1,2,1,0.0,0.0,0.0
T14223,Ayn Rand and Brontë studies,1,2,1,0.0,0.0,0.0
T14258,Legal and Policy Issues,3,0,-3,0.0,0.0,-0.0
T14266,"Interdisciplinary Studies: Technology, Society, and Humanities",0,3,3,0.0,0.0,0.0
T14272,Agricultural and Food Production Studies,1,2,1,0.0,0.0,0.0
T14300,Legal and Social Philosophy,0,3,3,0.0,0.0,0.0
T14305,Modern American Literature Studies,3,0,-3,0.0,0.0,-0.0
T14311,Electrical and Electromagnetic Research,0,3,3,0.0,0.0,0.0
T14314,"Violence, Religion, and Philosophy",3,0,-3,0.0,0.0,-0.0
T14318,Polydiacetylene-based materials and applications,3,0,-3,0.0,0.0,-0.0
T14326,Ear and Head Tumors,2,1,-1,0.0,0.0,-0.0
T14337,"Religious, Philosophical, and Educational Studies",0,3,3,0.0,0.0,0.0
T14344,Pathogenesis and Treatment of Hiccups,2,1,-1,0.0,0.0,-0.0
T14367,Logistics and Infrastructure Analysis,2,1,-1,0.0,0.0,-0.0
T14371,Hume's philosophy and hair distribution,0,3,3,0.0,0.0,0.0
T14403,Educational Challenges and Innovations,3,0,-3,0.0,0.0,-0.0
T14426,"Religion, Gender, and Enlightenment",2,1,-1,0.0,0.0,-0.0
T14429,Global Political and Social Dynamics,0,3,3,0.0,0.0,0.0
T14436,Employee Performance and Leadership,0,3,3,0.0,0.0,0.0
T14443,"COVID-19, Geopolitics, Technology, Migration",0,3,3,0.0,0.0,0.0
T14491,Diverse academic and cultural studies,3,0,-3,0.0,0.0,-0.0
T14504,Diverse Academic Research Analysis,0,3,3,0.0,0.0,0.0
T14511,"Medicine, History, and Philosophy",0,3,3,0.0,0.0,0.0
T14514,Medical Research and Practices,3,0,-3,0.0,0.0,-0.0
T10356,Orthodontics and Dentofacial Orthopedics,0,2,2,0.0,0.0,0.0
T11347,Neural Networks Stability and Synchronization,2,0,-2,0.0,0.0,-0.0
T11794,Early Modern Spanish Literature,0,2,2,0.0,0.0,0.0
T11892,Kawasaki Disease and Coronary Complications,1,1,0,0.0,0.0,0.0
T12059,Berberine and alkaloids research,2,0,-2,0.0,0.0,-0.0
T12109,"Race, Identity, and Education in Brazil",0,2,2,0.0,0.0,0.0
T12148,Brazilian Legal Issues,0,2,2,0.0,0.0,0.0
T12164,Education Practices and Challenges,1,1,0,0.0,0.0,0.0
T12165,Environmental Sustainability and Education,2,0,-2,0.0,0.0,-0.0
T12200,Heusler alloys: electronic and magnetic properties,2,0,-2,0.0,0.0,-0.0
T12239,Construction Management and Sustainability,1,1,0,0.0,0.0,0.0
T12273,Latin American Urban Studies,1,1,0,0.0,0.0,0.0
T12299,Radiation Shielding Materials Analysis,1,1,0,0.0,0.0,0.0
T12374,European and International Contract Law,2,0,-2,0.0,0.0,-0.0
T12484,Retinopathy of Prematurity Studies,2,0,-2,0.0,0.0,-0.0
T12556,Educational Methods and Analysis,0,2,2,0.0,0.0,0.0
T12590,STEM Education,0,2,2,0.0,0.0,0.0
T12662,Digitalization and Economic Development in Agriculture,0,2,2,0.0,0.0,0.0
T12669,Comparative International Legal Studies,1,1,0,0.0,0.0,0.0
T12707,Vehicle License Plate Recognition,1,1,0,0.0,0.0,0.0
T12710,Engineering and Agricultural Innovations,1,1,0,0.0,0.0,0.0
T12711,Immigration and Intercultural Education,2,0,-2,0.0,0.0,-0.0
T12758,Saffron Plant Research Studies,2,0,-2,0.0,0.0,-0.0
T12798,Religious Tourism and Spaces,1,1,0,0.0,0.0,0.0
T12806,Ocean Acidification Effects and Responses,2,0,-2,0.0,0.0,-0.0
T12818,"Pneumothorax, Barotrauma, Emphysema",2,0,-2,0.0,0.0,-0.0
T12830,Pectus Deformity Diagnosis and Treatment,1,1,0,0.0,0.0,0.0
T12839,Emile Durkheim and Sociology,0,2,2,0.0,0.0,0.0
T12844,Psychology and Mental Health,0,2,2,0.0,0.0,0.0
T12901,Tattoo and Body Piercing Complications,1,1,0,0.0,0.0,0.0
T12936,"Conflict, Peace, and Violence in Colombia",1,1,0,0.0,0.0,0.0
T12960,Heterotopic Ossification and Related Conditions,1,1,0,0.0,0.0,0.0
T12972,German Colonialism and Identity Studies,2,0,-2,0.0,0.0,-0.0
T12975,Paraoxonase enzyme and polymorphisms,1,1,0,0.0,0.0,0.0
T12987,Religion and Society in Latin America,0,2,2,0.0,0.0,0.0
T13004,Vitamin K Research Studies,1,1,0,0.0,0.0,0.0
T13010,Agriculture and Agroindustry Studies,0,2,2,0.0,0.0,0.0
T13012,Coenzyme Q10 studies and effects,2,0,-2,0.0,0.0,-0.0
T13017,Zygmunt Bauman's Sociology,0,2,2,0.0,0.0,0.0
T13028,Literature and Culture Studies,0,2,2,0.0,0.0,0.0
T13068,Ancient Mediterranean Archaeology and History,1,1,0,0.0,0.0,0.0
T13082,Water and Land Management,1,1,0,0.0,0.0,0.0
T13130,Biological and pharmacological studies of plants,2,0,-2,0.0,0.0,-0.0
T13148,Environmental and Air Quality Management,0,2,2,0.0,0.0,0.0
T13153,Rousseau and Enlightenment Thought,1,1,0,0.0,0.0,0.0
T13172,Economic Issues in Ukraine,2,0,-2,0.0,0.0,-0.0
T13181,Economic and Technological Systems Analysis,2,0,-2,0.0,0.0,-0.0
T13189,Physical Education and Training Studies,1,1,0,0.0,0.0,0.0
T13192,Forensic Fingerprint Detection Methods,2,0,-2,0.0,0.0,-0.0
T13210,Historical Turkish Studies,1,1,0,0.0,0.0,0.0
T13227,Diverse Global Economic and Educational Challenges,2,0,-2,0.0,0.0,-0.0
T13231,"History, Culture, and Diplomacy",1,1,0,0.0,0.0,0.0
T13239,Phosphorus compounds and reactions,1,1,0,0.0,0.0,0.0
T13245,Samuel Beckett and Modernism,1,1,0,0.0,0.0,0.0
T13260,Linguistics and Language Studies,1,1,0,0.0,0.0,0.0
T13275,Medical and Health Sciences Research,0,2,2,0.0,0.0,0.0
T13278,Economic and Business Development Strategies,2,0,-2,0.0,0.0,-0.0
T13313,Dupuytren's Contracture and Treatments,1,1,0,0.0,0.0,0.0
T13318,Diverse Scientific Research in Ukraine,2,0,-2,0.0,0.0,-0.0
T13335,Pharmacological Effects of Medicinal Plants,1,1,0,0.0,0.0,0.0
T13359,Sports Science and Education,2,0,-2,0.0,0.0,-0.0
T13409,Paleopathology and ancient diseases,2,0,-2,0.0,0.0,-0.0
T13421,"Contemporary art, education, critique",2,0,-2,0.0,0.0,-0.0
T13429,Electricity Theft Detection Techniques,1,1,0,0.0,0.0,0.0
T13433,Short Stories in Global Literature,1,1,0,0.0,0.0,0.0
T13437,Mechanisms of cancer metastasis,0,2,2,0.0,0.0,0.0
T13479,Food Science and Nutritional Studies,2,0,-2,0.0,0.0,-0.0
T13482,Engineering Education and Technology,2,0,-2,0.0,0.0,-0.0
T13485,Marine and Coastal Ecosystems,0,2,2,0.0,0.0,0.0
T13491,Social and Political Issues,1,1,0,0.0,0.0,0.0
T13519,Historical Architecture and Urbanism,1,1,0,0.0,0.0,0.0
T13520,Architectural and Urban Studies,2,0,-2,0.0,0.0,-0.0
T13545,Philosophical and Theoretical Analysis,1,1,0,0.0,0.0,0.0
T13576,"Cyprus History, Politics, Society",2,0,-2,0.0,0.0,-0.0
T13577,Sephardic Jews and Inquisition Studies,1,1,0,0.0,0.0,0.0
T13579,Image and Video Stabilization,1,1,0,0.0,0.0,0.0
T13583,Jury Decision Making Processes,2,0,-2,0.0,0.0,-0.0
T13602,Educational Methods and Media Use,2,0,-2,0.0,0.0,-0.0
T13614,Social and Economic Solidarity,0,2,2,0.0,0.0,0.0
T13621,Ancient and Medieval Archaeology Studies,1,1,0,0.0,0.0,0.0
T13653,"Commonwealth, Australian Politics and Federalism",2,0,-2,0.0,0.0,-0.0
T13659,Ombudsman and Human Rights,1,1,0,0.0,0.0,0.0
T13677,Magnolia and Illicium research,1,1,0,0.0,0.0,0.0
T13684,Political Dynamics in Latin America,0,2,2,0.0,0.0,0.0
T13696,Technology's Impact on Media,2,0,-2,0.0,0.0,-0.0
T13697,Biliary and Gastrointestinal Fistulas,1,1,0,0.0,0.0,0.0
T13703,Attention Economy in Education and Business,2,0,-2,0.0,0.0,-0.0
T13707,"Literature, Language, and Rhetoric Studies",2,0,-2,0.0,0.0,-0.0
T13708,History of Emotions Research,1,1,0,0.0,0.0,0.0
T13725,Pineapple and bromelain studies,2,0,-2,0.0,0.0,-0.0
T13742,Metallurgy and Cultural Artifacts,2,0,-2,0.0,0.0,-0.0
T13744,Financial Literacy and Behavior,1,1,0,0.0,0.0,0.0
T13749,"Hungarian Social, Economic and Educational Studies",2,0,-2,0.0,0.0,-0.0
T13754,Central European and Russian historical studies,1,1,0,0.0,0.0,0.0
T13767,Leech Biology and Applications,1,1,0,0.0,0.0,0.0
T13769,Fusion and Plasma Physics Studies,2,0,-2,0.0,0.0,-0.0
T13773,International Labor and Employment Law,0,2,2,0.0,0.0,0.0
T13776,Phytochemical and Pharmacological Studies,2,0,-2,0.0,0.0,-0.0
T13792,Morinda citrifolia extract uses,2,0,-2,0.0,0.0,-0.0
T13799,Media and Communication Studies,0,2,2,0.0,0.0,0.0
T13815,Islamic Thought and Society Studies,0,2,2,0.0,0.0,0.0
T13816,Advanced Signal Processing Techniques,0,2,2,0.0,0.0,0.0
T13826,"Bangladesh Politics, Society, and Development",1,1,0,0.0,0.0,0.0
T13832,Advanced Decision-Making Techniques,2,0,-2,0.0,0.0,-0.0
T13834,Whipple's Disease and Interleukins,1,1,0,0.0,0.0,0.0
T13858,Technical Engine Diagnostics and Monitoring,0,2,2,0.0,0.0,0.0
T13869,Ocular and Laser Science Research,2,0,-2,0.0,0.0,-0.0
T13871,Melamine detection and toxicity,2,0,-2,0.0,0.0,-0.0
T13881,Sociology and Norbert Elias,2,0,-2,0.0,0.0,-0.0
T13912,"Language, Linguistics, Cultural Analysis",2,0,-2,0.0,0.0,-0.0
T13942,International Human Rights and Reproductive Law,1,1,0,0.0,0.0,0.0
T13964,Educational Technology and Optimization,2,0,-2,0.0,0.0,-0.0
T13965,Laser and Thermal Forming Techniques,2,0,-2,0.0,0.0,-0.0
T13983,Cybersecurity and Information Systems,1,1,0,0.0,0.0,0.0
T13989,Labour Market and Migration,0,2,2,0.0,0.0,0.0
T14000,"Cultural, Social, and Media Studies",0,2,2,0.0,0.0,0.0
T14003,Labor Law and Work Dynamics,0,2,2,0.0,0.0,0.0
T14015,Otitis Media and Relapsing Polychondritis,1,1,0,0.0,0.0,0.0
T14021,Medieval European Literature and History,2,0,-2,0.0,0.0,-0.0
T14035,"Literature, Culture, and Aesthetics",0,2,2,0.0,0.0,0.0
T14037,Arabic Language Education Studies,0,2,2,0.0,0.0,0.0
T14048,Silkworms and Sericulture Research,0,2,2,0.0,0.0,0.0
T14053,Dengue and Mosquito Control Research,2,0,-2,0.0,0.0,-0.0
T14063,Diverse Philosophical and Cultural Studies,0,2,2,0.0,0.0,0.0
T14077,Socio-political and Technological Issues,2,0,-2,0.0,0.0,-0.0
T14094,Italy: Economic History and Contemporary Issues,2,0,-2,0.0,0.0,-0.0
T14096,Advancements in Materials Engineering,2,0,-2,0.0,0.0,-0.0
T14111,Diverse Research Studies Overview,1,1,0,0.0,0.0,0.0
T14116,Aviation History and Innovations,0,2,2,0.0,0.0,0.0
T14142,Multicultural Socio-Legal Studies,2,0,-2,0.0,0.0,-0.0
T14151,Literary Analysis and Cultural Studies,1,1,0,0.0,0.0,0.0
T14165,Inflammation biomarkers and pathways,1,1,0,0.0,0.0,0.0
T14186,Healthcare Systems and Practices,0,2,2,0.0,0.0,0.0
T14189,Intravenous Infusion Technology and Safety,2,0,-2,0.0,0.0,-0.0
T14195,Linguistic and Cultural Studies,0,2,2,0.0,0.0,0.0
T14205,Education and Art Integration,1,1,0,0.0,0.0,0.0
T14216,Multimedia Learning Systems,0,2,2,0.0,0.0,0.0
T14222,Knowledge Management and Technology,2,0,-2,0.0,0.0,-0.0
T14227,Educational Practices and Challenges,2,0,-2,0.0,0.0,-0.0
T14228,Religion and Sociopolitical Dynamics in Nigeria,2,0,-2,0.0,0.0,-0.0
T14235,"Linguistic, Cultural, and Literary Studies",2,0,-2,0.0,0.0,-0.0
T14250,Energy and Environmental Systems,1,1,0,0.0,0.0,0.0
T14286,Parkinson's Disease and Spinal Disorders,2,0,-2,0.0,0.0,-0.0
T14287,Music Education and Analysis,0,2,2,0.0,0.0,0.0
T14312,Historical Studies in Central America,2,0,-2,0.0,0.0,-0.0
T14317,"Finance, Markets, and Regulation",1,1,0,0.0,0.0,0.0
T14319,Currency Recognition and Detection,2,0,-2,0.0,0.0,-0.0
T14321,"Religion, Theology, and Education",2,0,-2,0.0,0.0,-0.0
T14336,Land Use and Management,2,0,-2,0.0,0.0,-0.0
T14338,"Leadership, Human Resources, Global Affairs",1,1,0,0.0,0.0,0.0
T14342,"Military, Security, and Education Studies",2,0,-2,0.0,0.0,-0.0
T14358,Healthcare Quality and Satisfaction,0,2,2,0.0,0.0,0.0
T14370,"Economic, Social, and Health Studies",2,0,-2,0.0,0.0,-0.0
T14375,"Cultural, Linguistic, Economic Studies",2,0,-2,0.0,0.0,-0.0
T14388,Medieval European History and Architecture,2,0,-2,0.0,0.0,-0.0
T14398,Agriculture and Social Issues,2,0,-2,0.0,0.0,-0.0
T14416,"Health, Technology, Consumer Behavior",0,2,2,0.0,0.0,0.0
T14418,"Development, Ethics, and Society",1,1,0,0.0,0.0,0.0
T14430,Higher Education and Teaching Methods,2,0,-2,0.0,0.0,-0.0
T14466,"Migration, Health, Geopolitics, Historical Geography",1,1,0,0.0,0.0,0.0
T14474,Industrial Technology and Control Systems,2,0,-2,0.0,0.0,-0.0
T14481,Renewable Energy and Sustainability,2,0,-2,0.0,0.0,-0.0
T14483,Education and Teacher Training,2,0,-2,0.0,0.0,-0.0
T14486,"Cardiovascular, Neuropeptides, and Oxidative Stress Research",2,0,-2,0.0,0.0,-0.0
T14490,Human Rights and Immigration,2,0,-2,0.0,0.0,-0.0
T14492,"War, Law, and Justice",0,2,2,0.0,0.0,0.0
T14501,Global Economic and Social Development,2,0,-2,0.0,0.0,-0.0
T10153,"Education, sociology, and vocational training",0,1,1,0.0,0.0,0.0
T11555,Methodologies in Health Research and Practice,1,0,-1,0.0,0.0,-0.0
T11726,Organizational Management and Innovation,1,0,-1,0.0,0.0,-0.0
T11766,Iron-based superconductors research,1,0,-1,0.0,0.0,-0.0
T11802,Chemical Looping and Thermochemical Processes,0,1,1,0.0,0.0,0.0
T11812,Nasal Surgery and Airway Studies,0,1,1,0.0,0.0,0.0
T11876,Legal Studies and Policies,1,0,-1,0.0,0.0,-0.0
T11931,Organoselenium and organotellurium chemistry,0,1,1,0.0,0.0,0.0
T12255,Biosimilars and Bioanalytical Methods,1,0,-1,0.0,0.0,-0.0
T12260,Educational Technology and Pedagogy,0,1,1,0.0,0.0,0.0
T12326,Network Packet Processing and Optimization,1,0,-1,0.0,0.0,-0.0
T12330,Botanical Research and Applications,1,0,-1,0.0,0.0,-0.0
T12376,Corporate Management and Leadership,0,1,1,0.0,0.0,0.0
T12446,Economic Growth and Fiscal Policies,1,0,-1,0.0,0.0,-0.0
T12491,Superconductivity in MgB2 and Alloys,1,0,-1,0.0,0.0,-0.0
T12511,Medieval and Classical Philosophy,1,0,-1,0.0,0.0,-0.0
T12512,History of Colonial Brazil,0,1,1,0.0,0.0,0.0
T12623,"Cultural, Media, and Literary Studies",0,1,1,0.0,0.0,0.0
T12641,Historical and socio-economic studies of Spain and related regions,1,0,-1,0.0,0.0,-0.0
T12658,Language and Culture,0,1,1,0.0,0.0,0.0
T12667,Economic and Technological Developments in Russia,1,0,-1,0.0,0.0,-0.0
T12680,Cultural and Mythological Studies,0,1,1,0.0,0.0,0.0
T12687,Public Administration in Developing Nations,0,1,1,0.0,0.0,0.0
T12712,Myofascial pain diagnosis and treatment,0,1,1,0.0,0.0,0.0
T12726,Philosophical and Cultural Analysis,0,1,1,0.0,0.0,0.0
T12739,Historical Studies on Spain,1,0,-1,0.0,0.0,-0.0
T12764,Polish Historical and Cultural Studies,1,0,-1,0.0,0.0,-0.0
T12826,Education Methods and Technologies,1,0,-1,0.0,0.0,-0.0
T12842,"Youth, Drugs, and Violence",1,0,-1,0.0,0.0,-0.0
T12900,Organ and Tissue Transplantation Research,1,0,-1,0.0,0.0,-0.0
T12954,Law and Political Science,1,0,-1,0.0,0.0,-0.0
T12969,Economic and Social Development,1,0,-1,0.0,0.0,-0.0
T12973,Synthesis of Indole Derivatives,1,0,-1,0.0,0.0,-0.0
T13003,Regional Development and Environment,1,0,-1,0.0,0.0,-0.0
T13006,Spanish History and Politics,1,0,-1,0.0,0.0,-0.0
T13016,Innovative Educational Technologies,1,0,-1,0.0,0.0,-0.0
T13020,Heat Transfer and Mathematical Modeling,0,1,1,0.0,0.0,0.0
T13022,Health and Medical Studies,1,0,-1,0.0,0.0,-0.0
T13033,Social Sciences and Governance,1,0,-1,0.0,0.0,-0.0
T13041,Contemporary Social and Economic Issues,1,0,-1,0.0,0.0,-0.0
T13043,Youth Culture and Social Dynamics,0,1,1,0.0,0.0,0.0
T13073,China's Ethnic Minorities and Relations,0,1,1,0.0,0.0,0.0
T13078,Political and Social Dynamics in Chile and Latin America,1,0,-1,0.0,0.0,-0.0
T13087,Simone de Beauvoir and Sartre,0,1,1,0.0,0.0,0.0
T13097,Male Breast Health Studies,1,0,-1,0.0,0.0,-0.0
T13118,Psychological Treatments and Disorders,0,1,1,0.0,0.0,0.0
T13119,Philosophy and Social Theory,0,1,1,0.0,0.0,0.0
T13122,Linguistics and Cultural Studies,1,0,-1,0.0,0.0,-0.0
T13152,French Language Learning Methods,0,1,1,0.0,0.0,0.0
T13178,Theology and Canon Law Studies,1,0,-1,0.0,0.0,-0.0
T13191,Dispute Resolution and Class Actions,1,0,-1,0.0,0.0,-0.0
T13195,Medieval Iberian Studies,1,0,-1,0.0,0.0,-0.0
T13202,Pharmacology and Nanomedicine Research,0,1,1,0.0,0.0,0.0
T13223,Connective Tissue Growth Factor Research,1,0,-1,0.0,0.0,-0.0
T13244,Analysis of environmental and stochastic processes,1,0,-1,0.0,0.0,-0.0
T13265,Synthesis of Tetrazole Derivatives,1,0,-1,0.0,0.0,-0.0
T13273,Knowledge Management in Higher Education,0,1,1,0.0,0.0,0.0
T13288,"Banking, Crisis Management, COVID-19 Impact",1,0,-1,0.0,0.0,-0.0
T13302,Amazonian Archaeology and Ethnohistory,0,1,1,0.0,0.0,0.0
T13322,Hibiscus Plant Research Studies,1,0,-1,0.0,0.0,-0.0
T13356,Early Modern Women Writers,1,0,-1,0.0,0.0,-0.0
T13361,Coconut Research and Applications,1,0,-1,0.0,0.0,-0.0
T13367,Cultural and Sociopolitical Studies,1,0,-1,0.0,0.0,-0.0
T13384,Regional Economic Development and Innovation,1,0,-1,0.0,0.0,-0.0
T13389,German Economic Analysis & Policies,1,0,-1,0.0,0.0,-0.0
T13390,Cultural and Social Dynamics,1,0,-1,0.0,0.0,-0.0
T13392,History of Education in Spain,0,1,1,0.0,0.0,0.0
T13399,Unemployment and Economic Growth,0,1,1,0.0,0.0,0.0
T13401,Social and Cultural Studies,0,1,1,0.0,0.0,0.0
T13420,Arduino and IoT Applications,0,1,1,0.0,0.0,0.0
T13424,"Ukraine: War, Education, Health",0,1,1,0.0,0.0,0.0
T13432,Environmental Sustainability and Technology,0,1,1,0.0,0.0,0.0
T13436,Space Technology and Applications,0,1,1,0.0,0.0,0.0
T13441,Ottoman Empire History and Society,0,1,1,0.0,0.0,0.0
T13442,Geochemistry and Geochronology of Asian Mineral Deposits,0,1,1,0.0,0.0,0.0
T13444,Medical Research and Treatments,1,0,-1,0.0,0.0,-0.0
T13446,"Antioxidants, Aging, Portulaca oleracea",1,0,-1,0.0,0.0,-0.0
T13458,Astronomical and nuclear sciences,1,0,-1,0.0,0.0,-0.0
T13462,Spanish Philosophy and Literature,0,1,1,0.0,0.0,0.0
T13466,Comparative Literary Analysis and Criticism,0,1,1,0.0,0.0,0.0
T13483,Herbal Medicine Research Studies,1,0,-1,0.0,0.0,-0.0
T13486,"Literature, Magical Realism, García Márquez",1,0,-1,0.0,0.0,-0.0
T13489,Synthesis of β-Lactam Compounds,1,0,-1,0.0,0.0,-0.0
T13492,"Science, Technology, and Education in Latin America",0,1,1,0.0,0.0,0.0
T13496,Advertising and Communication Studies,1,0,-1,0.0,0.0,-0.0
T13499,Economic Systems and Logistics Management,0,1,1,0.0,0.0,0.0
T13517,Environmental and Industrial Safety,0,1,1,0.0,0.0,0.0
T13522,Cardiovascular Health and Risk Factors,0,1,1,0.0,0.0,0.0
T13537,"German legal, social, and political studies",1,0,-1,0.0,0.0,-0.0
T13554,Brazilian cultural history and politics,1,0,-1,0.0,0.0,-0.0
T13571,"Corporeality, Perception, and Education",0,1,1,0.0,0.0,0.0
T13573,"Government, Law, and Information Management",1,0,-1,0.0,0.0,-0.0
T13589,Literary and Cultural Studies,1,0,-1,0.0,0.0,-0.0
T13608,Advanced Computational Techniques in Science and Engineering,1,0,-1,0.0,0.0,-0.0
T13610,"Society, Economy, and Ethics Research",0,1,1,0.0,0.0,0.0
T13612,Advanced Scientific and Engineering Studies,1,0,-1,0.0,0.0,-0.0
T13620,Education for Peace and Conflict Resolution,0,1,1,0.0,0.0,0.0
T13624,Social Sciences and Policies,1,0,-1,0.0,0.0,-0.0
T13630,Agriculture Market Analysis Ukraine,1,0,-1,0.0,0.0,-0.0
T13644,Control Systems in Engineering,0,1,1,0.0,0.0,0.0
T13646,Qur’anic Interpretation Studies,0,1,1,0.0,0.0,0.0
T13647,AI and Big Data Applications,1,0,-1,0.0,0.0,-0.0
T13657,Aortic Thrombus and Embolism,0,1,1,0.0,0.0,0.0
T13658,Education and Professional Development,1,0,-1,0.0,0.0,-0.0
T13671,Philosophy and Phenomenology Studies,0,1,1,0.0,0.0,0.0
T13687,Extractivism and Socioeconomic Issues,0,1,1,0.0,0.0,0.0
T13688,Shallot Cultivation and Analysis,0,1,1,0.0,0.0,0.0
T13694,Immigration Law and Human Rights,0,1,1,0.0,0.0,0.0
T13711,Environmental Science and Technology,1,0,-1,0.0,0.0,-0.0
T13731,Advanced Computing and Algorithms,1,0,-1,0.0,0.0,-0.0
T13732,"Aerospace, Electronics, Mathematical Modeling",1,0,-1,0.0,0.0,-0.0
T13741,Cross-Cultural and Social Analysis,0,1,1,0.0,0.0,0.0
T13758,Energy Law and Policy,0,1,1,0.0,0.0,0.0
T13760,"Finance, Taxation, and Governance",1,0,-1,0.0,0.0,-0.0
T13768,Oral and gingival health research,1,0,-1,0.0,0.0,-0.0
T13771,Advanced Research in Science and Engineering,1,0,-1,0.0,0.0,-0.0
T13778,Comparative and World Literature,1,0,-1,0.0,0.0,-0.0
T13787,"Globalization, Historical Perspectives, and International Relations",1,0,-1,0.0,0.0,-0.0
T13797,Probabilistic Statistics in Medicine,1,0,-1,0.0,0.0,-0.0
T13807,Cultural Insights and Digital Impacts,1,0,-1,0.0,0.0,-0.0
T13810,Legal Systems and Institutions,0,1,1,0.0,0.0,0.0
T13829,"Health, Work, and Social Studies in Poland",1,0,-1,0.0,0.0,-0.0
T13830,Educational Curriculum and Learning Methods,1,0,-1,0.0,0.0,-0.0
T13831,Archaeological and Geological Studies,1,0,-1,0.0,0.0,-0.0
T13843,African Sexualities and LGBTQ+ Issues,1,0,-1,0.0,0.0,-0.0
T13870,Environmental and Ecological Studies,1,0,-1,0.0,0.0,-0.0
T13873,Educational Methods and Technology,0,1,1,0.0,0.0,0.0
T13875,Legal Studies and Reforms,1,0,-1,0.0,0.0,-0.0
T13876,Chemical synthesis and pharmacological studies,0,1,1,0.0,0.0,0.0
T13903,Innovative Educational Techniques,1,0,-1,0.0,0.0,-0.0
T13906,Social Issues and Policies,0,1,1,0.0,0.0,0.0
T13914,European Cultural and National Identity,0,1,1,0.0,0.0,0.0
T13932,"Education, Technology, and Economics",1,0,-1,0.0,0.0,-0.0
T13945,"Legal, Health, Environmental and COVID-19 Challenges",0,1,1,0.0,0.0,0.0
T13954,Aerospace Engineering and Applications,1,0,-1,0.0,0.0,-0.0
T13962,Omental and Epiploic Conditions,0,1,1,0.0,0.0,0.0
T13968,Contemporary Cultural and Social Studies,1,0,-1,0.0,0.0,-0.0
T13977,Geography and Environmental Studies in Latin America,1,0,-1,0.0,0.0,-0.0
T13978,Foreign Language Teaching Methods,1,0,-1,0.0,0.0,-0.0
T13985,Enterprise Management and Information Systems,1,0,-1,0.0,0.0,-0.0
T14020,Medical research and treatments,0,1,1,0.0,0.0,0.0
T14028,Healthcare and Venom Research,1,0,-1,0.0,0.0,-0.0
T14034,Musicians’ Health and Performance,1,0,-1,0.0,0.0,-0.0
T14036,Literary and Philosophical Studies,1,0,-1,0.0,0.0,-0.0
T14042,Technology and Security Systems,1,0,-1,0.0,0.0,-0.0
T14054,Humic Substances and Bio-Organic Studies,1,0,-1,0.0,0.0,-0.0
T14057,Hypertrophic osteoarthropathy and related conditions,1,0,-1,0.0,0.0,-0.0
T14058,Value Engineering and Management,1,0,-1,0.0,0.0,-0.0
T14084,Methodology and Impact of Social Science Research,1,0,-1,0.0,0.0,-0.0
T14093,Global Health and Epidemiology,1,0,-1,0.0,0.0,-0.0
T14103,Educational Management and Quality,0,1,1,0.0,0.0,0.0
T14129,Economic and Business Studies,0,1,1,0.0,0.0,0.0
T14131,Giambattista Vico and Joyce,1,0,-1,0.0,0.0,-0.0
T14148,Kierkegaardian Philosophy and Influence,1,0,-1,0.0,0.0,-0.0
T14155,Advanced Technology in Applications,1,0,-1,0.0,0.0,-0.0
T14171,"Education, Law, and Society",1,0,-1,0.0,0.0,-0.0
T14175,Intuitionistic Fuzzy Systems Applications,1,0,-1,0.0,0.0,-0.0
T14194,Bioactive Compounds in Plants,0,1,1,0.0,0.0,0.0
T14197,Historical Studies of Medieval Iberia,1,0,-1,0.0,0.0,-0.0
T14202,"Sustainability, Governance, and Employment Studies",1,0,-1,0.0,0.0,-0.0
T14211,Diverse academic research themes,1,0,-1,0.0,0.0,-0.0
T14226,"Migration, Racism, and Human Rights",0,1,1,0.0,0.0,0.0
T14231,New Zealand Economic and Social Studies,1,0,-1,0.0,0.0,-0.0
T14233,Diverse Topics in Contemporary Research,1,0,-1,0.0,0.0,-0.0
T14239,"Business, Education, Mathematics Research",1,0,-1,0.0,0.0,-0.0
T14241,Evasion and Academic Success Factors,1,0,-1,0.0,0.0,-0.0
T14243,Creative Drama in Education,1,0,-1,0.0,0.0,-0.0
T14245,Biomarkers in Disease Mechanisms,1,0,-1,0.0,0.0,-0.0
T14247,"Borges, Kipling, and Jewish Identity",1,0,-1,0.0,0.0,-0.0
T14252,Water and Wastewater Treatment,1,0,-1,0.0,0.0,-0.0
T14255,European Law and Migration,1,0,-1,0.0,0.0,-0.0
T14264,"Law, Ethics, and AI Impact",1,0,-1,0.0,0.0,-0.0
T14273,"Cultural, Psychoanalytic, and Sociopolitical Reflections",1,0,-1,0.0,0.0,-0.0
T14279,Academic Research and Education Studies,1,0,-1,0.0,0.0,-0.0
T14295,Families in Therapy and Culture,1,0,-1,0.0,0.0,-0.0
T14328,Diverse scientific research topics,1,0,-1,0.0,0.0,-0.0
T14331,Medicinal Plant Pharmacodynamics Research,1,0,-1,0.0,0.0,-0.0
T14363,Optical properties and cooling technologies in crystalline materials,1,0,-1,0.0,0.0,-0.0
T14379,Diverse Cultural and Historical Studies,1,0,-1,0.0,0.0,-0.0
T14385,Franz Kafka Literary Studies,1,0,-1,0.0,0.0,-0.0
T14387,Environmental Engineering and Cultural Studies,1,0,-1,0.0,0.0,-0.0
T14397,Legal and Policy Analysis in Indonesia,1,0,-1,0.0,0.0,-0.0
T14407,Athletic Training and Education,0,1,1,0.0,0.0,0.0
T14415,Biomedical Research and Pathophysiology,1,0,-1,0.0,0.0,-0.0
T14417,Central Asia Education and Culture,0,1,1,0.0,0.0,0.0
T14431,Diverse Research and Applications,1,0,-1,0.0,0.0,-0.0
T14435,Information Retrieval and Data Mining,1,0,-1,0.0,0.0,-0.0
T14450,Employee Welfare and Language Studies,1,0,-1,0.0,0.0,-0.0
T14452,Mexican Socioeconomic and Environmental Dynamics,1,0,-1,0.0,0.0,-0.0
T14457,Intellectual Property Rights and Media,0,1,1,0.0,0.0,0.0
T14461,Medicinal Plant Studies,1,0,-1,0.0,0.0,-0.0
T14462,Educational Methods and Impacts,1,0,-1,0.0,0.0,-0.0
T14463,Diverse Scientific Research Studies,1,0,-1,0.0,0.0,-0.0
T14478,Papaya Research and Applications,1,0,-1,0.0,0.0,-0.0
T14482,Education Practices and Evaluation,1,0,-1,0.0,0.0,-0.0
T14485,Language Acquisition and Education,1,0,-1,0.0,0.0,-0.0
T14489,Basque language and culture studies,1,0,-1,0.0,0.0,-0.0
T14515,International Law and Aviation,1,0,-1,0.0,0.0,-0.0
