topic_id,display_name,works_old,works_new,change,share_old,share_new,share_change_pts
T11475,French Urban and Social Studies,4320,673,-3647,0.0377,0.0059,-3.19
T10527,High-Energy Particle Collisions Research,1456,1523,67,0.0127,0.0133,0.05
T10153,"Education, sociology, and vocational training",1876,468,-1408,0.0164,0.0041,-1.23
T10406,Planetary Science and Exploration,696,832,136,0.0061,0.0072,0.12
T10649,Multiple Myeloma Research and Treatments,689,733,44,0.006,0.0064,0.04
T13641,Historical Studies and Socio-cultural Analysis,1242,78,-1164,0.0109,0.0007,-1.02
T10571,Robotic Mechanisms and Dynamics,541,707,166,0.0047,0.0062,0.14
T10325,Astro and Planetary Science,459,677,218,0.004,0.0059,0.19
T13033,Social Sciences and Governance,1031,54,-977,0.009,0.0005,-0.85
T13621,Ancient and Medieval Archaeology Studies,283,768,485,0.0025,0.0067,0.42
T12909,French Historical and Cultural Studies,454,566,112,0.004,0.0049,0.1
T13099,"Health, Medicine and Society",1002,16,-986,0.0088,0.0001,-0.86
T12788,Space Science and Extraterrestrial Life,38,917,879,0.0003,0.008,0.77
T13831,Archaeological and Geological Studies,341,605,264,0.003,0.0053,0.23
T11022,Spectral Theory in Mathematical Physics,314,569,255,0.0027,0.005,0.22
T10346,Magnetic confinement fusion research,850,3,-847,0.0074,0.0,-0.74
T10069,Antenna Design and Analysis,337,499,162,0.0029,0.0043,0.14
T10018,Advancements in Battery Materials,363,441,78,0.0032,0.0038,0.07
T10647,Coastal and Marine Dynamics,224,560,336,0.002,0.0049,0.29
T10093,Nuclear physics research studies,278,495,217,0.0024,0.0043,0.19
T10217,Cardiac electrophysiology and arrhythmias,351,402,51,0.0031,0.0035,0.04
T12624,Maritime and Coastal Archaeology,440,312,-128,0.0038,0.0027,-0.11
T10165,Classical Antiquity Studies,256,466,210,0.0022,0.0041,0.18
T13379,"Multiculturalism, Politics, Migration, Gender",680,18,-662,0.0059,0.0002,-0.58
T14186,Healthcare Systems and Practices,651,35,-616,0.0057,0.0003,-0.54
T10660,Conducting polymers and applications,352,331,-21,0.0031,0.0029,-0.02
T13396,Agriculture and Rural Development Research,629,51,-578,0.0055,0.0004,-0.51
T13070,Cultural Identity and Heritage,612,36,-576,0.0053,0.0003,-0.5
T14162,Historical and Literary Studies,585,30,-555,0.0051,0.0003,-0.48
T11395,Radiopharmaceutical Chemistry and Applications,253,358,105,0.0022,0.0031,0.09
T10421,Pleistocene-Era Hominins and Archaeology,362,243,-119,0.0032,0.0021,-0.1
T10017,Geology and Paleoclimatology Research,456,142,-314,0.004,0.0012,-0.27
T10059,Bone Tissue Engineering Materials,271,326,55,0.0024,0.0028,0.05
T10590,Chalcogenide Semiconductor Thin Films,318,279,-39,0.0028,0.0024,-0.03
T10373,Renal Transplantation Outcomes and Treatments,256,340,84,0.0022,0.003,0.07
T10939,Crystal Structures and Properties,225,362,137,0.002,0.0032,0.12
T12454,European Political History Analysis,303,274,-29,0.0026,0.0024,-0.03
T10476,Algal biology and biofuel production,328,243,-85,0.0029,0.0021,-0.07
T12119,Linguistics and Discourse Analysis,501,70,-431,0.0044,0.0006,-0.38
T10087,Archaeology and ancient environmental studies,244,326,82,0.0021,0.0028,0.07
T12414,Coastal and Marine Management,190,379,189,0.0017,0.0033,0.16
T13695,"Aging, Elder Care, and Social Issues",440,85,-355,0.0038,0.0007,-0.31
T10001,Geological and Geochemical Analysis,254,270,16,0.0022,0.0024,0.01
T10304,Geometric and Algebraic Topology,211,310,99,0.0018,0.0027,0.09
T13152,French Language Learning Methods,366,154,-212,0.0032,0.0013,-0.19
T11443,Advanced Statistical Process Monitoring,247,263,16,0.0022,0.0023,0.01
T10345,Hematopoietic Stem Cell Transplantation,181,328,147,0.0016,0.0029,0.13
T13068,Ancient Mediterranean Archaeology and History,257,248,-9,0.0022,0.0022,-0.01
T10172,Cardiac Valve Diseases and Treatments,244,255,11,0.0021,0.0022,0.01
T14003,Labor Law and Work Dynamics,4,492,488,0.0,0.0043,0.42
T12409,Reformation and Early Modern Christianity,97,398,301,0.0008,0.0035,0.26
T12670,"Urbanism, Landscape, and Tourism Studies",42,446,404,0.0004,0.0039,0.35
T10784,Muscle activation and electromyography studies,251,226,-25,0.0022,0.002,-0.02
T10185,Lymphoma Diagnosis and Treatment,213,263,50,0.0019,0.0023,0.04
T13807,Cultural Insights and Digital Impacts,453,9,-444,0.004,0.0001,-0.39
T11132,Psychoanalysis and Psychopathology Research,409,48,-361,0.0036,0.0004,-0.32
T13888,Social Policies and Family,439,14,-425,0.0038,0.0001,-0.37
T10045,Organic Electronics and Photovoltaics,227,210,-17,0.002,0.0018,-0.02
T10033,Concrete and Cement Materials Research,248,181,-67,0.0022,0.0016,-0.06
T13714,Medieval Architecture and Archaeology,226,201,-25,0.002,0.0018,-0.02
T10031,T-cell and B-cell Immunology,156,266,110,0.0014,0.0023,0.1
T10613,Virus-based gene therapy research,198,224,26,0.0017,0.002,0.02
T13357,Property Rights and Legal Doctrine,2,414,412,0.0,0.0036,0.36
T14379,Diverse Cultural and Historical Studies,410,0,-410,0.0036,0.0,-0.36
T13497,Hermeneutics and Narrative Identity,399,7,-392,0.0035,0.0001,-0.34
T10233,Geotechnical Engineering and Soil Mechanics,152,252,100,0.0013,0.0022,0.09
T10394,Lipoproteins and Cardiovascular Health,202,199,-3,0.0018,0.0017,-0.0
T10921,Neutrino Physics Research,178,220,42,0.0016,0.0019,0.04
T12188,"Architecture, Modernity, and Design",15,380,365,0.0001,0.0033,0.32
T10514,Numerical methods in engineering,168,222,54,0.0015,0.0019,0.05
T10447,Environmental Toxicology and Ecotoxicology,136,250,114,0.0012,0.0022,0.1
T10360,Fluid Dynamics and Turbulent Flows,171,209,38,0.0015,0.0018,0.03
T11383,Advanced Antenna and Metasurface Technologies,190,190,0,0.0017,0.0017,-0.0
T10150,Antifungal resistance and susceptibility,185,194,9,0.0016,0.0017,0.01
T10818,Astrophysics and Cosmic Phenomena,184,187,3,0.0016,0.0016,0.0
T10140,Food composition and properties,172,198,26,0.0015,0.0017,0.02
T11809,Advanced NMR Techniques and Applications,102,267,165,0.0009,0.0023,0.14
T11206,Model Reduction and Neural Networks,158,209,51,0.0014,0.0018,0.04
T10219,Mechanical Behavior of Composites,158,208,50,0.0014,0.0018,0.04
T12986,Administrative Law and Governance,3,363,360,0.0,0.0032,0.31
T10074,Carbon Nanotubes in Composites,189,172,-17,0.0017,0.0015,-0.02
T12157,Geochemistry and Geologic Mapping,338,23,-315,0.003,0.0002,-0.28
T10173,Computational Fluid Dynamics and Aerodynamics,136,218,82,0.0012,0.0019,0.07
T10697,Vasculitis and related conditions,160,192,32,0.0014,0.0017,0.03
T10973,Radioactive element chemistry and processing,173,176,3,0.0015,0.0015,0.0
T10137,Multiple Sclerosis Research Studies,148,199,51,0.0013,0.0017,0.04
T10309,Acute Myeloid Leukemia Research,207,140,-67,0.0018,0.0012,-0.06
T10262,Microwave Engineering and Waveguides,213,133,-80,0.0019,0.0012,-0.07
T10179,Supercapacitor Materials and Fabrication,163,178,15,0.0014,0.0015,0.01
T11159,Manufacturing Process and Optimization,224,107,-117,0.002,0.0009,-0.1
T10837,Dermatology and Skin Diseases,162,165,3,0.0014,0.0014,0.0
T11604,Ship Hydrodynamics and Maneuverability,126,200,74,0.0011,0.0017,0.06
T11165,Image and Video Quality Assessment,136,187,51,0.0012,0.0016,0.04
T11694,Fluid Dynamics Simulations and Interactions,163,158,-5,0.0014,0.0014,-0.0
T10048,Particle physics theoretical and experimental studies,211,108,-103,0.0018,0.0009,-0.09
T10034,"Syntax, Semantics, Linguistic Variation",93,224,131,0.0008,0.002,0.11
T11786,Geomagnetism and Paleomagnetism Studies,169,148,-21,0.0015,0.0013,-0.02
T10125,Advanced Wireless Communication Techniques,122,192,70,0.0011,0.0017,0.06
T10024,TiO2 Photocatalysis and Solar Cells,123,190,67,0.0011,0.0017,0.06
T11796,Horticultural and Viticultural Research,160,151,-9,0.0014,0.0013,-0.01
T12862,Catholicism and Religious Studies,10,301,291,0.0001,0.0026,0.25
T13667,French Literature and Criticism,26,283,257,0.0002,0.0025,0.22
T10580,Immunotherapy and Immune Responses,151,156,5,0.0013,0.0014,0.0
T11020,Immune Cell Function and Interaction,226,81,-145,0.002,0.0007,-0.13
T11250,Wave and Wind Energy Systems,147,156,9,0.0013,0.0014,0.01
T11654,Advanced Mathematical Physics Problems,132,170,38,0.0012,0.0015,0.03
T10766,Urban Heat Island Mitigation,136,165,29,0.0012,0.0014,0.02
T13742,Metallurgy and Cultural Artifacts,163,138,-25,0.0014,0.0012,-0.02
T10781,Plasma Diagnostics and Applications,119,181,62,0.001,0.0016,0.05
T10783,Additive Manufacturing and 3D Printing Technologies,169,131,-38,0.0015,0.0011,-0.03
T10002,Advanced Chemical Physics Studies,85,211,126,0.0007,0.0018,0.11
T10765,Marine Biology and Ecology Research,106,189,83,0.0009,0.0016,0.07
T11857,Archaeological and Historical Studies,117,178,61,0.001,0.0015,0.05
T11553,Acne and Rosacea Treatments and Effects,145,148,3,0.0013,0.0013,0.0
T11205,Numerical methods in inverse problems,140,152,12,0.0012,0.0013,0.01
T11090,Dark Matter and Cosmic Phenomena,171,118,-53,0.0015,0.001,-0.05
T11791,Microbial Community Ecology and Physiology,159,129,-30,0.0014,0.0011,-0.03
T10066,Gut microbiota and health,132,155,23,0.0012,0.0013,0.02
T10158,Cancer Immunotherapy and Biomarkers,124,163,39,0.0011,0.0014,0.03
T10904,Embedded Systems Design Techniques,125,162,37,0.0011,0.0014,0.03
T11850,Concrete Corrosion and Durability,118,166,48,0.001,0.0014,0.04
T10134,Inflammatory Bowel Disease,115,168,53,0.001,0.0015,0.05
T10551,Scheduling and Optimization Algorithms,136,147,11,0.0012,0.0013,0.01
T10322,Respiratory Support and Mechanisms,118,162,44,0.001,0.0014,0.04
T11129,Photochemistry and Electron Transfer Studies,143,137,-6,0.0012,0.0012,-0.01
T14300,Legal and Social Philosophy,259,21,-238,0.0023,0.0002,-0.21
T10801,Synthetic Aperture Radar (SAR) Applications and Techniques,124,153,29,0.0011,0.0013,0.02
T10339,Advanced Numerical Methods in Computational Mathematics,96,180,84,0.0008,0.0016,0.07
T10147,Antibiotic Resistance in Bacteria,131,143,12,0.0011,0.0012,0.01
T10605,Historical Economic and Social Studies,53,220,167,0.0005,0.0019,0.15
T13922,Historical Art and Culture Studies,175,98,-77,0.0015,0.0009,-0.07
T13739,Medieval and Early Modern Justice,153,119,-34,0.0013,0.001,-0.03
T10046,Stability and Control of Uncertain Systems,116,155,39,0.001,0.0013,0.03
T14021,Medieval European Literature and History,250,21,-229,0.0022,0.0002,-0.2
T14149,Historical and Literary Analyses,269,2,-267,0.0024,0.0,-0.23
T13704,French Literature and Poetry,90,180,90,0.0008,0.0016,0.08
T10041,COVID-19 Clinical Research Studies,119,150,31,0.001,0.0013,0.03
T10142,Formal Methods in Verification,121,148,27,0.0011,0.0013,0.02
T10226,Land Use and Ecosystem Services,138,131,-7,0.0012,0.0011,-0.01
T10009,Dementia and Cognitive Impairment Research,70,198,128,0.0006,0.0017,0.11
T11061,Ocean Waves and Remote Sensing,143,125,-18,0.0012,0.0011,-0.02
T11450,Model-Driven Software Engineering Techniques,103,164,61,0.0009,0.0014,0.05
T13443,Mineralogy and Gemology Studies,114,152,38,0.001,0.0013,0.03
T10085,Parkinson's Disease Mechanisms and Treatments,122,143,21,0.0011,0.0012,0.02
T10215,Semantic Web and Ontologies,147,117,-30,0.0013,0.001,-0.03
T11189,Transplantation: Methods and Outcomes,110,153,43,0.001,0.0013,0.04
T11044,Particle Detector Development and Performance,96,166,70,0.0008,0.0014,0.06
T10040,Adaptive Control of Nonlinear Systems,139,122,-17,0.0012,0.0011,-0.02
T11240,Luminescence and Fluorescent Materials,120,140,20,0.001,0.0012,0.02
T10055,Diverse Aspects of Tourism Research,47,211,164,0.0004,0.0018,0.14
T10107,Ferroelectric and Piezoelectric Materials,100,157,57,0.0009,0.0014,0.05
T11596,Constraint Satisfaction and Optimization,112,145,33,0.001,0.0013,0.03
T10117,Advanced Combustion Engine Technologies,122,134,12,0.0011,0.0012,0.01
T10418,Pelvic floor disorders treatments,136,118,-18,0.0012,0.001,-0.02
T10441,Muscle Physiology and Disorders,127,127,0,0.0011,0.0011,-0.0
T11758,Organic and Molecular Conductors Research,129,124,-5,0.0011,0.0011,-0.0
T10253,Sarcoma Diagnosis and Treatment,99,153,54,0.0009,0.0013,0.05
T10639,Advanced Software Engineering Methodologies,113,139,26,0.001,0.0012,0.02
T10401,Diabetes Treatment and Management,134,114,-20,0.0012,0.001,-0.02
T10181,Natural Language Processing Techniques,158,88,-70,0.0014,0.0008,-0.06
T11558,Composite Material Mechanics,139,107,-32,0.0012,0.0009,-0.03
T12767,Conflict of Laws and Jurisdiction,76,166,90,0.0007,0.0014,0.08
T10157,Sports Performance and Training,116,125,9,0.001,0.0011,0.01
T12982,Legal principles and applications,20,219,199,0.0002,0.0019,0.17
T12559,French Literature and Critical Theory,39,199,160,0.0003,0.0017,0.14
T14469,Renaissance Literature and Culture,68,169,101,0.0006,0.0015,0.09
T10493,Ion channel regulation and function,103,133,30,0.0009,0.0012,0.03
T10227,Acute Ischemic Stroke Management,106,129,23,0.0009,0.0011,0.02
T10411,Proteins in Food Systems,98,136,38,0.0009,0.0012,0.03
T10224,Quantum Chromodynamics and Particle Interactions,62,169,107,0.0005,0.0015,0.09
T11379,Rheology and Fluid Dynamics Studies,109,122,13,0.001,0.0011,0.01
T13534,"Migration, Identity, and Health",187,44,-143,0.0016,0.0004,-0.13
T10535,Landslides and related hazards,109,121,12,0.001,0.0011,0.01
T11846,Cultural Heritage Management and Preservation,41,189,148,0.0004,0.0016,0.13
T13376,Criminal Law and Policy,1,229,228,0.0,0.002,0.2
T10879,Robotic Locomotion and Control,110,119,9,0.001,0.001,0.01
T12374,European and International Contract Law,109,119,10,0.001,0.001,0.01
T12853,Historical Geography and Geographical Thought,83,145,62,0.0007,0.0013,0.05
T13570,Historical Education Studies Worldwide,23,204,181,0.0002,0.0018,0.16
T10032,Marine and coastal ecosystems,108,118,10,0.0009,0.001,0.01
T11309,Music and Audio Processing,102,124,22,0.0009,0.0011,0.02
T12100,Advanced Mathematical Modeling in Engineering,152,74,-78,0.0013,0.0006,-0.07
T10051,Asthma and respiratory diseases,103,122,19,0.0009,0.0011,0.02
T10114,"Balance, Gait, and Falls Prevention",102,123,21,0.0009,0.0011,0.02
T10223,Microgrid Control and Optimization,129,95,-34,0.0011,0.0008,-0.03
T10623,Thin-Film Transistor Technologies,125,96,-29,0.0011,0.0008,-0.03
T11223,Maritime Ports and Logistics,89,131,42,0.0008,0.0011,0.04
T11366,Elasticity and Material Modeling,117,103,-14,0.001,0.0009,-0.01
T11662,Legal Cases and Commentary,10,210,200,0.0001,0.0018,0.17
T11088,Marine Bivalve and Aquaculture Studies,115,104,-11,0.001,0.0009,-0.01
T12170,History and Theory of Mathematics,97,120,23,0.0008,0.001,0.02
T14402,Political and Social Issues,212,5,-207,0.0019,0.0,-0.18
T12836,History and Developments in Astronomy,90,126,36,0.0008,0.0011,0.03
T13842,Intellectual Property Law,22,194,172,0.0002,0.0017,0.15
T14080,"Philosophy, Sociology, Political Theory",199,17,-182,0.0017,0.0001,-0.16
T11390,Seaweed-derived Bioactive Compounds,93,120,27,0.0008,0.001,0.02
T11445,Origins and Evolution of Life,33,180,147,0.0003,0.0016,0.13
T11628,Myeloproliferative Neoplasms: Diagnosis and Treatment,113,100,-13,0.001,0.0009,-0.01
T11708,Photochromic and Fluorescence Chemistry,113,98,-15,0.001,0.0009,-0.01
T10689,Remote-Sensing Image Classification,66,144,78,0.0006,0.0013,0.07
T12475,Plant Parasitism and Resistance,106,104,-2,0.0009,0.0009,-0.0
T10522,Medical Imaging Techniques and Applications,115,94,-21,0.001,0.0008,-0.02
T10739,Electromagnetic Scattering and Analysis,75,134,59,0.0007,0.0012,0.05
T11859,Educator Training and Historical Pedagogy,63,145,82,0.0006,0.0013,0.07
T11219,Bone Metabolism and Diseases,85,121,36,0.0007,0.0011,0.03
T10611,Organic Light-Emitting Diodes Research,79,126,47,0.0007,0.0011,0.04
T10933,Real-Time Systems Scheduling,81,123,42,0.0007,0.0011,0.04
T10111,Remote Sensing in Agriculture,90,113,23,0.0008,0.001,0.02
T10129,Glioma Diagnosis and Treatment,82,121,39,0.0007,0.0011,0.03
T10277,Vitamin D Research Studies,104,98,-6,0.0009,0.0009,-0.01
T10008,Teacher Education and Leadership Studies,2,199,197,0.0,0.0017,0.17
T10126,"Logic, programming, and type systems",73,128,55,0.0006,0.0011,0.05
T11851,Electromagnetic Compatibility and Measurements,100,101,1,0.0009,0.0009,0.0
T14197,Historical Studies of Medieval Iberia,84,115,31,0.0007,0.001,0.03
T11705,Gambling Behavior and Treatments,95,103,8,0.0008,0.0009,0.01
T11772,Genetics and Neurodevelopmental Disorders,51,147,96,0.0004,0.0013,0.08
T12585,North African History and Literature,83,115,32,0.0007,0.001,0.03
T10392,Cutaneous Melanoma Detection and Management,88,109,21,0.0008,0.0009,0.02
T13296,Physical Education and Sports Studies,3,194,191,0.0,0.0017,0.17
T10577,Hydrology and Sediment Transport Processes,64,131,67,0.0006,0.0011,0.06
T10705,Additive Manufacturing Materials and Processes,86,108,22,0.0008,0.0009,0.02
T11371,Wind and Air Flow Studies,97,97,0,0.0008,0.0008,-0.0
T11491,CAR-T cell therapy research,128,66,-62,0.0011,0.0006,-0.05
T12073,Isotope Analysis in Ecology,162,32,-130,0.0014,0.0003,-0.11
T12652,International Maritime Law Issues,99,95,-4,0.0009,0.0008,-0.0
T10835,Carbohydrate Chemistry and Synthesis,82,111,29,0.0007,0.001,0.03
T10294,Cell death mechanisms and regulation,77,115,38,0.0007,0.001,0.03
T10836,Metabolomics and Mass Spectrometry Studies,117,72,-45,0.001,0.0006,-0.04
T10105,Osteoarthritis Treatment and Mechanisms,84,104,20,0.0007,0.0009,0.02
T10109,Paleontology and Stratigraphy of Fossils,45,143,98,0.0004,0.0012,0.09
T10229,Geometric Analysis and Curvature Flows,100,88,-12,0.0009,0.0008,-0.01
T10311,Advancements in Solid Oxide Fuel Cells,85,103,18,0.0007,0.0009,0.02
T10741,Video Coding and Compression Technologies,75,113,38,0.0007,0.001,0.03
T13727,Linguistic and Sociocultural Studies,114,74,-40,0.001,0.0006,-0.04
T14208,"Death, Funerary Practices, and Mourning",113,75,-38,0.001,0.0007,-0.03
T10088,Thermochemical Biomass Conversion Processes,85,102,17,0.0007,0.0009,0.01
T13622,Historical and Environmental Studies,61,126,65,0.0005,0.0011,0.06
T10118,SARS-CoV-2 and COVID-19 Research,86,100,14,0.0008,0.0009,0.01
T10413,High-pressure geophysics and materials,96,90,-6,0.0008,0.0008,-0.01
T10896,Homotopy and Cohomology in Algebraic Topology,102,84,-18,0.0009,0.0007,-0.02
T10680,Wind Energy Research and Development,84,100,16,0.0007,0.0009,0.01
T10965,Geological formations and processes,71,113,42,0.0006,0.001,0.04
T10275,2D Materials and Applications,58,125,67,0.0005,0.0011,0.06
T10377,Metal and Thin Film Mechanics,96,87,-9,0.0008,0.0008,-0.01
T10864,Fluid Dynamics and Mixing,73,110,37,0.0006,0.001,0.03
T10759,Translation Studies and Practices,45,137,92,0.0004,0.0012,0.08
T11211,3D Surveying and Cultural Heritage,83,99,16,0.0007,0.0009,0.01
T11212,Cultural Heritage Materials Analysis,47,135,88,0.0004,0.0012,0.08
T11340,Marine Sponges and Natural Products,91,91,0,0.0008,0.0008,-0.0
T13911,"Employment, Labor, and Gender Studies",11,171,160,0.0001,0.0015,0.14
T13088,Legal and Labor Studies,75,106,31,0.0007,0.0009,0.03
T13096,Family and Matrimonial Law,4,177,173,0.0,0.0015,0.15
T14388,Medieval European History and Architecture,44,135,91,0.0004,0.0012,0.08
T12629,Island Studies and Pacific Affairs,113,65,-48,0.001,0.0006,-0.04
T10472,Semiconductor materials and devices,117,60,-57,0.001,0.0005,-0.05
T10505,Pluripotent Stem Cells Research,72,105,33,0.0006,0.0009,0.03
T10621,Gene Regulatory Network Analysis,81,96,15,0.0007,0.0008,0.01
T10643,Marine and coastal plant biology,98,79,-19,0.0009,0.0007,-0.02
T12039,Electron and X-Ray Spectroscopy Techniques,84,93,9,0.0007,0.0008,0.01
T11681,Nosocomial Infections in ICU,83,93,10,0.0007,0.0008,0.01
T10813,Sport Psychology and Performance,67,108,41,0.0006,0.0009,0.04
T10176,Mesenchymal stem cell research,91,83,-8,0.0008,0.0007,-0.01
T12895,Environmental law and policy,26,148,122,0.0002,0.0013,0.11
T10197,Membrane Separation Technologies,71,102,31,0.0006,0.0009,0.03
T10039,"Stellar, planetary, and galactic studies",32,139,107,0.0003,0.0012,0.09
T13205,Geological and Geophysical Studies Worldwide,134,37,-97,0.0012,0.0003,-0.08
T13710,European and International Law Studies,88,83,-5,0.0008,0.0007,-0.0
T10037,Physics of Superconductivity and Magnetism,69,101,32,0.0006,0.0009,0.03
T10238,Spine and Intervertebral Disc Pathology,89,81,-8,0.0008,0.0007,-0.01
T10396,Fatigue and fracture mechanics,54,116,62,0.0005,0.001,0.05
T10496,Pharmaceutical Practices and Patient Outcomes,71,99,28,0.0006,0.0009,0.02
T10602,Glycosylation and Glycoproteins Research,98,72,-26,0.0009,0.0006,-0.02
T12736,Criminal Justice and Penology,4,165,161,0.0,0.0014,0.14
T10139,Heavy metals in environment,75,93,18,0.0007,0.0008,0.02
T10858,Clinical Nutrition and Gastroenterology,88,80,-8,0.0008,0.0007,-0.01
T14475,History of Science and Medicine,30,138,108,0.0003,0.0012,0.09
T11157,Chronic Lymphocytic Leukemia Research,115,52,-63,0.001,0.0005,-0.06
T10261,Genetic Associations and Epidemiology,66,100,34,0.0006,0.0009,0.03
T11410,Cultural Industries and Urban Development,82,84,2,0.0007,0.0007,0.0
T10478,Diamond and Carbon-based Materials Research,105,60,-45,0.0009,0.0005,-0.04
T11316,Mycobacterium research and diagnosis,88,77,-11,0.0008,0.0007,-0.01
T13370,Diverse Scientific and Economic Studies,165,0,-165,0.0014,0.0,-0.14
T10056,Neurotransmitter Receptor Influence on Behavior,83,81,-2,0.0007,0.0007,-0.0
T10544,Glass properties and applications,84,80,-4,0.0007,0.0007,-0.0
T11110,Stability and Controllability of Differential Equations,88,76,-12,0.0008,0.0007,-0.01
T13421,"Contemporary art, education, critique",163,1,-162,0.0014,0.0,-0.14
T10254,Innovations in Medical Education,22,141,119,0.0002,0.0012,0.1
T10791,Advanced Control Systems Optimization,103,60,-43,0.0009,0.0005,-0.04
T10918,Memory Processes and Influences,57,106,49,0.0005,0.0009,0.04
T14180,"Law, logistics, and international trade",85,76,-9,0.0007,0.0007,-0.01
T10218,Sepsis Diagnosis and Treatment,64,96,32,0.0006,0.0008,0.03
T10567,Vehicle Routing Optimization Methods,76,84,8,0.0007,0.0007,0.01
T13028,Literature and Culture Studies,127,33,-94,0.0011,0.0003,-0.08
T10504,Sensorless Control of Electric Motors,62,97,35,0.0005,0.0008,0.03
T10773,Extracellular vesicles in disease,77,82,5,0.0007,0.0007,0.0
T10513,Natural Fiber Reinforced Composites,78,80,2,0.0007,0.0007,0.0
T11236,Control Systems and Identification,53,105,52,0.0005,0.0009,0.05
T12557,Inorganic Chemistry and Materials,118,40,-78,0.001,0.0003,-0.07
T10300,Congenital Heart Disease Studies,70,87,17,0.0006,0.0008,0.01
T11013,Skin Protection and Aging,79,78,-1,0.0007,0.0007,-0.0
T14024,"Education, Philosophy, and Society",0,157,157,0.0,0.0014,0.14
T10072,Science Education and Pedagogy,14,142,128,0.0001,0.0012,0.11
T11682,Advanced Condensed Matter Physics,76,80,4,0.0007,0.0007,0.0
T10130,Mathematics Education and Teaching Techniques,50,105,55,0.0004,0.0009,0.05
T11629,"Birth, Development, and Health",81,74,-7,0.0007,0.0006,-0.01
T11391,Theatre and Performance Studies,10,144,134,0.0001,0.0013,0.12
T10560,Diabetes Management and Research,80,73,-7,0.0007,0.0006,-0.01
T10595,Medieval Literature and History,40,113,73,0.0003,0.001,0.06
T11294,Infant Nutrition and Health,74,79,5,0.0006,0.0007,0.0
T13153,Rousseau and Enlightenment Thought,15,138,123,0.0001,0.0012,0.11
T10931,Direction-of-Arrival Estimation Techniques,56,96,40,0.0005,0.0008,0.03
T11016,Monoclonal and Polyclonal Antibodies Research,96,56,-40,0.0008,0.0005,-0.04
T11642,Genomics and Rare Diseases,73,79,6,0.0006,0.0007,0.01
T10096,Metal-Organic Frameworks: Synthesis and Applications,79,72,-7,0.0007,0.0006,-0.01
T10188,Advanced machining processes and optimization,66,85,19,0.0006,0.0007,0.02
T10477,Astrophysics and Star Formation Studies,12,139,127,0.0001,0.0012,0.11
T10941,Musicology and Musical Analysis,39,112,73,0.0003,0.001,0.06
T10417,Lung Cancer Treatments and Mutations,76,74,-2,0.0007,0.0006,-0.0
T10319,"Conservation, Biodiversity, and Resource Management",57,92,35,0.0005,0.0008,0.03
T11012,Gas Dynamics and Kinetic Theory,66,83,17,0.0006,0.0007,0.01
T12012,Diatoms and Algae Research,90,59,-31,0.0008,0.0005,-0.03
T12383,Aeolian processes and effects,108,41,-67,0.0009,0.0004,-0.06
T14062,Migration and Exile Studies,96,53,-43,0.0008,0.0005,-0.04
T10110,earthquake and tectonic studies,92,56,-36,0.0008,0.0005,-0.03
T10090,ZnO doping and properties,82,65,-17,0.0007,0.0006,-0.02
T10269,Epigenetics and DNA Methylation,65,82,17,0.0006,0.0007,0.01
T10365,Gastrointestinal motility and disorders,55,92,37,0.0005,0.0008,0.03
T10928,Probabilistic and Robust Engineering Design,97,50,-47,0.0008,0.0004,-0.04
T11145,Epoxy Resin Curing Processes,105,42,-63,0.0009,0.0004,-0.06
T11293,Orthopedic Infections and Treatments,70,77,7,0.0006,0.0007,0.01
T10061,Algebraic Geometry and Number Theory,47,98,51,0.0004,0.0009,0.04
T10526,HIV/AIDS drug development and treatment,73,72,-1,0.0006,0.0006,-0.0
T10597,Nuclear reactor physics and engineering,82,63,-19,0.0007,0.0005,-0.02
T10263,Eating Disorders and Behaviors,66,78,12,0.0006,0.0007,0.01
T10634,Food Allergy and Anaphylaxis Research,68,76,8,0.0006,0.0007,0.01
T11551,Infective Endocarditis Diagnosis and Management,63,81,18,0.0006,0.0007,0.02
T14115,Legal processes and jurisprudence,7,137,130,0.0001,0.0012,0.11
T10420,Intracranial Aneurysms: Treatment and Complications,68,75,7,0.0006,0.0007,0.01
T10950,Acute Lymphoblastic Leukemia research,71,72,1,0.0006,0.0006,0.0
T11609,Geophysical Methods and Applications,73,70,-3,0.0006,0.0006,-0.0
T12266,Byzantine Studies and History,75,68,-7,0.0007,0.0006,-0.01
T10588,Mathematical Dynamics and Fractals,65,77,12,0.0006,0.0007,0.01
T10998,Heat Transfer and Optimization,53,89,36,0.0005,0.0008,0.03
T12999,Medieval History and Crusades,51,91,40,0.0004,0.0008,0.03
T10278,Electric Motor Design and Analysis,69,72,3,0.0006,0.0006,0.0
T10926,Peripheral Artery Disease Management,75,66,-9,0.0007,0.0006,-0.01
T10757,Geographic Information Systems Studies,64,76,12,0.0006,0.0007,0.01
T10763,Digital Transformation in Industry,63,77,14,0.0006,0.0007,0.01
T10772,Distributed systems and fault tolerance,64,76,12,0.0006,0.0007,0.01
T10798,Crystallography and molecular interactions,50,90,40,0.0004,0.0008,0.03
T11862,"Agriculture, Land Use, Rural Development",14,126,112,0.0001,0.0011,0.1
T10178,Cancer survivorship and care,54,85,31,0.0005,0.0007,0.03
T11125,Petri Nets in System Modeling,55,84,29,0.0005,0.0007,0.03
T10579,Cognitive Radio Networks and Spectrum Sensing,54,84,30,0.0005,0.0007,0.03
T11971,"World Wars: History, Literature, and Impact",16,122,106,0.0001,0.0011,0.09
T12364,Archaeological Research and Protection,48,90,42,0.0004,0.0008,0.04
T13773,International Labor and Employment Law,84,54,-30,0.0007,0.0005,-0.03
T10648,Virtual Reality Applications and Impacts,52,85,33,0.0005,0.0007,0.03
T10930,Flood Risk Assessment and Management,58,79,21,0.0005,0.0007,0.02
T11027,Metabolism and Genetic Disorders,97,40,-57,0.0008,0.0003,-0.05
T12273,Latin American Urban Studies,63,74,11,0.0006,0.0006,0.01
T12603,NMR spectroscopy and applications,100,37,-63,0.0009,0.0003,-0.06
T10230,Marine and fisheries research,53,82,29,0.0005,0.0007,0.03
T10451,Mycorrhizal Fungi and Plant Interactions,129,6,-123,0.0011,0.0001,-0.11
T10645,Cardiac Arrest and Resuscitation,72,63,-9,0.0006,0.0005,-0.01
T11071,Treatment of Major Depression,44,91,47,0.0004,0.0008,0.04
T11286,Polyoxometalates: Synthesis and Applications,75,60,-15,0.0007,0.0005,-0.01
T12152,Concrete Properties and Behavior,59,76,17,0.0005,0.0007,0.01
T12219,Canadian Identity and History,83,52,-31,0.0007,0.0005,-0.03
T10976,Viral gastroenteritis research and epidemiology,81,53,-28,0.0007,0.0005,-0.02
T11349,Music Technology and Sound Studies,55,79,24,0.0005,0.0007,0.02
T11893,German Literature and Culture Studies,42,92,50,0.0004,0.0008,0.04
T12144,"Colonialism, slavery, and trade",48,86,38,0.0004,0.0007,0.03
T14395,African history and culture studies,68,66,-2,0.0006,0.0006,-0.0
T10177,Palliative Care and End-of-Life Issues,47,86,39,0.0004,0.0007,0.03
T10889,Soil erosion and sediment transport,107,26,-81,0.0009,0.0002,-0.07
T11261,Quantum chaos and dynamical systems,122,11,-111,0.0011,0.0001,-0.1
T10097,Luminescence Properties of Advanced Materials,70,62,-8,0.0006,0.0005,-0.01
T10467,Psychometric Methodologies and Testing,51,81,30,0.0004,0.0007,0.03
T10897,Antibiotic Use and Resistance,62,70,8,0.0005,0.0006,0.01
T10978,Prenatal Screening and Diagnostics,103,29,-74,0.0009,0.0003,-0.06
T13495,Biographical and Historical Analysis,1,131,130,0.0,0.0011,0.11
T11421,Labor Movements and Unions,29,102,73,0.0003,0.0009,0.06
T12293,Dam Engineering and Safety,72,59,-13,0.0006,0.0005,-0.01
T13102,Soil and Environmental Studies,4,127,123,0.0,0.0011,0.11
T10614,Transcranial Magnetic Stimulation Studies,66,64,-2,0.0006,0.0006,-0.0
T10903,Porphyrin and Phthalocyanine Chemistry,76,54,-22,0.0007,0.0005,-0.02
T10328,Supply Chain and Inventory Management,55,74,19,0.0005,0.0006,0.02
T10753,Microplastics and Plastic Pollution,69,60,-9,0.0006,0.0005,-0.01
T11673,Advanced Topics in Algebra,71,58,-13,0.0006,0.0005,-0.01
T11873,PAPR reduction in OFDM,60,69,9,0.0005,0.0006,0.01
T10285,Venous Thromboembolism Diagnosis and Management,58,70,12,0.0005,0.0006,0.01
T10725,RNA Interference and Gene Delivery,71,57,-14,0.0006,0.0005,-0.01
T10868,Soft Robotics and Applications,67,61,-6,0.0006,0.0005,-0.01
T11878,Solid-state spectroscopy and crystallography,62,66,4,0.0005,0.0006,0.0
T14386,"Libraries, Manuscripts, and Books",6,122,116,0.0001,0.0011,0.1
T10298,Urban Transport and Accessibility,47,80,33,0.0004,0.0007,0.03
T10675,Mechanical Circulatory Support Devices,60,67,7,0.0005,0.0006,0.01
T11718,Physical Education and Pedagogy,21,106,85,0.0002,0.0009,0.07
T10239,Urban Planning and Governance,6,120,114,0.0001,0.001,0.1
T10333,Meat and Animal Product Quality,72,54,-18,0.0006,0.0005,-0.02
T10538,Data Mining Algorithms and Applications,45,80,35,0.0004,0.0007,0.03
T10747,Disaster Management and Resilience,30,95,65,0.0003,0.0008,0.06
T10797,Accounting and Organizational Management,79,46,-33,0.0007,0.0004,-0.03
T11066,Organic Food and Agriculture,35,90,55,0.0003,0.0008,0.05
T12782,Assembly Line Balancing Optimization,71,54,-17,0.0006,0.0005,-0.02
T14061,Educational Practices and Policies,98,27,-71,0.0009,0.0002,-0.06
T10025,Black Holes and Theoretical Physics,56,68,12,0.0005,0.0006,0.01
T10123,DNA Repair Mechanisms,59,65,6,0.0005,0.0006,0.01
T10252,Microbial Natural Products and Biosynthesis,45,79,34,0.0004,0.0007,0.03
T10124,Prostate Cancer Diagnosis and Treatment,63,60,-3,0.0006,0.0005,-0.0
T10274,Synthesis and biological activity,34,89,55,0.0003,0.0008,0.05
T10359,Dental Implant Techniques and Outcomes,46,77,31,0.0004,0.0007,0.03
T10804,"Health Systems, Economic Evaluations, Quality of Life",56,66,10,0.0005,0.0006,0.01
T11049,Advanced Harmonic Analysis Research,44,78,34,0.0004,0.0007,0.03
T11573,Risk Perception and Management,41,81,40,0.0004,0.0007,0.03
T11692,Noise Effects and Management,62,59,-3,0.0005,0.0005,-0.0
T12076,Renaissance and Early Modern Studies,36,85,49,0.0003,0.0007,0.04
T10016,Adsorption and biosorption for pollutant removal,42,78,36,0.0004,0.0007,0.03
T10083,Graphene research and applications,62,58,-4,0.0005,0.0005,-0.0
T10932,Microbial Metabolic Engineering and Bioproduction,62,58,-4,0.0005,0.0005,-0.0
T11394,Dynamics and Control of Mechanical Systems,67,53,-14,0.0006,0.0005,-0.01
T12377,Digital Humanities and Scholarship,14,106,92,0.0001,0.0009,0.08
T10141,Probiotics and Fermented Foods,61,58,-3,0.0005,0.0005,-0.0
T10161,Rock Mechanics and Modeling,68,51,-17,0.0006,0.0004,-0.02
T10279,Urinary Bladder and Prostate Research,37,82,45,0.0003,0.0007,0.04
T10569,Bariatric Surgery and Outcomes,57,62,5,0.0005,0.0005,0.0
T10671,Gastroesophageal reflux and treatments,60,59,-1,0.0005,0.0005,-0.0
T11985,Marine Toxins and Detection Methods,54,65,11,0.0005,0.0006,0.01
T12471,History of Science and Natural History,30,89,59,0.0003,0.0008,0.05
T10289,European Union Policy and Governance,42,76,34,0.0004,0.0007,0.03
T11029,Renal Diseases and Glomerulopathies,62,56,-6,0.0005,0.0005,-0.01
T12248,Water Governance and Infrastructure,53,65,12,0.0005,0.0006,0.01
T12325,Urban Design and Spatial Analysis,37,81,44,0.0003,0.0007,0.04
T10525,Human-Automation Interaction and Safety,54,63,9,0.0005,0.0005,0.01
T12169,Non-Destructive Testing Techniques,63,54,-9,0.0006,0.0005,-0.01
T12669,Comparative International Legal Studies,27,90,63,0.0002,0.0008,0.05
T12717,Space exploration and regulation,65,52,-13,0.0006,0.0005,-0.01
T10195,Antimicrobial Resistance in Staphylococcus,66,50,-16,0.0006,0.0004,-0.01
T10336,Cancer Cells and Metastasis,69,47,-22,0.0006,0.0004,-0.02
T10364,Reproductive Biology and Fertility,58,58,0,0.0005,0.0005,-0.0
T10874,Electromagnetic Fields and Biological Effects,49,67,18,0.0004,0.0006,0.02
T11407,Innovative Microfluidic and Catalytic Techniques Innovation,62,54,-8,0.0005,0.0005,-0.01
T11605,Visual Attention and Saliency Detection,62,54,-8,0.0005,0.0005,-0.01
T11821,Odor and Emission Control Technologies,62,54,-8,0.0005,0.0005,-0.01
T12086,Structural Integrity and Reliability Analysis,59,57,-2,0.0005,0.0005,-0.0
T12275,Gender and Feminist Studies,4,112,108,0.0,0.001,0.09
T12413,Health and Medical Education,95,21,-74,0.0008,0.0002,-0.06
T10121,Building Energy and Comfort Optimization,46,69,23,0.0004,0.0006,0.02
T10539,Sustainable Supply Chain Management,50,65,15,0.0004,0.0006,0.01
T12921,European Criminal Justice and Data Protection,82,33,-49,0.0007,0.0003,-0.04
T13019,African Studies and Geopolitics,85,30,-55,0.0007,0.0003,-0.05
T14199,Historical and Scientific Studies,113,2,-111,0.001,0.0,-0.1
T10168,COVID-19 and Mental Health,56,58,2,0.0005,0.0005,0.0
T10516,Parathyroid Disorders and Treatments,62,52,-10,0.0005,0.0005,-0.01
T11221,Bone health and treatments,77,37,-40,0.0007,0.0003,-0.04
T11277,Thermal properties of materials,58,56,-2,0.0005,0.0005,-0.0
T10029,Climate variability and models,27,86,59,0.0002,0.0007,0.05
T10038,Tuberculosis Research and Epidemiology,50,63,13,0.0004,0.0005,0.01
T10531,Advanced Vision and Imaging,73,40,-33,0.0006,0.0003,-0.03
T12859,Cell Image Analysis Techniques,78,35,-43,0.0007,0.0003,-0.04
T10403,Phonetics and Phonology Research,40,72,32,0.0003,0.0006,0.03
T10644,Cryospheric studies and observations,61,51,-10,0.0005,0.0004,-0.01
T10901,Advanced Data Compression Techniques,45,67,22,0.0004,0.0006,0.02
T12126,Maritime Transport Emissions and Efficiency,56,56,0,0.0005,0.0005,-0.0
T11017,Chaos-based Image/Signal Encryption,65,46,-19,0.0006,0.0004,-0.02
T11463,Classical Philosophy and Thought,43,68,25,0.0004,0.0006,0.02
T12351,Geometry and complex manifolds,57,54,-3,0.0005,0.0005,-0.0
T13556,Historical Influence and Diplomacy,41,70,29,0.0004,0.0006,0.03
T14102,Corporate Governance and Law,85,26,-59,0.0007,0.0002,-0.05
T10257,Oral microbiology and periodontitis research,49,61,12,0.0004,0.0005,0.01
T10358,Advanced Radiotherapy Techniques,38,72,34,0.0003,0.0006,0.03
T10723,Advanced Welding Techniques Analysis,45,65,20,0.0004,0.0006,0.02
T10908,Analytical Chemistry and Chromatography,78,32,-46,0.0007,0.0003,-0.04
T11068,Tendon Structure and Treatment,55,55,0,0.0005,0.0005,-0.0
T11420,Geographies of human-animal interactions,40,70,30,0.0003,0.0006,0.03
T12105,Hygrothermal properties of building materials,41,69,28,0.0004,0.0006,0.02
T12175,Social Representations and Identity,67,43,-24,0.0006,0.0004,-0.02
T12306,Urban and Freight Transport Logistics,74,36,-38,0.0006,0.0003,-0.03
T10387,Fatty Acid Research and Health,46,63,17,0.0004,0.0005,0.01
T10299,Photonic and Optical Devices,63,45,-18,0.0006,0.0004,-0.02
T10349,Migration and Labor Dynamics,35,73,38,0.0003,0.0006,0.03
T10727,Ultrasound Imaging and Elastography,20,88,68,0.0002,0.0008,0.06
T10832,Pituitary Gland Disorders and Treatments,59,49,-10,0.0005,0.0004,-0.01
T11507,Religion and Society Interactions,24,84,60,0.0002,0.0007,0.05
T11932,Wireless Body Area Networks,63,45,-18,0.0006,0.0004,-0.02
T13247,Local Governance and Planning,0,108,108,0.0,0.0009,0.09
T13575,Travel Writing and Literature,26,82,56,0.0002,0.0007,0.05
T10640,Spectroscopy and Chemometric Analyses,44,63,19,0.0004,0.0005,0.02
T11455,Microbial Inactivation Methods,50,57,7,0.0004,0.0005,0.01
T10007,Monetary Policy and Economic Impact,44,62,18,0.0004,0.0005,0.02
T10205,Advanced Fiber Optic Sensors,51,55,4,0.0004,0.0005,0.0
T10281,Advanced Battery Materials and Technologies,58,48,-10,0.0005,0.0004,-0.01
T10981,Cytomegalovirus and herpesvirus research,61,45,-16,0.0005,0.0004,-0.01
T11046,Geotechnical Engineering and Analysis,46,60,14,0.0004,0.0005,0.01
T10601,Handwritten Text Recognition Techniques,45,60,15,0.0004,0.0005,0.01
T10631,"Cancer, Hypoxia, and Metabolism",74,31,-43,0.0006,0.0003,-0.04
T11036,Antibiotics Pharmacokinetics and Efficacy,49,56,7,0.0004,0.0005,0.01
T11060,Infant Development and Preterm Care,43,62,19,0.0004,0.0005,0.02
T11128,Transition Metal Oxide Nanomaterials,69,36,-33,0.0006,0.0003,-0.03
T10043,Substance Abuse Treatment and Outcomes,29,75,46,0.0003,0.0007,0.04
T11054,Adrenal and Paraganglionic Tumors,48,56,8,0.0004,0.0005,0.01
T11089,Radioactive contamination and transfer,54,50,-4,0.0005,0.0004,-0.0
T11699,High-Velocity Impact and Material Behavior,47,57,10,0.0004,0.0005,0.01
T11852,Clay minerals and soil interactions,64,40,-24,0.0006,0.0003,-0.02
T13513,Urban and sociocultural dynamics,9,95,86,0.0001,0.0008,0.07
T13664,Genome Rearrangement Algorithms,55,49,-6,0.0005,0.0004,-0.01
T10317,Advanced Database Systems and Queries,37,66,29,0.0003,0.0006,0.03
T11303,Bayesian Modeling and Causal Inference,47,56,9,0.0004,0.0005,0.01
T11697,Numerical Methods and Algorithms,48,55,7,0.0004,0.0005,0.01
T12253,Urban Agriculture and Sustainability,27,76,49,0.0002,0.0007,0.04
T12586,"Folklore, Mythology, and Literature Studies",20,83,63,0.0002,0.0007,0.05
T10021,EFL/ESL Teaching and Learning,21,81,60,0.0002,0.0007,0.05
T10082,HIV/AIDS Research and Interventions,30,72,42,0.0003,0.0006,0.04
T10106,Autism Spectrum Disorder Research,56,46,-10,0.0005,0.0004,-0.01
T10688,Image and Signal Denoising Methods,53,49,-4,0.0005,0.0004,-0.0
T11864,Supply Chain Resilience and Risk Management,57,45,-12,0.0005,0.0004,-0.01
T12098,Rural development and sustainability,15,87,72,0.0001,0.0008,0.06
T13372,Archaeology and Historical Studies,82,20,-62,0.0007,0.0002,-0.05
T13970,Pharmacy and Medical Practices,2,100,98,0.0,0.0009,0.09
T10754,Neuroendocrine Tumor Research Advances,54,47,-7,0.0005,0.0004,-0.01
T10779,Coastal wetland ecosystem dynamics,49,52,3,0.0004,0.0005,0.0
T10854,Bipolar Disorder and Treatment,50,51,1,0.0004,0.0004,0.0
T10938,Phase Change Materials Research,43,58,15,0.0004,0.0005,0.01
T10999,Organ Transplantation Techniques and Outcomes,56,45,-11,0.0005,0.0004,-0.01
T11152,Stochastic processes and statistical mechanics,39,62,23,0.0003,0.0005,0.02
T12456,Geotourism and Geoheritage Conservation,55,46,-9,0.0005,0.0004,-0.01
T12772,Control and Stability of Dynamical Systems,21,80,59,0.0002,0.0007,0.05
T13162,African Studies and Ethnography,89,12,-77,0.0008,0.0001,-0.07
T13347,Christian Theology and Mission,11,90,79,0.0001,0.0008,0.07
T10084,Musculoskeletal pain and rehabilitation,60,40,-20,0.0005,0.0003,-0.02
T10351,Liver Disease Diagnosis and Treatment,50,50,0,0.0004,0.0004,-0.0
T11120,Nonprofit Sector and Volunteering,15,85,70,0.0001,0.0007,0.06
T11536,Consumer Retail Behavior Studies,41,59,18,0.0004,0.0005,0.02
T10015,Genomics and Phylogenetic Studies,39,60,21,0.0003,0.0005,0.02
T10023,Schizophrenia research and treatment,48,51,3,0.0004,0.0004,0.0
T10662,Ultrasonics and Acoustic Wave Propagation,51,48,-3,0.0004,0.0004,-0.0
T10683,Mass Spectrometry Techniques and Applications,51,48,-3,0.0004,0.0004,-0.0
T10728,Pulmonary Hypertension Research and Treatments,46,53,7,0.0004,0.0005,0.01
T10956,Fullerene Chemistry and Applications,48,51,3,0.0004,0.0004,0.0
T12506,Nuclear materials and radiation effects,52,47,-5,0.0005,0.0004,-0.0
T13402,Business Strategy and Innovation,89,10,-79,0.0008,0.0001,-0.07
T14493,Criminal Law and Evidence,62,37,-25,0.0005,0.0003,-0.02
T10463,Pulsars and Gravitational Waves Research,48,50,2,0.0004,0.0004,0.0
T10507,Biodiesel Production and Applications,51,47,-4,0.0004,0.0004,-0.0
T10848,Advanced Multi-Objective Optimization Algorithms,44,54,10,0.0004,0.0005,0.01
T10869,Polysaccharides and Plant Cell Walls,52,46,-6,0.0005,0.0004,-0.01
T11827,Polyomavirus and related diseases,54,44,-10,0.0005,0.0004,-0.01
T12063,Heat and Mass Transfer in Porous Media,25,73,48,0.0002,0.0006,0.04
T13135,"Communism, Protests, Social Movements",39,59,20,0.0003,0.0005,0.02
T13177,Geological and Geophysical Studies,27,71,44,0.0002,0.0006,0.04
T10245,Metamaterials and Metasurfaces Applications,55,42,-13,0.0005,0.0004,-0.01
T10329,Thyroid Cancer Diagnosis and Treatment,47,50,3,0.0004,0.0004,0.0
T11164,Remote Sensing and LiDAR Applications,67,30,-37,0.0006,0.0003,-0.03
T11330,Systemic Sclerosis and Related Diseases,48,49,1,0.0004,0.0004,0.0
T12080,Injection Molding Process and Properties,43,54,11,0.0004,0.0005,0.01
T12369,Pneumocystis jirovecii pneumonia detection and treatment,53,44,-9,0.0005,0.0004,-0.01
T11375,Geotechnical Engineering and Soil Stabilization,29,67,38,0.0003,0.0006,0.03
T12577,Geography and Environmental Studies,36,60,24,0.0003,0.0005,0.02
T13131,Collaborative Teaching and Inclusion,19,77,58,0.0002,0.0007,0.05
T13315,Occupational Health and Safety in Workplaces,5,91,86,0.0,0.0008,0.07
T10078,Advanced Photocatalysis Techniques,41,54,13,0.0004,0.0005,0.01
T10131,Gold and Silver Nanoparticles Synthesis and Applications,37,58,21,0.0003,0.0005,0.02
T10151,Hepatitis C virus research,49,46,-3,0.0004,0.0004,-0.0
T10222,Genomics and Chromatin Dynamics,36,59,23,0.0003,0.0005,0.02
T10374,Advanced Graph Theory Research,39,56,17,0.0003,0.0005,0.01
T10409,Fuel Cells and Related Materials,55,40,-15,0.0005,0.0003,-0.01
T10665,Cystic Fibrosis Research Advances,45,50,5,0.0004,0.0004,0.0
T10936,Millimeter-Wave Propagation and Modeling,42,53,11,0.0004,0.0005,0.01
T11176,Radiation Therapy and Dosimetry,45,50,5,0.0004,0.0004,0.0
T11313,Immune cells in cancer,51,44,-7,0.0004,0.0004,-0.01
T12146,Power Line Communications and Noise,50,45,-5,0.0004,0.0004,-0.0
T12470,Caribbean and African Literature and Culture,83,12,-71,0.0007,0.0001,-0.06
T12803,Cinema History and Criticism,3,92,89,0.0,0.0008,0.08
T10204,Microstructure and mechanical properties,40,54,14,0.0003,0.0005,0.01
T10228,Multilevel Inverters and Converters,46,48,2,0.0004,0.0004,0.0
T10663,Advanced Battery Technologies Research,61,33,-28,0.0005,0.0003,-0.02
T11618,Cholesterol and Lipid Metabolism,34,60,26,0.0003,0.0005,0.02
T11636,Artificial Intelligence in Healthcare and Education,39,55,16,0.0003,0.0005,0.01
T12399,Wine Industry and Tourism,59,35,-24,0.0005,0.0003,-0.02
T10389,Polymer crystallization and properties,35,58,23,0.0003,0.0005,0.02
T10416,Traumatic Brain Injury Research,33,60,27,0.0003,0.0005,0.02
T10534,Structural Health Monitoring Techniques,51,42,-9,0.0004,0.0004,-0.01
T11190,3D Printing in Biomedical Research,60,33,-27,0.0005,0.0003,-0.02
T11246,Sports injuries and prevention,75,18,-57,0.0007,0.0002,-0.05
T11533,Melanoma and MAPK Pathways,47,46,-1,0.0004,0.0004,-0.0
T13156,Historical Linguistics and Language Studies,65,28,-37,0.0006,0.0002,-0.03
T10136,Statistical Methods and Inference,42,50,8,0.0004,0.0004,0.01
T10548,Catalytic Cross-Coupling Reactions,38,54,16,0.0003,0.0005,0.01
T10740,Wind Turbine Control Systems,29,63,34,0.0003,0.0005,0.03
T11213,Genomic variations and chromosomal abnormalities,44,48,4,0.0004,0.0004,0.0
T11245,Advanced Numerical Analysis Techniques,66,26,-40,0.0006,0.0002,-0.04
T11664,Fiber-reinforced polymer composites,22,70,48,0.0002,0.0006,0.04
T12163,Aerosol Filtration and Electrostatic Precipitation,49,43,-6,0.0004,0.0004,-0.01
T13364,"Digitalization, Law, and Regulation",2,90,88,0.0,0.0008,0.08
T14210,Historical and Linguistic Studies,63,29,-34,0.0006,0.0003,-0.03
T10216,"Migration, Refugees, and Integration",5,86,81,0.0,0.0007,0.07
T10746,Platelet Disorders and Treatments,42,49,7,0.0004,0.0004,0.01
T10945,Lysosomal Storage Disorders Research,43,48,5,0.0004,0.0004,0.0
T11235,Statistical Methods in Clinical Trials,14,77,63,0.0001,0.0007,0.05
T11741,Flexible and Reconfigurable Manufacturing Systems,44,47,3,0.0004,0.0004,0.0
T11946,Antenna Design and Optimization,51,40,-11,0.0004,0.0003,-0.01
T12496,Color perception and design,55,36,-19,0.0005,0.0003,-0.02
T10330,Hydrology and Watershed Management Studies,46,44,-2,0.0004,0.0004,-0.0
T10343,"Hydrogels: synthesis, properties, applications",24,66,42,0.0002,0.0006,0.04
T10453,Maternal and Perinatal Health Interventions,37,53,16,0.0003,0.0005,0.01
T10980,Vascular Malformations and Hemangiomas,43,47,4,0.0004,0.0004,0.0
T11462,Museums and Cultural Heritage,21,69,48,0.0002,0.0006,0.04
T11740,Geochemistry and Elemental Analysis,49,41,-8,0.0004,0.0004,-0.01
T11803,Superconducting and THz Device Technology,85,5,-80,0.0007,0.0,-0.07
T11870,Structural Analysis and Optimization,59,31,-28,0.0005,0.0003,-0.02
T13512,Spatial and Cultural Studies,5,85,80,0.0,0.0007,0.07
T10265,Multilingual Education and Policy,18,71,53,0.0002,0.0006,0.05
T10469,Psoriasis: Treatment and Pathogenesis,45,44,-1,0.0004,0.0004,-0.0
T10610,Advanced Cellulose Research Studies,56,33,-23,0.0005,0.0003,-0.02
T10693,Blood transfusion and management,31,58,27,0.0003,0.0005,0.02
T10860,Speech and Audio Processing,59,30,-29,0.0005,0.0003,-0.03
T11829,Mathematical Biology Tumor Growth,50,39,-11,0.0004,0.0003,-0.01
T12917,Astronomy and Astrophysical Research,51,38,-13,0.0004,0.0003,-0.01
T10408,Chronic Kidney Disease and Diabetes,29,59,30,0.0003,0.0005,0.03
T10706,Traumatic Brain Injury and Neurovascular Disturbances,54,34,-20,0.0005,0.0003,-0.02
T10742,Peer-to-Peer Network Technologies,48,40,-8,0.0004,0.0003,-0.01
T10805,Vehicle Dynamics and Control Systems,40,48,8,0.0003,0.0004,0.01
T10824,Image Retrieval and Classification Techniques,45,43,-2,0.0004,0.0004,-0.0
T10887,Bioinformatics and Genomic Networks,33,55,22,0.0003,0.0005,0.02
T10993,Complement system in diseases,40,48,8,0.0003,0.0004,0.01
T11095,Emergency and Acute Care Studies,32,56,24,0.0003,0.0005,0.02
T11811,Cutaneous lymphoproliferative disorders research,51,37,-14,0.0004,0.0003,-0.01
T14238,Historical Gender and Feminism Studies,39,49,10,0.0003,0.0004,0.01
T10198,Heart Failure Treatment and Management,31,56,25,0.0003,0.0005,0.02
T10397,Nutrition and Health in Aging,51,36,-15,0.0004,0.0003,-0.01
T10432,DNA and Nucleic Acid Chemistry,47,40,-7,0.0004,0.0003,-0.01
T10502,Advanced Memory and Neural Computing,42,45,3,0.0004,0.0004,0.0
T10536,Endodontics and Root Canal Treatments,38,49,11,0.0003,0.0004,0.01
T10839,Pancreatic function and diabetes,49,38,-11,0.0004,0.0003,-0.01
T10841,Economic and Environmental Valuation,43,44,1,0.0004,0.0004,0.0
T10878,CRISPR and Genetic Engineering,54,33,-21,0.0005,0.0003,-0.02
T11059,Market Dynamics and Volatility,65,22,-43,0.0006,0.0002,-0.04
T11830,Point processes and geometric inequalities,43,44,1,0.0004,0.0004,0.0
T11925,Culinary Culture and Tourism,41,46,5,0.0004,0.0004,0.0
T12783,"Migration, Aging, and Tourism Studies",49,38,-11,0.0004,0.0003,-0.01
T10247,Perovskite Materials and Applications,45,41,-4,0.0004,0.0004,-0.0
T10436,Anesthesia and Sedative Agents,34,52,18,0.0003,0.0005,0.02
T10500,Sparse and Compressive Sensing Techniques,48,38,-10,0.0004,0.0003,-0.01
T10576,Opioid Use Disorder Treatment,35,51,16,0.0003,0.0004,0.01
T10679,Service-Oriented Architecture and Web Services,64,22,-42,0.0006,0.0002,-0.04
T10716,Soil and Unsaturated Flow,49,37,-12,0.0004,0.0003,-0.01
T11729,Product Development and Customization,37,49,12,0.0003,0.0004,0.01
T12654,Xenotransplantation and immune response,41,45,4,0.0004,0.0004,0.0
T12798,Religious Tourism and Spaces,60,26,-34,0.0005,0.0002,-0.03
T13545,Philosophical and Theoretical Analysis,45,41,-4,0.0004,0.0004,-0.0
T10101,Cloud Computing and Resource Management,44,41,-3,0.0004,0.0004,-0.0
T10143,Chronic Obstructive Pulmonary Disease (COPD) Research,41,44,3,0.0004,0.0004,0.0
T10271,Seismic Imaging and Inversion Techniques,50,35,-15,0.0004,0.0003,-0.01
T10598,Cardiac pacing and defibrillation studies,43,42,-1,0.0004,0.0004,-0.0
T10599,Reconstructive Surgery and Microvascular Techniques,40,45,5,0.0003,0.0004,0.0
T10700,Metal Forming Simulation Techniques,46,39,-7,0.0004,0.0003,-0.01
T10867,Intensive Care Unit Cognitive Disorders,46,39,-7,0.0004,0.0003,-0.01
T11113,Music History and Culture,24,61,37,0.0002,0.0005,0.03
T11324,Spectroscopy Techniques in Biomedical and Chemical Research,42,43,1,0.0004,0.0004,0.0
T11458,Advanced Wireless Communication Technologies,38,47,9,0.0003,0.0004,0.01
T10264,Asphalt Pavement Performance Evaluation,37,47,10,0.0003,0.0004,0.01
T10654,Pneumonia and Respiratory Infections,45,39,-6,0.0004,0.0003,-0.01
T11725,Immunodeficiency and Autoimmune Disorders,37,47,10,0.0003,0.0004,0.01
T12517,Seventeenth-Century Political and Philosophical Thought,12,72,60,0.0001,0.0006,0.05
T10128,Global trade and economics,50,33,-17,0.0004,0.0003,-0.01
T10194,Nonlinear Partial Differential Equations,29,54,25,0.0003,0.0005,0.02
T10291,Dialysis and Renal Disease Management,39,44,5,0.0003,0.0004,0.0
T10344,Management and Organizational Studies,27,56,29,0.0002,0.0005,0.03
T10830,Airway Management and Intubation Techniques,40,43,3,0.0003,0.0004,0.0
T10882,Cardiomyopathy and Myosin Studies,43,40,-3,0.0004,0.0003,-0.0
T11007,Hybrid Renewable Energy Systems,44,39,-5,0.0004,0.0003,-0.0
T11163,Organ Donation and Transplantation,48,35,-13,0.0004,0.0003,-0.01
T11171,Diabetes and associated disorders,48,35,-13,0.0004,0.0003,-0.01
T11306,Nonmelanoma Skin Cancer Studies,36,47,11,0.0003,0.0004,0.01
T11757,Seismic Waves and Analysis,42,41,-1,0.0004,0.0004,-0.0
T12390,Comics and Graphic Narratives,26,57,31,0.0002,0.0005,0.03
T10058,Entrepreneurship Studies and Influences,27,55,28,0.0002,0.0005,0.02
T10148,Advanced MIMO Systems Optimization,56,26,-30,0.0005,0.0002,-0.03
T10442,Knee injuries and reconstruction techniques,34,48,14,0.0003,0.0004,0.01
T11137,Historical Philosophy and Science,24,58,34,0.0002,0.0005,0.03
T11298,Synthesis and Properties of Aromatic Compounds,38,44,6,0.0003,0.0004,0.01
T11444,Electromagnetic Compatibility and Noise Suppression,32,50,18,0.0003,0.0004,0.02
T11879,Protist diversity and phylogeny,33,49,16,0.0003,0.0004,0.01
T12303,Tensor decomposition and applications,41,41,0,0.0004,0.0004,-0.0
T13356,Early Modern Women Writers,34,48,14,0.0003,0.0004,0.01
T10103,Reading and Literacy Development,23,58,35,0.0002,0.0005,0.03
T10443,Social Policy and Reform Studies,24,57,33,0.0002,0.0005,0.03
T10612,Magnetism in coordination complexes,45,36,-9,0.0004,0.0003,-0.01
T10870,Interstitial Lung Diseases and Idiopathic Pulmonary Fibrosis,39,42,3,0.0003,0.0004,0.0
T11048,Bacteriophages and microbial interactions,48,33,-15,0.0004,0.0003,-0.01
T11156,Reproductive Health and Technologies,47,34,-13,0.0004,0.0003,-0.01
T11177,Spectroscopy and Quantum Chemical Studies,50,31,-19,0.0004,0.0003,-0.02
T11434,Electrochemical Analysis and Applications,50,31,-19,0.0004,0.0003,-0.02
T12632,Visual Culture and Art Theory,15,66,51,0.0001,0.0006,0.04
T13103,Middle East Politics and Society,47,34,-13,0.0004,0.0003,-0.01
T13562,Cruise Tourism Development and Management,63,18,-45,0.0006,0.0002,-0.04
T10050,Multi-Criteria Decision Making,34,46,12,0.0003,0.0004,0.01
T10062,MicroRNA in disease regulation,46,34,-12,0.0004,0.0003,-0.01
T10778,Philosophy and History of Science,34,46,12,0.0003,0.0004,0.01
T10834,Welding Techniques and Residual Stresses,37,43,6,0.0003,0.0004,0.01
T10949,Genetic Neurodegenerative Diseases,48,32,-16,0.0004,0.0003,-0.01
T11067,Colorectal Cancer Treatments and Studies,40,40,0,0.0003,0.0003,-0.0
T11232,Urinary Tract Infections Management,38,42,4,0.0003,0.0004,0.0
T11847,Recycled Aggregate Concrete Performance,34,46,12,0.0003,0.0004,0.01
T11895,Social and Cultural Dynamics,7,73,66,0.0001,0.0006,0.06
T12337,Italian Fascism and Post-war Society,66,14,-52,0.0006,0.0001,-0.05
T12616,Religious Education and Schools,33,47,14,0.0003,0.0004,0.01
T12995,Urban Development and Cultural Heritage,3,77,74,0.0,0.0007,0.06
T13430,Lipid metabolism and disorders,29,51,22,0.0003,0.0004,0.02
T10200,Rheumatoid Arthritis Research and Therapies,31,48,17,0.0003,0.0004,0.01
T10290,Pregnancy and preeclampsia studies,44,35,-9,0.0004,0.0003,-0.01
T10471,Climate Change Policy and Economics,40,39,-1,0.0003,0.0003,-0.0
T11280,Hemophilia Treatment and Research,36,43,7,0.0003,0.0004,0.01
T12304,Radiative Heat Transfer Studies,40,39,-1,0.0003,0.0003,-0.0
T12524,Chemical Synthesis and Characterization,58,21,-37,0.0005,0.0002,-0.03
T13595,Archaeology and Cultural Heritage,11,68,57,0.0001,0.0006,0.05
T14479,Freezing and Crystallization Processes,37,42,5,0.0003,0.0004,0.0
T10089,Avian ecology and behavior,17,61,44,0.0001,0.0005,0.04
T10730,Language Development and Disorders,25,53,28,0.0002,0.0005,0.02
T11025,Nonlinear Optical Materials Research,32,46,14,0.0003,0.0004,0.01
T11622,Maritime Navigation and Safety,40,38,-2,0.0003,0.0003,-0.0
T10063,Nanoparticle-Based Drug Delivery,30,47,17,0.0003,0.0004,0.01
T10684,Acute Kidney Injury Research,35,42,7,0.0003,0.0004,0.01
T11026,Occupational and environmental lung diseases,42,35,-7,0.0004,0.0003,-0.01
T11081,Advanced Control Systems Design,17,60,43,0.0001,0.0005,0.04
T11254,Fluid Dynamics and Vibration Analysis,45,32,-13,0.0004,0.0003,-0.01
T11289,Single-cell and spatial transcriptomics,52,25,-27,0.0005,0.0002,-0.02
T11380,Child Welfare and Adoption,22,55,33,0.0002,0.0005,0.03
T11766,Iron-based superconductors research,75,2,-73,0.0007,0.0,-0.06
T11949,Nuclear Physics and Applications,68,9,-59,0.0006,0.0001,-0.05
T13743,Italian Literature and Culture,32,45,13,0.0003,0.0004,0.01
T10044,Protein Structure and Dynamics,26,50,24,0.0002,0.0004,0.02
T10211,Computational Drug Discovery Methods,35,41,6,0.0003,0.0004,0.01
T10212,Electrochemical sensors and biosensors,30,46,16,0.0003,0.0004,0.01
T10509,"Religion, Spirituality, and Psychology",31,45,14,0.0003,0.0004,0.01
T10940,Navier-Stokes equation solutions,45,31,-14,0.0004,0.0003,-0.01
T11080,Surgical site infection prevention,33,43,10,0.0003,0.0004,0.01
T11733,X-ray Spectroscopy and Fluorescence Analysis,34,42,8,0.0003,0.0004,0.01
T12501,Digital Economy and Work Transformation,59,17,-42,0.0005,0.0001,-0.04
T12509,Corporate Insolvency and Governance,15,61,46,0.0001,0.0005,0.04
T14059,"Nietzsche, Schopenhauer, and Hegel",23,53,30,0.0002,0.0005,0.03
T10213,Public Policy and Administration Research,2,73,71,0.0,0.0006,0.06
T10650,Food Drying and Modeling,28,47,19,0.0002,0.0004,0.02
T10780,Reliability and Maintenance Optimization,22,53,31,0.0002,0.0005,0.03
T11115,Topology Optimization in Engineering,39,36,-3,0.0003,0.0003,-0.0
T11648,"Diaspora, migration, transnational identity",9,66,57,0.0001,0.0006,0.05
T11814,Advanced Manufacturing and Logistics Optimization,49,26,-23,0.0004,0.0002,-0.02
T12666,Historical Psychiatry and Medical Practices,17,58,41,0.0001,0.0005,0.04
T12777,"Philosophy, History, and Historiography",1,74,73,0.0,0.0006,0.06
T13215,Global Maritime and Colonial Histories,44,31,-13,0.0004,0.0003,-0.01
T13394,"Ecology, Conservation, and Geographical Studies",21,54,33,0.0002,0.0005,0.03
T10376,Suicide and Self-Harm Studies,29,45,16,0.0003,0.0004,0.01
T10537,Attention Deficit Hyperactivity Disorder,53,21,-32,0.0005,0.0002,-0.03
T10808,Electric and Hybrid Vehicle Technologies,30,44,14,0.0003,0.0004,0.01
T10823,Research on Leishmaniasis Studies,39,35,-4,0.0003,0.0003,-0.0
T10877,Allergic Rhinitis and Sensitization,35,39,4,0.0003,0.0003,0.0
T11119,Urban Stormwater Management Solutions,22,52,30,0.0002,0.0005,0.03
T11412,Genetic and Kidney Cyst Diseases,35,39,4,0.0003,0.0003,0.0
T11645,"Urban, Neighborhood, and Segregation Studies",14,60,46,0.0001,0.0005,0.04
T12190,Innovations in Concrete and Construction Materials,51,23,-28,0.0004,0.0002,-0.02
T12748,Molecular spectroscopy and chirality,44,30,-14,0.0004,0.0003,-0.01
T14030,Taxation and Legal Issues,32,42,10,0.0003,0.0004,0.01
T10013,Asymmetric Synthesis and Catalysis,31,42,11,0.0003,0.0004,0.01
T10316,Sleep and related disorders,39,34,-5,0.0003,0.0003,-0.0
T10672,Design Education and Practice,30,43,13,0.0003,0.0004,0.01
T11263,Electromagnetic Simulation and Numerical Methods,34,39,5,0.0003,0.0003,0.0
T11367,Particle accelerators and beam dynamics,62,11,-51,0.0005,0.0001,-0.04
T11730,Autoimmune Bullous Skin Diseases,45,28,-17,0.0004,0.0002,-0.01
T11937,Research Data Management Practices,17,56,39,0.0001,0.0005,0.03
T12079,IoT Networks and Protocols,33,40,7,0.0003,0.0003,0.01
T12343,Geography Education and Pedagogy,11,62,51,0.0001,0.0005,0.04
T12536,Topological and Geometric Data Analysis,45,28,-17,0.0004,0.0002,-0.01
T10086,Alzheimer's disease research and treatments,26,46,20,0.0002,0.0004,0.02
T10159,Ionosphere and magnetosphere dynamics,18,54,36,0.0002,0.0005,0.03
T10692,Urban Green Space and Health,35,37,2,0.0003,0.0003,0.0
T10942,"Sports, Gender, and Society",46,26,-20,0.0004,0.0002,-0.02
T11216,Radiation Detection and Scintillator Technologies,41,31,-10,0.0004,0.0003,-0.01
T11416,Numerical methods for differential equations,38,34,-4,0.0003,0.0003,-0.0
T12172,Neutropenia and Cancer Infections,38,34,-4,0.0003,0.0003,-0.0
T12444,"Art, Politics, and Modernism",9,63,54,0.0001,0.0005,0.05
T13380,Sound Studies and Aurality,3,69,66,0.0,0.0006,0.06
T10099,GaN-based semiconductor devices and materials,39,32,-7,0.0003,0.0003,-0.01
T10208,Labor market dynamics and wage inequality,34,37,3,0.0003,0.0003,0.0
T10368,Dental Health and Care Utilization,27,44,17,0.0002,0.0004,0.01
T10378,Advanced MRI Techniques and Applications,38,33,-5,0.0003,0.0003,-0.0
T10582,Ethics in Clinical Research,33,38,5,0.0003,0.0003,0.0
T11024,Information Systems Theories and Implementation,34,37,3,0.0003,0.0003,0.0
T11210,Mathematical Analysis and Transform Methods,21,50,29,0.0002,0.0004,0.03
T12192,Polysaccharides Composition and Applications,26,45,19,0.0002,0.0004,0.02
T12967,Molecular Spectroscopy and Structure,65,6,-59,0.0006,0.0001,-0.05
T13581,New Caledonia Indigenous Studies,32,39,7,0.0003,0.0003,0.01
T10287,Algebraic structures and combinatorial models,48,22,-26,0.0004,0.0002,-0.02
T10308,Systemic Lupus Erythematosus Research,36,34,-2,0.0003,0.0003,-0.0
T10370,Traffic and Road Safety,15,55,40,0.0001,0.0005,0.03
T10414,Cannabis and Cannabinoid Research,37,33,-4,0.0003,0.0003,-0.0
T10653,Robot Manipulation and Learning,43,27,-16,0.0004,0.0002,-0.01
T10691,Retinal Development and Disorders,35,35,0,0.0003,0.0003,-0.0
T10795,Healthcare professionals’ stress and burnout,40,30,-10,0.0003,0.0003,-0.01
T10799,Data Visualization and Analytics,31,39,8,0.0003,0.0003,0.01
T10809,Occupational Health and Safety Research,44,26,-18,0.0004,0.0002,-0.02
T10833,Vaccine Coverage and Hesitancy,33,37,4,0.0003,0.0003,0.0
T11011,Frailty in Older Adults,44,26,-18,0.0004,0.0002,-0.02
T11084,Workplace Health and Well-being,22,48,26,0.0002,0.0004,0.02
T11996,Random lasers and scattering media,33,37,4,0.0003,0.0003,0.0
T12020,Enhanced Recovery After Surgery,37,33,-4,0.0003,0.0003,-0.0
T12143,Place Attachment and Urban Studies,21,49,28,0.0002,0.0004,0.02
T12457,Ecocriticism and Environmental Literature,17,53,36,0.0001,0.0005,0.03
T10003,Innovation and Knowledge Management,25,44,19,0.0002,0.0004,0.02
T10042,Neural and Behavioral Psychology Studies,25,44,19,0.0002,0.0004,0.02
T10189,Anesthesia and Pain Management,23,46,23,0.0002,0.0004,0.02
T10355,Impact of Technology on Adolescents,27,42,15,0.0002,0.0004,0.01
T10399,Hydrocarbon exploration and reservoir analysis,40,29,-11,0.0003,0.0003,-0.01
T10422,Angiogenesis and VEGF in Cancer,28,41,13,0.0002,0.0004,0.01
T10521,RNA and protein synthesis mechanisms,33,36,3,0.0003,0.0003,0.0
T10975,Bone Tumor Diagnosis and Treatments,28,41,13,0.0002,0.0004,0.01
T11117,Drug-Induced Adverse Reactions,31,38,7,0.0003,0.0003,0.01
T11287,Cancer Genomics and Diagnostics,38,31,-7,0.0003,0.0003,-0.01
T11305,"Amyloidosis: Diagnosis, Treatment, Outcomes",38,31,-7,0.0003,0.0003,-0.01
T11315,Phase-change materials and chalcogenides,49,20,-29,0.0004,0.0002,-0.03
T11474,Sport and Mega-Event Impacts,45,24,-21,0.0004,0.0002,-0.02
T12024,Ultra-Wideband Communications Technology,34,35,1,0.0003,0.0003,0.0
T12081,Aerodynamics and Fluid Dynamics Research,49,20,-29,0.0004,0.0002,-0.03
T12168,Health and Medical Research Impacts,23,46,23,0.0002,0.0004,0.02
T10108,Electoral Systems and Political Participation,1,67,66,0.0,0.0006,0.06
T10301,Mitochondrial Function and Pathology,38,30,-8,0.0003,0.0003,-0.01
T10386,Microstructure and Mechanical Properties of Steels,39,29,-10,0.0003,0.0003,-0.01
T10607,Magnetic and transport properties of perovskites and related materials,33,35,2,0.0003,0.0003,0.0
T11018,Lower Extremity Biomechanics and Pathologies,21,47,26,0.0002,0.0004,0.02
T11106,Data Management and Algorithms,50,18,-32,0.0004,0.0002,-0.03
T11447,Blind Source Separation Techniques,52,16,-36,0.0005,0.0001,-0.03
T11567,semigroups and automata theory,14,54,40,0.0001,0.0005,0.03
T11624,Constructed Wetlands for Wastewater Treatment,36,32,-4,0.0003,0.0003,-0.0
T12507,"Utopian, Dystopian, and Speculative Fiction",15,53,38,0.0001,0.0005,0.03
T12630,African Botany and Ecology Studies,66,2,-64,0.0006,0.0,-0.06
T12809,Contact Mechanics and Variational Inequalities,33,35,2,0.0003,0.0003,0.0
T13519,Historical Architecture and Urbanism,3,65,62,0.0,0.0006,0.05
T10005,Ecology and Vegetation Dynamics Studies,20,47,27,0.0002,0.0004,0.02
T10073,Hepatocellular Carcinoma Treatment and Prognosis,37,30,-7,0.0003,0.0003,-0.01
T10603,Smart Grid Energy Management,44,23,-21,0.0004,0.0002,-0.02
T10615,Granular flow and fluidized beds,40,27,-13,0.0003,0.0002,-0.01
T10995,Methane Hydrates and Related Phenomena,52,15,-37,0.0005,0.0001,-0.03
T11657,Digital and Traditional Archives Management,6,61,55,0.0001,0.0005,0.05
T11739,Microwave Imaging and Scattering Analysis,43,24,-19,0.0004,0.0002,-0.02
T12613,X-ray Diffraction in Crystallography,25,42,17,0.0002,0.0004,0.01
T12690,Cross-Border Cooperation and Integration,29,38,9,0.0003,0.0003,0.01
T12985,Maritime Security and History,24,43,19,0.0002,0.0004,0.02
T13060,Adventure Sports and Sensation Seeking,36,31,-5,0.0003,0.0003,-0.0
T13516,Publishing and Scholarly Communication,5,62,57,0.0,0.0005,0.05
T14047,Marine and environmental studies,43,24,-19,0.0004,0.0002,-0.02
T10065,Atrial Fibrillation Management and Outcomes,33,33,0,0.0003,0.0003,-0.0
T10171,Biofuel production and bioconversion,37,29,-8,0.0003,0.0003,-0.01
T10589,Early Childhood Education and Development,12,54,42,0.0001,0.0005,0.04
T10707,Cellular and Composite Structures,22,44,22,0.0002,0.0004,0.02
T10814,Neuropeptides and Animal Physiology,41,25,-16,0.0004,0.0002,-0.01
T11185,Integrated Energy Systems Optimization,31,35,4,0.0003,0.0003,0.0
T12283,Latin American history and culture,22,44,22,0.0002,0.0004,0.02
T13518,Architecture and Computational Design,35,31,-4,0.0003,0.0003,-0.0
T13952,Information Technology and Learning,66,0,-66,0.0006,0.0,-0.06
T10221,Composite Structure Analysis and Optimization,36,29,-7,0.0003,0.0003,-0.01
T10341,Coral and Marine Ecosystems Studies,41,24,-17,0.0004,0.0002,-0.01
T10466,Meteorological Phenomena and Simulations,23,42,19,0.0002,0.0004,0.02
T10701,Radical Photochemical Reactions,25,40,15,0.0002,0.0003,0.01
T10715,Distributed and Parallel Computing Systems,53,12,-41,0.0005,0.0001,-0.04
T10898,Environmental Education and Sustainability,31,34,3,0.0003,0.0003,0.0
T10916,Surgical Simulation and Training,28,37,9,0.0002,0.0003,0.01
T11296,COVID-19 and healthcare impacts,31,34,3,0.0003,0.0003,0.0
T11382,Fluid Dynamics and Heat Transfer,16,49,33,0.0001,0.0004,0.03
T11561,Protein Hydrolysis and Bioactive Peptides,37,28,-9,0.0003,0.0002,-0.01
T11594,Tree-ring climate responses,44,21,-23,0.0004,0.0002,-0.02
T11617,Enzyme Production and Characterization,35,30,-5,0.0003,0.0003,-0.0
T11655,HIV-related health complications and treatments,37,28,-9,0.0003,0.0002,-0.01
T11738,Ultrasound in Clinical Applications,30,35,5,0.0003,0.0003,0.0
T11922,Cardiovascular Effects of Exercise,35,30,-5,0.0003,0.0003,-0.0
T11983,"Identity, Memory, and Therapy",44,21,-23,0.0004,0.0002,-0.02
T12422,Radiomics and Machine Learning in Medical Imaging,38,27,-11,0.0003,0.0002,-0.01
T12455,Mediterranean and Iberian flora and fauna,60,5,-55,0.0005,0.0,-0.05
T12881,linguistics and terminology studies,27,38,11,0.0002,0.0003,0.01
T13147,Ethics and bioethics in healthcare,10,55,45,0.0001,0.0005,0.04
T13256,Archaeology and Rock Art Studies,19,46,27,0.0002,0.0004,0.02
T13912,"Language, Linguistics, Cultural Analysis",51,14,-37,0.0004,0.0001,-0.03
T10027,"Diabetes, Cardiovascular Risks, and Lipoproteins",45,19,-26,0.0004,0.0002,-0.02
T10071,Bone health and osteoporosis research,25,39,14,0.0002,0.0003,0.01
T10371,Immune Response and Inflammation,40,24,-16,0.0003,0.0002,-0.01
T10404,Enzyme Catalysis and Immobilization,20,44,24,0.0002,0.0004,0.02
T10480,Ionic liquids properties and applications,35,29,-6,0.0003,0.0003,-0.01
T10573,Power Quality and Harmonics,20,44,24,0.0002,0.0004,0.02
T10895,Species Distribution and Climate Change,50,14,-36,0.0004,0.0001,-0.03
T12033,Agricultural Economics and Policy,7,57,50,0.0001,0.0005,0.04
T12267,Diet and metabolism studies,63,1,-62,0.0006,0.0,-0.05
T12514,Fashion and Cultural Textiles,17,47,30,0.0001,0.0004,0.03
T13557,Environmental and sustainability education,4,60,56,0.0,0.0005,0.05
T13596,"Grouting, Rheology, and Soil Mechanics",39,25,-14,0.0003,0.0002,-0.01
T14259,Legal Rights and Human Rights,7,57,50,0.0001,0.0005,0.04
T10113,Dental materials and restorations,24,39,15,0.0002,0.0003,0.01
T10199,Wildlife Ecology and Conservation,30,33,3,0.0003,0.0003,0.0
T10206,Meta-analysis and systematic reviews,35,28,-7,0.0003,0.0002,-0.01
T10268,Developmental Biology and Gene Regulation,23,40,17,0.0002,0.0003,0.01
T10303,Photosynthetic Processes and Mechanisms,22,41,19,0.0002,0.0004,0.02
T10482,Mathematical and Theoretical Epidemiology and Ecology Models,15,48,33,0.0001,0.0004,0.03
T10508,Patient Safety and Medication Errors,20,43,23,0.0002,0.0004,0.02
T10638,Optical measurement and interference techniques,28,35,7,0.0002,0.0003,0.01
T10751,Forensic and Genetic Research,28,35,7,0.0002,0.0003,0.01
T10873,Bacterial Infections and Vaccines,36,27,-9,0.0003,0.0002,-0.01
T11002,Indoor Air Quality and Microbial Exposure,22,41,19,0.0002,0.0004,0.02
T11238,Simulation-Based Education in Healthcare,25,38,13,0.0002,0.0003,0.01
T11503,Cytokine Signaling Pathways and Interactions,36,27,-9,0.0003,0.0002,-0.01
T11751,Lattice Boltzmann Simulation Studies,48,15,-33,0.0004,0.0001,-0.03
T11856,Thermography and Photoacoustic Techniques,36,27,-9,0.0003,0.0002,-0.01
T12397,Critical Theory and Philosophy,12,51,39,0.0001,0.0004,0.03
T12739,Historical Studies on Spain,39,24,-15,0.0003,0.0002,-0.01
T14160,Water management and technologies,40,23,-17,0.0003,0.0002,-0.01
T14466,"Migration, Health, Geopolitics, Historical Geography",39,24,-15,0.0003,0.0002,-0.01
T14515,International Law and Aviation,58,5,-53,0.0005,0.0,-0.05
T10028,Topic Modeling,34,28,-6,0.0003,0.0002,-0.01
T10054,Parallel Computing and Optimization Techniques,33,29,-4,0.0003,0.0003,-0.0
T10169,Protein Kinase Regulation and GTPase Signaling,32,30,-2,0.0003,0.0003,-0.0
T10440,Advanced Thermoelectric Materials and Devices,25,37,12,0.0002,0.0003,0.01
T10604,RNA Research and Splicing,38,24,-14,0.0003,0.0002,-0.01
T11023,Prosthetics and Rehabilitation Robotics,25,37,12,0.0002,0.0003,0.01
T11270,Complex Systems and Time Series Analysis,32,30,-2,0.0003,0.0003,-0.0
T11643,Building materials and conservation,51,11,-40,0.0004,0.0001,-0.03
T11981,Qualitative Research Methods and Ethics,3,59,56,0.0,0.0005,0.05
T11986,Scientific Computing and Data Management,41,21,-20,0.0004,0.0002,-0.02
T12006,Ergonomics and Musculoskeletal Disorders,29,33,4,0.0003,0.0003,0.0
T12191,Chemical Reaction Mechanisms,18,44,26,0.0002,0.0004,0.02
T12561,bioluminescence and chemiluminescence research,36,26,-10,0.0003,0.0002,-0.01
T12636,Regional Development and Innovation,25,37,12,0.0002,0.0003,0.01
T12760,Laser Design and Applications,57,5,-52,0.0005,0.0,-0.05
T14404,European Socioeconomic and Political Studies,60,2,-58,0.0005,0.0,-0.05
T10112,HIV Research and Treatment,31,30,-1,0.0003,0.0003,-0.0
T10127,"Banking stability, regulation, efficiency",33,28,-5,0.0003,0.0002,-0.0
T10295,Plasmonic and Surface Plasmon Research,25,36,11,0.0002,0.0003,0.01
T10449,Renal cell carcinoma treatment,25,36,11,0.0002,0.0003,0.01
T10661,biodegradable polymer synthesis and properties,38,23,-15,0.0003,0.0002,-0.01
T10731,Educational Games and Gamification,22,39,17,0.0002,0.0003,0.01
T10749,International Law and Human Rights,28,33,5,0.0002,0.0003,0.0
T10885,Gene expression and cancer classification,49,12,-37,0.0004,0.0001,-0.03
T10919,Neurological disorders and treatments,27,34,7,0.0002,0.0003,0.01
T10954,Peripheral Nerve Disorders,30,31,1,0.0003,0.0003,0.0
T10994,"Terrorism, Counterterrorism, and Political Violence",5,56,51,0.0,0.0005,0.04
T11677,Congenital heart defects research,46,15,-31,0.0004,0.0001,-0.03
T11943,Pharmacovigilance and Adverse Drug Reactions,19,42,23,0.0002,0.0004,0.02
T13810,Legal Systems and Institutions,61,0,-61,0.0005,0.0,-0.05
T13854,Historical Geography and Cartography,13,48,35,0.0001,0.0004,0.03
T10052,Medical Image Segmentation Techniques,16,44,28,0.0001,0.0004,0.02
T10077,Neuroscience and Neuropharmacology Research,30,30,0,0.0003,0.0003,-0.0
T10156,"LGBTQ Health, Identity, and Policy",21,39,18,0.0002,0.0003,0.02
T10170,Retinal Diseases and Treatments,28,32,4,0.0002,0.0003,0.0
T10191,Robotics and Sensor-Based Localization,33,27,-6,0.0003,0.0002,-0.01
T10338,Advanced Sensor and Energy Harvesting Materials,37,23,-14,0.0003,0.0002,-0.01
T10356,Orthodontics and Dentofacial Orthopedics,23,37,14,0.0002,0.0003,0.01
T10591,Theoretical and Computational Physics,43,17,-26,0.0004,0.0001,-0.02
T10698,Transportation Planning and Optimization,14,46,32,0.0001,0.0004,0.03
T11038,Advanced SAR Imaging Techniques,18,42,24,0.0002,0.0004,0.02
T11097,Cerebral Palsy and Movement Disorders,37,23,-14,0.0003,0.0002,-0.01
T11431,Action Observation and Synchronization,52,8,-44,0.0005,0.0001,-0.04
T11948,Machine Learning in Materials Science,31,29,-2,0.0003,0.0003,-0.0
T12272,Cardiovascular Conditions and Treatments,30,30,0,0.0003,0.0003,-0.0
T12465,"Cancer, Lipids, and Metabolism",32,28,-4,0.0003,0.0002,-0.0
T12502,Urbanization and City Planning,31,29,-2,0.0003,0.0003,-0.0
T14237,Historical and Political Studies,51,9,-42,0.0004,0.0001,-0.04
T10146,Cervical Cancer and HPV Research,26,33,7,0.0002,0.0003,0.01
T10234,Obstructive Sleep Apnea Research,27,32,5,0.0002,0.0003,0.0
T10284,Anaerobic Digestion and Biogas Production,21,38,17,0.0002,0.0003,0.01
T10827,Patient-Provider Communication in Healthcare,19,40,21,0.0002,0.0003,0.02
T10982,Motor Control and Adaptation,23,36,13,0.0002,0.0003,0.01
T11169,Silicon Nanostructures and Photoluminescence,35,24,-11,0.0003,0.0002,-0.01
T11440,Click Chemistry and Applications,38,21,-17,0.0003,0.0002,-0.01
T11461,Local Government Finance and Decentralization,8,51,43,0.0001,0.0004,0.04
T11728,Thyroid and Parathyroid Surgery,24,35,11,0.0002,0.0003,0.01
T11940,Layered Double Hydroxides Synthesis and Applications,30,29,-1,0.0003,0.0003,-0.0
T12678,Themes in Literature Analysis,6,53,47,0.0001,0.0005,0.04
T13756,International Environmental Law and Policies,42,17,-25,0.0004,0.0001,-0.02
T10162,Online and Blended Learning,10,48,38,0.0001,0.0004,0.03
T10248,Nonlinear Waves and Solitons,27,31,4,0.0002,0.0003,0.0
T10407,Lipid Membrane Structure and Behavior,26,32,6,0.0002,0.0003,0.01
T10452,Iron Metabolism and Disorders,23,35,12,0.0002,0.0003,0.01
T10479,Structural Behavior of Reinforced Concrete,26,32,6,0.0002,0.0003,0.01
T10540,Advanced Fluorescence Microscopy Techniques,24,34,10,0.0002,0.0003,0.01
T10585,Family Dynamics and Relationships,7,51,44,0.0001,0.0004,0.04
T10586,Robotic Path Planning Algorithms,37,21,-16,0.0003,0.0002,-0.01
T10702,Insect and Arachnid Ecology and Behavior,37,21,-16,0.0003,0.0002,-0.01
T11014,Regional Economics and Spatial Analysis,13,45,32,0.0001,0.0004,0.03
T11173,Neurofibromatosis and Schwannoma Cases,28,30,2,0.0002,0.0003,0.0
T12040,International Arbitration and Investment Law,26,32,6,0.0002,0.0003,0.01
T13089,Medieval and Early Modern Iberia,15,43,28,0.0001,0.0004,0.02
T13460,Historical Studies in Latin America,32,26,-6,0.0003,0.0002,-0.01
T10282,Financial Risk and Volatility Modeling,28,29,1,0.0002,0.0003,0.0
T10310,Corrosion Behavior and Inhibition,33,24,-9,0.0003,0.0002,-0.01
T10464,Crystal structures of chemical compounds,4,53,49,0.0,0.0005,0.04
T10475,Psychological Well-being and Life Satisfaction,32,25,-7,0.0003,0.0002,-0.01
T10600,Reproductive Health and Contraception,15,42,27,0.0001,0.0004,0.02
T10618,Aortic Disease and Treatment Approaches,30,27,-3,0.0003,0.0002,-0.0
T10686,Effects and risks of endocrine disrupting chemicals,25,32,7,0.0002,0.0003,0.01
T10687,Innovative concrete reinforcement materials,27,30,3,0.0002,0.0003,0.0
T10857,Advanced Electron Microscopy Techniques and Applications,20,37,17,0.0002,0.0003,0.01
T11359,Effects of Radiation Exposure,25,32,7,0.0002,0.0003,0.01
T11660,Blood groups and transfusion,28,29,1,0.0002,0.0003,0.0
T11799,"Adhesion, Friction, and Surface Interactions",46,11,-35,0.0004,0.0001,-0.03
T12167,Bacterial Identification and Susceptibility Testing,27,30,3,0.0002,0.0003,0.0
T12692,Magnetic Field Sensors Techniques,53,4,-49,0.0005,0.0,-0.04
T13819,Collaborative and Sustainable Housing Initiatives,4,53,49,0.0,0.0005,0.04
T10030,Electrocatalysts for Energy Conversion,31,25,-6,0.0003,0.0002,-0.01
T10383,"Language, Discourse, Communication Strategies",14,42,28,0.0001,0.0004,0.02
T10435,Environmental Impact and Sustainability,16,40,24,0.0001,0.0003,0.02
T10876,Fault Detection and Control Systems,41,15,-26,0.0004,0.0001,-0.02
T10893,Chinese history and philosophy,32,24,-8,0.0003,0.0002,-0.01
T10937,"Telomeres, Telomerase, and Senescence",19,37,18,0.0002,0.0003,0.02
T11392,Energy Harvesting in Wireless Networks,43,13,-30,0.0004,0.0001,-0.03
T11466,Innovative Education and Learning Practices,9,47,38,0.0001,0.0004,0.03
T11841,Nuclear Structure and Function,46,10,-36,0.0004,0.0001,-0.03
T11993,Atomic and Subatomic Physics Research,56,0,-56,0.0005,0.0,-0.05
T12166,Ion-surface interactions and analysis,35,21,-14,0.0003,0.0002,-0.01
T13133,Architecture and Art History Studies,11,45,34,0.0001,0.0004,0.03
T14185,"Research, Science, and Academia",1,55,54,0.0,0.0005,0.05
T14191,Historical Art and Architecture Studies,9,47,38,0.0001,0.0004,0.03
T10244,Chaos control and synchronization,33,22,-11,0.0003,0.0002,-0.01
T10390,Ovarian function and disorders,34,21,-13,0.0003,0.0002,-0.01
T10468,Photovoltaic System Optimization Techniques,27,28,1,0.0002,0.0002,0.0
T10519,Advanced Proteomics Techniques and Applications,28,27,-1,0.0002,0.0002,-0.0
T10685,Viral-associated cancers and disorders,28,27,-1,0.0002,0.0002,-0.0
T10891,Radar Systems and Signal Processing,23,32,9,0.0002,0.0003,0.01
T11010,"Logic, Reasoning, and Knowledge",29,26,-3,0.0003,0.0002,-0.0
T11041,Ubiquitin and proteasome pathways,44,11,-33,0.0004,0.0001,-0.03
T11078,Inflammasome and immune disorders,28,27,-1,0.0002,0.0002,-0.0
T11635,Poisoning and overdose treatments,31,24,-7,0.0003,0.0002,-0.01
T11700,Hemodynamic Monitoring and Therapy,34,21,-13,0.0003,0.0002,-0.01
T11904,Spatial Cognition and Navigation,35,20,-15,0.0003,0.0002,-0.01
T13291,Political Theory and Democracy,4,51,47,0.0,0.0004,0.04
T13850,Night-time city culture,33,22,-11,0.0003,0.0002,-0.01
T13890,Remote Sensing and Land Use,24,31,7,0.0002,0.0003,0.01
T14206,Animal Law and Welfare,8,47,39,0.0001,0.0004,0.03
T10220,Machine Fault Diagnosis Techniques,31,23,-8,0.0003,0.0002,-0.01
T10276,Helicobacter pylori-related gastroenterology studies,30,24,-6,0.0003,0.0002,-0.01
T10307,Head and Neck Cancer Studies,27,27,0,0.0002,0.0002,-0.0
T10568,Thermodynamic and Exergetic Analyses of Power and Cooling Systems,25,29,4,0.0002,0.0003,0.0
T10853,"Anxiety, Depression, Psychometrics, Treatment, Cognitive Processes",20,34,14,0.0002,0.0003,0.01
T10886,Multiferroics and related materials,32,22,-10,0.0003,0.0002,-0.01
T11186,Hydrology and Drought Analysis,18,36,18,0.0002,0.0003,0.02
T11274,Botulinum Toxin and Related Neurological Disorders,43,11,-32,0.0004,0.0001,-0.03
T11680,Advanced Algebra and Geometry,31,23,-8,0.0003,0.0002,-0.01
T12336,Insect Utilization and Effects,30,24,-6,0.0003,0.0002,-0.01
T10047,Financial Markets and Investment Strategies,10,43,33,0.0001,0.0004,0.03
T10201,Speech Recognition and Synthesis,20,33,13,0.0002,0.0003,0.01
T10280,Shoulder Injury and Treatment,29,24,-5,0.0003,0.0002,-0.0
T10437,Educational theories and practices,4,49,45,0.0,0.0004,0.04
T10800,Forensic Toxicology and Drug Analysis,24,29,5,0.0002,0.0003,0.0
T10862,AI in cancer detection,26,27,1,0.0002,0.0002,0.0
T10902,Complementary and Alternative Medicine Studies,18,35,17,0.0002,0.0003,0.01
T10943,Escherichia coli research studies,28,25,-3,0.0002,0.0002,-0.0
T11114,Service and Product Innovation,30,23,-7,0.0003,0.0002,-0.01
T11149,Veterinary Oncology Research,25,28,3,0.0002,0.0002,0.0
T11243,Respiratory viral infections research,30,23,-7,0.0003,0.0002,-0.01
T11368,Long-Term Effects of COVID-19,36,17,-19,0.0003,0.0001,-0.02
T11921,Electroconvulsive Therapy Studies,26,27,1,0.0002,0.0002,0.0
T12048,Microencapsulation and Drying Processes,24,29,5,0.0002,0.0003,0.0
T13167,"Historical, Literary, and Cultural Studies",14,39,25,0.0001,0.0003,0.02
T13336,Religious Freedom and Discrimination,3,50,47,0.0,0.0004,0.04
T14342,"Military, Security, and Education Studies",52,1,-51,0.0005,0.0,-0.04
T10190,Air Quality and Health Impacts,31,21,-10,0.0003,0.0002,-0.01
T10512,Orthopaedic implants and arthroplasty,33,19,-14,0.0003,0.0002,-0.01
T11000,Infection Control in Healthcare,9,43,34,0.0001,0.0004,0.03
T11108,Municipal Solid Waste Management,9,43,34,0.0001,0.0004,0.03
T11242,Nuclear Materials and Properties,26,26,0,0.0002,0.0002,-0.0
T11310,Connective tissue disorders research,27,25,-2,0.0002,0.0002,-0.0
T11732,Assisted Reproductive Technology and Twin Pregnancy,28,24,-4,0.0002,0.0002,-0.0
T11843,Family Business Performance and Succession,20,32,12,0.0002,0.0003,0.01
T11901,Bayesian Methods and Mixture Models,28,24,-4,0.0002,0.0002,-0.0
T12421,Adrenal Hormones and Disorders,37,15,-22,0.0003,0.0001,-0.02
T12508,Functional Equations Stability Results,22,30,8,0.0002,0.0003,0.01
T13116,Heat Transfer and Numerical Methods,2,50,48,0.0,0.0004,0.04
T13231,"History, Culture, and Diplomacy",35,17,-18,0.0003,0.0001,-0.02
T13654,Urban Planning and Landscape Design,3,49,46,0.0,0.0004,0.04
T10036,Advanced Neural Network Applications,22,29,7,0.0002,0.0003,0.01
T10095,Cosmology and Gravitation Theories,22,29,7,0.0002,0.0003,0.01
T10120,Bacterial Genetics and Biotechnology,10,41,31,0.0001,0.0004,0.03
T10163,Metal complexes synthesis and properties,36,15,-21,0.0003,0.0001,-0.02
T10372,Cardiac Imaging and Diagnostics,25,26,1,0.0002,0.0002,0.0
T10554,Hemoglobinopathies and Related Disorders,28,23,-5,0.0002,0.0002,-0.0
T10845,Advanced Causal Inference Techniques,26,25,-1,0.0002,0.0002,-0.0
T10913,Molecular Junctions and Nanostructures,40,11,-29,0.0003,0.0001,-0.03
T10948,Advanced Combinatorial Mathematics,21,30,9,0.0002,0.0003,0.01
T10983,Aortic aneurysm repair treatments,24,27,3,0.0002,0.0002,0.0
T11141,Childhood Cancer Survivors' Quality of Life,32,19,-13,0.0003,0.0002,-0.01
T11222,Magnetic Properties and Applications,28,23,-5,0.0002,0.0002,-0.0
T11272,Nanowire Synthesis and Applications,24,27,3,0.0002,0.0002,0.0
T11314,Clinical Laboratory Practices and Quality Control,7,44,37,0.0001,0.0004,0.03
T11472,Analytical Chemistry and Sensors,37,14,-23,0.0003,0.0001,-0.02
T11592,Phenomenology and Existential Philosophy,8,43,35,0.0001,0.0004,0.03
T11794,Early Modern Spanish Literature,19,32,13,0.0002,0.0003,0.01
T12147,Urban and Rural Development Challenges,8,43,35,0.0001,0.0004,0.03
T12316,Oil Spill Detection and Mitigation,25,26,1,0.0002,0.0002,0.0
T12542,Second Language Learning and Teaching,33,18,-15,0.0003,0.0002,-0.01
T13067,Geological Modeling and Analysis,33,18,-15,0.0003,0.0002,-0.01
T13268,Photographic and Visual Arts,5,46,41,0.0,0.0004,0.04
T14099,Synthesis and Characterization of Heterocyclic Compounds,31,20,-11,0.0003,0.0002,-0.01
T14190,Military history and social perspectives,0,51,51,0.0,0.0004,0.04
T14451,Historical and Religious Studies of Rome,32,19,-13,0.0003,0.0002,-0.01
T10049,Magnetic properties of thin films,25,25,0,0.0002,0.0002,-0.0
T10067,Stochastic processes and financial applications,30,20,-10,0.0003,0.0002,-0.01
T10079,Nanoparticles: synthesis and applications,31,19,-12,0.0003,0.0002,-0.01
T10267,Higher Education Research Studies,3,47,44,0.0,0.0004,0.04
T10326,Indoor and Outdoor Localization Technologies,31,19,-12,0.0003,0.0002,-0.01
T10342,Circadian rhythm and melatonin,23,27,4,0.0002,0.0002,0.0
T10379,Cellular Mechanics and Interactions,26,24,-2,0.0002,0.0002,-0.0
T10543,Prostate Cancer Treatment and Research,38,12,-26,0.0003,0.0001,-0.02
T10546,Higher Education Governance and Development,8,42,34,0.0001,0.0004,0.03
T10821,Cardiovascular Function and Risk Factors,25,25,0,0.0002,0.0002,-0.0
T10925,Spinal Cord Injury Research,20,30,10,0.0002,0.0003,0.01
T11033,Contact Dermatitis and Allergies,20,30,10,0.0002,0.0003,0.01
T11269,Algorithms and Data Compression,33,17,-16,0.0003,0.0001,-0.01
T11523,Nanomaterials and Printing Technologies,12,38,26,0.0001,0.0003,0.02
T11549,Synthetic Organic Chemistry Methods,42,8,-34,0.0004,0.0001,-0.03
T11607,Microwave and Dielectric Measurement Techniques,21,29,8,0.0002,0.0003,0.01
T11639,Mental Health and Patient Involvement,17,33,16,0.0001,0.0003,0.01
T11974,Lepidoptera: Biology and Taxonomy,31,19,-12,0.0003,0.0002,-0.01
T12555,Ancient Egypt and Archaeology,33,17,-16,0.0003,0.0001,-0.01
T13332,"Historical Studies on Reproduction, Gender, Health, and Societal Changes",18,32,14,0.0002,0.0003,0.01
T13418,Photocathodes and Microchannel Plates,47,3,-44,0.0004,0.0,-0.04
T13427,Latin American Literature Analysis,3,47,44,0.0,0.0004,0.04
T14490,Human Rights and Immigration,46,4,-42,0.0004,0.0,-0.04
T10164,Quality and Supply Management,29,20,-9,0.0003,0.0002,-0.01
T10183,Breast Cancer Treatment Studies,20,29,9,0.0002,0.0003,0.01
T10236,Aquatic Ecosystems and Phytoplankton Dynamics,27,22,-5,0.0002,0.0002,-0.0
T10572,Geophysical and Geoelectrical Methods,22,27,5,0.0002,0.0002,0.0
T10578,Supramolecular Chemistry and Complexes,12,37,25,0.0001,0.0003,0.02
T10729,Electrospun Nanofibers in Biomedical Applications,32,17,-15,0.0003,0.0001,-0.01
T10743,Software Testing and Debugging Techniques,22,27,5,0.0002,0.0002,0.0
T10786,Maternal Mental Health During Pregnancy and Postpartum,26,23,-3,0.0002,0.0002,-0.0
T10842,Railway Engineering and Dynamics,25,24,-1,0.0002,0.0002,-0.0
T11034,Digital Filter Design and Implementation,18,31,13,0.0002,0.0003,0.01
T11104,"Memory, Trauma, and Commemoration",1,48,47,0.0,0.0004,0.04
T11203,Jewish and Middle Eastern Studies,23,26,3,0.0002,0.0002,0.0
T11424,Security and Verification in Computing,23,26,3,0.0002,0.0002,0.0
T11667,Advanced Chemical Sensor Technologies,47,2,-45,0.0004,0.0,-0.04
T11874,Structural Response to Dynamic Loads,30,19,-11,0.0003,0.0002,-0.01
T11912,Outsourcing and Supply Chain Management,27,22,-5,0.0002,0.0002,-0.0
T12133,Pragmatism in Philosophy and Education,10,39,29,0.0001,0.0003,0.03
T12614,Indigenous Studies and Ecology,32,17,-15,0.0003,0.0001,-0.01
T12639,Global Energy and Sustainability Research,43,6,-37,0.0004,0.0001,-0.03
T12974,Modernist Literature and Criticism,16,33,17,0.0001,0.0003,0.01
T13845,Classical Studies and Legal History,41,8,-33,0.0004,0.0001,-0.03
T14255,European Law and Migration,10,39,29,0.0001,0.0003,0.03
T10064,Complex Network Analysis Techniques,18,30,12,0.0002,0.0003,0.01
T10231,Pancreatic and Hepatic Oncology Research,26,22,-4,0.0002,0.0002,-0.0
T10352,Physical Activity and Health,15,33,18,0.0001,0.0003,0.02
T10501,Polymer Nanocomposites and Properties,38,10,-28,0.0003,0.0001,-0.02
T10549,Neonatal Respiratory Health Research,34,14,-20,0.0003,0.0001,-0.02
T10632,Housing Market and Economics,12,36,24,0.0001,0.0003,0.02
T10744,Astrophysical Phenomena and Observations,45,3,-42,0.0004,0.0,-0.04
T10819,Mercury impact and mitigation studies,33,15,-18,0.0003,0.0001,-0.02
T10971,Olfactory and Sensory Function Studies,36,12,-24,0.0003,0.0001,-0.02
T11290,Preterm Birth and Chorioamnionitis,34,14,-20,0.0003,0.0001,-0.02
T11497,Interprofessional Education and Collaboration,20,28,8,0.0002,0.0002,0.01
T11915,Pickering emulsions and particle stabilization,39,9,-30,0.0003,0.0001,-0.03
T11930,"Cardiac, Anesthesia and Surgical Outcomes",38,10,-28,0.0003,0.0001,-0.02
T12023,Cholinesterase and Neurodegenerative Diseases,27,21,-6,0.0002,0.0002,-0.01
T12114,Sensory Analysis and Statistical Methods,25,23,-2,0.0002,0.0002,-0.0
T12547,Pharmaceutical studies and practices,27,21,-6,0.0002,0.0002,-0.01
T12645,European history and politics,26,22,-4,0.0002,0.0002,-0.0
T13083,Advanced Text Analysis Techniques,21,27,6,0.0002,0.0002,0.01
T13669,China's Global Influence and Migration,46,2,-44,0.0004,0.0,-0.04
T10080,Energy Efficient Wireless Sensor Networks,20,27,7,0.0002,0.0002,0.01
T10094,Epilepsy research and treatment,20,27,7,0.0002,0.0002,0.01
T10207,Advanced biosensing and bioanalysis techniques,36,11,-25,0.0003,0.0001,-0.02
T10458,Bladder and Urothelial Cancer Treatments,27,20,-7,0.0002,0.0002,-0.01
T10593,Bacterial biofilms and quorum sensing,17,30,13,0.0001,0.0003,0.01
T10768,Electric Vehicles and Infrastructure,25,22,-3,0.0002,0.0002,-0.0
T10883,Ethics and Social Impacts of AI,20,27,7,0.0002,0.0002,0.01
T10905,Solar Thermal and Photovoltaic Systems,21,26,5,0.0002,0.0002,0.0
T11003,Disability Rights and Representation,3,44,41,0.0,0.0004,0.04
T11170,Biomimetic flight and propulsion mechanisms,26,21,-5,0.0002,0.0002,-0.0
T11312,Soil Moisture and Remote Sensing,31,16,-15,0.0003,0.0001,-0.01
T11710,Biomedical Text Mining and Ontologies,30,17,-13,0.0003,0.0001,-0.01
T11853,Semiconductor materials and interfaces,24,23,-1,0.0002,0.0002,-0.0
T11961,Neonatal and Maternal Infections,27,20,-7,0.0002,0.0002,-0.01
T12130,Contemporary Literature and Criticism,14,33,19,0.0001,0.0003,0.02
T12331,Hereditary Neurological Disorders,23,24,1,0.0002,0.0002,0.0
T12619,Political Systems and Governance,15,32,17,0.0001,0.0003,0.01
T12643,Sustainability and Ecological Systems Analysis,20,27,7,0.0002,0.0002,0.01
T12646,Inorganic Fluorides and Related Compounds,34,13,-21,0.0003,0.0001,-0.02
T12784,Modular Robots and Swarm Intelligence,44,3,-41,0.0004,0.0,-0.04
T13006,Spanish History and Politics,13,34,21,0.0001,0.0003,0.02
T13753,Diverse multidisciplinary academic research,47,0,-47,0.0004,0.0,-0.04
T13802,Vietnamese History and Culture Studies,40,7,-33,0.0003,0.0001,-0.03
T10375,Pharmacogenetics and Drug Metabolism,15,31,16,0.0001,0.0003,0.01
T10410,COVID-19 epidemiological studies,26,20,-6,0.0002,0.0002,-0.01
T10465,Neurobiology of Language and Bilingualism,25,21,-4,0.0002,0.0002,-0.0
T10735,Mesoporous Materials and Catalysis,27,19,-8,0.0002,0.0002,-0.01
T10764,Privacy-Preserving Technologies in Data,19,27,8,0.0002,0.0002,0.01
T10880,Environmental Sustainability in Business,20,26,6,0.0002,0.0002,0.01
T10944,Turbomachinery Performance and Optimization,16,30,14,0.0001,0.0003,0.01
T10963,Advanced Optimization Algorithms Research,18,28,10,0.0002,0.0002,0.01
T10990,Infection Control and Ventilation,26,20,-6,0.0002,0.0002,-0.01
T11333,Climate change and permafrost,16,30,14,0.0001,0.0003,0.01
T11616,Autoimmune and Inflammatory Disorders Research,30,16,-14,0.0003,0.0001,-0.01
T12071,Marine Biology and Environmental Chemistry,33,13,-20,0.0003,0.0001,-0.02
T12184,Linguistics and Education Research,7,39,32,0.0001,0.0003,0.03
T12231,Contemporary Sociological Theory and Practice,7,39,32,0.0001,0.0003,0.03
T12348,Rural Development and Agriculture,29,17,-12,0.0003,0.0001,-0.01
T12682,Smart Materials for Construction,37,9,-28,0.0003,0.0001,-0.02
T13393,Child Nutrition and Feeding Issues,29,17,-12,0.0003,0.0001,-0.01
T13500,Probability and Statistical Research,17,29,12,0.0001,0.0003,0.01
T13561,Chemical Reactions and Isotopes,35,11,-24,0.0003,0.0001,-0.02
T13778,Comparative and World Literature,1,45,44,0.0,0.0004,0.04
T13923,Nuclear and radioactivity studies,11,35,24,0.0001,0.0003,0.02
T14164,Marine and Offshore Engineering Studies,33,13,-20,0.0003,0.0001,-0.02
T14236,Educational Tools and Methods,46,0,-46,0.0004,0.0,-0.04
T14380,Libraries and Information Services,17,29,12,0.0001,0.0003,0.01
T10006,Job Satisfaction and Organizational Behavior,10,35,25,0.0001,0.0003,0.02
T10116,Sperm and Testicular Function,21,24,3,0.0002,0.0002,0.0
T10273,IoT and Edge/Fog Computing,22,23,1,0.0002,0.0002,0.0
T10361,Silicon Carbide Semiconductor Technologies,24,21,-3,0.0002,0.0002,-0.0
T10430,Software Engineering Techniques and Practices,16,29,13,0.0001,0.0003,0.01
T10461,Gas Sensing Nanomaterials and Sensors,25,20,-5,0.0002,0.0002,-0.0
T10550,Ovarian cancer diagnosis and treatment,21,24,3,0.0002,0.0002,0.0
T10619,Esophageal Cancer Research and Treatment,25,20,-5,0.0002,0.0002,-0.0
T10736,Hydrogen embrittlement and corrosion behaviors in metals,18,27,9,0.0002,0.0002,0.01
T11234,Precipitation Measurement and Analysis,20,25,5,0.0002,0.0002,0.0
T11354,Evolution and Paleontology Studies,27,18,-9,0.0002,0.0002,-0.01
T11369,Genetic factors in colorectal cancer,24,21,-3,0.0002,0.0002,-0.0
T11376,Geriatric Care and Nursing Homes,9,36,27,0.0001,0.0003,0.02
T11818,Nicotinic Acetylcholine Receptors Study,23,22,-1,0.0002,0.0002,-0.0
T11945,Heat Transfer Mechanisms,29,16,-13,0.0003,0.0001,-0.01
T12237,Congenital gastrointestinal and neural anomalies,30,15,-15,0.0003,0.0001,-0.01
T12256,Facilities and Workplace Management,20,25,5,0.0002,0.0002,0.0
T12443,Delphi Technique in Research,32,13,-19,0.0003,0.0001,-0.02
T12595,Romani and Gypsy Studies,19,26,7,0.0002,0.0002,0.01
T12929,Animal Genetics and Reproduction,28,17,-11,0.0002,0.0001,-0.01
T13261,Elasticity and Wave Propagation,5,40,35,0.0,0.0003,0.03
T10100,Metaheuristic Optimization Algorithms Research,12,32,20,0.0001,0.0003,0.02
T10119,Sustainability and Climate Change Governance,10,34,24,0.0001,0.0003,0.02
T10320,Neural Networks and Applications,34,10,-24,0.0003,0.0001,-0.02
T10354,Catalytic C–H Functionalization Methods,27,17,-10,0.0002,0.0001,-0.01
T10380,Intimate Partner and Family Violence,11,33,22,0.0001,0.0003,0.02
T10490,Orbital Angular Momentum in Optics,29,15,-14,0.0003,0.0001,-0.01
T10552,Colorectal Cancer Screening and Detection,19,25,6,0.0002,0.0002,0.01
T10566,Laser-Matter Interactions and Applications,20,24,4,0.0002,0.0002,0.0
T10636,Innovative Teaching and Learning Methods,17,27,10,0.0001,0.0002,0.01
T10794,Islamic Studies and History,24,20,-4,0.0002,0.0002,-0.0
T10912,Telemedicine and Telehealth Implementation,8,36,28,0.0001,0.0003,0.02
T10915,Trace Elements in Health,30,14,-16,0.0003,0.0001,-0.01
T10923,Force Microscopy Techniques and Applications,25,19,-6,0.0002,0.0002,-0.01
T10967,Carbon Dioxide Capture Technologies,23,21,-2,0.0002,0.0002,-0.0
T11043,Merger and Competition Analysis,14,30,16,0.0001,0.0003,0.01
T11479,Smart Cities and Technologies,13,31,18,0.0001,0.0003,0.02
T11488,Climate Change Communication and Perception,18,26,8,0.0002,0.0002,0.01
T11570,Periodontal Regeneration and Treatments,30,14,-16,0.0003,0.0001,-0.01
T11891,Big Data and Business Intelligence,34,10,-24,0.0003,0.0001,-0.02
T12179,Art Education and Development,4,40,36,0.0,0.0003,0.03
T12591,Inclusive Education and Diversity,2,42,40,0.0,0.0004,0.03
T12600,Eosinophilic Disorders and Syndromes,26,18,-8,0.0002,0.0002,-0.01
T12827,Biochemical and Molecular Research,19,25,6,0.0002,0.0002,0.01
T13196,Political Theory and Influence,33,11,-22,0.0003,0.0001,-0.02
T10122,Toxic Organic Pollutants Impact,23,20,-3,0.0002,0.0002,-0.0
T10318,Criminal Justice and Corrections Analysis,34,9,-25,0.0003,0.0001,-0.02
T10450,Aquaculture Nutrition and Growth,28,15,-13,0.0002,0.0001,-0.01
T10658,Bone fractures and treatments,23,20,-3,0.0002,0.0002,-0.0
T10760,Pancreatitis Pathology and Treatment,22,21,-1,0.0002,0.0002,-0.0
T10831,Cell Adhesion Molecules Research,33,10,-23,0.0003,0.0001,-0.02
T10844,Radiation Dose and Imaging,21,22,1,0.0002,0.0002,0.0
T10850,Heat Transfer and Boiling Studies,18,25,7,0.0002,0.0002,0.01
T10957,Photodynamic Therapy Research Studies,20,23,3,0.0002,0.0002,0.0
T11161,Consumer Market Behavior and Pricing,10,33,23,0.0001,0.0003,0.02
T11178,Receptor Mechanisms and Signaling,23,20,-3,0.0002,0.0002,-0.0
T11248,Advanced Power Amplifier Design,22,21,-1,0.0002,0.0002,-0.0
T11249,Wireless Power Transfer Systems,19,24,5,0.0002,0.0002,0.0
T11442,Titanium Alloys Microstructure and Properties,22,21,-1,0.0002,0.0002,-0.0
T11542,Behavioral Health and Interventions,26,17,-9,0.0002,0.0001,-0.01
T11676,Parental Involvement in Education,16,27,11,0.0001,0.0002,0.01
T11768,Music Therapy and Health,21,22,1,0.0002,0.0002,0.0
T11834,Liver Diseases and Immunity,22,21,-1,0.0002,0.0002,-0.0
T11907,Copper-based nanomaterials and applications,29,14,-15,0.0003,0.0001,-0.01
T11959,Employment and Welfare Studies,34,9,-25,0.0003,0.0001,-0.02
T12206,Vibration and Dynamic Analysis,35,8,-27,0.0003,0.0001,-0.02
T12235,Child Abuse and Related Trauma,17,26,9,0.0001,0.0002,0.01
T12324,History of Medicine Studies,15,28,13,0.0001,0.0002,0.01
T12339,Medical Malpractice and Liability Issues,15,28,13,0.0001,0.0002,0.01
T12450,Radio Astronomy Observations and Technology,23,20,-3,0.0002,0.0002,-0.0
T12574,Clinical Reasoning and Diagnostic Skills,25,18,-7,0.0002,0.0002,-0.01
T12923,Digital Image Processing Techniques,25,18,-7,0.0002,0.0002,-0.01
T13121,Radio Wave Propagation Studies,20,23,3,0.0002,0.0002,0.0
T10102,scientometrics and bibliometrics research,9,33,24,0.0001,0.0003,0.02
T10144,Blood Pressure and Hypertension Studies,13,29,16,0.0001,0.0003,0.01
T10145,Consumer Behavior in Brand Consumption and Identification,28,14,-14,0.0002,0.0001,-0.01
T10155,Nitric Oxide and Endothelin Effects,26,16,-10,0.0002,0.0001,-0.01
T10175,Advanced DC-DC Converters,14,28,14,0.0001,0.0002,0.01
T10192,Catalytic Processes in Materials Science,33,9,-24,0.0003,0.0001,-0.02
T10242,Posttraumatic Stress Disorder Research,19,23,4,0.0002,0.0002,0.0
T10306,Liquid Crystal Research Advancements,22,20,-2,0.0002,0.0002,-0.0
T10438,"Energy, Environment, Economic Growth",21,21,0,0.0002,0.0002,-0.0
T10583,Cancer-related Molecular Pathways,24,18,-6,0.0002,0.0002,-0.01
T10625,Herpesvirus Infections and Treatments,26,16,-10,0.0002,0.0001,-0.01
T10750,Fermentation and Sensory Analysis,27,15,-12,0.0002,0.0001,-0.01
T10935,Endometriosis Research and Treatment,22,20,-2,0.0002,0.0002,-0.0
T11037,Fungal Infections and Studies,18,24,6,0.0002,0.0002,0.01
T11337,Tryptophan and brain disorders,26,16,-10,0.0002,0.0001,-0.01
T11452,Oral Health Pathology and Treatment,17,25,8,0.0001,0.0002,0.01
T11520,Advanced Thermodynamics and Statistical Mechanics,38,4,-34,0.0003,0.0,-0.03
T11641,Insect and Pesticide Research,37,5,-32,0.0003,0.0,-0.03
T11712,Intergenerational Family Dynamics and Caregiving,9,33,24,0.0001,0.0003,0.02
T11792,Pharmaceutical Economics and Policy,17,25,8,0.0001,0.0002,0.01
T11793,"Recreation, Leisure, Wilderness Management",6,36,30,0.0001,0.0003,0.03
T11858,Urban Development and Societal Issues,19,23,4,0.0002,0.0002,0.0
T11919,dental development and anomalies,16,26,10,0.0001,0.0002,0.01
T12156,World Trade Organization Law,19,23,4,0.0002,0.0002,0.0
T12238,Green IT and Sustainability,17,25,8,0.0001,0.0002,0.01
T12350,Particle Dynamics in Fluid Flows,23,19,-4,0.0002,0.0002,-0.0
T12358,Thermal and Kinetic Analysis,23,19,-4,0.0002,0.0002,-0.0
T12400,Neurogenetic and Muscular Disorders Research,22,20,-2,0.0002,0.0002,-0.0
T12618,Botany and Plant Ecology Studies,16,26,10,0.0001,0.0002,0.01
T12640,Environmental DNA in Biodiversity Studies,24,18,-6,0.0002,0.0002,-0.01
T12648,Academic Writing and Publishing,7,35,28,0.0001,0.0003,0.02
T12714,Youth Education and Societal Dynamics,5,37,32,0.0,0.0003,0.03
T12950,Educational Environments and Student Outcomes,9,33,24,0.0001,0.0003,0.02
T12983,Satellite Image Processing and Photogrammetry,13,29,16,0.0001,0.0003,0.01
T13416,Educational Theory and Curriculum Studies,1,41,40,0.0,0.0004,0.03
T13763,Historical Legal Studies and Society,8,34,26,0.0001,0.0003,0.02
T14457,Intellectual Property Rights and Media,1,41,40,0.0,0.0004,0.03
T10511,High voltage insulation and dielectric phenomena,32,9,-23,0.0003,0.0001,-0.02
T10696,Gastric Cancer Management and Outcomes,23,18,-5,0.0002,0.0002,-0.0
T10703,Business Process Modeling and Analysis,32,9,-23,0.0003,0.0001,-0.02
T10737,Health Literacy and Information Accessibility,19,22,3,0.0002,0.0002,0.0
T10792,Matrix Theory and Algorithms,31,10,-21,0.0003,0.0001,-0.02
T10829,Interconnection Networks and Systems,26,15,-11,0.0002,0.0001,-0.01
T11112,Viral Infections and Immunology Research,22,19,-3,0.0002,0.0002,-0.0
T11224,Electromagnetic wave absorption materials,18,23,5,0.0002,0.0002,0.0
T11422,Burn Injury Management and Outcomes,23,18,-5,0.0002,0.0002,-0.0
T11460,Analytical Methods in Pharmaceuticals,10,31,21,0.0001,0.0003,0.02
T11477,"Epistemology, Ethics, and Metaphysics",10,31,21,0.0001,0.0003,0.02
T11506,Children's Rights and Participation,9,32,23,0.0001,0.0003,0.02
T11844,Lipid metabolism and biosynthesis,13,28,15,0.0001,0.0002,0.01
T11860,"HIV, Drug Use, Sexual Risk",26,15,-11,0.0002,0.0001,-0.01
T12458,Organometallic Compounds Synthesis and Characterization,16,25,9,0.0001,0.0002,0.01
T13150,Study and Philosophy of Religion,0,41,41,0.0,0.0004,0.04
T14104,Developmental and Educational Neuropsychology,1,40,39,0.0,0.0003,0.03
T10075,Atmospheric chemistry and aerosols,17,23,6,0.0001,0.0002,0.01
T10196,Pain Mechanisms and Treatments,18,22,4,0.0002,0.0002,0.0
T10427,Visual perception and processing mechanisms,24,16,-8,0.0002,0.0001,-0.01
T10606,Kidney Stones and Urolithiasis Treatments,18,22,4,0.0002,0.0002,0.0
T10822,Acoustic Wave Phenomena Research,22,18,-4,0.0002,0.0002,-0.0
T11195,Simulation Techniques and Applications,25,15,-10,0.0002,0.0001,-0.01
T11227,Diabetic Foot Ulcer Assessment and Management,21,19,-2,0.0002,0.0002,-0.0
T11552,"Global trade, sustainability, and social impact",26,14,-12,0.0002,0.0001,-0.01
T11606,Infrastructure Maintenance and Monitoring,30,10,-20,0.0003,0.0001,-0.02
T11631,"Retirement, Disability, and Employment",17,23,6,0.0001,0.0002,0.01
T11687,Teleoperation and Haptic Systems,19,21,2,0.0002,0.0002,0.0
T11736,Histone Deacetylase Inhibitors Research,26,14,-12,0.0002,0.0001,-0.01
T11764,Evolution and Genetic Dynamics,16,24,8,0.0001,0.0002,0.01
T11769,Copyright and Intellectual Property,30,10,-20,0.0003,0.0001,-0.02
T12005,Spaceflight effects on biology,24,16,-8,0.0002,0.0001,-0.01
T12095,Vehicle emissions and performance,31,9,-22,0.0003,0.0001,-0.02
T12176,Optimization and Packing Problems,16,24,8,0.0001,0.0002,0.01
T12388,Identification and Quantification in Food,8,32,24,0.0001,0.0003,0.02
T12432,Arctic and Russian Policy Studies,31,9,-22,0.0003,0.0001,-0.02
T12844,Psychology and Mental Health,5,35,30,0.0,0.0003,0.03
T12961,Regional Development and Policy,28,12,-16,0.0002,0.0001,-0.01
T13141,Statistical Methods and Applications,4,36,32,0.0,0.0003,0.03
T13198,"Historical, Religious, and Philosophical Studies",29,11,-18,0.0003,0.0001,-0.02
T13438,Environmental Conservation and Management,31,9,-22,0.0003,0.0001,-0.02
T13897,Historical Economic and Legal Thought,13,27,14,0.0001,0.0002,0.01
T14012,Comparative and International Law Studies,29,11,-18,0.0003,0.0001,-0.02
T10115,Corporate Social Responsibility Reporting,10,29,19,0.0001,0.0003,0.02
T10283,Hearing Loss and Rehabilitation,21,18,-3,0.0002,0.0002,-0.0
T10362,Biblical Studies and Interpretation,15,24,9,0.0001,0.0002,0.01
T10388,Advanced Steganography and Watermarking Techniques,18,21,3,0.0002,0.0002,0.0
T10510,Stroke Rehabilitation and Recovery,24,15,-9,0.0002,0.0001,-0.01
T10627,Advanced Image and Video Retrieval Techniques,22,17,-5,0.0002,0.0001,-0.0
T10667,Emotion and Mood Recognition,12,27,15,0.0001,0.0002,0.01
T10911,Chemical Synthesis and Analysis,33,6,-27,0.0003,0.0001,-0.02
T10966,Liver physiology and pathology,27,12,-15,0.0002,0.0001,-0.01
T11086,Parasitic Infections and Diagnostics,21,18,-3,0.0002,0.0002,-0.0
T11116,"Trauma, Hemostasis, Coagulopathy, Resuscitation",29,10,-19,0.0003,0.0001,-0.02
T11285,Hearing Impairment and Communication,21,18,-3,0.0002,0.0002,-0.0
T11308,Sphingolipid Metabolism and Signaling,27,12,-15,0.0002,0.0001,-0.01
T11400,Motivation and Self-Concept in Sports,33,6,-27,0.0003,0.0001,-0.02
T11595,Textile materials and evaluations,33,6,-27,0.0003,0.0001,-0.02
T11647,Workplace Violence and Bullying,14,25,11,0.0001,0.0002,0.01
T11690,Advanced battery technologies research,17,22,5,0.0001,0.0002,0.0
T11761,Resilience and Mental Health,22,17,-5,0.0002,0.0001,-0.0
T11938,ERP Systems Implementation and Impact,13,26,13,0.0001,0.0002,0.01
T12233,Geotechnical Engineering and Underground Structures,24,15,-9,0.0002,0.0001,-0.01
T12355,Genetic and rare skin diseases.,14,25,11,0.0001,0.0002,0.01
T12394,Insurance and Financial Risk Management,15,24,9,0.0001,0.0002,0.01
T12442,Thermal Radiation and Cooling Technologies,22,17,-5,0.0002,0.0001,-0.0
T12725,transportation and logistics systems,1,38,37,0.0,0.0003,0.03
T12898,Induction Heating and Inverter Technology,21,18,-3,0.0002,0.0002,-0.0
T13283,Mental Health Research Topics,34,5,-29,0.0003,0.0,-0.03
T13474,Autobiographical and Biographical Writing,1,38,37,0.0,0.0003,0.03
T10393,Economic Growth and Productivity,22,16,-6,0.0002,0.0001,-0.01
T10457,Education Pedagogy and Practices,6,32,26,0.0001,0.0003,0.02
T10790,Heavy Metal Exposure and Toxicity,19,19,0,0.0002,0.0002,-0.0
T10793,Diabetes Management and Education,25,13,-12,0.0002,0.0001,-0.01
T10816,Cerebrovascular and Carotid Artery Diseases,22,16,-6,0.0002,0.0001,-0.01
T10979,Breastfeeding Practices and Influences,18,20,2,0.0002,0.0002,0.0
T10992,Forensic Anthropology and Bioarchaeology Studies,18,20,2,0.0002,0.0002,0.0
T11253,Nail Diseases and Treatments,25,13,-12,0.0002,0.0001,-0.01
T11279,Lanthanide and Transition Metal Complexes,28,10,-18,0.0002,0.0001,-0.02
T11341,Boron and Carbon Nanomaterials Research,17,21,4,0.0001,0.0002,0.0
T11374,Cleft Lip and Palate Research,22,16,-6,0.0002,0.0001,-0.01
T11389,Maternal and fetal healthcare,20,18,-2,0.0002,0.0002,-0.0
T11448,Face recognition and analysis,23,15,-8,0.0002,0.0001,-0.01
T11735,Peripheral Neuropathies and Disorders,21,17,-4,0.0002,0.0001,-0.0
T12137,Economic theories and models,31,7,-24,0.0003,0.0001,-0.02
T12408,Educational Innovations and Challenges,1,37,36,0.0,0.0003,0.03
T12473,Pacific and Southeast Asian Studies,26,12,-14,0.0002,0.0001,-0.01
T12589,Differential Equations and Boundary Problems,15,23,8,0.0001,0.0002,0.01
T12766,Interdisciplinary Research and Collaboration,8,30,22,0.0001,0.0003,0.02
T13699,Public Spaces through Art,4,34,30,0.0,0.0003,0.03
T10398,Groundwater and Isotope Geochemistry,20,17,-3,0.0002,0.0001,-0.0
T10415,International Business and FDI,8,29,21,0.0001,0.0003,0.02
T10444,Context-Aware Activity Recognition Systems,20,17,-3,0.0002,0.0001,-0.0
T10570,Drug Transport and Resistance Mechanisms,27,10,-17,0.0002,0.0001,-0.01
T10575,Wireless Communication Networks Research,28,9,-19,0.0002,0.0001,-0.02
T10630,Orthopedic Surgery and Rehabilitation,28,9,-19,0.0002,0.0001,-0.02
T10720,Complexity and Algorithms in Graphs,2,35,33,0.0,0.0003,0.03
T10767,Advanced Photonic Communication Systems,13,24,11,0.0001,0.0002,0.01
T10796,Cooperative Communication and Network Coding,22,15,-7,0.0002,0.0001,-0.01
T11209,Cardiovascular and exercise physiology,15,22,7,0.0001,0.0002,0.01
T11215,Chronic Myeloid Leukemia Treatments,29,8,-21,0.0003,0.0001,-0.02
T11529,Refrigeration and Air Conditioning Technologies,20,17,-3,0.0002,0.0001,-0.0
T11717,Postcolonial and Cultural Literary Studies,11,26,15,0.0001,0.0002,0.01
T11840,Pain Management and Treatment,15,22,7,0.0001,0.0002,0.01
T12070,Writing and Handwriting Education,15,22,7,0.0001,0.0002,0.01
T12205,Time Series Analysis and Forecasting,16,21,5,0.0001,0.0002,0.0
T12226,Neuroblastoma Research and Treatments,27,10,-17,0.0002,0.0001,-0.01
T12396,Advanced Differential Equations and Dynamical Systems,29,8,-21,0.0003,0.0001,-0.02
T12867,Advanced Biosensing Techniques and Applications,20,17,-3,0.0002,0.0001,-0.0
T13178,Theology and Canon Law Studies,23,14,-9,0.0002,0.0001,-0.01
T13275,Medical and Health Sciences Research,4,33,29,0.0,0.0003,0.03
T13504,African history and culture analysis,34,3,-31,0.0003,0.0,-0.03
T14213,Global Politics and Economy,36,1,-35,0.0003,0.0,-0.03
T10060,Smoking Behavior and Cessation,12,24,12,0.0001,0.0002,0.01
T10225,Essential Oils and Antimicrobial Activity,21,15,-6,0.0002,0.0001,-0.01
T10243,Statistical Methods and Bayesian Inference,19,17,-2,0.0002,0.0001,-0.0
T10347,Atmospheric aerosols and clouds,15,21,6,0.0001,0.0002,0.01
T10412,Microfluidic and Capillary Electrophoresis Applications,21,15,-6,0.0002,0.0001,-0.01
T10532,Molecular Sensors and Ion Detection,18,18,0,0.0002,0.0002,-0.0
T10655,GNSS positioning and interference,16,20,4,0.0001,0.0002,0.0
T10755,HER2/EGFR in Cancer Research,16,20,4,0.0001,0.0002,0.0
T10802,Judicial and Constitutional Studies,3,33,30,0.0,0.0003,0.03
T10894,Groundwater flow and contamination studies,16,20,4,0.0001,0.0002,0.0
T11070,Soviet and Russian History,5,31,26,0.0,0.0003,0.02
T11072,Peroxisome Proliferator-Activated Receptors,22,14,-8,0.0002,0.0001,-0.01
T11160,Acoustic Wave Resonator Technologies,28,8,-20,0.0002,0.0001,-0.02
T11196,Non-Invasive Vital Sign Monitoring,17,19,2,0.0001,0.0002,0.0
T11259,Agriculture Sustainability and Environmental Impact,20,16,-4,0.0002,0.0001,-0.0
T11381,Infectious Diseases and Tuberculosis,18,18,0,0.0002,0.0002,-0.0
T11585,Exercise and Physiological Responses,21,15,-6,0.0002,0.0001,-0.01
T11789,Land Rights and Reforms,6,30,24,0.0001,0.0003,0.02
T11872,Barrier Structure and Function Studies,23,13,-10,0.0002,0.0001,-0.01
T12035,Pain Management and Placebo Effect,26,10,-16,0.0002,0.0001,-0.01
T12528,"IL-33, ST2, and ILC Pathways",24,12,-12,0.0002,0.0001,-0.01
T12860,Family and Patient Care in Intensive Care Units,19,17,-2,0.0002,0.0001,-0.0
T13128,Chromatography in Natural Products,17,19,2,0.0001,0.0002,0.0
T13170,Discrimination and Equality Law,10,26,16,0.0001,0.0002,0.01
T13624,Social Sciences and Policies,14,22,8,0.0001,0.0002,0.01
T14249,Water Quality Monitoring and Analysis,30,6,-24,0.0003,0.0001,-0.02
T10182,Child and Adolescent Psychosocial and Emotional Development,17,18,1,0.0001,0.0002,0.0
T10193,Coronary Interventions and Diagnostics,19,16,-3,0.0002,0.0001,-0.0
T10260,Software Engineering Research,20,15,-5,0.0002,0.0001,-0.0
T10292,Acute Myocardial Infarction Research,14,21,7,0.0001,0.0002,0.01
T10302,Fish Ecology and Management Studies,20,15,-5,0.0002,0.0001,-0.0
T10305,Power System Optimization and Stability,14,21,7,0.0001,0.0002,0.01
T10434,Chromosomal and Genetic Variations,17,18,1,0.0001,0.0002,0.0
T10486,Salmonella and Campylobacter epidemiology,18,17,-1,0.0002,0.0001,-0.0
T10489,Regulation of Appetite and Obesity,14,21,7,0.0001,0.0002,0.01
T10497,Fungal and yeast genetics research,15,20,5,0.0001,0.0002,0.0
T10553,Combustion and flame dynamics,26,9,-17,0.0002,0.0001,-0.01
T10587,Autophagy in Disease and Therapy,17,18,1,0.0001,0.0002,0.0
T10624,Silicon and Solar Cell Technologies,15,20,5,0.0001,0.0002,0.0
T10637,Advanced Clustering Algorithms Research,10,25,15,0.0001,0.0002,0.01
T10721,Surfactants and Colloidal Systems,8,27,19,0.0001,0.0002,0.02
T10840,High Temperature Alloys and Creep,15,20,5,0.0001,0.0002,0.0
T10909,Edible Oils Quality and Analysis,11,24,13,0.0001,0.0002,0.01
T11184,Neonatal and fetal brain pathology,20,15,-5,0.0002,0.0001,-0.0
T11244,Climate Change and Health Impacts,23,12,-11,0.0002,0.0001,-0.01
T11262,Quantum Mechanics and Non-Hermitian Physics,23,12,-11,0.0002,0.0001,-0.01
T11320,Atmospheric Ozone and Climate,25,10,-15,0.0002,0.0001,-0.01
T11346,Mast cells and histamine,17,18,1,0.0001,0.0002,0.0
T11351,Catalysis and Hydrodesulfurization Studies,19,16,-3,0.0002,0.0001,-0.0
T11353,Venomous Animal Envenomation and Studies,13,22,9,0.0001,0.0002,0.01
T11538,Ophthalmology and Eye Disorders,19,16,-3,0.0002,0.0001,-0.0
T11544,"Gender, Labor, and Family Dynamics",18,17,-1,0.0002,0.0001,-0.0
T11906,"Gender, Sexuality, and Education",2,33,31,0.0,0.0003,0.03
T11918,Forecasting Techniques and Applications,8,27,19,0.0001,0.0002,0.02
T11928,Genetic Syndromes and Imprinting,26,9,-17,0.0002,0.0001,-0.01
T11942,Transportation and Mobility Innovations,20,15,-5,0.0002,0.0001,-0.0
T12009,Hedgehog Signaling Pathway Studies,24,11,-13,0.0002,0.0001,-0.01
T12026,Explainable Artificial Intelligence (XAI),11,24,13,0.0001,0.0002,0.01
T12116,Dermatological diseases and infestations,21,14,-7,0.0002,0.0001,-0.01
T12182,Evolution and Science Education,31,4,-27,0.0003,0.0,-0.02
T12198,Oral health in cancer treatment,22,13,-9,0.0002,0.0001,-0.01
T12398,Poetry Analysis and Criticism,6,29,23,0.0001,0.0003,0.02
T13366,Accounting Theory and Financial Reporting,1,34,33,0.0,0.0003,0.03
T13473,Economic Zones and Regional Development,33,2,-31,0.0003,0.0,-0.03
T13931,Philosophy and Historical Thought,17,18,1,0.0001,0.0002,0.0
T14124,"Food, Nutrition, and Cultural Practices",2,33,31,0.0,0.0003,0.03
T14332,European Linguistics and Anthropology,18,17,-1,0.0002,0.0001,-0.0
T10010,"Obesity, Physical Activity, Diet",10,24,14,0.0001,0.0002,0.01
T10160,Seismic Performance and Analysis,13,21,8,0.0001,0.0002,0.01
T10210,Advanced oxidation water treatment,14,20,6,0.0001,0.0002,0.01
T10321,Quantum Dots Synthesis And Properties,23,11,-12,0.0002,0.0001,-0.01
T10350,Electronic Health Records Systems,5,29,24,0.0,0.0003,0.02
T10381,Ophthalmology and Visual Impairment Studies,15,19,4,0.0001,0.0002,0.0
T10423,Neurobiology and Insect Physiology Research,24,10,-14,0.0002,0.0001,-0.01
T10528,"Adipokines, Inflammation, and Metabolic Diseases",18,16,-2,0.0002,0.0001,-0.0
T10555,Fire effects on ecosystems,12,22,10,0.0001,0.0002,0.01
T10608,Neurogenesis and neuroplasticity mechanisms,13,21,8,0.0001,0.0002,0.01
T10609,Digital Marketing and Social Media,22,12,-10,0.0002,0.0001,-0.01
T10622,Quantum Mechanics and Applications,15,19,4,0.0001,0.0002,0.0
T10656,Child and Animal Learning Development,17,17,0,0.0001,0.0001,-0.0
T10677,Attachment and Relationship Dynamics,13,21,8,0.0001,0.0002,0.01
T10718,Political Philosophy and Ethics,5,29,24,0.0,0.0003,0.02
T10787,Lightning and Electromagnetic Phenomena,31,3,-28,0.0003,0.0,-0.02
T10852,Temporomandibular Joint Disorders,17,17,0,0.0001,0.0001,-0.0
T10952,PI3K/AKT/mTOR signaling in cancer,22,12,-10,0.0002,0.0001,-0.01
T11197,Digital Games and Media,13,21,8,0.0001,0.0002,0.01
T11405,Geophysics and Gravity Measurements,25,9,-16,0.0002,0.0001,-0.01
T11528,Lichen and fungal ecology,20,14,-6,0.0002,0.0001,-0.01
T11668,interferon and immune responses,20,14,-6,0.0002,0.0001,-0.01
T11752,Cancer Treatment and Pharmacology,24,10,-14,0.0002,0.0001,-0.01
T11898,Economics of Agriculture and Food Markets,13,21,8,0.0001,0.0002,0.01
T12057,Consumer Attitudes and Food Labeling,15,19,4,0.0001,0.0002,0.0
T12120,Air Quality Monitoring and Forecasting,22,12,-10,0.0002,0.0001,-0.01
T12286,Erythrocyte Function and Pathophysiology,27,7,-20,0.0002,0.0001,-0.02
T12448,Paranormal Experiences and Beliefs,14,20,6,0.0001,0.0002,0.01
T12494,Alcoholism and Thiamine Deficiency,21,13,-8,0.0002,0.0001,-0.01
T12522,Mathematics Education and Pedagogy,2,32,30,0.0,0.0003,0.03
T12711,Immigration and Intercultural Education,6,28,22,0.0001,0.0002,0.02
T12762,Crystallography and Radiation Phenomena,19,15,-4,0.0002,0.0001,-0.0
T12796,Dermatological and COVID-19 studies,17,17,0,0.0001,0.0001,-0.0
T12840,Renal function and acid-base balance,30,4,-26,0.0003,0.0,-0.02
T12924,Dermatological and Skeletal Disorders,22,12,-10,0.0002,0.0001,-0.01
T13195,Medieval Iberian Studies,15,19,4,0.0001,0.0002,0.0
T13471,Cognitive Functions and Memory,14,20,6,0.0001,0.0002,0.01
T13914,European Cultural and National Identity,4,30,26,0.0,0.0003,0.02
T14169,Public Health and Environmental Issues,15,19,4,0.0001,0.0002,0.0
T14278,Marxism and Critical Theory,11,23,12,0.0001,0.0002,0.01
T14441,"Religion, Theology, History, Judaism, Christianity",8,26,18,0.0001,0.0002,0.02
T10068,Technology Adoption and User Behaviour,9,24,15,0.0001,0.0002,0.01
T10132,Advanced ceramic materials synthesis,19,14,-5,0.0002,0.0001,-0.0
T10296,Vector-borne infectious diseases,17,16,-1,0.0001,0.0001,-0.0
T10446,"Income, Poverty, and Inequality",6,27,21,0.0001,0.0002,0.02
T10484,Wood Treatment and Properties,18,15,-3,0.0002,0.0001,-0.0
T10641,Central Venous Catheters and Hemodialysis,16,17,1,0.0001,0.0001,0.0
T10694,Menopause: Health Impacts and Treatments,16,17,1,0.0001,0.0001,0.0
T10722,Work-Family Balance Challenges,8,25,17,0.0001,0.0002,0.01
T10724,Ion Transport and Channel Regulation,17,16,-1,0.0001,0.0001,-0.0
T10856,Intellectual Property and Patents,23,10,-13,0.0002,0.0001,-0.01
T10927,Access Control and Trust,14,19,5,0.0001,0.0002,0.0
T11031,Game Theory and Applications,14,19,5,0.0001,0.0002,0.0
T11131,Proteoglycans and glycosaminoglycans research,20,13,-7,0.0002,0.0001,-0.01
T11194,Ocular Diseases and Behçet’s Syndrome,12,21,9,0.0001,0.0002,0.01
T11426,Genetically Modified Organisms Research,9,24,15,0.0001,0.0002,0.01
T11572,Information Technology Governance and Strategy,7,26,19,0.0001,0.0002,0.02
T11579,Cardiovascular and Diving-Related Complications,17,16,-1,0.0001,0.0001,-0.0
T11590,Primary Care and Health Outcomes,10,23,13,0.0001,0.0002,0.01
T11650,Skin and Cellular Biology Research,23,10,-13,0.0002,0.0001,-0.01
T11689,Adversarial Robustness in Machine Learning,17,16,-1,0.0001,0.0001,-0.0
T11909,Histiocytic Disorders and Treatments,15,18,3,0.0001,0.0002,0.0
T11963,Impact of Light on Environment and Health,17,16,-1,0.0001,0.0001,-0.0
T11989,Oxidative Organic Chemistry Reactions,23,10,-13,0.0002,0.0001,-0.01
T12088,Intergenerational and Educational Inequality Studies,9,24,15,0.0001,0.0002,0.01
T12145,Dental Anxiety and Anesthesia Techniques,12,21,9,0.0001,0.0002,0.01
T12228,Coordination Chemistry and Organometallics,18,15,-3,0.0002,0.0001,-0.0
T12307,Ancient Near East History,18,15,-3,0.0002,0.0001,-0.0
T12308,Mental Health and Psychiatry,16,17,1,0.0001,0.0001,0.0
T12345,Adult and Continuing Education Topics,3,30,27,0.0,0.0003,0.02
T12819,Environmental Philosophy and Ethics,7,26,19,0.0001,0.0002,0.02
T12896,Sustainable Agricultural Systems Analysis,7,26,19,0.0001,0.0002,0.02
T13297,History and advancements in chemistry,30,3,-27,0.0003,0.0,-0.02
T13599,Architecture and Cultural Influences,2,31,29,0.0,0.0003,0.03
T13607,Academic Publishing and Open Access,13,20,7,0.0001,0.0002,0.01
T13774,Citizenship Education and Democracy,0,33,33,0.0,0.0003,0.03
T13811,Earth Systems and Cosmic Evolution,27,6,-21,0.0002,0.0001,-0.02
T10187,Radio Frequency Integrated Circuit Design,14,18,4,0.0001,0.0002,0.0
T10270,Blockchain Technology Applications and Security,18,14,-4,0.0002,0.0001,-0.0
T10297,Philosophical Ethics and Theory,6,26,20,0.0001,0.0002,0.02
T10340,Hepatitis B Virus Studies,17,15,-2,0.0001,0.0001,-0.0
T10556,Global Cancer Incidence and Screening,15,17,2,0.0001,0.0001,0.0
T10946,Radioactivity and Radon Measurements,11,21,10,0.0001,0.0002,0.01
T10996,Computational Geometry and Mesh Generation,17,15,-2,0.0001,0.0001,-0.0
T11019,Image Enhancement Techniques,23,9,-14,0.0002,0.0001,-0.01
T11192,Underwater Vehicles and Communication Systems,14,18,4,0.0001,0.0002,0.0
T11201,Metallurgy and Material Forming,22,10,-12,0.0002,0.0001,-0.01
T11217,Cardiac Arrhythmias and Treatments,21,11,-10,0.0002,0.0001,-0.01
T11278,Calcium Carbonate Crystallization and Inhibition,16,16,0,0.0001,0.0001,-0.0
T11300,Global Educational Policies and Reforms,13,19,6,0.0001,0.0002,0.01
T11334,Psychosomatic Disorders and Their Treatments,17,15,-2,0.0001,0.0001,-0.0
T11378,Gastrointestinal Bleeding Diagnosis and Treatment,15,17,2,0.0001,0.0001,0.0
T11646,Nonlocal and gradient elasticity in micro/nano structures,19,13,-6,0.0002,0.0001,-0.01
T11679,Craniofacial Disorders and Treatments,17,15,-2,0.0001,0.0001,-0.0
T11715,Education and Critical Thinking Development,24,8,-16,0.0002,0.0001,-0.01
T11882,Plant biochemistry and biosynthesis,10,22,12,0.0001,0.0002,0.01
T12171,Open Education and E-Learning,15,17,2,0.0001,0.0001,0.0
T12290,Human Motion and Animation,12,20,8,0.0001,0.0002,0.01
T12503,Social Acceptance of Renewable Energy,16,16,0,0.0001,0.0001,-0.0
T12512,History of Colonial Brazil,14,18,4,0.0001,0.0002,0.0
T12727,Differential Equations and Numerical Methods,12,20,8,0.0001,0.0002,0.01
T12831,School Health and Nursing Education,16,16,0,0.0001,0.0001,-0.0
T12977,Spanish Literature and Culture Studies,11,21,10,0.0001,0.0002,0.01
T13222,"Caribbean history, culture, and politics",8,24,16,0.0001,0.0002,0.01
T13634,Middle East and Rwanda Conflicts,26,6,-20,0.0002,0.0001,-0.02
T13662,Qualitative research in health,0,32,32,0.0,0.0003,0.03
T13665,Legal and cultural studies analysis,1,31,30,0.0,0.0003,0.03
T13708,History of Emotions Research,7,25,18,0.0001,0.0002,0.02
T14506,Historical and Architectural Studies,9,23,14,0.0001,0.0002,0.01
T10053,International Relations and Foreign Policy,0,31,31,0.0,0.0003,0.03
T10154,Customer Service Quality and Loyalty,20,11,-9,0.0002,0.0001,-0.01
T10255,Oceanographic and Atmospheric Processes,15,16,1,0.0001,0.0001,0.0
T10293,Thyroid Disorders and Treatments,15,16,1,0.0001,0.0001,0.0
T10758,Cinema and Media Studies,16,15,-1,0.0001,0.0001,-0.0
T10843,Diversity and Career in Medicine,8,23,15,0.0001,0.0002,0.01
T10991,Game Theory and Voting Systems,11,20,9,0.0001,0.0002,0.01
T11282,Fibromyalgia and Chronic Fatigue Syndrome Research,15,16,1,0.0001,0.0001,0.0
T11429,Semiconductor Lasers and Optical Devices,22,9,-13,0.0002,0.0001,-0.01
T11531,Healthcare Systems and Reforms,6,25,19,0.0001,0.0002,0.02
T11748,Organophosphorus compounds synthesis,11,20,9,0.0001,0.0002,0.01
T11815,Urological Disorders and Treatments,14,17,3,0.0001,0.0001,0.0
T12017,Recycling and Waste Management Techniques,21,10,-11,0.0002,0.0001,-0.01
T12177,Resource-Constrained Project Scheduling,13,18,5,0.0001,0.0002,0.0
T12247,Microbial Applications in Construction Materials,12,19,7,0.0001,0.0002,0.01
T12296,Autopsy Techniques and Outcomes,15,16,1,0.0001,0.0001,0.0
T12349,Food Chemistry and Fat Analysis,22,9,-13,0.0002,0.0001,-0.01
T12461,Narrative Theory and Analysis,8,23,15,0.0001,0.0002,0.01
T12743,Spanish Culture and Identity,11,20,9,0.0001,0.0002,0.01
T12791,Full-Duplex Wireless Communications,17,14,-3,0.0001,0.0001,-0.0
T12824,Infections and bacterial resistance,15,16,1,0.0001,0.0001,0.0
T12871,Healthcare Quality and Management,4,27,23,0.0,0.0002,0.02
T13107,Congenital limb and hand anomalies,10,21,11,0.0001,0.0002,0.01
T13240,Bioeconomy and Sustainability Development,10,21,11,0.0001,0.0002,0.01
T13722,Ergonomics and Human Factors,9,22,13,0.0001,0.0002,0.01
T13841,Psychology of Social Influence,26,5,-21,0.0002,0.0,-0.02
T13844,Higher Education Learning Practices,18,13,-5,0.0002,0.0001,-0.0
T13863,Cultural History and Identity Formation,3,28,25,0.0,0.0002,0.02
T13938,Historical and Contemporary Political Dynamics,23,8,-15,0.0002,0.0001,-0.01
T14322,"Art, Aesthetics, and Perception",3,28,25,0.0,0.0002,0.02
T10012,Genetic diversity and population structure,15,15,0,0.0001,0.0001,-0.0
T10091,Malaria Research and Control,14,16,2,0.0001,0.0001,0.0
T10202,Lung Cancer Diagnosis and Treatment,14,16,2,0.0001,0.0001,0.0
T10258,Philosophy and Theoretical Science,5,25,20,0.0,0.0002,0.02
T10335,Colorectal Cancer Surgical Treatments,16,14,-2,0.0001,0.0001,-0.0
T10369,Advanced MEMS and NEMS Technologies,5,25,20,0.0,0.0002,0.02
T10429,EEG and Brain-Computer Interfaces,17,13,-4,0.0001,0.0001,-0.0
T10454,Optimal Power Flow Distribution,10,20,10,0.0001,0.0002,0.01
T10481,Computer Graphics and Visualization Techniques,13,17,4,0.0001,0.0001,0.0
T10524,Traffic control and management,15,15,0,0.0001,0.0001,-0.0
T10785,Economic Theory and Institutions,9,21,12,0.0001,0.0002,0.01
T10866,Nutritional Studies and Diet,24,6,-18,0.0002,0.0001,-0.02
T10922,Magnetic Properties and Synthesis of Ferrites,12,18,6,0.0001,0.0002,0.01
T10924,Cardiovascular Health and Disease Prevention,13,17,4,0.0001,0.0001,0.0
T11035,Salivary Gland Tumors Diagnosis and Treatment,18,12,-6,0.0002,0.0001,-0.01
T11092,Spondyloarthritis Studies and Treatments,13,17,4,0.0001,0.0001,0.0
T11102,HVDC Systems and Fault Protection,17,13,-4,0.0001,0.0001,-0.0
T11288,Clostridium difficile and Clostridium perfringens research,21,9,-12,0.0002,0.0001,-0.01
T11345,Cognitive and developmental aspects of mathematical skills,18,12,-6,0.0002,0.0001,-0.01
T11397,"Populism, Right-Wing Movements",6,24,18,0.0001,0.0002,0.02
T11456,Neuroscience of respiration and sleep,17,13,-4,0.0001,0.0001,-0.0
T11457,Adipose Tissue and Metabolism,19,11,-8,0.0002,0.0001,-0.01
T11678,Healthcare Decision-Making and Restraints,15,15,0,0.0001,0.0001,-0.0
T11805,Agricultural economics and policies,1,29,28,0.0,0.0003,0.02
T11808,Superconducting Materials and Applications,27,3,-24,0.0002,0.0,-0.02
T11848,Heme Oxygenase-1 and Carbon Monoxide,20,10,-10,0.0002,0.0001,-0.01
T11953,"Neuroethics, Human Enhancement, Biomedical Innovations",10,20,10,0.0001,0.0002,0.01
T12013,Sustainable Development and Environmental Policy,18,12,-6,0.0002,0.0001,-0.01
T12213,Marine Ecology and Invasive Species,14,16,2,0.0001,0.0001,0.0
T12254,Machine Learning in Bioinformatics,23,7,-16,0.0002,0.0001,-0.01
T12401,Scheduling and Timetabling Solutions,17,13,-4,0.0001,0.0001,-0.0
T12439,Dental Research and COVID-19,24,6,-18,0.0002,0.0001,-0.02
T12464,Neurological Complications and Syndromes,18,12,-6,0.0002,0.0001,-0.01
T12677,Sports Dynamics and Biomechanics,11,19,8,0.0001,0.0002,0.01
T12802,Competency Development and Evaluation,0,30,30,0.0,0.0003,0.03
T12912,"Shakespeare, Adaptation, and Literary Criticism",10,20,10,0.0001,0.0002,0.01
T13031,Civil and Structural Engineering Research,15,15,0,0.0001,0.0001,-0.0
T13119,Philosophy and Social Theory,26,4,-22,0.0002,0.0,-0.02
T13200,Spacecraft and Cryogenic Technologies,26,4,-22,0.0002,0.0,-0.02
T13208,Synthesis of heterocyclic compounds,1,29,28,0.0,0.0003,0.02
T13445,American Constitutional Law and Politics,23,7,-16,0.0002,0.0001,-0.01
T13614,Social and Economic Solidarity,9,21,12,0.0001,0.0002,0.01
T13766,"Media, Journalism, and Communication History",8,22,14,0.0001,0.0002,0.01
T13859,Organic Chemistry Synthesis Methods,3,27,24,0.0,0.0002,0.02
T13948,Gender and Women's Rights,1,29,28,0.0,0.0003,0.02
T13993,Historical Geopolitical and Social Dynamics,7,23,16,0.0001,0.0002,0.01
T14151,Literary Analysis and Cultural Studies,29,1,-28,0.0003,0.0,-0.02
T14170,Classical Studies and Philology,2,28,26,0.0,0.0002,0.02
T10149,Anthropological Studies and Insights,3,26,23,0.0,0.0002,0.02
T10249,Distributed Control Multi-Agent Systems,14,15,1,0.0001,0.0001,0.0
T10384,Laser-Plasma Interactions and Diagnostics,28,1,-27,0.0002,0.0,-0.02
T10448,Memory and Neural Mechanisms,24,5,-19,0.0002,0.0,-0.02
T10812,Human Pose and Action Recognition,15,14,-1,0.0001,0.0001,-0.0
T10825,Plant Pathogens and Fungal Diseases,24,5,-19,0.0002,0.0,-0.02
T10855,Amyotrophic Lateral Sclerosis Research,19,10,-9,0.0002,0.0001,-0.01
T10881,Blood Coagulation and Thrombosis Mechanisms,18,11,-7,0.0002,0.0001,-0.01
T11153,Streptococcal Infections and Treatments,17,12,-5,0.0001,0.0001,-0.0
T11230,Innovative Energy Harvesting Technologies,16,13,-3,0.0001,0.0001,-0.0
T11350,Sex work and related issues,13,16,3,0.0001,0.0001,0.0
T11432,Gender Politics and Representation,11,18,7,0.0001,0.0002,0.01
T11464,Homelessness and Social Issues,8,21,13,0.0001,0.0002,0.01
T11571,Sarcoidosis and Beryllium Toxicity Research,12,17,5,0.0001,0.0001,0.0
T11698,Underwater Acoustics Research,17,12,-5,0.0001,0.0001,-0.0
T11762,"Law, Economics, and Judicial Systems",20,9,-11,0.0002,0.0001,-0.01
T11869,Per- and polyfluoroalkyl substances research,17,12,-5,0.0001,0.0001,-0.0
T11957,Food Safety and Hygiene,3,26,23,0.0,0.0002,0.02
T11965,"Quantum, superfluid, helium dynamics",29,0,-29,0.0003,0.0,-0.03
T11970,Molecular Biology Techniques and Applications,21,8,-13,0.0002,0.0001,-0.01
T12042,Satellite Communication Systems,22,7,-15,0.0002,0.0001,-0.01
T12067,Renal and Vascular Pathologies,22,7,-15,0.0002,0.0001,-0.01
T12102,Fire effects on concrete materials,13,16,3,0.0001,0.0001,0.0
T12241,Children's Physical and Motor Development,14,15,1,0.0001,0.0001,0.0
T12264,Tissue Engineering and Regenerative Medicine,12,17,5,0.0001,0.0001,0.0
T12698,3D Modeling in Geospatial Applications,15,14,-1,0.0001,0.0001,-0.0
T12755,Legal Education and Practice Innovations,7,22,15,0.0001,0.0002,0.01
T12810,Real-time simulation and control systems,19,10,-9,0.0002,0.0001,-0.01
T12919,Blood disorders and treatments,15,14,-1,0.0001,0.0001,-0.0
T13160,Synthesis and Biological Evaluation,24,5,-19,0.0002,0.0,-0.02
T13342,Art History and Market Analysis,9,20,11,0.0001,0.0002,0.01
T13404,Geological and Tectonic Studies in Latin America,14,15,1,0.0001,0.0001,0.0
T13571,"Corporeality, Perception, and Education",3,26,23,0.0,0.0002,0.02
T13683,"Architecture, Art, Education",4,25,21,0.0,0.0002,0.02
T14335,Educational Robotics and Engineering,21,8,-13,0.0002,0.0001,-0.01
T10019,Corporate Finance and Governance,13,15,2,0.0001,0.0001,0.0
T10035,Phytochemicals and Antioxidant Activities,12,16,4,0.0001,0.0001,0.0
T10104,Nanofluid Flow and Heat Transfer,23,5,-18,0.0002,0.0,-0.02
T10314,Social and Intergroup Psychology,8,20,12,0.0001,0.0002,0.01
T10366,Discourse Analysis in Language Studies,7,21,14,0.0001,0.0002,0.01
T10402,Phase Equilibria and Thermodynamics,17,11,-6,0.0001,0.0001,-0.01
T10419,Pharmaceutical and Antibiotic Environmental Impacts,21,7,-14,0.0002,0.0001,-0.01
T10533,Teaching and Learning Programming,6,22,16,0.0001,0.0002,0.01
T10673,Gestational Diabetes Research and Management,15,13,-2,0.0001,0.0001,-0.0
T10711,Target Tracking and Data Fusion in Sensor Networks,14,14,0,0.0001,0.0001,-0.0
T10859,Polymer Surface Interaction Studies,11,17,6,0.0001,0.0001,0.01
T10986,RFID technology advancements,15,13,-2,0.0001,0.0001,-0.0
T11050,Photorefractive and Nonlinear Optics,8,20,12,0.0001,0.0002,0.01
T11052,Energy Load and Power Forecasting,13,15,2,0.0001,0.0001,0.0
T11077,Genetic and Clinical Aspects of Sex Determination and Chromosomal Abnormalities,16,12,-4,0.0001,0.0001,-0.0
T11126,Metallurgical Processes and Thermodynamics,18,10,-8,0.0002,0.0001,-0.01
T11148,"Language, Metaphor, and Cognition",23,5,-18,0.0002,0.0,-0.02
T11180,Pesticide and Herbicide Environmental Studies,14,14,0,0.0001,0.0001,-0.0
T11187,Nonlinear Dynamics and Pattern Formation,23,5,-18,0.0002,0.0,-0.02
T11299,Problem and Project Based Learning,4,24,20,0.0,0.0002,0.02
T11339,"Metabolism, Diabetes, and Cancer",18,10,-8,0.0002,0.0001,-0.01
T11482,RNA modifications and cancer,23,5,-18,0.0002,0.0,-0.02
T11584,Biochemical Analysis and Sensing Techniques,21,7,-14,0.0002,0.0001,-0.01
T11665,Animal Vocal Communication and Behavior,19,9,-10,0.0002,0.0001,-0.01
T11669,Head and Neck Surgical Oncology,13,15,2,0.0001,0.0001,0.0
T11776,Irish and British Studies,22,6,-16,0.0002,0.0001,-0.01
T11810,Complex Systems and Decision Making,24,4,-20,0.0002,0.0,-0.02
T11890,Scientific Measurement and Uncertainty Evaluation,16,12,-4,0.0001,0.0001,-0.0
T12127,Software System Performance and Reliability,25,3,-22,0.0002,0.0,-0.02
T12392,Sharing Economy and Platforms,17,11,-6,0.0001,0.0001,-0.01
T12425,Industrial Gas Emission Control,8,20,12,0.0001,0.0002,0.01
T12438,Urticaria and Related Conditions,17,11,-6,0.0001,0.0001,-0.01
T12565,Physics and Engineering Research Articles,28,0,-28,0.0002,0.0,-0.02
T12588,Electronic and Structural Properties of Oxides,17,11,-6,0.0001,0.0001,-0.01
T12937,Chemotherapy-related skin toxicity,12,16,4,0.0001,0.0001,0.0
T13018,Seismology and Earthquake Studies,16,12,-4,0.0001,0.0001,-0.0
T13409,Paleopathology and ancient diseases,20,8,-12,0.0002,0.0001,-0.01
T14448,EU Law and Policy Analysis,16,12,-4,0.0001,0.0001,-0.0
T10166,Mosquito-borne diseases and control,12,15,3,0.0001,0.0001,0.0
T10337,Liver Disease and Transplantation,16,11,-5,0.0001,0.0001,-0.0
T10428,Reproductive tract infections research,11,16,5,0.0001,0.0001,0.0
T10439,Climate change impacts on agriculture,5,22,17,0.0,0.0002,0.01
T10485,"Bullying, Victimization, and Aggression",8,19,11,0.0001,0.0002,0.01
T10487,Plant and animal studies,27,0,-27,0.0002,0.0,-0.02
T10617,Cellular transport and secretion,14,13,-1,0.0001,0.0001,-0.0
T10670,Aluminum Alloy Microstructure Properties,13,14,1,0.0001,0.0001,0.0
T10681,Rare-earth and actinide compounds,16,11,-5,0.0001,0.0001,-0.0
T11087,Solidification and crystal growth phenomena,12,15,3,0.0001,0.0001,0.0
T11140,Natural Antidiabetic Agents Studies,13,14,1,0.0001,0.0001,0.0
T11233,Advanced Adaptive Filtering Techniques,15,12,-3,0.0001,0.0001,-0.0
T11357,Risk and Safety Analysis,15,12,-3,0.0001,0.0001,-0.0
T11402,Vascular Malformations Diagnosis and Treatment,14,13,-1,0.0001,0.0001,-0.0
T11446,Mobile Health and mHealth Applications,12,15,3,0.0001,0.0001,0.0
T11480,Connexins and lens biology,14,13,-1,0.0001,0.0001,-0.0
T11502,Facility Location and Emergency Management,10,17,7,0.0001,0.0001,0.01
T11534,Erythropoietin and Anemia Treatment,12,15,3,0.0001,0.0001,0.0
T11608,Dielectric materials and actuators,5,22,17,0.0,0.0002,0.01
T11659,Advanced Image Fusion Techniques,20,7,-13,0.0002,0.0001,-0.01
T11703,"Rings, Modules, and Algebras",11,16,5,0.0001,0.0001,0.0
T11722,Patient Satisfaction in Healthcare,13,14,1,0.0001,0.0001,0.0
T11788,Nonlinear Optical Materials Studies,14,13,-1,0.0001,0.0001,-0.0
T11825,Catalysis and Oxidation Reactions,22,5,-17,0.0002,0.0,-0.01
T11832,Doctoral Education Challenges and Solutions,4,23,19,0.0,0.0002,0.02
T11968,High Altitude and Hypoxia,18,9,-9,0.0002,0.0001,-0.01
T11984,Anatomy and Medical Technology,9,18,9,0.0001,0.0002,0.01
T12108,Management of metastatic bone disease,15,12,-3,0.0001,0.0001,-0.0
T12149,Nanocluster Synthesis and Applications,23,4,-19,0.0002,0.0,-0.02
T12387,Galectins and Cancer Biology,19,8,-11,0.0002,0.0001,-0.01
T12420,Silicone and Siloxane Chemistry,14,13,-1,0.0001,0.0001,-0.0
T12518,Diverticular Disease and Complications,14,13,-1,0.0001,0.0001,-0.0
T12768,Linguistics and language evolution,17,10,-7,0.0001,0.0001,-0.01
T12854,Neurology and Historical Studies,21,6,-15,0.0002,0.0001,-0.01
T13453,Alkaline Phosphatase Research Studies,10,17,7,0.0001,0.0001,0.01
T13623,Linguistic Studies and Language Acquisition,19,8,-11,0.0002,0.0001,-0.01
T13737,Critical and Liberation Pedagogy,4,23,19,0.0,0.0002,0.02
T13877,Law in Society and Culture,8,19,11,0.0001,0.0002,0.01
T14031,Global and Cross-Cultural Management,17,10,-7,0.0001,0.0001,-0.01
T14198,Philosophical Thought and Analysis,4,23,19,0.0,0.0002,0.02
T14339,Image Processing and 3D Reconstruction,25,2,-23,0.0002,0.0,-0.02
T14423,Military Technology and Strategies,23,4,-19,0.0002,0.0,-0.02
T10076,Plant-Microbe Interactions and Immunity,12,14,2,0.0001,0.0001,0.0
T10232,Optical Network Technologies,12,14,2,0.0001,0.0001,0.0
T10327,Adolescent Sexual and Reproductive Health,5,21,16,0.0,0.0002,0.01
T10492,Microtubule and mitosis dynamics,20,6,-14,0.0002,0.0001,-0.01
T10503,Global Financial Crisis and Policies,16,10,-6,0.0001,0.0001,-0.01
T10541,Nonlinear Differential Equations Analysis,9,17,8,0.0001,0.0001,0.01
T10756,Estrogen and related hormone effects,14,12,-2,0.0001,0.0001,-0.0
T10811,Hydrogen Storage and Materials,12,14,2,0.0001,0.0001,0.0
T10820,Fuzzy Logic and Control Systems,11,15,4,0.0001,0.0001,0.0
T10914,Tactile and Sensory Interactions,18,8,-10,0.0002,0.0001,-0.01
T11091,Extraction and Separation Processes,21,5,-16,0.0002,0.0,-0.01
T11122,Online Learning and Analytics,12,14,2,0.0001,0.0001,0.0
T11302,CO2 Sequestration and Geologic Interactions,14,12,-2,0.0001,0.0001,-0.0
T11321,Error Correcting Code Techniques,7,19,12,0.0001,0.0002,0.01
T11435,Polynomial and algebraic computation,21,5,-16,0.0002,0.0,-0.01
T11521,Salivary Gland Disorders and Functions,11,15,4,0.0001,0.0001,0.0
T11615,Control and Dynamics of Mobile Robots,16,10,-6,0.0001,0.0001,-0.01
T11696,Conflict Management and Negotiation,7,19,12,0.0001,0.0002,0.01
T11743,Political Economy and Marxism,13,13,0,0.0001,0.0001,-0.0
T12000,Systems Engineering Methodologies and Applications,8,18,10,0.0001,0.0002,0.01
T12002,"Computability, Logic, AI Algorithms",18,8,-10,0.0002,0.0001,-0.01
T12014,"Fish biology, ecology, and behavior",21,5,-16,0.0002,0.0,-0.01
T12056,Markov Chains and Monte Carlo Methods,14,12,-2,0.0001,0.0001,-0.0
T12110,Bone and Dental Protein Studies,21,5,-16,0.0002,0.0,-0.01
T12121,Cooperative Studies and Economics,9,17,8,0.0001,0.0001,0.01
T12139,Advanced Thermodynamic Systems and Engines,11,15,4,0.0001,0.0001,0.0
T12467,Rangeland Management and Livestock Ecology,16,10,-6,0.0001,0.0001,-0.01
T12489,Microbial Metabolites in Food Biotechnology,8,18,10,0.0001,0.0002,0.01
T12634,Ureteral procedures and complications,20,6,-14,0.0002,0.0001,-0.01
T12664,Clinical practice guidelines implementation,18,8,-10,0.0002,0.0001,-0.01
T12829,Advanced Breast Cancer Therapies,14,12,-2,0.0001,0.0001,-0.0
T13250,Semiotics and Representation Studies,15,11,-4,0.0001,0.0001,-0.0
T13456,"Religion, Society, and Development",16,10,-6,0.0001,0.0001,-0.01
T13530,Climate Change and Environmental Impact,6,20,14,0.0001,0.0002,0.01
T13937,"Genetics, Bioinformatics, and Biomedical Research",22,4,-18,0.0002,0.0,-0.02
T14134,Medical and Biological Sciences,15,11,-4,0.0001,0.0001,-0.0
T10473,Postharvest Quality and Shelf Life Management,6,19,13,0.0001,0.0002,0.01
T10499,Folate and B Vitamins Research,14,11,-3,0.0001,0.0001,-0.0
T10547,"Education, Achievement, and Giftedness",7,18,11,0.0001,0.0002,0.01
T10708,Mindfulness and Compassion Interventions,11,14,3,0.0001,0.0001,0.0
T10872,Veterinary Equine Medical Research,11,14,3,0.0001,0.0001,0.0
T10875,Pesticide Exposure and Toxicity,14,11,-3,0.0001,0.0001,-0.0
T10888,Augmented Reality Applications,10,15,5,0.0001,0.0001,0.0
T11144,melanin and skin pigmentation,10,15,5,0.0001,0.0001,0.0
T11155,Toxoplasma gondii Research Studies,13,12,-1,0.0001,0.0001,-0.0
T11168,International Development and Aid,11,14,3,0.0001,0.0001,0.0
T11174,Pediatric Urology and Nephrology Studies,17,8,-9,0.0001,0.0001,-0.01
T11193,Adenosine and Purinergic Signaling,14,11,-3,0.0001,0.0001,-0.0
T11267,Abdominal Trauma and Injuries,15,10,-5,0.0001,0.0001,-0.0
T11372,Hydraulic and Pneumatic Systems,21,4,-17,0.0002,0.0,-0.01
T11409,Advanced Wireless Network Optimization,11,14,3,0.0001,0.0001,0.0
T11483,Tropical and Extratropical Cyclones Research,13,12,-1,0.0001,0.0001,-0.0
T11495,Animal Virus Infections Studies,7,18,11,0.0001,0.0002,0.01
T11514,Disability Education and Employment,4,21,17,0.0,0.0002,0.01
T11537,Ethics in medical practice,14,11,-3,0.0001,0.0001,-0.0
T11583,Advanced Measurement and Metrology Techniques,16,9,-7,0.0001,0.0001,-0.01
T11634,Water Quality and Pollution Assessment,12,13,1,0.0001,0.0001,0.0
T11781,Wastewater Treatment and Reuse,10,15,5,0.0001,0.0001,0.0
T11831,Chemical Synthesis and Reactions,16,9,-7,0.0001,0.0001,-0.01
T11833,Spinal Dysraphism and Malformations,14,11,-3,0.0001,0.0001,-0.0
T11911,Spatial and Panel Data Analysis,13,12,-1,0.0001,0.0001,-0.0
T11964,Pregnancy and Medication Impact,13,12,-1,0.0001,0.0001,-0.0
T11977,Technology Use by Older Adults,6,19,13,0.0001,0.0002,0.01
T12028,Knowledge Management and Sharing,11,14,3,0.0001,0.0001,0.0
T12046,MXene and MAX Phase Materials,15,10,-5,0.0001,0.0001,-0.0
T12072,Machine Learning and Algorithms,21,4,-17,0.0002,0.0,-0.01
T12155,Microwave Dielectric Ceramics Synthesis,14,11,-3,0.0001,0.0001,-0.0
T12180,Polar Research and Ecology,5,20,15,0.0,0.0002,0.01
T12372,Art Therapy and Mental Health,8,17,9,0.0001,0.0001,0.01
T12453,Infectious Aortic and Vascular Conditions,16,9,-7,0.0001,0.0001,-0.01
T12505,Peptidase Inhibition and Analysis,25,0,-25,0.0002,0.0,-0.02
T12531,Values and Moral Education,0,25,25,0.0,0.0002,0.02
T12552,Fetal and Pediatric Neurological Disorders,16,9,-7,0.0001,0.0001,-0.01
T12656,"Climate Change, Adaptation, Migration",20,5,-15,0.0002,0.0,-0.01
T12672,Phagocytosis and Immune Regulation,18,7,-11,0.0002,0.0001,-0.01
T12694,"Categorization, perception, and language",12,13,1,0.0001,0.0001,0.0
T12776,Electrohydrodynamics and Fluid Dynamics,25,0,-25,0.0002,0.0,-0.02
T12804,Thermal Analysis in Power Transmission,21,4,-17,0.0002,0.0,-0.01
T12927,"Memory, History, Trauma, Identity",2,23,21,0.0,0.0002,0.02
T13013,Free Radicals and Antioxidants,19,6,-13,0.0002,0.0001,-0.01
T13165,Agricultural safety and regulations,8,17,9,0.0001,0.0001,0.01
T13171,Polymer Science and PVC,10,15,5,0.0001,0.0001,0.0
T13235,Management Theory and Practice,2,23,21,0.0,0.0002,0.02
T13308,Cybernetics and Technology in Society,6,19,13,0.0001,0.0002,0.01
T13410,Immune responses and vaccinations,15,10,-5,0.0001,0.0001,-0.0
T13463,Nanoporous metals and alloys,15,10,-5,0.0001,0.0001,-0.0
T13485,Marine and Coastal Ecosystems,1,24,23,0.0,0.0002,0.02
T13633,Public Health and Social Inequalities,3,22,19,0.0,0.0002,0.02
T13759,Medical Imaging and Pathology Studies,24,1,-23,0.0002,0.0,-0.02
T13861,Health and Lifestyle Studies,22,3,-19,0.0002,0.0,-0.02
T13905,Telecommunications and Broadcasting Technologies,10,15,5,0.0001,0.0001,0.0
T13945,"Legal, Health, Environmental and COVID-19 Challenges",4,21,17,0.0,0.0002,0.01
T14131,Giambattista Vico and Joyce,3,22,19,0.0,0.0002,0.02
T10026,"Galaxies: Formation, Evolution, Phenomena",13,11,-2,0.0001,0.0001,-0.0
T10180,Analytical chemistry methods development,11,13,2,0.0001,0.0001,0.0
T10186,Nursing education and management,8,16,8,0.0001,0.0001,0.01
T10240,Plant tissue culture and regeneration,12,12,0,0.0001,0.0001,-0.0
T10251,Solar and Space Plasma Dynamics,13,11,-2,0.0001,0.0001,-0.0
T10266,Plant Water Relations and Carbon Dynamics,13,11,-2,0.0001,0.0001,-0.0
T10332,Amphibian and Reptile Biology,17,7,-10,0.0001,0.0001,-0.01
T10400,Network Security and Intrusion Detection,14,10,-4,0.0001,0.0001,-0.0
T10459,Sexual function and dysfunction studies,7,17,10,0.0001,0.0001,0.01
T10495,Catalysts for Methane Reforming,10,14,4,0.0001,0.0001,0.0
T10523,Atomic and Molecular Physics,9,15,6,0.0001,0.0001,0.01
T10934,Heat shock proteins research,13,11,-2,0.0001,0.0001,-0.0
T10961,Hernia repair and management,9,15,6,0.0001,0.0001,0.01
T11001,Renin-Angiotensin System Studies,8,16,8,0.0001,0.0001,0.01
T11063,Rough Sets and Fuzzy Logic,20,4,-16,0.0002,0.0,-0.01
T11103,Antimicrobial Peptides and Activities,16,8,-8,0.0001,0.0001,-0.01
T11105,Advanced Image Processing Techniques,18,6,-12,0.0002,0.0001,-0.01
T11147,Misinformation and Its Impacts,5,19,14,0.0,0.0002,0.01
T11150,Endoplasmic Reticulum Stress and Disease,17,7,-10,0.0001,0.0001,-0.01
T11175,Gyrotron and Vacuum Electronics Research,24,0,-24,0.0002,0.0,-0.02
T11225,Geothermal Energy Systems and Applications,12,12,0,0.0001,0.0001,-0.0
T11231,Microbial Fuel Cells and Bioremediation,12,12,0,0.0001,0.0001,-0.0
T11266,Neuroinflammation and Neurodegeneration Mechanisms,19,5,-14,0.0002,0.0,-0.01
T11335,Prion Diseases and Protein Misfolding,13,11,-2,0.0001,0.0001,-0.0
T11377,Retinal and Macular Surgery,12,12,0,0.0001,0.0001,-0.0
T11399,Muscle metabolism and nutrition,15,9,-6,0.0001,0.0001,-0.01
T11486,Micro and Nano Robotics,14,10,-4,0.0001,0.0001,-0.0
T11548,Sexual Assault and Victimization Studies,7,17,10,0.0001,0.0001,0.01
T11559,Retinoids in leukemia and cellular processes,16,8,-8,0.0001,0.0001,-0.01
T11599,Aviation Industry Analysis and Trends,10,14,4,0.0001,0.0001,0.0
T11632,Family and Disability Support Research,15,9,-6,0.0001,0.0001,-0.01
T11663,Viral Infectious Diseases and Gene Expression in Insects,16,8,-8,0.0001,0.0001,-0.01
T11724,Inflammatory Myopathies and Dermatomyositis,13,11,-2,0.0001,0.0001,-0.0
T11787,Oral and Maxillofacial Pathology,16,8,-8,0.0001,0.0001,-0.01
T11839,Hormonal Regulation and Hypertension,16,8,-8,0.0001,0.0001,-0.01
T11877,Iron oxide chemistry and applications,22,2,-20,0.0002,0.0,-0.02
T11960,Relativity and Gravitational Theory,13,11,-2,0.0001,0.0001,-0.0
T12010,Evaluation and Performance Assessment,7,17,10,0.0001,0.0001,0.01
T12129,Global Energy Security and Policy,14,10,-4,0.0001,0.0001,-0.0
T12255,Biosimilars and Bioanalytical Methods,11,13,2,0.0001,0.0001,0.0
T12534,Protein Degradation and Inhibitors,18,6,-12,0.0002,0.0001,-0.01
T12709,Optimization and Mathematical Programming,8,16,8,0.0001,0.0001,0.01
T12731,Hidradenitis Suppurativa and Treatments,12,12,0,0.0001,0.0001,-0.0
T12746,Sustainable Industrial Ecology,18,6,-12,0.0002,0.0001,-0.01
T12816,Global Public Health Policies and Epidemiology,12,12,0,0.0001,0.0001,-0.0
T12852,Chemical Thermodynamics and Molecular Structure,15,9,-6,0.0001,0.0001,-0.01
T12907,Mechanical Engineering and Vibrations Research,19,5,-14,0.0002,0.0,-0.01
T12948,Inclusion and Disability in Education and Sport,5,19,14,0.0,0.0002,0.01
T13398,Data Analysis with R,17,7,-10,0.0001,0.0001,-0.01
T13692,Italian Social Issues and Migration,9,15,6,0.0001,0.0001,0.01
T13702,Machine Learning in Healthcare,16,8,-8,0.0001,0.0001,-0.01
T14109,Scottish History and National Identity,16,8,-8,0.0001,0.0001,-0.01
T14343,Hispanic-African Historical Relations,15,9,-6,0.0001,0.0001,-0.01
T14359,Wetland Management and Conservation,0,24,24,0.0,0.0002,0.02
T14432,Freedom of Expression and Defamation,2,22,20,0.0,0.0002,0.02
T10004,Soil Carbon and Nitrogen Dynamics,7,16,9,0.0001,0.0001,0.01
T10133,Media Studies and Communication,4,19,15,0.0,0.0002,0.01
T10135,Insect-Plant Interactions and Control,9,14,5,0.0001,0.0001,0.0
T10167,Influenza Virus Research Studies,11,12,1,0.0001,0.0001,0.0
T10313,Surface Modification and Superhydrophobicity,16,7,-9,0.0001,0.0001,-0.01
T10456,Multi-Agent Systems and Negotiation,10,13,3,0.0001,0.0001,0.0
T10529,Stress Responses and Cortisol,15,8,-7,0.0001,0.0001,-0.01
T10669,Freshwater macroinvertebrate diversity and ecology,16,7,-9,0.0001,0.0001,-0.01
T10678,Inflammatory mediators and NSAID effects,13,10,-3,0.0001,0.0001,-0.0
T10709,Social Robot Interaction and HRI,6,17,11,0.0001,0.0001,0.01
T10710,Arsenic contamination and mitigation,9,14,5,0.0001,0.0001,0.0
T10733,Wheat and Barley Genetics and Pathology,13,10,-3,0.0001,0.0001,-0.0
T10861,Ear Surgery and Otitis Media,14,9,-5,0.0001,0.0001,-0.0
T10920,Advanced Drug Delivery Systems,5,18,13,0.0,0.0002,0.01
T11055,Cardiac and Coronary Surgery Techniques,7,16,9,0.0001,0.0001,0.01
T11172,Dermatologic Treatments and Research,11,12,1,0.0001,0.0001,0.0
T11271,Myasthenia Gravis and Thymoma,12,11,-1,0.0001,0.0001,-0.0
T11505,Reproductive biology and impacts on aquatic species,8,15,7,0.0001,0.0001,0.01
T11586,Congenital Diaphragmatic Hernia Studies,12,11,-1,0.0001,0.0001,-0.0
T11600,Brain Metastases and Treatment,12,11,-1,0.0001,0.0001,-0.0
T11684,Vibrio bacteria research studies,16,7,-9,0.0001,0.0001,-0.01
T11753,Forest Management and Policy,5,18,13,0.0,0.0002,0.01
T11865,Anorectal Disease Treatments and Outcomes,13,10,-3,0.0001,0.0001,-0.0
T12064,Intraperitoneal and Appendiceal Malignancies,13,10,-3,0.0001,0.0001,-0.0
T12227,Environmental and Social Impact Assessments,9,14,5,0.0001,0.0001,0.0
T12270,Microwave-Assisted Synthesis and Applications,8,15,7,0.0001,0.0001,0.01
T12334,Lung Cancer Research Studies,11,12,1,0.0001,0.0001,0.0
T12367,Dental Trauma and Treatments,12,11,-1,0.0001,0.0001,-0.0
T12435,Bladed Disk Vibration Dynamics,7,16,9,0.0001,0.0001,0.01
T12500,Reflective Practices in Education,3,20,17,0.0,0.0002,0.01
T12504,Mathematics and Applications,16,7,-9,0.0001,0.0001,-0.01
T12594,Collaboration in agile enterprises,17,6,-11,0.0001,0.0001,-0.01
T12641,Historical and socio-economic studies of Spain and related regions,18,5,-13,0.0002,0.0,-0.01
T12996,Cancer Research and Treatments,20,3,-17,0.0002,0.0,-0.01
T13061,Literacy and Educational Practices,8,15,7,0.0001,0.0001,0.01
T13199,Digestive system and related health,16,7,-9,0.0001,0.0001,-0.01
T13263,Building energy efficiency and sustainability,0,23,23,0.0,0.0002,0.02
T13374,Hematological disorders and diagnostics,17,6,-11,0.0001,0.0001,-0.01
T13400,Mathematical and Theoretical Analysis,9,14,5,0.0001,0.0001,0.0
T13417,Biomedical Ethics and Regulation,17,6,-11,0.0001,0.0001,-0.01
T13465,"Graphite, nuclear technology, radiation studies",14,9,-5,0.0001,0.0001,-0.0
T13590,"Oral History, Memory, Narrative Analysis",3,20,17,0.0,0.0002,0.01
T13649,Advanced Synthetic Organic Chemistry,2,21,19,0.0,0.0002,0.02
T13650,Computational Physics and Python Applications,19,4,-15,0.0002,0.0,-0.01
T13745,Media and Digital Communication,0,23,23,0.0,0.0002,0.02
T13856,Advanced Power Generation Technologies,21,2,-19,0.0002,0.0,-0.02
T13864,Indigenous Cultures and History,8,15,7,0.0001,0.0001,0.01
T13929,Educational Outcomes and Influences,0,23,23,0.0,0.0002,0.02
T14013,Legal Language and Interpretation,5,18,13,0.0,0.0002,0.01
T14150,Biochemical and biochemical processes,12,11,-1,0.0001,0.0001,-0.0
T14433,Post-Communist Economic and Political Transition,14,9,-5,0.0001,0.0001,-0.0
T10498,Migraine and Headache Studies,12,10,-2,0.0001,0.0001,-0.0
T10620,Protease and Inhibitor Mechanisms,11,11,0,0.0001,0.0001,-0.0
T10659,Marine animal studies overview,12,10,-2,0.0001,0.0001,-0.0
T10666,Photonic Crystals and Applications,12,10,-2,0.0001,0.0001,-0.0
T10770,Soil Geostatistics and Mapping,13,9,-4,0.0001,0.0001,-0.0
T10947,Fluorine in Organic Chemistry,20,2,-18,0.0002,0.0,-0.02
T10977,Optical Imaging and Spectroscopy Techniques,14,8,-6,0.0001,0.0001,-0.01
T11015,Down syndrome and intellectual disability research,8,14,6,0.0001,0.0001,0.01
T11069,Testicular diseases and treatments,11,11,0,0.0001,0.0001,-0.0
T11079,Creativity in Education and Neuroscience,11,11,0,0.0001,0.0001,-0.0
T11143,High Entropy Alloys Studies,14,8,-6,0.0001,0.0001,-0.01
T11158,Wireless Networks and Protocols,10,12,2,0.0001,0.0001,0.0
T11198,Japanese History and Culture,8,14,6,0.0001,0.0001,0.01
T11331,Fecal contamination and water quality,6,16,10,0.0001,0.0001,0.01
T11388,"Grief, Bereavement, and Mental Health",12,10,-2,0.0001,0.0001,-0.0
T11496,Credit Risk and Financial Regulations,13,9,-4,0.0001,0.0001,-0.0
T11501,TGF-β signaling in diseases,13,9,-4,0.0001,0.0001,-0.0
T11519,Digital Mental Health Interventions,14,8,-6,0.0001,0.0001,-0.01
T11526,Innovative Teaching Methods,3,19,16,0.0,0.0002,0.01
T11598,Internet Traffic Analysis and Secure E-voting,9,13,4,0.0001,0.0001,0.0
T11658,Esophageal and GI Pathology,13,9,-4,0.0001,0.0001,-0.0
T11773,Healthcare Operations and Scheduling Optimization,11,11,0,0.0001,0.0001,-0.0
T11774,Adsorption and Cooling Systems,12,10,-2,0.0001,0.0001,-0.0
T11838,"Crime, Illicit Activities, and Governance",12,10,-2,0.0001,0.0001,-0.0
T11933,Mining and Resource Management,18,4,-14,0.0002,0.0,-0.01
T11935,"Literacy, Media, and Education",3,19,16,0.0,0.0002,0.01
T11990,Global Health Workforce Issues,4,18,14,0.0,0.0002,0.01
T12025,Hepatitis Viruses Studies and Epidemiology,10,12,2,0.0001,0.0001,0.0
T12083,Karst Systems and Hydrogeology,12,10,-2,0.0001,0.0001,-0.0
T12084,Synthesis and properties of polymers,18,4,-14,0.0002,0.0,-0.01
T12097,Aquatic Invertebrate Ecology and Behavior,20,2,-18,0.0002,0.0,-0.02
T12140,Renal and related cancers,14,8,-6,0.0001,0.0001,-0.01
T12252,Mechanical stress and fatigue analysis,16,6,-10,0.0001,0.0001,-0.01
T12295,"Foucault, Power, and Ethics",4,18,14,0.0,0.0002,0.01
T12315,Older Adults Driving Studies,14,8,-6,0.0001,0.0001,-0.01
T12341,Spanish Linguistics and Language Studies,14,8,-6,0.0001,0.0001,-0.01
T12356,Bioactive Compounds and Antitumor Agents,12,10,-2,0.0001,0.0001,-0.0
T12532,Historical and Cultural Archaeology Studies,13,9,-4,0.0001,0.0001,-0.0
T12545,Global Education and Multiculturalism,15,7,-8,0.0001,0.0001,-0.01
T12658,Language and Culture,5,17,12,0.0,0.0001,0.01
T12697,Water Quality Monitoring Technologies,12,10,-2,0.0001,0.0001,-0.0
T12700,Doping in Sports,10,12,2,0.0001,0.0001,0.0
T12704,Stress and Burnout Research,8,14,6,0.0001,0.0001,0.01
T12793,Caveolin-1 and cellular processes,15,7,-8,0.0001,0.0001,-0.01
T12797,History of Computing Technologies,17,5,-12,0.0001,0.0,-0.01
T12839,Emile Durkheim and Sociology,13,9,-4,0.0001,0.0001,-0.0
T12868,Photography and Visual Culture,5,17,12,0.0,0.0001,0.01
T12990,Medical History and Innovations,9,13,4,0.0001,0.0001,0.0
T13286,Modeling and Simulation Systems,6,16,10,0.0001,0.0001,0.01
T13447,Educational and Psychological Assessments,19,3,-16,0.0002,0.0,-0.01
T13484,German History and Society,10,12,2,0.0001,0.0001,0.0
T13643,Artificial Intelligence in Law,11,11,0,0.0001,0.0001,-0.0
T13762,Education and Labor Relations,0,22,22,0.0,0.0002,0.02
T14032,History and International Relations,3,19,16,0.0,0.0002,0.01
T14147,Innovative Approaches in Technology and Social Development,14,8,-6,0.0001,0.0001,-0.01
T14156,Engineering Applied Research,15,7,-8,0.0001,0.0001,-0.01
T14302,European Politics and Security,1,21,20,0.0,0.0002,0.02
T10152,Animal Nutrition and Physiology,5,16,11,0.0,0.0001,0.01
T10246,Mobile Ad Hoc Networks,9,12,3,0.0001,0.0001,0.0
T10315,Decision-Making and Behavioral Economics,4,17,13,0.0,0.0001,0.01
T10353,Zeolite Catalysis and Synthesis,8,13,5,0.0001,0.0001,0.0
T10363,Low-power high-performance VLSI design,10,11,1,0.0001,0.0001,0.0
T10491,Enhanced Oil Recovery Techniques,14,7,-7,0.0001,0.0001,-0.01
T10726,Career Development and Diversity,5,16,11,0.0,0.0001,0.01
T10745,Heart Rate Variability and Autonomic Control,11,10,-1,0.0001,0.0001,-0.0
T10775,Generative Adversarial Networks and Image Synthesis,13,8,-5,0.0001,0.0001,-0.0
T10782,Nanoplatforms for cancer theranostics,21,0,-21,0.0002,0.0,-0.02
T10970,Team Dynamics and Performance,9,12,3,0.0001,0.0001,0.0
T11047,Gender Diversity and Inequality,10,11,1,0.0001,0.0001,0.0
T11138,Tribology and Lubrication Engineering,18,3,-15,0.0002,0.0,-0.01
T11292,Pediatric Pain Management Techniques,16,5,-11,0.0001,0.0,-0.01
T11319,Curcumin's Biomedical Applications,10,11,1,0.0001,0.0001,0.0
T11415,Noncommutative and Quantum Gravity Theories,12,9,-3,0.0001,0.0001,-0.0
T11419,Supramolecular Self-Assembly in Materials,12,9,-3,0.0001,0.0001,-0.0
T11473,Appendicitis Diagnosis and Management,13,8,-5,0.0001,0.0001,-0.0
T11492,Academic integrity and plagiarism,7,14,7,0.0001,0.0001,0.01
T11512,Anomaly Detection Techniques and Applications,14,7,-7,0.0001,0.0001,-0.01
T11539,Survey Methodology and Nonresponse,4,17,13,0.0,0.0001,0.01
T11577,Cognitive Abilities and Testing,10,11,1,0.0001,0.0001,0.0
T11672,Recycling and utilization of industrial and municipal waste in materials production,12,9,-3,0.0001,0.0001,-0.0
T11707,Gaze Tracking and Assistive Technology,8,13,5,0.0001,0.0001,0.0
T11719,Data Quality and Management,10,11,1,0.0001,0.0001,0.0
T11727,Advanced Algebra and Logic,11,10,-1,0.0001,0.0001,-0.0
T11817,"Housing, Finance, and Neoliberalism",11,10,-1,0.0001,0.0001,-0.0
T11854,Laser-induced spectroscopy and plasma,17,4,-13,0.0001,0.0,-0.01
T11866,Reconstructive Facial Surgery Techniques,9,12,3,0.0001,0.0001,0.0
T11917,"Coagulation, Bradykinin, Polyphosphates, and Angioedema",13,8,-5,0.0001,0.0001,-0.0
T11926,Subterranean biodiversity and taxonomy,21,0,-21,0.0002,0.0,-0.02
T11950,Cardiovascular Syncope and Autonomic Disorders,14,7,-7,0.0001,0.0001,-0.01
T11954,Energy Efficiency and Management,6,15,9,0.0001,0.0001,0.01
T11980,Human Mobility and Location-Based Analysis,3,18,15,0.0,0.0002,0.01
T11988,Sustainable Building Design and Assessment,5,16,11,0.0,0.0001,0.01
T12004,Advanced Frequency and Time Standards,17,4,-13,0.0001,0.0,-0.01
T12101,Advanced Bandit Algorithms Research,13,8,-5,0.0001,0.0001,-0.0
T12104,Protein Tyrosine Phosphatases,12,9,-3,0.0001,0.0001,-0.0
T12117,Muscle and Compartmental Disorders,12,9,-3,0.0001,0.0001,-0.0
T12141,Fluid Dynamics and Thin Films,14,7,-7,0.0001,0.0001,-0.01
T12211,Aluminum toxicity and tolerance in plants and animals,13,8,-5,0.0001,0.0001,-0.0
T12305,Cassava research and cyanide,17,4,-13,0.0001,0.0,-0.01
T12327,Various Chemistry Research Topics,19,2,-17,0.0002,0.0,-0.01
T12332,Comparative constitutional jurisprudence studies,5,16,11,0.0,0.0001,0.01
T12353,Lexicography and Language Studies,10,11,1,0.0001,0.0001,0.0
T12373,Linguistic research and analysis,11,10,-1,0.0001,0.0001,-0.0
T12617,"Energy, Environment, and Transportation Policies",17,4,-13,0.0001,0.0,-0.01
T12681,Global Healthcare and Medical Tourism,13,8,-5,0.0001,0.0001,-0.0
T12751,Leadership and Management in Organizations,0,21,21,0.0,0.0002,0.02
T12770,Amino Acid Enzymes and Metabolism,11,10,-1,0.0001,0.0001,-0.0
T12778,History of Medicine and Tropical Health,5,16,11,0.0,0.0001,0.01
T12845,Methemoglobinemia and Tumor Lysis Syndrome,13,8,-5,0.0001,0.0001,-0.0
T13032,COVID-19 Prevention and Impact,0,21,21,0.0,0.0002,0.02
T13049,Surface Roughness and Optical Measurements,15,6,-9,0.0001,0.0001,-0.01
T13114,Image Processing Techniques and Applications,15,6,-9,0.0001,0.0001,-0.01
T13129,Material Properties and Applications,17,4,-13,0.0001,0.0,-0.01
T13175,Historical Astronomy and Related Studies,12,9,-3,0.0001,0.0001,-0.0
T13216,Artistic and Creative Research,6,15,9,0.0001,0.0001,0.01
T13219,Mind wandering and attention,17,4,-13,0.0001,0.0,-0.01
T13414,Radioactive Decay and Measurement Techniques,11,10,-1,0.0001,0.0001,-0.0
T13457,"Dental Education, Practice, Research",8,13,5,0.0001,0.0001,0.0
T13536,Psychological and Temporal Perspectives Research,10,11,1,0.0001,0.0001,0.0
T13758,Energy Law and Policy,1,20,19,0.0,0.0002,0.02
T13925,Offshore Engineering and Technologies,6,15,9,0.0001,0.0001,0.01
T14081,Linguistic Education and Pedagogy,8,13,5,0.0001,0.0001,0.0
T14146,Earthquake and Tsunami Effects,3,18,15,0.0,0.0002,0.01
T14232,Water Resource Management and Quality,9,12,3,0.0001,0.0001,0.0
T14396,Healthcare Regulation,3,18,15,0.0,0.0002,0.01
T14421,Educational Philosophies and Pedagogies,13,8,-5,0.0001,0.0001,-0.0
T14491,Diverse academic and cultural studies,21,0,-21,0.0002,0.0,-0.02
T14508,Vocational Education and Training,1,20,19,0.0,0.0002,0.02
T10098,Ruminant Nutrition and Digestive Physiology,5,15,10,0.0,0.0001,0.01
T10203,Recommender Systems and Techniques,5,15,10,0.0,0.0001,0.01
T10250,Glaucoma and retinal disorders,10,10,0,0.0001,0.0001,-0.0
T10288,Fractional Differential Equations Solutions,8,12,4,0.0001,0.0001,0.0
T10331,Video Surveillance and Tracking Methods,5,15,10,0.0,0.0001,0.01
T10455,Foot and Ankle Surgery,7,13,6,0.0001,0.0001,0.01
T10738,Posthumanist Ethics and Activism,8,12,4,0.0001,0.0001,0.0
T10771,Wound Healing and Treatments,11,9,-2,0.0001,0.0001,-0.0
T10969,Water resources management and optimization,9,11,2,0.0001,0.0001,0.0
T10985,Sleep and Wakefulness Research,13,7,-6,0.0001,0.0001,-0.01
T11099,Autonomous Vehicle Technology and Safety,13,7,-6,0.0001,0.0001,-0.01
T11109,Thermoregulation and physiological responses,13,7,-6,0.0001,0.0001,-0.01
T11167,Hair Growth and Disorders,11,9,-2,0.0001,0.0001,-0.0
T11202,Cavitation Phenomena in Pumps,14,6,-8,0.0001,0.0001,-0.01
T11251,Meningioma and schwannoma management,11,9,-2,0.0001,0.0001,-0.0
T11265,Aging and Gerontology Research,10,10,0,0.0001,0.0001,-0.0
T11273,Advanced Graph Neural Networks,15,5,-10,0.0001,0.0,-0.01
T11336,Energy and Environment Impacts,17,3,-14,0.0001,0.0,-0.01
T11364,Cholangiocarcinoma and Gallbladder Cancer Studies,9,11,2,0.0001,0.0001,0.0
T11406,Cerebrospinal fluid and hydrocephalus,12,8,-4,0.0001,0.0001,-0.0
T11408,Advanced Optical Imaging Technologies,12,8,-4,0.0001,0.0001,-0.0
T11437,Digital Platforms and Economics,14,6,-8,0.0001,0.0001,-0.01
T11439,Video Analysis and Summarization,11,9,-2,0.0001,0.0001,-0.0
T11467,Trauma and Emergency Care Studies,8,12,4,0.0001,0.0001,0.0
T11494,Coleoptera Taxonomy and Distribution,14,6,-8,0.0001,0.0001,-0.01
T11532,Chemokine receptors and signaling,10,10,0,0.0001,0.0001,-0.0
T11578,Plant Pathogenic Bacteria Studies,10,10,0,0.0001,0.0001,-0.0
T11816,Nursing Roles and Practices,4,16,12,0.0,0.0001,0.01
T11861,Thermal Regulation in Medicine,14,6,-8,0.0001,0.0001,-0.01
T11914,PARP inhibition in cancer therapy,14,6,-8,0.0001,0.0001,-0.01
T12019,Calibration and Measurement Techniques,13,7,-6,0.0001,0.0001,-0.01
T12044,Advanced Physical and Chemical Molecular Interactions,15,5,-10,0.0001,0.0,-0.01
T12124,Engineering Education and Curriculum Development,2,18,16,0.0,0.0002,0.01
T12209,Bone and Joint Diseases,16,4,-12,0.0001,0.0,-0.01
T12328,Autoimmune and Inflammatory Disorders,12,8,-4,0.0001,0.0001,-0.0
T12405,Characterization and Applications of Magnetic Nanoparticles,7,13,6,0.0001,0.0001,0.01
T12492,Zoonotic diseases and public health,14,6,-8,0.0001,0.0001,-0.01
T12610,RNA regulation and disease,18,2,-16,0.0002,0.0,-0.01
T12644,Wildlife-Road Interactions and Conservation,13,7,-6,0.0001,0.0001,-0.01
T12706,Subcritical and Supercritical Water Processes,14,6,-8,0.0001,0.0001,-0.01
T12820,Chromatin Remodeling and Cancer,16,4,-12,0.0001,0.0,-0.01
T12823,Adolescent and Pediatric Healthcare,13,7,-6,0.0001,0.0001,-0.01
T12825,"Defense, Military, and Policy Studies",12,8,-4,0.0001,0.0001,-0.0
T12851,Firm Innovation and Growth,9,11,2,0.0001,0.0001,0.0
T12893,Organic Chemistry Cycloaddition Reactions,13,7,-6,0.0001,0.0001,-0.01
T12955,Atherosclerosis and Cardiovascular Diseases,8,12,4,0.0001,0.0001,0.0
T13042,Economic and Fiscal Studies,0,20,20,0.0,0.0002,0.02
T13059,"Religion, Ecology, and Ethics",6,14,8,0.0001,0.0001,0.01
T13124,Chemical synthesis and alkaloids,20,0,-20,0.0002,0.0,-0.02
T13206,Neonatal skin health care,13,7,-6,0.0001,0.0001,-0.01
T13234,advanced mathematical theories,13,7,-6,0.0001,0.0001,-0.01
T13428,Anarchism and Radical Politics,4,16,12,0.0,0.0001,0.01
T13593,Historical and Archaeological Studies,16,4,-12,0.0001,0.0,-0.01
T13597,Medicine and Dermatology Studies History,16,4,-12,0.0001,0.0,-0.01
T13636,Pentecostalism and Christianity Studies,17,3,-14,0.0001,0.0,-0.01
T13724,Humanities and Social Sciences,2,18,16,0.0,0.0002,0.01
T13920,Urban Planning and Valuation,12,8,-4,0.0001,0.0001,-0.0
T14141,Colonial History and Postcolonial Studies,0,20,20,0.0,0.0002,0.02
T14296,Climate Change and Sustainable Development,3,17,14,0.0,0.0001,0.01
T14311,Electrical and Electromagnetic Research,20,0,-20,0.0002,0.0,-0.02
T14434,Historical and Modern Theater Studies,8,12,4,0.0001,0.0001,0.0
T10057,Face and Expression Recognition,8,11,3,0.0001,0.0001,0.0
T10092,Organometallic Complex Synthesis and Catalysis,11,8,-3,0.0001,0.0001,-0.0
T10184,Plant Molecular Biology Research,11,8,-3,0.0001,0.0001,-0.0
T10241,Functional Brain Connectivity Studies,13,6,-7,0.0001,0.0001,-0.01
T10517,"Financial Literacy, Pension, Retirement Analysis",9,10,1,0.0001,0.0001,0.0
T10518,Gallbladder and Bile Duct Disorders,9,10,1,0.0001,0.0001,0.0
T10520,Mycotoxins in Agriculture and Food,9,10,1,0.0001,0.0001,0.0
T10761,Vehicular Ad Hoc Networks (VANETs),8,11,3,0.0001,0.0001,0.0
T10788,Neuroscience and Music Perception,11,8,-3,0.0001,0.0001,-0.0
T10838,Animal Behavior and Welfare Studies,6,13,7,0.0001,0.0001,0.01
T10959,Student Assessment and Feedback,1,18,17,0.0,0.0002,0.01
T11056,Physiological and biochemical adaptations,7,12,5,0.0001,0.0001,0.0
T11058,Ethics in Business and Education,4,15,11,0.0,0.0001,0.01
T11076,Policing Practices and Perceptions,14,5,-9,0.0001,0.0,-0.01
T11162,Enzyme Structure and Function,12,7,-5,0.0001,0.0001,-0.0
T11260,Tracheal and airway disorders,12,7,-5,0.0001,0.0001,-0.0
T11396,Artificial Intelligence in Healthcare,7,12,5,0.0001,0.0001,0.0
T11481,Sulfur Compounds in Biology,13,6,-7,0.0001,0.0001,-0.01
T11499,ICT Impact and Policies,10,9,-1,0.0001,0.0001,-0.0
T11545,Advanced Banach Space Theory,5,14,9,0.0,0.0001,0.01
T11562,Facial Trauma and Fracture Management,9,10,1,0.0001,0.0001,0.0
T11566,Laser Applications in Dentistry and Medicine,12,7,-5,0.0001,0.0001,-0.0
T11620,Medication Adherence and Compliance,4,15,11,0.0,0.0001,0.01
T11640,Linguistic Variation and Morphology,15,4,-11,0.0001,0.0,-0.01
T11683,Quantum and Classical Electrodynamics,7,12,5,0.0001,0.0001,0.0
T11746,Inorganic and Organometallic Chemistry,13,6,-7,0.0001,0.0001,-0.01
T11755,Transboundary Water Resource Management,12,7,-5,0.0001,0.0001,-0.0
T11784,CO2 Reduction Techniques and Catalysts,14,5,-9,0.0001,0.0,-0.01
T11908,Protein Interaction Studies and Fluorescence Analysis,9,10,1,0.0001,0.0001,0.0
T11920,Pulsed Power Technology Applications,18,1,-17,0.0002,0.0,-0.01
T11924,Polyamine Metabolism and Applications,14,5,-9,0.0001,0.0,-0.01
T12093,Greenhouse Technology and Climate Control,10,9,-1,0.0001,0.0001,-0.0
T12199,Vascular Anomalies and Treatments,11,8,-3,0.0001,0.0001,-0.0
T12217,Higher Education Teaching and Evaluation,8,11,3,0.0001,0.0001,0.0
T12280,Magnesium in Health and Disease,9,10,1,0.0001,0.0001,0.0
T12543,Groundwater and Watershed Analysis,7,12,5,0.0001,0.0001,0.0
T12573,Education and Digital Technologies,4,15,11,0.0,0.0001,0.01
T12749,"Race, Genetics, and Society",14,5,-9,0.0001,0.0,-0.01
T12837,American Environmental and Regional History,14,5,-9,0.0001,0.0,-0.01
T12876,Potassium and Related Disorders,10,9,-1,0.0001,0.0001,-0.0
T13355,Marketing and Advertising Strategies,1,18,17,0.0,0.0002,0.01
T13466,Comparative Literary Analysis and Criticism,6,13,7,0.0001,0.0001,0.01
T13531,Surface and Thin Film Phenomena,4,15,11,0.0,0.0001,0.01
T13619,Geotechnical and Geomechanical Engineering,19,0,-19,0.0002,0.0,-0.02
T13673,Library Science and Information,1,18,17,0.0,0.0002,0.01
T13689,Underground infrastructure and sustainability,11,8,-3,0.0001,0.0001,-0.0
T13875,Legal Studies and Reforms,17,2,-15,0.0001,0.0,-0.01
T14015,Otitis Media and Relapsing Polychondritis,16,3,-13,0.0001,0.0,-0.01
T14020,Medical research and treatments,12,7,-5,0.0001,0.0001,-0.0
T14095,"Literature, Musicology, and Cultural Analysis",19,0,-19,0.0002,0.0,-0.02
T14193,Literature and Cultural Memory,18,1,-17,0.0002,0.0,-0.01
T14414,Artificial Intelligence in Education,5,14,9,0.0,0.0001,0.01
T14444,Power Systems and Renewable Energy,9,10,1,0.0001,0.0001,0.0
T14477,"Management, Economics, and Public Policy",19,0,-19,0.0002,0.0,-0.02
T10405,Advanced Polymer Synthesis and Characterization,10,8,-2,0.0001,0.0001,-0.0
T10425,Cold Atom Physics and Bose-Einstein Condensates,18,0,-18,0.0002,0.0,-0.02
T10445,Antioxidant Activity and Oxidative Stress,10,8,-2,0.0001,0.0001,-0.0
T10483,Nerve injury and regeneration,10,8,-2,0.0001,0.0001,-0.0
T10506,Aquaculture disease management and microbiota,8,10,2,0.0001,0.0001,0.0
T10515,Cancer-related molecular mechanisms research,15,3,-12,0.0001,0.0,-0.01
T10559,Particle Accelerators and Free-Electron Lasers,18,0,-18,0.0002,0.0,-0.02
T10594,Genetic and phenotypic traits in livestock,9,9,0,0.0001,0.0001,-0.0
T10642,Plasma Applications and Diagnostics,5,13,8,0.0,0.0001,0.01
T10712,Library Science and Information Literacy,0,18,18,0.0,0.0002,0.02
T10714,Software-Defined Networks and 5G,7,11,4,0.0001,0.0001,0.0
T10769,BRCA gene mutations in cancer,8,10,2,0.0001,0.0001,0.0
T10776,Spinal Fractures and Fixation Techniques,9,9,0,0.0001,0.0001,-0.0
T10789,Interactive and Immersive Displays,5,13,8,0.0,0.0001,0.01
T10884,Holomorphic and Operator Theory,18,0,-18,0.0002,0.0,-0.02
T10906,AI-based Problem Solving and Planning,11,7,-4,0.0001,0.0001,-0.0
T10929,Wnt/β-catenin signaling in development and cancer,8,10,2,0.0001,0.0001,0.0
T10987,Microfinance and Financial Inclusion,3,15,12,0.0,0.0001,0.01
T11073,Metal Extraction and Bioleaching,13,5,-8,0.0001,0.0,-0.01
T11123,Obsessive-Compulsive Spectrum Disorders,10,8,-2,0.0001,0.0001,-0.0
T11142,Advanced Glycation End Products research,10,8,-2,0.0001,0.0001,-0.0
T11204,Ion Channels and Receptors,13,5,-8,0.0001,0.0,-0.01
T11208,Lignin and Wood Chemistry,10,8,-2,0.0001,0.0001,-0.0
T11239,Social Capital and Networks,4,14,10,0.0,0.0001,0.01
T11276,Solar Radiation and Photovoltaics,11,7,-4,0.0001,0.0001,-0.0
T11283,Experimental Learning in Engineering,12,6,-6,0.0001,0.0001,-0.01
T11301,Advanced Surface Polishing Techniques,16,2,-14,0.0001,0.0,-0.01
T11304,Advanced Neuroimaging Techniques and Applications,9,9,0,0.0001,0.0001,-0.0
T11363,Dental Radiography and Imaging,13,5,-8,0.0001,0.0,-0.01
T11385,Natural product bioactivities and synthesis,15,3,-12,0.0001,0.0,-0.01
T11423,Pesticide Residue Analysis and Safety,10,8,-2,0.0001,0.0001,-0.0
T11470,Legume Nitrogen Fixing Symbiosis,14,4,-10,0.0001,0.0,-0.01
T11484,Adaptive optics and wavefront sensing,14,4,-10,0.0001,0.0,-0.01
T11510,Reproductive System and Pregnancy,11,7,-4,0.0001,0.0001,-0.0
T11550,Text and Document Classification Technologies,12,6,-6,0.0001,0.0001,-0.01
T11602,Magnetic Bearings and Levitation Dynamics,15,3,-12,0.0001,0.0,-0.01
T11613,Phytochemistry and Biological Activities,13,5,-8,0.0001,0.0,-0.01
T11716,Random Matrices and Applications,12,6,-6,0.0001,0.0001,-0.01
T11823,Natural Resources and Economic Development,8,10,2,0.0001,0.0001,0.0
T11944,Participatory Visual Research Methods,6,12,6,0.0001,0.0001,0.01
T11967,Electrolyte and hormonal disorders,12,6,-6,0.0001,0.0001,-0.01
T11987,COVID-19 Impact on Reproduction,11,7,-4,0.0001,0.0001,-0.0
T11991,Soft tissue tumor case studies,12,6,-6,0.0001,0.0001,-0.01
T11995,"FinTech, Crowdfunding, Digital Finance",11,7,-4,0.0001,0.0001,-0.0
T11999,Empathy and Medical Education,13,5,-8,0.0001,0.0,-0.01
T12060,Child Development and Digital Technology,9,9,0,0.0001,0.0001,-0.0
T12075,Sodium Intake and Health,9,9,0,0.0001,0.0001,-0.0
T12224,Nanofabrication and Lithography Techniques,7,11,4,0.0001,0.0001,0.0
T12236,Photoreceptor and optogenetics research,16,2,-14,0.0001,0.0,-0.01
T12281,Animal testing and alternatives,6,12,6,0.0001,0.0001,0.01
T12297,Otolaryngology and Infectious Diseases,9,9,0,0.0001,0.0001,-0.0
T12357,Digital Media Forensic Detection,9,9,0,0.0001,0.0001,-0.0
T12393,Workplace Spirituality and Leadership,12,6,-6,0.0001,0.0001,-0.01
T12430,Academic and Historical Perspectives in Psychology,7,11,4,0.0001,0.0001,0.0
T12445,Twentieth Century Scientific Developments,8,10,2,0.0001,0.0001,0.0
T12469,"Chaos, Complexity, and Education",1,17,16,0.0,0.0001,0.01
T12562,Synthesis and Characterization of Pyrroles,4,14,10,0.0,0.0001,0.01
T12563,History and Politics in Latin America,14,4,-10,0.0001,0.0,-0.01
T12564,Sensor Technology and Measurement Systems,16,2,-14,0.0001,0.0,-0.01
T12628,Polymer Foaming and Composites,12,6,-6,0.0001,0.0001,-0.01
T12655,Female Genital Mutilation/Cutting Issues,10,8,-2,0.0001,0.0001,-0.0
T12745,Dietary Effects on Health,12,6,-6,0.0001,0.0001,-0.01
T12779,Public Procurement and Policy,0,18,18,0.0,0.0002,0.02
T12826,Education Methods and Technologies,3,15,12,0.0,0.0001,0.01
T12833,Bartonella species infections research,10,8,-2,0.0001,0.0001,-0.0
T12890,Eurasian Exchange Networks,16,2,-14,0.0001,0.0,-0.01
T12930,Biomedical and Chemical Research,17,1,-16,0.0001,0.0,-0.01
T13024,Literary Theory and Cultural Hermeneutics,0,18,18,0.0,0.0002,0.02
T13047,Pharmacological Receptor Mechanisms and Effects,13,5,-8,0.0001,0.0,-0.01
T13080,Advanced Differential Geometry Research,6,12,6,0.0001,0.0001,0.01
T13092,Environmental Chemistry and Analysis,6,12,6,0.0001,0.0001,0.01
T13106,"Neuroscience, Education and Cognitive Function",14,4,-10,0.0001,0.0,-0.01
T13230,Synthesis and Reactivity of Heterocycles,15,3,-12,0.0001,0.0,-0.01
T13306,Geography and Education Methods,11,7,-4,0.0001,0.0001,-0.0
T13377,Ecosystem dynamics and resilience,13,5,-8,0.0001,0.0,-0.01
T13558,"Philosophy, Science, and History",13,5,-8,0.0001,0.0,-0.01
T13588,Regional resilience and development,7,11,4,0.0001,0.0001,0.0
T13823,Religious and Theological Studies,10,8,-2,0.0001,0.0001,-0.0
T13855,Aerospace Engineering and Control Systems,13,5,-8,0.0001,0.0,-0.01
T14002,"Art, Technology, and Culture",3,15,12,0.0,0.0001,0.01
T14005,Eastern European Communism and Reforms,8,10,2,0.0001,0.0001,0.0
T14017,Legal Issues in Education,0,18,18,0.0,0.0002,0.02
T14039,Ecology and biodiversity studies,16,2,-14,0.0001,0.0,-0.01
T14121,Logistics and Transportation Systems,1,17,16,0.0,0.0001,0.01
T14399,Invertebrate Taxonomy and Ecology,13,5,-8,0.0001,0.0,-0.01
T14405,Fisheries and Aquaculture Studies,0,18,18,0.0,0.0002,0.02
T10014,Plant Stress Responses and Tolerance,10,7,-3,0.0001,0.0001,-0.0
T10424,Electric Power System Optimization,8,9,1,0.0001,0.0001,0.0
T10664,Sentiment Analysis and Opinion Mining,6,11,5,0.0001,0.0001,0.0
T10674,School Choice and Performance,2,15,13,0.0,0.0001,0.01
T10810,Polymer composites and self-healing,13,4,-9,0.0001,0.0,-0.01
T11039,Evaluation of Teaching Practices,5,12,7,0.0,0.0001,0.01
T11107,Selenium in Biological Systems,11,6,-5,0.0001,0.0001,-0.0
T11151,Advanced Topology and Set Theory,11,6,-5,0.0001,0.0001,-0.0
T11247,Plant nutrient uptake and metabolism,11,6,-5,0.0001,0.0001,-0.0
T11373,Sleep and Work-Related Fatigue,10,7,-3,0.0001,0.0001,-0.0
T11413,Risk and Portfolio Optimization,10,7,-3,0.0001,0.0001,-0.0
T11459,Arctic and Antarctic ice dynamics,14,3,-11,0.0001,0.0,-0.01
T11541,Neuroendocrine regulation and behavior,13,4,-9,0.0001,0.0,-0.01
T11554,Vascular Procedures and Complications,8,9,1,0.0001,0.0001,0.0
T11574,Artificial Intelligence in Games,8,9,1,0.0001,0.0001,0.0
T11576,IgG4-Related and Inflammatory Diseases,10,7,-3,0.0001,0.0001,-0.0
T11580,Veterinary Medicine and Surgery,5,12,7,0.0,0.0001,0.01
T11770,Fiscal Policy and Economic Growth,15,2,-13,0.0001,0.0,-0.01
T11871,Advanced Statistical Methods and Models,11,6,-5,0.0001,0.0001,-0.0
T11994,Human Resource Development and Performance Evaluation,6,11,5,0.0001,0.0001,0.0
T12007,Plasma and Flow Control in Aerodynamics,7,10,3,0.0001,0.0001,0.0
T12037,Algebraic and Geometric Analysis,11,6,-5,0.0001,0.0001,-0.0
T12074,Membrane-based Ion Separation Techniques,11,6,-5,0.0001,0.0001,-0.0
T12212,CNS Lymphoma Diagnosis and Treatment,9,8,-1,0.0001,0.0001,-0.0
T12249,Veterinary Orthopedics and Neurology,6,11,5,0.0001,0.0001,0.0
T12274,Electrostatics and Colloid Interactions,9,8,-1,0.0001,0.0001,-0.0
T12300,Advanced Electrical Measurement Techniques,12,5,-7,0.0001,0.0,-0.01
T12495,Electrostatic Discharge in Electronics,16,1,-15,0.0001,0.0,-0.01
T12519,Cybercrime and Law Enforcement Studies,8,9,1,0.0001,0.0001,0.0
T12527,Chemistry and Stereochemistry Studies,4,13,9,0.0,0.0001,0.01
T12537,Flow Measurement and Analysis,10,7,-3,0.0001,0.0001,-0.0
T12539,Pharmacology and Obesity Treatment,6,11,5,0.0001,0.0001,0.0
T12598,Cardiac Structural Anomalies and Repair,13,4,-9,0.0001,0.0,-0.01
T12608,Spatial Neglect and Hemispheric Dysfunction,9,8,-1,0.0001,0.0001,-0.0
T12621,Hemispheric Asymmetry in Neuroscience,7,10,3,0.0001,0.0001,0.0
T12673,Microbial Metabolism and Applications,11,6,-5,0.0001,0.0001,-0.0
T12765,"Race, History, and American Society",13,4,-9,0.0001,0.0,-0.01
T12857,Medieval Philosophy and Theology,4,13,9,0.0,0.0001,0.01
T12933,Franchising Strategies and Performance,8,9,1,0.0001,0.0001,0.0
T12964,"Diet, Metabolism, and Disease",13,4,-9,0.0001,0.0,-0.01
T13002,Southeast Asian Sociopolitical Studies,13,4,-9,0.0001,0.0,-0.01
T13100,Comparative Animal Anatomy Studies,3,14,11,0.0,0.0001,0.01
T13101,Legal and Social Justice Studies,0,17,17,0.0,0.0001,0.01
T13191,Dispute Resolution and Class Actions,6,11,5,0.0001,0.0001,0.0
T13339,Landscape and Cultural Studies,6,11,5,0.0001,0.0001,0.0
T13401,Social and Cultural Studies,0,17,17,0.0,0.0001,0.01
T13412,Education and Technology Integration,8,9,1,0.0001,0.0001,0.0
T13435,Animal and Plant Science Education,15,2,-13,0.0001,0.0,-0.01
T13574,Family Support in Illness,13,4,-9,0.0001,0.0,-0.01
T13603,Corporate Social Responsibility and Sustainability,2,15,13,0.0,0.0001,0.01
T13700,Gender Studies and Social Issues,0,17,17,0.0,0.0001,0.01
T13916,Environmental Policies and Emissions,16,1,-15,0.0001,0.0,-0.01
T14357,"Architecture, Design, and Social History",3,14,11,0.0,0.0001,0.01
T14374,Statistical Methods in Epidemiology,4,13,9,0.0,0.0001,0.01
T14472,Environmental and Cultural Studies in Latin America and Beyond,12,5,-7,0.0001,0.0,-0.01
T14494,American Literature and Culture,3,14,11,0.0,0.0001,0.01
T10174,Animal Behavior and Reproduction,7,9,2,0.0001,0.0001,0.0
T10324,Microbial bioremediation and biosurfactants,10,6,-4,0.0001,0.0001,-0.0
T10385,Plant Diversity and Evolution,12,4,-8,0.0001,0.0,-0.01
T10488,Nanocomposite Films for Food Packaging,8,8,0,0.0001,0.0001,-0.0
T10545,Optimization and Variational Analysis,6,10,4,0.0001,0.0001,0.0
T10564,Wastewater Treatment and Nitrogen Removal,11,5,-6,0.0001,0.0,-0.01
T10565,"Psychopathy, Forensic Psychiatry, Sexual Offending",2,14,12,0.0,0.0001,0.01
T10596,Child Nutrition and Water Access,10,6,-4,0.0001,0.0001,-0.0
T10629,Health Policy Implementation Science,10,6,-4,0.0001,0.0001,-0.0
T10748,Growth Hormone and Insulin-like Growth Factors,11,5,-6,0.0001,0.0,-0.01
T10762,"Migration, Health and Trauma",11,5,-6,0.0001,0.0,-0.01
T10803,Innovative Human-Technology Interaction,4,12,8,0.0,0.0001,0.01
T10890,Trypanosoma species research and implications,9,7,-2,0.0001,0.0001,-0.0
T11028,Social Work Education and Practice,2,14,12,0.0,0.0001,0.01
T11064,Antiplatelet Therapy and Cardiovascular Diseases,9,7,-2,0.0001,0.0001,-0.0
T11093,Personality Disorders and Psychopathology,8,8,0,0.0001,0.0001,-0.0
T11094,Face Recognition and Perception,9,7,-2,0.0001,0.0001,-0.0
T11323,Gamma-ray bursts and supernovae,11,5,-6,0.0001,0.0,-0.01
T11325,Inertial Sensor and Navigation,8,8,0,0.0001,0.0001,-0.0
T11348,Celiac Disease Research and Management,12,4,-8,0.0001,0.0,-0.01
T11356,Pleural and Pulmonary Diseases,7,9,2,0.0001,0.0001,0.0
T11453,Diagnosis and Treatment of Venous Diseases,9,7,-2,0.0001,0.0001,-0.0
T11469,Lymphatic System and Diseases,7,9,2,0.0001,0.0001,0.0
T11500,Evacuation and Crowd Dynamics,9,7,-2,0.0001,0.0001,-0.0
T11591,NF-κB Signaling Pathways,4,12,8,0.0,0.0001,0.01
T11597,"Neutrophil, Myeloperoxidase and Oxidative Mechanisms",12,4,-8,0.0001,0.0,-0.01
T11623,Hyperglycemia and glycemic control in critically ill and hospitalized patients,10,6,-4,0.0001,0.0001,-0.0
T11661,Copper Interconnects and Reliability,10,6,-4,0.0001,0.0001,-0.0
T11701,Space Satellite Systems and Control,10,6,-4,0.0001,0.0001,-0.0
T11711,COVID-19 Pandemic Impacts,9,7,-2,0.0001,0.0001,-0.0
T11783,Turkey's Politics and Society,11,5,-6,0.0001,0.0,-0.01
T11887,Quasicrystal Structures and Properties,12,4,-8,0.0001,0.0,-0.01
T11888,Gender Roles and Identity Studies,12,4,-8,0.0001,0.0,-0.01
T11934,Syphilis Diagnosis and Treatment,10,6,-4,0.0001,0.0001,-0.0
T12015,Photoacoustic and Ultrasonic Imaging,12,4,-8,0.0001,0.0,-0.01
T12041,Public Health Policies and Education,1,15,14,0.0,0.0001,0.01
T12050,Optical Polarization and Ellipsometry,9,7,-2,0.0001,0.0001,-0.0
T12151,Interpreting and Communication in Healthcare,10,6,-4,0.0001,0.0001,-0.0
T12207,Assistive Technology in Communication and Mobility,2,14,12,0.0,0.0001,0.01
T12229,Pharmacological Effects and Toxicity Studies,16,0,-16,0.0001,0.0,-0.01
T12311,Political Theology and Sovereignty,5,11,6,0.0,0.0001,0.01
T12317,Actinomycetales infections and treatment,7,9,2,0.0001,0.0001,0.0
T12318,Quinazolinone synthesis and applications,11,5,-6,0.0001,0.0,-0.01
T12335,"Sexuality, Behavior, and Technology",10,6,-4,0.0001,0.0001,-0.0
T12352,Heparin-Induced Thrombocytopenia and Thrombosis,10,6,-4,0.0001,0.0001,-0.0
T12366,"Philosophy, Ethics, and Existentialism",5,11,6,0.0,0.0001,0.01
T12416,Polymer Nanocomposite Synthesis and Irradiation,13,3,-10,0.0001,0.0,-0.01
T12434,Phosphodiesterase function and regulation,9,7,-2,0.0001,0.0001,-0.0
T12626,"Cancer, Stress, Anesthesia, and Immune Response",13,3,-10,0.0001,0.0,-0.01
T12733,Vector-Borne Animal Diseases,10,6,-4,0.0001,0.0001,-0.0
T12741,Maternal and Neonatal Healthcare,6,10,4,0.0001,0.0001,0.0
T12759,Vehicle Noise and Vibration Control,6,10,4,0.0001,0.0001,0.0
T12817,Pharmacological Effects of Natural Compounds,12,4,-8,0.0001,0.0,-0.01
T12883,Sustainable Development and Environmental Management,1,15,14,0.0,0.0001,0.01
T12901,Tattoo and Body Piercing Complications,10,6,-4,0.0001,0.0001,-0.0
T13005,Religious Studies and Spiritual Practices,10,6,-4,0.0001,0.0001,-0.0
T13108,Therapeutic Uses of Natural Elements,13,3,-10,0.0001,0.0,-0.01
T13173,Gender Studies in Language,10,6,-4,0.0001,0.0001,-0.0
T13174,American and British Literature Analysis,6,10,4,0.0001,0.0001,0.0
T13193,Geological Studies and Exploration,11,5,-6,0.0001,0.0,-0.01
T13217,Pigment Synthesis and Properties,11,5,-6,0.0001,0.0,-0.01
T13229,Gothic Literature and Media Analysis,7,9,2,0.0001,0.0001,0.0
T13253,Chemical Reactions and Mechanisms,11,5,-6,0.0001,0.0,-0.01
T13316,"Crafts, Textile, and Design",2,14,12,0.0,0.0001,0.01
T13382,Robotics and Automated Systems,9,7,-2,0.0001,0.0001,-0.0
T13392,History of Education in Spain,9,7,-2,0.0001,0.0001,-0.0
T13439,Transport and Economic Policies,12,4,-8,0.0001,0.0,-0.01
T13587,Q Methodology Applications,8,8,0,0.0001,0.0001,-0.0
T13638,Human auditory perception and evaluation,15,1,-14,0.0001,0.0,-0.01
T13768,Oral and gingival health research,11,5,-6,0.0001,0.0,-0.01
T13783,"Feminism, Gender, and Intersectionality",6,10,4,0.0001,0.0001,0.0
T14481,Renewable Energy and Sustainability,2,14,12,0.0,0.0001,0.01
T14517,Diverse Historical and Scientific Studies,5,11,6,0.0,0.0001,0.01
T10235,Health disparities and outcomes,10,5,-5,0.0001,0.0,-0.0
T10462,Reinforcement Learning in Robotics,7,8,1,0.0001,0.0001,0.0
T10646,Experimental Behavioral Economics Studies,8,7,-1,0.0001,0.0001,-0.0
T10892,Drilling and Well Engineering,13,2,-11,0.0001,0.0,-0.01
T10899,Advanced Operator Algebra Research,10,5,-5,0.0001,0.0,-0.0
T10951,Cryptographic Implementations and Security,5,10,5,0.0,0.0001,0.0
T10953,E-Government and Public Services,3,12,9,0.0,0.0001,0.01
T11006,BIM and Construction Integration,13,2,-11,0.0001,0.0,-0.01
T11062,Gear and Bearing Dynamics Analysis,9,6,-3,0.0001,0.0001,-0.0
T11111,Spectroscopy and Laser Applications,11,4,-7,0.0001,0.0,-0.01
T11118,Evolutionary Psychology and Human Behavior,11,4,-7,0.0001,0.0,-0.01
T11181,Advanced Data Storage Technologies,7,8,1,0.0001,0.0001,0.0
T11191,Mathematical functions and polynomials,4,11,7,0.0,0.0001,0.01
T11255,Microfluidic and Bio-sensing Technologies,9,6,-3,0.0001,0.0001,-0.0
T11338,Advancements in Photolithography Techniques,5,10,5,0.0,0.0001,0.0
T11370,Mobile Learning in Education,7,8,1,0.0001,0.0001,0.0
T11387,Ichthyology and Marine Biology,11,4,-7,0.0001,0.0,-0.01
T11425,Diverse Music Education Insights,4,11,7,0.0,0.0001,0.01
T11587,Second Language Acquisition and Learning,8,7,-1,0.0001,0.0001,-0.0
T11589,Gynecological conditions and treatments,10,5,-5,0.0001,0.0,-0.0
T11675,Open Source Software Innovations,8,7,-1,0.0001,0.0001,-0.0
T11749,Iterative Learning Control Systems,12,3,-9,0.0001,0.0,-0.01
T11824,Injury Epidemiology and Prevention,9,6,-3,0.0001,0.0001,-0.0
T11897,Digital Holography and Microscopy,7,8,1,0.0001,0.0001,0.0
T11923,Mine drainage and remediation techniques,10,5,-5,0.0001,0.0,-0.0
T11931,Organoselenium and organotellurium chemistry,6,9,3,0.0001,0.0001,0.0
T12018,Coronary Artery Anomalies,7,8,1,0.0001,0.0001,0.0
T12029,DNA and Biological Computing,10,5,-5,0.0001,0.0,-0.0
T12061,Axon Guidance and Neuronal Signaling,9,6,-3,0.0001,0.0001,-0.0
T12065,Hippo pathway signaling and YAP/TAZ,10,5,-5,0.0001,0.0,-0.0
T12103,Cancer Risks and Factors,7,8,1,0.0001,0.0001,0.0
T12250,Experimental and Theoretical Physics Studies,12,3,-9,0.0001,0.0,-0.01
T12279,Body Composition Measurement Techniques,7,8,1,0.0001,0.0001,0.0
T12287,Fibroblast Growth Factor Research,10,5,-5,0.0001,0.0,-0.0
T12386,Advanced X-ray and CT Imaging,15,0,-15,0.0001,0.0,-0.01
T12418,Respiratory and Cough-Related Research,9,6,-3,0.0001,0.0001,-0.0
T12433,Skin Diseases and Diabetes,11,4,-7,0.0001,0.0,-0.01
T12483,Global Urban Networks and Dynamics,4,11,7,0.0,0.0001,0.01
T12526,Antimicrobial agents and applications,4,11,7,0.0,0.0001,0.01
T12570,Photopolymerization techniques and applications,8,7,-1,0.0001,0.0001,-0.0
T12583,Food Waste Reduction and Sustainability,10,5,-5,0.0001,0.0,-0.0
T12686,Central European national history,5,10,5,0.0,0.0001,0.0
T12720,Multimedia Communication and Technology,10,5,-5,0.0001,0.0,-0.0
T12735,Blood donation and transfusion practices,12,3,-9,0.0001,0.0,-0.01
T12752,Global Peace and Security Dynamics,14,1,-13,0.0001,0.0,-0.01
T12806,Ocean Acidification Effects and Responses,10,5,-5,0.0001,0.0,-0.0
T12869,Occupational Health and Burnout,0,15,15,0.0,0.0001,0.01
T12874,Digital Imaging for Blood Diseases,7,8,1,0.0001,0.0001,0.0
T12878,Pharmaceutical Quality and Counterfeiting,6,9,3,0.0001,0.0001,0.0
T12889,"Psychoanalysis, Philosophy, and Politics",3,12,9,0.0,0.0001,0.01
T12940,Structural Engineering and Materials Analysis,1,14,13,0.0,0.0001,0.01
T12970,"Names, Identity, and Discrimination Research",7,8,1,0.0001,0.0001,0.0
T13015,"Botany, Ecology, and Taxonomy Studies",15,0,-15,0.0001,0.0,-0.01
T13084,Education during COVID-19 pandemic,1,14,13,0.0,0.0001,0.01
T13134,Latin American Literature Studies,12,3,-9,0.0001,0.0,-0.01
T13138,Legal and Constitutional Studies,0,15,15,0.0,0.0001,0.01
T13186,Russia and Soviet political economy,5,10,5,0.0,0.0001,0.0
T13236,Geotechnical and construction materials studies,10,5,-5,0.0001,0.0,-0.0
T13295,Safety Systems Engineering in Autonomy,7,8,1,0.0001,0.0001,0.0
T13455,"Decadence, Literature, and Society",5,10,5,0.0,0.0001,0.0
T13470,Surface Treatment and Coatings,2,13,11,0.0,0.0001,0.01
T13544,Women's cancer prevention and management,4,11,7,0.0,0.0001,0.01
T13577,Sephardic Jews and Inquisition Studies,3,12,9,0.0,0.0001,0.01
T13648,Cerebrovascular and genetic disorders,9,6,-3,0.0001,0.0001,-0.0
T13682,Engineering Education and Pedagogy,3,12,9,0.0,0.0001,0.01
T13712,Kantian Philosophy and Modern Interpretations,4,11,7,0.0,0.0001,0.01
T13785,Aquatic and Environmental Studies,10,5,-5,0.0001,0.0,-0.0
T13800,Earthquake and Disaster Impact Studies,4,11,7,0.0,0.0001,0.01
T13801,Urban Arborization and Environmental Studies,1,14,13,0.0,0.0001,0.01
T13984,"Nutrition, Genetics, and Disease",14,1,-13,0.0001,0.0,-0.01
T13986,Medical Practices and Rehabilitation,1,14,13,0.0,0.0001,0.01
T14001,Evelyn Waugh and Hans Urs von Balthasar Studies,13,2,-11,0.0001,0.0,-0.01
T14078,Multiple and Secondary Primary Cancers,8,7,-1,0.0001,0.0001,-0.0
T14089,Nanotechnology research and applications,8,7,-1,0.0001,0.0001,-0.0
T14242,"Nutrition, Health, and Society Studies",9,6,-3,0.0001,0.0001,-0.0
T14437,Ethics and Legal Issues in Pediatric Healthcare,4,11,7,0.0,0.0001,0.01
T10214,Psychotherapy Techniques and Applications,7,7,0,0.0001,0.0001,-0.0
T10426,Child Abuse and Trauma,8,6,-2,0.0001,0.0001,-0.0
T10460,Electronic Packaging and Soldering Technologies,9,5,-4,0.0001,0.0,-0.0
T10717,Aluminum Alloys Composites Properties,10,4,-6,0.0001,0.0,-0.01
T10851,Optical Wireless Communication Technologies,6,8,2,0.0001,0.0001,0.0
T11004,Crustacean biology and ecology,9,5,-4,0.0001,0.0,-0.0
T11040,Personality Traits and Psychology,4,10,6,0.0,0.0001,0.01
T11053,Process Optimization and Integration,13,1,-12,0.0001,0.0,-0.01
T11146,Hormonal and reproductive studies,10,4,-6,0.0001,0.0,-0.01
T11214,Human-Animal Interaction Studies,4,10,6,0.0,0.0001,0.01
T11220,Water Systems and Optimization,8,6,-2,0.0001,0.0001,-0.0
T11291,Intraocular Surgery and Lenses,8,6,-2,0.0001,0.0001,-0.0
T11516,Visual and Cognitive Learning Processes,8,6,-2,0.0001,0.0001,-0.0
T11568,Railway Systems and Energy Efficiency,5,9,4,0.0,0.0001,0.0
T11569,Optical Coherence Tomography Applications,7,7,0,0.0001,0.0001,-0.0
T11582,Nanopore and Nanochannel Transport Studies,10,4,-6,0.0001,0.0,-0.01
T11625,Abdominal vascular conditions and treatments,6,8,2,0.0001,0.0001,0.0
T11651,Inhalation and Respiratory Drug Delivery,10,4,-6,0.0001,0.0,-0.01
T11737,Advanced Materials and Mechanics,7,7,0,0.0001,0.0001,-0.0
T11744,Health Sciences Research and Education,5,9,4,0.0,0.0001,0.0
T11795,Humor Studies and Applications,5,9,4,0.0,0.0001,0.0
T11807,Infrastructure Resilience and Vulnerability Analysis,6,8,2,0.0001,0.0001,0.0
T11836,Bryophyte Studies and Records,11,3,-8,0.0001,0.0,-0.01
T11886,Agricultural risk and resilience,8,6,-2,0.0001,0.0001,-0.0
T11956,Sexual Differentiation and Disorders,9,5,-4,0.0001,0.0,-0.0
T12001,Fossil Insects in Amber,9,5,-4,0.0001,0.0,-0.0
T12011,"Insurance, Mortality, Demography, Risk Management",4,10,6,0.0,0.0001,0.01
T12030,S100 Proteins and Annexins,11,3,-8,0.0001,0.0,-0.01
T12032,Multisensory perception and integration,13,1,-12,0.0001,0.0,-0.01
T12165,Environmental Sustainability and Education,11,3,-8,0.0001,0.0,-0.01
T12183,Teratomas and Epidermoid Cysts,5,9,4,0.0,0.0001,0.0
T12185,Regulation and Compliance Studies,8,6,-2,0.0001,0.0001,-0.0
T12186,Phosphorus and nutrient management,9,5,-4,0.0001,0.0,-0.0
T12189,Sulfur-Based Synthesis Techniques,10,4,-6,0.0001,0.0,-0.01
T12268,Deception detection and forensic psychology,7,7,0,0.0001,0.0001,-0.0
T12402,Travel-related health issues,7,7,0,0.0001,0.0001,-0.0
T12463,Amoebic Infections and Treatments,9,5,-4,0.0001,0.0,-0.0
T12466,Near-Field Optical Microscopy,7,7,0,0.0001,0.0001,-0.0
T12499,"Diphtheria, Corynebacterium, and Tetanus",8,6,-2,0.0001,0.0001,-0.0
T12530,Bioactive Natural Diterpenoids Research,5,9,4,0.0,0.0001,0.0
T12541,Graph Labeling and Dimension Problems,6,8,2,0.0001,0.0001,0.0
T12568,Plant Taxonomy and Phylogenetics,13,1,-12,0.0001,0.0,-0.01
T12576,vaccines and immunoinformatics approaches,8,6,-2,0.0001,0.0001,-0.0
T12633,Legal case studies and regulations,14,0,-14,0.0001,0.0,-0.01
T12693,"Migration, Ethnicity, and Economy",11,3,-8,0.0001,0.0,-0.01
T12713,Forest Ecology and Biodiversity Studies,14,0,-14,0.0001,0.0,-0.01
T12715,Pregnancy-related medical research,11,3,-8,0.0001,0.0,-0.01
T12719,Aerospace Engineering and Energy Systems,8,6,-2,0.0001,0.0001,-0.0
T12800,Musculoskeletal synovial abnormalities and treatments,8,6,-2,0.0001,0.0001,-0.0
T12821,Geological Formations and Processes Exploration,10,4,-6,0.0001,0.0,-0.01
T12880,Qualitative Research Methods and Applications,1,13,12,0.0,0.0001,0.01
T12910,Eicosanoids and Hypertension Pharmacology,11,3,-8,0.0001,0.0,-0.01
T12918,Healthcare Systems and Technology,5,9,4,0.0,0.0001,0.0
T13009,Agroforestry and silvopastoral systems,5,9,4,0.0,0.0001,0.0
T13023,Synthesis of Organic Compounds,12,2,-10,0.0001,0.0,-0.01
T13077,Cancer-related cognitive impairment studies,9,5,-4,0.0001,0.0,-0.0
T13111,Nursing care and research,1,13,12,0.0,0.0001,0.01
T13224,Sports and Physical Education Research,6,8,2,0.0001,0.0001,0.0
T13249,Dielectric properties of ceramics,4,10,6,0.0,0.0001,0.01
T13368,University Challenges and Reforms,0,14,14,0.0,0.0001,0.01
T13375,Integrated Water Resources Management,1,13,12,0.0,0.0001,0.01
T13523,"Mathematics, Computing, and Information Processing",14,0,-14,0.0001,0.0,-0.01
T13539,thermodynamics and calorimetric analyses,13,1,-12,0.0001,0.0,-0.01
T13604,"Adsorption, diffusion, and thermodynamic properties of materials",1,13,12,0.0,0.0001,0.01
T13625,Journalism and Media Studies,3,11,8,0.0,0.0001,0.01
T13728,"Crime, Deviance, and Social Control",2,12,10,0.0,0.0001,0.01
T13828,Natural Products and Biological Research,3,11,8,0.0,0.0001,0.01
T13879,Indigenous Peoples' Rights and Law,7,7,0,0.0001,0.0001,-0.0
T13896,Health Services Management and Policy,0,14,14,0.0,0.0001,0.01
T13928,Advanced Sensor Technologies Research,8,6,-2,0.0001,0.0001,-0.0
T14092,"Ethics, Aesthetics, and Art",0,14,14,0.0,0.0001,0.01
T14117,Integrated Circuits and Semiconductor Failure Analysis,11,3,-8,0.0001,0.0,-0.01
T14230,Occupational and Professional Licensing Regulation,4,10,6,0.0,0.0001,0.01
T14245,Biomarkers in Disease Mechanisms,8,6,-2,0.0001,0.0001,-0.0
T14260,Impact of AI and Big Data on Business and Society,2,12,10,0.0,0.0001,0.01
T14269,Food Security and Socioeconomic Dynamics,0,14,14,0.0,0.0001,0.01
T14364,Clusterin in disease pathology,10,4,-6,0.0001,0.0,-0.01
T14427,Environmental Monitoring and Data Management,4,10,6,0.0,0.0001,0.01
T14429,Global Political and Social Dynamics,0,14,14,0.0,0.0001,0.01
T14468,Plant Ecology and Soil Science,13,1,-12,0.0001,0.0,-0.01
T14486,"Cardiovascular, Neuropeptides, and Oxidative Stress Research",8,6,-2,0.0001,0.0001,-0.0
T14511,"Medicine, History, and Philosophy",0,14,14,0.0,0.0001,0.01
T10474,Material Dynamics and Properties,10,3,-7,0.0001,0.0,-0.01
T10558,Advancements in Semiconductor Devices and Circuit Design,9,4,-5,0.0001,0.0,-0.0
T10562,Total Knee Arthroplasty Outcomes,9,4,-5,0.0001,0.0,-0.0
T10563,Corneal surgery and disorders,6,7,1,0.0001,0.0001,0.0
T10616,Smart Agriculture and AI,5,8,3,0.0,0.0001,0.0
T10633,Metallic Glasses and Amorphous Alloys,7,6,-1,0.0001,0.0001,-0.0
T10695,Parasites and Host Interactions,8,5,-3,0.0001,0.0,-0.0
T10719,3D Shape Modeling and Analysis,4,9,5,0.0,0.0001,0.0
T10732,Laser Material Processing Techniques,9,4,-5,0.0001,0.0,-0.0
T10900,Listeria monocytogenes in Food Safety,9,4,-5,0.0001,0.0,-0.0
T11057,Cardiac Ischemia and Reperfusion,6,7,1,0.0001,0.0001,0.0
T11082,Spacecraft Dynamics and Control,4,9,5,0.0,0.0001,0.0
T11182,Auction Theory and Applications,8,5,-3,0.0001,0.0,-0.0
T11200,Electrodeposition and Electroless Coatings,8,5,-3,0.0001,0.0,-0.0
T11281,Asymmetric Hydrogenation and Catalysis,9,4,-5,0.0001,0.0,-0.0
T11311,Soil and Water Nutrient Dynamics,5,8,3,0.0,0.0001,0.0
T11365,Islamic Finance and Banking Studies,9,4,-5,0.0001,0.0,-0.0
T11393,Biosensors and Analytical Detection,8,5,-3,0.0001,0.0,-0.0
T11515,Bacillus and Francisella bacterial research,8,5,-3,0.0001,0.0,-0.0
T11540,"Gender, Feminism, and Media",2,11,9,0.0,0.0001,0.01
T11588,Atmospheric and Environmental Gas Dynamics,11,2,-9,0.0001,0.0,-0.01
T11610,Food Security and Health in Diverse Populations,9,4,-5,0.0001,0.0,-0.0
T11612,Stochastic Gradient Optimization Techniques,7,6,-1,0.0001,0.0001,-0.0
T11637,Advanced Semiconductor Detectors and Materials,11,2,-9,0.0001,0.0,-0.01
T11666,Color Science and Applications,9,4,-5,0.0001,0.0,-0.0
T11691,Forest Insect Ecology and Management,8,5,-3,0.0001,0.0,-0.0
T11723,Optical Coatings and Gratings,9,4,-5,0.0001,0.0,-0.0
T11742,Economic Theory and Policy,8,5,-3,0.0001,0.0,-0.0
T11779,Higher Education and Employability,2,11,9,0.0,0.0001,0.01
T11819,Data-Driven Disease Surveillance,7,6,-1,0.0001,0.0001,-0.0
T11826,Ocular Infections and Treatments,7,6,-1,0.0001,0.0001,-0.0
T11835,Sustainability in Higher Education,6,7,1,0.0001,0.0001,0.0
T11951,Trauma Management and Diagnosis,4,9,5,0.0,0.0001,0.0
T11958,Dental Erosion and Treatment,7,6,-1,0.0001,0.0001,-0.0
T11972,Chromium effects and bioremediation,12,1,-11,0.0001,0.0,-0.01
T11975,Evolutionary Algorithms and Applications,8,5,-3,0.0001,0.0,-0.0
T12111,Industrial Vision Systems and Defect Detection,9,4,-5,0.0001,0.0,-0.0
T12131,Wireless Signal Modulation Classification,9,4,-5,0.0001,0.0,-0.0
T12142,Marine Invertebrate Physiology and Ecology,9,4,-5,0.0001,0.0,-0.0
T12197,Brake Systems and Friction Analysis,8,5,-3,0.0001,0.0,-0.0
T12292,Graph Theory and Algorithms,9,4,-5,0.0001,0.0,-0.0
T12301,Facial Nerve Paralysis Treatment and Research,7,6,-1,0.0001,0.0001,-0.0
T12330,Botanical Research and Applications,11,2,-9,0.0001,0.0,-0.01
T12340,Anodic Oxide Films and Nanostructures,7,6,-1,0.0001,0.0001,-0.0
T12381,Electron Spin Resonance Studies,6,7,1,0.0001,0.0001,0.0
T12404,Mathematical Approximation and Integration,4,9,5,0.0,0.0001,0.0
T12410,Structural and Chemical Analysis of Organic and Inorganic Compounds,2,11,9,0.0,0.0001,0.01
T12415,Employer Branding and e-HRM,5,8,3,0.0,0.0001,0.0
T12417,Morphological variations and asymmetry,11,2,-9,0.0001,0.0,-0.01
T12459,Nerve Injury and Rehabilitation,8,5,-3,0.0001,0.0,-0.0
T12493,"Memory, violence, and history",4,9,5,0.0,0.0001,0.0
T12569,Restless Legs Syndrome Research,8,5,-3,0.0001,0.0,-0.0
T12575,Medical History and Research,12,1,-11,0.0001,0.0,-0.01
T12668,Yeasts and Rust Fungi Studies,9,4,-5,0.0001,0.0,-0.0
T12712,Myofascial pain diagnosis and treatment,9,4,-5,0.0001,0.0,-0.0
T12786,Innovation and Socioeconomic Development,10,3,-7,0.0001,0.0,-0.01
T12811,"Aging, Health, and Disability",4,9,5,0.0,0.0001,0.0
T12841,Echinoderm biology and ecology,4,9,5,0.0,0.0001,0.0
T12897,Structural Analysis of Composite Materials,13,0,-13,0.0001,0.0,-0.01
T12989,Ocular Disorders and Treatments,8,5,-3,0.0001,0.0,-0.0
T13043,Youth Culture and Social Dynamics,2,11,9,0.0,0.0001,0.01
T13058,Soil and Land Suitability Analysis,9,4,-5,0.0001,0.0,-0.0
T13081,Digital Education and Society,4,9,5,0.0,0.0001,0.0
T13113,Engineering Technology and Methodologies,10,3,-7,0.0001,0.0,-0.01
T13136,Community-based Tourism Development and Sustainability,3,10,7,0.0,0.0001,0.01
T13145,Crime and Detective Fiction Studies,2,11,9,0.0,0.0001,0.01
T13157,Cancer-related gene regulation,13,0,-13,0.0001,0.0,-0.01
T13176,Winter Sports Injuries and Performance,12,1,-11,0.0001,0.0,-0.01
T13180,Chemistry and Chemical Engineering,9,4,-5,0.0001,0.0,-0.0
T13252,Sex and Gender in Healthcare,8,5,-3,0.0001,0.0,-0.0
T13276,University-Industry-Government Innovation Models,7,6,-1,0.0001,0.0001,-0.0
T13304,Synthesis and Reactivity of Sulfur-Containing Compounds,8,5,-3,0.0001,0.0,-0.0
T13327,"Arts, Culture, and Music Studies",5,8,3,0.0,0.0001,0.0
T13397,Hallucinations in medical conditions,4,9,5,0.0,0.0001,0.0
T13469,"Environmental, Ecological, and Cultural Studies",2,11,9,0.0,0.0001,0.01
T13477,Sustainable Design and Development,3,10,7,0.0,0.0001,0.01
T13490,Aquatic Ecosystems and Biodiversity,9,4,-5,0.0001,0.0,-0.0
T13532,Education Systems and Policy,10,3,-7,0.0001,0.0,-0.01
T13629,Text Readability and Simplification,12,1,-11,0.0001,0.0,-0.01
T13659,Ombudsman and Human Rights,13,0,-13,0.0001,0.0,-0.01
T13672,Thomas Hardy Literature Studies,10,3,-7,0.0001,0.0,-0.01
T13814,Cultural and political discourse analysis,6,7,1,0.0001,0.0001,0.0
T13883,Child and Adolescent Health,9,4,-5,0.0001,0.0,-0.0
T13904,Artificial Intelligence Applications,1,12,11,0.0,0.0001,0.01
T13996,Diverse Musicological Studies,10,3,-7,0.0001,0.0,-0.01
T14010,Food Industry and Aquatic Biology,5,8,3,0.0,0.0001,0.0
T14083,Extremum Seeking Control Systems,10,3,-7,0.0001,0.0,-0.01
T14140,Elite Sociology and Global Capitalism,1,12,11,0.0,0.0001,0.01
T14178,Environmental Science and Water Management,3,10,7,0.0,0.0001,0.01
T14288,"Law, Rights, and Freedoms",0,13,13,0.0,0.0001,0.01
T14354,Emergency Medicine Education and Research,6,7,1,0.0001,0.0001,0.0
T14393,"Health, Environment, Cognitive Aging",9,4,-5,0.0001,0.0,-0.0
T14464,Community Development and Social Impact,5,8,3,0.0,0.0001,0.0
T14480,Historical Education and Society,13,0,-13,0.0001,0.0,-0.01
T10286,Information Retrieval and Search Behavior,1,11,10,0.0,0.0001,0.01
T10431,Ethnobotanical and Medicinal Plants Studies,4,8,4,0.0,0.0001,0.0
T10470,Usability and User Interface Design,2,10,8,0.0,0.0001,0.01
T10561,Educational Research and Methods,0,12,12,0.0,0.0001,0.01
T10581,Neural dynamics and brain function,8,4,-4,0.0001,0.0,-0.0
T10635,Hydraulic Fracturing and Reservoir Analysis,8,4,-4,0.0001,0.0,-0.0
T10668,Endometrial and Cervical Cancer Treatments,6,6,0,0.0001,0.0001,-0.0
T10713,Structural Load-Bearing Analysis,4,8,4,0.0,0.0001,0.0
T10955,Paleontology and Evolutionary Biology,7,5,-2,0.0001,0.0,-0.0
T10958,Ultrasound and Hyperthermia Applications,8,4,-4,0.0001,0.0,-0.0
T11045,"Privacy, Security, and Data Protection",7,5,-2,0.0001,0.0,-0.0
T11139,"Gout, Hyperuricemia, Uric Acid",8,4,-4,0.0001,0.0,-0.0
T11199,Pain Management and Opioid Use,8,4,-4,0.0001,0.0,-0.0
T11218,Hip disorders and treatments,5,7,2,0.0,0.0001,0.0
T11258,Breast Implant and Reconstruction,4,8,4,0.0,0.0001,0.0
T11307,Domain Adaptation and Few-Shot Learning,4,8,4,0.0,0.0001,0.0
T11468,Genetic Mapping and Diversity in Plants and Animals,8,4,-4,0.0001,0.0,-0.0
T11476,Graph theory and applications,6,6,0,0.0001,0.0001,-0.0
T11478,Caching and Content Delivery,10,2,-8,0.0001,0.0,-0.01
T11535,Chemotherapy-induced cardiotoxicity and mitigation,6,6,0,0.0001,0.0001,-0.0
T11547,Sesquiterpenes and Asteraceae Studies,7,5,-2,0.0001,0.0,-0.0
T11560,Animal Disease Management and Epidemiology,3,9,6,0.0,0.0001,0.01
T11601,Neuroscience and Neural Engineering,10,2,-8,0.0001,0.0,-0.01
T11638,Cardiac tumors and thrombi,8,4,-4,0.0001,0.0,-0.0
T11782,Magnetic Properties of Alloys,7,5,-2,0.0001,0.0,-0.0
T11797,graph theory and CDMA systems,12,0,-12,0.0001,0.0,-0.01
T11868,Cancer and Skin Lesions,7,5,-2,0.0001,0.0,-0.0
T11881,Crystallization and Solubility Studies,8,4,-4,0.0001,0.0,-0.0
T11884,Redox biology and oxidative stress,2,10,8,0.0,0.0001,0.01
T11892,Kawasaki Disease and Coronary Complications,5,7,2,0.0,0.0001,0.0
T11903,Private Equity and Venture Capital,9,3,-6,0.0001,0.0,-0.01
T11927,Plant Reproductive Biology,5,7,2,0.0,0.0001,0.0
T11929,Cerebral Venous Sinus Thrombosis,7,5,-2,0.0001,0.0,-0.0
T11962,Cardiac Fibrosis and Remodeling,5,7,2,0.0,0.0001,0.0
T11998,Youth Development and Social Support,3,9,6,0.0,0.0001,0.01
T12031,Speech and dialogue systems,6,6,0,0.0001,0.0001,-0.0
T12082,Takotsubo Cardiomyopathy and Associated Phenomena,5,7,2,0.0,0.0001,0.0
T12162,Cellular Automata and Applications,9,3,-6,0.0001,0.0,-0.01
T12202,nanoparticles nucleation surface interactions,12,0,-12,0.0001,0.0,-0.01
T12216,Network Time Synchronization Technologies,7,5,-2,0.0001,0.0,-0.0
T12223,Leptospirosis research and findings,6,6,0,0.0001,0.0001,-0.0
T12246,Chronic Disease Management Strategies,8,4,-4,0.0001,0.0,-0.0
T12259,Environmental Justice and Health Disparities,1,11,10,0.0,0.0001,0.01
T12282,Mineral Processing and Grinding,11,1,-10,0.0001,0.0,-0.01
T12319,Fish Biology and Ecology Studies,9,3,-6,0.0001,0.0,-0.01
T12360,Plant-derived Lignans Synthesis and Bioactivity,9,3,-6,0.0001,0.0,-0.01
T12371,Electrical Contact Performance and Analysis,6,6,0,0.0001,0.0001,-0.0
T12379,Cancer Diagnosis and Treatment,12,0,-12,0.0001,0.0,-0.01
T12436,Agronomic Practices and Intercropping Systems,6,6,0,0.0001,0.0001,-0.0
T12596,Cephalopods and Marine Biology,10,2,-8,0.0001,0.0,-0.01
T12599,Retinal and Optic Conditions,10,2,-8,0.0001,0.0,-0.01
T12609,Latin American socio-political dynamics,8,4,-4,0.0001,0.0,-0.0
T12740,Gait Recognition and Analysis,5,7,2,0.0,0.0001,0.0
T12744,Medical Device Sterilization and Disinfection,6,6,0,0.0001,0.0001,-0.0
T12843,Human Resource and Talent Management,3,9,6,0.0,0.0001,0.01
T12925,Educational and Social Studies,12,0,-12,0.0001,0.0,-0.01
T12943,COVID-19 Digital Contact Tracing,5,7,2,0.0,0.0001,0.0
T12975,Paraoxonase enzyme and polymorphisms,6,6,0,0.0001,0.0001,-0.0
T12976,Magnetic and Electromagnetic Effects,12,0,-12,0.0001,0.0,-0.01
T12993,Psychology of Development and Education,4,8,4,0.0,0.0001,0.0
T13120,Nuclear Issues and Defense,5,7,2,0.0,0.0001,0.0
T13123,Advances in Oncology and Radiotherapy,10,2,-8,0.0001,0.0,-0.01
T13140,Materials Engineering and Processing,7,5,-2,0.0001,0.0,-0.0
T13149,Organizational Change and Leadership,0,12,12,0.0,0.0001,0.01
T13151,Business Strategies and Innovation,1,11,10,0.0,0.0001,0.01
T13164,Quality and Management Systems,5,7,2,0.0,0.0001,0.0
T13204,Competitive and Knowledge Intelligence,10,2,-8,0.0001,0.0,-0.01
T13207,Youth Substance Use and School Attendance,5,7,2,0.0,0.0001,0.0
T13211,"Memory, Trauma, and Testimony",0,12,12,0.0,0.0001,0.01
T13305,Teacher Professional Development and Motivation,0,12,12,0.0,0.0001,0.01
T13340,Palliative and Oncologic Care,0,12,12,0.0,0.0001,0.01
T13344,Industrial Automation and Control Systems,6,6,0,0.0001,0.0001,-0.0
T13486,"Literature, Magical Realism, García Márquez",2,10,8,0.0,0.0001,0.01
T13492,"Science, Technology, and Education in Latin America",4,8,4,0.0,0.0001,0.0
T13494,Military History and Strategy,4,8,4,0.0,0.0001,0.0
T13509,Accounting and Financial Management,1,11,10,0.0,0.0001,0.01
T13525,Cambodian History and Society,10,2,-8,0.0001,0.0,-0.01
T13548,Environmental and biological studies,6,6,0,0.0001,0.0001,-0.0
T13552,Advanced Materials Characterization Techniques,12,0,-12,0.0001,0.0,-0.01
T13610,"Society, Economy, and Ethics Research",10,2,-8,0.0001,0.0,-0.01
T13666,Postmodernism in Literature and Education,0,12,12,0.0,0.0001,0.01
T13690,Quality and Safety in Healthcare,11,1,-10,0.0001,0.0,-0.01
T13770,Pediatric health and respiratory diseases,10,2,-8,0.0001,0.0,-0.01
T13900,Contemporary and Historical Greek Studies,9,3,-6,0.0001,0.0,-0.01
T14127,Food and Agricultural Sciences,1,11,10,0.0,0.0001,0.01
T14222,Knowledge Management and Technology,3,9,6,0.0,0.0001,0.01
T14229,Physical education and sports games research,7,5,-2,0.0001,0.0,-0.0
T14440,Quality of Life Measurement,1,11,10,0.0,0.0001,0.01
T14489,Basque language and culture studies,8,4,-4,0.0001,0.0,-0.0
T14507,"History, Culture, and Society",9,3,-6,0.0001,0.0,-0.01
T14521,Medicinal Plant Research,1,11,10,0.0,0.0001,0.01
T10323,Analog and Mixed-Signal Circuit Design,4,7,3,0.0,0.0001,0.0
T10357,Efficiency Analysis Using DEA,6,5,-1,0.0001,0.0,-0.0
T10807,Synthesis and characterization of novel inorganic/organometallic compounds,5,6,1,0.0,0.0001,0.0
T10815,Parasite Biology and Host Interactions,10,1,-9,0.0001,0.0,-0.01
T10907,International Student and Expatriate Challenges,3,8,5,0.0,0.0001,0.0
T11074,Helminth infection and control,4,7,3,0.0,0.0001,0.0
T11124,Protein purification and stability,3,8,5,0.0,0.0001,0.0
T11183,Advanced X-ray Imaging Techniques,4,7,3,0.0,0.0001,0.0
T11207,Alcohol Consumption and Health Effects,7,4,-3,0.0001,0.0,-0.0
T11328,Ocular Oncology and Treatments,6,5,-1,0.0001,0.0,-0.0
T11344,Traffic Prediction and Management Techniques,7,4,-3,0.0001,0.0,-0.0
T11358,Dysphagia Assessment and Management,7,4,-3,0.0001,0.0,-0.0
T11611,Cyclopropane Reaction Mechanisms,7,4,-3,0.0001,0.0,-0.0
T11626,Metalloenzymes and iron-sulfur proteins,8,3,-5,0.0001,0.0,-0.0
T11674,Sports Analytics and Performance,8,3,-5,0.0001,0.0,-0.0
T11704,Mobile Crowdsensing and Crowdsourcing,4,7,3,0.0,0.0001,0.0
T11706,Forensic Entomology and Diptera Studies,7,4,-3,0.0001,0.0,-0.0
T11720,Probability and Risk Models,6,5,-1,0.0001,0.0,-0.0
T11747,Metal-Catalyzed Oxygenation Mechanisms,3,8,5,0.0,0.0001,0.0
T11875,Statistics Education and Methodologies,7,4,-3,0.0001,0.0,-0.0
T11913,Animal Ecology and Behavior Studies,6,5,-1,0.0001,0.0,-0.0
T11992,CCD and CMOS Imaging Sensors,8,3,-5,0.0001,0.0,-0.0
T12022,Hydraulic flow and structures,5,6,1,0.0,0.0001,0.0
T12049,Tuberous Sclerosis Complex Research,4,7,3,0.0,0.0001,0.0
T12096,Ectopic Pregnancy Diagnosis and Management,6,5,-1,0.0001,0.0,-0.0
T12261,Statistical Mechanics and Entropy,8,3,-5,0.0001,0.0,-0.0
T12278,Vascular Tumors and Angiosarcomas,7,4,-3,0.0001,0.0,-0.0
T12285,Surface Chemistry and Catalysis,6,5,-1,0.0001,0.0,-0.0
T12313,Emotions and Moral Behavior,6,5,-1,0.0001,0.0,-0.0
T12437,"Balkans: History, Politics, Society",2,9,7,0.0,0.0001,0.01
T12447,Spider Taxonomy and Behavior Studies,9,2,-7,0.0001,0.0,-0.01
T12449,Spacecraft Design and Technology,6,5,-1,0.0001,0.0,-0.0
T12510,Magneto-Optical Properties and Applications,11,0,-11,0.0001,0.0,-0.01
T12525,Australian History and Society,7,4,-3,0.0001,0.0,-0.0
T12566,Nitrogen and Sulfur Effects on Brassica,7,4,-3,0.0001,0.0,-0.0
T12579,Muon and positron interactions and applications,6,5,-1,0.0001,0.0,-0.0
T12581,Engineering Structural Analysis Methods,6,5,-1,0.0001,0.0,-0.0
T12584,Hospitality and Tourism Education,4,7,3,0.0,0.0001,0.0
T12604,Glycogen Storage Diseases and Myoclonus,10,1,-9,0.0001,0.0,-0.01
T12611,Neural Networks and Reservoir Computing,8,3,-5,0.0001,0.0,-0.0
T12663,Body Image and Dysmorphia Studies,7,4,-3,0.0001,0.0,-0.0
T12721,Moringa oleifera research and applications,6,5,-1,0.0001,0.0,-0.0
T12763,ATP Synthase and ATPases Research,10,1,-9,0.0001,0.0,-0.01
T12805,Cognitive Science and Mapping,11,0,-11,0.0001,0.0,-0.01
T12864,Psychoanalysis and Social Critique,3,8,5,0.0,0.0001,0.0
T12873,"Nutrition, Health and Food Behavior",2,9,7,0.0,0.0001,0.01
T12936,"Conflict, Peace, and Violence in Colombia",4,7,3,0.0,0.0001,0.0
T12971,Material Properties and Processing,10,1,-9,0.0001,0.0,-0.01
T12981,Conservation Techniques and Studies,6,5,-1,0.0001,0.0,-0.0
T13001,Restraint-Related Deaths,7,4,-3,0.0001,0.0,-0.0
T13063,Education and experiences of immigrants and refugees,0,11,11,0.0,0.0001,0.01
T13093,Electric Power Systems and Control,5,6,1,0.0,0.0001,0.0
T13104,Chemical and Physical Properties of Materials,5,6,1,0.0,0.0001,0.0
T13110,Colorectal and Anal Carcinomas,7,4,-3,0.0001,0.0,-0.0
T13325,Dye analysis and toxicity,9,2,-7,0.0001,0.0,-0.01
T13408,Corporate Law and Human Rights,8,3,-5,0.0001,0.0,-0.0
T13487,Statistical and numerical algorithms,8,3,-5,0.0001,0.0,-0.0
T13555,"Healthcare cost, quality, practices",7,4,-3,0.0001,0.0,-0.0
T13618,Regional Socio-Economic Development Trends,6,5,-1,0.0001,0.0,-0.0
T13656,"Science, Research, and Medicine",7,4,-3,0.0001,0.0,-0.0
T13795,"Language, Communication, and Linguistic Studies",1,10,9,0.0,0.0001,0.01
T13885,Geophysics and Sensor Technology,8,3,-5,0.0001,0.0,-0.0
T13951,Fluid dynamics and aerodynamics studies,6,5,-1,0.0001,0.0,-0.0
T14179,Waste Management and Recycling,0,11,11,0.0,0.0001,0.01
T14205,Education and Art Integration,0,11,11,0.0,0.0001,0.01
T14329,Science and Climate Studies,11,0,-11,0.0001,0.0,-0.01
T14362,Diverse Legal and Medical Studies,5,6,1,0.0,0.0001,0.0
T14483,Education and Teacher Training,8,3,-5,0.0001,0.0,-0.0
T10395,Construction Project Management and Performance,3,7,4,0.0,0.0001,0.0
T10530,Magnesium Alloys: Properties and Applications,5,5,0,0.0,0.0,-0.0
T10557,Social Media and Politics,4,6,2,0.0,0.0001,0.0
T10592,Fusion materials and technologies,3,7,4,0.0,0.0001,0.0
T10626,High-Temperature Coating Behaviors,6,4,-2,0.0001,0.0,-0.0
T10682,Quantum Computing Algorithms and Architecture,4,6,2,0.0,0.0001,0.0
T10863,Voice and Speech Disorders,7,3,-4,0.0001,0.0,-0.0
T10984,Sinusitis and nasal conditions,7,3,-4,0.0001,0.0,-0.0
T11005,Radiation Effects in Electronics,4,6,2,0.0,0.0001,0.0
T11021,ECG Monitoring and Analysis,7,3,-4,0.0001,0.0,-0.0
T11051,Sirtuins and Resveratrol in Medicine,6,4,-2,0.0001,0.0,-0.0
T11133,UAV Applications and Optimization,8,2,-6,0.0001,0.0,-0.01
T11252,Evolutionary Game Theory and Cooperation,8,2,-6,0.0001,0.0,-0.01
T11275,Composting and Vermicomposting Techniques,5,5,0,0.0,0.0,-0.0
T11317,Fire dynamics and safety research,6,4,-2,0.0001,0.0,-0.0
T11326,Stock Market Forecasting Methods,7,3,-4,0.0001,0.0,-0.0
T11441,Organoboron and organosilicon chemistry,5,5,0,0.0,0.0,-0.0
T11465,Drug-Induced Hepatotoxicity and Protection,4,6,2,0.0,0.0001,0.0
T11471,Block Copolymer Self-Assembly,6,4,-2,0.0001,0.0,-0.0
T11565,Thermoelastic and Magnetoelastic Phenomena,5,5,0,0.0,0.0,-0.0
T11649,Pharmaceutical industry and healthcare,1,9,8,0.0,0.0001,0.01
T11670,Pressure Ulcer Prevention and Management,5,5,0,0.0,0.0,-0.0
T11686,Dendrimers and Hyperbranched Polymers,6,4,-2,0.0001,0.0,-0.0
T11822,Analytic and geometric function theory,5,5,0,0.0,0.0,-0.0
T11842,Ultrasound and Cavitation Phenomena,6,4,-2,0.0001,0.0,-0.0
T11905,Veterinary Pharmacology and Anesthesia,6,4,-2,0.0001,0.0,-0.0
T11916,Legionella and Acanthamoeba research,6,4,-2,0.0001,0.0,-0.0
T11939,Public-Private Partnership Projects,2,8,6,0.0,0.0001,0.01
T12008,Solar-Powered Water Purification Methods,7,3,-4,0.0001,0.0,-0.0
T12016,Web Data Mining and Analysis,7,3,-4,0.0001,0.0,-0.0
T12078,Environmental remediation with nanomaterials,4,6,2,0.0,0.0001,0.0
T12099,Advanced materials and composites,10,0,-10,0.0001,0.0,-0.01
T12136,Vanadium and Halogenation Chemistry,6,4,-2,0.0001,0.0,-0.0
T12240,Nanomaterials for catalytic reactions,6,4,-2,0.0001,0.0,-0.0
T12299,Radiation Shielding Materials Analysis,5,5,0,0.0,0.0,-0.0
T12342,Vascular anomalies and interventions,4,6,2,0.0,0.0001,0.0
T12468,Radiation Effects and Dosimetry,4,6,2,0.0,0.0001,0.0
T12481,Digital Accessibility for Disabilities,2,8,6,0.0,0.0001,0.01
T12482,Tunneling and Rock Mechanics,8,2,-6,0.0001,0.0,-0.01
T12540,Cyclone Separators and Fluid Dynamics,5,5,0,0.0,0.0,-0.0
T12625,Sympathectomy and Hyperhidrosis Treatments,8,2,-6,0.0001,0.0,-0.01
T12680,Cultural and Mythological Studies,4,6,2,0.0,0.0001,0.0
T12701,Biological Control of Invasive Species,9,1,-8,0.0001,0.0,-0.01
T12761,Data Stream Mining Techniques,7,3,-4,0.0001,0.0,-0.0
T12773,Water Quality and Resources Studies,3,7,4,0.0,0.0001,0.0
T12832,Biocrusts and Microbial Ecology,7,3,-4,0.0001,0.0,-0.0
T12849,Parvovirus B19 Infection Studies,6,4,-2,0.0001,0.0,-0.0
T12906,Surgical Sutures and Adhesives,8,2,-6,0.0001,0.0,-0.01
T13004,Vitamin K Research Studies,6,4,-2,0.0001,0.0,-0.0
T13010,Agriculture and Agroindustry Studies,2,8,6,0.0,0.0001,0.01
T13098,Conferences and Exhibitions Management,4,6,2,0.0,0.0001,0.0
T13130,Biological and pharmacological studies of plants,10,0,-10,0.0001,0.0,-0.01
T13155,Digital Communication and Language,4,6,2,0.0,0.0001,0.0
T13210,Historical Turkish Studies,0,10,10,0.0,0.0001,0.01
T13267,Advanced Theoretical and Applied Studies in Material Sciences and Geometry,10,0,-10,0.0001,0.0,-0.01
T13279,Safe Handling of Antineoplastic Drugs,8,2,-6,0.0001,0.0,-0.01
T13302,Amazonian Archaeology and Ethnohistory,7,3,-4,0.0001,0.0,-0.0
T13360,Economic and Social Issues,3,7,4,0.0,0.0001,0.0
T13433,Short Stories in Global Literature,5,5,0,0.0,0.0,-0.0
T13454,Phenothiazines and Benzothiazines Synthesis and Activities,9,1,-8,0.0001,0.0,-0.01
T13505,Apelin-related biomedical research,7,3,-4,0.0001,0.0,-0.0
T13546,Census and Population Estimation,8,2,-6,0.0001,0.0,-0.01
T13605,"Homicide, Infanticide, and Child Abuse",6,4,-2,0.0001,0.0,-0.0
T13644,Control Systems in Engineering,5,5,0,0.0,0.0,-0.0
T13752,Mechanics and Biomechanics Studies,7,3,-4,0.0001,0.0,-0.0
T13764,Political theory and Gramsci,3,7,4,0.0,0.0001,0.0
T13824,National Identity and Symbolism,0,10,10,0.0,0.0001,0.01
T13833,Ferrocene Chemistry and Applications,6,4,-2,0.0001,0.0,-0.0
T13851,"Law, AI, and Intellectual Property",9,1,-8,0.0001,0.0,-0.01
T13940,Philosophy and Literary Analysis,4,6,2,0.0,0.0001,0.0
T13958,"Education, Innovation and Language Studies",10,0,-10,0.0001,0.0,-0.01
T13977,Geography and Environmental Studies in Latin America,3,7,4,0.0,0.0001,0.0
T14128,Metallurgical and Alloy Processes,5,5,0,0.0,0.0,-0.0
T14166,European Monetary and Fiscal Policies,5,5,0,0.0,0.0,-0.0
T14172,Cultural and Social Studies in Latin America,8,2,-6,0.0001,0.0,-0.01
T14226,"Migration, Racism, and Human Rights",9,1,-8,0.0001,0.0,-0.01
T14248,Social impacts of COVID-19,0,10,10,0.0,0.0001,0.01
T14272,Agricultural and Food Production Studies,5,5,0,0.0,0.0,-0.0
T14284,Social Sciences and Humanities,0,10,10,0.0,0.0001,0.01
T14318,Polydiacetylene-based materials and applications,8,2,-6,0.0001,0.0,-0.01
T14498,Educational Technology in Learning,1,9,8,0.0,0.0001,0.01
T10022,Semiconductor Quantum Structures and Devices,5,4,-1,0.0,0.0,-0.0
T10081,"Auditing, Earnings Management, Governance",4,5,1,0.0,0.0,0.0
T10237,Cryptography and Data Security,2,7,5,0.0,0.0001,0.0
T10272,Mental Health Treatment and Access,6,3,-3,0.0001,0.0,-0.0
T10657,Topological Materials and Phenomena,7,2,-5,0.0001,0.0,-0.0
T10690,Vibration Control and Rheological Fluids,3,6,3,0.0,0.0001,0.0
T10734,Information and Cyber Security,1,8,7,0.0,0.0001,0.01
T10777,Politics and Society in Latin America,0,9,9,0.0,0.0001,0.01
T10962,Thermodynamic properties of mixtures,2,7,5,0.0,0.0001,0.0
T10997,Ocular Surface and Contact Lens,6,3,-3,0.0001,0.0,-0.0
T11083,Cardiac Health and Mental Health,7,2,-5,0.0001,0.0,-0.0
T11098,Seed Germination and Physiology,4,5,1,0.0,0.0,0.0
T11127,Solid State Laser Technologies,5,4,-1,0.0,0.0,-0.0
T11135,Virology and Viral Diseases,5,4,-1,0.0,0.0,-0.0
T11257,Taxation and Compliance Studies,5,4,-1,0.0,0.0,-0.0
T11264,Coffee research and impacts,6,3,-3,0.0001,0.0,-0.0
T11268,Light effects on plants,3,6,3,0.0,0.0001,0.0
T11360,Flame retardant materials and properties,7,2,-5,0.0001,0.0,-0.0
T11361,Digital Radiography and Breast Imaging,7,2,-5,0.0001,0.0,-0.0
T11401,Minerals Flotation and Separation Techniques,7,2,-5,0.0001,0.0,-0.0
T11430,Disaster Response and Management,8,1,-7,0.0001,0.0,-0.01
T11454,Cultural Differences and Values,4,5,1,0.0,0.0,0.0
T11485,Gastrointestinal Tumor Research and Treatment,5,4,-1,0.0,0.0,-0.0
T11518,Cervical and Thoracic Myelopathy,5,4,-1,0.0,0.0,-0.0
T11546,Plant Physiology and Cultivation Studies,6,3,-3,0.0001,0.0,-0.0
T11563,Indian and Buddhist Studies,3,6,3,0.0,0.0001,0.0
T11619,Combustion and Detonation Processes,7,2,-5,0.0001,0.0,-0.0
T11630,Petroleum Processing and Analysis,8,1,-7,0.0001,0.0,-0.01
T11653,Financial Distress and Bankruptcy Prediction,3,6,3,0.0,0.0001,0.0
T11713,Genital Health and Disease,5,4,-1,0.0,0.0,-0.0
T11745,Potato Plant Research,8,1,-7,0.0001,0.0,-0.01
T11763,Intracerebral and Subarachnoid Hemorrhage Research,7,2,-5,0.0001,0.0,-0.0
T11780,Rabies epidemiology and control,6,3,-3,0.0001,0.0,-0.0
T11845,Cancer therapeutics and mechanisms,6,3,-3,0.0001,0.0,-0.0
T11867,Traumatic Ocular and Foreign Body Injuries,7,2,-5,0.0001,0.0,-0.0
T11883,Embodied and Extended Cognition,2,7,5,0.0,0.0001,0.0
T11902,Intelligent Tutoring Systems and Adaptive Learning,4,5,1,0.0,0.0,0.0
T11941,Power System Reliability and Maintenance,4,5,1,0.0,0.0,0.0
T11952,Landfill Environmental Impact Studies,6,3,-3,0.0001,0.0,-0.0
T11969,Fluoride Effects and Removal,5,4,-1,0.0,0.0,-0.0
T11978,Soil Mechanics and Vehicle Dynamics,7,2,-5,0.0001,0.0,-0.0
T12027,Social Media in Health Education,6,3,-3,0.0001,0.0,-0.0
T12053,Minimally Invasive Surgical Techniques,3,6,3,0.0,0.0001,0.0
T12059,Berberine and alkaloids research,6,3,-3,0.0001,0.0,-0.0
T12066,Obesity and Health Practices,5,4,-1,0.0,0.0,-0.0
T12068,Neonatal Health and Biochemistry,6,3,-3,0.0001,0.0,-0.0
T12077,Vacuum and Plasma Arcs,3,6,3,0.0,0.0001,0.0
T12089,Intestinal and Peritoneal Adhesions,8,1,-7,0.0001,0.0,-0.01
T12106,Surface Treatment and Residual Stress,2,7,5,0.0,0.0001,0.0
T12118,Forest Biomass Utilization and Management,5,4,-1,0.0,0.0,-0.0
T12154,Pelvic and Acetabular Injuries,6,3,-3,0.0001,0.0,-0.0
T12159,T-cell and Retrovirus Studies,8,1,-7,0.0001,0.0,-0.01
T12161,Plant Surface Properties and Treatments,6,3,-3,0.0001,0.0,-0.0
T12196,Community Health and Development,5,4,-1,0.0,0.0,-0.0
T12234,Mollusks and Parasites Studies,8,1,-7,0.0001,0.0,-0.01
T12251,Synthesis and Catalytic Reactions,7,2,-5,0.0001,0.0,-0.0
T12284,Emotional Labor in Professions,2,7,5,0.0,0.0001,0.0
T12321,Insect Pheromone Research and Control,2,7,5,0.0,0.0001,0.0
T12375,Cuban History and Society,5,4,-1,0.0,0.0,-0.0
T12428,Global Trade and Competitiveness,8,1,-7,0.0001,0.0,-0.01
T12477,Toxin Mechanisms and Immunotoxins,6,3,-3,0.0001,0.0,-0.0
T12487,Structural Engineering and Vibration Analysis,8,1,-7,0.0001,0.0,-0.01
T12553,Psychedelics and Drug Studies,5,4,-1,0.0,0.0,-0.0
T12723,Hannah Arendt's Political Philosophy,4,5,1,0.0,0.0,0.0
T12729,Tree Root and Stability Studies,9,0,-9,0.0001,0.0,-0.01
T12764,Polish Historical and Cultural Studies,4,5,1,0.0,0.0,0.0
T12814,Gaussian Processes and Bayesian Inference,5,4,-1,0.0,0.0,-0.0
T12848,Psychological Testing and Assessment,1,8,7,0.0,0.0001,0.01
T12885,Digital Innovation in Industries,1,8,7,0.0,0.0001,0.01
T12900,Organ and Tissue Transplantation Research,8,1,-7,0.0001,0.0,-0.01
T12959,Engineering and Materials Science Studies,8,1,-7,0.0001,0.0,-0.01
T12984,Transport and Logistics Innovations,0,9,9,0.0,0.0001,0.01
T13039,Magnesium Oxide Properties and Applications,9,0,-9,0.0001,0.0,-0.01
T13069,Cocoa and Sweet Potato Agronomy,7,2,-5,0.0001,0.0,-0.0
T13073,China's Ethnic Minorities and Relations,2,7,5,0.0,0.0001,0.0
T13154,Legal and Regulatory Analysis,4,5,1,0.0,0.0,0.0
T13163,Organizational Learning and Leadership,0,9,9,0.0,0.0001,0.01
T13168,Plant Ecology and Taxonomy Studies,9,0,-9,0.0001,0.0,-0.01
T13179,"Literature, Culture, and Criticism",5,4,-1,0.0,0.0,-0.0
T13201,Infectious Encephalopathies and Encephalitis,3,6,3,0.0,0.0001,0.0
T13264,Walter Benjamin Studies Compilation,5,4,-1,0.0,0.0,-0.0
T13328,Osteomyelitis and Bone Disorders Research,6,3,-3,0.0001,0.0,-0.0
T13467,Drug-Induced Ocular Toxicity,6,3,-3,0.0001,0.0,-0.0
T13489,Synthesis of β-Lactam Compounds,3,6,3,0.0,0.0001,0.0
T13706,Management and Optimization Techniques,1,8,7,0.0,0.0001,0.01
T13735,History of Medical Practice,2,7,5,0.0,0.0001,0.0
T13788,Cultural Identity and Representation,0,9,9,0.0,0.0001,0.01
T13799,Media and Communication Studies,1,8,7,0.0,0.0001,0.01
T13806,Mathematical and Computational Methods,0,9,9,0.0,0.0001,0.01
T13812,AI and HR Technologies,4,5,1,0.0,0.0,0.0
T13862,"Soil, Finite Element Methods",4,5,1,0.0,0.0,0.0
T13887,Augustinian Studies and Theology,6,3,-3,0.0001,0.0,-0.0
T13926,"Feminism, Gender, and Sexuality Studies",4,5,1,0.0,0.0,0.0
T13978,Foreign Language Teaching Methods,1,8,7,0.0,0.0001,0.01
T14052,Galician and Iberian cultural studies,9,0,-9,0.0001,0.0,-0.01
T14055,Consumer Packaging Perceptions and Trends,3,6,3,0.0,0.0001,0.0
T14094,Italy: Economic History and Contemporary Issues,4,5,1,0.0,0.0,0.0
T14100,Scientific Research and Technology,9,0,-9,0.0001,0.0,-0.01
T14330,Library Science and Information Systems,4,5,1,0.0,0.0,0.0
T14378,Entomological Studies and Ecology,9,0,-9,0.0001,0.0,-0.01
T14442,Historical Studies in Science,7,2,-5,0.0001,0.0,-0.0
T14454,Polymer Science and Applications,0,9,9,0.0,0.0001,0.01
T14492,"War, Law, and Justice",0,9,9,0.0,0.0001,0.01
T10070,Political Conflict and Governance,1,7,6,0.0,0.0001,0.01
T10334,"Hearing, Cochlea, Tinnitus, Genetics",4,4,0,0.0,0.0,-0.0
T10367,Agricultural Innovations and Practices,2,6,4,0.0,0.0001,0.0
T10542,Vestibular and auditory disorders,4,4,0,0.0,0.0,-0.0
T10574,Crime Patterns and Interventions,3,5,2,0.0,0.0,0.0
T10676,"Genetics, Aging, and Longevity in Model Organisms",6,2,-4,0.0001,0.0,-0.0
T10704,Advancements in Transdermal Drug Delivery,5,3,-2,0.0,0.0,-0.0
T10752,Terahertz technology and applications,6,2,-4,0.0001,0.0,-0.0
T10871,Catalytic Alkyne Reactions,3,5,2,0.0,0.0,0.0
T10964,Wireless Communication Security Techniques,6,2,-4,0.0001,0.0,-0.0
T10968,Statistical Distribution Estimation and Applications,1,7,6,0.0,0.0001,0.01
T11008,Aerodynamics and Acoustics in Jet Flows,6,2,-4,0.0001,0.0,-0.0
T11042,Corruption and Economic Development,1,7,6,0.0,0.0001,0.01
T11075,Insect Resistance and Genetics,4,4,0,0.0,0.0,-0.0
T11228,Bat Biology and Ecology Studies,6,2,-4,0.0001,0.0,-0.0
T11414,Quantum optics and atomic interactions,6,2,-4,0.0001,0.0,-0.0
T11449,Mechanical and Optical Resonators,8,0,-8,0.0001,0.0,-0.01
T11451,Advanced Machining and Optimization Techniques,5,3,-2,0.0,0.0,-0.0
T11489,Air Traffic Management and Optimization,4,4,0,0.0,0.0,-0.0
T11522,VLSI and FPGA Design Techniques,6,2,-4,0.0001,0.0,-0.0
T11581,Viral Infections and Outbreaks Research,5,3,-2,0.0,0.0,-0.0
T11614,Cloud Data Security Solutions,3,5,2,0.0,0.0,0.0
T11685,Zebrafish Biomedical Research Applications,3,5,2,0.0,0.0,0.0
T11688,Microbial infections and disease research,5,3,-2,0.0,0.0,-0.0
T11714,Multimodal Machine Learning Applications,3,5,2,0.0,0.0,0.0
T11767,Poxvirus research and outbreaks,3,5,2,0.0,0.0,0.0
T11785,Nausea and vomiting management,6,2,-4,0.0001,0.0,-0.0
T11798,Optimal Experimental Design Methods,2,6,4,0.0,0.0001,0.0
T11813,Library Collection Development and Digital Resources,1,7,6,0.0,0.0001,0.01
T11828,Corneal Surgery and Treatments,6,2,-4,0.0001,0.0,-0.0
T11966,Silk-based biomaterials and applications,7,1,-6,0.0001,0.0,-0.01
T12038,Covalent Organic Framework Applications,6,2,-4,0.0001,0.0,-0.0
T12087,Natural Compound Pharmacology Studies,5,3,-2,0.0,0.0,-0.0
T12091,Peatlands and Wetlands Ecology,2,6,4,0.0,0.0001,0.0
T12092,Erosion and Abrasive Machining,6,2,-4,0.0001,0.0,-0.0
T12135,Fuzzy Systems and Optimization,5,3,-2,0.0,0.0,-0.0
T12258,"Perfectionism, Procrastination, Anxiety Studies",4,4,0,0.0,0.0,-0.0
T12314,Nuts composition and effects,7,1,-6,0.0001,0.0,-0.01
T12329,Hemiptera Insect Studies,6,2,-4,0.0001,0.0,-0.0
T12338,Digital literacy in education,4,4,0,0.0,0.0,-0.0
T12344,Silicon Effects in Agriculture,6,2,-4,0.0001,0.0,-0.0
T12389,Infrared Target Detection Methodologies,8,0,-8,0.0001,0.0,-0.01
T12441,Porphyrin Metabolism and Disorders,6,2,-4,0.0001,0.0,-0.0
T12520,Psychology of Moral and Emotional Judgment,6,2,-4,0.0001,0.0,-0.0
T12535,Machine Learning and Data Classification,6,2,-4,0.0001,0.0,-0.0
T12593,Communication in Education and Healthcare,2,6,4,0.0,0.0001,0.0
T12622,Neurosurgical Procedures and Complications,4,4,0,0.0,0.0,-0.0
T12637,Scarabaeidae Beetle Taxonomy and Biogeography,7,1,-6,0.0001,0.0,-0.01
T12684,Stuttering Research and Treatment,3,5,2,0.0,0.0,0.0
T12724,Water-Energy-Food Nexus Studies,5,3,-2,0.0,0.0,-0.0
T12756,Plant Toxicity and Pharmacological Properties,5,3,-2,0.0,0.0,-0.0
T12808,Ferroelectric and Negative Capacitance Devices,4,4,0,0.0,0.0,-0.0
T12963,Anesthesia and Neurotoxicity Research,7,1,-6,0.0001,0.0,-0.01
T12980,Family Caregiving in Mental Illness,4,4,0,0.0,0.0,-0.0
T12987,Religion and Society in Latin America,6,2,-4,0.0001,0.0,-0.0
T13025,American History and Culture,2,6,4,0.0,0.0001,0.0
T13074,Global Financial Regulation and Crises,4,4,0,0.0,0.0,-0.0
T13127,Biotin and Related Studies,8,0,-8,0.0001,0.0,-0.01
T13146,Sustainable Finance and Green Bonds,0,8,8,0.0,0.0001,0.01
T13166,Information Science and Libraries,0,8,8,0.0,0.0001,0.01
T13212,German Social Sciences and History,4,4,0,0.0,0.0,-0.0
T13260,Linguistics and Language Studies,1,7,6,0.0,0.0001,0.01
T13266,Indigenous Studies in Latin America,0,8,8,0.0,0.0001,0.01
T13270,QR Code Applications and Technologies,8,0,-8,0.0001,0.0,-0.01
T13284,Psychology Research and Bibliometrics,7,1,-6,0.0001,0.0,-0.01
T13303,Asian Culture and Media Studies,6,2,-4,0.0001,0.0,-0.0
T13319,Film in Education and Therapy,1,7,6,0.0,0.0001,0.01
T13326,Biochemical and Structural Characterization,4,4,0,0.0,0.0,-0.0
T13330,"Theater, Performance, and Music History",1,7,6,0.0,0.0001,0.01
T13352,International Relations in Latin America,5,3,-2,0.0,0.0,-0.0
T13362,Slime Mold and Myxomycetes Research,8,0,-8,0.0001,0.0,-0.01
T13389,German Economic Analysis & Policies,3,5,2,0.0,0.0,0.0
T13405,Educational Assessment and Improvement,0,8,8,0.0,0.0001,0.01
T13436,Space Technology and Applications,8,0,-8,0.0001,0.0,-0.01
T13468,Educational Research and Science Teaching,8,0,-8,0.0001,0.0,-0.01
T13503,"Gender, Health, and Social Inequality",3,5,2,0.0,0.0,0.0
T13549,Minority Rights and Languages,5,3,-2,0.0,0.0,-0.0
T13591,Pasture and Agricultural Systems,6,2,-4,0.0001,0.0,-0.0
T13736,Steroid Chemistry and Biochemistry,3,5,2,0.0,0.0,0.0
T13834,Whipple's Disease and Interleukins,6,2,-4,0.0001,0.0,-0.0
T13838,Plant and soil sciences,4,4,0,0.0,0.0,-0.0
T13866,Occupational health in dentistry,3,5,2,0.0,0.0,0.0
T13870,Environmental and Ecological Studies,8,0,-8,0.0001,0.0,-0.01
T13939,Archaeology and Natural History,6,2,-4,0.0001,0.0,-0.0
T13944,Psychiatric care and mental health services,2,6,4,0.0,0.0001,0.0
T13990,Engine and Fuel Emissions,0,8,8,0.0,0.0001,0.01
T14088,Generational Differences and Trends,0,8,8,0.0,0.0001,0.01
T14123,Decolonial Thought and Epistemologies,0,8,8,0.0,0.0001,0.01
T14167,Consumer behavior in food and health,2,6,4,0.0,0.0001,0.0
T14176,Interdisciplinary Cultural and Social Studies,8,0,-8,0.0001,0.0,-0.01
T14270,Simulation and Modeling Applications,0,8,8,0.0,0.0001,0.01
T14280,Big Data Technologies and Applications,2,6,4,0.0,0.0001,0.0
T14299,Complex Systems and Dynamics,4,4,0,0.0,0.0,-0.0
T14487,Science and Science Education,6,2,-4,0.0001,0.0,-0.0
T14510,Medical Imaging and Analysis,6,2,-4,0.0001,0.0,-0.0
T14516,English Language Learning and Teaching,0,8,8,0.0,0.0001,0.01
T10433,Carcinogens and Genotoxicity Assessment,3,4,1,0.0,0.0,0.0
T10628,China's Socioeconomic Reforms and Governance,2,5,3,0.0,0.0,0.0
T10847,Advanced Optical Network Technologies,4,3,-1,0.0,0.0,-0.0
T10849,Finite Group Theory Research,4,3,-1,0.0,0.0,-0.0
T10988,Advanced Fiber Laser Technologies,6,1,-5,0.0001,0.0,-0.0
T11030,Scoliosis diagnosis and treatment,3,4,1,0.0,0.0,0.0
T11130,Coding theory and cryptography,4,3,-1,0.0,0.0,-0.0
T11134,Breast Lesions and Carcinomas,1,6,5,0.0,0.0001,0.0
T11179,Nematode management and characterization studies,5,2,-3,0.0,0.0,-0.0
T11327,Acupuncture Treatment Research Studies,1,6,5,0.0,0.0001,0.0
T11332,"Genomics, phytochemicals, and oxidative stress",4,3,-1,0.0,0.0,-0.0
T11343,Power Transformer Diagnostics and Insulation,5,2,-3,0.0,0.0,-0.0
T11362,Membrane Separation and Gas Transport,5,2,-3,0.0,0.0,-0.0
T11427,Elbow and Forearm Trauma Treatment,3,4,1,0.0,0.0,0.0
T11433,Emotional Intelligence and Performance,7,0,-7,0.0001,0.0,-0.01
T11509,Hip and Femur Fractures,7,0,-7,0.0001,0.0,-0.01
T11511,Dyeing and Modifying Textile Fibers,3,4,1,0.0,0.0,0.0
T11575,Nonlinear Photonic Systems,7,0,-7,0.0001,0.0,-0.01
T11603,Dust and Plasma Wave Phenomena,4,3,-1,0.0,0.0,-0.0
T11702,Parasitic Diseases Research and Treatment,4,3,-1,0.0,0.0,-0.0
T11731,Global Health and Surgery,4,3,-1,0.0,0.0,-0.0
T11801,Reservoir Engineering and Simulation Methods,6,1,-5,0.0001,0.0,-0.0
T11855,Gastrointestinal disorders and treatments,5,2,-3,0.0,0.0,-0.0
T11894,Radiology practices and education,3,4,1,0.0,0.0,0.0
T11899,"Brucella: diagnosis, epidemiology, treatment",4,3,-1,0.0,0.0,-0.0
T11976,Capital Investment and Risk Analysis,4,3,-1,0.0,0.0,-0.0
T12045,Rice Cultivation and Yield Improvement,5,2,-3,0.0,0.0,-0.0
T12054,Menstrual Health and Disorders,3,4,1,0.0,0.0,0.0
T12090,Language and cultural evolution,7,0,-7,0.0001,0.0,-0.01
T12132,Hymenoptera taxonomy and phylogeny,3,4,1,0.0,0.0,0.0
T12148,Brazilian Legal Issues,5,2,-3,0.0,0.0,-0.0
T12150,Intestinal Malrotation and Obstruction Disorders,4,3,-1,0.0,0.0,-0.0
T12215,Phytochemical Studies and Bioactivities,3,4,1,0.0,0.0,0.0
T12230,Cardiovascular Issues in Pregnancy,7,0,-7,0.0001,0.0,-0.01
T12232,"Yersinia bacterium, plague, ectoparasites research",7,0,-7,0.0001,0.0,-0.01
T12269,Effects of Vibration on Health,4,3,-1,0.0,0.0,-0.0
T12277,Frequency Control in Power Systems,3,4,1,0.0,0.0,0.0
T12288,Optimization and Search Problems,6,1,-5,0.0001,0.0,-0.0
T12395,Educational Innovations and Technology,4,3,-1,0.0,0.0,-0.0
T12427,Metal Alloys Wear and Properties,5,2,-3,0.0,0.0,-0.0
T12452,Electrowetting and Microfluidic Technologies,5,2,-3,0.0,0.0,-0.0
T12474,Education Discipline and Inequality,1,6,5,0.0,0.0001,0.0
T12484,Retinopathy of Prematurity Studies,4,3,-1,0.0,0.0,-0.0
T12486,Food Supply Chain Traceability,4,3,-1,0.0,0.0,-0.0
T12513,Rocket and propulsion systems research,4,3,-1,0.0,0.0,-0.0
T12546,Smart Parking Systems Research,5,2,-3,0.0,0.0,-0.0
T12560,Nuclear Engineering Thermal-Hydraulics,1,6,5,0.0,0.0001,0.0
T12615,Climate Change and Geoengineering,6,1,-5,0.0001,0.0,-0.0
T12649,Alkaloids: synthesis and pharmacology,1,6,5,0.0,0.0001,0.0
T12650,Aesthetic Perception and Analysis,3,4,1,0.0,0.0,0.0
T12688,Microbial metabolism and enzyme function,1,6,5,0.0,0.0001,0.0
T12689,Silymarin and Mushroom Poisoning,2,5,3,0.0,0.0,0.0
T12696,Icing and De-icing Technologies,5,2,-3,0.0,0.0,-0.0
T12726,Philosophical and Cultural Analysis,1,6,5,0.0,0.0001,0.0
T12730,"Weber, Simmel, Sociological Theory",3,4,1,0.0,0.0,0.0
T12747,Moyamoya disease diagnosis and treatment,5,2,-3,0.0,0.0,-0.0
T12757,Diverse Academia and Research Topics,7,0,-7,0.0001,0.0,-0.01
T12775,Legal Issues in South Africa,7,0,-7,0.0001,0.0,-0.01
T12781,Global Health Care Issues,7,0,-7,0.0001,0.0,-0.01
T12850,Field-Flow Fractionation Techniques,5,2,-3,0.0,0.0,-0.0
T12858,Plant Disease Resistance and Genetics,6,1,-5,0.0001,0.0,-0.0
T12884,Educational Assessment and Pedagogy,0,7,7,0.0,0.0001,0.01
T12903,Globalization and Cultural Identity,0,7,7,0.0,0.0001,0.01
T12908,"Media, Gender, and Advertising",4,3,-1,0.0,0.0,-0.0
T12932,Powder Metallurgy Techniques and Materials,3,4,1,0.0,0.0,0.0
T12942,Cultural Studies and Postmodernism,0,7,7,0.0,0.0001,0.01
T12947,"Health, psychology, and well-being",2,5,3,0.0,0.0,0.0
T12954,Law and Political Science,6,1,-5,0.0001,0.0,-0.0
T12978,Innovative Teaching Methodologies in Social Sciences,2,5,3,0.0,0.0,0.0
T12997,Outdoor and Experiential Education,1,6,5,0.0,0.0001,0.0
T13035,Human Rights and Development,6,1,-5,0.0001,0.0,-0.0
T13052,Molecular Communication and Nanonetworks,7,0,-7,0.0001,0.0,-0.01
T13075,Legal Systems and Judicial Processes,0,7,7,0.0,0.0001,0.01
T13117,Health Education and Validation,1,6,5,0.0,0.0001,0.0
T13122,Linguistics and Cultural Studies,7,0,-7,0.0001,0.0,-0.01
T13280,Biomedical and Engineering Education,7,0,-7,0.0001,0.0,-0.01
T13289,Infant Health and Development,5,2,-3,0.0,0.0,-0.0
T13294,Livestock and Poultry Management,3,4,1,0.0,0.0,0.0
T13312,Mechanical and Thermal Properties Analysis,6,1,-5,0.0001,0.0,-0.0
T13369,European and Russian Geopolitical Military Strategies,3,4,1,0.0,0.0,0.0
T13385,Infectious Diseases and Mycology,4,3,-1,0.0,0.0,-0.0
T13426,Kruppel-like factors research,4,3,-1,0.0,0.0,-0.0
T13527,Transportation Systems and Logistics,2,5,3,0.0,0.0,0.0
T13537,"German legal, social, and political studies",2,5,3,0.0,0.0,0.0
T13543,Oropharyngeal Anatomy and Pathologies,3,4,1,0.0,0.0,0.0
T13554,Brazilian cultural history and politics,4,3,-1,0.0,0.0,-0.0
T13569,Microscopic Colitis,7,0,-7,0.0001,0.0,-0.01
T13606,Umberto Eco and Semiotics,3,4,1,0.0,0.0,0.0
T13655,Canadian Policy and Governance,4,3,-1,0.0,0.0,-0.0
T13684,Political Dynamics in Latin America,3,4,1,0.0,0.0,0.0
T13694,Immigration Law and Human Rights,0,7,7,0.0,0.0001,0.01
T13777,Cognitive and psychological constructs research,7,0,-7,0.0001,0.0,-0.01
T13843,African Sexualities and LGBTQ+ Issues,4,3,-1,0.0,0.0,-0.0
T13860,Arts and Performance Studies,1,6,5,0.0,0.0001,0.0
T13910,Computational and Text Analysis Methods,3,4,1,0.0,0.0,0.0
T13950,Collembola Taxonomy and Ecology Studies,5,2,-3,0.0,0.0,-0.0
T13965,Laser and Thermal Forming Techniques,6,1,-5,0.0001,0.0,-0.0
T13995,Globalization and political ideologies,1,6,5,0.0,0.0001,0.0
T14000,"Cultural, Social, and Media Studies",0,7,7,0.0,0.0001,0.01
T14006,"Linguistics, Language Diversity, and Identity",6,1,-5,0.0001,0.0,-0.0
T14008,Balkan and Eastern European Studies,2,5,3,0.0,0.0,0.0
T14034,Musicians’ Health and Performance,6,1,-5,0.0001,0.0,-0.0
T14049,Plant and Fungal Species Descriptions,7,0,-7,0.0001,0.0,-0.01
T14056,Safety Warnings and Signage,5,2,-3,0.0,0.0,-0.0
T14184,Metallurgy and Material Science,6,1,-5,0.0001,0.0,-0.0
T14189,Intravenous Infusion Technology and Safety,3,4,1,0.0,0.0,0.0
T14195,Linguistic and Cultural Studies,0,7,7,0.0,0.0001,0.01
T14212,Health Promotion and Cardiovascular Prevention,3,4,1,0.0,0.0,0.0
T14214,Space Exploration and Technology,4,3,-1,0.0,0.0,-0.0
T14254,Digital Media and Visual Art,3,4,1,0.0,0.0,0.0
T14256,Agricultural and Food Sciences,4,3,-1,0.0,0.0,-0.0
T14286,Parkinson's Disease and Spinal Disorders,7,0,-7,0.0001,0.0,-0.01
T14306,Technology Assessment and Management,6,1,-5,0.0001,0.0,-0.0
T14314,"Violence, Religion, and Philosophy",2,5,3,0.0,0.0,0.0
T14355,Historical Studies of British Isles,2,5,3,0.0,0.0,0.0
T14365,Leaf Properties and Growth Measurement,7,0,-7,0.0001,0.0,-0.01
T14382,Electrophoretic Deposition in Materials Science,3,4,1,0.0,0.0,0.0
T14385,Franz Kafka Literary Studies,3,4,1,0.0,0.0,0.0
T14389,"Innovation, Technology, and Society",2,5,3,0.0,0.0,0.0
T14438,Advanced Scientific Research Methods,3,4,1,0.0,0.0,0.0
T14459,Synthesis and Reactions of Organic Compounds,3,4,1,0.0,0.0,0.0
T10020,Quantum Information and Cryptography,5,1,-4,0.0,0.0,-0.0
T10209,Global Maternal and Child Health,5,1,-4,0.0,0.0,-0.0
T10312,"Health, Nursing, Elderly Care",6,0,-6,0.0001,0.0,-0.01
T10382,Quantum and electron transport phenomena,4,2,-2,0.0,0.0,-0.0
T10817,Multicomponent Synthesis of Heterocycles,3,3,0,0.0,0.0,-0.0
T11085,Fungal Biology and Applications,6,0,-6,0.0001,0.0,-0.01
T11096,Aeroelasticity and Vibration Control,0,6,6,0.0,0.0001,0.01
T11121,Public Relations and Crisis Communication,2,4,2,0.0,0.0,0.0
T11188,Coagulation and Flocculation Studies,0,6,6,0.0,0.0001,0.01
T11241,Advanced Malware Detection Techniques,5,1,-4,0.0,0.0,-0.0
T11352,Masonry and Concrete Structural Analysis,3,3,0,0.0,0.0,-0.0
T11355,Inflammatory Biomarkers in Disease Prognosis,4,2,-2,0.0,0.0,-0.0
T11386,Bee Products Chemical Analysis,4,2,-2,0.0,0.0,-0.0
T11404,Irrigation Practices and Water Management,3,3,0,0.0,0.0,-0.0
T11487,Automotive and Human Injury Biomechanics,3,3,0,0.0,0.0,-0.0
T11490,Hydrological Forecasting Using AI,4,2,-2,0.0,0.0,-0.0
T11517,Advanced optical system design,2,4,2,0.0,0.0,0.0
T11525,Piezoelectric Actuators and Control,6,0,-6,0.0001,0.0,-0.01
T11556,"Poverty, Education, and Child Welfare",4,2,-2,0.0,0.0,-0.0
T11621,Fiscal Policies and Political Economy,3,3,0,0.0,0.0,-0.0
T11754,SARS-CoV-2 detection and testing,2,4,2,0.0,0.0,0.0
T11804,Quantum many-body systems,2,4,2,0.0,0.0,0.0
T11863,"Gender, Security, and Conflict",2,4,2,0.0,0.0,0.0
T11947,Molten salt chemistry and electrochemical processes,1,5,4,0.0,0.0,0.0
T11955,Urban and spatial planning,1,5,4,0.0,0.0,0.0
T11973,Plant chemical constituents analysis,3,3,0,0.0,0.0,-0.0
T11997,Free Will and Agency,5,1,-4,0.0,0.0,-0.0
T12036,Argentine historical studies,2,4,2,0.0,0.0,0.0
T12047,Viral Infections and Vectors,5,1,-4,0.0,0.0,-0.0
T12051,Diversity and Impact of Dance,5,1,-4,0.0,0.0,-0.0
T12085,Collagen: Extraction and Characterization,5,1,-4,0.0,0.0,-0.0
T12107,Leprosy Research and Treatment,4,2,-2,0.0,0.0,-0.0
T12138,Occupational Health and Performance,4,2,-2,0.0,0.0,-0.0
T12174,Hospital Admissions and Outcomes,3,3,0,0.0,0.0,-0.0
T12201,Agricultural Engineering and Mechanization,3,3,0,0.0,0.0,-0.0
T12214,Media Influence and Health,4,2,-2,0.0,0.0,-0.0
T12242,Latin American and Latino Studies,4,2,-2,0.0,0.0,-0.0
T12359,Fern and Epiphyte Biology,6,0,-6,0.0001,0.0,-0.01
T12362,Tribology and Wear Analysis,6,0,-6,0.0001,0.0,-0.01
T12411,Shoulder and Clavicle Injuries,5,1,-4,0.0,0.0,-0.0
T12424,Earthquake Detection and Analysis,5,1,-4,0.0,0.0,-0.0
T12429,Chemotherapy-induced organ toxicity mitigation,4,2,-2,0.0,0.0,-0.0
T12460,Pediatric Hepatobiliary Diseases and Treatments,4,2,-2,0.0,0.0,-0.0
T12497,Traditional and Medicinal Uses of Annonaceae,6,0,-6,0.0001,0.0,-0.01
T12511,Medieval and Classical Philosophy,5,1,-4,0.0,0.0,-0.0
T12538,Eosinophilic Esophagitis,6,0,-6,0.0001,0.0,-0.01
T12548,Hemostasis and retained surgical items,4,2,-2,0.0,0.0,-0.0
T12607,Personal Information Management and User Behavior,1,5,4,0.0,0.0,0.0
T12620,Signaling Pathways in Disease,4,2,-2,0.0,0.0,-0.0
T12638,Pomegranate: compositions and health benefits,4,2,-2,0.0,0.0,-0.0
T12679,Focus Groups and Qualitative Methods,2,4,2,0.0,0.0,0.0
T12703,Oil Palm Production and Sustainability,3,3,0,0.0,0.0,-0.0
T12708,Economic and Financial Impacts of Cancer,5,1,-4,0.0,0.0,-0.0
T12716,Congenital Anomalies and Fetal Surgery,3,3,0,0.0,0.0,-0.0
T12753,"Psychology, Coaching, and Therapy",5,1,-4,0.0,0.0,-0.0
T12769,Stoma care and complications,2,4,2,0.0,0.0,0.0
T12807,Consumer Behavior and Market Dynamics,1,5,4,0.0,0.0,0.0
T12846,Ginkgo biloba and Cashew Applications,6,0,-6,0.0001,0.0,-0.01
T12891,Medicinal Plants and Neuroprotection,5,1,-4,0.0,0.0,-0.0
T12920,Healthcare and Environmental Waste Management,4,2,-2,0.0,0.0,-0.0
T12926,Business Strategies and Management Research,1,5,4,0.0,0.0,0.0
T12938,Material Selection and Properties,4,2,-2,0.0,0.0,-0.0
T12972,German Colonialism and Identity Studies,5,1,-4,0.0,0.0,-0.0
T12988,Sociology and Education in Brazil,4,2,-2,0.0,0.0,-0.0
T13000,World Systems and Global Transformations,2,4,2,0.0,0.0,0.0
T13011,Latin American rural development,2,4,2,0.0,0.0,0.0
T13036,Veterinary Practice and Education Studies,4,2,-2,0.0,0.0,-0.0
T13051,Qualitative Comparative Analysis Research,4,2,-2,0.0,0.0,-0.0
T13078,Political and Social Dynamics in Chile and Latin America,4,2,-2,0.0,0.0,-0.0
T13091,Human Health and Disease,6,0,-6,0.0001,0.0,-0.01
T13118,Psychological Treatments and Disorders,3,3,0,0.0,0.0,-0.0
T13126,Scientific Research and Discoveries,5,1,-4,0.0,0.0,-0.0
T13144,Theology and Philosophy of Evil,3,3,0,0.0,0.0,-0.0
T13232,Laser-Ablation Synthesis of Nanoparticles,3,3,0,0.0,0.0,-0.0
T13239,Phosphorus compounds and reactions,3,3,0,0.0,0.0,-0.0
T13242,Male Reproductive Health Studies,5,1,-4,0.0,0.0,-0.0
T13248,Healthcare Technology and Patient Monitoring,2,4,2,0.0,0.0,0.0
T13258,Williams Syndrome Research,3,3,0,0.0,0.0,-0.0
T13282,Automated Road and Building Extraction,4,2,-2,0.0,0.0,-0.0
T13317,"Media, Communication, and Education",2,4,2,0.0,0.0,0.0
T13329,Joseph Conrad and Literature,5,1,-4,0.0,0.0,-0.0
T13338,Pharmacological Effects and Assays,3,3,0,0.0,0.0,-0.0
T13359,Sports Science and Education,6,0,-6,0.0001,0.0,-0.01
T13373,Data Mining and Machine Learning Applications,1,5,4,0.0,0.0,0.0
T13381,Heart rate and cardiovascular health,5,1,-4,0.0,0.0,-0.0
T13459,Public Administration and Political Analysis,5,1,-4,0.0,0.0,-0.0
T13481,Neurological diseases and metabolism,5,1,-4,0.0,0.0,-0.0
T13506,Botanical Research and Chemistry,5,1,-4,0.0,0.0,-0.0
T13583,Jury Decision Making Processes,3,3,0,0.0,0.0,-0.0
T13615,Transportation Systems and Safety,4,2,-2,0.0,0.0,-0.0
T13652,Education and Social Development in Ukraine,6,0,-6,0.0001,0.0,-0.01
T13687,Extractivism and Socioeconomic Issues,1,5,4,0.0,0.0,0.0
T13717,Advanced Algorithms and Applications,6,0,-6,0.0001,0.0,-0.01
T13726,International Science and Diplomacy,5,1,-4,0.0,0.0,-0.0
T13749,"Hungarian Social, Economic and Educational Studies",6,0,-6,0.0001,0.0,-0.01
T13779,Cancer Mechanisms and Therapy,6,0,-6,0.0001,0.0,-0.01
T13787,"Globalization, Historical Perspectives, and International Relations",4,2,-2,0.0,0.0,-0.0
T13796,Neurological Disorders and Treatments,4,2,-2,0.0,0.0,-0.0
T13818,Cultural Studies and Colonialism,0,6,6,0.0,0.0001,0.01
T13839,"Tourism, Volunteerism, and Development",2,4,2,0.0,0.0,0.0
T13865,Nationalism and Cultural Identity,6,0,-6,0.0001,0.0,-0.01
T13884,Educational Leadership and Practices,3,3,0,0.0,0.0,-0.0
T13889,Advanced Materials and Semiconductor Technologies,0,6,6,0.0,0.0001,0.01
T13898,Diverse Interdisciplinary Research Studies,5,1,-4,0.0,0.0,-0.0
T13960,"Dietetics, Nutrition, and Education",1,5,4,0.0,0.0,0.0
T13980,Alexander von Humboldt Studies,5,1,-4,0.0,0.0,-0.0
T14029,Thoreau and American Literature,0,6,6,0.0,0.0001,0.01
T14033,Education in Rural Contexts,0,6,6,0.0,0.0001,0.01
T14040,Problem Solving Skills Development,3,3,0,0.0,0.0,-0.0
T14051,Regional Economic and Spatial Analysis,0,6,6,0.0,0.0001,0.01
T14068,Organic and Inorganic Chemical Reactions,2,4,2,0.0,0.0,0.0
T14085,Student Stress and Coping,0,6,6,0.0,0.0001,0.01
T14090,Health and Conflict Studies,3,3,0,0.0,0.0,-0.0
T14106,Environmental and Sediment Control,2,4,2,0.0,0.0,0.0
T14138,Life Cycle Costing Analysis,3,3,0,0.0,0.0,-0.0
T14142,Multicultural Socio-Legal Studies,6,0,-6,0.0001,0.0,-0.01
T14152,Healthcare Facilities Design and Sustainability,0,6,6,0.0,0.0001,0.01
T14163,Astronomical Observations and Instrumentation,6,0,-6,0.0001,0.0,-0.01
T14201,Data Analysis and Archiving,5,1,-4,0.0,0.0,-0.0
T14258,Legal and Policy Issues,0,6,6,0.0,0.0001,0.01
T14268,Evolving Legal Systems and Governance,1,5,4,0.0,0.0,0.0
T14277,Social Skills and Education,2,4,2,0.0,0.0,0.0
T14293,Biotechnology and Related Fields,4,2,-2,0.0,0.0,-0.0
T14307,Bioethics and Human Rights Issues,2,4,2,0.0,0.0,0.0
T14310,Botany and Geology in Latin America and Caribbean,6,0,-6,0.0001,0.0,-0.01
T14326,Ear and Head Tumors,1,5,4,0.0,0.0,0.0
T14345,Scientific Research and Philosophical Inquiry,2,4,2,0.0,0.0,0.0
T14367,Logistics and Infrastructure Analysis,2,4,2,0.0,0.0,0.0
T14371,Hume's philosophy and hair distribution,4,2,-2,0.0,0.0,-0.0
T14376,Science and Education Research,0,6,6,0.0,0.0001,0.01
T14400,Medical Coding and Health Information,2,4,2,0.0,0.0,0.0
T14415,Biomedical Research and Pathophysiology,6,0,-6,0.0001,0.0,-0.01
T14419,Banking Systems and Strategies,0,6,6,0.0,0.0001,0.01
T14426,"Religion, Gender, and Enlightenment",4,2,-2,0.0,0.0,-0.0
T14470,Advanced Data Processing Techniques,6,0,-6,0.0001,0.0,-0.01
T14520,Sustainable Urban and Rural Development,1,5,4,0.0,0.0,0.0
T10138,Network Traffic and Congestion Control,3,2,-1,0.0,0.0,-0.0
T10259,Sociology and Education Studies,4,1,-3,0.0,0.0,-0.0
T10699,Primate Behavior and Ecology,2,3,1,0.0,0.0,0.0
T10846,Photonic Crystal and Fiber Optics,4,1,-3,0.0,0.0,-0.0
T10865,Shape Memory Alloy Transformations,3,2,-1,0.0,0.0,-0.0
T10917,Smart Grid Security and Resilience,4,1,-3,0.0,0.0,-0.0
T11154,Parasitic infections in humans and animals,1,4,3,0.0,0.0,0.0
T11166,Analytic Number Theory Research,3,2,-1,0.0,0.0,-0.0
T11322,Facial Rejuvenation and Surgery Techniques,4,1,-3,0.0,0.0,-0.0
T11438,Retinal Imaging and Analysis,3,2,-1,0.0,0.0,-0.0
T11530,Business and Management Studies,1,4,3,0.0,0.0,0.0
T11555,Methodologies in Health Research and Practice,1,4,3,0.0,0.0,0.0
T11627,Autoimmune Neurological Disorders and Treatments,3,2,-1,0.0,0.0,-0.0
T11633,Prenatal Substance Exposure Effects,3,2,-1,0.0,0.0,-0.0
T11721,Blood properties and coagulation,1,4,3,0.0,0.0,0.0
T11759,Occupational Therapy Practice and Research,3,2,-1,0.0,0.0,-0.0
T11771,Plant Pathogens and Resistance,4,1,-3,0.0,0.0,-0.0
T11775,COVID-19 diagnosis using AI,4,1,-3,0.0,0.0,-0.0
T11778,Electrical and Bioimpedance Tomography,3,2,-1,0.0,0.0,-0.0
T11802,Chemical Looping and Thermochemical Processes,1,4,3,0.0,0.0,0.0
T11812,Nasal Surgery and Airway Studies,3,2,-1,0.0,0.0,-0.0
T11849,Intellectual Capital and Performance Analysis,5,0,-5,0.0,0.0,-0.0
T11880,Forest ecology and management,4,1,-3,0.0,0.0,-0.0
T11910,Foreign Body Medical Cases,2,3,1,0.0,0.0,0.0
T11936,Chemical and Physical Properties in Aqueous Solutions,3,2,-1,0.0,0.0,-0.0
T11982,Rhetoric and Communication Studies,1,4,3,0.0,0.0,0.0
T12069,Commutative Algebra and Its Applications,4,1,-3,0.0,0.0,-0.0
T12115,Genetic and Environmental Crop Studies,5,0,-5,0.0,0.0,-0.0
T12153,Advanced Optical Sensing Technologies,5,0,-5,0.0,0.0,-0.0
T12173,Body Contouring and Surgery,3,2,-1,0.0,0.0,-0.0
T12203,Mobile Agent-Based Network Management,5,0,-5,0.0,0.0,-0.0
T12221,Cybersecurity and Cyber Warfare Studies,3,2,-1,0.0,0.0,-0.0
T12257,Bioactive natural compounds,2,3,1,0.0,0.0,0.0
T12289,Library Science and Administration,1,4,3,0.0,0.0,0.0
T12291,Pericarditis and Cardiac Tamponade,3,2,-1,0.0,0.0,-0.0
T12302,Advanced Nanomaterials in Catalysis,5,0,-5,0.0,0.0,-0.0
T12310,Crop Yield and Soil Fertility,3,2,-1,0.0,0.0,-0.0
T12326,Network Packet Processing and Optimization,1,4,3,0.0,0.0,0.0
T12361,Study of Mite Species,2,3,1,0.0,0.0,0.0
T12380,Authorship Attribution and Profiling,2,3,1,0.0,0.0,0.0
T12479,Web Application Security Vulnerabilities,2,3,1,0.0,0.0,0.0
T12529,Ga2O3 and related materials,4,1,-3,0.0,0.0,-0.0
T12544,Working Capital and Financial Performance,4,1,-3,0.0,0.0,-0.0
T12554,Vitamin C and Antioxidants Research,4,1,-3,0.0,0.0,-0.0
T12558,Wittgensteinian philosophy and applications,3,2,-1,0.0,0.0,-0.0
T12572,"Intelligence, Security, War Strategy",1,4,3,0.0,0.0,0.0
T12587,Gestational Trophoblastic Disease Studies,4,1,-3,0.0,0.0,-0.0
T12606,Diptera species taxonomy and behavior,3,2,-1,0.0,0.0,-0.0
T12653,Cyclization and Aryne Chemistry,1,4,3,0.0,0.0,0.0
T12665,Bamboo properties and applications,3,2,-1,0.0,0.0,-0.0
T12722,Innovation Policy and R&D,4,1,-3,0.0,0.0,-0.0
T12728,Demographic Trends and Gender Preferences,5,0,-5,0.0,0.0,-0.0
T12758,Saffron Plant Research Studies,3,2,-1,0.0,0.0,-0.0
T12771,Plant pathogens and resistance mechanisms,5,0,-5,0.0,0.0,-0.0
T12789,Planarian Biology and Electrostimulation,2,3,1,0.0,0.0,0.0
T12834,Flowering Plant Growth and Cultivation,1,4,3,0.0,0.0,0.0
T12838,Photovoltaic Systems and Sustainability,3,2,-1,0.0,0.0,-0.0
T12872,Philippine History and Culture,5,0,-5,0.0,0.0,-0.0
T12887,Educational Strategies and Epistemologies,5,0,-5,0.0,0.0,-0.0
T12894,Date Palm Research Studies,4,1,-3,0.0,0.0,-0.0
T12902,Public Policy and Governance,5,0,-5,0.0,0.0,-0.0
T12914,Infectious Disease Case Reports and Treatments,3,2,-1,0.0,0.0,-0.0
T12916,COVID-19 impact on air quality,4,1,-3,0.0,0.0,-0.0
T12928,Education and Cultural Studies,3,2,-1,0.0,0.0,-0.0
T12957,"War, Ethics, and Justification",3,2,-1,0.0,0.0,-0.0
T12960,Heterotopic Ossification and Related Conditions,4,1,-3,0.0,0.0,-0.0
T12962,Nephrotoxicity and Medicinal Plants,4,1,-3,0.0,0.0,-0.0
T12965,Wildlife Conservation and Criminology Analyses,3,2,-1,0.0,0.0,-0.0
T12966,Russian Literature and Bakhtin Studies,0,5,5,0.0,0.0,0.0
T12979,Cardiovascular Disease and Adiposity,3,2,-1,0.0,0.0,-0.0
T13014,Peace and Human Rights Education,1,4,3,0.0,0.0,0.0
T13064,Dutch Social and Cultural Studies,5,0,-5,0.0,0.0,-0.0
T13087,Simone de Beauvoir and Sartre,2,3,1,0.0,0.0,0.0
T13132,"Hydropower, Displacement, Environmental Impact",2,3,1,0.0,0.0,0.0
T13142,GABA and Rice Research,5,0,-5,0.0,0.0,-0.0
T13143,Child Therapy and Development,4,1,-3,0.0,0.0,-0.0
T13148,Environmental and Air Quality Management,0,5,5,0.0,0.0,0.0
T13159,Structural mechanics and materials,4,1,-3,0.0,0.0,-0.0
T13169,Consumer Perception and Purchasing Behavior,1,4,3,0.0,0.0,0.0
T13221,Biological Activity of Diterpenoids and Biflavonoids,1,4,3,0.0,0.0,0.0
T13238,Botanical Studies and Applications,4,1,-3,0.0,0.0,-0.0
T13251,Electrical and Thermal Properties of Materials,2,3,1,0.0,0.0,0.0
T13265,Synthesis of Tetrazole Derivatives,3,2,-1,0.0,0.0,-0.0
T13277,"Media, Religion, Digital Communication",2,3,1,0.0,0.0,0.0
T13309,Reliability and Agreement in Measurement,4,1,-3,0.0,0.0,-0.0
T13333,American Political and Social Dynamics,0,5,5,0.0,0.0,0.0
T13351,Critical Theory and Political Philosophy,1,4,3,0.0,0.0,0.0
T13353,Flow Experience in Various Fields,2,3,1,0.0,0.0,0.0
T13388,Rangeland and Wildlife Management,4,1,-3,0.0,0.0,-0.0
T13403,Higher Education in Latin America,1,4,3,0.0,0.0,0.0
T13406,Human Resources and Workforce,0,5,5,0.0,0.0,0.0
T13423,Social Policies and Healthcare Reform,0,5,5,0.0,0.0,0.0
T13437,Mechanisms of cancer metastasis,3,2,-1,0.0,0.0,-0.0
T13458,Astronomical and nuclear sciences,2,3,1,0.0,0.0,0.0
T13478,Agricultural Development and Management,0,5,5,0.0,0.0,0.0
T13496,Advertising and Communication Studies,2,3,1,0.0,0.0,0.0
T13528,Water Resources and Governance,0,5,5,0.0,0.0,0.0
T13538,Linguistics and Language Analysis,0,5,5,0.0,0.0,0.0
T13540,Animal Diversity and Health Studies,4,1,-3,0.0,0.0,-0.0
T13560,Socioeconomic Development in MENA,5,0,-5,0.0,0.0,-0.0
T13566,Global Educational Reforms and Inequalities,5,0,-5,0.0,0.0,-0.0
T13568,Wood and Agarwood Research,5,0,-5,0.0,0.0,-0.0
T13594,Healthcare innovation and challenges,3,2,-1,0.0,0.0,-0.0
T13600,Science Education and Perceptions,4,1,-3,0.0,0.0,-0.0
T13620,Education for Peace and Conflict Resolution,0,5,5,0.0,0.0,0.0
T13631,"Global History, Politics, and Ideology",0,5,5,0.0,0.0,0.0
T13637,Calpain Protease Function and Regulation,5,0,-5,0.0,0.0,-0.0
T13661,Reformed Theology and Governance,0,5,5,0.0,0.0,0.0
T13716,Communication Studies and Media,0,5,5,0.0,0.0,0.0
T13738,Congenital Ear and Nasal Anomalies,4,1,-3,0.0,0.0,-0.0
T13754,Central European and Russian historical studies,3,2,-1,0.0,0.0,-0.0
T13760,"Finance, Taxation, and Governance",4,1,-3,0.0,0.0,-0.0
T13803,Organizational Strategy and Culture,2,3,1,0.0,0.0,0.0
T13878,Case Reports on Hematomas,3,2,-1,0.0,0.0,-0.0
T13881,Sociology and Norbert Elias,4,1,-3,0.0,0.0,-0.0
T13893,Sustainable Development and Policies,0,5,5,0.0,0.0,0.0
T13908,Scientific and Historical Analyses,3,2,-1,0.0,0.0,-0.0
T13946,Musculoskeletal Disorders and Rehabilitation,5,0,-5,0.0,0.0,-0.0
T13953,Digital Imaging in Medicine,5,0,-5,0.0,0.0,-0.0
T13963,Organizational Management and Leadership,3,2,-1,0.0,0.0,-0.0
T13979,Communication and COVID-19 Impact,2,3,1,0.0,0.0,0.0
T13988,Public Administration and Governance,0,5,5,0.0,0.0,0.0
T14035,"Literature, Culture, and Aesthetics",1,4,3,0.0,0.0,0.0
T14036,Literary and Philosophical Studies,2,3,1,0.0,0.0,0.0
T14114,Digital Media and Philosophy,0,5,5,0.0,0.0,0.0
T14135,Cancer and biochemical research,3,2,-1,0.0,0.0,-0.0
T14159,Discourse Analysis and Cultural Communication,2,3,1,0.0,0.0,0.0
T14171,"Education, Law, and Society",0,5,5,0.0,0.0,0.0
T14209,Public health and occupational medicine,1,4,3,0.0,0.0,0.0
T14220,"Workaholism, burnout, and well-being",3,2,-1,0.0,0.0,-0.0
T14241,Evasion and Academic Success Factors,0,5,5,0.0,0.0,0.0
T14276,Power Systems and Technologies,4,1,-3,0.0,0.0,-0.0
T14290,Education Methods and Practices,3,2,-1,0.0,0.0,-0.0
T14303,Polymer Synthesis and Characterization,0,5,5,0.0,0.0,0.0
T14313,Health and Well-being Studies,4,1,-3,0.0,0.0,-0.0
T14315,Feminist Theory and Gender Studies,0,5,5,0.0,0.0,0.0
T14334,HIV/AIDS Impact and Responses,4,1,-3,0.0,0.0,-0.0
T14351,Statistical and Computational Modeling,5,0,-5,0.0,0.0,-0.0
T14356,Organizational Leadership and Management Strategies,4,1,-3,0.0,0.0,-0.0
T14366,Schopenhauer and Stefan Zweig,1,4,3,0.0,0.0,0.0
T14408,Coastal Management and Development,0,5,5,0.0,0.0,0.0
T14445,Transportation Safety and Impact Analysis,1,4,3,0.0,0.0,0.0
T14496,Educational Technology and E-Learning,0,5,5,0.0,0.0,0.0
T14499,Livestock Farming and Management,0,5,5,0.0,0.0,0.0
T14509,demographic modeling and climate adaptation,4,1,-3,0.0,0.0,-0.0
T14514,Medical Research and Practices,5,0,-5,0.0,0.0,-0.0
T10011,"Literature: history, themes, analysis",1,3,2,0.0,0.0,0.0
T10494,Plant Virus Research Studies,3,1,-2,0.0,0.0,-0.0
T10651,"IPv6, Mobility, Handover, Networks, Security",0,4,4,0.0,0.0,0.0
T10974,Advanced Queuing Theory Analysis,4,0,-4,0.0,0.0,-0.0
T11009,Catalysis for Biomass Conversion,3,1,-2,0.0,0.0,-0.0
T11237,Plant Gene Expression Analysis,4,0,-4,0.0,0.0,-0.0
T11411,Tea Polyphenols and Effects,3,1,-2,0.0,0.0,-0.0
T11436,Entomopathogenic Microorganisms in Pest Control,3,1,-2,0.0,0.0,-0.0
T11493,Water Treatment and Disinfection,2,2,0,0.0,0.0,-0.0
T11513,stochastic dynamics and bifurcation,3,1,-2,0.0,0.0,-0.0
T11524,Advanced Aircraft Design and Technologies,4,0,-4,0.0,0.0,-0.0
T11557,Lubricants and Their Additives,3,1,-2,0.0,0.0,-0.0
T11564,Mathematical Inequalities and Applications,3,1,-2,0.0,0.0,-0.0
T11693,Cryptography and Residue Arithmetic,2,2,0,0.0,0.0,-0.0
T11695,South African History and Culture,4,0,-4,0.0,0.0,-0.0
T11726,Organizational Management and Innovation,2,2,0,0.0,0.0,-0.0
T11777,Fixed Point Theorems Analysis,1,3,2,0.0,0.0,0.0
T11800,User Authentication and Security Systems,0,4,4,0.0,0.0,0.0
T11885,MRI in cancer diagnosis,3,1,-2,0.0,0.0,-0.0
T11900,Fungal Plant Pathogen Control,4,0,-4,0.0,0.0,-0.0
T12003,Bioenergy crop production and management,1,3,2,0.0,0.0,0.0
T12160,African cultural and philosophical studies,0,4,4,0.0,0.0,0.0
T12178,Bird parasitology and diseases,3,1,-2,0.0,0.0,-0.0
T12195,Aerogels and thermal insulation,3,1,-2,0.0,0.0,-0.0
T12200,Heusler alloys: electronic and magnetic properties,1,3,2,0.0,0.0,0.0
T12208,Occupational exposure and asthma,3,1,-2,0.0,0.0,-0.0
T12220,Quantum Electrodynamics and Casimir Effect,3,1,-2,0.0,0.0,-0.0
T12245,"Counseling, Therapy, and Family Dynamics",2,2,0,0.0,0.0,-0.0
T12263,Peacebuilding and International Security,1,3,2,0.0,0.0,0.0
T12271,Renewable energy and sustainable power systems,2,2,0,0.0,0.0,-0.0
T12384,Customer churn and segmentation,2,2,0,0.0,0.0,-0.0
T12385,Food Quality and Safety Studies,4,0,-4,0.0,0.0,-0.0
T12407,Plant Growth Enhancement Techniques,2,2,0,0.0,0.0,-0.0
T12423,Software Reliability and Analysis Research,4,0,-4,0.0,0.0,-0.0
T12431,Sugarcane Cultivation and Processing,4,0,-4,0.0,0.0,-0.0
T12478,Wikis in Education and Collaboration,1,3,2,0.0,0.0,0.0
T12549,Image and Object Detection Techniques,2,2,0,0.0,0.0,-0.0
T12550,"Politics and Conflicts in Afghanistan, Pakistan, and Middle East",4,0,-4,0.0,0.0,-0.0
T12571,Soybean genetics and cultivation,4,0,-4,0.0,0.0,-0.0
T12578,Diagnosis and treatment of tuberculosis,2,2,0,0.0,0.0,-0.0
T12580,Vagus Nerve Stimulation Research,4,0,-4,0.0,0.0,-0.0
T12592,Opinion Dynamics and Social Influence,4,0,-4,0.0,0.0,-0.0
T12602,Medical Education and Admissions,1,3,2,0.0,0.0,0.0
T12627,Graphene and Nanomaterials Applications,4,0,-4,0.0,0.0,-0.0
T12659,Innovation Diffusion and Forecasting,2,2,0,0.0,0.0,-0.0
T12671,Management and Marketing Education,1,3,2,0.0,0.0,0.0
T12685,Phytochemical compounds biological activities,3,1,-2,0.0,0.0,-0.0
T12699,Electromagnetic Launch and Propulsion Technology,4,0,-4,0.0,0.0,-0.0
T12737,Electrical Fault Detection and Protection,2,2,0,0.0,0.0,-0.0
T12787,Human Behavior and Motivation,0,4,4,0.0,0.0,0.0
T12792,Soil Management and Crop Yield,1,3,2,0.0,0.0,0.0
T12799,Mobile and Web Applications,0,4,4,0.0,0.0,0.0
T12813,Plant and Biological Electrophysiology Studies,4,0,-4,0.0,0.0,-0.0
T12835,FOXO transcription factor regulation,3,1,-2,0.0,0.0,-0.0
T12856,Transgenic Plants and Applications,2,2,0,0.0,0.0,-0.0
T12875,Thermal Expansion and Ionic Conductivity,1,3,2,0.0,0.0,0.0
T12899,Engineering and Technology Innovations,4,0,-4,0.0,0.0,-0.0
T12905,Management Systems and Quality Improvement,0,4,4,0.0,0.0,0.0
T12952,School Leadership and Teacher Performance,0,4,4,0.0,0.0,0.0
T12968,Research on scale insects,2,2,0,0.0,0.0,-0.0
T12973,Synthesis of Indole Derivatives,2,2,0,0.0,0.0,-0.0
T12992,Metastasis and carcinoma case studies,1,3,2,0.0,0.0,0.0
T12994,Infrared Thermography in Medicine,4,0,-4,0.0,0.0,-0.0
T13016,Innovative Educational Technologies,4,0,-4,0.0,0.0,-0.0
T13021,Geology and Environmental Impact Studies,0,4,4,0.0,0.0,0.0
T13030,Survey Sampling and Estimation Techniques,1,3,2,0.0,0.0,0.0
T13038,Internet of Things and AI,3,1,-2,0.0,0.0,-0.0
T13046,Electrokinetic Soil Remediation Techniques,2,2,0,0.0,0.0,-0.0
T13053,SMEs Development and Digital Marketing,3,1,-2,0.0,0.0,-0.0
T13066,Information Society and Technology Trends,0,4,4,0.0,0.0,0.0
T13076,"Torture, Ethics, and Law",2,2,0,0.0,0.0,-0.0
T13079,Heavy Metals in Plants,2,2,0,0.0,0.0,-0.0
T13086,Post-Soviet Geopolitical Dynamics,4,0,-4,0.0,0.0,-0.0
T13090,Medicinal Plant Extracts Effects,2,2,0,0.0,0.0,-0.0
T13095,Plant-based Medicinal Research,4,0,-4,0.0,0.0,-0.0
T13115,Axial and Atropisomeric Chirality Synthesis,3,1,-2,0.0,0.0,-0.0
T13158,Political and Economic history of UK and US,1,3,2,0.0,0.0,0.0
T13184,Research in Social Sciences,4,0,-4,0.0,0.0,-0.0
T13188,Synthesis and bioactivity of alkaloids,2,2,0,0.0,0.0,-0.0
T13192,Forensic Fingerprint Detection Methods,4,0,-4,0.0,0.0,-0.0
T13209,Cold Fusion and Nuclear Reactions,3,1,-2,0.0,0.0,-0.0
T13225,Polish-Jewish Holocaust Memory Studies,1,3,2,0.0,0.0,0.0
T13245,Samuel Beckett and Modernism,3,1,-2,0.0,0.0,-0.0
T13269,Orthoptera Research and Taxonomy,4,0,-4,0.0,0.0,-0.0
T13314,Lymphadenopathy Diagnosis and Analysis,2,2,0,0.0,0.0,-0.0
T13321,"Radio, Podcasts, and Digital Media",1,3,2,0.0,0.0,0.0
T13337,Korean Peninsula Historical and Political Studies,4,0,-4,0.0,0.0,-0.0
T13365,Medical and Biological Ozone Research,3,1,-2,0.0,0.0,-0.0
T13399,Unemployment and Economic Growth,0,4,4,0.0,0.0,0.0
T13415,Calcium signaling and nucleotide metabolism,4,0,-4,0.0,0.0,-0.0
T13440,Electromagnetic Effects on Materials,4,0,-4,0.0,0.0,-0.0
T13441,Ottoman Empire History and Society,0,4,4,0.0,0.0,0.0
T13451,Mechanical Engineering Research and Applications,1,3,2,0.0,0.0,0.0
T13493,Optical and Acousto-Optic Technologies,4,0,-4,0.0,0.0,-0.0
T13521,Psychosocial Factors Impacting Youth,3,1,-2,0.0,0.0,-0.0
T13526,14-3-3 protein interactions,4,0,-4,0.0,0.0,-0.0
T13553,Age of Information Optimization,3,1,-2,0.0,0.0,-0.0
T13563,Chemical Analysis and Environmental Impact,4,0,-4,0.0,0.0,-0.0
T13572,German Security and Defense Policies,2,2,0,0.0,0.0,-0.0
T13584,Coal Combustion and Slurry Processing,3,1,-2,0.0,0.0,-0.0
T13645,Thermodynamic and Structural Properties of Metals and Alloys,1,3,2,0.0,0.0,0.0
T13657,Aortic Thrombus and Embolism,3,1,-2,0.0,0.0,-0.0
T13660,Philosophical and Historical Studies,3,1,-2,0.0,0.0,-0.0
T13671,Philosophy and Phenomenology Studies,0,4,4,0.0,0.0,0.0
T13698,"Education, Politics, and Culture Studies",1,3,2,0.0,0.0,0.0
T13721,Political Science Research and Education,0,4,4,0.0,0.0,0.0
T13734,Advanced Computational Techniques and Applications,3,1,-2,0.0,0.0,-0.0
T13741,Cross-Cultural and Social Analysis,0,4,4,0.0,0.0,0.0
T13769,Fusion and Plasma Physics Studies,4,0,-4,0.0,0.0,-0.0
T13792,Morinda citrifolia extract uses,4,0,-4,0.0,0.0,-0.0
T13794,Financial Reporting and XBRL,2,2,0,0.0,0.0,-0.0
T13808,Construction Engineering and Safety,3,1,-2,0.0,0.0,-0.0
T13813,Oral and Craniofacial Lesions,2,2,0,0.0,0.0,-0.0
T13822,Indigenous Health and Education,4,0,-4,0.0,0.0,-0.0
T13848,Ottoman and Turkish Studies,1,3,2,0.0,0.0,0.0
T13853,Teacher Education and Assessments,0,4,4,0.0,0.0,0.0
T13867,Economic Growth and Development,2,2,0,0.0,0.0,-0.0
T13891,Engineering Diagnostics and Reliability,3,1,-2,0.0,0.0,-0.0
T13902,Indian History and Philosophy,2,2,0,0.0,0.0,-0.0
T13934,Indigenous Knowledge Systems and Agriculture,2,2,0,0.0,0.0,-0.0
T13942,International Human Rights and Reproductive Law,2,2,0,0.0,0.0,-0.0
T13947,Media Discourse and Social  Analysis,1,3,2,0.0,0.0,0.0
T13967,"Conservation, Ecology, Wildlife Education",2,2,0,0.0,0.0,-0.0
T13983,Cybersecurity and Information Systems,4,0,-4,0.0,0.0,-0.0
T13999,Digital Rights Management and Security,2,2,0,0.0,0.0,-0.0
T14011,Elevator Systems and Control,3,1,-2,0.0,0.0,-0.0
T14038,"Youth, Politics, and Society",0,4,4,0.0,0.0,0.0
T14070,Knowledge Societies in the 21st Century,4,0,-4,0.0,0.0,-0.0
T14072,Immunotoxicology and immune responses,2,2,0,0.0,0.0,-0.0
T14086,Military and Defense Studies,1,3,2,0.0,0.0,0.0
T14098,Energy Efficiency in Computing,1,3,2,0.0,0.0,0.0
T14101,Financial Crisis of the 21st Century,4,0,-4,0.0,0.0,-0.0
T14112,"Economic, financial, and policy analysis",0,4,4,0.0,0.0,0.0
T14133,Border Security and International Relations,0,4,4,0.0,0.0,0.0
T14139,E-commerce and Technology Innovations,1,3,2,0.0,0.0,0.0
T14173,"Education, Healthcare and Sociology Research",0,4,4,0.0,0.0,0.0
T14181,Academic Freedom and Politics,0,4,4,0.0,0.0,0.0
T14182,Technology-Enhanced Education Studies,4,0,-4,0.0,0.0,-0.0
T14239,"Business, Education, Mathematics Research",4,0,-4,0.0,0.0,-0.0
T14246,E-Learning and Knowledge Management,3,1,-2,0.0,0.0,-0.0
T14275,Historical Medical Research and Treatments,4,0,-4,0.0,0.0,-0.0
T14285,Biopolymer Synthesis and Applications,4,0,-4,0.0,0.0,-0.0
T14298,Cultural and Social Studies,4,0,-4,0.0,0.0,-0.0
T14304,Transport Systems and Technology,1,3,2,0.0,0.0,0.0
T14316,"Nursing Education, Practice, and Leadership",2,2,0,0.0,0.0,-0.0
T14325,Diverse Specialized Academic Research,4,0,-4,0.0,0.0,-0.0
T14348,Marriage and Family Dynamics,0,4,4,0.0,0.0,0.0
T14349,Global Political and Economic Relations,0,4,4,0.0,0.0,0.0
T14363,Optical properties and cooling technologies in crystalline materials,4,0,-4,0.0,0.0,-0.0
T14394,Cognitive Science and Education Research,4,0,-4,0.0,0.0,-0.0
T14416,"Health, Technology, Consumer Behavior",2,2,0,0.0,0.0,-0.0
T14458,Education and Work Dynamics,0,4,4,0.0,0.0,0.0
T10256,Drug Solubulity and Delivery Systems,1,2,1,0.0,0.0,0.0
T10348,"Indigenous Health, Education, and Rights",1,2,1,0.0,0.0,0.0
T10584,Reproductive Physiology in Livestock,1,2,1,0.0,0.0,0.0
T10774,Weed Control and Herbicide Applications,2,1,-1,0.0,0.0,-0.0
T10910,Corporate Governance and Management,2,1,-1,0.0,0.0,-0.0
T10989,Uterine Myomas and Treatments,2,1,-1,0.0,0.0,-0.0
T11032,VLSI and Analog Circuit Testing,2,1,-1,0.0,0.0,-0.0
T11100,Intermetallics and Advanced Alloy Properties,2,1,-1,0.0,0.0,-0.0
T11136,Enzyme-mediated dye degradation,1,2,1,0.0,0.0,0.0
T11256,Asian Studies and History,3,0,-3,0.0,0.0,-0.0
T11295,Counseling Practices and Supervision,0,3,3,0.0,0.0,0.0
T11318,Phytoestrogen effects and research,3,0,-3,0.0,0.0,-0.0
T11398,Hand Gesture Recognition Systems,2,1,-1,0.0,0.0,-0.0
T11403,Invertebrate Immune Response Mechanisms,3,0,-3,0.0,0.0,-0.0
T11418,Plant Micronutrient Interactions and Effects,2,1,-1,0.0,0.0,-0.0
T11428,Advanced Mathematical Identities,1,2,1,0.0,0.0,0.0
T11498,Security in Wireless Sensor Networks,1,2,1,0.0,0.0,0.0
T11527,3D IC and TSV technologies,2,1,-1,0.0,0.0,-0.0
T11709,Traditional Chinese Medicine Analysis,2,1,-1,0.0,0.0,-0.0
T11734,Decision Support System Applications,1,2,1,0.0,0.0,0.0
T11750,Phytoplasmas and Hemiptera pathogens,2,1,-1,0.0,0.0,-0.0
T11806,Service-Learning and Community Engagement,0,3,3,0.0,0.0,0.0
T11979,Garlic and Onion Studies,2,1,-1,0.0,0.0,-0.0
T12043,Insect behavior and control techniques,3,0,-3,0.0,0.0,-0.0
T12109,"Race, Identity, and Education in Brazil",2,1,-1,0.0,0.0,-0.0
T12123,Financial Analysis and Corporate Governance,0,3,3,0.0,0.0,0.0
T12125,Aerospace and Aviation Technology,1,2,1,0.0,0.0,0.0
T12193,Trigeminal Neuralgia and Treatments,2,1,-1,0.0,0.0,-0.0
T12194,Cultural Competency in Health Care,1,2,1,0.0,0.0,0.0
T12276,Risk Management in Financial Firms,2,1,-1,0.0,0.0,-0.0
T12354,Innovations in Educational Methods,1,2,1,0.0,0.0,0.0
T12412,Enzyme function and inhibition,3,0,-3,0.0,0.0,-0.0
T12440,Karl Barth and Christian Theology,0,3,3,0.0,0.0,0.0
T12462,Elder Abuse and Neglect,1,2,1,0.0,0.0,0.0
T12480,Health and Wellbeing Research,1,2,1,0.0,0.0,0.0
T12488,Mental Health via Writing,2,1,-1,0.0,0.0,-0.0
T12491,Superconductivity in MgB2 and Alloys,2,1,-1,0.0,0.0,-0.0
T12498,Latin American Cultural Politics,2,1,-1,0.0,0.0,-0.0
T12515,Gender and Technology in Education,1,2,1,0.0,0.0,0.0
T12516,Advanced Mathematical Theories and Applications,3,0,-3,0.0,0.0,-0.0
T12533,Aldose Reductase and Taurine,2,1,-1,0.0,0.0,-0.0
T12567,Heat transfer and supercritical fluids,3,0,-3,0.0,0.0,-0.0
T12582,Flavonoids in Medical Research,0,3,3,0.0,0.0,0.0
T12601,Web Applications and Data Management,3,0,-3,0.0,0.0,-0.0
T12605,Berry genetics and cultivation research,3,0,-3,0.0,0.0,-0.0
T12623,"Cultural, Media, and Literary Studies",2,1,-1,0.0,0.0,-0.0
T12657,Phytochemistry Medicinal Plant Applications,3,0,-3,0.0,0.0,-0.0
T12662,Digitalization and Economic Development in Agriculture,0,3,3,0.0,0.0,0.0
T12674,"Rabbits: Nutrition, Reproduction, Health",3,0,-3,0.0,0.0,-0.0
T12702,Brain Tumor Detection and Classification,2,1,-1,0.0,0.0,-0.0
T12734,Information Systems and Technology Applications,1,2,1,0.0,0.0,0.0
T12774,Bauxite Residue and Utilization,3,0,-3,0.0,0.0,-0.0
T12785,Hong Kong and Taiwan Politics,3,0,-3,0.0,0.0,-0.0
T12795,Banana Cultivation and Research,3,0,-3,0.0,0.0,-0.0
T12830,Pectus Deformity Diagnosis and Treatment,2,1,-1,0.0,0.0,-0.0
T12847,Healthcare Systems and Challenges,3,0,-3,0.0,0.0,-0.0
T12861,"Migration, Education, Indigenous Social Dynamics",1,2,1,0.0,0.0,0.0
T12879,Distributed Sensor Networks and Detection Algorithms,1,2,1,0.0,0.0,0.0
T12904,Diverse Educational Innovations Studies,2,1,-1,0.0,0.0,-0.0
T12935,Healthcare Systems and Public Health,2,1,-1,0.0,0.0,-0.0
T12941,Embedded Systems and FPGA Design,1,2,1,0.0,0.0,0.0
T12946,Fractal and DNA sequence analysis,2,1,-1,0.0,0.0,-0.0
T12951,Burkholderia infections and melioidosis,0,3,3,0.0,0.0,0.0
T12956,Asian Geopolitics and Ethnography,3,0,-3,0.0,0.0,-0.0
T12991,Phytase and its Applications,2,1,-1,0.0,0.0,-0.0
T12998,Education and Islamic Studies,2,1,-1,0.0,0.0,-0.0
T13040,"Gender, Education, and Development Issues",1,2,1,0.0,0.0,0.0
T13041,Contemporary Social and Economic Issues,0,3,3,0.0,0.0,0.0
T13044,Biofield Effects and Biophysics,2,1,-1,0.0,0.0,-0.0
T13048,Patient Dignity and Privacy,0,3,3,0.0,0.0,0.0
T13071,Digital Storytelling and Education,3,0,-3,0.0,0.0,-0.0
T13085,"Education, Psychology, and Social Research",1,2,1,0.0,0.0,0.0
T13112,Nutrition and Health Studies,0,3,3,0.0,0.0,0.0
T13137,Strategic Planning and Analysis,1,2,1,0.0,0.0,0.0
T13172,Economic Issues in Ukraine,3,0,-3,0.0,0.0,-0.0
T13183,Islanding Detection in Power Systems,3,0,-3,0.0,0.0,-0.0
T13185,Phytochemistry and Bioactive Compounds,3,0,-3,0.0,0.0,-0.0
T13213,Mechanical Failure Analysis and Simulation,1,2,1,0.0,0.0,0.0
T13254,Macrophage Migration Inhibitory Factor,3,0,-3,0.0,0.0,-0.0
T13272,Psychological Treatments and Assessments,2,1,-1,0.0,0.0,-0.0
T13298,Solar Energy Systems and Technologies,1,2,1,0.0,0.0,0.0
T13334,South Asian Cinema and Culture,3,0,-3,0.0,0.0,-0.0
T13371,Military Defense Systems Analysis,0,3,3,0.0,0.0,0.0
T13448,Indigenous Cultures and Socio-Education,1,2,1,0.0,0.0,0.0
T13452,GDF15 and Related Biomarkers,2,1,-1,0.0,0.0,-0.0
T13472,Brazilian History and Foreign Policy,0,3,3,0.0,0.0,0.0
T13488,Sports and Physical Education Studies,3,0,-3,0.0,0.0,-0.0
T13522,Cardiovascular Health and Risk Factors,2,1,-1,0.0,0.0,-0.0
T13529,Education Systems and Policies,3,0,-3,0.0,0.0,-0.0
T13576,"Cyprus History, Politics, Society",3,0,-3,0.0,0.0,-0.0
T13585,Technostress in Professional Settings,0,3,3,0.0,0.0,0.0
T13616,"Governance, Compliance, and Sustainability",0,3,3,0.0,0.0,0.0
T13639,Paraquat toxicity studies and treatments,2,1,-1,0.0,0.0,-0.0
T13685,Material Science and Thermodynamics,3,0,-3,0.0,0.0,-0.0
T13703,Attention Economy in Education and Business,3,0,-3,0.0,0.0,-0.0
T13715,Power Line Inspection Robots,2,1,-1,0.0,0.0,-0.0
T13718,Media Influence and Politics,2,1,-1,0.0,0.0,-0.0
T13719,Phytochemistry and Bioactivity Studies,3,0,-3,0.0,0.0,-0.0
T13730,"Martial Arts: Techniques, Psychology, and Education",1,2,1,0.0,0.0,0.0
T13740,Soil Science and Environmental Management,0,3,3,0.0,0.0,0.0
T13757,Graphic Design and Typography,0,3,3,0.0,0.0,0.0
T13780,Diverse Education Studies and Reforms,3,0,-3,0.0,0.0,-0.0
T13782,Transactional Analysis in Psychotherapy,3,0,-3,0.0,0.0,-0.0
T13789,Global Education Systems and Policies,2,1,-1,0.0,0.0,-0.0
T13869,Ocular and Laser Science Research,2,1,-1,0.0,0.0,-0.0
T13871,Melamine detection and toxicity,3,0,-3,0.0,0.0,-0.0
T13886,Operations Management Techniques,3,0,-3,0.0,0.0,-0.0
T13907,Social Issues and Sustainability,3,0,-3,0.0,0.0,-0.0
T13935,Mathematical Control Systems and Analysis,3,0,-3,0.0,0.0,-0.0
T13966,Neurological and metabolic disorders,1,2,1,0.0,0.0,0.0
T13972,Business Law and Ethics,0,3,3,0.0,0.0,0.0
T13976,Web visibility and informetrics,2,1,-1,0.0,0.0,-0.0
T13985,Enterprise Management and Information Systems,1,2,1,0.0,0.0,0.0
T14004,History and Cultural Heritage,2,1,-1,0.0,0.0,-0.0
T14007,Indigenous and Place-Based Education,0,3,3,0.0,0.0,0.0
T14028,Healthcare and Venom Research,1,2,1,0.0,0.0,0.0
T14043,Historical and modern epidemiology studies,0,3,3,0.0,0.0,0.0
T14053,Dengue and Mosquito Control Research,0,3,3,0.0,0.0,0.0
T14065,Biological Research and Disease Studies,3,0,-3,0.0,0.0,-0.0
T14116,Aviation History and Innovations,1,2,1,0.0,0.0,0.0
T14126,Intramuscular injections and effects,2,1,-1,0.0,0.0,-0.0
T14144,Neurological Disease Mechanisms and Treatments,3,0,-3,0.0,0.0,-0.0
T14158,Optical Systems and Laser Technology,3,0,-3,0.0,0.0,-0.0
T14192,"Literature, Film, and Journalism Analysis",2,1,-1,0.0,0.0,-0.0
T14215,Chemical and Environmental Engineering Research,3,0,-3,0.0,0.0,-0.0
T14219,Local Economic Development and Planning,0,3,3,0.0,0.0,0.0
T14224,"Oil, Gas, and Environmental Issues",0,3,3,0.0,0.0,0.0
T14244,Consumer Behavior and Marketing Influence,0,3,3,0.0,0.0,0.0
T14257,Advanced Measurement and Detection Methods,2,1,-1,0.0,0.0,-0.0
T14301,Educational methodologies and cognitive development,1,2,1,0.0,0.0,0.0
T14308,Psychological and Educational Research Studies,3,0,-3,0.0,0.0,-0.0
T14312,Historical Studies in Central America,0,3,3,0.0,0.0,0.0
T14317,"Finance, Markets, and Regulation",0,3,3,0.0,0.0,0.0
T14344,Pathogenesis and Treatment of Hiccups,3,0,-3,0.0,0.0,-0.0
T14347,Big Data and Digital Economy,3,0,-3,0.0,0.0,-0.0
T14381,"Psychiatry, Mental Health, Neuroscience",2,1,-1,0.0,0.0,-0.0
T14412,Marine and Coastal Research,1,2,1,0.0,0.0,0.0
T14463,Diverse Scientific Research Studies,3,0,-3,0.0,0.0,-0.0
T14513,"Leadership, Courage, and Heroism Studies",1,2,1,0.0,0.0,0.0
T10806,Energetic Materials and Combustion,2,0,-2,0.0,0.0,-0.0
T10826,Behavioral and Psychological Studies,0,2,2,0.0,0.0,0.0
T10960,Hypothalamic control of reproductive hormones,1,1,0,0.0,0.0,-0.0
T10972,Power Systems Fault Detection,1,1,0,0.0,0.0,-0.0
T11065,Insect Pest Control Strategies,1,1,0,0.0,0.0,-0.0
T11226,Milk Quality and Mastitis in Dairy Cows,1,1,0,0.0,0.0,-0.0
T11504,Advanced Authentication Protocols Security,1,1,0,0.0,0.0,-0.0
T11508,Corporate Taxation and Avoidance,1,1,0,0.0,0.0,-0.0
T11593,Carbon dioxide utilization in catalysis,2,0,-2,0.0,0.0,-0.0
T11652,Imbalanced Data Classification Techniques,2,0,-2,0.0,0.0,-0.0
T11671,Fuzzy and Soft Set Theory,1,1,0,0.0,0.0,-0.0
T11756,Mentoring and Academic Development,1,1,0,0.0,0.0,-0.0
T11760,Plant responses to elevated CO2,1,1,0,0.0,0.0,-0.0
T11790,N-Heterocyclic Carbenes in Organic and Inorganic Chemistry,2,0,-2,0.0,0.0,-0.0
T11820,Learning Styles and Cognitive Differences,0,2,2,0.0,0.0,0.0
T11837,Iron and Steelmaking Processes,1,1,0,0.0,0.0,-0.0
T11889,Ginseng Biological Effects and Applications,1,1,0,0.0,0.0,-0.0
T12055,Boron Compounds in Chemistry,1,1,0,0.0,0.0,-0.0
T12058,Allelopathy and phytotoxic interactions,1,1,0,0.0,0.0,-0.0
T12094,Hemoglobin structure and function,2,0,-2,0.0,0.0,-0.0
T12122,Physical Unclonable Functions (PUFs) and Hardware Security,1,1,0,0.0,0.0,-0.0
T12134,Insect symbiosis and bacterial influences,1,1,0,0.0,0.0,-0.0
T12164,Education Practices and Challenges,2,0,-2,0.0,0.0,-0.0
T12181,Agricultural and Biological Research,0,2,2,0.0,0.0,0.0
T12204,African Education and Politics,0,2,2,0.0,0.0,0.0
T12210,Policy Transfer and Learning,0,2,2,0.0,0.0,0.0
T12218,Coal and Its By-products,2,0,-2,0.0,0.0,-0.0
T12222,IoT-based Smart Home Systems,1,1,0,0.0,0.0,-0.0
T12243,Research in Cotton Cultivation,2,0,-2,0.0,0.0,-0.0
T12262,Hate Speech and Cyberbullying Detection,1,1,0,0.0,0.0,-0.0
T12265,Gun Ownership and Violence Research,1,1,0,0.0,0.0,-0.0
T12298,Phytochemicals and Medicinal Plants,2,0,-2,0.0,0.0,-0.0
T12309,solar cell performance optimization,2,0,-2,0.0,0.0,-0.0
T12347,Ginger and Zingiberaceae research,2,0,-2,0.0,0.0,-0.0
T12376,Corporate Management and Leadership,1,1,0,0.0,0.0,-0.0
T12382,History of Education Research in Brazil,1,1,0,0.0,0.0,-0.0
T12406,IoT and GPS-based Vehicle Safety Systems,2,0,-2,0.0,0.0,-0.0
T12472,Plant responses to water stress,2,0,-2,0.0,0.0,-0.0
T12476,Intraoperative Neuromonitoring and Anesthetic Effects,2,0,-2,0.0,0.0,-0.0
T12485,"Optimism, Hope, and Well-being",2,0,-2,0.0,0.0,-0.0
T12490,Software Engineering and Design Patterns,0,2,2,0.0,0.0,0.0
T12521,Death Anxiety and Social Exclusion,2,0,-2,0.0,0.0,-0.0
T12551,Forgiveness and Related Behaviors,1,1,0,0.0,0.0,-0.0
T12556,Educational Methods and Analysis,2,0,-2,0.0,0.0,-0.0
T12612,Strong Light-Matter Interactions,2,0,-2,0.0,0.0,-0.0
T12642,Polymer-Based Agricultural Enhancements,1,1,0,0.0,0.0,-0.0
T12661,Iterative Methods for Nonlinear Equations,1,1,0,0.0,0.0,-0.0
T12675,Financial Reporting and Valuation Research,2,0,-2,0.0,0.0,-0.0
T12676,Machine Learning and ELM,2,0,-2,0.0,0.0,-0.0
T12695,Urinary and Genital Oncology Studies,2,0,-2,0.0,0.0,-0.0
T12710,Engineering and Agricultural Innovations,1,1,0,0.0,0.0,-0.0
T12732,Agriculture and Farm Safety,1,1,0,0.0,0.0,-0.0
T12738,Corporate Identity and Reputation,2,0,-2,0.0,0.0,-0.0
T12794,Adaptive Dynamic Programming Control,2,0,-2,0.0,0.0,-0.0
T12801,Bluetooth and Wireless Communication Technologies,2,0,-2,0.0,0.0,-0.0
T12822,Turfgrass Adaptation and Management,0,2,2,0.0,0.0,0.0
T12865,Tailings Management and Properties,0,2,2,0.0,0.0,0.0
T12866,Urologic and reproductive health conditions,2,0,-2,0.0,0.0,-0.0
T12886,Historical and Cultural Studies of Poland,0,2,2,0.0,0.0,0.0
T12888,Military Strategy and Technology,0,2,2,0.0,0.0,0.0
T12911,Water Resources and Sustainability,2,0,-2,0.0,0.0,-0.0
T12913,Multidisciplinary Research Papers Compilation,2,0,-2,0.0,0.0,-0.0
T12939,Polish Law and Legal System,2,0,-2,0.0,0.0,-0.0
T12945,Quality Function Deployment in Product Design,0,2,2,0.0,0.0,0.0
T12958,Digital Economy and Transformation,2,0,-2,0.0,0.0,-0.0
T13003,Regional Development and Environment,2,0,-2,0.0,0.0,-0.0
T13007,Economic Sanctions and International Relations,2,0,-2,0.0,0.0,-0.0
T13012,Coenzyme Q10 studies and effects,1,1,0,0.0,0.0,-0.0
T13022,Health and Medical Studies,2,0,-2,0.0,0.0,-0.0
T13029,South Asian Studies and Conflicts,1,1,0,0.0,0.0,-0.0
T13055,Global Security and Public Health,0,2,2,0.0,0.0,0.0
T13065,Mining Techniques and Economics,1,1,0,0.0,0.0,-0.0
T13082,Water and Land Management,2,0,-2,0.0,0.0,-0.0
T13097,Male Breast Health Studies,2,0,-2,0.0,0.0,-0.0
T13105,Synthesis and pharmacology of benzodiazepine derivatives,2,0,-2,0.0,0.0,-0.0
T13161,Ideological and Political Education,2,0,-2,0.0,0.0,-0.0
T13182,Quantum-Dot Cellular Automata,1,1,0,0.0,0.0,-0.0
T13187,Diffusion and Search Dynamics,2,0,-2,0.0,0.0,-0.0
T13194,ICT in Developing Communities,1,1,0,0.0,0.0,-0.0
T13223,Connective Tissue Growth Factor Research,1,1,0,0.0,0.0,-0.0
T13228,Socioeconomic Development in Asia,2,0,-2,0.0,0.0,-0.0
T13233,Occupational Health and Safety Management,1,1,0,0.0,0.0,-0.0
T13259,American Jewish Fiction Analysis,1,1,0,0.0,0.0,-0.0
T13273,Knowledge Management in Higher Education,1,1,0,0.0,0.0,-0.0
T13274,Expert finding and Q&A systems,0,2,2,0.0,0.0,0.0
T13310,Subtitles and Audiovisual Media,1,1,0,0.0,0.0,-0.0
T13313,Dupuytren's Contracture and Treatments,2,0,-2,0.0,0.0,-0.0
T13318,Diverse Scientific Research in Ukraine,2,0,-2,0.0,0.0,-0.0
T13346,Digital Transformation in Financial Services,0,2,2,0.0,0.0,0.0
T13354,Genetics and Physical Performance,2,0,-2,0.0,0.0,-0.0
T13378,Agricultural Development and Policies,1,1,0,0.0,0.0,-0.0
T13383,Tumors and Oncological Cases,2,0,-2,0.0,0.0,-0.0
T13413,Cultural and Historical Studies,2,0,-2,0.0,0.0,-0.0
T13420,Arduino and IoT Applications,1,1,0,0.0,0.0,-0.0
T13450,Turkish Literature and Culture,0,2,2,0.0,0.0,0.0
T13464,Higher Education and Sustainability,0,2,2,0.0,0.0,0.0
T13491,Social and Political Issues,2,0,-2,0.0,0.0,-0.0
T13511,Geodetic Measurements and Engineering Structures,2,0,-2,0.0,0.0,-0.0
T13515,Cultural and Communication Design Research,1,1,0,0.0,0.0,-0.0
T13517,Environmental and Industrial Safety,1,1,0,0.0,0.0,-0.0
T13520,Architectural and Urban Studies,1,1,0,0.0,0.0,-0.0
T13533,Medical Case Reports and Studies,1,1,0,0.0,0.0,-0.0
T13535,Wireless Sensor Networks and IoT,1,1,0,0.0,0.0,-0.0
T13542,"Grit, Self-Efficacy, and Motivation",2,0,-2,0.0,0.0,-0.0
T13564,Education and Public Policy,2,0,-2,0.0,0.0,-0.0
T13573,"Government, Law, and Information Management",0,2,2,0.0,0.0,0.0
T13578,Stonefly species taxonomy and ecology,2,0,-2,0.0,0.0,-0.0
T13580,Management and Performance Evaluation,0,2,2,0.0,0.0,0.0
T13589,Literary and Cultural Studies,2,0,-2,0.0,0.0,-0.0
T13602,Educational Methods and Media Use,2,0,-2,0.0,0.0,-0.0
T13646,Qur’anic Interpretation Studies,0,2,2,0.0,0.0,0.0
T13653,"Commonwealth, Australian Politics and Federalism",1,1,0,0.0,0.0,-0.0
T13675,Diffusion Coefficients in Liquids,1,1,0,0.0,0.0,-0.0
T13681,Engineering and Information Technology,1,1,0,0.0,0.0,-0.0
T13693,Smart Systems and Machine Learning,2,0,-2,0.0,0.0,-0.0
T13697,Biliary and Gastrointestinal Fistulas,2,0,-2,0.0,0.0,-0.0
T13711,Environmental Science and Technology,2,0,-2,0.0,0.0,-0.0
T13725,Pineapple and bromelain studies,1,1,0,0.0,0.0,-0.0
T13747,Sociopolitical Dynamics in Russia,1,1,0,0.0,0.0,-0.0
T13751,Diverse Approaches in Healthcare and Education Studies,2,0,-2,0.0,0.0,-0.0
T13765,Social Science and Policy Research,0,2,2,0.0,0.0,0.0
T13781,Coleoptera: Cerambycidae studies,2,0,-2,0.0,0.0,-0.0
T13784,Jewish Identity and Society,0,2,2,0.0,0.0,0.0
T13793,Environmental and Analytical Chemistry Studies,0,2,2,0.0,0.0,0.0
T13825,Economic Policies and Impacts,0,2,2,0.0,0.0,0.0
T13827,Mechatronics Education and Applications,1,1,0,0.0,0.0,-0.0
T13830,Educational Curriculum and Learning Methods,2,0,-2,0.0,0.0,-0.0
T13840,Chemical Safety and Risk Management,2,0,-2,0.0,0.0,-0.0
T13868,Afro-Latin American Studies,1,1,0,0.0,0.0,-0.0
T13872,Vocational and Entrepreneurial Education,1,1,0,0.0,0.0,-0.0
T13876,Chemical synthesis and pharmacological studies,2,0,-2,0.0,0.0,-0.0
T13892,Aquatic life and conservation,2,0,-2,0.0,0.0,-0.0
T13894,Indian Economic and Social Development,1,1,0,0.0,0.0,-0.0
T13895,Educational Leadership and Innovation,1,1,0,0.0,0.0,-0.0
T13917,Engineering and Material Science Research,2,0,-2,0.0,0.0,-0.0
T13921,Biological Stains and Phytochemicals,2,0,-2,0.0,0.0,-0.0
T13927,Cyberloafing and Workplace Behavior,1,1,0,0.0,0.0,-0.0
T13933,Whitehead's Philosophy and Applications,0,2,2,0.0,0.0,0.0
T13943,Beetle Biology and Toxicology Studies,2,0,-2,0.0,0.0,-0.0
T13968,Contemporary Cultural and Social Studies,1,1,0,0.0,0.0,-0.0
T13971,Synthesis and Biological Activity,2,0,-2,0.0,0.0,-0.0
T13975,"Energy, Economy, and Technology Trends",1,1,0,0.0,0.0,-0.0
T13987,Child Development and Education,0,2,2,0.0,0.0,0.0
T13991,Nuclear Receptors and Signaling,2,0,-2,0.0,0.0,-0.0
T13998,"History, Medicine, and Leadership",0,2,2,0.0,0.0,0.0
T14026,Flannery O'Connor and Thomas Merton,2,0,-2,0.0,0.0,-0.0
T14041,Central European Literary Studies,1,1,0,0.0,0.0,-0.0
T14045,"Health, Education, and Physical Culture",1,1,0,0.0,0.0,-0.0
T14054,Humic Substances and Bio-Organic Studies,0,2,2,0.0,0.0,0.0
T14057,Hypertrophic osteoarthropathy and related conditions,1,1,0,0.0,0.0,-0.0
T14060,Education and Communication Studies,0,2,2,0.0,0.0,0.0
T14063,Diverse Philosophical and Cultural Studies,0,2,2,0.0,0.0,0.0
T14074,Persona Design and Applications,2,0,-2,0.0,0.0,-0.0
T14076,Material Properties and Failure Mechanisms,2,0,-2,0.0,0.0,-0.0
T14118,Social and Demographic Issues in Germany,1,1,0,0.0,0.0,-0.0
T14120,Thallium and Germanium Studies,2,0,-2,0.0,0.0,-0.0
T14143,Economic and Technological Innovation,2,0,-2,0.0,0.0,-0.0
T14154,"finance, banking, and market dynamics",0,2,2,0.0,0.0,0.0
T14165,Inflammation biomarkers and pathways,1,1,0,0.0,0.0,-0.0
T14203,"Education, Safety, and Science Studies",1,1,0,0.0,0.0,-0.0
T14207,Higher Education Practises and Engagement,2,0,-2,0.0,0.0,-0.0
T14225,Advanced Sensor and Control Systems,2,0,-2,0.0,0.0,-0.0
T14227,Educational Practices and Challenges,2,0,-2,0.0,0.0,-0.0
T14233,Diverse Topics in Contemporary Research,2,0,-2,0.0,0.0,-0.0
T14264,"Law, Ethics, and AI Impact",2,0,-2,0.0,0.0,-0.0
T14266,"Interdisciplinary Studies: Technology, Society, and Humanities",0,2,2,0.0,0.0,0.0
T14267,Technology in Education and Healthcare,2,0,-2,0.0,0.0,-0.0
T14287,Music Education and Analysis,0,2,2,0.0,0.0,0.0
T14289,"Anthropology: Ethics, History, Culture",2,0,-2,0.0,0.0,-0.0
T14292,"Migration, Policy, and Dickens Studies",1,1,0,0.0,0.0,-0.0
T14309,Employee Performance and Management,1,1,0,0.0,0.0,-0.0
T14319,Currency Recognition and Detection,2,0,-2,0.0,0.0,-0.0
T14320,Optics and Image Analysis,2,0,-2,0.0,0.0,-0.0
T14323,"Agriculture, Water, and Health",2,0,-2,0.0,0.0,-0.0
T14324,Insects and Parasite Interactions,2,0,-2,0.0,0.0,-0.0
T14337,"Religious, Philosophical, and Educational Studies",1,1,0,0.0,0.0,-0.0
T14350,"Innovation, Sustainability, Human-Machine Systems",2,0,-2,0.0,0.0,-0.0
T14360,Psidium guajava Extracts and Applications,2,0,-2,0.0,0.0,-0.0
T14372,Environmental and Biological Research in Conflict Zones,2,0,-2,0.0,0.0,-0.0
T14384,Ophthalmology and Visual Health Research,1,1,0,0.0,0.0,-0.0
T14401,"Technology, Environment, Urban Planning",2,0,-2,0.0,0.0,-0.0
T14403,Educational Challenges and Innovations,2,0,-2,0.0,0.0,-0.0
T14406,Multidisciplinary Science and Engineering Research,2,0,-2,0.0,0.0,-0.0
T14418,"Development, Ethics, and Society",0,2,2,0.0,0.0,0.0
T14420,Advanced Research in Systems and Signal Processing,2,0,-2,0.0,0.0,-0.0
T14430,Higher Education and Teaching Methods,2,0,-2,0.0,0.0,-0.0
T14435,Information Retrieval and Data Mining,2,0,-2,0.0,0.0,-0.0
T14449,Education and Character Development,2,0,-2,0.0,0.0,-0.0
T14452,Mexican Socioeconomic and Environmental Dynamics,2,0,-2,0.0,0.0,-0.0
T14453,Sustainability and Innovation in Business,0,2,2,0.0,0.0,0.0
T14455,Technology and Education Systems,0,2,2,0.0,0.0,0.0
T14467,"Public Administration, ICT, and Policy Development",1,1,0,0.0,0.0,-0.0
T14474,Industrial Technology and Control Systems,1,1,0,0.0,0.0,-0.0
T14505,Natural Products and Applications,2,0,-2,0.0,0.0,-0.0
T14512,Technology and Human Factors in Education and Health,0,2,2,0.0,0.0,0.0
T10391,Healthcare Policy and Management,1,0,-1,0.0,0.0,-0.0
T10652,Racial and Ethnic Identity Research,0,1,1,0.0,0.0,0.0
T11329,Limits and Structures in Graph Theory,0,1,1,0.0,0.0,0.0
T11342,Carbon and Quantum Dots Applications,1,0,-1,0.0,0.0,-0.0
T11347,Neural Networks Stability and Synchronization,1,0,-1,0.0,0.0,-0.0
T11417,Advancements in PLL and VCO Technologies,0,1,1,0.0,0.0,0.0
T11656,Turtle Biology and Conservation,1,0,-1,0.0,0.0,-0.0
T11876,Legal Studies and Policies,0,1,1,0.0,0.0,0.0
T12062,Approximation Theory and Sequence Spaces,0,1,1,0.0,0.0,0.0
T12112,Ammonia Synthesis and Nitrogen Reduction,1,0,-1,0.0,0.0,-0.0
T12128,AI in Service Interactions,1,0,-1,0.0,0.0,-0.0
T12158,Guidance and Control Systems,1,0,-1,0.0,0.0,-0.0
T12225,Political Influence and Corporate Strategies,1,0,-1,0.0,0.0,-0.0
T12244,Healthcare Education and Workforce Issues,1,0,-1,0.0,0.0,-0.0
T12260,Educational Technology and Pedagogy,0,1,1,0.0,0.0,0.0
T12312,"Culture, Economy, and Development Studies",1,0,-1,0.0,0.0,-0.0
T12320,Feminist Epistemology and Gender Studies,0,1,1,0.0,0.0,0.0
T12322,Animal health and immunology,1,0,-1,0.0,0.0,-0.0
T12323,Asian American and Pacific Histories,1,0,-1,0.0,0.0,-0.0
T12346,Phytochemistry and biological activity of medicinal plants,1,0,-1,0.0,0.0,-0.0
T12363,Academic Research in Diverse Fields,1,0,-1,0.0,0.0,-0.0
T12365,Effects of Environmental Stressors on Livestock,1,0,-1,0.0,0.0,-0.0
T12368,Grey System Theory Applications,1,0,-1,0.0,0.0,-0.0
T12370,Advances in Cucurbitaceae Research,1,0,-1,0.0,0.0,-0.0
T12378,Accounting Education and Careers,0,1,1,0.0,0.0,0.0
T12403,Seed and Plant Biochemistry,1,0,-1,0.0,0.0,-0.0
T12426,Lymphatic Disorders and Treatments,1,0,-1,0.0,0.0,-0.0
T12523,Nasolacrimal Duct Obstruction Treatments,1,0,-1,0.0,0.0,-0.0
T12597,Fire Detection and Safety Systems,1,0,-1,0.0,0.0,-0.0
T12631,Head and Neck Anomalies,0,1,1,0.0,0.0,0.0
T12635,African studies and sociopolitical issues,1,0,-1,0.0,0.0,-0.0
T12660,Plant Disease Management Techniques,0,1,1,0.0,0.0,0.0
T12667,Economic and Technological Developments in Russia,1,0,-1,0.0,0.0,-0.0
T12683,Studies on Chitinases and Chitosanases,1,0,-1,0.0,0.0,-0.0
T12750,Nigella sativa pharmacological applications,1,0,-1,0.0,0.0,-0.0
T12754,Plant Growth and Agriculture Techniques,0,1,1,0.0,0.0,0.0
T12790,Nursing Diagnosis and Documentation,1,0,-1,0.0,0.0,-0.0
T12818,"Pneumothorax, Barotrauma, Emphysema",1,0,-1,0.0,0.0,-0.0
T12842,"Youth, Drugs, and Violence",1,0,-1,0.0,0.0,-0.0
T12855,Peanut Plant Research Studies,1,0,-1,0.0,0.0,-0.0
T12915,Biochemical Acid Research Studies,1,0,-1,0.0,0.0,-0.0
T12922,Business and Economic Development,1,0,-1,0.0,0.0,-0.0
T12931,Educational Methods and Outcomes,1,0,-1,0.0,0.0,-0.0
T12934,Plant and fungal interactions,1,0,-1,0.0,0.0,-0.0
T12949,South Asian Studies and Diaspora,1,0,-1,0.0,0.0,-0.0
T12953,Critical Realism in Sociology,0,1,1,0.0,0.0,0.0
T12969,Economic and Social Development,1,0,-1,0.0,0.0,-0.0
T13034,Information Systems Education and Curriculum Development,0,1,1,0.0,0.0,0.0
T13045,Industrial Engineering and Technologies,0,1,1,0.0,0.0,0.0
T13054,Agricultural and Financial Auditing,0,1,1,0.0,0.0,0.0
T13062,Cognitive Computing and Networks,1,0,-1,0.0,0.0,-0.0
T13094,Mining and Gasification Technologies,1,0,-1,0.0,0.0,-0.0
T13125,Agricultural pest management studies,1,0,-1,0.0,0.0,-0.0
T13139,Polish Legal and Social Issues,0,1,1,0.0,0.0,0.0
T13189,Physical Education and Training Studies,1,0,-1,0.0,0.0,-0.0
T13197,Spreadsheets and End-User Computing,1,0,-1,0.0,0.0,-0.0
T13214,Powdery Mildew Fungal Diseases,1,0,-1,0.0,0.0,-0.0
T13220,Plant and Fungal Interactions Research,1,0,-1,0.0,0.0,-0.0
T13255,"Business, Innovation, and Economy",1,0,-1,0.0,0.0,-0.0
T13257,Advanced Control and Stabilization in Aerospace Systems,1,0,-1,0.0,0.0,-0.0
T13290,Diverse Industrial Engineering Technologies,0,1,1,0.0,0.0,0.0
T13292,Embedded Systems and FPGA Applications,0,1,1,0.0,0.0,0.0
T13300,Contemporary Social and Educational Issues,0,1,1,0.0,0.0,0.0
T13301,Cultural Studies and Interdisciplinary Research,1,0,-1,0.0,0.0,-0.0
T13307,Diverse Scientific and Engineering Research,1,0,-1,0.0,0.0,-0.0
T13335,Pharmacological Effects of Medicinal Plants,1,0,-1,0.0,0.0,-0.0
T13341,Belt Conveyor Systems Engineering,1,0,-1,0.0,0.0,-0.0
T13343,Turkish Urban and Social Issues,0,1,1,0.0,0.0,0.0
T13348,Pancasila Values in Education,0,1,1,0.0,0.0,0.0
T13361,Coconut Research and Applications,1,0,-1,0.0,0.0,-0.0
T13367,Cultural and Sociopolitical Studies,0,1,1,0.0,0.0,0.0
T13384,Regional Economic Development and Innovation,1,0,-1,0.0,0.0,-0.0
T13395,"Education, Leadership, and Health Research",0,1,1,0.0,0.0,0.0
T13407,Regional Development and Management Studies,1,0,-1,0.0,0.0,-0.0
T13429,Electricity Theft Detection Techniques,1,0,-1,0.0,0.0,-0.0
T13431,Education Methods and Integration,1,0,-1,0.0,0.0,-0.0
T13432,Environmental Sustainability and Technology,1,0,-1,0.0,0.0,-0.0
T13434,Cancer Research and Treatment,1,0,-1,0.0,0.0,-0.0
T13444,Medical Research and Treatments,1,0,-1,0.0,0.0,-0.0
T13449,Organizational Management and Change,0,1,1,0.0,0.0,0.0
T13461,Vladimir Nabokov Literary Studies,0,1,1,0.0,0.0,0.0
T13475,Digital Transformation in Law,0,1,1,0.0,0.0,0.0
T13476,Indonesian Election Politics and Participation,1,0,-1,0.0,0.0,-0.0
T13479,Food Science and Nutritional Studies,1,0,-1,0.0,0.0,-0.0
T13498,Economic Development and Digital Transformation,1,0,-1,0.0,0.0,-0.0
T13502,Community and Sustainable Development,0,1,1,0.0,0.0,0.0
T13508,Agricultural Economics and Practices,1,0,-1,0.0,0.0,-0.0
T13510,Nostalgia and Consumer Behavior,1,0,-1,0.0,0.0,-0.0
T13514,Experience-Based Knowledge Management,1,0,-1,0.0,0.0,-0.0
T13551,Biochemical effects in animals,1,0,-1,0.0,0.0,-0.0
T13598,Political Developments and Conflicts,1,0,-1,0.0,0.0,-0.0
T13611,"Education, Management, Technology, Human Resources",0,1,1,0.0,0.0,0.0
T13613,"Health, Education, and Cultural Studies",1,0,-1,0.0,0.0,-0.0
T13628,Agricultural Productivity and Crop Improvement,1,0,-1,0.0,0.0,-0.0
T13632,Marriage and Sexual Relationships,1,0,-1,0.0,0.0,-0.0
T13642,Organizational Downsizing and Restructuring,0,1,1,0.0,0.0,0.0
T13651,Medicinal Plants and Bioactive Compounds,1,0,-1,0.0,0.0,-0.0
T13670,Ziziphus Jujuba Studies and Applications,1,0,-1,0.0,0.0,-0.0
T13674,Computer Science and Engineering,0,1,1,0.0,0.0,0.0
T13678,Agricultural Research and Practices,0,1,1,0.0,0.0,0.0
T13679,Tardigrade Biology and Ecology,0,1,1,0.0,0.0,0.0
T13691,"Energy, Environment, Agriculture Analysis",0,1,1,0.0,0.0,0.0
T13705,Australian Indigenous Culture and History,1,0,-1,0.0,0.0,-0.0
T13707,"Literature, Language, and Rhetoric Studies",1,0,-1,0.0,0.0,-0.0
T13709,Education in Diverse Contexts,0,1,1,0.0,0.0,0.0
T13720,Benford’s Law and Fraud Detection,1,0,-1,0.0,0.0,-0.0
T13729,Korean Urban and Social Studies,0,1,1,0.0,0.0,0.0
T13733,Moravian Church and William Blake,1,0,-1,0.0,0.0,-0.0
T13750,"Mormonism, Religion, and History",1,0,-1,0.0,0.0,-0.0
T13761,HIV/AIDS oral health manifestations,0,1,1,0.0,0.0,0.0
T13775,Hydrogen's biological and therapeutic effects,1,0,-1,0.0,0.0,-0.0
T13776,Phytochemical and Pharmacological Studies,1,0,-1,0.0,0.0,-0.0
T13790,Waste Management and Environmental Impact,1,0,-1,0.0,0.0,-0.0
T13791,Veterinary medicine and infectious diseases,0,1,1,0.0,0.0,0.0
T13805,Adolescent Health and Behaviors,0,1,1,0.0,0.0,0.0
T13816,Advanced Signal Processing Techniques,0,1,1,0.0,0.0,0.0
T13817,"Tannin, Tannase and Anticancer Activities",0,1,1,0.0,0.0,0.0
T13821,Coaching Methods and Impact,0,1,1,0.0,0.0,0.0
T13832,Advanced Decision-Making Techniques,1,0,-1,0.0,0.0,-0.0
T13846,Mangiferin and Mango Extracts,1,0,-1,0.0,0.0,-0.0
T13849,Enterobacteriaceae and Cronobacter Research,0,1,1,0.0,0.0,0.0
T13857,Mining and Industrial Processes,0,1,1,0.0,0.0,0.0
T13858,Technical Engine Diagnostics and Monitoring,0,1,1,0.0,0.0,0.0
T13874,Information Architecture and Usability,1,0,-1,0.0,0.0,-0.0
T13899,Agricultural Systems and Practices,1,0,-1,0.0,0.0,-0.0
T13903,Innovative Educational Techniques,1,0,-1,0.0,0.0,-0.0
T13906,Social Issues and Policies,1,0,-1,0.0,0.0,-0.0
T13915,Public Health in Brazil,1,0,-1,0.0,0.0,-0.0
T13936,Physical Education and Gymnastics,0,1,1,0.0,0.0,0.0
T13941,Geotechnical and Mining Engineering,0,1,1,0.0,0.0,0.0
T13949,Belt and Road Initiative,0,1,1,0.0,0.0,0.0
T13956,Sociopolitical Dynamics in Nepal,1,0,-1,0.0,0.0,-0.0
T13957,Corporate Governance and Financial Management,0,1,1,0.0,0.0,0.0
T13982,Social Movements and Cultural Identity,0,1,1,0.0,0.0,0.0
T13989,Labour Market and Migration,0,1,1,0.0,0.0,0.0
T13997,Scientific Research and Studies,1,0,-1,0.0,0.0,-0.0
T14014,Transportation Systems and Infrastructure,1,0,-1,0.0,0.0,-0.0
T14016,International Relations and Autism,1,0,-1,0.0,0.0,-0.0
T14018,Agriculture and Biological Studies,1,0,-1,0.0,0.0,-0.0
T14019,Socioeconomic and Demographic Analysis,1,0,-1,0.0,0.0,-0.0
T14022,Cultural and Religious Practices in Indonesia,0,1,1,0.0,0.0,0.0
T14037,Arabic Language Education Studies,0,1,1,0.0,0.0,0.0
T14046,Bach Studies and Logistics Development,1,0,-1,0.0,0.0,-0.0
T14048,Silkworms and Sericulture Research,1,0,-1,0.0,0.0,-0.0
T14050,Forest Ecology and Conservation,0,1,1,0.0,0.0,0.0
T14079,Mathematics Education and Programs,1,0,-1,0.0,0.0,-0.0
T14082,"Modeling, Simulation, and Optimization",1,0,-1,0.0,0.0,-0.0
T14091,Industrial and Mining Safety,1,0,-1,0.0,0.0,-0.0
T14093,Global Health and Epidemiology,0,1,1,0.0,0.0,0.0
T14097,Chemistry Education and Research,0,1,1,0.0,0.0,0.0
T14105,Cultural and Artistic Studies,1,0,-1,0.0,0.0,-0.0
T14108,Medical and Pharmaceutic Studies,0,1,1,0.0,0.0,0.0
T14110,Islamic Studies and Radicalism,0,1,1,0.0,0.0,0.0
T14132,Medical Research and Islamic Perspectives,1,0,-1,0.0,0.0,-0.0
T14148,Kierkegaardian Philosophy and Influence,0,1,1,0.0,0.0,0.0
T14174,Artificial Intelligence and Decision Support Systems,1,0,-1,0.0,0.0,-0.0
T14183,Banking Sector Performance and Management,1,0,-1,0.0,0.0,-0.0
T14188,Latin American Legal and Economic Studies,1,0,-1,0.0,0.0,-0.0
T14196,Multidisciplinary Warburg-centric Studies,1,0,-1,0.0,0.0,-0.0
T14200,"Medical, Sociocultural, and Biopolitical Studies",0,1,1,0.0,0.0,0.0
T14211,Diverse academic research themes,1,0,-1,0.0,0.0,-0.0
T14216,Multimedia Learning Systems,1,0,-1,0.0,0.0,-0.0
T14217,American Literature and Humor Studies,0,1,1,0.0,0.0,0.0
T14218,Engineering Education and Global Impact,0,1,1,0.0,0.0,0.0
T14231,New Zealand Economic and Social Studies,1,0,-1,0.0,0.0,-0.0
T14247,"Borges, Kipling, and Jewish Identity",1,0,-1,0.0,0.0,-0.0
T14250,Energy and Environmental Systems,1,0,-1,0.0,0.0,-0.0
T14262,Extenics and Innovation Methods,0,1,1,0.0,0.0,0.0
T14273,"Cultural, Psychoanalytic, and Sociopolitical Reflections",0,1,1,0.0,0.0,0.0
T14281,Islamic Finance and Communication,1,0,-1,0.0,0.0,-0.0
T14282,"Security, Politics, and Digital Transformation",1,0,-1,0.0,0.0,-0.0
T14283,Diverse Academic Research Areas,0,1,1,0.0,0.0,0.0
T14291,Indonesian Legal and Regulatory Studies,0,1,1,0.0,0.0,0.0
T14295,Families in Therapy and Culture,1,0,-1,0.0,0.0,-0.0
T14297,Plant-Derived Bioactive Compounds,1,0,-1,0.0,0.0,-0.0
T14321,"Religion, Theology, and Education",1,0,-1,0.0,0.0,-0.0
T14331,Medicinal Plant Pharmacodynamics Research,1,0,-1,0.0,0.0,-0.0
T14338,"Leadership, Human Resources, Global Affairs",1,0,-1,0.0,0.0,-0.0
T14341,"Education, Technology, and Ethics",1,0,-1,0.0,0.0,-0.0
T14353,Wireless Sensor Networks for Data Analysis,1,0,-1,0.0,0.0,-0.0
T14358,Healthcare Quality and Satisfaction,0,1,1,0.0,0.0,0.0
T14370,"Economic, Social, and Health Studies",1,0,-1,0.0,0.0,-0.0
T14387,Environmental Engineering and Cultural Studies,1,0,-1,0.0,0.0,-0.0
T14390,Real estate and construction management,1,0,-1,0.0,0.0,-0.0
T14392,Geoscience and Mining Technology,0,1,1,0.0,0.0,0.0
T14410,Safety and Risk Management,0,1,1,0.0,0.0,0.0
T14411,Undergraduate Neuroscience Education and Research,1,0,-1,0.0,0.0,-0.0
T14417,Central Asia Education and Culture,1,0,-1,0.0,0.0,-0.0
T14439,"Feminism, Gender, and Social Issues",1,0,-1,0.0,0.0,-0.0
T14456,Blasting Impact and Analysis,1,0,-1,0.0,0.0,-0.0
T14460,"Literary, Cultural, Historical Analysis",0,1,1,0.0,0.0,0.0
T14471,"Education, Literature, Philosophy Research",1,0,-1,0.0,0.0,-0.0
T14473,Social and Economic Development in India,1,0,-1,0.0,0.0,-0.0
T14485,Language Acquisition and Education,0,1,1,0.0,0.0,0.0
T14488,Chemical and Physical Studies,0,1,1,0.0,0.0,0.0
T14500,Advanced Mathematical Theories,0,1,1,0.0,0.0,0.0
T14503,"Globalization, Economics, and Policies",0,1,1,0.0,0.0,0.0
T14518,American Sports and Literature,1,0,-1,0.0,0.0,-0.0
