topic_id,display_name,works_old,works_new,change,share_old,share_new,share_change_pts
T10001,Geological and Geochemical Analysis,1528,1922,394,0.0105,0.0132,0.27
T11475,French Urban and Social Studies,2525,260,-2265,0.0173,0.0018,-1.55
T13099,"Health, Medicine and Society",2322,20,-2302,0.0159,0.0001,-1.58
T12119,Linguistics and Discourse Analysis,1912,307,-1605,0.0131,0.0021,-1.1
T10153,"Education, sociology, and vocational training",1763,276,-1487,0.0121,0.0019,-1.02
T10134,Inflammatory Bowel Disease,863,1022,159,0.0059,0.007,0.11
T13033,Social Sciences and Governance,1449,37,-1412,0.0099,0.0003,-0.97
T14186,Healthcare Systems and Practices,1432,22,-1410,0.0098,0.0002,-0.97
T10049,Magnetic properties of thin films,620,743,123,0.0043,0.0051,0.09
T10451,Mycorrhizal Fungi and Plant Interactions,686,672,-14,0.0047,0.0046,-0.01
T10484,Wood Treatment and Properties,418,929,511,0.0029,0.0064,0.35
T10198,Heart Failure Treatment and Management,438,845,407,0.003,0.0058,0.28
T10346,Magnetic confinement fusion research,803,414,-389,0.0055,0.0028,-0.27
T10266,Plant Water Relations and Carbon Dynamics,542,622,80,0.0037,0.0043,0.06
T13641,Historical Studies and Socio-cultural Analysis,1108,49,-1059,0.0076,0.0003,-0.73
T11132,Psychoanalysis and Psychopathology Research,967,165,-802,0.0066,0.0011,-0.55
T13807,Cultural Insights and Digital Impacts,1078,47,-1031,0.0074,0.0003,-0.71
T13152,French Language Learning Methods,752,354,-398,0.0052,0.0024,-0.27
T10204,Microstructure and mechanical properties,419,603,184,0.0029,0.0041,0.13
T10046,Stability and Control of Uncertain Systems,420,582,162,0.0029,0.004,0.11
T10325,Astro and Planetary Science,451,516,65,0.0031,0.0036,0.05
T11110,Stability and Controllability of Differential Equations,462,494,32,0.0032,0.0034,0.02
T12909,French Historical and Cultural Studies,573,350,-223,0.0039,0.0024,-0.15
T14162,Historical and Literary Studies,856,9,-847,0.0059,0.0001,-0.58
T14003,Labor Law and Work Dynamics,8,838,830,0.0001,0.0058,0.57
T10139,Heavy metals in environment,295,524,229,0.002,0.0036,0.16
T10595,Medieval Literature and History,123,691,568,0.0008,0.0048,0.39
T11166,Analytic Number Theory Research,289,522,233,0.002,0.0036,0.16
T10126,"Logic, programming, and type systems",312,481,169,0.0021,0.0033,0.12
T11208,Lignin and Wood Chemistry,537,256,-281,0.0037,0.0018,-0.19
T10591,Theoretical and Computational Physics,372,417,45,0.0026,0.0029,0.03
T10067,Stochastic processes and financial applications,399,368,-31,0.0027,0.0025,-0.02
T10876,Fault Detection and Control Systems,405,360,-45,0.0028,0.0025,-0.03
T13396,Agriculture and Rural Development Research,705,14,-691,0.0048,0.0001,-0.47
T13379,"Multiculturalism, Politics, Migration, Gender",704,14,-690,0.0048,0.0001,-0.47
T10034,"Syntax, Semantics, Linguistic Variation",61,655,594,0.0004,0.0045,0.41
T11152,Stochastic processes and statistical mechanics,237,475,238,0.0016,0.0033,0.16
T10002,Advanced Chemical Physics Studies,256,454,198,0.0018,0.0031,0.14
T11680,Advanced Algebra and Geometry,327,379,52,0.0022,0.0026,0.04
T10780,Reliability and Maintenance Optimization,263,441,178,0.0018,0.003,0.12
T12559,French Literature and Critical Theory,110,564,454,0.0008,0.0039,0.31
T10447,Environmental Toxicology and Ecotoxicology,221,440,219,0.0015,0.003,0.15
T11893,German Literature and Culture Studies,216,443,227,0.0015,0.003,0.16
T10227,Acute Ischemic Stroke Management,313,330,17,0.0021,0.0023,0.01
T10386,Microstructure and Mechanical Properties of Steels,334,308,-26,0.0023,0.0021,-0.02
T10865,Shape Memory Alloy Transformations,305,336,31,0.0021,0.0023,0.02
T12170,History and Theory of Mathematics,232,400,168,0.0016,0.0028,0.12
T13695,"Aging, Elder Care, and Social Issues",538,89,-449,0.0037,0.0006,-0.31
T11558,Composite Material Mechanics,325,283,-42,0.0022,0.0019,-0.03
T13888,Social Policies and Family,569,14,-555,0.0039,0.0001,-0.38
T10402,Phase Equilibria and Thermodynamics,283,295,12,0.0019,0.002,0.01
T13667,French Literature and Criticism,59,518,459,0.0004,0.0036,0.32
T10061,Algebraic Geometry and Number Theory,219,354,135,0.0015,0.0024,0.09
T10681,Rare-earth and actinide compounds,310,253,-57,0.0021,0.0017,-0.04
T10105,Osteoarthritis Treatment and Mechanisms,260,299,39,0.0018,0.0021,0.03
T11236,Control Systems and Identification,177,382,205,0.0012,0.0026,0.14
T12100,Advanced Mathematical Modeling in Engineering,411,139,-272,0.0028,0.001,-0.19
T10088,Thermochemical Biomass Conversion Processes,261,288,27,0.0018,0.002,0.02
T10017,Geology and Paleoclimatology Research,395,138,-257,0.0027,0.0009,-0.18
T11699,High-Velocity Impact and Material Behavior,247,277,30,0.0017,0.0019,0.02
T10188,Advanced machining processes and optimization,209,312,103,0.0014,0.0021,0.07
T10004,Soil Carbon and Nitrogen Dynamics,164,349,185,0.0011,0.0024,0.13
T13497,Hermeneutics and Narrative Identity,500,10,-490,0.0034,0.0001,-0.34
T10700,Metal Forming Simulation Techniques,240,268,28,0.0016,0.0018,0.02
T10409,Fuel Cells and Related Materials,257,244,-13,0.0018,0.0017,-0.01
T10440,Advanced Thermoelectric Materials and Devices,243,256,13,0.0017,0.0018,0.01
T11050,Photorefractive and Nonlinear Optics,227,269,42,0.0016,0.0019,0.03
T10194,Nonlinear Partial Differential Equations,183,310,127,0.0013,0.0021,0.09
T10165,Classical Antiquity Studies,204,289,85,0.0014,0.002,0.06
T10957,Photodynamic Therapy Research Studies,206,285,79,0.0014,0.002,0.05
T10005,Ecology and Vegetation Dynamics Studies,190,299,109,0.0013,0.0021,0.08
T10044,Protein Structure and Dynamics,190,296,106,0.0013,0.002,0.07
T10109,Paleontology and Stratigraphy of Fossils,160,324,164,0.0011,0.0022,0.11
T10181,Natural Language Processing Techniques,291,189,-102,0.002,0.0013,-0.07
T10941,Musicology and Musical Analysis,108,364,256,0.0007,0.0025,0.18
T10897,Antibiotic Use and Resistance,198,273,75,0.0014,0.0019,0.05
T14021,Medieval European Literature and History,392,72,-320,0.0027,0.0005,-0.22
T12454,European Political History Analysis,297,156,-141,0.002,0.0011,-0.1
T10464,Crystal structures of chemical compounds,105,344,239,0.0007,0.0024,0.16
T10523,Atomic and Molecular Physics,206,240,34,0.0014,0.0017,0.02
T12986,Administrative Law and Governance,1,443,442,0.0,0.003,0.3
T13070,Cultural Identity and Heritage,421,23,-398,0.0029,0.0002,-0.27
T10278,Electric Motor Design and Analysis,203,239,36,0.0014,0.0016,0.03
T10721,Surfactants and Colloidal Systems,183,258,75,0.0013,0.0018,0.05
T10117,Advanced Combustion Engine Technologies,151,286,135,0.001,0.002,0.09
T10229,Geometric Analysis and Curvature Flows,193,244,51,0.0013,0.0017,0.04
T10551,Scheduling and Optimization Algorithms,237,199,-38,0.0016,0.0014,-0.03
T13645,Thermodynamic and Structural Properties of Metals and Alloys,146,290,144,0.001,0.002,0.1
T13376,Criminal Law and Policy,8,423,415,0.0001,0.0029,0.29
T11740,Geochemistry and Elemental Analysis,200,223,23,0.0014,0.0015,0.02
T10016,Adsorption and biosorption for pollutant removal,160,255,95,0.0011,0.0018,0.07
T11884,Redox biology and oxidative stress,179,228,49,0.0012,0.0016,0.03
T12157,Geochemistry and Geologic Mapping,357,47,-310,0.0025,0.0003,-0.21
T10798,Crystallography and molecular interactions,205,198,-7,0.0014,0.0014,-0.0
T11753,Forest Management and Policy,136,265,129,0.0009,0.0018,0.09
T11159,Manufacturing Process and Optimization,272,126,-146,0.0019,0.0009,-0.1
T10396,Fatigue and fracture mechanics,155,242,87,0.0011,0.0017,0.06
T13739,Medieval and Early Modern Justice,245,149,-96,0.0017,0.001,-0.07
T11434,Electrochemical Analysis and Applications,206,186,-20,0.0014,0.0013,-0.01
T11362,Membrane Separation and Gas Transport,204,187,-17,0.0014,0.0013,-0.01
T11809,Advanced NMR Techniques and Applications,148,243,95,0.001,0.0017,0.07
T10003,Innovation and Knowledge Management,155,235,80,0.0011,0.0016,0.06
T10822,Acoustic Wave Phenomena Research,183,206,23,0.0013,0.0014,0.02
T11091,Extraction and Separation Processes,182,205,23,0.0012,0.0014,0.02
T10122,Toxic Organic Pollutants Impact,193,194,1,0.0013,0.0013,0.0
T10735,Mesoporous Materials and Catalysis,179,207,28,0.0012,0.0014,0.02
T11379,Rheology and Fluid Dynamics Studies,164,213,49,0.0011,0.0015,0.03
T10058,Entrepreneurship Studies and Influences,152,224,72,0.001,0.0015,0.05
T14388,Medieval European History and Architecture,151,225,74,0.001,0.0015,0.05
T10759,Translation Studies and Practices,106,264,158,0.0007,0.0018,0.11
T13704,French Literature and Poetry,117,253,136,0.0008,0.0017,0.09
T14149,Historical and Literary Analyses,368,2,-366,0.0025,0.0,-0.25
T13156,Historical Linguistics and Language Studies,276,93,-183,0.0019,0.0006,-0.13
T14402,Political and Social Issues,366,3,-363,0.0025,0.0,-0.25
T11673,Advanced Topics in Algebra,233,133,-100,0.0016,0.0009,-0.07
T10453,Maternal and Perinatal Health Interventions,80,283,203,0.0005,0.0019,0.14
T10626,High-Temperature Coating Behaviors,154,203,49,0.0011,0.0014,0.03
T10142,Formal Methods in Verification,148,209,61,0.001,0.0014,0.04
T10141,Probiotics and Fermented Foods,156,197,41,0.0011,0.0014,0.03
T10094,Epilepsy research and treatment,154,199,45,0.0011,0.0014,0.03
T10339,Advanced Numerical Methods in Computational Mathematics,101,250,149,0.0007,0.0017,0.1
T11401,Minerals Flotation and Separation Techniques,180,169,-11,0.0012,0.0012,-0.01
T11205,Numerical methods in inverse problems,178,169,-9,0.0012,0.0012,-0.01
T12409,Reformation and Early Modern Christianity,108,234,126,0.0007,0.0016,0.09
T10499,Folate and B Vitamins Research,169,172,3,0.0012,0.0012,0.0
T11880,Forest ecology and management,179,162,-17,0.0012,0.0011,-0.01
T10401,Diabetes Treatment and Management,225,115,-110,0.0015,0.0008,-0.08
T10024,TiO2 Photocatalysis and Solar Cells,142,197,55,0.001,0.0014,0.04
T10911,Chemical Synthesis and Analysis,193,145,-48,0.0013,0.001,-0.03
T11482,RNA modifications and cancer,198,140,-58,0.0014,0.001,-0.04
T10107,Ferroelectric and Piezoelectric Materials,129,207,78,0.0009,0.0014,0.05
T11442,Titanium Alloys Microstructure and Properties,152,184,32,0.001,0.0013,0.02
T11100,Intermetallics and Advanced Alloy Properties,175,158,-17,0.0012,0.0011,-0.01
T11391,Theatre and Performance Studies,22,309,287,0.0002,0.0021,0.2
T10252,Microbial Natural Products and Biosynthesis,155,173,18,0.0011,0.0012,0.01
T14379,Diverse Cultural and Historical Studies,325,0,-325,0.0022,0.0,-0.22
T13970,Pharmacy and Medical Practices,34,287,253,0.0002,0.002,0.17
T10399,Hydrocarbon exploration and reservoir analysis,181,140,-41,0.0012,0.001,-0.03
T11022,Spectral Theory in Mathematical Physics,103,217,114,0.0007,0.0015,0.08
T12803,Cinema History and Criticism,3,316,313,0.0,0.0022,0.22
T11094,Face Recognition and Perception,150,168,18,0.001,0.0012,0.01
T10791,Advanced Control Systems Optimization,207,111,-96,0.0014,0.0008,-0.07
T12374,European and International Contract Law,115,201,86,0.0008,0.0014,0.06
T12351,Geometry and complex manifolds,151,164,13,0.001,0.0011,0.01
T10669,Freshwater macroinvertebrate diversity and ecology,143,172,29,0.001,0.0012,0.02
T10996,Computational Geometry and Mesh Generation,146,169,23,0.001,0.0012,0.02
T10377,Metal and Thin Film Mechanics,186,128,-58,0.0013,0.0009,-0.04
T10083,Graphene research and applications,172,140,-32,0.0012,0.001,-0.02
T10634,Food Allergy and Anaphylaxis Research,141,170,29,0.001,0.0012,0.02
T10411,Proteins in Food Systems,135,175,40,0.0009,0.0012,0.03
T10973,Radioactive element chemistry and processing,194,114,-80,0.0013,0.0008,-0.05
T10144,Blood Pressure and Hypertension Studies,142,165,23,0.001,0.0011,0.02
T10201,Speech Recognition and Synthesis,125,182,57,0.0009,0.0013,0.04
T11878,Solid-state spectroscopy and crystallography,145,161,16,0.001,0.0011,0.01
T10037,Physics of Superconductivity and Magnetism,182,123,-59,0.0012,0.0008,-0.04
T10389,Polymer crystallization and properties,116,186,70,0.0008,0.0013,0.05
T10716,Soil and Unsaturated Flow,170,132,-38,0.0012,0.0009,-0.03
T10161,Rock Mechanics and Modeling,128,172,44,0.0009,0.0012,0.03
T11162,Enzyme Structure and Function,121,178,57,0.0008,0.0012,0.04
T11971,"World Wars: History, Literature, and Impact",29,268,239,0.0002,0.0018,0.16
T11887,Quasicrystal Structures and Properties,154,142,-12,0.0011,0.001,-0.01
T10899,Advanced Operator Algebra Research,110,185,75,0.0008,0.0013,0.05
T11010,"Logic, Reasoning, and Knowledge",126,169,43,0.0009,0.0012,0.03
T12768,Linguistics and language evolution,126,168,42,0.0009,0.0012,0.03
T10359,Dental Implant Techniques and Outcomes,125,169,44,0.0009,0.0012,0.03
T13205,Geological and Geophysical Studies Worldwide,228,65,-163,0.0016,0.0004,-0.11
T10896,Homotopy and Cohomology in Algebraic Topology,138,155,17,0.0009,0.0011,0.01
T11197,Digital Games and Media,117,174,57,0.0008,0.0012,0.04
T11177,Spectroscopy and Quantum Chemical Studies,210,79,-131,0.0014,0.0005,-0.09
T10378,Advanced MRI Techniques and Applications,147,142,-5,0.001,0.001,-0.0
T12613,X-ray Diffraction in Crystallography,104,185,81,0.0007,0.0013,0.06
T10513,Natural Fiber Reinforced Composites,152,137,-15,0.001,0.0009,-0.01
T10076,Plant-Microbe Interactions and Immunity,119,169,50,0.0008,0.0012,0.03
T14469,Renaissance Literature and Culture,97,190,93,0.0007,0.0013,0.06
T10022,Semiconductor Quantum Structures and Devices,131,155,24,0.0009,0.0011,0.02
T10099,GaN-based semiconductor devices and materials,150,135,-15,0.001,0.0009,-0.01
T10308,Systemic Lupus Erythematosus Research,135,150,15,0.0009,0.001,0.01
T10783,Additive Manufacturing and 3D Printing Technologies,135,147,12,0.0009,0.001,0.01
T11160,Acoustic Wave Resonator Technologies,144,138,-6,0.001,0.0009,-0.0
T11277,Thermal properties of materials,112,169,57,0.0008,0.0012,0.04
T11762,"Law, Economics, and Judicial Systems",138,142,4,0.0009,0.001,0.0
T10129,Glioma Diagnosis and Treatment,136,143,7,0.0009,0.001,0.01
T11594,Tree-ring climate responses,132,145,13,0.0009,0.001,0.01
T10200,Rheumatoid Arthritis Research and Therapies,142,135,-7,0.001,0.0009,-0.0
T10362,Biblical Studies and Interpretation,78,198,120,0.0005,0.0014,0.08
T12690,Cross-Border Cooperation and Integration,119,156,37,0.0008,0.0011,0.03
T10374,Advanced Graph Theory Research,124,151,27,0.0009,0.001,0.02
T10007,Monetary Policy and Economic Impact,112,163,51,0.0008,0.0011,0.04
T13402,Business Strategy and Innovation,240,34,-206,0.0016,0.0002,-0.14
T12982,Legal principles and applications,26,246,220,0.0002,0.0017,0.15
T10242,Posttraumatic Stress Disorder Research,58,213,155,0.0004,0.0015,0.11
T10763,Digital Transformation in Industry,115,153,38,0.0008,0.0011,0.03
T11180,Pesticide and Herbicide Environmental Studies,115,152,37,0.0008,0.001,0.03
T11852,Clay minerals and soil interactions,166,101,-65,0.0011,0.0007,-0.04
T10192,Catalytic Processes in Materials Science,187,79,-108,0.0013,0.0005,-0.07
T11760,Plant responses to elevated CO2,140,125,-15,0.001,0.0009,-0.01
T13028,Literature and Culture Studies,227,38,-189,0.0016,0.0003,-0.13
T10090,ZnO doping and properties,133,132,-1,0.0009,0.0009,-0.0
T10137,Multiple Sclerosis Research Studies,109,155,46,0.0007,0.0011,0.03
T10219,Mechanical Behavior of Composites,114,150,36,0.0008,0.001,0.02
T13067,Geological Modeling and Analysis,122,141,19,0.0008,0.001,0.01
T11360,Flame retardant materials and properties,126,136,10,0.0009,0.0009,0.01
T10965,Geological formations and processes,103,159,56,0.0007,0.0011,0.04
T12162,Cellular Automata and Applications,147,114,-33,0.001,0.0008,-0.02
T13710,European and International Law Studies,122,139,17,0.0008,0.001,0.01
T10612,Magnetism in coordination complexes,155,105,-50,0.0011,0.0007,-0.03
T12350,Particle Dynamics in Fluid Flows,129,131,2,0.0009,0.0009,0.0
T11126,Metallurgical Processes and Thermodynamics,124,135,11,0.0009,0.0009,0.01
T10018,Advancements in Battery Materials,138,121,-17,0.0009,0.0008,-0.01
T11839,Hormonal Regulation and Hypertension,200,57,-143,0.0014,0.0004,-0.1
T11421,Labor Movements and Unions,68,189,121,0.0005,0.0013,0.08
T10360,Fluid Dynamics and Turbulent Flows,108,147,39,0.0007,0.001,0.03
T13727,Linguistic and Sociocultural Studies,175,80,-95,0.0012,0.0006,-0.07
T10825,Plant Pathogens and Fungal Diseases,109,144,35,0.0007,0.001,0.02
T13088,Legal and Labor Studies,95,157,62,0.0007,0.0011,0.04
T11201,Metallurgy and Material Forming,156,95,-61,0.0011,0.0007,-0.04
T10215,Semantic Web and Ontologies,133,116,-17,0.0009,0.0008,-0.01
T10120,Bacterial Genetics and Biotechnology,44,204,160,0.0003,0.0014,0.11
T11115,Topology Optimization in Engineering,114,133,19,0.0008,0.0009,0.01
T10840,High Temperature Alloys and Creep,79,167,88,0.0005,0.0011,0.06
T10590,Chalcogenide Semiconductor Thin Films,132,114,-18,0.0009,0.0008,-0.01
T10406,Planetary Science and Exploration,135,110,-25,0.0009,0.0008,-0.02
T10254,Innovations in Medical Education,51,194,143,0.0004,0.0013,0.1
T10383,"Language, Discourse, Communication Strategies",43,202,159,0.0003,0.0014,0.11
T10482,Mathematical and Theoretical Epidemiology and Ecology Models,102,141,39,0.0007,0.001,0.03
T11561,Protein Hydrolysis and Bioactive Peptides,134,109,-25,0.0009,0.0007,-0.02
T10924,Cardiovascular Health and Disease Prevention,102,140,38,0.0007,0.001,0.03
T10212,Electrochemical sensors and biosensors,114,128,14,0.0008,0.0009,0.01
T11940,Layered Double Hydroxides Synthesis and Applications,142,99,-43,0.001,0.0007,-0.03
T10530,Magnesium Alloys: Properties and Applications,156,84,-72,0.0011,0.0006,-0.05
T14475,History of Science and Medicine,23,216,193,0.0002,0.0015,0.13
T10310,Corrosion Behavior and Inhibition,122,115,-7,0.0008,0.0008,-0.0
T10854,Bipolar Disorder and Treatment,113,123,10,0.0008,0.0008,0.01
T10539,Sustainable Supply Chain Management,113,122,9,0.0008,0.0008,0.01
T10014,Plant Stress Responses and Tolerance,105,130,25,0.0007,0.0009,0.02
T11662,Legal Cases and Commentary,5,230,225,0.0,0.0016,0.15
T14300,Legal and Social Philosophy,199,36,-163,0.0014,0.0002,-0.11
T11808,Superconducting Materials and Applications,44,189,145,0.0003,0.0013,0.1
T10675,Mechanical Circulatory Support Devices,109,123,14,0.0007,0.0008,0.01
T10797,Accounting and Organizational Management,116,116,0,0.0008,0.0008,0.0
T11382,Fluid Dynamics and Heat Transfer,61,170,109,0.0004,0.0012,0.08
T10496,Pharmaceutical Practices and Patient Outcomes,145,86,-59,0.001,0.0006,-0.04
T10009,Dementia and Cognitive Impairment Research,44,186,142,0.0003,0.0013,0.1
T10096,Metal-Organic Frameworks: Synthesis and Applications,136,94,-42,0.0009,0.0006,-0.03
T10967,Carbon Dioxide Capture Technologies,112,117,5,0.0008,0.0008,0.0
T10113,Dental materials and restorations,65,164,99,0.0004,0.0011,0.07
T10210,Advanced oxidation water treatment,90,138,48,0.0006,0.0009,0.03
T10321,Quantum Dots Synthesis And Properties,138,89,-49,0.0009,0.0006,-0.03
T10940,Navier-Stokes equation solutions,80,147,67,0.0005,0.001,0.05
T10063,Nanoparticle-Based Drug Delivery,79,146,67,0.0005,0.001,0.05
T10474,Material Dynamics and Properties,121,104,-17,0.0008,0.0007,-0.01
T10078,Advanced Photocatalysis Techniques,113,112,-1,0.0008,0.0008,-0.0
T10176,Mesenchymal stem cell research,105,120,15,0.0007,0.0008,0.01
T10908,Analytical Chemistry and Chromatography,137,88,-49,0.0009,0.0006,-0.03
T10939,Crystal Structures and Properties,99,125,26,0.0007,0.0009,0.02
T11877,Iron oxide chemistry and applications,138,86,-52,0.0009,0.0006,-0.04
T10324,Microbial bioremediation and biosurfactants,84,140,56,0.0006,0.001,0.04
T10289,European Union Policy and Governance,83,141,58,0.0006,0.001,0.04
T10884,Holomorphic and Operator Theory,110,113,3,0.0008,0.0008,0.0
T10835,Carbohydrate Chemistry and Synthesis,103,120,17,0.0007,0.0008,0.01
T10514,Numerical methods in engineering,130,92,-38,0.0009,0.0006,-0.03
T13495,Biographical and Historical Analysis,0,221,221,0.0,0.0015,0.15
T11113,Music History and Culture,40,180,140,0.0003,0.0012,0.1
T13531,Surface and Thin Film Phenomena,84,136,52,0.0006,0.0009,0.04
T10661,biodegradable polymer synthesis and properties,142,78,-64,0.001,0.0005,-0.04
T10522,Medical Imaging Techniques and Applications,120,100,-20,0.0008,0.0007,-0.01
T10781,Plasma Diagnostics and Applications,95,125,30,0.0007,0.0009,0.02
T11087,Solidification and crystal growth phenomena,83,136,53,0.0006,0.0009,0.04
T10578,Supramolecular Chemistry and Complexes,57,162,105,0.0004,0.0011,0.07
T10171,Biofuel production and bioconversion,119,99,-20,0.0008,0.0007,-0.01
T14432,Freedom of Expression and Defamation,7,211,204,0.0,0.0015,0.14
T11169,Silicon Nanostructures and Photoluminescence,117,101,-16,0.0008,0.0007,-0.01
T10405,Advanced Polymer Synthesis and Characterization,95,123,28,0.0007,0.0008,0.02
T10221,Composite Structure Analysis and Optimization,127,91,-36,0.0009,0.0006,-0.02
T10480,Ionic liquids properties and applications,116,101,-15,0.0008,0.0007,-0.01
T12228,Coordination Chemistry and Organometallics,104,112,8,0.0007,0.0008,0.01
T10041,COVID-19 Clinical Research Studies,95,121,26,0.0007,0.0008,0.02
T11937,Research Data Management Practices,58,155,97,0.0004,0.0011,0.07
T12509,Corporate Insolvency and Governance,71,141,70,0.0005,0.001,0.05
T11366,Elasticity and Material Modeling,104,108,4,0.0007,0.0007,0.0
T12470,Caribbean and African Literature and Culture,136,75,-61,0.0009,0.0005,-0.04
T10407,Lipid Membrane Structure and Behavior,108,103,-5,0.0007,0.0007,-0.0
T10607,Magnetic and transport properties of perovskites and related materials,103,107,4,0.0007,0.0007,0.0
T10860,Speech and Audio Processing,114,96,-18,0.0008,0.0007,-0.01
T11654,Advanced Mathematical Physics Problems,123,87,-36,0.0008,0.0006,-0.02
T11646,Nonlocal and gradient elasticity in micro/nano structures,91,118,27,0.0006,0.0008,0.02
T10864,Fluid Dynamics and Mixing,87,122,35,0.0006,0.0008,0.02
T13096,Family and Matrimonial Law,7,202,195,0.0,0.0014,0.13
T11033,Contact Dermatitis and Allergies,48,160,112,0.0003,0.0011,0.08
T10633,Metallic Glasses and Amorphous Alloys,85,122,37,0.0006,0.0008,0.03
T12585,North African History and Literature,79,128,49,0.0005,0.0009,0.03
T11317,Fire dynamics and safety research,101,105,4,0.0007,0.0007,0.0
T10353,Zeolite Catalysis and Synthesis,79,126,47,0.0005,0.0009,0.03
T10177,Palliative Care and End-of-Life Issues,54,151,97,0.0004,0.001,0.07
T11429,Semiconductor Lasers and Optical Devices,82,122,40,0.0006,0.0008,0.03
T10682,Quantum Computing Algorithms and Architecture,94,110,16,0.0006,0.0008,0.01
T10429,EEG and Brain-Computer Interfaces,106,98,-8,0.0007,0.0007,-0.01
T13570,Historical Education Studies Worldwide,34,169,135,0.0002,0.0012,0.09
T12767,Conflict of Laws and Jurisdiction,62,141,79,0.0004,0.001,0.05
T12002,"Computability, Logic, AI Algorithms",115,88,-27,0.0008,0.0006,-0.02
T10821,Cardiovascular Function and Risk Factors,126,77,-49,0.0009,0.0005,-0.03
T12005,Spaceflight effects on biology,102,100,-2,0.0007,0.0007,-0.0
T10683,Mass Spectrometry Techniques and Applications,103,99,-4,0.0007,0.0007,-0.0
T11520,Advanced Thermodynamics and Statistical Mechanics,172,30,-142,0.0012,0.0002,-0.1
T10035,Phytochemicals and Antioxidant Activities,92,110,18,0.0006,0.0008,0.01
T12304,Radiative Heat Transfer Studies,102,99,-3,0.0007,0.0007,-0.0
T10110,earthquake and tectonic studies,136,65,-71,0.0009,0.0004,-0.05
T13443,Mineralogy and Gemology Studies,73,127,54,0.0005,0.0009,0.04
T14199,Historical and Scientific Studies,195,5,-190,0.0013,0.0,-0.13
T10894,Groundwater flow and contamination studies,92,107,15,0.0006,0.0007,0.01
T13743,Italian Literature and Culture,80,119,39,0.0005,0.0008,0.03
T10615,Granular flow and fluidized beds,96,103,7,0.0007,0.0007,0.0
T12353,Lexicography and Language Studies,45,154,109,0.0003,0.0011,0.08
T10352,Physical Activity and Health,43,156,113,0.0003,0.0011,0.08
T10948,Advanced Combinatorial Mathematics,61,137,76,0.0004,0.0009,0.05
T10218,Sepsis Diagnosis and Treatment,76,122,46,0.0005,0.0008,0.03
T10375,Pharmacogenetics and Drug Metabolism,69,128,59,0.0005,0.0009,0.04
T12105,Hygrothermal properties of building materials,75,122,47,0.0005,0.0008,0.03
T14404,European Socioeconomic and Political Studies,186,11,-175,0.0013,0.0001,-0.12
T14115,Legal processes and jurisprudence,13,184,171,0.0001,0.0013,0.12
T10932,Microbial Metabolic Engineering and Bioproduction,103,93,-10,0.0007,0.0006,-0.01
T14386,"Libraries, Manuscripts, and Books",4,191,187,0.0,0.0013,0.13
T10133,Media Studies and Communication,25,170,145,0.0002,0.0012,0.1
T14395,African history and culture studies,144,50,-94,0.001,0.0003,-0.06
T10398,Groundwater and Isotope Geochemistry,87,107,20,0.0006,0.0007,0.01
T10103,Reading and Literacy Development,48,146,98,0.0003,0.001,0.07
T10544,Glass properties and applications,105,88,-17,0.0007,0.0006,-0.01
T10372,Cardiac Imaging and Diagnostics,86,106,20,0.0006,0.0007,0.01
T10345,Hematopoietic Stem Cell Transplantation,67,125,58,0.0005,0.0009,0.04
T10065,Atrial Fibrillation Management and Outcomes,95,96,1,0.0007,0.0007,0.0
T10646,Experimental Behavioral Economics Studies,95,96,1,0.0007,0.0007,0.0
T10462,Reinforcement Learning in Robotics,84,107,23,0.0006,0.0007,0.02
T10021,EFL/ESL Teaching and Learning,52,138,86,0.0004,0.0009,0.06
T10291,Dialysis and Renal Disease Management,71,118,47,0.0005,0.0008,0.03
T10059,Bone Tissue Engineering Materials,89,100,11,0.0006,0.0007,0.01
T10432,DNA and Nucleic Acid Chemistry,112,77,-35,0.0008,0.0005,-0.02
T11143,High Entropy Alloys Studies,93,95,2,0.0006,0.0007,0.0
T10060,Smoking Behavior and Cessation,48,140,92,0.0003,0.001,0.06
T13922,Historical Art and Culture Studies,151,36,-115,0.001,0.0002,-0.08
T11804,Quantum many-body systems,73,114,41,0.0005,0.0008,0.03
T10127,"Banking stability, regulation, efficiency",106,79,-27,0.0007,0.0005,-0.02
T11741,Flexible and Reconfigurable Manufacturing Systems,77,108,31,0.0005,0.0007,0.02
T10084,Musculoskeletal pain and rehabilitation,85,100,15,0.0006,0.0007,0.01
T10804,"Health Systems, Economic Evaluations, Quality of Life",112,73,-39,0.0008,0.0005,-0.03
T10074,Carbon Nanotubes in Composites,105,79,-26,0.0007,0.0005,-0.02
T12881,linguistics and terminology studies,82,102,20,0.0006,0.0007,0.01
T10079,Nanoparticles: synthesis and applications,106,77,-29,0.0007,0.0005,-0.02
T10728,Pulmonary Hypertension Research and Treatments,89,94,5,0.0006,0.0006,0.0
T12618,Botany and Plant Ecology Studies,114,69,-45,0.0008,0.0005,-0.03
T14080,"Philosophy, Sociology, Political Theory",168,15,-153,0.0012,0.0001,-0.11
T10051,Asthma and respiratory diseases,84,99,15,0.0006,0.0007,0.01
T11505,Reproductive biology and impacts on aquatic species,83,99,16,0.0006,0.0007,0.01
T11435,Polynomial and algebraic computation,83,99,16,0.0006,0.0007,0.01
T11782,Magnetic Properties of Alloys,70,112,42,0.0005,0.0008,0.03
T10542,Vestibular and auditory disorders,101,80,-21,0.0007,0.0006,-0.01
T10151,Hepatitis C virus research,92,89,-3,0.0006,0.0006,-0.0
T12630,African Botany and Ecology Studies,176,4,-172,0.0012,0.0,-0.12
T10521,RNA and protein synthesis mechanisms,79,101,22,0.0005,0.0007,0.02
T14102,Corporate Governance and Law,140,39,-101,0.001,0.0003,-0.07
T10102,scientometrics and bibliometrics research,52,127,75,0.0004,0.0009,0.05
T10413,High-pressure geophysics and materials,109,70,-39,0.0007,0.0005,-0.03
T12048,Microencapsulation and Drying Processes,86,92,6,0.0006,0.0006,0.0
T10605,Historical Economic and Social Studies,47,130,83,0.0003,0.0009,0.06
T10175,Advanced DC-DC Converters,58,119,61,0.0004,0.0008,0.04
T10211,Computational Drug Discovery Methods,79,97,18,0.0005,0.0007,0.01
T11463,Classical Philosophy and Thought,84,91,7,0.0006,0.0006,0.0
T10393,Economic Growth and Productivity,94,81,-13,0.0006,0.0006,-0.01
T12772,Control and Stability of Dynamical Systems,54,121,67,0.0004,0.0008,0.05
T12961,Regional Development and Policy,126,49,-77,0.0009,0.0003,-0.05
T10833,Vaccine Coverage and Hesitancy,74,100,26,0.0005,0.0007,0.02
T11117,Drug-Induced Adverse Reactions,67,107,40,0.0005,0.0007,0.03
T10660,Conducting polymers and applications,109,65,-44,0.0007,0.0004,-0.03
T10645,Cardiac Arrest and Resuscitation,97,77,-20,0.0007,0.0005,-0.01
T11407,Innovative Microfluidic and Catalytic Techniques Innovation,104,70,-34,0.0007,0.0005,-0.02
T10012,Genetic diversity and population structure,43,130,87,0.0003,0.0009,0.06
T10404,Enzyme Catalysis and Immobilization,72,101,29,0.0005,0.0007,0.02
T12137,Economic theories and models,118,55,-63,0.0008,0.0004,-0.04
T12603,NMR spectroscopy and applications,107,66,-41,0.0007,0.0005,-0.03
T10225,Essential Oils and Antimicrobial Activity,79,94,15,0.0005,0.0006,0.01
T10536,Endodontics and Root Canal Treatments,65,107,42,0.0004,0.0007,0.03
T10033,Concrete and Cement Materials Research,89,83,-6,0.0006,0.0006,-0.0
T12063,Heat and Mass Transfer in Porous Media,51,121,70,0.0004,0.0008,0.05
T14208,"Death, Funerary Practices, and Mourning",121,50,-71,0.0008,0.0003,-0.05
T13575,Travel Writing and Literature,37,133,96,0.0003,0.0009,0.07
T10106,Autism Spectrum Disorder Research,76,94,18,0.0005,0.0006,0.01
T11302,CO2 Sequestration and Geologic Interactions,88,82,-6,0.0006,0.0006,-0.0
T10501,Polymer Nanocomposites and Properties,105,65,-40,0.0007,0.0004,-0.03
T11504,Advanced Authentication Protocols Security,85,84,-1,0.0006,0.0006,-0.0
T10497,Fungal and yeast genetics research,48,121,73,0.0003,0.0008,0.05
T10330,Hydrology and Watershed Management Studies,73,96,23,0.0005,0.0007,0.02
T10560,Diabetes Management and Research,88,81,-7,0.0006,0.0006,-0.0
T10114,"Balance, Gait, and Falls Prevention",61,108,47,0.0004,0.0007,0.03
T10234,Obstructive Sleep Apnea Research,78,90,12,0.0005,0.0006,0.01
T11245,Advanced Numerical Analysis Techniques,130,38,-92,0.0009,0.0003,-0.06
T10778,Philosophy and History of Science,70,98,28,0.0005,0.0007,0.02
T10419,Pharmaceutical and Antibiotic Environmental Impacts,86,81,-5,0.0006,0.0006,-0.0
T10223,Microgrid Control and Optimization,99,67,-32,0.0007,0.0005,-0.02
T13534,"Migration, Identity, and Health",145,20,-125,0.001,0.0001,-0.09
T10344,Management and Organizational Studies,77,88,11,0.0005,0.0006,0.01
T11796,Horticultural and Viticultural Research,143,22,-121,0.001,0.0002,-0.08
T14493,Criminal Law and Evidence,92,73,-19,0.0006,0.0005,-0.01
T12876,Potassium and Related Disorders,88,77,-11,0.0006,0.0005,-0.01
T13558,"Philosophy, Science, and History",81,84,3,0.0006,0.0006,0.0
T12645,European history and politics,129,35,-94,0.0009,0.0002,-0.06
T10143,Chronic Obstructive Pulmonary Disease (COPD) Research,81,83,2,0.0006,0.0006,0.0
T10703,Business Process Modeling and Analysis,95,68,-27,0.0007,0.0005,-0.02
T10010,"Obesity, Physical Activity, Diet",68,95,27,0.0005,0.0007,0.02
T10382,Quantum and electron transport phenomena,90,73,-17,0.0006,0.0005,-0.01
T10040,Adaptive Control of Nonlinear Systems,121,42,-79,0.0008,0.0003,-0.05
T10368,Dental Health and Care Utilization,55,108,53,0.0004,0.0007,0.04
T10730,Language Development and Disorders,32,131,99,0.0002,0.0009,0.07
T10811,Hydrogen Storage and Materials,66,96,30,0.0005,0.0007,0.02
T10086,Alzheimer's disease research and treatments,74,88,14,0.0005,0.0006,0.01
T10028,Topic Modeling,78,83,5,0.0005,0.0006,0.0
T10630,Orthopedic Surgery and Rehabilitation,87,74,-13,0.0006,0.0005,-0.01
T10155,Nitric Oxide and Endothelin Effects,97,63,-34,0.0007,0.0004,-0.02
T10705,Additive Manufacturing Materials and Processes,89,71,-18,0.0006,0.0005,-0.01
T10707,Cellular and Composite Structures,76,84,8,0.0005,0.0006,0.01
T10150,Antifungal resistance and susceptibility,66,94,28,0.0005,0.0006,0.02
T14030,Taxation and Legal Issues,63,97,34,0.0004,0.0007,0.02
T10358,Advanced Radiotherapy Techniques,60,99,39,0.0004,0.0007,0.03
T12668,Yeasts and Rust Fungi Studies,64,95,31,0.0004,0.0007,0.02
T10172,Cardiac Valve Diseases and Treatments,80,78,-2,0.0005,0.0005,-0.0
T11693,Cryptography and Residue Arithmetic,70,88,18,0.0005,0.0006,0.01
T10916,Surgical Simulation and Training,76,82,6,0.0005,0.0006,0.0
T13621,Ancient and Medieval Archaeology Studies,75,82,7,0.0005,0.0006,0.0
T11129,Photochemistry and Electron Transfer Studies,55,102,47,0.0004,0.0007,0.03
T11334,Psychosomatic Disorders and Their Treatments,76,81,5,0.0005,0.0006,0.0
T11567,semigroups and automata theory,72,85,13,0.0005,0.0006,0.01
T13296,Physical Education and Sports Studies,3,153,150,0.0,0.0011,0.1
T10785,Economic Theory and Institutions,79,77,-2,0.0005,0.0005,-0.0
T10179,Supercapacitor Materials and Fabrication,85,70,-15,0.0006,0.0005,-0.01
T10197,Membrane Separation Technologies,70,85,15,0.0005,0.0006,0.01
T12632,Visual Culture and Art Theory,29,126,97,0.0002,0.0009,0.07
T10450,Aquaculture Nutrition and Growth,91,63,-28,0.0006,0.0004,-0.02
T10146,Cervical Cancer and HPV Research,70,84,14,0.0005,0.0006,0.01
T10971,Olfactory and Sensory Function Studies,107,47,-60,0.0007,0.0003,-0.04
T11619,Combustion and Detonation Processes,80,74,-6,0.0005,0.0005,-0.0
T10581,Neural dynamics and brain function,80,73,-7,0.0005,0.0005,-0.0
T12163,Aerosol Filtration and Electrostatic Precipitation,71,82,11,0.0005,0.0006,0.01
T10610,Advanced Cellulose Research Studies,93,60,-33,0.0006,0.0004,-0.02
T11027,Metabolism and Genetic Disorders,71,82,11,0.0005,0.0006,0.01
T13714,Medieval Architecture and Archaeology,64,88,24,0.0004,0.0006,0.02
T10131,Gold and Silver Nanoparticles Synthesis and Applications,65,87,22,0.0004,0.0006,0.02
T11026,Occupational and environmental lung diseases,72,80,8,0.0005,0.0006,0.01
T12274,Electrostatics and Colloid Interactions,64,88,24,0.0004,0.0006,0.02
T10080,Energy Efficient Wireless Sensor Networks,65,86,21,0.0004,0.0006,0.01
T10320,Neural Networks and Applications,86,65,-21,0.0006,0.0004,-0.01
T12670,"Urbanism, Landscape, and Tourism Studies",19,131,112,0.0001,0.0009,0.08
T10249,Distributed Control Multi-Agent Systems,69,81,12,0.0005,0.0006,0.01
T10356,Orthodontics and Dentofacial Orthopedics,42,108,66,0.0003,0.0007,0.05
T10231,Pancreatic and Hepatic Oncology Research,76,74,-2,0.0005,0.0005,-0.0
T10261,Genetic Associations and Epidemiology,43,107,64,0.0003,0.0007,0.04
T10030,Electrocatalysts for Energy Conversion,74,75,1,0.0005,0.0005,0.0
T11331,Fecal contamination and water quality,32,117,85,0.0002,0.0008,0.06
T11791,Microbial Community Ecology and Physiology,96,53,-43,0.0007,0.0004,-0.03
T13952,Information Technology and Learning,149,0,-149,0.001,0.0,-0.1
T10287,Algebraic structures and combinatorial models,94,55,-39,0.0006,0.0004,-0.03
T10461,Gas Sensing Nanomaterials and Sensors,80,69,-11,0.0005,0.0005,-0.01
T10283,Hearing Loss and Rehabilitation,40,109,69,0.0003,0.0007,0.05
T10226,Land Use and Ecosystem Services,71,78,7,0.0005,0.0005,0.0
T11073,Metal Extraction and Bioleaching,101,47,-54,0.0007,0.0003,-0.04
T10376,Suicide and Self-Harm Studies,59,89,30,0.0004,0.0006,0.02
T10118,SARS-CoV-2 and COVID-19 Research,74,74,0,0.0005,0.0005,0.0
T10984,Sinusitis and nasal conditions,75,73,-2,0.0005,0.0005,-0.0
T13068,Ancient Mediterranean Archaeology and History,66,82,16,0.0005,0.0006,0.01
T10548,Catalytic Cross-Coupling Reactions,57,90,33,0.0004,0.0006,0.02
T10220,Machine Fault Diagnosis Techniques,71,76,5,0.0005,0.0005,0.0
T10487,Plant and animal studies,106,41,-65,0.0007,0.0003,-0.04
T10503,Global Financial Crisis and Policies,74,72,-2,0.0005,0.0005,-0.0
T11853,Semiconductor materials and interfaces,63,83,20,0.0004,0.0006,0.01
T11059,Market Dynamics and Volatility,82,64,-18,0.0006,0.0004,-0.01
T10686,Effects and risks of endocrine disrupting chemicals,82,64,-18,0.0006,0.0004,-0.01
T12921,European Criminal Justice and Data Protection,108,37,-71,0.0007,0.0003,-0.05
T10408,Chronic Kidney Disease and Diabetes,48,97,49,0.0003,0.0007,0.03
T12003,Bioenergy crop production and management,115,29,-86,0.0008,0.0002,-0.06
T12373,Linguistic research and analysis,54,90,36,0.0004,0.0006,0.02
T11188,Coagulation and Flocculation Studies,56,88,32,0.0004,0.0006,0.02
T12390,Comics and Graphic Narratives,53,91,38,0.0004,0.0006,0.03
T14166,European Monetary and Fiscal Policies,56,87,31,0.0004,0.0006,0.02
T11242,Nuclear Materials and Properties,94,49,-45,0.0006,0.0003,-0.03
T10998,Heat Transfer and Optimization,60,83,23,0.0004,0.0006,0.02
T10923,Force Microscopy Techniques and Applications,86,57,-29,0.0006,0.0004,-0.02
T11551,Infective Endocarditis Diagnosis and Management,71,72,1,0.0005,0.0005,0.0
T10240,Plant tissue culture and regeneration,60,82,22,0.0004,0.0006,0.02
T10322,Respiratory Support and Mechanisms,69,73,4,0.0005,0.0005,0.0
T13545,Philosophical and Theoretical Analysis,74,68,-6,0.0005,0.0005,-0.0
T10588,Mathematical Dynamics and Fractals,88,54,-34,0.0006,0.0004,-0.02
T11948,Machine Learning in Materials Science,87,54,-33,0.0006,0.0004,-0.02
T10436,Anesthesia and Sedative Agents,55,86,31,0.0004,0.0006,0.02
T11742,Economic Theory and Policy,71,70,-1,0.0005,0.0005,-0.0
T11125,Petri Nets in System Modeling,66,75,9,0.0005,0.0005,0.01
T10115,Corporate Social Responsibility Reporting,55,86,31,0.0004,0.0006,0.02
T10073,Hepatocellular Carcinoma Treatment and Prognosis,70,70,0,0.0005,0.0005,0.0
T10567,Vehicle Routing Optimization Methods,69,71,2,0.0005,0.0005,0.0
T10827,Patient-Provider Communication in Healthcare,31,108,77,0.0002,0.0007,0.05
T11630,Petroleum Processing and Analysis,72,67,-5,0.0005,0.0005,-0.0
T11915,Pickering emulsions and particle stabilization,90,49,-41,0.0006,0.0003,-0.03
T10902,Complementary and Alternative Medicine Studies,36,103,67,0.0002,0.0007,0.05
T11357,Risk and Safety Analysis,94,44,-50,0.0006,0.0003,-0.03
T12669,Comparative International Legal Studies,19,119,100,0.0001,0.0008,0.07
T10880,Environmental Sustainability in Business,71,67,-4,0.0005,0.0005,-0.0
T10285,Venous Thromboembolism Diagnosis and Management,72,66,-6,0.0005,0.0005,-0.0
T11145,Epoxy Resin Curing Processes,53,84,31,0.0004,0.0006,0.02
T10236,Aquatic Ecosystems and Phytoplankton Dynamics,85,52,-33,0.0006,0.0004,-0.02
T10949,Genetic Neurodegenerative Diseases,75,62,-13,0.0005,0.0004,-0.01
T10023,Schizophrenia research and treatment,49,88,39,0.0003,0.0006,0.03
T10600,Reproductive Health and Contraception,28,109,81,0.0002,0.0007,0.06
T10433,Carcinogens and Genotoxicity Assessment,43,94,51,0.0003,0.0006,0.04
T10303,Photosynthetic Processes and Mechanisms,76,61,-15,0.0005,0.0004,-0.01
T13162,African Studies and Ethnography,108,29,-79,0.0007,0.0002,-0.05
T10257,Oral microbiology and periodontitis research,57,80,23,0.0004,0.0006,0.02
T10920,Advanced Drug Delivery Systems,41,96,55,0.0003,0.0007,0.04
T11072,Peroxisome Proliferator-Activated Receptors,81,55,-26,0.0006,0.0004,-0.02
T10569,Bariatric Surgery and Outcomes,61,75,14,0.0004,0.0005,0.01
T13742,Metallurgy and Cultural Artifacts,80,56,-24,0.0005,0.0004,-0.02
T10572,Geophysical and Geoelectrical Methods,65,70,5,0.0004,0.0005,0.0
T10856,Intellectual Property and Patents,62,73,11,0.0004,0.0005,0.01
T10050,Multi-Criteria Decision Making,52,83,31,0.0004,0.0006,0.02
T10963,Advanced Optimization Algorithms Research,63,72,9,0.0004,0.0005,0.01
T11095,Emergency and Acute Care Studies,56,79,23,0.0004,0.0005,0.02
T10168,COVID-19 and Mental Health,67,68,1,0.0005,0.0005,0.0
T10642,Plasma Applications and Diagnostics,38,96,58,0.0003,0.0007,0.04
T10178,Cancer survivorship and care,61,73,12,0.0004,0.0005,0.01
T11691,Forest Insect Ecology and Management,86,48,-38,0.0006,0.0003,-0.03
T10343,"Hydrogels: synthesis, properties, applications",44,90,46,0.0003,0.0006,0.03
T12139,Advanced Thermodynamic Systems and Engines,29,105,76,0.0002,0.0007,0.05
T10670,Aluminum Alloy Microstructure Properties,89,44,-45,0.0006,0.0003,-0.03
T10164,Quality and Supply Management,67,65,-2,0.0005,0.0004,-0.0
T10043,Substance Abuse Treatment and Outcomes,28,104,76,0.0002,0.0007,0.05
T11663,Viral Infectious Diseases and Gene Expression in Insects,74,58,-16,0.0005,0.0004,-0.01
T12586,"Folklore, Mythology, and Literature Studies",33,98,65,0.0002,0.0007,0.04
T13745,Media and Digital Communication,5,126,121,0.0,0.0009,0.08
T13842,Intellectual Property Law,39,92,53,0.0003,0.0006,0.04
T11021,ECG Monitoring and Analysis,49,82,33,0.0003,0.0006,0.02
T14062,Migration and Exile Studies,99,31,-68,0.0007,0.0002,-0.05
T10163,Metal complexes synthesis and properties,92,38,-54,0.0006,0.0003,-0.04
T11733,X-ray Spectroscopy and Fluorescence Analysis,40,90,50,0.0003,0.0006,0.03
T10071,Bone health and osteoporosis research,42,88,46,0.0003,0.0006,0.03
T11210,Mathematical Analysis and Transform Methods,49,81,32,0.0003,0.0006,0.02
T10977,Optical Imaging and Spectroscopy Techniques,51,79,28,0.0004,0.0005,0.02
T10185,Lymphoma Diagnosis and Treatment,56,74,18,0.0004,0.0005,0.01
T10019,Corporate Finance and Governance,49,80,31,0.0003,0.0006,0.02
T10328,Supply Chain and Inventory Management,45,84,39,0.0003,0.0006,0.03
T10663,Advanced Battery Technologies Research,85,44,-41,0.0006,0.0003,-0.03
T10233,Geotechnical Engineering and Soil Mechanics,34,94,60,0.0002,0.0006,0.04
T10015,Genomics and Phylogenetic Studies,84,44,-40,0.0006,0.0003,-0.03
T10438,"Energy, Environment, Economic Growth",70,58,-12,0.0005,0.0004,-0.01
T10047,Financial Markets and Investment Strategies,45,83,38,0.0003,0.0006,0.03
T10275,2D Materials and Applications,58,70,12,0.0004,0.0005,0.01
T10938,Phase Change Materials Research,59,69,10,0.0004,0.0005,0.01
T10472,Semiconductor materials and devices,82,46,-36,0.0006,0.0003,-0.02
T12857,Medieval Philosophy and Theology,28,100,72,0.0002,0.0007,0.05
T10280,Shoulder Injury and Treatment,62,65,3,0.0004,0.0004,0.0
T10500,Sparse and Compressive Sensing Techniques,64,63,-1,0.0004,0.0004,-0.0
T13167,"Historical, Literary, and Cultural Studies",52,75,23,0.0004,0.0005,0.02
T10075,Atmospheric chemistry and aerosols,57,70,13,0.0004,0.0005,0.01
T11012,Gas Dynamics and Kinetic Theory,60,67,7,0.0004,0.0005,0.0
T10244,Chaos control and synchronization,57,70,13,0.0004,0.0005,0.01
T10488,Nanocomposite Films for Food Packaging,53,74,21,0.0004,0.0005,0.01
T12358,Thermal and Kinetic Analysis,64,63,-1,0.0004,0.0004,-0.0
T10292,Acute Myocardial Infarction Research,47,80,33,0.0003,0.0006,0.02
T14128,Metallurgical and Alloy Processes,46,80,34,0.0003,0.0006,0.02
T11590,Primary Care and Health Outcomes,31,95,64,0.0002,0.0007,0.04
T13607,Academic Publishing and Open Access,36,90,54,0.0002,0.0006,0.04
T10978,Prenatal Screening and Diagnostics,84,42,-42,0.0006,0.0003,-0.03
T11907,Copper-based nanomaterials and applications,76,50,-26,0.0005,0.0003,-0.02
T10351,Liver Disease Diagnosis and Treatment,77,49,-28,0.0005,0.0003,-0.02
T12094,Hemoglobin structure and function,74,52,-22,0.0005,0.0004,-0.02
T10564,Wastewater Treatment and Nitrogen Removal,62,64,2,0.0004,0.0004,0.0
T12187,Glutathione Transferases and Polymorphisms,59,67,8,0.0004,0.0005,0.01
T11716,Random Matrices and Applications,76,49,-27,0.0005,0.0003,-0.02
T10403,Phonetics and Phonology Research,64,61,-3,0.0004,0.0004,-0.0
T10546,Higher Education Governance and Development,32,93,61,0.0002,0.0006,0.04
T11771,Plant Pathogens and Resistance,57,67,10,0.0004,0.0005,0.01
T10495,Catalysts for Methane Reforming,55,69,14,0.0004,0.0005,0.01
T12896,Sustainable Agricultural Systems Analysis,35,89,54,0.0002,0.0006,0.04
T11737,Advanced Materials and Mechanics,77,47,-30,0.0005,0.0003,-0.02
T11031,Game Theory and Applications,47,77,30,0.0003,0.0005,0.02
T11587,Second Language Acquisition and Learning,31,93,62,0.0002,0.0006,0.04
T12444,"Art, Politics, and Modernism",13,110,97,0.0001,0.0008,0.07
T13604,"Adsorption, diffusion, and thermodynamic properties of materials",34,89,55,0.0002,0.0006,0.04
T12713,Forest Ecology and Biodiversity Studies,89,34,-55,0.0006,0.0002,-0.04
T13421,"Contemporary art, education, critique",122,1,-121,0.0008,0.0,-0.08
T11206,Model Reduction and Neural Networks,58,65,7,0.0004,0.0004,0.0
T11419,Supramolecular Self-Assembly in Materials,64,58,-6,0.0004,0.0004,-0.0
T11190,3D Printing in Biomedical Research,82,40,-42,0.0006,0.0003,-0.03
T10478,Diamond and Carbon-based Materials Research,82,40,-42,0.0006,0.0003,-0.03
T11854,Laser-induced spectroscopy and plasma,67,55,-12,0.0005,0.0004,-0.01
T10190,Air Quality and Health Impacts,77,45,-32,0.0005,0.0003,-0.02
T10425,Cold Atom Physics and Bose-Einstein Condensates,80,42,-38,0.0005,0.0003,-0.03
T13911,"Employment, Labor, and Gender Studies",6,116,110,0.0,0.0008,0.08
T11758,Organic and Molecular Conductors Research,55,66,11,0.0004,0.0005,0.01
T10731,Educational Games and Gamification,39,82,43,0.0003,0.0006,0.03
T11054,Adrenal and Paraganglionic Tumors,64,57,-7,0.0004,0.0004,-0.0
T10379,Cellular Mechanics and Interactions,46,75,29,0.0003,0.0005,0.02
T10415,International Business and FDI,41,79,38,0.0003,0.0005,0.03
T12831,School Health and Nursing Education,89,31,-58,0.0006,0.0002,-0.04
T13080,Advanced Differential Geometry Research,14,106,92,0.0001,0.0007,0.06
T11629,"Birth, Development, and Health",61,59,-2,0.0004,0.0004,-0.0
T13208,Synthesis of heterocyclic compounds,33,87,54,0.0002,0.0006,0.04
T14255,European Law and Migration,24,96,72,0.0002,0.0007,0.05
T10772,Distributed systems and fault tolerance,67,52,-15,0.0005,0.0004,-0.01
T11247,Plant nutrient uptake and metabolism,69,50,-19,0.0005,0.0003,-0.01
T10749,International Law and Human Rights,37,82,45,0.0003,0.0006,0.03
T10228,Multilevel Inverters and Converters,59,60,1,0.0004,0.0004,0.0
T11729,Product Development and Customization,53,66,13,0.0004,0.0005,0.01
T10859,Polymer Surface Interaction Studies,64,55,-9,0.0004,0.0004,-0.01
T11376,Geriatric Care and Nursing Homes,27,92,65,0.0002,0.0006,0.04
T11881,Crystallization and Solubility Studies,53,66,13,0.0004,0.0005,0.01
T11077,Genetic and Clinical Aspects of Sex Determination and Chromosomal Abnormalities,55,63,8,0.0004,0.0004,0.01
T11092,Spondyloarthritis Studies and Treatments,60,58,-2,0.0004,0.0004,-0.0
T13102,Soil and Environmental Studies,8,110,102,0.0001,0.0008,0.07
T11217,Cardiac Arrhythmias and Treatments,59,59,0,0.0004,0.0004,0.0
T11962,Cardiac Fibrosis and Remodeling,52,66,14,0.0004,0.0005,0.01
T11063,Rough Sets and Fuzzy Logic,75,43,-32,0.0005,0.0003,-0.02
T10601,Handwritten Text Recognition Techniques,44,73,29,0.0003,0.0005,0.02
T10792,Matrix Theory and Algorithms,67,50,-17,0.0005,0.0003,-0.01
T11007,Hybrid Renewable Energy Systems,66,51,-15,0.0005,0.0004,-0.01
T11738,Ultrasound in Clinical Applications,57,60,3,0.0004,0.0004,0.0
T10604,RNA Research and Splicing,48,69,21,0.0003,0.0005,0.01
T13315,Occupational Health and Safety in Workplaces,1,116,115,0.0,0.0008,0.08
T12377,Digital Humanities and Scholarship,30,87,57,0.0002,0.0006,0.04
T11017,Chaos-based Image/Signal Encryption,65,52,-13,0.0004,0.0004,-0.01
T10481,Computer Graphics and Visualization Techniques,45,72,27,0.0003,0.0005,0.02
T13170,Discrimination and Equality Law,28,88,60,0.0002,0.0006,0.04
T10758,Cinema and Media Studies,48,68,20,0.0003,0.0005,0.01
T11263,Electromagnetic Simulation and Numerical Methods,89,27,-62,0.0006,0.0002,-0.04
T10066,Gut microbiota and health,53,63,10,0.0004,0.0004,0.01
T10269,Epigenetics and DNA Methylation,50,65,15,0.0003,0.0004,0.01
T12504,Mathematics and Applications,71,44,-27,0.0005,0.0003,-0.02
T10672,Design Education and Practice,39,76,37,0.0003,0.0005,0.03
T10568,Thermodynamic and Exergetic Analyses of Power and Cooling Systems,51,64,13,0.0004,0.0004,0.01
T13250,Semiotics and Representation Studies,57,58,1,0.0004,0.0004,0.0
T10290,Pregnancy and preeclampsia studies,57,58,1,0.0004,0.0004,0.0
T11187,Nonlinear Dynamics and Pattern Formation,83,32,-51,0.0006,0.0002,-0.03
T10895,Species Distribution and Climate Change,68,47,-21,0.0005,0.0003,-0.01
T10538,Data Mining Algorithms and Applications,49,66,17,0.0003,0.0005,0.01
T12083,Karst Systems and Hydrogeology,48,66,18,0.0003,0.0005,0.01
T13135,"Communism, Protests, Social Movements",70,44,-26,0.0005,0.0003,-0.02
T10145,Consumer Behavior in Brand Consumption and Identification,56,58,2,0.0004,0.0004,0.0
T10504,Sensorless Control of Electric Motors,35,79,44,0.0002,0.0005,0.03
T13773,International Labor and Employment Law,100,13,-87,0.0007,0.0001,-0.06
T12542,Second Language Learning and Teaching,67,46,-21,0.0005,0.0003,-0.01
T11667,Advanced Chemical Sensor Technologies,74,39,-35,0.0005,0.0003,-0.02
T10296,Vector-borne infectious diseases,50,63,13,0.0003,0.0004,0.01
T10189,Anesthesia and Pain Management,37,76,39,0.0003,0.0005,0.03
T12836,History and Developments in Astronomy,47,66,19,0.0003,0.0005,0.01
T12678,Themes in Literature Analysis,18,95,77,0.0001,0.0007,0.05
T12039,Electron and X-Ray Spectroscopy Techniques,68,45,-23,0.0005,0.0003,-0.02
T10782,Nanoplatforms for cancer theranostics,73,40,-33,0.0005,0.0003,-0.02
T10937,"Telomeres, Telomerase, and Senescence",53,60,7,0.0004,0.0004,0.0
T10535,Landslides and related hazards,73,40,-33,0.0005,0.0003,-0.02
T10793,Diabetes Management and Education,49,63,14,0.0003,0.0004,0.01
T10468,Photovoltaic System Optimization Techniques,58,54,-4,0.0004,0.0004,-0.0
T13153,Rousseau and Enlightenment Thought,19,93,74,0.0001,0.0006,0.05
T12275,Gender and Feminist Studies,1,111,110,0.0,0.0008,0.08
T14185,"Research, Science, and Academia",6,106,100,0.0,0.0007,0.07
T10650,Food Drying and Modeling,28,84,56,0.0002,0.0006,0.04
T11225,Geothermal Energy Systems and Applications,51,60,9,0.0004,0.0004,0.01
T14024,"Education, Philosophy, and Society",1,110,109,0.0,0.0008,0.07
T13474,Autobiographical and Biographical Writing,5,106,101,0.0,0.0007,0.07
T10394,Lipoproteins and Cardiovascular Health,45,66,21,0.0003,0.0005,0.01
T11830,Point processes and geometric inequalities,60,51,-9,0.0004,0.0004,-0.01
T11389,Maternal and fetal healthcare,57,54,-3,0.0004,0.0004,-0.0
T10304,Geometric and Algebraic Topology,56,54,-2,0.0004,0.0004,-0.0
T11053,Process Optimization and Integration,55,55,0,0.0004,0.0004,0.0
T12192,Polysaccharides Composition and Applications,49,61,12,0.0003,0.0004,0.01
T11351,Catalysis and Hydrodesulfurization Studies,68,42,-26,0.0005,0.0003,-0.02
T11477,"Epistemology, Ethics, and Metaphysics",20,90,70,0.0001,0.0006,0.05
T12852,Chemical Thermodynamics and Molecular Structure,70,40,-30,0.0005,0.0003,-0.02
T11131,Proteoglycans and glycosaminoglycans research,58,52,-6,0.0004,0.0004,-0.0
T10994,"Terrorism, Counterterrorism, and Political Violence",15,95,80,0.0001,0.0007,0.06
T11416,Numerical methods for differential equations,52,57,5,0.0004,0.0004,0.0
T10976,Viral gastroenteritis research and epidemiology,82,27,-55,0.0006,0.0002,-0.04
T12766,Interdisciplinary Research and Collaboration,24,85,61,0.0002,0.0006,0.04
T10315,Decision-Making and Behavioral Economics,34,75,41,0.0002,0.0005,0.03
T10598,Cardiac pacing and defibrillation studies,56,53,-3,0.0004,0.0004,-0.0
T10314,Social and Intergroup Psychology,38,71,33,0.0003,0.0005,0.02
T10991,Game Theory and Voting Systems,39,70,31,0.0003,0.0005,0.02
T11544,"Gender, Labor, and Family Dynamics",45,63,18,0.0003,0.0004,0.01
T12729,Tree Root and Stability Studies,83,25,-58,0.0006,0.0002,-0.04
T10679,Service-Oriented Architecture and Web Services,75,33,-42,0.0005,0.0002,-0.03
T14134,Medical and Biological Sciences,95,12,-83,0.0007,0.0001,-0.06
T10121,Building Energy and Comfort Optimization,58,49,-9,0.0004,0.0003,-0.01
T10557,Social Media and Politics,35,72,37,0.0002,0.0005,0.03
T10516,Parathyroid Disorders and Treatments,63,44,-19,0.0004,0.0003,-0.01
T11727,Advanced Algebra and Logic,44,62,18,0.0003,0.0004,0.01
T11136,Enzyme-mediated dye degradation,68,38,-30,0.0005,0.0003,-0.02
T10216,"Migration, Refugees, and Integration",7,99,92,0.0,0.0007,0.06
T13914,European Cultural and National Identity,34,72,38,0.0002,0.0005,0.03
T11410,Cultural Industries and Urban Development,61,45,-16,0.0004,0.0003,-0.01
T11761,Resilience and Mental Health,52,54,2,0.0004,0.0004,0.0
T10766,Urban Heat Island Mitigation,52,54,2,0.0004,0.0004,0.0
T10247,Perovskite Materials and Applications,61,45,-16,0.0004,0.0003,-0.01
T10555,Fire effects on ecosystems,70,35,-35,0.0005,0.0002,-0.02
T10208,Labor market dynamics and wage inequality,45,60,15,0.0003,0.0004,0.01
T11081,Advanced Control Systems Design,21,84,63,0.0001,0.0006,0.04
T12339,Medical Malpractice and Liability Issues,38,67,29,0.0003,0.0005,0.02
T11814,Advanced Manufacturing and Logistics Optimization,67,38,-29,0.0005,0.0003,-0.02
T10640,Spectroscopy and Chemometric Analyses,62,43,-19,0.0004,0.0003,-0.01
T13275,Medical and Health Sciences Research,8,96,88,0.0001,0.0007,0.06
T10108,Electoral Systems and Political Participation,15,89,74,0.0001,0.0006,0.05
T11270,Complex Systems and Time Series Analysis,70,34,-36,0.0005,0.0002,-0.02
T10662,Ultrasonics and Acoustic Wave Propagation,51,53,2,0.0004,0.0004,0.0
T10512,Orthopaedic implants and arthroplasty,64,40,-24,0.0004,0.0003,-0.02
T14170,Classical Studies and Philology,4,99,95,0.0,0.0007,0.07
T11903,Private Equity and Venture Capital,61,42,-19,0.0004,0.0003,-0.01
T10064,Complex Network Analysis Techniques,49,54,5,0.0003,0.0004,0.0
T10387,Fatty Acid Research and Health,50,53,3,0.0003,0.0004,0.0
T11285,Hearing Impairment and Communication,60,43,-17,0.0004,0.0003,-0.01
T11084,Workplace Health and Well-being,37,66,29,0.0003,0.0005,0.02
T10135,Insect-Plant Interactions and Control,45,58,13,0.0003,0.0004,0.01
T11001,Renin-Angiotensin System Studies,30,73,43,0.0002,0.0005,0.03
T12736,Criminal Justice and Penology,5,98,93,0.0,0.0007,0.06
T10889,Soil erosion and sediment transport,70,32,-38,0.0005,0.0002,-0.03
T13177,Geological and Geophysical Studies,12,90,78,0.0001,0.0006,0.05
T10933,Real-Time Systems Scheduling,56,46,-10,0.0004,0.0003,-0.01
T11128,Transition Metal Oxide Nanomaterials,63,39,-24,0.0004,0.0003,-0.02
T10852,Temporomandibular Joint Disorders,48,54,6,0.0003,0.0004,0.0
T11104,"Memory, Trauma, and Commemoration",11,91,80,0.0001,0.0006,0.06
T11592,Phenomenology and Existential Philosophy,15,87,72,0.0001,0.0006,0.05
T10602,Glycosylation and Glycoproteins Research,69,32,-37,0.0005,0.0002,-0.03
T10903,Porphyrin and Phthalocyanine Chemistry,57,44,-13,0.0004,0.0003,-0.01
T11455,Microbial Inactivation Methods,50,51,1,0.0003,0.0004,0.0
T13165,Agricultural safety and regulations,32,69,37,0.0002,0.0005,0.03
T11025,Nonlinear Optical Materials Research,57,43,-14,0.0004,0.0003,-0.01
T10077,Neuroscience and Neuropharmacology Research,68,32,-36,0.0005,0.0002,-0.02
T10593,Bacterial biofilms and quorum sensing,47,53,6,0.0003,0.0004,0.0
T13625,Journalism and Media Studies,6,94,88,0.0,0.0006,0.06
T13623,Linguistic Studies and Language Acquisition,62,38,-24,0.0004,0.0003,-0.02
T12208,Occupational exposure and asthma,53,46,-7,0.0004,0.0003,-0.0
T13465,"Graphite, nuclear technology, radiation studies",41,58,17,0.0003,0.0004,0.01
T11837,Iron and Steelmaking Processes,42,57,15,0.0003,0.0004,0.01
T10373,Renal Transplantation Outcomes and Treatments,43,56,13,0.0003,0.0004,0.01
T10414,Cannabis and Cannabinoid Research,48,51,3,0.0003,0.0004,0.0
T11491,CAR-T cell therapy research,51,48,-3,0.0004,0.0003,-0.0
T10271,Seismic Imaging and Inversion Techniques,59,40,-19,0.0004,0.0003,-0.01
T10214,Psychotherapy Techniques and Applications,47,51,4,0.0003,0.0004,0.0
T11002,Indoor Air Quality and Microbial Exposure,36,62,26,0.0002,0.0004,0.02
T11164,Remote Sensing and LiDAR Applications,50,48,-2,0.0003,0.0003,-0.0
T12809,Contact Mechanics and Variational Inequalities,49,49,0,0.0003,0.0003,0.0
T10720,Complexity and Algorithms in Graphs,15,83,68,0.0001,0.0006,0.05
T11472,Analytical Chemistry and Sensors,77,21,-56,0.0005,0.0001,-0.04
T13204,Competitive and Knowledge Intelligence,54,44,-10,0.0004,0.0003,-0.01
T10162,Online and Blended Learning,22,76,54,0.0002,0.0005,0.04
T11462,Museums and Cultural Heritage,23,75,52,0.0002,0.0005,0.04
T11278,Calcium Carbonate Crystallization and Inhibition,56,42,-14,0.0004,0.0003,-0.01
T12471,History of Science and Natural History,26,72,46,0.0002,0.0005,0.03
T12099,Advanced materials and composites,87,11,-76,0.0006,0.0001,-0.05
T10841,Economic and Environmental Valuation,53,45,-8,0.0004,0.0003,-0.01
T10881,Blood Coagulation and Thrombosis Mechanisms,31,67,36,0.0002,0.0005,0.02
T12628,Polymer Foaming and Composites,30,67,37,0.0002,0.0005,0.03
T11920,Pulsed Power Technology Applications,50,47,-3,0.0003,0.0003,-0.0
T12191,Chemical Reaction Mechanisms,29,68,39,0.0002,0.0005,0.03
T11717,Postcolonial and Cultural Literary Studies,13,84,71,0.0001,0.0006,0.05
T13622,Historical and Environmental Studies,53,44,-9,0.0004,0.0003,-0.01
T11222,Magnetic Properties and Applications,68,29,-39,0.0005,0.0002,-0.03
T11626,Metalloenzymes and iron-sulfur proteins,42,55,13,0.0003,0.0004,0.01
T11456,Neuroscience of respiration and sleep,51,46,-5,0.0004,0.0003,-0.0
T10912,Telemedicine and Telehealth Implementation,21,75,54,0.0001,0.0005,0.04
T13845,Classical Studies and Legal History,80,16,-64,0.0005,0.0001,-0.04
T10213,Public Policy and Administration Research,11,85,74,0.0001,0.0006,0.05
T12430,Academic and Historical Perspectives in Psychology,40,56,16,0.0003,0.0004,0.01
T10183,Breast Cancer Treatment Studies,39,57,18,0.0003,0.0004,0.01
T14147,Innovative Approaches in Technology and Social Development,60,36,-24,0.0004,0.0002,-0.02
T10397,Nutrition and Health in Aging,59,37,-22,0.0004,0.0003,-0.02
T10274,Synthesis and biological activity,42,54,12,0.0003,0.0004,0.01
T13810,Legal Systems and Institutions,96,0,-96,0.0007,0.0,-0.07
T12211,Aluminum toxicity and tolerance in plants and animals,60,36,-24,0.0004,0.0002,-0.02
T10599,Reconstructive Surgery and Microvascular Techniques,52,44,-8,0.0004,0.0003,-0.01
T10471,Climate Change Policy and Economics,42,54,12,0.0003,0.0004,0.01
T10824,Image Retrieval and Classification Techniques,56,40,-16,0.0004,0.0003,-0.01
T10857,Advanced Electron Microscopy Techniques and Applications,35,61,26,0.0002,0.0004,0.02
T11130,Coding theory and cryptography,65,30,-35,0.0004,0.0002,-0.02
T12282,Mineral Processing and Grinding,45,50,5,0.0003,0.0003,0.0
T10173,Computational Fluid Dynamics and Aerodynamics,35,60,25,0.0002,0.0004,0.02
T10008,Teacher Education and Leadership Studies,4,91,87,0.0,0.0006,0.06
T10052,Medical Image Segmentation Techniques,34,60,26,0.0002,0.0004,0.02
T11959,Employment and Welfare Studies,66,28,-38,0.0005,0.0002,-0.03
T10979,Breastfeeding Practices and Influences,41,53,12,0.0003,0.0004,0.01
T11675,Open Source Software Innovations,52,42,-10,0.0004,0.0003,-0.01
T12589,Differential Equations and Boundary Problems,26,68,42,0.0002,0.0005,0.03
T10263,Eating Disorders and Behaviors,39,55,16,0.0003,0.0004,0.01
T12405,Characterization and Applications of Magnetic Nanoparticles,53,41,-12,0.0004,0.0003,-0.01
T11882,Plant biochemistry and biosynthesis,38,56,18,0.0003,0.0004,0.01
T12722,Innovation Policy and R&D,54,39,-15,0.0004,0.0003,-0.01
T10282,Financial Risk and Volatility Modeling,47,46,-1,0.0003,0.0003,-0.0
T10301,Mitochondrial Function and Pathology,47,46,-1,0.0003,0.0003,-0.0
T12044,Advanced Physical and Chemical Molecular Interactions,26,67,41,0.0002,0.0005,0.03
T10180,Analytical chemistry methods development,45,48,3,0.0003,0.0003,0.0
T10713,Structural Load-Bearing Analysis,40,53,13,0.0003,0.0004,0.01
T12448,Paranormal Experiences and Beliefs,35,58,23,0.0002,0.0004,0.02
T11157,Chronic Lymphocytic Leukemia Research,51,42,-9,0.0004,0.0003,-0.01
T11048,Bacteriophages and microbial interactions,64,29,-35,0.0004,0.0002,-0.02
T10302,Fish Ecology and Management Studies,62,30,-32,0.0004,0.0002,-0.02
T12202,nanoparticles nucleation surface interactions,75,17,-58,0.0005,0.0001,-0.04
T10307,Head and Neck Cancer Studies,39,53,14,0.0003,0.0004,0.01
T11603,Dust and Plasma Wave Phenomena,30,62,32,0.0002,0.0004,0.02
T10309,Acute Myeloid Leukemia Research,50,42,-8,0.0003,0.0003,-0.01
T11825,Catalysis and Oxidation Reactions,57,35,-22,0.0004,0.0002,-0.02
T10154,Customer Service Quality and Loyalty,28,64,36,0.0002,0.0004,0.02
T10576,Opioid Use Disorder Treatment,26,66,40,0.0002,0.0005,0.03
T10422,Angiogenesis and VEGF in Cancer,58,34,-24,0.0004,0.0002,-0.02
T12851,Firm Innovation and Growth,46,45,-1,0.0003,0.0003,-0.0
T10786,Maternal Mental Health During Pregnancy and Postpartum,43,48,5,0.0003,0.0003,0.0
T10140,Food composition and properties,41,50,9,0.0003,0.0003,0.01
T14061,Educational Practices and Policies,72,19,-53,0.0005,0.0001,-0.04
T10202,Lung Cancer Diagnosis and Treatment,40,51,11,0.0003,0.0004,0.01
T11792,Pharmaceutical Economics and Policy,49,42,-7,0.0003,0.0003,-0.0
T10609,Digital Marketing and Social Media,36,55,19,0.0002,0.0004,0.01
T11153,Streptococcal Infections and Treatments,83,8,-75,0.0006,0.0001,-0.05
T12184,Linguistics and Education Research,10,80,70,0.0001,0.0006,0.05
T10284,Anaerobic Digestion and Biogas Production,32,58,26,0.0002,0.0004,0.02
T12118,Forest Biomass Utilization and Management,62,28,-34,0.0004,0.0002,-0.02
T10493,Ion channel regulation and function,32,58,26,0.0002,0.0004,0.02
T11708,Photochromic and Fluorescence Chemistry,45,45,0,0.0003,0.0003,0.0
T11191,Mathematical functions and polynomials,27,63,36,0.0002,0.0004,0.02
T11710,Biomedical Text Mining and Ontologies,60,30,-30,0.0004,0.0002,-0.02
T11163,Organ Donation and Transplantation,47,43,-4,0.0003,0.0003,-0.0
T13108,Therapeutic Uses of Natural Elements,48,41,-7,0.0003,0.0003,-0.0
T10714,Software-Defined Networks and 5G,43,46,3,0.0003,0.0003,0.0
T13276,University-Industry-Government Innovation Models,35,54,19,0.0002,0.0004,0.01
T10657,Topological Materials and Phenomena,52,37,-15,0.0004,0.0003,-0.01
T10184,Plant Molecular Biology Research,54,35,-19,0.0004,0.0002,-0.01
T12396,Advanced Differential Equations and Dynamical Systems,70,19,-51,0.0005,0.0001,-0.03
T11481,Sulfur Compounds in Biology,63,26,-37,0.0004,0.0002,-0.03
T11212,Cultural Heritage Materials Analysis,54,35,-19,0.0004,0.0002,-0.01
T10622,Quantum Mechanics and Applications,46,43,-3,0.0003,0.0003,-0.0
T13500,Probability and Statistical Research,5,84,79,0.0,0.0006,0.05
T11329,Limits and Structures in Graph Theory,58,31,-27,0.0004,0.0002,-0.02
T12097,Aquatic Invertebrate Ecology and Behavior,71,17,-54,0.0005,0.0001,-0.04
T10906,AI-based Problem Solving and Planning,42,46,4,0.0003,0.0003,0.0
T12035,Pain Management and Placebo Effect,52,36,-16,0.0004,0.0002,-0.01
T12398,Poetry Analysis and Criticism,18,70,52,0.0001,0.0005,0.04
T11195,Simulation Techniques and Applications,50,38,-12,0.0003,0.0003,-0.01
T10384,Laser-Plasma Interactions and Diagnostics,51,37,-14,0.0004,0.0003,-0.01
T12166,Ion-surface interactions and analysis,47,41,-6,0.0003,0.0003,-0.0
T10256,Drug Solubulity and Delivery Systems,35,53,18,0.0002,0.0004,0.01
T11856,Thermography and Photoacoustic Techniques,58,30,-28,0.0004,0.0002,-0.02
T11220,Water Systems and Optimization,41,47,6,0.0003,0.0003,0.0
T10708,Mindfulness and Compassion Interventions,38,50,12,0.0003,0.0003,0.01
T13484,German History and Society,40,48,8,0.0003,0.0003,0.01
T11395,Radiopharmaceutical Chemistry and Applications,28,59,31,0.0002,0.0004,0.02
T11309,Music and Audio Processing,45,42,-3,0.0003,0.0003,-0.0
T10638,Optical measurement and interference techniques,44,43,-1,0.0003,0.0003,-0.0
T13173,Gender Studies in Language,37,50,13,0.0003,0.0003,0.01
T10006,Job Satisfaction and Organizational Behavior,16,71,55,0.0001,0.0005,0.04
T10420,Intracranial Aneurysms: Treatment and Complications,43,44,1,0.0003,0.0003,0.0
T13753,Diverse multidisciplinary academic research,87,0,-87,0.0006,0.0,-0.06
T11632,Family and Disability Support Research,52,35,-17,0.0004,0.0002,-0.01
T14490,Human Rights and Immigration,84,3,-81,0.0006,0.0,-0.06
T10191,Robotics and Sensor-Based Localization,38,49,11,0.0003,0.0003,0.01
T10426,Child Abuse and Trauma,42,45,3,0.0003,0.0003,0.0
T12255,Biosimilars and Bioanalytical Methods,52,35,-17,0.0004,0.0002,-0.01
T11846,Cultural Heritage Management and Preservation,18,69,51,0.0001,0.0005,0.04
T12341,Spanish Linguistics and Language Studies,53,34,-19,0.0004,0.0002,-0.01
T11664,Fiber-reinforced polymer composites,68,19,-49,0.0005,0.0001,-0.03
T11930,"Cardiac, Anesthesia and Surgical Outcomes",73,13,-60,0.0005,0.0001,-0.04
T11097,Cerebral Palsy and Movement Disorders,58,28,-30,0.0004,0.0002,-0.02
T11470,Legume Nitrogen Fixing Symbiosis,57,29,-28,0.0004,0.0002,-0.02
T10866,Nutritional Studies and Diet,35,51,16,0.0002,0.0004,0.01
T10147,Antibiotic Resistance in Bacteria,37,49,12,0.0003,0.0003,0.01
T10739,Electromagnetic Scattering and Analysis,34,52,18,0.0002,0.0004,0.01
T11231,Microbial Fuel Cells and Bioremediation,38,48,10,0.0003,0.0003,0.01
T10092,Organometallic Complex Synthesis and Catalysis,30,55,25,0.0002,0.0004,0.02
T13370,Diverse Scientific and Economic Studies,85,0,-85,0.0006,0.0,-0.06
T10905,Solar Thermal and Photovoltaic Systems,42,43,1,0.0003,0.0003,0.0
T11003,Disability Rights and Representation,7,78,71,0.0,0.0005,0.05
T11636,Artificial Intelligence in Healthcare and Education,44,41,-3,0.0003,0.0003,-0.0
T10553,Combustion and flame dynamics,77,8,-69,0.0005,0.0001,-0.05
T12461,Narrative Theory and Analysis,18,67,49,0.0001,0.0005,0.03
T14259,Legal Rights and Human Rights,4,81,77,0.0,0.0006,0.05
T11984,Anatomy and Medical Technology,34,51,17,0.0002,0.0004,0.01
T10319,"Conservation, Biodiversity, and Resource Management",30,54,24,0.0002,0.0004,0.02
T10710,Arsenic contamination and mitigation,46,38,-8,0.0003,0.0003,-0.01
T12033,Agricultural Economics and Policy,15,69,54,0.0001,0.0005,0.04
T14081,Linguistic Education and Pedagogy,47,37,-10,0.0003,0.0003,-0.01
T11460,Analytical Methods in Pharmaceuticals,10,74,64,0.0001,0.0005,0.04
T12507,"Utopian, Dystopian, and Speculative Fiction",7,77,70,0.0,0.0005,0.05
T11016,Monoclonal and Polyclonal Antibodies Research,54,30,-24,0.0004,0.0002,-0.02
T11176,Radiation Therapy and Dosimetry,36,48,12,0.0002,0.0003,0.01
T10808,Electric and Hybrid Vehicle Technologies,31,53,22,0.0002,0.0004,0.02
T12200,Heusler alloys: electronic and magnetic properties,51,33,-18,0.0004,0.0002,-0.01
T10995,Methane Hydrates and Related Phenomena,73,11,-62,0.0005,0.0001,-0.04
T11751,Lattice Boltzmann Simulation Studies,58,26,-32,0.0004,0.0002,-0.02
T10850,Heat Transfer and Boiling Studies,35,49,14,0.0002,0.0003,0.01
T11682,Advanced Condensed Matter Physics,30,53,23,0.0002,0.0004,0.02
T10031,T-cell and B-cell Immunology,56,27,-29,0.0004,0.0002,-0.02
T10951,Cryptographic Implementations and Security,35,48,13,0.0002,0.0003,0.01
T12560,Nuclear Engineering Thermal-Hydraulics,17,66,49,0.0001,0.0005,0.03
T10909,Edible Oils Quality and Analysis,30,53,23,0.0002,0.0004,0.02
T10928,Probabilistic and Robust Engineering Design,56,27,-29,0.0004,0.0002,-0.02
T14006,"Linguistics, Language Diversity, and Identity",23,60,37,0.0002,0.0004,0.03
T13516,Publishing and Scholarly Communication,3,80,77,0.0,0.0006,0.05
T12324,History of Medicine Studies,34,49,15,0.0002,0.0003,0.01
T10338,Advanced Sensor and Energy Harvesting Materials,57,25,-32,0.0004,0.0002,-0.02
T10136,Statistical Methods and Inference,42,40,-2,0.0003,0.0003,-0.0
T10470,Usability and User Interface Design,25,57,32,0.0002,0.0004,0.02
T11721,Blood properties and coagulation,41,41,0,0.0003,0.0003,0.0
T11000,Infection Control in Healthcare,16,66,50,0.0001,0.0005,0.03
T10350,Electronic Health Records Systems,10,72,62,0.0001,0.0005,0.04
T11156,Reproductive Health and Technologies,53,29,-24,0.0004,0.0002,-0.02
T10111,Remote Sensing in Agriculture,37,45,8,0.0003,0.0003,0.01
T10809,Occupational Health and Safety Research,69,12,-57,0.0005,0.0001,-0.04
T12303,Tensor decomposition and applications,36,45,9,0.0002,0.0003,0.01
T11400,Motivation and Self-Concept in Sports,52,29,-23,0.0004,0.0002,-0.02
T10819,Mercury impact and mitigation studies,42,39,-3,0.0003,0.0003,-0.0
T10104,Nanofluid Flow and Heat Transfer,48,33,-15,0.0003,0.0002,-0.01
T10467,Psychometric Methodologies and Testing,22,59,37,0.0002,0.0004,0.03
T10418,Pelvic floor disorders treatments,47,34,-13,0.0003,0.0002,-0.01
T10237,Cryptography and Data Security,38,43,5,0.0003,0.0003,0.0
T12337,Italian Fascism and Post-war Society,67,14,-53,0.0005,0.0001,-0.04
T11493,Water Treatment and Disinfection,47,34,-13,0.0003,0.0002,-0.01
T11043,Merger and Competition Analysis,24,57,33,0.0002,0.0004,0.02
T10316,Sleep and related disorders,33,48,15,0.0002,0.0003,0.01
T12547,Pharmaceutical studies and practices,59,22,-37,0.0004,0.0002,-0.03
T12870,Seedling growth and survival studies,26,55,29,0.0002,0.0004,0.02
T10729,Electrospun Nanofibers in Biomedical Applications,62,19,-43,0.0004,0.0001,-0.03
T13887,Augustinian Studies and Theology,32,48,16,0.0002,0.0003,0.01
T12000,Systems Engineering Methodologies and Applications,18,62,44,0.0001,0.0004,0.03
T12188,"Architecture, Modernity, and Design",5,75,70,0.0,0.0005,0.05
T12977,Spanish Literature and Culture Studies,19,61,42,0.0001,0.0004,0.03
T12141,Fluid Dynamics and Thin Films,42,38,-4,0.0003,0.0003,-0.0
T10380,Intimate Partner and Family Violence,17,63,46,0.0001,0.0004,0.03
T11023,Prosthetics and Rehabilitation Robotics,29,51,22,0.0002,0.0004,0.02
T10549,Neonatal Respiratory Health Research,56,24,-32,0.0004,0.0002,-0.02
T12267,Diet and metabolism studies,72,8,-64,0.0005,0.0001,-0.04
T11397,"Populism, Right-Wing Movements",17,63,46,0.0001,0.0004,0.03
T11596,Constraint Satisfaction and Optimization,45,35,-10,0.0003,0.0002,-0.01
T10270,Blockchain Technology Applications and Security,42,38,-4,0.0003,0.0003,-0.0
T13013,Free Radicals and Antioxidants,65,15,-50,0.0004,0.0001,-0.03
T13372,Archaeology and Historical Studies,58,22,-36,0.0004,0.0002,-0.02
T12455,Mediterranean and Iberian flora and fauna,73,7,-66,0.0005,0.0,-0.05
T12264,Tissue Engineering and Regenerative Medicine,35,45,10,0.0002,0.0003,0.01
T10410,COVID-19 epidemiological studies,48,32,-16,0.0003,0.0002,-0.01
T10648,Virtual Reality Applications and Impacts,32,47,15,0.0002,0.0003,0.01
T10489,Regulation of Appetite and Obesity,40,39,-1,0.0003,0.0003,-0.0
T12501,Digital Economy and Work Transformation,68,11,-57,0.0005,0.0001,-0.04
T10632,Housing Market and Economics,9,70,61,0.0001,0.0005,0.04
T10452,Iron Metabolism and Disorders,33,46,13,0.0002,0.0003,0.01
T10340,Hepatitis B Virus Studies,44,35,-9,0.0003,0.0002,-0.01
T12073,Isotope Analysis in Ecology,58,21,-37,0.0004,0.0001,-0.03
T11363,Dental Radiography and Imaging,43,36,-7,0.0003,0.0002,-0.0
T12592,Opinion Dynamics and Social Influence,54,25,-29,0.0004,0.0002,-0.02
T11060,Infant Development and Preterm Care,24,55,31,0.0002,0.0004,0.02
T10879,Robotic Locomotion and Control,37,41,4,0.0003,0.0003,0.0
T11345,Cognitive and developmental aspects of mathematical skills,45,33,-12,0.0003,0.0002,-0.01
T10715,Distributed and Parallel Computing Systems,47,31,-16,0.0003,0.0002,-0.01
T11528,Lichen and fungal ecology,59,19,-40,0.0004,0.0001,-0.03
T10711,Target Tracking and Data Fusion in Sensor Networks,24,54,30,0.0002,0.0004,0.02
T10684,Acute Kidney Injury Research,31,47,16,0.0002,0.0003,0.01
T11608,Dielectric materials and actuators,34,44,10,0.0002,0.0003,0.01
T13556,Historical Influence and Diplomacy,54,24,-30,0.0004,0.0002,-0.02
T12588,Electronic and Structural Properties of Oxides,48,30,-18,0.0003,0.0002,-0.01
T11011,Frailty in Older Adults,35,43,8,0.0002,0.0003,0.01
T10313,Surface Modification and Superhydrophobicity,45,33,-12,0.0003,0.0002,-0.01
T13778,Comparative and World Literature,6,72,66,0.0,0.0005,0.05
T10545,Optimization and Variational Analysis,22,56,34,0.0002,0.0004,0.02
T10982,Motor Control and Adaptation,26,51,25,0.0002,0.0004,0.02
T10531,Advanced Vision and Imaging,35,42,7,0.0002,0.0003,0.0
T10479,Structural Behavior of Reinforced Concrete,38,39,1,0.0003,0.0003,0.0
T12050,Optical Polarization and Ellipsometry,33,44,11,0.0002,0.0003,0.01
T12895,Environmental law and policy,25,52,27,0.0002,0.0004,0.02
T10636,Innovative Teaching and Learning Methods,29,48,19,0.0002,0.0003,0.01
T12777,"Philosophy, History, and Historiography",0,77,77,0.0,0.0005,0.05
T11536,Consumer Retail Behavior Studies,33,44,11,0.0002,0.0003,0.01
T12853,Historical Geography and Geographical Thought,25,52,27,0.0002,0.0004,0.02
T11621,Fiscal Policies and Political Economy,37,40,3,0.0003,0.0003,0.0
T10128,Global trade and economics,41,36,-5,0.0003,0.0002,-0.0
T10132,Advanced ceramic materials synthesis,50,27,-23,0.0003,0.0002,-0.02
T10624,Silicon and Solar Cell Technologies,40,37,-3,0.0003,0.0003,-0.0
T10637,Advanced Clustering Algorithms Research,24,52,28,0.0002,0.0004,0.02
T12186,Phosphorus and nutrient management,40,36,-4,0.0003,0.0002,-0.0
T11122,Online Learning and Analytics,34,42,8,0.0002,0.0003,0.01
T11700,Hemodynamic Monitoring and Therapy,37,39,2,0.0003,0.0003,0.0
T14059,"Nietzsche, Schopenhauer, and Hegel",38,38,0,0.0003,0.0003,0.0
T10844,Radiation Dose and Imaging,33,43,10,0.0002,0.0003,0.01
T11294,Infant Nutrition and Health,40,36,-4,0.0003,0.0002,-0.0
T10831,Cell Adhesion Molecules Research,45,31,-14,0.0003,0.0002,-0.01
T10585,Family Dynamics and Relationships,11,65,54,0.0001,0.0004,0.04
T12594,Collaboration in agile enterprises,51,25,-26,0.0004,0.0002,-0.02
T10306,Liquid Crystal Research Advancements,33,43,10,0.0002,0.0003,0.01
T12748,Molecular spectroscopy and chirality,57,19,-38,0.0004,0.0001,-0.03
T10621,Gene Regulatory Network Analysis,45,31,-14,0.0003,0.0002,-0.01
T10097,Luminescence Properties of Advanced Materials,36,40,4,0.0002,0.0003,0.0
T11933,Mining and Resource Management,39,36,-3,0.0003,0.0002,-0.0
T10810,Polymer composites and self-healing,54,21,-33,0.0004,0.0001,-0.02
T12031,Speech and dialogue systems,31,44,13,0.0002,0.0003,0.01
T12974,Modernist Literature and Criticism,11,64,53,0.0001,0.0004,0.04
T13814,Cultural and political discourse analysis,22,53,31,0.0002,0.0004,0.02
T10571,Robotic Mechanisms and Dynamics,33,42,9,0.0002,0.0003,0.01
T10753,Microplastics and Plastic Pollution,46,29,-17,0.0003,0.0002,-0.01
T13235,Management Theory and Practice,12,63,51,0.0001,0.0004,0.04
T11385,Natural product bioactivities and synthesis,47,28,-19,0.0003,0.0002,-0.01
T10702,Insect and Arachnid Ecology and Behavior,50,25,-25,0.0003,0.0002,-0.02
T10573,Power Quality and Harmonics,27,48,21,0.0002,0.0003,0.01
T10334,"Hearing, Cochlea, Tinnitus, Genetics",24,51,27,0.0002,0.0004,0.02
T12231,Contemporary Sociological Theory and Practice,6,69,63,0.0,0.0005,0.04
T11036,Antibiotics Pharmacokinetics and Efficacy,39,35,-4,0.0003,0.0002,-0.0
T12017,Recycling and Waste Management Techniques,54,20,-34,0.0004,0.0001,-0.02
T12206,Vibration and Dynamic Analysis,53,21,-32,0.0004,0.0001,-0.02
T11643,Building materials and conservation,45,29,-16,0.0003,0.0002,-0.01
T13336,Religious Freedom and Discrimination,6,68,62,0.0,0.0005,0.04
T11588,Atmospheric and Environmental Gas Dynamics,61,13,-48,0.0004,0.0001,-0.03
T10253,Sarcoma Diagnosis and Treatment,42,32,-10,0.0003,0.0002,-0.01
T11287,Cancer Genomics and Diagnostics,35,39,4,0.0002,0.0003,0.0
T11661,Copper Interconnects and Reliability,69,5,-64,0.0005,0.0,-0.04
T10355,Impact of Technology on Adolescents,27,46,19,0.0002,0.0003,0.01
T11006,BIM and Construction Integration,42,31,-11,0.0003,0.0002,-0.01
T11238,Simulation-Based Education in Healthcare,26,47,21,0.0002,0.0003,0.01
T10717,Aluminum Alloys Composites Properties,50,23,-27,0.0003,0.0002,-0.02
T12106,Surface Treatment and Residual Stress,35,38,3,0.0002,0.0003,0.0
T12557,Inorganic Chemistry and Materials,45,28,-17,0.0003,0.0002,-0.01
T10203,Recommender Systems and Techniques,26,47,21,0.0002,0.0003,0.01
T12175,Social Representations and Identity,51,22,-29,0.0004,0.0002,-0.02
T10629,Health Policy Implementation Science,28,45,17,0.0002,0.0003,0.01
T10592,Fusion materials and technologies,33,40,7,0.0002,0.0003,0.0
T10740,Wind Turbine Control Systems,28,45,17,0.0002,0.0003,0.01
T14165,Inflammation biomarkers and pathways,52,21,-31,0.0004,0.0001,-0.02
T14249,Water Quality Monitoring and Analysis,59,14,-45,0.0004,0.0001,-0.03
T11831,Chemical Synthesis and Reactions,40,32,-8,0.0003,0.0002,-0.01
T11575,Nonlinear Photonic Systems,42,30,-12,0.0003,0.0002,-0.01
T11669,Head and Neck Surgical Oncology,36,36,0,0.0002,0.0002,0.0
T11764,Evolution and Genetic Dynamics,41,31,-10,0.0003,0.0002,-0.01
T10790,Heavy Metal Exposure and Toxicity,25,47,22,0.0002,0.0003,0.02
T10054,Parallel Computing and Optimization Techniques,33,39,6,0.0002,0.0003,0.0
T10913,Molecular Junctions and Nanostructures,57,15,-42,0.0004,0.0001,-0.03
T13624,Social Sciences and Policies,17,55,38,0.0001,0.0004,0.03
T12782,Assembly Line Balancing Optimization,55,17,-38,0.0004,0.0001,-0.03
T11864,Supply Chain Resilience and Risk Management,44,28,-16,0.0003,0.0002,-0.01
T12219,Canadian Identity and History,54,18,-36,0.0004,0.0001,-0.02
T11774,Adsorption and Cooling Systems,27,45,18,0.0002,0.0003,0.01
T11620,Medication Adherence and Compliance,18,54,36,0.0001,0.0004,0.02
T13291,Political Theory and Democracy,2,70,68,0.0,0.0005,0.05
T11885,MRI in cancer diagnosis,32,40,8,0.0002,0.0003,0.01
T14515,International Law and Aviation,68,3,-65,0.0005,0.0,-0.04
T12394,Insurance and Financial Risk Management,31,40,9,0.0002,0.0003,0.01
T14012,Comparative and International Law Studies,58,13,-45,0.0004,0.0001,-0.03
T13164,Quality and Management Systems,23,48,25,0.0002,0.0003,0.02
T14303,Polymer Synthesis and Characterization,2,69,67,0.0,0.0005,0.05
T13364,"Digitalization, Law, and Regulation",11,60,49,0.0001,0.0004,0.03
T14180,"Law, logistics, and international trade",45,26,-19,0.0003,0.0002,-0.01
T11595,Textile materials and evaluations,58,13,-45,0.0004,0.0001,-0.03
T10507,Biodiesel Production and Applications,44,27,-17,0.0003,0.0002,-0.01
T10199,Wildlife Ecology and Conservation,21,50,29,0.0001,0.0003,0.02
T10706,Traumatic Brain Injury and Neurovascular Disturbances,47,24,-23,0.0003,0.0002,-0.02
T10491,Enhanced Oil Recovery Techniques,33,38,5,0.0002,0.0003,0.0
T11546,Plant Physiology and Cultivation Studies,46,25,-21,0.0003,0.0002,-0.01
T10577,Hydrology and Sediment Transport Processes,28,43,15,0.0002,0.0003,0.01
T13116,Heat Transfer and Numerical Methods,2,69,67,0.0,0.0005,0.05
T10883,Ethics and Social Impacts of AI,27,44,17,0.0002,0.0003,0.01
T10276,Helicobacter pylori-related gastroenterology studies,39,31,-8,0.0003,0.0002,-0.01
T12111,Industrial Vision Systems and Defect Detection,35,35,0,0.0002,0.0002,0.0
T11618,Cholesterol and Lipid Metabolism,45,25,-20,0.0003,0.0002,-0.01
T14092,"Ethics, Aesthetics, and Art",2,68,66,0.0,0.0005,0.05
T10990,Infection Control and Ventilation,21,49,28,0.0001,0.0003,0.02
T10081,"Auditing, Earnings Management, Governance",22,48,26,0.0002,0.0003,0.02
T10130,Mathematics Education and Teaching Techniques,21,49,28,0.0001,0.0003,0.02
T10459,Sexual function and dysfunction studies,18,52,34,0.0001,0.0004,0.02
T13357,Property Rights and Legal Doctrine,1,69,68,0.0,0.0005,0.05
T14466,"Migration, Health, Geopolitics, Historical Geography",24,46,22,0.0002,0.0003,0.02
T10502,Advanced Memory and Neural Computing,45,25,-20,0.0003,0.0002,-0.01
T11200,Electrodeposition and Electroless Coatings,19,51,32,0.0001,0.0004,0.02
T10863,Voice and Speech Disorders,22,48,26,0.0002,0.0003,0.02
T11067,Colorectal Cancer Treatments and Studies,36,33,-3,0.0002,0.0002,-0.0
T11857,Archaeological and Historical Studies,42,27,-15,0.0003,0.0002,-0.01
T10736,Hydrogen embrittlement and corrosion behaviors in metals,33,36,3,0.0002,0.0002,0.0
T13355,Marketing and Advertising Strategies,3,66,63,0.0,0.0005,0.04
T10258,Philosophy and Theoretical Science,30,39,9,0.0002,0.0003,0.01
T12871,Healthcare Quality and Management,6,63,57,0.0,0.0004,0.04
T13722,Ergonomics and Human Factors,29,40,11,0.0002,0.0003,0.01
T12076,Renaissance and Early Modern Studies,23,46,23,0.0002,0.0003,0.02
T10887,Bioinformatics and Genomic Networks,34,34,0,0.0002,0.0002,0.0
T10802,Judicial and Constitutional Studies,13,55,42,0.0001,0.0004,0.03
T10562,Total Knee Arthroplasty Outcomes,37,31,-6,0.0003,0.0002,-0.0
T10443,Social Policy and Reform Studies,27,41,14,0.0002,0.0003,0.01
T12064,Intraperitoneal and Appendiceal Malignancies,39,29,-10,0.0003,0.0002,-0.01
T12399,Wine Industry and Tourism,53,15,-38,0.0004,0.0001,-0.03
T11461,Local Government Finance and Decentralization,9,59,50,0.0001,0.0004,0.03
T12923,Digital Image Processing Techniques,34,34,0,0.0002,0.0002,0.0
T13147,Ethics and bioethics in healthcare,3,65,62,0.0,0.0004,0.04
T12335,"Sexuality, Behavior, and Technology",21,47,26,0.0001,0.0003,0.02
T11199,Pain Management and Opioid Use,20,48,28,0.0001,0.0003,0.02
T10248,Nonlinear Waves and Solitons,48,20,-28,0.0003,0.0001,-0.02
T10465,Neurobiology of Language and Bilingualism,33,35,2,0.0002,0.0002,0.0
T10875,Pesticide Exposure and Toxicity,24,44,20,0.0002,0.0003,0.01
T11259,Agriculture Sustainability and Environmental Impact,50,18,-32,0.0003,0.0001,-0.02
T11324,Spectroscopy Techniques in Biomedical and Chemical Research,29,39,10,0.0002,0.0003,0.01
T14213,Global Politics and Economy,67,0,-67,0.0005,0.0,-0.05
T11079,Creativity in Education and Neuroscience,45,22,-23,0.0003,0.0002,-0.02
T10537,Attention Deficit Hyperactivity Disorder,34,33,-1,0.0002,0.0002,-0.0
T13912,"Language, Linguistics, Cultural Analysis",58,9,-49,0.0004,0.0001,-0.03
T11972,Chromium effects and bioremediation,42,25,-17,0.0003,0.0002,-0.01
T11368,Long-Term Effects of COVID-19,37,30,-7,0.0003,0.0002,-0.0
T12307,Ancient Near East History,33,34,1,0.0002,0.0002,0.0
T10693,Blood transfusion and management,16,51,35,0.0001,0.0004,0.02
T12517,Seventeenth-Century Political and Philosophical Thought,11,56,45,0.0001,0.0004,0.03
T12145,Dental Anxiety and Anesthesia Techniques,21,46,25,0.0001,0.0003,0.02
T10431,Ethnobotanical and Medicinal Plants Studies,23,44,21,0.0002,0.0003,0.01
T13799,Media and Communication Studies,3,64,61,0.0,0.0004,0.04
T10723,Advanced Welding Techniques Analysis,24,43,19,0.0002,0.0003,0.01
T12266,Byzantine Studies and History,48,19,-29,0.0003,0.0001,-0.02
T11901,Bayesian Methods and Mixture Models,47,20,-27,0.0003,0.0001,-0.02
T10886,Multiferroics and related materials,30,37,7,0.0002,0.0003,0.0
T10653,Robot Manipulation and Learning,29,38,9,0.0002,0.0003,0.01
T11246,Sports injuries and prevention,35,31,-4,0.0002,0.0002,-0.0
T10265,Multilingual Education and Policy,20,46,26,0.0001,0.0003,0.02
T11148,"Language, Metaphor, and Cognition",48,18,-30,0.0003,0.0001,-0.02
T11617,Enzyme Production and Characterization,32,34,2,0.0002,0.0002,0.0
T12422,Radiomics and Machine Learning in Medical Imaging,40,26,-14,0.0003,0.0002,-0.01
T13279,Safe Handling of Antineoplastic Drugs,46,20,-26,0.0003,0.0001,-0.02
T14191,Historical Art and Architecture Studies,10,56,46,0.0001,0.0004,0.03
T11466,Innovative Education and Learning Practices,16,50,34,0.0001,0.0003,0.02
T12912,"Shakespeare, Adaptation, and Literary Criticism",21,45,24,0.0001,0.0003,0.02
T13766,"Media, Journalism, and Communication History",8,58,50,0.0001,0.0004,0.03
T11178,Receptor Mechanisms and Signaling,38,28,-10,0.0003,0.0002,-0.01
T11450,Model-Driven Software Engineering Techniques,36,30,-6,0.0002,0.0002,-0.0
T11184,Neonatal and fetal brain pathology,39,27,-12,0.0003,0.0002,-0.01
T10349,Migration and Labor Dynamics,24,42,18,0.0002,0.0003,0.01
T10858,Clinical Nutrition and Gastroenterology,30,36,6,0.0002,0.0002,0.0
T11486,Micro and Nano Robotics,36,30,-6,0.0002,0.0002,-0.0
T12843,Human Resource and Talent Management,7,59,52,0.0,0.0004,0.04
T12859,Cell Image Analysis Techniques,46,20,-26,0.0003,0.0001,-0.02
T14237,Historical and Political Studies,60,6,-54,0.0004,0.0,-0.04
T11418,Plant Micronutrient Interactions and Effects,39,27,-12,0.0003,0.0002,-0.01
T10773,Extracellular vesicles in disease,33,33,0,0.0002,0.0002,0.0
T11168,International Development and Aid,30,36,6,0.0002,0.0002,0.0
T10956,Fullerene Chemistry and Applications,35,30,-5,0.0002,0.0002,-0.0
T11986,Scientific Computing and Data Management,45,20,-25,0.0003,0.0001,-0.02
T11251,Meningioma and schwannoma management,36,29,-7,0.0002,0.0002,-0.0
T11502,Facility Location and Emergency Management,23,42,19,0.0002,0.0003,0.01
T11843,Family Business Performance and Succession,36,29,-7,0.0002,0.0002,-0.0
T10992,Forensic Anthropology and Bioarchaeology Studies,30,35,5,0.0002,0.0002,0.0
T10335,Colorectal Cancer Surgical Treatments,31,34,3,0.0002,0.0002,0.0
T11916,Legionella and Acanthamoeba research,37,28,-9,0.0003,0.0002,-0.01
T10435,Environmental Impact and Sustainability,34,31,-3,0.0002,0.0002,-0.0
T11380,Child Welfare and Adoption,17,48,31,0.0001,0.0003,0.02
T11314,Clinical Laboratory Practices and Quality Control,15,50,35,0.0001,0.0003,0.02
T10927,Access Control and Trust,26,38,12,0.0002,0.0003,0.01
T11046,Geotechnical Engineering and Analysis,34,30,-4,0.0002,0.0002,-0.0
T12046,MXene and MAX Phase Materials,43,21,-22,0.0003,0.0001,-0.02
T10586,Robotic Path Planning Algorithms,37,27,-10,0.0003,0.0002,-0.01
T11642,Genomics and Rare Diseases,30,34,4,0.0002,0.0002,0.0
T13146,Sustainable Finance and Green Bonds,17,47,30,0.0001,0.0003,0.02
T11672,Recycling and utilization of industrial and municipal waste in materials production,30,34,4,0.0002,0.0002,0.0
T12240,Nanomaterials for catalytic reactions,14,50,36,0.0001,0.0003,0.02
T11829,Mathematical Biology Tumor Growth,41,23,-18,0.0003,0.0002,-0.01
T10709,Social Robot Interaction and HRI,21,43,22,0.0001,0.0003,0.02
T11943,Pharmacovigilance and Adverse Drug Reactions,21,43,22,0.0001,0.0003,0.02
T11529,Refrigeration and Air Conditioning Technologies,29,35,6,0.0002,0.0002,0.0
T10725,RNA Interference and Gene Delivery,40,24,-16,0.0003,0.0002,-0.01
T13440,Electromagnetic Effects on Materials,17,47,30,0.0001,0.0003,0.02
T11141,Childhood Cancer Survivors' Quality of Life,38,26,-12,0.0003,0.0002,-0.01
T14160,Water management and technologies,44,20,-24,0.0003,0.0001,-0.02
T11748,Organophosphorus compounds synthesis,26,38,12,0.0002,0.0003,0.01
T10400,Network Security and Intrusion Detection,33,31,-2,0.0002,0.0002,-0.0
T11728,Thyroid and Parathyroid Surgery,25,39,14,0.0002,0.0003,0.01
T10288,Fractional Differential Equations Solutions,33,31,-2,0.0002,0.0002,-0.0
T10737,Health Literacy and Information Accessibility,22,42,20,0.0002,0.0003,0.01
T12418,Respiratory and Cough-Related Research,31,32,1,0.0002,0.0002,0.0
T11085,Fungal Biology and Applications,51,12,-39,0.0004,0.0001,-0.03
T12195,Aerogels and thermal insulation,45,18,-27,0.0003,0.0001,-0.02
T11375,Geotechnical Engineering and Soil Stabilization,24,39,15,0.0002,0.0003,0.01
T10055,Diverse Aspects of Tourism Research,10,53,43,0.0001,0.0004,0.03
T12619,Political Systems and Governance,20,43,23,0.0001,0.0003,0.02
T11923,Mine drainage and remediation techniques,44,19,-25,0.0003,0.0001,-0.02
T10677,Attachment and Relationship Dynamics,28,35,7,0.0002,0.0002,0.0
T10688,Image and Signal Denoising Methods,35,28,-7,0.0002,0.0002,-0.0
T10719,3D Shape Modeling and Analysis,27,36,9,0.0002,0.0002,0.01
T10124,Prostate Cancer Diagnosis and Treatment,28,35,7,0.0002,0.0002,0.0
T12340,Anodic Oxide Films and Nanostructures,32,31,-1,0.0002,0.0002,-0.0
T11647,Workplace Violence and Bullying,21,42,21,0.0001,0.0003,0.01
T12367,Dental Trauma and Treatments,34,29,-5,0.0002,0.0002,-0.0
T12727,Differential Equations and Numerical Methods,24,39,15,0.0002,0.0003,0.01
T10299,Photonic and Optical Devices,48,15,-33,0.0003,0.0001,-0.02
T14451,Historical and Religious Studies of Rome,42,21,-21,0.0003,0.0001,-0.01
T10974,Advanced Queuing Theory Analysis,29,34,5,0.0002,0.0002,0.0
T11377,Retinal and Macular Surgery,29,34,5,0.0002,0.0002,0.0
T12070,Writing and Handwriting Education,25,38,13,0.0002,0.0003,0.01
T11497,Interprofessional Education and Collaboration,10,53,43,0.0001,0.0004,0.03
T11103,Antimicrobial Peptides and Activities,30,33,3,0.0002,0.0002,0.0
T12060,Child Development and Digital Technology,29,34,5,0.0002,0.0002,0.0
T12457,Ecocriticism and Environmental Literature,9,54,45,0.0001,0.0004,0.03
T11474,Sport and Mega-Event Impacts,33,30,-3,0.0002,0.0002,-0.0
T12056,Markov Chains and Monte Carlo Methods,50,12,-38,0.0003,0.0001,-0.03
T11262,Quantum Mechanics and Non-Hermitian Physics,47,15,-32,0.0003,0.0001,-0.02
T11754,SARS-CoV-2 detection and testing,34,28,-6,0.0002,0.0002,-0.0
T13145,Crime and Detective Fiction Studies,13,49,36,0.0001,0.0003,0.02
T10445,Antioxidant Activity and Oxidative Stress,30,32,2,0.0002,0.0002,0.0
T13897,Historical Economic and Legal Thought,13,49,36,0.0001,0.0003,0.02
T11812,Nasal Surgery and Airway Studies,21,41,20,0.0001,0.0003,0.01
T12295,"Foucault, Power, and Ethics",7,55,48,0.0,0.0004,0.03
T10475,Psychological Well-being and Life Satisfaction,24,38,14,0.0002,0.0003,0.01
T10970,Team Dynamics and Performance,18,44,26,0.0001,0.0003,0.02
T10901,Advanced Data Compression Techniques,23,39,16,0.0002,0.0003,0.01
T11279,Lanthanide and Transition Metal Complexes,42,19,-23,0.0003,0.0001,-0.02
T13756,International Environmental Law and Policies,31,30,-1,0.0002,0.0002,-0.0
T11009,Catalysis for Biomass Conversion,39,22,-17,0.0003,0.0002,-0.01
T11635,Poisoning and overdose treatments,17,44,27,0.0001,0.0003,0.02
T11936,Chemical and Physical Properties in Aqueous Solutions,40,21,-19,0.0003,0.0001,-0.01
T11467,Trauma and Emergency Care Studies,19,42,23,0.0001,0.0003,0.02
T13234,advanced mathematical theories,57,4,-53,0.0004,0.0,-0.04
T11573,Risk Perception and Management,19,42,23,0.0001,0.0003,0.02
T10455,Foot and Ankle Surgery,27,34,7,0.0002,0.0002,0.0
T14521,Medicinal Plant Research,0,61,61,0.0,0.0004,0.04
T11221,Bone health and treatments,37,23,-14,0.0003,0.0002,-0.01
T14399,Invertebrate Taxonomy and Ecology,29,31,2,0.0002,0.0002,0.0
T12349,Food Chemistry and Fat Analysis,32,28,-4,0.0002,0.0002,-0.0
T13196,Political Theory and Influence,44,16,-28,0.0003,0.0001,-0.02
T10510,Stroke Rehabilitation and Recovery,35,25,-10,0.0002,0.0002,-0.01
T10529,Stress Responses and Cortisol,31,29,-2,0.0002,0.0002,-0.0
T11799,"Adhesion, Friction, and Surface Interactions",44,16,-28,0.0003,0.0001,-0.02
T10020,Quantum Information and Cryptography,29,31,2,0.0002,0.0002,0.0
T10158,Cancer Immunotherapy and Biomarkers,33,27,-6,0.0002,0.0002,-0.0
T10942,"Sports, Gender, and Society",34,26,-8,0.0002,0.0002,-0.01
T12844,Psychology and Mental Health,8,52,44,0.0001,0.0004,0.03
T11261,Quantum chaos and dynamical systems,57,3,-54,0.0004,0.0,-0.04
T11970,Molecular Biology Techniques and Applications,41,19,-22,0.0003,0.0001,-0.02
T12012,Diatoms and Algae Research,48,12,-36,0.0003,0.0001,-0.02
T13993,Historical Geopolitical and Social Dynamics,19,41,22,0.0001,0.0003,0.02
T13087,Simone de Beauvoir and Sartre,17,43,26,0.0001,0.0003,0.02
T13151,Business Strategies and Innovation,6,54,48,0.0,0.0004,0.03
T11912,Outsourcing and Supply Chain Management,34,25,-9,0.0002,0.0002,-0.01
T10456,Multi-Agent Systems and Negotiation,32,27,-5,0.0002,0.0002,-0.0
T11919,dental development and anomalies,25,34,9,0.0002,0.0002,0.01
T14428,Coal and Coke Industries Research,14,45,31,0.0001,0.0003,0.02
T10013,Asymmetric Synthesis and Catalysis,23,36,13,0.0002,0.0002,0.01
T13393,Child Nutrition and Feeding Issues,41,18,-23,0.0003,0.0001,-0.02
T11047,Gender Diversity and Inequality,29,30,1,0.0002,0.0002,0.0
T11269,Algorithms and Data Compression,31,28,-3,0.0002,0.0002,-0.0
T14322,"Art, Aesthetics, and Perception",11,48,37,0.0001,0.0003,0.03
T11224,Electromagnetic wave absorption materials,25,34,9,0.0002,0.0002,0.01
T10769,BRCA gene mutations in cancer,26,33,7,0.0002,0.0002,0.0
T11276,Solar Radiation and Photovoltaics,26,33,7,0.0002,0.0002,0.0
T12611,Neural Networks and Reservoir Computing,36,23,-13,0.0002,0.0002,-0.01
T11938,ERP Systems Implementation and Impact,19,40,21,0.0001,0.0003,0.01
T10460,Electronic Packaging and Soldering Technologies,39,20,-19,0.0003,0.0001,-0.01
T12802,Competency Development and Evaluation,8,51,43,0.0001,0.0004,0.03
T11423,Pesticide Residue Analysis and Safety,30,29,-1,0.0002,0.0002,-0.0
T11119,Urban Stormwater Management Solutions,14,45,31,0.0001,0.0003,0.02
T10566,Laser-Matter Interactions and Applications,30,29,-1,0.0002,0.0002,-0.0
T10800,Forensic Toxicology and Drug Analysis,29,30,1,0.0002,0.0002,0.0
T10123,DNA Repair Mechanisms,31,28,-3,0.0002,0.0002,-0.0
T13690,Quality and Safety in Healthcare,48,10,-38,0.0003,0.0001,-0.03
T13427,Latin American Literature Analysis,8,50,42,0.0001,0.0003,0.03
T12086,Structural Integrity and Reliability Analysis,14,44,30,0.0001,0.0003,0.02
T12447,Spider Taxonomy and Behavior Studies,14,44,30,0.0001,0.0003,0.02
T12364,Archaeological Research and Protection,38,20,-18,0.0003,0.0001,-0.01
T12862,Catholicism and Religious Studies,5,53,48,0.0,0.0004,0.03
T12711,Immigration and Intercultural Education,9,49,40,0.0001,0.0003,0.03
T13019,African Studies and Geopolitics,51,7,-44,0.0004,0.0,-0.03
T10476,Algal biology and biofuel production,47,11,-36,0.0003,0.0001,-0.02
T10357,Efficiency Analysis Using DEA,20,38,18,0.0001,0.0003,0.01
T11147,Misinformation and Its Impacts,12,46,34,0.0001,0.0003,0.02
T11648,"Diaspora, migration, transnational identity",7,51,44,0.0,0.0004,0.03
T11211,3D Surveying and Cultural Heritage,39,19,-20,0.0003,0.0001,-0.01
T11598,Internet Traffic Analysis and Secure E-voting,26,32,6,0.0002,0.0002,0.0
T11960,Relativity and Gravitational Theory,20,38,18,0.0001,0.0003,0.01
T11752,Cancer Treatment and Pharmacology,52,5,-47,0.0004,0.0,-0.03
T10508,Patient Safety and Medication Errors,9,48,39,0.0001,0.0003,0.03
T12332,Comparative constitutional jurisprudence studies,5,52,47,0.0,0.0004,0.03
T10427,Visual perception and processing mechanisms,19,38,19,0.0001,0.0003,0.01
T10904,Embedded Systems Design Techniques,27,30,3,0.0002,0.0002,0.0
T11137,Historical Philosophy and Science,31,26,-5,0.0002,0.0002,-0.0
T10293,Thyroid Disorders and Treatments,19,38,19,0.0001,0.0003,0.01
T10157,Sports Performance and Training,32,25,-7,0.0002,0.0002,-0.0
T13400,Mathematical and Theoretical Analysis,16,41,25,0.0001,0.0003,0.02
T11676,Parental Involvement in Education,27,29,2,0.0002,0.0002,0.0
T12664,Clinical practice guidelines implementation,38,18,-20,0.0003,0.0001,-0.01
T10085,Parkinson's Disease Mechanisms and Treatments,24,32,8,0.0002,0.0002,0.01
T13009,Agroforestry and silvopastoral systems,25,31,6,0.0002,0.0002,0.0
T12207,Assistive Technology in Communication and Mobility,6,50,44,0.0,0.0003,0.03
T12918,Healthcare Systems and Technology,12,44,32,0.0001,0.0003,0.02
T12084,Synthesis and properties of polymers,43,13,-30,0.0003,0.0001,-0.02
T10718,Political Philosophy and Ethics,13,43,30,0.0001,0.0003,0.02
T11640,Linguistic Variation and Morphology,13,43,30,0.0001,0.0003,0.02
T10524,Traffic control and management,28,28,0,0.0002,0.0002,0.0
T13150,Study and Philosophy of Religion,0,56,56,0.0,0.0004,0.04
T10722,Work-Family Balance Challenges,14,42,28,0.0001,0.0003,0.02
T12737,Electrical Fault Detection and Protection,28,28,0,0.0002,0.0002,0.0
T10877,Allergic Rhinitis and Sensitization,33,23,-10,0.0002,0.0002,-0.01
T10745,Heart Rate Variability and Autonomic Control,42,14,-28,0.0003,0.0001,-0.02
T11124,Protein purification and stability,25,31,6,0.0002,0.0002,0.0
T12574,Clinical Reasoning and Diagnostic Skills,37,19,-18,0.0003,0.0001,-0.01
T10156,"LGBTQ Health, Identity, and Policy",21,35,14,0.0001,0.0002,0.01
T13024,Literary Theory and Cultural Hermeneutics,0,56,56,0.0,0.0004,0.04
T10874,Electromagnetic Fields and Biological Effects,17,38,21,0.0001,0.0003,0.01
T14210,Historical and Linguistic Studies,55,0,-55,0.0004,0.0,-0.04
T10665,Cystic Fibrosis Research Advances,25,30,5,0.0002,0.0002,0.0
T12028,Knowledge Management and Sharing,15,40,25,0.0001,0.0003,0.02
T12692,Magnetic Field Sensors Techniques,43,12,-31,0.0003,0.0001,-0.02
T13103,Middle East Politics and Society,38,17,-21,0.0003,0.0001,-0.01
T10673,Gestational Diabetes Research and Management,29,26,-3,0.0002,0.0002,-0.0
T11114,Service and Product Innovation,22,33,11,0.0002,0.0002,0.01
T12285,Surface Chemistry and Catalysis,20,35,15,0.0001,0.0002,0.01
T11049,Advanced Harmonic Analysis Research,23,32,9,0.0002,0.0002,0.01
T12443,Delphi Technique in Research,32,23,-9,0.0002,0.0002,-0.01
T13844,Higher Education Learning Practices,16,39,23,0.0001,0.0003,0.02
T10795,Healthcare professionals’ stress and burnout,28,27,-1,0.0002,0.0002,-0.0
T13537,"German legal, social, and political studies",12,43,31,0.0001,0.0003,0.02
T12037,Algebraic and Geometric Analysis,38,16,-22,0.0003,0.0001,-0.02
T11641,Insect and Pesticide Research,37,17,-20,0.0003,0.0001,-0.01
T12639,Global Energy and Sustainability Research,37,17,-20,0.0003,0.0001,-0.01
T10528,"Adipokines, Inflammation, and Metabolic Diseases",24,30,6,0.0002,0.0002,0.0
T11196,Non-Invasive Vital Sign Monitoring,28,26,-2,0.0002,0.0002,-0.0
T11613,Phytochemistry and Biological Activities,27,27,0,0.0002,0.0002,0.0
T10434,Chromosomal and Genetic Variations,7,47,40,0.0,0.0003,0.03
T10174,Animal Behavior and Reproduction,17,37,20,0.0001,0.0003,0.01
T13603,Corporate Social Responsibility and Sustainability,1,53,52,0.0,0.0004,0.04
T13841,Psychology of Social Influence,38,16,-22,0.0003,0.0001,-0.02
T11388,"Grief, Bereavement, and Mental Health",27,27,0,0.0002,0.0002,0.0
T12491,Superconductivity in MgB2 and Alloys,37,17,-20,0.0003,0.0001,-0.01
T10582,Ethics in Clinical Research,21,33,12,0.0001,0.0002,0.01
T10771,Wound Healing and Treatments,27,27,0,0.0002,0.0002,0.0
T10412,Microfluidic and Capillary Electrophoresis Applications,28,26,-2,0.0002,0.0002,-0.0
T11209,Cardiovascular and exercise physiology,21,33,12,0.0001,0.0002,0.01
T10245,Metamaterials and Metasurfaces Applications,27,27,0,0.0002,0.0002,0.0
T11310,Connective tissue disorders research,33,21,-12,0.0002,0.0001,-0.01
T12008,Solar-Powered Water Purification Methods,28,26,-2,0.0002,0.0002,-0.0
T12854,Neurology and Historical Studies,45,9,-36,0.0003,0.0001,-0.02
T11319,Curcumin's Biomedical Applications,30,24,-6,0.0002,0.0002,-0.0
T10930,Flood Risk Assessment and Management,18,36,18,0.0001,0.0002,0.01
T12078,Environmental remediation with nanomaterials,28,26,-2,0.0002,0.0002,-0.0
T10025,Black Holes and Theoretical Physics,30,24,-6,0.0002,0.0002,-0.0
T11995,"FinTech, Crowdfunding, Digital Finance",26,28,2,0.0002,0.0002,0.0
T10649,Multiple Myeloma Research and Treatments,28,26,-2,0.0002,0.0002,-0.0
T10541,Nonlinear Differential Equations Analysis,18,36,18,0.0001,0.0002,0.01
T10297,Philosophical Ethics and Theory,4,50,46,0.0,0.0003,0.03
T11718,Physical Education and Pedagogy,6,48,42,0.0,0.0003,0.03
T11697,Numerical Methods and Algorithms,29,25,-4,0.0002,0.0002,-0.0
T13124,Chemical synthesis and alkaloids,44,9,-35,0.0003,0.0001,-0.02
T12503,Social Acceptance of Renewable Energy,28,25,-3,0.0002,0.0002,-0.0
T10027,"Diabetes, Cardiovascular Risks, and Lipoproteins",32,21,-11,0.0002,0.0001,-0.01
T11226,Milk Quality and Mastitis in Dairy Cows,22,31,9,0.0002,0.0002,0.01
T10294,Cell death mechanisms and regulation,21,32,11,0.0001,0.0002,0.01
T13571,"Corporeality, Perception, and Education",0,53,53,0.0,0.0004,0.04
T14031,Global and Cross-Cultural Management,32,21,-11,0.0002,0.0001,-0.01
T11507,Religion and Society Interactions,23,30,7,0.0002,0.0002,0.0
T10116,Sperm and Testicular Function,16,37,21,0.0001,0.0003,0.01
T12752,Global Peace and Security Dynamics,32,21,-11,0.0002,0.0001,-0.01
T13712,Kantian Philosophy and Modern Interpretations,6,47,41,0.0,0.0003,0.03
T11066,Organic Food and Agriculture,26,27,1,0.0002,0.0002,0.0
T12999,Medieval History and Crusades,24,29,5,0.0002,0.0002,0.0
T11787,Oral and Maxillofacial Pathology,40,13,-27,0.0003,0.0001,-0.02
T11116,"Trauma, Hemostasis, Coagulopathy, Resuscitation",26,27,1,0.0002,0.0002,0.0
T10082,HIV/AIDS Research and Interventions,14,39,25,0.0001,0.0003,0.02
T10678,Inflammatory mediators and NSAID effects,36,17,-19,0.0002,0.0001,-0.01
T10815,Parasite Biology and Host Interactions,33,20,-13,0.0002,0.0001,-0.01
T13283,Mental Health Research Topics,41,12,-29,0.0003,0.0001,-0.02
T10417,Lung Cancer Treatments and Mutations,28,25,-3,0.0002,0.0002,-0.0
T11232,Urinary Tract Infections Management,38,15,-23,0.0003,0.0001,-0.02
T11773,Healthcare Operations and Scheduling Optimization,22,31,9,0.0002,0.0002,0.01
T10639,Advanced Software Engineering Methodologies,33,20,-13,0.0002,0.0001,-0.01
T12764,Polish Historical and Cultural Studies,24,29,5,0.0002,0.0002,0.0
T12686,Central European national history,17,36,19,0.0001,0.0002,0.01
T13231,"History, Culture, and Diplomacy",16,37,21,0.0001,0.0003,0.01
T12121,Cooperative Studies and Economics,25,28,3,0.0002,0.0002,0.0
T12948,Inclusion and Disability in Education and Sport,4,49,45,0.0,0.0003,0.03
T12927,"Memory, History, Trauma, Identity",16,37,21,0.0001,0.0003,0.01
T10100,Metaheuristic Optimization Algorithms Research,21,32,11,0.0001,0.0002,0.01
T10273,IoT and Edge/Fog Computing,34,19,-15,0.0002,0.0001,-0.01
T12798,Religious Tourism and Spaces,35,18,-17,0.0002,0.0001,-0.01
T13297,History and advancements in chemistry,45,7,-38,0.0003,0.0,-0.03
T13552,Advanced Materials Characterization Techniques,29,23,-6,0.0002,0.0002,-0.0
T11633,Prenatal Substance Exposure Effects,22,30,8,0.0002,0.0002,0.01
T13129,Material Properties and Applications,42,10,-32,0.0003,0.0001,-0.02
T11284,Coal Properties and Utilization,19,33,14,0.0001,0.0002,0.01
T10907,International Student and Expatriate Challenges,14,38,24,0.0001,0.0003,0.02
T10756,Estrogen and related hormone effects,31,21,-10,0.0002,0.0001,-0.01
T12514,Fashion and Cultural Textiles,15,37,22,0.0001,0.0003,0.02
T11645,"Urban, Neighborhood, and Segregation Studies",5,47,42,0.0,0.0003,0.03
T13605,"Homicide, Infanticide, and Child Abuse",42,10,-32,0.0003,0.0001,-0.02
T12932,Powder Metallurgy Techniques and Materials,23,29,6,0.0002,0.0002,0.0
T10919,Neurological disorders and treatments,22,30,8,0.0002,0.0002,0.01
T10732,Laser Material Processing Techniques,23,29,6,0.0002,0.0002,0.0
T10813,Sport Psychology and Performance,23,29,6,0.0002,0.0002,0.0
T12648,Academic Writing and Publishing,12,40,28,0.0001,0.0003,0.02
T10087,Archaeology and ancient environmental studies,27,25,-2,0.0002,0.0002,-0.0
T13466,Comparative Literary Analysis and Criticism,41,11,-30,0.0003,0.0001,-0.02
T11182,Auction Theory and Applications,27,25,-2,0.0002,0.0002,-0.0
T10836,Metabolomics and Mass Spectrometry Studies,35,17,-18,0.0002,0.0001,-0.01
T11240,Luminescence and Fluorescent Materials,21,31,10,0.0001,0.0002,0.01
T10589,Early Childhood Education and Development,10,42,32,0.0001,0.0003,0.02
T10915,Trace Elements in Health,37,15,-22,0.0003,0.0001,-0.02
T10667,Emotion and Mood Recognition,21,31,10,0.0001,0.0002,0.01
T14190,Military history and social perspectives,0,52,52,0.0,0.0004,0.04
T11545,Advanced Banach Space Theory,18,33,15,0.0001,0.0002,0.01
T10750,Fermentation and Sensory Analysis,42,9,-33,0.0003,0.0001,-0.02
T10515,Cancer-related molecular mechanisms research,30,21,-9,0.0002,0.0001,-0.01
T10098,Ruminant Nutrition and Digestive Physiology,19,32,13,0.0001,0.0002,0.01
T10045,Organic Electronics and Photovoltaics,26,25,-1,0.0002,0.0002,-0.0
T11801,Reservoir Engineering and Simulation Methods,33,18,-15,0.0002,0.0001,-0.01
T10975,Bone Tumor Diagnosis and Treatments,26,25,-1,0.0002,0.0002,-0.0
T11452,Oral Health Pathology and Treatment,19,32,13,0.0001,0.0002,0.01
T13669,China's Global Influence and Migration,49,2,-47,0.0003,0.0,-0.03
T10926,Peripheral Artery Disease Management,30,21,-9,0.0002,0.0001,-0.01
T14236,Educational Tools and Methods,51,0,-51,0.0004,0.0,-0.04
T10361,Silicon Carbide Semiconductor Technologies,28,23,-5,0.0002,0.0002,-0.0
T13174,American and British Literature Analysis,10,41,31,0.0001,0.0003,0.02
T11431,Action Observation and Synchronization,33,18,-15,0.0002,0.0001,-0.01
T11931,Organoselenium and organotellurium chemistry,15,36,21,0.0001,0.0002,0.01
T13229,Gothic Literature and Media Analysis,19,32,13,0.0001,0.0002,0.01
T12591,Inclusive Education and Diversity,3,48,45,0.0,0.0003,0.03
T11139,"Gout, Hyperuricemia, Uric Acid",28,23,-5,0.0002,0.0002,-0.0
T11235,Statistical Methods in Clinical Trials,12,39,27,0.0001,0.0003,0.02
T13247,Local Governance and Planning,0,51,51,0.0,0.0004,0.04
T12402,Travel-related health issues,28,22,-6,0.0002,0.0002,-0.0
T11121,Public Relations and Crisis Communication,10,40,30,0.0001,0.0003,0.02
T12971,Material Properties and Processing,41,9,-32,0.0003,0.0001,-0.02
T11869,Per- and polyfluoroalkyl substances research,24,26,2,0.0002,0.0002,0.0
T12506,Nuclear materials and radiation effects,26,24,-2,0.0002,0.0002,-0.0
T13261,Elasticity and Wave Propagation,14,36,22,0.0001,0.0002,0.02
T13795,"Language, Communication, and Linguistic Studies",1,49,48,0.0,0.0003,0.03
T13171,Polymer Science and PVC,33,17,-16,0.0002,0.0001,-0.01
T13877,Law in Society and Culture,25,25,0,0.0002,0.0002,0.0
T11895,Social and Cultural Dynamics,13,37,24,0.0001,0.0003,0.02
T11722,Patient Satisfaction in Healthcare,17,33,16,0.0001,0.0002,0.01
T13330,"Theater, Performance, and Music History",12,38,26,0.0001,0.0003,0.02
T11631,"Retirement, Disability, and Employment",20,30,10,0.0001,0.0002,0.01
T12427,Metal Alloys Wear and Properties,42,8,-34,0.0003,0.0001,-0.02
T10697,Vasculitis and related conditions,25,25,0,0.0002,0.0002,0.0
T10935,Endometriosis Research and Treatment,27,23,-4,0.0002,0.0002,-0.0
T11255,Microfluidic and Bio-sensing Technologies,33,17,-16,0.0002,0.0001,-0.01
T14342,"Military, Security, and Education Studies",46,3,-43,0.0003,0.0,-0.03
T13160,Synthesis and Biological Evaluation,44,5,-39,0.0003,0.0,-0.03
T11637,Advanced Semiconductor Detectors and Materials,21,28,7,0.0001,0.0002,0.0
T11976,Capital Investment and Risk Analysis,25,24,-1,0.0002,0.0002,-0.0
T10631,"Cancer, Hypoxia, and Metabolism",33,16,-17,0.0002,0.0001,-0.01
T11870,Structural Analysis and Optimization,30,19,-11,0.0002,0.0001,-0.01
T10554,Hemoglobinopathies and Related Disorders,27,22,-5,0.0002,0.0002,-0.0
T11531,Healthcare Systems and Reforms,10,39,29,0.0001,0.0003,0.02
T11189,Transplantation: Methods and Outcomes,22,27,5,0.0002,0.0002,0.0
T10623,Thin-Film Transistor Technologies,35,14,-21,0.0002,0.0001,-0.01
T10552,Colorectal Cancer Screening and Detection,26,23,-3,0.0002,0.0002,-0.0
T11330,Systemic Sclerosis and Related Diseases,28,21,-7,0.0002,0.0001,-0.0
T11089,Radioactive contamination and transfer,19,30,11,0.0001,0.0002,0.01
T11024,Information Systems Theories and Implementation,18,31,13,0.0001,0.0002,0.01
T13540,Animal Diversity and Health Studies,23,26,3,0.0002,0.0002,0.0
T12010,Evaluation and Performance Assessment,22,27,5,0.0002,0.0002,0.0
T11973,Plant chemical constituents analysis,28,21,-7,0.0002,0.0001,-0.0
T11925,Culinary Culture and Tourism,30,18,-12,0.0002,0.0001,-0.01
T11447,Blind Source Separation Techniques,40,8,-32,0.0003,0.0001,-0.02
T10446,"Income, Poverty, and Inequality",16,32,16,0.0001,0.0002,0.01
T13854,Historical Geography and Cartography,11,37,26,0.0001,0.0003,0.02
T13470,Surface Treatment and Coatings,2,46,44,0.0,0.0003,0.03
T12345,Adult and Continuing Education Topics,0,48,48,0.0,0.0003,0.03
T10138,Network Traffic and Congestion Control,17,31,14,0.0001,0.0002,0.01
T10517,"Financial Literacy, Pension, Retirement Analysis",19,29,10,0.0001,0.0002,0.01
T12797,History of Computing Technologies,22,26,4,0.0002,0.0002,0.0
T11112,Viral Infections and Immunology Research,24,24,0,0.0002,0.0002,0.0
T12176,Optimization and Packing Problems,25,23,-2,0.0002,0.0002,-0.0
T14373,Securities Regulation and Market Practices,4,44,40,0.0,0.0003,0.03
T11770,Fiscal Policy and Economic Growth,36,12,-24,0.0002,0.0001,-0.02
T12848,Psychological Testing and Assessment,16,32,16,0.0001,0.0002,0.01
T10689,Remote-Sensing Image Classification,18,30,12,0.0001,0.0002,0.01
T10922,Magnetic Properties and Synthesis of Ferrites,19,29,10,0.0001,0.0002,0.01
T11274,Botulinum Toxin and Related Neurological Disorders,36,12,-24,0.0002,0.0001,-0.02
T10430,Software Engineering Techniques and Practices,13,35,22,0.0001,0.0002,0.02
T12893,Organic Chemistry Cycloaddition Reactions,38,10,-28,0.0003,0.0001,-0.02
T11950,Cardiovascular Syncope and Autonomic Disorders,30,18,-12,0.0002,0.0001,-0.01
T10385,Plant Diversity and Evolution,40,7,-33,0.0003,0.0,-0.02
T10658,Bone fractures and treatments,20,27,7,0.0001,0.0002,0.0
T11341,Boron and Carbon Nanomaterials Research,17,30,13,0.0001,0.0002,0.01
T10832,Pituitary Gland Disorders and Treatments,25,22,-3,0.0002,0.0002,-0.0
T11514,Disability Education and Employment,10,37,27,0.0001,0.0003,0.02
T11300,Global Educational Policies and Reforms,19,28,9,0.0001,0.0002,0.01
T10364,Reproductive Biology and Fertility,16,31,15,0.0001,0.0002,0.01
T10286,Information Retrieval and Search Behavior,3,44,41,0.0,0.0003,0.03
T11832,Doctoral Education Challenges and Solutions,8,39,31,0.0001,0.0003,0.02
T11634,Water Quality and Pollution Assessment,22,25,3,0.0002,0.0002,0.0
T11570,Periodontal Regeneration and Treatments,17,30,13,0.0001,0.0002,0.01
T11371,Wind and Air Flow Studies,28,19,-9,0.0002,0.0001,-0.01
T11301,Advanced Surface Polishing Techniques,44,3,-41,0.0003,0.0,-0.03
T11823,Natural Resources and Economic Development,20,27,7,0.0001,0.0002,0.0
T11949,Nuclear Physics and Applications,37,10,-27,0.0003,0.0001,-0.02
T12029,DNA and Biological Computing,30,17,-13,0.0002,0.0001,-0.01
T10914,Tactile and Sensory Interactions,26,21,-5,0.0002,0.0001,-0.0
T13512,Spatial and Cultural Studies,2,45,43,0.0,0.0003,0.03
T10962,Thermodynamic properties of mixtures,32,15,-17,0.0002,0.0001,-0.01
T11070,Soviet and Russian History,7,40,33,0.0,0.0003,0.02
T10101,Cloud Computing and Resource Management,18,29,11,0.0001,0.0002,0.01
T12161,Plant Surface Properties and Treatments,37,10,-27,0.0003,0.0001,-0.02
T13673,Library Science and Information,0,47,47,0.0,0.0003,0.03
T11534,Erythropoietin and Anemia Treatment,22,24,2,0.0002,0.0002,0.0
T11548,Sexual Assault and Victimization Studies,9,37,28,0.0001,0.0003,0.02
T11945,Heat Transfer Mechanisms,36,10,-26,0.0002,0.0001,-0.02
T13883,Child and Adolescent Health,30,16,-14,0.0002,0.0001,-0.01
T12510,Magneto-Optical Properties and Applications,40,6,-34,0.0003,0.0,-0.02
T10062,MicroRNA in disease regulation,21,25,4,0.0001,0.0002,0.0
T13301,Cultural Studies and Interdisciplinary Research,45,1,-44,0.0003,0.0,-0.03
T12171,Open Education and E-Learning,32,14,-18,0.0002,0.0001,-0.01
T11428,Advanced Mathematical Identities,25,21,-4,0.0002,0.0001,-0.0
T11660,Blood groups and transfusion,22,24,2,0.0002,0.0002,0.0
T10329,Thyroid Cancer Diagnosis and Treatment,19,27,8,0.0001,0.0002,0.01
T11981,Qualitative Research Methods and Ethics,7,39,32,0.0,0.0003,0.02
T11862,"Agriculture, Land Use, Rural Development",10,36,26,0.0001,0.0002,0.02
T10091,Malaria Research and Control,20,26,6,0.0001,0.0002,0.0
T11373,Sleep and Work-Related Fatigue,22,24,2,0.0002,0.0002,0.0
T10167,Influenza Virus Research Studies,25,21,-4,0.0002,0.0001,-0.0
T10550,Ovarian cancer diagnosis and treatment,24,22,-2,0.0002,0.0002,-0.0
T10746,Platelet Disorders and Treatments,21,25,4,0.0001,0.0002,0.0
T12130,Contemporary Literature and Criticism,22,24,2,0.0002,0.0002,0.0
T12526,Antimicrobial agents and applications,14,32,18,0.0001,0.0002,0.01
T10056,Neurotransmitter Receptor Influence on Behavior,24,22,-2,0.0002,0.0002,-0.0
T11056,Physiological and biochemical adaptations,15,31,16,0.0001,0.0002,0.01
T12006,Ergonomics and Musculoskeletal Disorders,19,27,8,0.0001,0.0002,0.01
T11496,Credit Risk and Financial Regulations,21,25,4,0.0001,0.0002,0.0
T12425,Industrial Gas Emission Control,16,30,14,0.0001,0.0002,0.01
T12735,Blood donation and transfusion practices,35,11,-24,0.0002,0.0001,-0.02
T11374,Cleft Lip and Palate Research,21,25,4,0.0001,0.0002,0.0
T10217,Cardiac electrophysiology and arrhythmias,28,18,-10,0.0002,0.0001,-0.01
T12524,Chemical Synthesis and Characterization,36,10,-26,0.0002,0.0001,-0.02
T11692,Noise Effects and Management,20,26,6,0.0001,0.0002,0.0
T10166,Mosquito-borne diseases and control,29,17,-12,0.0002,0.0001,-0.01
T10770,Soil Geostatistics and Mapping,24,22,-2,0.0002,0.0002,-0.0
T13706,Management and Optimization Techniques,8,38,30,0.0001,0.0003,0.02
T11445,Origins and Evolution of Life,21,25,4,0.0001,0.0002,0.0
T10641,Central Venous Catheters and Hemodialysis,22,24,2,0.0002,0.0002,0.0
T10442,Knee injuries and reconstruction techniques,21,25,4,0.0001,0.0002,0.0
T11922,Cardiovascular Effects of Exercise,24,22,-2,0.0002,0.0002,-0.0
T10337,Liver Disease and Transplantation,23,23,0,0.0002,0.0002,0.0
T11725,Immunodeficiency and Autoimmune Disorders,24,21,-3,0.0002,0.0001,-0.0
T11213,Genomic variations and chromosomal abnormalities,20,25,5,0.0001,0.0002,0.0
T12229,Pharmacological Effects and Toxicity Studies,34,11,-23,0.0002,0.0001,-0.02
T11399,Muscle metabolism and nutrition,34,11,-23,0.0002,0.0001,-0.02
T11465,Drug-Induced Hepatotoxicity and Protection,23,22,-1,0.0002,0.0002,-0.0
T12288,Optimization and Search Problems,27,18,-9,0.0002,0.0001,-0.01
T11766,Iron-based superconductors research,33,12,-21,0.0002,0.0001,-0.01
T10416,Traumatic Brain Injury Research,18,27,9,0.0001,0.0002,0.01
T10603,Smart Grid Energy Management,26,19,-7,0.0002,0.0001,-0.0
T11712,Intergenerational Family Dynamics and Caregiving,12,33,21,0.0001,0.0002,0.01
T10395,Construction Project Management and Performance,12,33,21,0.0001,0.0002,0.01
T10534,Structural Health Monitoring Techniques,33,12,-21,0.0002,0.0001,-0.01
T11068,Tendon Structure and Treatment,28,17,-11,0.0002,0.0001,-0.01
T11437,Digital Platforms and Economics,26,19,-7,0.0002,0.0001,-0.0
T12252,Mechanical stress and fatigue analysis,28,17,-11,0.0002,0.0001,-0.01
T12167,Bacterial Identification and Susceptibility Testing,28,17,-11,0.0002,0.0001,-0.01
T12306,Urban and Freight Transport Logistics,36,9,-27,0.0002,0.0001,-0.02
T11781,Wastewater Treatment and Reuse,14,31,17,0.0001,0.0002,0.01
T11810,Complex Systems and Decision Making,31,14,-17,0.0002,0.0001,-0.01
T10898,Environmental Education and Sustainability,25,20,-5,0.0002,0.0001,-0.0
T11917,"Coagulation, Bradykinin, Polyphosphates, and Angioedema",25,20,-5,0.0002,0.0001,-0.0
T11565,Thermoelastic and Magnetoelastic Phenomena,17,28,11,0.0001,0.0002,0.01
T10485,"Bullying, Victimization, and Aggression",15,30,15,0.0001,0.0002,0.01
T13591,Pasture and Agricultural Systems,3,42,39,0.0,0.0003,0.03
T11064,Antiplatelet Therapy and Cardiovascular Diseases,23,22,-1,0.0002,0.0002,-0.0
T10862,AI in cancer detection,25,19,-6,0.0002,0.0001,-0.0
T11253,Nail Diseases and Treatments,29,15,-14,0.0002,0.0001,-0.01
T11446,Mobile Health and mHealth Applications,23,21,-2,0.0002,0.0001,-0.0
T13240,Bioeconomy and Sustainability Development,23,21,-2,0.0002,0.0001,-0.0
T10392,Cutaneous Melanoma Detection and Management,19,25,6,0.0001,0.0002,0.0
T12868,Photography and Visual Culture,11,33,22,0.0001,0.0002,0.02
T11690,Advanced battery technologies research,22,22,0,0.0002,0.0002,0.0
T10444,Context-Aware Activity Recognition Systems,21,23,2,0.0001,0.0002,0.0
T13180,Chemistry and Chemical Engineering,31,13,-18,0.0002,0.0001,-0.01
T11273,Advanced Graph Neural Networks,24,20,-4,0.0002,0.0001,-0.0
T13079,Heavy Metals in Plants,24,20,-4,0.0002,0.0001,-0.0
T14192,"Literature, Film, and Journalism Analysis",15,29,14,0.0001,0.0002,0.01
T11430,Disaster Response and Management,32,12,-20,0.0002,0.0001,-0.01
T10748,Growth Hormone and Insulin-like Growth Factors,24,20,-4,0.0002,0.0001,-0.0
T12386,Advanced X-ray and CT Imaging,38,6,-32,0.0003,0.0,-0.02
T10241,Functional Brain Connectivity Studies,35,9,-26,0.0002,0.0001,-0.02
T12659,Innovation Diffusion and Forecasting,21,23,2,0.0001,0.0002,0.0
T12573,Education and Digital Technologies,6,38,32,0.0,0.0003,0.02
T10784,Muscle activation and electromyography studies,27,17,-10,0.0002,0.0001,-0.01
T12235,Child Abuse and Related Trauma,15,29,14,0.0001,0.0002,0.01
T14380,Libraries and Information Services,22,22,0,0.0002,0.0002,0.0
T12967,Molecular Spectroscopy and Structure,22,22,0,0.0002,0.0002,0.0
T11822,Analytic and geometric function theory,22,22,0,0.0002,0.0002,0.0
T10279,Urinary Bladder and Prostate Research,18,25,7,0.0001,0.0002,0.0
T11794,Early Modern Spanish Literature,18,25,7,0.0001,0.0002,0.0
T11243,Respiratory viral infections research,24,19,-5,0.0002,0.0001,-0.0
T11286,Polyoxometalates: Synthesis and Applications,26,17,-9,0.0002,0.0001,-0.01
T13457,"Dental Education, Practice, Research",27,16,-11,0.0002,0.0001,-0.01
T12776,Electrohydrodynamics and Fluid Dynamics,39,4,-35,0.0003,0.0,-0.02
T12570,Photopolymerization techniques and applications,27,16,-11,0.0002,0.0001,-0.01
T11779,Higher Education and Employability,9,34,25,0.0001,0.0002,0.02
T12684,Stuttering Research and Treatment,18,25,7,0.0001,0.0002,0.0
T10449,Renal cell carcinoma treatment,20,23,3,0.0001,0.0002,0.0
T10039,"Stellar, planetary, and galactic studies",16,27,11,0.0001,0.0002,0.01
T13149,Organizational Change and Leadership,1,42,41,0.0,0.0003,0.03
T11542,Behavioral Health and Interventions,29,14,-15,0.0002,0.0001,-0.01
T10206,Meta-analysis and systematic reviews,13,30,17,0.0001,0.0002,0.01
T11402,Vascular Malformations Diagnosis and Treatment,25,18,-7,0.0002,0.0001,-0.0
T11315,Phase-change materials and chalcogenides,31,12,-19,0.0002,0.0001,-0.01
T12624,Maritime and Coastal Archaeology,36,7,-29,0.0002,0.0,-0.02
T11902,Intelligent Tutoring Systems and Adaptive Learning,21,22,1,0.0001,0.0002,0.0
T12133,Pragmatism in Philosophy and Education,9,34,25,0.0001,0.0002,0.02
T10873,Bacterial Infections and Vaccines,21,22,1,0.0001,0.0002,0.0
T10834,Welding Techniques and Residual Stresses,21,22,1,0.0001,0.0002,0.0
T11004,Crustacean biology and ecology,22,21,-1,0.0002,0.0001,-0.0
T13944,Psychiatric care and mental health services,10,33,23,0.0001,0.0002,0.02
T13061,Literacy and Educational Practices,6,37,31,0.0,0.0003,0.02
T11859,Educator Training and Historical Pedagogy,12,31,19,0.0001,0.0002,0.01
T11311,Soil and Water Nutrient Dynamics,20,22,2,0.0001,0.0002,0.0
T10747,Disaster Management and Resilience,10,32,22,0.0001,0.0002,0.02
T10250,Glaucoma and retinal disorders,23,19,-4,0.0002,0.0001,-0.0
T12472,Plant responses to water stress,23,19,-4,0.0002,0.0001,-0.0
T11086,Parasitic Infections and Diagnostics,24,18,-6,0.0002,0.0001,-0.0
T14002,"Art, Technology, and Culture",2,40,38,0.0,0.0003,0.03
T11443,Advanced Statistical Process Monitoring,21,21,0,0.0001,0.0001,0.0
T11891,Big Data and Business Intelligence,33,9,-24,0.0002,0.0001,-0.02
T10668,Endometrial and Cervical Cancer Treatments,21,21,0,0.0001,0.0001,0.0
T10848,Advanced Multi-Objective Optimization Algorithms,20,22,2,0.0001,0.0002,0.0
T13394,"Ecology, Conservation, and Geographical Studies",19,23,4,0.0001,0.0002,0.0
T11358,Dysphagia Assessment and Management,20,22,2,0.0001,0.0002,0.0
T10830,Airway Management and Intubation Techniques,31,11,-20,0.0002,0.0001,-0.01
T10917,Smart Grid Security and Resilience,24,18,-6,0.0002,0.0001,-0.0
T10112,HIV Research and Treatment,32,10,-22,0.0002,0.0001,-0.02
T12475,Plant Parasitism and Resistance,37,5,-32,0.0003,0.0,-0.02
T12839,Emile Durkheim and Sociology,17,25,8,0.0001,0.0002,0.01
T11237,Plant Gene Expression Analysis,31,11,-20,0.0002,0.0001,-0.01
T11030,Scoliosis diagnosis and treatment,17,25,8,0.0001,0.0002,0.01
T13005,Religious Studies and Spiritual Practices,22,20,-2,0.0002,0.0001,-0.0
T10829,Interconnection Networks and Systems,28,14,-14,0.0002,0.0001,-0.01
T14396,Healthcare Regulation,2,40,38,0.0,0.0003,0.03
T12415,Employer Branding and e-HRM,8,34,26,0.0001,0.0002,0.02
T10799,Data Visualization and Analytics,24,18,-6,0.0002,0.0001,-0.0
T11014,Regional Economics and Spatial Analysis,14,28,14,0.0001,0.0002,0.01
T11020,Immune Cell Function and Interaction,31,11,-20,0.0002,0.0001,-0.01
T10042,Neural and Behavioral Psychology Studies,25,16,-9,0.0002,0.0001,-0.01
T12492,Zoonotic diseases and public health,22,19,-3,0.0002,0.0001,-0.0
T13178,Theology and Canon Law Studies,28,13,-15,0.0002,0.0001,-0.01
T14332,European Linguistics and Anthropology,10,31,21,0.0001,0.0002,0.01
T10333,Meat and Animal Product Quality,22,19,-3,0.0002,0.0001,-0.0
T12408,Educational Innovations and Challenges,4,37,33,0.0,0.0003,0.02
T13344,Industrial Automation and Control Systems,7,34,27,0.0,0.0002,0.02
T13092,Environmental Chemistry and Analysis,21,20,-1,0.0001,0.0001,-0.0
T10691,Retinal Development and Disorders,24,17,-7,0.0002,0.0001,-0.0
T10947,Fluorine in Organic Chemistry,26,15,-11,0.0002,0.0001,-0.01
T11367,Particle accelerators and beam dynamics,37,4,-33,0.0003,0.0,-0.02
T10768,Electric Vehicles and Infrastructure,24,17,-7,0.0002,0.0001,-0.0
T11214,Human-Animal Interaction Studies,20,21,1,0.0001,0.0001,0.0
T13493,Optical and Acousto-Optic Technologies,21,20,-1,0.0001,0.0001,-0.0
T13332,"Historical Studies on Reproduction, Gender, Health, and Societal Changes",19,22,3,0.0001,0.0002,0.0
T10606,Kidney Stones and Urolithiasis Treatments,17,24,7,0.0001,0.0002,0.0
T12040,International Arbitration and Investment Law,17,24,7,0.0001,0.0002,0.0
T10072,Science Education and Pedagogy,3,38,35,0.0,0.0003,0.02
T12169,Non-Destructive Testing Techniques,28,13,-15,0.0002,0.0001,-0.01
T10712,Library Science and Information Literacy,0,41,41,0.0,0.0003,0.03
T11083,Cardiac Health and Mental Health,16,25,9,0.0001,0.0002,0.01
T12755,Legal Education and Practice Innovations,3,38,35,0.0,0.0003,0.02
T13101,Legal and Social Justice Studies,1,40,39,0.0,0.0003,0.03
T10988,Advanced Fiber Laser Technologies,39,1,-38,0.0003,0.0,-0.03
T12216,Network Time Synchronization Technologies,28,12,-16,0.0002,0.0001,-0.01
T11464,Homelessness and Social Issues,13,27,14,0.0001,0.0002,0.01
T11282,Fibromyalgia and Chronic Fatigue Syndrome Research,25,15,-10,0.0002,0.0001,-0.01
T11612,Stochastic Gradient Optimization Techniques,15,25,10,0.0001,0.0002,0.01
T10614,Transcranial Magnetic Stimulation Studies,18,22,4,0.0001,0.0002,0.0
T10251,Solar and Space Plasma Dynamics,21,19,-2,0.0001,0.0001,-0.0
T12120,Air Quality Monitoring and Forecasting,19,21,2,0.0001,0.0001,0.0
T11679,Craniofacial Disorders and Treatments,26,14,-12,0.0002,0.0001,-0.01
T13023,Synthesis of Organic Compounds,30,10,-20,0.0002,0.0001,-0.01
T12741,Maternal and Neonatal Healthcare,4,36,32,0.0,0.0002,0.02
T13325,Dye analysis and toxicity,9,31,22,0.0001,0.0002,0.02
T11678,Healthcare Decision-Making and Restraints,12,28,16,0.0001,0.0002,0.01
T12256,Facilities and Workplace Management,21,19,-2,0.0001,0.0001,-0.0
T10861,Ear Surgery and Otitis Media,21,19,-2,0.0001,0.0001,-0.0
T12352,Heparin-Induced Thrombocytopenia and Thrombosis,24,16,-8,0.0002,0.0001,-0.01
T13634,Middle East and Rwanda Conflicts,29,11,-18,0.0002,0.0001,-0.01
T12253,Urban Agriculture and Sustainability,14,26,12,0.0001,0.0002,0.01
T11908,Protein Interaction Studies and Fluorescence Analysis,18,22,4,0.0001,0.0002,0.0
T10754,Neuroendocrine Tumor Research Advances,19,21,2,0.0001,0.0001,0.0
T11817,"Housing, Finance, and Neoliberalism",21,19,-2,0.0001,0.0001,-0.0
T10038,Tuberculosis Research and Epidemiology,17,23,6,0.0001,0.0002,0.0
T12792,Soil Management and Crop Yield,7,33,26,0.0,0.0002,0.02
T11440,Click Chemistry and Applications,31,9,-22,0.0002,0.0001,-0.02
T12794,Adaptive Dynamic Programming Control,18,22,4,0.0001,0.0002,0.0
T10506,Aquaculture disease management and microbiota,21,19,-2,0.0001,0.0001,-0.0
T10563,Corneal surgery and disorders,19,21,2,0.0001,0.0001,0.0
T12552,Fetal and Pediatric Neurological Disorders,30,10,-20,0.0002,0.0001,-0.01
T11778,Electrical and Bioimpedance Tomography,22,18,-4,0.0002,0.0001,-0.0
T13308,Cybernetics and Technology in Society,5,35,30,0.0,0.0002,0.02
T11296,COVID-19 and healthcare impacts,27,13,-14,0.0002,0.0001,-0.01
T10644,Cryospheric studies and observations,24,16,-8,0.0002,0.0001,-0.01
T12744,Medical Device Sterilization and Disinfection,25,15,-10,0.0002,0.0001,-0.01
T13763,Historical Legal Studies and Society,11,29,18,0.0001,0.0002,0.01
T11961,Neonatal and Maternal Infections,18,22,4,0.0001,0.0002,0.0
T12864,Psychoanalysis and Social Critique,12,28,16,0.0001,0.0002,0.01
T12439,Dental Research and COVID-19,34,6,-28,0.0002,0.0,-0.02
T10423,Neurobiology and Insect Physiology Research,27,13,-14,0.0002,0.0001,-0.01
T14414,Artificial Intelligence in Education,8,32,24,0.0001,0.0002,0.02
T11058,Ethics in Business and Education,9,31,22,0.0001,0.0002,0.02
T12746,Sustainable Industrial Ecology,29,10,-19,0.0002,0.0001,-0.01
T10733,Wheat and Barley Genetics and Pathology,27,12,-15,0.0002,0.0001,-0.01
T11624,Constructed Wetlands for Wastewater Treatment,20,19,-1,0.0001,0.0001,-0.0
T12091,Peatlands and Wetlands Ecology,21,18,-3,0.0001,0.0001,-0.0
T10837,Dermatology and Skin Diseases,21,18,-3,0.0001,0.0001,-0.0
T12032,Multisensory perception and integration,28,11,-17,0.0002,0.0001,-0.01
T14468,Plant Ecology and Soil Science,23,16,-7,0.0002,0.0001,-0.0
T13138,Legal and Constitutional Studies,3,36,33,0.0,0.0002,0.02
T11015,Down syndrome and intellectual disability research,8,31,23,0.0001,0.0002,0.02
T12189,Sulfur-Based Synthesis Techniques,25,14,-11,0.0002,0.0001,-0.01
T10953,E-Government and Public Services,10,29,19,0.0001,0.0002,0.01
T11803,Superconducting and THz Device Technology,32,7,-25,0.0002,0.0,-0.02
T10805,Vehicle Dynamics and Control Systems,24,15,-9,0.0002,0.0001,-0.01
T10318,Criminal Justice and Corrections Analysis,28,11,-17,0.0002,0.0001,-0.01
T11847,Recycled Aggregate Concrete Performance,17,22,5,0.0001,0.0002,0.0
T12478,Wikis in Education and Collaboration,19,20,1,0.0001,0.0001,0.0
T10987,Microfinance and Financial Inclusion,19,20,1,0.0001,0.0001,0.0
T12238,Green IT and Sustainability,16,23,7,0.0001,0.0002,0.0
T12627,Graphene and Nanomaterials Applications,21,18,-3,0.0001,0.0001,-0.0
T11906,"Gender, Sexuality, and Education",3,36,33,0.0,0.0002,0.02
T10981,Cytomegalovirus and herpesvirus research,27,12,-15,0.0002,0.0001,-0.01
T12688,Microbial metabolism and enzyme function,22,16,-6,0.0002,0.0001,-0.0
T11244,Climate Change and Health Impacts,28,10,-18,0.0002,0.0001,-0.01
T11018,Lower Extremity Biomechanics and Pathologies,15,23,8,0.0001,0.0002,0.01
T11559,Retinoids in leukemia and cellular processes,24,14,-10,0.0002,0.0001,-0.01
T12138,Occupational Health and Performance,21,17,-4,0.0001,0.0001,-0.0
T14127,Food and Agricultural Sciences,1,37,36,0.0,0.0003,0.02
T11707,Gaze Tracking and Assistive Technology,27,11,-16,0.0002,0.0001,-0.01
T14193,Literature and Cultural Memory,28,10,-18,0.0002,0.0001,-0.01
T12072,Machine Learning and Algorithms,15,23,8,0.0001,0.0002,0.01
T13762,Education and Labor Relations,2,36,34,0.0,0.0002,0.02
T11045,"Privacy, Security, and Data Protection",14,24,10,0.0001,0.0002,0.01
T12077,Vacuum and Plasma Arcs,17,21,4,0.0001,0.0001,0.0
T10498,Migraine and Headache Studies,21,17,-4,0.0001,0.0001,-0.0
T11786,Geomagnetism and Paleomagnetism Studies,25,13,-12,0.0002,0.0001,-0.01
T11275,Composting and Vermicomposting Techniques,19,19,0,0.0001,0.0001,0.0
T12955,Atherosclerosis and Cardiovascular Diseases,17,21,4,0.0001,0.0001,0.0
T12308,Mental Health and Psychiatry,32,6,-26,0.0002,0.0,-0.02
T10032,Marine and coastal ecosystems,29,9,-20,0.0002,0.0001,-0.01
T12564,Sensor Technology and Measurement Systems,19,19,0,0.0001,0.0001,0.0
T10235,Health disparities and outcomes,21,17,-4,0.0001,0.0001,-0.0
T12924,Dermatological and Skeletal Disorders,19,19,0,0.0001,0.0001,0.0
T12762,Crystallography and Radiation Phenomena,14,24,10,0.0001,0.0002,0.01
T10525,Human-Automation Interaction and Safety,17,21,4,0.0001,0.0001,0.0
T10152,Animal Nutrition and Physiology,22,16,-6,0.0002,0.0001,-0.0
T10327,Adolescent Sexual and Reproductive Health,6,32,26,0.0,0.0002,0.02
T10570,Drug Transport and Resistance Mechanisms,22,16,-6,0.0002,0.0001,-0.0
T10243,Statistical Methods and Bayesian Inference,9,29,20,0.0001,0.0002,0.01
T12217,Higher Education Teaching and Evaluation,18,19,1,0.0001,0.0001,0.0
T12505,Peptidase Inhibition and Analysis,31,6,-25,0.0002,0.0,-0.02
T14477,"Management, Economics, and Public Policy",37,0,-37,0.0003,0.0,-0.03
T11065,Insect Pest Control Strategies,16,21,5,0.0001,0.0001,0.0
T13198,"Historical, Religious, and Philosophical Studies",29,8,-21,0.0002,0.0001,-0.01
T11229,Genetics and Plant Breeding,1,36,35,0.0,0.0002,0.02
T10311,Advancements in Solid Oxide Fuel Cells,16,21,5,0.0001,0.0001,0.0
T13412,Education and Technology Integration,14,23,9,0.0001,0.0002,0.01
T10698,Transportation Planning and Optimization,18,19,1,0.0001,0.0001,0.0
T11720,Probability and Risk Models,21,16,-5,0.0001,0.0001,-0.0
T13593,Historical and Archaeological Studies,26,11,-15,0.0002,0.0001,-0.01
T12700,Doping in Sports,19,18,-1,0.0001,0.0001,-0.0
T11151,Advanced Topology and Set Theory,15,22,7,0.0001,0.0002,0.0
T14230,Occupational and Professional Licensing Regulation,16,21,5,0.0001,0.0001,0.0
T12387,Galectins and Cancer Biology,32,5,-27,0.0002,0.0,-0.02
T11185,Integrated Energy Systems Optimization,17,20,3,0.0001,0.0001,0.0
T11303,Bayesian Modeling and Causal Inference,21,16,-5,0.0001,0.0001,-0.0
T11816,Nursing Roles and Practices,14,23,9,0.0001,0.0002,0.01
T10490,Orbital Angular Momentum in Optics,22,15,-7,0.0002,0.0001,-0.0
T12779,Public Procurement and Policy,2,35,33,0.0,0.0002,0.02
T10281,Advanced Battery Materials and Technologies,16,21,5,0.0001,0.0001,0.0
T13581,New Caledonia Indigenous Studies,22,15,-7,0.0002,0.0001,-0.0
T11111,Spectroscopy and Laser Applications,23,14,-9,0.0002,0.0001,-0.01
T12068,Neonatal Health and Biochemistry,23,14,-9,0.0002,0.0001,-0.01
T10182,Child and Adolescent Psychosocial and Emotional Development,21,16,-5,0.0001,0.0001,-0.0
T10814,Neuropeptides and Animal Physiology,27,10,-17,0.0002,0.0001,-0.01
T11557,Lubricants and Their Additives,21,16,-5,0.0001,0.0001,-0.0
T10764,Privacy-Preserving Technologies in Data,15,22,7,0.0001,0.0002,0.0
T12098,Rural development and sustainability,3,34,31,0.0,0.0002,0.02
T14099,Synthesis and Characterization of Heterocyclic Compounds,29,8,-21,0.0002,0.0001,-0.01
T10900,Listeria monocytogenes in Food Safety,16,20,4,0.0001,0.0001,0.0
T10520,Mycotoxins in Agriculture and Food,17,19,2,0.0001,0.0001,0.0
T13931,Philosophy and Historical Thought,14,22,8,0.0001,0.0002,0.01
T13588,Regional resilience and development,15,21,6,0.0001,0.0001,0.0
T10820,Fuzzy Logic and Control Systems,17,19,2,0.0001,0.0001,0.0
T11052,Energy Load and Power Forecasting,22,14,-8,0.0002,0.0001,-0.01
T12972,German Colonialism and Identity Studies,27,9,-18,0.0002,0.0001,-0.01
T12561,bioluminescence and chemiluminescence research,21,15,-6,0.0001,0.0001,-0.0
T13155,Digital Communication and Language,12,24,12,0.0001,0.0002,0.01
T10068,Technology Adoption and User Behaviour,13,23,10,0.0001,0.0002,0.01
T13158,Political and Economic history of UK and US,17,19,2,0.0001,0.0001,0.0
T13945,"Legal, Health, Environmental and COVID-19 Challenges",1,35,34,0.0,0.0002,0.02
T11657,Digital and Traditional Archives Management,2,34,32,0.0,0.0002,0.02
T11769,Copyright and Intellectual Property,19,17,-2,0.0001,0.0001,-0.0
T13211,"Memory, Trauma, and Testimony",0,36,36,0.0,0.0002,0.02
T10342,Circadian rhythm and melatonin,15,21,6,0.0001,0.0001,0.0
T14089,Nanotechnology research and applications,16,20,4,0.0001,0.0001,0.0
T13404,Geological and Tectonic Studies in Latin America,18,18,0,0.0001,0.0001,0.0
T12489,Microbial Metabolites in Food Biotechnology,29,7,-22,0.0002,0.0,-0.02
T12502,Urbanization and City Planning,20,16,-4,0.0001,0.0001,-0.0
T11890,Scientific Measurement and Uncertainty Evaluation,14,22,8,0.0001,0.0002,0.01
T13074,Global Financial Regulation and Crises,22,14,-8,0.0002,0.0001,-0.01
T13232,Laser-Ablation Synthesis of Nanoparticles,13,23,10,0.0001,0.0002,0.01
T11964,Pregnancy and Medication Impact,18,18,0,0.0001,0.0001,0.0
T10752,Terahertz technology and applications,16,20,4,0.0001,0.0001,0.0
T12813,Plant and Biological Electrophysiology Studies,22,14,-8,0.0002,0.0001,-0.01
T13304,Synthesis and Reactivity of Sulfur-Containing Compounds,25,11,-14,0.0002,0.0001,-0.01
T12694,"Categorization, perception, and language",16,20,4,0.0001,0.0001,0.0
T10272,Mental Health Treatment and Access,14,22,8,0.0001,0.0002,0.01
T12026,Explainable Artificial Intelligence (XAI),13,23,10,0.0001,0.0002,0.01
T11426,Genetically Modified Organisms Research,7,29,22,0.0,0.0002,0.02
T12666,Historical Psychiatry and Medical Practices,7,29,22,0.0,0.0002,0.02
T11790,N-Heterocyclic Carbenes in Organic and Inorganic Chemistry,18,18,0,0.0001,0.0001,0.0
T11107,Selenium in Biological Systems,26,10,-16,0.0002,0.0001,-0.01
T11350,Sex work and related issues,14,22,8,0.0001,0.0002,0.01
T12436,Agronomic Practices and Intercropping Systems,15,20,5,0.0001,0.0001,0.0
T10816,Cerebrovascular and Carotid Artery Diseases,26,9,-17,0.0002,0.0001,-0.01
T10317,Advanced Database Systems and Queries,27,8,-19,0.0002,0.0001,-0.01
T12567,Heat transfer and supercritical fluids,28,7,-21,0.0002,0.0,-0.01
T10849,Finite Group Theory Research,11,24,13,0.0001,0.0002,0.01
T10193,Coronary Interventions and Diagnostics,16,19,3,0.0001,0.0001,0.0
T10366,Discourse Analysis in Language Studies,13,22,9,0.0001,0.0002,0.01
T13268,Photographic and Visual Arts,9,26,17,0.0001,0.0002,0.01
T14238,Historical Gender and Feminism Studies,28,7,-21,0.0002,0.0,-0.01
T11413,Risk and Portfolio Optimization,17,18,1,0.0001,0.0001,0.0
T10540,Advanced Fluorescence Microscopy Techniques,12,23,11,0.0001,0.0002,0.01
T11935,"Literacy, Media, and Education",3,32,29,0.0,0.0002,0.02
T11990,Global Health Workforce Issues,8,27,19,0.0001,0.0002,0.01
T12067,Renal and Vascular Pathologies,27,8,-19,0.0002,0.0001,-0.01
T11681,Nosocomial Infections in ICU,15,20,5,0.0001,0.0001,0.0
T11772,Genetics and Neurodevelopmental Disorders,16,19,3,0.0001,0.0001,0.0
T11039,Evaluation of Teaching Practices,11,24,13,0.0001,0.0002,0.01
T10305,Power System Optimization and Stability,15,20,5,0.0001,0.0001,0.0
T11768,Music Therapy and Health,18,17,-1,0.0001,0.0001,-0.0
T10492,Microtubule and mitosis dynamics,20,15,-5,0.0001,0.0001,-0.0
T11639,Mental Health and Patient Involvement,13,22,9,0.0001,0.0002,0.01
T10794,Islamic Studies and History,22,13,-9,0.0002,0.0001,-0.01
T12616,Religious Education and Schools,22,13,-9,0.0002,0.0001,-0.01
T11340,Marine Sponges and Natural Products,30,5,-25,0.0002,0.0,-0.02
T11732,Assisted Reproductive Technology and Twin Pregnancy,25,10,-15,0.0002,0.0001,-0.01
T11968,High Altitude and Hypoxia,21,14,-7,0.0001,0.0001,-0.0
T11649,Pharmaceutical industry and healthcare,19,16,-3,0.0001,0.0001,-0.0
T14423,Military Technology and Strategies,32,3,-29,0.0002,0.0,-0.02
T10448,Memory and Neural Mechanisms,15,20,5,0.0001,0.0001,0.0
T10692,Urban Green Space and Health,22,13,-9,0.0002,0.0001,-0.01
T13724,Humanities and Social Sciences,12,23,11,0.0001,0.0002,0.01
T12336,Insect Utilization and Effects,22,13,-9,0.0002,0.0001,-0.01
T12156,World Trade Organization Law,12,23,11,0.0001,0.0002,0.01
T13366,Accounting Theory and Financial Reporting,0,35,35,0.0,0.0002,0.02
T12812,Meromorphic and Entire Functions,32,3,-29,0.0002,0.0,-0.02
T10029,Climate variability and models,15,20,5,0.0001,0.0001,0.0
T12786,Innovation and Socioeconomic Development,23,11,-12,0.0002,0.0001,-0.01
T11850,Concrete Corrosion and Durability,18,16,-2,0.0001,0.0001,-0.0
T10656,Child and Animal Learning Development,12,22,10,0.0001,0.0002,0.01
T10611,Organic Light-Emitting Diodes Research,18,16,-2,0.0001,0.0001,-0.0
T12286,Erythrocyte Function and Pathophysiology,22,12,-10,0.0002,0.0001,-0.01
T12976,Magnetic and Electromagnetic Effects,31,3,-28,0.0002,0.0,-0.02
T11958,Dental Erosion and Treatment,15,19,4,0.0001,0.0001,0.0
T10968,Statistical Distribution Estimation and Applications,12,22,10,0.0001,0.0002,0.01
T12821,Geological Formations and Processes Exploration,21,13,-8,0.0001,0.0001,-0.01
T12051,Diversity and Impact of Dance,13,21,8,0.0001,0.0001,0.01
T12262,Hate Speech and Cyberbullying Detection,18,16,-2,0.0001,0.0001,-0.0
T13131,Collaborative Teaching and Inclusion,8,26,18,0.0001,0.0002,0.01
T10458,Bladder and Urothelial Cancer Treatments,19,15,-4,0.0001,0.0001,-0.0
T10817,Multicomponent Synthesis of Heterocycles,19,15,-4,0.0001,0.0001,-0.0
T10036,Advanced Neural Network Applications,7,27,20,0.0,0.0002,0.01
T10594,Genetic and phenotypic traits in livestock,6,28,22,0.0,0.0002,0.02
T11292,Pediatric Pain Management Techniques,21,13,-8,0.0001,0.0001,-0.01
T10619,Esophageal Cancer Research and Treatment,17,17,0,0.0001,0.0001,0.0
T13504,African history and culture analysis,33,1,-32,0.0002,0.0,-0.02
T13629,Text Readability and Simplification,24,10,-14,0.0002,0.0001,-0.01
T11219,Bone Metabolism and Diseases,16,18,2,0.0001,0.0001,0.0
T10469,Psoriasis: Treatment and Pathogenesis,20,14,-6,0.0001,0.0001,-0.0
T10958,Ultrasound and Hyperthermia Applications,18,16,-2,0.0001,0.0001,-0.0
T10950,Acute Lymphoblastic Leukemia research,23,11,-12,0.0002,0.0001,-0.01
T11967,Electrolyte and hormonal disorders,24,10,-14,0.0002,0.0001,-0.01
T14095,"Literature, Musicology, and Cultural Analysis",34,0,-34,0.0002,0.0,-0.02
T13113,Engineering Technology and Methodologies,32,2,-30,0.0002,0.0,-0.02
T12198,Oral health in cancer treatment,16,17,1,0.0001,0.0001,0.0
T10238,Spine and Intervertebral Disc Pathology,13,20,7,0.0001,0.0001,0.0
T12784,Modular Robots and Swarm Intelligence,25,8,-17,0.0002,0.0001,-0.01
T14242,"Nutrition, Health, and Society Studies",32,1,-31,0.0002,0.0,-0.02
T12566,Nitrogen and Sulfur Effects on Brassica,14,19,5,0.0001,0.0001,0.0
T11386,Bee Products Chemical Analysis,17,16,-1,0.0001,0.0001,-0.0
T10755,HER2/EGFR in Cancer Research,18,15,-3,0.0001,0.0001,-0.0
T11841,Nuclear Structure and Function,23,10,-13,0.0002,0.0001,-0.01
T12743,Spanish Culture and Identity,18,15,-3,0.0001,0.0001,-0.0
T10556,Global Cancer Incidence and Screening,19,14,-5,0.0001,0.0001,-0.0
T10428,Reproductive tract infections research,16,17,1,0.0001,0.0001,0.0
T11051,Sirtuins and Resveratrol in Medicine,20,13,-7,0.0001,0.0001,-0.0
T12538,Eosinophilic Esophagitis,21,12,-9,0.0001,0.0001,-0.01
T10993,Complement system in diseases,20,13,-7,0.0001,0.0001,-0.0
T11616,Autoimmune and Inflammatory Disorders Research,18,15,-3,0.0001,0.0001,-0.0
T13896,Health Services Management and Policy,1,32,31,0.0,0.0002,0.02
T11987,COVID-19 Impact on Reproduction,18,15,-3,0.0001,0.0001,-0.0
T12636,Regional Development and Innovation,1,32,31,0.0,0.0002,0.02
T11154,Parasitic infections in humans and animals,13,20,7,0.0001,0.0001,0.0
T13133,Architecture and Art History Studies,4,29,25,0.0,0.0002,0.02
T11257,Taxation and Compliance Studies,14,19,5,0.0001,0.0001,0.0
T11743,Political Economy and Marxism,19,14,-5,0.0001,0.0001,-0.0
T12646,Inorganic Fluorides and Related Compounds,25,8,-17,0.0002,0.0001,-0.01
T14400,Medical Coding and Health Information,5,28,23,0.0,0.0002,0.02
T12420,Silicone and Siloxane Chemistry,22,11,-11,0.0002,0.0001,-0.01
T11492,Academic integrity and plagiarism,12,21,9,0.0001,0.0001,0.01
T10565,"Psychopathy, Forensic Psychiatry, Sexual Offending",10,23,13,0.0001,0.0002,0.01
T12898,Induction Heating and Inverter Technology,21,12,-9,0.0001,0.0001,-0.01
T13166,Information Science and Libraries,3,30,27,0.0,0.0002,0.02
T10757,Geographic Information Systems Studies,22,11,-11,0.0002,0.0001,-0.01
T11947,Molten salt chemistry and electrochemical processes,11,22,11,0.0001,0.0002,0.01
T13119,Philosophy and Social Theory,26,6,-20,0.0002,0.0,-0.01
T11521,Salivary Gland Disorders and Functions,16,16,0,0.0001,0.0001,0.0
T13191,Dispute Resolution and Class Actions,3,29,26,0.0,0.0002,0.02
T11161,Consumer Market Behavior and Pricing,12,20,8,0.0001,0.0001,0.01
T11694,Fluid Dynamics Simulations and Interactions,22,10,-12,0.0002,0.0001,-0.01
T10742,Peer-to-Peer Network Technologies,21,11,-10,0.0001,0.0001,-0.01
T12442,Thermal Radiation and Cooling Technologies,19,13,-6,0.0001,0.0001,-0.0
T12392,Sharing Economy and Platforms,17,15,-2,0.0001,0.0001,-0.0
T13986,Medical Practices and Rehabilitation,4,28,24,0.0,0.0002,0.02
T11747,Metal-Catalyzed Oxygenation Mechanisms,19,13,-6,0.0001,0.0001,-0.0
T14124,"Food, Nutrition, and Cultural Practices",1,31,30,0.0,0.0002,0.02
T13340,Palliative and Oncologic Care,12,20,8,0.0001,0.0001,0.01
T12954,Law and Political Science,16,16,0,0.0001,0.0001,0.0
T10788,Neuroscience and Music Perception,16,16,0,0.0001,0.0001,0.0
T12608,Spatial Neglect and Hemispheric Dysfunction,18,14,-4,0.0001,0.0001,-0.0
T12500,Reflective Practices in Education,8,24,16,0.0001,0.0002,0.01
T14419,Banking Systems and Strategies,4,28,24,0.0,0.0002,0.02
T12203,Mobile Agent-Based Network Management,18,14,-4,0.0001,0.0001,-0.0
T11133,UAV Applications and Optimization,18,14,-4,0.0001,0.0001,-0.0
T13768,Oral and gingival health research,32,0,-32,0.0002,0.0,-0.02
T11583,Advanced Measurement and Metrology Techniques,18,14,-4,0.0001,0.0001,-0.0
T10260,Software Engineering Research,21,11,-10,0.0001,0.0001,-0.01
T10439,Climate change impacts on agriculture,13,19,6,0.0001,0.0001,0.0
T10635,Hydraulic Fracturing and Reservoir Analysis,19,13,-6,0.0001,0.0001,-0.0
T11138,Tribology and Lubrication Engineering,15,17,2,0.0001,0.0001,0.0
T12421,Adrenal Hormones and Disorders,14,18,4,0.0001,0.0001,0.0
T10869,Polysaccharides and Plant Cell Walls,26,6,-20,0.0002,0.0,-0.01
T12129,Global Energy Security and Policy,21,11,-10,0.0001,0.0001,-0.01
T10885,Gene expression and cancer classification,27,5,-22,0.0002,0.0,-0.02
T12321,Insect Pheromone Research and Control,15,17,2,0.0001,0.0001,0.0
T11271,Myasthenia Gravis and Thymoma,16,16,0,0.0001,0.0001,0.0
T12701,Biological Control of Invasive Species,17,15,-2,0.0001,0.0001,-0.0
T12309,solar cell performance optimization,9,23,14,0.0001,0.0002,0.01
T11028,Social Work Education and Practice,4,28,24,0.0,0.0002,0.02
T13455,"Decadence, Literature, and Society",7,25,18,0.0,0.0002,0.01
T11607,Microwave and Dielectric Measurement Techniques,8,24,16,0.0001,0.0002,0.01
T11593,Carbon dioxide utilization in catalysis,26,6,-20,0.0002,0.0,-0.01
T12151,Interpreting and Communication in Healthcare,25,7,-18,0.0002,0.0,-0.01
T11795,Humor Studies and Applications,4,28,24,0.0,0.0002,0.02
T14511,"Medicine, History, and Philosophy",0,32,32,0.0,0.0002,0.02
T13568,Wood and Agarwood Research,26,5,-21,0.0002,0.0,-0.01
T11746,Inorganic and Organometallic Chemistry,13,18,5,0.0001,0.0001,0.0
T13817,"Tannin, Tannase and Anticancer Activities",11,20,9,0.0001,0.0001,0.01
T12760,Laser Design and Applications,30,1,-29,0.0002,0.0,-0.02
T10596,Child Nutrition and Water Access,20,11,-9,0.0001,0.0001,-0.01
T13946,Musculoskeletal Disorders and Rehabilitation,19,12,-7,0.0001,0.0001,-0.0
T13487,Statistical and numerical algorithms,15,16,1,0.0001,0.0001,0.0
T10853,"Anxiety, Depression, Psychometrics, Treatment, Cognitive Processes",9,22,13,0.0001,0.0002,0.01
T14278,Marxism and Critical Theory,5,26,21,0.0,0.0002,0.01
T10734,Information and Cyber Security,8,23,15,0.0001,0.0002,0.01
T12366,"Philosophy, Ethics, and Existentialism",8,23,15,0.0001,0.0002,0.01
T11336,Energy and Environment Impacts,19,12,-7,0.0001,0.0001,-0.0
T10222,Genomics and Chromatin Dynamics,13,18,5,0.0001,0.0001,0.0
T10613,Virus-based gene therapy research,22,9,-13,0.0002,0.0001,-0.01
T11394,Dynamics and Control of Mechanical Systems,16,15,-1,0.0001,0.0001,-0.0
T11894,Radiology practices and education,16,15,-1,0.0001,0.0001,-0.0
T13452,GDF15 and Related Biomarkers,22,9,-13,0.0002,0.0001,-0.01
T14441,"Religion, Theology, History, Judaism, Christianity",13,18,5,0.0001,0.0001,0.0
T11044,Particle Detector Development and Performance,25,6,-19,0.0002,0.0,-0.01
T11290,Preterm Birth and Chorioamnionitis,13,18,5,0.0001,0.0001,0.0
T11422,Burn Injury Management and Outcomes,11,20,9,0.0001,0.0001,0.01
T12074,Membrane-based Ion Separation Techniques,18,13,-5,0.0001,0.0001,-0.0
T11942,Transportation and Mobility Innovations,24,7,-17,0.0002,0.0,-0.01
T13557,Environmental and sustainability education,0,31,31,0.0,0.0002,0.02
T12540,Cyclone Separators and Fluid Dynamics,19,12,-7,0.0001,0.0001,-0.0
T12330,Botanical Research and Applications,28,3,-25,0.0002,0.0,-0.02
T11013,Skin Protection and Aging,18,13,-5,0.0001,0.0001,-0.0
T14151,Literary Analysis and Cultural Studies,25,6,-19,0.0002,0.0,-0.01
T11928,Genetic Syndromes and Imprinting,26,5,-21,0.0002,0.0,-0.01
T12025,Hepatitis Viruses Studies and Epidemiology,18,13,-5,0.0001,0.0001,-0.0
T11473,Appendicitis Diagnosis and Management,19,12,-7,0.0001,0.0001,-0.0
T10674,School Choice and Performance,14,17,3,0.0001,0.0001,0.0
T12991,Phytase and its Applications,22,9,-13,0.0002,0.0001,-0.01
T11628,Myeloproliferative Neoplasms: Diagnosis and Treatment,20,11,-9,0.0001,0.0001,-0.01
T10159,Ionosphere and magnetosphere dynamics,28,3,-25,0.0002,0.0,-0.02
T13619,Geotechnical and Geomechanical Engineering,22,9,-13,0.0002,0.0001,-0.01
T11499,ICT Impact and Policies,14,17,3,0.0001,0.0001,0.0
T13144,Theology and Philosophy of Evil,14,17,3,0.0001,0.0001,0.0
T10694,Menopause: Health Impacts and Treatments,8,23,15,0.0001,0.0002,0.01
T13042,Economic and Fiscal Studies,1,30,29,0.0,0.0002,0.02
T11541,Neuroendocrine regulation and behavior,26,5,-21,0.0002,0.0,-0.01
T10803,Innovative Human-Technology Interaction,9,22,13,0.0001,0.0002,0.01
T13736,Steroid Chemistry and Biochemistry,13,18,5,0.0001,0.0001,0.0
T11359,Effects of Radiation Exposure,9,22,13,0.0001,0.0002,0.01
T11120,Nonprofit Sector and Volunteering,1,30,29,0.0,0.0002,0.02
T11349,Music Technology and Sound Studies,18,12,-6,0.0001,0.0001,-0.0
T12640,Environmental DNA in Biodiversity Studies,18,12,-6,0.0001,0.0001,-0.0
T11993,Atomic and Subatomic Physics Research,30,0,-30,0.0002,0.0,-0.02
T11600,Brain Metastases and Treatment,18,12,-6,0.0001,0.0001,-0.0
T11974,Lepidoptera: Biology and Taxonomy,21,9,-12,0.0001,0.0001,-0.01
T11723,Optical Coatings and Gratings,15,15,0,0.0001,0.0001,0.0
T13523,"Mathematics, Computing, and Information Processing",29,1,-28,0.0002,0.0,-0.02
T10195,Antimicrobial Resistance in Staphylococcus,13,17,4,0.0001,0.0001,0.0
T10295,Plasmonic and Surface Plasmon Research,11,19,8,0.0001,0.0001,0.01
T10806,Energetic Materials and Combustion,17,13,-4,0.0001,0.0001,-0.0
T13224,Sports and Physical Education Research,15,15,0,0.0001,0.0001,0.0
T10774,Weed Control and Herbicide Applications,9,21,12,0.0001,0.0001,0.01
T10726,Career Development and Diversity,5,25,20,0.0,0.0002,0.01
T13430,Lipid metabolism and disorders,11,19,8,0.0001,0.0001,0.01
T11194,Ocular Diseases and Behçet’s Syndrome,13,17,4,0.0001,0.0001,0.0
T11183,Advanced X-ray Imaging Techniques,17,13,-4,0.0001,0.0001,-0.0
T12356,Bioactive Compounds and Antitumor Agents,15,15,0,0.0001,0.0001,0.0
T11249,Wireless Power Transfer Systems,15,15,0,0.0001,0.0001,0.0
T10945,Lysosomal Storage Disorders Research,15,15,0,0.0001,0.0001,0.0
T10617,Cellular transport and secretion,17,13,-4,0.0001,0.0001,-0.0
T12673,Microbial Metabolism and Applications,22,8,-14,0.0002,0.0001,-0.01
T11886,Agricultural risk and resilience,20,10,-10,0.0001,0.0001,-0.01
T10532,Molecular Sensors and Ion Detection,27,3,-24,0.0002,0.0,-0.02
T12254,Machine Learning in Bioinformatics,19,11,-8,0.0001,0.0001,-0.01
T10421,Pleistocene-Era Hominins and Archaeology,20,10,-10,0.0001,0.0001,-0.01
T10839,Pancreatic function and diabetes,22,8,-14,0.0002,0.0001,-0.01
T10533,Teaching and Learning Programming,10,20,10,0.0001,0.0001,0.01
T11602,Magnetic Bearings and Levitation Dynamics,19,11,-8,0.0001,0.0001,-0.01
T12714,Youth Education and Societal Dynamics,7,23,16,0.0,0.0002,0.01
T11241,Advanced Malware Detection Techniques,21,9,-12,0.0001,0.0001,-0.01
T11674,Sports Analytics and Performance,21,9,-12,0.0001,0.0001,-0.01
T11304,Advanced Neuroimaging Techniques and Applications,20,10,-10,0.0001,0.0001,-0.01
T13417,Biomedical Ethics and Regulation,21,9,-12,0.0001,0.0001,-0.01
T10934,Heat shock proteins research,15,15,0,0.0001,0.0001,0.0
T13380,Sound Studies and Aurality,1,29,28,0.0,0.0002,0.02
T13859,Organic Chemistry Synthesis Methods,1,29,28,0.0,0.0002,0.02
T10845,Advanced Causal Inference Techniques,18,12,-6,0.0001,0.0001,-0.0
T11135,Virology and Viral Diseases,16,14,-2,0.0001,0.0001,-0.0
T12508,Functional Equations Stability Results,27,3,-24,0.0002,0.0,-0.02
T13770,Pediatric health and respiratory diseases,21,9,-12,0.0001,0.0001,-0.01
T10870,Interstitial Lung Diseases and Idiopathic Pulmonary Fibrosis,13,17,4,0.0001,0.0001,0.0
T13090,Medicinal Plant Extracts Effects,9,21,12,0.0001,0.0001,0.01
T11316,Mycobacterium research and diagnosis,20,9,-11,0.0001,0.0001,-0.01
T11824,Injury Epidemiology and Prevention,17,12,-5,0.0001,0.0001,-0.0
T11549,Synthetic Organic Chemistry Methods,28,1,-27,0.0002,0.0,-0.02
T12226,Neuroblastoma Research and Treatments,14,15,1,0.0001,0.0001,0.0
T11037,Fungal Infections and Studies,14,15,1,0.0001,0.0001,0.0
T12770,Amino Acid Enzymes and Metabolism,18,11,-7,0.0001,0.0001,-0.0
T13123,Advances in Oncology and Radiotherapy,21,8,-13,0.0001,0.0001,-0.01
T11540,"Gender, Feminism, and Media",3,26,23,0.0,0.0002,0.02
T14013,Legal Language and Interpretation,3,26,23,0.0,0.0002,0.02
T10664,Sentiment Analysis and Opinion Mining,13,16,3,0.0001,0.0001,0.0
T13236,Geotechnical and construction materials studies,14,15,1,0.0001,0.0001,0.0
T10509,"Religion, Spirituality, and Psychology",9,20,11,0.0001,0.0001,0.01
T13049,Surface Roughness and Optical Measurements,20,9,-11,0.0001,0.0001,-0.01
T10983,Aortic aneurysm repair treatments,16,13,-3,0.0001,0.0001,-0.0
T12327,Various Chemistry Research Topics,24,5,-19,0.0002,0.0,-0.01
T10910,Corporate Governance and Management,23,6,-17,0.0002,0.0,-0.01
T10207,Advanced biosensing and bioanalysis techniques,23,6,-17,0.0002,0.0,-0.01
T12658,Language and Culture,12,17,5,0.0001,0.0001,0.0
T14448,EU Law and Policy Analysis,8,21,13,0.0001,0.0001,0.01
T13263,Building energy efficiency and sustainability,0,29,29,0.0,0.0002,0.02
T12093,Greenhouse Technology and Climate Control,20,9,-11,0.0001,0.0001,-0.01
T13923,Nuclear and radioactivity studies,9,20,11,0.0001,0.0001,0.01
T12218,Coal and Its By-products,11,18,7,0.0001,0.0001,0.0
T14150,Biochemical and biochemical processes,22,6,-16,0.0002,0.0,-0.01
T12576,vaccines and immunoinformatics approaches,11,17,6,0.0001,0.0001,0.0
T12897,Structural Analysis of Composite Materials,23,5,-18,0.0002,0.0,-0.01
T14306,Technology Assessment and Management,23,5,-18,0.0002,0.0,-0.01
T10704,Advancements in Transdermal Drug Delivery,14,14,0,0.0001,0.0001,0.0
T11989,Oxidative Organic Chemistry Reactions,11,17,6,0.0001,0.0001,0.0
T10843,Diversity and Career in Medicine,3,25,22,0.0,0.0002,0.02
T12536,Topological and Geometric Data Analysis,23,5,-18,0.0002,0.0,-0.01
T12488,Mental Health via Writing,11,17,6,0.0001,0.0001,0.0
T12878,Pharmaceutical Quality and Counterfeiting,11,17,6,0.0001,0.0001,0.0
T11513,stochastic dynamics and bifurcation,19,9,-10,0.0001,0.0001,-0.01
T11836,Bryophyte Studies and Records,20,8,-12,0.0001,0.0001,-0.01
T10985,Sleep and Wakefulness Research,18,10,-8,0.0001,0.0001,-0.01
T11055,Cardiac and Coronary Surgery Techniques,10,18,8,0.0001,0.0001,0.01
T11615,Control and Dynamics of Mobile Robots,18,10,-8,0.0001,0.0001,-0.01
T12038,Covalent Organic Framework Applications,23,5,-18,0.0002,0.0,-0.01
T12889,"Psychoanalysis, Philosophy, and Politics",2,26,24,0.0,0.0002,0.02
T13089,Medieval and Early Modern Iberia,6,22,16,0.0,0.0002,0.01
T12947,"Health, psychology, and well-being",13,15,2,0.0001,0.0001,0.0
T14433,Post-Communist Economic and Political Transition,17,11,-6,0.0001,0.0001,-0.0
T11957,Food Safety and Hygiene,12,16,4,0.0001,0.0001,0.0
T11127,Solid State Laser Technologies,10,18,8,0.0001,0.0001,0.01
T10057,Face and Expression Recognition,23,5,-18,0.0002,0.0,-0.01
T12102,Fire effects on concrete materials,10,18,8,0.0001,0.0001,0.01
T12124,Engineering Education and Curriculum Development,7,21,14,0.0,0.0001,0.01
T11218,Hip disorders and treatments,15,13,-2,0.0001,0.0001,-0.0
T13342,Art History and Market Analysis,17,11,-6,0.0001,0.0001,-0.0
T10855,Amyotrophic Lateral Sclerosis Research,19,9,-10,0.0001,0.0001,-0.01
T10882,Cardiomyopathy and Myosin Studies,14,14,0,0.0001,0.0001,0.0
T11365,Islamic Finance and Banking Studies,20,8,-12,0.0001,0.0001,-0.01
T10277,Vitamin D Research Studies,17,11,-6,0.0001,0.0001,-0.0
T10526,HIV/AIDS drug development and treatment,12,16,4,0.0001,0.0001,0.0
T11258,Breast Implant and Reconstruction,15,13,-2,0.0001,0.0001,-0.0
T13104,Chemical and Physical Properties of Materials,11,17,6,0.0001,0.0001,0.0
T12725,transportation and logistics systems,1,27,26,0.0,0.0002,0.02
T12858,Plant Disease Resistance and Genetics,25,3,-22,0.0002,0.0,-0.02
T12041,Public Health Policies and Education,3,25,22,0.0,0.0002,0.02
T12793,Caveolin-1 and cellular processes,17,11,-6,0.0001,0.0001,-0.0
T13295,Safety Systems Engineering in Autonomy,10,17,7,0.0001,0.0001,0.0
T10789,Interactive and Immersive Displays,10,17,7,0.0001,0.0001,0.0
T10519,Advanced Proteomics Techniques and Applications,11,16,5,0.0001,0.0001,0.0
T14389,"Innovation, Technology, and Society",7,20,13,0.0,0.0001,0.01
T11293,Orthopedic Infections and Treatments,16,11,-5,0.0001,0.0001,-0.0
T11150,Endoplasmic Reticulum Stress and Disease,19,8,-11,0.0001,0.0001,-0.01
T12826,Education Methods and Technologies,8,19,11,0.0001,0.0001,0.01
T11724,Inflammatory Myopathies and Dermatomyositis,15,12,-3,0.0001,0.0001,-0.0
T12661,Iterative Methods for Nonlinear Equations,16,11,-5,0.0001,0.0001,-0.0
T11406,Cerebrospinal fluid and hydrocephalus,17,10,-7,0.0001,0.0001,-0.0
T12950,Educational Environments and Student Outcomes,6,21,15,0.0,0.0001,0.01
T10618,Aortic Disease and Treatment Approaches,18,9,-9,0.0001,0.0001,-0.01
T11479,Smart Cities and Technologies,9,18,9,0.0001,0.0001,0.01
T11040,Personality Traits and Psychology,4,23,19,0.0,0.0002,0.01
T11424,Security and Verification in Computing,12,15,3,0.0001,0.0001,0.0
T13060,Adventure Sports and Sensation Seeking,15,12,-3,0.0001,0.0001,-0.0
T11468,Genetic Mapping and Diversity in Plants and Animals,6,21,15,0.0,0.0001,0.01
T11999,Empathy and Medical Education,20,7,-13,0.0001,0.0,-0.01
T11918,Forecasting Techniques and Applications,9,18,9,0.0001,0.0001,0.01
T11227,Diabetic Foot Ulcer Assessment and Management,14,13,-1,0.0001,0.0001,-0.0
T12057,Consumer Attitudes and Food Labeling,15,12,-3,0.0001,0.0001,-0.0
T12241,Children's Physical and Motor Development,16,11,-5,0.0001,0.0001,-0.0
T11736,Histone Deacetylase Inhibitors Research,18,9,-9,0.0001,0.0001,-0.01
T12066,Obesity and Health Practices,13,14,1,0.0001,0.0001,0.0
T11457,Adipose Tissue and Metabolism,26,1,-25,0.0002,0.0,-0.02
T10209,Global Maternal and Child Health,18,9,-9,0.0001,0.0001,-0.01
T12248,Water Governance and Infrastructure,14,13,-1,0.0001,0.0001,-0.0
T13551,Biochemical effects in animals,25,2,-23,0.0002,0.0,-0.02
T12440,Karl Barth and Christian Theology,5,22,17,0.0,0.0002,0.01
T11179,Nematode management and characterization studies,17,10,-7,0.0001,0.0001,-0.0
T10680,Wind Energy Research and Development,14,13,-1,0.0001,0.0001,-0.0
T11260,Tracheal and airway disorders,21,6,-15,0.0001,0.0,-0.01
T11932,Wireless Body Area Networks,18,9,-9,0.0001,0.0001,-0.01
T11833,Spinal Dysraphism and Malformations,13,14,1,0.0001,0.0001,0.0
T11337,Tryptophan and brain disorders,18,9,-9,0.0001,0.0001,-0.01
T10336,Cancer Cells and Metastasis,23,4,-19,0.0002,0.0,-0.01
T11651,Inhalation and Respiratory Drug Delivery,23,4,-19,0.0002,0.0,-0.01
T11872,Barrier Structure and Function Studies,13,14,1,0.0001,0.0001,0.0
T10268,Developmental Biology and Gene Regulation,7,20,13,0.0,0.0001,0.01
T13442,Geochemistry and Geochronology of Asian Mineral Deposits,2,25,23,0.0,0.0002,0.02
T14496,Educational Technology and E-Learning,0,27,27,0.0,0.0002,0.02
T12675,Financial Reporting and Valuation Research,19,8,-11,0.0001,0.0001,-0.01
T10267,Higher Education Research Studies,0,27,27,0.0,0.0002,0.02
T12233,Geotechnical Engineering and Underground Structures,21,5,-16,0.0001,0.0,-0.01
T10300,Congenital Heart Disease Studies,12,14,2,0.0001,0.0001,0.0
T11106,Data Management and Algorithms,25,1,-24,0.0002,0.0,-0.02
T13212,German Social Sciences and History,18,8,-10,0.0001,0.0001,-0.01
T11977,Technology Use by Older Adults,11,15,4,0.0001,0.0001,0.0
T12190,Innovations in Concrete and Construction Materials,25,1,-24,0.0002,0.0,-0.02
T14339,Image Processing and 3D Reconstruction,26,0,-26,0.0002,0.0,-0.02
T11927,Plant Reproductive Biology,17,9,-8,0.0001,0.0001,-0.01
T11844,Lipid metabolism and biosynthesis,14,12,-2,0.0001,0.0001,-0.0
T13642,Organizational Downsizing and Restructuring,7,19,12,0.0,0.0001,0.01
T11342,Carbon and Quantum Dots Applications,16,10,-6,0.0001,0.0001,-0.0
T13141,Statistical Methods and Applications,1,25,24,0.0,0.0002,0.02
T13730,"Martial Arts: Techniques, Psychology, and Education",7,19,12,0.0,0.0001,0.01
T10365,Gastrointestinal motility and disorders,10,16,6,0.0001,0.0001,0.0
T11265,Aging and Gerontology Research,8,18,10,0.0001,0.0001,0.01
T12555,Ancient Egypt and Archaeology,10,16,6,0.0001,0.0001,0.0
T11175,Gyrotron and Vacuum Electronics Research,20,6,-14,0.0001,0.0,-0.01
T10842,Railway Engineering and Dynamics,14,12,-2,0.0001,0.0001,-0.0
T10888,Augmented Reality Applications,9,17,8,0.0001,0.0001,0.01
T11689,Adversarial Robustness in Machine Learning,12,14,2,0.0001,0.0001,0.0
T10053,International Relations and Foreign Policy,1,25,24,0.0,0.0002,0.02
T10424,Electric Power System Optimization,10,16,6,0.0001,0.0001,0.0
T13356,Early Modern Women Writers,10,16,6,0.0001,0.0001,0.0
T13260,Linguistics and Language Studies,3,23,20,0.0,0.0002,0.01
T13110,Colorectal and Anal Carcinomas,17,9,-8,0.0001,0.0001,-0.01
T11838,"Crime, Illicit Activities, and Governance",10,16,6,0.0001,0.0001,0.0
T13838,Plant and soil sciences,5,21,16,0.0,0.0001,0.01
T12232,"Yersinia bacterium, plague, ectoparasites research",21,5,-16,0.0001,0.0,-0.01
T11332,"Genomics, phytochemicals, and oxidative stress",22,4,-18,0.0002,0.0,-0.01
T13327,"Arts, Culture, and Music Studies",16,10,-6,0.0001,0.0001,-0.0
T11871,Advanced Statistical Methods and Models,13,13,0,0.0001,0.0001,0.0
T10851,Optical Wireless Communication Technologies,11,15,4,0.0001,0.0001,0.0
T11711,COVID-19 Pandemic Impacts,12,14,2,0.0001,0.0001,0.0
T11203,Jewish and Middle Eastern Studies,14,12,-2,0.0001,0.0001,-0.0
T11511,Dyeing and Modifying Textile Fibers,18,8,-10,0.0001,0.0001,-0.01
T11623,Hyperglycemia and glycemic control in critically ill and hospitalized patients,19,7,-12,0.0001,0.0,-0.01
T12331,Hereditary Neurological Disorders,13,13,0,0.0001,0.0001,0.0
T11186,Hydrology and Drought Analysis,13,13,0,0.0001,0.0001,0.0
T11552,"Global trade, sustainability, and social impact",19,7,-12,0.0001,0.0,-0.01
T12973,Synthesis of Indole Derivatives,3,23,20,0.0,0.0002,0.01
T11840,Pain Management and Treatment,11,15,4,0.0001,0.0001,0.0
T14041,Central European Literary Studies,3,23,20,0.0,0.0002,0.01
T12704,Stress and Burnout Research,2,24,22,0.0,0.0002,0.02
T10597,Nuclear reactor physics and engineering,19,7,-12,0.0001,0.0,-0.01
T12319,Fish Biology and Ecology Studies,14,12,-2,0.0001,0.0001,-0.0
T11582,Nanopore and Nanochannel Transport Studies,14,12,-2,0.0001,0.0001,-0.0
T10466,Meteorological Phenomena and Simulations,17,9,-8,0.0001,0.0001,-0.01
T12383,Aeolian processes and effects,23,3,-20,0.0002,0.0,-0.01
T11535,Chemotherapy-induced cardiotoxicity and mitigation,13,13,0,0.0001,0.0001,0.0
T13326,Biochemical and Structural Characterization,15,11,-4,0.0001,0.0001,-0.0
T13860,Arts and Performance Studies,1,25,24,0.0,0.0002,0.02
T12751,Leadership and Management in Organizations,0,26,26,0.0,0.0002,0.02
T11348,Celiac Disease Research and Management,13,12,-1,0.0001,0.0001,-0.0
T11099,Autonomous Vehicle Technology and Safety,11,14,3,0.0001,0.0001,0.0
T14109,Scottish History and National Identity,9,16,7,0.0001,0.0001,0.0
T12205,Time Series Analysis and Forecasting,17,8,-9,0.0001,0.0001,-0.01
T11454,Cultural Differences and Values,18,7,-11,0.0001,0.0,-0.01
T13840,Chemical Safety and Risk Management,10,15,5,0.0001,0.0001,0.0
T11158,Wireless Networks and Protocols,15,10,-5,0.0001,0.0001,-0.0
T11904,Spatial Cognition and Navigation,15,10,-5,0.0001,0.0001,-0.0
T12212,CNS Lymphoma Diagnosis and Treatment,13,12,-1,0.0001,0.0001,-0.0
T13200,Spacecraft and Cryogenic Technologies,19,6,-13,0.0001,0.0,-0.01
T11914,PARP inhibition in cancer therapy,14,11,-3,0.0001,0.0001,-0.0
T10625,Herpesvirus Infections and Treatments,12,13,1,0.0001,0.0001,0.0
T10483,Nerve injury and regeneration,13,12,-1,0.0001,0.0001,-0.0
T11346,Mast cells and histamine,12,13,1,0.0001,0.0001,0.0
T14005,Eastern European Communism and Reforms,10,15,5,0.0001,0.0001,0.0
T11805,Agricultural economics and policies,4,21,17,0.0,0.0001,0.01
T11883,Embodied and Extended Cognition,3,22,19,0.0,0.0002,0.01
T13662,Qualitative research in health,1,24,23,0.0,0.0002,0.02
T10969,Water resources management and optimization,10,15,5,0.0001,0.0001,0.0
T13513,Urban and sociocultural dynamics,2,23,21,0.0,0.0002,0.01
T13286,Modeling and Simulation Systems,7,18,11,0.0,0.0001,0.01
T11288,Clostridium difficile and Clostridium perfringens research,16,9,-7,0.0001,0.0001,-0.0
T10547,"Education, Achievement, and Giftedness",4,21,17,0.0,0.0001,0.01
T11207,Alcohol Consumption and Health Effects,14,11,-3,0.0001,0.0001,-0.0
T12966,Russian Literature and Bakhtin Studies,3,22,19,0.0,0.0002,0.01
T11574,Artificial Intelligence in Games,12,13,1,0.0001,0.0001,0.0
T11308,Sphingolipid Metabolism and Signaling,15,10,-5,0.0001,0.0001,-0.0
T12745,Dietary Effects on Health,14,11,-3,0.0001,0.0001,-0.0
T12112,Ammonia Synthesis and Nitrogen Reduction,17,8,-9,0.0001,0.0001,-0.01
T14212,Health Promotion and Cardiovascular Prevention,10,15,5,0.0001,0.0001,0.0
T12417,Morphological variations and asymmetry,18,7,-11,0.0001,0.0,-0.01
T12011,"Insurance, Mortality, Demography, Risk Management",17,8,-9,0.0001,0.0001,-0.01
T12963,Anesthesia and Neurotoxicity Research,22,3,-19,0.0002,0.0,-0.01
T12114,Sensory Analysis and Statistical Methods,19,6,-13,0.0001,0.0,-0.01
T10341,Coral and Marine Ecosystems Studies,17,8,-9,0.0001,0.0001,-0.01
T10627,Advanced Image and Video Retrieval Techniques,16,9,-7,0.0001,0.0001,-0.0
T11703,"Rings, Modules, and Algebras",13,12,-1,0.0001,0.0001,-0.0
T11252,Evolutionary Game Theory and Cooperation,19,6,-13,0.0001,0.0,-0.01
T11827,Polyomavirus and related diseases,15,10,-5,0.0001,0.0001,-0.0
T13866,Occupational health in dentistry,8,17,9,0.0001,0.0001,0.01
T12246,Chronic Disease Management Strategies,14,11,-3,0.0001,0.0001,-0.0
T12079,IoT Networks and Protocols,10,15,5,0.0001,0.0001,0.0
T13214,Powdery Mildew Fungal Diseases,13,12,-1,0.0001,0.0001,-0.0
T11579,Cardiovascular and Diving-Related Complications,14,11,-3,0.0001,0.0001,-0.0
T12296,Autopsy Techniques and Outcomes,8,17,9,0.0001,0.0001,0.01
T10952,PI3K/AKT/mTOR signaling in cancer,15,10,-5,0.0001,0.0001,-0.0
T10892,Drilling and Well Engineering,23,2,-21,0.0002,0.0,-0.01
T10354,Catalytic C–H Functionalization Methods,22,3,-19,0.0002,0.0,-0.01
T13401,Social and Cultural Studies,0,25,25,0.0,0.0002,0.02
T11975,Evolutionary Algorithms and Applications,7,17,10,0.0,0.0001,0.01
T12381,Electron Spin Resonance Studies,16,8,-8,0.0001,0.0001,-0.01
T12682,Smart Materials for Construction,16,8,-8,0.0001,0.0001,-0.01
T11537,Ethics in medical practice,19,5,-14,0.0001,0.0,-0.01
T13438,Environmental Conservation and Management,19,5,-14,0.0001,0.0,-0.01
T12158,Guidance and Control Systems,15,9,-6,0.0001,0.0001,-0.0
T13569,Microscopic Colitis,23,1,-22,0.0002,0.0,-0.02
T11866,Reconstructive Facial Surgery Techniques,11,13,2,0.0001,0.0001,0.0
T12846,Ginkgo biloba and Cashew Applications,20,4,-16,0.0001,0.0,-0.01
T12292,Graph Theory and Algorithms,13,11,-2,0.0001,0.0001,-0.0
T12116,Dermatological diseases and infestations,12,12,0,0.0001,0.0001,0.0
T12297,Otolaryngology and Infectious Diseases,9,15,6,0.0001,0.0001,0.0
T11361,Digital Radiography and Breast Imaging,12,12,0,0.0001,0.0001,0.0
T12053,Minimally Invasive Surgical Techniques,8,16,8,0.0001,0.0001,0.01
T11686,Dendrimers and Hyperbranched Polymers,15,9,-6,0.0001,0.0001,-0.0
T11096,Aeroelasticity and Vibration Control,8,16,8,0.0001,0.0001,0.01
T11299,Problem and Project Based Learning,4,20,16,0.0,0.0001,0.01
T11283,Experimental Learning in Engineering,13,11,-2,0.0001,0.0001,-0.0
T12289,Library Science and Administration,6,18,12,0.0,0.0001,0.01
T13620,Education for Peace and Conflict Resolution,0,24,24,0.0,0.0002,0.02
T11597,"Neutrophil, Myeloperoxidase and Oxidative Mechanisms",13,11,-2,0.0001,0.0001,-0.0
T13117,Health Education and Validation,5,19,14,0.0,0.0001,0.01
T10119,Sustainability and Climate Change Governance,10,14,4,0.0001,0.0001,0.0
T12847,Healthcare Systems and Challenges,4,20,16,0.0,0.0001,0.01
T11601,Neuroscience and Neural Engineering,14,10,-4,0.0001,0.0001,-0.0
T11414,Quantum optics and atomic interactions,18,6,-12,0.0001,0.0,-0.01
T10587,Autophagy in Disease and Therapy,13,11,-2,0.0001,0.0001,-0.0
T12865,Tailings Management and Properties,12,12,0,0.0001,0.0001,0.0
T12774,Bauxite Residue and Utilization,16,8,-8,0.0001,0.0001,-0.01
T13352,International Relations in Latin America,12,12,0,0.0001,0.0001,0.0
T10255,Oceanographic and Atmospheric Processes,15,9,-6,0.0001,0.0001,-0.0
T13217,Pigment Synthesis and Properties,22,2,-20,0.0002,0.0,-0.01
T11744,Health Sciences Research and Education,15,9,-6,0.0001,0.0001,-0.0
T11320,Atmospheric Ozone and Climate,22,2,-20,0.0002,0.0,-0.01
T12411,Shoulder and Clavicle Injuries,21,3,-18,0.0001,0.0,-0.01
T10779,Coastal wetland ecosystem dynamics,16,8,-8,0.0001,0.0001,-0.01
T12910,Eicosanoids and Hypertension Pharmacology,19,5,-14,0.0001,0.0,-0.01
T12549,Image and Object Detection Techniques,15,9,-6,0.0001,0.0001,-0.0
T11108,Municipal Solid Waste Management,11,13,2,0.0001,0.0001,0.0
T10931,Direction-of-Arrival Estimation Techniques,11,13,2,0.0001,0.0001,0.0
T12823,Adolescent and Pediatric Healthcare,14,10,-4,0.0001,0.0001,-0.0
T11749,Iterative Learning Control Systems,18,6,-12,0.0001,0.0,-0.01
T12873,"Nutrition, Health and Food Behavior",3,21,18,0.0,0.0001,0.01
T12486,Food Supply Chain Traceability,12,12,0,0.0001,0.0001,0.0
T12104,Protein Tyrosine Phosphatases,15,9,-6,0.0001,0.0001,-0.0
T11994,Human Resource Development and Performance Evaluation,4,20,16,0.0,0.0001,0.01
T12805,Cognitive Science and Mapping,22,2,-20,0.0002,0.0,-0.01
T13824,National Identity and Symbolism,1,23,22,0.0,0.0002,0.02
T12173,Body Contouring and Surgery,14,10,-4,0.0001,0.0001,-0.0
T10298,Urban Transport and Accessibility,12,12,0,0.0001,0.0001,0.0
T11305,"Amyloidosis: Diagnosis, Treatment, Outcomes",13,11,-2,0.0001,0.0001,-0.0
T13953,Digital Imaging in Medicine,23,1,-22,0.0002,0.0,-0.02
T10367,Agricultural Innovations and Practices,11,13,2,0.0001,0.0001,0.0
T12019,Calibration and Measurement Techniques,13,11,-2,0.0001,0.0001,-0.0
T14508,Vocational Education and Training,2,22,20,0.0,0.0002,0.01
T12015,Photoacoustic and Ultrasonic Imaging,18,5,-13,0.0001,0.0,-0.01
T11668,interferon and immune responses,11,12,1,0.0001,0.0001,0.0
T12715,Pregnancy-related medical research,13,10,-3,0.0001,0.0001,-0.0
T14393,"Health, Environment, Cognitive Aging",23,0,-23,0.0002,0.0,-0.02
T12092,Erosion and Abrasive Machining,7,16,9,0.0,0.0001,0.01
T11264,Coffee research and impacts,14,9,-5,0.0001,0.0001,-0.0
T12990,Medical History and Innovations,10,13,3,0.0001,0.0001,0.0
T11953,"Neuroethics, Human Enhancement, Biomedical Innovations",7,16,9,0.0,0.0001,0.01
T12886,Historical and Cultural Studies of Poland,9,14,5,0.0001,0.0001,0.0
T13207,Youth Substance Use and School Attendance,9,14,5,0.0001,0.0001,0.0
T11687,Teleoperation and Haptic Systems,7,16,9,0.0,0.0001,0.01
T12071,Marine Biology and Environmental Chemistry,14,9,-5,0.0001,0.0001,-0.0
T11952,Landfill Environmental Impact Studies,13,10,-3,0.0001,0.0001,-0.0
T11378,Gastrointestinal Bleeding Diagnosis and Treatment,9,14,5,0.0001,0.0001,0.0
T10654,Pneumonia and Respiratory Infections,11,12,1,0.0001,0.0001,0.0
T14481,Renewable Energy and Sustainability,2,21,19,0.0,0.0001,0.01
T11369,Genetic factors in colorectal cancer,14,9,-5,0.0001,0.0001,-0.0
T12885,Digital Innovation in Industries,8,15,7,0.0001,0.0001,0.0
T10370,Traffic and Road Safety,6,17,11,0.0,0.0001,0.01
T12919,Blood disorders and treatments,13,10,-3,0.0001,0.0001,-0.0
T10986,RFID technology advancements,7,16,9,0.0,0.0001,0.01
T11109,Thermoregulation and physiological responses,14,9,-5,0.0001,0.0001,-0.0
T10762,"Migration, Health and Trauma",14,9,-5,0.0001,0.0001,-0.0
T14047,Marine and environmental studies,15,8,-7,0.0001,0.0001,-0.0
T11797,graph theory and CDMA systems,21,2,-19,0.0001,0.0,-0.01
T12453,Infectious Aortic and Vascular Conditions,12,11,-1,0.0001,0.0001,-0.0
T12827,Biochemical and Molecular Research,19,4,-15,0.0001,0.0,-0.01
T10847,Advanced Optical Network Technologies,15,8,-7,0.0001,0.0001,-0.0
T11730,Autoimmune Bullous Skin Diseases,15,8,-7,0.0001,0.0001,-0.0
T12236,Photoreceptor and optogenetics research,19,4,-15,0.0001,0.0,-0.01
T12930,Biomedical and Chemical Research,18,5,-13,0.0001,0.0,-0.01
T14335,Educational Robotics and Engineering,20,3,-17,0.0001,0.0,-0.01
T11659,Advanced Image Fusion Techniques,15,8,-7,0.0001,0.0001,-0.0
T12196,Community Health and Development,6,17,11,0.0,0.0001,0.01
T13585,Technostress in Professional Settings,10,13,3,0.0001,0.0001,0.0
T11333,Climate change and permafrost,17,6,-11,0.0001,0.0,-0.01
T11174,Pediatric Urology and Nephrology Studies,11,12,1,0.0001,0.0001,0.0
T11719,Data Quality and Management,11,12,1,0.0001,0.0001,0.0
T11735,Peripheral Neuropathies and Disorders,12,11,-1,0.0001,0.0001,-0.0
T11835,Sustainability in Higher Education,6,17,11,0.0,0.0001,0.01
T13904,Artificial Intelligence Applications,3,20,17,0.0,0.0001,0.01
T10331,Video Surveillance and Tracking Methods,14,9,-5,0.0001,0.0001,-0.0
T14514,Medical Research and Practices,22,1,-21,0.0002,0.0,-0.01
T14076,Material Properties and Failure Mechanisms,19,4,-15,0.0001,0.0,-0.01
T11788,Nonlinear Optical Materials Studies,13,10,-3,0.0001,0.0001,-0.0
T12970,"Names, Identity, and Discrimination Research",13,10,-3,0.0001,0.0001,-0.0
T13802,Vietnamese History and Culture Studies,22,1,-21,0.0002,0.0,-0.01
T13793,Environmental and Analytical Chemistry Studies,0,23,23,0.0,0.0002,0.02
T13140,Materials Engineering and Processing,9,13,4,0.0001,0.0001,0.0
T11254,Fluid Dynamics and Vibration Analysis,13,9,-4,0.0001,0.0001,-0.0
T12312,"Culture, Economy, and Development Studies",15,7,-8,0.0001,0.0,-0.01
T14498,Educational Technology in Learning,2,20,18,0.0,0.0001,0.01
T11215,Chronic Myeloid Leukemia Treatments,10,12,2,0.0001,0.0001,0.0
T13216,Artistic and Creative Research,4,18,14,0.0,0.0001,0.01
T12832,Biocrusts and Microbial Ecology,19,3,-16,0.0001,0.0,-0.01
T10149,Anthropological Studies and Insights,1,21,20,0.0,0.0001,0.01
T14206,Animal Law and Welfare,3,19,16,0.0,0.0001,0.01
T13950,Collembola Taxonomy and Ecology Studies,6,16,10,0.0,0.0001,0.01
T13988,Public Administration and Governance,1,21,20,0.0,0.0001,0.01
T14453,Sustainability and Innovation in Business,0,22,22,0.0,0.0002,0.02
T14317,"Finance, Markets, and Regulation",0,22,22,0.0,0.0002,0.02
T13093,Electric Power Systems and Control,7,15,8,0.0,0.0001,0.01
T10391,Healthcare Policy and Management,12,10,-2,0.0001,0.0001,-0.0
T10511,High voltage insulation and dielectric phenomena,18,4,-14,0.0001,0.0,-0.01
T12179,Art Education and Development,2,20,18,0.0,0.0001,0.01
T13633,Public Health and Social Inequalities,9,13,4,0.0001,0.0001,0.0
T11865,Anorectal Disease Treatments and Outcomes,19,3,-16,0.0001,0.0,-0.01
T11577,Cognitive Abilities and Testing,6,16,10,0.0,0.0001,0.01
T13408,Corporate Law and Human Rights,17,5,-12,0.0001,0.0,-0.01
T10608,Neurogenesis and neuroplasticity mechanisms,9,13,4,0.0001,0.0001,0.0
T11146,Hormonal and reproductive studies,18,4,-14,0.0001,0.0,-0.01
T12579,Muon and positron interactions and applications,9,13,4,0.0001,0.0001,0.0
T10371,Immune Response and Inflammation,15,7,-8,0.0001,0.0,-0.01
T10751,Forensic and Genetic Research,9,13,4,0.0001,0.0001,0.0
T10620,Protease and Inhibitor Mechanisms,14,8,-6,0.0001,0.0001,-0.0
T12644,Wildlife-Road Interactions and Conservation,9,13,4,0.0001,0.0001,0.0
T12612,Strong Light-Matter Interactions,13,9,-4,0.0001,0.0001,-0.0
T12311,Political Theology and Sovereignty,8,14,6,0.0001,0.0001,0.0
T13650,Computational Physics and Python Applications,22,0,-22,0.0002,0.0,-0.02
T10457,Education Pedagogy and Practices,6,16,10,0.0,0.0001,0.01
T11306,Nonmelanoma Skin Cancer Studies,9,13,4,0.0001,0.0001,0.0
T13239,Phosphorus compounds and reactions,11,11,0,0.0001,0.0001,0.0
T12622,Neurosurgical Procedures and Complications,10,12,2,0.0001,0.0001,0.0
T12717,Space exploration and regulation,5,17,12,0.0,0.0001,0.01
T14288,"Law, Rights, and Freedoms",0,22,22,0.0,0.0002,0.02
T13084,Education during COVID-19 pandemic,0,22,22,0.0,0.0002,0.02
T11420,Geographies of human-animal interactions,12,10,-2,0.0001,0.0001,-0.0
T14459,Synthesis and Reactions of Organic Compounds,17,5,-12,0.0001,0.0,-0.01
T13445,American Constitutional Law and Politics,16,6,-10,0.0001,0.0,-0.01
T12314,Nuts composition and effects,20,2,-18,0.0001,0.0,-0.01
T11034,Digital Filter Design and Implementation,8,14,6,0.0001,0.0001,0.0
T13984,"Nutrition, Genetics, and Disease",17,5,-12,0.0001,0.0,-0.01
T12294,Agricultural Science and Fertilization,2,20,18,0.0,0.0001,0.01
T12629,Island Studies and Pacific Affairs,13,8,-5,0.0001,0.0001,-0.0
T13754,Central European and Russian historical studies,9,12,3,0.0001,0.0001,0.0
T12575,Medical History and Research,17,4,-13,0.0001,0.0,-0.01
T13574,Family Support in Illness,17,4,-13,0.0001,0.0,-0.01
T10867,Intensive Care Unit Cognitive Disorders,14,7,-7,0.0001,0.0,-0.0
T13518,Architecture and Computational Design,11,10,-1,0.0001,0.0001,-0.0
T12665,Bamboo properties and applications,12,9,-3,0.0001,0.0001,-0.0
T13199,Digestive system and related health,13,8,-5,0.0001,0.0001,-0.0
T10441,Muscle Physiology and Disorders,9,12,3,0.0001,0.0001,0.0
T10196,Pain Mechanisms and Treatments,10,11,1,0.0001,0.0001,0.0
T10089,Avian ecology and behavior,6,15,9,0.0,0.0001,0.01
T10776,Spinal Fractures and Fixation Techniques,12,9,-3,0.0001,0.0001,-0.0
T11821,Odor and Emission Control Technologies,18,3,-15,0.0001,0.0,-0.01
T11289,Single-cell and spatial transcriptomics,16,5,-11,0.0001,0.0,-0.01
T11396,Artificial Intelligence in Healthcare,5,16,11,0.0,0.0001,0.01
T12810,Real-time simulation and control systems,17,4,-13,0.0001,0.0,-0.01
T11924,Polyamine Metabolism and Applications,15,6,-9,0.0001,0.0,-0.01
T14198,Philosophical Thought and Analysis,3,18,15,0.0,0.0001,0.01
T14454,Polymer Science and Applications,0,21,21,0.0,0.0001,0.01
T10026,"Galaxies: Formation, Evolution, Phenomena",9,12,3,0.0001,0.0001,0.0
T14374,Statistical Methods in Epidemiology,2,19,17,0.0,0.0001,0.01
T12058,Allelopathy and phytotoxic interactions,10,11,1,0.0001,0.0001,0.0
T12905,Management Systems and Quality Improvement,1,20,19,0.0,0.0001,0.01
T11494,Coleoptera Taxonomy and Distribution,14,7,-7,0.0001,0.0,-0.0
T11193,Adenosine and Purinergic Signaling,8,13,5,0.0001,0.0001,0.0
T10838,Animal Behavior and Welfare Studies,9,12,3,0.0001,0.0001,0.0
T13614,Social and Economic Solidarity,5,16,11,0.0,0.0001,0.01
T11140,Natural Antidiabetic Agents Studies,11,10,-1,0.0001,0.0001,-0.0
T11715,Education and Critical Thinking Development,16,5,-11,0.0001,0.0,-0.01
T12577,Geography and Environmental Studies,9,12,3,0.0001,0.0001,0.0
T13046,Electrokinetic Soil Remediation Techniques,15,6,-9,0.0001,0.0,-0.01
T13168,Plant Ecology and Taxonomy Studies,17,4,-13,0.0001,0.0,-0.01
T13187,Diffusion and Search Dynamics,19,2,-17,0.0001,0.0,-0.01
T14001,Evelyn Waugh and Hans Urs von Balthasar Studies,20,1,-19,0.0001,0.0,-0.01
T12270,Microwave-Assisted Synthesis and Applications,11,10,-1,0.0001,0.0001,-0.0
T13861,Health and Lifestyle Studies,13,8,-5,0.0001,0.0001,-0.0
T12313,Emotions and Moral Behavior,8,13,5,0.0001,0.0001,0.0
T12456,Geotourism and Geoheritage Conservation,13,8,-5,0.0001,0.0001,-0.0
T14074,Persona Design and Applications,14,7,-7,0.0001,0.0,-0.0
T12920,Healthcare and Environmental Waste Management,16,5,-11,0.0001,0.0,-0.01
T10246,Mobile Ad Hoc Networks,11,10,-1,0.0001,0.0001,-0.0
T11478,Caching and Content Delivery,11,10,-1,0.0001,0.0001,-0.0
T12182,Evolution and Science Education,12,9,-3,0.0001,0.0001,-0.0
T12496,Color perception and design,15,6,-9,0.0001,0.0,-0.01
T13215,Global Maritime and Colonial Histories,18,3,-15,0.0001,0.0,-0.01
T12215,Phytochemical Studies and Bioactivities,4,17,13,0.0,0.0001,0.01
T10390,Ovarian function and disorders,13,8,-5,0.0001,0.0001,-0.0
T13728,"Crime, Deviance, and Social Control",4,17,13,0.0,0.0001,0.01
T13555,"Healthcare cost, quality, practices",9,12,3,0.0001,0.0001,0.0
T12362,Tribology and Wear Analysis,13,8,-5,0.0001,0.0001,-0.0
T12545,Global Education and Multiculturalism,11,10,-1,0.0001,0.0001,-0.0
T10724,Ion Transport and Channel Regulation,13,8,-5,0.0001,0.0001,-0.0
T11354,Evolution and Paleontology Studies,15,6,-9,0.0001,0.0,-0.01
T14104,Developmental and Educational Neuropsychology,6,15,9,0.0,0.0001,0.01
T14302,European Politics and Security,2,19,17,0.0,0.0001,0.01
T12869,Occupational Health and Burnout,2,19,17,0.0,0.0001,0.01
T13544,Women's cancer prevention and management,1,20,19,0.0,0.0001,0.01
T10666,Photonic Crystals and Applications,15,6,-9,0.0001,0.0,-0.01
T12975,Paraoxonase enzyme and polymorphisms,15,6,-9,0.0001,0.0,-0.01
T10743,Software Testing and Debugging Techniques,13,8,-5,0.0001,0.0001,-0.0
T10954,Peripheral Nerve Disorders,12,9,-3,0.0001,0.0001,-0.0
T10823,Research on Leishmaniasis Studies,13,8,-5,0.0001,0.0001,-0.0
T12281,Animal testing and alternatives,7,14,7,0.0,0.0001,0.0
T10437,Educational theories and practices,0,21,21,0.0,0.0001,0.01
T12085,Collagen: Extraction and Characterization,7,13,6,0.0,0.0001,0.0
T12128,AI in Service Interactions,10,10,0,0.0001,0.0001,0.0
T12168,Health and Medical Research Impacts,9,11,2,0.0001,0.0001,0.0
T12580,Vagus Nerve Stimulation Research,12,8,-4,0.0001,0.0001,-0.0
T13083,Advanced Text Analysis Techniques,8,12,4,0.0001,0.0001,0.0
T11268,Light effects on plants,8,12,4,0.0001,0.0001,0.0
T12671,Management and Marketing Education,4,16,12,0.0,0.0001,0.01
T11683,Quantum and Classical Electrodynamics,2,18,16,0.0,0.0001,0.01
T11322,Facial Rejuvenation and Surgery Techniques,10,10,0,0.0001,0.0001,0.0
T11280,Hemophilia Treatment and Research,9,11,2,0.0001,0.0001,0.0
T10738,Posthumanist Ethics and Activism,7,13,6,0.0,0.0001,0.0
T10477,Astrophysics and Star Formation Studies,11,9,-2,0.0001,0.0001,-0.0
T11347,Neural Networks Stability and Synchronization,13,7,-6,0.0001,0.0,-0.0
T13188,Synthesis and bioactivity of alkaloids,5,15,10,0.0,0.0001,0.01
T13941,Geotechnical and Mining Engineering,3,17,14,0.0,0.0001,0.01
T13134,Latin American Literature Studies,14,6,-8,0.0001,0.0,-0.01
T11614,Cloud Data Security Solutions,13,7,-6,0.0001,0.0,-0.0
T11818,Nicotinic Acetylcholine Receptors Study,9,11,2,0.0001,0.0001,0.0
T11589,Gynecological conditions and treatments,8,12,4,0.0001,0.0001,0.0
T10878,CRISPR and Genetic Engineering,17,3,-14,0.0001,0.0,-0.01
T13506,Botanical Research and Chemistry,18,2,-16,0.0001,0.0,-0.01
T11845,Cancer therapeutics and mechanisms,17,3,-14,0.0001,0.0,-0.01
T12781,Global Health Care Issues,16,4,-12,0.0001,0.0,-0.01
T14313,Health and Well-being Studies,20,0,-20,0.0001,0.0,-0.01
T11842,Ultrasound and Cavitation Phenomena,9,11,2,0.0001,0.0001,0.0
T11335,Prion Diseases and Protein Misfolding,12,8,-4,0.0001,0.0001,-0.0
T11476,Graph theory and applications,15,5,-10,0.0001,0.0,-0.01
T11983,"Identity, Memory, and Therapy",13,7,-6,0.0001,0.0,-0.0
T11372,Hydraulic and Pneumatic Systems,14,6,-8,0.0001,0.0,-0.01
T11566,Laser Applications in Dentistry and Medicine,8,12,4,0.0001,0.0001,0.0
T12400,Neurogenetic and Muscular Disorders Research,14,6,-8,0.0001,0.0,-0.01
T11005,Radiation Effects in Electronics,10,10,0,0.0001,0.0001,0.0
T12465,"Cancer, Lipids, and Metabolism",16,4,-12,0.0001,0.0,-0.01
T12494,Alcoholism and Thiamine Deficiency,13,7,-6,0.0001,0.0,-0.0
T10744,Astrophysical Phenomena and Observations,20,0,-20,0.0001,0.0,-0.01
T13901,State Capitalism and Financial Governance,18,2,-16,0.0001,0.0,-0.01
T12935,Healthcare Systems and Public Health,18,2,-16,0.0001,0.0,-0.01
T12075,Sodium Intake and Health,12,8,-4,0.0001,0.0001,-0.0
T10765,Marine Biology and Ecology Research,11,9,-2,0.0001,0.0001,-0.0
T11326,Stock Market Forecasting Methods,16,4,-12,0.0001,0.0,-0.01
T11627,Autoimmune Neurological Disorders and Treatments,11,9,-2,0.0001,0.0001,-0.0
T10239,Urban Planning and Governance,1,19,18,0.0,0.0001,0.01
T13489,Synthesis of β-Lactam Compounds,11,9,-2,0.0001,0.0001,-0.0
T10701,Radical Photochemical Reactions,10,10,0,0.0001,0.0001,0.0
T10580,Immunotherapy and Immune Responses,12,8,-4,0.0001,0.0001,-0.0
T13682,Engineering Education and Pedagogy,1,19,18,0.0,0.0001,0.01
T13368,University Challenges and Reforms,2,18,16,0.0,0.0001,0.01
T11998,Youth Development and Social Support,2,18,16,0.0,0.0001,0.01
T12929,Animal Genetics and Reproduction,18,2,-16,0.0001,0.0,-0.01
T12110,Bone and Dental Protein Studies,19,1,-18,0.0001,0.0,-0.01
T14035,"Literature, Culture, and Aesthetics",0,20,20,0.0,0.0001,0.01
T11834,Liver Diseases and Immunity,11,8,-3,0.0001,0.0001,-0.0
T12816,Global Public Health Policies and Epidemiology,18,1,-17,0.0001,0.0,-0.01
T10326,Indoor and Outdoor Localization Technologies,9,10,1,0.0001,0.0001,0.0
T12994,Infrared Thermography in Medicine,16,3,-13,0.0001,0.0,-0.01
T12925,Educational and Social Studies,18,1,-17,0.0001,0.0,-0.01
T11888,Gender Roles and Identity Studies,14,5,-9,0.0001,0.0,-0.01
T12022,Hydraulic flow and structures,10,9,-1,0.0001,0.0001,-0.0
T10925,Spinal Cord Injury Research,8,11,3,0.0001,0.0001,0.0
T11503,Cytokine Signaling Pathways and Interactions,12,7,-5,0.0001,0.0,-0.0
T11874,Structural Response to Dynamic Loads,15,4,-11,0.0001,0.0,-0.01
T13251,Electrical and Thermal Properties of Materials,3,16,13,0.0,0.0001,0.01
T12819,Environmental Philosophy and Ethics,4,15,11,0.0,0.0001,0.01
T12144,"Colonialism, slavery, and trade",7,12,5,0.0,0.0001,0.0
T10473,Postharvest Quality and Shelf Life Management,5,14,9,0.0,0.0001,0.01
T11705,Gambling Behavior and Treatments,8,11,3,0.0001,0.0001,0.0
T11171,Diabetes and associated disorders,12,7,-5,0.0001,0.0,-0.0
T11875,Statistics Education and Methodologies,7,12,5,0.0,0.0001,0.0
T10959,Student Assessment and Feedback,2,17,15,0.0,0.0001,0.01
T13702,Machine Learning in Healthcare,13,6,-7,0.0001,0.0,-0.0
T11035,Salivary Gland Tumors Diagnosis and Treatment,14,5,-9,0.0001,0.0,-0.01
T14032,History and International Relations,1,18,17,0.0,0.0001,0.01
T13322,Hibiscus Plant Research Studies,11,8,-3,0.0001,0.0001,-0.0
T11488,Climate Change Communication and Perception,11,8,-3,0.0001,0.0001,-0.0
T11861,Thermal Regulation in Medicine,12,7,-5,0.0001,0.0,-0.0
T11776,Irish and British Studies,11,8,-3,0.0001,0.0001,-0.0
T14457,Intellectual Property Rights and Media,3,16,13,0.0,0.0001,0.01
T13823,Religious and Theological Studies,11,8,-3,0.0001,0.0001,-0.0
T11355,Inflammatory Biomarkers in Disease Prognosis,8,11,3,0.0001,0.0001,0.0
T13115,Axial and Atropisomeric Chirality Synthesis,11,8,-3,0.0001,0.0001,-0.0
T11501,TGF-β signaling in diseases,9,10,1,0.0001,0.0001,0.0
T11926,Subterranean biodiversity and taxonomy,11,8,-3,0.0001,0.0001,-0.0
T11572,Information Technology Governance and Strategy,13,6,-7,0.0001,0.0,-0.0
T14390,Real estate and construction management,1,18,17,0.0,0.0001,0.01
T13289,Infant Health and Development,10,9,-1,0.0001,0.0001,-0.0
T12199,Vascular Anomalies and Treatments,10,9,-1,0.0001,0.0001,-0.0
T13416,Educational Theory and Curriculum Studies,1,18,17,0.0,0.0001,0.01
T10946,Radioactivity and Radon Measurements,15,4,-11,0.0001,0.0,-0.01
T11913,Animal Ecology and Behavior Studies,16,3,-13,0.0001,0.0,-0.01
T14314,"Violence, Religion, and Philosophy",12,7,-5,0.0001,0.0,-0.0
T14120,Thallium and Germanium Studies,16,3,-13,0.0001,0.0,-0.01
T13659,Ombudsman and Human Rights,18,1,-17,0.0001,0.0,-0.01
T10955,Paleontology and Evolutionary Biology,8,11,3,0.0001,0.0001,0.0
T11230,Innovative Energy Harvesting Technologies,8,11,3,0.0001,0.0001,0.0
T10868,Soft Robotics and Applications,11,8,-3,0.0001,0.0001,-0.0
T13833,Ferrocene Chemistry and Applications,13,6,-7,0.0001,0.0,-0.0
T11571,Sarcoidosis and Beryllium Toxicity Research,10,9,-1,0.0001,0.0001,-0.0
T12720,Multimedia Communication and Technology,13,6,-7,0.0001,0.0,-0.0
T11352,Masonry and Concrete Structural Analysis,5,14,9,0.0,0.0001,0.01
T13806,Mathematical and Computational Methods,2,17,15,0.0,0.0001,0.01
T12423,Software Reliability and Analysis Research,19,0,-19,0.0001,0.0,-0.01
T11029,Renal Diseases and Glomerulopathies,8,11,3,0.0001,0.0001,0.0
T12867,Advanced Biosensing Techniques and Applications,4,15,11,0.0,0.0001,0.01
T13498,Economic Development and Digital Transformation,16,3,-13,0.0001,0.0,-0.01
T11802,Chemical Looping and Thermochemical Processes,11,8,-3,0.0001,0.0001,-0.0
T11071,Treatment of Major Depression,4,15,11,0.0,0.0001,0.01
T14088,Generational Differences and Trends,3,16,13,0.0,0.0001,0.01
T13374,Hematological disorders and diagnostics,11,8,-3,0.0001,0.0001,-0.0
T11093,Personality Disorders and Psychopathology,8,11,3,0.0001,0.0001,0.0
T11898,Economics of Agriculture and Food Markets,8,11,3,0.0001,0.0001,0.0
T12080,Injection Molding Process and Properties,13,5,-8,0.0001,0.0,-0.01
T12209,Bone and Joint Diseases,15,3,-12,0.0001,0.0,-0.01
T11098,Seed Germination and Physiology,9,9,0,0.0001,0.0001,0.0
T13369,European and Russian Geopolitical Military Strategies,8,10,2,0.0001,0.0001,0.0
T14491,Diverse academic and cultural studies,18,0,-18,0.0001,0.0,-0.01
T12344,Silicon Effects in Agriculture,14,4,-10,0.0001,0.0,-0.01
T13831,Archaeological and Geological Studies,7,11,4,0.0,0.0001,0.0
T10259,Sociology and Education Studies,16,2,-14,0.0001,0.0,-0.01
T12763,ATP Synthase and ATPases Research,10,8,-2,0.0001,0.0001,-0.0
T12693,"Migration, Ethnicity, and Economy",9,9,0,0.0001,0.0001,0.0
T13821,Coaching Methods and Impact,2,16,14,0.0,0.0001,0.01
T10760,Pancreatitis Pathology and Treatment,12,6,-6,0.0001,0.0,-0.0
T13143,Child Therapy and Development,14,4,-10,0.0001,0.0,-0.01
T10264,Asphalt Pavement Performance Evaluation,10,8,-2,0.0001,0.0001,-0.0
T12874,Digital Imaging for Blood Diseases,10,8,-2,0.0001,0.0001,-0.0
T12677,Sports Dynamics and Biomechanics,2,16,14,0.0,0.0001,0.01
T11134,Breast Lesions and Carcinomas,5,13,8,0.0,0.0001,0.01
T13006,Spanish History and Politics,6,12,6,0.0,0.0001,0.0
T13692,Italian Social Issues and Migration,6,12,6,0.0,0.0001,0.0
T12280,Magnesium in Health and Disease,10,8,-2,0.0001,0.0001,-0.0
T11911,Spatial and Panel Data Analysis,7,11,4,0.0,0.0001,0.0
T12936,"Conflict, Peace, and Violence in Colombia",2,16,14,0.0,0.0001,0.01
T11677,Congenital heart defects research,13,5,-8,0.0001,0.0,-0.01
T12825,"Defense, Military, and Policy Studies",9,9,0,0.0001,0.0001,0.0
T12485,"Optimism, Hope, and Well-being",14,4,-10,0.0001,0.0,-0.01
T13433,Short Stories in Global Literature,12,6,-6,0.0001,0.0,-0.0
T11313,Immune cells in cancer,13,5,-8,0.0001,0.0,-0.01
T12641,Historical and socio-economic studies of Spain and related regions,11,7,-4,0.0001,0.0,-0.0
T14318,Polydiacetylene-based materials and applications,16,2,-14,0.0001,0.0,-0.01
T13916,Environmental Policies and Emissions,16,2,-14,0.0001,0.0,-0.01
T11996,Random lasers and scattering media,5,13,8,0.0,0.0001,0.01
T11432,Gender Politics and Representation,7,11,4,0.0,0.0001,0.0
T12697,Water Quality Monitoring Technologies,14,4,-10,0.0001,0.0,-0.01
T14276,Power Systems and Technologies,15,3,-12,0.0001,0.0,-0.01
T12681,Global Healthcare and Medical Tourism,12,6,-6,0.0001,0.0,-0.0
T11448,Face recognition and analysis,12,6,-6,0.0001,0.0,-0.0
T11755,Transboundary Water Resource Management,7,11,4,0.0,0.0001,0.0
T13193,Geological Studies and Exploration,9,9,0,0.0001,0.0001,0.0
T10069,Antenna Design and Analysis,9,9,0,0.0001,0.0001,0.0
T10332,Amphibian and Reptile Biology,12,6,-6,0.0001,0.0,-0.0
T13081,Digital Education and Society,4,14,10,0.0,0.0001,0.01
T12301,Facial Nerve Paralysis Treatment and Research,14,4,-10,0.0001,0.0,-0.01
T12013,Sustainable Development and Environmental Policy,4,14,10,0.0,0.0001,0.01
T12680,Cultural and Mythological Studies,0,18,18,0.0,0.0001,0.01
T13460,Historical Studies in Latin America,14,4,-10,0.0001,0.0,-0.01
T11281,Asymmetric Hydrogenation and Catalysis,12,6,-6,0.0001,0.0,-0.0
T11584,Biochemical Analysis and Sensing Techniques,13,5,-8,0.0001,0.0,-0.01
T10801,Synthetic Aperture Radar (SAR) Applications and Techniques,6,12,6,0.0,0.0001,0.0
T11510,Reproductive System and Pregnancy,9,9,0,0.0001,0.0001,0.0
T13329,Joseph Conrad and Literature,6,11,5,0.0,0.0001,0.0
T13206,Neonatal skin health care,11,6,-5,0.0001,0.0,-0.0
T14421,Educational Philosophies and Pedagogies,13,4,-9,0.0001,0.0,-0.01
T14090,Health and Conflict Studies,11,6,-5,0.0001,0.0,-0.0
T11900,Fungal Plant Pathogen Control,10,7,-3,0.0001,0.0,-0.0
T11404,Irrigation Practices and Water Management,5,12,7,0.0,0.0001,0.0
T12172,Neutropenia and Cancer Infections,11,6,-5,0.0001,0.0,-0.0
T13186,Russia and Soviet political economy,15,2,-13,0.0001,0.0,-0.01
T12621,Hemispheric Asymmetry in Neuroscience,5,12,7,0.0,0.0001,0.0
T11609,Geophysical Methods and Applications,12,5,-7,0.0001,0.0,-0.0
T11307,Domain Adaptation and Few-Shot Learning,8,9,1,0.0001,0.0001,0.0
T12917,Astronomy and Astrophysical Research,12,5,-7,0.0001,0.0,-0.0
T14354,Emergency Medicine Education and Research,5,12,7,0.0,0.0001,0.0
T13863,Cultural History and Identity Formation,5,12,7,0.0,0.0001,0.0
T13163,Organizational Learning and Leadership,3,14,11,0.0,0.0001,0.01
T12269,Effects of Vibration on Health,9,8,-1,0.0001,0.0001,-0.0
T14311,Electrical and Electromagnetic Research,11,6,-5,0.0001,0.0,-0.0
T11080,Surgical site infection prevention,7,10,3,0.0,0.0001,0.0
T13360,Economic and Social Issues,8,9,1,0.0001,0.0001,0.0
T14429,Global Political and Social Dynamics,2,15,13,0.0,0.0001,0.01
T13389,German Economic Analysis & Policies,3,14,11,0.0,0.0001,0.01
T12204,African Education and Politics,1,16,15,0.0,0.0001,0.01
T11954,Energy Efficiency and Management,7,10,3,0.0,0.0001,0.0
T10980,Vascular Malformations and Hemangiomas,9,8,-1,0.0001,0.0001,-0.0
T13456,"Religion, Society, and Development",16,1,-15,0.0001,0.0,-0.01
T11757,Seismic Waves and Analysis,13,4,-9,0.0001,0.0,-0.01
T12283,Latin American history and culture,6,11,5,0.0,0.0001,0.0
T14275,Historical Medical Research and Treatments,10,7,-3,0.0001,0.0,-0.0
T11170,Biomimetic flight and propulsion mechanisms,11,6,-5,0.0001,0.0,-0.0
T10696,Gastric Cancer Management and Outcomes,8,9,1,0.0001,0.0001,0.0
T12553,Psychedelics and Drug Studies,7,10,3,0.0,0.0001,0.0
T13879,Indigenous Peoples' Rights and Law,6,11,5,0.0,0.0001,0.0
T11291,Intraocular Surgery and Lenses,10,7,-3,0.0001,0.0,-0.0
T12756,Plant Toxicity and Pharmacological Properties,9,8,-1,0.0001,0.0001,-0.0
T11969,Fluoride Effects and Removal,13,4,-9,0.0001,0.0,-0.01
T13937,"Genetics, Bioinformatics, and Biomedical Research",16,1,-15,0.0001,0.0,-0.01
T11652,Imbalanced Data Classification Techniques,12,5,-7,0.0001,0.0,-0.0
T13996,Diverse Musicological Studies,16,1,-15,0.0001,0.0,-0.01
T13280,Biomedical and Engineering Education,14,3,-11,0.0001,0.0,-0.01
T13672,Thomas Hardy Literature Studies,14,3,-11,0.0001,0.0,-0.01
T14293,Biotechnology and Related Fields,16,1,-15,0.0001,0.0,-0.01
T12906,Surgical Sutures and Adhesives,16,1,-15,0.0001,0.0,-0.01
T11155,Toxoplasma gondii Research Studies,8,9,1,0.0001,0.0001,0.0
T11956,Sexual Differentiation and Disorders,11,6,-5,0.0001,0.0,-0.0
T14371,Hume's philosophy and hair distribution,14,3,-11,0.0001,0.0,-0.01
T11519,Digital Mental Health Interventions,11,6,-5,0.0001,0.0,-0.0
T11266,Neuroinflammation and Neurodegeneration Mechanisms,10,7,-3,0.0001,0.0,-0.0
T13966,Neurological and metabolic disorders,15,2,-13,0.0001,0.0,-0.01
T12908,"Media, Gender, and Advertising",6,11,5,0.0,0.0001,0.0
T11411,Tea Polyphenols and Effects,13,4,-9,0.0001,0.0,-0.01
T11509,Hip and Femur Fractures,10,7,-3,0.0001,0.0,-0.0
T12404,Mathematical Approximation and Integration,5,12,7,0.0,0.0001,0.0
T12863,Web and Library Services,5,12,7,0.0,0.0001,0.0
T12937,Chemotherapy-related skin toxicity,11,6,-5,0.0001,0.0,-0.0
T11390,Seaweed-derived Bioactive Compounds,9,8,-1,0.0001,0.0001,-0.0
T12643,Sustainability and Ecological Systems Analysis,12,5,-7,0.0001,0.0,-0.0
T13459,Public Administration and Political Analysis,11,6,-5,0.0001,0.0,-0.0
T12795,Banana Cultivation and Research,16,1,-15,0.0001,0.0,-0.01
T12934,Plant and fungal interactions,10,7,-3,0.0001,0.0,-0.0
T12125,Aerospace and Aviation Technology,6,11,5,0.0,0.0001,0.0
T13708,History of Emotions Research,1,16,15,0.0,0.0001,0.01
T12709,Optimization and Mathematical Programming,7,10,3,0.0,0.0001,0.0
T14173,"Education, Healthcare and Sociology Research",8,9,1,0.0001,0.0001,0.0
T11223,Maritime Ports and Logistics,10,7,-3,0.0001,0.0,-0.0
T10095,Cosmology and Gravitation Theories,10,7,-3,0.0001,0.0,-0.0
T12020,Enhanced Recovery After Surgery,9,8,-1,0.0001,0.0001,-0.0
T13107,Congenital limb and hand anomalies,8,9,1,0.0001,0.0001,0.0
T12943,COVID-19 Digital Contact Tracing,7,10,3,0.0,0.0001,0.0
T13740,Soil Science and Environmental Management,1,16,15,0.0,0.0001,0.01
T13066,Information Society and Technology Trends,0,17,17,0.0,0.0001,0.01
T13889,Advanced Materials and Semiconductor Technologies,0,17,17,0.0,0.0001,0.01
T11815,Urological Disorders and Treatments,9,7,-2,0.0001,0.0,-0.0
T11530,Business and Management Studies,7,9,2,0.0,0.0001,0.0
T11325,Inertial Sensor and Navigation,12,4,-8,0.0001,0.0,-0.01
T13176,Winter Sports Injuries and Performance,12,4,-8,0.0001,0.0,-0.01
T12024,Ultra-Wideband Communications Technology,7,9,2,0.0,0.0001,0.0
T12996,Cancer Research and Treatments,15,1,-14,0.0001,0.0,-0.01
T10787,Lightning and Electromagnetic Phenomena,12,4,-8,0.0001,0.0,-0.01
T12804,Thermal Analysis in Power Transmission,16,0,-16,0.0001,0.0,-0.01
T10505,Pluripotent Stem Cells Research,10,6,-4,0.0001,0.0,-0.0
T12103,Cancer Risks and Factors,11,5,-6,0.0001,0.0,-0.0
T14229,Physical education and sports games research,13,3,-10,0.0001,0.0,-0.01
T12482,Tunneling and Rock Mechanics,15,1,-14,0.0001,0.0,-0.01
T14143,Economic and Technological Innovation,11,5,-6,0.0001,0.0,-0.0
T12149,Nanocluster Synthesis and Applications,15,1,-14,0.0001,0.0,-0.01
T12185,Regulation and Compliance Studies,8,8,0,0.0001,0.0001,0.0
T13867,Economic Growth and Development,14,2,-12,0.0001,0.0,-0.01
T13597,Medicine and Dermatology Studies History,16,0,-16,0.0001,0.0,-0.01
T13596,"Grouting, Rheology, and Soil Mechanics",16,0,-16,0.0001,0.0,-0.01
T14184,Metallurgy and Material Science,16,0,-16,0.0001,0.0,-0.01
T11585,Exercise and Physiological Responses,12,4,-8,0.0001,0.0,-0.01
T11057,Cardiac Ischemia and Reperfusion,11,5,-6,0.0001,0.0,-0.0
T11198,Japanese History and Culture,11,5,-6,0.0001,0.0,-0.0
T12655,Female Genital Mutilation/Cutting Issues,12,4,-8,0.0001,0.0,-0.01
T12531,Values and Moral Education,1,15,14,0.0,0.0001,0.01
T10918,Memory Processes and Influences,1,15,14,0.0,0.0001,0.01
T13643,Artificial Intelligence in Law,10,6,-4,0.0001,0.0,-0.0
T11731,Global Health and Surgery,10,6,-4,0.0001,0.0,-0.0
T14492,"War, Law, and Justice",2,14,12,0.0,0.0001,0.01
T12916,COVID-19 impact on air quality,9,7,-2,0.0001,0.0,-0.0
T10826,Behavioral and Psychological Studies,8,8,0,0.0001,0.0001,0.0
T11412,Genetic and Kidney Cyst Diseases,9,7,-2,0.0001,0.0,-0.0
T12437,"Balkans: History, Politics, Society",7,9,2,0.0,0.0001,0.0
T13409,Paleopathology and ancient diseases,11,5,-6,0.0001,0.0,-0.0
T11102,HVDC Systems and Fault Protection,13,3,-10,0.0001,0.0,-0.01
T11784,CO2 Reduction Techniques and Catalysts,10,6,-4,0.0001,0.0,-0.0
T12250,Experimental and Theoretical Physics Studies,10,6,-4,0.0001,0.0,-0.0
T13539,thermodynamics and calorimetric analyses,15,1,-14,0.0001,0.0,-0.01
T12519,Cybercrime and Law Enforcement Studies,6,10,4,0.0,0.0001,0.0
T11398,Hand Gesture Recognition Systems,7,9,2,0.0,0.0001,0.0
T11879,Protist diversity and phylogeny,14,2,-12,0.0001,0.0,-0.01
T10676,"Genetics, Aging, and Longevity in Model Organisms",14,2,-12,0.0001,0.0,-0.01
T14246,E-Learning and Knowledge Management,15,1,-14,0.0001,0.0,-0.01
T13447,Educational and Psychological Assessments,13,3,-10,0.0001,0.0,-0.01
T14378,Entomological Studies and Ecology,16,0,-16,0.0001,0.0,-0.01
T14470,Advanced Data Processing Techniques,16,0,-16,0.0001,0.0,-0.01
T13910,Computational and Text Analysis Methods,9,7,-2,0.0001,0.0,-0.0
T11533,Melanoma and MAPK Pathways,9,7,-2,0.0001,0.0,-0.0
T12276,Risk Management in Financial Firms,8,8,0,0.0001,0.0001,0.0
T11233,Advanced Adaptive Filtering Techniques,6,10,4,0.0,0.0001,0.0
T12738,Corporate Identity and Reputation,8,8,0,0.0001,0.0001,0.0
T12493,"Memory, violence, and history",3,13,10,0.0,0.0001,0.01
T13397,Hallucinations in medical conditions,7,9,2,0.0,0.0001,0.0
T10518,Gallbladder and Bile Duct Disorders,7,9,2,0.0,0.0001,0.0
T11702,Parasitic Diseases Research and Treatment,10,6,-4,0.0001,0.0,-0.0
T12413,Health and Medical Education,4,12,8,0.0,0.0001,0.01
T10583,Cancer-related Molecular Pathways,9,7,-2,0.0001,0.0,-0.0
T14365,Leaf Properties and Growth Measurement,10,6,-4,0.0001,0.0,-0.0
T12901,Tattoo and Body Piercing Complications,7,9,2,0.0,0.0001,0.0
T12342,Vascular anomalies and interventions,5,11,6,0.0,0.0001,0.0
T10454,Optimal Power Flow Distribution,6,10,4,0.0,0.0001,0.0
T11508,Corporate Taxation and Avoidance,12,4,-8,0.0001,0.0,-0.01
T13428,Anarchism and Radical Politics,3,13,10,0.0,0.0001,0.01
T12227,Environmental and Social Impact Assessments,6,10,4,0.0,0.0001,0.0
T13733,Moravian Church and William Blake,7,9,2,0.0,0.0001,0.0
T12933,Franchising Strategies and Performance,8,8,0,0.0001,0.0001,0.0
T13494,Military History and Strategy,3,13,10,0.0,0.0001,0.01
T11798,Optimal Experimental Design Methods,1,15,14,0.0,0.0001,0.01
T13788,Cultural Identity and Representation,1,15,14,0.0,0.0001,0.01
T13111,Nursing care and research,0,16,16,0.0,0.0001,0.01
T12979,Cardiovascular Disease and Adiposity,11,5,-6,0.0001,0.0,-0.0
T11625,Abdominal vascular conditions and treatments,7,9,2,0.0,0.0001,0.0
T12706,Subcritical and Supercritical Water Processes,10,5,-5,0.0001,0.0,-0.0
T12778,History of Medicine and Tropical Health,5,10,5,0.0,0.0001,0.0
T12527,Chemistry and Stereochemistry Studies,10,5,-5,0.0001,0.0,-0.0
T12572,"Intelligence, Security, War Strategy",5,10,5,0.0,0.0001,0.0
T13230,Synthesis and Reactivity of Heterocycles,14,1,-13,0.0001,0.0,-0.01
T14343,Hispanic-African Historical Relations,11,4,-7,0.0001,0.0,-0.0
T12875,Thermal Expansion and Ionic Conductivity,11,4,-7,0.0001,0.0,-0.0
T11076,Policing Practices and Perceptions,8,7,-1,0.0001,0.0,-0.0
T14034,Musicians’ Health and Performance,14,1,-13,0.0001,0.0,-0.01
T11581,Viral Infections and Outbreaks Research,13,2,-11,0.0001,0.0,-0.01
T13220,Plant and Fungal Interactions Research,13,2,-11,0.0001,0.0,-0.01
T13881,Sociology and Norbert Elias,9,6,-3,0.0001,0.0,-0.0
T12481,Digital Accessibility for Disabilities,3,12,9,0.0,0.0001,0.01
T14437,Ethics and Legal Issues in Pediatric Healthcare,3,12,9,0.0,0.0001,0.01
T10695,Parasites and Host Interactions,9,6,-3,0.0001,0.0,-0.0
T11042,Corruption and Economic Development,5,10,5,0.0,0.0001,0.0
T13317,"Media, Communication, and Education",3,12,9,0.0,0.0001,0.01
T11439,Video Analysis and Summarization,10,5,-5,0.0001,0.0,-0.0
T13128,Chromatography in Natural Products,7,8,1,0.0,0.0001,0.0
T10767,Advanced Photonic Communication Systems,7,8,1,0.0,0.0001,0.0
T11807,Infrastructure Resilience and Vulnerability Analysis,6,9,3,0.0,0.0001,0.0
T13948,Gender and Women's Rights,2,13,11,0.0,0.0001,0.01
T13175,Historical Astronomy and Related Studies,8,7,-1,0.0001,0.0,-0.0
T14330,Library Science and Information Systems,3,12,9,0.0,0.0001,0.01
T13681,Engineering and Information Technology,2,13,11,0.0,0.0001,0.01
T12372,Art Therapy and Mental Health,3,12,9,0.0,0.0001,0.01
T13264,Walter Benjamin Studies Compilation,8,7,-1,0.0001,0.0,-0.0
T11759,Occupational Therapy Practice and Research,4,11,7,0.0,0.0001,0.0
T10388,Advanced Steganography and Watermarking Techniques,8,7,-1,0.0001,0.0,-0.0
T10685,Viral-associated cancers and disorders,9,6,-3,0.0001,0.0,-0.0
T11272,Nanowire Synthesis and Applications,7,8,1,0.0,0.0001,0.0
T14117,Integrated Circuits and Semiconductor Failure Analysis,13,2,-11,0.0001,0.0,-0.01
T12698,3D Modeling in Geospatial Applications,10,5,-5,0.0001,0.0,-0.0
T12257,Bioactive natural compounds,4,11,7,0.0,0.0001,0.0
T12127,Software System Performance and Reliability,13,2,-11,0.0001,0.0,-0.01
T12993,Psychology of Development and Education,1,14,13,0.0,0.0001,0.01
T12101,Advanced Bandit Algorithms Research,11,4,-7,0.0001,0.0,-0.0
T13978,Foreign Language Teaching Methods,3,12,9,0.0,0.0001,0.01
T12410,Structural and Chemical Analysis of Organic and Inorganic Compounds,1,14,13,0.0,0.0001,0.01
T13048,Patient Dignity and Privacy,6,9,3,0.0,0.0001,0.0
T11685,Zebrafish Biomedical Research Applications,7,8,1,0.0,0.0001,0.0
T12220,Quantum Electrodynamics and Casimir Effect,12,3,-9,0.0001,0.0,-0.01
T12023,Cholinesterase and Neurodegenerative Diseases,9,6,-3,0.0001,0.0,-0.0
T13195,Medieval Iberian Studies,10,5,-5,0.0001,0.0,-0.0
T13656,"Science, Research, and Medicine",15,0,-15,0.0001,0.0,-0.01
T10312,"Health, Nursing, Elderly Care",15,0,-15,0.0001,0.0,-0.01
T13015,"Botany, Ecology, and Taxonomy Studies",15,0,-15,0.0001,0.0,-0.01
T12305,Cassava research and cyanide,15,0,-15,0.0001,0.0,-0.01
T11512,Anomaly Detection Techniques and Applications,12,3,-9,0.0001,0.0,-0.01
T11578,Plant Pathogenic Bacteria Studies,10,5,-5,0.0001,0.0,-0.0
T12535,Machine Learning and Data Classification,8,7,-1,0.0001,0.0,-0.0
T10323,Analog and Mixed-Signal Circuit Design,8,7,-1,0.0001,0.0,-0.0
T11988,Sustainable Building Design and Assessment,6,9,3,0.0,0.0001,0.0
T13185,Phytochemistry and Bioactive Compounds,11,4,-7,0.0001,0.0,-0.0
T11819,Data-Driven Disease Surveillance,9,6,-3,0.0001,0.0,-0.0
T11173,Neurofibromatosis and Schwannoma Cases,9,6,-3,0.0001,0.0,-0.0
T10659,Marine animal studies overview,8,7,-1,0.0001,0.0,-0.0
T11560,Animal Disease Management and Epidemiology,11,4,-7,0.0001,0.0,-0.0
T12554,Vitamin C and Antioxidants Research,10,5,-5,0.0001,0.0,-0.0
T13761,HIV/AIDS oral health manifestations,12,3,-9,0.0001,0.0,-0.01
T14290,Education Methods and Practices,5,10,5,0.0,0.0001,0.0
T13063,Education and experiences of immigrants and refugees,2,13,11,0.0,0.0001,0.01
T12815,Management and Organizational Practices,1,14,13,0.0,0.0001,0.01
T12926,Business Strategies and Management Research,0,15,15,0.0,0.0001,0.01
T13035,Human Rights and Development,10,5,-5,0.0001,0.0,-0.0
T11328,Ocular Oncology and Treatments,7,8,1,0.0,0.0001,0.0
T10872,Veterinary Equine Medical Research,6,9,3,0.0,0.0001,0.0
T12369,Pneumocystis jirovecii pneumonia detection and treatment,9,6,-3,0.0001,0.0,-0.0
T12466,Near-Field Optical Microscopy,8,6,-2,0.0001,0.0,-0.0
T12388,Identification and Quantification in Food,10,4,-6,0.0001,0.0,-0.0
T13058,Soil and Land Suitability Analysis,11,3,-8,0.0001,0.0,-0.01
T11860,"HIV, Drug Use, Sexual Risk",10,4,-6,0.0001,0.0,-0.0
T12850,Field-Flow Fractionation Techniques,11,3,-8,0.0001,0.0,-0.01
T11929,Cerebral Venous Sinus Thrombosis,9,5,-4,0.0001,0.0,-0.0
T12708,Economic and Financial Impacts of Cancer,11,3,-8,0.0001,0.0,-0.01
T12458,Organometallic Compounds Synthesis and Characterization,11,3,-8,0.0001,0.0,-0.01
T10727,Ultrasound Imaging and Elastography,6,8,2,0.0,0.0001,0.0
T12838,Photovoltaic Systems and Sustainability,5,9,4,0.0,0.0001,0.0
T12467,Rangeland Management and Livestock Ecology,10,4,-6,0.0001,0.0,-0.0
T13022,Health and Medical Studies,14,0,-14,0.0001,0.0,-0.01
T10690,Vibration Control and Rheological Fluids,6,8,2,0.0,0.0001,0.0
T12565,Physics and Engineering Research Articles,12,2,-10,0.0001,0.0,-0.01
T12623,"Cultural, Media, and Literary Studies",4,10,6,0.0,0.0001,0.0
T11295,Counseling Practices and Supervision,5,9,4,0.0,0.0001,0.0
T11298,Synthesis and Properties of Aromatic Compounds,8,6,-2,0.0001,0.0,-0.0
T12483,Global Urban Networks and Dynamics,5,9,4,0.0,0.0001,0.0
T13951,Fluid dynamics and aerodynamics studies,5,9,4,0.0,0.0001,0.0
T12811,"Aging, Health, and Disability",2,12,10,0.0,0.0001,0.01
T11500,Evacuation and Crowd Dynamics,9,5,-4,0.0001,0.0,-0.0
T10205,Advanced Fiber Optic Sensors,9,5,-4,0.0001,0.0,-0.0
T13737,Critical and Liberation Pedagogy,0,14,14,0.0,0.0001,0.01
T12401,Scheduling and Timetabling Solutions,10,4,-6,0.0001,0.0,-0.0
T11433,Emotional Intelligence and Performance,10,4,-6,0.0001,0.0,-0.0
T11062,Gear and Bearing Dynamics Analysis,9,5,-4,0.0001,0.0,-0.0
T12663,Body Image and Dysmorphia Studies,11,3,-8,0.0001,0.0,-0.01
T13796,Neurological Disorders and Treatments,13,1,-12,0.0001,0.0,-0.01
T12598,Cardiac Structural Anomalies and Repair,12,2,-10,0.0001,0.0,-0.01
T14148,Kierkegaardian Philosophy and Influence,8,6,-2,0.0001,0.0,-0.0
T13519,Historical Architecture and Urbanism,2,12,10,0.0,0.0001,0.01
T12062,Approximation Theory and Sequence Spaces,7,7,0,0.0,0.0,0.0
T14078,Multiple and Secondary Primary Cancers,11,3,-8,0.0001,0.0,-0.01
T10486,Salmonella and Campylobacter epidemiology,7,7,0,0.0,0.0,0.0
T13995,Globalization and political ideologies,2,12,10,0.0,0.0001,0.01
T11763,Intracerebral and Subarachnoid Hemorrhage Research,11,3,-8,0.0001,0.0,-0.01
T13377,Ecosystem dynamics and resilience,11,3,-8,0.0001,0.0,-0.01
T12328,Autoimmune and Inflammatory Disorders,10,4,-6,0.0001,0.0,-0.0
T13886,Operations Management Techniques,12,2,-10,0.0001,0.0,-0.01
T12653,Cyclization and Aryne Chemistry,4,10,6,0.0,0.0001,0.0
T12600,Eosinophilic Disorders and Syndromes,7,7,0,0.0,0.0,0.0
T11415,Noncommutative and Quantum Gravity Theories,7,7,0,0.0,0.0,0.0
T11041,Ubiquitin and proteasome pathways,11,3,-8,0.0001,0.0,-0.01
T10812,Human Pose and Action Recognition,6,8,2,0.0,0.0001,0.0
T13718,Media Influence and Politics,3,11,8,0.0,0.0001,0.01
T12397,Critical Theory and Philosophy,3,11,8,0.0,0.0001,0.01
T14307,Bioethics and Human Rights Issues,1,13,12,0.0,0.0001,0.01
T10943,Escherichia coli research studies,9,5,-4,0.0001,0.0,-0.0
T11550,Text and Document Classification Technologies,7,7,0,0.0,0.0,0.0
T14248,Social impacts of COVID-19,0,14,14,0.0,0.0001,0.01
T14357,"Architecture, Design, and Social History",0,14,14,0.0,0.0001,0.01
T12942,Cultural Studies and Postmodernism,0,14,14,0.0,0.0001,0.01
T12880,Qualitative Research Methods and Applications,0,14,14,0.0,0.0001,0.01
T12652,International Maritime Law Issues,11,2,-9,0.0001,0.0,-0.01
T13418,Photocathodes and Microchannel Plates,13,0,-13,0.0001,0.0,-0.01
T12614,Indigenous Studies and Ecology,11,2,-9,0.0001,0.0,-0.01
T12484,Retinopathy of Prematurity Studies,9,4,-5,0.0001,0.0,-0.0
T12277,Frequency Control in Power Systems,9,4,-5,0.0001,0.0,-0.0
T12558,Wittgensteinian philosophy and applications,4,9,5,0.0,0.0001,0.0
T10643,Marine and coastal plant biology,9,4,-5,0.0001,0.0,-0.0
T12445,Twentieth Century Scientific Developments,9,4,-5,0.0001,0.0,-0.0
T13375,Integrated Water Resources Management,2,11,9,0.0,0.0001,0.01
T14201,Data Analysis and Archiving,8,5,-3,0.0001,0.0,-0.0
T11650,Skin and Cellular Biology Research,8,5,-3,0.0001,0.0,-0.0
T12380,Authorship Attribution and Profiling,11,2,-9,0.0001,0.0,-0.01
T13549,Minority Rights and Languages,3,10,7,0.0,0.0001,0.0
T12438,Urticaria and Related Conditions,11,2,-9,0.0001,0.0,-0.01
T12300,Advanced Electrical Measurement Techniques,8,5,-3,0.0001,0.0,-0.0
T12259,Environmental Justice and Health Disparities,4,9,5,0.0,0.0001,0.0
T11480,Connexins and lens biology,7,6,-1,0.0,0.0,-0.0
T12528,"IL-33, ST2, and ILC Pathways",9,4,-5,0.0001,0.0,-0.0
T14167,Consumer behavior in food and health,3,10,7,0.0,0.0001,0.0
T14049,Plant and Fungal Species Descriptions,6,7,1,0.0,0.0,0.0
T12915,Biochemical Acid Research Studies,5,8,3,0.0,0.0001,0.0
T12001,Fossil Insects in Amber,12,1,-11,0.0001,0.0,-0.01
T12985,Maritime Security and History,6,7,1,0.0,0.0,0.0
T12696,Icing and De-icing Technologies,7,6,-1,0.0,0.0,-0.0
T13734,Advanced Computational Techniques and Applications,7,6,-1,0.0,0.0,-0.0
T12887,Educational Strategies and Epistemologies,6,7,1,0.0,0.0,0.0
T11393,Biosensors and Analytical Detection,9,4,-5,0.0001,0.0,-0.0
T11523,Nanomaterials and Printing Technologies,5,8,3,0.0,0.0001,0.0
T14000,"Cultural, Social, and Media Studies",1,12,11,0.0,0.0001,0.01
T13959,"Swearing, Euphemism, Multilingualism",1,12,11,0.0,0.0001,0.01
T12649,Alkaloids: synthesis and pharmacology,9,4,-5,0.0001,0.0,-0.0
T11239,Social Capital and Networks,3,10,7,0.0,0.0001,0.0
T11813,Library Collection Development and Digital Resources,4,9,5,0.0,0.0001,0.0
T12754,Plant Growth and Agriculture Techniques,2,11,9,0.0,0.0001,0.01
T13098,Conferences and Exhibitions Management,5,8,3,0.0,0.0001,0.0
T11966,Silk-based biomaterials and applications,7,6,-1,0.0,0.0,-0.0
T10575,Wireless Communication Networks Research,7,6,-1,0.0,0.0,-0.0
T12856,Transgenic Plants and Applications,8,5,-3,0.0001,0.0,-0.0
T12055,Boron Compounds in Chemistry,9,4,-5,0.0001,0.0,-0.0
T12310,Crop Yield and Soil Fertility,8,5,-3,0.0001,0.0,-0.0
T12147,Urban and Rural Development Challenges,0,13,13,0.0,0.0001,0.01
T11417,Advancements in PLL and VCO Technologies,6,7,1,0.0,0.0,0.0
T12860,Family and Patient Care in Intensive Care Units,9,4,-5,0.0001,0.0,-0.0
T12027,Social Media in Health Education,7,6,-1,0.0,0.0,-0.0
T12194,Cultural Competency in Health Care,1,12,11,0.0,0.0001,0.01
T12499,"Diphtheria, Corynebacterium, and Tetanus",9,4,-5,0.0001,0.0,-0.0
T11449,Mechanical and Optical Resonators,11,2,-9,0.0001,0.0,-0.01
T12251,Synthesis and Catalytic Reactions,10,3,-7,0.0001,0.0,-0.0
T12610,RNA regulation and disease,11,2,-9,0.0001,0.0,-0.01
T11562,Facial Trauma and Fracture Management,7,6,-1,0.0,0.0,-0.0
T14507,"History, Culture, and Society",13,0,-13,0.0001,0.0,-0.01
T12800,Musculoskeletal synovial abnormalities and treatments,13,0,-13,0.0001,0.0,-0.01
T11069,Testicular diseases and treatments,7,6,-1,0.0,0.0,-0.0
T11181,Advanced Data Storage Technologies,8,5,-3,0.0001,0.0,-0.0
T14285,Biopolymer Synthesis and Applications,13,0,-13,0.0001,0.0,-0.01
T10893,Chinese history and philosophy,7,6,-1,0.0,0.0,-0.0
T12379,Cancer Diagnosis and Treatment,10,3,-7,0.0001,0.0,-0.0
T11008,Aerodynamics and Acoustics in Jet Flows,10,3,-7,0.0001,0.0,-0.0
T10160,Seismic Performance and Analysis,2,11,9,0.0,0.0001,0.01
T12359,Fern and Epiphyte Biology,7,6,-1,0.0,0.0,-0.0
T12088,Intergenerational and Educational Inequality Studies,4,9,5,0.0,0.0001,0.0
T13699,Public Spaces through Art,5,8,3,0.0,0.0001,0.0
T13347,Christian Theology and Mission,6,7,1,0.0,0.0,0.0
T13475,Digital Transformation in Law,3,10,7,0.0,0.0001,0.0
T13154,Legal and Regulatory Analysis,5,8,3,0.0,0.0001,0.0
T11666,Color Science and Applications,8,5,-3,0.0001,0.0,-0.0
T11370,Mobile Learning in Education,3,10,7,0.0,0.0001,0.0
T11142,Advanced Glycation End Products research,9,4,-5,0.0001,0.0,-0.0
T10558,Advancements in Semiconductor Devices and Circuit Design,10,3,-7,0.0001,0.0,-0.0
T13684,Political Dynamics in Latin America,4,9,5,0.0,0.0001,0.0
T12726,Philosophical and Cultural Analysis,1,12,11,0.0,0.0001,0.01
T12459,Nerve Injury and Rehabilitation,10,3,-7,0.0001,0.0,-0.0
T13726,International Science and Diplomacy,6,7,1,0.0,0.0,0.0
T12234,Mollusks and Parasites Studies,11,2,-9,0.0001,0.0,-0.01
T12533,Aldose Reductase and Taurine,9,4,-5,0.0001,0.0,-0.0
T11745,Potato Plant Research,10,3,-7,0.0001,0.0,-0.0
T11318,Phytoestrogen effects and research,10,3,-7,0.0001,0.0,-0.0
T13899,Agricultural Systems and Practices,6,7,1,0.0,0.0,0.0
T13065,Mining Techniques and Economics,8,5,-3,0.0001,0.0,-0.0
T13120,Nuclear Issues and Defense,6,7,1,0.0,0.0,0.0
T13783,"Feminism, Gender, and Intersectionality",8,5,-3,0.0001,0.0,-0.0
T13772,Geomechanics and Mining Engineering,0,13,13,0.0,0.0001,0.01
T14017,Legal Issues in Education,0,13,13,0.0,0.0001,0.01
T14516,English Language Learning and Teaching,0,13,13,0.0,0.0001,0.01
T12650,Aesthetic Perception and Analysis,8,4,-4,0.0001,0.0,-0.0
T11965,"Quantum, superfluid, helium dynamics",11,1,-10,0.0001,0.0,-0.01
T13864,Indigenous Cultures and History,5,7,2,0.0,0.0,0.0
T12224,Nanofabrication and Lithography Techniques,8,4,-4,0.0001,0.0,-0.0
T13351,Critical Theory and Political Philosophy,1,11,10,0.0,0.0001,0.01
T14426,"Religion, Gender, and Enlightenment",8,4,-4,0.0001,0.0,-0.0
T11610,Food Security and Health in Diverse Populations,6,6,0,0.0,0.0,0.0
T13505,Apelin-related biomedical research,8,4,-4,0.0001,0.0,-0.0
T11563,Indian and Buddhist Studies,4,8,4,0.0,0.0001,0.0
T11526,Innovative Teaching Methods,4,8,4,0.0,0.0001,0.0
T13381,Heart rate and cardiovascular health,8,4,-4,0.0001,0.0,-0.0
T12261,Statistical Mechanics and Entropy,11,1,-10,0.0001,0.0,-0.01
T12416,Polymer Nanocomposite Synthesis and Irradiation,6,6,0,0.0,0.0,0.0
T12539,Pharmacology and Obesity Treatment,5,7,2,0.0,0.0,0.0
T12739,Historical Studies on Spain,7,5,-2,0.0,0.0,-0.0
T12174,Hospital Admissions and Outcomes,5,7,2,0.0,0.0,0.0
T11979,Garlic and Onion Studies,8,4,-4,0.0001,0.0,-0.0
T14372,Environmental and Biological Research in Conflict Zones,10,2,-8,0.0001,0.0,-0.01
T10262,Microwave Engineering and Waveguides,3,9,6,0.0,0.0001,0.0
T13039,Magnesium Oxide Properties and Applications,12,0,-12,0.0001,0.0,-0.01
T11522,VLSI and FPGA Design Techniques,3,9,6,0.0,0.0001,0.0
T14438,Advanced Scientific Research Methods,2,10,8,0.0,0.0001,0.01
T11489,Air Traffic Management and Optimization,5,7,2,0.0,0.0,0.0
T10997,Ocular Surface and Contact Lens,5,7,2,0.0,0.0,0.0
T12117,Muscle and Compartmental Disorders,7,5,-2,0.0,0.0,-0.0
T13926,"Feminism, Gender, and Sexuality Studies",5,7,2,0.0,0.0,0.0
T12271,Renewable energy and sustainable power systems,1,11,10,0.0,0.0001,0.01
T13112,Nutrition and Health Studies,3,9,6,0.0,0.0001,0.0
T11564,Mathematical Inequalities and Applications,3,9,6,0.0,0.0001,0.0
T12325,Urban Design and Spatial Analysis,2,10,8,0.0,0.0001,0.01
T12981,Conservation Techniques and Studies,3,9,6,0.0,0.0001,0.0
T11698,Underwater Acoustics Research,7,5,-2,0.0,0.0,-0.0
T13929,Educational Outcomes and Influences,0,12,12,0.0,0.0001,0.01
T11569,Optical Coherence Tomography Applications,7,5,-2,0.0,0.0,-0.0
T14334,HIV/AIDS Impact and Responses,10,2,-8,0.0001,0.0,-0.01
T14037,Arabic Language Education Studies,0,12,12,0.0,0.0001,0.01
T12429,Chemotherapy-induced organ toxicity mitigation,6,6,0,0.0,0.0,0.0
T13801,Urban Arborization and Environmental Studies,2,10,8,0.0,0.0001,0.01
T12140,Renal and related cancers,10,2,-8,0.0001,0.0,-0.01
T13076,"Torture, Ethics, and Law",10,2,-8,0.0001,0.0,-0.01
T11849,Intellectual Capital and Performance Analysis,8,4,-4,0.0001,0.0,-0.0
T12656,"Climate Change, Adaptation, Migration",7,5,-2,0.0,0.0,-0.0
T12938,Material Selection and Properties,4,8,4,0.0,0.0001,0.0
T12525,Australian History and Society,8,4,-4,0.0001,0.0,-0.0
T13219,Mind wandering and attention,10,2,-8,0.0001,0.0,-0.01
T13928,Advanced Sensor Technologies Research,6,6,0,0.0,0.0,0.0
T14036,Literary and Philosophical Studies,6,6,0,0.0,0.0,0.0
T12723,Hannah Arendt's Political Philosophy,7,5,-2,0.0,0.0,-0.0
T11538,Ophthalmology and Eye Disorders,10,2,-8,0.0001,0.0,-0.01
T14172,Cultural and Social Studies in Latin America,9,3,-6,0.0001,0.0,-0.0
T13919,Medicinal plant effects and applications,9,3,-6,0.0001,0.0,-0.0
T12230,Cardiovascular Issues in Pregnancy,9,3,-6,0.0001,0.0,-0.0
T13267,Advanced Theoretical and Applied Studies in Material Sciences and Geometry,11,1,-10,0.0001,0.0,-0.01
T12945,Quality Function Deployment in Product Design,6,6,0,0.0,0.0,0.0
T11638,Cardiac tumors and thrombi,6,6,0,0.0,0.0,0.0
T14489,Basque language and culture studies,8,4,-4,0.0001,0.0,-0.0
T13850,Night-time city culture,8,4,-4,0.0001,0.0,-0.0
T12315,Older Adults Driving Studies,4,8,4,0.0,0.0001,0.0
T12214,Media Influence and Health,3,9,6,0.0,0.0001,0.0
T11889,Ginseng Biological Effects and Applications,6,6,0,0.0,0.0,0.0
T12544,Working Capital and Financial Performance,3,9,6,0.0,0.0001,0.0
T12765,"Race, History, and American Society",9,3,-6,0.0001,0.0,-0.0
T11078,Inflammasome and immune disorders,7,5,-2,0.0,0.0,-0.0
T11088,Marine Bivalve and Aquaculture Studies,9,3,-6,0.0001,0.0,-0.0
T11453,Diagnosis and Treatment of Venous Diseases,8,4,-4,0.0001,0.0,-0.0
T10647,Coastal and Marine Dynamics,6,6,0,0.0,0.0,0.0
T11897,Digital Holography and Microscopy,7,5,-2,0.0,0.0,-0.0
T13979,Communication and COVID-19 Impact,2,10,8,0.0,0.0001,0.01
T11506,Children's Rights and Participation,1,11,10,0.0,0.0001,0.01
T13233,Occupational Health and Safety Management,1,11,10,0.0,0.0001,0.01
T13373,Data Mining and Machine Learning Applications,0,12,12,0.0,0.0001,0.01
T12773,Water Quality and Resources Studies,0,12,12,0.0,0.0001,0.01
T12123,Financial Analysis and Corporate Governance,0,12,12,0.0,0.0001,0.01
T12964,"Diet, Metabolism, and Disease",9,3,-6,0.0001,0.0,-0.0
T13976,Web visibility and informetrics,8,4,-4,0.0001,0.0,-0.0
T12607,Personal Information Management and User Behavior,7,5,-2,0.0,0.0,-0.0
T12699,Electromagnetic Launch and Propulsion Technology,10,2,-8,0.0001,0.0,-0.01
T12568,Plant Taxonomy and Phylogenetics,11,1,-10,0.0001,0.0,-0.01
T12617,"Energy, Environment, and Transportation Policies",9,3,-6,0.0001,0.0,-0.0
T11485,Gastrointestinal Tumor Research and Treatment,8,4,-4,0.0001,0.0,-0.0
T12840,Renal function and acid-base balance,9,3,-6,0.0001,0.0,-0.0
T11785,Nausea and vomiting management,7,5,-2,0.0,0.0,-0.0
T12069,Commutative Algebra and Its Applications,5,7,2,0.0,0.0,0.0
T12213,Marine Ecology and Invasive Species,8,4,-4,0.0001,0.0,-0.0
T13031,Civil and Structural Engineering Research,6,6,0,0.0,0.0,0.0
T13590,"Oral History, Memory, Narrative Analysis",0,12,12,0.0,0.0001,0.01
T14256,Agricultural and Food Sciences,7,4,-3,0.0,0.0,-0.0
T12903,Globalization and Cultural Identity,2,9,7,0.0,0.0001,0.0
T14159,Discourse Analysis and Cultural Communication,5,6,1,0.0,0.0,0.0
T12047,Viral Infections and Vectors,8,3,-5,0.0001,0.0,-0.0
T12689,Silymarin and Mushroom Poisoning,5,6,1,0.0,0.0,0.0
T13610,"Society, Economy, and Ethics Research",9,2,-7,0.0001,0.0,-0.0
T12814,Gaussian Processes and Bayesian Inference,6,5,-1,0.0,0.0,-0.0
T13759,Medical Imaging and Pathology Studies,10,1,-9,0.0001,0.0,-0.01
T11665,Animal Vocal Communication and Behavior,11,0,-11,0.0001,0.0,-0.01
T12403,Seed and Plant Biochemistry,9,2,-7,0.0001,0.0,-0.0
T13221,Biological Activity of Diterpenoids and Biflavonoids,11,0,-11,0.0001,0.0,-0.01
T13333,American Political and Social Dynamics,5,6,1,0.0,0.0,0.0
T12279,Body Composition Measurement Techniques,8,3,-5,0.0001,0.0,-0.0
T11118,Evolutionary Psychology and Human Behavior,5,6,1,0.0,0.0,0.0
T12004,Advanced Frequency and Time Standards,7,4,-3,0.0,0.0,-0.0
T14008,Balkan and Eastern European Studies,8,3,-5,0.0001,0.0,-0.0
T13091,Human Health and Disease,10,1,-9,0.0001,0.0,-0.01
T12604,Glycogen Storage Diseases and Myoclonus,5,6,1,0.0,0.0,0.0
T10070,Political Conflict and Governance,1,10,9,0.0,0.0001,0.01
T11982,Rhetoric and Communication Studies,0,11,11,0.0,0.0001,0.01
T12247,Microbial Applications in Construction Materials,8,3,-5,0.0001,0.0,-0.0
T11658,Esophageal and GI Pathology,9,2,-7,0.0001,0.0,-0.0
T12581,Engineering Structural Analysis Methods,6,5,-1,0.0,0.0,-0.0
T11892,Kawasaki Disease and Coronary Complications,7,4,-3,0.0,0.0,-0.0
T11469,Lymphatic System and Diseases,6,5,-1,0.0,0.0,-0.0
T11653,Financial Distress and Bankruptcy Prediction,7,4,-3,0.0,0.0,-0.0
T11339,"Metabolism, Diabetes, and Cancer",5,6,1,0.0,0.0,0.0
T12082,Takotsubo Cardiomyopathy and Associated Phenomena,4,7,3,0.0,0.0,0.0
T12817,Pharmacological Effects of Natural Compounds,9,2,-7,0.0001,0.0,-0.0
T11644,Spam and Phishing Detection,5,6,1,0.0,0.0,0.0
T11586,Congenital Diaphragmatic Hernia Studies,6,5,-1,0.0,0.0,-0.0
T11165,Image and Video Quality Assessment,5,6,1,0.0,0.0,0.0
T12419,Phonocardiography and Auscultation Techniques,6,5,-1,0.0,0.0,-0.0
T12541,Graph Labeling and Dimension Problems,4,7,3,0.0,0.0,0.0
T13463,Nanoporous metals and alloys,10,1,-9,0.0001,0.0,-0.01
T11963,Impact of Light on Environment and Health,9,2,-7,0.0001,0.0,-0.0
T11695,South African History and Culture,8,3,-5,0.0001,0.0,-0.0
T13798,Hops Chemistry and Applications,7,4,-3,0.0,0.0,-0.0
T13721,Political Science Research and Education,4,7,3,0.0,0.0,0.0
T12412,Enzyme function and inhibition,9,2,-7,0.0001,0.0,-0.0
T13189,Physical Education and Training Studies,7,4,-3,0.0,0.0,-0.0
T10148,Advanced MIMO Systems Optimization,8,3,-5,0.0001,0.0,-0.0
T14056,Safety Warnings and Signage,9,2,-7,0.0001,0.0,-0.0
T10671,Gastroesophageal reflux and treatments,8,3,-5,0.0001,0.0,-0.0
T11451,Advanced Machining and Optimization Techniques,6,5,-1,0.0,0.0,-0.0
T13126,Scientific Research and Discoveries,10,1,-9,0.0001,0.0,-0.01
T12290,Human Motion and Animation,5,6,1,0.0,0.0,0.0
T13382,Robotics and Automated Systems,7,4,-3,0.0,0.0,-0.0
T14094,Italy: Economic History and Contemporary Issues,10,1,-9,0.0001,0.0,-0.01
T12788,Space Science and Extraterrestrial Life,10,1,-9,0.0001,0.0,-0.01
T10999,Organ Transplantation Techniques and Outcomes,5,6,1,0.0,0.0,0.0
T11471,Block Copolymer Self-Assembly,5,6,1,0.0,0.0,0.0
T13157,Cancer-related gene regulation,7,4,-3,0.0,0.0,-0.0
T13086,Post-Soviet Geopolitical Dynamics,8,3,-5,0.0001,0.0,-0.0
T13248,Healthcare Technology and Patient Monitoring,6,5,-1,0.0,0.0,-0.0
T14245,Biomarkers in Disease Mechanisms,7,4,-3,0.0,0.0,-0.0
T12326,Network Packet Processing and Optimization,4,7,3,0.0,0.0,0.0
T12685,Phytochemical compounds biological activities,10,1,-9,0.0001,0.0,-0.01
T14156,Engineering Applied Research,6,5,-1,0.0,0.0,-0.0
T11216,Radiation Detection and Scintillator Technologies,7,4,-3,0.0,0.0,-0.0
T12783,"Migration, Aging, and Tourism Studies",9,2,-7,0.0001,0.0,-0.0
T13510,Nostalgia and Consumer Behavior,5,6,1,0.0,0.0,0.0
T13758,Energy Law and Policy,3,8,5,0.0,0.0001,0.0
T10170,Retinal Diseases and Treatments,6,5,-1,0.0,0.0,-0.0
T11234,Precipitation Measurement and Analysis,3,8,5,0.0,0.0001,0.0
T11019,Image Enhancement Techniques,6,5,-1,0.0,0.0,-0.0
T11789,Land Rights and Reforms,5,6,1,0.0,0.0,0.0
T10543,Prostate Cancer Treatment and Research,8,3,-5,0.0001,0.0,-0.0
T10048,Particle physics theoretical and experimental studies,8,3,-5,0.0001,0.0,-0.0
T14154,"finance, banking, and market dynamics",0,11,11,0.0,0.0001,0.01
T14405,Fisheries and Aquaculture Studies,0,11,11,0.0,0.0001,0.01
T14054,Humic Substances and Bio-Organic Studies,0,11,11,0.0,0.0001,0.01
T14169,Public Health and Environmental Issues,0,11,11,0.0,0.0001,0.01
T13595,Archaeology and Cultural Heritage,0,11,11,0.0,0.0001,0.01
T12016,Web Data Mining and Analysis,8,2,-6,0.0001,0.0,-0.0
T13398,Data Analysis with R,10,0,-10,0.0001,0.0,-0.01
T12637,Scarabaeidae Beetle Taxonomy and Biogeography,6,4,-2,0.0,0.0,-0.0
T12435,Bladed Disk Vibration Dynamics,4,6,2,0.0,0.0,0.0
T13453,Alkaline Phosphatase Research Studies,4,6,2,0.0,0.0,0.0
T10224,Quantum Chromodynamics and Particle Interactions,8,2,-6,0.0001,0.0,-0.0
T13781,Coleoptera: Cerambycidae studies,10,0,-10,0.0001,0.0,-0.01
T12837,American Environmental and Regional History,10,0,-10,0.0001,0.0,-0.01
T11344,Traffic Prediction and Management Techniques,7,3,-4,0.0,0.0,-0.0
T10944,Turbomachinery Performance and Optimization,2,8,6,0.0,0.0001,0.0
T12441,Porphyrin Metabolism and Disorders,9,1,-8,0.0001,0.0,-0.01
T12674,"Rabbits: Nutrition, Reproduction, Health",8,2,-6,0.0001,0.0,-0.0
T12049,Tuberous Sclerosis Complex Research,6,4,-2,0.0,0.0,-0.0
T13900,Contemporary and Historical Greek Studies,7,3,-4,0.0,0.0,-0.0
T10125,Advanced Wireless Communication Techniques,7,3,-4,0.0,0.0,-0.0
T14512,Technology and Human Factors in Education and Health,4,6,2,0.0,0.0,0.0
T11356,Pleural and Pulmonary Diseases,5,5,0,0.0,0.0,0.0
T12108,Management of metastatic bone disease,6,4,-2,0.0,0.0,-0.0
T13277,"Media, Religion, Digital Communication",3,7,4,0.0,0.0,0.0
T12469,"Chaos, Complexity, and Education",2,8,6,0.0,0.0001,0.0
T14121,Logistics and Transportation Systems,1,9,8,0.0,0.0001,0.01
T13572,German Security and Defense Policies,1,9,8,0.0,0.0001,0.01
T13319,Film in Education and Therapy,1,9,8,0.0,0.0001,0.01
T14355,Historical Studies of British Isles,4,6,2,0.0,0.0,0.0
T12984,Transport and Logistics Innovations,2,8,6,0.0,0.0001,0.0
T14517,Diverse Historical and Scientific Studies,1,9,8,0.0,0.0001,0.01
T10347,Atmospheric aerosols and clouds,4,6,2,0.0,0.0,0.0
T14427,Environmental Monitoring and Data Management,2,8,6,0.0,0.0001,0.0
T12338,Digital literacy in education,2,8,6,0.0,0.0001,0.0
T13321,"Radio, Podcasts, and Digital Media",3,7,4,0.0,0.0,0.0
T12883,Sustainable Development and Environmental Management,0,10,10,0.0,0.0001,0.01
T12789,Planarian Biology and Electrostimulation,4,6,2,0.0,0.0,0.0
T10561,Educational Research and Methods,0,10,10,0.0,0.0001,0.01
T10741,Video Coding and Compression Technologies,4,6,2,0.0,0.0,0.0
T12155,Microwave Dielectric Ceramics Synthesis,7,3,-4,0.0,0.0,-0.0
T10961,Hernia repair and management,4,6,2,0.0,0.0,0.0
T12293,Dam Engineering and Safety,6,4,-2,0.0,0.0,-0.0
T10807,Synthesis and characterization of novel inorganic/organometallic compounds,5,5,0,0.0,0.0,0.0
T13735,History of Medical Practice,6,4,-2,0.0,0.0,-0.0
T14500,Advanced Mathematical Theories,9,1,-8,0.0001,0.0,-0.01
T13303,Asian Culture and Media Studies,6,4,-2,0.0,0.0,-0.0
T12096,Ectopic Pregnancy Diagnosis and Management,6,4,-2,0.0,0.0,-0.0
T13095,Plant-based Medicinal Research,8,2,-6,0.0001,0.0,-0.0
T13532,Education Systems and Policy,6,4,-2,0.0,0.0,-0.0
T12146,Power Line Communications and Noise,7,3,-4,0.0,0.0,-0.0
T13335,Pharmacological Effects of Medicinal Plants,8,2,-6,0.0001,0.0,-0.0
T13938,Historical and Contemporary Political Dynamics,9,1,-8,0.0001,0.0,-0.01
T11343,Power Transformer Diagnostics and Insulation,9,1,-8,0.0001,0.0,-0.01
T14363,Optical properties and cooling technologies in crystalline materials,10,0,-10,0.0001,0.0,-0.01
T11484,Adaptive optics and wavefront sensing,10,0,-10,0.0001,0.0,-0.01
T14039,Ecology and biodiversity studies,10,0,-10,0.0001,0.0,-0.01
T12495,Electrostatic Discharge in Electronics,10,0,-10,0.0001,0.0,-0.01
T13720,Benford’s Law and Fraud Detection,7,3,-4,0.0,0.0,-0.0
T11851,Electromagnetic Compatibility and Measurements,9,1,-8,0.0001,0.0,-0.01
T14033,Education in Rural Contexts,2,8,6,0.0,0.0001,0.0
T14257,Advanced Measurement and Detection Methods,2,8,6,0.0,0.0001,0.0
T13890,Remote Sensing and Land Use,5,5,0,0.0,0.0,0.0
T11364,Cholangiocarcinoma and Gallbladder Cancer Studies,7,3,-4,0.0,0.0,-0.0
T12095,Vehicle emissions and performance,9,1,-8,0.0001,0.0,-0.01
T11228,Bat Biology and Ecology Studies,5,5,0,0.0,0.0,0.0
T14480,Historical Education and Society,10,0,-10,0.0001,0.0,-0.01
T13963,Organizational Management and Leadership,5,5,0,0.0,0.0,0.0
T12030,S100 Proteins and Annexins,7,3,-4,0.0,0.0,-0.0
T11591,NF-κB Signaling Pathways,4,6,2,0.0,0.0,0.0
T10369,Advanced MEMS and NEMS Technologies,7,3,-4,0.0,0.0,-0.0
T11800,User Authentication and Security Systems,7,3,-4,0.0,0.0,-0.0
T13800,Earthquake and Disaster Impact Studies,5,5,0,0.0,0.0,0.0
T13958,"Education, Innovation and Language Studies",10,0,-10,0.0001,0.0,-0.01
T11327,Acupuncture Treatment Research Studies,3,7,4,0.0,0.0,0.0
T11951,Trauma Management and Diagnosis,7,3,-4,0.0,0.0,-0.0
T11606,Infrastructure Maintenance and Monitoring,5,5,0,0.0,0.0,0.0
T12900,Organ and Tissue Transplantation Research,4,6,2,0.0,0.0,0.0
T11599,Aviation Industry Analysis and Trends,7,3,-4,0.0,0.0,-0.0
T11696,Conflict Management and Negotiation,3,7,4,0.0,0.0,0.0
T13509,Accounting and Financial Management,1,9,8,0.0,0.0001,0.01
T13752,Mechanics and Biomechanics Studies,7,3,-4,0.0,0.0,-0.0
T12679,Focus Groups and Qualitative Methods,1,9,8,0.0,0.0001,0.01
T12414,Coastal and Marine Management,5,5,0,0.0,0.0,0.0
T13226,Appreciative Inquiry and Organizational Change,3,7,4,0.0,0.0,0.0
T11858,Urban Development and Societal Issues,0,10,10,0.0,0.0001,0.01
T13353,Flow Experience in Various Fields,5,5,0,0.0,0.0,0.0
T12428,Global Trade and Competitiveness,8,2,-6,0.0001,0.0,-0.0
T11713,Genital Health and Disease,5,5,0,0.0,0.0,0.0
T13920,Urban Planning and Valuation,8,2,-6,0.0001,0.0,-0.0
T12136,Vanadium and Halogenation Chemistry,10,0,-10,0.0001,0.0,-0.01
T11622,Maritime Navigation and Safety,9,1,-8,0.0001,0.0,-0.01
T12452,Electrowetting and Microfluidic Technologies,6,4,-2,0.0,0.0,-0.0
T13561,Chemical Reactions and Isotopes,5,5,0,0.0,0.0,0.0
T12582,Flavonoids in Medical Research,5,5,0,0.0,0.0,0.0
T13560,Socioeconomic Development in MENA,10,0,-10,0.0001,0.0,-0.01
T11312,Soil Moisture and Remote Sensing,5,5,0,0.0,0.0,0.0
T12197,Brake Systems and Friction Analysis,6,4,-2,0.0,0.0,-0.0
T12245,"Counseling, Therapy, and Family Dynamics",3,7,4,0.0,0.0,0.0
T13406,Human Resources and Workforce,2,8,6,0.0,0.0001,0.0
T10964,Wireless Communication Security Techniques,4,6,2,0.0,0.0,0.0
T14189,Intravenous Infusion Technology and Safety,2,8,6,0.0,0.0001,0.0
T11172,Dermatologic Treatments and Research,4,6,2,0.0,0.0,0.0
T13774,Citizenship Education and Democracy,0,10,10,0.0,0.0001,0.01
T13698,"Education, Politics, and Culture Studies",0,10,10,0.0,0.0001,0.01
T13044,Biofield Effects and Biophysics,5,4,-1,0.0,0.0,-0.0
T13172,Economic Issues in Ukraine,7,2,-5,0.0,0.0,-0.0
T14129,Economic and Business Studies,8,1,-7,0.0001,0.0,-0.0
T11921,Electroconvulsive Therapy Studies,5,4,-1,0.0,0.0,-0.0
T11075,Insect Resistance and Genetics,7,2,-5,0.0,0.0,-0.0
T11909,Histiocytic Disorders and Treatments,4,5,1,0.0,0.0,0.0
T13077,Cancer-related cognitive impairment studies,5,4,-1,0.0,0.0,-0.0
T14442,Historical Studies in Science,9,0,-9,0.0001,0.0,-0.01
T13488,Sports and Physical Education Studies,3,6,3,0.0,0.0,0.0
T12520,Psychology of Moral and Emotional Judgment,8,1,-7,0.0001,0.0,-0.0
T11568,Railway Systems and Energy Efficiency,5,4,-1,0.0,0.0,-0.0
T11444,Electromagnetic Compatibility and Noise Suppression,4,5,1,0.0,0.0,0.0
T14280,Big Data Technologies and Applications,3,6,3,0.0,0.0,0.0
T12998,Education and Islamic Studies,3,6,3,0.0,0.0,0.0
T14315,Feminist Theory and Gender Studies,1,8,7,0.0,0.0001,0.0
T14083,Extremum Seeking Control Systems,7,2,-5,0.0,0.0,-0.0
T14015,Otitis Media and Relapsing Polychondritis,9,0,-9,0.0001,0.0,-0.01
T13071,Digital Storytelling and Education,7,2,-5,0.0,0.0,-0.0
T12134,Insect symbiosis and bacterial influences,6,3,-3,0.0,0.0,-0.0
T11765,Circular RNAs in diseases,5,4,-1,0.0,0.0,-0.0
T14277,Social Skills and Education,1,8,7,0.0,0.0001,0.0
T14144,Neurological Disease Mechanisms and Treatments,6,3,-3,0.0,0.0,-0.0
T11405,Geophysics and Gravity Measurements,9,0,-9,0.0001,0.0,-0.01
T14258,Legal and Policy Issues,6,3,-3,0.0,0.0,-0.0
T13293,Engineering and Test Systems,3,6,3,0.0,0.0,0.0
T12201,Agricultural Engineering and Mechanization,1,8,7,0.0,0.0001,0.0
T10574,Crime Patterns and Interventions,2,7,5,0.0,0.0,0.0
T13675,Diffusion Coefficients in Liquids,1,8,7,0.0,0.0001,0.0
T13114,Image Processing Techniques and Applications,6,3,-3,0.0,0.0,-0.0
T11425,Diverse Music Education Insights,3,6,3,0.0,0.0,0.0
T13249,Dielectric properties of ceramics,1,8,7,0.0,0.0001,0.0
T12882,Jungian Analytical Psychology,1,8,7,0.0,0.0001,0.0
T14444,Power Systems and Renewable Energy,2,7,5,0.0,0.0,0.0
T13100,Comparative Animal Anatomy Studies,0,9,9,0.0,0.0001,0.01
T14479,Freezing and Crystallization Processes,6,3,-3,0.0,0.0,-0.0
T12953,Critical Realism in Sociology,6,3,-3,0.0,0.0,-0.0
T12753,"Psychology, Coaching, and Therapy",6,3,-3,0.0,0.0,-0.0
T13917,Engineering and Material Science Research,8,1,-7,0.0001,0.0,-0.0
T12014,"Fish biology, ecology, and behavior",7,2,-5,0.0,0.0,-0.0
T12334,Lung Cancer Research Studies,4,5,1,0.0,0.0,0.0
T12432,Arctic and Russian Policy Studies,7,2,-5,0.0,0.0,-0.0
T11775,COVID-19 diagnosis using AI,7,2,-5,0.0,0.0,-0.0
T13007,Economic Sanctions and International Relations,7,2,-5,0.0,0.0,-0.0
T11688,Microbial infections and disease research,5,4,-1,0.0,0.0,-0.0
T12302,Advanced Nanomaterials in Catalysis,8,1,-7,0.0001,0.0,-0.0
T14487,Science and Science Education,8,1,-7,0.0001,0.0,-0.0
T11848,Heme Oxygenase-1 and Carbon Monoxide,9,0,-9,0.0001,0.0,-0.01
T12872,Philippine History and Culture,9,0,-9,0.0001,0.0,-0.01
T12268,Deception detection and forensic psychology,5,4,-1,0.0,0.0,-0.0
T14086,Military and Defense Studies,1,8,7,0.0,0.0001,0.0
T12890,Eurasian Exchange Networks,8,1,-7,0.0001,0.0,-0.0
T11387,Ichthyology and Marine Biology,9,0,-9,0.0001,0.0,-0.01
T12757,Diverse Academia and Research Topics,9,0,-9,0.0001,0.0,-0.01
T11944,Participatory Visual Research Methods,6,3,-3,0.0,0.0,-0.0
T14385,Franz Kafka Literary Studies,4,5,1,0.0,0.0,0.0
T14350,"Innovation, Sustainability, Human-Machine Systems",9,0,-9,0.0001,0.0,-0.01
T13648,Cerebrovascular and genetic disorders,7,2,-5,0.0,0.0,-0.0
T13649,Advanced Synthetic Organic Chemistry,1,8,7,0.0,0.0001,0.0
T11556,"Poverty, Education, and Child Welfare",6,3,-3,0.0,0.0,-0.0
T13105,Synthesis and pharmacology of benzodiazepine derivatives,7,2,-5,0.0,0.0,-0.0
T12959,Engineering and Materials Science Studies,3,6,3,0.0,0.0,0.0
T12829,Advanced Breast Cancer Therapies,4,5,1,0.0,0.0,0.0
T13583,Jury Decision Making Processes,8,1,-7,0.0001,0.0,-0.0
T12761,Data Stream Mining Techniques,6,3,-3,0.0,0.0,-0.0
T12537,Flow Measurement and Analysis,3,6,3,0.0,0.0,0.0
T11939,Public-Private Partnership Projects,6,3,-3,0.0,0.0,-0.0
T14506,Historical and Architectural Studies,9,0,-9,0.0001,0.0,-0.01
T12371,Electrical Contact Performance and Analysis,5,4,-1,0.0,0.0,-0.0
T11144,melanin and skin pigmentation,7,2,-5,0.0,0.0,-0.0
T12263,Peacebuilding and International Security,3,6,3,0.0,0.0,0.0
T12562,Synthesis and Characterization of Pyrroles,1,8,7,0.0,0.0001,0.0
T11868,Cancer and Skin Lesions,5,4,-1,0.0,0.0,-0.0
T14270,Simulation and Modeling Applications,1,8,7,0.0,0.0001,0.0
T11704,Mobile Crowdsensing and Crowdsourcing,6,3,-3,0.0,0.0,-0.0
T12894,Date Palm Research Studies,8,1,-7,0.0001,0.0,-0.0
T11553,Acne and Rosacea Treatments and Effects,5,4,-1,0.0,0.0,-0.0
T12703,Oil Palm Production and Sustainability,6,3,-3,0.0,0.0,-0.0
T12081,Aerodynamics and Fluid Dynamics Research,4,5,1,0.0,0.0,0.0
T10616,Smart Agriculture and AI,1,8,7,0.0,0.0001,0.0
T12318,Quinazolinone synthesis and applications,5,4,-1,0.0,0.0,-0.0
T14112,"Economic, financial, and policy analysis",1,8,7,0.0,0.0001,0.0
T13477,Sustainable Design and Development,1,8,7,0.0,0.0001,0.0
T13075,Legal Systems and Judicial Processes,0,9,9,0.0,0.0001,0.01
T13004,Vitamin K Research Studies,7,2,-5,0.0,0.0,-0.0
T14118,Social and Demographic Issues in Germany,6,3,-3,0.0,0.0,-0.0
T12676,Machine Learning and ELM,5,4,-1,0.0,0.0,-0.0
T13142,GABA and Rice Research,9,0,-9,0.0001,0.0,-0.01
T12393,Workplace Spirituality and Leadership,5,4,-1,0.0,0.0,-0.0
T10186,Nursing education and management,1,8,7,0.0,0.0001,0.0
T13439,Transport and Economic Policies,6,3,-3,0.0,0.0,-0.0
T14464,Community Development and Social Impact,5,4,-1,0.0,0.0,-0.0
T13454,Phenothiazines and Benzothiazines Synthesis and Activities,8,0,-8,0.0001,0.0,-0.01
T11032,VLSI and Analog Circuit Testing,6,2,-4,0.0,0.0,-0.0
T14503,"Globalization, Economics, and Policies",1,7,6,0.0,0.0,0.0
T12733,Vector-Borne Animal Diseases,6,2,-4,0.0,0.0,-0.0
T13522,Cardiovascular Health and Risk Factors,4,4,0,0.0,0.0,0.0
T13496,Advertising and Communication Studies,3,5,2,0.0,0.0,0.0
T12249,Veterinary Orthopedics and Neurology,5,3,-2,0.0,0.0,-0.0
T13255,"Business, Innovation, and Economy",8,0,-8,0.0001,0.0,-0.01
T13589,Literary and Cultural Studies,8,0,-8,0.0001,0.0,-0.01
T11991,Soft tissue tumor case studies,5,3,-2,0.0,0.0,-0.0
T14152,Healthcare Facilities Design and Sustainability,5,3,-2,0.0,0.0,-0.0
T12626,"Cancer, Stress, Anesthesia, and Immune Response",6,2,-4,0.0,0.0,-0.0
T10761,Vehicular Ad Hoc Networks (VANETs),6,2,-4,0.0,0.0,-0.0
T11383,Advanced Antenna and Metasurface Technologies,4,4,0,0.0,0.0,0.0
T13865,Nationalism and Cultural Identity,2,6,4,0.0,0.0,0.0
T14164,Marine and Offshore Engineering Studies,8,0,-8,0.0001,0.0,-0.01
T10011,"Literature: history, themes, analysis",4,4,0,0.0,0.0,0.0
T13636,Pentecostalism and Christianity Studies,8,0,-8,0.0001,0.0,-0.01
T12193,Trigeminal Neuralgia and Treatments,4,4,0,0.0,0.0,0.0
T12395,Educational Innovations and Technology,3,5,2,0.0,0.0,0.0
T12087,Natural Compound Pharmacology Studies,6,2,-4,0.0,0.0,-0.0
T12941,Embedded Systems and FPGA Design,1,7,6,0.0,0.0,0.0
T13530,Climate Change and Environmental Impact,1,7,6,0.0,0.0,0.0
T11580,Veterinary Medicine and Surgery,1,7,6,0.0,0.0,0.0
T14268,Evolving Legal Systems and Governance,1,7,6,0.0,0.0,0.0
T14171,"Education, Law, and Society",2,6,4,0.0,0.0,0.0
T11739,Microwave Imaging and Scattering Analysis,6,2,-4,0.0,0.0,-0.0
T12361,Study of Mite Species,2,6,4,0.0,0.0,0.0
T12595,Romani and Gypsy Studies,3,5,2,0.0,0.0,0.0
T12824,Infections and bacterial resistance,4,4,0,0.0,0.0,0.0
T12834,Flowering Plant Growth and Cultivation,4,4,0,0.0,0.0,0.0
T10381,Ophthalmology and Visual Impairment Studies,3,5,2,0.0,0.0,0.0
T12583,Food Waste Reduction and Sustainability,5,3,-2,0.0,0.0,-0.0
T14072,Immunotoxicology and immune responses,4,4,0,0.0,0.0,0.0
T11777,Fixed Point Theorems Analysis,5,3,-2,0.0,0.0,-0.0
T13606,Umberto Eco and Semiotics,4,4,0,0.0,0.0,0.0
T13245,Samuel Beckett and Modernism,1,7,6,0.0,0.0,0.0
T12730,"Weber, Simmel, Sociological Theory",1,7,6,0.0,0.0,0.0
T14222,Knowledge Management and Technology,2,6,4,0.0,0.0,0.0
T12343,Geography Education and Pedagogy,1,7,6,0.0,0.0,0.0
T13908,Scientific and Historical Analyses,0,8,8,0.0,0.0001,0.01
T13654,Urban Planning and Landscape Design,0,8,8,0.0,0.0001,0.01
T12615,Climate Change and Geoengineering,5,3,-2,0.0,0.0,-0.0
T13449,Organizational Management and Change,1,7,6,0.0,0.0,0.0
T14205,Education and Art Integration,0,8,8,0.0,0.0001,0.01
T14362,Diverse Legal and Medical Studies,3,5,2,0.0,0.0,0.0
T12316,Oil Spill Detection and Mitigation,6,2,-4,0.0,0.0,-0.0
T12225,Political Influence and Corporate Strategies,4,4,0,0.0,0.0,0.0
T11441,Organoboron and organosilicon chemistry,2,6,4,0.0,0.0,0.0
T11899,"Brucella: diagnosis, epidemiology, treatment",4,4,0,0.0,0.0,0.0
T13302,Amazonian Archaeology and Ethnohistory,6,2,-4,0.0,0.0,-0.0
T12983,Satellite Image Processing and Photogrammetry,6,2,-4,0.0,0.0,-0.0
T13856,Advanced Power Generation Technologies,4,4,0,0.0,0.0,0.0
T12625,Sympathectomy and Hyperhidrosis Treatments,6,2,-4,0.0,0.0,-0.0
T12287,Fibroblast Growth Factor Research,7,1,-6,0.0,0.0,-0.0
T13001,Restraint-Related Deaths,7,1,-6,0.0,0.0,-0.0
T13813,Oral and Craniofacial Lesions,7,1,-6,0.0,0.0,-0.0
T11392,Energy Harvesting in Wireless Networks,8,0,-8,0.0001,0.0,-0.01
T14010,Food Industry and Aquatic Biology,8,0,-8,0.0001,0.0,-0.01
T12532,Historical and Cultural Archaeology Studies,8,0,-8,0.0001,0.0,-0.01
T12922,Business and Economic Development,8,0,-8,0.0001,0.0,-0.01
T13435,Animal and Plant Science Education,8,0,-8,0.0001,0.0,-0.01
T13891,Engineering Diagnostics and Reliability,8,0,-8,0.0001,0.0,-0.01
T12480,Health and Wellbeing Research,8,0,-8,0.0001,0.0,-0.01
T12997,Outdoor and Experiential Education,3,5,2,0.0,0.0,0.0
T14141,Colonial History and Postcolonial Studies,3,5,2,0.0,0.0,0.0
T12221,Cybersecurity and Cyber Warfare Studies,5,3,-2,0.0,0.0,-0.0
T12317,Actinomycetales infections and treatment,4,4,0,0.0,0.0,0.0
T13777,Cognitive and psychological constructs research,8,0,-8,0.0001,0.0,-0.01
T12597,Fire Detection and Safety Systems,7,1,-6,0.0,0.0,-0.0
T13312,Mechanical and Thermal Properties Analysis,4,4,0,0.0,0.0,0.0
T12346,Phytochemistry and biological activity of medicinal plants,4,4,0,0.0,0.0,0.0
T11554,Vascular Procedures and Complications,5,3,-2,0.0,0.0,-0.0
T13462,Spanish Philosophy and Literature,2,6,4,0.0,0.0,0.0
T12407,Plant Growth Enhancement Techniques,4,4,0,0.0,0.0,0.0
T13225,Polish-Jewish Holocaust Memory Studies,5,3,-2,0.0,0.0,-0.0
T11934,Syphilis Diagnosis and Treatment,5,3,-2,0.0,0.0,-0.0
T14011,Elevator Systems and Control,8,0,-8,0.0001,0.0,-0.01
T11811,Cutaneous lymphoproliferative disorders research,4,4,0,0.0,0.0,0.0
T13473,Economic Zones and Regional Development,5,3,-2,0.0,0.0,-0.0
T10169,Protein Kinase Regulation and GTPase Signaling,5,3,-2,0.0,0.0,-0.0
T13481,Neurological diseases and metabolism,5,3,-2,0.0,0.0,-0.0
T12633,Legal case studies and regulations,8,0,-8,0.0001,0.0,-0.01
T13290,Diverse Industrial Engineering Technologies,2,6,4,0.0,0.0,0.0
T10699,Primate Behavior and Ecology,3,5,2,0.0,0.0,0.0
T14176,Interdisciplinary Cultural and Social Studies,8,0,-8,0.0001,0.0,-0.01
T13644,Control Systems in Engineering,4,4,0,0.0,0.0,0.0
T11750,Phytoplasmas and Hemiptera pathogens,4,4,0,0.0,0.0,0.0
T13776,Phytochemical and Pharmacological Studies,7,1,-6,0.0,0.0,-0.0
T11438,Retinal Imaging and Analysis,4,4,0,0.0,0.0,0.0
T14260,Impact of AI and Big Data on Business and Society,3,5,2,0.0,0.0,0.0
T12043,Insect behavior and control techniques,6,2,-4,0.0,0.0,-0.0
T12601,Web Applications and Data Management,3,5,2,0.0,0.0,0.0
T12657,Phytochemistry Medicinal Plant Applications,2,6,4,0.0,0.0,0.0
T11082,Spacecraft Dynamics and Control,2,6,4,0.0,0.0,0.0
T13282,Automated Road and Building Extraction,1,7,6,0.0,0.0,0.0
T13805,Adolescent Health and Behaviors,0,8,8,0.0,0.0001,0.01
T10651,"IPv6, Mobility, Handover, Networks, Security",6,2,-4,0.0,0.0,-0.0
T10579,Cognitive Radio Networks and Spectrum Sensing,4,4,0,0.0,0.0,0.0
T12587,Gestational Trophoblastic Disease Studies,6,2,-4,0.0,0.0,-0.0
T13362,Slime Mold and Myxomycetes Research,7,1,-6,0.0,0.0,-0.0
T14494,American Literature and Culture,1,7,6,0.0,0.0,0.0
T12602,Medical Education and Admissions,2,6,4,0.0,0.0,0.0
T12355,Genetic and rare skin diseases.,2,6,4,0.0,0.0,0.0
T13137,Strategic Planning and Analysis,1,7,6,0.0,0.0,0.0
T11543,Employee Performance and Motivation,0,8,8,0.0,0.0001,0.01
T13021,Geology and Environmental Impact Studies,0,8,8,0.0,0.0001,0.01
T11539,Survey Methodology and Nonresponse,0,8,8,0.0,0.0001,0.01
T13694,Immigration Law and Human Rights,0,8,8,0.0,0.0001,0.01
T12511,Medieval and Classical Philosophy,5,2,-3,0.0,0.0,-0.0
T13106,"Neuroscience, Education and Cognitive Function",7,0,-7,0.0,0.0,-0.0
T14351,Statistical and Computational Modeling,7,0,-7,0.0,0.0,-0.0
T13490,Aquatic Ecosystems and Biodiversity,5,2,-3,0.0,0.0,-0.0
T13717,Advanced Algorithms and Applications,6,1,-5,0.0,0.0,-0.0
T13808,Construction Engineering and Safety,4,3,-1,0.0,0.0,-0.0
T13179,"Literature, Culture, and Criticism",4,3,-1,0.0,0.0,-0.0
T12154,Pelvic and Acetabular Injuries,7,0,-7,0.0,0.0,-0.0
T11353,Venomous Animal Envenomation and Studies,4,3,-1,0.0,0.0,-0.0
T12571,Soybean genetics and cultivation,5,2,-3,0.0,0.0,-0.0
T13876,Chemical synthesis and pharmacological studies,3,4,1,0.0,0.0,0.0
T12516,Advanced Mathematical Theories and Applications,6,1,-5,0.0,0.0,-0.0
T11867,Traumatic Ocular and Foreign Body Injuries,6,1,-5,0.0,0.0,-0.0
T12433,Skin Diseases and Diabetes,5,2,-3,0.0,0.0,-0.0
T14028,Healthcare and Venom Research,6,1,-5,0.0,0.0,-0.0
T10230,Marine and fisheries research,6,1,-5,0.0,0.0,-0.0
T13422,Phytochemistry and biological activities of Ficus species,4,3,-1,0.0,0.0,-0.0
T12142,Marine Invertebrate Physiology and Ecology,7,0,-7,0.0,0.0,-0.0
T11204,Ion Channels and Receptors,2,5,3,0.0,0.0,0.0
T13687,Extractivism and Socioeconomic Issues,1,6,5,0.0,0.0,0.0
T13012,Coenzyme Q10 studies and effects,5,2,-3,0.0,0.0,-0.0
T13486,"Literature, Magical Realism, García Márquez",3,4,1,0.0,0.0,0.0
T13253,Chemical Reactions and Mechanisms,6,1,-5,0.0,0.0,-0.0
T14195,Linguistic and Cultural Studies,1,6,5,0.0,0.0,0.0
T14284,Social Sciences and Humanities,2,5,3,0.0,0.0,0.0
T11783,Turkey's Politics and Society,5,2,-3,0.0,0.0,-0.0
T12223,Leptospirosis research and findings,4,3,-1,0.0,0.0,-0.0
T13784,Jewish Identity and Society,0,7,7,0.0,0.0,0.0
T13794,Financial Reporting and XBRL,1,6,5,0.0,0.0,0.0
T13764,Political theory and Gramsci,3,4,1,0.0,0.0,0.0
T14025,Educational Technology and Assessment,6,1,-5,0.0,0.0,-0.0
T14226,"Migration, Racism, and Human Rights",3,4,1,0.0,0.0,0.0
T12523,Nasolacrimal Duct Obstruction Treatments,5,2,-3,0.0,0.0,-0.0
T14220,"Workaholism, burnout, and well-being",6,1,-5,0.0,0.0,-0.0
T14178,Environmental Science and Water Management,3,4,1,0.0,0.0,0.0
T12728,Demographic Trends and Gender Preferences,6,1,-5,0.0,0.0,-0.0
T14114,Digital Media and Philosophy,2,5,3,0.0,0.0,0.0
T12530,Bioactive Natural Diterpenoids Research,5,2,-3,0.0,0.0,-0.0
T13069,Cocoa and Sweet Potato Agronomy,6,1,-5,0.0,0.0,-0.0
T13194,ICT in Developing Communities,2,5,3,0.0,0.0,0.0
T13536,Psychological and Temporal Perspectives Research,3,4,1,0.0,0.0,0.0
T10929,Wnt/β-catenin signaling in development and cancer,4,3,-1,0.0,0.0,-0.0
T13785,Aquatic and Environmental Studies,3,4,1,0.0,0.0,0.0
T13242,Male Reproductive Health Studies,5,2,-3,0.0,0.0,-0.0
T14292,"Migration, Policy, and Dickens Studies",6,1,-5,0.0,0.0,-0.0
T13483,Herbal Medicine Research Studies,5,2,-3,0.0,0.0,-0.0
T12638,Pomegranate: compositions and health benefits,3,4,1,0.0,0.0,0.0
T13270,QR Code Applications and Technologies,4,3,-1,0.0,0.0,-0.0
T12009,Hedgehog Signaling Pathway Studies,6,1,-5,0.0,0.0,-0.0
T12712,Myofascial pain diagnosis and treatment,6,1,-5,0.0,0.0,-0.0
T13337,Korean Peninsula Historical and Political Studies,7,0,-7,0.0,0.0,-0.0
T10960,Hypothalamic control of reproductive hormones,3,4,1,0.0,0.0,0.0
T12061,Axon Guidance and Neuronal Signaling,7,0,-7,0.0,0.0,-0.0
T12497,Traditional and Medicinal Uses of Annonaceae,7,0,-7,0.0,0.0,-0.0
T11896,Opportunistic and Delay-Tolerant Networks,6,1,-5,0.0,0.0,-0.0
T12719,Aerospace Engineering and Energy Systems,7,0,-7,0.0,0.0,-0.0
T12569,Restless Legs Syndrome Research,5,2,-3,0.0,0.0,-0.0
T12468,Radiation Effects and Dosimetry,5,2,-3,0.0,0.0,-0.0
T13885,Geophysics and Sensor Technology,7,0,-7,0.0,0.0,-0.0
T13639,Paraquat toxicity studies and treatments,6,1,-5,0.0,0.0,-0.0
T10687,Innovative concrete reinforcement materials,2,5,3,0.0,0.0,0.0
T13543,Oropharyngeal Anatomy and Pathologies,6,1,-5,0.0,0.0,-0.0
T14324,Insects and Parasite Interactions,7,0,-7,0.0,0.0,-0.0
T12180,Polar Research and Ecology,6,1,-5,0.0,0.0,-0.0
T13705,Australian Indigenous Culture and History,4,3,-1,0.0,0.0,-0.0
T13546,Census and Population Estimation,7,0,-7,0.0,0.0,-0.0
T13685,Material Science and Thermodynamics,7,0,-7,0.0,0.0,-0.0
T13689,Underground infrastructure and sustainability,6,1,-5,0.0,0.0,-0.0
T13309,Reliability and Agreement in Measurement,5,2,-3,0.0,0.0,-0.0
T12115,Genetic and Environmental Crop Studies,7,0,-7,0.0,0.0,-0.0
T11714,Multimodal Machine Learning Applications,4,3,-1,0.0,0.0,-0.0
T12477,Toxin Mechanisms and Immunotoxins,7,0,-7,0.0,0.0,-0.0
T14434,Historical and Modern Theater Studies,7,0,-7,0.0,0.0,-0.0
T13921,Biological Stains and Phytochemicals,4,3,-1,0.0,0.0,-0.0
T11670,Pressure Ulcer Prevention and Management,4,3,-1,0.0,0.0,-0.0
T11941,Power System Reliability and Maintenance,6,1,-5,0.0,0.0,-0.0
T13738,Congenital Ear and Nasal Anomalies,6,1,-5,0.0,0.0,-0.0
T14458,Education and Work Dynamics,1,6,5,0.0,0.0,0.0
T11495,Animal Virus Infections Studies,4,3,-1,0.0,0.0,-0.0
T13749,"Hungarian Social, Economic and Educational Studies",6,1,-5,0.0,0.0,-0.0
T12222,IoT-based Smart Home Systems,4,3,-1,0.0,0.0,-0.0
T13316,"Crafts, Textile, and Design",2,5,3,0.0,0.0,0.0
T12634,Ureteral procedures and complications,4,3,-1,0.0,0.0,-0.0
T13992,Cynara cardunculus studies,6,1,-5,0.0,0.0,-0.0
T13305,Teacher Professional Development and Motivation,1,6,5,0.0,0.0,0.0
T11074,Helminth infection and control,2,5,3,0.0,0.0,0.0
T12132,Hymenoptera taxonomy and phylogeny,0,7,7,0.0,0.0,0.0
T13757,Graphic Design and Typography,0,7,7,0.0,0.0,0.0
T14266,"Interdisciplinary Studies: Technology, Society, and Humanities",0,7,7,0.0,0.0,0.0
T14133,Border Security and International Relations,0,7,7,0.0,0.0,0.0
T12822,Turfgrass Adaptation and Management,0,7,7,0.0,0.0,0.0
T13942,International Human Rights and Reproductive Law,0,7,7,0.0,0.0,0.0
T13292,Embedded Systems and FPGA Applications,0,7,7,0.0,0.0,0.0
T13127,Biotin and Related Studies,7,0,-7,0.0,0.0,-0.0
T11498,Security in Wireless Sensor Networks,4,3,-1,0.0,0.0,-0.0
T12378,Accounting Education and Careers,3,4,1,0.0,0.0,0.0
T12750,Nigella sativa pharmacological applications,4,3,-1,0.0,0.0,-0.0
T10584,Reproductive Physiology in Livestock,5,2,-3,0.0,0.0,-0.0
T11381,Infectious Diseases and Tuberculosis,5,2,-3,0.0,0.0,-0.0
T11793,"Recreation, Leisure, Wilderness Management",0,7,7,0.0,0.0,0.0
T13818,Cultural Studies and Colonialism,0,7,7,0.0,0.0,0.0
T13940,Philosophy and Literary Analysis,1,5,4,0.0,0.0,0.0
T12462,Elder Abuse and Neglect,4,2,-2,0.0,0.0,-0.0
T14510,Medical Imaging and Analysis,6,0,-6,0.0,0.0,-0.0
T12599,Retinal and Optic Conditions,4,2,-2,0.0,0.0,-0.0
T12298,Phytochemicals and Medicinal Plants,5,1,-4,0.0,0.0,-0.0
T14474,Industrial Technology and Control Systems,4,2,-2,0.0,0.0,-0.0
T12357,Digital Media Forensic Detection,4,2,-2,0.0,0.0,-0.0
T13725,Pineapple and bromelain studies,3,3,0,0.0,0.0,0.0
T14513,"Leadership, Courage, and Heroism Studies",6,0,-6,0.0,0.0,-0.0
T12007,Plasma and Flow Control in Aerodynamics,4,2,-2,0.0,0.0,-0.0
T13365,Medical and Biological Ozone Research,5,1,-4,0.0,0.0,-0.0
T11684,Vibrio bacteria research studies,6,0,-6,0.0,0.0,-0.0
T13334,South Asian Cinema and Culture,6,0,-6,0.0,0.0,-0.0
T12907,Mechanical Engineering and Vibrations Research,5,1,-4,0.0,0.0,-0.0
T12605,Berry genetics and cultivation research,5,1,-4,0.0,0.0,-0.0
T13632,Marriage and Sexual Relationships,1,5,4,0.0,0.0,0.0
T10777,Politics and Society in Latin America,3,3,0,0.0,0.0,0.0
T13436,Space Technology and Applications,2,4,2,0.0,0.0,0.0
T12135,Fuzzy Systems and Optimization,3,3,0,0.0,0.0,0.0
T14472,Environmental and Cultural Studies in Latin America and Beyond,4,2,-2,0.0,0.0,-0.0
T14297,Plant-Derived Bioactive Compounds,4,2,-2,0.0,0.0,-0.0
T13600,Science Education and Perceptions,4,2,-2,0.0,0.0,-0.0
T11985,Marine Toxins and Detection Methods,2,4,2,0.0,0.0,0.0
T11576,IgG4-Related and Inflammatory Diseases,3,3,0,0.0,0.0,0.0
T10559,Particle Accelerators and Free-Electron Lasers,6,0,-6,0.0,0.0,-0.0
T12647,Traditional Chinese Medicine Studies,4,2,-2,0.0,0.0,-0.0
T14247,"Borges, Kipling, and Jewish Identity",3,3,0,0.0,0.0,0.0
T12732,Agriculture and Farm Safety,2,4,2,0.0,0.0,0.0
T11828,Corneal Surgery and Treatments,4,2,-2,0.0,0.0,-0.0
T13469,"Environmental, Ecological, and Cultural Studies",1,5,4,0.0,0.0,0.0
T13548,Environmental and biological studies,1,5,4,0.0,0.0,0.0
T13765,Social Science and Policy Research,2,4,2,0.0,0.0,0.0
T12758,Saffron Plant Research Studies,4,2,-2,0.0,0.0,-0.0
T13779,Cancer Mechanisms and Therapy,6,0,-6,0.0,0.0,-0.0
T14232,Water Resource Management and Quality,2,4,2,0.0,0.0,0.0
T12284,Emotional Labor in Professions,2,4,2,0.0,0.0,0.0
T13803,Organizational Strategy and Culture,1,5,4,0.0,0.0,0.0
T10989,Uterine Myomas and Treatments,3,3,0,0.0,0.0,0.0
T14360,Psidium guajava Extracts and Applications,4,2,-2,0.0,0.0,-0.0
T12957,"War, Ethics, and Justification",3,3,0,0.0,0.0,0.0
T11701,Space Satellite Systems and Control,3,3,0,0.0,0.0,0.0
T12160,African cultural and philosophical studies,1,5,4,0.0,0.0,0.0
T14079,Mathematics Education and Programs,2,4,2,0.0,0.0,0.0
T13905,Telecommunications and Broadcasting Technologies,1,5,4,0.0,0.0,0.0
T14085,Student Stress and Coping,0,6,6,0.0,0.0,0.0
T12928,Education and Cultural Studies,2,4,2,0.0,0.0,0.0
T12122,Physical Unclonable Functions (PUFs) and Hardware Security,3,3,0,0.0,0.0,0.0
T12749,"Race, Genetics, and Society",4,2,-2,0.0,0.0,-0.0
T13415,Calcium signaling and nucleotide metabolism,4,2,-2,0.0,0.0,-0.0
T13507,"Literature, Politics, and Exile Studies",2,4,2,0.0,0.0,0.0
T12515,Gender and Technology in Education,4,2,-2,0.0,0.0,-0.0
T12278,Vascular Tumors and Angiosarcomas,3,3,0,0.0,0.0,0.0
T11458,Advanced Wireless Communication Technologies,4,2,-2,0.0,0.0,-0.0
T11532,Chemokine receptors and signaling,4,2,-2,0.0,0.0,-0.0
T11767,Poxvirus research and outbreaks,3,3,0,0.0,0.0,0.0
T13651,Medicinal Plants and Bioactive Compounds,5,1,-4,0.0,0.0,-0.0
T13927,Cyberloafing and Workplace Behavior,1,5,4,0.0,0.0,0.0
T11483,Tropical and Extratropical Cyclones Research,3,3,0,0.0,0.0,0.0
T14207,Higher Education Practises and Engagement,3,3,0,0.0,0.0,0.0
T12424,Earthquake Detection and Analysis,4,2,-2,0.0,0.0,-0.0
T12090,Language and cultural evolution,5,1,-4,0.0,0.0,-0.0
T14467,"Public Administration, ICT, and Policy Development",5,1,-4,0.0,0.0,-0.0
T11105,Advanced Image Processing Techniques,4,2,-2,0.0,0.0,-0.0
T12347,Ginger and Zingiberaceae research,4,2,-2,0.0,0.0,-0.0
T12449,Spacecraft Design and Technology,4,2,-2,0.0,0.0,-0.0
T13222,"Caribbean history, culture, and politics",5,1,-4,0.0,0.0,-0.0
T13464,Higher Education and Sustainability,5,1,-4,0.0,0.0,-0.0
T13657,Aortic Thrombus and Embolism,5,1,-4,0.0,0.0,-0.0
T13871,Melamine detection and toxicity,6,0,-6,0.0,0.0,-0.0
T14320,Optics and Image Analysis,6,0,-6,0.0,0.0,-0.0
T13298,Solar Energy Systems and Technologies,4,2,-2,0.0,0.0,-0.0
T13566,Global Educational Reforms and Inequalities,5,1,-4,0.0,0.0,-0.0
T12683,Studies on Chitinases and Chitosanases,6,0,-6,0.0,0.0,-0.0
T12578,Diagnosis and treatment of tuberculosis,5,1,-4,0.0,0.0,-0.0
T12642,Polymer-Based Agricultural Enhancements,3,3,0,0.0,0.0,0.0
T10966,Liver physiology and pathology,3,3,0,0.0,0.0,0.0
T12426,Lymphatic Disorders and Treatments,3,3,0,0.0,0.0,0.0
T12724,Water-Energy-Food Nexus Studies,4,2,-2,0.0,0.0,-0.0
T13339,Landscape and Cultural Studies,4,2,-2,0.0,0.0,-0.0
T14139,E-commerce and Technology Innovations,1,5,4,0.0,0.0,0.0
T11855,Gastrointestinal disorders and treatments,4,2,-2,0.0,0.0,-0.0
T12360,Plant-derived Lignans Synthesis and Bioactivity,5,1,-4,0.0,0.0,-0.0
T10775,Generative Adversarial Networks and Image Synthesis,4,2,-2,0.0,0.0,-0.0
T13584,Coal Combustion and Slurry Processing,5,1,-4,0.0,0.0,-0.0
T11863,"Gender, Security, and Conflict",4,2,-2,0.0,0.0,-0.0
T14009,Ecology and Conservation Studies,6,0,-6,0.0,0.0,-0.0
T13213,Mechanical Failure Analysis and Simulation,4,2,-2,0.0,0.0,-0.0
T11756,Mentoring and Academic Development,2,4,2,0.0,0.0,0.0
T12518,Diverticular Disease and Complications,5,1,-4,0.0,0.0,-0.0
T13660,Philosophical and Historical Studies,4,2,-2,0.0,0.0,-0.0
T13000,World Systems and Global Transformations,2,4,2,0.0,0.0,0.0
T13960,"Dietetics, Nutrition, and Education",2,4,2,0.0,0.0,0.0
T13471,Cognitive Functions and Memory,3,3,0,0.0,0.0,0.0
T13014,Peace and Human Rights Education,3,3,0,0.0,0.0,0.0
T12944,Animal Nutrition and Health,1,5,4,0.0,0.0,0.0
T13363,Soft tissue tumors and treatment,3,3,0,0.0,0.0,0.0
T14460,"Literary, Cultural, Historical Analysis",0,6,6,0.0,0.0,0.0
T13646,Qur’anic Interpretation Studies,0,6,6,0.0,0.0,0.0
T13815,Islamic Thought and Society Studies,0,6,6,0.0,0.0,0.0
T13323,Spinal Hematomas and Complications,4,2,-2,0.0,0.0,-0.0
T12978,Innovative Teaching Methodologies in Social Sciences,0,6,6,0.0,0.0,0.0
T14356,Organizational Leadership and Management Strategies,2,4,2,0.0,0.0,0.0
T11611,Cyclopropane Reaction Mechanisms,5,1,-4,0.0,0.0,-0.0
T12348,Rural Development and Agriculture,5,1,-4,0.0,0.0,-0.0
T13395,"Education, Leadership, and Health Research",6,0,-6,0.0,0.0,-0.0
T14093,Global Health and Epidemiology,2,4,2,0.0,0.0,0.0
T11726,Organizational Management and Innovation,2,4,2,0.0,0.0,0.0
T12385,Food Quality and Safety Studies,6,0,-6,0.0,0.0,-0.0
T12995,Urban Development and Cultural Heritage,0,6,6,0.0,0.0,0.0
T13010,Agriculture and Agroindustry Studies,0,6,6,0.0,0.0,0.0
T13043,Youth Culture and Social Dynamics,0,6,6,0.0,0.0,0.0
T12958,Digital Economy and Transformation,0,6,6,0.0,0.0,0.0
T14066,Economic Development and Regional Competitiveness,0,6,6,0.0,0.0,0.0
T14381,"Psychiatry, Mental Health, Neuroscience",0,6,6,0.0,0.0,0.0
T12807,Consumer Behavior and Market Dynamics,0,6,6,0.0,0.0,0.0
T11734,Decision Support System Applications,0,6,6,0.0,0.0,0.0
T13947,Media Discourse and Social  Analysis,0,6,6,0.0,0.0,0.0
T14091,Industrial and Mining Safety,0,6,6,0.0,0.0,0.0
T14416,"Health, Technology, Consumer Behavior",0,6,6,0.0,0.0,0.0
T13653,"Commonwealth, Australian Politics and Federalism",3,2,-1,0.0,0.0,-0.0
T12333,Abdominal Surgery and Complications,5,0,-5,0.0,0.0,-0.0
T14018,Agriculture and Biological Studies,5,0,-5,0.0,0.0,-0.0
T10655,GNSS positioning and interference,3,2,-1,0.0,0.0,-0.0
T13182,Quantum-Dot Cellular Automata,3,2,-1,0.0,0.0,-0.0
T10494,Plant Virus Research Studies,4,1,-3,0.0,0.0,-0.0
T13962,Omental and Epiploic Conditions,5,0,-5,0.0,0.0,-0.0
T11321,Error Correcting Code Techniques,2,3,1,0.0,0.0,0.0
T10232,Optical Network Technologies,4,1,-3,0.0,0.0,-0.0
T11403,Invertebrate Immune Response Mechanisms,2,3,1,0.0,0.0,0.0
T14068,Organic and Inorganic Chemical Reactions,3,2,-1,0.0,0.0,-0.0
T12434,Phosphodiesterase function and regulation,4,1,-3,0.0,0.0,-0.0
T11905,Veterinary Pharmacology and Anesthesia,2,3,1,0.0,0.0,0.0
T11527,3D IC and TSV technologies,2,3,1,0.0,0.0,0.0
T12734,Information Systems and Technology Applications,1,4,3,0.0,0.0,0.0
T13047,Pharmacological Receptor Mechanisms and Effects,5,0,-5,0.0,0.0,-0.0
T10628,China's Socioeconomic Reforms and Governance,4,1,-3,0.0,0.0,-0.0
T12148,Brazilian Legal Issues,4,1,-3,0.0,0.0,-0.0
T13855,Aerospace Engineering and Control Systems,5,0,-5,0.0,0.0,-0.0
T12153,Advanced Optical Sensing Technologies,3,2,-1,0.0,0.0,-0.0
T14488,Chemical and Physical Studies,1,4,3,0.0,0.0,0.0
T13894,Indian Economic and Social Development,3,2,-1,0.0,0.0,-0.0
T12376,Corporate Management and Leadership,2,3,1,0.0,0.0,0.0
T13999,Digital Rights Management and Security,4,1,-3,0.0,0.0,-0.0
T12965,Wildlife Conservation and Criminology Analyses,4,1,-3,0.0,0.0,-0.0
T12384,Customer churn and segmentation,2,3,1,0.0,0.0,0.0
T13769,Fusion and Plasma Physics Studies,5,0,-5,0.0,0.0,-0.0
T11516,Visual and Cognitive Learning Processes,2,3,1,0.0,0.0,0.0
T13405,Educational Assessment and Improvement,3,2,-1,0.0,0.0,-0.0
T13467,Drug-Induced Ocular Toxicity,1,4,3,0.0,0.0,0.0
T14299,Complex Systems and Dynamics,1,4,3,0.0,0.0,0.0
T13874,Information Architecture and Usability,2,3,1,0.0,0.0,0.0
T12833,Bartonella species infections research,3,2,-1,0.0,0.0,-0.0
T12474,Education Discipline and Inequality,0,5,5,0.0,0.0,0.0
T10363,Low-power high-performance VLSI design,4,1,-3,0.0,0.0,-0.0
T10890,Trypanosoma species research and implications,3,2,-1,0.0,0.0,-0.0
T12152,Concrete Properties and Behavior,3,2,-1,0.0,0.0,-0.0
T13611,"Education, Management, Technology, Human Resources",2,3,1,0.0,0.0,0.0
T14051,Regional Economic and Spatial Analysis,2,3,1,0.0,0.0,0.0
T11706,Forensic Entomology and Diptera Studies,4,1,-3,0.0,0.0,-0.0
T14179,Waste Management and Recycling,0,5,5,0.0,0.0,0.0
T13828,Natural Products and Biological Research,1,4,3,0.0,0.0,0.0
T11518,Cervical and Thoracic Myelopathy,0,5,5,0.0,0.0,0.0
T11780,Rabies epidemiology and control,3,2,-1,0.0,0.0,-0.0
T12841,Echinoderm biology and ecology,3,2,-1,0.0,0.0,-0.0
T12884,Educational Assessment and Pedagogy,1,4,3,0.0,0.0,0.0
T12606,Diptera species taxonomy and behavior,3,2,-1,0.0,0.0,-0.0
T12771,Plant pathogens and resistance mechanisms,4,1,-3,0.0,0.0,-0.0
T14465,"Leadership, Behavior, and Decision-Making Studies",1,4,3,0.0,0.0,0.0
T11267,Abdominal Trauma and Injuries,3,2,-1,0.0,0.0,-0.0
T12131,Wireless Signal Modulation Classification,4,1,-3,0.0,0.0,-0.0
T13618,Regional Socio-Economic Development Trends,3,2,-1,0.0,0.0,-0.0
T12702,Brain Tumor Detection and Classification,3,2,-1,0.0,0.0,-0.0
T11436,Entomopathogenic Microorganisms in Pest Control,4,1,-3,0.0,0.0,-0.0
T13385,Infectious Diseases and Mycology,4,1,-3,0.0,0.0,-0.0
T12370,Advances in Cucurbitaceae Research,5,0,-5,0.0,0.0,-0.0
T12512,History of Colonial Brazil,5,0,-5,0.0,0.0,-0.0
T12747,Moyamoya disease diagnosis and treatment,5,0,-5,0.0,0.0,-0.0
T13935,Mathematical Control Systems and Analysis,5,0,-5,0.0,0.0,-0.0
T11061,Ocean Waves and Remote Sensing,5,0,-5,0.0,0.0,-0.0
T13638,Human auditory perception and evaluation,5,0,-5,0.0,0.0,-0.0
T14052,Galician and Iberian cultural studies,5,0,-5,0.0,0.0,-0.0
T13965,Laser and Thermal Forming Techniques,5,0,-5,0.0,0.0,-0.0
T13915,Public Health in Brazil,5,0,-5,0.0,0.0,-0.0
T13252,Sex and Gender in Healthcare,5,0,-5,0.0,0.0,-0.0
T13310,Subtitles and Audiovisual Media,2,3,1,0.0,0.0,0.0
T13825,Economic Policies and Impacts,4,1,-3,0.0,0.0,-0.0
T12980,Family Caregiving in Mental Illness,4,1,-3,0.0,0.0,-0.0
T13811,Earth Systems and Cosmic Evolution,4,1,-3,0.0,0.0,-0.0
T14106,Environmental and Sediment Control,1,4,3,0.0,0.0,0.0
T14075,Psychodrama and Leishmaniasis Studies,5,0,-5,0.0,0.0,-0.0
T12258,"Perfectionism, Procrastination, Anxiety Studies",4,1,-3,0.0,0.0,-0.0
T13097,Male Breast Health Studies,3,2,-1,0.0,0.0,-0.0
T11167,Hair Growth and Disorders,2,3,1,0.0,0.0,0.0
T10348,"Indigenous Health, Education, and Rights",3,2,-1,0.0,0.0,-0.0
T14055,Consumer Packaging Perceptions and Trends,3,2,-1,0.0,0.0,-0.0
T14326,Ear and Head Tumors,4,1,-3,0.0,0.0,-0.0
T12960,Heterotopic Ossification and Related Conditions,3,2,-1,0.0,0.0,-0.0
T13414,Radioactive Decay and Measurement Techniques,3,2,-1,0.0,0.0,-0.0
T12476,Intraoperative Neuromonitoring and Anesthetic Effects,5,0,-5,0.0,0.0,-0.0
T10921,Neutrino Physics Research,5,0,-5,0.0,0.0,-0.0
T11338,Advancements in Photolithography Techniques,3,2,-1,0.0,0.0,-0.0
T12551,Forgiveness and Related Behaviors,2,3,1,0.0,0.0,0.0
T12888,Military Strategy and Technology,1,4,3,0.0,0.0,0.0
T13256,Archaeology and Rock Art Studies,3,2,-1,0.0,0.0,-0.0
T14254,Digital Media and Visual Art,3,2,-1,0.0,0.0,-0.0
T14020,Medical research and treatments,2,3,1,0.0,0.0,0.0
T13851,"Law, AI, and Intellectual Property",4,1,-3,0.0,0.0,-0.0
T14038,"Youth, Politics, and Society",1,4,3,0.0,0.0,0.0
T10796,Cooperative Communication and Network Coding,2,3,1,0.0,0.0,0.0
T12126,Maritime Transport Emissions and Efficiency,3,2,-1,0.0,0.0,-0.0
T13399,Unemployment and Economic Growth,1,4,3,0.0,0.0,0.0
T13957,Corporate Governance and Financial Management,1,4,3,0.0,0.0,0.0
T14273,"Cultural, Psychoanalytic, and Sociopolitical Reflections",0,5,5,0.0,0.0,0.0
T13819,Collaborative and Sustainable Housing Initiatives,0,5,5,0.0,0.0,0.0
T13032,COVID-19 Prevention and Impact,0,5,5,0.0,0.0,0.0
T13872,Vocational and Entrepreneurial Education,0,5,5,0.0,0.0,0.0
T14123,Decolonial Thought and Epistemologies,0,5,5,0.0,0.0,0.0
T11605,Visual Attention and Saliency Detection,0,5,5,0.0,0.0,0.0
T12899,Engineering and Technology Innovations,0,5,5,0.0,0.0,0.0
T14098,Energy Efficiency in Computing,0,5,5,0.0,0.0,0.0
T12785,Hong Kong and Taiwan Politics,5,0,-5,0.0,0.0,-0.0
T12354,Innovations in Educational Methods,3,2,-1,0.0,0.0,-0.0
T14316,"Nursing Education, Practice, and Leadership",1,4,3,0.0,0.0,0.0
T14384,Ophthalmology and Visual Health Research,1,4,3,0.0,0.0,0.0
T12460,Pediatric Hepatobiliary Diseases and Treatments,4,1,-3,0.0,0.0,-0.0
T13982,Social Movements and Cultural Identity,1,4,3,0.0,0.0,0.0
T11297,Ferroptosis and cancer prognosis,3,2,-1,0.0,0.0,-0.0
T13630,Agriculture Market Analysis Ukraine,1,4,3,0.0,0.0,0.0
T11547,Sesquiterpenes and Asteraceae Studies,4,1,-3,0.0,0.0,-0.0
T13266,Indigenous Studies in Latin America,0,5,5,0.0,0.0,0.0
T14309,Employee Performance and Management,0,5,5,0.0,0.0,0.0
T14359,Wetland Management and Conservation,0,5,5,0.0,0.0,0.0
T13324,Scientific and Engineering Research Topics,1,3,2,0.0,0.0,0.0
T13018,Seismology and Earthquake Studies,2,2,0,0.0,0.0,0.0
T13709,Education in Diverse Contexts,3,1,-2,0.0,0.0,-0.0
T14509,demographic modeling and climate adaptation,4,0,-4,0.0,0.0,-0.0
T12790,Nursing Diagnosis and Documentation,3,1,-2,0.0,0.0,-0.0
T13238,Botanical Studies and Applications,4,0,-4,0.0,0.0,-0.0
T11525,Piezoelectric Actuators and Control,3,1,-2,0.0,0.0,-0.0
T12631,Head and Neck Anomalies,4,0,-4,0.0,0.0,-0.0
T14137,"Agriculture, Soil, Plant Science",4,0,-4,0.0,0.0,-0.0
T13094,Mining and Gasification Technologies,4,0,-4,0.0,0.0,-0.0
T13059,"Religion, Ecology, and Ethics",3,1,-2,0.0,0.0,-0.0
T12113,Growth and nutrition in plants,3,1,-2,0.0,0.0,-0.0
T12596,Cephalopods and Marine Biology,4,0,-4,0.0,0.0,-0.0
T13423,Social Policies and Healthcare Reform,1,3,2,0.0,0.0,0.0
T13284,Psychology Research and Bibliometrics,3,1,-2,0.0,0.0,-0.0
T10527,High-Energy Particle Collisions Research,3,1,-2,0.0,0.0,-0.0
T14410,Safety and Risk Management,2,2,0,0.0,0.0,0.0
T13564,Education and Public Policy,3,1,-2,0.0,0.0,-0.0
T13503,"Gender, Health, and Social Inequality",3,1,-2,0.0,0.0,-0.0
T14057,Hypertrophic osteoarthropathy and related conditions,3,1,-2,0.0,0.0,-0.0
T12550,"Politics and Conflicts in Afghanistan, Pakistan, and Middle East",2,2,0,0.0,0.0,0.0
T10871,Catalytic Alkyne Reactions,3,1,-2,0.0,0.0,-0.0
T13051,Qualitative Comparative Analysis Research,1,3,2,0.0,0.0,0.0
T12431,Sugarcane Cultivation and Processing,2,2,0,0.0,0.0,0.0
T13670,Ziziphus Jujuba Studies and Applications,2,2,0,0.0,0.0,0.0
T14140,Elite Sociology and Global Capitalism,1,3,2,0.0,0.0,0.0
T12273,Latin American Urban Studies,2,2,0,0.0,0.0,0.0
T13792,Morinda citrifolia extract uses,3,1,-2,0.0,0.0,-0.0
T12490,Software Engineering and Design Patterns,1,3,2,0.0,0.0,0.0
T11826,Ocular Infections and Treatments,1,3,2,0.0,0.0,0.0
T13671,Philosophy and Phenomenology Studies,1,3,2,0.0,0.0,0.0
T14483,Education and Teacher Training,2,2,0,0.0,0.0,0.0
T14283,Diverse Academic Research Areas,0,4,4,0.0,0.0,0.0
T12799,Mobile and Web Applications,0,4,4,0.0,0.0,0.0
T13934,Indigenous Knowledge Systems and Agriculture,2,2,0,0.0,0.0,0.0
T12842,"Youth, Drugs, and Violence",2,2,0,0.0,0.0,0.0
T12522,Mathematics Education and Pedagogy,0,4,4,0.0,0.0,0.0
T14520,Sustainable Urban and Rural Development,1,3,2,0.0,0.0,0.0
T14305,Modern American Literature Studies,2,2,0,0.0,0.0,0.0
T13741,Cross-Cultural and Social Analysis,0,4,4,0.0,0.0,0.0
T12969,Economic and Social Development,1,3,2,0.0,0.0,0.0
T11992,CCD and CMOS Imaging Sensors,3,1,-2,0.0,0.0,-0.0
T13820,SAS software applications and methods,1,3,2,0.0,0.0,0.0
T14043,Historical and modern epidemiology studies,1,3,2,0.0,0.0,0.0
T14445,Transportation Safety and Impact Analysis,3,1,-2,0.0,0.0,-0.0
T12242,Latin American and Latino Studies,3,1,-2,0.0,0.0,-0.0
T11517,Advanced optical system design,0,4,4,0.0,0.0,0.0
T13812,AI and HR Technologies,1,3,2,0.0,0.0,0.0
T13391,Innovations in Aquaponics and Hydroponics Systems,2,2,0,0.0,0.0,0.0
T12059,Berberine and alkaloids research,3,1,-2,0.0,0.0,-0.0
T14392,Geoscience and Mining Technology,3,1,-2,0.0,0.0,-0.0
T11524,Advanced Aircraft Design and Technologies,3,1,-2,0.0,0.0,-0.0
T11192,Underwater Vehicles and Communication Systems,2,2,0,0.0,0.0,0.0
T13338,Pharmacological Effects and Assays,3,1,-2,0.0,0.0,-0.0
T12045,Rice Cultivation and Yield Improvement,3,1,-2,0.0,0.0,-0.0
T14338,"Leadership, Human Resources, Global Affairs",4,0,-4,0.0,0.0,-0.0
T13354,Genetics and Physical Performance,4,0,-4,0.0,0.0,-0.0
T11671,Fuzzy and Soft Set Theory,4,0,-4,0.0,0.0,-0.0
T14401,"Technology, Environment, Urban Planning",4,0,-4,0.0,0.0,-0.0
T14046,Bach Studies and Logistics Development,4,0,-4,0.0,0.0,-0.0
T12705,Educational Reforms and Innovations,4,0,-4,0.0,0.0,-0.0
T11709,Traditional Chinese Medicine Analysis,4,0,-4,0.0,0.0,-0.0
T14182,Technology-Enhanced Education Studies,4,0,-4,0.0,0.0,-0.0
T12473,Pacific and Southeast Asian Studies,4,0,-4,0.0,0.0,-0.0
T13192,Forensic Fingerprint Detection Methods,4,0,-4,0.0,0.0,-0.0
T14101,Financial Crisis of the 21st Century,4,0,-4,0.0,0.0,-0.0
T13576,"Cyprus History, Politics, Society",3,1,-2,0.0,0.0,-0.0
T13184,Research in Social Sciences,4,0,-4,0.0,0.0,-0.0
T13037,Piperaceae Chemical and Biological Studies,2,2,0,0.0,0.0,0.0
T13847,Literature Analysis and Criticism,4,0,-4,0.0,0.0,-0.0
T13655,Canadian Policy and Governance,3,1,-2,0.0,0.0,-0.0
T13895,Educational Leadership and Innovation,3,1,-2,0.0,0.0,-0.0
T13547,Economic and Industrial Development,2,2,0,0.0,0.0,0.0
T14499,Livestock Farming and Management,1,3,2,0.0,0.0,0.0
T14142,Multicultural Socio-Legal Studies,2,2,0,0.0,0.0,0.0
T10891,Radar Systems and Signal Processing,2,2,0,0.0,0.0,0.0
T12521,Death Anxiety and Social Exclusion,2,2,0,0.0,0.0,0.0
T11980,Human Mobility and Location-Based Analysis,2,2,0,0.0,0.0,0.0
T13679,Tardigrade Biology and Ecology,4,0,-4,0.0,0.0,-0.0
T11946,Antenna Design and Optimization,4,0,-4,0.0,0.0,-0.0
T12529,Ga2O3 and related materials,2,2,0,0.0,0.0,0.0
T13594,Healthcare innovation and challenges,2,2,0,0.0,0.0,0.0
T13839,"Tourism, Volunteerism, and Development",2,2,0,0.0,0.0,0.0
T14420,Advanced Research in Systems and Signal Processing,4,0,-4,0.0,0.0,-0.0
T14394,Cognitive Science and Education Research,4,0,-4,0.0,0.0,-0.0
T12365,Effects of Environmental Stressors on Livestock,4,0,-4,0.0,0.0,-0.0
T13972,Business Law and Ethics,2,2,0,0.0,0.0,0.0
T13599,Architecture and Cultural Influences,2,2,0,0.0,0.0,0.0
T12165,Environmental Sustainability and Education,3,1,-2,0.0,0.0,-0.0
T10093,Nuclear physics research studies,2,2,0,0.0,0.0,0.0
T12584,Hospitality and Tourism Education,1,3,2,0.0,0.0,0.0
T13664,Genome Rearrangement Algorithms,4,0,-4,0.0,0.0,-0.0
T13125,Agricultural pest management studies,2,2,0,0.0,0.0,0.0
T14197,Historical Studies of Medieval Iberia,3,1,-2,0.0,0.0,-0.0
T12487,Structural Engineering and Vibration Analysis,2,2,0,0.0,0.0,0.0
T13631,"Global History, Politics, and Ideology",1,3,2,0.0,0.0,0.0
T13535,Wireless Sensor Networks and IoT,0,4,4,0.0,0.0,0.0
T12780,Heavy Metal Pollution Remediation,0,4,4,0.0,0.0,0.0
T13210,Historical Turkish Studies,0,4,4,0.0,0.0,0.0
T14415,Biomedical Research and Pathophysiology,3,1,-2,0.0,0.0,-0.0
T10463,Pulsars and Gravitational Waves Research,3,1,-2,0.0,0.0,-0.0
T13008,Agricultural Practices and Plant Genetics,4,0,-4,0.0,0.0,-0.0
T13036,Veterinary Practice and Education Studies,1,3,2,0.0,0.0,0.0
T13780,Diverse Education Studies and Reforms,4,0,-4,0.0,0.0,-0.0
T13492,"Science, Technology, and Education in Latin America",2,2,0,0.0,0.0,0.0
T14225,Advanced Sensor and Control Systems,3,1,-2,0.0,0.0,-0.0
T12143,Place Attachment and Urban Studies,1,3,2,0.0,0.0,0.0
T13410,Immune responses and vaccinations,3,1,-2,0.0,0.0,-0.0
T14135,Cancer and biochemical research,0,4,4,0.0,0.0,0.0
T12593,Communication in Education and Healthcare,0,4,4,0.0,0.0,0.0
T14131,Giambattista Vico and Joyce,0,4,4,0.0,0.0,0.0
T13420,Arduino and IoT Applications,0,4,4,0.0,0.0,0.0
T13533,Medical Case Reports and Studies,0,4,4,0.0,0.0,0.0
T13683,"Architecture, Art, Education",0,4,4,0.0,0.0,0.0
T13528,Water Resources and Governance,0,4,4,0.0,0.0,0.0
T13313,Dupuytren's Contracture and Treatments,3,0,-3,0.0,0.0,-0.0
T13787,"Globalization, Historical Perspectives, and International Relations",1,2,1,0.0,0.0,0.0
T12107,Leprosy Research and Treatment,2,1,-1,0.0,0.0,-0.0
T13991,Nuclear Receptors and Signaling,3,0,-3,0.0,0.0,-0.0
T13209,Cold Fusion and Nuclear Reactions,3,0,-3,0.0,0.0,-0.0
T12721,Moringa oleifera research and applications,3,0,-3,0.0,0.0,-0.0
T13849,Enterobacteriaceae and Cronobacter Research,3,0,-3,0.0,0.0,-0.0
T14209,Public health and occupational medicine,2,1,-1,0.0,0.0,-0.0
T14071,Healthcare during COVID-19 Pandemic,1,2,1,0.0,0.0,0.0
T13563,Chemical Analysis and Environmental Impact,2,1,-1,0.0,0.0,-0.0
T12375,Cuban History and Society,2,1,-1,0.0,0.0,-0.0
T12835,FOXO transcription factor regulation,3,0,-3,0.0,0.0,-0.0
T12775,Legal Issues in South Africa,2,1,-1,0.0,0.0,-0.0
T13341,Belt Conveyor Systems Engineering,3,0,-3,0.0,0.0,-0.0
T14486,"Cardiovascular, Neuropeptides, and Oxidative Stress Research",2,1,-1,0.0,0.0,-0.0
T13371,Military Defense Systems Analysis,3,0,-3,0.0,0.0,-0.0
T11427,Elbow and Forearm Trauma Treatment,1,2,1,0.0,0.0,0.0
T13278,Economic and Business Development Strategies,3,0,-3,0.0,0.0,-0.0
T12543,Groundwater and Watershed Analysis,2,1,-1,0.0,0.0,-0.0
T11487,Automotive and Human Injury Biomechanics,3,0,-3,0.0,0.0,-0.0
T11123,Obsessive-Compulsive Spectrum Disorders,3,0,-3,0.0,0.0,-0.0
T12879,Distributed Sensor Networks and Detection Algorithms,3,0,-3,0.0,0.0,-0.0
T12534,Protein Degradation and Inhibitors,2,1,-1,0.0,0.0,-0.0
T11978,Soil Mechanics and Vehicle Dynamics,3,0,-3,0.0,0.0,-0.0
T13719,Phytochemistry and Bioactivity Studies,2,1,-1,0.0,0.0,-0.0
T14215,Chemical and Environmental Engineering Research,2,1,-1,0.0,0.0,-0.0
T14312,Historical Studies in Central America,1,2,1,0.0,0.0,0.0
T12463,Amoebic Infections and Treatments,1,2,1,0.0,0.0,0.0
T10187,Radio Frequency Integrated Circuit Design,1,2,1,0.0,0.0,0.0
T13971,Synthesis and Biological Activity,3,0,-3,0.0,0.0,-0.0
T14382,Electrophoretic Deposition in Materials Science,1,2,1,0.0,0.0,0.0
T11604,Ship Hydrodynamics and Maneuverability,1,2,1,0.0,0.0,0.0
T12828,Plant Genetic and Mutation Studies,3,0,-3,0.0,0.0,-0.0
T12089,Intestinal and Peritoneal Adhesions,2,1,-1,0.0,0.0,-0.0
T13789,Global Education Systems and Policies,1,2,1,0.0,0.0,0.0
T12548,Hemostasis and retained surgical items,1,2,1,0.0,0.0,0.0
T12952,School Leadership and Teacher Performance,1,2,1,0.0,0.0,0.0
T13666,Postmodernism in Literature and Education,1,2,1,0.0,0.0,0.0
T13884,Educational Leadership and Practices,1,2,1,0.0,0.0,0.0
T13062,Cognitive Computing and Networks,1,2,1,0.0,0.0,0.0
T13274,Expert finding and Q&A systems,1,2,1,0.0,0.0,0.0
T13990,Engine and Fuel Emissions,1,2,1,0.0,0.0,0.0
T11955,Urban and spatial planning,1,2,1,0.0,0.0,0.0
T14200,"Medical, Sociocultural, and Biopolitical Studies",1,2,1,0.0,0.0,0.0
T11806,Service-Learning and Community Engagement,1,2,1,0.0,0.0,0.0
T11409,Advanced Wireless Network Optimization,1,2,1,0.0,0.0,0.0
T13287,Robotic Process Automation Applications,1,2,1,0.0,0.0,0.0
T14250,Energy and Environmental Systems,2,1,-1,0.0,0.0,-0.0
T14345,Scientific Research and Philosophical Inquiry,2,1,-1,0.0,0.0,-0.0
T13878,Case Reports on Hematomas,2,1,-1,0.0,0.0,-0.0
T13306,Geography and Education Methods,1,2,1,0.0,0.0,0.0
T11820,Learning Styles and Cognitive Differences,0,3,3,0.0,0.0,0.0
T14116,Aviation History and Innovations,0,3,3,0.0,0.0,0.0
T14447,Trade Secret Protection Methods,0,3,3,0.0,0.0,0.0
T13441,Ottoman Empire History and Society,1,2,1,0.0,0.0,0.0
T13078,Political and Social Dynamics in Chile and Latin America,1,2,1,0.0,0.0,0.0
T14282,"Security, Politics, and Digital Transformation",2,1,-1,0.0,0.0,-0.0
T14181,Academic Freedom and Politics,1,2,1,0.0,0.0,0.0
T13387,"Politics, Economics, and Education Policy",2,1,-1,0.0,0.0,-0.0
T13346,Digital Transformation in Financial Services,1,2,1,0.0,0.0,0.0
T13085,"Education, Psychology, and Social Research",2,1,-1,0.0,0.0,-0.0
T13846,Mangiferin and Mango Extracts,2,1,-1,0.0,0.0,-0.0
T13269,Orthoptera Research and Taxonomy,2,1,-1,0.0,0.0,-0.0
T13961,Socioeconomics of Resources and Conservation,1,2,1,0.0,0.0,0.0
T13542,"Grit, Self-Efficacy, and Motivation",2,1,-1,0.0,0.0,-0.0
T13243,Innovation in Digital Healthcare Systems,2,1,-1,0.0,0.0,-0.0
T11408,Advanced Optical Imaging Technologies,2,1,-1,0.0,0.0,-0.0
T12464,Neurological Complications and Syndromes,3,0,-3,0.0,0.0,-0.0
T12667,Economic and Technological Developments in Russia,3,0,-3,0.0,0.0,-0.0
T12389,Infrared Target Detection Methodologies,3,0,-3,0.0,0.0,-0.0
T14329,Science and Climate Studies,3,0,-3,0.0,0.0,-0.0
T14196,Multidisciplinary Warburg-centric Studies,3,0,-3,0.0,0.0,-0.0
T12949,South Asian Studies and Diaspora,3,0,-3,0.0,0.0,-0.0
T13294,Livestock and Poultry Management,3,0,-3,0.0,0.0,-0.0
T13980,Alexander von Humboldt Studies,3,0,-3,0.0,0.0,-0.0
T11090,Dark Matter and Cosmic Phenomena,3,0,-3,0.0,0.0,-0.0
T14286,Parkinson's Disease and Spinal Disorders,3,0,-3,0.0,0.0,-0.0
T14019,Socioeconomic and Demographic Analysis,3,0,-3,0.0,0.0,-0.0
T13968,Contemporary Cultural and Social Studies,3,0,-3,0.0,0.0,-0.0
T13711,Environmental Science and Technology,3,0,-3,0.0,0.0,-0.0
T14298,Cultural and Social Studies,3,0,-3,0.0,0.0,-0.0
T14214,Space Exploration and Technology,3,0,-3,0.0,0.0,-0.0
T13989,Labour Market and Migration,1,2,1,0.0,0.0,0.0
T12962,Nephrotoxicity and Medicinal Plants,2,1,-1,0.0,0.0,-0.0
T14240,E-Learning and COVID-19,1,2,1,0.0,0.0,0.0
T13228,Socioeconomic Development in Asia,2,1,-1,0.0,0.0,-0.0
T14100,Scientific Research and Technology,3,0,-3,0.0,0.0,-0.0
T11515,Bacillus and Francisella bacterial research,3,0,-3,0.0,0.0,-0.0
T12177,Resource-Constrained Project Scheduling,1,2,1,0.0,0.0,0.0
T13628,Agricultural Productivity and Crop Improvement,1,2,1,0.0,0.0,0.0
T13169,Consumer Perception and Purchasing Behavior,3,0,-3,0.0,0.0,-0.0
T13716,Communication Studies and Media,2,1,-1,0.0,0.0,-0.0
T12210,Policy Transfer and Learning,3,0,-3,0.0,0.0,-0.0
T12892,Social Power and Status Dynamics,2,1,-1,0.0,0.0,-0.0
T13002,Southeast Asian Sociopolitical Studies,3,0,-3,0.0,0.0,-0.0
T13118,Psychological Treatments and Disorders,1,2,1,0.0,0.0,0.0
T13869,Ocular and Laser Science Research,2,1,-1,0.0,0.0,-0.0
T13613,"Health, Education, and Cultural Studies",3,0,-3,0.0,0.0,-0.0
T14014,Transportation Systems and Infrastructure,2,1,-1,0.0,0.0,-0.0
T10828,Biometric Identification and Security,1,2,1,0.0,0.0,0.0
T13122,Linguistics and Cultural Studies,1,2,1,0.0,0.0,0.0
T13328,Osteomyelitis and Bone Disorders Research,2,1,-1,0.0,0.0,-0.0
T10652,Racial and Ethnic Identity Research,2,1,-1,0.0,0.0,-0.0
T13451,Mechanical Engineering Research and Applications,1,2,1,0.0,0.0,0.0
T14194,Bioactive Compounds in Plants,1,2,1,0.0,0.0,0.0
T13359,Sports Science and Education,1,2,1,0.0,0.0,0.0
T13181,Economic and Technological Systems Analysis,1,2,1,0.0,0.0,0.0
T13034,Information Systems Education and Curriculum Development,1,2,1,0.0,0.0,0.0
T14366,Schopenhauer and Stefan Zweig,2,1,-1,0.0,0.0,-0.0
T12382,History of Education Research in Brazil,2,1,-1,0.0,0.0,-0.0
T13616,"Governance, Compliance, and Sustainability",0,3,3,0.0,0.0,0.0
T14045,"Health, Education, and Physical Culture",0,3,3,0.0,0.0,0.0
T14353,Wireless Sensor Networks for Data Analysis,0,3,3,0.0,0.0,0.0
T12951,Burkholderia infections and melioidosis,0,3,3,0.0,0.0,0.0
T12672,Phagocytosis and Immune Regulation,2,1,-1,0.0,0.0,-0.0
T13775,Hydrogen's biological and therapeutic effects,2,1,-1,0.0,0.0,-0.0
T13016,Innovative Educational Technologies,2,1,-1,0.0,0.0,-0.0
T11202,Cavitation Phenomena in Pumps,3,0,-3,0.0,0.0,-0.0
T14224,"Oil, Gas, and Environmental Issues",2,1,-1,0.0,0.0,-0.0
T12042,Satellite Communication Systems,2,1,-1,0.0,0.0,-0.0
T13983,Cybersecurity and Information Systems,1,2,1,0.0,0.0,0.0
T13697,Biliary and Gastrointestinal Fistulas,3,0,-3,0.0,0.0,-0.0
T13678,Agricultural Research and Practices,0,3,3,0.0,0.0,0.0
T14349,Global Political and Economic Relations,0,3,3,0.0,0.0,0.0
T13025,American History and Culture,0,3,3,0.0,0.0,0.0
T13038,Internet of Things and AI,0,3,3,0.0,0.0,0.0
T13853,Teacher Education and Assessments,0,3,3,0.0,0.0,0.0
T13521,Psychosocial Factors Impacting Youth,2,0,-2,0.0,0.0,-0.0
T11910,Foreign Body Medical Cases,1,1,0,0.0,0.0,0.0
T10818,Astrophysics and Cosmic Phenomena,2,0,-2,0.0,0.0,-0.0
T13383,Tumors and Oncological Cases,2,0,-2,0.0,0.0,-0.0
T14495,Public Health and Nutrition,2,0,-2,0.0,0.0,-0.0
T13424,"Ukraine: War, Education, Health",2,0,-2,0.0,0.0,-0.0
T13064,Dutch Social and Cultural Studies,2,0,-2,0.0,0.0,-0.0
T14113,Global Socioeconomic and Political Dynamics,2,0,-2,0.0,0.0,-0.0
T12946,Fractal and DNA sequence analysis,2,0,-2,0.0,0.0,-0.0
T13508,Agricultural Economics and Practices,2,0,-2,0.0,0.0,-0.0
T14219,Local Economic Development and Planning,1,1,0,0.0,0.0,0.0
T12164,Education Practices and Challenges,2,0,-2,0.0,0.0,-0.0
T12183,Teratomas and Epidermoid Cysts,2,0,-2,0.0,0.0,-0.0
T12054,Menstrual Health and Disorders,1,1,0,0.0,0.0,0.0
T13862,"Soil, Finite Element Methods",2,0,-2,0.0,0.0,-0.0
T12710,Engineering and Agricultural Innovations,1,1,0,0.0,0.0,0.0
T13615,Transportation Systems and Safety,1,1,0,0.0,0.0,0.0
T14126,Intramuscular injections and effects,2,0,-2,0.0,0.0,-0.0
T14252,Water and Wastewater Treatment,1,1,0,0.0,0.0,0.0
T14304,Transport Systems and Technology,2,0,-2,0.0,0.0,-0.0
T14296,Climate Change and Sustainable Development,1,1,0,0.0,0.0,0.0
T11873,PAPR reduction in OFDM,1,1,0,0.0,0.0,0.0
T13609,"Economic, Social, and Public Health Issues in Russia and Globally",2,0,-2,0.0,0.0,-0.0
T12036,Argentine historical studies,1,1,0,0.0,0.0,0.0
T13898,Diverse Interdisciplinary Research Studies,2,0,-2,0.0,0.0,-0.0
T12759,Vehicle Noise and Vibration Control,2,0,-2,0.0,0.0,-0.0
T13827,Mechatronics Education and Applications,1,1,0,0.0,0.0,0.0
T13244,Analysis of environmental and stochastic processes,2,0,-2,0.0,0.0,-0.0
T12363,Academic Research in Diverse Fields,2,0,-2,0.0,0.0,-0.0
T12731,Hidradenitis Suppurativa and Treatments,1,1,0,0.0,0.0,0.0
T13367,Cultural and Sociopolitical Studies,1,1,0,0.0,0.0,0.0
T14440,Quality of Life Measurement,1,1,0,0.0,0.0,0.0
T13843,African Sexualities and LGBTQ+ Issues,2,0,-2,0.0,0.0,-0.0
T12237,Congenital gastrointestinal and neural anomalies,1,1,0,0.0,0.0,0.0
T13925,Offshore Engineering and Technologies,2,0,-2,0.0,0.0,-0.0
T13858,Technical Engine Diagnostics and Monitoring,1,1,0,0.0,0.0,0.0
T12654,Xenotransplantation and immune response,0,2,2,0.0,0.0,0.0
T14376,Science and Education Research,1,1,0,0.0,0.0,0.0
T13893,Sustainable Development and Policies,0,2,2,0.0,0.0,0.0
T13350,Myxozoan Parasites in Aquatic Species,1,1,0,0.0,0.0,0.0
T13511,Geodetic Measurements and Engineering Structures,1,1,0,0.0,0.0,0.0
T13201,Infectious Encephalopathies and Encephalitis,1,1,0,0.0,0.0,0.0
T12260,Educational Technology and Pedagogy,0,2,2,0.0,0.0,0.0
T14050,Forest Ecology and Conservation,0,2,2,0.0,0.0,0.0
T12769,Stoma care and complications,1,1,0,0.0,0.0,0.0
T11459,Arctic and Antarctic ice dynamics,1,1,0,0.0,0.0,0.0
T13875,Legal Studies and Reforms,0,2,2,0.0,0.0,0.0
T14418,"Development, Ethics, and Society",0,2,2,0.0,0.0,0.0
T14327,Advanced Energy Technologies and Civil Engineering Innovations,1,1,0,0.0,0.0,0.0
T13729,Korean Urban and Social Studies,1,1,0,0.0,0.0,0.0
T13985,Enterprise Management and Information Systems,1,1,0,0.0,0.0,0.0
T12849,Parvovirus B19 Infection Studies,1,1,0,0.0,0.0,0.0
T12992,Metastasis and carcinoma case studies,1,1,0,0.0,0.0,0.0
T13257,Advanced Control and Stabilization in Aerospace Systems,0,2,2,0.0,0.0,0.0
T14485,Language Acquisition and Education,0,2,2,0.0,0.0,0.0
T14218,Engineering Education and Global Impact,0,2,2,0.0,0.0,0.0
T13392,History of Education in Spain,1,1,0,0.0,0.0,0.0
T13834,Whipple's Disease and Interleukins,1,1,0,0.0,0.0,0.0
T14217,American Literature and Humor Studies,1,1,0,0.0,0.0,0.0
T13524,Venezuelan Migration and Society,0,2,2,0.0,0.0,0.0
T13273,Knowledge Management in Higher Education,0,2,2,0.0,0.0,0.0
T14301,Educational methodologies and cognitive development,0,2,2,0.0,0.0,0.0
T13461,Vladimir Nabokov Literary Studies,1,1,0,0.0,0.0,0.0
T14262,Extenics and Innovation Methods,1,1,0,0.0,0.0,0.0
T12660,Plant Disease Management Techniques,0,2,2,0.0,0.0,0.0
T13525,Cambodian History and Society,1,1,0,0.0,0.0,0.0
T13052,Molecular Communication and Nanonetworks,1,1,0,0.0,0.0,0.0
T13386,Educational Methods and Teacher Development,1,1,0,0.0,0.0,0.0
T12513,Rocket and propulsion systems research,2,0,-2,0.0,0.0,-0.0
T13565,Education and Learning Interventions,2,0,-2,0.0,0.0,-0.0
T13139,Polish Legal and Social Issues,2,0,-2,0.0,0.0,-0.0
T13691,"Energy, Environment, Agriculture Analysis",2,0,-2,0.0,0.0,-0.0
T11655,HIV-related health complications and treatments,2,0,-2,0.0,0.0,-0.0
T14211,Diverse academic research themes,2,0,-2,0.0,0.0,-0.0
T14082,"Modeling, Simulation, and Optimization",2,0,-2,0.0,0.0,-0.0
T14463,Diverse Scientific Research Studies,2,0,-2,0.0,0.0,-0.0
T13426,Kruppel-like factors research,2,0,-2,0.0,0.0,-0.0
T13553,Age of Information Optimization,2,0,-2,0.0,0.0,-0.0
T13055,Global Security and Public Health,2,0,-2,0.0,0.0,-0.0
T13554,Brazilian cultural history and politics,2,0,-2,0.0,0.0,-0.0
T12299,Radiation Shielding Materials Analysis,2,0,-2,0.0,0.0,-0.0
T13562,Cruise Tourism Development and Management,2,0,-2,0.0,0.0,-0.0
T13444,Medical Research and Treatments,2,0,-2,0.0,0.0,-0.0
T12740,Gait Recognition and Analysis,2,0,-2,0.0,0.0,-0.0
T13517,Environmental and Industrial Safety,2,0,-2,0.0,0.0,-0.0
T13760,"Finance, Taxation, and Governance",2,0,-2,0.0,0.0,-0.0
T13246,"Agriculture, Plant Science, Crop Management",2,0,-2,0.0,0.0,-0.0
T11101,Online Learning Methods and Innovations,2,0,-2,0.0,0.0,-0.0
T14026,Flannery O'Connor and Thomas Merton,2,0,-2,0.0,0.0,-0.0
T14265,Social and Behavioral Studies,2,0,-2,0.0,0.0,-0.0
T13715,Power Line Inspection Robots,1,1,0,0.0,0.0,0.0
T14501,Global Economic and Social Development,2,0,-2,0.0,0.0,-0.0
T13448,Indigenous Cultures and Socio-Education,2,0,-2,0.0,0.0,-0.0
T12904,Diverse Educational Innovations Studies,2,0,-2,0.0,0.0,-0.0
T12806,Ocean Acidification Effects and Responses,1,1,0,0.0,0.0,0.0
T13747,Sociopolitical Dynamics in Russia,2,0,-2,0.0,0.0,-0.0
T13852,Seismic and Structural Analysis of Tall Buildings,1,1,0,0.0,0.0,0.0
T13265,Synthesis of Tetrazole Derivatives,2,0,-2,0.0,0.0,-0.0
T13578,Stonefly species taxonomy and ecology,2,0,-2,0.0,0.0,-0.0
T13902,Indian History and Philosophy,1,1,0,0.0,0.0,0.0
T12150,Intestinal Malrotation and Obstruction Disorders,2,0,-2,0.0,0.0,-0.0
T14347,Big Data and Digital Economy,2,0,-2,0.0,0.0,-0.0
T13390,Cultural and Social Dynamics,2,0,-2,0.0,0.0,-0.0
T12159,T-cell and Retrovirus Studies,2,0,-2,0.0,0.0,-0.0
T13190,Engineering and Environmental Studies,2,0,-2,0.0,0.0,-0.0
T12891,Medicinal Plants and Neuroprotection,2,0,-2,0.0,0.0,-0.0
T12021,Social and Educational Sciences,2,0,-2,0.0,0.0,-0.0
T13057,Asian Industrial and Economic Development,1,1,0,0.0,0.0,0.0
T14064,Organizational and Employee Performance,2,0,-2,0.0,0.0,-0.0
T14323,"Agriculture, Water, and Health",2,0,-2,0.0,0.0,-0.0
T13870,Environmental and Ecological Studies,1,1,0,0.0,0.0,0.0
T12742,Sunflower and Safflower Cultivation,2,0,-2,0.0,0.0,-0.0
T10972,Power Systems Fault Detection,2,0,-2,0.0,0.0,-0.0
T14325,Diverse Specialized Academic Research,2,0,-2,0.0,0.0,-0.0
T12391,Artificial Immune Systems Applications,1,1,0,0.0,0.0,0.0
T12855,Peanut Plant Research Studies,1,1,0,0.0,0.0,0.0
T12265,Gun Ownership and Violence Research,1,1,0,0.0,0.0,0.0
T13320,Ukrainian Cultural and Linguistic Studies,1,1,0,0.0,0.0,0.0
T11250,Wave and Wind Energy Systems,1,1,0,0.0,0.0,0.0
T11656,Turtle Biology and Conservation,1,1,0,0.0,0.0,0.0
T14321,"Religion, Theology, and Education",2,0,-2,0.0,0.0,-0.0
T13388,Rangeland and Wildlife Management,1,1,0,0.0,0.0,0.0
T12320,Feminist Epistemology and Gender Studies,1,1,0,0.0,0.0,0.0
T13437,Mechanisms of cancer metastasis,0,2,2,0.0,0.0,0.0
T12446,Economic Growth and Fiscal Policies,0,2,2,0.0,0.0,0.0
T13868,Afro-Latin American Studies,0,2,2,0.0,0.0,0.0
T13011,Latin American rural development,0,2,2,0.0,0.0,0.0
T13665,Legal and cultural studies analysis,0,2,2,0.0,0.0,0.0
T13259,American Jewish Fiction Analysis,0,2,2,0.0,0.0,0.0
T13582,"Stalking, Cyberstalking, and Harassment",0,2,2,0.0,0.0,0.0
T12609,Latin American socio-political dynamics,1,1,0,0.0,0.0,0.0
T13434,Cancer Research and Treatment,2,0,-2,0.0,0.0,-0.0
T13707,"Literature, Language, and Rhetoric Studies",2,0,-2,0.0,0.0,-0.0
T13791,Veterinary medicine and infectious diseases,2,0,-2,0.0,0.0,-0.0
T13956,Sociopolitical Dynamics in Nepal,2,0,-2,0.0,0.0,-0.0
T14484,Technology and Data Analysis,2,0,-2,0.0,0.0,-0.0
T10846,Photonic Crystal and Fiber Optics,1,1,0,0.0,0.0,0.0
T12818,"Pneumothorax, Barotrauma, Emphysema",1,1,0,0.0,0.0,0.0
T12620,Signaling Pathways in Disease,1,1,0,0.0,0.0,0.0
T14042,Technology and Security Systems,1,1,0,0.0,0.0,0.0
T13809,"Philosophy, Health, and Society",0,2,2,0.0,0.0,0.0
T13527,Transportation Systems and Logistics,0,2,2,0.0,0.0,0.0
T12244,Healthcare Education and Workforce Issues,0,2,2,0.0,0.0,0.0
T14103,Educational Management and Quality,0,2,2,0.0,0.0,0.0
T13082,Water and Land Management,0,2,2,0.0,0.0,0.0
T13272,Psychological Treatments and Assessments,0,2,2,0.0,0.0,0.0
T12940,Structural Engineering and Materials Analysis,0,2,2,0.0,0.0,0.0
T14058,Value Engineering and Management,0,2,2,0.0,0.0,0.0
T14029,Thoreau and American Literature,0,2,2,0.0,0.0,0.0
T12052,Polish socio-economic development,1,0,-1,0.0,0.0,-0.0
T13407,Regional Development and Management Studies,1,0,-1,0.0,0.0,-0.0
T13786,Diverse Academic Research Studies,1,0,-1,0.0,0.0,-0.0
T14424,Economic Analysis and Policy,1,0,-1,0.0,0.0,-0.0
T14295,Families in Therapy and Culture,1,0,-1,0.0,0.0,-0.0
T14048,Silkworms and Sericulture Research,1,0,-1,0.0,0.0,-0.0
T13573,"Government, Law, and Information Management",1,0,-1,0.0,0.0,-0.0
T13832,Advanced Decision-Making Techniques,1,0,-1,0.0,0.0,-0.0
T12556,Educational Methods and Analysis,1,0,-1,0.0,0.0,-0.0
T14125,"Education, Sociology, Communication Studies",1,0,-1,0.0,0.0,-0.0
T14105,Cultural and Artistic Studies,1,0,-1,0.0,0.0,-0.0
T14497,Social Issues and Policies in Latin America,1,0,-1,0.0,0.0,-0.0
T12322,Animal health and immunology,1,0,-1,0.0,0.0,-0.0
T12707,Vehicle License Plate Recognition,1,0,-1,0.0,0.0,-0.0
T12989,Ocular Disorders and Treatments,1,0,-1,0.0,0.0,-0.0
T14439,"Feminism, Gender, and Social Issues",1,0,-1,0.0,0.0,-0.0
T13767,Leech Biology and Applications,1,0,-1,0.0,0.0,-0.0
T13479,Food Science and Nutritional Studies,1,0,-1,0.0,0.0,-0.0
T14073,Diverse Global Research Studies,1,0,-1,0.0,0.0,-0.0
T12801,Bluetooth and Wireless Communication Technologies,1,0,-1,0.0,0.0,-0.0
T14155,Advanced Technology in Applications,1,0,-1,0.0,0.0,-0.0
T13822,Indigenous Health and Education,1,0,-1,0.0,0.0,-0.0
T14408,Coastal Management and Development,1,0,-1,0.0,0.0,-0.0
T13918,Advanced Data and IoT Technologies,0,1,1,0.0,0.0,0.0
T13640,Ranque-Hilsch vortex tube,0,1,1,0.0,0.0,0.0
T13577,Sephardic Jews and Inquisition Studies,0,1,1,0.0,0.0,0.0
T14333,Dermatoglyphics and Human Traits,0,1,1,0.0,0.0,0.0
T13136,Community-based Tourism Development and Sustainability,0,1,1,0.0,0.0,0.0
T13987,Child Development and Education,0,1,1,0.0,0.0,0.0
T14456,Blasting Impact and Analysis,0,1,1,0.0,0.0,0.0
T14443,"COVID-19, Geopolitics, Technology, Migration",0,1,1,0.0,0.0,0.0
T13949,Belt and Road Initiative,0,1,1,0.0,0.0,0.0
T13658,Education and Professional Development,0,1,1,0.0,0.0,0.0
T14287,Music Education and Analysis,0,1,1,0.0,0.0,0.0
T12861,"Migration, Education, Indigenous Social Dynamics",0,1,1,0.0,0.0,0.0
T14455,Technology and Education Systems,0,1,1,0.0,0.0,0.0
T13130,Biological and pharmacological studies of plants,1,0,-1,0.0,0.0,-0.0
T14336,Land Use and Management,1,0,-1,0.0,0.0,-0.0
T14310,Botany and Geology in Latin America and Caribbean,1,0,-1,0.0,0.0,-0.0
T13218,Sesame and Sesamin Research,1,0,-1,0.0,0.0,-0.0
T13358,Livestock Management and Performance Improvement,1,0,-1,0.0,0.0,-0.0
T13254,Macrophage Migration Inhibitory Factor,1,0,-1,0.0,0.0,-0.0
T13045,Industrial Engineering and Technologies,1,0,-1,0.0,0.0,-0.0
T13964,Educational Technology and Optimization,1,0,-1,0.0,0.0,-0.0
T12968,Research on scale insects,1,0,-1,0.0,0.0,-0.0
T14253,Latin American social science,1,0,-1,0.0,0.0,-0.0
T11490,Hydrological Forecasting Using AI,1,0,-1,0.0,0.0,-0.0
T13857,Mining and Industrial Processes,1,0,-1,0.0,0.0,-0.0
T12691,Coccidia and coccidiosis research,1,0,-1,0.0,0.0,-0.0
T14227,Educational Practices and Challenges,1,0,-1,0.0,0.0,-0.0
T14231,New Zealand Economic and Social Studies,1,0,-1,0.0,0.0,-0.0
T12651,Halal products and consumer behavior,1,0,-1,0.0,0.0,-0.0
T12034,Digital and Cyber Forensics,1,0,-1,0.0,0.0,-0.0
T13161,Ideological and Political Education,1,0,-1,0.0,0.0,-0.0
T13731,Advanced Computing and Algorithms,1,0,-1,0.0,0.0,-0.0
T11256,Asian Studies and History,1,0,-1,0.0,0.0,-0.0
T13419,Ego Development and Educational Practices,1,0,-1,0.0,0.0,-0.0
T13882,Research studies in Vietnam,1,0,-1,0.0,0.0,-0.0
T13782,Transactional Analysis in Psychotherapy,1,0,-1,0.0,0.0,-0.0
T13677,Magnolia and Illicium research,1,0,-1,0.0,0.0,-0.0
T13121,Radio Wave Propagation Studies,1,0,-1,0.0,0.0,-0.0
T13223,Connective Tissue Growth Factor Research,1,0,-1,0.0,0.0,-0.0
T13073,China's Ethnic Minorities and Relations,1,0,-1,0.0,0.0,-0.0
T13491,Social and Political Issues,1,0,-1,0.0,0.0,-0.0
T14272,Agricultural and Food Production Studies,1,0,-1,0.0,0.0,-0.0
T14132,Medical Research and Islamic Perspectives,1,0,-1,0.0,0.0,-0.0
T12546,Smart Parking Systems Research,1,0,-1,0.0,0.0,-0.0
T13652,Education and Social Development in Ukraine,1,0,-1,0.0,0.0,-0.0
T13159,Structural mechanics and materials,1,0,-1,0.0,0.0,-0.0
T14157,Environmental and Agricultural Sciences,1,0,-1,0.0,0.0,-0.0
T13458,Astronomical and nuclear sciences,1,0,-1,0.0,0.0,-0.0
T13703,Attention Economy in Education and Business,1,0,-1,0.0,0.0,-0.0
T12902,Public Policy and Governance,1,0,-1,0.0,0.0,-0.0
T14096,Advancements in Materials Engineering,1,0,-1,0.0,0.0,-0.0
T12323,Asian American and Pacific Histories,1,0,-1,0.0,0.0,-0.0
T13903,Innovative Educational Techniques,1,0,-1,0.0,0.0,-0.0
T13361,Coconut Research and Applications,1,0,-1,0.0,0.0,-0.0
T13349,Educational Research and Analysis,1,0,-1,0.0,0.0,-0.0
T13429,Electricity Theft Detection Techniques,1,0,-1,0.0,0.0,-0.0
T13020,Heat Transfer and Mathematical Modeling,1,0,-1,0.0,0.0,-0.0
T14065,Biological Research and Disease Studies,1,0,-1,0.0,0.0,-0.0
T14319,Currency Recognition and Detection,1,0,-1,0.0,0.0,-0.0
T12988,Sociology and Education in Brazil,1,0,-1,0.0,0.0,-0.0
T13647,AI and Big Data Applications,1,0,-1,0.0,0.0,-0.0
T12956,Asian Geopolitics and Ethnography,1,0,-1,0.0,0.0,-0.0
T12065,Hippo pathway signaling and YAP/TAZ,1,0,-1,0.0,0.0,-0.0
T13348,Pancasila Values in Education,1,0,-1,0.0,0.0,-0.0
T14337,"Religious, Philosophical, and Educational Studies",1,0,-1,0.0,0.0,-0.0
T14053,Dengue and Mosquito Control Research,1,0,-1,0.0,0.0,-0.0
T14406,Multidisciplinary Science and Engineering Research,1,0,-1,0.0,0.0,-0.0
T12329,Hemiptera Insect Studies,1,0,-1,0.0,0.0,-0.0
T14308,Psychological and Educational Research Studies,1,0,-1,0.0,0.0,-0.0
T14183,Banking Sector Performance and Management,1,0,-1,0.0,0.0,-0.0
T13550,Diverse Applied Research Studies,1,0,-1,0.0,0.0,-0.0
T12498,Latin American Cultural Politics,1,0,-1,0.0,0.0,-0.0
T14409,Educational Systems and Policies,1,0,-1,0.0,0.0,-0.0
T13485,Marine and Coastal Ecosystems,1,0,-1,0.0,0.0,-0.0
T12716,Congenital Anomalies and Fetal Surgery,1,0,-1,0.0,0.0,-0.0
T13906,Social Issues and Policies,1,0,-1,0.0,0.0,-0.0
T13411,Labor Market and Education,1,0,-1,0.0,0.0,-0.0
T13258,Williams Syndrome Research,1,0,-1,0.0,0.0,-0.0
T13598,Political Developments and Conflicts,1,0,-1,0.0,0.0,-0.0
T10936,Millimeter-Wave Propagation and Modeling,1,0,-1,0.0,0.0,-0.0
T14216,Multimedia Learning Systems,1,0,-1,0.0,0.0,-0.0
T13732,"Aerospace, Electronics, Mathematical Modeling",1,0,-1,0.0,0.0,-0.0
T13955,Evaluation Methods in Various Fields,1,0,-1,0.0,0.0,-0.0
T12987,Religion and Society in Latin America,1,0,-1,0.0,0.0,-0.0
T13237,Socio-economic Development and Sustainability,1,0,-1,0.0,0.0,-0.0
T13050,Oil and Gas Production Techniques,1,0,-1,0.0,0.0,-0.0
T14370,"Economic, Social, and Health Studies",1,0,-1,0.0,0.0,-0.0
T14387,Environmental Engineering and Cultural Studies,1,0,-1,0.0,0.0,-0.0
T14364,Clusterin in disease pathology,1,0,-1,0.0,0.0,-0.0
T14235,"Linguistic, Cultural, and Literary Studies",1,0,-1,0.0,0.0,-0.0
T14344,Pathogenesis and Treatment of Hiccups,1,0,-1,0.0,0.0,-0.0
T11038,Advanced SAR Imaging Techniques,1,0,-1,0.0,0.0,-0.0
T11555,Methodologies in Health Research and Practice,1,0,-1,0.0,0.0,-0.0
T13271,Ukrainian Legal and Forensic Studies,0,1,1,0.0,0.0,0.0
T13790,Waste Management and Environmental Impact,0,1,1,0.0,0.0,0.0
T14369,Diverse Interdisciplinary Research Innovations,0,1,1,0.0,0.0,0.0
T13559,Edcuational Technology Systems,0,1,1,0.0,0.0,0.0
T14241,Evasion and Academic Success Factors,0,1,1,0.0,0.0,0.0
T12662,Digitalization and Economic Development in Agriculture,0,1,1,0.0,0.0,0.0
T13472,Brazilian History and Foreign Policy,0,1,1,0.0,0.0,0.0
T12291,Pericarditis and Cardiac Tamponade,0,1,1,0.0,0.0,0.0
T13520,Architectural and Urban Studies,0,1,1,0.0,0.0,0.0
T13450,Turkish Literature and Culture,0,1,1,0.0,0.0,0.0
T13148,Environmental and Air Quality Management,0,1,1,0.0,0.0,0.0
T14478,Papaya Research and Applications,0,1,1,0.0,0.0,0.0
T13674,Computer Science and Engineering,0,1,1,0.0,0.0,0.0
T12830,Pectus Deformity Diagnosis and Treatment,0,1,1,0.0,0.0,0.0
T14358,Healthcare Quality and Satisfaction,0,1,1,0.0,0.0,0.0
T11876,Legal Studies and Policies,0,1,1,0.0,0.0,0.0
T13700,Gender Studies and Social Issues,0,1,1,0.0,0.0,0.0
T12181,Agricultural and Biological Research,0,1,1,0.0,0.0,0.0
T13413,Cultural and Historical Studies,0,1,1,0.0,0.0,0.0
T11997,Free Will and Agency,0,1,1,0.0,0.0,0.0
T13202,Pharmacology and Nanomedicine Research,0,1,1,0.0,0.0,0.0
T13468,Educational Research and Science Teaching,0,1,1,0.0,0.0,0.0
T13586,"HIV, TB, and STIs Epidemiology",0,1,1,0.0,0.0,0.0
T13936,Physical Education and Gymnastics,0,1,1,0.0,0.0,0.0
T13515,Cultural and Communication Design Research,0,1,1,0.0,0.0,0.0
T13580,Management and Performance Evaluation,0,1,1,0.0,0.0,0.0
T13053,SMEs Development and Digital Marketing,0,1,1,0.0,0.0,0.0
T14425,Educational Practices and Sociocultural Research,1,0,-1,0.0,0.0,-0.0
T13446,"Antioxidants, Aging, Portulaca oleracea",1,0,-1,0.0,0.0,-0.0
T14261,Herbal Medicine and Trade Cooperation,1,0,-1,0.0,0.0,-0.0
T14430,Higher Education and Teaching Methods,1,0,-1,0.0,0.0,-0.0
T13608,Advanced Computational Techniques in Science and Engineering,1,0,-1,0.0,0.0,-0.0
T13183,Islanding Detection in Power Systems,1,0,-1,0.0,0.0,-0.0
T14331,Medicinal Plant Pharmacodynamics Research,1,0,-1,0.0,0.0,-0.0
T13909,Environmental Quality and Pollution,0,1,1,0.0,0.0,0.0
T13041,Contemporary Social and Economic Issues,0,1,1,0.0,0.0,0.0
T13977,Geography and Environmental Studies in Latin America,0,1,1,0.0,0.0,0.0
T12787,Human Behavior and Motivation,0,1,1,0.0,0.0,0.0
T13974,"Health, Education, and Aging",0,1,1,0.0,0.0,0.0
T13378,Agricultural Development and Policies,0,1,1,0.0,0.0,0.0
T12272,Cardiovascular Conditions and Treatments,0,1,1,0.0,0.0,0.0
T13538,Linguistics and Language Analysis,0,1,1,0.0,0.0,0.0
T13954,Aerospace Engineering and Applications,0,1,1,0.0,0.0,0.0
T14243,Creative Drama in Education,0,1,1,0.0,0.0,0.0
T13478,Agricultural Development and Management,0,1,1,0.0,0.0,0.0
T13816,Advanced Signal Processing Techniques,0,1,1,0.0,0.0,0.0
T14097,Chemistry Education and Research,0,1,1,0.0,0.0,0.0
T14067,Cloud Computing and Remote Desktop Technologies,0,1,1,0.0,0.0,0.0
T13072,Contemporary Christian Leadership and Education,0,1,1,0.0,0.0,0.0
T12239,Construction Management and Sustainability,0,1,1,0.0,0.0,0.0
T14274,Education and Vocational Training,0,1,1,0.0,0.0,0.0
T14518,American Sports and Literature,0,1,1,0.0,0.0,0.0
T13300,Contemporary Social and Educational Issues,0,1,1,0.0,0.0,0.0
T13939,Archaeology and Natural History,0,1,1,0.0,0.0,0.0
T14502,High-Voltage Power Transmission Systems,0,1,1,0.0,0.0,0.0
T14251,Multicultural Education and Local Wisdom,0,1,1,0.0,0.0,0.0
T11323,Gamma-ray bursts and supernovae,0,1,1,0.0,0.0,0.0
T13030,Survey Sampling and Estimation Techniques,0,1,1,0.0,0.0,0.0
T13661,Reformed Theology and Governance,0,1,1,0.0,0.0,0.0
