topic_id,display_name,works_old,works_new,change,share_old,share_new,share_change_pts
T10082,HIV/AIDS Research and Interventions,4154,4997,843,0.0132,0.0159,0.27
T10009,Dementia and Cognitive Impairment Research,2949,5453,2504,0.0094,0.0174,0.8
T10112,HIV Research and Treatment,2525,2819,294,0.008,0.009,0.1
T10129,Glioma Diagnosis and Treatment,2235,2838,603,0.0071,0.0091,0.19
T10060,Smoking Behavior and Cessation,2160,2695,535,0.0069,0.0086,0.17
T10091,Malaria Research and Control,1886,2266,380,0.006,0.0072,0.12
T10600,Reproductive Health and Contraception,1564,2128,564,0.005,0.0068,0.18
T10124,Prostate Cancer Diagnosis and Treatment,1680,1830,150,0.0053,0.0058,0.05
T10137,Multiple Sclerosis Research Studies,1379,2096,717,0.0044,0.0067,0.23
T10254,Innovations in Medical Education,1175,2266,1091,0.0037,0.0072,0.35
T10071,Bone health and osteoporosis research,1342,1875,533,0.0043,0.006,0.17
T10038,Tuberculosis Research and Epidemiology,1402,1668,266,0.0045,0.0053,0.09
T10077,Neuroscience and Neuropharmacology Research,1496,1442,-54,0.0048,0.0046,-0.02
T10378,Advanced MRI Techniques and Applications,1357,1495,138,0.0043,0.0048,0.05
T10031,T-cell and B-cell Immunology,1013,1781,768,0.0032,0.0057,0.25
T10177,Palliative Care and End-of-Life Issues,1184,1593,409,0.0038,0.0051,0.13
T10086,Alzheimer's disease research and treatments,1198,1528,330,0.0038,0.0049,0.11
T11030,Scoliosis diagnosis and treatment,1181,1453,272,0.0038,0.0046,0.09
T10222,Genomics and Chromatin Dynamics,925,1623,698,0.0029,0.0052,0.22
T10261,Genetic Associations and Epidemiology,916,1305,389,0.0029,0.0042,0.12
T10105,Osteoarthritis Treatment and Mechanisms,1107,1096,-11,0.0035,0.0035,-0.0
T10044,Protein Structure and Dynamics,796,1397,601,0.0025,0.0045,0.19
T10051,Asthma and respiratory diseases,987,1206,219,0.0031,0.0038,0.07
T10543,Prostate Cancer Treatment and Research,1106,1072,-34,0.0035,0.0034,-0.01
T10198,Heart Failure Treatment and Management,985,1091,106,0.0031,0.0035,0.03
T10436,Anesthesia and Sedative Agents,678,1397,719,0.0022,0.0045,0.23
T10878,CRISPR and Genetic Engineering,1147,915,-232,0.0037,0.0029,-0.07
T10391,Healthcare Policy and Management,1031,1009,-22,0.0033,0.0032,-0.01
T10358,Advanced Radiotherapy Techniques,777,1175,398,0.0025,0.0038,0.13
T10492,Microtubule and mitosis dynamics,1013,934,-79,0.0032,0.003,-0.02
T10196,Pain Mechanisms and Treatments,904,1038,134,0.0029,0.0033,0.04
T10043,Substance Abuse Treatment and Outcomes,701,1234,533,0.0022,0.0039,0.17
T10300,Congenital Heart Disease Studies,901,1033,132,0.0029,0.0033,0.04
T10146,Cervical Cancer and HPV Research,1003,920,-83,0.0032,0.0029,-0.03
T10375,Pharmacogenetics and Drug Metabolism,607,1259,652,0.0019,0.004,0.21
T10549,Neonatal Respiratory Health Research,1113,745,-368,0.0035,0.0024,-0.12
T11178,Receptor Mechanisms and Signaling,908,913,5,0.0029,0.0029,0.0
T10156,"LGBTQ Health, Identity, and Policy",936,872,-64,0.003,0.0028,-0.02
T10094,Epilepsy research and treatment,747,1057,310,0.0024,0.0034,0.1
T10843,Diversity and Career in Medicine,973,825,-148,0.0031,0.0026,-0.05
T10151,Hepatitis C virus research,921,874,-47,0.0029,0.0028,-0.01
T10521,RNA and protein synthesis mechanisms,954,841,-113,0.003,0.0027,-0.04
T10576,Opioid Use Disorder Treatment,827,948,121,0.0026,0.003,0.04
T11655,HIV-related health complications and treatments,1013,752,-261,0.0032,0.0024,-0.08
T10322,Respiratory Support and Mechanisms,737,1018,281,0.0023,0.0032,0.09
T10428,Reproductive tract infections research,1013,740,-273,0.0032,0.0024,-0.09
T10263,Eating Disorders and Behaviors,825,889,64,0.0026,0.0028,0.02
T10814,Neuropeptides and Animal Physiology,821,893,72,0.0026,0.0029,0.02
T11020,Immune Cell Function and Interaction,1207,475,-732,0.0038,0.0015,-0.23
T11033,Contact Dermatitis and Allergies,717,957,240,0.0023,0.0031,0.08
T10608,Neurogenesis and neuroplasticity mechanisms,647,1018,371,0.0021,0.0032,0.12
T10238,Spine and Intervertebral Disc Pathology,834,796,-38,0.0027,0.0025,-0.01
T10839,Pancreatic function and diabetes,878,745,-133,0.0028,0.0024,-0.04
T10085,Parkinson's Disease Mechanisms and Treatments,734,882,148,0.0023,0.0028,0.05
T10227,Acute Ischemic Stroke Management,692,896,204,0.0022,0.0029,0.07
T10268,Developmental Biology and Gene Regulation,463,1115,652,0.0015,0.0036,0.21
T11860,"HIV, Drug Use, Sexual Risk",697,863,166,0.0022,0.0028,0.05
T11289,Single-cell and spatial transcriptomics,867,687,-180,0.0028,0.0022,-0.06
T10327,Adolescent Sexual and Reproductive Health,939,604,-335,0.003,0.0019,-0.11
T10837,Dermatology and Skin Diseases,778,763,-15,0.0025,0.0024,-0.0
T10831,Cell Adhesion Molecules Research,885,646,-239,0.0028,0.0021,-0.08
T11217,Cardiac Arrhythmias and Treatments,824,707,-117,0.0026,0.0023,-0.04
T10241,Functional Brain Connectivity Studies,953,570,-383,0.003,0.0018,-0.12
T10373,Renal Transplantation Outcomes and Treatments,758,761,3,0.0024,0.0024,0.0
T10065,Atrial Fibrillation Management and Outcomes,753,741,-12,0.0024,0.0024,-0.0
T10617,Cellular transport and secretion,603,890,287,0.0019,0.0028,0.09
T10308,Systemic Lupus Erythematosus Research,682,792,110,0.0022,0.0025,0.04
T10158,Cancer Immunotherapy and Biomarkers,648,820,172,0.0021,0.0026,0.06
T10118,SARS-CoV-2 and COVID-19 Research,679,784,105,0.0022,0.0025,0.03
T10493,Ion channel regulation and function,733,726,-7,0.0023,0.0023,-0.0
T10554,Hemoglobinopathies and Related Disorders,749,706,-43,0.0024,0.0023,-0.01
T10023,Schizophrenia research and treatment,509,933,424,0.0016,0.003,0.14
T10123,DNA Repair Mechanisms,709,732,23,0.0023,0.0023,0.01
T10999,Organ Transplantation Techniques and Outcomes,568,868,300,0.0018,0.0028,0.1
T10250,Glaucoma and retinal disorders,660,775,115,0.0021,0.0025,0.04
T11335,Prion Diseases and Protein Misfolding,740,692,-48,0.0024,0.0022,-0.01
T10073,Hepatocellular Carcinoma Treatment and Prognosis,656,775,119,0.0021,0.0025,0.04
T10372,Cardiac Imaging and Diagnostics,640,784,144,0.002,0.0025,0.05
T10183,Breast Cancer Treatment Studies,595,828,233,0.0019,0.0026,0.07
T10316,Sleep and related disorders,686,732,46,0.0022,0.0023,0.02
T10604,RNA Research and Splicing,788,615,-173,0.0025,0.002,-0.05
T10724,Ion Transport and Channel Regulation,564,839,275,0.0018,0.0027,0.09
T10178,Cancer survivorship and care,634,739,105,0.002,0.0024,0.03
T10269,Epigenetics and DNA Methylation,751,619,-132,0.0024,0.002,-0.04
T10691,Retinal Development and Disorders,682,687,5,0.0022,0.0022,0.0
T10950,Acute Lymphoblastic Leukemia research,661,696,35,0.0021,0.0022,0.01
T10217,Cardiac electrophysiology and arrhythmias,633,718,85,0.002,0.0023,0.03
T10143,Chronic Obstructive Pulmonary Disease (COPD) Research,622,717,95,0.002,0.0023,0.03
T10706,Traumatic Brain Injury and Neurovascular Disturbances,734,602,-132,0.0023,0.0019,-0.04
T10235,Health disparities and outcomes,675,660,-15,0.0021,0.0021,-0.0
T10704,Advancements in Transdermal Drug Delivery,677,654,-23,0.0022,0.0021,-0.01
T10392,Cutaneous Melanoma Detection and Management,651,667,16,0.0021,0.0021,0.01
T11189,Transplantation: Methods and Outcomes,591,727,136,0.0019,0.0023,0.04
T10209,Global Maternal and Child Health,852,464,-388,0.0027,0.0015,-0.12
T11636,Artificial Intelligence in Healthcare and Education,543,762,219,0.0017,0.0024,0.07
T10307,Head and Neck Cancer Studies,596,708,112,0.0019,0.0023,0.04
T10453,Maternal and Perinatal Health Interventions,562,732,170,0.0018,0.0023,0.05
T10526,HIV/AIDS drug development and treatment,648,645,-3,0.0021,0.0021,-0.0
T11184,Neonatal and fetal brain pathology,613,680,67,0.002,0.0022,0.02
T10919,Neurological disorders and treatments,693,599,-94,0.0022,0.0019,-0.03
T10469,Psoriasis: Treatment and Pathogenesis,572,693,121,0.0018,0.0022,0.04
T10340,Hepatitis B Virus Studies,645,613,-32,0.0021,0.002,-0.01
T10870,Interstitial Lung Diseases and Idiopathic Pulmonary Fibrosis,596,658,62,0.0019,0.0021,0.02
T11402,Vascular Malformations Diagnosis and Treatment,624,617,-7,0.002,0.002,-0.0
T10459,Sexual function and dysfunction studies,621,611,-10,0.002,0.002,-0.0
T10394,Lipoproteins and Cardiovascular Health,599,632,33,0.0019,0.002,0.01
T10416,Traumatic Brain Injury Research,531,700,169,0.0017,0.0022,0.05
T10685,Viral-associated cancers and disorders,605,621,16,0.0019,0.002,0.01
T11016,Monoclonal and Polyclonal Antibodies Research,847,379,-468,0.0027,0.0012,-0.15
T10106,Autism Spectrum Disorder Research,584,640,56,0.0019,0.002,0.02
T10408,Chronic Kidney Disease and Diabetes,520,700,180,0.0017,0.0022,0.06
T10066,Gut microbiota and health,650,569,-81,0.0021,0.0018,-0.03
T10345,Hematopoietic Stem Cell Transplantation,405,811,406,0.0013,0.0026,0.13
T10855,Amyotrophic Lateral Sclerosis Research,695,516,-179,0.0022,0.0016,-0.06
T10556,Global Cancer Incidence and Screening,703,505,-198,0.0022,0.0016,-0.06
T10582,Ethics in Clinical Research,465,734,269,0.0015,0.0023,0.09
T10144,Blood Pressure and Hypertension Studies,496,697,201,0.0016,0.0022,0.06
T11815,Urological Disorders and Treatments,614,558,-56,0.002,0.0018,-0.02
T10189,Anesthesia and Pain Management,445,724,279,0.0014,0.0023,0.09
T10351,Liver Disease Diagnosis and Treatment,755,411,-344,0.0024,0.0013,-0.11
T10169,Protein Kinase Regulation and GTPase Signaling,360,805,445,0.0011,0.0026,0.14
T10978,Prenatal Screening and Diagnostics,598,561,-37,0.0019,0.0018,-0.01
T10231,Pancreatic and Hepatic Oncology Research,586,572,-14,0.0019,0.0018,-0.0
T10420,Intracranial Aneurysms: Treatment and Complications,567,591,24,0.0018,0.0019,0.01
T10056,Neurotransmitter Receptor Influence on Behavior,482,675,193,0.0015,0.0022,0.06
T10937,"Telomeres, Telomerase, and Senescence",604,551,-53,0.0019,0.0018,-0.02
T11251,Meningioma and schwannoma management,579,576,-3,0.0018,0.0018,-0.0
T10211,Computational Drug Discovery Methods,494,660,166,0.0016,0.0021,0.05
T10172,Cardiac Valve Diseases and Treatments,578,573,-5,0.0018,0.0018,-0.0
T10756,Estrogen and related hormone effects,568,580,12,0.0018,0.0019,0.0
T10379,Cellular Mechanics and Interactions,508,635,127,0.0016,0.002,0.04
T11491,CAR-T cell therapy research,688,453,-235,0.0022,0.0014,-0.07
T10581,Neural dynamics and brain function,806,332,-474,0.0026,0.0011,-0.15
T10728,Pulmonary Hypertension Research and Treatments,549,589,40,0.0017,0.0019,0.01
T10218,Sepsis Diagnosis and Treatment,549,585,36,0.0017,0.0019,0.01
T11610,Food Security and Health in Diverse Populations,712,403,-309,0.0023,0.0013,-0.1
T10242,Posttraumatic Stress Disorder Research,467,643,176,0.0015,0.0021,0.06
T10570,Drug Transport and Resistance Mechanisms,604,506,-98,0.0019,0.0016,-0.03
T11266,Neuroinflammation and Neurodegeneration Mechanisms,678,429,-249,0.0022,0.0014,-0.08
T11287,Cancer Genomics and Diagnostics,623,479,-144,0.002,0.0015,-0.05
T11930,"Cardiac, Anesthesia and Surgical Outcomes",825,272,-553,0.0026,0.0009,-0.18
T10337,Liver Disease and Transplantation,577,498,-79,0.0018,0.0016,-0.02
T10309,Acute Myeloid Leukemia Research,497,574,77,0.0016,0.0018,0.02
T10602,Glycosylation and Glycoproteins Research,625,443,-182,0.002,0.0014,-0.06
T10498,Migraine and Headache Studies,510,556,46,0.0016,0.0018,0.02
T10516,Parathyroid Disorders and Treatments,552,512,-40,0.0018,0.0016,-0.01
T10350,Electronic Health Records Systems,363,700,337,0.0012,0.0022,0.11
T11731,Global Health and Surgery,565,488,-77,0.0018,0.0016,-0.02
T10613,Virus-based gene therapy research,581,469,-112,0.0018,0.0015,-0.04
T10505,Pluripotent Stem Cells Research,504,531,27,0.0016,0.0017,0.01
T11376,Geriatric Care and Nursing Homes,586,448,-138,0.0019,0.0014,-0.04
T10552,Colorectal Cancer Screening and Detection,526,507,-19,0.0017,0.0016,-0.01
T10529,Stress Responses and Cortisol,594,435,-159,0.0019,0.0014,-0.05
T10649,Multiple Myeloma Research and Treatments,492,529,37,0.0016,0.0017,0.01
T10292,Acute Myocardial Infarction Research,411,609,198,0.0013,0.0019,0.06
T10748,Growth Hormone and Insulin-like Growth Factors,516,497,-19,0.0016,0.0016,-0.01
T11725,Immunodeficiency and Autoimmune Disorders,478,534,56,0.0015,0.0017,0.02
T11467,Trauma and Emergency Care Studies,530,476,-54,0.0017,0.0015,-0.02
T10934,Heat shock proteins research,480,512,32,0.0015,0.0016,0.01
T10290,Pregnancy and preeclampsia studies,482,508,26,0.0015,0.0016,0.01
T10364,Reproductive Biology and Fertility,431,558,127,0.0014,0.0018,0.04
T10291,Dialysis and Renal Disease Management,536,451,-85,0.0017,0.0014,-0.03
T10926,Peripheral Artery Disease Management,490,494,4,0.0016,0.0016,0.0
T10301,Mitochondrial Function and Pathology,559,424,-135,0.0018,0.0014,-0.04
T10414,Cannabis and Cannabinoid Research,585,391,-194,0.0019,0.0012,-0.06
T10166,Mosquito-borne diseases and control,517,458,-59,0.0016,0.0015,-0.02
T11095,Emergency and Acute Care Studies,490,484,-6,0.0016,0.0015,-0.0
T11464,Homelessness and Social Issues,584,386,-198,0.0019,0.0012,-0.06
T10981,Cytomegalovirus and herpesvirus research,559,410,-149,0.0018,0.0013,-0.05
T11826,Ocular Infections and Treatments,301,664,363,0.001,0.0021,0.12
T11162,Enzyme Structure and Function,372,590,218,0.0012,0.0019,0.07
T10625,Herpesvirus Infections and Treatments,511,447,-64,0.0016,0.0014,-0.02
T10821,Cardiovascular Function and Risk Factors,495,461,-34,0.0016,0.0015,-0.01
T10522,Medical Imaging Techniques and Applications,535,411,-124,0.0017,0.0013,-0.04
T10629,Health Policy Implementation Science,388,556,168,0.0012,0.0018,0.05
T10804,"Health Systems, Economic Evaluations, Quality of Life",608,334,-274,0.0019,0.0011,-0.09
T10620,Protease and Inhibitor Mechanisms,389,549,160,0.0012,0.0018,0.05
T10279,Urinary Bladder and Prostate Research,326,607,281,0.001,0.0019,0.09
T11304,Advanced Neuroimaging Techniques and Applications,584,339,-245,0.0019,0.0011,-0.08
T10200,Rheumatoid Arthritis Research and Therapies,450,468,18,0.0014,0.0015,0.01
T10676,"Genetics, Aging, and Longevity in Model Organisms",570,348,-222,0.0018,0.0011,-0.07
T11213,Genomic variations and chromosomal abnormalities,428,490,62,0.0014,0.0016,0.02
T10684,Acute Kidney Injury Research,409,506,97,0.0013,0.0016,0.03
T10882,Cardiomyopathy and Myosin Studies,487,423,-64,0.0016,0.0014,-0.02
T10041,COVID-19 Clinical Research Studies,361,536,175,0.0011,0.0017,0.06
T11590,Primary Care and Health Outcomes,565,324,-241,0.0018,0.001,-0.08
T10293,Thyroid Disorders and Treatments,354,533,179,0.0011,0.0017,0.06
T11642,Genomics and Rare Diseases,420,465,45,0.0013,0.0015,0.01
T10693,Blood transfusion and management,346,538,192,0.0011,0.0017,0.06
T10912,Telemedicine and Telehealth Implementation,329,551,222,0.001,0.0018,0.07
T10120,Bacterial Genetics and Biotechnology,312,564,252,0.001,0.0018,0.08
T11328,Ocular Oncology and Treatments,421,451,30,0.0013,0.0014,0.01
T10827,Patient-Provider Communication in Healthcare,369,502,133,0.0012,0.0016,0.04
T10134,Inflammatory Bowel Disease,375,492,117,0.0012,0.0016,0.04
T11446,Mobile Health and mHealth Applications,378,489,111,0.0012,0.0016,0.04
T10185,Lymphoma Diagnosis and Treatment,388,476,88,0.0012,0.0015,0.03
T10497,Fungal and yeast genetics research,407,456,49,0.0013,0.0015,0.02
T10580,Immunotherapy and Immune Responses,526,326,-200,0.0017,0.001,-0.06
T10598,Cardiac pacing and defibrillation studies,422,430,8,0.0013,0.0014,0.0
T11618,Cholesterol and Lipid Metabolism,226,625,399,0.0007,0.002,0.13
T10422,Angiogenesis and VEGF in Cancer,393,456,63,0.0013,0.0015,0.02
T10190,Air Quality and Health Impacts,431,416,-15,0.0014,0.0013,-0.0
T10329,Thyroid Cancer Diagnosis and Treatment,390,450,60,0.0012,0.0014,0.02
T12553,Psychedelics and Drug Studies,427,410,-17,0.0014,0.0013,-0.01
T10458,Bladder and Urothelial Cancer Treatments,437,398,-39,0.0014,0.0013,-0.01
T10694,Menopause: Health Impacts and Treatments,344,485,141,0.0011,0.0015,0.05
T10769,BRCA gene mutations in cancer,467,358,-109,0.0015,0.0011,-0.03
T10442,Knee injuries and reconstruction techniques,383,439,56,0.0012,0.0014,0.02
T12168,Health and Medical Research Impacts,407,411,4,0.0013,0.0013,0.0
T10368,Dental Health and Care Utilization,360,451,91,0.0011,0.0014,0.03
T10832,Pituitary Gland Disorders and Treatments,387,423,36,0.0012,0.0014,0.01
T11235,Statistical Methods in Clinical Trials,295,512,217,0.0009,0.0016,0.07
T10062,MicroRNA in disease regulation,435,368,-67,0.0014,0.0012,-0.02
T11677,Congenital heart defects research,493,307,-186,0.0016,0.001,-0.06
T10285,Venous Thromboembolism Diagnosis and Management,389,405,16,0.0012,0.0013,0.01
T11011,Frailty in Older Adults,422,371,-51,0.0013,0.0012,-0.02
T10407,Lipid Membrane Structure and Behavior,425,364,-61,0.0014,0.0012,-0.02
T10658,Bone fractures and treatments,350,439,89,0.0011,0.0014,0.03
T10816,Cerebrovascular and Carotid Artery Diseases,419,368,-51,0.0013,0.0012,-0.02
T10606,Kidney Stones and Urolithiasis Treatments,352,422,70,0.0011,0.0013,0.02
T10280,Shoulder Injury and Treatment,409,360,-49,0.0013,0.0011,-0.02
T10432,DNA and Nucleic Acid Chemistry,427,342,-85,0.0014,0.0011,-0.03
T10867,Intensive Care Unit Cognitive Disorders,474,294,-180,0.0015,0.0009,-0.06
T10540,Advanced Fluorescence Microscopy Techniques,297,468,171,0.0009,0.0015,0.05
T10202,Lung Cancer Diagnosis and Treatment,356,407,51,0.0011,0.0013,0.02
T10015,Genomics and Phylogenetic Studies,331,428,97,0.0011,0.0014,0.03
T12226,Neuroblastoma Research and Treatments,431,323,-108,0.0014,0.001,-0.03
T10257,Oral microbiology and periodontitis research,334,417,83,0.0011,0.0013,0.03
T10170,Retinal Diseases and Treatments,324,423,99,0.001,0.0014,0.03
T10084,Musculoskeletal pain and rehabilitation,384,360,-24,0.0012,0.0011,-0.01
T10427,Visual perception and processing mechanisms,273,471,198,0.0009,0.0015,0.06
T10645,Cardiac Arrest and Resuscitation,465,279,-186,0.0015,0.0009,-0.06
T10277,Vitamin D Research Studies,367,374,7,0.0012,0.0012,0.0
T11194,Ocular Diseases and Behçet’s Syndrome,341,399,58,0.0011,0.0013,0.02
T11156,Reproductive Health and Technologies,394,337,-57,0.0013,0.0011,-0.02
T10762,"Migration, Health and Trauma",456,273,-183,0.0015,0.0009,-0.06
T12827,Biochemical and Molecular Research,374,355,-19,0.0012,0.0011,-0.01
T10113,Dental materials and restorations,264,464,200,0.0008,0.0015,0.06
T10665,Cystic Fibrosis Research Advances,375,352,-23,0.0012,0.0011,-0.01
T10496,Pharmaceutical Practices and Patient Outcomes,421,301,-120,0.0013,0.001,-0.04
T11306,Nonmelanoma Skin Cancer Studies,330,392,62,0.0011,0.0013,0.02
T10253,Sarcoma Diagnosis and Treatment,333,387,54,0.0011,0.0012,0.02
T11041,Ubiquitin and proteasome pathways,414,304,-110,0.0013,0.001,-0.03
T10010,"Obesity, Physical Activity, Diet",381,336,-45,0.0012,0.0011,-0.01
T10116,Sperm and Testicular Function,273,444,171,0.0009,0.0014,0.05
T10272,Mental Health Treatment and Access,364,352,-12,0.0012,0.0011,-0.0
T11894,Radiology practices and education,350,366,16,0.0011,0.0012,0.01
T11048,Bacteriophages and microbial interactions,403,312,-91,0.0013,0.001,-0.03
T10583,Cancer-related Molecular Pathways,340,373,33,0.0011,0.0012,0.01
T10786,Maternal Mental Health During Pregnancy and Postpartum,368,345,-23,0.0012,0.0011,-0.01
T10776,Spinal Fractures and Fixation Techniques,432,274,-158,0.0014,0.0009,-0.05
T10890,Trypanosoma species research and implications,355,349,-6,0.0011,0.0011,-0.0
T11518,Cervical and Thoracic Myelopathy,358,346,-12,0.0011,0.0011,-0.0
T10418,Pelvic floor disorders treatments,416,278,-138,0.0013,0.0009,-0.04
T10334,"Hearing, Cochlea, Tinnitus, Genetics",292,401,109,0.0009,0.0013,0.04
T12816,Global Public Health Policies and Epidemiology,303,380,77,0.001,0.0012,0.02
T11600,Brain Metastases and Treatment,348,333,-15,0.0011,0.0011,-0.0
T10725,RNA Interference and Gene Delivery,393,287,-106,0.0013,0.0009,-0.03
T10150,Antifungal resistance and susceptibility,372,306,-66,0.0012,0.001,-0.02
T11412,Genetic and Kidney Cyst Diseases,323,354,31,0.001,0.0011,0.01
T10417,Lung Cancer Treatments and Mutations,336,339,3,0.0011,0.0011,0.0
T11885,MRI in cancer diagnosis,343,332,-11,0.0011,0.0011,-0.0
T11171,Diabetes and associated disorders,389,284,-105,0.0012,0.0009,-0.03
T10746,Platelet Disorders and Treatments,309,363,54,0.001,0.0012,0.02
T10793,Diabetes Management and Education,319,350,31,0.001,0.0011,0.01
T10397,Nutrition and Health in Aging,389,276,-113,0.0012,0.0009,-0.04
T11163,Organ Donation and Transplantation,311,354,43,0.001,0.0011,0.01
T11027,Metabolism and Genetic Disorders,419,245,-174,0.0013,0.0008,-0.06
T11150,Endoplasmic Reticulum Stress and Disease,374,287,-87,0.0012,0.0009,-0.03
T10550,Ovarian cancer diagnosis and treatment,327,333,6,0.001,0.0011,0.0
T12369,Pneumocystis jirovecii pneumonia detection and treatment,474,186,-288,0.0015,0.0006,-0.09
T10483,Nerve injury and regeneration,363,296,-67,0.0012,0.0009,-0.02
T10673,Gestational Diabetes Research and Management,366,293,-73,0.0012,0.0009,-0.02
T10336,Cancer Cells and Metastasis,375,280,-95,0.0012,0.0009,-0.03
T10234,Obstructive Sleep Apnea Research,330,324,-6,0.0011,0.001,-0.0
T10952,PI3K/AKT/mTOR signaling in cancer,343,310,-33,0.0011,0.001,-0.01
T10429,EEG and Brain-Computer Interfaces,350,300,-50,0.0011,0.001,-0.02
T11809,Advanced NMR Techniques and Applications,328,322,-6,0.001,0.001,-0.0
T10755,HER2/EGFR in Cancer Research,295,354,59,0.0009,0.0011,0.02
T10587,Autophagy in Disease and Therapy,334,314,-20,0.0011,0.001,-0.01
T12159,T-cell and Retrovirus Studies,265,382,117,0.0008,0.0012,0.04
T10027,"Diabetes, Cardiovascular Risks, and Lipoproteins",392,253,-139,0.0012,0.0008,-0.04
T12061,Axon Guidance and Neuronal Signaling,300,339,39,0.001,0.0011,0.01
T10754,Neuroendocrine Tumor Research Advances,338,299,-39,0.0011,0.001,-0.01
T12174,Hospital Admissions and Outcomes,344,293,-51,0.0011,0.0009,-0.02
T10795,Healthcare professionals’ stress and burnout,303,333,30,0.001,0.0011,0.01
T11361,Digital Radiography and Breast Imaging,214,420,206,0.0007,0.0013,0.07
T10881,Blood Coagulation and Thrombosis Mechanisms,355,278,-77,0.0011,0.0009,-0.02
T12009,Hedgehog Signaling Pathway Studies,396,237,-159,0.0013,0.0008,-0.05
T10596,Child Nutrition and Water Access,354,278,-76,0.0011,0.0009,-0.02
T10537,Attention Deficit Hyperactivity Disorder,348,283,-65,0.0011,0.0009,-0.02
T10283,Hearing Loss and Rehabilitation,317,312,-5,0.001,0.001,-0.0
T10675,Mechanical Circulatory Support Devices,314,313,-1,0.001,0.001,-0.0
T11037,Fungal Infections and Studies,326,301,-25,0.001,0.001,-0.01
T11092,Spondyloarthritis Studies and Treatments,310,317,7,0.001,0.001,0.0
T10519,Advanced Proteomics Techniques and Applications,248,377,129,0.0008,0.0012,0.04
T11772,Genetics and Neurodevelopmental Disorders,313,311,-2,0.001,0.001,-0.0
T11359,Effects of Radiation Exposure,182,441,259,0.0006,0.0014,0.08
T10371,Immune Response and Inflammation,380,242,-138,0.0012,0.0008,-0.04
T10560,Diabetes Management and Research,309,311,2,0.001,0.001,0.0
T10380,Intimate Partner and Family Violence,285,333,48,0.0009,0.0011,0.02
T11368,Long-Term Effects of COVID-19,323,295,-28,0.001,0.0009,-0.01
T11244,Climate Change and Health Impacts,378,239,-139,0.0012,0.0008,-0.04
T10182,Child and Adolescent Psychosocial and Emotional Development,430,183,-247,0.0014,0.0006,-0.08
T10390,Ovarian function and disorders,341,271,-70,0.0011,0.0009,-0.02
T10449,Renal cell carcinoma treatment,287,325,38,0.0009,0.001,0.01
T11649,Pharmaceutical industry and healthcare,288,321,33,0.0009,0.001,0.01
T10599,Reconstructive Surgery and Microvascular Techniques,298,309,11,0.0009,0.001,0.0
T11296,COVID-19 and healthcare impacts,362,243,-119,0.0012,0.0008,-0.04
T10195,Antimicrobial Resistance in Staphylococcus,323,280,-43,0.001,0.0009,-0.01
T11586,Congenital Diaphragmatic Hernia Studies,390,213,-177,0.0012,0.0007,-0.06
T10935,Endometriosis Research and Treatment,320,282,-38,0.001,0.0009,-0.01
T11218,Hip disorders and treatments,294,307,13,0.0009,0.001,0.0
T10508,Patient Safety and Medication Errors,248,352,104,0.0008,0.0011,0.03
T10426,Child Abuse and Trauma,303,296,-7,0.001,0.0009,-0.0
T11199,Pain Management and Opioid Use,235,363,128,0.0007,0.0012,0.04
T11116,"Trauma, Hemostasis, Coagulopathy, Resuscitation",312,283,-29,0.001,0.0009,-0.01
T10423,Neurobiology and Insect Physiology Research,372,222,-150,0.0012,0.0007,-0.05
T10800,Forensic Toxicology and Drug Analysis,261,332,71,0.0008,0.0011,0.02
T10376,Suicide and Self-Harm Studies,269,322,53,0.0009,0.001,0.02
T10356,Orthodontics and Dentofacial Orthopedics,220,370,150,0.0007,0.0012,0.05
T10980,Vascular Malformations and Hemangiomas,286,302,16,0.0009,0.001,0.01
T12068,Neonatal Health and Biochemistry,332,256,-76,0.0011,0.0008,-0.02
T10465,Neurobiology of Language and Bilingualism,366,220,-146,0.0012,0.0007,-0.05
T10621,Gene Regulatory Network Analysis,251,334,83,0.0008,0.0011,0.03
T10916,Surgical Simulation and Training,310,273,-37,0.001,0.0009,-0.01
T11083,Cardiac Health and Mental Health,322,261,-61,0.001,0.0008,-0.02
T10448,Memory and Neural Mechanisms,259,319,60,0.0008,0.001,0.02
T10960,Hypothalamic control of reproductive hormones,163,413,250,0.0005,0.0013,0.08
T10562,Total Knee Arthroplasty Outcomes,318,257,-61,0.001,0.0008,-0.02
T10985,Sleep and Wakefulness Research,341,233,-108,0.0011,0.0007,-0.03
T10695,Parasites and Host Interactions,265,308,43,0.0008,0.001,0.01
T11510,Reproductive System and Pregnancy,353,219,-134,0.0011,0.0007,-0.04
T10771,Wound Healing and Treatments,218,348,130,0.0007,0.0011,0.04
T11389,Maternal and fetal healthcare,312,253,-59,0.001,0.0008,-0.02
T12574,Clinical Reasoning and Diagnostic Skills,288,275,-13,0.0009,0.0009,-0.0
T10833,Vaccine Coverage and Hesitancy,248,314,66,0.0008,0.001,0.02
T10844,Radiation Dose and Imaging,340,219,-121,0.0011,0.0007,-0.04
T12859,Cell Image Analysis Techniques,318,241,-77,0.001,0.0008,-0.02
T10631,"Cancer, Hypoxia, and Metabolism",381,177,-204,0.0012,0.0006,-0.06
T12829,Advanced Breast Cancer Therapies,286,272,-14,0.0009,0.0009,-0.0
T10949,Genetic Neurodegenerative Diseases,323,233,-90,0.001,0.0007,-0.03
T11350,Sex work and related issues,342,213,-129,0.0011,0.0007,-0.04
T10489,Regulation of Appetite and Obesity,268,283,15,0.0009,0.0009,0.01
T10983,Aortic aneurysm repair treatments,300,250,-50,0.001,0.0008,-0.02
T11635,Poisoning and overdose treatments,218,332,114,0.0007,0.0011,0.04
T11700,Hemodynamic Monitoring and Therapy,280,270,-10,0.0009,0.0009,-0.0
T10518,Gallbladder and Bile Duct Disorders,233,316,83,0.0007,0.001,0.03
T11956,Sexual Differentiation and Disorders,284,265,-19,0.0009,0.0008,-0.01
T10686,Effects and risks of endocrine disrupting chemicals,276,272,-4,0.0009,0.0009,-0.0
T11060,Infant Development and Preterm Care,271,276,5,0.0009,0.0009,0.0
T11141,Childhood Cancer Survivors' Quality of Life,429,118,-311,0.0014,0.0004,-0.1
T10945,Lysosomal Storage Disorders Research,247,299,52,0.0008,0.001,0.02
T10652,Racial and Ethnic Identity Research,254,291,37,0.0008,0.0009,0.01
T10925,Spinal Cord Injury Research,234,311,77,0.0007,0.001,0.02
T12552,Fetal and Pediatric Neurological Disorders,253,291,38,0.0008,0.0009,0.01
T10887,Bioinformatics and Genomic Networks,286,255,-31,0.0009,0.0008,-0.01
T11964,Pregnancy and Medication Impact,273,266,-7,0.0009,0.0008,-0.0
T10206,Meta-analysis and systematic reviews,271,265,-6,0.0009,0.0008,-0.0
T10512,Orthopaedic implants and arthroplasty,301,234,-67,0.001,0.0007,-0.02
T11457,Adipose Tissue and Metabolism,368,167,-201,0.0012,0.0005,-0.06
T10155,Nitric Oxide and Endothelin Effects,311,222,-89,0.001,0.0007,-0.03
T10929,Wnt/β-catenin signaling in development and cancer,285,248,-37,0.0009,0.0008,-0.01
T11308,Sphingolipid Metabolism and Signaling,285,248,-37,0.0009,0.0008,-0.01
T10433,Carcinogens and Genotoxicity Assessment,231,298,67,0.0007,0.001,0.02
T11215,Chronic Myeloid Leukemia Treatments,303,225,-78,0.001,0.0007,-0.02
T10352,Physical Activity and Health,203,324,121,0.0006,0.001,0.04
T10958,Ultrasound and Hyperthermia Applications,273,252,-21,0.0009,0.0008,-0.01
T10668,Endometrial and Cervical Cancer Treatments,250,274,24,0.0008,0.0009,0.01
T10788,Neuroscience and Music Perception,226,297,71,0.0007,0.0009,0.02
T11174,Pediatric Urology and Nephrology Studies,284,239,-45,0.0009,0.0008,-0.01
T11732,Assisted Reproductive Technology and Twin Pregnancy,317,203,-114,0.001,0.0006,-0.04
T10214,Psychotherapy Techniques and Applications,296,223,-73,0.0009,0.0007,-0.02
T11839,Hormonal Regulation and Hypertension,340,176,-164,0.0011,0.0006,-0.05
T13883,Child and Adolescent Health,367,149,-218,0.0012,0.0005,-0.07
T10318,Criminal Justice and Corrections Analysis,227,286,59,0.0007,0.0009,0.02
T11131,Proteoglycans and glycosaminoglycans research,285,227,-58,0.0009,0.0007,-0.02
T11650,Skin and Cellular Biology Research,243,268,25,0.0008,0.0009,0.01
T11134,Breast Lesions and Carcinomas,200,310,110,0.0006,0.001,0.04
T10966,Liver physiology and pathology,220,288,68,0.0007,0.0009,0.02
T10193,Coronary Interventions and Diagnostics,222,284,62,0.0007,0.0009,0.02
T12194,Cultural Competency in Health Care,195,311,116,0.0006,0.001,0.04
T11395,Radiopharmaceutical Chemistry and Applications,166,338,172,0.0005,0.0011,0.06
T11841,Nuclear Structure and Function,236,268,32,0.0008,0.0009,0.01
T12267,Diet and metabolism studies,421,83,-338,0.0013,0.0003,-0.11
T10857,Advanced Electron Microscopy Techniques and Applications,228,273,45,0.0007,0.0009,0.01
T11267,Abdominal Trauma and Injuries,263,238,-25,0.0008,0.0008,-0.01
T11456,Neuroscience of respiration and sleep,314,187,-127,0.001,0.0006,-0.04
T11497,Interprofessional Education and Collaboration,233,268,35,0.0007,0.0009,0.01
T12823,Adolescent and Pediatric Healthcare,245,256,11,0.0008,0.0008,0.0
T10176,Mesenchymal stem cell research,266,233,-33,0.0008,0.0007,-0.01
T10618,Aortic Disease and Treatment Approaches,241,258,17,0.0008,0.0008,0.01
T12236,Photoreceptor and optogenetics research,340,159,-181,0.0011,0.0005,-0.06
T10773,Extracellular vesicles in disease,250,248,-2,0.0008,0.0008,-0.0
T11629,"Birth, Development, and Health",377,120,-257,0.0012,0.0004,-0.08
T11501,TGF-β signaling in diseases,234,262,28,0.0007,0.0008,0.01
T11533,Melanoma and MAPK Pathways,270,226,-44,0.0009,0.0007,-0.01
T11013,Skin Protection and Aging,283,211,-72,0.0009,0.0007,-0.02
T11173,Neurofibromatosis and Schwannoma Cases,265,227,-38,0.0008,0.0007,-0.01
T10168,COVID-19 and Mental Health,253,236,-17,0.0008,0.0008,-0.01
T10630,Orthopedic Surgery and Rehabilitation,281,208,-73,0.0009,0.0007,-0.02
T11167,Hair Growth and Disorders,228,259,31,0.0007,0.0008,0.01
T10866,Nutritional Studies and Diet,222,263,41,0.0007,0.0008,0.01
T11521,Salivary Gland Disorders and Functions,244,241,-3,0.0008,0.0008,-0.0
T11346,Mast cells and histamine,259,224,-35,0.0008,0.0007,-0.01
T12735,Blood donation and transfusion practices,215,268,53,0.0007,0.0009,0.02
T10042,Neural and Behavioral Psychology Studies,230,252,22,0.0007,0.0008,0.01
T12005,Spaceflight effects on biology,225,256,31,0.0007,0.0008,0.01
T12422,Radiomics and Machine Learning in Medical Imaging,332,148,-184,0.0011,0.0005,-0.06
T10902,Complementary and Alternative Medicine Studies,215,264,49,0.0007,0.0008,0.02
T11861,Thermal Regulation in Medicine,270,209,-61,0.0009,0.0007,-0.02
T12286,Erythrocyte Function and Pathophysiology,347,132,-215,0.0011,0.0004,-0.07
T12421,Adrenal Hormones and Disorders,140,339,199,0.0004,0.0011,0.06
T10441,Muscle Physiology and Disorders,196,281,85,0.0006,0.0009,0.03
T11001,Renin-Angiotensin System Studies,123,353,230,0.0004,0.0011,0.07
T11071,Treatment of Major Depression,223,253,30,0.0007,0.0008,0.01
T11204,Ion Channels and Receptors,186,289,103,0.0006,0.0009,0.03
T10737,Health Literacy and Information Accessibility,219,250,31,0.0007,0.0008,0.01
T10563,Corneal surgery and disorders,219,248,29,0.0007,0.0008,0.01
T11176,Radiation Therapy and Dosimetry,199,268,69,0.0006,0.0009,0.02
T11914,PARP inhibition in cancer therapy,273,194,-79,0.0009,0.0006,-0.02
T12027,Social Media in Health Education,265,196,-69,0.0008,0.0006,-0.02
T10873,Bacterial Infections and Vaccines,246,214,-32,0.0008,0.0007,-0.01
T12963,Anesthesia and Neurotoxicity Research,351,109,-242,0.0011,0.0003,-0.08
T11274,Botulinum Toxin and Related Neurological Disorders,279,179,-100,0.0009,0.0006,-0.03
T10063,Nanoparticle-Based Drug Delivery,142,314,172,0.0005,0.001,0.06
T10294,Cell death mechanisms and regulation,186,269,83,0.0006,0.0009,0.03
T10911,Chemical Synthesis and Analysis,264,191,-73,0.0008,0.0006,-0.02
T12104,Protein Tyrosine Phosphatases,235,219,-16,0.0007,0.0007,-0.0
T13555,"Healthcare cost, quality, practices",260,194,-66,0.0008,0.0006,-0.02
T11816,Nursing Roles and Practices,172,281,109,0.0005,0.0009,0.03
T11482,RNA modifications and cancer,381,67,-314,0.0012,0.0002,-0.1
T11369,Genetic factors in colorectal cancer,264,183,-81,0.0008,0.0006,-0.03
T10683,Mass Spectrometry Techniques and Applications,253,193,-60,0.0008,0.0006,-0.02
T11738,Ultrasound in Clinical Applications,186,260,74,0.0006,0.0008,0.02
T10410,COVID-19 epidemiological studies,188,257,69,0.0006,0.0008,0.02
T10186,Nursing education and management,121,323,202,0.0004,0.001,0.06
T10897,Antibiotic Use and Resistance,182,260,78,0.0006,0.0008,0.03
T11291,Intraocular Surgery and Lenses,194,248,54,0.0006,0.0008,0.02
T10342,Circadian rhythm and melatonin,214,225,11,0.0007,0.0007,0.0
T11872,Barrier Structure and Function Studies,165,274,109,0.0005,0.0009,0.03
T13430,Lipid metabolism and disorders,121,318,197,0.0004,0.001,0.06
T11633,Prenatal Substance Exposure Effects,236,199,-37,0.0008,0.0006,-0.01
T10708,Mindfulness and Compassion Interventions,187,247,60,0.0006,0.0008,0.02
T11157,Chronic Lymphocytic Leukemia Research,316,118,-198,0.001,0.0004,-0.06
T10451,Mycorrhizal Fungi and Plant Interactions,427,5,-422,0.0014,0.0,-0.13
T11036,Antibiotics Pharmacokinetics and Efficacy,218,213,-5,0.0007,0.0007,-0.0
T10745,Heart Rate Variability and Autonomic Control,223,207,-16,0.0007,0.0007,-0.0
T11313,Immune cells in cancer,226,204,-22,0.0007,0.0007,-0.01
T11207,Alcohol Consumption and Health Effects,237,188,-49,0.0008,0.0006,-0.02
T11123,Obsessive-Compulsive Spectrum Disorders,203,221,18,0.0006,0.0007,0.01
T11112,Viral Infections and Immunology Research,271,152,-119,0.0009,0.0005,-0.04
T11406,Cerebrospinal fluid and hydrocephalus,254,169,-85,0.0008,0.0005,-0.03
T10975,Bone Tumor Diagnosis and Treatments,212,210,-2,0.0007,0.0007,-0.0
T11322,Facial Rejuvenation and Surgery Techniques,200,222,22,0.0006,0.0007,0.01
T12151,Interpreting and Communication in Healthcare,232,189,-43,0.0007,0.0006,-0.01
T10619,Esophageal Cancer Research and Treatment,202,218,16,0.0006,0.0007,0.01
T11026,Occupational and environmental lung diseases,216,204,-12,0.0007,0.0007,-0.0
T10845,Advanced Causal Inference Techniques,193,225,32,0.0006,0.0007,0.01
T11818,Nicotinic Acetylcholine Receptors Study,242,175,-67,0.0008,0.0006,-0.02
T11146,Hormonal and reproductive studies,290,125,-165,0.0009,0.0004,-0.05
T10114,"Balance, Gait, and Falls Prevention",189,225,36,0.0006,0.0007,0.01
T10452,Iron Metabolism and Disorders,197,217,20,0.0006,0.0007,0.01
T11054,Adrenal and Paraganglionic Tumors,204,210,6,0.0006,0.0007,0.0
T11219,Bone Metabolism and Diseases,139,275,136,0.0004,0.0009,0.04
T11728,Thyroid and Parathyroid Surgery,157,255,98,0.0005,0.0008,0.03
T11660,Blood groups and transfusion,222,189,-33,0.0007,0.0006,-0.01
T13123,Advances in Oncology and Radiotherapy,292,118,-174,0.0009,0.0004,-0.06
T10401,Diabetes Treatment and Management,244,165,-79,0.0008,0.0005,-0.03
T11077,Genetic and Clinical Aspects of Sex Determination and Chromosomal Abnormalities,253,156,-97,0.0008,0.0005,-0.03
T10979,Breastfeeding Practices and Influences,225,183,-42,0.0007,0.0006,-0.01
T11919,dental development and anomalies,172,236,64,0.0005,0.0008,0.02
T11990,Global Health Workforce Issues,216,191,-25,0.0007,0.0006,-0.01
T12840,Renal function and acid-base balance,251,156,-95,0.0008,0.0005,-0.03
T10387,Fatty Acid Research and Health,207,197,-10,0.0007,0.0006,-0.0
T10863,Voice and Speech Disorders,216,188,-28,0.0007,0.0006,-0.01
T11314,Clinical Laboratory Practices and Quality Control,112,292,180,0.0004,0.0009,0.06
T11067,Colorectal Cancer Treatments and Studies,176,227,51,0.0006,0.0007,0.02
T10359,Dental Implant Techniques and Outcomes,208,194,-14,0.0007,0.0006,-0.0
T10830,Airway Management and Intubation Techniques,214,188,-26,0.0007,0.0006,-0.01
T12272,Cardiovascular Conditions and Treatments,186,216,30,0.0006,0.0007,0.01
T13761,HIV/AIDS oral health manifestations,190,210,20,0.0006,0.0007,0.01
T11519,Digital Mental Health Interventions,243,156,-87,0.0008,0.0005,-0.03
T10167,Influenza Virus Research Studies,190,207,17,0.0006,0.0007,0.01
T11290,Preterm Birth and Chorioamnionitis,202,195,-7,0.0006,0.0006,-0.0
T11452,Oral Health Pathology and Treatment,171,226,55,0.0005,0.0007,0.02
T10760,Pancreatitis Pathology and Treatment,191,205,14,0.0006,0.0007,0.0
T11669,Head and Neck Surgical Oncology,212,181,-31,0.0007,0.0006,-0.01
T11764,Evolution and Genetic Dynamics,164,227,63,0.0005,0.0007,0.02
T12065,Hippo pathway signaling and YAP/TAZ,236,155,-81,0.0008,0.0005,-0.03
T11967,Electrolyte and hormonal disorders,211,179,-32,0.0007,0.0006,-0.01
T11844,Lipid metabolism and biosynthesis,150,239,89,0.0005,0.0008,0.03
T10678,Inflammatory mediators and NSAID effects,218,168,-50,0.0007,0.0005,-0.02
T13702,Machine Learning in Healthcare,168,218,50,0.0005,0.0007,0.02
T11620,Medication Adherence and Compliance,177,208,31,0.0006,0.0007,0.01
T11668,interferon and immune responses,200,185,-15,0.0006,0.0006,-0.0
T10147,Antibiotic Resistance in Bacteria,193,191,-2,0.0006,0.0006,-0.0
T11541,Neuroendocrine regulation and behavior,290,93,-197,0.0009,0.0003,-0.06
T10641,Central Venous Catheters and Hemodialysis,188,194,6,0.0006,0.0006,0.0
T11752,Cancer Treatment and Pharmacology,256,126,-130,0.0008,0.0004,-0.04
T11029,Renal Diseases and Glomerulopathies,177,204,27,0.0006,0.0007,0.01
T10381,Ophthalmology and Visual Impairment Studies,230,150,-80,0.0007,0.0005,-0.03
T11430,Disaster Response and Management,210,170,-40,0.0007,0.0005,-0.01
T11334,Psychosomatic Disorders and Their Treatments,172,207,35,0.0005,0.0007,0.01
T12547,Pharmaceutical studies and practices,223,155,-68,0.0007,0.0005,-0.02
T11601,Neuroscience and Neural Engineering,222,155,-67,0.0007,0.0005,-0.02
T11744,Health Sciences Research and Education,212,163,-49,0.0007,0.0005,-0.02
T12287,Fibroblast Growth Factor Research,225,149,-76,0.0007,0.0005,-0.02
T10499,Folate and B Vitamins Research,220,152,-68,0.0007,0.0005,-0.02
T11258,Breast Implant and Reconstruction,185,187,2,0.0006,0.0006,0.0
T10569,Bariatric Surgery and Outcomes,179,192,13,0.0006,0.0006,0.0
T11364,Cholangiocarcinoma and Gallbladder Cancer Studies,185,182,-3,0.0006,0.0006,-0.0
T12108,Management of metastatic bone disease,216,151,-65,0.0007,0.0005,-0.02
T12264,Tissue Engineering and Regenerative Medicine,218,148,-70,0.0007,0.0005,-0.02
T11388,"Grief, Bereavement, and Mental Health",226,139,-87,0.0007,0.0004,-0.03
T10997,Ocular Surface and Contact Lens,192,172,-20,0.0006,0.0005,-0.01
T11924,Polyamine Metabolism and Applications,194,168,-26,0.0006,0.0005,-0.01
T10654,Pneumonia and Respiratory Infections,183,178,-5,0.0006,0.0006,-0.0
T11243,Respiratory viral infections research,230,131,-99,0.0007,0.0004,-0.03
T11827,Polyomavirus and related diseases,224,137,-87,0.0007,0.0004,-0.03
T11072,Peroxisome Proliferator-Activated Receptors,238,122,-116,0.0008,0.0004,-0.04
T13970,Pharmacy and Medical Practices,46,314,268,0.0001,0.001,0.09
T11833,Spinal Dysraphism and Malformations,181,178,-3,0.0006,0.0006,-0.0
T11292,Pediatric Pain Management Techniques,210,148,-62,0.0007,0.0005,-0.02
T12103,Cancer Risks and Factors,210,148,-62,0.0007,0.0005,-0.02
T11260,Tracheal and airway disorders,219,138,-81,0.0007,0.0004,-0.03
T11495,Animal Virus Infections Studies,174,183,9,0.0006,0.0006,0.0
T11117,Drug-Induced Adverse Reactions,176,179,3,0.0006,0.0006,0.0
T11293,Orthopedic Infections and Treatments,175,180,5,0.0006,0.0006,0.0
T10434,Chromosomal and Genetic Variations,182,171,-11,0.0006,0.0005,-0.0
T10515,Cancer-related molecular mechanisms research,224,129,-95,0.0007,0.0004,-0.03
T11069,Testicular diseases and treatments,177,176,-1,0.0006,0.0006,-0.0
T11238,Simulation-Based Education in Healthcare,155,198,43,0.0005,0.0006,0.01
T10365,Gastrointestinal motility and disorders,115,237,122,0.0004,0.0008,0.04
T10989,Uterine Myomas and Treatments,173,179,6,0.0006,0.0006,0.0
T11377,Retinal and Macular Surgery,178,173,-5,0.0006,0.0006,-0.0
T11722,Patient Satisfaction in Healthcare,195,156,-39,0.0006,0.0005,-0.01
T10954,Peripheral Nerve Disorders,153,197,44,0.0005,0.0006,0.01
T11035,Salivary Gland Tumors Diagnosis and Treatment,226,124,-102,0.0007,0.0004,-0.03
T12460,Pediatric Hepatobiliary Diseases and Treatments,183,167,-16,0.0006,0.0005,-0.0
T10252,Microbial Natural Products and Biosynthesis,157,191,34,0.0005,0.0006,0.01
T11754,SARS-CoV-2 detection and testing,155,192,37,0.0005,0.0006,0.01
T10542,Vestibular and auditory disorders,214,132,-82,0.0007,0.0004,-0.03
T11080,Surgical site infection prevention,165,181,16,0.0005,0.0006,0.01
T11465,Drug-Induced Hepatotoxicity and Protection,158,188,30,0.0005,0.0006,0.01
T11747,Metal-Catalyzed Oxygenation Mechanisms,65,281,216,0.0002,0.0009,0.07
T11316,Mycobacterium research and diagnosis,224,119,-105,0.0007,0.0004,-0.03
T11339,"Metabolism, Diabetes, and Cancer",170,173,3,0.0005,0.0006,0.0
T12716,Congenital Anomalies and Fetal Surgery,137,204,67,0.0004,0.0007,0.02
T11374,Cleft Lip and Palate Research,175,163,-12,0.0006,0.0005,-0.0
T11999,Empathy and Medical Education,211,127,-84,0.0007,0.0004,-0.03
T12871,Healthcare Quality and Management,28,310,282,0.0001,0.001,0.09
T12731,Hidradenitis Suppurativa and Treatments,174,162,-12,0.0006,0.0005,-0.0
T11064,Antiplatelet Therapy and Cardiovascular Diseases,171,164,-7,0.0005,0.0005,-0.0
T11685,Zebrafish Biomedical Research Applications,210,123,-87,0.0007,0.0004,-0.03
T11538,Ophthalmology and Eye Disorders,148,184,36,0.0005,0.0006,0.01
T12664,Clinical practice guidelines implementation,146,185,39,0.0005,0.0006,0.01
T10207,Advanced biosensing and bioanalysis techniques,226,103,-123,0.0007,0.0003,-0.04
T10915,Trace Elements in Health,188,140,-48,0.0006,0.0004,-0.02
T11460,Analytical Methods in Pharmaceuticals,104,224,120,0.0003,0.0007,0.04
T11811,Cutaneous lymphoproliferative disorders research,189,139,-50,0.0006,0.0004,-0.02
T12465,"Cancer, Lipids, and Metabolism",217,111,-106,0.0007,0.0004,-0.03
T10671,Gastroesophageal reflux and treatments,171,156,-15,0.0005,0.0005,-0.0
T11679,Craniofacial Disorders and Treatments,174,153,-21,0.0006,0.0005,-0.01
T11057,Cardiac Ischemia and Reperfusion,135,190,55,0.0004,0.0006,0.02
T12339,Medical Malpractice and Liability Issues,199,126,-73,0.0006,0.0004,-0.02
T12534,Protein Degradation and Inhibitors,229,96,-133,0.0007,0.0003,-0.04
T10976,Viral gastroenteritis research and epidemiology,192,132,-60,0.0006,0.0004,-0.02
T10993,Complement system in diseases,148,176,28,0.0005,0.0006,0.01
T14316,"Nursing Education, Practice, and Leadership",180,144,-36,0.0006,0.0005,-0.01
T11970,Molecular Biology Techniques and Applications,195,128,-67,0.0006,0.0004,-0.02
T12505,Peptidase Inhibition and Analysis,273,50,-223,0.0009,0.0002,-0.07
T10885,Gene expression and cancer classification,186,136,-50,0.0006,0.0004,-0.02
T11221,Bone health and treatments,257,63,-194,0.0008,0.0002,-0.06
T11537,Ethics in medical practice,231,89,-142,0.0007,0.0003,-0.05
T12770,Amino Acid Enzymes and Metabolism,177,143,-34,0.0006,0.0005,-0.01
T10528,"Adipokines, Inflammation, and Metabolic Diseases",170,148,-22,0.0005,0.0005,-0.01
T10823,Research on Leishmaniasis Studies,177,141,-36,0.0006,0.0005,-0.01
T11381,Infectious Diseases and Tuberculosis,173,145,-28,0.0006,0.0005,-0.01
T14475,History of Science and Medicine,24,294,270,0.0001,0.0009,0.09
T11503,Cytokine Signaling Pathways and Interactions,167,147,-20,0.0005,0.0005,-0.01
T12246,Chronic Disease Management Strategies,177,137,-40,0.0006,0.0004,-0.01
T10875,Pesticide Exposure and Toxicity,134,179,45,0.0004,0.0006,0.01
T11330,Systemic Sclerosis and Related Diseases,177,136,-41,0.0006,0.0004,-0.01
T10852,Temporomandibular Joint Disorders,132,180,48,0.0004,0.0006,0.02
T10858,Clinical Nutrition and Gastroenterology,138,174,36,0.0004,0.0006,0.01
T12094,Hemoglobin structure and function,203,107,-96,0.0006,0.0003,-0.03
T11792,Pharmaceutical Economics and Policy,122,185,63,0.0004,0.0006,0.02
T12528,"IL-33, ST2, and ILC Pathways",171,136,-35,0.0005,0.0004,-0.01
T10303,Photosynthetic Processes and Mechanisms,207,99,-108,0.0007,0.0003,-0.03
T10697,Vasculitis and related conditions,141,165,24,0.0004,0.0005,0.01
T11021,ECG Monitoring and Analysis,116,190,74,0.0004,0.0006,0.02
T11532,Chemokine receptors and signaling,140,166,26,0.0004,0.0005,0.01
T12602,Medical Education and Admissions,95,211,116,0.0003,0.0007,0.04
T11363,Dental Radiography and Imaging,144,160,16,0.0005,0.0005,0.01
T11566,Laser Applications in Dentistry and Medicine,173,131,-42,0.0006,0.0004,-0.01
T10052,Medical Image Segmentation Techniques,48,255,207,0.0002,0.0008,0.07
T14393,"Health, Environment, Cognitive Aging",260,43,-217,0.0008,0.0001,-0.07
T11848,Heme Oxygenase-1 and Carbon Monoxide,204,97,-107,0.0006,0.0003,-0.03
T12441,Porphyrin Metabolism and Disorders,160,141,-19,0.0005,0.0005,-0.01
T10836,Metabolomics and Mass Spectrometry Studies,191,109,-82,0.0006,0.0003,-0.03
T13110,Colorectal and Anal Carcinomas,147,153,6,0.0005,0.0005,0.0
T11763,Intracerebral and Subarachnoid Hemorrhage Research,164,135,-29,0.0005,0.0004,-0.01
T11232,Urinary Tract Infections Management,158,140,-18,0.0005,0.0004,-0.01
T11280,Hemophilia Treatment and Research,143,155,12,0.0005,0.0005,0.0
T11840,Pain Management and Treatment,126,172,46,0.0004,0.0005,0.01
T11581,Viral Infections and Outbreaks Research,172,125,-47,0.0005,0.0004,-0.01
T13252,Sex and Gender in Healthcare,161,136,-25,0.0005,0.0004,-0.01
T10536,Endodontics and Root Canal Treatments,125,170,45,0.0004,0.0005,0.01
T11571,Sarcoidosis and Beryllium Toxicity Research,148,146,-2,0.0005,0.0005,-0.0
T11591,NF-κB Signaling Pathways,169,125,-44,0.0005,0.0004,-0.01
T11713,Genital Health and Disease,177,117,-60,0.0006,0.0004,-0.02
T11934,Syphilis Diagnosis and Treatment,175,119,-56,0.0006,0.0004,-0.02
T11551,Infective Endocarditis Diagnosis and Management,140,153,13,0.0004,0.0005,0.0
T12918,Healthcare Systems and Technology,163,130,-33,0.0005,0.0004,-0.01
T10059,Bone Tissue Engineering Materials,125,167,42,0.0004,0.0005,0.01
T10971,Olfactory and Sensory Function Studies,202,90,-112,0.0006,0.0003,-0.04
T11951,Trauma Management and Diagnosis,150,142,-8,0.0005,0.0005,-0.0
T11509,Hip and Femur Fractures,190,99,-91,0.0006,0.0003,-0.03
T11144,melanin and skin pigmentation,161,125,-36,0.0005,0.0004,-0.01
T11756,Mentoring and Academic Development,103,183,80,0.0003,0.0006,0.03
T11018,Lower Extremity Biomechanics and Pathologies,146,139,-7,0.0005,0.0004,-0.0
T12386,Advanced X-ray and CT Imaging,192,93,-99,0.0006,0.0003,-0.03
T11310,Connective tissue disorders research,170,114,-56,0.0005,0.0004,-0.02
T11597,"Neutrophil, Myeloperoxidase and Oxidative Mechanisms",166,117,-49,0.0005,0.0004,-0.02
T11209,Cardiovascular and exercise physiology,110,172,62,0.0004,0.0005,0.02
T12110,Bone and Dental Protein Studies,201,81,-120,0.0006,0.0003,-0.04
T11337,Tryptophan and brain disorders,211,70,-141,0.0007,0.0002,-0.04
T12860,Family and Patient Care in Intensive Care Units,186,95,-91,0.0006,0.0003,-0.03
T12212,CNS Lymphoma Diagnosis and Treatment,159,121,-38,0.0005,0.0004,-0.01
T11132,Psychoanalysis and Psychopathology Research,10,269,259,0.0,0.0009,0.08
T12622,Neurosurgical Procedures and Complications,124,155,31,0.0004,0.0005,0.01
T10862,AI in cancer detection,131,147,16,0.0004,0.0005,0.01
T11055,Cardiac and Coronary Surgery Techniques,78,200,122,0.0002,0.0006,0.04
T11265,Aging and Gerontology Research,176,101,-75,0.0006,0.0003,-0.02
T12355,Genetic and rare skin diseases.,126,149,23,0.0004,0.0005,0.01
T11253,Nail Diseases and Treatments,163,111,-52,0.0005,0.0004,-0.02
T11627,Autoimmune Neurological Disorders and Treatments,146,128,-18,0.0005,0.0004,-0.01
T10908,Analytical Chemistry and Chromatography,187,85,-102,0.0006,0.0003,-0.03
T11665,Animal Vocal Communication and Behavior,140,131,-9,0.0004,0.0004,-0.0
T13522,Cardiovascular Health and Risk Factors,121,148,27,0.0004,0.0005,0.01
T10982,Motor Control and Adaptation,73,194,121,0.0002,0.0006,0.04
T11553,Acne and Rosacea Treatments and Effects,148,119,-29,0.0005,0.0004,-0.01
T10634,Food Allergy and Anaphylaxis Research,125,141,16,0.0004,0.0005,0.01
T11190,3D Printing in Biomedical Research,186,80,-106,0.0006,0.0003,-0.03
T10984,Sinusitis and nasal conditions,155,110,-45,0.0005,0.0004,-0.01
T11559,Retinoids in leukemia and cellular processes,191,74,-117,0.0006,0.0002,-0.04
T13944,Psychiatric care and mental health services,79,184,105,0.0003,0.0006,0.03
T11153,Streptococcal Infections and Treatments,167,95,-72,0.0005,0.0003,-0.02
T12634,Ureteral procedures and complications,135,127,-8,0.0004,0.0004,-0.0
T10335,Colorectal Cancer Surgical Treatments,127,132,5,0.0004,0.0004,0.0
T12708,Economic and Financial Impacts of Cancer,162,95,-67,0.0005,0.0003,-0.02
T13147,Ethics and bioethics in healthcare,10,247,237,0.0,0.0008,0.08
T10854,Bipolar Disorder and Treatment,104,151,47,0.0003,0.0005,0.02
T11531,Healthcare Systems and Reforms,96,159,63,0.0003,0.0005,0.02
T12741,Maternal and Neonatal Healthcare,10,245,235,0.0,0.0008,0.08
T11785,Nausea and vomiting management,127,126,-1,0.0004,0.0004,-0.0
T11000,Infection Control in Healthcare,76,176,100,0.0002,0.0006,0.03
T11987,COVID-19 Impact on Reproduction,170,82,-88,0.0005,0.0003,-0.03
T13077,Cancer-related cognitive impairment studies,148,104,-44,0.0005,0.0003,-0.01
T12196,Community Health and Development,94,154,60,0.0003,0.0005,0.02
T11356,Pleural and Pulmonary Diseases,118,129,11,0.0004,0.0004,0.0
T12476,Intraoperative Neuromonitoring and Anesthetic Effects,128,119,-9,0.0004,0.0004,-0.0
T10510,Stroke Rehabilitation and Recovery,135,111,-24,0.0004,0.0004,-0.01
T10924,Cardiovascular Health and Disease Prevention,123,122,-1,0.0004,0.0004,-0.0
T11193,Adenosine and Purinergic Signaling,157,88,-69,0.0005,0.0003,-0.02
T12140,Renal and related cancers,178,67,-111,0.0006,0.0002,-0.04
T10509,"Religion, Spirituality, and Psychology",117,127,10,0.0004,0.0004,0.0
T10614,Transcranial Magnetic Stimulation Studies,123,121,-2,0.0004,0.0004,-0.0
T11469,Lymphatic System and Diseases,123,121,-2,0.0004,0.0004,-0.0
T12209,Bone and Joint Diseases,196,48,-148,0.0006,0.0002,-0.05
T10932,Microbial Metabolic Engineering and Bioproduction,135,108,-27,0.0004,0.0003,-0.01
T11929,Cerebral Venous Sinus Thrombosis,131,112,-19,0.0004,0.0004,-0.01
T10751,Forensic and Genetic Research,78,164,86,0.0002,0.0005,0.03
T11015,Down syndrome and intellectual disability research,91,151,60,0.0003,0.0005,0.02
T12067,Renal and Vascular Pathologies,152,90,-62,0.0005,0.0003,-0.02
T10853,"Anxiety, Depression, Psychometrics, Treatment, Cognitive Processes",92,149,57,0.0003,0.0005,0.02
T11962,Cardiac Fibrosis and Remodeling,75,165,90,0.0002,0.0005,0.03
T10412,Microfluidic and Capillary Electrophoresis Applications,95,144,49,0.0003,0.0005,0.02
T11554,Vascular Procedures and Complications,111,128,17,0.0004,0.0004,0.01
T11984,Anatomy and Medical Technology,103,136,33,0.0003,0.0004,0.01
T10455,Foot and Ankle Surgery,103,134,31,0.0003,0.0004,0.01
T11616,Autoimmune and Inflammatory Disorders Research,151,86,-65,0.0005,0.0003,-0.02
T11678,Healthcare Decision-Making and Restraints,144,92,-52,0.0005,0.0003,-0.02
T11787,Oral and Maxillofacial Pathology,119,117,-2,0.0004,0.0004,-0.0
T11937,Research Data Management Practices,55,181,126,0.0002,0.0006,0.04
T11834,Liver Diseases and Immunity,107,127,20,0.0003,0.0004,0.01
T11866,Reconstructive Facial Surgery Techniques,106,128,22,0.0003,0.0004,0.01
T12199,Vascular Anomalies and Treatments,128,106,-22,0.0004,0.0003,-0.01
T12672,Phagocytosis and Immune Regulation,152,82,-70,0.0005,0.0003,-0.02
T11196,Non-Invasive Vital Sign Monitoring,88,145,57,0.0003,0.0005,0.02
T12279,Body Composition Measurement Techniques,117,116,-1,0.0004,0.0004,-0.0
T10103,Reading and Literacy Development,97,135,38,0.0003,0.0004,0.01
T13127,Biotin and Related Studies,168,64,-104,0.0005,0.0002,-0.03
T12929,Animal Genetics and Reproduction,193,38,-155,0.0006,0.0001,-0.05
T11305,"Amyloidosis: Diagnosis, Treatment, Outcomes",129,101,-28,0.0004,0.0003,-0.01
T12749,"Race, Genetics, and Society",106,123,17,0.0003,0.0004,0.01
T11868,Cancer and Skin Lesions,114,114,0,0.0004,0.0004,0.0
T11051,Sirtuins and Resveratrol in Medicine,112,114,2,0.0004,0.0004,0.0
T12006,Ergonomics and Musculoskeletal Disorders,72,152,80,0.0002,0.0005,0.03
T10790,Heavy Metal Exposure and Toxicity,98,125,27,0.0003,0.0004,0.01
T11086,Parasitic Infections and Diagnostics,133,90,-43,0.0004,0.0003,-0.01
T11336,Energy and Environment Impacts,91,131,40,0.0003,0.0004,0.01
T11407,Innovative Microfluidic and Catalytic Techniques Innovation,132,90,-42,0.0004,0.0003,-0.01
T10243,Statistical Methods and Bayesian Inference,93,128,35,0.0003,0.0004,0.01
T11710,Biomedical Text Mining and Ontologies,126,95,-31,0.0004,0.0003,-0.01
T11730,Autoimmune Bullous Skin Diseases,156,65,-91,0.0005,0.0002,-0.03
T11791,Microbial Community Ecology and Physiology,128,93,-35,0.0004,0.0003,-0.01
T12265,Gun Ownership and Violence Research,118,103,-15,0.0004,0.0003,-0.0
T12598,Cardiac Structural Anomalies and Repair,157,64,-93,0.0005,0.0002,-0.03
T11968,High Altitude and Hypoxia,116,104,-12,0.0004,0.0003,-0.0
T14374,Statistical Methods in Epidemiology,12,208,196,0.0,0.0007,0.06
T11378,Gastrointestinal Bleeding Diagnosis and Treatment,67,152,85,0.0002,0.0005,0.03
T12167,Bacterial Identification and Susceptibility Testing,89,130,41,0.0003,0.0004,0.01
T12990,Medical History and Innovations,108,110,2,0.0003,0.0004,0.0
T11288,Clostridium difficile and Clostridium perfringens research,124,93,-31,0.0004,0.0003,-0.01
T11712,Intergenerational Family Dynamics and Caregiving,143,74,-69,0.0005,0.0002,-0.02
T11812,Nasal Surgery and Airway Studies,106,111,5,0.0003,0.0004,0.0
T12154,Pelvic and Acetabular Injuries,140,77,-63,0.0004,0.0002,-0.02
T14437,Ethics and Legal Issues in Pediatric Healthcare,130,86,-44,0.0004,0.0003,-0.01
T10593,Bacterial biofilms and quorum sensing,78,136,58,0.0002,0.0004,0.02
T11651,Inhalation and Respiratory Drug Delivery,171,42,-129,0.0005,0.0001,-0.04
T12955,Atherosclerosis and Cardiovascular Diseases,94,119,25,0.0003,0.0004,0.01
T11427,Elbow and Forearm Trauma Treatment,103,108,5,0.0003,0.0003,0.0
T12434,Phosphodiesterase function and regulation,96,115,19,0.0003,0.0004,0.01
T12620,Signaling Pathways in Disease,171,40,-131,0.0005,0.0001,-0.04
T11422,Burn Injury Management and Outcomes,90,120,30,0.0003,0.0004,0.01
T11589,Gynecological conditions and treatments,90,120,30,0.0003,0.0004,0.01
T12020,Enhanced Recovery After Surgery,105,105,0,0.0003,0.0003,0.0
T10276,Helicobacter pylori-related gastroenterology studies,127,81,-46,0.0004,0.0003,-0.01
T11135,Virology and Viral Diseases,87,120,33,0.0003,0.0004,0.01
T11736,Histone Deacetylase Inhibitors Research,124,83,-41,0.0004,0.0003,-0.01
T12198,Oral health in cancer treatment,105,102,-3,0.0003,0.0003,-0.0
T12854,Neurology and Historical Studies,93,114,21,0.0003,0.0004,0.01
T11623,Hyperglycemia and glycemic control in critically ill and hospitalized patients,135,70,-65,0.0004,0.0002,-0.02
T11950,Cardiovascular Syncope and Autonomic Disorders,134,71,-63,0.0004,0.0002,-0.02
T12820,Chromatin Remodeling and Cancer,136,68,-68,0.0004,0.0002,-0.02
T10990,Infection Control and Ventilation,108,95,-13,0.0003,0.0003,-0.0
T11922,Cardiovascular Effects of Exercise,136,67,-69,0.0004,0.0002,-0.02
T10877,Allergic Rhinitis and Sensitization,112,90,-22,0.0004,0.0003,-0.01
T11183,Advanced X-ray Imaging Techniques,89,113,24,0.0003,0.0004,0.01
T11271,Myasthenia Gravis and Thymoma,109,93,-16,0.0003,0.0003,-0.01
T11562,Facial Trauma and Fracture Management,105,97,-8,0.0003,0.0003,-0.0
T11724,Inflammatory Myopathies and Dermatomyositis,113,89,-24,0.0004,0.0003,-0.01
T13516,Publishing and Scholarly Communication,5,197,192,0.0,0.0006,0.06
T10136,Statistical Methods and Inference,100,101,1,0.0003,0.0003,0.0
T12648,Academic Writing and Publishing,55,144,89,0.0002,0.0005,0.03
T12910,Eicosanoids and Hypertension Pharmacology,110,89,-21,0.0004,0.0003,-0.01
T12989,Ocular Disorders and Treatments,79,120,41,0.0003,0.0004,0.01
T11534,Erythropoietin and Anemia Treatment,98,100,2,0.0003,0.0003,0.0
T11658,Esophageal and GI Pathology,116,82,-34,0.0004,0.0003,-0.01
T12075,Sodium Intake and Health,106,92,-14,0.0003,0.0003,-0.0
T13417,Biomedical Ethics and Regulation,133,65,-68,0.0004,0.0002,-0.02
T11097,Cerebral Palsy and Movement Disorders,122,75,-47,0.0004,0.0002,-0.01
T11473,Appendicitis Diagnosis and Management,120,77,-43,0.0004,0.0002,-0.01
T12308,Mental Health and Psychiatry,143,53,-90,0.0005,0.0002,-0.03
T11721,Blood properties and coagulation,118,77,-41,0.0004,0.0002,-0.01
T11761,Resilience and Mental Health,129,66,-63,0.0004,0.0002,-0.02
T13248,Healthcare Technology and Patient Monitoring,103,92,-11,0.0003,0.0003,-0.0
T13457,"Dental Education, Practice, Research",92,103,11,0.0003,0.0003,0.0
T11625,Abdominal vascular conditions and treatments,84,110,26,0.0003,0.0004,0.01
T12964,"Diet, Metabolism, and Disease",129,65,-64,0.0004,0.0002,-0.02
T10677,Attachment and Relationship Dynamics,100,93,-7,0.0003,0.0003,-0.0
T11172,Dermatologic Treatments and Research,85,108,23,0.0003,0.0003,0.01
T11246,Sports injuries and prevention,97,96,-1,0.0003,0.0003,-0.0
T11480,Connexins and lens biology,124,69,-55,0.0004,0.0002,-0.02
T11103,Antimicrobial Peptides and Activities,116,76,-40,0.0004,0.0002,-0.01
T11928,Genetic Syndromes and Imprinting,124,68,-56,0.0004,0.0002,-0.02
T10961,Hernia repair and management,97,94,-3,0.0003,0.0003,-0.0
T11735,Peripheral Neuropathies and Disorders,91,99,8,0.0003,0.0003,0.0
T11438,Retinal Imaging and Analysis,100,89,-11,0.0003,0.0003,-0.0
T11569,Optical Coherence Tomography Applications,89,99,10,0.0003,0.0003,0.0
T11879,Protist diversity and phylogeny,142,46,-96,0.0005,0.0001,-0.03
T13283,Mental Health Research Topics,166,22,-144,0.0005,0.0001,-0.05
T13759,Medical Imaging and Pathology Studies,136,52,-84,0.0004,0.0002,-0.03
T12960,Heterotopic Ossification and Related Conditions,90,97,7,0.0003,0.0003,0.0
T13735,History of Medical Practice,96,89,-7,0.0003,0.0003,-0.0
T10445,Antioxidant Activity and Oxidative Stress,127,57,-70,0.0004,0.0002,-0.02
T11358,Dysphagia Assessment and Management,95,89,-6,0.0003,0.0003,-0.0
T11440,Click Chemistry and Applications,105,79,-26,0.0003,0.0003,-0.01
T12663,Body Image and Dysmorphia Studies,122,62,-60,0.0004,0.0002,-0.02
T13597,Medicine and Dermatology Studies History,135,49,-86,0.0004,0.0002,-0.03
T13607,Academic Publishing and Open Access,63,121,58,0.0002,0.0004,0.02
T13315,Occupational Health and Safety in Workplaces,3,180,177,0.0,0.0006,0.06
T12208,Occupational exposure and asthma,100,82,-18,0.0003,0.0003,-0.01
T10122,Toxic Organic Pollutants Impact,82,99,17,0.0003,0.0003,0.01
T11845,Cancer therapeutics and mechanisms,118,63,-55,0.0004,0.0002,-0.02
T11869,Per- and polyfluoroalkyl substances research,90,91,1,0.0003,0.0003,0.0
T11917,"Coagulation, Bradykinin, Polyphosphates, and Angioedema",130,51,-79,0.0004,0.0002,-0.03
T13937,"Genetics, Bioinformatics, and Biomedical Research",156,25,-131,0.0005,0.0001,-0.04
T11991,Soft tissue tumor case studies,107,73,-34,0.0003,0.0002,-0.01
T12494,Alcoholism and Thiamine Deficiency,122,58,-64,0.0004,0.0002,-0.02
T11579,Cardiovascular and Diving-Related Complications,110,69,-41,0.0004,0.0002,-0.01
T11767,Poxvirus research and outbreaks,85,92,7,0.0003,0.0003,0.0
T12191,Chemical Reaction Mechanisms,37,140,103,0.0001,0.0004,0.03
T14510,Medical Imaging and Analysis,124,53,-71,0.0004,0.0002,-0.02
T11539,Survey Methodology and Nonresponse,46,130,84,0.0001,0.0004,0.03
T12610,RNA regulation and disease,148,28,-120,0.0005,0.0001,-0.04
T10494,Plant Virus Research Studies,147,28,-119,0.0005,0.0001,-0.04
T11632,Family and Disability Support Research,124,51,-73,0.0004,0.0002,-0.02
T11639,Mental Health and Patient Involvement,98,76,-22,0.0003,0.0002,-0.01
T12230,Cardiovascular Issues in Pregnancy,122,52,-70,0.0004,0.0002,-0.02
T12443,Delphi Technique in Research,123,51,-72,0.0004,0.0002,-0.02
T12041,Public Health Policies and Education,95,78,-17,0.0003,0.0002,-0.01
T12833,Bartonella species infections research,94,79,-15,0.0003,0.0003,-0.0
T11548,Sexual Assault and Victimization Studies,68,103,35,0.0002,0.0003,0.01
T10784,Muscle activation and electromyography studies,110,60,-50,0.0004,0.0002,-0.02
T10861,Ear Surgery and Otitis Media,85,85,0,0.0003,0.0003,0.0
T11279,Lanthanide and Transition Metal Complexes,103,67,-36,0.0003,0.0002,-0.01
T11353,Venomous Animal Envenomation and Studies,81,89,8,0.0003,0.0003,0.0
T12811,"Aging, Health, and Disability",12,158,146,0.0,0.0005,0.05
T14212,Health Promotion and Cardiovascular Prevention,54,116,62,0.0002,0.0004,0.02
T10977,Optical Imaging and Spectroscopy Techniques,74,95,21,0.0002,0.0003,0.01
T11884,Redox biology and oxidative stress,35,134,99,0.0001,0.0004,0.03
T11084,Workplace Health and Well-being,93,75,-18,0.0003,0.0002,-0.01
T11882,Plant biochemistry and biosynthesis,102,66,-36,0.0003,0.0002,-0.01
T11908,Protein Interaction Studies and Fluorescence Analysis,57,111,54,0.0002,0.0004,0.02
T11773,Healthcare Operations and Scheduling Optimization,80,87,7,0.0003,0.0003,0.0
T12187,Glutathione Transferases and Polymorphisms,99,68,-31,0.0003,0.0002,-0.01
T10696,Gastric Cancer Management and Outcomes,88,78,-10,0.0003,0.0002,-0.0
T11155,Toxoplasma gondii Research Studies,89,77,-12,0.0003,0.0002,-0.0
T13111,Nursing care and research,3,163,160,0.0,0.0005,0.05
T14400,Medical Coding and Health Information,44,122,78,0.0001,0.0004,0.02
T11535,Chemotherapy-induced cardiotoxicity and mitigation,90,75,-15,0.0003,0.0002,-0.0
T11681,Nosocomial Infections in ICU,93,71,-22,0.0003,0.0002,-0.01
T12599,Retinal and Optic Conditions,129,35,-94,0.0004,0.0001,-0.03
T12831,School Health and Nursing Education,73,91,18,0.0002,0.0003,0.01
T11177,Spectroscopy and Quantum Chemical Studies,125,37,-88,0.0004,0.0001,-0.03
T12030,S100 Proteins and Annexins,129,33,-96,0.0004,0.0001,-0.03
T12183,Teratomas and Epidermoid Cysts,83,79,-4,0.0003,0.0003,-0.0
T12328,Autoimmune and Inflammatory Disorders,94,68,-26,0.0003,0.0002,-0.01
T11468,Genetic Mapping and Diversity in Plants and Animals,92,69,-23,0.0003,0.0002,-0.01
T11855,Gastrointestinal disorders and treatments,106,55,-51,0.0003,0.0002,-0.02
T10355,Impact of Technology on Adolescents,76,84,8,0.0002,0.0003,0.0
T12232,"Yersinia bacterium, plague, ectoparasites research",79,81,2,0.0003,0.0003,0.0
T12066,Obesity and Health Practices,113,46,-67,0.0004,0.0001,-0.02
T12096,Ectopic Pregnancy Diagnosis and Management,104,55,-49,0.0003,0.0002,-0.02
T12301,Facial Nerve Paralysis Treatment and Research,102,57,-45,0.0003,0.0002,-0.01
T11294,Infant Nutrition and Health,94,64,-30,0.0003,0.0002,-0.01
T11943,Pharmacovigilance and Adverse Drug Reactions,61,97,36,0.0002,0.0003,0.01
T11227,Diabetic Foot Ulcer Assessment and Management,107,50,-57,0.0003,0.0002,-0.02
T12229,Pharmacological Effects and Toxicity Studies,143,14,-129,0.0005,0.0,-0.04
T12281,Animal testing and alternatives,98,59,-39,0.0003,0.0002,-0.01
T10585,Family Dynamics and Relationships,56,100,44,0.0002,0.0003,0.01
T11282,Fibromyalgia and Chronic Fatigue Syndrome Research,111,45,-66,0.0004,0.0001,-0.02
T11570,Periodontal Regeneration and Treatments,97,59,-38,0.0003,0.0002,-0.01
T13157,Cancer-related gene regulation,140,16,-124,0.0004,0.0001,-0.04
T11078,Inflammasome and immune disorders,90,65,-25,0.0003,0.0002,-0.01
T11403,Invertebrate Immune Response Mechanisms,85,70,-15,0.0003,0.0002,-0.0
T10012,Genetic diversity and population structure,53,101,48,0.0002,0.0003,0.02
T12569,Restless Legs Syndrome Research,89,65,-24,0.0003,0.0002,-0.01
T11828,Corneal Surgery and Treatments,95,58,-37,0.0003,0.0002,-0.01
T10467,Psychometric Methodologies and Testing,24,128,104,0.0001,0.0004,0.03
T10914,Tactile and Sensory Interactions,40,112,72,0.0001,0.0004,0.02
T11819,Data-Driven Disease Surveillance,99,53,-46,0.0003,0.0002,-0.01
T12035,Pain Management and Placebo Effect,106,46,-60,0.0003,0.0001,-0.02
T13648,Cerebrovascular and genetic disorders,66,86,20,0.0002,0.0003,0.01
T11909,Histiocytic Disorders and Treatments,78,73,-5,0.0002,0.0002,-0.0
T11670,Pressure Ulcer Prevention and Management,85,65,-20,0.0003,0.0002,-0.01
T11688,Microbial infections and disease research,65,84,19,0.0002,0.0003,0.01
T11959,Employment and Welfare Studies,103,46,-57,0.0003,0.0001,-0.02
T12235,Child Abuse and Related Trauma,91,58,-33,0.0003,0.0002,-0.01
T12576,vaccines and immunoinformatics approaches,77,72,-5,0.0002,0.0002,-0.0
T10102,scientometrics and bibliometrics research,62,86,24,0.0002,0.0003,0.01
T10920,Advanced Drug Delivery Systems,29,118,89,0.0001,0.0004,0.03
T12082,Takotsubo Cardiomyopathy and Associated Phenomena,65,82,17,0.0002,0.0003,0.01
T13242,Male Reproductive Health Studies,72,75,3,0.0002,0.0002,0.0
T12172,Neutropenia and Cancer Infections,86,60,-26,0.0003,0.0002,-0.01
T12781,Global Health Care Issues,122,22,-100,0.0004,0.0001,-0.03
T10296,Vector-borne infectious diseases,66,77,11,0.0002,0.0002,0.0
T11824,Injury Epidemiology and Prevention,82,61,-21,0.0003,0.0002,-0.01
T12418,Respiratory and Cough-Related Research,80,63,-17,0.0003,0.0002,-0.01
T12763,ATP Synthase and ATPases Research,84,59,-25,0.0003,0.0002,-0.01
T12876,Potassium and Related Disorders,81,62,-19,0.0003,0.0002,-0.01
T13574,Family Support in Illness,105,38,-67,0.0003,0.0001,-0.02
T11638,Cardiac tumors and thrombi,73,69,-4,0.0002,0.0002,-0.0
T12023,Cholinesterase and Neurodegenerative Diseases,96,46,-50,0.0003,0.0001,-0.02
T12477,Toxin Mechanisms and Immunotoxins,120,22,-98,0.0004,0.0001,-0.03
T11768,Music Therapy and Health,92,49,-43,0.0003,0.0002,-0.01
T12867,Advanced Biosensing Techniques and Applications,80,61,-19,0.0003,0.0002,-0.01
T12049,Tuberous Sclerosis Complex Research,78,62,-16,0.0002,0.0002,-0.01
T10565,"Psychopathy, Forensic Psychiatry, Sexual Offending",65,74,9,0.0002,0.0002,0.0
T11961,Neonatal and Maternal Infections,60,79,19,0.0002,0.0003,0.01
T11986,Scientific Computing and Data Management,87,52,-35,0.0003,0.0002,-0.01
T12145,Dental Anxiety and Anesthesia Techniques,64,75,11,0.0002,0.0002,0.0
T12580,Vagus Nerve Stimulation Research,74,65,-9,0.0002,0.0002,-0.0
T11867,Traumatic Ocular and Foreign Body Injuries,85,52,-33,0.0003,0.0002,-0.01
T12331,Hereditary Neurological Disorders,68,69,1,0.0002,0.0002,0.0
T12116,Dermatological diseases and infestations,69,67,-2,0.0002,0.0002,-0.0
T12866,Urologic and reproductive health conditions,98,38,-60,0.0003,0.0001,-0.02
T12334,Lung Cancer Research Studies,69,66,-3,0.0002,0.0002,-0.0
T10726,Career Development and Diversity,50,84,34,0.0002,0.0003,0.01
T10923,Force Microscopy Techniques and Applications,74,60,-14,0.0002,0.0002,-0.0
T11399,Muscle metabolism and nutrition,102,32,-70,0.0003,0.0001,-0.02
T11647,Workplace Violence and Bullying,70,64,-6,0.0002,0.0002,-0.0
T11109,Thermoregulation and physiological responses,82,51,-31,0.0003,0.0002,-0.01
T12604,Glycogen Storage Diseases and Myoclonus,64,69,5,0.0002,0.0002,0.0
T13199,Digestive system and related health,68,65,-3,0.0002,0.0002,-0.0
T13201,Infectious Encephalopathies and Encephalitis,52,81,29,0.0002,0.0003,0.01
T13544,Women's cancer prevention and management,2,131,129,0.0,0.0004,0.04
T11139,"Gout, Hyperuricemia, Uric Acid",68,64,-4,0.0002,0.0002,-0.0
T12047,Viral Infections and Vectors,85,47,-38,0.0003,0.0002,-0.01
T14384,Ophthalmology and Visual Health Research,55,77,22,0.0002,0.0002,0.01
T11068,Tendon Structure and Treatment,84,47,-37,0.0003,0.0002,-0.01
T12381,Electron Spin Resonance Studies,66,65,-1,0.0002,0.0002,-0.0
T13561,Chemical Reactions and Isotopes,73,58,-15,0.0002,0.0002,-0.0
T14354,Emergency Medicine Education and Research,4,127,123,0.0,0.0004,0.04
T11327,Acupuncture Treatment Research Studies,54,75,21,0.0002,0.0002,0.01
T12291,Pericarditis and Cardiac Tamponade,69,60,-9,0.0002,0.0002,-0.0
T12387,Galectins and Cancer Biology,95,34,-61,0.0003,0.0001,-0.02
T14334,HIV/AIDS Impact and Responses,104,25,-79,0.0003,0.0001,-0.03
T11366,Elasticity and Material Modeling,39,89,50,0.0001,0.0003,0.02
T12053,Minimally Invasive Surgical Techniques,29,99,70,0.0001,0.0003,0.02
T12906,Surgical Sutures and Adhesives,92,36,-56,0.0003,0.0001,-0.02
T12979,Cardiovascular Disease and Adiposity,98,30,-68,0.0003,0.0001,-0.02
T11332,"Genomics, phytochemicals, and oxidative stress",83,44,-39,0.0003,0.0001,-0.01
T11702,Parasitic Diseases Research and Treatment,63,64,1,0.0002,0.0002,0.0
T12688,Microbial metabolism and enzyme function,79,48,-31,0.0003,0.0002,-0.01
T10184,Plant Molecular Biology Research,69,57,-12,0.0002,0.0002,-0.0
T12849,Parvovirus B19 Infection Studies,104,22,-82,0.0003,0.0001,-0.03
T10722,Work-Family Balance Challenges,42,83,41,0.0001,0.0003,0.01
T10809,Occupational Health and Safety Research,100,25,-75,0.0003,0.0001,-0.02
T11969,Fluoride Effects and Removal,77,48,-29,0.0002,0.0002,-0.01
T13107,Congenital limb and hand anomalies,49,76,27,0.0002,0.0002,0.01
T11124,Protein purification and stability,51,73,22,0.0002,0.0002,0.01
T11453,Diagnosis and Treatment of Venous Diseases,68,56,-12,0.0002,0.0002,-0.0
T12237,Congenital gastrointestinal and neural anomalies,77,47,-30,0.0002,0.0002,-0.01
T10256,Drug Solubulity and Delivery Systems,34,88,54,0.0001,0.0003,0.02
T10475,Psychological Well-being and Life Satisfaction,72,50,-22,0.0002,0.0002,-0.01
T11094,Face Recognition and Perception,57,65,8,0.0002,0.0002,0.0
T11584,Biochemical Analysis and Sensing Techniques,104,18,-86,0.0003,0.0001,-0.03
T11628,Myeloproliferative Neoplasms: Diagnosis and Treatment,64,58,-6,0.0002,0.0002,-0.0
T13991,Nuclear Receptors and Signaling,94,28,-66,0.0003,0.0001,-0.02
T11380,Child Welfare and Adoption,56,65,9,0.0002,0.0002,0.0
T11916,Legionella and Acanthamoeba research,75,46,-29,0.0002,0.0001,-0.01
T12439,Dental Research and COVID-19,90,30,-60,0.0003,0.0001,-0.02
T12259,Environmental Justice and Health Disparities,59,60,1,0.0002,0.0002,0.0
T12417,Morphological variations and asymmetry,48,71,23,0.0002,0.0002,0.01
T11093,Personality Disorders and Psychopathology,61,57,-4,0.0002,0.0002,-0.0
T12255,Biosimilars and Bioanalytical Methods,79,39,-40,0.0003,0.0001,-0.01
T12621,Hemispheric Asymmetry in Neuroscience,53,65,12,0.0002,0.0002,0.0
T11663,Viral Infectious Diseases and Gene Expression in Insects,91,26,-65,0.0003,0.0001,-0.02
T12060,Child Development and Digital Technology,70,47,-23,0.0002,0.0002,-0.01
T12930,Biomedical and Chemical Research,68,49,-19,0.0002,0.0002,-0.01
T13946,Musculoskeletal Disorders and Rehabilitation,85,32,-53,0.0003,0.0001,-0.02
T11556,"Poverty, Education, and Child Welfare",79,37,-42,0.0003,0.0001,-0.01
T12485,"Optimism, Hope, and Well-being",79,37,-42,0.0003,0.0001,-0.01
T12766,Interdisciplinary Research and Collaboration,27,89,62,0.0001,0.0003,0.02
T12919,Blood disorders and treatments,70,46,-24,0.0002,0.0001,-0.01
T14090,Health and Conflict Studies,77,39,-38,0.0002,0.0001,-0.01
T10486,Salmonella and Campylobacter epidemiology,50,65,15,0.0002,0.0002,0.0
T12018,Coronary Artery Anomalies,65,50,-15,0.0002,0.0002,-0.0
T12937,Chemotherapy-related skin toxicity,62,53,-9,0.0002,0.0002,-0.0
T13533,Medical Case Reports and Studies,29,86,57,0.0001,0.0003,0.02
T11921,Electroconvulsive Therapy Studies,54,60,6,0.0002,0.0002,0.0
T12790,Nursing Diagnosis and Documentation,74,40,-34,0.0002,0.0001,-0.01
T13695,"Aging, Elder Care, and Social Issues",20,94,74,0.0001,0.0003,0.02
T11542,Behavioral Health and Interventions,68,45,-23,0.0002,0.0001,-0.01
T12412,Enzyme function and inhibition,86,27,-59,0.0003,0.0001,-0.02
T12484,Retinopathy of Prematurity Studies,68,45,-23,0.0002,0.0001,-0.01
T12715,Pregnancy-related medical research,87,26,-61,0.0003,0.0001,-0.02
T12138,Occupational Health and Performance,66,46,-20,0.0002,0.0001,-0.01
T12054,Menstrual Health and Disorders,57,54,-3,0.0002,0.0002,-0.0
T12085,Collagen: Extraction and Characterization,50,61,11,0.0002,0.0002,0.0
T12400,Neurogenetic and Muscular Disorders Research,82,29,-53,0.0003,0.0001,-0.02
T12796,Dermatological and COVID-19 studies,58,53,-5,0.0002,0.0002,-0.0
T13206,Neonatal skin health care,75,36,-39,0.0002,0.0001,-0.01
T11396,Artificial Intelligence in Healthcare,41,69,28,0.0001,0.0002,0.01
T12193,Trigeminal Neuralgia and Treatments,61,49,-12,0.0002,0.0002,-0.0
T12463,Amoebic Infections and Treatments,67,43,-24,0.0002,0.0001,-0.01
T12996,Cancer Research and Treatments,95,15,-80,0.0003,0.0,-0.03
T13289,Infant Health and Development,76,34,-42,0.0002,0.0001,-0.01
T10404,Enzyme Catalysis and Immobilization,50,59,9,0.0002,0.0002,0.0
T12173,Body Contouring and Surgery,77,32,-45,0.0002,0.0001,-0.01
T14144,Neurological Disease Mechanisms and Treatments,86,23,-63,0.0003,0.0001,-0.02
T10343,"Hydrogels: synthesis, properties, applications",29,79,50,0.0001,0.0003,0.02
T11002,Indoor Air Quality and Microbial Exposure,49,59,10,0.0002,0.0002,0.0
T11481,Sulfur Compounds in Biology,61,47,-14,0.0002,0.0002,-0.0
T11577,Cognitive Abilities and Testing,60,48,-12,0.0002,0.0002,-0.0
T11775,COVID-19 diagnosis using AI,81,27,-54,0.0003,0.0001,-0.02
T11910,Foreign Body Medical Cases,46,62,16,0.0001,0.0002,0.01
T12539,Pharmacology and Obesity Treatment,79,29,-50,0.0003,0.0001,-0.02
T12793,Caveolin-1 and cellular processes,75,33,-42,0.0002,0.0001,-0.01
T11264,Coffee research and impacts,49,58,9,0.0002,0.0002,0.0
T11285,Hearing Impairment and Communication,66,41,-25,0.0002,0.0001,-0.01
T13326,Biochemical and Structural Characterization,65,42,-23,0.0002,0.0001,-0.01
T11631,"Retirement, Disability, and Employment",67,39,-28,0.0002,0.0001,-0.01
T12117,Muscle and Compartmental Disorders,62,44,-18,0.0002,0.0001,-0.01
T12518,Diverticular Disease and Complications,74,32,-42,0.0002,0.0001,-0.01
T12626,"Cancer, Stress, Anesthesia, and Immune Response",67,39,-28,0.0002,0.0001,-0.01
T13770,Pediatric health and respiratory diseases,101,5,-96,0.0003,0.0,-0.03
T11023,Prosthetics and Rehabilitation Robotics,52,53,1,0.0002,0.0002,0.0
T11617,Enzyme Production and Characterization,80,25,-55,0.0003,0.0001,-0.02
T12245,"Counseling, Therapy, and Family Dynamics",52,53,1,0.0002,0.0002,0.0
T13340,Palliative and Oncologic Care,0,105,105,0.0,0.0003,0.03
T13953,Digital Imaging in Medicine,84,21,-63,0.0003,0.0001,-0.02
T10485,"Bullying, Victimization, and Aggression",49,55,6,0.0002,0.0002,0.0
T12089,Intestinal and Peritoneal Adhesions,65,39,-26,0.0002,0.0001,-0.01
T12379,Cancer Diagnosis and Treatment,82,22,-60,0.0003,0.0001,-0.02
T12587,Gestational Trophoblastic Disease Studies,56,48,-8,0.0002,0.0002,-0.0
T10141,Probiotics and Fermented Foods,48,55,7,0.0002,0.0002,0.0
T12702,Brain Tumor Detection and Classification,55,48,-7,0.0002,0.0002,-0.0
T13374,Hematological disorders and diagnostics,66,37,-29,0.0002,0.0001,-0.01
T13526,14-3-3 protein interactions,79,24,-55,0.0003,0.0001,-0.02
T13984,"Nutrition, Genetics, and Disease",91,12,-79,0.0003,0.0,-0.03
T14134,Medical and Biological Sciences,58,45,-13,0.0002,0.0001,-0.0
T12297,Otolaryngology and Infectious Diseases,45,57,12,0.0001,0.0002,0.0
T12695,Urinary and Genital Oncology Studies,50,52,2,0.0002,0.0002,0.0
T13467,Drug-Induced Ocular Toxicity,38,64,26,0.0001,0.0002,0.01
T10002,Advanced Chemical Physics Studies,28,73,45,0.0001,0.0002,0.01
T10212,Electrochemical sensors and biosensors,69,32,-37,0.0002,0.0001,-0.01
T12296,Autopsy Techniques and Outcomes,59,42,-17,0.0002,0.0001,-0.01
T12747,Moyamoya disease diagnosis and treatment,59,42,-17,0.0002,0.0001,-0.01
T12900,Organ and Tissue Transplantation Research,67,34,-33,0.0002,0.0001,-0.01
T13370,Diverse Scientific and Economic Studies,101,0,-101,0.0003,0.0,-0.03
T13796,Neurological Disorders and Treatments,43,58,15,0.0001,0.0002,0.0
T10482,Mathematical and Theoretical Epidemiology and Ecology Models,10,90,80,0.0,0.0003,0.03
T12278,Vascular Tumors and Angiosarcomas,56,44,-12,0.0002,0.0001,-0.0
T12453,Infectious Aortic and Vascular Conditions,53,47,-6,0.0002,0.0002,-0.0
T12600,Eosinophilic Disorders and Syndromes,71,29,-42,0.0002,0.0001,-0.01
T13966,Neurological and metabolic disorders,74,26,-48,0.0002,0.0001,-0.02
T14185,"Research, Science, and Academia",10,90,80,0.0,0.0003,0.03
T12413,Health and Medical Education,6,93,87,0.0,0.0003,0.03
T10076,Plant-Microbe Interactions and Immunity,41,57,16,0.0001,0.0002,0.01
T12055,Boron Compounds in Chemistry,54,44,-10,0.0002,0.0001,-0.0
T13393,Child Nutrition and Feeding Issues,82,16,-66,0.0003,0.0001,-0.02
T14313,Health and Well-being Studies,86,12,-74,0.0003,0.0,-0.02
T11431,Action Observation and Synchronization,70,27,-43,0.0002,0.0001,-0.01
T12438,Urticaria and Related Conditions,65,32,-33,0.0002,0.0001,-0.01
T14396,Healthcare Regulation,1,96,95,0.0,0.0003,0.03
T11892,Kawasaki Disease and Coronary Complications,56,40,-16,0.0002,0.0001,-0.01
T13415,Calcium signaling and nucleotide metabolism,66,30,-36,0.0002,0.0001,-0.01
T14078,Multiple and Secondary Primary Cancers,29,67,38,0.0001,0.0002,0.01
T10346,Magnetic confinement fusion research,95,0,-95,0.0003,0.0,-0.03
T10584,Reproductive Physiology in Livestock,74,21,-53,0.0002,0.0001,-0.02
T11373,Sleep and Work-Related Fatigue,56,39,-17,0.0002,0.0001,-0.01
T11888,Gender Roles and Identity Studies,55,40,-15,0.0002,0.0001,-0.0
T12342,Vascular anomalies and interventions,42,53,11,0.0001,0.0002,0.0
T12554,Vitamin C and Antioxidants Research,71,24,-47,0.0002,0.0001,-0.01
T10163,Metal complexes synthesis and properties,46,48,2,0.0001,0.0002,0.0
T11056,Physiological and biochemical adaptations,62,32,-30,0.0002,0.0001,-0.01
T11576,IgG4-Related and Inflammatory Diseases,64,30,-34,0.0002,0.0001,-0.01
T11905,Veterinary Pharmacology and Anesthesia,53,41,-12,0.0002,0.0001,-0.0
T12800,Musculoskeletal synovial abnormalities and treatments,68,26,-42,0.0002,0.0001,-0.01
T13481,Neurological diseases and metabolism,70,24,-46,0.0002,0.0001,-0.01
T10174,Animal Behavior and Reproduction,41,52,11,0.0001,0.0002,0.0
T10957,Photodynamic Therapy Research Studies,48,45,-3,0.0002,0.0001,-0.0
T11348,Celiac Disease Research and Management,52,41,-11,0.0002,0.0001,-0.0
T11472,Analytical Chemistry and Sensors,54,39,-15,0.0002,0.0001,-0.0
T11626,Metalloenzymes and iron-sulfur proteins,38,55,17,0.0001,0.0002,0.01
T12654,Xenotransplantation and immune response,60,33,-27,0.0002,0.0001,-0.01
T13254,Macrophage Migration Inhibitory Factor,80,12,-68,0.0003,0.0,-0.02
T10476,Algal biology and biofuel production,58,33,-25,0.0002,0.0001,-0.01
T11297,Ferroptosis and cancer prognosis,57,34,-23,0.0002,0.0001,-0.01
T12459,Nerve Injury and Rehabilitation,66,25,-41,0.0002,0.0001,-0.01
T12064,Intraperitoneal and Appendiceal Malignancies,51,39,-12,0.0002,0.0001,-0.0
T12107,Leprosy Research and Treatment,40,50,10,0.0001,0.0002,0.0
T12411,Shoulder and Clavicle Injuries,60,30,-30,0.0002,0.0001,-0.01
T12419,Phonocardiography and Auscultation Techniques,48,42,-6,0.0002,0.0001,-0.0
T11295,Counseling Practices and Supervision,46,43,-3,0.0001,0.0001,-0.0
T10532,Molecular Sensors and Ion Detection,46,42,-4,0.0001,0.0001,-0.0
T10692,Urban Green Space and Health,49,39,-10,0.0002,0.0001,-0.0
T10835,Carbohydrate Chemistry and Synthesis,52,36,-16,0.0002,0.0001,-0.01
T11324,Spectroscopy Techniques in Biomedical and Chemical Research,48,40,-8,0.0002,0.0001,-0.0
T13280,Biomedical and Engineering Education,80,8,-72,0.0003,0.0,-0.02
T11255,Microfluidic and Bio-sensing Technologies,51,36,-15,0.0002,0.0001,-0.0
T11958,Dental Erosion and Treatment,46,41,-5,0.0001,0.0001,-0.0
T12254,Machine Learning in Bioinformatics,52,35,-17,0.0002,0.0001,-0.01
T10918,Memory Processes and Influences,18,68,50,0.0001,0.0002,0.02
T10943,Escherichia coli research studies,41,45,4,0.0001,0.0001,0.0
T11142,Advanced Glycation End Products research,54,32,-22,0.0002,0.0001,-0.01
T13120,Nuclear Issues and Defense,44,42,-2,0.0001,0.0001,-0.0
T14511,"Medicine, History, and Philosophy",2,84,82,0.0,0.0003,0.03
T11515,Bacillus and Francisella bacterial research,52,33,-19,0.0002,0.0001,-0.01
T12352,Heparin-Induced Thrombocytopenia and Thrombosis,57,28,-29,0.0002,0.0001,-0.01
T12548,Hemostasis and retained surgical items,43,42,-1,0.0001,0.0001,-0.0
T10314,Social and Intergroup Psychology,44,40,-4,0.0001,0.0001,-0.0
T12150,Intestinal Malrotation and Obstruction Disorders,53,31,-22,0.0002,0.0001,-0.01
T12333,Abdominal Surgery and Complications,45,39,-6,0.0001,0.0001,-0.0
T12426,Lymphatic Disorders and Treatments,41,43,2,0.0001,0.0001,0.0
T12915,Biochemical Acid Research Studies,44,40,-4,0.0001,0.0001,-0.0
T10841,Economic and Environmental Valuation,43,40,-3,0.0001,0.0001,-0.0
T12880,Qualitative Research Methods and Applications,21,62,41,0.0001,0.0002,0.01
T13410,Immune responses and vaccinations,64,19,-45,0.0002,0.0001,-0.01
T10403,Phonetics and Phonology Research,29,53,24,0.0001,0.0002,0.01
T10589,Early Childhood Education and Development,53,29,-24,0.0002,0.0001,-0.01
T10729,Electrospun Nanofibers in Biomedical Applications,57,25,-32,0.0002,0.0001,-0.01
T11993,Atomic and Subatomic Physics Research,75,7,-68,0.0002,0.0,-0.02
T12335,"Sexuality, Behavior, and Technology",66,16,-50,0.0002,0.0001,-0.02
T13551,Biochemical effects in animals,79,3,-76,0.0003,0.0,-0.02
T10710,Arsenic contamination and mitigation,39,42,3,0.0001,0.0001,0.0
T12462,Elder Abuse and Neglect,48,33,-15,0.0002,0.0001,-0.0
T11355,Inflammatory Biomarkers in Disease Prognosis,47,33,-14,0.0001,0.0001,-0.0
T11492,Academic integrity and plagiarism,21,59,38,0.0001,0.0002,0.01
T11829,Mathematical Biology Tumor Growth,35,45,10,0.0001,0.0001,0.0
T10778,Philosophy and History of Science,23,56,33,0.0001,0.0002,0.01
T12214,Media Influence and Health,41,38,-3,0.0001,0.0001,-0.0
T12561,bioluminescence and chemiluminescence research,57,22,-35,0.0002,0.0001,-0.01
T12994,Infrared Thermography in Medicine,59,20,-39,0.0002,0.0001,-0.01
T11455,Microbial Inactivation Methods,44,34,-10,0.0001,0.0001,-0.0
T11981,Qualitative Research Methods and Ethics,51,27,-24,0.0002,0.0001,-0.01
T12728,Demographic Trends and Gender Preferences,60,18,-42,0.0002,0.0001,-0.01
T12848,Psychological Testing and Assessment,17,61,44,0.0001,0.0002,0.01
T13047,Pharmacological Receptor Mechanisms and Effects,69,9,-60,0.0002,0.0,-0.02
T12044,Advanced Physical and Chemical Molecular Interactions,3,74,71,0.0,0.0002,0.02
T11985,Marine Toxins and Detection Methods,44,32,-12,0.0001,0.0001,-0.0
T12268,Deception detection and forensic psychology,33,43,10,0.0001,0.0001,0.0
T12313,Emotions and Moral Behavior,43,33,-10,0.0001,0.0001,-0.0
T12433,Skin Diseases and Diabetes,42,34,-8,0.0001,0.0001,-0.0
T12873,"Nutrition, Health and Food Behavior",18,58,40,0.0001,0.0002,0.01
T12924,Dermatological and Skeletal Disorders,52,24,-28,0.0002,0.0001,-0.01
T13313,Dupuytren's Contracture and Treatments,29,47,18,0.0001,0.0002,0.01
T10258,Philosophy and Theoretical Science,10,65,55,0.0,0.0002,0.02
T11485,Gastrointestinal Tumor Research and Treatment,47,28,-19,0.0001,0.0001,-0.01
T11544,"Gender, Labor, and Family Dynamics",50,25,-25,0.0002,0.0001,-0.01
T12748,Molecular spectroscopy and chirality,41,34,-7,0.0001,0.0001,-0.0
T14326,Ear and Head Tumors,42,33,-9,0.0001,0.0001,-0.0
T12464,Neurological Complications and Syndromes,41,33,-8,0.0001,0.0001,-0.0
T13381,Heart rate and cardiovascular health,21,53,32,0.0001,0.0002,0.01
T13383,Tumors and Oncological Cases,68,6,-62,0.0002,0.0,-0.02
T14293,Biotechnology and Related Fields,58,16,-42,0.0002,0.0001,-0.01
T10274,Synthesis and biological activity,33,40,7,0.0001,0.0001,0.0
T12492,Zoonotic diseases and public health,50,23,-27,0.0002,0.0001,-0.01
T12830,Pectus Deformity Diagnosis and Treatment,35,38,3,0.0001,0.0001,0.0
T10721,Surfactants and Colloidal Systems,32,40,8,0.0001,0.0001,0.0
T11393,Biosensors and Analytical Detection,43,29,-14,0.0001,0.0001,-0.0
T11832,Doctoral Education Challenges and Solutions,22,50,28,0.0001,0.0002,0.01
T11953,"Neuroethics, Human Enhancement, Biomedical Innovations",51,21,-30,0.0002,0.0001,-0.01
T11998,Youth Development and Social Support,51,21,-30,0.0002,0.0001,-0.01
T12402,Travel-related health issues,42,30,-12,0.0001,0.0001,-0.0
T12578,Diagnosis and treatment of tuberculosis,41,31,-10,0.0001,0.0001,-0.0
T12625,Sympathectomy and Hyperhidrosis Treatments,53,19,-34,0.0002,0.0001,-0.01
T12980,Family Caregiving in Mental Illness,49,22,-27,0.0002,0.0001,-0.01
T13004,Vitamin K Research Studies,50,21,-29,0.0002,0.0001,-0.01
T13656,"Science, Research, and Medicine",47,24,-23,0.0001,0.0001,-0.01
T11118,Evolutionary Psychology and Human Behavior,39,31,-8,0.0001,0.0001,-0.0
T11684,Vibrio bacteria research studies,49,21,-28,0.0002,0.0001,-0.01
T13117,Health Education and Validation,6,64,58,0.0,0.0002,0.02
T13160,Synthesis and Biological Evaluation,56,14,-42,0.0002,0.0,-0.01
T10298,Urban Transport and Accessibility,43,26,-17,0.0001,0.0001,-0.01
T10782,Nanoplatforms for cancer theranostics,51,18,-33,0.0002,0.0001,-0.01
T11765,Circular RNAs in diseases,36,33,-3,0.0001,0.0001,-0.0
T12057,Consumer Attitudes and Food Labeling,43,26,-17,0.0001,0.0001,-0.01
T12317,Actinomycetales infections and treatment,38,31,-7,0.0001,0.0001,-0.0
T12520,Psychology of Moral and Emotional Judgment,48,21,-27,0.0002,0.0001,-0.01
T10370,Traffic and Road Safety,33,35,2,0.0001,0.0001,0.0
T10730,Language Development and Disorders,39,29,-10,0.0001,0.0001,-0.0
T12025,Hepatitis Viruses Studies and Epidemiology,39,29,-10,0.0001,0.0001,-0.0
T12789,Planarian Biology and Electrostimulation,42,26,-16,0.0001,0.0001,-0.01
T11147,Misinformation and Its Impacts,39,28,-11,0.0001,0.0001,-0.0
T11154,Parasitic infections in humans and animals,28,39,11,0.0001,0.0001,0.0
T11997,Free Will and Agency,26,41,15,0.0001,0.0001,0.0
T13736,Steroid Chemistry and Biochemistry,35,32,-3,0.0001,0.0001,-0.0
T12032,Multisensory perception and integration,30,36,6,0.0001,0.0001,0.0
T12488,Mental Health via Writing,48,18,-30,0.0002,0.0001,-0.01
T12666,Historical Psychiatry and Medical Practices,27,39,12,0.0001,0.0001,0.0
T12744,Medical Device Sterilization and Disinfection,31,35,4,0.0001,0.0001,0.0
T11447,Blind Source Separation Techniques,50,15,-35,0.0002,0.0,-0.01
T12533,Aldose Reductase and Taurine,46,19,-27,0.0001,0.0001,-0.01
T12631,Head and Neck Anomalies,43,22,-21,0.0001,0.0001,-0.01
T13471,Cognitive Functions and Memory,27,38,11,0.0001,0.0001,0.0
T12010,Evaluation and Performance Assessment,30,34,4,0.0001,0.0001,0.0
T12134,Insect symbiosis and bacterial influences,55,9,-46,0.0002,0.0,-0.01
T12480,Health and Wellbeing Research,45,19,-26,0.0001,0.0001,-0.01
T12992,Metastasis and carcinoma case studies,22,42,20,0.0001,0.0001,0.01
T13001,Restraint-Related Deaths,48,16,-32,0.0002,0.0001,-0.01
T13633,Public Health and Social Inequalities,10,54,44,0.0,0.0002,0.01
T10591,Theoretical and Computational Physics,36,27,-9,0.0001,0.0001,-0.0
T10826,Behavioral and Psychological Studies,42,21,-21,0.0001,0.0001,-0.01
T11107,Selenium in Biological Systems,31,32,1,0.0001,0.0001,0.0
T11445,Origins and Evolution of Life,35,28,-7,0.0001,0.0001,-0.0
T13452,GDF15 and Related Biomarkers,52,11,-41,0.0002,0.0,-0.01
T11149,Veterinary Oncology Research,20,42,22,0.0001,0.0001,0.01
T11318,Phytoestrogen effects and research,41,21,-20,0.0001,0.0001,-0.01
T12430,Academic and Historical Perspectives in Psychology,41,21,-20,0.0001,0.0001,-0.01
T12856,Transgenic Plants and Applications,48,14,-34,0.0002,0.0,-0.01
T12943,COVID-19 Digital Contact Tracing,40,22,-18,0.0001,0.0001,-0.01
T10348,"Indigenous Health, Education, and Rights",16,45,29,0.0001,0.0001,0.01
T10799,Data Visualization and Analytics,23,38,15,0.0001,0.0001,0.0
T11216,Radiation Detection and Scintillator Technologies,20,41,21,0.0001,0.0001,0.01
T12011,"Insurance, Mortality, Demography, Risk Management",28,33,5,0.0001,0.0001,0.0
T13314,Lymphadenopathy Diagnosis and Analysis,25,36,11,0.0001,0.0001,0.0
T13323,Spinal Hematomas and Complications,36,25,-11,0.0001,0.0001,-0.0
T13338,Pharmacological Effects and Assays,57,4,-53,0.0002,0.0,-0.02
T13426,Kruppel-like factors research,46,14,-32,0.0001,0.0,-0.01
T10421,Pleistocene-Era Hominins and Archaeology,19,40,21,0.0001,0.0001,0.01
T10574,Crime Patterns and Interventions,12,47,35,0.0,0.0002,0.01
T12947,"Health, psychology, and well-being",41,18,-23,0.0001,0.0001,-0.01
T13098,Conferences and Exhibitions Management,33,26,-7,0.0001,0.0001,-0.0
T13690,Quality and Safety in Healthcare,46,13,-33,0.0001,0.0,-0.01
T11454,Cultural Differences and Values,36,22,-14,0.0001,0.0001,-0.0
T13453,Alkaline Phosphatase Research Studies,33,25,-8,0.0001,0.0001,-0.0
T13497,Hermeneutics and Narrative Identity,58,0,-58,0.0002,0.0,-0.02
T13539,thermodynamics and calorimetric analyses,40,18,-22,0.0001,0.0001,-0.01
T10903,Porphyrin and Phthalocyanine Chemistry,28,29,1,0.0001,0.0001,0.0
T10946,Radioactivity and Radon Measurements,27,30,3,0.0001,0.0001,0.0
T11667,Advanced Chemical Sensor Technologies,52,5,-47,0.0002,0.0,-0.01
T11927,Plant Reproductive Biology,44,13,-31,0.0001,0.0,-0.01
T12243,Research in Cotton Cultivation,33,24,-9,0.0001,0.0001,-0.0
T12655,Female Genital Mutilation/Cutting Issues,39,18,-21,0.0001,0.0001,-0.01
T12818,"Pneumothorax, Barotrauma, Emphysema",32,25,-7,0.0001,0.0001,-0.0
T13884,Educational Leadership and Practices,57,0,-57,0.0002,0.0,-0.02
T11434,Electrochemical Analysis and Applications,48,8,-40,0.0002,0.0,-0.01
T11561,Protein Hydrolysis and Bioactive Peptides,54,2,-52,0.0002,0.0,-0.02
T11645,"Urban, Neighborhood, and Segregation Studies",35,21,-14,0.0001,0.0001,-0.0
T11780,Rabies epidemiology and control,45,11,-34,0.0001,0.0,-0.01
T12015,Photoacoustic and Ultrasonic Imaging,43,13,-30,0.0001,0.0,-0.01
T13036,Veterinary Practice and Education Studies,54,2,-52,0.0002,0.0,-0.02
T11003,Disability Rights and Representation,15,40,25,0.0,0.0001,0.01
T11040,Personality Traits and Psychology,16,39,23,0.0001,0.0001,0.01
T11079,Creativity in Education and Neuroscience,29,26,-3,0.0001,0.0001,-0.0
T12280,Magnesium in Health and Disease,30,25,-5,0.0001,0.0001,-0.0
T12745,Dietary Effects on Health,36,19,-17,0.0001,0.0001,-0.01
T13960,"Dietetics, Nutrition, and Education",23,32,9,0.0001,0.0001,0.0
T10699,Primate Behavior and Ecology,37,17,-20,0.0001,0.0001,-0.01
T10815,Parasite Biology and Host Interactions,43,11,-32,0.0001,0.0,-0.01
T11692,Noise Effects and Management,40,14,-26,0.0001,0.0,-0.01
T12608,Spatial Neglect and Hemispheric Dysfunction,43,11,-32,0.0001,0.0,-0.01
T13106,"Neuroscience, Education and Cognitive Function",49,5,-44,0.0002,0.0,-0.01
T13397,Hallucinations in medical conditions,22,32,10,0.0001,0.0001,0.0
T10727,Ultrasound Imaging and Elastography,20,33,13,0.0001,0.0001,0.0
T10819,Mercury impact and mitigation studies,28,25,-3,0.0001,0.0001,-0.0
T12372,Art Therapy and Mental Health,29,24,-5,0.0001,0.0001,-0.0
T12538,Eosinophilic Esophagitis,39,14,-25,0.0001,0.0,-0.01
T14126,Intramuscular injections and effects,27,26,-1,0.0001,0.0001,-0.0
T10028,Topic Modeling,41,11,-30,0.0001,0.0,-0.01
T10315,Decision-Making and Behavioral Economics,15,37,22,0.0,0.0001,0.01
T11514,Disability Education and Employment,17,35,18,0.0001,0.0001,0.01
T12523,Nasolacrimal Duct Obstruction Treatments,28,24,-4,0.0001,0.0001,-0.0
T12649,Alkaloids: synthesis and pharmacology,15,37,22,0.0,0.0001,0.01
T13738,Congenital Ear and Nasal Anomalies,26,26,0,0.0001,0.0001,0.0
T13986,Medical Practices and Rehabilitation,6,46,40,0.0,0.0001,0.01
T10240,Plant tissue culture and regeneration,32,19,-13,0.0001,0.0001,-0.0
T10325,Astro and Planetary Science,23,28,5,0.0001,0.0001,0.0
T10859,Polymer Surface Interaction Studies,28,23,-5,0.0001,0.0001,-0.0
T11865,Anorectal Disease Treatments and Outcomes,31,20,-11,0.0001,0.0001,-0.0
T11944,Participatory Visual Research Methods,34,17,-17,0.0001,0.0001,-0.01
T12274,Electrostatics and Colloid Interactions,18,33,15,0.0001,0.0001,0.0
T13569,Microscopic Colitis,42,9,-33,0.0001,0.0,-0.01
T13805,Adolescent Health and Behaviors,0,51,51,0.0,0.0002,0.02
T14486,"Cardiovascular, Neuropeptides, and Oxidative Stress Research",8,43,35,0.0,0.0001,0.01
T11317,Fire dynamics and safety research,12,38,26,0.0,0.0001,0.01
T11708,Photochromic and Fluorescence Chemistry,33,17,-16,0.0001,0.0001,-0.01
T12847,Healthcare Systems and Challenges,39,11,-28,0.0001,0.0,-0.01
T14275,Historical Medical Research and Treatments,30,20,-10,0.0001,0.0001,-0.0
T14415,Biomedical Research and Pathophysiology,41,9,-32,0.0001,0.0,-0.01
T11044,Particle Detector Development and Performance,11,38,27,0.0,0.0001,0.01
T11806,Service-Learning and Community Engagement,21,28,7,0.0001,0.0001,0.0
T12356,Bioactive Compounds and Antitumor Agents,26,23,-3,0.0001,0.0001,-0.0
T12603,NMR spectroscopy and applications,39,10,-29,0.0001,0.0,-0.01
T12835,FOXO transcription factor regulation,42,7,-35,0.0001,0.0,-0.01
T13099,"Health, Medicine and Society",13,36,23,0.0,0.0001,0.01
T13309,Reliability and Agreement in Measurement,19,30,11,0.0001,0.0001,0.0
T13878,Case Reports on Hematomas,21,28,7,0.0001,0.0001,0.0
T14072,Immunotoxicology and immune responses,20,29,9,0.0001,0.0001,0.0
T10320,Neural Networks and Applications,39,9,-30,0.0001,0.0,-0.01
T10594,Genetic and phenotypic traits in livestock,34,14,-20,0.0001,0.0,-0.01
T10883,Ethics and Social Impacts of AI,10,38,28,0.0,0.0001,0.01
T11526,Innovative Teaching Methods,30,18,-12,0.0001,0.0001,-0.0
T11582,Nanopore and Nanochannel Transport Studies,28,20,-8,0.0001,0.0001,-0.0
T11977,Technology Use by Older Adults,18,30,12,0.0001,0.0001,0.0
T13012,Coenzyme Q10 studies and effects,29,19,-10,0.0001,0.0001,-0.0
T13638,Human auditory perception and evaluation,48,0,-48,0.0002,0.0,-0.02
T13840,Chemical Safety and Risk Management,34,14,-20,0.0001,0.0,-0.01
T10004,Soil Carbon and Nitrogen Dynamics,16,31,15,0.0001,0.0001,0.0
T10201,Speech Recognition and Synthesis,17,30,13,0.0001,0.0001,0.0
T11085,Fungal Biology and Applications,29,18,-11,0.0001,0.0001,-0.0
T11214,Human-Animal Interaction Studies,30,17,-13,0.0001,0.0001,-0.0
T11595,Textile materials and evaluations,28,19,-9,0.0001,0.0001,-0.0
T12327,Various Chemistry Research Topics,39,8,-31,0.0001,0.0,-0.01
T12367,Dental Trauma and Treatments,30,17,-13,0.0001,0.0001,-0.0
T12499,"Diphtheria, Corynebacterium, and Tetanus",23,24,1,0.0001,0.0001,0.0
T13095,Plant-based Medicinal Research,44,3,-41,0.0001,0.0,-0.01
T12405,Characterization and Applications of Magnetic Nanoparticles,12,34,22,0.0,0.0001,0.01
T12920,Healthcare and Environmental Waste Management,17,29,12,0.0001,0.0001,0.0
T10171,Biofuel production and bioconversion,30,15,-15,0.0001,0.0,-0.0
T11074,Helminth infection and control,16,29,13,0.0001,0.0001,0.0
T11505,Reproductive biology and impacts on aquatic species,22,23,1,0.0001,0.0001,0.0
T11520,Advanced Thermodynamics and Statistical Mechanics,29,16,-13,0.0001,0.0001,-0.0
T11560,Animal Disease Management and Epidemiology,37,8,-29,0.0001,0.0,-0.01
T11759,Occupational Therapy Practice and Research,41,4,-37,0.0001,0.0,-0.01
T12700,Doping in Sports,4,41,37,0.0,0.0001,0.01
T12845,Methemoglobinemia and Tumor Lysis Syndrome,30,15,-15,0.0001,0.0,-0.0
T13143,Child Therapy and Development,30,15,-15,0.0001,0.0,-0.0
T13779,Cancer Mechanisms and Therapy,35,10,-25,0.0001,0.0,-0.01
T10481,Computer Graphics and Visualization Techniques,18,26,8,0.0001,0.0001,0.0
T10667,Emotion and Mood Recognition,18,26,8,0.0001,0.0001,0.0
T11268,Light effects on plants,30,14,-16,0.0001,0.0,-0.01
T11901,Bayesian Methods and Mixture Models,33,11,-22,0.0001,0.0,-0.01
T12500,Reflective Practices in Education,27,17,-10,0.0001,0.0001,-0.0
T12783,"Migration, Aging, and Tourism Studies",41,3,-38,0.0001,0.0,-0.01
T12935,Healthcare Systems and Public Health,20,24,4,0.0001,0.0001,0.0
T13100,Comparative Animal Anatomy Studies,8,36,28,0.0,0.0001,0.01
T13219,Mind wandering and attention,31,13,-18,0.0001,0.0,-0.01
T14020,Medical research and treatments,1,43,42,0.0,0.0001,0.01
T14186,Healthcare Systems and Practices,21,23,2,0.0001,0.0001,0.0
T10648,Virtual Reality Applications and Impacts,21,22,1,0.0001,0.0001,0.0
T10753,Microplastics and Plastic Pollution,22,21,-1,0.0001,0.0001,-0.0
T11419,Supramolecular Self-Assembly in Materials,24,19,-5,0.0001,0.0001,-0.0
T11486,Micro and Nano Robotics,32,11,-21,0.0001,0.0,-0.01
T11488,Climate Change Communication and Perception,29,14,-15,0.0001,0.0,-0.0
T11585,Exercise and Physiological Responses,31,12,-19,0.0001,0.0,-0.01
T13175,Historical Astronomy and Related Studies,22,21,-1,0.0001,0.0001,-0.0
T13546,Census and Population Estimation,17,26,9,0.0001,0.0001,0.0
T14165,Inflammation biomarkers and pathways,33,10,-23,0.0001,0.0,-0.01
T10900,Listeria monocytogenes in Food Safety,22,20,-2,0.0001,0.0001,-0.0
T10992,Forensic Anthropology and Bioarchaeology Studies,23,19,-4,0.0001,0.0001,-0.0
T11076,Policing Practices and Perceptions,9,33,24,0.0,0.0001,0.01
T11871,Advanced Statistical Methods and Models,31,11,-20,0.0001,0.0,-0.01
T12026,Explainable Artificial Intelligence (XAI),16,26,10,0.0001,0.0001,0.0
T12305,Cassava research and cyanide,30,12,-18,0.0001,0.0,-0.01
T12324,History of Medicine Studies,21,21,0,0.0001,0.0001,0.0
T12683,Studies on Chitinases and Chitosanases,25,17,-8,0.0001,0.0001,-0.0
T13275,Medical and Health Sciences Research,15,27,12,0.0,0.0001,0.0
T13503,"Gender, Health, and Social Inequality",1,41,40,0.0,0.0001,0.01
T13594,Healthcare innovation and challenges,28,14,-14,0.0001,0.0,-0.0
T14423,Military Technology and Strategies,41,1,-40,0.0001,0.0,-0.01
T11231,Microbial Fuel Cells and Bioremediation,28,13,-15,0.0001,0.0,-0.0
T11259,Agriculture Sustainability and Environmental Impact,31,10,-21,0.0001,0.0,-0.01
T11641,Insect and Pesticide Research,38,3,-35,0.0001,0.0,-0.01
T12207,Assistive Technology in Communication and Mobility,23,18,-5,0.0001,0.0001,-0.0
T13437,Mechanisms of cancer metastasis,23,18,-5,0.0001,0.0001,-0.0
T10131,Gold and Silver Nanoparticles Synthesis and Applications,17,23,6,0.0001,0.0001,0.0
T12836,History and Developments in Astronomy,23,17,-6,0.0001,0.0001,-0.0
T13768,Oral and gingival health research,34,6,-28,0.0001,0.0,-0.01
T10747,Disaster Management and Resilience,22,17,-5,0.0001,0.0001,-0.0
T10868,Soft Robotics and Applications,21,18,-3,0.0001,0.0001,-0.0
T11573,Risk Perception and Management,20,19,-1,0.0001,0.0001,-0.0
T12244,Healthcare Education and Workforce Issues,16,23,7,0.0001,0.0001,0.0
T12874,Digital Imaging for Blood Diseases,25,14,-11,0.0001,0.0,-0.0
T13605,"Homicide, Infanticide, and Child Abuse",31,8,-23,0.0001,0.0,-0.01
T14093,Global Health and Epidemiology,8,31,23,0.0,0.0001,0.01
T10072,Science Education and Pedagogy,9,29,20,0.0,0.0001,0.01
T10333,Meat and Animal Product Quality,34,4,-30,0.0001,0.0,-0.01
T10444,Context-Aware Activity Recognition Systems,12,26,14,0.0,0.0001,0.0
T10500,Sparse and Compressive Sensing Techniques,24,14,-10,0.0001,0.0,-0.0
T10555,Fire effects on ecosystems,36,2,-34,0.0001,0.0,-0.01
T12315,Older Adults Driving Studies,32,6,-26,0.0001,0.0,-0.01
T13332,"Historical Studies on Reproduction, Gender, Health, and Societal Changes",21,17,-4,0.0001,0.0001,-0.0
T13866,Occupational health in dentistry,24,13,-11,0.0001,0.0,-0.0
T10731,Educational Games and Gamification,10,26,16,0.0,0.0001,0.01
T10825,Plant Pathogens and Fungal Diseases,29,7,-22,0.0001,0.0,-0.01
T11578,Plant Pathogenic Bacteria Studies,20,16,-4,0.0001,0.0001,-0.0
T11705,Gambling Behavior and Treatments,24,12,-12,0.0001,0.0,-0.0
T11949,Nuclear Physics and Applications,30,6,-24,0.0001,0.0,-0.01
T12647,Traditional Chinese Medicine Studies,21,15,-6,0.0001,0.0,-0.0
T12878,Pharmaceutical Quality and Counterfeiting,15,21,6,0.0,0.0001,0.0
T13363,Soft tissue tumors and treatment,14,22,8,0.0,0.0001,0.0
T10079,Nanoparticles: synthesis and applications,23,12,-11,0.0001,0.0,-0.0
T11899,"Brucella: diagnosis, epidemiology, treatment",16,19,3,0.0001,0.0001,0.0
T13055,Global Security and Public Health,8,27,19,0.0,0.0001,0.01
T13385,Infectious Diseases and Mycology,31,4,-27,0.0001,0.0,-0.01
T14434,Historical and Modern Theater Studies,0,35,35,0.0,0.0001,0.01
T10267,Higher Education Research Studies,16,18,2,0.0001,0.0001,0.0
T10332,Amphibian and Reptile Biology,26,8,-18,0.0001,0.0,-0.01
T11345,Cognitive and developmental aspects of mathematical skills,19,15,-4,0.0001,0.0,-0.0
T11686,Dendrimers and Hyperbranched Polymers,17,17,0,0.0001,0.0001,0.0
T11810,Complex Systems and Decision Making,29,5,-24,0.0001,0.0,-0.01
T12039,Electron and X-Ray Spectroscopy Techniques,29,5,-24,0.0001,0.0,-0.01
T12241,Children's Physical and Motor Development,18,16,-2,0.0001,0.0001,-0.0
T12712,Myofascial pain diagnosis and treatment,24,10,-14,0.0001,0.0,-0.0
T12828,Plant Genetic and Mutation Studies,29,5,-24,0.0001,0.0,-0.01
T13187,Diffusion and Search Dynamics,21,13,-8,0.0001,0.0,-0.0
T13220,Plant and Fungal Interactions Research,22,12,-10,0.0001,0.0,-0.0
T13279,Safe Handling of Antineoplastic Drugs,23,11,-12,0.0001,0.0,-0.0
T13697,Biliary and Gastrointestinal Fistulas,22,12,-10,0.0001,0.0,-0.0
T10506,Aquaculture disease management and microbiota,17,16,-1,0.0001,0.0001,-0.0
T10798,Crystallography and molecular interactions,15,18,3,0.0,0.0001,0.0
T10874,Electromagnetic Fields and Biological Effects,20,13,-7,0.0001,0.0,-0.0
T11247,Plant nutrient uptake and metabolism,24,9,-15,0.0001,0.0,-0.0
T11331,Fecal contamination and water quality,12,21,9,0.0,0.0001,0.0
T12157,Geochemistry and Geologic Mapping,33,0,-33,0.0001,0.0,-0.01
T12223,Leptospirosis research and findings,20,13,-7,0.0001,0.0,-0.0
T12234,Mollusks and Parasites Studies,14,19,5,0.0,0.0001,0.0
T13454,Phenothiazines and Benzothiazines Synthesis and Activities,27,6,-21,0.0001,0.0,-0.01
T13637,Calpain Protease Function and Regulation,22,11,-11,0.0001,0.0,-0.0
T13869,Ocular and Laser Science Research,22,11,-11,0.0001,0.0,-0.0
T13910,Computational and Text Analysis Methods,20,13,-7,0.0001,0.0,-0.0
T14040,Problem Solving Skills Development,27,6,-21,0.0001,0.0,-0.01
T10149,Anthropological Studies and Insights,9,23,14,0.0,0.0001,0.0
T10349,Migration and Labor Dynamics,18,14,-4,0.0001,0.0,-0.0
T11180,Pesticide and Herbicide Environmental Studies,29,3,-26,0.0001,0.0,-0.01
T11228,Bat Biology and Ecology Studies,24,8,-16,0.0001,0.0,-0.01
T11299,Problem and Project Based Learning,19,13,-6,0.0001,0.0,-0.0
T11354,Evolution and Paleontology Studies,13,19,6,0.0,0.0001,0.0
T11580,Veterinary Medicine and Surgery,14,18,4,0.0,0.0001,0.0
T11925,Culinary Culture and Tourism,32,0,-32,0.0001,0.0,-0.01
T11948,Machine Learning in Materials Science,28,4,-24,0.0001,0.0,-0.01
T11983,"Identity, Memory, and Therapy",22,10,-12,0.0001,0.0,-0.0
T12732,Agriculture and Farm Safety,21,11,-10,0.0001,0.0,-0.0
T12817,Pharmacological Effects of Natural Compounds,31,1,-30,0.0001,0.0,-0.01
T12901,Tattoo and Body Piercing Complications,18,14,-4,0.0001,0.0,-0.0
T13048,Patient Dignity and Privacy,22,10,-12,0.0001,0.0,-0.0
T13076,"Torture, Ethics, and Law",20,12,-8,0.0001,0.0,-0.0
T13091,Human Health and Disease,26,6,-20,0.0001,0.0,-0.01
T13500,Probability and Statistical Research,5,27,22,0.0,0.0001,0.01
T13896,Health Services Management and Policy,4,28,24,0.0,0.0001,0.01
T14043,Historical and modern epidemiology studies,14,18,4,0.0,0.0001,0.0
T14135,Cancer and biochemical research,12,20,8,0.0,0.0001,0.0
T10813,Sport Psychology and Performance,10,21,11,0.0,0.0001,0.0
T11089,Radioactive contamination and transfer,15,16,1,0.0,0.0001,0.0
T11168,International Development and Aid,11,20,9,0.0,0.0001,0.0
T12788,Space Science and Extraterrestrial Life,21,10,-11,0.0001,0.0,-0.0
T13097,Male Breast Health Studies,18,13,-5,0.0001,0.0,-0.0
T14104,Developmental and Educational Neuropsychology,0,31,31,0.0,0.0001,0.01
T10419,Pharmaceutical and Antibiotic Environmental Impacts,20,10,-10,0.0001,0.0,-0.0
T10443,Social Policy and Reform Studies,15,15,0,0.0,0.0,0.0
T10659,Marine animal studies overview,21,9,-12,0.0001,0.0,-0.0
T11075,Insect Resistance and Genetics,22,8,-14,0.0001,0.0,-0.0
T13657,Aortic Thrombus and Embolism,19,11,-8,0.0001,0.0,-0.0
T14028,Healthcare and Venom Research,27,3,-24,0.0001,0.0,-0.01
T14245,Biomarkers in Disease Mechanisms,17,13,-4,0.0001,0.0,-0.0
T11278,Calcium Carbonate Crystallization and Inhibition,15,14,-1,0.0,0.0,-0.0
T12059,Berberine and alkaloids research,22,7,-15,0.0001,0.0,-0.0
T12689,Silymarin and Mushroom Poisoning,15,14,-1,0.0,0.0,-0.0
T13258,Williams Syndrome Research,23,6,-17,0.0001,0.0,-0.01
T13414,Radioactive Decay and Measurement Techniques,14,15,1,0.0,0.0,0.0
T13813,Oral and Craniofacial Lesions,18,11,-7,0.0001,0.0,-0.0
T13861,Health and Lifestyle Studies,23,6,-17,0.0001,0.0,-0.01
T14226,"Migration, Racism, and Human Rights",1,28,27,0.0,0.0001,0.01
T10074,Carbon Nanotubes in Composites,19,9,-10,0.0001,0.0,-0.0
T10157,Sports Performance and Training,24,4,-20,0.0001,0.0,-0.01
T10435,Environmental Impact and Sustainability,1,27,26,0.0,0.0001,0.01
T10447,Environmental Toxicology and Ecotoxicology,11,17,6,0.0,0.0001,0.0
T11715,Education and Critical Thinking Development,21,7,-14,0.0001,0.0,-0.0
T11733,X-ray Spectroscopy and Fluorescence Analysis,10,18,8,0.0,0.0001,0.0
T11932,Wireless Body Area Networks,18,10,-8,0.0001,0.0,-0.0
T12526,Antimicrobial agents and applications,7,21,14,0.0,0.0001,0.0
T12596,Cephalopods and Marine Biology,18,10,-8,0.0001,0.0,-0.0
T12765,"Race, History, and American Society",17,11,-6,0.0001,0.0,-0.0
T13495,Biographical and Historical Analysis,1,27,26,0.0,0.0001,0.01
T13542,"Grit, Self-Efficacy, and Motivation",17,11,-6,0.0001,0.0,-0.0
T13962,Omental and Epiploic Conditions,13,15,2,0.0,0.0,0.0
T10402,Phase Equilibria and Thermodynamics,13,14,1,0.0,0.0,0.0
T10474,Material Dynamics and Properties,14,13,-1,0.0,0.0,-0.0
T10478,Diamond and Carbon-based Materials Research,15,12,-3,0.0,0.0,-0.0
T10688,Image and Signal Denoising Methods,9,18,9,0.0,0.0001,0.0
T11487,Automotive and Human Injury Biomechanics,17,10,-7,0.0001,0.0,-0.0
T11555,Methodologies in Health Research and Practice,1,26,25,0.0,0.0001,0.01
T12231,Contemporary Sociological Theory and Practice,11,16,5,0.0,0.0001,0.0
T12679,Focus Groups and Qualitative Methods,13,14,1,0.0,0.0,0.0
T12769,Stoma care and complications,11,16,5,0.0,0.0001,0.0
T12914,Infectious Disease Case Reports and Treatments,26,1,-25,0.0001,0.0,-0.01
T13328,Osteomyelitis and Bone Disorders Research,19,8,-11,0.0001,0.0,-0.0
T13447,Educational and Psychological Assessments,26,1,-25,0.0001,0.0,-0.01
T13632,Marriage and Sexual Relationships,11,16,5,0.0,0.0001,0.0
T14285,Biopolymer Synthesis and Applications,26,1,-25,0.0001,0.0,-0.01
T10014,Plant Stress Responses and Tolerance,13,13,0,0.0,0.0,0.0
T10140,Food composition and properties,13,13,0,0.0,0.0,0.0
T10430,Software Engineering Techniques and Practices,7,19,12,0.0,0.0001,0.0
T10487,Plant and animal studies,23,3,-20,0.0001,0.0,-0.01
T10578,Supramolecular Chemistry and Complexes,5,21,16,0.0,0.0001,0.01
T10947,Fluorine in Organic Chemistry,18,8,-10,0.0001,0.0,-0.0
T11904,Spatial Cognition and Navigation,19,7,-12,0.0001,0.0,-0.0
T12142,Marine Invertebrate Physiology and Ecology,11,15,4,0.0,0.0,0.0
T12275,Gender and Feminist Studies,2,24,22,0.0,0.0001,0.01
T12429,Chemotherapy-induced organ toxicity mitigation,13,13,0,0.0,0.0,0.0
T12468,Radiation Effects and Dosimetry,23,3,-20,0.0001,0.0,-0.01
T12691,Coccidia and coccidiosis research,17,9,-8,0.0001,0.0,-0.0
T13297,History and advancements in chemistry,24,2,-22,0.0001,0.0,-0.01
T14015,Otitis Media and Relapsing Polychondritis,20,6,-14,0.0001,0.0,-0.0
T10383,"Language, Discourse, Communication Strategies",13,12,-1,0.0,0.0,-0.0
T10775,Generative Adversarial Networks and Image Synthesis,11,14,3,0.0,0.0,0.0
T10987,Microfinance and Financial Inclusion,13,12,-1,0.0,0.0,-0.0
T11028,Social Work Education and Practice,11,14,3,0.0,0.0,0.0
T11187,Nonlinear Dynamics and Pattern Formation,14,11,-3,0.0,0.0,-0.0
T11897,Digital Holography and Microscopy,14,11,-3,0.0,0.0,-0.0
T11903,Private Equity and Venture Capital,7,18,11,0.0,0.0001,0.0
T12178,Bird parasitology and diseases,16,9,-7,0.0001,0.0,-0.0
T12448,Paranormal Experiences and Beliefs,14,11,-3,0.0,0.0,-0.0
T12755,Legal Education and Practice Innovations,16,9,-7,0.0001,0.0,-0.0
T12844,Psychology and Mental Health,2,23,21,0.0,0.0001,0.01
T12948,Inclusion and Disability in Education and Sport,10,15,5,0.0,0.0,0.0
T13194,ICT in Developing Communities,10,15,5,0.0,0.0,0.0
T13365,Medical and Biological Ozone Research,22,3,-19,0.0001,0.0,-0.01
T14099,Synthesis and Characterization of Heterocyclic Compounds,19,6,-13,0.0001,0.0,-0.0
T14115,Legal processes and jurisprudence,0,25,25,0.0,0.0001,0.01
T14286,Parkinson's Disease and Spinal Disorders,25,0,-25,0.0001,0.0,-0.01
T10108,Electoral Systems and Political Participation,5,19,14,0.0,0.0001,0.0
T10595,Medieval Literature and History,7,17,10,0.0,0.0001,0.0
T10661,biodegradable polymer synthesis and properties,14,10,-4,0.0,0.0,-0.0
T10764,Privacy-Preserving Technologies in Data,7,17,10,0.0,0.0001,0.0
T11148,"Language, Metaphor, and Cognition",20,4,-16,0.0001,0.0,-0.01
T11433,Emotional Intelligence and Performance,18,6,-12,0.0001,0.0,-0.0
T12681,Global Healthcare and Medical Tourism,20,4,-16,0.0001,0.0,-0.01
T12975,Paraoxonase enzyme and polymorphisms,14,10,-4,0.0,0.0,-0.0
T13090,Medicinal Plant Extracts Effects,15,9,-6,0.0,0.0,-0.0
T13207,Youth Substance Use and School Attendance,16,8,-8,0.0001,0.0,-0.0
T13362,Slime Mold and Myxomycetes Research,16,8,-8,0.0001,0.0,-0.0
T13534,"Migration, Identity, and Health",1,23,22,0.0,0.0001,0.01
T13834,Whipple's Disease and Interleukins,16,8,-8,0.0001,0.0,-0.0
T14189,Intravenous Infusion Technology and Safety,5,19,14,0.0,0.0001,0.0
T10215,Semantic Web and Ontologies,18,5,-13,0.0001,0.0,-0.0
T10557,Social Media and Politics,20,3,-17,0.0001,0.0,-0.01
T10640,Spectroscopy and Chemometric Analyses,17,6,-11,0.0001,0.0,-0.0
T10656,Child and Animal Learning Development,13,10,-3,0.0,0.0,-0.0
T11261,Quantum chaos and dynamical systems,10,13,3,0.0,0.0,0.0
T11367,Particle accelerators and beam dynamics,14,9,-5,0.0,0.0,-0.0
T11448,Face recognition and analysis,8,15,7,0.0,0.0,0.0
T11966,Silk-based biomaterials and applications,20,3,-17,0.0001,0.0,-0.01
T12205,Time Series Analysis and Forecasting,13,10,-3,0.0,0.0,-0.0
T12474,Education Discipline and Inequality,13,10,-3,0.0,0.0,-0.0
T12489,Microbial Metabolites in Food Biotechnology,18,5,-13,0.0001,0.0,-0.0
T12813,Plant and Biological Electrophysiology Studies,20,3,-17,0.0001,0.0,-0.01
T13022,Health and Medical Studies,17,6,-11,0.0001,0.0,-0.0
T13044,Biofield Effects and Biophysics,10,13,3,0.0,0.0,0.0
T13141,Statistical Methods and Applications,3,20,17,0.0,0.0001,0.01
T14289,"Anthropology: Ethics, History, Culture",10,13,3,0.0,0.0,0.0
T14512,Technology and Human Factors in Education and Health,4,19,15,0.0,0.0001,0.0
T10064,Complex Network Analysis Techniques,12,10,-2,0.0,0.0,-0.0
T10321,Quantum Dots Synthesis And Properties,7,15,8,0.0,0.0,0.0
T10324,Microbial bioremediation and biosurfactants,8,14,6,0.0,0.0,0.0
T10802,Judicial and Constitutional Studies,9,13,4,0.0,0.0,0.0
T10872,Veterinary Equine Medical Research,14,8,-6,0.0,0.0,-0.0
T10970,Team Dynamics and Performance,6,16,10,0.0,0.0001,0.0
T11252,Evolutionary Game Theory and Cooperation,19,3,-16,0.0001,0.0,-0.01
T11340,Marine Sponges and Natural Products,14,8,-6,0.0,0.0,-0.0
T11471,Block Copolymer Self-Assembly,12,10,-2,0.0,0.0,-0.0
T11493,Water Treatment and Disinfection,6,16,10,0.0,0.0001,0.0
T11831,Chemical Synthesis and Reactions,13,9,-4,0.0,0.0,-0.0
T12029,DNA and Biological Computing,11,11,0,0.0,0.0,0.0
T12088,Intergenerational and Educational Inequality Studies,14,8,-6,0.0,0.0,-0.0
T12166,Ion-surface interactions and analysis,10,12,2,0.0,0.0,0.0
T12242,Latin American and Latino Studies,11,11,0,0.0,0.0,0.0
T12249,Veterinary Orthopedics and Neurology,12,10,-2,0.0,0.0,-0.0
T12684,Stuttering Research and Treatment,14,8,-6,0.0,0.0,-0.0
T13030,Survey Sampling and Estimation Techniques,9,13,4,0.0,0.0,0.0
T13445,American Constitutional Law and Politics,18,4,-14,0.0001,0.0,-0.0
T13673,Library Science and Information,0,22,22,0.0,0.0001,0.01
T14034,Musicians’ Health and Performance,16,6,-10,0.0001,0.0,-0.0
T14364,Clusterin in disease pathology,20,2,-18,0.0001,0.0,-0.01
T10035,Phytochemicals and Antioxidant Activities,7,14,7,0.0,0.0,0.0
T10054,Parallel Computing and Optimization Techniques,8,13,5,0.0,0.0,0.0
T10225,Essential Oils and Antimicrobial Activity,12,9,-3,0.0,0.0,-0.0
T10411,Proteins in Food Systems,17,4,-13,0.0001,0.0,-0.0
T10838,Animal Behavior and Welfare Studies,9,12,3,0.0,0.0,0.0
T10888,Augmented Reality Applications,8,13,5,0.0,0.0,0.0
T10941,Musicology and Musical Analysis,13,8,-5,0.0,0.0,-0.0
T10995,Methane Hydrates and Related Phenomena,19,2,-17,0.0001,0.0,-0.01
T11136,Enzyme-mediated dye degradation,18,3,-15,0.0001,0.0,-0.0
T11319,Curcumin's Biomedical Applications,12,9,-3,0.0,0.0,-0.0
T11408,Advanced Optical Imaging Technologies,8,13,5,0.0,0.0,0.0
T11696,Conflict Management and Negotiation,7,14,7,0.0,0.0,0.0
T11711,COVID-19 Pandemic Impacts,16,5,-11,0.0001,0.0,-0.0
T11719,Data Quality and Management,14,7,-7,0.0,0.0,-0.0
T12250,Experimental and Theoretical Physics Studies,16,5,-11,0.0001,0.0,-0.0
T12714,Youth Education and Societal Dynamics,11,10,-1,0.0,0.0,-0.0
T13800,Earthquake and Disaster Impact Studies,20,1,-19,0.0001,0.0,-0.01
T13822,Indigenous Health and Education,7,14,7,0.0,0.0,0.0
T13847,Literature Analysis and Criticism,5,16,11,0.0,0.0001,0.0
T10133,Media Studies and Communication,11,9,-2,0.0,0.0,-0.0
T10152,Animal Nutrition and Physiology,17,3,-14,0.0001,0.0,-0.0
T10664,Sentiment Analysis and Opinion Mining,0,20,20,0.0,0.0001,0.01
T10749,International Law and Human Rights,8,12,4,0.0,0.0,0.0
T10783,Additive Manufacturing and 3D Printing Technologies,15,5,-10,0.0,0.0,-0.0
T10968,Statistical Distribution Estimation and Applications,5,15,10,0.0,0.0,0.0
T11129,Photochemistry and Electron Transfer Studies,9,11,2,0.0,0.0,0.0
T11249,Wireless Power Transfer Systems,13,7,-6,0.0,0.0,-0.0
T11303,Bayesian Modeling and Causal Inference,9,11,2,0.0,0.0,0.0
T11421,Labor Movements and Unions,12,8,-4,0.0,0.0,-0.0
T11540,"Gender, Feminism, and Media",17,3,-14,0.0001,0.0,-0.0
T11714,Multimodal Machine Learning Applications,7,13,6,0.0,0.0,0.0
T11762,"Law, Economics, and Judicial Systems",17,3,-14,0.0001,0.0,-0.0
T11786,Geomagnetism and Paleomagnetism Studies,12,8,-4,0.0,0.0,-0.0
T11795,Humor Studies and Applications,9,11,2,0.0,0.0,0.0
T11994,Human Resource Development and Performance Evaluation,16,4,-12,0.0001,0.0,-0.0
T12674,"Rabbits: Nutrition, Reproduction, Health",19,1,-18,0.0001,0.0,-0.01
T12778,History of Medicine and Tropical Health,0,20,20,0.0,0.0001,0.01
T12882,Jungian Analytical Psychology,6,14,8,0.0,0.0,0.0
T13505,Apelin-related biomedical research,17,3,-14,0.0001,0.0,-0.0
T14380,Libraries and Information Services,20,0,-20,0.0001,0.0,-0.01
T10197,Membrane Separation Technologies,8,11,3,0.0,0.0,0.0
T10913,Molecular Junctions and Nanostructures,18,1,-17,0.0001,0.0,-0.01
T11065,Insect Pest Control Strategies,8,11,3,0.0,0.0,0.0
T11423,Pesticide Residue Analysis and Safety,16,3,-13,0.0001,0.0,-0.0
T11426,Genetically Modified Organisms Research,7,12,5,0.0,0.0,0.0
T11739,Microwave Imaging and Scattering Analysis,4,15,11,0.0,0.0,0.0
T12090,Language and cultural evolution,10,9,-1,0.0,0.0,-0.0
T12224,Nanofabrication and Lithography Techniques,16,3,-13,0.0001,0.0,-0.0
T12478,Wikis in Education and Collaboration,10,9,-1,0.0,0.0,-0.0
T12521,Death Anxiety and Social Exclusion,13,6,-7,0.0,0.0,-0.0
T12535,Machine Learning and Data Classification,11,8,-3,0.0,0.0,-0.0
T12575,Medical History and Research,16,3,-13,0.0001,0.0,-0.0
T12841,Echinoderm biology and ecology,16,3,-13,0.0001,0.0,-0.0
T12946,Fractal and DNA sequence analysis,10,9,-1,0.0,0.0,-0.0
T13112,Nutrition and Health Studies,1,18,17,0.0,0.0001,0.01
T13124,Chemical synthesis and alkaloids,19,0,-19,0.0001,0.0,-0.01
T13223,Connective Tissue Growth Factor Research,15,4,-11,0.0,0.0,-0.0
T13319,Film in Education and Therapy,12,7,-5,0.0,0.0,-0.0
T13354,Genetics and Physical Performance,12,7,-5,0.0,0.0,-0.0
T10180,Analytical chemistry methods development,2,16,14,0.0,0.0001,0.0
T10302,Fish Ecology and Management Studies,15,3,-12,0.0,0.0,-0.0
T10317,Advanced Database Systems and Queries,10,8,-2,0.0,0.0,-0.0
T10338,Advanced Sensor and Energy Harvesting Materials,14,4,-10,0.0,0.0,-0.0
T10377,Metal and Thin Film Mechanics,12,6,-6,0.0,0.0,-0.0
T10470,Usability and User Interface Design,4,14,10,0.0,0.0,0.0
T11004,Crustacean biology and ecology,13,5,-8,0.0,0.0,-0.0
T11039,Evaluation of Teaching Practices,13,5,-8,0.0,0.0,-0.0
T11047,Gender Diversity and Inequality,15,3,-12,0.0,0.0,-0.0
T11386,Bee Products Chemical Analysis,15,3,-12,0.0,0.0,-0.0
T11470,Legume Nitrogen Fixing Symbiosis,14,4,-10,0.0,0.0,-0.0
T11687,Teleoperation and Haptic Systems,6,12,6,0.0,0.0,0.0
T11737,Advanced Materials and Mechanics,12,6,-6,0.0,0.0,-0.0
T11798,Optimal Experimental Design Methods,10,8,-2,0.0,0.0,-0.0
T11838,"Crime, Illicit Activities, and Governance",5,13,8,0.0,0.0,0.0
T11875,Statistics Education and Methodologies,11,7,-4,0.0,0.0,-0.0
T11972,Chromium effects and bioremediation,13,5,-8,0.0,0.0,-0.0
T12012,Diatoms and Algae Research,15,3,-12,0.0,0.0,-0.0
T12211,Aluminum toxicity and tolerance in plants and animals,11,7,-4,0.0,0.0,-0.0
T12213,Marine Ecology and Invasive Species,18,0,-18,0.0001,0.0,-0.01
T12568,Plant Taxonomy and Phylogenetics,18,0,-18,0.0001,0.0,-0.01
T12586,"Folklore, Mythology, and Literature Studies",7,11,4,0.0,0.0,0.0
T12627,Graphene and Nanomaterials Applications,8,10,2,0.0,0.0,0.0
T12824,Infections and bacterial resistance,9,9,0,0.0,0.0,0.0
T12908,"Media, Gender, and Advertising",10,8,-2,0.0,0.0,-0.0
T13563,Chemical Analysis and Environmental Impact,12,6,-6,0.0,0.0,-0.0
T13582,"Stalking, Cyberstalking, and Harassment",11,7,-4,0.0,0.0,-0.0
T13775,Hydrogen's biological and therapeutic effects,17,1,-16,0.0001,0.0,-0.01
T14057,Hypertrophic osteoarthropathy and related conditions,12,6,-6,0.0,0.0,-0.0
T14152,Healthcare Facilities Design and Sustainability,3,15,12,0.0,0.0,0.0
T14242,"Nutrition, Health, and Society Studies",8,10,2,0.0,0.0,0.0
T14495,Public Health and Nutrition,4,14,10,0.0,0.0,0.0
T10216,"Migration, Refugees, and Integration",6,11,5,0.0,0.0,0.0
T10715,Distributed and Parallel Computing Systems,14,3,-11,0.0,0.0,-0.0
T10973,Radioactive element chemistry and processing,15,2,-13,0.0,0.0,-0.0
T11385,Natural product bioactivities and synthesis,14,3,-11,0.0,0.0,-0.0
T11411,Tea Polyphenols and Effects,10,7,-3,0.0,0.0,-0.0
T11516,Visual and Cognitive Learning Processes,15,2,-13,0.0,0.0,-0.0
T11778,Electrical and Bioimpedance Tomography,9,8,-1,0.0,0.0,-0.0
T12258,"Perfectionism, Procrastination, Anxiety Studies",11,6,-5,0.0,0.0,-0.0
T12673,Microbial Metabolism and Applications,14,3,-11,0.0,0.0,-0.0
T12704,Stress and Burnout Research,3,14,11,0.0,0.0,0.0
T12843,Human Resource and Talent Management,13,4,-9,0.0,0.0,-0.0
T12858,Plant Disease Resistance and Genetics,15,2,-13,0.0,0.0,-0.0
T13114,Image Processing Techniques and Applications,10,7,-3,0.0,0.0,-0.0
T13639,Paraquat toxicity studies and treatments,11,6,-5,0.0,0.0,-0.0
T14136,Education and Military Integration,4,13,9,0.0,0.0,0.0
T10032,Marine and coastal ecosystems,12,4,-8,0.0,0.0,-0.0
T10208,Labor market dynamics and wage inequality,2,14,12,0.0,0.0,0.0
T10520,Mycotoxins in Agriculture and Food,11,5,-6,0.0,0.0,-0.0
T10702,Insect and Arachnid Ecology and Behavior,13,3,-10,0.0,0.0,-0.0
T10738,Posthumanist Ethics and Activism,13,3,-10,0.0,0.0,-0.0
T11019,Image Enhancement Techniques,4,12,8,0.0,0.0,0.0
T11105,Advanced Image Processing Techniques,4,12,8,0.0,0.0,0.0
T11152,Stochastic processes and statistical mechanics,8,8,0,0.0,0.0,0.0
T11307,Domain Adaptation and Few-Shot Learning,7,9,2,0.0,0.0,0.0
T11390,Seaweed-derived Bioactive Compounds,9,7,-2,0.0,0.0,-0.0
T11637,Advanced Semiconductor Detectors and Materials,6,10,4,0.0,0.0,0.0
T11771,Plant Pathogens and Resistance,13,3,-10,0.0,0.0,-0.0
T11883,Embodied and Extended Cognition,3,13,10,0.0,0.0,0.0
T11895,Social and Cultural Dynamics,10,6,-4,0.0,0.0,-0.0
T11936,Chemical and Physical Properties in Aqueous Solutions,8,8,0,0.0,0.0,0.0
T12192,Polysaccharides Composition and Applications,6,10,4,0.0,0.0,0.0
T12497,Traditional and Medicinal Uses of Annonaceae,13,3,-10,0.0,0.0,-0.0
T12536,Topological and Geometric Data Analysis,5,11,6,0.0,0.0,0.0
T12565,Physics and Engineering Research Articles,16,0,-16,0.0001,0.0,-0.01
T12582,Flavonoids in Medical Research,10,6,-4,0.0,0.0,-0.0
T12864,Psychoanalysis and Social Critique,4,12,8,0.0,0.0,0.0
T12997,Outdoor and Experiential Education,5,11,6,0.0,0.0,0.0
T13013,Free Radicals and Antioxidants,14,2,-12,0.0,0.0,-0.0
T13108,Therapeutic Uses of Natural Elements,16,0,-16,0.0001,0.0,-0.01
T13253,Chemical Reactions and Mechanisms,12,4,-8,0.0,0.0,-0.0
T13398,Data Analysis with R,13,3,-10,0.0,0.0,-0.0
T13444,Medical Research and Treatments,12,4,-8,0.0,0.0,-0.0
T13675,Diffusion Coefficients in Liquids,3,13,10,0.0,0.0,0.0
T14124,"Food, Nutrition, and Cultural Practices",0,16,16,0.0,0.0001,0.01
T14209,Public health and occupational medicine,1,15,14,0.0,0.0,0.0
T14230,Occupational and Professional Licensing Regulation,10,6,-4,0.0,0.0,-0.0
T10058,Entrepreneurship Studies and Influences,8,7,-1,0.0,0.0,-0.0
T10288,Fractional Differential Equations Solutions,3,12,9,0.0,0.0,0.0
T10323,Analog and Mixed-Signal Circuit Design,7,8,1,0.0,0.0,0.0
T10341,Coral and Marine Ecosystems Studies,8,7,-1,0.0,0.0,-0.0
T10431,Ethnobotanical and Medicinal Plants Studies,6,9,3,0.0,0.0,0.0
T10463,Pulsars and Gravitational Waves Research,8,7,-1,0.0,0.0,-0.0
T10701,Radical Photochemical Reactions,7,8,1,0.0,0.0,0.0
T10895,Species Distribution and Climate Change,11,4,-7,0.0,0.0,-0.0
T10931,Direction-of-Arrival Estimation Techniques,2,13,11,0.0,0.0,0.0
T10942,"Sports, Gender, and Society",8,7,-1,0.0,0.0,-0.0
T10955,Paleontology and Evolutionary Biology,8,7,-1,0.0,0.0,-0.0
T11195,Simulation Techniques and Applications,7,8,1,0.0,0.0,0.0
T11237,Plant Gene Expression Analysis,11,4,-7,0.0,0.0,-0.0
T11418,Plant Micronutrient Interactions and Effects,6,9,3,0.0,0.0,0.0
T11588,Atmospheric and Environmental Gas Dynamics,14,1,-13,0.0,0.0,-0.0
T11657,Digital and Traditional Archives Management,6,9,3,0.0,0.0,0.0
T11817,"Housing, Finance, and Neoliberalism",14,1,-13,0.0,0.0,-0.0
T11913,Animal Ecology and Behavior Studies,15,0,-15,0.0,0.0,-0.0
T12650,Aesthetic Perception and Analysis,9,6,-3,0.0,0.0,-0.0
T12685,Phytochemical compounds biological activities,5,10,5,0.0,0.0,0.0
T12733,Vector-Borne Animal Diseases,15,0,-15,0.0,0.0,-0.0
T12784,Modular Robots and Swarm Intelligence,14,1,-13,0.0,0.0,-0.0
T12863,Web and Library Services,7,8,1,0.0,0.0,0.0
T12892,Social Power and Status Dynamics,6,9,3,0.0,0.0,0.0
T13023,Synthesis of Organic Compounds,15,0,-15,0.0,0.0,-0.0
T13084,Education during COVID-19 pandemic,0,15,15,0.0,0.0,0.0
T13180,Chemistry and Chemical Engineering,15,0,-15,0.0,0.0,-0.0
T13409,Paleopathology and ancient diseases,10,5,-5,0.0,0.0,-0.0
T13483,Herbal Medicine Research Studies,11,4,-7,0.0,0.0,-0.0
T13583,Jury Decision Making Processes,8,7,-1,0.0,0.0,-0.0
T13726,International Science and Diplomacy,5,10,5,0.0,0.0,0.0
T14049,Plant and Fungal Species Descriptions,1,14,13,0.0,0.0,0.0
T14169,Public Health and Environmental Issues,2,13,11,0.0,0.0,0.0
T14324,Insects and Parasite Interactions,14,1,-13,0.0,0.0,-0.0
T14514,Medical Research and Practices,7,8,1,0.0,0.0,0.0
T10162,Online and Blended Learning,5,9,4,0.0,0.0,0.0
T10313,Surface Modification and Superhydrophobicity,9,5,-4,0.0,0.0,-0.0
T10344,Management and Organizational Studies,10,4,-6,0.0,0.0,-0.0
T10385,Plant Diversity and Evolution,8,6,-2,0.0,0.0,-0.0
T10803,Innovative Human-Technology Interaction,12,2,-10,0.0,0.0,-0.0
T10860,Speech and Audio Processing,12,2,-10,0.0,0.0,-0.0
T10898,Environmental Education and Sustainability,9,5,-4,0.0,0.0,-0.0
T11108,Municipal Solid Waste Management,10,4,-6,0.0,0.0,-0.0
T11236,Control Systems and Identification,5,9,4,0.0,0.0,0.0
T11379,Rheology and Fluid Dynamics Studies,8,6,-2,0.0,0.0,-0.0
T11384,Critical Race Theory in Education,6,8,2,0.0,0.0,0.0
T11592,Phenomenology and Existential Philosophy,1,13,12,0.0,0.0,0.0
T11611,Cyclopropane Reaction Mechanisms,11,3,-8,0.0,0.0,-0.0
T11624,Constructed Wetlands for Wastewater Treatment,7,7,0,0.0,0.0,0.0
T11793,"Recreation, Leisure, Wilderness Management",5,9,4,0.0,0.0,0.0
T11830,Point processes and geometric inequalities,7,7,0,0.0,0.0,0.0
T11891,Big Data and Business Intelligence,14,0,-14,0.0,0.0,-0.0
T11900,Fungal Plant Pathogen Control,14,0,-14,0.0,0.0,-0.0
T11992,CCD and CMOS Imaging Sensors,3,11,8,0.0,0.0,0.0
T12128,AI in Service Interactions,12,2,-10,0.0,0.0,-0.0
T12180,Polar Research and Ecology,7,7,0,0.0,0.0,0.0
T12202,nanoparticles nucleation surface interactions,9,5,-4,0.0,0.0,-0.0
T12269,Effects of Vibration on Health,10,4,-6,0.0,0.0,-0.0
T12322,Animal health and immunology,11,3,-8,0.0,0.0,-0.0
T12551,Forgiveness and Related Behaviors,6,8,2,0.0,0.0,0.0
T12613,X-ray Diffraction in Crystallography,8,6,-2,0.0,0.0,-0.0
T12614,Indigenous Studies and Ecology,13,1,-12,0.0,0.0,-0.0
T13032,COVID-19 Prevention and Impact,0,14,14,0.0,0.0,0.0
T13075,Legal Systems and Judicial Processes,12,2,-10,0.0,0.0,-0.0
T13188,Synthesis and bioactivity of alkaloids,8,6,-2,0.0,0.0,-0.0
T13650,Computational Physics and Python Applications,8,6,-2,0.0,0.0,-0.0
T13854,Historical Geography and Cartography,6,8,2,0.0,0.0,0.0
T14521,Medicinal Plant Research,0,14,14,0.0,0.0,0.0
T10126,"Logic, programming, and type systems",3,10,7,0.0,0.0,0.0
T10181,Natural Language Processing Techniques,10,3,-7,0.0,0.0,-0.0
T10270,Blockchain Technology Applications and Security,4,9,5,0.0,0.0,0.0
T10284,Anaerobic Digestion and Biogas Production,4,9,5,0.0,0.0,0.0
T10306,Liquid Crystal Research Advancements,6,7,1,0.0,0.0,0.0
T10525,Human-Automation Interaction and Safety,10,3,-7,0.0,0.0,-0.0
T10636,Innovative Teaching and Learning Methods,9,4,-5,0.0,0.0,-0.0
T10672,Design Education and Practice,7,6,-1,0.0,0.0,-0.0
T10712,Library Science and Information Literacy,1,12,11,0.0,0.0,0.0
T10869,Polysaccharides and Plant Cell Walls,9,4,-5,0.0,0.0,-0.0
T10959,Student Assessment and Feedback,7,6,-1,0.0,0.0,-0.0
T10962,Thermodynamic properties of mixtures,6,7,1,0.0,0.0,0.0
T11269,Algorithms and Data Compression,10,3,-7,0.0,0.0,-0.0
T11387,Ichthyology and Marine Biology,12,1,-11,0.0,0.0,-0.0
T11484,Adaptive optics and wavefront sensing,4,9,5,0.0,0.0,0.0
T11707,Gaze Tracking and Assistive Technology,3,10,7,0.0,0.0,0.0
T11902,Intelligent Tutoring Systems and Adaptive Learning,13,0,-13,0.0,0.0,-0.0
T11974,Lepidoptera: Biology and Taxonomy,9,4,-5,0.0,0.0,-0.0
T12147,Urban and Rural Development Challenges,0,13,13,0.0,0.0,0.0
T12257,Bioactive natural compounds,9,4,-5,0.0,0.0,-0.0
T12314,Nuts composition and effects,9,4,-5,0.0,0.0,-0.0
T12316,Oil Spill Detection and Mitigation,7,6,-1,0.0,0.0,-0.0
T12385,Food Quality and Safety Studies,13,0,-13,0.0,0.0,-0.0
T12656,"Climate Change, Adaptation, Migration",8,5,-3,0.0,0.0,-0.0
T12694,"Categorization, perception, and language",8,5,-3,0.0,0.0,-0.0
T12786,Innovation and Socioeconomic Development,9,4,-5,0.0,0.0,-0.0
T12846,Ginkgo biloba and Cashew Applications,9,4,-5,0.0,0.0,-0.0
T12893,Organic Chemistry Cycloaddition Reactions,8,5,-3,0.0,0.0,-0.0
T13543,Oropharyngeal Anatomy and Pathologies,10,3,-7,0.0,0.0,-0.0
T13782,Transactional Analysis in Psychotherapy,10,3,-7,0.0,0.0,-0.0
T13859,Organic Chemistry Synthesis Methods,1,12,11,0.0,0.0,0.0
T14065,Biological Research and Disease Studies,13,0,-13,0.0,0.0,-0.0
T14329,Science and Climate Studies,13,0,-13,0.0,0.0,-0.0
T14459,Synthesis and Reactions of Organic Compounds,9,4,-5,0.0,0.0,-0.0
T10036,Advanced Neural Network Applications,6,6,0,0.0,0.0,0.0
T10199,Wildlife Ecology and Conservation,7,5,-2,0.0,0.0,-0.0
T10299,Photonic and Optical Devices,7,5,-2,0.0,0.0,-0.0
T10409,Fuel Cells and Related Materials,11,1,-10,0.0,0.0,-0.0
T10502,Advanced Memory and Neural Computing,9,3,-6,0.0,0.0,-0.0
T10503,Global Financial Crisis and Policies,5,7,2,0.0,0.0,0.0
T10517,"Financial Literacy, Pension, Retirement Analysis",7,5,-2,0.0,0.0,-0.0
T10564,Wastewater Treatment and Nitrogen Removal,8,4,-4,0.0,0.0,-0.0
T10660,Conducting polymers and applications,7,5,-2,0.0,0.0,-0.0
T10674,School Choice and Performance,6,6,0,0.0,0.0,0.0
T10820,Fuzzy Logic and Control Systems,7,5,-2,0.0,0.0,-0.0
T10956,Fullerene Chemistry and Applications,6,6,0,0.0,0.0,0.0
T11005,Radiation Effects in Electronics,5,7,2,0.0,0.0,0.0
T11042,Corruption and Economic Development,5,7,2,0.0,0.0,0.0
T11104,"Memory, Trauma, and Commemoration",5,7,2,0.0,0.0,0.0
T11270,Complex Systems and Time Series Analysis,7,5,-2,0.0,0.0,-0.0
T11283,Experimental Learning in Engineering,9,3,-6,0.0,0.0,-0.0
T11357,Risk and Safety Analysis,9,3,-6,0.0,0.0,-0.0
T11613,Phytochemistry and Biological Activities,10,2,-8,0.0,0.0,-0.0
T11813,Library Collection Development and Digital Resources,9,3,-6,0.0,0.0,-0.0
T11835,Sustainability in Higher Education,0,12,12,0.0,0.0,0.0
T11863,"Gender, Security, and Conflict",9,3,-6,0.0,0.0,-0.0
T11911,Spatial and Panel Data Analysis,5,7,2,0.0,0.0,0.0
T11957,Food Safety and Hygiene,8,4,-4,0.0,0.0,-0.0
T11979,Garlic and Onion Studies,10,2,-8,0.0,0.0,-0.0
T12017,Recycling and Waste Management Techniques,10,2,-8,0.0,0.0,-0.0
T12056,Markov Chains and Monte Carlo Methods,2,10,8,0.0,0.0,0.0
T12114,Sensory Analysis and Statistical Methods,10,2,-8,0.0,0.0,-0.0
T12170,History and Theory of Mathematics,8,4,-4,0.0,0.0,-0.0
T12225,Political Influence and Corporate Strategies,7,5,-2,0.0,0.0,-0.0
T12262,Hate Speech and Cyberbullying Detection,11,1,-10,0.0,0.0,-0.0
T12359,Fern and Epiphyte Biology,3,9,6,0.0,0.0,0.0
T12360,Plant-derived Lignans Synthesis and Bioactivity,6,6,0,0.0,0.0,0.0
T12375,Cuban History and Society,9,3,-6,0.0,0.0,-0.0
T12473,Pacific and Southeast Asian Studies,10,2,-8,0.0,0.0,-0.0
T12797,History of Computing Technologies,12,0,-12,0.0,0.0,-0.0
T12916,COVID-19 impact on air quality,6,6,0,0.0,0.0,0.0
T13005,Religious Studies and Spiritual Practices,9,3,-6,0.0,0.0,-0.0
T13142,GABA and Rice Research,12,0,-12,0.0,0.0,-0.0
T13276,University-Industry-Government Innovation Models,3,9,6,0.0,0.0,0.0
T13456,"Religion, Society, and Development",11,1,-10,0.0,0.0,-0.0
T13490,Aquatic Ecosystems and Biodiversity,9,3,-6,0.0,0.0,-0.0
T13600,Science Education and Perceptions,12,0,-12,0.0,0.0,-0.0
T13649,Advanced Synthetic Organic Chemistry,2,10,8,0.0,0.0,0.0
T13841,Psychology of Social Influence,10,2,-8,0.0,0.0,-0.0
T13921,Biological Stains and Phytochemicals,4,8,4,0.0,0.0,0.0
T13979,Communication and COVID-19 Impact,0,12,12,0.0,0.0,0.0
T14208,"Death, Funerary Practices, and Mourning",0,12,12,0.0,0.0,0.0
T14214,Space Exploration and Technology,8,4,-4,0.0,0.0,-0.0
T14288,"Law, Rights, and Freedoms",7,5,-2,0.0,0.0,-0.0
T14407,Athletic Training and Education,10,2,-8,0.0,0.0,-0.0
T10098,Ruminant Nutrition and Digestive Physiology,5,6,1,0.0,0.0,0.0
T10405,Advanced Polymer Synthesis and Characterization,5,6,1,0.0,0.0,0.0
T10450,Aquaculture Nutrition and Growth,11,0,-11,0.0,0.0,-0.0
T10547,"Education, Achievement, and Giftedness",5,6,1,0.0,0.0,0.0
T10733,Wheat and Barley Genetics and Pathology,8,3,-5,0.0,0.0,-0.0
T10824,Image Retrieval and Classification Techniques,6,5,-1,0.0,0.0,-0.0
T10876,Fault Detection and Control Systems,11,0,-11,0.0,0.0,-0.0
T11024,Information Systems Theories and Implementation,6,5,-1,0.0,0.0,-0.0
T11098,Seed Germination and Physiology,5,6,1,0.0,0.0,0.0
T11140,Natural Antidiabetic Agents Studies,7,4,-3,0.0,0.0,-0.0
T11239,Social Capital and Networks,4,7,3,0.0,0.0,0.0
T11342,Carbon and Quantum Dots Applications,6,5,-1,0.0,0.0,-0.0
T11449,Mechanical and Optical Resonators,9,2,-7,0.0,0.0,-0.0
T11511,Dyeing and Modifying Textile Fibers,8,3,-5,0.0,0.0,-0.0
T11656,Turtle Biology and Conservation,9,2,-7,0.0,0.0,-0.0
T11674,Sports Analytics and Performance,6,5,-1,0.0,0.0,-0.0
T11689,Adversarial Robustness in Machine Learning,8,3,-5,0.0,0.0,-0.0
T11859,Educator Training and Historical Pedagogy,6,5,-1,0.0,0.0,-0.0
T11881,Crystallization and Solubility Studies,8,3,-5,0.0,0.0,-0.0
T11889,Ginseng Biological Effects and Applications,6,5,-1,0.0,0.0,-0.0
T11980,Human Mobility and Location-Based Analysis,7,4,-3,0.0,0.0,-0.0
T12014,"Fish biology, ecology, and behavior",8,3,-5,0.0,0.0,-0.0
T12043,Insect behavior and control techniques,8,3,-5,0.0,0.0,-0.0
T12185,Regulation and Compliance Studies,5,6,1,0.0,0.0,0.0
T12227,Environmental and Social Impact Assessments,6,5,-1,0.0,0.0,-0.0
T12251,Synthesis and Catalytic Reactions,10,1,-9,0.0,0.0,-0.0
T12361,Study of Mite Species,3,8,5,0.0,0.0,0.0
T12583,Food Waste Reduction and Sustainability,8,3,-5,0.0,0.0,-0.0
T12629,Island Studies and Pacific Affairs,10,1,-9,0.0,0.0,-0.0
T12751,Leadership and Management in Organizations,9,2,-7,0.0,0.0,-0.0
T12852,Chemical Thermodynamics and Molecular Structure,8,3,-5,0.0,0.0,-0.0
T13051,Qualitative Comparative Analysis Research,8,3,-5,0.0,0.0,-0.0
T13105,Synthesis and pharmacology of benzodiazepine derivatives,8,3,-5,0.0,0.0,-0.0
T13113,Engineering Technology and Methodologies,11,0,-11,0.0,0.0,-0.0
T13118,Psychological Treatments and Disorders,10,1,-9,0.0,0.0,-0.0
T13284,Psychology Research and Bibliometrics,7,4,-3,0.0,0.0,-0.0
T13325,Dye analysis and toxicity,10,1,-9,0.0,0.0,-0.0
T13489,Synthesis of β-Lactam Compounds,7,4,-3,0.0,0.0,-0.0
T13843,African Sexualities and LGBTQ+ Issues,8,3,-5,0.0,0.0,-0.0
T13849,Enterobacteriaceae and Cronobacter Research,9,2,-7,0.0,0.0,-0.0
T14002,"Art, Technology, and Culture",4,7,3,0.0,0.0,0.0
T14089,Nanotechnology research and applications,4,7,3,0.0,0.0,0.0
T14344,Pathogenesis and Treatment of Hiccups,10,1,-9,0.0,0.0,-0.0
T10021,EFL/ESL Teaching and Learning,5,5,0,0.0,0.0,0.0
T10097,Luminescence Properties of Advanced Materials,2,8,6,0.0,0.0,0.0
T10265,Multilingual Education and Policy,7,3,-4,0.0,0.0,-0.0
T10295,Plasmonic and Surface Plasmon Research,4,6,2,0.0,0.0,0.0
T10490,Orbital Angular Momentum in Optics,6,4,-2,0.0,0.0,-0.0
T10994,"Terrorism, Counterterrorism, and Political Violence",4,6,2,0.0,0.0,0.0
T11113,Music History and Culture,8,2,-6,0.0,0.0,-0.0
T11169,Silicon Nanostructures and Photoluminescence,3,7,4,0.0,0.0,0.0
T11466,Innovative Education and Learning Practices,7,3,-4,0.0,0.0,-0.0
T11513,stochastic dynamics and bifurcation,7,3,-4,0.0,0.0,-0.0
T11675,Open Source Software Innovations,5,5,0,0.0,0.0,0.0
T11779,Higher Education and Employability,3,7,4,0.0,0.0,0.0
T11890,Scientific Measurement and Uncertainty Evaluation,10,0,-10,0.0,0.0,-0.0
T12072,Machine Learning and Algorithms,7,3,-4,0.0,0.0,-0.0
T12120,Air Quality Monitoring and Forecasting,8,2,-6,0.0,0.0,-0.0
T12228,Coordination Chemistry and Organometallics,6,4,-2,0.0,0.0,-0.0
T12323,Asian American and Pacific Histories,5,5,0,0.0,0.0,0.0
T12410,Structural and Chemical Analysis of Organic and Inorganic Compounds,6,4,-2,0.0,0.0,-0.0
T12452,Electrowetting and Microfluidic Technologies,4,6,2,0.0,0.0,0.0
T12640,Environmental DNA in Biodiversity Studies,8,2,-6,0.0,0.0,-0.0
T12717,Space exploration and regulation,6,4,-2,0.0,0.0,-0.0
T12760,Laser Design and Applications,10,0,-10,0.0,0.0,-0.0
T12976,Magnetic and Electromagnetic Effects,8,2,-6,0.0,0.0,-0.0
T13071,Digital Storytelling and Education,8,2,-6,0.0,0.0,-0.0
T13272,Psychological Treatments and Assessments,4,6,2,0.0,0.0,0.0
T13679,Tardigrade Biology and Ecology,5,5,0,0.0,0.0,0.0
T13791,Veterinary medicine and infectious diseases,10,0,-10,0.0,0.0,-0.0
T13945,"Legal, Health, Environmental and COVID-19 Challenges",3,7,4,0.0,0.0,0.0
T14029,Thoreau and American Literature,1,9,8,0.0,0.0,0.0
T14181,Academic Freedom and Politics,4,6,2,0.0,0.0,0.0
T14207,Higher Education Practises and Engagement,6,4,-2,0.0,0.0,-0.0
T14356,Organizational Leadership and Management Strategies,1,9,8,0.0,0.0,0.0
T10005,Ecology and Vegetation Dynamics Studies,3,6,3,0.0,0.0,0.0
T10006,Job Satisfaction and Organizational Behavior,7,2,-5,0.0,0.0,-0.0
T10093,Nuclear physics research studies,4,5,1,0.0,0.0,0.0
T10393,Economic Growth and Productivity,2,7,5,0.0,0.0,0.0
T10464,Crystal structures of chemical compounds,2,7,5,0.0,0.0,0.0
T10471,Climate Change Policy and Economics,3,6,3,0.0,0.0,0.0
T10559,Particle Accelerators and Free-Electron Lasers,5,4,-1,0.0,0.0,-0.0
T10622,Quantum Mechanics and Applications,5,4,-1,0.0,0.0,-0.0
T10646,Experimental Behavioral Economics Studies,0,9,9,0.0,0.0,0.0
T10718,Political Philosophy and Ethics,5,4,-1,0.0,0.0,-0.0
T10906,AI-based Problem Solving and Planning,7,2,-5,0.0,0.0,-0.0
T10969,Water resources management and optimization,6,3,-3,0.0,0.0,-0.0
T11121,Public Relations and Crisis Communication,3,6,3,0.0,0.0,0.0
T11122,Online Learning and Analytics,4,5,1,0.0,0.0,0.0
T11229,Genetics and Plant Breeding,6,3,-3,0.0,0.0,-0.0
T11240,Luminescence and Fluorescent Materials,4,5,1,0.0,0.0,0.0
T11450,Model-Driven Software Engineering Techniques,8,1,-7,0.0,0.0,-0.0
T11506,Children's Rights and Participation,2,7,5,0.0,0.0,0.0
T11517,Advanced optical system design,1,8,7,0.0,0.0,0.0
T11931,Organoselenium and organotellurium chemistry,3,6,3,0.0,0.0,0.0
T11965,"Quantum, superfluid, helium dynamics",8,1,-7,0.0,0.0,-0.0
T11971,"World Wars: History, Literature, and Impact",4,5,1,0.0,0.0,0.0
T12051,Diversity and Impact of Dance,6,3,-3,0.0,0.0,-0.0
T12071,Marine Biology and Environmental Chemistry,8,1,-7,0.0,0.0,-0.0
T12136,Vanadium and Halogenation Chemistry,7,2,-5,0.0,0.0,-0.0
T12215,Phytochemical Studies and Bioactivities,7,2,-5,0.0,0.0,-0.0
T12253,Urban Agriculture and Sustainability,4,5,1,0.0,0.0,0.0
T12284,Emotional Labor in Professions,7,2,-5,0.0,0.0,-0.0
T12298,Phytochemicals and Medicinal Plants,8,1,-7,0.0,0.0,-0.0
T12318,Quinazolinone synthesis and applications,8,1,-7,0.0,0.0,-0.0
T12340,Anodic Oxide Films and Nanostructures,3,6,3,0.0,0.0,0.0
T12475,Plant Parasitism and Resistance,9,0,-9,0.0,0.0,-0.0
T12805,Cognitive Science and Mapping,9,0,-9,0.0,0.0,-0.0
T12814,Gaussian Processes and Bayesian Inference,4,5,1,0.0,0.0,0.0
T12934,Plant and fungal interactions,8,1,-7,0.0,0.0,-0.0
T12950,Educational Environments and Student Outcomes,6,3,-3,0.0,0.0,-0.0
T12962,Nephrotoxicity and Medicinal Plants,8,1,-7,0.0,0.0,-0.0
T13060,Adventure Sports and Sensation Seeking,6,3,-3,0.0,0.0,-0.0
T13185,Phytochemistry and Bioactive Compounds,7,2,-5,0.0,0.0,-0.0
T13506,Botanical Research and Chemistry,9,0,-9,0.0,0.0,-0.0
T13629,Text Readability and Simplification,6,3,-3,0.0,0.0,-0.0
T13728,"Crime, Deviance, and Social Control",5,4,-1,0.0,0.0,-0.0
T13833,Ferrocene Chemistry and Applications,6,3,-3,0.0,0.0,-0.0
T13911,"Employment, Labor, and Gender Studies",1,8,7,0.0,0.0,0.0
T13917,Engineering and Material Science Research,4,5,1,0.0,0.0,0.0
T14120,Thallium and Germanium Studies,5,4,-1,0.0,0.0,-0.0
T14176,Interdisciplinary Cultural and Social Studies,9,0,-9,0.0,0.0,-0.0
T14280,Big Data Technologies and Applications,1,8,7,0.0,0.0,0.0
T14299,Complex Systems and Dynamics,0,9,9,0.0,0.0,0.0
T14315,Feminist Theory and Gender Studies,7,2,-5,0.0,0.0,-0.0
T14331,Medicinal Plant Pharmacodynamics Research,4,5,1,0.0,0.0,0.0
T14333,Dermatoglyphics and Human Traits,0,9,9,0.0,0.0,0.0
T14339,Image Processing and 3D Reconstruction,9,0,-9,0.0,0.0,-0.0
T14411,Undergraduate Neuroscience Education and Research,0,9,9,0.0,0.0,0.0
T14513,"Leadership, Courage, and Heroism Studies",7,2,-5,0.0,0.0,-0.0
T14518,American Sports and Literature,7,2,-5,0.0,0.0,-0.0
T10008,Teacher Education and Leadership Studies,3,5,2,0.0,0.0,0.0
T10016,Adsorption and biosorption for pollutant removal,3,5,2,0.0,0.0,0.0
T10070,Political Conflict and Governance,2,6,4,0.0,0.0,0.0
T10087,Archaeology and ancient environmental studies,5,3,-2,0.0,0.0,-0.0
T10089,Avian ecology and behavior,5,3,-2,0.0,0.0,-0.0
T10259,Sociology and Education Studies,8,0,-8,0.0,0.0,-0.0
T10297,Philosophical Ethics and Theory,0,8,8,0.0,0.0,0.0
T10544,Glass properties and applications,5,3,-2,0.0,0.0,-0.0
T10548,Catalytic Cross-Coupling Reactions,3,5,2,0.0,0.0,0.0
T10638,Optical measurement and interference techniques,5,3,-2,0.0,0.0,-0.0
T10662,Ultrasonics and Acoustic Wave Propagation,3,5,2,0.0,0.0,0.0
T10744,Astrophysical Phenomena and Observations,6,2,-4,0.0,0.0,-0.0
T10812,Human Pose and Action Recognition,3,5,2,0.0,0.0,0.0
T11066,Organic Food and Agriculture,6,2,-4,0.0,0.0,-0.0
T11120,Nonprofit Sector and Volunteering,3,5,2,0.0,0.0,0.0
T11165,Image and Video Quality Assessment,3,5,2,0.0,0.0,0.0
T11420,Geographies of human-animal interactions,8,0,-8,0.0,0.0,-0.0
T11462,Museums and Cultural Heritage,3,5,2,0.0,0.0,0.0
T11549,Synthetic Organic Chemistry Methods,8,0,-8,0.0,0.0,-0.0
T11666,Color Science and Applications,6,2,-4,0.0,0.0,-0.0
T11704,Mobile Crowdsensing and Crowdsourcing,2,6,4,0.0,0.0,0.0
T11709,Traditional Chinese Medicine Analysis,5,3,-2,0.0,0.0,-0.0
T11748,Organophosphorus compounds synthesis,3,5,2,0.0,0.0,0.0
T11781,Wastewater Treatment and Reuse,4,4,0,0.0,0.0,0.0
T11799,"Adhesion, Friction, and Surface Interactions",3,5,2,0.0,0.0,0.0
T11803,Superconducting and THz Device Technology,7,1,-6,0.0,0.0,-0.0
T11836,Bryophyte Studies and Records,8,0,-8,0.0,0.0,-0.0
T11886,Agricultural risk and resilience,8,0,-8,0.0,0.0,-0.0
T11918,Forecasting Techniques and Applications,7,1,-6,0.0,0.0,-0.0
T11926,Subterranean biodiversity and taxonomy,4,4,0,0.0,0.0,0.0
T11942,Transportation and Mobility Innovations,5,3,-2,0.0,0.0,-0.0
T11963,Impact of Light on Environment and Health,5,3,-2,0.0,0.0,-0.0
T11975,Evolutionary Algorithms and Applications,8,0,-8,0.0,0.0,-0.0
T12070,Writing and Handwriting Education,8,0,-8,0.0,0.0,-0.0
T12156,World Trade Organization Law,5,3,-2,0.0,0.0,-0.0
T12175,Social Representations and Identity,7,1,-6,0.0,0.0,-0.0
T12182,Evolution and Science Education,5,3,-2,0.0,0.0,-0.0
T12189,Sulfur-Based Synthesis Techniques,4,4,0,0.0,0.0,0.0
T12210,Policy Transfer and Learning,7,1,-6,0.0,0.0,-0.0
T12289,Library Science and Administration,3,5,2,0.0,0.0,0.0
T12302,Advanced Nanomaterials in Catalysis,7,1,-6,0.0,0.0,-0.0
T12336,Insect Utilization and Effects,8,0,-8,0.0,0.0,-0.0
T12409,Reformation and Early Modern Christianity,8,0,-8,0.0,0.0,-0.0
T12457,Ecocriticism and Environmental Literature,8,0,-8,0.0,0.0,-0.0
T12504,Mathematics and Applications,6,2,-4,0.0,0.0,-0.0
T12555,Ancient Egypt and Archaeology,6,2,-4,0.0,0.0,-0.0
T12564,Sensor Technology and Measurement Systems,7,1,-6,0.0,0.0,-0.0
T12593,Communication in Education and Healthcare,8,0,-8,0.0,0.0,-0.0
T12721,Moringa oleifera research and applications,5,3,-2,0.0,0.0,-0.0
T12756,Plant Toxicity and Pharmacological Properties,7,1,-6,0.0,0.0,-0.0
T12802,Competency Development and Evaluation,6,2,-4,0.0,0.0,-0.0
T12832,Biocrusts and Microbial Ecology,7,1,-6,0.0,0.0,-0.0
T12904,Diverse Educational Innovations Studies,8,0,-8,0.0,0.0,-0.0
T12991,Phytase and its Applications,7,1,-6,0.0,0.0,-0.0
T13052,Molecular Communication and Nanonetworks,8,0,-8,0.0,0.0,-0.0
T13184,Research in Social Sciences,8,0,-8,0.0,0.0,-0.0
T13270,QR Code Applications and Technologies,4,4,0,0.0,0.0,0.0
T13304,Synthesis and Reactivity of Sulfur-Containing Compounds,3,5,2,0.0,0.0,0.0
T13465,"Graphite, nuclear technology, radiation studies",8,0,-8,0.0,0.0,-0.0
T13536,Psychological and Temporal Perspectives Research,7,1,-6,0.0,0.0,-0.0
T13552,Advanced Materials Characterization Techniques,5,3,-2,0.0,0.0,-0.0
T13621,Ancient and Medieval Archaeology Studies,1,7,6,0.0,0.0,0.0
T13664,Genome Rearrangement Algorithms,3,5,2,0.0,0.0,0.0
T13821,Coaching Methods and Impact,4,4,0,0.0,0.0,0.0
T13842,Intellectual Property Law,3,5,2,0.0,0.0,0.0
T13871,Melamine detection and toxicity,5,3,-2,0.0,0.0,-0.0
T13876,Chemical synthesis and pharmacological studies,2,6,4,0.0,0.0,0.0
T14088,Generational Differences and Trends,0,8,8,0.0,0.0,0.0
T14147,Innovative Approaches in Technology and Social Development,5,3,-2,0.0,0.0,-0.0
T14168,Occupational Health and Global Justice,0,8,8,0.0,0.0,0.0
T14307,Bioethics and Human Rights Issues,0,8,8,0.0,0.0,0.0
T14345,Scientific Research and Philosophical Inquiry,7,1,-6,0.0,0.0,-0.0
T14493,Criminal Law and Evidence,5,3,-2,0.0,0.0,-0.0
T14506,Historical and Architectural Studies,8,0,-8,0.0,0.0,-0.0
T10013,Asymmetric Synthesis and Catalysis,2,5,3,0.0,0.0,0.0
T10139,Heavy metals in environment,4,3,-1,0.0,0.0,-0.0
T10165,Classical Antiquity Studies,5,2,-3,0.0,0.0,-0.0
T10244,Chaos control and synchronization,2,5,3,0.0,0.0,0.0
T10362,Biblical Studies and Interpretation,4,3,-1,0.0,0.0,-0.0
T10382,Quantum and electron transport phenomena,5,2,-3,0.0,0.0,-0.0
T10384,Laser-Plasma Interactions and Diagnostics,5,2,-3,0.0,0.0,-0.0
T10462,Reinforcement Learning in Robotics,2,5,3,0.0,0.0,0.0
T10531,Advanced Vision and Imaging,4,3,-1,0.0,0.0,-0.0
T10538,Data Mining Algorithms and Applications,5,2,-3,0.0,0.0,-0.0
T10605,Historical Economic and Social Studies,6,1,-5,0.0,0.0,-0.0
T10609,Digital Marketing and Social Media,5,2,-3,0.0,0.0,-0.0
T10632,Housing Market and Economics,4,3,-1,0.0,0.0,-0.0
T10639,Advanced Software Engineering Methodologies,6,1,-5,0.0,0.0,-0.0
T10643,Marine and coastal plant biology,6,1,-5,0.0,0.0,-0.0
T10663,Advanced Battery Technologies Research,5,2,-3,0.0,0.0,-0.0
T10709,Social Robot Interaction and HRI,0,7,7,0.0,0.0,0.0
T10719,3D Shape Modeling and Analysis,7,0,-7,0.0,0.0,-0.0
T10743,Software Testing and Debugging Techniques,5,2,-3,0.0,0.0,-0.0
T10856,Intellectual Property and Patents,2,5,3,0.0,0.0,0.0
T10907,International Student and Expatriate Challenges,2,5,3,0.0,0.0,0.0
T10928,Probabilistic and Robust Engineering Design,6,1,-5,0.0,0.0,-0.0
T11010,"Logic, Reasoning, and Knowledge",4,3,-1,0.0,0.0,-0.0
T11012,Gas Dynamics and Kinetic Theory,6,1,-5,0.0,0.0,-0.0
T11034,Digital Filter Design and Implementation,2,5,3,0.0,0.0,0.0
T11170,Biomimetic flight and propulsion mechanisms,4,3,-1,0.0,0.0,-0.0
T11179,Nematode management and characterization studies,6,1,-5,0.0,0.0,-0.0
T11203,Jewish and Middle Eastern Studies,4,3,-1,0.0,0.0,-0.0
T11206,Model Reduction and Neural Networks,3,4,1,0.0,0.0,0.0
T11226,Milk Quality and Mastitis in Dairy Cows,6,1,-5,0.0,0.0,-0.0
T11245,Advanced Numerical Analysis Techniques,6,1,-5,0.0,0.0,-0.0
T11273,Advanced Graph Neural Networks,5,2,-3,0.0,0.0,-0.0
T11320,Atmospheric Ozone and Climate,6,1,-5,0.0,0.0,-0.0
T11323,Gamma-ray bursts and supernovae,5,2,-3,0.0,0.0,-0.0
T11370,Mobile Learning in Education,2,5,3,0.0,0.0,0.0
T11512,Anomaly Detection Techniques and Applications,6,1,-5,0.0,0.0,-0.0
T11546,Plant Physiology and Cultivation Studies,7,0,-7,0.0,0.0,-0.0
T11547,Sesquiterpenes and Asteraceae Studies,5,2,-3,0.0,0.0,-0.0
T11648,"Diaspora, migration, transnational identity",2,5,3,0.0,0.0,0.0
T11706,Forensic Entomology and Diptera Studies,7,0,-7,0.0,0.0,-0.0
T11751,Lattice Boltzmann Simulation Studies,6,1,-5,0.0,0.0,-0.0
T11887,Quasicrystal Structures and Properties,3,4,1,0.0,0.0,0.0
T11915,Pickering emulsions and particle stabilization,6,1,-5,0.0,0.0,-0.0
T11923,Mine drainage and remediation techniques,7,0,-7,0.0,0.0,-0.0
T11989,Oxidative Organic Chemistry Reactions,2,5,3,0.0,0.0,0.0
T11995,"FinTech, Crowdfunding, Digital Finance",4,3,-1,0.0,0.0,-0.0
T12003,Bioenergy crop production and management,5,2,-3,0.0,0.0,-0.0
T12050,Optical Polarization and Ellipsometry,2,5,3,0.0,0.0,0.0
T12143,Place Attachment and Urban Studies,2,5,3,0.0,0.0,0.0
T12171,Open Education and E-Learning,6,1,-5,0.0,0.0,-0.0
T12248,Water Governance and Infrastructure,2,5,3,0.0,0.0,0.0
T12320,Feminist Epistemology and Gender Studies,0,7,7,0.0,0.0,0.0
T12377,Digital Humanities and Scholarship,5,2,-3,0.0,0.0,-0.0
T12388,Identification and Quantification in Food,6,1,-5,0.0,0.0,-0.0
T12398,Poetry Analysis and Criticism,4,3,-1,0.0,0.0,-0.0
T12414,Coastal and Marine Management,5,2,-3,0.0,0.0,-0.0
T12514,Fashion and Cultural Textiles,6,1,-5,0.0,0.0,-0.0
T12519,Cybercrime and Law Enforcement Studies,5,2,-3,0.0,0.0,-0.0
T12589,Differential Equations and Boundary Problems,4,3,-1,0.0,0.0,-0.0
T12624,Maritime and Coastal Archaeology,7,0,-7,0.0,0.0,-0.0
T12638,Pomegranate: compositions and health benefits,4,3,-1,0.0,0.0,-0.0
T12678,Themes in Literature Analysis,5,2,-3,0.0,0.0,-0.0
T12842,"Youth, Drugs, and Violence",3,4,1,0.0,0.0,0.0
T12862,Catholicism and Religious Studies,3,4,1,0.0,0.0,0.0
T12881,linguistics and terminology studies,4,3,-1,0.0,0.0,-0.0
T12889,"Psychoanalysis, Philosophy, and Politics",4,3,-1,0.0,0.0,-0.0
T12891,Medicinal Plants and Neuroprotection,6,1,-5,0.0,0.0,-0.0
T13035,Human Rights and Development,4,3,-1,0.0,0.0,-0.0
T13165,Agricultural safety and regulations,2,5,3,0.0,0.0,0.0
T13176,Winter Sports Injuries and Performance,4,3,-1,0.0,0.0,-0.0
T13208,Synthesis of heterocyclic compounds,6,1,-5,0.0,0.0,-0.0
T13240,Bioeconomy and Sustainability Development,5,2,-3,0.0,0.0,-0.0
T13250,Semiotics and Representation Studies,0,7,7,0.0,0.0,0.0
T13265,Synthesis of Tetrazole Derivatives,4,3,-1,0.0,0.0,-0.0
T13321,"Radio, Podcasts, and Digital Media",5,2,-3,0.0,0.0,-0.0
T13376,Criminal Law and Policy,0,7,7,0.0,0.0,0.0
T13377,Ecosystem dynamics and resilience,4,3,-1,0.0,0.0,-0.0
T13487,Statistical and numerical algorithms,1,6,5,0.0,0.0,0.0
T13521,Psychosocial Factors Impacting Youth,7,0,-7,0.0,0.0,-0.0
T13525,Cambodian History and Society,6,1,-5,0.0,0.0,-0.0
T13560,Socioeconomic Development in MENA,6,1,-5,0.0,0.0,-0.0
T13613,"Health, Education, and Cultural Studies",7,0,-7,0.0,0.0,-0.0
T13662,Qualitative research in health,0,7,7,0.0,0.0,0.0
T13767,Leech Biology and Applications,5,2,-3,0.0,0.0,-0.0
T13802,Vietnamese History and Culture Studies,7,0,-7,0.0,0.0,-0.0
T13803,Organizational Strategy and Culture,2,5,3,0.0,0.0,0.0
T13943,Beetle Biology and Toxicology Studies,6,1,-5,0.0,0.0,-0.0
T14056,Safety Warnings and Signage,5,2,-3,0.0,0.0,-0.0
T14085,Student Stress and Coping,0,7,7,0.0,0.0,0.0
T14117,Integrated Circuits and Semiconductor Failure Analysis,7,0,-7,0.0,0.0,-0.0
T14238,Historical Gender and Feminism Studies,4,3,-1,0.0,0.0,-0.0
T14295,Families in Therapy and Culture,7,0,-7,0.0,0.0,-0.0
T14335,Educational Robotics and Engineering,7,0,-7,0.0,0.0,-0.0
T14427,Environmental Monitoring and Data Management,7,0,-7,0.0,0.0,-0.0
T14492,"War, Law, and Justice",0,7,7,0.0,0.0,0.0
T14501,Global Economic and Social Development,2,5,3,0.0,0.0,0.0
T14509,demographic modeling and climate adaptation,7,0,-7,0.0,0.0,-0.0
T10019,Corporate Finance and Governance,3,3,0,0.0,0.0,0.0
T10039,"Stellar, planetary, and galactic studies",5,1,-4,0.0,0.0,-0.0
T10047,Financial Markets and Investment Strategies,2,4,2,0.0,0.0,0.0
T10048,Particle physics theoretical and experimental studies,4,2,-2,0.0,0.0,-0.0
T10057,Face and Expression Recognition,3,3,0,0.0,0.0,0.0
T10069,Antenna Design and Analysis,5,1,-4,0.0,0.0,-0.0
T10128,Global trade and economics,4,2,-2,0.0,0.0,-0.0
T10130,Mathematics Education and Teaching Techniques,4,2,-2,0.0,0.0,-0.0
T10213,Public Policy and Administration Research,3,3,0,0.0,0.0,0.0
T10245,Metamaterials and Metasurfaces Applications,3,3,0,0.0,0.0,0.0
T10286,Information Retrieval and Search Behavior,1,5,4,0.0,0.0,0.0
T10312,"Health, Nursing, Elderly Care",5,1,-4,0.0,0.0,-0.0
T10360,Fluid Dynamics and Turbulent Flows,4,2,-2,0.0,0.0,-0.0
T10369,Advanced MEMS and NEMS Technologies,2,4,2,0.0,0.0,0.0
T10396,Fatigue and fracture mechanics,1,5,4,0.0,0.0,0.0
T10438,"Energy, Environment, Economic Growth",4,2,-2,0.0,0.0,-0.0
T10439,Climate change impacts on agriculture,2,4,2,0.0,0.0,0.0
T10533,Teaching and Learning Programming,2,4,2,0.0,0.0,0.0
T10558,Advancements in Semiconductor Devices and Circuit Design,6,0,-6,0.0,0.0,-0.0
T10616,Smart Agriculture and AI,3,3,0,0.0,0.0,0.0
T10637,Advanced Clustering Algorithms Research,3,3,0,0.0,0.0,0.0
T10666,Photonic Crystals and Applications,3,3,0,0.0,0.0,0.0
T10669,Freshwater macroinvertebrate diversity and ecology,2,4,2,0.0,0.0,0.0
T10707,Cellular and Composite Structures,2,4,2,0.0,0.0,0.0
T10732,Laser Material Processing Techniques,1,5,4,0.0,0.0,0.0
T10750,Fermentation and Sensory Analysis,5,1,-4,0.0,0.0,-0.0
T10770,Soil Geostatistics and Mapping,5,1,-4,0.0,0.0,-0.0
T10781,Plasma Diagnostics and Applications,6,0,-6,0.0,0.0,-0.0
T10901,Advanced Data Compression Techniques,2,4,2,0.0,0.0,0.0
T10909,Edible Oils Quality and Analysis,3,3,0,0.0,0.0,0.0
T10930,Flood Risk Assessment and Management,4,2,-2,0.0,0.0,-0.0
T11088,Marine Bivalve and Aquaculture Studies,4,2,-2,0.0,0.0,-0.0
T11091,Extraction and Separation Processes,6,0,-6,0.0,0.0,-0.0
T11137,Historical Philosophy and Science,4,2,-2,0.0,0.0,-0.0
T11159,Manufacturing Process and Optimization,5,1,-4,0.0,0.0,-0.0
T11160,Acoustic Wave Resonator Technologies,6,0,-6,0.0,0.0,-0.0
T11186,Hydrology and Drought Analysis,6,0,-6,0.0,0.0,-0.0
T11197,Digital Games and Media,3,3,0,0.0,0.0,0.0
T11208,Lignin and Wood Chemistry,5,1,-4,0.0,0.0,-0.0
T11222,Magnetic Properties and Applications,3,3,0,0.0,0.0,0.0
T11256,Asian Studies and History,5,1,-4,0.0,0.0,-0.0
T11277,Thermal properties of materials,5,1,-4,0.0,0.0,-0.0
T11309,Music and Audio Processing,4,2,-2,0.0,0.0,-0.0
T11333,Climate change and permafrost,4,2,-2,0.0,0.0,-0.0
T11414,Quantum optics and atomic interactions,3,3,0,0.0,0.0,0.0
T11558,Composite Material Mechanics,2,4,2,0.0,0.0,0.0
T11640,Linguistic Variation and Morphology,6,0,-6,0.0,0.0,-0.0
T11662,Legal Cases and Commentary,5,1,-4,0.0,0.0,-0.0
T11676,Parental Involvement in Education,4,2,-2,0.0,0.0,-0.0
T11745,Potato Plant Research,4,2,-2,0.0,0.0,-0.0
T11789,Land Rights and Reforms,2,4,2,0.0,0.0,0.0
T11808,Superconducting Materials and Applications,6,0,-6,0.0,0.0,-0.0
T11898,Economics of Agriculture and Food Markets,5,1,-4,0.0,0.0,-0.0
T11912,Outsourcing and Supply Chain Management,1,5,4,0.0,0.0,0.0
T11982,Rhetoric and Communication Studies,4,2,-2,0.0,0.0,-0.0
T11996,Random lasers and scattering media,4,2,-2,0.0,0.0,-0.0
T12031,Speech and dialogue systems,3,3,0,0.0,0.0,0.0
T12074,Membrane-based Ion Separation Techniques,5,1,-4,0.0,0.0,-0.0
T12084,Synthesis and properties of polymers,6,0,-6,0.0,0.0,-0.0
T12112,Ammonia Synthesis and Nitrogen Reduction,4,2,-2,0.0,0.0,-0.0
T12161,Plant Surface Properties and Treatments,6,0,-6,0.0,0.0,-0.0
T12179,Art Education and Development,2,4,2,0.0,0.0,0.0
T12256,Facilities and Workplace Management,2,4,2,0.0,0.0,0.0
T12373,Linguistic research and analysis,6,0,-6,0.0,0.0,-0.0
T12399,Wine Industry and Tourism,5,1,-4,0.0,0.0,-0.0
T12431,Sugarcane Cultivation and Processing,3,3,0,0.0,0.0,0.0
T12445,Twentieth Century Scientific Developments,5,1,-4,0.0,0.0,-0.0
T12467,Rangeland Management and Livestock Ecology,4,2,-2,0.0,0.0,-0.0
T12496,Color perception and design,5,1,-4,0.0,0.0,-0.0
T12507,"Utopian, Dystopian, and Speculative Fiction",0,6,6,0.0,0.0,0.0
T12527,Chemistry and Stereochemistry Studies,5,1,-4,0.0,0.0,-0.0
T12550,"Politics and Conflicts in Afghanistan, Pakistan, and Middle East",3,3,0,0.0,0.0,0.0
T12607,Personal Information Management and User Behavior,3,3,0,0.0,0.0,0.0
T12758,Saffron Plant Research Studies,4,2,-2,0.0,0.0,-0.0
T12761,Data Stream Mining Techniques,5,1,-4,0.0,0.0,-0.0
T12767,Conflict of Laws and Jurisdiction,5,1,-4,0.0,0.0,-0.0
T12771,Plant pathogens and resistance mechanisms,5,1,-4,0.0,0.0,-0.0
T12773,Water Quality and Resources Studies,3,3,0,0.0,0.0,0.0
T12777,"Philosophy, History, and Historiography",4,2,-2,0.0,0.0,-0.0
T12819,Environmental Philosophy and Ethics,1,5,4,0.0,0.0,0.0
T12851,Firm Innovation and Growth,6,0,-6,0.0,0.0,-0.0
T12927,"Memory, History, Trauma, Identity",1,5,4,0.0,0.0,0.0
T12965,Wildlife Conservation and Criminology Analyses,5,1,-4,0.0,0.0,-0.0
T12967,Molecular Spectroscopy and Structure,4,2,-2,0.0,0.0,-0.0
T12970,"Names, Identity, and Discrimination Research",6,0,-6,0.0,0.0,-0.0
T12973,Synthesis of Indole Derivatives,6,0,-6,0.0,0.0,-0.0
T13002,Southeast Asian Sociopolitical Studies,5,1,-4,0.0,0.0,-0.0
T13015,"Botany, Ecology, and Taxonomy Studies",6,0,-6,0.0,0.0,-0.0
T13083,Advanced Text Analysis Techniques,5,1,-4,0.0,0.0,-0.0
T13126,Scientific Research and Discoveries,1,5,4,0.0,0.0,0.0
T13149,Organizational Change and Leadership,0,6,6,0.0,0.0,0.0
T13162,African Studies and Ethnography,1,5,4,0.0,0.0,0.0
T13169,Consumer Perception and Purchasing Behavior,4,2,-2,0.0,0.0,-0.0
T13230,Synthesis and Reactivity of Heterocycles,6,0,-6,0.0,0.0,-0.0
T13333,American Political and Social Dynamics,4,2,-2,0.0,0.0,-0.0
T13419,Ego Development and Educational Practices,6,0,-6,0.0,0.0,-0.0
T13504,African history and culture analysis,5,1,-4,0.0,0.0,-0.0
T13510,Nostalgia and Consumer Behavior,3,3,0,0.0,0.0,0.0
T13532,Education Systems and Policy,6,0,-6,0.0,0.0,-0.0
T13591,Pasture and Agricultural Systems,6,0,-6,0.0,0.0,-0.0
T13641,Historical Studies and Socio-cultural Analysis,4,2,-2,0.0,0.0,-0.0
T13651,Medicinal Plants and Bioactive Compounds,6,0,-6,0.0,0.0,-0.0
T13694,Immigration Law and Human Rights,0,6,6,0.0,0.0,0.0
T13751,Diverse Approaches in Healthcare and Education Studies,5,1,-4,0.0,0.0,-0.0
T13777,Cognitive and psychological constructs research,5,1,-4,0.0,0.0,-0.0
T13806,Mathematical and Computational Methods,0,6,6,0.0,0.0,0.0
T13844,Higher Education Learning Practices,6,0,-6,0.0,0.0,-0.0
T13851,"Law, AI, and Intellectual Property",4,2,-2,0.0,0.0,-0.0
T13942,International Human Rights and Reproductive Law,3,3,0,0.0,0.0,0.0
T13998,"History, Medicine, and Leadership",2,4,2,0.0,0.0,0.0
T14055,Consumer Packaging Perceptions and Trends,5,1,-4,0.0,0.0,-0.0
T14201,Data Analysis and Archiving,4,2,-2,0.0,0.0,-0.0
T14283,Diverse Academic Research Areas,3,3,0,0.0,0.0,0.0
T14318,Polydiacetylene-based materials and applications,3,3,0,0.0,0.0,0.0
T14386,"Libraries, Manuscripts, and Books",3,3,0,0.0,0.0,0.0
T14389,"Innovation, Technology, and Society",4,2,-2,0.0,0.0,-0.0
T14479,Freezing and Crystallization Processes,6,0,-6,0.0,0.0,-0.0
T10034,"Syntax, Semantics, Linguistic Variation",3,2,-1,0.0,0.0,-0.0
T10075,Atmospheric chemistry and aerosols,2,3,1,0.0,0.0,0.0
T10203,Recommender Systems and Techniques,2,3,1,0.0,0.0,0.0
T10224,Quantum Chromodynamics and Particle Interactions,3,2,-1,0.0,0.0,-0.0
T10236,Aquatic Ecosystems and Phytoplankton Dynamics,3,2,-1,0.0,0.0,-0.0
T10260,Software Engineering Research,4,1,-3,0.0,0.0,-0.0
T10357,Efficiency Analysis Using DEA,3,2,-1,0.0,0.0,-0.0
T10446,"Income, Poverty, and Inequality",3,2,-1,0.0,0.0,-0.0
T10473,Postharvest Quality and Shelf Life Management,2,3,1,0.0,0.0,0.0
T10477,Astrophysics and Star Formation Studies,1,4,3,0.0,0.0,0.0
T10546,Higher Education Governance and Development,2,3,1,0.0,0.0,0.0
T10588,Mathematical Dynamics and Fractals,0,5,5,0.0,0.0,0.0
T10681,Rare-earth and actinide compounds,3,2,-1,0.0,0.0,-0.0
T10757,Geographic Information Systems Studies,3,2,-1,0.0,0.0,-0.0
T10758,Cinema and Media Studies,5,0,-5,0.0,0.0,-0.0
T10759,Translation Studies and Practices,1,4,3,0.0,0.0,0.0
T10792,Matrix Theory and Algorithms,4,1,-3,0.0,0.0,-0.0
T10797,Accounting and Organizational Management,1,4,3,0.0,0.0,0.0
T10817,Multicomponent Synthesis of Heterocycles,2,3,1,0.0,0.0,0.0
T10822,Acoustic Wave Phenomena Research,5,0,-5,0.0,0.0,-0.0
T10864,Fluid Dynamics and Mixing,4,1,-3,0.0,0.0,-0.0
T10904,Embedded Systems Design Techniques,4,1,-3,0.0,0.0,-0.0
T10998,Heat Transfer and Optimization,2,3,1,0.0,0.0,0.0
T11022,Spectral Theory in Mathematical Physics,2,3,1,0.0,0.0,0.0
T11175,Gyrotron and Vacuum Electronics Research,5,0,-5,0.0,0.0,-0.0
T11181,Advanced Data Storage Technologies,4,1,-3,0.0,0.0,-0.0
T11205,Numerical methods in inverse problems,1,4,3,0.0,0.0,0.0
T11212,Cultural Heritage Materials Analysis,4,1,-3,0.0,0.0,-0.0
T11302,CO2 Sequestration and Geologic Interactions,3,2,-1,0.0,0.0,-0.0
T11341,Boron and Carbon Nanomaterials Research,3,2,-1,0.0,0.0,-0.0
T11349,Music Technology and Sound Studies,4,1,-3,0.0,0.0,-0.0
T11392,Energy Harvesting in Wireless Networks,5,0,-5,0.0,0.0,-0.0
T11400,Motivation and Self-Concept in Sports,3,2,-1,0.0,0.0,-0.0
T11436,Entomopathogenic Microorganisms in Pest Control,3,2,-1,0.0,0.0,-0.0
T11443,Advanced Statistical Process Monitoring,0,5,5,0.0,0.0,0.0
T11461,Local Government Finance and Decentralization,3,2,-1,0.0,0.0,-0.0
T11463,Classical Philosophy and Thought,5,0,-5,0.0,0.0,-0.0
T11552,"Global trade, sustainability, and social impact",2,3,1,0.0,0.0,0.0
T11574,Artificial Intelligence in Games,4,1,-3,0.0,0.0,-0.0
T11599,Aviation Industry Analysis and Trends,4,1,-3,0.0,0.0,-0.0
T11605,Visual Attention and Saliency Detection,1,4,3,0.0,0.0,0.0
T11606,Infrastructure Maintenance and Monitoring,5,0,-5,0.0,0.0,-0.0
T11659,Advanced Image Fusion Techniques,3,2,-1,0.0,0.0,-0.0
T11697,Numerical Methods and Algorithms,3,2,-1,0.0,0.0,-0.0
T11741,Flexible and Reconfigurable Manufacturing Systems,5,0,-5,0.0,0.0,-0.0
T11750,Phytoplasmas and Hemiptera pathogens,4,1,-3,0.0,0.0,-0.0
T11760,Plant responses to elevated CO2,5,0,-5,0.0,0.0,-0.0
T11878,Solid-state spectroscopy and crystallography,5,0,-5,0.0,0.0,-0.0
T11906,"Gender, Sexuality, and Education",0,5,5,0.0,0.0,0.0
T11920,Pulsed Power Technology Applications,4,1,-3,0.0,0.0,-0.0
T11954,Energy Efficiency and Management,0,5,5,0.0,0.0,0.0
T12037,Algebraic and Geometric Analysis,4,1,-3,0.0,0.0,-0.0
T12040,International Arbitration and Investment Law,4,1,-3,0.0,0.0,-0.0
T12058,Allelopathy and phytotoxic interactions,1,4,3,0.0,0.0,0.0
T12087,Natural Compound Pharmacology Studies,3,2,-1,0.0,0.0,-0.0
T12111,Industrial Vision Systems and Defect Detection,5,0,-5,0.0,0.0,-0.0
T12132,Hymenoptera taxonomy and phylogeny,3,2,-1,0.0,0.0,-0.0
T12162,Cellular Automata and Applications,2,3,1,0.0,0.0,0.0
T12190,Innovations in Concrete and Construction Materials,5,0,-5,0.0,0.0,-0.0
T12261,Statistical Mechanics and Entropy,2,3,1,0.0,0.0,0.0
T12266,Byzantine Studies and History,3,2,-1,0.0,0.0,-0.0
T12283,Latin American history and culture,4,1,-3,0.0,0.0,-0.0
T12290,Human Motion and Animation,4,1,-3,0.0,0.0,-0.0
T12295,"Foucault, Power, and Ethics",2,3,1,0.0,0.0,0.0
T12354,Innovations in Educational Methods,5,0,-5,0.0,0.0,-0.0
T12363,Academic Research in Diverse Fields,5,0,-5,0.0,0.0,-0.0
T12390,Comics and Graphic Narratives,2,3,1,0.0,0.0,0.0
T12391,Artificial Immune Systems Applications,4,1,-3,0.0,0.0,-0.0
T12401,Scheduling and Timetabling Solutions,3,2,-1,0.0,0.0,-0.0
T12471,History of Science and Natural History,3,2,-1,0.0,0.0,-0.0
T12501,Digital Economy and Work Transformation,4,1,-3,0.0,0.0,-0.0
T12542,Second Language Learning and Teaching,3,2,-1,0.0,0.0,-0.0
T12571,Soybean genetics and cultivation,5,0,-5,0.0,0.0,-0.0
T12693,"Migration, Ethnicity, and Economy",5,0,-5,0.0,0.0,-0.0
T12722,Innovation Policy and R&D,4,1,-3,0.0,0.0,-0.0
T12787,Human Behavior and Motivation,3,2,-1,0.0,0.0,-0.0
T12803,Cinema History and Criticism,1,4,3,0.0,0.0,0.0
T12826,Education Methods and Technologies,5,0,-5,0.0,0.0,-0.0
T12837,American Environmental and Regional History,5,0,-5,0.0,0.0,-0.0
T12850,Field-Flow Fractionation Techniques,4,1,-3,0.0,0.0,-0.0
T12869,Occupational Health and Burnout,0,5,5,0.0,0.0,0.0
T12884,Educational Assessment and Pedagogy,5,0,-5,0.0,0.0,-0.0
T12933,Franchising Strategies and Performance,4,1,-3,0.0,0.0,-0.0
T12941,Embedded Systems and FPGA Design,0,5,5,0.0,0.0,0.0
T13031,Civil and Structural Engineering Research,4,1,-3,0.0,0.0,-0.0
T13067,Geological Modeling and Analysis,5,0,-5,0.0,0.0,-0.0
T13079,Heavy Metals in Plants,3,2,-1,0.0,0.0,-0.0
T13092,Environmental Chemistry and Analysis,4,1,-3,0.0,0.0,-0.0
T13101,Legal and Social Justice Studies,0,5,5,0.0,0.0,0.0
T13115,Axial and Atropisomeric Chirality Synthesis,4,1,-3,0.0,0.0,-0.0
T13122,Linguistics and Cultural Studies,5,0,-5,0.0,0.0,-0.0
T13128,Chromatography in Natural Products,4,1,-3,0.0,0.0,-0.0
T13154,Legal and Regulatory Analysis,5,0,-5,0.0,0.0,-0.0
T13156,Historical Linguistics and Language Studies,4,1,-3,0.0,0.0,-0.0
T13164,Quality and Management Systems,3,2,-1,0.0,0.0,-0.0
T13170,Discrimination and Equality Law,2,3,1,0.0,0.0,0.0
T13173,Gender Studies in Language,2,3,1,0.0,0.0,0.0
T13200,Spacecraft and Cryogenic Technologies,5,0,-5,0.0,0.0,-0.0
T13213,Mechanical Failure Analysis and Simulation,5,0,-5,0.0,0.0,-0.0
T13214,Powdery Mildew Fungal Diseases,4,1,-3,0.0,0.0,-0.0
T13334,South Asian Cinema and Culture,5,0,-5,0.0,0.0,-0.0
T13423,Social Policies and Healthcare Reform,0,5,5,0.0,0.0,0.0
T13502,Community and Sustainable Development,3,2,-1,0.0,0.0,-0.0
T13604,"Adsorption, diffusion, and thermodynamic properties of materials",3,2,-1,0.0,0.0,-0.0
T13634,Middle East and Rwanda Conflicts,5,0,-5,0.0,0.0,-0.0
T13643,Artificial Intelligence in Law,3,2,-1,0.0,0.0,-0.0
T13677,Magnolia and Illicium research,4,1,-3,0.0,0.0,-0.0
T13730,"Martial Arts: Techniques, Psychology, and Education",2,3,1,0.0,0.0,0.0
T13752,Mechanics and Biomechanics Studies,2,3,1,0.0,0.0,0.0
T13773,International Labor and Employment Law,2,3,1,0.0,0.0,0.0
T13888,Social Policies and Family,1,4,3,0.0,0.0,0.0
T13923,Nuclear and radioactivity studies,5,0,-5,0.0,0.0,-0.0
T13972,Business Law and Ethics,5,0,-5,0.0,0.0,-0.0
T13974,"Health, Education, and Aging",1,4,3,0.0,0.0,0.0
T14068,Organic and Inorganic Chemical Reactions,5,0,-5,0.0,0.0,-0.0
T14118,Social and Demographic Issues in Germany,5,0,-5,0.0,0.0,-0.0
T14178,Environmental Science and Water Management,2,3,1,0.0,0.0,0.0
T14232,Water Resource Management and Quality,0,5,5,0.0,0.0,0.0
T14320,Optics and Image Analysis,4,1,-3,0.0,0.0,-0.0
T14330,Library Science and Information Systems,1,4,3,0.0,0.0,0.0
T14378,Entomological Studies and Ecology,5,0,-5,0.0,0.0,-0.0
T14394,Cognitive Science and Education Research,4,1,-3,0.0,0.0,-0.0
T14406,Multidisciplinary Science and Engineering Research,5,0,-5,0.0,0.0,-0.0
T14463,Diverse Scientific Research Studies,5,0,-5,0.0,0.0,-0.0
T14487,Science and Science Education,0,5,5,0.0,0.0,0.0
T14488,Chemical and Physical Studies,2,3,1,0.0,0.0,0.0
T10045,Organic Electronics and Photovoltaics,2,2,0,0.0,0.0,0.0
T10050,Multi-Criteria Decision Making,3,1,-2,0.0,0.0,-0.0
T10053,International Relations and Foreign Policy,1,3,2,0.0,0.0,0.0
T10068,Technology Adoption and User Behaviour,4,0,-4,0.0,0.0,-0.0
T10083,Graphene research and applications,2,2,0,0.0,0.0,0.0
T10088,Thermochemical Biomass Conversion Processes,1,3,2,0.0,0.0,0.0
T10095,Cosmology and Gravitation Theories,2,2,0,0.0,0.0,0.0
T10107,Ferroelectric and Piezoelectric Materials,1,3,2,0.0,0.0,0.0
T10110,earthquake and tectonic studies,3,1,-2,0.0,0.0,-0.0
T10135,Insect-Plant Interactions and Control,3,1,-2,0.0,0.0,-0.0
T10159,Ionosphere and magnetosphere dynamics,2,2,0,0.0,0.0,0.0
T10164,Quality and Supply Management,4,0,-4,0.0,0.0,-0.0
T10219,Mechanical Behavior of Composites,2,2,0,0.0,0.0,0.0
T10255,Oceanographic and Atmospheric Processes,4,0,-4,0.0,0.0,-0.0
T10273,IoT and Edge/Fog Computing,2,2,0,0.0,0.0,0.0
T10282,Financial Risk and Volatility Modeling,2,2,0,0.0,0.0,0.0
T10310,Corrosion Behavior and Inhibition,2,2,0,0.0,0.0,0.0
T10328,Supply Chain and Inventory Management,1,3,2,0.0,0.0,0.0
T10366,Discourse Analysis in Language Studies,4,0,-4,0.0,0.0,-0.0
T10406,Planetary Science and Exploration,2,2,0,0.0,0.0,0.0
T10437,Educational theories and practices,3,1,-2,0.0,0.0,-0.0
T10456,Multi-Agent Systems and Negotiation,2,2,0,0.0,0.0,0.0
T10461,Gas Sensing Nanomaterials and Sensors,1,3,2,0.0,0.0,0.0
T10523,Atomic and Molecular Physics,4,0,-4,0.0,0.0,-0.0
T10561,Educational Research and Methods,1,3,2,0.0,0.0,0.0
T10601,Handwritten Text Recognition Techniques,3,1,-2,0.0,0.0,-0.0
T10624,Silicon and Solar Cell Technologies,4,0,-4,0.0,0.0,-0.0
T10627,Advanced Image and Video Retrieval Techniques,3,1,-2,0.0,0.0,-0.0
T10642,Plasma Applications and Diagnostics,2,2,0,0.0,0.0,0.0
T10644,Cryospheric studies and observations,3,1,-2,0.0,0.0,-0.0
T10653,Robot Manipulation and Learning,2,2,0,0.0,0.0,0.0
T10657,Topological Materials and Phenomena,3,1,-2,0.0,0.0,-0.0
T10689,Remote-Sensing Image Classification,2,2,0,0.0,0.0,0.0
T10703,Business Process Modeling and Analysis,4,0,-4,0.0,0.0,-0.0
T10787,Lightning and Electromagnetic Phenomena,2,2,0,0.0,0.0,0.0
T10794,Islamic Studies and History,4,0,-4,0.0,0.0,-0.0
T10801,Synthetic Aperture Radar (SAR) Applications and Techniques,1,3,2,0.0,0.0,0.0
T11017,Chaos-based Image/Signal Encryption,3,1,-2,0.0,0.0,-0.0
T11045,"Privacy, Security, and Data Protection",4,0,-4,0.0,0.0,-0.0
T11058,Ethics in Business and Education,2,2,0,0.0,0.0,0.0
T11161,Consumer Market Behavior and Pricing,4,0,-4,0.0,0.0,-0.0
T11164,Remote Sensing and LiDAR Applications,4,0,-4,0.0,0.0,-0.0
T11198,Japanese History and Culture,3,1,-2,0.0,0.0,-0.0
T11286,Polyoxometalates: Synthesis and Applications,3,1,-2,0.0,0.0,-0.0
T11298,Synthesis and Properties of Aromatic Compounds,3,1,-2,0.0,0.0,-0.0
T11360,Flame retardant materials and properties,1,3,2,0.0,0.0,0.0
T11405,Geophysics and Gravity Measurements,4,0,-4,0.0,0.0,-0.0
T11417,Advancements in PLL and VCO Technologies,3,1,-2,0.0,0.0,-0.0
T11435,Polynomial and algebraic computation,3,1,-2,0.0,0.0,-0.0
T11475,French Urban and Social Studies,4,0,-4,0.0,0.0,-0.0
T11508,Corporate Taxation and Avoidance,2,2,0,0.0,0.0,0.0
T11523,Nanomaterials and Printing Technologies,1,3,2,0.0,0.0,0.0
T11621,Fiscal Policies and Political Economy,3,1,-2,0.0,0.0,-0.0
T11643,Building materials and conservation,4,0,-4,0.0,0.0,-0.0
T11691,Forest Insect Ecology and Management,3,1,-2,0.0,0.0,-0.0
T11718,Physical Education and Pedagogy,2,2,0,0.0,0.0,0.0
T11729,Product Development and Customization,2,2,0,0.0,0.0,0.0
T11746,Inorganic and Organometallic Chemistry,3,1,-2,0.0,0.0,-0.0
T11821,Odor and Emission Control Technologies,3,1,-2,0.0,0.0,-0.0
T11843,Family Business Performance and Succession,4,0,-4,0.0,0.0,-0.0
T11854,Laser-induced spectroscopy and plasma,4,0,-4,0.0,0.0,-0.0
T11939,Public-Private Partnership Projects,2,2,0,0.0,0.0,0.0
T11946,Antenna Design and Optimization,4,0,-4,0.0,0.0,-0.0
T12063,Heat and Mass Transfer in Porous Media,2,2,0,0.0,0.0,0.0
T12073,Isotope Analysis in Ecology,3,1,-2,0.0,0.0,-0.0
T12101,Advanced Bandit Algorithms Research,2,2,0,0.0,0.0,0.0
T12124,Engineering Education and Curriculum Development,2,2,0,0.0,0.0,0.0
T12130,Contemporary Literature and Criticism,2,2,0,0.0,0.0,0.0
T12141,Fluid Dynamics and Thin Films,2,2,0,0.0,0.0,0.0
T12169,Non-Destructive Testing Techniques,4,0,-4,0.0,0.0,-0.0
T12303,Tensor decomposition and applications,2,2,0,0.0,0.0,0.0
T12307,Ancient Near East History,3,1,-2,0.0,0.0,-0.0
T12319,Fish Biology and Ecology Studies,3,1,-2,0.0,0.0,-0.0
T12349,Food Chemistry and Fat Analysis,0,4,4,0.0,0.0,0.0
T12358,Thermal and Kinetic Analysis,3,1,-2,0.0,0.0,-0.0
T12444,"Art, Politics, and Modernism",4,0,-4,0.0,0.0,-0.0
T12447,Spider Taxonomy and Behavior Studies,4,0,-4,0.0,0.0,-0.0
T12472,Plant responses to water stress,3,1,-2,0.0,0.0,-0.0
T12495,Electrostatic Discharge in Electronics,4,0,-4,0.0,0.0,-0.0
T12524,Chemical Synthesis and Characterization,4,0,-4,0.0,0.0,-0.0
T12537,Flow Measurement and Analysis,3,1,-2,0.0,0.0,-0.0
T12557,Inorganic Chemistry and Materials,3,1,-2,0.0,0.0,-0.0
T12566,Nitrogen and Sulfur Effects on Brassica,4,0,-4,0.0,0.0,-0.0
T12592,Opinion Dynamics and Social Influence,3,1,-2,0.0,0.0,-0.0
T12633,Legal case studies and regulations,4,0,-4,0.0,0.0,-0.0
T12645,European history and politics,4,0,-4,0.0,0.0,-0.0
T12646,Inorganic Fluorides and Related Compounds,4,0,-4,0.0,0.0,-0.0
T12671,Management and Marketing Education,3,1,-2,0.0,0.0,-0.0
T12692,Magnetic Field Sensors Techniques,3,1,-2,0.0,0.0,-0.0
T12724,Water-Energy-Food Nexus Studies,4,0,-4,0.0,0.0,-0.0
T12752,Global Peace and Security Dynamics,4,0,-4,0.0,0.0,-0.0
T12753,"Psychology, Coaching, and Therapy",4,0,-4,0.0,0.0,-0.0
T12795,Banana Cultivation and Research,4,0,-4,0.0,0.0,-0.0
T12895,Environmental law and policy,1,3,2,0.0,0.0,0.0
T12936,"Conflict, Peace, and Violence in Colombia",1,3,2,0.0,0.0,0.0
T12953,Critical Realism in Sociology,3,1,-2,0.0,0.0,-0.0
T12993,Psychology of Development and Education,3,1,-2,0.0,0.0,-0.0
T13008,Agricultural Practices and Plant Genetics,4,0,-4,0.0,0.0,-0.0
T13034,Information Systems Education and Curriculum Development,2,2,0,0.0,0.0,0.0
T13037,Piperaceae Chemical and Biological Studies,2,2,0,0.0,0.0,0.0
T13049,Surface Roughness and Optical Measurements,3,1,-2,0.0,0.0,-0.0
T13061,Literacy and Educational Practices,1,3,2,0.0,0.0,0.0
T13069,Cocoa and Sweet Potato Agronomy,4,0,-4,0.0,0.0,-0.0
T13096,Family and Matrimonial Law,0,4,4,0.0,0.0,0.0
T13109,Theological Perspectives and Practices,4,0,-4,0.0,0.0,-0.0
T13132,"Hydropower, Displacement, Environmental Impact",2,2,0,0.0,0.0,0.0
T13151,Business Strategies and Innovation,2,2,0,0.0,0.0,0.0
T13168,Plant Ecology and Taxonomy Studies,4,0,-4,0.0,0.0,-0.0
T13191,Dispute Resolution and Class Actions,2,2,0,0.0,0.0,0.0
T13192,Forensic Fingerprint Detection Methods,4,0,-4,0.0,0.0,-0.0
T13216,Artistic and Creative Research,2,2,0,0.0,0.0,0.0
T13221,Biological Activity of Diterpenoids and Biflavonoids,4,0,-4,0.0,0.0,-0.0
T13243,Innovation in Digital Healthcare Systems,1,3,2,0.0,0.0,0.0
T13260,Linguistics and Language Studies,1,3,2,0.0,0.0,0.0
T13310,Subtitles and Audiovisual Media,3,1,-2,0.0,0.0,-0.0
T13401,Social and Cultural Studies,4,0,-4,0.0,0.0,-0.0
T13405,Educational Assessment and Improvement,4,0,-4,0.0,0.0,-0.0
T13412,Education and Technology Integration,4,0,-4,0.0,0.0,-0.0
T13422,Phytochemistry and biological activities of Ficus species,4,0,-4,0.0,0.0,-0.0
T13434,Cancer Research and Treatment,4,0,-4,0.0,0.0,-0.0
T13470,Surface Treatment and Coatings,0,4,4,0.0,0.0,0.0
T13540,Animal Diversity and Health Studies,4,0,-4,0.0,0.0,-0.0
T13568,Wood and Agarwood Research,4,0,-4,0.0,0.0,-0.0
T13590,"Oral History, Memory, Narrative Analysis",3,1,-2,0.0,0.0,-0.0
T13705,Australian Indigenous Culture and History,3,1,-2,0.0,0.0,-0.0
T13722,Ergonomics and Human Factors,1,3,2,0.0,0.0,0.0
T13784,Jewish Identity and Society,4,0,-4,0.0,0.0,-0.0
T13797,Probabilistic Statistics in Medicine,0,4,4,0.0,0.0,0.0
T13877,Law in Society and Culture,4,0,-4,0.0,0.0,-0.0
T13881,Sociology and Norbert Elias,3,1,-2,0.0,0.0,-0.0
T13885,Geophysics and Sensor Technology,4,0,-4,0.0,0.0,-0.0
T13895,Educational Leadership and Innovation,4,0,-4,0.0,0.0,-0.0
T13898,Diverse Interdisciplinary Research Studies,4,0,-4,0.0,0.0,-0.0
T13926,"Feminism, Gender, and Sexuality Studies",2,2,0,0.0,0.0,0.0
T13996,Diverse Musicological Studies,3,1,-2,0.0,0.0,-0.0
T14003,Labor Law and Work Dynamics,0,4,4,0.0,0.0,0.0
T14017,Legal Issues in Education,1,3,2,0.0,0.0,0.0
T14123,Decolonial Thought and Epistemologies,0,4,4,0.0,0.0,0.0
T14143,Economic and Technological Innovation,4,0,-4,0.0,0.0,-0.0
T14150,Biochemical and biochemical processes,4,0,-4,0.0,0.0,-0.0
T14173,"Education, Healthcare and Sociology Research",4,0,-4,0.0,0.0,-0.0
T14174,Artificial Intelligence and Decision Support Systems,4,0,-4,0.0,0.0,-0.0
T14199,Historical and Scientific Studies,3,1,-2,0.0,0.0,-0.0
T14200,"Medical, Sociocultural, and Biopolitical Studies",1,3,2,0.0,0.0,0.0
T14210,Historical and Linguistic Studies,4,0,-4,0.0,0.0,-0.0
T14306,Technology Assessment and Management,4,0,-4,0.0,0.0,-0.0
T14311,Electrical and Electromagnetic Research,3,1,-2,0.0,0.0,-0.0
T14348,Marriage and Family Dynamics,0,4,4,0.0,0.0,0.0
T14350,"Innovation, Sustainability, Human-Machine Systems",4,0,-4,0.0,0.0,-0.0
T14370,"Economic, Social, and Health Studies",4,0,-4,0.0,0.0,-0.0
T14413,Advanced Technologies in Various Fields,4,0,-4,0.0,0.0,-0.0
T10001,Geological and Geochemical Analysis,2,1,-1,0.0,0.0,-0.0
T10007,Monetary Policy and Economic Impact,2,1,-1,0.0,0.0,-0.0
T10018,Advancements in Battery Materials,1,2,1,0.0,0.0,0.0
T10020,Quantum Information and Cryptography,1,2,1,0.0,0.0,0.0
T10022,Semiconductor Quantum Structures and Devices,1,2,1,0.0,0.0,0.0
T10030,Electrocatalysts for Energy Conversion,2,1,-1,0.0,0.0,-0.0
T10049,Magnetic properties of thin films,2,1,-1,0.0,0.0,-0.0
T10100,Metaheuristic Optimization Algorithms Research,2,1,-1,0.0,0.0,-0.0
T10101,Cloud Computing and Resource Management,0,3,3,0.0,0.0,0.0
T10109,Paleontology and Stratigraphy of Fossils,2,1,-1,0.0,0.0,-0.0
T10115,Corporate Social Responsibility Reporting,1,2,1,0.0,0.0,0.0
T10121,Building Energy and Comfort Optimization,3,0,-3,0.0,0.0,-0.0
T10127,"Banking stability, regulation, efficiency",3,0,-3,0.0,0.0,-0.0
T10132,Advanced ceramic materials synthesis,3,0,-3,0.0,0.0,-0.0
T10154,Customer Service Quality and Loyalty,2,1,-1,0.0,0.0,-0.0
T10161,Rock Mechanics and Modeling,3,0,-3,0.0,0.0,-0.0
T10179,Supercapacitor Materials and Fabrication,2,1,-1,0.0,0.0,-0.0
T10188,Advanced machining processes and optimization,2,1,-1,0.0,0.0,-0.0
T10192,Catalytic Processes in Materials Science,3,0,-3,0.0,0.0,-0.0
T10264,Asphalt Pavement Performance Evaluation,3,0,-3,0.0,0.0,-0.0
T10266,Plant Water Relations and Carbon Dynamics,3,0,-3,0.0,0.0,-0.0
T10271,Seismic Imaging and Inversion Techniques,3,0,-3,0.0,0.0,-0.0
T10281,Advanced Battery Materials and Technologies,2,1,-1,0.0,0.0,-0.0
T10304,Geometric and Algebraic Topology,2,1,-1,0.0,0.0,-0.0
T10319,"Conservation, Biodiversity, and Resource Management",1,2,1,0.0,0.0,0.0
T10353,Zeolite Catalysis and Synthesis,1,2,1,0.0,0.0,0.0
T10389,Polymer crystallization and properties,3,0,-3,0.0,0.0,-0.0
T10395,Construction Project Management and Performance,1,2,1,0.0,0.0,0.0
T10398,Groundwater and Isotope Geochemistry,3,0,-3,0.0,0.0,-0.0
T10399,Hydrocarbon exploration and reservoir analysis,3,0,-3,0.0,0.0,-0.0
T10413,High-pressure geophysics and materials,3,0,-3,0.0,0.0,-0.0
T10527,High-Energy Particle Collisions Research,2,1,-1,0.0,0.0,-0.0
T10566,Laser-Matter Interactions and Applications,2,1,-1,0.0,0.0,-0.0
T10567,Vehicle Routing Optimization Methods,2,1,-1,0.0,0.0,-0.0
T10572,Geophysical and Geoelectrical Methods,3,0,-3,0.0,0.0,-0.0
T10610,Advanced Cellulose Research Studies,2,1,-1,0.0,0.0,-0.0
T10615,Granular flow and fluidized beds,0,3,3,0.0,0.0,0.0
T10716,Soil and Unsaturated Flow,1,2,1,0.0,0.0,0.0
T10765,Marine Biology and Ecology Research,3,0,-3,0.0,0.0,-0.0
T10768,Electric Vehicles and Infrastructure,3,0,-3,0.0,0.0,-0.0
T10777,Politics and Society in Latin America,3,0,-3,0.0,0.0,-0.0
T10779,Coastal wetland ecosystem dynamics,3,0,-3,0.0,0.0,-0.0
T10789,Interactive and Immersive Displays,0,3,3,0.0,0.0,0.0
T10811,Hydrogen Storage and Materials,3,0,-3,0.0,0.0,-0.0
T10834,Welding Techniques and Residual Stresses,1,2,1,0.0,0.0,0.0
T10846,Photonic Crystal and Fiber Optics,3,0,-3,0.0,0.0,-0.0
T10871,Catalytic Alkyne Reactions,1,2,1,0.0,0.0,0.0
T10892,Drilling and Well Engineering,3,0,-3,0.0,0.0,-0.0
T10910,Corporate Governance and Management,3,0,-3,0.0,0.0,-0.0
T10948,Advanced Combinatorial Mathematics,0,3,3,0.0,0.0,0.0
T10963,Advanced Optimization Algorithms Research,3,0,-3,0.0,0.0,-0.0
T10996,Computational Geometry and Mesh Generation,2,1,-1,0.0,0.0,-0.0
T11008,Aerodynamics and Acoustics in Jet Flows,2,1,-1,0.0,0.0,-0.0
T11009,Catalysis for Biomass Conversion,2,1,-1,0.0,0.0,-0.0
T11052,Energy Load and Power Forecasting,2,1,-1,0.0,0.0,-0.0
T11111,Spectroscopy and Laser Applications,2,1,-1,0.0,0.0,-0.0
T11133,UAV Applications and Optimization,2,1,-1,0.0,0.0,-0.0
T11192,Underwater Vehicles and Communication Systems,3,0,-3,0.0,0.0,-0.0
T11200,Electrodeposition and Electroless Coatings,1,2,1,0.0,0.0,0.0
T11223,Maritime Ports and Logistics,1,2,1,0.0,0.0,0.0
T11230,Innovative Energy Harvesting Technologies,1,2,1,0.0,0.0,0.0
T11257,Taxation and Compliance Studies,3,0,-3,0.0,0.0,-0.0
T11326,Stock Market Forecasting Methods,2,1,-1,0.0,0.0,-0.0
T11391,Theatre and Performance Studies,1,2,1,0.0,0.0,0.0
T11410,Cultural Industries and Urban Development,2,1,-1,0.0,0.0,-0.0
T11425,Diverse Music Education Insights,1,2,1,0.0,0.0,0.0
T11432,Gender Politics and Representation,2,1,-1,0.0,0.0,-0.0
T11441,Organoboron and organosilicon chemistry,1,2,1,0.0,0.0,0.0
T11442,Titanium Alloys Microstructure and Properties,1,2,1,0.0,0.0,0.0
T11476,Graph theory and applications,2,1,-1,0.0,0.0,-0.0
T11507,Religion and Society Interactions,1,2,1,0.0,0.0,0.0
T11550,Text and Document Classification Technologies,0,3,3,0.0,0.0,0.0
T11557,Lubricants and Their Additives,2,1,-1,0.0,0.0,-0.0
T11565,Thermoelastic and Magnetoelastic Phenomena,3,0,-3,0.0,0.0,-0.0
T11567,semigroups and automata theory,3,0,-3,0.0,0.0,-0.0
T11607,Microwave and Dielectric Measurement Techniques,0,3,3,0.0,0.0,0.0
T11609,Geophysical Methods and Applications,3,0,-3,0.0,0.0,-0.0
T11612,Stochastic Gradient Optimization Techniques,1,2,1,0.0,0.0,0.0
T11619,Combustion and Detonation Processes,3,0,-3,0.0,0.0,-0.0
T11634,Water Quality and Pollution Assessment,1,2,1,0.0,0.0,0.0
T11652,Imbalanced Data Classification Techniques,1,2,1,0.0,0.0,0.0
T11698,Underwater Acoustics Research,3,0,-3,0.0,0.0,-0.0
T11740,Geochemistry and Elemental Analysis,2,1,-1,0.0,0.0,-0.0
T11743,Political Economy and Marxism,2,1,-1,0.0,0.0,-0.0
T11801,Reservoir Engineering and Simulation Methods,3,0,-3,0.0,0.0,-0.0
T11825,Catalysis and Oxidation Reactions,3,0,-3,0.0,0.0,-0.0
T11856,Thermography and Photoacoustic Techniques,1,2,1,0.0,0.0,0.0
T11862,"Agriculture, Land Use, Rural Development",0,3,3,0.0,0.0,0.0
T11877,Iron oxide chemistry and applications,3,0,-3,0.0,0.0,-0.0
T11938,ERP Systems Implementation and Impact,2,1,-1,0.0,0.0,-0.0
T11973,Plant chemical constituents analysis,2,1,-1,0.0,0.0,-0.0
T12016,Web Data Mining and Analysis,3,0,-3,0.0,0.0,-0.0
T12045,Rice Cultivation and Yield Improvement,3,0,-3,0.0,0.0,-0.0
T12100,Advanced Mathematical Modeling in Engineering,3,0,-3,0.0,0.0,-0.0
T12115,Genetic and Environmental Crop Studies,3,0,-3,0.0,0.0,-0.0
T12126,Maritime Transport Emissions and Efficiency,3,0,-3,0.0,0.0,-0.0
T12163,Aerosol Filtration and Electrostatic Precipitation,3,0,-3,0.0,0.0,-0.0
T12219,Canadian Identity and History,3,0,-3,0.0,0.0,-0.0
T12222,IoT-based Smart Home Systems,3,0,-3,0.0,0.0,-0.0
T12240,Nanomaterials for catalytic reactions,2,1,-1,0.0,0.0,-0.0
T12247,Microbial Applications in Construction Materials,1,2,1,0.0,0.0,0.0
T12282,Mineral Processing and Grinding,2,1,-1,0.0,0.0,-0.0
T12285,Surface Chemistry and Catalysis,2,1,-1,0.0,0.0,-0.0
T12292,Graph Theory and Algorithms,3,0,-3,0.0,0.0,-0.0
T12321,Insect Pheromone Research and Control,1,2,1,0.0,0.0,0.0
T12329,Hemiptera Insect Studies,2,1,-1,0.0,0.0,-0.0
T12330,Botanical Research and Applications,3,0,-3,0.0,0.0,-0.0
T12346,Phytochemistry and biological activity of medicinal plants,1,2,1,0.0,0.0,0.0
T12347,Ginger and Zingiberaceae research,2,1,-1,0.0,0.0,-0.0
T12353,Lexicography and Language Studies,2,1,-1,0.0,0.0,-0.0
T12362,Tribology and Wear Analysis,2,1,-1,0.0,0.0,-0.0
T12364,Archaeological Research and Protection,3,0,-3,0.0,0.0,-0.0
T12403,Seed and Plant Biochemistry,3,0,-3,0.0,0.0,-0.0
T12455,Mediterranean and Iberian flora and fauna,3,0,-3,0.0,0.0,-0.0
T12481,Digital Accessibility for Disabilities,1,2,1,0.0,0.0,0.0
T12487,Structural Engineering and Vibration Analysis,3,0,-3,0.0,0.0,-0.0
T12540,Cyclone Separators and Fluid Dynamics,3,0,-3,0.0,0.0,-0.0
T12558,Wittgensteinian philosophy and applications,3,0,-3,0.0,0.0,-0.0
T12562,Synthesis and Characterization of Pyrroles,1,2,1,0.0,0.0,0.0
T12572,"Intelligence, Security, War Strategy",2,1,-1,0.0,0.0,-0.0
T12605,Berry genetics and cultivation research,3,0,-3,0.0,0.0,-0.0
T12611,Neural Networks and Reservoir Computing,2,1,-1,0.0,0.0,-0.0
T12615,Climate Change and Geoengineering,3,0,-3,0.0,0.0,-0.0
T12617,"Energy, Environment, and Transportation Policies",3,0,-3,0.0,0.0,-0.0
T12618,Botany and Plant Ecology Studies,2,1,-1,0.0,0.0,-0.0
T12632,Visual Culture and Art Theory,2,1,-1,0.0,0.0,-0.0
T12644,Wildlife-Road Interactions and Conservation,3,0,-3,0.0,0.0,-0.0
T12659,Innovation Diffusion and Forecasting,2,1,-1,0.0,0.0,-0.0
T12660,Plant Disease Management Techniques,1,2,1,0.0,0.0,0.0
T12668,Yeasts and Rust Fungi Studies,3,0,-3,0.0,0.0,-0.0
T12677,Sports Dynamics and Biomechanics,0,3,3,0.0,0.0,0.0
T12697,Water Quality Monitoring Technologies,2,1,-1,0.0,0.0,-0.0
T12723,Hannah Arendt's Political Philosophy,2,1,-1,0.0,0.0,-0.0
T12736,Criminal Justice and Penology,0,3,3,0.0,0.0,0.0
T12740,Gait Recognition and Analysis,0,3,3,0.0,0.0,0.0
T12750,Nigella sativa pharmacological applications,2,1,-1,0.0,0.0,-0.0
T12762,Crystallography and Radiation Phenomena,3,0,-3,0.0,0.0,-0.0
T12779,Public Procurement and Policy,2,1,-1,0.0,0.0,-0.0
T12804,Thermal Analysis in Power Transmission,3,0,-3,0.0,0.0,-0.0
T12808,Ferroelectric and Negative Capacitance Devices,3,0,-3,0.0,0.0,-0.0
T12809,Contact Mechanics and Variational Inequalities,0,3,3,0.0,0.0,0.0
T12855,Peanut Plant Research Studies,3,0,-3,0.0,0.0,-0.0
T12872,Philippine History and Culture,3,0,-3,0.0,0.0,-0.0
T12921,European Criminal Justice and Data Protection,3,0,-3,0.0,0.0,-0.0
T12923,Digital Image Processing Techniques,3,0,-3,0.0,0.0,-0.0
T12981,Conservation Techniques and Studies,3,0,-3,0.0,0.0,-0.0
T13014,Peace and Human Rights Education,2,1,-1,0.0,0.0,-0.0
T13062,Cognitive Computing and Networks,0,3,3,0.0,0.0,0.0
T13063,Education and experiences of immigrants and refugees,1,2,1,0.0,0.0,0.0
T13130,Biological and pharmacological studies of plants,3,0,-3,0.0,0.0,-0.0
T13131,Collaborative Teaching and Inclusion,2,1,-1,0.0,0.0,-0.0
T13144,Theology and Philosophy of Evil,2,1,-1,0.0,0.0,-0.0
T13145,Crime and Detective Fiction Studies,2,1,-1,0.0,0.0,-0.0
T13148,Environmental and Air Quality Management,1,2,1,0.0,0.0,0.0
T13155,Digital Communication and Language,2,1,-1,0.0,0.0,-0.0
T13158,Political and Economic history of UK and US,3,0,-3,0.0,0.0,-0.0
T13163,Organizational Learning and Leadership,2,1,-1,0.0,0.0,-0.0
T13171,Polymer Science and PVC,2,1,-1,0.0,0.0,-0.0
T13189,Physical Education and Training Studies,3,0,-3,0.0,0.0,-0.0
T13197,Spreadsheets and End-User Computing,3,0,-3,0.0,0.0,-0.0
T13211,"Memory, Trauma, and Testimony",0,3,3,0.0,0.0,0.0
T13218,Sesame and Sesamin Research,2,1,-1,0.0,0.0,-0.0
T13222,"Caribbean history, culture, and politics",3,0,-3,0.0,0.0,-0.0
T13229,Gothic Literature and Media Analysis,3,0,-3,0.0,0.0,-0.0
T13238,Botanical Studies and Applications,2,1,-1,0.0,0.0,-0.0
T13245,Samuel Beckett and Modernism,2,1,-1,0.0,0.0,-0.0
T13286,Modeling and Simulation Systems,1,2,1,0.0,0.0,0.0
T13308,Cybernetics and Technology in Society,2,1,-1,0.0,0.0,-0.0
T13317,"Media, Communication, and Education",3,0,-3,0.0,0.0,-0.0
T13324,Scientific and Engineering Research Topics,1,2,1,0.0,0.0,0.0
T13335,Pharmacological Effects of Medicinal Plants,3,0,-3,0.0,0.0,-0.0
T13337,Korean Peninsula Historical and Political Studies,3,0,-3,0.0,0.0,-0.0
T13353,Flow Experience in Various Fields,0,3,3,0.0,0.0,0.0
T13355,Marketing and Advertising Strategies,1,2,1,0.0,0.0,0.0
T13364,"Digitalization, Law, and Regulation",1,2,1,0.0,0.0,0.0
T13368,University Challenges and Reforms,1,2,1,0.0,0.0,0.0
T13372,Archaeology and Historical Studies,3,0,-3,0.0,0.0,-0.0
T13402,Business Strategy and Innovation,2,1,-1,0.0,0.0,-0.0
T13435,Animal and Plant Science Education,3,0,-3,0.0,0.0,-0.0
T13443,Mineralogy and Gemology Studies,2,1,-1,0.0,0.0,-0.0
T13448,Indigenous Cultures and Socio-Education,2,1,-1,0.0,0.0,-0.0
T13493,Optical and Acousto-Optic Technologies,1,2,1,0.0,0.0,0.0
T13494,Military History and Strategy,1,2,1,0.0,0.0,0.0
T13518,Architecture and Computational Design,3,0,-3,0.0,0.0,-0.0
T13523,"Mathematics, Computing, and Information Processing",3,0,-3,0.0,0.0,-0.0
T13570,Historical Education Studies Worldwide,2,1,-1,0.0,0.0,-0.0
T13618,Regional Socio-Economic Development Trends,3,0,-3,0.0,0.0,-0.0
T13625,Journalism and Media Studies,0,3,3,0.0,0.0,0.0
T13628,Agricultural Productivity and Crop Improvement,2,1,-1,0.0,0.0,-0.0
T13642,Organizational Downsizing and Restructuring,1,2,1,0.0,0.0,0.0
T13710,European and International Law Studies,3,0,-3,0.0,0.0,-0.0
T13718,Media Influence and Politics,3,0,-3,0.0,0.0,-0.0
T13742,Metallurgy and Cultural Artifacts,3,0,-3,0.0,0.0,-0.0
T13745,Media and Digital Communication,1,2,1,0.0,0.0,0.0
T13747,Sociopolitical Dynamics in Russia,3,0,-3,0.0,0.0,-0.0
T13748,Advanced Statistical Modeling Techniques,3,0,-3,0.0,0.0,-0.0
T13769,Fusion and Plasma Physics Studies,3,0,-3,0.0,0.0,-0.0
T13776,Phytochemical and Pharmacological Studies,3,0,-3,0.0,0.0,-0.0
T13780,Diverse Education Studies and Reforms,3,0,-3,0.0,0.0,-0.0
T13781,Coleoptera: Cerambycidae studies,3,0,-3,0.0,0.0,-0.0
T13798,Hops Chemistry and Applications,1,2,1,0.0,0.0,0.0
T13817,"Tannin, Tannase and Anticancer Activities",1,2,1,0.0,0.0,0.0
T13828,Natural Products and Biological Research,2,1,-1,0.0,0.0,-0.0
T13856,Advanced Power Generation Technologies,3,0,-3,0.0,0.0,-0.0
T13860,Arts and Performance Studies,0,3,3,0.0,0.0,0.0
T13901,State Capitalism and Financial Governance,1,2,1,0.0,0.0,0.0
T13904,Artificial Intelligence Applications,2,1,-1,0.0,0.0,-0.0
T13956,Sociopolitical Dynamics in Nepal,3,0,-3,0.0,0.0,-0.0
T13959,"Swearing, Euphemism, Multilingualism",2,1,-1,0.0,0.0,-0.0
T13971,Synthesis and Biological Activity,3,0,-3,0.0,0.0,-0.0
T13980,Alexander von Humboldt Studies,3,0,-3,0.0,0.0,-0.0
T13989,Labour Market and Migration,0,3,3,0.0,0.0,0.0
T14018,Agriculture and Biological Studies,3,0,-3,0.0,0.0,-0.0
T14074,Persona Design and Applications,3,0,-3,0.0,0.0,-0.0
T14081,Linguistic Education and Pedagogy,2,1,-1,0.0,0.0,-0.0
T14086,Military and Defense Studies,1,2,1,0.0,0.0,0.0
T14146,Earthquake and Tsunami Effects,1,2,1,0.0,0.0,0.0
T14240,E-Learning and COVID-19,1,2,1,0.0,0.0,0.0
T14241,Evasion and Academic Success Factors,3,0,-3,0.0,0.0,-0.0
T14265,Social and Behavioral Studies,3,0,-3,0.0,0.0,-0.0
T14269,Food Security and Socioeconomic Dynamics,0,3,3,0.0,0.0,0.0
T14297,Plant-Derived Bioactive Compounds,3,0,-3,0.0,0.0,-0.0
T14308,Psychological and Educational Research Studies,2,1,-1,0.0,0.0,-0.0
T14323,"Agriculture, Water, and Health",3,0,-3,0.0,0.0,-0.0
T14327,Advanced Energy Technologies and Civil Engineering Innovations,2,1,-1,0.0,0.0,-0.0
T14355,Historical Studies of British Isles,1,2,1,0.0,0.0,0.0
T14358,Healthcare Quality and Satisfaction,2,1,-1,0.0,0.0,-0.0
T14365,Leaf Properties and Growth Measurement,3,0,-3,0.0,0.0,-0.0
T14372,Environmental and Biological Research in Conflict Zones,2,1,-1,0.0,0.0,-0.0
T14376,Science and Education Research,2,1,-1,0.0,0.0,-0.0
T14412,Marine and Coastal Research,1,2,1,0.0,0.0,0.0
T14464,Community Development and Social Impact,3,0,-3,0.0,0.0,-0.0
T14472,Environmental and Cultural Studies in Latin America and Beyond,3,0,-3,0.0,0.0,-0.0
T14481,Renewable Energy and Sustainability,3,0,-3,0.0,0.0,-0.0
T10003,Innovation and Knowledge Management,1,1,0,0.0,0.0,0.0
T10017,Geology and Paleoclimatology Research,2,0,-2,0.0,0.0,-0.0
T10026,"Galaxies: Formation, Evolution, Phenomena",1,1,0,0.0,0.0,0.0
T10037,Physics of Superconductivity and Magnetism,1,1,0,0.0,0.0,0.0
T10061,Algebraic Geometry and Number Theory,1,1,0,0.0,0.0,0.0
T10096,Metal-Organic Frameworks: Synthesis and Applications,2,0,-2,0.0,0.0,-0.0
T10111,Remote Sensing in Agriculture,1,1,0,0.0,0.0,0.0
T10145,Consumer Behavior in Brand Consumption and Identification,2,0,-2,0.0,0.0,-0.0
T10148,Advanced MIMO Systems Optimization,1,1,0,0.0,0.0,0.0
T10205,Advanced Fiber Optic Sensors,0,2,2,0.0,0.0,0.0
T10237,Cryptography and Data Security,1,1,0,0.0,0.0,0.0
T10239,Urban Planning and Governance,0,2,2,0.0,0.0,0.0
T10246,Mobile Ad Hoc Networks,1,1,0,0.0,0.0,0.0
T10289,European Union Policy and Governance,1,1,0,0.0,0.0,0.0
T10326,Indoor and Outdoor Localization Technologies,2,0,-2,0.0,0.0,-0.0
T10367,Agricultural Innovations and Practices,1,1,0,0.0,0.0,0.0
T10374,Advanced Graph Theory Research,2,0,-2,0.0,0.0,-0.0
T10388,Advanced Steganography and Watermarking Techniques,1,1,0,0.0,0.0,0.0
T10425,Cold Atom Physics and Bose-Einstein Condensates,1,1,0,0.0,0.0,0.0
T10457,Education Pedagogy and Practices,0,2,2,0.0,0.0,0.0
T10472,Semiconductor materials and devices,2,0,-2,0.0,0.0,-0.0
T10501,Polymer Nanocomposites and Properties,1,1,0,0.0,0.0,0.0
T10514,Numerical methods in engineering,1,1,0,0.0,0.0,0.0
T10534,Structural Health Monitoring Techniques,2,0,-2,0.0,0.0,-0.0
T10545,Optimization and Variational Analysis,0,2,2,0.0,0.0,0.0
T10551,Scheduling and Optimization Algorithms,2,0,-2,0.0,0.0,-0.0
T10577,Hydrology and Sediment Transport Processes,0,2,2,0.0,0.0,0.0
T10586,Robotic Path Planning Algorithms,1,1,0,0.0,0.0,0.0
T10592,Fusion materials and technologies,0,2,2,0.0,0.0,0.0
T10597,Nuclear reactor physics and engineering,2,0,-2,0.0,0.0,-0.0
T10612,Magnetism in coordination complexes,2,0,-2,0.0,0.0,-0.0
T10626,High-Temperature Coating Behaviors,1,1,0,0.0,0.0,0.0
T10628,China's Socioeconomic Reforms and Governance,2,0,-2,0.0,0.0,-0.0
T10647,Coastal and Marine Dynamics,2,0,-2,0.0,0.0,-0.0
T10650,Food Drying and Modeling,2,0,-2,0.0,0.0,-0.0
T10679,Service-Oriented Architecture and Web Services,2,0,-2,0.0,0.0,-0.0
T10680,Wind Energy Research and Development,2,0,-2,0.0,0.0,-0.0
T10682,Quantum Computing Algorithms and Architecture,1,1,0,0.0,0.0,0.0
T10698,Transportation Planning and Optimization,1,1,0,0.0,0.0,0.0
T10705,Additive Manufacturing Materials and Processes,1,1,0,0.0,0.0,0.0
T10720,Complexity and Algorithms in Graphs,0,2,2,0.0,0.0,0.0
T10735,Mesoporous Materials and Catalysis,1,1,0,0.0,0.0,0.0
T10763,Digital Transformation in Industry,2,0,-2,0.0,0.0,-0.0
T10772,Distributed systems and fault tolerance,2,0,-2,0.0,0.0,-0.0
T10791,Advanced Control Systems Optimization,1,1,0,0.0,0.0,0.0
T10806,Energetic Materials and Combustion,2,0,-2,0.0,0.0,-0.0
T10807,Synthesis and characterization of novel inorganic/organometallic compounds,1,1,0,0.0,0.0,0.0
T10810,Polymer composites and self-healing,1,1,0,0.0,0.0,0.0
T10828,Biometric Identification and Security,0,2,2,0.0,0.0,0.0
T10848,Advanced Multi-Objective Optimization Algorithms,2,0,-2,0.0,0.0,-0.0
T10893,Chinese history and philosophy,1,1,0,0.0,0.0,0.0
T10894,Groundwater flow and contamination studies,1,1,0,0.0,0.0,0.0
T10921,Neutrino Physics Research,1,1,0,0.0,0.0,0.0
T10922,Magnetic Properties and Synthesis of Ferrites,1,1,0,0.0,0.0,0.0
T10939,Crystal Structures and Properties,1,1,0,0.0,0.0,0.0
T10953,E-Government and Public Services,1,1,0,0.0,0.0,0.0
T10965,Geological formations and processes,2,0,-2,0.0,0.0,-0.0
T11043,Merger and Competition Analysis,1,1,0,0.0,0.0,0.0
T11053,Process Optimization and Integration,2,0,-2,0.0,0.0,-0.0
T11063,Rough Sets and Fuzzy Logic,1,1,0,0.0,0.0,0.0
T11070,Soviet and Russian History,2,0,-2,0.0,0.0,-0.0
T11073,Metal Extraction and Bioleaching,2,0,-2,0.0,0.0,-0.0
T11106,Data Management and Algorithms,2,0,-2,0.0,0.0,-0.0
T11127,Solid State Laser Technologies,2,0,-2,0.0,0.0,-0.0
T11138,Tribology and Lubrication Engineering,1,1,0,0.0,0.0,0.0
T11191,Mathematical functions and polynomials,1,1,0,0.0,0.0,0.0
T11211,3D Surveying and Cultural Heritage,2,0,-2,0.0,0.0,-0.0
T11233,Advanced Adaptive Filtering Techniques,1,1,0,0.0,0.0,0.0
T11272,Nanowire Synthesis and Applications,1,1,0,0.0,0.0,0.0
T11325,Inertial Sensor and Navigation,2,0,-2,0.0,0.0,-0.0
T11338,Advancements in Photolithography Techniques,2,0,-2,0.0,0.0,-0.0
T11371,Wind and Air Flow Studies,2,0,-2,0.0,0.0,-0.0
T11382,Fluid Dynamics and Heat Transfer,0,2,2,0.0,0.0,0.0
T11394,Dynamics and Control of Mechanical Systems,1,1,0,0.0,0.0,0.0
T11398,Hand Gesture Recognition Systems,2,0,-2,0.0,0.0,-0.0
T11416,Numerical methods for differential equations,2,0,-2,0.0,0.0,-0.0
T11429,Semiconductor Lasers and Optical Devices,1,1,0,0.0,0.0,0.0
T11439,Video Analysis and Summarization,2,0,-2,0.0,0.0,-0.0
T11444,Electromagnetic Compatibility and Noise Suppression,1,1,0,0.0,0.0,0.0
T11459,Arctic and Antarctic ice dynamics,2,0,-2,0.0,0.0,-0.0
T11477,"Epistemology, Ethics, and Metaphysics",1,1,0,0.0,0.0,0.0
T11478,Caching and Content Delivery,1,1,0,0.0,0.0,0.0
T11489,Air Traffic Management and Optimization,2,0,-2,0.0,0.0,-0.0
T11494,Coleoptera Taxonomy and Distribution,1,1,0,0.0,0.0,0.0
T11496,Credit Risk and Financial Regulations,2,0,-2,0.0,0.0,-0.0
T11499,ICT Impact and Policies,2,0,-2,0.0,0.0,-0.0
T11500,Evacuation and Crowd Dynamics,2,0,-2,0.0,0.0,-0.0
T11529,Refrigeration and Air Conditioning Technologies,1,1,0,0.0,0.0,0.0
T11563,Indian and Buddhist Studies,0,2,2,0.0,0.0,0.0
T11583,Advanced Measurement and Metrology Techniques,2,0,-2,0.0,0.0,-0.0
T11593,Carbon dioxide utilization in catalysis,2,0,-2,0.0,0.0,-0.0
T11598,Internet Traffic Analysis and Secure E-voting,2,0,-2,0.0,0.0,-0.0
T11699,High-Velocity Impact and Material Behavior,1,1,0,0.0,0.0,0.0
T11703,"Rings, Modules, and Algebras",1,1,0,0.0,0.0,0.0
T11727,Advanced Algebra and Logic,1,1,0,0.0,0.0,0.0
T11755,Transboundary Water Resource Management,2,0,-2,0.0,0.0,-0.0
T11784,CO2 Reduction Techniques and Catalysts,2,0,-2,0.0,0.0,-0.0
T11790,N-Heterocyclic Carbenes in Organic and Inorganic Chemistry,2,0,-2,0.0,0.0,-0.0
T11797,graph theory and CDMA systems,2,0,-2,0.0,0.0,-0.0
T11804,Quantum many-body systems,2,0,-2,0.0,0.0,-0.0
T11814,Advanced Manufacturing and Logistics Optimization,2,0,-2,0.0,0.0,-0.0
T11820,Learning Styles and Cognitive Differences,0,2,2,0.0,0.0,0.0
T11846,Cultural Heritage Management and Preservation,1,1,0,0.0,0.0,0.0
T11852,Clay minerals and soil interactions,2,0,-2,0.0,0.0,-0.0
T11870,Structural Analysis and Optimization,2,0,-2,0.0,0.0,-0.0
T11874,Structural Response to Dynamic Loads,2,0,-2,0.0,0.0,-0.0
T11880,Forest ecology and management,2,0,-2,0.0,0.0,-0.0
T11893,German Literature and Culture Studies,1,1,0,0.0,0.0,0.0
T11933,Mining and Resource Management,1,1,0,0.0,0.0,0.0
T11945,Heat Transfer Mechanisms,1,1,0,0.0,0.0,0.0
T12000,Systems Engineering Methodologies and Applications,1,1,0,0.0,0.0,0.0
T12004,Advanced Frequency and Time Standards,1,1,0,0.0,0.0,0.0
T12019,Calibration and Measurement Techniques,2,0,-2,0.0,0.0,-0.0
T12028,Knowledge Management and Sharing,2,0,-2,0.0,0.0,-0.0
T12046,MXene and MAX Phase Materials,2,0,-2,0.0,0.0,-0.0
T12048,Microencapsulation and Drying Processes,1,1,0,0.0,0.0,0.0
T12093,Greenhouse Technology and Climate Control,2,0,-2,0.0,0.0,-0.0
T12097,Aquatic Invertebrate Ecology and Behavior,2,0,-2,0.0,0.0,-0.0
T12098,Rural development and sustainability,2,0,-2,0.0,0.0,-0.0
T12099,Advanced materials and composites,2,0,-2,0.0,0.0,-0.0
T12125,Aerospace and Aviation Technology,1,1,0,0.0,0.0,0.0
T12127,Software System Performance and Reliability,2,0,-2,0.0,0.0,-0.0
T12133,Pragmatism in Philosophy and Education,1,1,0,0.0,0.0,0.0
T12148,Brazilian Legal Issues,1,1,0,0.0,0.0,0.0
T12152,Concrete Properties and Behavior,1,1,0,0.0,0.0,0.0
T12164,Education Practices and Challenges,2,0,-2,0.0,0.0,-0.0
T12206,Vibration and Dynamic Analysis,2,0,-2,0.0,0.0,-0.0
T12233,Geotechnical Engineering and Underground Structures,1,1,0,0.0,0.0,0.0
T12238,Green IT and Sustainability,1,1,0,0.0,0.0,0.0
T12270,Microwave-Assisted Synthesis and Applications,2,0,-2,0.0,0.0,-0.0
T12276,Risk Management in Financial Firms,2,0,-2,0.0,0.0,-0.0
T12299,Radiation Shielding Materials Analysis,1,1,0,0.0,0.0,0.0
T12300,Advanced Electrical Measurement Techniques,2,0,-2,0.0,0.0,-0.0
T12306,Urban and Freight Transport Logistics,1,1,0,0.0,0.0,0.0
T12311,Political Theology and Sovereignty,2,0,-2,0.0,0.0,-0.0
T12338,Digital literacy in education,1,1,0,0.0,0.0,0.0
T12341,Spanish Linguistics and Language Studies,2,0,-2,0.0,0.0,-0.0
T12344,Silicon Effects in Agriculture,1,1,0,0.0,0.0,0.0
T12357,Digital Media Forensic Detection,2,0,-2,0.0,0.0,-0.0
T12365,Effects of Environmental Stressors on Livestock,2,0,-2,0.0,0.0,-0.0
T12370,Advances in Cucurbitaceae Research,0,2,2,0.0,0.0,0.0
T12389,Infrared Target Detection Methodologies,2,0,-2,0.0,0.0,-0.0
T12394,Insurance and Financial Risk Management,1,1,0,0.0,0.0,0.0
T12396,Advanced Differential Equations and Dynamical Systems,0,2,2,0.0,0.0,0.0
T12416,Polymer Nanocomposite Synthesis and Irradiation,1,1,0,0.0,0.0,0.0
T12425,Industrial Gas Emission Control,2,0,-2,0.0,0.0,-0.0
T12437,"Balkans: History, Politics, Society",1,1,0,0.0,0.0,0.0
T12449,Spacecraft Design and Technology,1,1,0,0.0,0.0,0.0
T12461,Narrative Theory and Analysis,2,0,-2,0.0,0.0,-0.0
T12466,Near-Field Optical Microscopy,2,0,-2,0.0,0.0,-0.0
T12469,"Chaos, Complexity, and Education",2,0,-2,0.0,0.0,-0.0
T12482,Tunneling and Rock Mechanics,1,1,0,0.0,0.0,0.0
T12510,Magneto-Optical Properties and Applications,2,0,-2,0.0,0.0,-0.0
T12513,Rocket and propulsion systems research,2,0,-2,0.0,0.0,-0.0
T12517,Seventeenth-Century Political and Philosophical Thought,0,2,2,0.0,0.0,0.0
T12525,Australian History and Society,2,0,-2,0.0,0.0,-0.0
T12531,Values and Moral Education,1,1,0,0.0,0.0,0.0
T12567,Heat transfer and supercritical fluids,2,0,-2,0.0,0.0,-0.0
T12588,Electronic and Structural Properties of Oxides,1,1,0,0.0,0.0,0.0
T12595,Romani and Gypsy Studies,2,0,-2,0.0,0.0,-0.0
T12597,Fire Detection and Safety Systems,2,0,-2,0.0,0.0,-0.0
T12609,Latin American socio-political dynamics,2,0,-2,0.0,0.0,-0.0
T12653,Cyclization and Aryne Chemistry,1,1,0,0.0,0.0,0.0
T12657,Phytochemistry Medicinal Plant Applications,0,2,2,0.0,0.0,0.0
T12667,Economic and Technological Developments in Russia,2,0,-2,0.0,0.0,-0.0
T12686,Central European national history,2,0,-2,0.0,0.0,-0.0
T12690,Cross-Border Cooperation and Integration,1,1,0,0.0,0.0,0.0
T12711,Immigration and Intercultural Education,2,0,-2,0.0,0.0,-0.0
T12720,Multimedia Communication and Technology,1,1,0,0.0,0.0,0.0
T12727,Differential Equations and Numerical Methods,1,1,0,0.0,0.0,0.0
T12737,Electrical Fault Detection and Protection,2,0,-2,0.0,0.0,-0.0
T12738,Corporate Identity and Reputation,2,0,-2,0.0,0.0,-0.0
T12759,Vehicle Noise and Vibration Control,1,1,0,0.0,0.0,0.0
T12768,Linguistics and language evolution,1,1,0,0.0,0.0,0.0
T12776,Electrohydrodynamics and Fluid Dynamics,2,0,-2,0.0,0.0,-0.0
T12834,Flowering Plant Growth and Cultivation,0,2,2,0.0,0.0,0.0
T12838,Photovoltaic Systems and Sustainability,2,0,-2,0.0,0.0,-0.0
T12861,"Migration, Education, Indigenous Social Dynamics",2,0,-2,0.0,0.0,-0.0
T12883,Sustainable Development and Environmental Management,0,2,2,0.0,0.0,0.0
T12887,Educational Strategies and Epistemologies,2,0,-2,0.0,0.0,-0.0
T12894,Date Palm Research Studies,2,0,-2,0.0,0.0,-0.0
T12897,Structural Analysis of Composite Materials,2,0,-2,0.0,0.0,-0.0
T12903,Globalization and Cultural Identity,1,1,0,0.0,0.0,0.0
T12905,Management Systems and Quality Improvement,0,2,2,0.0,0.0,0.0
T12909,French Historical and Cultural Studies,2,0,-2,0.0,0.0,-0.0
T12912,"Shakespeare, Adaptation, and Literary Criticism",0,2,2,0.0,0.0,0.0
T12917,Astronomy and Astrophysical Research,2,0,-2,0.0,0.0,-0.0
T12944,Animal Nutrition and Health,1,1,0,0.0,0.0,0.0
T12951,Burkholderia infections and melioidosis,2,0,-2,0.0,0.0,-0.0
T12954,Law and Political Science,2,0,-2,0.0,0.0,-0.0
T12956,Asian Geopolitics and Ethnography,2,0,-2,0.0,0.0,-0.0
T12959,Engineering and Materials Science Studies,2,0,-2,0.0,0.0,-0.0
T12961,Regional Development and Policy,2,0,-2,0.0,0.0,-0.0
T12985,Maritime Security and History,2,0,-2,0.0,0.0,-0.0
T12986,Administrative Law and Governance,0,2,2,0.0,0.0,0.0
T12998,Education and Islamic Studies,2,0,-2,0.0,0.0,-0.0
T13007,Economic Sanctions and International Relations,1,1,0,0.0,0.0,0.0
T13009,Agroforestry and silvopastoral systems,2,0,-2,0.0,0.0,-0.0
T13026,Natural Compounds in Disease Treatment,1,1,0,0.0,0.0,0.0
T13033,Social Sciences and Governance,2,0,-2,0.0,0.0,-0.0
T13040,"Gender, Education, and Development Issues",1,1,0,0.0,0.0,0.0
T13043,Youth Culture and Social Dynamics,1,1,0,0.0,0.0,0.0
T13072,Contemporary Christian Leadership and Education,1,1,0,0.0,0.0,0.0
T13116,Heat Transfer and Numerical Methods,1,1,0,0.0,0.0,0.0
T13129,Material Properties and Applications,2,0,-2,0.0,0.0,-0.0
T13135,"Communism, Protests, Social Movements",2,0,-2,0.0,0.0,-0.0
T13138,Legal and Constitutional Studies,0,2,2,0.0,0.0,0.0
T13153,Rousseau and Enlightenment Thought,2,0,-2,0.0,0.0,-0.0
T13167,"Historical, Literary, and Cultural Studies",1,1,0,0.0,0.0,0.0
T13177,Geological and Geophysical Studies,1,1,0,0.0,0.0,0.0
T13186,Russia and Soviet political economy,2,0,-2,0.0,0.0,-0.0
T13193,Geological Studies and Exploration,2,0,-2,0.0,0.0,-0.0
T13198,"Historical, Religious, and Philosophical Studies",1,1,0,0.0,0.0,0.0
T13204,Competitive and Knowledge Intelligence,2,0,-2,0.0,0.0,-0.0
T13215,Global Maritime and Colonial Histories,2,0,-2,0.0,0.0,-0.0
T13235,Management Theory and Practice,1,1,0,0.0,0.0,0.0
T13239,Phosphorus compounds and reactions,1,1,0,0.0,0.0,0.0
T13281,Andrographolide Research and Applications,1,1,0,0.0,0.0,0.0
T13282,Automated Road and Building Extraction,1,1,0,0.0,0.0,0.0
T13287,Robotic Process Automation Applications,1,1,0,0.0,0.0,0.0
T13291,Political Theory and Democracy,1,1,0,0.0,0.0,0.0
T13294,Livestock and Poultry Management,2,0,-2,0.0,0.0,-0.0
T13303,Asian Culture and Media Studies,2,0,-2,0.0,0.0,-0.0
T13307,Diverse Scientific and Engineering Research,2,0,-2,0.0,0.0,-0.0
T13330,"Theater, Performance, and Music History",2,0,-2,0.0,0.0,-0.0
T13339,Landscape and Cultural Studies,2,0,-2,0.0,0.0,-0.0
T13341,Belt Conveyor Systems Engineering,2,0,-2,0.0,0.0,-0.0
T13351,Critical Theory and Political Philosophy,0,2,2,0.0,0.0,0.0
T13358,Livestock Management and Performance Improvement,2,0,-2,0.0,0.0,-0.0
T13359,Sports Science and Education,2,0,-2,0.0,0.0,-0.0
T13360,Economic and Social Issues,2,0,-2,0.0,0.0,-0.0
T13373,Data Mining and Machine Learning Applications,0,2,2,0.0,0.0,0.0
T13379,"Multiculturalism, Politics, Migration, Gender",1,1,0,0.0,0.0,0.0
T13395,"Education, Leadership, and Health Research",1,1,0,0.0,0.0,0.0
T13396,Agriculture and Rural Development Research,1,1,0,0.0,0.0,0.0
T13408,Corporate Law and Human Rights,1,1,0,0.0,0.0,0.0
T13416,Educational Theory and Curriculum Studies,1,1,0,0.0,0.0,0.0
T13418,Photocathodes and Microchannel Plates,2,0,-2,0.0,0.0,-0.0
T13433,Short Stories in Global Literature,0,2,2,0.0,0.0,0.0
T13459,Public Administration and Political Analysis,2,0,-2,0.0,0.0,-0.0
T13463,Nanoporous metals and alloys,1,1,0,0.0,0.0,0.0
T13469,"Environmental, Ecological, and Cultural Studies",2,0,-2,0.0,0.0,-0.0
T13474,Autobiographical and Biographical Writing,0,2,2,0.0,0.0,0.0
T13484,German History and Society,2,0,-2,0.0,0.0,-0.0
T13488,Sports and Physical Education Studies,0,2,2,0.0,0.0,0.0
T13519,Historical Architecture and Urbanism,2,0,-2,0.0,0.0,-0.0
T13528,Water Resources and Governance,1,1,0,0.0,0.0,0.0
T13537,"German legal, social, and political studies",2,0,-2,0.0,0.0,-0.0
T13558,"Philosophy, Science, and History",2,0,-2,0.0,0.0,-0.0
T13565,Education and Learning Interventions,2,0,-2,0.0,0.0,-0.0
T13576,"Cyprus History, Politics, Society",1,1,0,0.0,0.0,0.0
T13586,"HIV, TB, and STIs Epidemiology",1,1,0,0.0,0.0,0.0
T13587,Q Methodology Applications,1,1,0,0.0,0.0,0.0
T13620,Education for Peace and Conflict Resolution,0,2,2,0.0,0.0,0.0
T13624,Social Sciences and Policies,2,0,-2,0.0,0.0,-0.0
T13630,Agriculture Market Analysis Ukraine,2,0,-2,0.0,0.0,-0.0
T13645,Thermodynamic and Structural Properties of Metals and Alloys,2,0,-2,0.0,0.0,-0.0
T13658,Education and Professional Development,2,0,-2,0.0,0.0,-0.0
T13669,China's Global Influence and Migration,2,0,-2,0.0,0.0,-0.0
T13680,"Education, Psychology, and Complexity Research",2,0,-2,0.0,0.0,-0.0
T13700,Gender Studies and Social Issues,1,1,0,0.0,0.0,0.0
T13708,History of Emotions Research,1,1,0,0.0,0.0,0.0
T13716,Communication Studies and Media,0,2,2,0.0,0.0,0.0
T13719,Phytochemistry and Bioactivity Studies,2,0,-2,0.0,0.0,-0.0
T13721,Political Science Research and Education,1,1,0,0.0,0.0,0.0
T13725,Pineapple and bromelain studies,2,0,-2,0.0,0.0,-0.0
T13733,Moravian Church and William Blake,2,0,-2,0.0,0.0,-0.0
T13737,Critical and Liberation Pedagogy,0,2,2,0.0,0.0,0.0
T13750,"Mormonism, Religion, and History",2,0,-2,0.0,0.0,-0.0
T13756,International Environmental Law and Policies,1,1,0,0.0,0.0,0.0
T13774,Citizenship Education and Democracy,0,2,2,0.0,0.0,0.0
T13783,"Feminism, Gender, and Intersectionality",0,2,2,0.0,0.0,0.0
T13789,Global Education Systems and Policies,2,0,-2,0.0,0.0,-0.0
T13793,Environmental and Analytical Chemistry Studies,0,2,2,0.0,0.0,0.0
T13799,Media and Communication Studies,0,2,2,0.0,0.0,0.0
T13808,Construction Engineering and Safety,2,0,-2,0.0,0.0,-0.0
T13823,Religious and Theological Studies,2,0,-2,0.0,0.0,-0.0
T13835,"Educational, Social, and Political Issues",2,0,-2,0.0,0.0,-0.0
T13839,"Tourism, Volunteerism, and Development",1,1,0,0.0,0.0,0.0
T13846,Mangiferin and Mango Extracts,1,1,0,0.0,0.0,0.0
T13850,Night-time city culture,1,1,0,0.0,0.0,0.0
T13874,Information Architecture and Usability,0,2,2,0.0,0.0,0.0
T13890,Remote Sensing and Land Use,1,1,0,0.0,0.0,0.0
T13902,Indian History and Philosophy,1,1,0,0.0,0.0,0.0
T13928,Advanced Sensor Technologies Research,2,0,-2,0.0,0.0,-0.0
T13934,Indigenous Knowledge Systems and Agriculture,2,0,-2,0.0,0.0,-0.0
T13938,Historical and Contemporary Political Dynamics,1,1,0,0.0,0.0,0.0
T13967,"Conservation, Ecology, Wildlife Education",1,1,0,0.0,0.0,0.0
T13975,"Energy, Economy, and Technology Trends",2,0,-2,0.0,0.0,-0.0
T13978,Foreign Language Teaching Methods,2,0,-2,0.0,0.0,-0.0
T14011,Elevator Systems and Control,2,0,-2,0.0,0.0,-0.0
T14024,"Education, Philosophy, and Society",0,2,2,0.0,0.0,0.0
T14025,Educational Technology and Assessment,2,0,-2,0.0,0.0,-0.0
T14030,Taxation and Legal Issues,1,1,0,0.0,0.0,0.0
T14033,Education in Rural Contexts,2,0,-2,0.0,0.0,-0.0
T14045,"Health, Education, and Physical Culture",1,1,0,0.0,0.0,0.0
T14059,"Nietzsche, Schopenhauer, and Hegel",2,0,-2,0.0,0.0,-0.0
T14061,Educational Practices and Policies,2,0,-2,0.0,0.0,-0.0
T14064,Organizational and Employee Performance,2,0,-2,0.0,0.0,-0.0
T14092,"Ethics, Aesthetics, and Art",0,2,2,0.0,0.0,0.0
T14097,Chemistry Education and Research,0,2,2,0.0,0.0,0.0
T14102,Corporate Governance and Law,1,1,0,0.0,0.0,0.0
T14108,Medical and Pharmaceutic Studies,2,0,-2,0.0,0.0,-0.0
T14112,"Economic, financial, and policy analysis",2,0,-2,0.0,0.0,-0.0
T14114,Digital Media and Philosophy,1,1,0,0.0,0.0,0.0
T14130,"Healthcare, Law, Governance, and Management Studies",2,0,-2,0.0,0.0,-0.0
T14137,"Agriculture, Soil, Plant Science",2,0,-2,0.0,0.0,-0.0
T14141,Colonial History and Postcolonial Studies,2,0,-2,0.0,0.0,-0.0
T14142,Multicultural Socio-Legal Studies,1,1,0,0.0,0.0,0.0
T14153,Social Development and Education Research,2,0,-2,0.0,0.0,-0.0
T14179,Waste Management and Recycling,0,2,2,0.0,0.0,0.0
T14180,"Law, logistics, and international trade",2,0,-2,0.0,0.0,-0.0
T14192,"Literature, Film, and Journalism Analysis",2,0,-2,0.0,0.0,-0.0
T14206,Animal Law and Welfare,0,2,2,0.0,0.0,0.0
T14222,Knowledge Management and Technology,0,2,2,0.0,0.0,0.0
T14235,"Linguistic, Cultural, and Literary Studies",2,0,-2,0.0,0.0,-0.0
T14254,Digital Media and Visual Art,2,0,-2,0.0,0.0,-0.0
T14257,Advanced Measurement and Detection Methods,0,2,2,0.0,0.0,0.0
T14260,Impact of AI and Big Data on Business and Society,2,0,-2,0.0,0.0,-0.0
T14273,"Cultural, Psychoanalytic, and Sociopolitical Reflections",2,0,-2,0.0,0.0,-0.0
T14300,Legal and Social Philosophy,1,1,0,0.0,0.0,0.0
T14301,Educational methodologies and cognitive development,0,2,2,0.0,0.0,0.0
T14314,"Violence, Religion, and Philosophy",2,0,-2,0.0,0.0,-0.0
T14325,Diverse Specialized Academic Research,2,0,-2,0.0,0.0,-0.0
T14347,Big Data and Digital Economy,2,0,-2,0.0,0.0,-0.0
T14362,Diverse Legal and Medical Studies,1,1,0,0.0,0.0,0.0
T14371,Hume's philosophy and hair distribution,2,0,-2,0.0,0.0,-0.0
T14373,Securities Regulation and Market Practices,2,0,-2,0.0,0.0,-0.0
T14381,"Psychiatry, Mental Health, Neuroscience",2,0,-2,0.0,0.0,-0.0
T14398,Agriculture and Social Issues,2,0,-2,0.0,0.0,-0.0
T14399,Invertebrate Taxonomy and Ecology,1,1,0,0.0,0.0,0.0
T14401,"Technology, Environment, Urban Planning",2,0,-2,0.0,0.0,-0.0
T14416,"Health, Technology, Consumer Behavior",1,1,0,0.0,0.0,0.0
T14417,Central Asia Education and Culture,2,0,-2,0.0,0.0,-0.0
T14421,Educational Philosophies and Pedagogies,2,0,-2,0.0,0.0,-0.0
T14455,Technology and Education Systems,0,2,2,0.0,0.0,0.0
T14469,Renaissance Literature and Culture,2,0,-2,0.0,0.0,-0.0
T14478,Papaya Research and Applications,1,1,0,0.0,0.0,0.0
T14483,Education and Teacher Training,2,0,-2,0.0,0.0,-0.0
T14494,American Literature and Culture,1,1,0,0.0,0.0,0.0
T14515,International Law and Aviation,2,0,-2,0.0,0.0,-0.0
T10024,TiO2 Photocatalysis and Solar Cells,0,1,1,0.0,0.0,0.0
T10025,Black Holes and Theoretical Physics,1,0,-1,0.0,0.0,-0.0
T10033,Concrete and Cement Materials Research,1,0,-1,0.0,0.0,-0.0
T10055,Diverse Aspects of Tourism Research,0,1,1,0.0,0.0,0.0
T10067,Stochastic processes and financial applications,1,0,-1,0.0,0.0,-0.0
T10078,Advanced Photocatalysis Techniques,1,0,-1,0.0,0.0,-0.0
T10092,Organometallic Complex Synthesis and Catalysis,0,1,1,0.0,0.0,0.0
T10099,GaN-based semiconductor devices and materials,1,0,-1,0.0,0.0,-0.0
T10117,Advanced Combustion Engine Technologies,0,1,1,0.0,0.0,0.0
T10119,Sustainability and Climate Change Governance,0,1,1,0.0,0.0,0.0
T10138,Network Traffic and Congestion Control,0,1,1,0.0,0.0,0.0
T10142,Formal Methods in Verification,0,1,1,0.0,0.0,0.0
T10153,"Education, sociology, and vocational training",0,1,1,0.0,0.0,0.0
T10160,Seismic Performance and Analysis,0,1,1,0.0,0.0,0.0
T10173,Computational Fluid Dynamics and Aerodynamics,1,0,-1,0.0,0.0,-0.0
T10194,Nonlinear Partial Differential Equations,0,1,1,0.0,0.0,0.0
T10210,Advanced oxidation water treatment,1,0,-1,0.0,0.0,-0.0
T10226,Land Use and Ecosystem Services,0,1,1,0.0,0.0,0.0
T10233,Geotechnical Engineering and Soil Mechanics,1,0,-1,0.0,0.0,-0.0
T10247,Perovskite Materials and Applications,1,0,-1,0.0,0.0,-0.0
T10248,Nonlinear Waves and Solitons,1,0,-1,0.0,0.0,-0.0
T10251,Solar and Space Plasma Dynamics,0,1,1,0.0,0.0,0.0
T10275,2D Materials and Applications,1,0,-1,0.0,0.0,-0.0
T10331,Video Surveillance and Tracking Methods,0,1,1,0.0,0.0,0.0
T10339,Advanced Numerical Methods in Computational Mathematics,0,1,1,0.0,0.0,0.0
T10354,Catalytic C–H Functionalization Methods,1,0,-1,0.0,0.0,-0.0
T10400,Network Security and Intrusion Detection,1,0,-1,0.0,0.0,-0.0
T10415,International Business and FDI,0,1,1,0.0,0.0,0.0
T10424,Electric Power System Optimization,1,0,-1,0.0,0.0,-0.0
T10440,Advanced Thermoelectric Materials and Devices,0,1,1,0.0,0.0,0.0
T10480,Ionic liquids properties and applications,0,1,1,0.0,0.0,0.0
T10484,Wood Treatment and Properties,1,0,-1,0.0,0.0,-0.0
T10511,High voltage insulation and dielectric phenomena,1,0,-1,0.0,0.0,-0.0
T10513,Natural Fiber Reinforced Composites,1,0,-1,0.0,0.0,-0.0
T10535,Landslides and related hazards,1,0,-1,0.0,0.0,-0.0
T10541,Nonlinear Differential Equations Analysis,1,0,-1,0.0,0.0,-0.0
T10553,Combustion and flame dynamics,1,0,-1,0.0,0.0,-0.0
T10568,Thermodynamic and Exergetic Analyses of Power and Cooling Systems,1,0,-1,0.0,0.0,-0.0
T10571,Robotic Mechanisms and Dynamics,1,0,-1,0.0,0.0,-0.0
T10573,Power Quality and Harmonics,1,0,-1,0.0,0.0,-0.0
T10575,Wireless Communication Networks Research,1,0,-1,0.0,0.0,-0.0
T10607,Magnetic and transport properties of perovskites and related materials,1,0,-1,0.0,0.0,-0.0
T10635,Hydraulic Fracturing and Reservoir Analysis,1,0,-1,0.0,0.0,-0.0
T10670,Aluminum Alloy Microstructure Properties,1,0,-1,0.0,0.0,-0.0
T10700,Metal Forming Simulation Techniques,1,0,-1,0.0,0.0,-0.0
T10711,Target Tracking and Data Fusion in Sensor Networks,1,0,-1,0.0,0.0,-0.0
T10714,Software-Defined Networks and 5G,1,0,-1,0.0,0.0,-0.0
T10717,Aluminum Alloys Composites Properties,1,0,-1,0.0,0.0,-0.0
T10734,Information and Cyber Security,0,1,1,0.0,0.0,0.0
T10739,Electromagnetic Scattering and Analysis,1,0,-1,0.0,0.0,-0.0
T10742,Peer-to-Peer Network Technologies,1,0,-1,0.0,0.0,-0.0
T10752,Terahertz technology and applications,1,0,-1,0.0,0.0,-0.0
T10785,Economic Theory and Institutions,0,1,1,0.0,0.0,0.0
T10818,Astrophysics and Cosmic Phenomena,1,0,-1,0.0,0.0,-0.0
T10849,Finite Group Theory Research,1,0,-1,0.0,0.0,-0.0
T10851,Optical Wireless Communication Technologies,1,0,-1,0.0,0.0,-0.0
T10880,Environmental Sustainability in Business,1,0,-1,0.0,0.0,-0.0
T10891,Radar Systems and Signal Processing,1,0,-1,0.0,0.0,-0.0
T10917,Smart Grid Security and Resilience,1,0,-1,0.0,0.0,-0.0
T10927,Access Control and Trust,0,1,1,0.0,0.0,0.0
T10933,Real-Time Systems Scheduling,0,1,1,0.0,0.0,0.0
T10940,Navier-Stokes equation solutions,1,0,-1,0.0,0.0,-0.0
T10967,Carbon Dioxide Capture Technologies,0,1,1,0.0,0.0,0.0
T10988,Advanced Fiber Laser Technologies,1,0,-1,0.0,0.0,-0.0
T11006,BIM and Construction Integration,1,0,-1,0.0,0.0,-0.0
T11007,Hybrid Renewable Energy Systems,1,0,-1,0.0,0.0,-0.0
T11014,Regional Economics and Spatial Analysis,1,0,-1,0.0,0.0,-0.0
T11025,Nonlinear Optical Materials Research,1,0,-1,0.0,0.0,-0.0
T11031,Game Theory and Applications,0,1,1,0.0,0.0,0.0
T11032,VLSI and Analog Circuit Testing,1,0,-1,0.0,0.0,-0.0
T11038,Advanced SAR Imaging Techniques,1,0,-1,0.0,0.0,-0.0
T11046,Geotechnical Engineering and Analysis,1,0,-1,0.0,0.0,-0.0
T11049,Advanced Harmonic Analysis Research,0,1,1,0.0,0.0,0.0
T11050,Photorefractive and Nonlinear Optics,1,0,-1,0.0,0.0,-0.0
T11059,Market Dynamics and Volatility,1,0,-1,0.0,0.0,-0.0
T11062,Gear and Bearing Dynamics Analysis,1,0,-1,0.0,0.0,-0.0
T11081,Advanced Control Systems Design,0,1,1,0.0,0.0,0.0
T11087,Solidification and crystal growth phenomena,0,1,1,0.0,0.0,0.0
T11100,Intermetallics and Advanced Alloy Properties,1,0,-1,0.0,0.0,-0.0
T11110,Stability and Controllability of Differential Equations,1,0,-1,0.0,0.0,-0.0
T11114,Service and Product Innovation,1,0,-1,0.0,0.0,-0.0
T11115,Topology Optimization in Engineering,0,1,1,0.0,0.0,0.0
T11119,Urban Stormwater Management Solutions,1,0,-1,0.0,0.0,-0.0
T11125,Petri Nets in System Modeling,0,1,1,0.0,0.0,0.0
T11126,Metallurgical Processes and Thermodynamics,1,0,-1,0.0,0.0,-0.0
T11151,Advanced Topology and Set Theory,1,0,-1,0.0,0.0,-0.0
T11166,Analytic Number Theory Research,0,1,1,0.0,0.0,0.0
T11182,Auction Theory and Applications,1,0,-1,0.0,0.0,-0.0
T11185,Integrated Energy Systems Optimization,0,1,1,0.0,0.0,0.0
T11201,Metallurgy and Material Forming,1,0,-1,0.0,0.0,-0.0
T11220,Water Systems and Optimization,1,0,-1,0.0,0.0,-0.0
T11225,Geothermal Energy Systems and Applications,1,0,-1,0.0,0.0,-0.0
T11242,Nuclear Materials and Properties,1,0,-1,0.0,0.0,-0.0
T11250,Wave and Wind Energy Systems,0,1,1,0.0,0.0,0.0
T11254,Fluid Dynamics and Vibration Analysis,0,1,1,0.0,0.0,0.0
T11263,Electromagnetic Simulation and Numerical Methods,1,0,-1,0.0,0.0,-0.0
T11276,Solar Radiation and Photovoltaics,1,0,-1,0.0,0.0,-0.0
T11281,Asymmetric Hydrogenation and Catalysis,1,0,-1,0.0,0.0,-0.0
T11300,Global Educational Policies and Reforms,1,0,-1,0.0,0.0,-0.0
T11311,Soil and Water Nutrient Dynamics,1,0,-1,0.0,0.0,-0.0
T11312,Soil Moisture and Remote Sensing,1,0,-1,0.0,0.0,-0.0
T11321,Error Correcting Code Techniques,0,1,1,0.0,0.0,0.0
T11329,Limits and Structures in Graph Theory,1,0,-1,0.0,0.0,-0.0
T11344,Traffic Prediction and Management Techniques,1,0,-1,0.0,0.0,-0.0
T11347,Neural Networks Stability and Synchronization,1,0,-1,0.0,0.0,-0.0
T11351,Catalysis and Hydrodesulfurization Studies,1,0,-1,0.0,0.0,-0.0
T11362,Membrane Separation and Gas Transport,1,0,-1,0.0,0.0,-0.0
T11365,Islamic Finance and Banking Studies,1,0,-1,0.0,0.0,-0.0
T11383,Advanced Antenna and Metasurface Technologies,1,0,-1,0.0,0.0,-0.0
T11397,"Populism, Right-Wing Movements",0,1,1,0.0,0.0,0.0
T11404,Irrigation Practices and Water Management,1,0,-1,0.0,0.0,-0.0
T11413,Risk and Portfolio Optimization,1,0,-1,0.0,0.0,-0.0
T11424,Security and Verification in Computing,1,0,-1,0.0,0.0,-0.0
T11437,Digital Platforms and Economics,1,0,-1,0.0,0.0,-0.0
T11474,Sport and Mega-Event Impacts,1,0,-1,0.0,0.0,-0.0
T11522,VLSI and FPGA Design Techniques,1,0,-1,0.0,0.0,-0.0
T11525,Piezoelectric Actuators and Control,1,0,-1,0.0,0.0,-0.0
T11528,Lichen and fungal ecology,1,0,-1,0.0,0.0,-0.0
T11530,Business and Management Studies,0,1,1,0.0,0.0,0.0
T11536,Consumer Retail Behavior Studies,1,0,-1,0.0,0.0,-0.0
T11564,Mathematical Inequalities and Applications,1,0,-1,0.0,0.0,-0.0
T11575,Nonlinear Photonic Systems,1,0,-1,0.0,0.0,-0.0
T11587,Second Language Acquisition and Learning,1,0,-1,0.0,0.0,-0.0
T11594,Tree-ring climate responses,1,0,-1,0.0,0.0,-0.0
T11604,Ship Hydrodynamics and Maneuverability,0,1,1,0.0,0.0,0.0
T11622,Maritime Navigation and Safety,0,1,1,0.0,0.0,0.0
T11646,Nonlocal and gradient elasticity in micro/nano structures,1,0,-1,0.0,0.0,-0.0
T11664,Fiber-reinforced polymer composites,1,0,-1,0.0,0.0,-0.0
T11683,Quantum and Classical Electrodynamics,0,1,1,0.0,0.0,0.0
T11690,Advanced battery technologies research,1,0,-1,0.0,0.0,-0.0
T11694,Fluid Dynamics Simulations and Interactions,1,0,-1,0.0,0.0,-0.0
T11695,South African History and Culture,1,0,-1,0.0,0.0,-0.0
T11723,Optical Coatings and Gratings,1,0,-1,0.0,0.0,-0.0
T11742,Economic Theory and Policy,1,0,-1,0.0,0.0,-0.0
T11758,Organic and Molecular Conductors Research,1,0,-1,0.0,0.0,-0.0
T11774,Adsorption and Cooling Systems,0,1,1,0.0,0.0,0.0
T11776,Irish and British Studies,1,0,-1,0.0,0.0,-0.0
T11783,Turkey's Politics and Society,1,0,-1,0.0,0.0,-0.0
T11788,Nonlinear Optical Materials Studies,1,0,-1,0.0,0.0,-0.0
T11796,Horticultural and Viticultural Research,1,0,-1,0.0,0.0,-0.0
T11822,Analytic and geometric function theory,1,0,-1,0.0,0.0,-0.0
T11823,Natural Resources and Economic Development,0,1,1,0.0,0.0,0.0
T11842,Ultrasound and Cavitation Phenomena,1,0,-1,0.0,0.0,-0.0
T11847,Recycled Aggregate Concrete Performance,1,0,-1,0.0,0.0,-0.0
T11849,Intellectual Capital and Performance Analysis,0,1,1,0.0,0.0,0.0
T11850,Concrete Corrosion and Durability,1,0,-1,0.0,0.0,-0.0
T11857,Archaeological and Historical Studies,1,0,-1,0.0,0.0,-0.0
T11896,Opportunistic and Delay-Tolerant Networks,1,0,-1,0.0,0.0,-0.0
T11935,"Literacy, Media, and Education",0,1,1,0.0,0.0,0.0
T11952,Landfill Environmental Impact Studies,0,1,1,0.0,0.0,0.0
T11960,Relativity and Gravitational Theory,0,1,1,0.0,0.0,0.0
T12001,Fossil Insects in Amber,1,0,-1,0.0,0.0,-0.0
T12002,"Computability, Logic, AI Algorithms",1,0,-1,0.0,0.0,-0.0
T12021,Social and Educational Sciences,1,0,-1,0.0,0.0,-0.0
T12022,Hydraulic flow and structures,1,0,-1,0.0,0.0,-0.0
T12033,Agricultural Economics and Policy,1,0,-1,0.0,0.0,-0.0
T12034,Digital and Cyber Forensics,1,0,-1,0.0,0.0,-0.0
T12038,Covalent Organic Framework Applications,1,0,-1,0.0,0.0,-0.0
T12076,Renaissance and Early Modern Studies,0,1,1,0.0,0.0,0.0
T12078,Environmental remediation with nanomaterials,0,1,1,0.0,0.0,0.0
T12079,IoT Networks and Protocols,1,0,-1,0.0,0.0,-0.0
T12080,Injection Molding Process and Properties,1,0,-1,0.0,0.0,-0.0
T12091,Peatlands and Wetlands Ecology,0,1,1,0.0,0.0,0.0
T12092,Erosion and Abrasive Machining,1,0,-1,0.0,0.0,-0.0
T12095,Vehicle emissions and performance,0,1,1,0.0,0.0,0.0
T12119,Linguistics and Discourse Analysis,1,0,-1,0.0,0.0,-0.0
T12121,Cooperative Studies and Economics,1,0,-1,0.0,0.0,-0.0
T12129,Global Energy Security and Policy,1,0,-1,0.0,0.0,-0.0
T12135,Fuzzy Systems and Optimization,1,0,-1,0.0,0.0,-0.0
T12137,Economic theories and models,1,0,-1,0.0,0.0,-0.0
T12139,Advanced Thermodynamic Systems and Engines,1,0,-1,0.0,0.0,-0.0
T12153,Advanced Optical Sensing Technologies,1,0,-1,0.0,0.0,-0.0
T12158,Guidance and Control Systems,1,0,-1,0.0,0.0,-0.0
T12181,Agricultural and Biological Research,0,1,1,0.0,0.0,0.0
T12184,Linguistics and Education Research,1,0,-1,0.0,0.0,-0.0
T12188,"Architecture, Modernity, and Design",1,0,-1,0.0,0.0,-0.0
T12203,Mobile Agent-Based Network Management,1,0,-1,0.0,0.0,-0.0
T12217,Higher Education Teaching and Evaluation,1,0,-1,0.0,0.0,-0.0
T12220,Quantum Electrodynamics and Casimir Effect,1,0,-1,0.0,0.0,-0.0
T12252,Mechanical stress and fatigue analysis,1,0,-1,0.0,0.0,-0.0
T12260,Educational Technology and Pedagogy,1,0,-1,0.0,0.0,-0.0
T12273,Latin American Urban Studies,1,0,-1,0.0,0.0,-0.0
T12293,Dam Engineering and Safety,1,0,-1,0.0,0.0,-0.0
T12304,Radiative Heat Transfer Studies,1,0,-1,0.0,0.0,-0.0
T12310,Crop Yield and Soil Fertility,1,0,-1,0.0,0.0,-0.0
T12312,"Culture, Economy, and Development Studies",1,0,-1,0.0,0.0,-0.0
T12325,Urban Design and Spatial Analysis,1,0,-1,0.0,0.0,-0.0
T12326,Network Packet Processing and Optimization,1,0,-1,0.0,0.0,-0.0
T12332,Comparative constitutional jurisprudence studies,1,0,-1,0.0,0.0,-0.0
T12337,Italian Fascism and Post-war Society,1,0,-1,0.0,0.0,-0.0
T12343,Geography Education and Pedagogy,1,0,-1,0.0,0.0,-0.0
T12350,Particle Dynamics in Fluid Flows,1,0,-1,0.0,0.0,-0.0
T12374,European and International Contract Law,0,1,1,0.0,0.0,0.0
T12378,Accounting Education and Careers,1,0,-1,0.0,0.0,-0.0
T12380,Authorship Attribution and Profiling,0,1,1,0.0,0.0,0.0
T12393,Workplace Spirituality and Leadership,1,0,-1,0.0,0.0,-0.0
T12397,Critical Theory and Philosophy,0,1,1,0.0,0.0,0.0
T12408,Educational Innovations and Challenges,1,0,-1,0.0,0.0,-0.0
T12420,Silicone and Siloxane Chemistry,0,1,1,0.0,0.0,0.0
T12423,Software Reliability and Analysis Research,1,0,-1,0.0,0.0,-0.0
T12435,Bladed Disk Vibration Dynamics,1,0,-1,0.0,0.0,-0.0
T12450,Radio Astronomy Observations and Technology,1,0,-1,0.0,0.0,-0.0
T12479,Web Application Security Vulnerabilities,1,0,-1,0.0,0.0,-0.0
T12483,Global Urban Networks and Dynamics,0,1,1,0.0,0.0,0.0
T12493,"Memory, violence, and history",0,1,1,0.0,0.0,0.0
T12502,Urbanization and City Planning,1,0,-1,0.0,0.0,-0.0
T12506,Nuclear materials and radiation effects,1,0,-1,0.0,0.0,-0.0
T12511,Medieval and Classical Philosophy,1,0,-1,0.0,0.0,-0.0
T12522,Mathematics Education and Pedagogy,0,1,1,0.0,0.0,0.0
T12530,Bioactive Natural Diterpenoids Research,1,0,-1,0.0,0.0,-0.0
T12532,Historical and Cultural Archaeology Studies,1,0,-1,0.0,0.0,-0.0
T12544,Working Capital and Financial Performance,1,0,-1,0.0,0.0,-0.0
T12545,Global Education and Multiculturalism,1,0,-1,0.0,0.0,-0.0
T12546,Smart Parking Systems Research,0,1,1,0.0,0.0,0.0
T12549,Image and Object Detection Techniques,1,0,-1,0.0,0.0,-0.0
T12556,Educational Methods and Analysis,1,0,-1,0.0,0.0,-0.0
T12560,Nuclear Engineering Thermal-Hydraulics,1,0,-1,0.0,0.0,-0.0
T12570,Photopolymerization techniques and applications,1,0,-1,0.0,0.0,-0.0
T12579,Muon and positron interactions and applications,1,0,-1,0.0,0.0,-0.0
T12585,North African History and Literature,1,0,-1,0.0,0.0,-0.0
T12594,Collaboration in agile enterprises,1,0,-1,0.0,0.0,-0.0
T12606,Diptera species taxonomy and behavior,0,1,1,0.0,0.0,0.0
T12616,Religious Education and Schools,1,0,-1,0.0,0.0,-0.0
T12623,"Cultural, Media, and Literary Studies",0,1,1,0.0,0.0,0.0
T12628,Polymer Foaming and Composites,1,0,-1,0.0,0.0,-0.0
T12630,African Botany and Ecology Studies,1,0,-1,0.0,0.0,-0.0
T12636,Regional Development and Innovation,1,0,-1,0.0,0.0,-0.0
T12639,Global Energy and Sustainability Research,1,0,-1,0.0,0.0,-0.0
T12651,Halal products and consumer behavior,1,0,-1,0.0,0.0,-0.0
T12652,International Maritime Law Issues,1,0,-1,0.0,0.0,-0.0
T12658,Language and Culture,0,1,1,0.0,0.0,0.0
T12670,"Urbanism, Landscape, and Tourism Studies",1,0,-1,0.0,0.0,-0.0
T12675,Financial Reporting and Valuation Research,1,0,-1,0.0,0.0,-0.0
T12682,Smart Materials for Construction,1,0,-1,0.0,0.0,-0.0
T12687,Public Administration in Developing Nations,0,1,1,0.0,0.0,0.0
T12701,Biological Control of Invasive Species,0,1,1,0.0,0.0,0.0
T12705,Educational Reforms and Innovations,1,0,-1,0.0,0.0,-0.0
T12709,Optimization and Mathematical Programming,1,0,-1,0.0,0.0,-0.0
T12719,Aerospace Engineering and Energy Systems,1,0,-1,0.0,0.0,-0.0
T12725,transportation and logistics systems,1,0,-1,0.0,0.0,-0.0
T12730,"Weber, Simmel, Sociological Theory",0,1,1,0.0,0.0,0.0
T12742,Sunflower and Safflower Cultivation,1,0,-1,0.0,0.0,-0.0
T12746,Sustainable Industrial Ecology,0,1,1,0.0,0.0,0.0
T12754,Plant Growth and Agriculture Techniques,0,1,1,0.0,0.0,0.0
T12775,Legal Issues in South Africa,1,0,-1,0.0,0.0,-0.0
T12785,Hong Kong and Taiwan Politics,0,1,1,0.0,0.0,0.0
T12792,Soil Management and Crop Yield,0,1,1,0.0,0.0,0.0
T12799,Mobile and Web Applications,1,0,-1,0.0,0.0,-0.0
T12801,Bluetooth and Wireless Communication Technologies,1,0,-1,0.0,0.0,-0.0
T12806,Ocean Acidification Effects and Responses,1,0,-1,0.0,0.0,-0.0
T12810,Real-time simulation and control systems,1,0,-1,0.0,0.0,-0.0
T12821,Geological Formations and Processes Exploration,1,0,-1,0.0,0.0,-0.0
T12825,"Defense, Military, and Policy Studies",1,0,-1,0.0,0.0,-0.0
T12853,Historical Geography and Geographical Thought,1,0,-1,0.0,0.0,-0.0
T12857,Medieval Philosophy and Theology,1,0,-1,0.0,0.0,-0.0
T12896,Sustainable Agricultural Systems Analysis,0,1,1,0.0,0.0,0.0
T12913,Multidisciplinary Research Papers Compilation,1,0,-1,0.0,0.0,-0.0
T12922,Business and Economic Development,1,0,-1,0.0,0.0,-0.0
T12926,Business Strategies and Management Research,0,1,1,0.0,0.0,0.0
T12949,South Asian Studies and Diaspora,1,0,-1,0.0,0.0,-0.0
T12957,"War, Ethics, and Justification",0,1,1,0.0,0.0,0.0
T12966,Russian Literature and Bakhtin Studies,0,1,1,0.0,0.0,0.0
T12971,Material Properties and Processing,1,0,-1,0.0,0.0,-0.0
T12974,Modernist Literature and Criticism,1,0,-1,0.0,0.0,-0.0
T12978,Innovative Teaching Methodologies in Social Sciences,0,1,1,0.0,0.0,0.0
T12982,Legal principles and applications,1,0,-1,0.0,0.0,-0.0
T12983,Satellite Image Processing and Photogrammetry,1,0,-1,0.0,0.0,-0.0
T12984,Transport and Logistics Innovations,0,1,1,0.0,0.0,0.0
T13000,World Systems and Global Transformations,0,1,1,0.0,0.0,0.0
T13003,Regional Development and Environment,1,0,-1,0.0,0.0,-0.0
T13018,Seismology and Earthquake Studies,1,0,-1,0.0,0.0,-0.0
T13019,African Studies and Geopolitics,1,0,-1,0.0,0.0,-0.0
T13038,Internet of Things and AI,1,0,-1,0.0,0.0,-0.0
T13041,Contemporary Social and Economic Issues,0,1,1,0.0,0.0,0.0
T13046,Electrokinetic Soil Remediation Techniques,1,0,-1,0.0,0.0,-0.0
T13050,Oil and Gas Production Techniques,1,0,-1,0.0,0.0,-0.0
T13053,SMEs Development and Digital Marketing,1,0,-1,0.0,0.0,-0.0
T13054,Agricultural and Financial Auditing,1,0,-1,0.0,0.0,-0.0
T13057,Asian Industrial and Economic Development,1,0,-1,0.0,0.0,-0.0
T13064,Dutch Social and Cultural Studies,1,0,-1,0.0,0.0,-0.0
T13066,Information Society and Technology Trends,0,1,1,0.0,0.0,0.0
T13068,Ancient Mediterranean Archaeology and History,1,0,-1,0.0,0.0,-0.0
T13074,Global Financial Regulation and Crises,1,0,-1,0.0,0.0,-0.0
T13082,Water and Land Management,1,0,-1,0.0,0.0,-0.0
T13085,"Education, Psychology, and Social Research",1,0,-1,0.0,0.0,-0.0
T13086,Post-Soviet Geopolitical Dynamics,1,0,-1,0.0,0.0,-0.0
T13088,Legal and Labor Studies,1,0,-1,0.0,0.0,-0.0
T13093,Electric Power Systems and Control,0,1,1,0.0,0.0,0.0
T13125,Agricultural pest management studies,1,0,-1,0.0,0.0,-0.0
T13133,Architecture and Art History Studies,1,0,-1,0.0,0.0,-0.0
T13137,Strategic Planning and Analysis,1,0,-1,0.0,0.0,-0.0
T13146,Sustainable Finance and Green Bonds,1,0,-1,0.0,0.0,-0.0
T13161,Ideological and Political Education,1,0,-1,0.0,0.0,-0.0
T13174,American and British Literature Analysis,1,0,-1,0.0,0.0,-0.0
T13212,German Social Sciences and History,1,0,-1,0.0,0.0,-0.0
T13224,Sports and Physical Education Research,1,0,-1,0.0,0.0,-0.0
T13228,Socioeconomic Development in Asia,1,0,-1,0.0,0.0,-0.0
T13232,Laser-Ablation Synthesis of Nanoparticles,1,0,-1,0.0,0.0,-0.0
T13233,Occupational Health and Safety Management,1,0,-1,0.0,0.0,-0.0
T13237,Socio-economic Development and Sustainability,0,1,1,0.0,0.0,0.0
T13244,Analysis of environmental and stochastic processes,1,0,-1,0.0,0.0,-0.0
T13246,"Agriculture, Plant Science, Crop Management",1,0,-1,0.0,0.0,-0.0
T13247,Local Governance and Planning,1,0,-1,0.0,0.0,-0.0
T13256,Archaeology and Rock Art Studies,0,1,1,0.0,0.0,0.0
T13259,American Jewish Fiction Analysis,1,0,-1,0.0,0.0,-0.0
T13266,Indigenous Studies in Latin America,1,0,-1,0.0,0.0,-0.0
T13267,Advanced Theoretical and Applied Studies in Material Sciences and Geometry,1,0,-1,0.0,0.0,-0.0
T13277,"Media, Religion, Digital Communication",1,0,-1,0.0,0.0,-0.0
T13292,Embedded Systems and FPGA Applications,1,0,-1,0.0,0.0,-0.0
T13295,Safety Systems Engineering in Autonomy,1,0,-1,0.0,0.0,-0.0
T13296,Physical Education and Sports Studies,0,1,1,0.0,0.0,0.0
T13301,Cultural Studies and Interdisciplinary Research,1,0,-1,0.0,0.0,-0.0
T13311,Sociology and Cultural Identity Studies,1,0,-1,0.0,0.0,-0.0
T13322,Hibiscus Plant Research Studies,1,0,-1,0.0,0.0,-0.0
T13327,"Arts, Culture, and Music Studies",1,0,-1,0.0,0.0,-0.0
T13342,Art History and Market Analysis,1,0,-1,0.0,0.0,-0.0
T13344,Industrial Automation and Control Systems,0,1,1,0.0,0.0,0.0
T13352,International Relations in Latin America,1,0,-1,0.0,0.0,-0.0
T13388,Rangeland and Wildlife Management,1,0,-1,0.0,0.0,-0.0
T13389,German Economic Analysis & Policies,1,0,-1,0.0,0.0,-0.0
T13391,Innovations in Aquaponics and Hydroponics Systems,1,0,-1,0.0,0.0,-0.0
T13392,History of Education in Spain,1,0,-1,0.0,0.0,-0.0
T13394,"Ecology, Conservation, and Geographical Studies",1,0,-1,0.0,0.0,-0.0
T13400,Mathematical and Theoretical Analysis,1,0,-1,0.0,0.0,-0.0
T13404,Geological and Tectonic Studies in Latin America,1,0,-1,0.0,0.0,-0.0
T13427,Latin American Literature Analysis,0,1,1,0.0,0.0,0.0
T13431,Education Methods and Integration,1,0,-1,0.0,0.0,-0.0
T13446,"Antioxidants, Aging, Portulaca oleracea",1,0,-1,0.0,0.0,-0.0
T13455,"Decadence, Literature, and Society",1,0,-1,0.0,0.0,-0.0
T13466,Comparative Literary Analysis and Criticism,1,0,-1,0.0,0.0,-0.0
T13468,Educational Research and Science Teaching,1,0,-1,0.0,0.0,-0.0
T13475,Digital Transformation in Law,1,0,-1,0.0,0.0,-0.0
T13486,"Literature, Magical Realism, García Márquez",1,0,-1,0.0,0.0,-0.0
T13501,Legal Issues in Turkey,1,0,-1,0.0,0.0,-0.0
T13508,Agricultural Economics and Practices,1,0,-1,0.0,0.0,-0.0
T13513,Urban and sociocultural dynamics,0,1,1,0.0,0.0,0.0
T13517,Environmental and Industrial Safety,1,0,-1,0.0,0.0,-0.0
T13524,Venezuelan Migration and Society,1,0,-1,0.0,0.0,-0.0
T13529,Education Systems and Policies,1,0,-1,0.0,0.0,-0.0
T13530,Climate Change and Environmental Impact,0,1,1,0.0,0.0,0.0
T13531,Surface and Thin Film Phenomena,1,0,-1,0.0,0.0,-0.0
T13541,IoT-based Control Systems,1,0,-1,0.0,0.0,-0.0
T13545,Philosophical and Theoretical Analysis,1,0,-1,0.0,0.0,-0.0
T13557,Environmental and sustainability education,0,1,1,0.0,0.0,0.0
T13572,German Security and Defense Policies,1,0,-1,0.0,0.0,-0.0
T13579,Image and Video Stabilization,1,0,-1,0.0,0.0,-0.0
T13588,Regional resilience and development,1,0,-1,0.0,0.0,-0.0
T13593,Historical and Archaeological Studies,1,0,-1,0.0,0.0,-0.0
T13598,Political Developments and Conflicts,1,0,-1,0.0,0.0,-0.0
T13603,Corporate Social Responsibility and Sustainability,1,0,-1,0.0,0.0,-0.0
T13608,Advanced Computational Techniques in Science and Engineering,1,0,-1,0.0,0.0,-0.0
T13614,Social and Economic Solidarity,1,0,-1,0.0,0.0,-0.0
T13617,"Gender, Violence, Rights in Latin America",1,0,-1,0.0,0.0,-0.0
T13619,Geotechnical and Geomechanical Engineering,1,0,-1,0.0,0.0,-0.0
T13622,Historical and Environmental Studies,1,0,-1,0.0,0.0,-0.0
T13623,Linguistic Studies and Language Acquisition,1,0,-1,0.0,0.0,-0.0
T13626,Educational and Organizational Development,1,0,-1,0.0,0.0,-0.0
T13631,"Global History, Politics, and Ideology",0,1,1,0.0,0.0,0.0
T13640,Ranque-Hilsch vortex tube,1,0,-1,0.0,0.0,-0.0
T13653,"Commonwealth, Australian Politics and Federalism",1,0,-1,0.0,0.0,-0.0
T13655,Canadian Policy and Governance,1,0,-1,0.0,0.0,-0.0
T13666,Postmodernism in Literature and Education,1,0,-1,0.0,0.0,-0.0
T13674,Computer Science and Engineering,1,0,-1,0.0,0.0,-0.0
T13681,Engineering and Information Technology,0,1,1,0.0,0.0,0.0
T13682,Engineering Education and Pedagogy,1,0,-1,0.0,0.0,-0.0
T13684,Political Dynamics in Latin America,0,1,1,0.0,0.0,0.0
T13699,Public Spaces through Art,1,0,-1,0.0,0.0,-0.0
T13711,Environmental Science and Technology,1,0,-1,0.0,0.0,-0.0
T13712,Kantian Philosophy and Modern Interpretations,0,1,1,0.0,0.0,0.0
T13715,Power Line Inspection Robots,1,0,-1,0.0,0.0,-0.0
T13717,Advanced Algorithms and Applications,1,0,-1,0.0,0.0,-0.0
T13720,Benford’s Law and Fraud Detection,1,0,-1,0.0,0.0,-0.0
T13724,Humanities and Social Sciences,0,1,1,0.0,0.0,0.0
T13729,Korean Urban and Social Studies,1,0,-1,0.0,0.0,-0.0
T13731,Advanced Computing and Algorithms,1,0,-1,0.0,0.0,-0.0
T13732,"Aerospace, Electronics, Mathematical Modeling",1,0,-1,0.0,0.0,-0.0
T13734,Advanced Computational Techniques and Applications,0,1,1,0.0,0.0,0.0
T13740,Soil Science and Environmental Management,1,0,-1,0.0,0.0,-0.0
T13755,Global socioeconomic and cultural dynamics,1,0,-1,0.0,0.0,-0.0
T13757,Graphic Design and Typography,1,0,-1,0.0,0.0,-0.0
T13758,Energy Law and Policy,1,0,-1,0.0,0.0,-0.0
T13760,"Finance, Taxation, and Governance",1,0,-1,0.0,0.0,-0.0
T13762,Education and Labor Relations,0,1,1,0.0,0.0,0.0
T13763,Historical Legal Studies and Society,1,0,-1,0.0,0.0,-0.0
T13765,Social Science and Policy Research,1,0,-1,0.0,0.0,-0.0
T13788,Cultural Identity and Representation,0,1,1,0.0,0.0,0.0
T13790,Waste Management and Environmental Impact,0,1,1,0.0,0.0,0.0
T13811,Earth Systems and Cosmic Evolution,0,1,1,0.0,0.0,0.0
T13820,SAS software applications and methods,1,0,-1,0.0,0.0,-0.0
T13824,National Identity and Symbolism,1,0,-1,0.0,0.0,-0.0
T13838,Plant and soil sciences,1,0,-1,0.0,0.0,-0.0
T13864,Indigenous Cultures and History,0,1,1,0.0,0.0,0.0
T13867,Economic Growth and Development,1,0,-1,0.0,0.0,-0.0
T13872,Vocational and Entrepreneurial Education,0,1,1,0.0,0.0,0.0
T13891,Engineering Diagnostics and Reliability,1,0,-1,0.0,0.0,-0.0
T13892,Aquatic life and conservation,1,0,-1,0.0,0.0,-0.0
T13908,Scientific and Historical Analyses,1,0,-1,0.0,0.0,-0.0
T13912,"Language, Linguistics, Cultural Analysis",1,0,-1,0.0,0.0,-0.0
T13915,Public Health in Brazil,1,0,-1,0.0,0.0,-0.0
T13929,Educational Outcomes and Influences,0,1,1,0.0,0.0,0.0
T13940,Philosophy and Literary Analysis,0,1,1,0.0,0.0,0.0
T13948,Gender and Women's Rights,1,0,-1,0.0,0.0,-0.0
T13950,Collembola Taxonomy and Ecology Studies,1,0,-1,0.0,0.0,-0.0
T13951,Fluid dynamics and aerodynamics studies,1,0,-1,0.0,0.0,-0.0
T13957,Corporate Governance and Financial Management,1,0,-1,0.0,0.0,-0.0
T13958,"Education, Innovation and Language Studies",1,0,-1,0.0,0.0,-0.0
T13982,Social Movements and Cultural Identity,0,1,1,0.0,0.0,0.0
T13983,Cybersecurity and Information Systems,0,1,1,0.0,0.0,0.0
T13988,Public Administration and Governance,0,1,1,0.0,0.0,0.0
T14005,Eastern European Communism and Reforms,1,0,-1,0.0,0.0,-0.0
T14007,Indigenous and Place-Based Education,0,1,1,0.0,0.0,0.0
T14009,Ecology and Conservation Studies,1,0,-1,0.0,0.0,-0.0
T14012,Comparative and International Law Studies,0,1,1,0.0,0.0,0.0
T14022,Cultural and Religious Practices in Indonesia,1,0,-1,0.0,0.0,-0.0
T14031,Global and Cross-Cultural Management,1,0,-1,0.0,0.0,-0.0
T14035,"Literature, Culture, and Aesthetics",0,1,1,0.0,0.0,0.0
T14039,Ecology and biodiversity studies,1,0,-1,0.0,0.0,-0.0
T14047,Marine and environmental studies,1,0,-1,0.0,0.0,-0.0
T14051,Regional Economic and Spatial Analysis,1,0,-1,0.0,0.0,-0.0
T14058,Value Engineering and Management,0,1,1,0.0,0.0,0.0
T14067,Cloud Computing and Remote Desktop Technologies,0,1,1,0.0,0.0,0.0
T14075,Psychodrama and Leishmaniasis Studies,1,0,-1,0.0,0.0,-0.0
T14079,Mathematics Education and Programs,1,0,-1,0.0,0.0,-0.0
T14080,"Philosophy, Sociology, Political Theory",1,0,-1,0.0,0.0,-0.0
T14083,Extremum Seeking Control Systems,1,0,-1,0.0,0.0,-0.0
T14091,Industrial and Mining Safety,0,1,1,0.0,0.0,0.0
T14100,Scientific Research and Technology,1,0,-1,0.0,0.0,-0.0
T14109,Scottish History and National Identity,1,0,-1,0.0,0.0,-0.0
T14113,Global Socioeconomic and Political Dynamics,1,0,-1,0.0,0.0,-0.0
T14125,"Education, Sociology, Communication Studies",1,0,-1,0.0,0.0,-0.0
T14127,Food and Agricultural Sciences,0,1,1,0.0,0.0,0.0
T14139,E-commerce and Technology Innovations,1,0,-1,0.0,0.0,-0.0
T14154,"finance, banking, and market dynamics",0,1,1,0.0,0.0,0.0
T14156,Engineering Applied Research,1,0,-1,0.0,0.0,-0.0
T14158,Optical Systems and Laser Technology,0,1,1,0.0,0.0,0.0
T14159,Discourse Analysis and Cultural Communication,1,0,-1,0.0,0.0,-0.0
T14162,Historical and Literary Studies,1,0,-1,0.0,0.0,-0.0
T14167,Consumer behavior in food and health,0,1,1,0.0,0.0,0.0
T14171,"Education, Law, and Society",0,1,1,0.0,0.0,0.0
T14184,Metallurgy and Material Science,1,0,-1,0.0,0.0,-0.0
T14191,Historical Art and Architecture Studies,1,0,-1,0.0,0.0,-0.0
T14194,Bioactive Compounds in Plants,0,1,1,0.0,0.0,0.0
T14196,Multidisciplinary Warburg-centric Studies,1,0,-1,0.0,0.0,-0.0
T14221,activated carbon and charcoal,1,0,-1,0.0,0.0,-0.0
T14225,Advanced Sensor and Control Systems,1,0,-1,0.0,0.0,-0.0
T14228,Religion and Sociopolitical Dynamics in Nigeria,0,1,1,0.0,0.0,0.0
T14231,New Zealand Economic and Social Studies,1,0,-1,0.0,0.0,-0.0
T14237,Historical and Political Studies,1,0,-1,0.0,0.0,-0.0
T14246,E-Learning and Knowledge Management,0,1,1,0.0,0.0,0.0
T14248,Social impacts of COVID-19,0,1,1,0.0,0.0,0.0
T14249,Water Quality Monitoring and Analysis,0,1,1,0.0,0.0,0.0
T14251,Multicultural Education and Local Wisdom,0,1,1,0.0,0.0,0.0
T14256,Agricultural and Food Sciences,1,0,-1,0.0,0.0,-0.0
T14259,Legal Rights and Human Rights,1,0,-1,0.0,0.0,-0.0
T14267,Technology in Education and Healthcare,1,0,-1,0.0,0.0,-0.0
T14271,Educational Methods and Psychological Studies,1,0,-1,0.0,0.0,-0.0
T14277,Social Skills and Education,1,0,-1,0.0,0.0,-0.0
T14278,Marxism and Critical Theory,1,0,-1,0.0,0.0,-0.0
T14281,Islamic Finance and Communication,1,0,-1,0.0,0.0,-0.0
T14287,Music Education and Analysis,1,0,-1,0.0,0.0,-0.0
T14291,Indonesian Legal and Regulatory Studies,1,0,-1,0.0,0.0,-0.0
T14294,Impulse Buying and Technology Impacts,1,0,-1,0.0,0.0,-0.0
T14296,Climate Change and Sustainable Development,0,1,1,0.0,0.0,0.0
T14303,Polymer Synthesis and Characterization,0,1,1,0.0,0.0,0.0
T14310,Botany and Geology in Latin America and Caribbean,1,0,-1,0.0,0.0,-0.0
T14317,"Finance, Markets, and Regulation",0,1,1,0.0,0.0,0.0
T14322,"Art, Aesthetics, and Perception",1,0,-1,0.0,0.0,-0.0
T14332,European Linguistics and Anthropology,0,1,1,0.0,0.0,0.0
T14337,"Religious, Philosophical, and Educational Studies",1,0,-1,0.0,0.0,-0.0
T14342,"Military, Security, and Education Studies",0,1,1,0.0,0.0,0.0
T14349,Global Political and Economic Relations,1,0,-1,0.0,0.0,-0.0
T14351,Statistical and Computational Modeling,1,0,-1,0.0,0.0,-0.0
T14357,"Architecture, Design, and Social History",1,0,-1,0.0,0.0,-0.0
T14360,Psidium guajava Extracts and Applications,1,0,-1,0.0,0.0,-0.0
T14387,Environmental Engineering and Cultural Studies,1,0,-1,0.0,0.0,-0.0
T14402,Political and Social Issues,1,0,-1,0.0,0.0,-0.0
T14408,Coastal Management and Development,1,0,-1,0.0,0.0,-0.0
T14414,Artificial Intelligence in Education,0,1,1,0.0,0.0,0.0
T14432,Freedom of Expression and Defamation,1,0,-1,0.0,0.0,-0.0
T14439,"Feminism, Gender, and Social Issues",0,1,1,0.0,0.0,0.0
T14440,Quality of Life Measurement,0,1,1,0.0,0.0,0.0
T14441,"Religion, Theology, History, Judaism, Christianity",0,1,1,0.0,0.0,0.0
T14443,"COVID-19, Geopolitics, Technology, Migration",0,1,1,0.0,0.0,0.0
T14445,Transportation Safety and Impact Analysis,1,0,-1,0.0,0.0,-0.0
T14451,Historical and Religious Studies of Rome,1,0,-1,0.0,0.0,-0.0
T14452,Mexican Socioeconomic and Environmental Dynamics,1,0,-1,0.0,0.0,-0.0
T14458,Education and Work Dynamics,0,1,1,0.0,0.0,0.0
T14460,"Literary, Cultural, Historical Analysis",0,1,1,0.0,0.0,0.0
T14461,Medicinal Plant Studies,1,0,-1,0.0,0.0,-0.0
T14462,Educational Methods and Impacts,1,0,-1,0.0,0.0,-0.0
T14465,"Leadership, Behavior, and Decision-Making Studies",1,0,-1,0.0,0.0,-0.0
T14466,"Migration, Health, Geopolitics, Historical Geography",1,0,-1,0.0,0.0,-0.0
T14468,Plant Ecology and Soil Science,1,0,-1,0.0,0.0,-0.0
T14473,Social and Economic Development in India,0,1,1,0.0,0.0,0.0
T14484,Technology and Data Analysis,1,0,-1,0.0,0.0,-0.0
T14485,Language Acquisition and Education,1,0,-1,0.0,0.0,-0.0
T14496,Educational Technology and E-Learning,0,1,1,0.0,0.0,0.0
T14503,"Globalization, Economics, and Policies",0,1,1,0.0,0.0,0.0
T14505,Natural Products and Applications,1,0,-1,0.0,0.0,-0.0
T14507,"History, Culture, and Society",0,1,1,0.0,0.0,0.0
T14508,Vocational Education and Training,0,1,1,0.0,0.0,0.0
T14517,Diverse Historical and Scientific Studies,1,0,-1,0.0,0.0,-0.0
