topic_id,display_name,works_old,works_new,change,share_old,share_new,share_change_pts
T10224,Quantum Chromodynamics and Particle Interactions,383,948,565,0.0095,0.0235,1.4
T10032,Marine and coastal ecosystems,522,775,253,0.0129,0.0192,0.63
T10173,Computational Fluid Dynamics and Aerodynamics,314,478,164,0.0078,0.0118,0.41
T11455,Microbial Inactivation Methods,376,364,-12,0.0093,0.009,-0.03
T10642,Plasma Applications and Diagnostics,310,358,48,0.0077,0.0089,0.12
T10093,Nuclear physics research studies,259,373,114,0.0064,0.0092,0.28
T10255,Oceanographic and Atmospheric Processes,239,388,149,0.0059,0.0096,0.37
T10525,Human-Automation Interaction and Safety,257,279,22,0.0063,0.0069,0.06
T10360,Fluid Dynamics and Turbulent Flows,258,265,7,0.0064,0.0066,0.02
T11295,Counseling Practices and Supervision,214,274,60,0.0053,0.0068,0.15
T10296,Vector-borne infectious diseases,203,256,53,0.005,0.0063,0.13
T10048,Particle physics theoretical and experimental studies,419,38,-381,0.0104,0.0009,-0.94
T10230,Marine and fisheries research,211,208,-3,0.0052,0.0051,-0.01
T10019,Corporate Finance and Governance,194,222,28,0.0048,0.0055,0.07
T11367,Particle accelerators and beam dynamics,150,265,115,0.0037,0.0066,0.29
T10043,Substance Abuse Treatment and Outcomes,144,260,116,0.0036,0.0064,0.29
T10047,Financial Markets and Investment Strategies,155,225,70,0.0038,0.0056,0.17
T10162,Online and Blended Learning,172,207,35,0.0042,0.0051,0.09
T10267,Higher Education Research Studies,168,193,25,0.0042,0.0048,0.06
T10008,Teacher Education and Leadership Studies,131,194,63,0.0032,0.0048,0.16
T12948,Inclusion and Disability in Education and Sport,147,176,29,0.0036,0.0044,0.07
T11320,Atmospheric Ozone and Climate,168,135,-33,0.0042,0.0033,-0.08
T10156,"LGBTQ Health, Identity, and Policy",148,153,5,0.0037,0.0038,0.01
T10263,Eating Disorders and Behaviors,138,163,25,0.0034,0.004,0.06
T10647,Coastal and Marine Dynamics,107,189,82,0.0026,0.0047,0.2
T11111,Spectroscopy and Laser Applications,111,166,55,0.0027,0.0041,0.14
T10017,Geology and Paleoclimatology Research,184,90,-94,0.0045,0.0022,-0.23
T11810,Complex Systems and Decision Making,164,90,-74,0.0041,0.0022,-0.18
T10523,Atomic and Molecular Physics,116,136,20,0.0029,0.0034,0.05
T10826,Behavioral and Psychological Studies,112,133,21,0.0028,0.0033,0.05
T10370,Traffic and Road Safety,109,134,25,0.0027,0.0033,0.06
T10527,High-Energy Particle Collisions Research,152,91,-61,0.0038,0.0023,-0.15
T10341,Coral and Marine Ecosystems Studies,137,101,-36,0.0034,0.0025,-0.09
T12000,Systems Engineering Methodologies and Applications,69,167,98,0.0017,0.0041,0.24
T10765,Marine Biology and Ecology Research,118,114,-4,0.0029,0.0028,-0.01
T10006,Job Satisfaction and Organizational Behavior,95,131,36,0.0023,0.0032,0.09
T12250,Experimental and Theoretical Physics Studies,19,205,186,0.0005,0.0051,0.46
T11176,Radiation Therapy and Dosimetry,114,109,-5,0.0028,0.0027,-0.01
T10054,Parallel Computing and Optimization Techniques,58,161,103,0.0014,0.004,0.26
T10318,Criminal Justice and Corrections Analysis,93,114,21,0.0023,0.0028,0.05
T11195,Simulation Techniques and Applications,87,116,29,0.0021,0.0029,0.07
T10574,Crime Patterns and Interventions,105,95,-10,0.0026,0.0024,-0.02
T10734,Information and Cyber Security,90,109,19,0.0022,0.0027,0.05
T11004,Crustacean biology and ecology,99,99,0,0.0024,0.0025,0.0
T10219,Mechanical Behavior of Composites,65,133,68,0.0016,0.0033,0.17
T11751,Lattice Boltzmann Simulation Studies,100,97,-3,0.0025,0.0024,-0.01
T11058,Ethics in Business and Education,97,99,2,0.0024,0.0025,0.01
T10270,Blockchain Technology Applications and Security,86,101,15,0.0021,0.0025,0.04
T11096,Aeroelasticity and Vibration Control,50,137,87,0.0012,0.0034,0.22
T10346,Magnetic confinement fusion research,157,28,-129,0.0039,0.0007,-0.32
T10380,Intimate Partner and Family Violence,83,99,16,0.0021,0.0025,0.04
T10081,"Auditing, Earnings Management, Governance",84,98,14,0.0021,0.0024,0.04
T11076,Policing Practices and Perceptions,81,100,19,0.002,0.0025,0.05
T10106,Autism Spectrum Disorder Research,102,74,-28,0.0025,0.0018,-0.07
T10632,Housing Market and Economics,95,81,-14,0.0023,0.002,-0.03
T10339,Advanced Numerical Methods in Computational Mathematics,66,109,43,0.0016,0.0027,0.11
T10376,Suicide and Self-Harm Studies,76,97,21,0.0019,0.0024,0.05
T10455,Foot and Ankle Surgery,81,88,7,0.002,0.0022,0.02
T10352,Physical Activity and Health,32,137,105,0.0008,0.0034,0.26
T10792,Matrix Theory and Algorithms,55,112,57,0.0014,0.0028,0.14
T10965,Geological formations and processes,65,100,35,0.0016,0.0025,0.09
T10058,Entrepreneurship Studies and Influences,78,86,8,0.0019,0.0021,0.02
T10114,"Balance, Gait, and Falls Prevention",66,95,29,0.0016,0.0024,0.07
T10726,Career Development and Diversity,67,93,26,0.0017,0.0023,0.06
T11012,Gas Dynamics and Kinetic Theory,86,74,-12,0.0021,0.0018,-0.03
T10004,Soil Carbon and Nitrogen Dynamics,54,105,51,0.0013,0.0026,0.13
T10154,Customer Service Quality and Loyalty,82,75,-7,0.002,0.0019,-0.02
T10781,Plasma Diagnostics and Applications,74,78,4,0.0018,0.0019,0.01
T10145,Consumer Behavior in Brand Consumption and Identification,90,60,-30,0.0022,0.0015,-0.07
T10221,Composite Structure Analysis and Optimization,78,71,-7,0.0019,0.0018,-0.02
T10609,Digital Marketing and Social Media,85,61,-24,0.0021,0.0015,-0.06
T14407,Athletic Training and Education,69,75,6,0.0017,0.0019,0.02
T10415,International Business and FDI,56,88,32,0.0014,0.0022,0.08
T10779,Coastal wetland ecosystem dynamics,84,58,-26,0.0021,0.0014,-0.06
T10075,Atmospheric chemistry and aerosols,59,82,23,0.0015,0.002,0.06
T10109,Paleontology and Stratigraphy of Fossils,37,104,67,0.0009,0.0026,0.17
T10677,Attachment and Relationship Dynamics,71,68,-3,0.0018,0.0017,-0.01
T11223,Maritime Ports and Logistics,66,73,7,0.0016,0.0018,0.02
T10108,Electoral Systems and Political Participation,55,83,28,0.0014,0.0021,0.07
T11209,Cardiovascular and exercise physiology,59,78,19,0.0015,0.0019,0.05
T10072,Science Education and Pedagogy,40,96,56,0.001,0.0024,0.14
T10722,Work-Family Balance Challenges,75,58,-17,0.0019,0.0014,-0.04
T10534,Structural Health Monitoring Techniques,80,52,-28,0.002,0.0013,-0.07
T10524,Traffic control and management,43,89,46,0.0011,0.0022,0.11
T10103,Reading and Literacy Development,58,74,16,0.0014,0.0018,0.04
T10643,Marine and coastal plant biology,68,64,-4,0.0017,0.0016,-0.01
T12475,Plant Parasitism and Resistance,69,63,-6,0.0017,0.0016,-0.01
T10747,Disaster Management and Resilience,61,70,9,0.0015,0.0017,0.02
T10731,Educational Games and Gamification,61,70,9,0.0015,0.0017,0.02
T10941,Musicology and Musical Analysis,33,97,64,0.0008,0.0024,0.16
T10242,Posttraumatic Stress Disorder Research,69,60,-9,0.0017,0.0015,-0.02
T10698,Transportation Planning and Optimization,60,69,9,0.0015,0.0017,0.02
T11994,Human Resource Development and Performance Evaluation,49,79,30,0.0012,0.002,0.07
T10465,Neurobiology of Language and Bilingualism,58,68,10,0.0014,0.0017,0.03
T10252,Microbial Natural Products and Biosynthesis,122,4,-118,0.003,0.0001,-0.29
T10636,Innovative Teaching and Learning Methods,75,51,-24,0.0019,0.0013,-0.06
T10652,Racial and Ethnic Identity Research,51,73,22,0.0013,0.0018,0.05
T11926,Subterranean biodiversity and taxonomy,67,56,-11,0.0017,0.0014,-0.03
T13951,Fluid dynamics and aerodynamics studies,12,111,99,0.0003,0.0027,0.25
T12016,Web Data Mining and Analysis,89,31,-58,0.0022,0.0008,-0.14
T10895,Species Distribution and Climate Change,118,2,-116,0.0029,0.0,-0.29
T10442,Knee injuries and reconstruction techniques,57,63,6,0.0014,0.0016,0.02
T12713,Forest Ecology and Biodiversity Studies,118,1,-117,0.0029,0.0,-0.29
T11483,Tropical and Extratropical Cyclones Research,84,35,-49,0.0021,0.0009,-0.12
T10182,Child and Adolescent Psychosocial and Emotional Development,74,45,-29,0.0018,0.0011,-0.07
T10970,Team Dynamics and Performance,51,66,15,0.0013,0.0016,0.04
T10907,International Student and Expatriate Challenges,53,63,10,0.0013,0.0016,0.03
T10674,School Choice and Performance,61,54,-7,0.0015,0.0013,-0.02
T10374,Advanced Graph Theory Research,54,60,6,0.0013,0.0015,0.02
T10044,Protein Structure and Dynamics,40,74,34,0.001,0.0018,0.08
T10213,Public Policy and Administration Research,43,70,27,0.0011,0.0017,0.07
T11516,Visual and Cognitive Learning Processes,42,70,28,0.001,0.0017,0.07
T11459,Arctic and Antarctic ice dynamics,78,33,-45,0.0019,0.0008,-0.11
T11088,Marine Bivalve and Aquaculture Studies,53,57,4,0.0013,0.0014,0.01
T10053,International Relations and Foreign Policy,28,82,54,0.0007,0.002,0.13
T10012,Genetic diversity and population structure,31,79,48,0.0008,0.002,0.12
T11255,Microfluidic and Bio-sensing Technologies,60,49,-11,0.0015,0.0012,-0.03
T10930,Flood Risk Assessment and Management,52,57,5,0.0013,0.0014,0.01
T10761,Vehicular Ad Hoc Networks (VANETs),57,51,-6,0.0014,0.0013,-0.01
T10590,Chalcogenide Semiconductor Thin Films,55,52,-3,0.0014,0.0013,-0.01
T11238,Simulation-Based Education in Healthcare,40,67,27,0.001,0.0017,0.07
T11548,Sexual Assault and Victimization Studies,46,61,15,0.0011,0.0015,0.04
T10996,Computational Geometry and Mesh Generation,55,52,-3,0.0014,0.0013,-0.01
T11920,Pulsed Power Technology Applications,36,69,33,0.0009,0.0017,0.08
T10426,Child Abuse and Trauma,58,46,-12,0.0014,0.0011,-0.03
T11602,Magnetic Bearings and Levitation Dynamics,49,54,5,0.0012,0.0013,0.01
T11044,Particle Detector Development and Performance,34,69,35,0.0008,0.0017,0.09
T11582,Nanopore and Nanochannel Transport Studies,56,44,-12,0.0014,0.0011,-0.03
T10585,Family Dynamics and Relationships,37,62,25,0.0009,0.0015,0.06
T10236,Aquatic Ecosystems and Phytoplankton Dynamics,50,49,-1,0.0012,0.0012,-0.0
T10010,"Obesity, Physical Activity, Diet",54,44,-10,0.0013,0.0011,-0.02
T11913,Animal Ecology and Behavior Studies,50,47,-3,0.0012,0.0012,-0.01
T10467,Psychometric Methodologies and Testing,20,77,57,0.0005,0.0019,0.14
T10186,Nursing education and management,31,64,33,0.0008,0.0016,0.08
T11807,Infrastructure Resilience and Vulnerability Analysis,41,54,13,0.001,0.0013,0.03
T10003,Innovation and Knowledge Management,42,53,11,0.001,0.0013,0.03
T11018,Lower Extremity Biomechanics and Pathologies,18,76,58,0.0004,0.0019,0.14
T11791,Microbial Community Ecology and Physiology,65,29,-36,0.0016,0.0007,-0.09
T12398,Poetry Analysis and Criticism,21,72,51,0.0005,0.0018,0.13
T10212,Electrochemical sensors and biosensors,39,54,15,0.001,0.0013,0.04
T10328,Supply Chain and Inventory Management,37,56,19,0.0009,0.0014,0.05
T11740,Geochemistry and Elemental Analysis,41,51,10,0.001,0.0013,0.02
T11008,Aerodynamics and Acoustics in Jet Flows,50,42,-8,0.0012,0.001,-0.02
T11674,Sports Analytics and Performance,44,48,4,0.0011,0.0012,0.01
T10942,"Sports, Gender, and Society",53,39,-14,0.0013,0.001,-0.03
T11793,"Recreation, Leisure, Wilderness Management",38,53,15,0.0009,0.0013,0.04
T11500,Evacuation and Crowd Dynamics,48,42,-6,0.0012,0.001,-0.01
T10425,Cold Atom Physics and Bose-Einstein Condensates,58,32,-26,0.0014,0.0008,-0.06
T10377,Metal and Thin Film Mechanics,51,39,-12,0.0013,0.001,-0.03
T10116,Sperm and Testicular Function,34,56,22,0.0008,0.0014,0.05
T10712,Library Science and Information Literacy,35,54,19,0.0009,0.0013,0.05
T10551,Scheduling and Optimization Algorithms,40,49,9,0.001,0.0012,0.02
T10476,Algal biology and biofuel production,51,38,-13,0.0013,0.0009,-0.03
T10157,Sports Performance and Training,45,44,-1,0.0011,0.0011,-0.0
T12073,Isotope Analysis in Ecology,61,28,-33,0.0015,0.0007,-0.08
T11588,Atmospheric and Environmental Gas Dynamics,74,15,-59,0.0018,0.0004,-0.15
T10429,EEG and Brain-Computer Interfaces,50,38,-12,0.0012,0.0009,-0.03
T10037,Physics of Superconductivity and Magnetism,49,39,-10,0.0012,0.001,-0.02
T12125,Aerospace and Aviation Technology,51,37,-14,0.0013,0.0009,-0.03
T11370,Mobile Learning in Education,50,38,-12,0.0012,0.0009,-0.03
T10579,Cognitive Radio Networks and Spectrum Sensing,40,48,8,0.001,0.0012,0.02
T11798,Optimal Experimental Design Methods,39,48,9,0.001,0.0012,0.02
T11061,Ocean Waves and Remote Sensing,38,49,11,0.0009,0.0012,0.03
T11497,Interprofessional Education and Collaboration,42,45,3,0.001,0.0011,0.01
T10347,Atmospheric aerosols and clouds,36,50,14,0.0009,0.0012,0.03
T11384,Critical Race Theory in Education,36,50,14,0.0009,0.0012,0.03
T10320,Neural Networks and Applications,46,40,-6,0.0011,0.001,-0.01
T10368,Dental Health and Care Utilization,40,45,5,0.001,0.0011,0.01
T12414,Coastal and Marine Management,46,38,-8,0.0011,0.0009,-0.02
T10547,"Education, Achievement, and Giftedness",33,51,18,0.0008,0.0013,0.04
T11047,Gender Diversity and Inequality,38,46,8,0.0009,0.0011,0.02
T10916,Surgical Simulation and Training,41,43,2,0.001,0.0011,0.01
T10968,Statistical Distribution Estimation and Applications,28,55,27,0.0007,0.0014,0.07
T10857,Advanced Electron Microscopy Techniques and Applications,41,42,1,0.001,0.001,0.0
T10430,Software Engineering Techniques and Practices,38,45,7,0.0009,0.0011,0.02
T10763,Digital Transformation in Industry,44,39,-5,0.0011,0.001,-0.01
T11647,Workplace Violence and Bullying,36,46,10,0.0009,0.0011,0.02
T11657,Digital and Traditional Archives Management,9,73,64,0.0002,0.0018,0.16
T11120,Nonprofit Sector and Volunteering,33,49,16,0.0008,0.0012,0.04
T10447,Environmental Toxicology and Ecotoxicology,19,62,43,0.0005,0.0015,0.11
T11514,Disability Education and Employment,43,38,-5,0.0011,0.0009,-0.01
T10559,Particle Accelerators and Free-Electron Lasers,48,33,-15,0.0012,0.0008,-0.04
T10589,Early Childhood Education and Development,41,39,-2,0.001,0.001,-0.0
T10254,Innovations in Medical Education,35,45,10,0.0009,0.0011,0.02
T10764,Privacy-Preserving Technologies in Data,37,42,5,0.0009,0.001,0.01
T10364,Reproductive Biology and Fertility,32,47,15,0.0008,0.0012,0.04
T10115,Corporate Social Responsibility Reporting,36,43,7,0.0009,0.0011,0.02
T11806,Service-Learning and Community Engagement,41,38,-3,0.001,0.0009,-0.01
T11246,Sports injuries and prevention,50,29,-21,0.0012,0.0007,-0.05
T11594,Tree-ring climate responses,76,2,-74,0.0019,0.0,-0.18
T12157,Geochemistry and Geologic Mapping,77,1,-76,0.0019,0.0,-0.19
T13418,Photocathodes and Microchannel Plates,50,27,-23,0.0012,0.0007,-0.06
T10809,Occupational Health and Safety Research,51,26,-25,0.0013,0.0006,-0.06
T11394,Dynamics and Control of Mechanical Systems,42,35,-7,0.001,0.0009,-0.02
T10659,Marine animal studies overview,38,38,0,0.0009,0.0009,0.0
T12671,Management and Marketing Education,42,34,-8,0.001,0.0008,-0.02
T12304,Radiative Heat Transfer Studies,29,47,18,0.0007,0.0012,0.04
T10168,COVID-19 and Mental Health,49,26,-23,0.0012,0.0006,-0.06
T11859,Educator Training and Historical Pedagogy,50,25,-25,0.0012,0.0006,-0.06
T13673,Library Science and Information,0,75,75,0.0,0.0019,0.19
T10298,Urban Transport and Accessibility,54,20,-34,0.0013,0.0005,-0.08
T11159,Manufacturing Process and Optimization,54,20,-34,0.0013,0.0005,-0.08
T10332,Amphibian and Reptile Biology,39,35,-4,0.001,0.0009,-0.01
T13884,Educational Leadership and Practices,10,64,54,0.0002,0.0016,0.13
T11122,Online Learning and Analytics,44,29,-15,0.0011,0.0007,-0.04
T10713,Structural Load-Bearing Analysis,26,47,21,0.0006,0.0012,0.05
T10130,Mathematics Education and Teaching Techniques,27,46,19,0.0007,0.0011,0.05
T10080,Energy Efficient Wireless Sensor Networks,34,39,5,0.0008,0.001,0.01
T10560,Diabetes Management and Research,33,39,6,0.0008,0.001,0.02
T10546,Higher Education Governance and Development,21,51,30,0.0005,0.0013,0.07
T11689,Adversarial Robustness in Machine Learning,23,49,26,0.0006,0.0012,0.06
T11718,Physical Education and Pedagogy,37,35,-2,0.0009,0.0009,-0.0
T11416,Numerical methods for differential equations,40,32,-8,0.001,0.0008,-0.02
T11632,Family and Disability Support Research,48,24,-24,0.0012,0.0006,-0.06
T10679,Service-Oriented Architecture and Web Services,44,28,-16,0.0011,0.0007,-0.04
T10412,Microfluidic and Capillary Electrophoresis Applications,31,41,10,0.0008,0.001,0.02
T10416,Traumatic Brain Injury Research,38,34,-4,0.0009,0.0008,-0.01
T10995,Methane Hydrates and Related Phenomena,54,17,-37,0.0013,0.0004,-0.09
T12765,"Race, History, and American Society",31,40,9,0.0008,0.001,0.02
T10648,Virtual Reality Applications and Impacts,39,32,-7,0.001,0.0008,-0.02
T11871,Advanced Statistical Methods and Models,52,19,-33,0.0013,0.0005,-0.08
T11636,Artificial Intelligence in Healthcare and Education,46,25,-21,0.0011,0.0006,-0.05
T11405,Geophysics and Gravity Measurements,56,15,-41,0.0014,0.0004,-0.1
T10485,"Bullying, Victimization, and Aggression",39,32,-7,0.001,0.0008,-0.02
T10314,Social and Intergroup Psychology,33,38,5,0.0008,0.0009,0.01
T11419,Supramolecular Self-Assembly in Materials,34,36,2,0.0008,0.0009,0.01
T10273,IoT and Edge/Fog Computing,43,27,-16,0.0011,0.0007,-0.04
T11744,Health Sciences Research and Education,29,41,12,0.0007,0.001,0.03
T10379,Cellular Mechanics and Interactions,28,42,14,0.0007,0.001,0.03
T13445,American Constitutional Law and Politics,46,24,-22,0.0011,0.0006,-0.05
T10482,Mathematical and Theoretical Epidemiology and Ecology Models,14,56,42,0.0003,0.0014,0.1
T10628,China's Socioeconomic Reforms and Governance,28,42,14,0.0007,0.001,0.03
T10682,Quantum Computing Algorithms and Architecture,31,38,7,0.0008,0.0009,0.02
T10385,Plant Diversity and Evolution,31,38,7,0.0008,0.0009,0.02
T10060,Smoking Behavior and Cessation,28,41,13,0.0007,0.001,0.03
T10703,Business Process Modeling and Analysis,40,29,-11,0.001,0.0007,-0.03
T10164,Quality and Supply Management,34,35,1,0.0008,0.0009,0.0
T11829,Mathematical Biology Tumor Growth,31,38,7,0.0008,0.0009,0.02
T10509,"Religion, Spirituality, and Psychology",34,35,1,0.0008,0.0009,0.0
T11816,Nursing Roles and Practices,33,35,2,0.0008,0.0009,0.01
T10082,HIV/AIDS Research and Interventions,25,43,18,0.0006,0.0011,0.04
T10174,Animal Behavior and Reproduction,20,48,28,0.0005,0.0012,0.07
T11904,Spatial Cognition and Navigation,33,35,2,0.0008,0.0009,0.01
T10928,Probabilistic and Robust Engineering Design,42,26,-16,0.001,0.0006,-0.04
T12760,Laser Design and Applications,47,20,-27,0.0012,0.0005,-0.07
T10215,Semantic Web and Ontologies,34,33,-1,0.0008,0.0008,-0.0
T10398,Groundwater and Isotope Geochemistry,37,30,-7,0.0009,0.0007,-0.02
T10715,Distributed and Parallel Computing Systems,54,13,-41,0.0013,0.0003,-0.1
T11824,Injury Epidemiology and Prevention,37,30,-7,0.0009,0.0007,-0.02
T13216,Artistic and Creative Research,3,64,61,0.0001,0.0016,0.15
T10265,Multilingual Education and Policy,38,29,-9,0.0009,0.0007,-0.02
T10029,Climate variability and models,24,43,19,0.0006,0.0011,0.05
T12449,Spacecraft Design and Technology,36,30,-6,0.0009,0.0007,-0.01
T11610,Food Security and Health in Diverse Populations,36,30,-6,0.0009,0.0007,-0.01
T10400,Network Security and Intrusion Detection,33,33,0,0.0008,0.0008,0.0
T10829,Interconnection Networks and Systems,35,31,-4,0.0009,0.0008,-0.01
T10052,Medical Image Segmentation Techniques,27,39,12,0.0007,0.001,0.03
T10316,Sleep and related disorders,29,36,7,0.0007,0.0009,0.02
T11387,Ichthyology and Marine Biology,40,25,-15,0.001,0.0006,-0.04
T11042,Corruption and Economic Development,35,30,-5,0.0009,0.0007,-0.01
T10243,Statistical Methods and Bayesian Inference,25,39,14,0.0006,0.001,0.03
T11197,Digital Games and Media,36,28,-8,0.0009,0.0007,-0.02
T11121,Public Relations and Crisis Communication,28,36,8,0.0007,0.0009,0.02
T10131,Gold and Silver Nanoparticles Synthesis and Applications,27,37,10,0.0007,0.0009,0.02
T14039,Ecology and biodiversity studies,63,1,-62,0.0016,0.0,-0.15
T10537,Attention Deficit Hyperactivity Disorder,36,28,-8,0.0009,0.0007,-0.02
T10912,Telemedicine and Telehealth Implementation,26,38,12,0.0006,0.0009,0.03
T11357,Risk and Safety Analysis,35,28,-7,0.0009,0.0007,-0.02
T10739,Electromagnetic Scattering and Analysis,28,35,7,0.0007,0.0009,0.02
T11145,Epoxy Resin Curing Processes,40,23,-17,0.001,0.0006,-0.04
T10211,Computational Drug Discovery Methods,33,30,-3,0.0008,0.0007,-0.01
T10099,GaN-based semiconductor devices and materials,29,34,5,0.0007,0.0008,0.01
T10979,Breastfeeding Practices and Influences,31,31,0,0.0008,0.0008,0.0
T10533,Teaching and Learning Programming,33,29,-4,0.0008,0.0007,-0.01
T10139,Heavy metals in environment,34,28,-6,0.0008,0.0007,-0.01
T12289,Library Science and Administration,29,33,4,0.0007,0.0008,0.01
T12762,Crystallography and Radiation Phenomena,26,36,10,0.0006,0.0009,0.02
T10091,Malaria Research and Control,24,37,13,0.0006,0.0009,0.03
T10793,Diabetes Management and Education,26,35,9,0.0006,0.0009,0.02
T10994,"Terrorism, Counterterrorism, and Political Violence",28,33,5,0.0007,0.0008,0.01
T10672,Design Education and Practice,30,31,1,0.0007,0.0008,0.0
T10015,Genomics and Phylogenetic Studies,45,16,-29,0.0011,0.0004,-0.07
T10007,Monetary Policy and Economic Impact,28,33,5,0.0007,0.0008,0.01
T10564,Wastewater Treatment and Nitrogen Removal,30,31,1,0.0007,0.0008,0.0
T10214,Psychotherapy Techniques and Applications,24,37,13,0.0006,0.0009,0.03
T13474,Autobiographical and Biographical Writing,17,44,27,0.0004,0.0011,0.07
T10355,Impact of Technology on Adolescents,41,19,-22,0.001,0.0005,-0.05
T11641,Insect and Pesticide Research,50,10,-40,0.0012,0.0002,-0.1
T11542,Behavioral Health and Interventions,38,22,-16,0.0009,0.0005,-0.04
T10302,Fish Ecology and Management Studies,48,12,-36,0.0012,0.0003,-0.09
T11414,Quantum optics and atomic interactions,24,36,12,0.0006,0.0009,0.03
T11244,Climate Change and Health Impacts,38,22,-16,0.0009,0.0005,-0.04
T13412,Education and Technology Integration,29,31,2,0.0007,0.0008,0.01
T13433,Short Stories in Global Literature,11,49,38,0.0003,0.0012,0.09
T10366,Discourse Analysis in Language Studies,35,24,-11,0.0009,0.0006,-0.03
T11808,Superconducting Materials and Applications,29,30,1,0.0007,0.0007,0.0
T11399,Muscle metabolism and nutrition,40,19,-21,0.001,0.0005,-0.05
T10166,Mosquito-borne diseases and control,34,25,-9,0.0008,0.0006,-0.02
T11756,Mentoring and Academic Development,34,25,-9,0.0008,0.0006,-0.02
T11118,Evolutionary Psychology and Human Behavior,39,20,-19,0.001,0.0005,-0.05
T13330,"Theater, Performance, and Music History",38,21,-17,0.0009,0.0005,-0.04
T10772,Distributed systems and fault tolerance,34,25,-9,0.0008,0.0006,-0.02
T10122,Toxic Organic Pollutants Impact,36,22,-14,0.0009,0.0005,-0.03
T11425,Diverse Music Education Insights,25,33,8,0.0006,0.0008,0.02
T10406,Planetary Science and Exploration,27,31,4,0.0007,0.0008,0.01
T12319,Fish Biology and Ecology Studies,11,47,36,0.0003,0.0012,0.09
T12859,Cell Image Analysis Techniques,47,11,-36,0.0012,0.0003,-0.09
T10002,Advanced Chemical Physics Studies,37,20,-17,0.0009,0.0005,-0.04
T10315,Decision-Making and Behavioral Economics,16,41,25,0.0004,0.001,0.06
T11982,Rhetoric and Communication Studies,19,38,19,0.0005,0.0009,0.05
T12091,Peatlands and Wetlands Ecology,38,19,-19,0.0009,0.0005,-0.05
T12206,Vibration and Dynamic Analysis,23,34,11,0.0006,0.0008,0.03
T11082,Spacecraft Dynamics and Control,22,35,13,0.0005,0.0009,0.03
T10780,Reliability and Maintenance Optimization,16,41,25,0.0004,0.001,0.06
T13131,Collaborative Teaching and Inclusion,35,22,-13,0.0009,0.0005,-0.03
T13174,American and British Literature Analysis,17,39,22,0.0004,0.001,0.05
T11464,Homelessness and Social Issues,39,17,-22,0.001,0.0004,-0.05
T10282,Financial Risk and Volatility Modeling,13,43,30,0.0003,0.0011,0.07
T10753,Microplastics and Plastic Pollution,25,31,6,0.0006,0.0008,0.01
T11040,Personality Traits and Psychology,21,35,14,0.0005,0.0009,0.03
T10853,"Anxiety, Depression, Psychometrics, Treatment, Cognitive Processes",27,29,2,0.0007,0.0007,0.01
T10683,Mass Spectrometry Techniques and Applications,23,33,10,0.0006,0.0008,0.02
T12462,Elder Abuse and Neglect,30,26,-4,0.0007,0.0006,-0.01
T11891,Big Data and Business Intelligence,47,9,-38,0.0012,0.0002,-0.09
T11870,Structural Analysis and Optimization,31,25,-6,0.0008,0.0006,-0.01
T14414,Artificial Intelligence in Education,0,56,56,0.0,0.0014,0.14
T10921,Neutrino Physics Research,30,25,-5,0.0007,0.0006,-0.01
T10306,Liquid Crystal Research Advancements,22,33,11,0.0005,0.0008,0.03
T10100,Metaheuristic Optimization Algorithms Research,16,39,23,0.0004,0.001,0.06
T11770,Fiscal Policy and Economic Growth,45,10,-35,0.0011,0.0002,-0.09
T12012,Diatoms and Algae Research,54,1,-53,0.0013,0.0,-0.13
T11400,Motivation and Self-Concept in Sports,35,20,-15,0.0009,0.0005,-0.04
T11644,Spam and Phishing Detection,24,31,7,0.0006,0.0008,0.02
T10959,Student Assessment and Feedback,22,32,10,0.0005,0.0008,0.02
T12830,Pectus Deformity Diagnosis and Treatment,27,27,0,0.0007,0.0007,0.0
T10257,Oral microbiology and periodontitis research,24,30,6,0.0006,0.0007,0.01
T13532,Education Systems and Policy,40,14,-26,0.001,0.0003,-0.06
T10128,Global trade and economics,30,24,-6,0.0007,0.0006,-0.01
T14468,Plant Ecology and Soil Science,51,3,-48,0.0013,0.0001,-0.12
T10102,scientometrics and bibliometrics research,11,43,32,0.0003,0.0011,0.08
T11236,Control Systems and Identification,14,39,25,0.0003,0.001,0.06
T14059,"Nietzsche, Schopenhauer, and Hegel",20,33,13,0.0005,0.0008,0.03
T11993,Atomic and Subatomic Physics Research,49,4,-45,0.0012,0.0001,-0.11
T10487,Plant and animal studies,41,12,-29,0.001,0.0003,-0.07
T10500,Sparse and Compressive Sensing Techniques,33,20,-13,0.0008,0.0005,-0.03
T12423,Software Reliability and Analysis Research,29,24,-5,0.0007,0.0006,-0.01
T10557,Social Media and Politics,39,14,-25,0.001,0.0003,-0.06
T13120,Nuclear Issues and Defense,25,28,3,0.0006,0.0007,0.01
T10644,Cryospheric studies and observations,33,20,-13,0.0008,0.0005,-0.03
T10917,Smart Grid Security and Resilience,30,22,-8,0.0007,0.0005,-0.02
T10068,Technology Adoption and User Behaviour,23,29,6,0.0006,0.0007,0.01
T10391,Healthcare Policy and Management,25,27,2,0.0006,0.0007,0.01
T10127,"Banking stability, regulation, efficiency",21,31,10,0.0005,0.0008,0.02
T10057,Face and Expression Recognition,28,24,-4,0.0007,0.0006,-0.01
T11935,"Literacy, Media, and Education",28,24,-4,0.0007,0.0006,-0.01
T12904,Diverse Educational Innovations Studies,41,11,-30,0.001,0.0003,-0.07
T11761,Resilience and Mental Health,36,16,-20,0.0009,0.0004,-0.05
T10481,Computer Graphics and Visualization Techniques,22,30,8,0.0005,0.0007,0.02
T12124,Engineering Education and Curriculum Development,34,18,-16,0.0008,0.0004,-0.04
T11949,Nuclear Physics and Applications,50,2,-48,0.0012,0.0,-0.12
T10784,Muscle activation and electromyography studies,32,20,-12,0.0008,0.0005,-0.03
T11938,ERP Systems Implementation and Impact,24,27,3,0.0006,0.0007,0.01
T10730,Language Development and Disorders,22,29,7,0.0005,0.0007,0.02
T11206,Model Reduction and Neural Networks,30,21,-9,0.0007,0.0005,-0.02
T11119,Urban Stormwater Management Solutions,18,33,15,0.0004,0.0008,0.04
T10246,Mobile Ad Hoc Networks,24,27,3,0.0006,0.0007,0.01
T10133,Media Studies and Communication,25,26,1,0.0006,0.0006,0.0
T12908,"Media, Gender, and Advertising",23,28,5,0.0006,0.0007,0.01
T11676,Parental Involvement in Education,28,23,-5,0.0007,0.0006,-0.01
T10708,Mindfulness and Compassion Interventions,22,29,7,0.0005,0.0007,0.02
T10822,Acoustic Wave Phenomena Research,34,17,-17,0.0008,0.0004,-0.04
T11354,Evolution and Paleontology Studies,36,14,-22,0.0009,0.0003,-0.05
T10508,Patient Safety and Medication Errors,14,36,22,0.0003,0.0009,0.05
T10330,Hydrology and Watershed Management Studies,26,24,-2,0.0006,0.0006,-0.0
T10414,Cannabis and Cannabinoid Research,27,22,-5,0.0007,0.0005,-0.01
T10042,Neural and Behavioral Psychology Studies,27,22,-5,0.0007,0.0005,-0.01
T11504,Advanced Authentication Protocols Security,16,33,17,0.0004,0.0008,0.04
T10448,Memory and Neural Mechanisms,14,35,21,0.0003,0.0009,0.05
T10089,Avian ecology and behavior,15,34,19,0.0004,0.0008,0.05
T10350,Electronic Health Records Systems,19,30,11,0.0005,0.0007,0.03
T11998,Youth Development and Social Support,29,20,-9,0.0007,0.0005,-0.02
T10022,Semiconductor Quantum Structures and Devices,27,22,-5,0.0007,0.0005,-0.01
T11937,Research Data Management Practices,35,14,-21,0.0009,0.0003,-0.05
T11344,Traffic Prediction and Management Techniques,36,13,-23,0.0009,0.0003,-0.06
T11109,Thermoregulation and physiological responses,28,20,-8,0.0007,0.0005,-0.02
T10059,Bone Tissue Engineering Materials,20,28,8,0.0005,0.0007,0.02
T10478,Diamond and Carbon-based Materials Research,27,21,-6,0.0007,0.0005,-0.01
T10732,Laser Material Processing Techniques,16,32,16,0.0004,0.0008,0.04
T10101,Cloud Computing and Resource Management,21,27,6,0.0005,0.0007,0.01
T11379,Rheology and Fluid Dynamics Studies,20,28,8,0.0005,0.0007,0.02
T10039,"Stellar, planetary, and galactic studies",17,31,14,0.0004,0.0008,0.03
T11039,Evaluation of Teaching Practices,18,30,12,0.0004,0.0007,0.03
T10963,Advanced Optimization Algorithms Research,27,20,-7,0.0007,0.0005,-0.02
T11079,Creativity in Education and Neuroscience,27,20,-7,0.0007,0.0005,-0.02
T11985,Marine Toxins and Detection Methods,23,24,1,0.0006,0.0006,0.0
T10088,Thermochemical Biomass Conversion Processes,20,27,7,0.0005,0.0007,0.02
T10009,Dementia and Cognitive Impairment Research,22,25,3,0.0005,0.0006,0.01
T13355,Marketing and Advertising Strategies,7,40,33,0.0002,0.001,0.08
T10199,Wildlife Ecology and Conservation,23,24,1,0.0006,0.0006,0.0
T12519,Cybercrime and Law Enforcement Studies,21,26,5,0.0005,0.0006,0.01
T12207,Assistive Technology in Communication and Mobility,18,29,11,0.0004,0.0007,0.03
T12773,Water Quality and Resources Studies,39,8,-31,0.001,0.0002,-0.08
T12241,Children's Physical and Motor Development,31,16,-15,0.0008,0.0004,-0.04
T11902,Intelligent Tutoring Systems and Adaptive Learning,19,28,9,0.0005,0.0007,0.02
T10399,Hydrocarbon exploration and reservoir analysis,30,17,-13,0.0007,0.0004,-0.03
T12500,Reflective Practices in Education,31,16,-15,0.0008,0.0004,-0.04
T10028,Topic Modeling,25,21,-4,0.0006,0.0005,-0.01
T10688,Image and Signal Denoising Methods,28,18,-10,0.0007,0.0004,-0.02
T10783,Additive Manufacturing and 3D Printing Technologies,21,25,4,0.0005,0.0006,0.01
T11493,Water Treatment and Disinfection,16,30,14,0.0004,0.0007,0.03
T12596,Cephalopods and Marine Biology,24,22,-2,0.0006,0.0005,-0.0
T12415,Employer Branding and e-HRM,18,28,10,0.0004,0.0007,0.02
T11254,Fluid Dynamics and Vibration Analysis,31,15,-16,0.0008,0.0004,-0.04
T10050,Multi-Criteria Decision Making,18,28,10,0.0004,0.0007,0.02
T12265,Gun Ownership and Violence Research,24,22,-2,0.0006,0.0005,-0.0
T10327,Adolescent Sexual and Reproductive Health,27,19,-8,0.0007,0.0005,-0.02
T10216,"Migration, Refugees, and Integration",14,32,18,0.0003,0.0008,0.04
T12965,Wildlife Conservation and Criminology Analyses,42,3,-39,0.001,0.0001,-0.1
T10848,Advanced Multi-Objective Optimization Algorithms,22,23,1,0.0005,0.0006,0.0
T12678,Themes in Literature Analysis,21,24,3,0.0005,0.0006,0.01
T10745,Heart Rate Variability and Autonomic Control,23,22,-1,0.0006,0.0005,-0.0
T14306,Technology Assessment and Management,35,10,-25,0.0009,0.0002,-0.06
T10235,Health disparities and outcomes,14,31,17,0.0003,0.0008,0.04
T12888,Military Strategy and Technology,16,29,13,0.0004,0.0007,0.03
T10702,Insect and Arachnid Ecology and Behavior,28,17,-11,0.0007,0.0004,-0.03
T11489,Air Traffic Management and Optimization,22,23,1,0.0005,0.0006,0.0
T10982,Motor Control and Adaptation,16,29,13,0.0004,0.0007,0.03
T11059,Market Dynamics and Volatility,40,5,-35,0.001,0.0001,-0.09
T10005,Ecology and Vegetation Dynamics Studies,22,22,0,0.0005,0.0005,0.0
T14249,Water Quality Monitoring and Analysis,34,10,-24,0.0008,0.0002,-0.06
T10084,Musculoskeletal pain and rehabilitation,28,16,-12,0.0007,0.0004,-0.03
T12213,Marine Ecology and Invasive Species,25,19,-6,0.0006,0.0005,-0.01
T10786,Maternal Mental Health During Pregnancy and Postpartum,25,19,-6,0.0006,0.0005,-0.01
T11168,International Development and Aid,28,16,-12,0.0007,0.0004,-0.03
T10472,Semiconductor materials and devices,30,14,-16,0.0007,0.0003,-0.04
T11350,Sex work and related issues,23,21,-2,0.0006,0.0005,-0.0
T11190,3D Printing in Biomedical Research,22,22,0,0.0005,0.0005,0.0
T12474,Education Discipline and Inequality,25,19,-6,0.0006,0.0005,-0.01
T11838,"Crime, Illicit Activities, and Governance",14,30,16,0.0003,0.0007,0.04
T11800,User Authentication and Security Systems,25,19,-6,0.0006,0.0005,-0.01
T13370,Diverse Scientific and Economic Studies,44,0,-44,0.0011,0.0,-0.11
T11191,Mathematical functions and polynomials,12,32,20,0.0003,0.0008,0.05
T10201,Speech Recognition and Synthesis,16,27,11,0.0004,0.0007,0.03
T10021,EFL/ESL Teaching and Learning,24,19,-5,0.0006,0.0005,-0.01
T12967,Molecular Spectroscopy and Structure,7,36,29,0.0002,0.0009,0.07
T10192,Catalytic Processes in Materials Science,17,26,9,0.0004,0.0006,0.02
T12128,AI in Service Interactions,27,16,-11,0.0007,0.0004,-0.03
T11971,"World Wars: History, Literature, and Impact",10,33,23,0.0002,0.0008,0.06
T11545,Advanced Banach Space Theory,10,33,23,0.0002,0.0008,0.06
T11147,Misinformation and Its Impacts,21,22,1,0.0005,0.0005,0.0
T10046,Stability and Control of Uncertain Systems,17,25,8,0.0004,0.0006,0.02
T13305,Teacher Professional Development and Motivation,10,32,22,0.0002,0.0008,0.05
T10664,Sentiment Analysis and Opinion Mining,12,30,18,0.0003,0.0007,0.04
T11461,Local Government Finance and Decentralization,13,29,16,0.0003,0.0007,0.04
T11903,Private Equity and Venture Capital,29,13,-16,0.0007,0.0003,-0.04
T11622,Maritime Navigation and Safety,14,28,14,0.0003,0.0007,0.03
T12545,Global Education and Multiculturalism,30,12,-18,0.0007,0.0003,-0.04
T10349,Migration and Labor Dynamics,24,18,-6,0.0006,0.0004,-0.01
T12316,Oil Spill Detection and Mitigation,18,24,6,0.0004,0.0006,0.01
T12097,Aquatic Invertebrate Ecology and Behavior,41,1,-40,0.001,0.0,-0.1
T10383,"Language, Discourse, Communication Strategies",24,18,-6,0.0006,0.0004,-0.01
T13219,Mind wandering and attention,9,33,24,0.0002,0.0008,0.06
T10208,Labor market dynamics and wage inequality,11,31,20,0.0003,0.0008,0.05
T11813,Library Collection Development and Digital Resources,26,16,-10,0.0006,0.0004,-0.02
T11536,Consumer Retail Behavior Studies,24,18,-6,0.0006,0.0004,-0.01
T12997,Outdoor and Experiential Education,16,26,10,0.0004,0.0006,0.02
T11388,"Grief, Bereavement, and Mental Health",24,18,-6,0.0006,0.0004,-0.01
T10470,Usability and User Interface Design,7,35,28,0.0002,0.0009,0.07
T12803,Cinema History and Criticism,0,42,42,0.0,0.001,0.1
T11707,Gaze Tracking and Assistive Technology,19,22,3,0.0005,0.0005,0.01
T11430,Disaster Response and Management,22,19,-3,0.0005,0.0005,-0.01
T11446,Mobile Health and mHealth Applications,21,20,-1,0.0005,0.0005,-0.0
T10272,Mental Health Treatment and Access,14,27,13,0.0003,0.0007,0.03
T12007,Plasma and Flow Control in Aerodynamics,20,21,1,0.0005,0.0005,0.0
T11326,Stock Market Forecasting Methods,24,17,-7,0.0006,0.0004,-0.02
T10384,Laser-Plasma Interactions and Diagnostics,30,11,-19,0.0007,0.0003,-0.05
T10016,Adsorption and biosorption for pollutant removal,15,26,11,0.0004,0.0006,0.03
T11986,Scientific Computing and Data Management,35,6,-29,0.0009,0.0001,-0.07
T11832,Doctoral Education Challenges and Solutions,12,29,17,0.0003,0.0007,0.04
T13405,Educational Assessment and Improvement,20,21,1,0.0005,0.0005,0.0
T10051,Asthma and respiratory diseases,16,25,9,0.0004,0.0006,0.02
T11019,Image Enhancement Techniques,21,20,-1,0.0005,0.0005,-0.0
T10456,Multi-Agent Systems and Negotiation,12,29,17,0.0003,0.0007,0.04
T10924,Cardiovascular Health and Disease Prevention,25,15,-10,0.0006,0.0004,-0.02
T11942,Transportation and Mobility Innovations,25,15,-10,0.0006,0.0004,-0.02
T11161,Consumer Market Behavior and Pricing,22,18,-4,0.0005,0.0004,-0.01
T11939,Public-Private Partnership Projects,22,18,-4,0.0005,0.0004,-0.01
T10247,Perovskite Materials and Applications,21,19,-2,0.0005,0.0005,-0.0
T10138,Network Traffic and Congestion Control,13,27,14,0.0003,0.0007,0.03
T10984,Sinusitis and nasal conditions,19,21,2,0.0005,0.0005,0.01
T11156,Reproductive Health and Technologies,22,18,-4,0.0005,0.0004,-0.01
T10160,Seismic Performance and Analysis,15,25,10,0.0004,0.0006,0.02
T10064,Complex Network Analysis Techniques,23,17,-6,0.0006,0.0004,-0.01
T11115,Topology Optimization in Engineering,19,21,2,0.0005,0.0005,0.01
T12572,"Intelligence, Security, War Strategy",16,24,8,0.0004,0.0006,0.02
T10163,Metal complexes synthesis and properties,23,17,-6,0.0006,0.0004,-0.01
T10586,Robotic Path Planning Algorithms,22,18,-4,0.0005,0.0004,-0.01
T12011,"Insurance, Mortality, Demography, Risk Management",12,27,15,0.0003,0.0007,0.04
T11245,Advanced Numerical Analysis Techniques,25,14,-11,0.0006,0.0003,-0.03
T10159,Ionosphere and magnetosphere dynamics,16,23,7,0.0004,0.0006,0.02
T10797,Accounting and Organizational Management,25,14,-11,0.0006,0.0003,-0.03
T10120,Bacterial Genetics and Biotechnology,11,28,17,0.0003,0.0007,0.04
T11879,Protist diversity and phylogeny,27,12,-15,0.0007,0.0003,-0.04
T12084,Synthesis and properties of polymers,18,21,3,0.0004,0.0005,0.01
T12081,Aerodynamics and Fluid Dynamics Research,28,11,-17,0.0007,0.0003,-0.04
T11097,Cerebral Palsy and Movement Disorders,29,10,-19,0.0007,0.0002,-0.05
T12005,Spaceflight effects on biology,16,23,7,0.0004,0.0006,0.02
T12138,Occupational Health and Performance,25,14,-11,0.0006,0.0003,-0.03
T10132,Advanced ceramic materials synthesis,17,22,5,0.0004,0.0005,0.01
T14136,Education and Military Integration,19,19,0,0.0005,0.0005,0.0
T11285,Hearing Impairment and Communication,22,16,-6,0.0005,0.0004,-0.01
T12299,Radiation Shielding Materials Analysis,5,33,28,0.0001,0.0008,0.07
T14270,Simulation and Modeling Applications,5,33,28,0.0001,0.0008,0.07
T11170,Biomimetic flight and propulsion mechanisms,23,15,-8,0.0006,0.0004,-0.02
T13084,Education during COVID-19 pandemic,1,37,36,0.0,0.0009,0.09
T10410,COVID-19 epidemiological studies,24,14,-10,0.0006,0.0003,-0.02
T10555,Fire effects on ecosystems,25,13,-12,0.0006,0.0003,-0.03
T11696,Conflict Management and Negotiation,15,23,8,0.0004,0.0006,0.02
T11104,"Memory, Trauma, and Commemoration",14,24,10,0.0003,0.0006,0.02
T11760,Plant responses to elevated CO2,19,19,0,0.0005,0.0005,0.0
T10887,Bioinformatics and Genomic Networks,18,20,2,0.0004,0.0005,0.01
T11283,Experimental Learning in Engineering,22,15,-7,0.0005,0.0004,-0.02
T10669,Freshwater macroinvertebrate diversity and ecology,18,19,1,0.0004,0.0005,0.0
T11664,Fiber-reinforced polymer composites,9,28,19,0.0002,0.0007,0.05
T13607,Academic Publishing and Open Access,26,11,-15,0.0006,0.0003,-0.04
T13457,"Dental Education, Practice, Research",11,26,15,0.0003,0.0006,0.04
T14316,"Nursing Education, Practice, and Leadership",25,12,-13,0.0006,0.0003,-0.03
T12602,Medical Education and Admissions,13,24,11,0.0003,0.0006,0.03
T14498,Educational Technology in Learning,0,37,37,0.0,0.0009,0.09
T10841,Economic and Environmental Valuation,19,18,-1,0.0005,0.0004,-0.0
T10395,Construction Project Management and Performance,23,14,-9,0.0006,0.0003,-0.02
T10723,Advanced Welding Techniques Analysis,17,20,3,0.0004,0.0005,0.01
T13025,American History and Culture,35,2,-33,0.0009,0.0,-0.08
T10690,Vibration Control and Rheological Fluids,17,20,3,0.0004,0.0005,0.01
T11854,Laser-induced spectroscopy and plasma,28,9,-19,0.0007,0.0002,-0.05
T12593,Communication in Education and Healthcare,29,8,-21,0.0007,0.0002,-0.05
T12022,Hydraulic flow and structures,19,18,-1,0.0005,0.0004,-0.0
T11539,Survey Methodology and Nonresponse,11,26,15,0.0003,0.0006,0.04
T11601,Neuroscience and Neural Engineering,27,10,-17,0.0007,0.0002,-0.04
T10506,Aquaculture disease management and microbiota,14,23,9,0.0003,0.0006,0.02
T12663,Body Image and Dysmorphia Studies,19,17,-2,0.0005,0.0004,-0.0
T12445,Twentieth Century Scientific Developments,35,1,-34,0.0009,0.0,-0.08
T10290,Pregnancy and preeclampsia studies,19,17,-2,0.0005,0.0004,-0.0
T11853,Semiconductor materials and interfaces,5,31,26,0.0001,0.0008,0.06
T12180,Polar Research and Ecology,15,21,6,0.0004,0.0005,0.01
T10605,Historical Economic and Social Studies,21,15,-6,0.0005,0.0004,-0.01
T12779,Public Procurement and Policy,19,17,-2,0.0005,0.0004,-0.0
T11230,Innovative Energy Harvesting Technologies,18,18,0,0.0004,0.0004,0.0
T11809,Advanced NMR Techniques and Applications,27,9,-18,0.0007,0.0002,-0.04
T12515,Gender and Technology in Education,25,11,-14,0.0006,0.0003,-0.03
T11288,Clostridium difficile and Clostridium perfringens research,28,8,-20,0.0007,0.0002,-0.05
T11999,Empathy and Medical Education,22,14,-8,0.0005,0.0003,-0.02
T14190,Military history and social perspectives,2,34,32,0.0,0.0008,0.08
T12312,"Culture, Economy, and Development Studies",19,17,-2,0.0005,0.0004,-0.0
T10673,Gestational Diabetes Research and Management,25,11,-14,0.0006,0.0003,-0.03
T11888,Gender Roles and Identity Studies,19,17,-2,0.0005,0.0004,-0.0
T11107,Selenium in Biological Systems,27,8,-19,0.0007,0.0002,-0.05
T11373,Sleep and Work-Related Fatigue,14,21,7,0.0003,0.0005,0.02
T13261,Elasticity and Wave Propagation,13,22,9,0.0003,0.0005,0.02
T12481,Digital Accessibility for Disabilities,16,19,3,0.0004,0.0005,0.01
T12950,Educational Environments and Student Outcomes,18,17,-1,0.0004,0.0004,-0.0
T10973,Radioactive element chemistry and processing,20,15,-5,0.0005,0.0004,-0.01
T12276,Risk Management in Financial Firms,23,12,-11,0.0006,0.0003,-0.03
T10469,Psoriasis: Treatment and Pathogenesis,18,17,-1,0.0004,0.0004,-0.0
T10517,"Financial Literacy, Pension, Retirement Analysis",21,14,-7,0.0005,0.0003,-0.02
T13516,Publishing and Scholarly Communication,3,32,29,0.0001,0.0008,0.07
T12010,Evaluation and Performance Assessment,21,13,-8,0.0005,0.0003,-0.02
T10207,Advanced biosensing and bioanalysis techniques,19,15,-4,0.0005,0.0004,-0.01
T11269,Algorithms and Data Compression,24,10,-14,0.0006,0.0002,-0.03
T10190,Air Quality and Health Impacts,19,15,-4,0.0005,0.0004,-0.01
T11454,Cultural Differences and Values,18,16,-2,0.0004,0.0004,-0.0
T13531,Surface and Thin Film Phenomena,13,21,8,0.0003,0.0005,0.02
T10396,Fatigue and fracture mechanics,9,25,16,0.0002,0.0006,0.04
T10475,Psychological Well-being and Life Satisfaction,20,14,-6,0.0005,0.0003,-0.01
T10575,Wireless Communication Networks Research,19,15,-4,0.0005,0.0004,-0.01
T10036,Advanced Neural Network Applications,17,17,0,0.0004,0.0004,0.0
T10728,Pulmonary Hypertension Research and Treatments,18,16,-2,0.0004,0.0004,-0.0
T14469,Renaissance Literature and Culture,4,30,26,0.0001,0.0007,0.06
T10233,Geotechnical Engineering and Soil Mechanics,9,25,16,0.0002,0.0006,0.04
T11701,Space Satellite Systems and Control,22,12,-10,0.0005,0.0003,-0.02
T10479,Structural Behavior of Reinforced Concrete,22,12,-10,0.0005,0.0003,-0.02
T10571,Robotic Mechanisms and Dynamics,14,20,6,0.0003,0.0005,0.01
T11864,Supply Chain Resilience and Risk Management,20,14,-6,0.0005,0.0003,-0.01
T12912,"Shakespeare, Adaptation, and Literary Criticism",14,20,6,0.0003,0.0005,0.01
T11965,"Quantum, superfluid, helium dynamics",29,5,-24,0.0007,0.0001,-0.06
T11434,Electrochemical Analysis and Applications,16,18,2,0.0004,0.0004,0.01
T10553,Combustion and flame dynamics,20,14,-6,0.0005,0.0003,-0.01
T10885,Gene expression and cancer classification,17,17,0,0.0004,0.0004,0.0
T12070,Writing and Handwriting Education,18,16,-2,0.0004,0.0004,-0.0
T11684,Vibrio bacteria research studies,22,12,-10,0.0005,0.0003,-0.02
T10251,Solar and Space Plasma Dynamics,23,11,-12,0.0006,0.0003,-0.03
T11645,"Urban, Neighborhood, and Segregation Studies",23,10,-13,0.0006,0.0002,-0.03
T12558,Wittgensteinian philosophy and applications,16,17,1,0.0004,0.0004,0.0
T13200,Spacecraft and Cryogenic Technologies,22,11,-11,0.0005,0.0003,-0.03
T12179,Art Education and Development,15,18,3,0.0004,0.0004,0.01
T12513,Rocket and propulsion systems research,21,12,-9,0.0005,0.0003,-0.02
T10403,Phonetics and Phonology Research,18,15,-3,0.0004,0.0004,-0.01
T11640,Linguistic Variation and Morphology,16,17,1,0.0004,0.0004,0.0
T10241,Functional Brain Connectivity Studies,16,17,1,0.0004,0.0004,0.0
T10798,Crystallography and molecular interactions,14,19,5,0.0003,0.0005,0.01
T11637,Advanced Semiconductor Detectors and Materials,6,27,21,0.0001,0.0007,0.05
T12144,"Colonialism, slavery, and trade",14,19,5,0.0003,0.0005,0.01
T10720,Complexity and Algorithms in Graphs,8,25,17,0.0002,0.0006,0.04
T10771,Wound Healing and Treatments,16,17,1,0.0004,0.0004,0.0
T10860,Speech and Audio Processing,21,12,-9,0.0005,0.0003,-0.02
T10301,Mitochondrial Function and Pathology,13,20,7,0.0003,0.0005,0.02
T10344,Management and Organizational Studies,18,15,-3,0.0004,0.0004,-0.01
T10880,Environmental Sustainability in Business,18,15,-3,0.0004,0.0004,-0.01
T10597,Nuclear reactor physics and engineering,21,12,-9,0.0005,0.0003,-0.02
T11843,Family Business Performance and Succession,19,14,-5,0.0005,0.0003,-0.01
T12194,Cultural Competency in Health Care,16,17,1,0.0004,0.0004,0.0
T11572,Information Technology Governance and Strategy,14,19,5,0.0003,0.0005,0.01
T12394,Insurance and Financial Risk Management,27,5,-22,0.0007,0.0001,-0.05
T11524,Advanced Aircraft Design and Technologies,19,13,-6,0.0005,0.0003,-0.01
T10331,Video Surveillance and Tracking Methods,14,18,4,0.0003,0.0004,0.01
T11544,"Gender, Labor, and Family Dynamics",21,11,-10,0.0005,0.0003,-0.02
T10361,Silicon Carbide Semiconductor Technologies,17,15,-2,0.0004,0.0004,-0.0
T10407,Lipid Membrane Structure and Behavior,16,16,0,0.0004,0.0004,0.0
T11099,Autonomous Vehicle Technology and Safety,22,10,-12,0.0005,0.0002,-0.03
T11158,Wireless Networks and Protocols,12,20,8,0.0003,0.0005,0.02
T11540,"Gender, Feminism, and Media",16,16,0,0.0004,0.0004,0.0
T10622,Quantum Mechanics and Applications,15,17,2,0.0004,0.0004,0.01
T10045,Organic Electronics and Photovoltaics,15,17,2,0.0004,0.0004,0.01
T10646,Experimental Behavioral Economics Studies,24,8,-16,0.0006,0.0002,-0.04
T10539,Sustainable Supply Chain Management,18,14,-4,0.0004,0.0003,-0.01
T10079,Nanoparticles: synthesis and applications,18,14,-4,0.0004,0.0003,-0.01
T10427,Visual perception and processing mechanisms,12,20,8,0.0003,0.0005,0.02
T11499,ICT Impact and Policies,14,18,4,0.0003,0.0004,0.01
T10638,Optical measurement and interference techniques,13,18,5,0.0003,0.0004,0.01
T11482,RNA modifications and cancer,18,13,-5,0.0004,0.0003,-0.01
T12309,solar cell performance optimization,14,17,3,0.0003,0.0004,0.01
T11164,Remote Sensing and LiDAR Applications,28,3,-25,0.0007,0.0001,-0.06
T10020,Quantum Information and Cryptography,20,11,-9,0.0005,0.0003,-0.02
T12848,Psychological Testing and Assessment,5,26,21,0.0001,0.0006,0.05
T11289,Single-cell and spatial transcriptomics,20,11,-9,0.0005,0.0003,-0.02
T10237,Cryptography and Data Security,12,19,7,0.0003,0.0005,0.02
T10325,Astro and Planetary Science,24,7,-17,0.0006,0.0002,-0.04
T11983,"Identity, Memory, and Therapy",19,12,-7,0.0005,0.0003,-0.02
T10640,Spectroscopy and Chemometric Analyses,15,16,1,0.0004,0.0004,0.0
T12837,American Environmental and Regional History,24,7,-17,0.0006,0.0002,-0.04
T10894,Groundwater flow and contamination studies,12,19,7,0.0003,0.0005,0.02
T10136,Statistical Methods and Inference,23,8,-15,0.0006,0.0002,-0.04
T12887,Educational Strategies and Epistemologies,17,14,-3,0.0004,0.0003,-0.01
T11345,Cognitive and developmental aspects of mathematical skills,16,15,-1,0.0004,0.0004,-0.0
T11198,Japanese History and Culture,21,10,-11,0.0005,0.0002,-0.03
T12806,Ocean Acidification Effects and Responses,24,7,-17,0.0006,0.0002,-0.04
T11515,Bacillus and Francisella bacterial research,29,2,-27,0.0007,0.0,-0.07
T11307,Domain Adaptation and Few-Shot Learning,16,15,-1,0.0004,0.0004,-0.0
T13682,Engineering Education and Pedagogy,5,26,21,0.0001,0.0006,0.05
T11196,Non-Invasive Vital Sign Monitoring,12,19,7,0.0003,0.0005,0.02
T11060,Infant Development and Preterm Care,16,15,-1,0.0004,0.0004,-0.0
T10310,Corrosion Behavior and Inhibition,11,20,9,0.0003,0.0005,0.02
T10545,Optimization and Variational Analysis,11,20,9,0.0003,0.0005,0.02
T12702,Brain Tumor Detection and Classification,13,18,5,0.0003,0.0004,0.01
T10205,Advanced Fiber Optic Sensors,14,17,3,0.0003,0.0004,0.01
T10172,Cardiac Valve Diseases and Treatments,14,16,2,0.0003,0.0004,0.01
T10884,Holomorphic and Operator Theory,13,17,4,0.0003,0.0004,0.01
T10203,Recommender Systems and Techniques,15,15,0,0.0004,0.0004,0.0
T11153,Streptococcal Infections and Treatments,20,10,-10,0.0005,0.0002,-0.02
T12202,nanoparticles nucleation surface interactions,22,8,-14,0.0005,0.0002,-0.03
T11241,Advanced Malware Detection Techniques,19,11,-8,0.0005,0.0003,-0.02
T11263,Electromagnetic Simulation and Numerical Methods,21,9,-12,0.0005,0.0002,-0.03
T10503,Global Financial Crisis and Policies,17,13,-4,0.0004,0.0003,-0.01
T10906,AI-based Problem Solving and Planning,14,16,2,0.0003,0.0004,0.01
T11376,Geriatric Care and Nursing Homes,17,13,-4,0.0004,0.0003,-0.01
T13866,Occupational health in dentistry,12,18,6,0.0003,0.0004,0.01
T10918,Memory Processes and Influences,9,21,12,0.0002,0.0005,0.03
T10576,Opioid Use Disorder Treatment,12,18,6,0.0003,0.0004,0.01
T12335,"Sexuality, Behavior, and Technology",19,11,-8,0.0005,0.0003,-0.02
T12174,Hospital Admissions and Outcomes,14,16,2,0.0003,0.0004,0.01
T10565,"Psychopathy, Forensic Psychiatry, Sexual Offending",12,18,6,0.0003,0.0004,0.01
T12171,Open Education and E-Learning,18,12,-6,0.0004,0.0003,-0.01
T10813,Sport Psychology and Performance,13,17,4,0.0003,0.0004,0.01
T11931,Organoselenium and organotellurium chemistry,12,18,6,0.0003,0.0004,0.01
T10067,Stochastic processes and financial applications,16,14,-2,0.0004,0.0003,-0.0
T11216,Radiation Detection and Scintillator Technologies,23,7,-16,0.0006,0.0002,-0.04
T12659,Innovation Diffusion and Forecasting,22,8,-14,0.0005,0.0002,-0.03
T12675,Financial Reporting and Valuation Research,23,7,-16,0.0006,0.0002,-0.04
T12422,Radiomics and Machine Learning in Medical Imaging,17,13,-4,0.0004,0.0003,-0.01
T10001,Geological and Geochemical Analysis,18,12,-6,0.0004,0.0003,-0.01
T10695,Parasites and Host Interactions,14,16,2,0.0003,0.0004,0.01
T12153,Advanced Optical Sensing Technologies,19,11,-8,0.0005,0.0003,-0.02
T10833,Vaccine Coverage and Hesitancy,17,13,-4,0.0004,0.0003,-0.01
T10819,Mercury impact and mitigation studies,23,7,-16,0.0006,0.0002,-0.04
T10165,Classical Antiquity Studies,20,10,-10,0.0005,0.0002,-0.02
T11000,Infection Control in Healthcare,11,19,8,0.0003,0.0005,0.02
T10595,Medieval Literature and History,11,19,8,0.0003,0.0005,0.02
T11393,Biosensors and Analytical Detection,16,14,-2,0.0004,0.0003,-0.0
T10689,Remote-Sensing Image Classification,9,21,12,0.0002,0.0005,0.03
T10577,Hydrology and Sediment Transport Processes,15,14,-1,0.0004,0.0003,-0.0
T12728,Demographic Trends and Gender Preferences,25,4,-21,0.0006,0.0001,-0.05
T10297,Philosophical Ethics and Theory,9,20,11,0.0002,0.0005,0.03
T10653,Robot Manipulation and Learning,12,17,5,0.0003,0.0004,0.01
T10876,Fault Detection and Control Systems,21,8,-13,0.0005,0.0002,-0.03
T11715,Education and Critical Thinking Development,24,5,-19,0.0006,0.0001,-0.05
T10758,Cinema and Media Studies,22,7,-15,0.0005,0.0002,-0.04
T13034,Information Systems Education and Curriculum Development,8,21,13,0.0002,0.0005,0.03
T13794,Financial Reporting and XBRL,13,16,3,0.0003,0.0004,0.01
T11443,Advanced Statistical Process Monitoring,14,15,1,0.0003,0.0004,0.0
T10466,Meteorological Phenomena and Simulations,16,13,-3,0.0004,0.0003,-0.01
T10326,Indoor and Outdoor Localization Technologies,15,14,-1,0.0004,0.0003,-0.0
T12736,Criminal Justice and Penology,0,29,29,0.0,0.0007,0.07
T11005,Radiation Effects in Electronics,11,18,7,0.0003,0.0004,0.02
T10883,Ethics and Social Impacts of AI,11,18,7,0.0003,0.0004,0.02
T12343,Geography Education and Pedagogy,10,19,9,0.0002,0.0005,0.02
T12359,Fern and Epiphyte Biology,11,18,7,0.0003,0.0004,0.02
T11621,Fiscal Policies and Political Economy,13,16,3,0.0003,0.0004,0.01
T10440,Advanced Thermoelectric Materials and Devices,14,15,1,0.0003,0.0004,0.0
T10514,Numerical methods in engineering,28,1,-27,0.0007,0.0,-0.07
T13369,European and Russian Geopolitical Military Strategies,10,19,9,0.0002,0.0005,0.02
T11976,Capital Investment and Risk Analysis,10,19,9,0.0002,0.0005,0.02
T11105,Advanced Image Processing Techniques,10,19,9,0.0002,0.0005,0.02
T10317,Advanced Database Systems and Queries,16,13,-3,0.0004,0.0003,-0.01
T11371,Wind and Air Flow Studies,24,5,-19,0.0006,0.0001,-0.05
T11795,Humor Studies and Applications,16,13,-3,0.0004,0.0003,-0.01
T12843,Human Resource and Talent Management,9,20,11,0.0002,0.0005,0.03
T12242,Latin American and Latino Studies,18,10,-8,0.0004,0.0002,-0.02
T11311,Soil and Water Nutrient Dynamics,20,8,-12,0.0005,0.0002,-0.03
T13229,Gothic Literature and Media Analysis,14,14,0,0.0003,0.0003,0.0
T13841,Psychology of Social Influence,20,8,-12,0.0005,0.0002,-0.03
T11403,Invertebrate Immune Response Mechanisms,13,15,2,0.0003,0.0004,0.01
T10934,Heat shock proteins research,17,11,-6,0.0004,0.0003,-0.01
T10110,earthquake and tectonic studies,18,10,-8,0.0004,0.0002,-0.02
T13129,Material Properties and Applications,10,18,8,0.0002,0.0004,0.02
T10510,Stroke Rehabilitation and Recovery,14,14,0,0.0003,0.0003,0.0
T10056,Neurotransmitter Receptor Influence on Behavior,15,13,-2,0.0004,0.0003,-0.0
T12507,"Utopian, Dystopian, and Speculative Fiction",6,22,16,0.0001,0.0005,0.04
T13116,Heat Transfer and Numerical Methods,7,21,14,0.0002,0.0005,0.03
T13803,Organizational Strategy and Culture,14,14,0,0.0003,0.0003,0.0
T12983,Satellite Image Processing and Photogrammetry,6,22,16,0.0001,0.0005,0.04
T11605,Visual Attention and Saliency Detection,11,17,6,0.0003,0.0004,0.01
T11095,Emergency and Acute Care Studies,14,14,0,0.0003,0.0003,0.0
T12062,Approximation Theory and Sequence Spaces,14,14,0,0.0003,0.0003,0.0
T12350,Particle Dynamics in Fluid Flows,17,11,-6,0.0004,0.0003,-0.01
T12704,Stress and Burnout Research,0,28,28,0.0,0.0007,0.07
T11324,Spectroscopy Techniques in Biomedical and Chemical Research,12,15,3,0.0003,0.0004,0.01
T10451,Mycorrhizal Fungi and Plant Interactions,26,1,-25,0.0006,0.0,-0.06
T11526,Innovative Teaching Methods,16,11,-5,0.0004,0.0003,-0.01
T12028,Knowledge Management and Sharing,17,10,-7,0.0004,0.0002,-0.02
T11712,Intergenerational Family Dynamics and Caregiving,18,9,-9,0.0004,0.0002,-0.02
T12648,Academic Writing and Publishing,8,19,11,0.0002,0.0005,0.03
T13060,Adventure Sports and Sensation Seeking,16,11,-5,0.0004,0.0003,-0.01
T10519,Advanced Proteomics Techniques and Applications,12,15,3,0.0003,0.0004,0.01
T11522,VLSI and FPGA Design Techniques,17,10,-7,0.0004,0.0002,-0.02
T12383,Aeolian processes and effects,16,11,-5,0.0004,0.0003,-0.01
T10369,Advanced MEMS and NEMS Technologies,12,15,3,0.0003,0.0004,0.01
T10055,Diverse Aspects of Tourism Research,12,15,3,0.0003,0.0004,0.01
T11719,Data Quality and Management,20,7,-13,0.0005,0.0002,-0.03
T11959,Employment and Welfare Studies,25,2,-23,0.0006,0.0,-0.06
T10709,Social Robot Interaction and HRI,13,14,1,0.0003,0.0003,0.0
T14395,African history and culture studies,18,9,-9,0.0004,0.0002,-0.02
T10799,Data Visualization and Analytics,7,20,13,0.0002,0.0005,0.03
T11034,Digital Filter Design and Implementation,8,19,11,0.0002,0.0005,0.03
T10795,Healthcare professionals’ stress and burnout,18,9,-9,0.0004,0.0002,-0.02
T11759,Occupational Therapy Practice and Research,17,10,-7,0.0004,0.0002,-0.02
T11779,Higher Education and Employability,10,17,7,0.0002,0.0004,0.02
T12259,Environmental Justice and Health Disparities,9,18,9,0.0002,0.0004,0.02
T10937,"Telomeres, Telomerase, and Senescence",13,14,1,0.0003,0.0003,0.0
T10790,Heavy Metal Exposure and Toxicity,11,15,4,0.0003,0.0004,0.01
T12693,"Migration, Ethnicity, and Economy",20,6,-14,0.0005,0.0001,-0.03
T13928,Advanced Sensor Technologies Research,12,14,2,0.0003,0.0003,0.01
T10601,Handwritten Text Recognition Techniques,13,13,0,0.0003,0.0003,0.0
T10260,Software Engineering Research,16,10,-6,0.0004,0.0002,-0.01
T11175,Gyrotron and Vacuum Electronics Research,18,8,-10,0.0004,0.0002,-0.02
T10365,Gastrointestinal motility and disorders,8,18,10,0.0002,0.0004,0.02
T10433,Carcinogens and Genotoxicity Assessment,10,16,6,0.0002,0.0004,0.01
T11619,Combustion and Detonation Processes,20,6,-14,0.0005,0.0001,-0.03
T10217,Cardiac electrophysiology and arrhythmias,14,12,-2,0.0003,0.0003,-0.0
T11692,Noise Effects and Management,12,14,2,0.0003,0.0003,0.01
T11022,Spectral Theory in Mathematical Physics,9,17,8,0.0002,0.0004,0.02
T12321,Insect Pheromone Research and Control,4,22,18,0.0001,0.0005,0.04
T10095,Cosmology and Gravitation Theories,12,14,2,0.0003,0.0003,0.01
T14017,Legal Issues in Education,10,16,6,0.0002,0.0004,0.01
T13728,"Crime, Deviance, and Social Control",12,14,2,0.0003,0.0003,0.01
T12372,Art Therapy and Mental Health,14,12,-2,0.0003,0.0003,-0.0
T10280,Shoulder Injury and Treatment,16,10,-6,0.0004,0.0002,-0.01
T12126,Maritime Transport Emissions and Efficiency,17,9,-8,0.0004,0.0002,-0.02
T12060,Child Development and Digital Technology,21,5,-16,0.0005,0.0001,-0.04
T13447,Educational and Psychological Assessments,26,0,-26,0.0006,0.0,-0.06
T11331,Fecal contamination and water quality,11,15,4,0.0003,0.0004,0.01
T12439,Dental Research and COVID-19,18,8,-10,0.0004,0.0002,-0.02
T10158,Cancer Immunotherapy and Biomarkers,12,14,2,0.0003,0.0003,0.01
T13177,Geological and Geophysical Studies,3,23,20,0.0001,0.0006,0.05
T10998,Heat Transfer and Optimization,14,12,-2,0.0003,0.0003,-0.0
T10283,Hearing Loss and Rehabilitation,12,13,1,0.0003,0.0003,0.0
T11995,"FinTech, Crowdfunding, Digital Finance",15,10,-5,0.0004,0.0002,-0.01
T10901,Advanced Data Compression Techniques,8,17,9,0.0002,0.0004,0.02
T12863,Web and Library Services,20,5,-15,0.0005,0.0001,-0.04
T11488,Climate Change Communication and Perception,14,11,-3,0.0003,0.0003,-0.01
T10843,Diversity and Career in Medicine,15,10,-5,0.0004,0.0002,-0.01
T11089,Radioactive contamination and transfer,13,12,-1,0.0003,0.0003,-0.0
T12166,Ion-surface interactions and analysis,11,14,3,0.0003,0.0003,0.01
T10719,3D Shape Modeling and Analysis,13,12,-1,0.0003,0.0003,-0.0
T12233,Geotechnical Engineering and Underground Structures,13,12,-1,0.0003,0.0003,-0.0
T11127,Solid State Laser Technologies,7,18,11,0.0002,0.0004,0.03
T13141,Statistical Methods and Applications,1,24,23,0.0,0.0006,0.06
T13500,Probability and Statistical Research,3,22,19,0.0001,0.0005,0.05
T12275,Gender and Feminist Studies,1,24,23,0.0,0.0006,0.06
T11045,"Privacy, Security, and Data Protection",11,14,3,0.0003,0.0003,0.01
T12772,Control and Stability of Dynamical Systems,2,23,21,0.0,0.0006,0.05
T10210,Advanced oxidation water treatment,10,15,5,0.0002,0.0004,0.01
T13007,Economic Sanctions and International Relations,13,12,-1,0.0003,0.0003,-0.0
T12717,Space exploration and regulation,10,15,5,0.0002,0.0004,0.01
T13494,Military History and Strategy,10,15,5,0.0002,0.0004,0.01
T11437,Digital Platforms and Economics,11,14,3,0.0003,0.0003,0.01
T11633,Prenatal Substance Exposure Effects,14,11,-3,0.0003,0.0003,-0.01
T11433,Emotional Intelligence and Performance,18,7,-11,0.0004,0.0002,-0.03
T10570,Drug Transport and Resistance Mechanisms,12,13,1,0.0003,0.0003,0.0
T10393,Economic Growth and Productivity,15,10,-5,0.0004,0.0002,-0.01
T10827,Patient-Provider Communication in Healthcare,8,17,9,0.0002,0.0004,0.02
T10978,Prenatal Screening and Diagnostics,21,4,-17,0.0005,0.0001,-0.04
T12776,Electrohydrodynamics and Fluid Dynamics,21,4,-17,0.0005,0.0001,-0.04
T12274,Electrostatics and Colloid Interactions,7,18,11,0.0002,0.0004,0.03
T13565,Education and Learning Interventions,25,0,-25,0.0006,0.0,-0.06
T12244,Healthcare Education and Workforce Issues,18,7,-11,0.0004,0.0002,-0.03
T11729,Product Development and Customization,11,14,3,0.0003,0.0003,0.01
T11205,Numerical methods in inverse problems,16,9,-7,0.0004,0.0002,-0.02
T14207,Higher Education Practises and Engagement,18,7,-11,0.0004,0.0002,-0.03
T11587,Second Language Acquisition and Learning,16,9,-7,0.0004,0.0002,-0.02
T11056,Physiological and biochemical adaptations,13,12,-1,0.0003,0.0003,-0.0
T10716,Soil and Unsaturated Flow,12,13,1,0.0003,0.0003,0.0
T10522,Medical Imaging Techniques and Applications,15,10,-5,0.0004,0.0002,-0.01
T11081,Advanced Control Systems Design,3,22,19,0.0001,0.0005,0.05
T10870,Interstitial Lung Diseases and Idiopathic Pulmonary Fibrosis,5,20,15,0.0001,0.0005,0.04
T10582,Ethics in Clinical Research,10,15,5,0.0002,0.0004,0.01
T10226,Land Use and Ecosystem Services,16,9,-7,0.0004,0.0002,-0.02
T11631,"Retirement, Disability, and Employment",17,8,-9,0.0004,0.0002,-0.02
T11704,Mobile Crowdsensing and Crowdsourcing,11,13,2,0.0003,0.0003,0.01
T10791,Advanced Control Systems Optimization,14,10,-4,0.0003,0.0002,-0.01
T12131,Wireless Signal Modulation Classification,15,9,-6,0.0004,0.0002,-0.01
T11472,Analytical Chemistry and Sensors,16,8,-8,0.0004,0.0002,-0.02
T13993,Historical Geopolitical and Social Dynamics,4,20,16,0.0001,0.0005,0.04
T12589,Differential Equations and Boundary Problems,2,22,20,0.0,0.0005,0.05
T12039,Electron and X-Ray Spectroscopy Techniques,17,7,-10,0.0004,0.0002,-0.02
T12214,Media Influence and Health,13,11,-2,0.0003,0.0003,-0.0
T10905,Solar Thermal and Photovoltaic Systems,9,15,6,0.0002,0.0004,0.01
T13510,Nostalgia and Consumer Behavior,12,12,0,0.0003,0.0003,0.0
T11823,Natural Resources and Economic Development,8,16,8,0.0002,0.0004,0.02
T10180,Analytical chemistry methods development,11,13,2,0.0003,0.0003,0.01
T11325,Inertial Sensor and Navigation,15,9,-6,0.0004,0.0002,-0.01
T12677,Sports Dynamics and Biomechanics,11,13,2,0.0003,0.0003,0.01
T12592,Opinion Dynamics and Social Influence,17,7,-10,0.0004,0.0002,-0.02
T12026,Explainable Artificial Intelligence (XAI),11,13,2,0.0003,0.0003,0.01
T10234,Obstructive Sleep Apnea Research,13,11,-2,0.0003,0.0003,-0.0
T11585,Exercise and Physiological Responses,13,11,-2,0.0003,0.0003,-0.0
T12196,Community Health and Development,15,9,-6,0.0004,0.0002,-0.01
T10637,Advanced Clustering Algorithms Research,4,20,16,0.0001,0.0005,0.04
T12019,Calibration and Measurement Techniques,8,15,7,0.0002,0.0004,0.02
T12594,Collaboration in agile enterprises,17,6,-11,0.0004,0.0001,-0.03
T11070,Soviet and Russian History,9,14,5,0.0002,0.0003,0.01
T12288,Optimization and Search Problems,15,8,-7,0.0004,0.0002,-0.02
T10898,Environmental Education and Sustainability,13,10,-3,0.0003,0.0002,-0.01
T12909,French Historical and Cultural Studies,7,16,9,0.0002,0.0004,0.02
T11048,Bacteriophages and microbial interactions,12,11,-1,0.0003,0.0003,-0.0
T10423,Neurobiology and Insect Physiology Research,15,8,-7,0.0004,0.0002,-0.02
T13641,Historical Studies and Socio-cultural Analysis,19,4,-15,0.0005,0.0001,-0.04
T10031,T-cell and B-cell Immunology,8,15,7,0.0002,0.0004,0.02
T10222,Genomics and Chromatin Dynamics,9,14,5,0.0002,0.0003,0.01
T10971,Olfactory and Sensory Function Studies,17,6,-11,0.0004,0.0001,-0.03
T11912,Outsourcing and Supply Chain Management,16,7,-9,0.0004,0.0002,-0.02
T13568,Wood and Agarwood Research,23,0,-23,0.0006,0.0,-0.06
T10914,Tactile and Sensory Interactions,14,9,-5,0.0003,0.0002,-0.01
T11773,Healthcare Operations and Scheduling Optimization,8,15,7,0.0002,0.0004,0.02
T10919,Neurological disorders and treatments,18,5,-13,0.0004,0.0001,-0.03
T11981,Qualitative Research Methods and Ethics,10,13,3,0.0002,0.0003,0.01
T10888,Augmented Reality Applications,13,10,-3,0.0003,0.0002,-0.01
T12046,MXene and MAX Phase Materials,15,8,-7,0.0004,0.0002,-0.02
T10171,Biofuel production and bioconversion,11,12,1,0.0003,0.0003,0.0
T11510,Reproductive System and Pregnancy,13,10,-3,0.0003,0.0002,-0.01
T12727,Differential Equations and Numerical Methods,15,8,-7,0.0004,0.0002,-0.02
T10737,Health Literacy and Information Accessibility,6,17,11,0.0001,0.0004,0.03
T11577,Cognitive Abilities and Testing,4,19,15,0.0001,0.0005,0.04
T14032,History and International Relations,1,22,21,0.0,0.0005,0.05
T13439,Transport and Economic Policies,16,7,-9,0.0004,0.0002,-0.02
T10025,Black Holes and Theoretical Physics,14,9,-5,0.0003,0.0002,-0.01
T11519,Digital Mental Health Interventions,17,5,-12,0.0004,0.0001,-0.03
T10600,Reproductive Health and Contraception,6,16,10,0.0001,0.0004,0.02
T13910,Computational and Text Analysis Methods,16,6,-10,0.0004,0.0001,-0.02
T10882,Cardiomyopathy and Myosin Studies,10,12,2,0.0002,0.0003,0.01
T11277,Thermal properties of materials,10,12,2,0.0002,0.0003,0.01
T12607,Personal Information Management and User Behavior,13,9,-4,0.0003,0.0002,-0.01
T12264,Tissue Engineering and Regenerative Medicine,11,11,0,0.0003,0.0003,0.0
T11014,Regional Economics and Spatial Analysis,8,14,6,0.0002,0.0003,0.01
T11024,Information Systems Theories and Implementation,14,8,-6,0.0003,0.0002,-0.01
T10011,"Literature: history, themes, analysis",18,4,-14,0.0004,0.0001,-0.03
T10686,Effects and risks of endocrine disrupting chemicals,13,9,-4,0.0003,0.0002,-0.01
T10220,Machine Fault Diagnosis Techniques,9,13,4,0.0002,0.0003,0.01
T10567,Vehicle Routing Optimization Methods,12,10,-2,0.0003,0.0002,-0.0
T11396,Artificial Intelligence in Healthcare,8,14,6,0.0002,0.0003,0.01
T11210,Mathematical Analysis and Transform Methods,7,15,8,0.0002,0.0004,0.02
T10261,Genetic Associations and Epidemiology,12,10,-2,0.0003,0.0002,-0.0
T10502,Advanced Memory and Neural Computing,12,10,-2,0.0003,0.0002,-0.0
T14185,"Research, Science, and Academia",4,18,14,0.0001,0.0004,0.03
T10453,Maternal and Perinatal Health Interventions,10,12,2,0.0002,0.0003,0.01
T11479,Smart Cities and Technologies,12,10,-2,0.0003,0.0002,-0.0
T12574,Clinical Reasoning and Diagnostic Skills,11,11,0,0.0003,0.0003,0.0
T12388,Identification and Quantification in Food,19,3,-16,0.0005,0.0001,-0.04
T13163,Organizational Learning and Leadership,16,6,-10,0.0004,0.0001,-0.02
T13196,Political Theory and Influence,13,9,-4,0.0003,0.0002,-0.01
T10529,Stress Responses and Cortisol,13,9,-4,0.0003,0.0002,-0.01
T10511,High voltage insulation and dielectric phenomena,12,10,-2,0.0003,0.0002,-0.0
T13702,Machine Learning in Healthcare,11,11,0,0.0003,0.0003,0.0
T12284,Emotional Labor in Professions,9,13,4,0.0002,0.0003,0.01
T13111,Nursing care and research,0,22,22,0.0,0.0005,0.05
T10119,Sustainability and Climate Change Governance,7,15,8,0.0002,0.0004,0.02
T13575,Travel Writing and Literature,9,12,3,0.0002,0.0003,0.01
T12752,Global Peace and Security Dynamics,16,5,-11,0.0004,0.0001,-0.03
T10461,Gas Sensing Nanomaterials and Sensors,10,11,1,0.0002,0.0003,0.0
T11316,Mycobacterium research and diagnosis,14,7,-7,0.0003,0.0002,-0.02
T12978,Innovative Teaching Methodologies in Social Sciences,8,13,5,0.0002,0.0003,0.01
T12129,Global Energy Security and Policy,8,13,5,0.0002,0.0003,0.01
T10198,Heart Failure Treatment and Management,8,13,5,0.0002,0.0003,0.01
T10862,AI in cancer detection,11,10,-1,0.0003,0.0002,-0.0
T10249,Distributed Control Multi-Agent Systems,8,13,5,0.0002,0.0003,0.01
T12882,Jungian Analytical Psychology,16,5,-11,0.0004,0.0001,-0.03
T10521,RNA and protein synthesis mechanisms,8,13,5,0.0002,0.0003,0.01
T11181,Advanced Data Storage Technologies,19,2,-17,0.0005,0.0,-0.04
T11372,Hydraulic and Pneumatic Systems,16,5,-11,0.0004,0.0001,-0.03
T10627,Advanced Image and Video Retrieval Techniques,17,4,-13,0.0004,0.0001,-0.03
T11299,Problem and Project Based Learning,8,13,5,0.0002,0.0003,0.01
T10554,Hemoglobinopathies and Related Disorders,11,10,-1,0.0003,0.0002,-0.0
T12409,Reformation and Early Modern Christianity,9,12,3,0.0002,0.0003,0.01
T12430,Academic and Historical Perspectives in Psychology,12,9,-3,0.0003,0.0002,-0.01
T11466,Innovative Education and Learning Practices,15,6,-9,0.0004,0.0001,-0.02
T13844,Higher Education Learning Practices,16,5,-11,0.0004,0.0001,-0.03
T12763,ATP Synthase and ATPases Research,7,14,7,0.0002,0.0003,0.02
T10177,Palliative Care and End-of-Life Issues,11,10,-1,0.0003,0.0002,-0.0
T12245,"Counseling, Therapy, and Family Dynamics",15,6,-9,0.0004,0.0001,-0.02
T11003,Disability Rights and Representation,6,15,9,0.0001,0.0004,0.02
T12111,Industrial Vision Systems and Defect Detection,18,3,-15,0.0004,0.0001,-0.04
T11604,Ship Hydrodynamics and Maneuverability,3,18,15,0.0001,0.0004,0.04
T11133,UAV Applications and Optimization,15,6,-9,0.0004,0.0001,-0.02
T11474,Sport and Mega-Event Impacts,14,6,-8,0.0003,0.0001,-0.02
T12170,History and Theory of Mathematics,4,16,12,0.0001,0.0004,0.03
T10206,Meta-analysis and systematic reviews,10,10,0,0.0002,0.0002,0.0
T14047,Marine and environmental studies,17,3,-14,0.0004,0.0001,-0.03
T12122,Physical Unclonable Functions (PUFs) and Hardware Security,11,9,-2,0.0003,0.0002,-0.0
T12537,Flow Measurement and Analysis,9,11,2,0.0002,0.0003,0.0
T12047,Viral Infections and Vectors,18,2,-16,0.0004,0.0,-0.04
T12923,Digital Image Processing Techniques,9,11,2,0.0002,0.0003,0.0
T11450,Model-Driven Software Engineering Techniques,9,11,2,0.0002,0.0003,0.0
T12684,Stuttering Research and Treatment,12,8,-4,0.0003,0.0002,-0.01
T11492,Academic integrity and plagiarism,7,13,6,0.0002,0.0003,0.01
T10927,Access Control and Trust,9,11,2,0.0002,0.0003,0.0
T13283,Mental Health Research Topics,12,8,-4,0.0003,0.0002,-0.01
T13521,Psychosocial Factors Impacting Youth,18,2,-16,0.0004,0.0,-0.04
T14313,Health and Well-being Studies,18,2,-16,0.0004,0.0,-0.04
T10603,Smart Grid Energy Management,12,8,-4,0.0003,0.0002,-0.01
T10742,Peer-to-Peer Network Technologies,16,4,-12,0.0004,0.0001,-0.03
T11537,Ethics in medical practice,19,1,-18,0.0005,0.0,-0.04
T11512,Anomaly Detection Techniques and Applications,16,4,-12,0.0004,0.0001,-0.03
T11261,Quantum chaos and dynamical systems,19,1,-18,0.0005,0.0,-0.04
T13333,American Political and Social Dynamics,9,11,2,0.0002,0.0003,0.0
T11698,Underwater Acoustics Research,14,6,-8,0.0003,0.0001,-0.02
T13402,Business Strategy and Innovation,14,6,-8,0.0003,0.0001,-0.02
T11090,Dark Matter and Cosmic Phenomena,19,1,-18,0.0005,0.0,-0.04
T10729,Electrospun Nanofibers in Biomedical Applications,11,9,-2,0.0003,0.0002,-0.0
T10933,Real-Time Systems Scheduling,8,12,4,0.0002,0.0003,0.01
T11462,Museums and Cultural Heritage,9,11,2,0.0002,0.0003,0.0
T12546,Smart Parking Systems Research,10,10,0,0.0002,0.0002,0.0
T11478,Caching and Content Delivery,13,7,-6,0.0003,0.0002,-0.01
T10925,Spinal Cord Injury Research,11,9,-2,0.0003,0.0002,-0.0
T11113,Music History and Culture,13,7,-6,0.0003,0.0002,-0.01
T10362,Biblical Studies and Interpretation,6,14,8,0.0001,0.0003,0.02
T14304,Transport Systems and Technology,8,12,4,0.0002,0.0003,0.01
T10155,Nitric Oxide and Endothelin Effects,6,14,8,0.0001,0.0003,0.02
T12338,Digital literacy in education,8,12,4,0.0002,0.0003,0.01
T13147,Ethics and bioethics in healthcare,0,20,20,0.0,0.0005,0.05
T11875,Statistics Education and Methodologies,8,11,3,0.0002,0.0003,0.01
T11508,Corporate Taxation and Avoidance,12,7,-5,0.0003,0.0002,-0.01
T10434,Chromosomal and Genetic Variations,10,9,-1,0.0002,0.0002,-0.0
T11814,Advanced Manufacturing and Logistics Optimization,12,7,-5,0.0003,0.0002,-0.01
T12457,Ecocriticism and Environmental Literature,10,9,-1,0.0002,0.0002,-0.0
T11803,Superconducting and THz Device Technology,10,9,-1,0.0002,0.0002,-0.0
T11819,Data-Driven Disease Surveillance,13,6,-7,0.0003,0.0001,-0.02
T10286,Information Retrieval and Search Behavior,2,17,15,0.0,0.0004,0.04
T11380,Child Welfare and Adoption,8,11,3,0.0002,0.0003,0.01
T14518,American Sports and Literature,11,8,-3,0.0003,0.0002,-0.01
T11694,Fluid Dynamics Simulations and Interactions,14,5,-9,0.0003,0.0001,-0.02
T11717,Postcolonial and Cultural Literary Studies,11,8,-3,0.0003,0.0002,-0.01
T11439,Video Analysis and Summarization,10,9,-1,0.0002,0.0002,-0.0
T11114,Service and Product Innovation,9,10,1,0.0002,0.0002,0.0
T10743,Software Testing and Debugging Techniques,8,11,3,0.0002,0.0003,0.01
T11340,Marine Sponges and Natural Products,11,8,-3,0.0003,0.0002,-0.01
T10096,Metal-Organic Frameworks: Synthesis and Applications,12,7,-5,0.0003,0.0002,-0.01
T11972,Chromium effects and bioremediation,10,9,-1,0.0002,0.0002,-0.0
T10070,Political Conflict and Governance,10,9,-1,0.0002,0.0002,-0.0
T11990,Global Health Workforce Issues,12,7,-5,0.0003,0.0002,-0.01
T10749,International Law and Human Rights,6,13,7,0.0001,0.0003,0.02
T13836,Educational Research and Pedagogy,19,0,-19,0.0005,0.0,-0.05
T10181,Natural Language Processing Techniques,12,7,-5,0.0003,0.0002,-0.01
T11498,Security in Wireless Sensor Networks,10,9,-1,0.0002,0.0002,-0.0
T10762,"Migration, Health and Trauma",12,7,-5,0.0003,0.0002,-0.01
T12361,Study of Mite Species,6,13,7,0.0001,0.0003,0.02
T12639,Global Energy and Sustainability Research,15,4,-11,0.0004,0.0001,-0.03
T11573,Risk Perception and Management,7,12,5,0.0002,0.0003,0.01
T12066,Obesity and Health Practices,11,8,-3,0.0003,0.0002,-0.01
T10074,Carbon Nanotubes in Composites,10,9,-1,0.0002,0.0002,-0.0
T10531,Advanced Vision and Imaging,10,9,-1,0.0002,0.0002,-0.0
T14494,American Literature and Culture,1,18,17,0.0,0.0004,0.04
T14056,Safety Warnings and Signage,16,2,-14,0.0004,0.0,-0.03
T10904,Embedded Systems Design Techniques,9,9,0,0.0002,0.0002,0.0
T10450,Aquaculture Nutrition and Growth,10,8,-2,0.0002,0.0002,-0.0
T11699,High-Velocity Impact and Material Behavior,10,8,-2,0.0002,0.0002,-0.0
T11084,Workplace Health and Well-being,9,9,0,0.0002,0.0002,0.0
T12564,Sensor Technology and Measurement Systems,10,8,-2,0.0002,0.0002,-0.0
T11766,Iron-based superconductors research,10,8,-2,0.0002,0.0002,-0.0
T10289,European Union Policy and Governance,9,9,0,0.0002,0.0002,0.0
T10707,Cellular and Composite Structures,10,8,-2,0.0002,0.0002,-0.0
T11592,Phenomenology and Existential Philosophy,5,13,8,0.0001,0.0003,0.02
T10294,Cell death mechanisms and regulation,7,11,4,0.0002,0.0003,0.01
T11487,Automotive and Human Injury Biomechanics,10,8,-2,0.0002,0.0002,-0.0
T11421,Labor Movements and Unions,11,7,-4,0.0003,0.0002,-0.01
T11890,Scientific Measurement and Uncertainty Evaluation,9,9,0,0.0002,0.0002,0.0
T11167,Hair Growth and Disorders,10,8,-2,0.0002,0.0002,-0.0
T10738,Posthumanist Ethics and Activism,11,7,-4,0.0003,0.0002,-0.01
T12478,Wikis in Education and Collaboration,11,7,-4,0.0003,0.0002,-0.01
T11776,Irish and British Studies,13,5,-8,0.0003,0.0001,-0.02
T12279,Body Composition Measurement Techniques,9,9,0,0.0002,0.0002,0.0
T10266,Plant Water Relations and Carbon Dynamics,10,8,-2,0.0002,0.0002,-0.0
T13780,Diverse Education Studies and Reforms,15,3,-12,0.0004,0.0001,-0.03
T12802,Competency Development and Evaluation,5,13,8,0.0001,0.0003,0.02
T10526,HIV/AIDS drug development and treatment,6,12,6,0.0001,0.0003,0.01
T10773,Extracellular vesicles in disease,6,12,6,0.0001,0.0003,0.01
T14192,"Literature, Film, and Journalism Analysis",8,10,2,0.0002,0.0002,0.0
T10953,E-Government and Public Services,9,9,0,0.0002,0.0002,0.0
T14423,Military Technology and Strategies,8,10,2,0.0002,0.0002,0.0
T10804,"Health Systems, Economic Evaluations, Quality of Life",11,7,-4,0.0003,0.0002,-0.01
T12531,Values and Moral Education,7,11,4,0.0002,0.0003,0.01
T11486,Micro and Nano Robotics,11,7,-4,0.0003,0.0002,-0.01
T10943,Escherichia coli research studies,17,1,-16,0.0004,0.0,-0.04
T13933,Whitehead's Philosophy and Applications,4,14,10,0.0001,0.0003,0.02
T13726,International Science and Diplomacy,18,0,-18,0.0004,0.0,-0.04
T11629,"Birth, Development, and Health",9,9,0,0.0002,0.0002,0.0
T12262,Hate Speech and Cyberbullying Detection,15,3,-12,0.0004,0.0001,-0.03
T11031,Game Theory and Applications,9,9,0,0.0002,0.0002,0.0
T10381,Ophthalmology and Visual Impairment Studies,16,2,-14,0.0004,0.0,-0.03
T10757,Geographic Information Systems Studies,11,7,-4,0.0003,0.0002,-0.01
T10591,Theoretical and Computational Physics,13,5,-8,0.0003,0.0001,-0.02
T11087,Solidification and crystal growth phenomena,9,9,0,0.0002,0.0002,0.0
T11733,X-ray Spectroscopy and Fluorescence Analysis,12,6,-6,0.0003,0.0001,-0.01
T11477,"Epistemology, Ethics, and Metaphysics",5,13,8,0.0001,0.0003,0.02
T14380,Libraries and Information Services,15,3,-12,0.0004,0.0001,-0.03
T14302,European Politics and Security,4,14,10,0.0001,0.0003,0.02
T10983,Aortic aneurysm repair treatments,7,11,4,0.0002,0.0003,0.01
T11273,Advanced Graph Neural Networks,13,5,-8,0.0003,0.0001,-0.02
T12337,Italian Fascism and Post-war Society,13,5,-8,0.0003,0.0001,-0.02
T13802,Vietnamese History and Culture Studies,18,0,-18,0.0004,0.0,-0.04
T11264,Coffee research and impacts,11,7,-4,0.0003,0.0002,-0.01
T10338,Advanced Sensor and Energy Harvesting Materials,12,5,-7,0.0003,0.0001,-0.02
T14510,Medical Imaging and Analysis,13,4,-9,0.0003,0.0001,-0.02
T11996,Random lasers and scattering media,13,4,-9,0.0003,0.0001,-0.02
T13038,Internet of Things and AI,5,12,7,0.0001,0.0003,0.02
T11457,Adipose Tissue and Metabolism,11,6,-5,0.0003,0.0001,-0.01
T14214,Space Exploration and Technology,12,5,-7,0.0003,0.0001,-0.02
T12824,Infections and bacterial resistance,17,0,-17,0.0004,0.0,-0.04
T12554,Vitamin C and Antioxidants Research,11,6,-5,0.0003,0.0001,-0.01
T10105,Osteoarthritis Treatment and Mechanisms,9,8,-1,0.0002,0.0002,-0.0
T11366,Elasticity and Material Modeling,11,6,-5,0.0003,0.0001,-0.01
T10336,Cancer Cells and Metastasis,10,7,-3,0.0002,0.0002,-0.01
T12100,Advanced Mathematical Modeling in Engineering,10,7,-3,0.0002,0.0002,-0.01
T10277,Vitamin D Research Studies,8,9,1,0.0002,0.0002,0.0
T13558,"Philosophy, Science, and History",9,8,-1,0.0002,0.0002,-0.0
T10873,Bacterial Infections and Vaccines,16,1,-15,0.0004,0.0,-0.04
T11391,Theatre and Performance Studies,5,12,7,0.0001,0.0003,0.02
T13745,Media and Digital Communication,1,16,15,0.0,0.0004,0.04
T11851,Electromagnetic Compatibility and Measurements,11,6,-5,0.0003,0.0001,-0.01
T12042,Satellite Communication Systems,10,7,-3,0.0002,0.0002,-0.01
T14156,Engineering Applied Research,6,11,5,0.0001,0.0003,0.01
T10874,Electromagnetic Fields and Biological Effects,4,13,9,0.0001,0.0003,0.02
T14146,Earthquake and Tsunami Effects,1,16,15,0.0,0.0004,0.04
T10444,Context-Aware Activity Recognition Systems,8,9,1,0.0002,0.0002,0.0
T13495,Biographical and Historical Analysis,3,14,11,0.0001,0.0003,0.03
T11467,Trauma and Emergency Care Studies,9,8,-1,0.0002,0.0002,-0.0
T10680,Wind Energy Research and Development,7,10,3,0.0002,0.0002,0.01
T10593,Bacterial biofilms and quorum sensing,14,3,-11,0.0003,0.0001,-0.03
T12006,Ergonomics and Musculoskeletal Disorders,12,5,-7,0.0003,0.0001,-0.02
T13650,Computational Physics and Python Applications,12,5,-7,0.0003,0.0001,-0.02
T11606,Infrastructure Maintenance and Monitoring,12,5,-7,0.0003,0.0001,-0.02
T10409,Fuel Cells and Related Materials,10,7,-3,0.0002,0.0002,-0.01
T13937,"Genetics, Bioinformatics, and Biomedical Research",14,3,-11,0.0003,0.0001,-0.03
T11458,Advanced Wireless Communication Technologies,6,11,5,0.0001,0.0003,0.01
T10794,Islamic Studies and History,17,0,-17,0.0004,0.0,-0.04
T12268,Deception detection and forensic psychology,8,9,1,0.0002,0.0002,0.0
T10269,Epigenetics and DNA Methylation,10,7,-3,0.0002,0.0002,-0.01
T12520,Psychology of Moral and Emotional Judgment,11,6,-5,0.0003,0.0001,-0.01
T13143,Child Therapy and Development,15,2,-13,0.0004,0.0,-0.03
T12698,3D Modeling in Geospatial Applications,8,9,1,0.0002,0.0002,0.0
T10977,Optical Imaging and Spectroscopy Techniques,4,13,9,0.0001,0.0003,0.02
T10976,Viral gastroenteritis research and epidemiology,10,7,-3,0.0002,0.0002,-0.01
T12851,Firm Innovation and Growth,8,9,1,0.0002,0.0002,0.0
T12831,School Health and Nursing Education,6,11,5,0.0001,0.0003,0.01
T12618,Botany and Plant Ecology Studies,1,16,15,0.0,0.0004,0.04
T11820,Learning Styles and Cognitive Differences,7,10,3,0.0002,0.0002,0.01
T14109,Scottish History and National Identity,12,5,-7,0.0003,0.0001,-0.02
T12254,Machine Learning in Bioinformatics,6,11,5,0.0001,0.0003,0.01
T12825,"Defense, Military, and Policy Studies",10,7,-3,0.0002,0.0002,-0.01
T11598,Internet Traffic Analysis and Secure E-voting,10,7,-3,0.0002,0.0002,-0.01
T10493,Ion channel regulation and function,8,8,0,0.0002,0.0002,0.0
T10981,Cytomegalovirus and herpesvirus research,8,8,0,0.0002,0.0002,0.0
T10923,Force Microscopy Techniques and Applications,10,6,-4,0.0002,0.0001,-0.01
T12485,"Optimism, Hope, and Well-being",11,5,-6,0.0003,0.0001,-0.01
T10026,"Galaxies: Formation, Evolution, Phenomena",7,9,2,0.0002,0.0002,0.0
T10288,Fractional Differential Equations Solutions,11,5,-6,0.0003,0.0001,-0.01
T11351,Catalysis and Hydrodesulfurization Studies,9,7,-2,0.0002,0.0002,-0.0
T12682,Smart Materials for Construction,9,7,-2,0.0002,0.0002,-0.0
T10459,Sexual function and dysfunction studies,9,7,-2,0.0002,0.0002,-0.0
T11944,Participatory Visual Research Methods,7,9,2,0.0002,0.0002,0.0
T12191,Chemical Reaction Mechanisms,6,10,4,0.0001,0.0002,0.01
T11303,Bayesian Modeling and Causal Inference,10,6,-4,0.0002,0.0001,-0.01
T10111,Remote Sensing in Agriculture,11,5,-6,0.0003,0.0001,-0.01
T11490,Hydrological Forecasting Using AI,4,12,8,0.0001,0.0003,0.02
T10766,Urban Heat Island Mitigation,9,7,-2,0.0002,0.0002,-0.0
T12095,Vehicle emissions and performance,11,5,-6,0.0003,0.0001,-0.01
T12221,Cybersecurity and Cyber Warfare Studies,9,7,-2,0.0002,0.0002,-0.0
T11103,Antimicrobial Peptides and Activities,5,11,6,0.0001,0.0003,0.01
T13169,Consumer Perception and Purchasing Behavior,6,10,4,0.0001,0.0002,0.01
T10815,Parasite Biology and Host Interactions,11,5,-6,0.0003,0.0001,-0.01
T12354,Innovations in Educational Methods,8,8,0,0.0002,0.0002,0.0
T12544,Working Capital and Financial Performance,5,11,6,0.0001,0.0003,0.01
T10030,Electrocatalysts for Energy Conversion,5,11,6,0.0001,0.0003,0.01
T12159,T-cell and Retrovirus Studies,8,8,0,0.0002,0.0002,0.0
T10824,Image Retrieval and Classification Techniques,11,5,-6,0.0003,0.0001,-0.01
T13785,Aquatic and Environmental Studies,9,7,-2,0.0002,0.0002,-0.0
T11010,"Logic, Reasoning, and Knowledge",6,10,4,0.0001,0.0002,0.01
T11764,Evolution and Genetic Dynamics,7,9,2,0.0002,0.0002,0.0
T10543,Prostate Cancer Treatment and Research,7,9,2,0.0002,0.0002,0.0
T10785,Economic Theory and Institutions,8,8,0,0.0002,0.0002,0.0
T12784,Modular Robots and Swarm Intelligence,12,4,-8,0.0003,0.0001,-0.02
T13582,"Stalking, Cyberstalking, and Harassment",9,7,-2,0.0002,0.0002,-0.0
T11429,Semiconductor Lasers and Optical Devices,10,6,-4,0.0002,0.0001,-0.01
T11182,Auction Theory and Applications,13,3,-10,0.0003,0.0001,-0.02
T13638,Human auditory perception and evaluation,16,0,-16,0.0004,0.0,-0.04
T12120,Air Quality Monitoring and Forecasting,12,4,-8,0.0003,0.0001,-0.02
T10027,"Diabetes, Cardiovascular Risks, and Lipoproteins",13,3,-10,0.0003,0.0001,-0.02
T10538,Data Mining Algorithms and Applications,9,7,-2,0.0002,0.0002,-0.0
T10893,Chinese history and philosophy,9,7,-2,0.0002,0.0002,-0.0
T10238,Spine and Intervertebral Disc Pathology,7,9,2,0.0002,0.0002,0.0
T14427,Environmental Monitoring and Data Management,8,8,0,0.0002,0.0002,0.0
T10278,Electric Motor Design and Analysis,8,8,0,0.0002,0.0002,0.0
T11330,Systemic Sclerosis and Related Diseases,8,8,0,0.0002,0.0002,0.0
T14238,Historical Gender and Feminism Studies,6,10,4,0.0001,0.0002,0.01
T10066,Gut microbiota and health,8,8,0,0.0002,0.0002,0.0
T11753,Forest Management and Policy,16,0,-16,0.0004,0.0,-0.04
T11220,Water Systems and Optimization,11,5,-6,0.0003,0.0001,-0.01
T11901,Bayesian Methods and Mixture Models,10,6,-4,0.0002,0.0001,-0.01
T10552,Colorectal Cancer Screening and Detection,9,7,-2,0.0002,0.0002,-0.0
T14031,Global and Cross-Cultural Management,1,15,14,0.0,0.0004,0.03
T12384,Customer churn and segmentation,9,7,-2,0.0002,0.0002,-0.0
T13149,Organizational Change and Leadership,1,15,14,0.0,0.0004,0.03
T13872,Vocational and Entrepreneurial Education,0,16,16,0.0,0.0004,0.04
T12168,Health and Medical Research Impacts,13,3,-10,0.0003,0.0001,-0.02
T12741,Maternal and Neonatal Healthcare,0,16,16,0.0,0.0004,0.04
T12219,Canadian Identity and History,11,4,-7,0.0003,0.0001,-0.02
T11125,Petri Nets in System Modeling,9,6,-3,0.0002,0.0001,-0.01
T13867,Economic Growth and Development,14,1,-13,0.0003,0.0,-0.03
T11609,Geophysical Methods and Applications,9,6,-3,0.0002,0.0001,-0.01
T12755,Legal Education and Practice Innovations,10,5,-5,0.0002,0.0001,-0.01
T12549,Image and Object Detection Techniques,7,8,1,0.0002,0.0002,0.0
T14074,Persona Design and Applications,9,6,-3,0.0002,0.0001,-0.01
T11187,Nonlinear Dynamics and Pattern Formation,9,6,-3,0.0002,0.0001,-0.01
T12051,Diversity and Impact of Dance,11,4,-7,0.0003,0.0001,-0.02
T11860,"HIV, Drug Use, Sexual Risk",9,6,-3,0.0002,0.0001,-0.01
T10086,Alzheimer's disease research and treatments,7,8,1,0.0002,0.0002,0.0
T11208,Lignin and Wood Chemistry,6,9,3,0.0001,0.0002,0.01
T11506,Children's Rights and Participation,6,9,3,0.0001,0.0002,0.01
T11276,Solar Radiation and Photovoltaics,8,7,-1,0.0002,0.0002,-0.0
T11687,Teleoperation and Haptic Systems,9,6,-3,0.0002,0.0001,-0.01
T11683,Quantum and Classical Electrodynamics,7,8,1,0.0002,0.0002,0.0
T10900,Listeria monocytogenes in Food Safety,8,7,-1,0.0002,0.0002,-0.0
T10144,Blood Pressure and Hypertension Studies,3,12,9,0.0001,0.0003,0.02
T11188,Coagulation and Flocculation Studies,3,12,9,0.0001,0.0003,0.02
T11599,Aviation Industry Analysis and Trends,10,5,-5,0.0002,0.0001,-0.01
T10667,Emotion and Mood Recognition,8,7,-1,0.0002,0.0002,-0.0
T10666,Photonic Crystals and Applications,6,9,3,0.0001,0.0002,0.01
T12586,"Folklore, Mythology, and Literature Studies",7,8,1,0.0002,0.0002,0.0
T10936,Millimeter-Wave Propagation and Modeling,6,9,3,0.0001,0.0002,0.01
T10090,ZnO doping and properties,8,7,-1,0.0002,0.0002,-0.0
T12071,Marine Biology and Environmental Chemistry,10,5,-5,0.0002,0.0001,-0.01
T10778,Philosophy and History of Science,9,6,-3,0.0002,0.0001,-0.01
T12345,Adult and Continuing Education Topics,2,13,11,0.0,0.0003,0.03
T10788,Neuroscience and Music Perception,6,9,3,0.0001,0.0002,0.01
T11960,Relativity and Gravitational Theory,9,6,-3,0.0002,0.0001,-0.01
T14330,Library Science and Information Systems,3,12,9,0.0001,0.0003,0.02
T13566,Global Educational Reforms and Inequalities,14,1,-13,0.0003,0.0,-0.03
T11389,Maternal and fetal healthcare,7,8,1,0.0002,0.0002,0.0
T10775,Generative Adversarial Networks and Image Synthesis,8,7,-1,0.0002,0.0002,-0.0
T11558,Composite Material Mechanics,5,10,5,0.0001,0.0002,0.01
T12901,Tattoo and Body Piercing Complications,8,7,-1,0.0002,0.0002,-0.0
T11013,Skin Protection and Aging,10,5,-5,0.0002,0.0001,-0.01
T12454,European Political History Analysis,6,9,3,0.0001,0.0002,0.01
T12514,Fashion and Cultural Textiles,11,4,-7,0.0003,0.0001,-0.02
T11141,Childhood Cancer Survivors' Quality of Life,12,3,-9,0.0003,0.0001,-0.02
T11531,Healthcare Systems and Reforms,10,5,-5,0.0002,0.0001,-0.01
T10535,Landslides and related hazards,11,4,-7,0.0003,0.0001,-0.02
T12805,Cognitive Science and Mapping,12,3,-9,0.0003,0.0001,-0.02
T10692,Urban Green Space and Health,7,8,1,0.0002,0.0002,0.0
T12419,Phonocardiography and Auscultation Techniques,6,9,3,0.0001,0.0002,0.01
T12225,Political Influence and Corporate Strategies,8,7,-1,0.0002,0.0002,-0.0
T12323,Asian American and Pacific Histories,9,6,-3,0.0002,0.0001,-0.01
T12786,Innovation and Socioeconomic Development,10,5,-5,0.0002,0.0001,-0.01
T11984,Anatomy and Medical Technology,5,10,5,0.0001,0.0002,0.01
T11786,Geomagnetism and Paleomagnetism Studies,9,6,-3,0.0002,0.0001,-0.01
T11520,Advanced Thermodynamics and Statistical Mechanics,12,3,-9,0.0003,0.0001,-0.02
T14312,Historical Studies in Central America,3,12,9,0.0001,0.0003,0.02
T10357,Efficiency Analysis Using DEA,6,9,3,0.0001,0.0002,0.01
T11359,Effects of Radiation Exposure,6,9,3,0.0001,0.0002,0.01
T11143,High Entropy Alloys Studies,5,10,5,0.0001,0.0002,0.01
T12952,School Leadership and Teacher Performance,2,13,11,0.0,0.0003,0.03
T12621,Hemispheric Asymmetry in Neuroscience,4,11,7,0.0001,0.0003,0.02
T10580,Immunotherapy and Immune Responses,3,12,9,0.0001,0.0003,0.02
T12076,Renaissance and Early Modern Studies,9,6,-3,0.0002,0.0001,-0.01
T10112,HIV Research and Treatment,10,4,-6,0.0002,0.0001,-0.01
T13144,Theology and Philosophy of Evil,11,3,-8,0.0003,0.0001,-0.02
T10141,Probiotics and Fermented Foods,12,2,-10,0.0003,0.0,-0.02
T11239,Social Capital and Networks,7,7,0,0.0002,0.0002,0.0
T10915,Trace Elements in Health,8,6,-2,0.0002,0.0001,-0.0
T11028,Social Work Education and Practice,7,7,0,0.0002,0.0002,0.0
T12974,Modernist Literature and Criticism,4,10,6,0.0001,0.0002,0.01
T10558,Advancements in Semiconductor Devices and Circuit Design,6,8,2,0.0001,0.0002,0.0
T10146,Cervical Cancer and HPV Research,7,7,0,0.0002,0.0002,0.0
T11192,Underwater Vehicles and Communication Systems,6,8,2,0.0001,0.0002,0.0
T12797,History of Computing Technologies,12,2,-10,0.0003,0.0,-0.02
T11211,3D Surveying and Cultural Heritage,7,7,0,0.0002,0.0002,0.0
T10293,Thyroid Disorders and Treatments,6,8,2,0.0001,0.0002,0.0
T10768,Electric Vehicles and Infrastructure,7,7,0,0.0002,0.0002,0.0
T10940,Navier-Stokes equation solutions,5,9,4,0.0001,0.0002,0.01
T10623,Thin-Film Transistor Technologies,12,2,-10,0.0003,0.0,-0.02
T13634,Middle East and Rwanda Conflicts,12,2,-10,0.0003,0.0,-0.02
T11988,Sustainable Building Design and Assessment,8,6,-2,0.0002,0.0001,-0.0
T13083,Advanced Text Analysis Techniques,9,5,-4,0.0002,0.0001,-0.01
T13103,Middle East Politics and Society,3,11,8,0.0001,0.0003,0.02
T10179,Supercapacitor Materials and Fabrication,8,6,-2,0.0002,0.0001,-0.0
T10087,Archaeology and ancient environmental studies,6,8,2,0.0001,0.0002,0.0
T11068,Tendon Structure and Treatment,10,4,-6,0.0002,0.0001,-0.01
T13067,Geological Modeling and Analysis,9,5,-4,0.0002,0.0001,-0.01
T11184,Neonatal and fetal brain pathology,12,2,-10,0.0003,0.0,-0.02
T10806,Energetic Materials and Combustion,8,6,-2,0.0002,0.0001,-0.0
T10121,Building Energy and Comfort Optimization,8,6,-2,0.0002,0.0001,-0.0
T10663,Advanced Battery Technologies Research,7,7,0,0.0002,0.0002,0.0
T14054,Humic Substances and Bio-Organic Studies,0,14,14,0.0,0.0003,0.03
T13321,"Radio, Podcasts, and Digital Media",11,3,-8,0.0003,0.0001,-0.02
T10401,Diabetes Treatment and Management,8,6,-2,0.0002,0.0001,-0.0
T14181,Academic Freedom and Politics,10,4,-6,0.0002,0.0001,-0.01
T11257,Taxation and Compliance Studies,8,6,-2,0.0002,0.0001,-0.0
T14005,Eastern European Communism and Reforms,5,9,4,0.0001,0.0002,0.01
T10711,Target Tracking and Data Fusion in Sensor Networks,7,7,0,0.0002,0.0002,0.0
T12176,Optimization and Packing Problems,12,2,-10,0.0003,0.0,-0.02
T11290,Preterm Birth and Chorioamnionitis,10,4,-6,0.0002,0.0001,-0.01
T10660,Conducting polymers and applications,9,5,-4,0.0002,0.0001,-0.01
T11595,Textile materials and evaluations,11,3,-8,0.0003,0.0001,-0.02
T11667,Advanced Chemical Sensor Technologies,13,1,-12,0.0003,0.0,-0.03
T12499,"Diphtheria, Corynebacterium, and Tetanus",14,0,-14,0.0003,0.0,-0.03
T10322,Respiratory Support and Mechanisms,6,8,2,0.0001,0.0002,0.0
T11502,Facility Location and Emergency Management,8,6,-2,0.0002,0.0001,-0.0
T11872,Barrier Structure and Function Studies,7,7,0,0.0002,0.0002,0.0
T13414,Radioactive Decay and Measurement Techniques,11,3,-8,0.0003,0.0001,-0.02
T12722,Innovation Policy and R&D,9,5,-4,0.0002,0.0001,-0.01
T11177,Spectroscopy and Quantum Chemical Studies,13,1,-12,0.0003,0.0,-0.03
T11958,Dental Erosion and Treatment,6,8,2,0.0001,0.0002,0.0
T14356,Organizational Leadership and Management Strategies,12,2,-10,0.0003,0.0,-0.02
T11856,Thermography and Photoacoustic Techniques,8,6,-2,0.0002,0.0001,-0.0
T12781,Global Health Care Issues,12,2,-10,0.0003,0.0,-0.02
T10118,SARS-CoV-2 and COVID-19 Research,3,11,8,0.0001,0.0003,0.02
T10889,Soil erosion and sediment transport,11,3,-8,0.0003,0.0001,-0.02
T12377,Digital Humanities and Scholarship,6,8,2,0.0001,0.0002,0.0
T11918,Forecasting Techniques and Applications,6,8,2,0.0001,0.0002,0.0
T10452,Iron Metabolism and Disorders,6,8,2,0.0001,0.0002,0.0
T10148,Advanced MIMO Systems Optimization,8,6,-2,0.0002,0.0001,-0.0
T11227,Diabetic Foot Ulcer Assessment and Management,10,4,-6,0.0002,0.0001,-0.01
T10639,Advanced Software Engineering Methodologies,4,10,6,0.0001,0.0002,0.01
T10034,"Syntax, Semantics, Linguistic Variation",0,14,14,0.0,0.0003,0.03
T13061,Literacy and Educational Practices,0,14,14,0.0,0.0003,0.03
T11270,Complex Systems and Time Series Analysis,12,2,-10,0.0003,0.0,-0.02
T13248,Healthcare Technology and Patient Monitoring,6,8,2,0.0001,0.0002,0.0
T12941,Embedded Systems and FPGA Design,1,13,12,0.0,0.0003,0.03
T13315,Occupational Health and Safety in Workplaces,0,14,14,0.0,0.0003,0.03
T13625,Journalism and Media Studies,0,14,14,0.0,0.0003,0.03
T11020,Immune Cell Function and Interaction,10,3,-7,0.0002,0.0001,-0.02
T10486,Salmonella and Campylobacter epidemiology,11,2,-9,0.0003,0.0,-0.02
T11925,Culinary Culture and Tourism,11,2,-9,0.0003,0.0,-0.02
T13145,Crime and Detective Fiction Studies,9,4,-5,0.0002,0.0001,-0.01
T11009,Catalysis for Biomass Conversion,6,7,1,0.0001,0.0002,0.0
T11507,Religion and Society Interactions,4,9,5,0.0001,0.0002,0.01
T11463,Classical Philosophy and Thought,5,8,3,0.0001,0.0002,0.01
T11869,Per- and polyfluoroalkyl substances research,6,7,1,0.0001,0.0002,0.0
T11863,"Gender, Security, and Conflict",9,4,-5,0.0002,0.0001,-0.01
T12732,Agriculture and Farm Safety,8,5,-3,0.0002,0.0001,-0.01
T12396,Advanced Differential Equations and Dynamical Systems,10,3,-7,0.0002,0.0001,-0.02
T11893,German Literature and Culture Studies,8,5,-3,0.0002,0.0001,-0.01
T13319,Film in Education and Therapy,6,7,1,0.0001,0.0002,0.0
T12027,Social Media in Health Education,5,8,3,0.0001,0.0002,0.01
T10083,Graphene research and applications,9,4,-5,0.0002,0.0001,-0.01
T11612,Stochastic Gradient Optimization Techniques,11,2,-9,0.0003,0.0,-0.02
T10902,Complementary and Alternative Medicine Studies,5,8,3,0.0001,0.0002,0.01
T11529,Refrigeration and Air Conditioning Technologies,5,8,3,0.0001,0.0002,0.01
T11397,"Populism, Right-Wing Movements",5,8,3,0.0001,0.0002,0.01
T10694,Menopause: Health Impacts and Treatments,6,7,1,0.0001,0.0002,0.0
T14309,Employee Performance and Management,0,13,13,0.0,0.0003,0.03
T13057,Asian Industrial and Economic Development,4,9,5,0.0001,0.0002,0.01
T12759,Vehicle Noise and Vibration Control,0,13,13,0.0,0.0003,0.03
T11775,COVID-19 diagnosis using AI,8,5,-3,0.0002,0.0001,-0.01
T10891,Radar Systems and Signal Processing,2,11,9,0.0,0.0003,0.02
T11015,Down syndrome and intellectual disability research,9,4,-5,0.0002,0.0001,-0.01
T10094,Epilepsy research and treatment,3,10,7,0.0001,0.0002,0.02
T10419,Pharmaceutical and Antibiotic Environmental Impacts,4,9,5,0.0001,0.0002,0.01
T12210,Policy Transfer and Learning,8,5,-3,0.0002,0.0001,-0.01
T11675,Open Source Software Innovations,10,3,-7,0.0002,0.0001,-0.02
T10069,Antenna Design and Analysis,3,10,7,0.0001,0.0002,0.02
T10363,Low-power high-performance VLSI design,8,5,-3,0.0002,0.0001,-0.01
T11762,"Law, Economics, and Judicial Systems",9,4,-5,0.0002,0.0001,-0.01
T14220,"Workaholism, burnout, and well-being",5,8,3,0.0001,0.0002,0.01
T12137,Economic theories and models,10,3,-7,0.0002,0.0001,-0.02
T13590,"Oral History, Memory, Narrative Analysis",12,1,-11,0.0003,0.0,-0.03
T10710,Arsenic contamination and mitigation,8,5,-3,0.0002,0.0001,-0.01
T10436,Anesthesia and Sedative Agents,7,6,-1,0.0002,0.0001,-0.0
T12790,Nursing Diagnosis and Documentation,8,5,-3,0.0002,0.0001,-0.01
T11896,Opportunistic and Delay-Tolerant Networks,9,4,-5,0.0002,0.0001,-0.01
T13972,Business Law and Ethics,9,4,-5,0.0002,0.0001,-0.01
T12258,"Perfectionism, Procrastination, Anxiety Studies",8,5,-3,0.0002,0.0001,-0.01
T12127,Software System Performance and Reliability,6,7,1,0.0001,0.0002,0.0
T11441,Organoboron and organosilicon chemistry,5,8,3,0.0001,0.0002,0.01
T12472,Plant responses to water stress,7,6,-1,0.0002,0.0001,-0.0
T10248,Nonlinear Waves and Solitons,4,9,5,0.0001,0.0002,0.01
T11333,Climate change and permafrost,9,4,-5,0.0002,0.0001,-0.01
T10974,Advanced Queuing Theory Analysis,7,6,-1,0.0002,0.0001,-0.0
T11496,Credit Risk and Financial Regulations,6,7,1,0.0001,0.0002,0.0
T12408,Educational Innovations and Challenges,4,9,5,0.0001,0.0002,0.01
T10705,Additive Manufacturing Materials and Processes,7,6,-1,0.0002,0.0001,-0.0
T12186,Phosphorus and nutrient management,9,4,-5,0.0002,0.0001,-0.01
T13337,Korean Peninsula Historical and Political Studies,9,4,-5,0.0002,0.0001,-0.01
T10598,Cardiac pacing and defibrillation studies,5,8,3,0.0001,0.0002,0.01
T12339,Medical Malpractice and Liability Issues,9,4,-5,0.0002,0.0001,-0.01
T11265,Aging and Gerontology Research,7,6,-1,0.0002,0.0001,-0.0
T13864,Indigenous Cultures and History,0,13,13,0.0,0.0003,0.03
T13030,Survey Sampling and Estimation Techniques,3,10,7,0.0001,0.0002,0.02
T10397,Nutrition and Health in Aging,7,6,-1,0.0002,0.0001,-0.0
T13929,Educational Outcomes and Influences,0,13,13,0.0,0.0003,0.03
T13280,Biomedical and Engineering Education,13,0,-13,0.0003,0.0,-0.03
T11624,Constructed Wetlands for Wastewater Treatment,7,6,-1,0.0002,0.0001,-0.0
T11746,Inorganic and Organometallic Chemistry,1,12,11,0.0,0.0003,0.03
T12134,Insect symbiosis and bacterial influences,10,2,-8,0.0002,0.0,-0.02
T11432,Gender Politics and Representation,9,3,-6,0.0002,0.0001,-0.01
T13851,"Law, AI, and Intellectual Property",11,1,-10,0.0003,0.0,-0.02
T10629,Health Policy Implementation Science,7,5,-2,0.0002,0.0001,-0.0
T13855,Aerospace Engineering and Control Systems,3,9,6,0.0001,0.0002,0.01
T13465,"Graphite, nuclear technology, radiation studies",10,2,-8,0.0002,0.0,-0.02
T11021,ECG Monitoring and Analysis,5,7,2,0.0001,0.0002,0.0
T10492,Microtubule and mitosis dynamics,8,4,-4,0.0002,0.0001,-0.01
T12013,Sustainable Development and Environmental Policy,5,7,2,0.0001,0.0002,0.0
T12751,Leadership and Management in Organizations,4,8,4,0.0001,0.0002,0.01
T14288,"Law, Rights, and Freedoms",5,7,2,0.0001,0.0002,0.0
T11710,Biomedical Text Mining and Ontologies,10,2,-8,0.0002,0.0,-0.02
T13173,Gender Studies in Language,6,6,0,0.0001,0.0001,0.0
T12378,Accounting Education and Careers,3,9,6,0.0001,0.0002,0.01
T13460,Historical Studies in Latin America,4,8,4,0.0001,0.0002,0.01
T11233,Advanced Adaptive Filtering Techniques,5,7,2,0.0001,0.0002,0.0
T10789,Interactive and Immersive Displays,6,6,0,0.0001,0.0001,0.0
T11382,Fluid Dynamics and Heat Transfer,5,7,2,0.0001,0.0002,0.0
T10834,Welding Techniques and Residual Stresses,6,6,0,0.0001,0.0001,0.0
T14049,Plant and Fungal Species Descriptions,3,9,6,0.0001,0.0002,0.01
T12238,Green IT and Sustainability,6,6,0,0.0001,0.0001,0.0
T12488,Mental Health via Writing,6,6,0,0.0001,0.0001,0.0
T12072,Machine Learning and Algorithms,5,7,2,0.0001,0.0002,0.0
T10863,Voice and Speech Disorders,5,7,2,0.0001,0.0002,0.0
T13272,Psychological Treatments and Assessments,7,5,-2,0.0002,0.0001,-0.0
T11911,Spatial and Panel Data Analysis,5,7,2,0.0001,0.0002,0.0
T12440,Karl Barth and Christian Theology,3,9,6,0.0001,0.0002,0.01
T13081,Digital Education and Society,2,10,8,0.0,0.0002,0.02
T13298,Solar Energy Systems and Technologies,5,7,2,0.0001,0.0002,0.0
T11424,Security and Verification in Computing,7,5,-2,0.0002,0.0001,-0.0
T12862,Catholicism and Religious Studies,4,8,4,0.0001,0.0002,0.01
T14162,Historical and Literary Studies,4,8,4,0.0001,0.0002,0.01
T10566,Laser-Matter Interactions and Applications,5,7,2,0.0001,0.0002,0.0
T10515,Cancer-related molecular mechanisms research,8,4,-4,0.0002,0.0001,-0.01
T11697,Numerical Methods and Algorithms,10,2,-8,0.0002,0.0,-0.02
T12267,Diet and metabolism studies,11,1,-10,0.0003,0.0,-0.02
T14308,Psychological and Educational Research Studies,11,1,-10,0.0003,0.0,-0.02
T10348,"Indigenous Health, Education, and Rights",8,4,-4,0.0002,0.0001,-0.01
T12686,Central European national history,3,9,6,0.0001,0.0002,0.01
T11148,"Language, Metaphor, and Cognition",12,0,-12,0.0003,0.0,-0.03
T13366,Accounting Theory and Financial Reporting,1,11,10,0.0,0.0003,0.02
T10202,Lung Cancer Diagnosis and Treatment,5,7,2,0.0001,0.0002,0.0
T11590,Primary Care and Health Outcomes,11,1,-10,0.0003,0.0,-0.02
T11797,graph theory and CDMA systems,12,0,-12,0.0003,0.0,-0.03
T13546,Census and Population Estimation,6,6,0,0.0001,0.0001,0.0
T10299,Photonic and Optical Devices,9,3,-6,0.0002,0.0001,-0.01
T14257,Advanced Measurement and Detection Methods,4,8,4,0.0001,0.0002,0.01
T11130,Coding theory and cryptography,4,8,4,0.0001,0.0002,0.01
T10836,Metabolomics and Mass Spectrometry Studies,11,1,-10,0.0003,0.0,-0.02
T11228,Bat Biology and Ecology Studies,11,1,-10,0.0003,0.0,-0.02
T10227,Acute Ischemic Stroke Management,9,3,-6,0.0002,0.0001,-0.01
T10188,Advanced machining processes and optimization,7,5,-2,0.0002,0.0001,-0.0
T11634,Water Quality and Pollution Assessment,7,5,-2,0.0002,0.0001,-0.0
T10624,Silicon and Solar Cell Technologies,5,7,2,0.0001,0.0002,0.0
T10756,Estrogen and related hormone effects,5,7,2,0.0001,0.0002,0.0
T11129,Photochemistry and Electron Transfer Studies,6,6,0,0.0001,0.0001,0.0
T12532,Historical and Cultural Archaeology Studies,7,5,-2,0.0002,0.0001,-0.0
T10204,Microstructure and mechanical properties,7,5,-2,0.0002,0.0001,-0.0
T10463,Pulsars and Gravitational Waves Research,8,4,-4,0.0002,0.0001,-0.01
T13923,Nuclear and radioactivity studies,9,3,-6,0.0002,0.0001,-0.01
T11094,Face Recognition and Perception,4,8,4,0.0001,0.0002,0.01
T10777,Politics and Society in Latin America,4,7,3,0.0001,0.0002,0.01
T13158,Political and Economic history of UK and US,6,5,-1,0.0001,0.0001,-0.0
T10969,Water resources management and optimization,6,5,-1,0.0001,0.0001,-0.0
T13015,"Botany, Ecology, and Taxonomy Studies",11,0,-11,0.0003,0.0,-0.03
T14102,Corporate Governance and Law,11,0,-11,0.0003,0.0,-0.03
T11030,Scoliosis diagnosis and treatment,5,6,1,0.0001,0.0001,0.0
T12884,Educational Assessment and Pedagogy,6,5,-1,0.0001,0.0001,-0.0
T12823,Adolescent and Pediatric Healthcare,7,4,-3,0.0002,0.0001,-0.01
T10218,Sepsis Diagnosis and Treatment,3,8,5,0.0001,0.0002,0.01
T11980,Human Mobility and Location-Based Analysis,8,3,-5,0.0002,0.0001,-0.01
T11162,Enzyme Structure and Function,8,3,-5,0.0002,0.0001,-0.01
T11203,Jewish and Middle Eastern Studies,7,4,-3,0.0002,0.0001,-0.01
T11160,Acoustic Wave Resonator Technologies,7,4,-3,0.0002,0.0001,-0.01
T13193,Geological Studies and Exploration,7,4,-3,0.0002,0.0001,-0.01
T10932,Microbial Metabolic Engineering and Bioproduction,7,4,-3,0.0002,0.0001,-0.01
T13734,Advanced Computational Techniques and Applications,7,4,-3,0.0002,0.0001,-0.01
T10413,High-pressure geophysics and materials,7,4,-3,0.0002,0.0001,-0.01
T12218,Coal and Its By-products,5,6,1,0.0001,0.0001,0.0
T12766,Interdisciplinary Research and Collaboration,6,5,-1,0.0001,0.0001,-0.0
T11043,Merger and Competition Analysis,4,7,3,0.0001,0.0002,0.01
T11648,"Diaspora, migration, transnational identity",3,8,5,0.0001,0.0002,0.01
T10964,Wireless Communication Security Techniques,5,6,1,0.0001,0.0001,0.0
T14475,History of Science and Medicine,5,6,1,0.0001,0.0001,0.0
T13309,Reliability and Agreement in Measurement,1,10,9,0.0,0.0002,0.02
T13853,Teacher Education and Assessments,1,10,9,0.0,0.0002,0.02
T10250,Glaucoma and retinal disorders,4,7,3,0.0001,0.0002,0.01
T12444,"Art, Politics, and Modernism",4,7,3,0.0001,0.0002,0.01
T14085,Student Stress and Coping,0,11,11,0.0,0.0003,0.03
T10837,Dermatology and Skin Diseases,5,6,1,0.0001,0.0001,0.0
T10149,Anthropological Studies and Insights,4,7,3,0.0001,0.0002,0.01
T10040,Adaptive Control of Nonlinear Systems,10,1,-9,0.0002,0.0,-0.02
T12581,Engineering Structural Analysis Methods,4,7,3,0.0001,0.0002,0.01
T10231,Pancreatic and Hepatic Oncology Research,2,9,7,0.0,0.0002,0.02
T11410,Cultural Industries and Urban Development,9,2,-7,0.0002,0.0,-0.02
T12871,Healthcare Quality and Management,3,8,5,0.0001,0.0002,0.01
T10992,Forensic Anthropology and Bioarchaeology Studies,5,6,1,0.0001,0.0001,0.0
T12106,Surface Treatment and Residual Stress,5,6,1,0.0001,0.0001,0.0
T11921,Electroconvulsive Therapy Studies,5,6,1,0.0001,0.0001,0.0
T11835,Sustainability in Higher Education,3,8,5,0.0001,0.0002,0.01
T10303,Photosynthetic Processes and Mechanisms,6,5,-1,0.0001,0.0001,-0.0
T10865,Shape Memory Alloy Transformations,9,2,-7,0.0002,0.0,-0.02
T11722,Patient Satisfaction in Healthcare,5,6,1,0.0001,0.0001,0.0
T11032,VLSI and Analog Circuit Testing,8,3,-5,0.0002,0.0001,-0.01
T10496,Pharmaceutical Practices and Patient Outcomes,7,4,-3,0.0002,0.0001,-0.01
T12719,Aerospace Engineering and Energy Systems,9,2,-7,0.0002,0.0,-0.02
T11923,Mine drainage and remediation techniques,8,3,-5,0.0002,0.0001,-0.01
T12142,Marine Invertebrate Physiology and Ecology,8,3,-5,0.0002,0.0001,-0.01
T10392,Cutaneous Melanoma Detection and Management,7,4,-3,0.0002,0.0001,-0.01
T11106,Data Management and Algorithms,11,0,-11,0.0003,0.0,-0.03
T12162,Cellular Automata and Applications,10,1,-9,0.0002,0.0,-0.02
T11974,Lepidoptera: Biology and Taxonomy,9,2,-7,0.0002,0.0,-0.02
T11992,CCD and CMOS Imaging Sensors,8,3,-5,0.0002,0.0001,-0.01
T13005,Religious Studies and Spiritual Practices,7,4,-3,0.0002,0.0001,-0.01
T11108,Municipal Solid Waste Management,3,8,5,0.0001,0.0002,0.01
T11757,Seismic Waves and Analysis,9,2,-7,0.0002,0.0,-0.02
T10821,Cardiovascular Function and Risk Factors,9,2,-7,0.0002,0.0,-0.02
T10477,Astrophysics and Star Formation Studies,9,2,-7,0.0002,0.0,-0.02
T11997,Free Will and Agency,8,3,-5,0.0002,0.0001,-0.01
T12158,Guidance and Control Systems,7,4,-3,0.0002,0.0001,-0.01
T11754,SARS-CoV-2 detection and testing,5,6,1,0.0001,0.0001,0.0
T11252,Evolutionary Game Theory and Cooperation,8,3,-5,0.0002,0.0001,-0.01
T12306,Urban and Freight Transport Logistics,8,3,-5,0.0002,0.0001,-0.01
T12141,Fluid Dynamics and Thin Films,7,4,-3,0.0002,0.0001,-0.01
T11235,Statistical Methods in Clinical Trials,7,4,-3,0.0002,0.0001,-0.01
T11501,TGF-β signaling in diseases,6,5,-1,0.0001,0.0001,-0.0
T10920,Advanced Drug Delivery Systems,3,8,5,0.0001,0.0002,0.01
T10065,Atrial Fibrillation Management and Outcomes,6,5,-1,0.0001,0.0001,-0.0
T10578,Supramolecular Chemistry and Complexes,3,8,5,0.0001,0.0002,0.01
T12203,Mobile Agent-Based Network Management,10,1,-9,0.0002,0.0,-0.02
T11877,Iron oxide chemistry and applications,10,1,-9,0.0002,0.0,-0.02
T10117,Advanced Combustion Engine Technologies,4,7,3,0.0001,0.0002,0.01
T13706,Management and Optimization Techniques,0,11,11,0.0,0.0003,0.03
T12205,Time Series Analysis and Forecasting,6,5,-1,0.0001,0.0001,-0.0
T13883,Child and Adolescent Health,5,6,1,0.0001,0.0001,0.0
T10868,Soft Robotics and Applications,5,6,1,0.0001,0.0001,0.0
T12640,Environmental DNA in Biodiversity Studies,10,1,-9,0.0002,0.0,-0.02
T12645,European history and politics,7,4,-3,0.0002,0.0001,-0.01
T10856,Intellectual Property and Patents,4,7,3,0.0001,0.0002,0.01
T12522,Mathematics Education and Pedagogy,1,10,9,0.0,0.0002,0.02
T13716,Communication Studies and Media,0,11,11,0.0,0.0003,0.03
T10800,Forensic Toxicology and Drug Analysis,5,5,0,0.0001,0.0001,0.0
T10825,Plant Pathogens and Fungal Diseases,8,2,-6,0.0002,0.0,-0.01
T13587,Q Methodology Applications,8,2,-6,0.0002,0.0,-0.01
T11673,Advanced Topics in Algebra,3,7,4,0.0001,0.0002,0.01
T12614,Indigenous Studies and Ecology,7,3,-4,0.0002,0.0001,-0.01
T13827,Mechatronics Education and Applications,5,5,0,0.0001,0.0001,0.0
T11655,HIV-related health complications and treatments,6,4,-2,0.0001,0.0001,-0.0
T12330,Botanical Research and Applications,10,0,-10,0.0002,0.0,-0.02
T11207,Alcohol Consumption and Health Effects,8,2,-6,0.0002,0.0,-0.01
T10986,RFID technology advancements,4,6,2,0.0001,0.0001,0.0
T11250,Wave and Wind Energy Systems,7,3,-4,0.0002,0.0001,-0.01
T10359,Dental Implant Techniques and Outcomes,5,5,0,0.0001,0.0001,0.0
T13750,"Mormonism, Religion, and History",6,4,-2,0.0001,0.0001,-0.0
T13055,Global Security and Public Health,5,5,0,0.0001,0.0001,0.0
T12130,Contemporary Literature and Criticism,5,5,0,0.0001,0.0001,0.0
T10125,Advanced Wireless Communication Techniques,3,7,4,0.0001,0.0002,0.01
T10196,Pain Mechanisms and Treatments,6,4,-2,0.0001,0.0001,-0.0
T13886,Operations Management Techniques,7,3,-4,0.0002,0.0001,-0.01
T10126,"Logic, programming, and type systems",3,7,4,0.0001,0.0002,0.01
T10143,Chronic Obstructive Pulmonary Disease (COPD) Research,5,5,0,0.0001,0.0001,0.0
T12392,Sharing Economy and Platforms,6,4,-2,0.0001,0.0001,-0.0
T12375,Cuban History and Society,8,2,-6,0.0002,0.0,-0.01
T10013,Asymmetric Synthesis and Catalysis,3,7,4,0.0001,0.0002,0.01
T12461,Narrative Theory and Analysis,4,6,2,0.0001,0.0001,0.0
T14493,Criminal Law and Evidence,3,7,4,0.0001,0.0002,0.01
T11543,Employee Performance and Motivation,0,10,10,0.0,0.0002,0.02
T10124,Prostate Cancer Diagnosis and Treatment,7,3,-4,0.0002,0.0001,-0.01
T11656,Turtle Biology and Conservation,4,6,2,0.0001,0.0001,0.0
T14079,Mathematics Education and Programs,4,6,2,0.0001,0.0001,0.0
T11738,Ultrasound in Clinical Applications,6,4,-2,0.0001,0.0001,-0.0
T11392,Energy Harvesting in Wireless Networks,7,3,-4,0.0002,0.0001,-0.01
T13484,German History and Society,9,1,-8,0.0002,0.0,-0.02
T14086,Military and Defense Studies,8,2,-6,0.0002,0.0,-0.01
T12731,Hidradenitis Suppurativa and Treatments,5,5,0,0.0001,0.0001,0.0
T11214,Human-Animal Interaction Studies,6,4,-2,0.0001,0.0001,-0.0
T10572,Geophysical and Geoelectrical Methods,6,4,-2,0.0001,0.0001,-0.0
T13904,Artificial Intelligence Applications,2,8,6,0.0,0.0002,0.01
T13215,Global Maritime and Colonial Histories,3,7,4,0.0001,0.0002,0.01
T11102,HVDC Systems and Fault Protection,5,5,0,0.0001,0.0001,0.0
T11845,Cancer therapeutics and mechanisms,7,3,-4,0.0002,0.0001,-0.01
T10541,Nonlinear Differential Equations Analysis,4,6,2,0.0001,0.0001,0.0
T14138,Life Cycle Costing Analysis,4,6,2,0.0001,0.0001,0.0
T13317,"Media, Communication, and Education",8,2,-6,0.0002,0.0,-0.01
T13536,Psychological and Temporal Perspectives Research,6,4,-2,0.0001,0.0001,-0.0
T10656,Child and Animal Learning Development,9,1,-8,0.0002,0.0,-0.02
T13497,Hermeneutics and Narrative Identity,10,0,-10,0.0002,0.0,-0.02
T12872,Philippine History and Culture,9,1,-8,0.0002,0.0,-0.02
T10949,Genetic Neurodegenerative Diseases,4,6,2,0.0001,0.0001,0.0
T10556,Global Cancer Incidence and Screening,6,4,-2,0.0001,0.0001,-0.0
T10960,Hypothalamic control of reproductive hormones,6,4,-2,0.0001,0.0001,-0.0
T11665,Animal Vocal Communication and Behavior,7,3,-4,0.0002,0.0001,-0.01
T13106,"Neuroscience, Education and Cognitive Function",9,1,-8,0.0002,0.0,-0.02
T10382,Quantum and electron transport phenomena,10,0,-10,0.0002,0.0,-0.02
T10542,Vestibular and auditory disorders,6,4,-2,0.0001,0.0001,-0.0
T10769,BRCA gene mutations in cancer,7,3,-4,0.0002,0.0001,-0.01
T12860,Family and Patient Care in Intensive Care Units,10,0,-10,0.0002,0.0,-0.02
T12313,Emotions and Moral Behavior,6,4,-2,0.0001,0.0001,-0.0
T11948,Machine Learning in Materials Science,8,2,-6,0.0002,0.0,-0.01
T13574,Family Support in Illness,9,1,-8,0.0002,0.0,-0.02
T12624,Maritime and Coastal Archaeology,8,2,-6,0.0002,0.0,-0.01
T11614,Cloud Data Security Solutions,8,2,-6,0.0002,0.0,-0.01
T13126,Scientific Research and Discoveries,6,4,-2,0.0001,0.0001,-0.0
T10147,Antibiotic Resistance in Bacteria,4,6,2,0.0001,0.0001,0.0
T12945,Quality Function Deployment in Product Design,6,4,-2,0.0001,0.0001,-0.0
T10812,Human Pose and Action Recognition,5,5,0,0.0001,0.0001,0.0
T11711,COVID-19 Pandemic Impacts,5,5,0,0.0001,0.0001,0.0
T13542,"Grit, Self-Efficacy, and Motivation",9,1,-8,0.0002,0.0,-0.02
T11962,Cardiac Fibrosis and Remodeling,3,7,4,0.0001,0.0002,0.01
T10670,Aluminum Alloy Microstructure Properties,4,6,2,0.0001,0.0001,0.0
T11550,Text and Document Classification Technologies,4,6,2,0.0001,0.0001,0.0
T13296,Physical Education and Sports Studies,0,10,10,0.0,0.0002,0.02
T10588,Mathematical Dynamics and Fractals,1,9,8,0.0,0.0002,0.02
T11023,Prosthetics and Rehabilitation Robotics,3,7,4,0.0001,0.0002,0.01
T12169,Non-Destructive Testing Techniques,3,7,4,0.0001,0.0002,0.01
T11934,Syphilis Diagnosis and Treatment,6,4,-2,0.0001,0.0001,-0.0
T11769,Copyright and Intellectual Property,6,4,-2,0.0001,0.0001,-0.0
T12432,Arctic and Russian Policy Studies,8,2,-6,0.0002,0.0,-0.01
T10464,Crystal structures of chemical compounds,1,9,8,0.0,0.0002,0.02
T13100,Comparative Animal Anatomy Studies,1,9,8,0.0,0.0002,0.02
T14496,Educational Technology and E-Learning,0,10,10,0.0,0.0002,0.02
T13387,"Politics, Economics, and Education Policy",0,10,10,0.0,0.0002,0.02
T10631,"Cancer, Hypoxia, and Metabolism",6,3,-3,0.0001,0.0001,-0.01
T12616,Religious Education and Schools,5,4,-1,0.0001,0.0001,-0.0
T13334,South Asian Cinema and Culture,7,2,-5,0.0002,0.0,-0.01
T12720,Multimedia Communication and Technology,9,0,-9,0.0002,0.0,-0.02
T10077,Neuroscience and Neuropharmacology Research,9,0,-9,0.0002,0.0,-0.02
T10844,Radiation Dose and Imaging,4,5,1,0.0001,0.0001,0.0
T13204,Competitive and Knowledge Intelligence,5,4,-1,0.0001,0.0001,-0.0
T13938,Historical and Contemporary Political Dynamics,8,1,-7,0.0002,0.0,-0.02
T13063,Education and experiences of immigrants and refugees,2,7,5,0.0,0.0002,0.01
T11057,Cardiac Ischemia and Reperfusion,4,5,1,0.0001,0.0001,0.0
T11688,Microbial infections and disease research,8,1,-7,0.0002,0.0,-0.02
T10402,Phase Equilibria and Thermodynamics,9,0,-9,0.0002,0.0,-0.02
T12404,Mathematical Approximation and Integration,7,2,-5,0.0002,0.0,-0.01
T11635,Poisoning and overdose treatments,3,6,3,0.0001,0.0001,0.01
T12873,"Nutrition, Health and Food Behavior",3,6,3,0.0001,0.0001,0.01
T10955,Paleontology and Evolutionary Biology,5,4,-1,0.0001,0.0001,-0.0
T14007,Indigenous and Place-Based Education,7,2,-5,0.0002,0.0,-0.01
T11659,Advanced Image Fusion Techniques,5,4,-1,0.0001,0.0001,-0.0
T10271,Seismic Imaging and Inversion Techniques,6,3,-3,0.0001,0.0001,-0.01
T11438,Retinal Imaging and Analysis,5,4,-1,0.0001,0.0001,-0.0
T10675,Mechanical Circulatory Support Devices,4,5,1,0.0001,0.0001,0.0
T11867,Traumatic Ocular and Foreign Body Injuries,5,4,-1,0.0001,0.0001,-0.0
T13733,Moravian Church and William Blake,6,3,-3,0.0001,0.0001,-0.01
T10041,COVID-19 Clinical Research Studies,4,5,1,0.0001,0.0001,0.0
T12443,Delphi Technique in Research,5,4,-1,0.0001,0.0001,-0.0
T12652,International Maritime Law Issues,7,2,-5,0.0002,0.0,-0.01
T12694,"Categorization, perception, and language",3,6,3,0.0001,0.0001,0.01
T10324,Microbial bioremediation and biosurfactants,2,7,5,0.0,0.0002,0.01
T10137,Multiple Sclerosis Research Studies,6,3,-3,0.0001,0.0001,-0.01
T11110,Stability and Controllability of Differential Equations,6,3,-3,0.0001,0.0001,-0.01
T14104,Developmental and Educational Neuropsychology,0,9,9,0.0,0.0002,0.02
T13382,Robotics and Automated Systems,2,7,5,0.0,0.0002,0.01
T12985,Maritime Security and History,4,5,1,0.0001,0.0001,0.0
T11470,Legume Nitrogen Fixing Symbiosis,7,2,-5,0.0002,0.0,-0.01
T10922,Magnetic Properties and Synthesis of Ferrites,3,6,3,0.0001,0.0001,0.01
T12706,Subcritical and Supercritical Water Processes,4,5,1,0.0001,0.0001,0.0
T10229,Geometric Analysis and Curvature Flows,5,4,-1,0.0001,0.0001,-0.0
T13777,Cognitive and psychological constructs research,8,1,-7,0.0002,0.0,-0.02
T13901,State Capitalism and Financial Governance,6,3,-3,0.0001,0.0001,-0.01
T10875,Pesticide Exposure and Toxicity,5,4,-1,0.0001,0.0001,-0.0
T13800,Earthquake and Disaster Impact Studies,3,6,3,0.0001,0.0001,0.01
T13722,Ergonomics and Human Factors,3,6,3,0.0001,0.0001,0.01
T13971,Synthesis and Biological Activity,6,3,-3,0.0001,0.0001,-0.01
T10468,Photovoltaic System Optimization Techniques,5,4,-1,0.0001,0.0001,-0.0
T10085,Parkinson's Disease Mechanisms and Treatments,5,4,-1,0.0001,0.0001,-0.0
T10386,Microstructure and Mechanical Properties of Steels,5,4,-1,0.0001,0.0001,-0.0
T12561,bioluminescence and chemiluminescence research,5,4,-1,0.0001,0.0001,-0.0
T10387,Fatty Acid Research and Health,4,5,1,0.0001,0.0001,0.0
T11906,"Gender, Sexuality, and Education",1,8,7,0.0,0.0002,0.02
T11626,Metalloenzymes and iron-sulfur proteins,8,1,-7,0.0002,0.0,-0.02
T12827,Biochemical and Molecular Research,2,7,5,0.0,0.0002,0.01
T13251,Electrical and Thermal Properties of Materials,5,4,-1,0.0001,0.0001,-0.0
T10424,Electric Power System Optimization,2,7,5,0.0,0.0002,0.01
T13629,Text Readability and Simplification,4,5,1,0.0001,0.0001,0.0
T11525,Piezoelectric Actuators and Control,4,5,1,0.0001,0.0001,0.0
T12236,Photoreceptor and optogenetics research,7,2,-5,0.0002,0.0,-0.01
T10191,Robotics and Sensor-Based Localization,8,1,-7,0.0002,0.0,-0.02
T12575,Medical History and Research,6,3,-3,0.0001,0.0001,-0.01
T12104,Protein Tyrosine Phosphatases,7,2,-5,0.0002,0.0,-0.01
T11768,Music Therapy and Health,6,3,-3,0.0001,0.0001,-0.01
T10334,"Hearing, Cochlea, Tinnitus, Genetics",7,2,-5,0.0002,0.0,-0.01
T10390,Ovarian function and disorders,6,3,-3,0.0001,0.0001,-0.01
T11852,Clay minerals and soil interactions,9,0,-9,0.0002,0.0,-0.02
T12603,NMR spectroscopy and applications,9,0,-9,0.0002,0.0,-0.02
T12088,Intergenerational and Educational Inequality Studies,4,5,1,0.0001,0.0001,0.0
T12393,Workplace Spirituality and Leadership,5,4,-1,0.0001,0.0001,-0.0
T11375,Geotechnical Engineering and Soil Stabilization,8,1,-7,0.0002,0.0,-0.02
T10195,Antimicrobial Resistance in Staphylococcus,8,1,-7,0.0002,0.0,-0.02
T13751,Diverse Approaches in Healthcare and Education Studies,9,0,-9,0.0002,0.0,-0.02
T12143,Place Attachment and Urban Studies,5,4,-1,0.0001,0.0001,-0.0
T11603,Dust and Plasma Wave Phenomena,4,5,1,0.0001,0.0001,0.0
T13970,Pharmacy and Medical Practices,4,5,1,0.0001,0.0001,0.0
T11607,Microwave and Dielectric Measurement Techniques,5,4,-1,0.0001,0.0001,-0.0
T11880,Forest ecology and management,7,2,-5,0.0002,0.0,-0.01
T13002,Southeast Asian Sociopolitical Studies,7,2,-5,0.0002,0.0,-0.01
T10097,Luminescence Properties of Advanced Materials,4,5,1,0.0001,0.0001,0.0
T11232,Urinary Tract Infections Management,4,5,1,0.0001,0.0001,0.0
T10258,Philosophy and Theoretical Science,6,3,-3,0.0001,0.0001,-0.01
T11668,interferon and immune responses,4,5,1,0.0001,0.0001,0.0
T12709,Optimization and Mathematical Programming,4,5,1,0.0001,0.0001,0.0
T12480,Health and Wellbeing Research,8,1,-7,0.0002,0.0,-0.02
T10845,Advanced Causal Inference Techniques,4,5,1,0.0001,0.0001,0.0
T12917,Astronomy and Astrophysical Research,4,5,1,0.0001,0.0001,0.0
T12185,Regulation and Compliance Studies,3,6,3,0.0001,0.0001,0.01
T11065,Insect Pest Control Strategies,5,4,-1,0.0001,0.0001,-0.0
T11565,Thermoelastic and Magnetoelastic Phenomena,1,8,7,0.0,0.0002,0.02
T12133,Pragmatism in Philosophy and Education,4,5,1,0.0001,0.0001,0.0
T12340,Anodic Oxide Films and Nanostructures,4,5,1,0.0001,0.0001,0.0
T13976,Web visibility and informetrics,3,6,3,0.0001,0.0001,0.01
T13632,Marriage and Sexual Relationships,3,6,3,0.0001,0.0001,0.01
T14465,"Leadership, Behavior, and Decision-Making Studies",4,5,1,0.0001,0.0001,0.0
T11052,Energy Load and Power Forecasting,6,3,-3,0.0001,0.0001,-0.01
T13704,French Literature and Poetry,2,7,5,0.0,0.0002,0.01
T12788,Space Science and Extraterrestrial Life,6,3,-3,0.0001,0.0001,-0.01
T12390,Comics and Graphic Narratives,4,5,1,0.0001,0.0001,0.0
T13944,Psychiatric care and mental health services,4,5,1,0.0001,0.0001,0.0
T10169,Protein Kinase Regulation and GTPase Signaling,3,6,3,0.0001,0.0001,0.01
T12447,Spider Taxonomy and Behavior Studies,1,8,7,0.0,0.0002,0.02
T10855,Amyotrophic Lateral Sclerosis Research,5,4,-1,0.0001,0.0001,-0.0
T11742,Economic Theory and Policy,7,2,-5,0.0002,0.0,-0.01
T13284,Psychology Research and Bibliometrics,0,9,9,0.0,0.0002,0.02
T13487,Statistical and numerical algorithms,5,4,-1,0.0001,0.0001,-0.0
T12389,Infrared Target Detection Methodologies,6,3,-3,0.0001,0.0001,-0.01
T10460,Electronic Packaging and Soldering Technologies,3,6,3,0.0001,0.0001,0.01
T13130,Biological and pharmacological studies of plants,9,0,-9,0.0002,0.0,-0.02
T11812,Nasal Surgery and Airway Studies,6,3,-3,0.0001,0.0001,-0.01
T12469,"Chaos, Complexity, and Education",5,4,-1,0.0001,0.0001,-0.0
T11212,Cultural Heritage Materials Analysis,5,3,-2,0.0001,0.0001,-0.0
T12320,Feminist Epistemology and Gender Studies,2,6,4,0.0,0.0001,0.01
T12714,Youth Education and Societal Dynamics,8,0,-8,0.0002,0.0,-0.02
T10319,"Conservation, Biodiversity, and Resource Management",4,4,0,0.0001,0.0001,0.0
T10796,Cooperative Communication and Network Coding,8,0,-8,0.0002,0.0,-0.02
T12078,Environmental remediation with nanomaterials,4,4,0,0.0001,0.0001,0.0
T10268,Developmental Biology and Gene Regulation,3,5,2,0.0001,0.0001,0.0
T12285,Surface Chemistry and Catalysis,3,5,2,0.0001,0.0001,0.0
T14409,Educational Systems and Policies,8,0,-8,0.0002,0.0,-0.02
T11916,Legionella and Acanthamoeba research,7,1,-6,0.0002,0.0,-0.01
T11755,Transboundary Water Resource Management,6,2,-4,0.0001,0.0,-0.01
T10232,Optical Network Technologies,8,0,-8,0.0002,0.0,-0.02
T10782,Nanoplatforms for cancer theranostics,6,2,-4,0.0001,0.0,-0.01
T10389,Polymer crystallization and properties,2,6,4,0.0,0.0001,0.01
T12317,Actinomycetales infections and treatment,8,0,-8,0.0002,0.0,-0.02
T12327,Various Chemistry Research Topics,6,2,-4,0.0001,0.0,-0.01
T10714,Software-Defined Networks and 5G,6,2,-4,0.0001,0.0,-0.01
T14513,"Leadership, Courage, and Heroism Studies",7,1,-6,0.0002,0.0,-0.01
T11186,Hydrology and Drought Analysis,6,2,-4,0.0001,0.0,-0.01
T10846,Photonic Crystal and Fiber Optics,5,3,-2,0.0001,0.0001,-0.0
T10614,Transcranial Magnetic Stimulation Studies,3,5,2,0.0001,0.0001,0.0
T10744,Astrophysical Phenomena and Observations,5,3,-2,0.0001,0.0001,-0.0
T12700,Doping in Sports,1,7,6,0.0,0.0002,0.01
T10432,DNA and Nucleic Acid Chemistry,5,3,-2,0.0001,0.0001,-0.0
T12880,Qualitative Research Methods and Applications,2,6,4,0.0,0.0001,0.01
T11363,Dental Radiography and Imaging,3,5,2,0.0001,0.0001,0.0
T10418,Pelvic floor disorders treatments,4,4,0,0.0001,0.0001,0.0
T14089,Nanotechnology research and applications,4,4,0,0.0001,0.0001,0.0
T13604,"Adsorption, diffusion, and thermodynamic properties of materials",2,6,4,0.0,0.0001,0.01
T11426,Genetically Modified Organisms Research,0,8,8,0.0,0.0002,0.02
T11505,Reproductive biology and impacts on aquatic species,3,5,2,0.0001,0.0001,0.0
T10818,Astrophysics and Cosmic Phenomena,3,5,2,0.0001,0.0001,0.0
T10351,Liver Disease Diagnosis and Treatment,3,5,2,0.0001,0.0001,0.0
T11165,Image and Video Quality Assessment,5,3,-2,0.0001,0.0001,-0.0
T13186,Russia and Soviet political economy,5,3,-2,0.0001,0.0001,-0.0
T13806,Mathematical and Computational Methods,0,8,8,0.0,0.0002,0.02
T10645,Cardiac Arrest and Resuscitation,4,4,0,0.0001,0.0001,0.0
T11080,Surgical site infection prevention,3,5,2,0.0001,0.0001,0.0
T10063,Nanoparticle-Based Drug Delivery,2,6,4,0.0,0.0001,0.01
T11083,Cardiac Health and Mental Health,4,4,0,0.0001,0.0001,0.0
T10991,Game Theory and Voting Systems,2,6,4,0.0,0.0001,0.01
T11002,Indoor Air Quality and Microbial Exposure,2,6,4,0.0,0.0001,0.01
T10651,"IPv6, Mobility, Handover, Networks, Security",6,2,-4,0.0001,0.0,-0.01
T10167,Influenza Virus Research Studies,4,4,0,0.0001,0.0001,0.0
T10421,Pleistocene-Era Hominins and Archaeology,6,2,-4,0.0001,0.0,-0.01
T12188,"Architecture, Modernity, and Design",0,8,8,0.0,0.0002,0.02
T12932,Powder Metallurgy Techniques and Materials,3,5,2,0.0001,0.0001,0.0
T11266,Neuroinflammation and Neurodegeneration Mechanisms,2,6,4,0.0,0.0001,0.01
T13117,Health Education and Validation,3,5,2,0.0001,0.0001,0.0
T13986,Medical Practices and Rehabilitation,0,8,8,0.0,0.0002,0.02
T12608,Spatial Neglect and Hemispheric Dysfunction,5,3,-2,0.0001,0.0001,-0.0
T12358,Thermal and Kinetic Analysis,4,4,0,0.0001,0.0001,0.0
T10239,Urban Planning and Governance,3,5,2,0.0001,0.0001,0.0
T12416,Polymer Nanocomposite Synthesis and Irradiation,4,4,0,0.0001,0.0001,0.0
T11251,Meningioma and schwannoma management,4,4,0,0.0001,0.0001,0.0
T13194,ICT in Developing Communities,5,3,-2,0.0001,0.0001,-0.0
T13890,Remote Sensing and Land Use,5,3,-2,0.0001,0.0001,-0.0
T12496,Color perception and design,6,2,-4,0.0001,0.0,-0.01
T13504,African history and culture analysis,6,2,-4,0.0001,0.0,-0.01
T13585,Technostress in Professional Settings,5,3,-2,0.0001,0.0001,-0.0
T14208,"Death, Funerary Practices, and Mourning",0,8,8,0.0,0.0002,0.02
T10676,"Genetics, Aging, and Longevity in Model Organisms",6,2,-4,0.0001,0.0,-0.01
T11494,Coleoptera Taxonomy and Distribution,3,5,2,0.0001,0.0001,0.0
T10944,Turbomachinery Performance and Optimization,2,6,4,0.0,0.0001,0.01
T12269,Effects of Vibration on Health,7,1,-6,0.0002,0.0,-0.01
T11006,BIM and Construction Integration,6,2,-4,0.0001,0.0,-0.01
T10787,Lightning and Electromagnetic Phenomena,4,4,0,0.0001,0.0001,0.0
T13342,Art History and Market Analysis,7,1,-6,0.0002,0.0,-0.01
T13456,"Religion, Society, and Development",8,0,-8,0.0002,0.0,-0.02
T12789,Planarian Biology and Electrostimulation,8,0,-8,0.0002,0.0,-0.02
T11946,Antenna Design and Optimization,8,0,-8,0.0002,0.0,-0.02
T10725,RNA Interference and Gene Delivery,6,2,-4,0.0001,0.0,-0.01
T12248,Water Governance and Infrastructure,5,3,-2,0.0001,0.0001,-0.0
T10866,Nutritional Studies and Diet,2,6,4,0.0,0.0001,0.01
T11409,Advanced Wireless Network Optimization,6,2,-4,0.0001,0.0,-0.01
T11783,Turkey's Politics and Society,6,2,-4,0.0001,0.0,-0.01
T13600,Science Education and Perceptions,7,1,-6,0.0002,0.0,-0.01
T13068,Ancient Mediterranean Archaeology and History,7,1,-6,0.0002,0.0,-0.01
T12617,"Energy, Environment, and Transportation Policies",6,2,-4,0.0001,0.0,-0.01
T10018,Advancements in Battery Materials,4,4,0,0.0001,0.0001,0.0
T12509,Corporate Insolvency and Governance,3,5,2,0.0001,0.0001,0.0
T13811,Earth Systems and Cosmic Evolution,7,1,-6,0.0002,0.0,-0.01
T12056,Markov Chains and Monte Carlo Methods,2,6,4,0.0,0.0001,0.01
T12145,Dental Anxiety and Anesthesia Techniques,4,4,0,0.0001,0.0001,0.0
T13352,International Relations in Latin America,5,3,-2,0.0001,0.0001,-0.0
T13051,Qualitative Comparative Analysis Research,6,2,-4,0.0001,0.0,-0.01
T12697,Water Quality Monitoring Technologies,6,2,-4,0.0001,0.0,-0.01
T10801,Synthetic Aperture Radar (SAR) Applications and Techniques,4,4,0,0.0001,0.0001,0.0
T11284,Coal Properties and Utilization,4,4,0,0.0001,0.0001,0.0
T12357,Digital Media Forensic Detection,2,6,4,0.0,0.0001,0.01
T11063,Rough Sets and Fuzzy Logic,4,4,0,0.0001,0.0001,0.0
T11721,Blood properties and coagulation,7,1,-6,0.0002,0.0,-0.01
T14512,Technology and Human Factors in Education and Health,4,4,0,0.0001,0.0001,0.0
T12852,Chemical Thermodynamics and Molecular Structure,4,4,0,0.0001,0.0001,0.0
T11007,Hybrid Renewable Energy Systems,5,3,-2,0.0001,0.0001,-0.0
T10630,Orthopedic Surgery and Rehabilitation,6,2,-4,0.0001,0.0,-0.01
T12147,Urban and Rural Development Challenges,6,2,-4,0.0001,0.0,-0.01
T10693,Blood transfusion and management,2,6,4,0.0,0.0001,0.01
T11131,Proteoglycans and glycosaminoglycans research,3,5,2,0.0001,0.0001,0.0
T11180,Pesticide and Herbicide Environmental Studies,4,4,0,0.0001,0.0001,0.0
T13121,Radio Wave Propagation Studies,6,2,-4,0.0001,0.0,-0.01
T10175,Advanced DC-DC Converters,4,4,0,0.0001,0.0001,0.0
T11495,Animal Virus Infections Studies,3,5,2,0.0001,0.0001,0.0
T11163,Organ Donation and Transplantation,3,5,2,0.0001,0.0001,0.0
T14124,"Food, Nutrition, and Cultural Practices",0,8,8,0.0,0.0002,0.02
T10209,Global Maternal and Child Health,5,3,-2,0.0001,0.0001,-0.0
T13364,"Digitalization, Law, and Regulation",0,8,8,0.0,0.0002,0.02
T11953,"Neuroethics, Human Enhancement, Biomedical Innovations",4,4,0,0.0001,0.0001,0.0
T13109,Theological Perspectives and Practices,6,2,-4,0.0001,0.0,-0.01
T10507,Biodiesel Production and Applications,7,1,-6,0.0002,0.0,-0.01
T14002,"Art, Technology, and Culture",7,1,-6,0.0002,0.0,-0.01
T11448,Face recognition and analysis,3,5,2,0.0001,0.0001,0.0
T13939,Archaeology and Natural History,7,1,-6,0.0002,0.0,-0.01
T13052,Molecular Communication and Nanonetworks,6,2,-4,0.0001,0.0,-0.01
T10295,Plasmonic and Surface Plasmon Research,3,5,2,0.0001,0.0001,0.0
T14429,Global Political and Social Dynamics,4,4,0,0.0001,0.0001,0.0
T11452,Oral Health Pathology and Treatment,2,6,4,0.0,0.0001,0.01
T11989,Oxidative Organic Chemistry Reactions,3,4,1,0.0001,0.0001,0.0
T10700,Metal Forming Simulation Techniques,6,1,-5,0.0001,0.0,-0.01
T10544,Glass properties and applications,5,2,-3,0.0001,0.0,-0.01
T10946,Radioactivity and Radon Measurements,5,2,-3,0.0001,0.0,-0.01
T11666,Color Science and Applications,6,1,-5,0.0001,0.0,-0.01
T10993,Complement system in diseases,3,4,1,0.0001,0.0001,0.0
T11011,Frailty in Older Adults,5,2,-3,0.0001,0.0,-0.01
T13506,Botanical Research and Chemistry,7,0,-7,0.0002,0.0,-0.02
T12502,Urbanization and City Planning,5,2,-3,0.0001,0.0,-0.01
T10474,Material Dynamics and Properties,5,2,-3,0.0001,0.0,-0.01
T11137,Historical Philosophy and Science,3,4,1,0.0001,0.0001,0.0
T13332,"Historical Studies on Reproduction, Gender, Health, and Societal Changes",4,3,-1,0.0001,0.0001,-0.0
T12601,Web Applications and Data Management,2,5,3,0.0,0.0001,0.01
T11281,Asymmetric Hydrogenation and Catalysis,6,1,-5,0.0001,0.0,-0.01
T13035,Human Rights and Development,5,2,-3,0.0001,0.0,-0.01
T10820,Fuzzy Logic and Control Systems,3,4,1,0.0001,0.0001,0.0
T11346,Mast cells and histamine,2,5,3,0.0,0.0001,0.01
T10193,Coronary Interventions and Diagnostics,4,3,-1,0.0001,0.0001,-0.0
T13553,Age of Information Optimization,3,4,1,0.0001,0.0001,0.0
T11091,Extraction and Separation Processes,5,2,-3,0.0001,0.0,-0.01
T12793,Caveolin-1 and cellular processes,5,2,-3,0.0001,0.0,-0.01
T11365,Islamic Finance and Banking Studies,6,1,-5,0.0001,0.0,-0.01
T12504,Mathematics and Applications,5,2,-3,0.0001,0.0,-0.01
T11553,Acne and Rosacea Treatments and Effects,5,2,-3,0.0001,0.0,-0.01
T10752,Terahertz technology and applications,4,3,-1,0.0001,0.0001,-0.0
T11792,Pharmaceutical Economics and Policy,7,0,-7,0.0002,0.0,-0.02
T11708,Photochromic and Fluorescence Chemistry,5,2,-3,0.0001,0.0,-0.01
T14217,American Literature and Humor Studies,4,3,-1,0.0001,0.0001,-0.0
T10443,Social Policy and Reform Studies,5,2,-3,0.0001,0.0,-0.01
T10300,Congenital Heart Disease Studies,2,5,3,0.0,0.0001,0.01
T13436,Space Technology and Applications,2,5,3,0.0,0.0001,0.01
T14426,"Religion, Gender, and Enlightenment",4,3,-1,0.0001,0.0001,-0.0
T11649,Pharmaceutical industry and healthcare,4,3,-1,0.0001,0.0001,-0.0
T14117,Integrated Circuits and Semiconductor Failure Analysis,7,0,-7,0.0002,0.0,-0.02
T11874,Structural Response to Dynamic Loads,5,2,-3,0.0001,0.0,-0.01
T13028,Literature and Culture Studies,1,6,5,0.0,0.0001,0.01
T10759,Translation Studies and Practices,3,4,1,0.0001,0.0001,0.0
T14320,Optics and Image Analysis,3,4,1,0.0001,0.0001,0.0
T11217,Cardiac Arrhythmias and Treatments,1,6,5,0.0,0.0001,0.01
T10358,Advanced Radiotherapy Techniques,2,5,3,0.0,0.0001,0.01
T13164,Quality and Management Systems,3,4,1,0.0001,0.0001,0.0
T12119,Linguistics and Discourse Analysis,1,6,5,0.0,0.0001,0.01
T10602,Glycosylation and Glycoproteins Research,2,5,3,0.0,0.0001,0.01
T10838,Animal Behavior and Welfare Studies,3,4,1,0.0001,0.0001,0.0
T11963,Impact of Light on Environment and Health,5,2,-3,0.0001,0.0,-0.01
T12869,Occupational Health and Burnout,0,7,7,0.0,0.0002,0.02
T10285,Venous Thromboembolism Diagnosis and Management,4,3,-1,0.0001,0.0001,-0.0
T10975,Bone Tumor Diagnosis and Treatments,3,4,1,0.0001,0.0001,0.0
T13368,University Challenges and Reforms,1,6,5,0.0,0.0001,0.01
T13842,Intellectual Property Law,0,7,7,0.0,0.0002,0.02
T11723,Optical Coatings and Gratings,4,3,-1,0.0001,0.0001,-0.0
T11734,Decision Support System Applications,0,7,7,0.0,0.0002,0.02
T11639,Mental Health and Patient Involvement,6,1,-5,0.0001,0.0,-0.01
T12178,Bird parasitology and diseases,4,3,-1,0.0001,0.0001,-0.0
T12455,Mediterranean and Iberian flora and fauna,6,1,-5,0.0001,0.0,-0.01
T13727,Linguistic and Sociocultural Studies,2,5,3,0.0,0.0001,0.01
T10540,Advanced Fluorescence Microscopy Techniques,4,3,-1,0.0001,0.0001,-0.0
T12611,Neural Networks and Reservoir Computing,3,4,1,0.0001,0.0001,0.0
T14445,Transportation Safety and Impact Analysis,5,2,-3,0.0001,0.0,-0.01
T11844,Lipid metabolism and biosynthesis,1,6,5,0.0,0.0001,0.01
T10329,Thyroid Cancer Diagnosis and Treatment,4,3,-1,0.0001,0.0001,-0.0
T11260,Tracheal and airway disorders,5,2,-3,0.0001,0.0,-0.01
T11456,Neuroscience of respiration and sleep,4,3,-1,0.0001,0.0001,-0.0
T12542,Second Language Learning and Teaching,6,1,-5,0.0001,0.0,-0.01
T10997,Ocular Surface and Contact Lens,4,3,-1,0.0001,0.0001,-0.0
T10113,Dental materials and restorations,2,5,3,0.0,0.0001,0.01
T12892,Social Power and Status Dynamics,6,1,-5,0.0001,0.0,-0.01
T10935,Endometriosis Research and Treatment,3,4,1,0.0001,0.0001,0.0
T13276,University-Industry-Government Innovation Models,2,5,3,0.0,0.0001,0.01
T10071,Bone health and osteoporosis research,3,4,1,0.0001,0.0001,0.0
T13527,Transportation Systems and Logistics,4,3,-1,0.0001,0.0001,-0.0
T14088,Generational Differences and Trends,2,5,3,0.0,0.0001,0.01
T13895,Educational Leadership and Innovation,6,1,-5,0.0001,0.0,-0.01
T10438,"Energy, Environment, Economic Growth",5,2,-3,0.0001,0.0,-0.01
T11777,Fixed Point Theorems Analysis,4,3,-1,0.0001,0.0001,-0.0
T12627,Graphene and Nanomaterials Applications,5,2,-3,0.0001,0.0,-0.01
T13840,Chemical Safety and Risk Management,5,2,-3,0.0001,0.0,-0.01
T11563,Indian and Buddhist Studies,3,4,1,0.0001,0.0001,0.0
T12565,Physics and Engineering Research Articles,6,1,-5,0.0001,0.0,-0.01
T12031,Speech and dialogue systems,6,1,-5,0.0001,0.0,-0.01
T10830,Airway Management and Intubation Techniques,5,2,-3,0.0001,0.0,-0.01
T12785,Hong Kong and Taiwan Politics,5,2,-3,0.0001,0.0,-0.01
T10681,Rare-earth and actinide compounds,5,2,-3,0.0001,0.0,-0.01
T12032,Multisensory perception and integration,6,1,-5,0.0001,0.0,-0.01
T12550,"Politics and Conflicts in Afghanistan, Pakistan, and Middle East",5,2,-3,0.0001,0.0,-0.01
T13377,Ecosystem dynamics and resilience,7,0,-7,0.0002,0.0,-0.02
T11574,Artificial Intelligence in Games,7,0,-7,0.0002,0.0,-0.02
T11312,Soil Moisture and Remote Sensing,7,0,-7,0.0002,0.0,-0.02
T13591,Pasture and Agricultural Systems,7,0,-7,0.0002,0.0,-0.02
T12568,Plant Taxonomy and Phylogenetics,7,0,-7,0.0002,0.0,-0.02
T11662,Legal Cases and Commentary,7,0,-7,0.0002,0.0,-0.02
T12428,Global Trade and Competitiveness,3,4,1,0.0001,0.0001,0.0
T10662,Ultrasonics and Acoustic Wave Propagation,3,4,1,0.0001,0.0001,0.0
T11932,Wireless Body Area Networks,6,1,-5,0.0001,0.0,-0.01
T13207,Youth Substance Use and School Attendance,5,2,-3,0.0001,0.0,-0.01
T12570,Photopolymerization techniques and applications,4,3,-1,0.0001,0.0001,-0.0
T12999,Medieval History and Crusades,5,2,-3,0.0001,0.0,-0.01
T10748,Growth Hormone and Insulin-like Growth Factors,3,4,1,0.0001,0.0001,0.0
T11138,Tribology and Lubrication Engineering,4,3,-1,0.0001,0.0001,-0.0
T10746,Platelet Disorders and Treatments,3,4,1,0.0001,0.0001,0.0
T12492,Zoonotic diseases and public health,4,3,-1,0.0001,0.0001,-0.0
T12467,Rangeland Management and Livestock Ecology,5,2,-3,0.0001,0.0,-0.01
T10596,Child Nutrition and Water Access,4,3,-1,0.0001,0.0001,-0.0
T10274,Synthesis and biological activity,1,6,5,0.0,0.0001,0.01
T12151,Interpreting and Communication in Healthcare,6,1,-5,0.0001,0.0,-0.01
T12679,Focus Groups and Qualitative Methods,3,4,1,0.0001,0.0001,0.0
T11112,Viral Infections and Immunology Research,6,1,-5,0.0001,0.0,-0.01
T12163,Aerosol Filtration and Electrostatic Precipitation,6,1,-5,0.0001,0.0,-0.01
T14149,Historical and Literary Analyses,2,5,3,0.0,0.0001,0.01
T13393,Child Nutrition and Feeding Issues,7,0,-7,0.0002,0.0,-0.02
T11927,Plant Reproductive Biology,3,4,1,0.0001,0.0001,0.0
T11139,"Gout, Hyperuricemia, Uric Acid",5,2,-3,0.0001,0.0,-0.01
T13419,Ego Development and Educational Practices,3,4,1,0.0001,0.0001,0.0
T11017,Chaos-based Image/Signal Encryption,3,4,1,0.0001,0.0001,0.0
T13076,"Torture, Ethics, and Law",4,3,-1,0.0001,0.0001,-0.0
T12801,Bluetooth and Wireless Communication Technologies,4,3,-1,0.0001,0.0001,-0.0
T12579,Muon and positron interactions and applications,6,1,-5,0.0001,0.0,-0.01
T10499,Folate and B Vitamins Research,5,2,-3,0.0001,0.0,-0.01
T11732,Assisted Reproductive Technology and Twin Pregnancy,5,2,-3,0.0001,0.0,-0.01
T10313,Surface Modification and Superhydrophobicity,6,1,-5,0.0001,0.0,-0.01
T12315,Older Adults Driving Studies,2,5,3,0.0,0.0001,0.01
T13636,Pentecostalism and Christianity Studies,6,1,-5,0.0001,0.0,-0.01
T14311,Electrical and Electromagnetic Research,5,2,-3,0.0001,0.0,-0.01
T12263,Peacebuilding and International Security,4,3,-1,0.0001,0.0001,-0.0
T10803,Innovative Human-Technology Interaction,2,5,3,0.0,0.0001,0.01
T11353,Venomous Animal Envenomation and Studies,2,5,3,0.0,0.0001,0.01
T12553,Psychedelics and Drug Studies,3,4,1,0.0001,0.0001,0.0
T11943,Pharmacovigilance and Adverse Drug Reactions,3,4,1,0.0001,0.0001,0.0
T11249,Wireless Power Transfer Systems,3,4,1,0.0001,0.0001,0.0
T13340,Palliative and Oncologic Care,0,7,7,0.0,0.0002,0.02
T12656,"Climate Change, Adaptation, Migration",6,1,-5,0.0001,0.0,-0.01
T12004,Advanced Frequency and Time Standards,4,3,-1,0.0001,0.0001,-0.0
T12897,Structural Analysis of Composite Materials,7,0,-7,0.0002,0.0,-0.02
T10471,Climate Change Policy and Economics,3,4,1,0.0001,0.0001,0.0
T11836,Bryophyte Studies and Records,7,0,-7,0.0002,0.0,-0.02
T12452,Electrowetting and Microfluidic Technologies,4,3,-1,0.0001,0.0001,-0.0
T10581,Neural dynamics and brain function,6,1,-5,0.0001,0.0,-0.01
T11204,Ion Channels and Receptors,2,5,3,0.0,0.0001,0.01
T12857,Medieval Philosophy and Theology,6,1,-5,0.0001,0.0,-0.01
T10129,Glioma Diagnosis and Treatment,5,2,-3,0.0001,0.0,-0.01
T13435,Animal and Plant Science Education,6,1,-5,0.0001,0.0,-0.01
T10770,Soil Geostatistics and Mapping,4,3,-1,0.0001,0.0001,-0.0
T13347,Christian Theology and Mission,5,2,-3,0.0001,0.0,-0.01
T10308,Systemic Lupus Erythematosus Research,4,3,-1,0.0001,0.0001,-0.0
T12597,Fire Detection and Safety Systems,4,3,-1,0.0001,0.0001,-0.0
T14244,Consumer Behavior and Marketing Influence,0,7,7,0.0,0.0002,0.02
T13257,Advanced Control and Stabilization in Aerospace Systems,0,7,7,0.0,0.0002,0.02
T13766,"Media, Journalism, and Communication History",0,7,7,0.0,0.0002,0.02
T13297,History and advancements in chemistry,6,0,-6,0.0001,0.0,-0.01
T13593,Historical and Archaeological Studies,5,1,-4,0.0001,0.0,-0.01
T13621,Ancient and Medieval Archaeology Studies,6,0,-6,0.0001,0.0,-0.01
T10641,Central Venous Catheters and Hemodialysis,4,2,-2,0.0001,0.0,-0.0
T10107,Ferroelectric and Piezoelectric Materials,2,4,2,0.0,0.0001,0.0
T12240,Nanomaterials for catalytic reactions,3,3,0,0.0001,0.0001,0.0
T14060,Education and Communication Studies,2,4,2,0.0,0.0001,0.0
T12402,Travel-related health issues,5,1,-4,0.0001,0.0,-0.01
T13404,Geological and Tectonic Studies in Latin America,5,1,-4,0.0001,0.0,-0.01
T12208,Occupational exposure and asthma,3,3,0,0.0001,0.0001,0.0
T10123,DNA Repair Mechanisms,4,2,-2,0.0001,0.0,-0.0
T13170,Discrimination and Equality Law,1,5,4,0.0,0.0001,0.01
T11878,Solid-state spectroscopy and crystallography,3,3,0,0.0001,0.0001,0.0
T14107,Appalachian Studies and Mathematics,2,4,2,0.0,0.0001,0.0
T11663,Viral Infectious Diseases and Gene Expression in Insects,6,0,-6,0.0001,0.0,-0.01
T13013,Free Radicals and Antioxidants,2,4,2,0.0,0.0001,0.0
T13224,Sports and Physical Education Research,2,4,2,0.0,0.0001,0.0
T11413,Risk and Portfolio Optimization,1,5,4,0.0,0.0001,0.01
T12437,"Balkans: History, Politics, Society",4,2,-2,0.0001,0.0,-0.0
T11552,"Global trade, sustainability, and social impact",5,1,-4,0.0001,0.0,-0.01
T12521,Death Anxiety and Social Exclusion,3,3,0,0.0001,0.0001,0.0
T10911,Chemical Synthesis and Analysis,4,2,-2,0.0001,0.0,-0.0
T12745,Dietary Effects on Health,5,1,-4,0.0001,0.0,-0.01
T14290,Education Methods and Practices,1,5,4,0.0,0.0001,0.01
T10678,Inflammatory mediators and NSAID effects,5,1,-4,0.0001,0.0,-0.01
T13730,"Martial Arts: Techniques, Psychology, and Education",3,3,0,0.0001,0.0001,0.0
T10618,Aortic Disease and Treatment Approaches,3,3,0,0.0001,0.0001,0.0
T13922,Historical Art and Culture Studies,4,2,-2,0.0001,0.0,-0.0
T14010,Food Industry and Aquatic Biology,5,1,-4,0.0001,0.0,-0.01
T12879,Distributed Sensor Networks and Detection Algorithms,4,2,-2,0.0001,0.0,-0.0
T12955,Atherosclerosis and Cardiovascular Diseases,3,3,0,0.0001,0.0001,0.0
T12035,Pain Management and Placebo Effect,3,3,0,0.0001,0.0001,0.0
T14260,Impact of AI and Big Data on Business and Society,4,2,-2,0.0001,0.0,-0.0
T13946,Musculoskeletal Disorders and Rehabilitation,5,1,-4,0.0001,0.0,-0.01
T11714,Multimodal Machine Learning Applications,2,4,2,0.0,0.0001,0.0
T12114,Sensory Analysis and Statistical Methods,3,3,0,0.0001,0.0001,0.0
T11440,Click Chemistry and Applications,4,2,-2,0.0001,0.0,-0.0
T11150,Endoplasmic Reticulum Stress and Disease,4,2,-2,0.0001,0.0,-0.0
T10462,Reinforcement Learning in Robotics,2,4,2,0.0,0.0001,0.0
T10431,Ethnobotanical and Medicinal Plants Studies,2,4,2,0.0,0.0001,0.0
T11294,Infant Nutrition and Health,3,3,0,0.0001,0.0001,0.0
T14521,Medicinal Plant Research,1,5,4,0.0,0.0001,0.01
T13308,Cybernetics and Technology in Society,2,4,2,0.0,0.0001,0.0
T12326,Network Packet Processing and Optimization,4,2,-2,0.0001,0.0,-0.0
T10505,Pluripotent Stem Cells Research,4,2,-2,0.0001,0.0,-0.0
T13253,Chemical Reactions and Mechanisms,3,3,0,0.0001,0.0001,0.0
T13605,"Homicide, Infanticide, and Child Abuse",3,3,0,0.0001,0.0001,0.0
T13371,Military Defense Systems Analysis,1,5,4,0.0,0.0001,0.01
T12807,Consumer Behavior and Market Dynamics,0,6,6,0.0,0.0001,0.01
T14440,Quality of Life Measurement,0,6,6,0.0,0.0001,0.01
T13293,Engineering and Test Systems,3,3,0,0.0001,0.0001,0.0
T10774,Weed Control and Herbicide Applications,1,5,4,0.0,0.0001,0.01
T10604,RNA Research and Splicing,4,2,-2,0.0001,0.0,-0.0
T10850,Heat Transfer and Boiling Studies,3,3,0,0.0001,0.0001,0.0
T14006,"Linguistics, Language Diversity, and Identity",4,2,-2,0.0001,0.0,-0.0
T11895,Social and Cultural Dynamics,3,3,0,0.0001,0.0001,0.0
T14191,Historical Art and Architecture Studies,0,6,6,0.0,0.0001,0.01
T12949,South Asian Studies and Diaspora,1,5,4,0.0,0.0001,0.01
T11653,Financial Distress and Bankruptcy Prediction,4,2,-2,0.0001,0.0,-0.0
T14055,Consumer Packaging Perceptions and Trends,1,5,4,0.0,0.0001,0.01
T10343,"Hydrogels: synthesis, properties, applications",2,4,2,0.0,0.0001,0.0
T13784,Jewish Identity and Society,4,2,-2,0.0001,0.0,-0.0
T13672,Thomas Hardy Literature Studies,1,5,4,0.0,0.0001,0.01
T10962,Thermodynamic properties of mixtures,0,6,6,0.0,0.0001,0.01
T14355,Historical Studies of British Isles,1,5,4,0.0,0.0001,0.01
T13690,Quality and Safety in Healthcare,4,2,-2,0.0001,0.0,-0.0
T10828,Biometric Identification and Security,3,3,0,0.0001,0.0001,0.0
T14024,"Education, Philosophy, and Society",0,6,6,0.0,0.0001,0.01
T12420,Silicone and Siloxane Chemistry,4,2,-2,0.0001,0.0,-0.0
T12177,Resource-Constrained Project Scheduling,4,2,-2,0.0001,0.0,-0.0
T13642,Organizational Downsizing and Restructuring,4,2,-2,0.0001,0.0,-0.0
T10371,Immune Response and Inflammation,4,2,-2,0.0001,0.0,-0.0
T11100,Intermetallics and Advanced Alloy Properties,5,1,-4,0.0001,0.0,-0.01
T13062,Cognitive Computing and Networks,3,3,0,0.0001,0.0001,0.0
T10655,GNSS positioning and interference,2,4,2,0.0,0.0001,0.0
T10620,Protease and Inhibitor Mechanisms,3,3,0,0.0001,0.0001,0.0
T12041,Public Health Policies and Education,4,2,-2,0.0001,0.0,-0.0
T10321,Quantum Dots Synthesis And Properties,4,2,-2,0.0001,0.0,-0.0
T12661,Iterative Methods for Nonlinear Equations,4,2,-2,0.0001,0.0,-0.0
T11678,Healthcare Decision-Making and Restraints,3,3,0,0.0001,0.0001,0.0
T14335,Educational Robotics and Engineering,4,2,-2,0.0001,0.0,-0.0
T11570,Periodontal Regeneration and Treatments,4,2,-2,0.0001,0.0,-0.0
T10621,Gene Regulatory Network Analysis,4,2,-2,0.0001,0.0,-0.0
T12182,Evolution and Science Education,4,2,-2,0.0001,0.0,-0.0
T12397,Critical Theory and Philosophy,5,1,-4,0.0001,0.0,-0.01
T12816,Global Public Health Policies and Epidemiology,4,2,-2,0.0001,0.0,-0.0
T13071,Digital Storytelling and Education,5,1,-4,0.0001,0.0,-0.01
T14393,"Health, Environment, Cognitive Aging",5,1,-4,0.0001,0.0,-0.01
T12501,Digital Economy and Work Transformation,5,1,-4,0.0001,0.0,-0.01
T12211,Aluminum toxicity and tolerance in plants and animals,3,3,0,0.0001,0.0001,0.0
T11169,Silicon Nanostructures and Photoluminescence,5,1,-4,0.0001,0.0,-0.01
T13277,"Media, Religion, Digital Communication",4,2,-2,0.0001,0.0,-0.0
T12014,"Fish biology, ecology, and behavior",5,1,-4,0.0001,0.0,-0.01
T11349,Music Technology and Sound Studies,5,1,-4,0.0001,0.0,-0.01
T12832,Biocrusts and Microbial Ecology,6,0,-6,0.0001,0.0,-0.01
T12308,Mental Health and Psychiatry,6,0,-6,0.0001,0.0,-0.01
T12672,Phagocytosis and Immune Regulation,5,1,-4,0.0001,0.0,-0.01
T10428,Reproductive tract infections research,5,1,-4,0.0001,0.0,-0.01
T12424,Earthquake Detection and Analysis,6,0,-6,0.0001,0.0,-0.01
T14067,Cloud Computing and Remote Desktop Technologies,3,3,0,0.0001,0.0001,0.0
T11952,Landfill Environmental Impact Studies,3,3,0,0.0001,0.0001,0.0
T13438,Environmental Conservation and Management,3,3,0,0.0001,0.0001,0.0
T11309,Music and Audio Processing,3,3,0,0.0001,0.0001,0.0
T11643,Building materials and conservation,6,0,-6,0.0001,0.0,-0.01
T10951,Cryptographic Implementations and Security,2,4,2,0.0,0.0001,0.0
T11799,"Adhesion, Friction, and Surface Interactions",6,0,-6,0.0001,0.0,-0.01
T13353,Flow Experience in Various Fields,3,3,0,0.0001,0.0001,0.0
T13222,"Caribbean history, culture, and politics",6,0,-6,0.0001,0.0,-0.01
T14014,Transportation Systems and Infrastructure,3,3,0,0.0001,0.0001,0.0
T11954,Energy Efficiency and Management,3,3,0,0.0001,0.0001,0.0
T10512,Orthopaedic implants and arthroplasty,4,2,-2,0.0001,0.0,-0.0
T13583,Jury Decision Making Processes,3,3,0,0.0001,0.0001,0.0
T11705,Gambling Behavior and Treatments,5,1,-4,0.0001,0.0,-0.01
T11945,Heat Transfer Mechanisms,5,1,-4,0.0001,0.0,-0.01
T11146,Hormonal and reproductive studies,4,2,-2,0.0001,0.0,-0.0
T12417,Morphological variations and asymmetry,4,2,-2,0.0001,0.0,-0.0
T10562,Total Knee Arthroplasty Outcomes,4,2,-2,0.0001,0.0,-0.0
T13078,Political and Social Dynamics in Chile and Latin America,5,1,-4,0.0001,0.0,-0.01
T12057,Consumer Attitudes and Food Labeling,2,4,2,0.0,0.0001,0.0
T11743,Political Economy and Marxism,3,3,0,0.0001,0.0001,0.0
T13395,"Education, Leadership, and Health Research",2,4,2,0.0,0.0001,0.0
T12867,Advanced Biosensing Techniques and Applications,5,1,-4,0.0001,0.0,-0.01
T11445,Origins and Evolution of Life,2,4,2,0.0,0.0001,0.0
T11408,Advanced Optical Imaging Technologies,5,1,-4,0.0001,0.0,-0.01
T10704,Advancements in Transdermal Drug Delivery,2,4,2,0.0,0.0001,0.0
T12994,Infrared Thermography in Medicine,6,0,-6,0.0001,0.0,-0.01
T11225,Geothermal Energy Systems and Applications,5,1,-4,0.0001,0.0,-0.01
T10699,Primate Behavior and Ecology,2,4,2,0.0,0.0001,0.0
T12761,Data Stream Mining Techniques,4,2,-2,0.0001,0.0,-0.0
T11334,Psychosomatic Disorders and Their Treatments,4,2,-2,0.0001,0.0,-0.0
T12023,Cholinesterase and Neurodegenerative Diseases,2,4,2,0.0,0.0001,0.0
T12252,Mechanical stress and fatigue analysis,5,1,-4,0.0001,0.0,-0.01
T12993,Psychology of Development and Education,3,3,0,0.0001,0.0001,0.0
T10657,Topological Materials and Phenomena,3,3,0,0.0001,0.0001,0.0
T13014,Peace and Human Rights Education,2,4,2,0.0,0.0001,0.0
T10938,Phase Change Materials Research,2,4,2,0.0,0.0001,0.0
T12077,Vacuum and Plasma Arcs,2,4,2,0.0,0.0001,0.0
T13655,Canadian Policy and Governance,5,1,-4,0.0001,0.0,-0.01
T11050,Photorefractive and Nonlinear Optics,3,3,0,0.0001,0.0001,0.0
T10497,Fungal and yeast genetics research,2,4,2,0.0,0.0001,0.0
T11968,High Altitude and Hypoxia,2,4,2,0.0,0.0001,0.0
T10592,Fusion materials and technologies,1,5,4,0.0,0.0001,0.01
T11128,Transition Metal Oxide Nanomaterials,3,3,0,0.0001,0.0001,0.0
T10388,Advanced Steganography and Watermarking Techniques,3,3,0,0.0001,0.0001,0.0
T11741,Flexible and Reconfigurable Manufacturing Systems,2,4,2,0.0,0.0001,0.0
T11240,Luminescence and Fluorescent Materials,2,4,2,0.0,0.0001,0.0
T12301,Facial Nerve Paralysis Treatment and Research,4,2,-2,0.0001,0.0,-0.0
T10078,Advanced Photocatalysis Techniques,4,2,-2,0.0001,0.0,-0.0
T10187,Radio Frequency Integrated Circuit Design,1,5,4,0.0,0.0001,0.01
T11178,Receptor Mechanisms and Signaling,4,2,-2,0.0001,0.0,-0.0
T10957,Photodynamic Therapy Research Studies,2,4,2,0.0,0.0001,0.0
T14222,Knowledge Management and Technology,1,5,4,0.0,0.0001,0.01
T12926,Business Strategies and Management Research,0,6,6,0.0,0.0001,0.01
T14141,Colonial History and Postcolonial Studies,0,6,6,0.0,0.0001,0.01
T13807,Cultural Insights and Digital Impacts,0,6,6,0.0,0.0001,0.01
T13086,Post-Soviet Geopolitical Dynamics,5,1,-4,0.0001,0.0,-0.01
T11930,"Cardiac, Anesthesia and Surgical Outcomes",6,0,-6,0.0001,0.0,-0.01
T14240,E-Learning and COVID-19,3,3,0,0.0001,0.0001,0.0
T10958,Ultrasound and Hyperthermia Applications,4,2,-2,0.0001,0.0,-0.0
T11513,stochastic dynamics and bifurcation,3,3,0,0.0001,0.0001,0.0
T12435,Bladed Disk Vibration Dynamics,4,2,-2,0.0001,0.0,-0.0
T13162,African Studies and Ethnography,1,5,4,0.0,0.0001,0.01
T12632,Visual Culture and Art Theory,2,4,2,0.0,0.0001,0.0
T11051,Sirtuins and Resveratrol in Medicine,4,2,-2,0.0001,0.0,-0.0
T12777,"Philosophy, History, and Historiography",2,4,2,0.0,0.0001,0.0
T11591,NF-κB Signaling Pathways,1,5,4,0.0,0.0001,0.01
T13150,Study and Philosophy of Religion,1,5,4,0.0,0.0001,0.01
T12590,STEM Education,0,6,6,0.0,0.0001,0.01
T14354,Emergency Medicine Education and Research,0,6,6,0.0,0.0001,0.01
T13947,Media Discourse and Social  Analysis,0,6,6,0.0,0.0001,0.01
T14508,Vocational Education and Training,0,6,6,0.0,0.0001,0.01
T12184,Linguistics and Education Research,0,6,6,0.0,0.0001,0.01
T10561,Educational Research and Methods,0,6,6,0.0,0.0001,0.01
T13292,Embedded Systems and FPGA Applications,0,6,6,0.0,0.0001,0.01
T11579,Cardiovascular and Diving-Related Complications,4,1,-3,0.0001,0.0,-0.01
T13561,Chemical Reactions and Isotopes,5,0,-5,0.0001,0.0,-0.01
T11259,Agriculture Sustainability and Environmental Impact,3,2,-1,0.0001,0.0,-0.0
T14293,Biotechnology and Related Fields,4,1,-3,0.0001,0.0,-0.01
T10831,Cell Adhesion Molecules Research,3,2,-1,0.0001,0.0,-0.0
T13681,Engineering and Information Technology,2,3,1,0.0,0.0001,0.0
T11564,Mathematical Inequalities and Applications,4,1,-3,0.0001,0.0,-0.01
T12970,"Names, Identity, and Discrimination Research",1,4,3,0.0,0.0001,0.01
T12541,Graph Labeling and Dimension Problems,4,1,-3,0.0001,0.0,-0.01
T13770,Pediatric health and respiratory diseases,4,1,-3,0.0001,0.0,-0.01
T13839,"Tourism, Volunteerism, and Development",4,1,-3,0.0001,0.0,-0.01
T13960,"Dietetics, Nutrition, and Education",4,1,-3,0.0001,0.0,-0.01
T12479,Web Application Security Vulnerabilities,2,3,1,0.0,0.0001,0.0
T14254,Digital Media and Visual Art,3,2,-1,0.0001,0.0,-0.0
T12505,Peptidase Inhibition and Analysis,5,0,-5,0.0001,0.0,-0.01
T13409,Paleopathology and ancient diseases,4,1,-3,0.0001,0.0,-0.01
T11151,Advanced Topology and Set Theory,4,1,-3,0.0001,0.0,-0.01
T11358,Dysphagia Assessment and Management,3,2,-1,0.0001,0.0,-0.0
T11218,Hip disorders and treatments,3,2,-1,0.0001,0.0,-0.0
T13235,Management Theory and Practice,3,2,-1,0.0001,0.0,-0.0
T10092,Organometallic Complex Synthesis and Catalysis,1,4,3,0.0,0.0001,0.01
T11037,Fungal Infections and Studies,4,1,-3,0.0001,0.0,-0.01
T12953,Critical Realism in Sociology,4,1,-3,0.0001,0.0,-0.01
T10323,Analog and Mixed-Signal Circuit Design,2,3,1,0.0,0.0001,0.0
T11970,Molecular Biology Techniques and Applications,4,1,-3,0.0001,0.0,-0.01
T13493,Optical and Acousto-Optic Technologies,1,4,3,0.0,0.0001,0.01
T13715,Power Line Inspection Robots,3,2,-1,0.0001,0.0,-0.0
T11849,Intellectual Capital and Performance Analysis,3,2,-1,0.0001,0.0,-0.0
T12085,Collagen: Extraction and Characterization,3,2,-1,0.0001,0.0,-0.0
T12782,Assembly Line Balancing Optimization,3,2,-1,0.0001,0.0,-0.0
T11941,Power System Reliability and Maintenance,4,1,-3,0.0001,0.0,-0.01
T11541,Neuroendocrine regulation and behavior,3,2,-1,0.0001,0.0,-0.0
T13856,Advanced Power Generation Technologies,4,1,-3,0.0001,0.0,-0.01
T11460,Analytical Methods in Pharmaceuticals,1,4,3,0.0,0.0001,0.01
T10073,Hepatocellular Carcinoma Treatment and Prognosis,2,3,1,0.0,0.0001,0.0
T12692,Magnetic Field Sensors Techniques,4,1,-3,0.0001,0.0,-0.01
T10852,Temporomandibular Joint Disorders,3,2,-1,0.0001,0.0,-0.0
T11256,Asian Studies and History,3,2,-1,0.0001,0.0,-0.0
T12591,Inclusive Education and Diversity,2,3,1,0.0,0.0001,0.0
T12146,Power Line Communications and Noise,5,0,-5,0.0001,0.0,-0.01
T12813,Plant and Biological Electrophysiology Studies,5,0,-5,0.0001,0.0,-0.01
T13344,Industrial Automation and Control Systems,4,1,-3,0.0001,0.0,-0.01
T11739,Microwave Imaging and Scattering Analysis,3,2,-1,0.0001,0.0,-0.0
T12959,Engineering and Materials Science Studies,1,4,3,0.0,0.0001,0.01
T12774,Bauxite Residue and Utilization,3,2,-1,0.0001,0.0,-0.0
T13104,Chemical and Physical Properties of Materials,1,4,3,0.0,0.0001,0.01
T11685,Zebrafish Biomedical Research Applications,3,2,-1,0.0001,0.0,-0.0
T12907,Mechanical Engineering and Vibrations Research,3,2,-1,0.0001,0.0,-0.0
T12744,Medical Device Sterilization and Disinfection,3,2,-1,0.0001,0.0,-0.0
T13914,European Cultural and National Identity,2,3,1,0.0,0.0001,0.0
T12809,Contact Mechanics and Variational Inequalities,3,2,-1,0.0001,0.0,-0.0
T10264,Asphalt Pavement Performance Evaluation,2,3,1,0.0,0.0001,0.0
T11222,Magnetic Properties and Applications,1,4,3,0.0,0.0001,0.01
T10311,Advancements in Solid Oxide Fuel Cells,2,3,1,0.0,0.0001,0.0
T12471,History of Science and Natural History,3,2,-1,0.0001,0.0,-0.0
T11978,Soil Mechanics and Vehicle Dynamics,2,3,1,0.0,0.0001,0.0
T14280,Big Data Technologies and Applications,1,4,3,0.0,0.0001,0.01
T13059,"Religion, Ecology, and Ethics",4,1,-3,0.0001,0.0,-0.01
T12038,Covalent Organic Framework Applications,4,1,-3,0.0001,0.0,-0.01
T13588,Regional resilience and development,1,4,3,0.0,0.0001,0.01
T11224,Electromagnetic wave absorption materials,2,3,1,0.0,0.0001,0.0
T12516,Advanced Mathematical Theories and Applications,2,3,1,0.0,0.0001,0.0
T10858,Clinical Nutrition and Gastroenterology,3,2,-1,0.0001,0.0,-0.0
T13379,"Multiculturalism, Politics, Migration, Gender",2,3,1,0.0,0.0001,0.0
T13416,Educational Theory and Curriculum Studies,1,4,3,0.0,0.0001,0.01
T10954,Peripheral Nerve Disorders,2,3,1,0.0,0.0001,0.0
T14230,Occupational and Professional Licensing Regulation,4,1,-3,0.0001,0.0,-0.01
T11898,Economics of Agriculture and Food Markets,2,3,1,0.0,0.0001,0.0
T12282,Mineral Processing and Grinding,1,4,3,0.0,0.0001,0.01
T12256,Facilities and Workplace Management,3,2,-1,0.0001,0.0,-0.0
T11897,Digital Holography and Microscopy,1,4,3,0.0,0.0001,0.01
T10023,Schizophrenia research and treatment,0,5,5,0.0,0.0001,0.01
T10405,Advanced Polymer Synthesis and Characterization,3,2,-1,0.0001,0.0,-0.0
T13376,Criminal Law and Policy,0,5,5,0.0,0.0001,0.01
T12841,Echinoderm biology and ecology,1,4,3,0.0,0.0001,0.01
T14511,"Medicine, History, and Philosophy",0,5,5,0.0,0.0001,0.01
T14034,Musicians’ Health and Performance,4,1,-3,0.0001,0.0,-0.01
T11652,Imbalanced Data Classification Techniques,2,3,1,0.0,0.0001,0.0
T11476,Graph theory and applications,3,2,-1,0.0001,0.0,-0.0
T10516,Parathyroid Disorders and Treatments,3,2,-1,0.0001,0.0,-0.0
T11557,Lubricants and Their Additives,3,2,-1,0.0001,0.0,-0.0
T12401,Scheduling and Timetabling Solutions,2,3,1,0.0,0.0001,0.0
T13721,Political Science Research and Education,1,4,3,0.0,0.0001,0.01
T13757,Graphic Design and Typography,3,2,-1,0.0001,0.0,-0.0
T14303,Polymer Synthesis and Characterization,0,5,5,0.0,0.0001,0.01
T14246,E-Learning and Knowledge Management,4,1,-3,0.0001,0.0,-0.01
T13303,Asian Culture and Media Studies,4,1,-3,0.0001,0.0,-0.01
T13967,"Conservation, Ecology, Wildlife Education",2,3,1,0.0,0.0001,0.0
T13098,Conferences and Exhibitions Management,4,1,-3,0.0001,0.0,-0.01
T11894,Radiology practices and education,4,1,-3,0.0001,0.0,-0.01
T13795,"Language, Communication, and Linguistic Studies",0,5,5,0.0,0.0001,0.01
T12096,Ectopic Pregnancy Diagnosis and Management,4,1,-3,0.0001,0.0,-0.01
T14443,"COVID-19, Geopolitics, Technology, Migration",0,5,5,0.0,0.0001,0.01
T10724,Ion Transport and Channel Regulation,3,2,-1,0.0001,0.0,-0.0
T13245,Samuel Beckett and Modernism,4,1,-3,0.0001,0.0,-0.01
T12628,Polymer Foaming and Composites,3,2,-1,0.0001,0.0,-0.0
T11194,Ocular Diseases and Behçet’s Syndrome,2,3,1,0.0,0.0001,0.0
T14299,Complex Systems and Dynamics,1,4,3,0.0,0.0001,0.01
T11706,Forensic Entomology and Diptera Studies,3,2,-1,0.0001,0.0,-0.0
T12870,Seedling growth and survival studies,3,2,-1,0.0001,0.0,-0.0
T13556,Historical Influence and Diplomacy,4,1,-3,0.0001,0.0,-0.01
T12079,IoT Networks and Protocols,2,3,1,0.0,0.0001,0.0
T10684,Acute Kidney Injury Research,3,2,-1,0.0001,0.0,-0.0
T11825,Catalysis and Oxidation Reactions,4,1,-3,0.0001,0.0,-0.01
T12136,Vanadium and Halogenation Chemistry,3,2,-1,0.0001,0.0,-0.0
T13000,World Systems and Global Transformations,3,2,-1,0.0001,0.0,-0.0
T11969,Fluoride Effects and Removal,3,2,-1,0.0001,0.0,-0.0
T10223,Microgrid Control and Optimization,4,1,-3,0.0001,0.0,-0.01
T12854,Neurology and Historical Studies,5,0,-5,0.0001,0.0,-0.01
T12733,Vector-Borne Animal Diseases,5,0,-5,0.0001,0.0,-0.01
T14470,Advanced Data Processing Techniques,5,0,-5,0.0001,0.0,-0.01
T11886,Agricultural risk and resilience,5,0,-5,0.0001,0.0,-0.01
T13124,Chemical synthesis and alkaloids,5,0,-5,0.0001,0.0,-0.01
T11817,"Housing, Finance, and Neoliberalism",5,0,-5,0.0001,0.0,-0.01
T14283,Diverse Academic Research Areas,5,0,-5,0.0001,0.0,-0.01
T11693,Cryptography and Residue Arithmetic,3,2,-1,0.0001,0.0,-0.0
T13198,"Historical, Religious, and Philosophical Studies",4,1,-3,0.0001,0.0,-0.01
T10422,Angiogenesis and VEGF in Cancer,3,2,-1,0.0001,0.0,-0.0
T12716,Congenital Anomalies and Fetal Surgery,3,2,-1,0.0001,0.0,-0.0
T11318,Phytoestrogen effects and research,3,2,-1,0.0001,0.0,-0.0
T10890,Trypanosoma species research and implications,4,1,-3,0.0001,0.0,-0.01
T12232,"Yersinia bacterium, plague, ectoparasites research",4,1,-3,0.0001,0.0,-0.01
T14289,"Anthropology: Ethics, History, Culture",5,0,-5,0.0001,0.0,-0.01
T13518,Architecture and Computational Design,5,0,-5,0.0001,0.0,-0.01
T14357,"Architecture, Design, and Social History",4,1,-3,0.0001,0.0,-0.01
T14180,"Law, logistics, and international trade",5,0,-5,0.0001,0.0,-0.01
T10985,Sleep and Wakefulness Research,4,1,-3,0.0001,0.0,-0.01
T13406,Human Resources and Workforce,1,4,3,0.0,0.0001,0.01
T13398,Data Analysis with R,5,0,-5,0.0001,0.0,-0.01
T11484,Adaptive optics and wavefront sensing,5,0,-5,0.0001,0.0,-0.01
T10373,Renal Transplantation Outcomes and Treatments,2,3,1,0.0,0.0001,0.0
T12525,Australian History and Society,5,0,-5,0.0001,0.0,-0.01
T11278,Calcium Carbonate Crystallization and Inhibition,4,1,-3,0.0001,0.0,-0.01
T11964,Pregnancy and Medication Impact,4,1,-3,0.0001,0.0,-0.01
T11796,Horticultural and Viticultural Research,5,0,-5,0.0001,0.0,-0.01
T12362,Tribology and Wear Analysis,5,0,-5,0.0001,0.0,-0.01
T14492,"War, Law, and Justice",1,4,3,0.0,0.0001,0.01
T10989,Uterine Myomas and Treatments,2,3,1,0.0,0.0001,0.0
T11670,Pressure Ulcer Prevention and Management,3,2,-1,0.0001,0.0,-0.0
T10185,Lymphoma Diagnosis and Treatment,3,2,-1,0.0001,0.0,-0.0
T10733,Wheat and Barley Genetics and Pathology,4,1,-3,0.0001,0.0,-0.01
T14329,Science and Climate Studies,5,0,-5,0.0001,0.0,-0.01
T12491,Superconductivity in MgB2 and Alloys,3,2,-1,0.0001,0.0,-0.0
T13812,AI and HR Technologies,3,2,-1,0.0001,0.0,-0.0
T13397,Hallucinations in medical conditions,3,2,-1,0.0001,0.0,-0.0
T13552,Advanced Materials Characterization Techniques,5,0,-5,0.0001,0.0,-0.01
T12487,Structural Engineering and Vibration Analysis,5,0,-5,0.0001,0.0,-0.01
T11447,Blind Source Separation Techniques,5,0,-5,0.0001,0.0,-0.01
T10685,Viral-associated cancers and disorders,3,2,-1,0.0001,0.0,-0.0
T12576,vaccines and immunoinformatics approaches,3,2,-1,0.0001,0.0,-0.0
T12699,Electromagnetic Launch and Propulsion Technology,5,0,-5,0.0001,0.0,-0.01
T11336,Energy and Environment Impacts,5,0,-5,0.0001,0.0,-0.01
T11703,"Rings, Modules, and Algebras",4,1,-3,0.0001,0.0,-0.01
T12173,Body Contouring and Surgery,2,3,1,0.0,0.0001,0.0
T12086,Structural Integrity and Reliability Analysis,4,1,-3,0.0001,0.0,-0.01
T13155,Digital Communication and Language,2,3,1,0.0,0.0001,0.0
T10134,Inflammatory Bowel Disease,2,3,1,0.0,0.0001,0.0
T11136,Enzyme-mediated dye degradation,5,0,-5,0.0001,0.0,-0.01
T12510,Magneto-Optical Properties and Applications,5,0,-5,0.0001,0.0,-0.01
T11001,Renin-Angiotensin System Studies,1,4,3,0.0,0.0001,0.01
T12738,Corporate Identity and Reputation,3,2,-1,0.0001,0.0,-0.0
T13902,Indian History and Philosophy,4,1,-3,0.0001,0.0,-0.01
T12990,Medical History and Innovations,2,3,1,0.0,0.0001,0.0
T12615,Climate Change and Geoengineering,3,2,-1,0.0001,0.0,-0.0
T11846,Cultural Heritage Management and Preservation,3,2,-1,0.0001,0.0,-0.0
T14140,Elite Sociology and Global Capitalism,3,2,-1,0.0001,0.0,-0.0
T10292,Acute Myocardial Infarction Research,1,4,3,0.0,0.0001,0.01
T10671,Gastroesophageal reflux and treatments,2,3,1,0.0,0.0001,0.0
T14441,"Religion, Theology, History, Judaism, Christianity",2,3,1,0.0,0.0001,0.0
T10284,Anaerobic Digestion and Biogas Production,2,3,1,0.0,0.0001,0.0
T10706,Traumatic Brain Injury and Neurovascular Disturbances,3,2,-1,0.0001,0.0,-0.0
T14195,Linguistic and Cultural Studies,0,5,5,0.0,0.0001,0.01
T13268,Photographic and Visual Arts,0,5,5,0.0,0.0001,0.01
T14269,Food Security and Socioeconomic Dynamics,0,5,5,0.0,0.0001,0.01
T11231,Microbial Fuel Cells and Bioremediation,0,5,5,0.0,0.0001,0.01
T14359,Wetland Management and Conservation,0,5,5,0.0,0.0001,0.01
T12811,"Aging, Health, and Disability",0,5,5,0.0,0.0001,0.01
T11132,Psychoanalysis and Psychopathology Research,0,5,5,0.0,0.0001,0.01
T13291,Political Theory and Democracy,0,5,5,0.0,0.0001,0.01
T10457,Education Pedagogy and Practices,0,5,5,0.0,0.0001,0.01
T12905,Management Systems and Quality Improvement,0,5,5,0.0,0.0001,0.01
T12787,Human Behavior and Motivation,4,1,-3,0.0001,0.0,-0.01
T13570,Historical Education Studies Worldwide,0,5,5,0.0,0.0001,0.01
T11098,Seed Germination and Physiology,0,5,5,0.0,0.0001,0.01
T13151,Business Strategies and Innovation,2,3,1,0.0,0.0001,0.0
T11841,Nuclear Structure and Function,5,0,-5,0.0001,0.0,-0.01
T11620,Medication Adherence and Compliance,3,2,-1,0.0001,0.0,-0.0
T13252,Sex and Gender in Healthcare,2,3,1,0.0,0.0001,0.0
T11453,Diagnosis and Treatment of Venous Diseases,3,2,-1,0.0001,0.0,-0.0
T14464,Community Development and Social Impact,4,1,-3,0.0001,0.0,-0.01
T10802,Judicial and Constitutional Studies,2,3,1,0.0,0.0001,0.0
T10441,Muscle Physiology and Disorders,4,1,-3,0.0001,0.0,-0.01
T10342,Circadian rhythm and melatonin,3,2,-1,0.0001,0.0,-0.0
T10616,Smart Agriculture and AI,2,3,1,0.0,0.0001,0.0
T14315,Feminist Theory and Gender Studies,1,4,3,0.0,0.0001,0.01
T10435,Environmental Impact and Sustainability,1,4,3,0.0,0.0001,0.01
T13203,Environmental Changes in China,0,5,5,0.0,0.0001,0.01
T13557,Environmental and sustainability education,0,5,5,0.0,0.0001,0.01
T14051,Regional Economic and Spatial Analysis,0,5,5,0.0,0.0001,0.01
T13042,Economic and Fiscal Studies,0,5,5,0.0,0.0001,0.01
T13502,Community and Sustainable Development,0,5,5,0.0,0.0001,0.01
T12451,Smart Grid and Power Systems,0,5,5,0.0,0.0001,0.01
T13930,Diverse Education and Engineering Focus,4,0,-4,0.0001,0.0,-0.01
T12511,Medieval and Classical Philosophy,3,1,-2,0.0001,0.0,-0.0
T12448,Paranormal Experiences and Beliefs,4,0,-4,0.0001,0.0,-0.01
T13114,Image Processing Techniques and Applications,1,3,2,0.0,0.0001,0.0
T11660,Blood groups and transfusion,2,2,0,0.0,0.0,0.0
T10926,Peripheral Artery Disease Management,2,2,0,0.0,0.0,0.0
T13256,Archaeology and Rock Art Studies,3,1,-2,0.0001,0.0,-0.0
T14388,Medieval European History and Architecture,4,0,-4,0.0001,0.0,-0.01
T14182,Technology-Enhanced Education Studies,4,0,-4,0.0001,0.0,-0.01
T10990,Infection Control and Ventilation,3,1,-2,0.0001,0.0,-0.0
T12050,Optical Polarization and Ellipsometry,4,0,-4,0.0001,0.0,-0.01
T13018,Seismology and Earthquake Studies,3,1,-2,0.0001,0.0,-0.0
T13602,Educational Methods and Media Use,4,0,-4,0.0001,0.0,-0.01
T11731,Global Health and Surgery,3,1,-2,0.0001,0.0,-0.0
T12053,Minimally Invasive Surgical Techniques,1,3,2,0.0,0.0001,0.0
T10867,Intensive Care Unit Cognitive Disorders,2,2,0,0.0,0.0,0.0
T11977,Technology Use by Older Adults,4,0,-4,0.0001,0.0,-0.01
T10458,Bladder and Urothelial Cancer Treatments,2,2,0,0.0,0.0,0.0
T10178,Cancer survivorship and care,3,1,-2,0.0001,0.0,-0.0
T12930,Biomedical and Chemical Research,4,0,-4,0.0001,0.0,-0.01
T10184,Plant Molecular Biology Research,2,2,0,0.0,0.0,0.0
T13191,Dispute Resolution and Class Actions,1,3,2,0.0,0.0001,0.0
T11066,Organic Food and Agriculture,3,1,-2,0.0001,0.0,-0.0
T11549,Synthetic Organic Chemistry Methods,3,1,-2,0.0001,0.0,-0.0
T12067,Renal and Vascular Pathologies,2,2,0,0.0,0.0,0.0
T11831,Chemical Synthesis and Reactions,3,1,-2,0.0001,0.0,-0.0
T11480,Connexins and lens biology,4,0,-4,0.0001,0.0,-0.01
T14484,Technology and Data Analysis,4,0,-4,0.0001,0.0,-0.01
T12770,Amino Acid Enzymes and Metabolism,2,2,0,0.0,0.0,0.0
T12405,Characterization and Applications of Magnetic Nanoparticles,4,0,-4,0.0001,0.0,-0.01
T11767,Poxvirus research and outbreaks,2,2,0,0.0,0.0,0.0
T12024,Ultra-Wideband Communications Technology,2,2,0,0.0,0.0,0.0
T12947,"Health, psychology, and well-being",3,1,-2,0.0001,0.0,-0.0
T13737,Critical and Liberation Pedagogy,2,2,0,0.0,0.0,0.0
T11338,Advancements in Photolithography Techniques,3,1,-2,0.0001,0.0,-0.0
T14143,Economic and Technological Innovation,4,0,-4,0.0001,0.0,-0.01
T12646,Inorganic Fluorides and Related Compounds,4,0,-4,0.0001,0.0,-0.01
T13176,Winter Sports Injuries and Performance,4,0,-4,0.0001,0.0,-0.01
T13029,South Asian Studies and Conflicts,3,1,-2,0.0001,0.0,-0.0
T10665,Cystic Fibrosis Research Advances,3,1,-2,0.0001,0.0,-0.0
T11435,Polynomial and algebraic computation,3,1,-2,0.0001,0.0,-0.0
T10483,Nerve injury and regeneration,3,1,-2,0.0001,0.0,-0.0
T11157,Chronic Lymphocytic Leukemia Research,3,1,-2,0.0001,0.0,-0.0
T11385,Natural product bioactivities and synthesis,3,1,-2,0.0001,0.0,-0.0
T12810,Real-time simulation and control systems,4,0,-4,0.0001,0.0,-0.01
T11078,Inflammasome and immune disorders,2,2,0,0.0,0.0,0.0
T13729,Korean Urban and Social Studies,4,0,-4,0.0001,0.0,-0.01
T12139,Advanced Thermodynamic Systems and Engines,3,1,-2,0.0001,0.0,-0.0
T13996,Diverse Musicological Studies,4,0,-4,0.0001,0.0,-0.01
T11378,Gastrointestinal Bleeding Diagnosis and Treatment,2,2,0,0.0,0.0,0.0
T11804,Quantum many-body systems,3,1,-2,0.0001,0.0,-0.0
T12979,Cardiovascular Disease and Adiposity,1,3,2,0.0,0.0001,0.0
T11144,melanin and skin pigmentation,2,2,0,0.0,0.0,0.0
T11568,Railway Systems and Energy Efficiency,2,2,0,0.0,0.0,0.0
T11124,Protein purification and stability,2,2,0,0.0,0.0,0.0
T11185,Integrated Energy Systems Optimization,2,2,0,0.0,0.0,0.0
T11735,Peripheral Neuropathies and Disorders,2,2,0,0.0,0.0,0.0
T12366,"Philosophy, Ethics, and Existentialism",3,1,-2,0.0001,0.0,-0.0
T12235,Child Abuse and Related Trauma,1,3,2,0.0,0.0001,0.0
T14092,"Ethics, Aesthetics, and Art",2,2,0,0.0,0.0,0.0
T14064,Organizational and Employee Performance,4,0,-4,0.0001,0.0,-0.01
T13917,Engineering and Material Science Research,4,0,-4,0.0001,0.0,-0.01
T14351,Statistical and Computational Modeling,3,1,-2,0.0001,0.0,-0.0
T12920,Healthcare and Environmental Waste Management,3,1,-2,0.0001,0.0,-0.0
T11347,Neural Networks Stability and Synchronization,3,1,-2,0.0001,0.0,-0.0
T12585,North African History and Literature,1,3,2,0.0,0.0001,0.0
T12040,International Arbitration and Investment Law,2,2,0,0.0,0.0,0.0
T13197,Spreadsheets and End-User Computing,4,0,-4,0.0001,0.0,-0.01
T13101,Legal and Social Justice Studies,1,3,2,0.0,0.0001,0.0
T12459,Nerve Injury and Rehabilitation,2,2,0,0.0,0.0,0.0
T14025,Educational Technology and Assessment,1,3,2,0.0,0.0001,0.0
T10446,"Income, Poverty, and Inequality",1,3,2,0.0,0.0001,0.0
T13135,"Communism, Protests, Social Movements",3,1,-2,0.0001,0.0,-0.0
T14212,Health Promotion and Cardiovascular Prevention,1,3,2,0.0,0.0001,0.0
T11671,Fuzzy and Soft Set Theory,0,4,4,0.0,0.0001,0.01
T13420,Arduino and IoT Applications,1,3,2,0.0,0.0001,0.0
T13519,Historical Architecture and Urbanism,1,3,2,0.0,0.0001,0.0
T13016,Innovative Educational Technologies,2,2,0,0.0,0.0,0.0
T14421,Educational Philosophies and Pedagogies,1,3,2,0.0,0.0001,0.0
T12701,Biological Control of Invasive Species,3,1,-2,0.0001,0.0,-0.0
T11709,Traditional Chinese Medicine Analysis,2,2,0,0.0,0.0,0.0
T11527,3D IC and TSV technologies,3,1,-2,0.0001,0.0,-0.0
T12903,Globalization and Cultural Identity,3,1,-2,0.0001,0.0,-0.0
T10498,Migraine and Headache Studies,1,3,2,0.0,0.0001,0.0
T11566,Laser Applications in Dentistry and Medicine,3,1,-2,0.0001,0.0,-0.0
T10142,Formal Methods in Verification,2,2,0,0.0,0.0,0.0
T13854,Historical Geography and Cartography,2,2,0,0.0,0.0,0.0
T10736,Hydrogen embrittlement and corrosion behaviors in metals,1,3,2,0.0,0.0001,0.0
T13232,Laser-Ablation Synthesis of Nanoparticles,1,3,2,0.0,0.0001,0.0
T11305,"Amyloidosis: Diagnosis, Treatment, Outcomes",2,2,0,0.0,0.0,0.0
T11374,Cleft Lip and Palate Research,2,2,0,0.0,0.0,0.0
T14382,Electrophoretic Deposition in Materials Science,2,2,0,0.0,0.0,0.0
T14103,Educational Management and Quality,2,2,0,0.0,0.0,0.0
T13429,Electricity Theft Detection Techniques,2,2,0,0.0,0.0,0.0
T10617,Cellular transport and secretion,2,2,0,0.0,0.0,0.0
T13247,Local Governance and Planning,0,4,4,0.0,0.0001,0.01
T12477,Toxin Mechanisms and Immunotoxins,1,3,2,0.0,0.0001,0.0
T12963,Anesthesia and Neurotoxicity Research,3,1,-2,0.0001,0.0,-0.0
T11221,Bone health and treatments,3,1,-2,0.0001,0.0,-0.0
T10076,Plant-Microbe Interactions and Immunity,2,2,0,0.0,0.0,0.0
T13133,Architecture and Art History Studies,3,1,-2,0.0001,0.0,-0.0
T10550,Ovarian cancer diagnosis and treatment,3,1,-2,0.0001,0.0,-0.0
T13988,Public Administration and Governance,1,3,2,0.0,0.0001,0.0
T11049,Advanced Harmonic Analysis Research,3,1,-2,0.0001,0.0,-0.0
T11301,Advanced Surface Polishing Techniques,3,1,-2,0.0001,0.0,-0.0
T12943,COVID-19 Digital Contact Tracing,2,2,0,0.0,0.0,0.0
T11317,Fire dynamics and safety research,3,1,-2,0.0001,0.0,-0.0
T11315,Phase-change materials and chalcogenides,2,2,0,0.0,0.0,0.0
T12749,"Race, Genetics, and Society",2,2,0,0.0,0.0,0.0
T12535,Machine Learning and Data Classification,2,2,0,0.0,0.0,0.0
T10755,HER2/EGFR in Cancer Research,3,1,-2,0.0001,0.0,-0.0
T13788,Cultural Identity and Representation,1,3,2,0.0,0.0001,0.0
T10952,PI3K/AKT/mTOR signaling in cancer,2,2,0,0.0,0.0,0.0
T13789,Global Education Systems and Policies,2,2,0,0.0,0.0,0.0
T12224,Nanofabrication and Lithography Techniques,3,1,-2,0.0001,0.0,-0.0
T12737,Electrical Fault Detection and Protection,1,3,2,0.0,0.0001,0.0
T10563,Corneal surgery and disorders,3,1,-2,0.0001,0.0,-0.0
T13006,Spanish History and Politics,3,1,-2,0.0001,0.0,-0.0
T13044,Biofield Effects and Biophysics,2,2,0,0.0,0.0,0.0
T12116,Dermatological diseases and infestations,2,2,0,0.0,0.0,0.0
T11975,Evolutionary Algorithms and Applications,3,1,-2,0.0001,0.0,-0.0
T11884,Redox biology and oxidative stress,3,1,-2,0.0001,0.0,-0.0
T14474,Industrial Technology and Control Systems,4,0,-4,0.0001,0.0,-0.01
T12620,Signaling Pathways in Disease,4,0,-4,0.0001,0.0,-0.01
T10625,Herpesvirus Infections and Treatments,4,0,-4,0.0001,0.0,-0.01
T13748,Advanced Statistical Modeling Techniques,4,0,-4,0.0001,0.0,-0.01
T14420,Advanced Research in Systems and Signal Processing,4,0,-4,0.0001,0.0,-0.01
T12251,Synthesis and Catalytic Reactions,4,0,-4,0.0001,0.0,-0.01
T12386,Advanced X-ray and CT Imaging,4,0,-4,0.0001,0.0,-0.01
T11420,Geographies of human-animal interactions,4,0,-4,0.0001,0.0,-0.01
T13206,Neonatal skin health care,4,0,-4,0.0001,0.0,-0.01
T12929,Animal Genetics and Reproduction,4,0,-4,0.0001,0.0,-0.01
T11749,Iterative Learning Control Systems,4,0,-4,0.0001,0.0,-0.01
T13953,Digital Imaging in Medicine,4,0,-4,0.0001,0.0,-0.01
T12971,Material Properties and Processing,4,0,-4,0.0001,0.0,-0.01
T14370,"Economic, Social, and Health Studies",4,0,-4,0.0001,0.0,-0.01
T12633,Legal case studies and regulations,4,0,-4,0.0001,0.0,-0.01
T12982,Legal principles and applications,4,0,-4,0.0001,0.0,-0.01
T12302,Advanced Nanomaterials in Catalysis,4,0,-4,0.0001,0.0,-0.01
T11026,Occupational and environmental lung diseases,3,1,-2,0.0001,0.0,-0.0
T13036,Veterinary Practice and Education Studies,4,0,-4,0.0001,0.0,-0.01
T14164,Marine and Offshore Engineering Studies,3,1,-2,0.0001,0.0,-0.0
T11275,Composting and Vermicomposting Techniques,2,2,0,0.0,0.0,0.0
T12034,Digital and Cyber Forensics,4,0,-4,0.0001,0.0,-0.01
T11140,Natural Antidiabetic Agents Studies,3,1,-2,0.0001,0.0,-0.0
T10877,Allergic Rhinitis and Sensitization,2,2,0,0.0,0.0,0.0
T11909,Histiocytic Disorders and Treatments,2,2,0,0.0,0.0,0.0
T11166,Analytic Number Theory Research,3,1,-2,0.0001,0.0,-0.0
T10549,Neonatal Respiratory Health Research,3,1,-2,0.0001,0.0,-0.0
T13849,Enterobacteriaceae and Cronobacter Research,4,0,-4,0.0001,0.0,-0.01
T13361,Coconut Research and Applications,2,2,0,0.0,0.0,0.0
T11298,Synthesis and Properties of Aromatic Compounds,2,2,0,0.0,0.0,0.0
T12412,Enzyme function and inhibition,3,1,-2,0.0001,0.0,-0.0
T13046,Electrokinetic Soil Remediation Techniques,2,2,0,0.0,0.0,0.0
T12473,Pacific and Southeast Asian Studies,4,0,-4,0.0001,0.0,-0.01
T11883,Embodied and Extended Cognition,1,3,2,0.0,0.0001,0.0
T11608,Dielectric materials and actuators,1,3,2,0.0,0.0001,0.0
T13498,Economic Development and Digital Transformation,3,1,-2,0.0001,0.0,-0.0
T10135,Insect-Plant Interactions and Control,3,1,-2,0.0001,0.0,-0.0
T12922,Business and Economic Development,4,0,-4,0.0001,0.0,-0.01
T10291,Dialysis and Renal Disease Management,2,2,0,0.0,0.0,0.0
T11691,Forest Insect Ecology and Management,2,2,0,0.0,0.0,0.0
T12688,Microbial metabolism and enzyme function,3,1,-2,0.0001,0.0,-0.0
T10587,Autophagy in Disease and Therapy,3,1,-2,0.0001,0.0,-0.0
T13821,Coaching Methods and Impact,3,1,-2,0.0001,0.0,-0.0
T12380,Authorship Attribution and Profiling,2,2,0,0.0,0.0,0.0
T13885,Geophysics and Sensor Technology,4,0,-4,0.0001,0.0,-0.01
T13555,"Healthcare cost, quality, practices",3,1,-2,0.0001,0.0,-0.0
T12381,Electron Spin Resonance Studies,3,1,-2,0.0001,0.0,-0.0
T12518,Diverticular Disease and Complications,2,2,0,0.0,0.0,0.0
T12280,Magnesium in Health and Disease,3,1,-2,0.0001,0.0,-0.0
T12486,Food Supply Chain Traceability,3,1,-2,0.0001,0.0,-0.0
T12418,Respiratory and Cough-Related Research,2,2,0,0.0,0.0,0.0
T14506,Historical and Architectural Studies,3,1,-2,0.0001,0.0,-0.0
T11431,Action Observation and Synchronization,1,3,2,0.0,0.0001,0.0
T10594,Genetic and phenotypic traits in livestock,2,2,0,0.0,0.0,0.0
T13454,Phenothiazines and Benzothiazines Synthesis and Activities,3,1,-2,0.0001,0.0,-0.0
T13530,Climate Change and Environmental Impact,1,3,2,0.0,0.0001,0.0
T14433,Post-Communist Economic and Political Transition,2,2,0,0.0,0.0,0.0
T12470,Caribbean and African Literature and Culture,1,3,2,0.0,0.0001,0.0
T10948,Advanced Combinatorial Mathematics,1,3,2,0.0,0.0001,0.0
T14233,Diverse Topics in Contemporary Research,4,0,-4,0.0001,0.0,-0.01
T12783,"Migration, Aging, and Tourism Studies",3,1,-2,0.0001,0.0,-0.0
T12539,Pharmacology and Obesity Treatment,4,0,-4,0.0001,0.0,-0.01
T10583,Cancer-related Molecular Pathways,2,2,0,0.0,0.0,0.0
T13824,National Identity and Symbolism,2,2,0,0.0,0.0,0.0
T12768,Linguistics and language evolution,3,1,-2,0.0001,0.0,-0.0
T11428,Advanced Mathematical Identities,1,3,2,0.0,0.0001,0.0
T11077,Genetic and Clinical Aspects of Sex Determination and Chromosomal Abnormalities,3,1,-2,0.0001,0.0,-0.0
T14503,"Globalization, Economics, and Policies",1,3,2,0.0,0.0001,0.0
T10307,Head and Neck Cancer Studies,2,2,0,0.0,0.0,0.0
T11615,Control and Dynamics of Mobile Robots,1,3,2,0.0,0.0001,0.0
T11661,Copper Interconnects and Reliability,3,1,-2,0.0001,0.0,-0.0
T13892,Aquatic life and conservation,2,2,0,0.0,0.0,0.0
T13651,Medicinal Plants and Bioactive Compounds,2,2,0,0.0,0.0,0.0
T11716,Random Matrices and Applications,4,0,-4,0.0001,0.0,-0.01
T12957,"War, Ethics, and Justification",1,3,2,0.0,0.0001,0.0
T14139,E-commerce and Technology Innovations,1,3,2,0.0,0.0001,0.0
T11748,Organophosphorus compounds synthesis,0,4,4,0.0,0.0001,0.01
T13020,Heat Transfer and Mathematical Modeling,0,4,4,0.0,0.0001,0.01
T13571,"Corporeality, Perception, and Education",0,4,4,0.0,0.0001,0.01
T10189,Anesthesia and Pain Management,1,3,2,0.0,0.0001,0.0
T14157,Environmental and Agricultural Sciences,0,4,4,0.0,0.0001,0.01
T11362,Membrane Separation and Gas Transport,0,4,4,0.0,0.0001,0.01
T13544,Women's cancer prevention and management,0,4,4,0.0,0.0001,0.01
T11272,Nanowire Synthesis and Applications,0,4,4,0.0,0.0001,0.01
T13066,Information Society and Technology Trends,0,4,4,0.0,0.0001,0.01
T10903,Porphyrin and Phthalocyanine Chemistry,2,2,0,0.0,0.0,0.0
T10490,Orbital Angular Momentum in Optics,3,1,-2,0.0001,0.0,-0.0
T11737,Advanced Materials and Mechanics,2,2,0,0.0,0.0,0.0
T11117,Drug-Induced Adverse Reactions,3,1,-2,0.0001,0.0,-0.0
T10913,Molecular Junctions and Nanostructures,4,0,-4,0.0001,0.0,-0.01
T13181,Economic and Technological Systems Analysis,4,0,-4,0.0001,0.0,-0.01
T13380,Sound Studies and Aurality,1,3,2,0.0,0.0001,0.0
T11415,Noncommutative and Quantum Gravity Theories,2,2,0,0.0,0.0,0.0
T13523,"Mathematics, Computing, and Information Processing",3,1,-2,0.0001,0.0,-0.0
T13132,"Hydropower, Displacement, Environmental Impact",2,2,0,0.0,0.0,0.0
T13079,Heavy Metals in Plants,4,0,-4,0.0001,0.0,-0.01
T12286,Erythrocyte Function and Pathophysiology,3,1,-2,0.0001,0.0,-0.0
T12231,Contemporary Sociological Theory and Practice,2,2,0,0.0,0.0,0.0
T12167,Bacterial Identification and Susceptibility Testing,2,2,0,0.0,0.0,0.0
T10569,Bariatric Surgery and Outcomes,2,2,0,0.0,0.0,0.0
T12664,Clinical practice guidelines implementation,3,1,-2,0.0001,0.0,-0.0
T10842,Railway Engineering and Dynamics,2,2,0,0.0,0.0,0.0
T13579,Image and Video Stabilization,2,2,0,0.0,0.0,0.0
T13512,Spatial and Cultural Studies,1,3,2,0.0,0.0001,0.0
T12413,Health and Medical Education,0,4,4,0.0,0.0001,0.01
T13208,Synthesis of heterocyclic compounds,0,4,4,0.0,0.0001,0.01
T12353,Lexicography and Language Studies,0,4,4,0.0,0.0001,0.01
T13503,"Gender, Health, and Social Inequality",0,4,4,0.0,0.0001,0.01
T13548,Environmental and biological studies,0,4,4,0.0,0.0001,0.01
T13979,Communication and COVID-19 Impact,0,4,4,0.0,0.0001,0.01
T13989,Labour Market and Migration,0,4,4,0.0,0.0001,0.01
T13814,Cultural and political discourse analysis,0,4,4,0.0,0.0001,0.01
T11300,Global Educational Policies and Reforms,3,0,-3,0.0001,0.0,-0.01
T10869,Polysaccharides and Plant Cell Walls,3,0,-3,0.0001,0.0,-0.01
T14338,"Leadership, Human Resources, Global Affairs",3,0,-3,0.0001,0.0,-0.01
T12364,Archaeological Research and Protection,3,0,-3,0.0001,0.0,-0.01
T11596,Constraint Satisfaction and Optimization,2,1,-1,0.0,0.0,-0.0
T13877,Law in Society and Culture,2,1,-1,0.0,0.0,-0.0
T12434,Phosphodiesterase function and regulation,2,1,-1,0.0,0.0,-0.0
T11967,Electrolyte and hormonal disorders,1,2,1,0.0,0.0,0.0
T10333,Meat and Animal Product Quality,2,1,-1,0.0,0.0,-0.0
T14081,Linguistic Education and Pedagogy,3,0,-3,0.0001,0.0,-0.01
T10494,Plant Virus Research Studies,2,1,-1,0.0,0.0,-0.0
T13514,Experience-Based Knowledge Management,3,0,-3,0.0001,0.0,-0.01
T10878,CRISPR and Genetic Engineering,3,0,-3,0.0001,0.0,-0.01
T12017,Recycling and Waste Management Techniques,1,2,1,0.0,0.0,0.0
T10626,High-Temperature Coating Behaviors,1,2,1,0.0,0.0,0.0
T14447,Trade Secret Protection Methods,3,0,-3,0.0001,0.0,-0.01
T13482,Engineering Education and Technology,3,0,-3,0.0001,0.0,-0.01
T12442,Thermal Radiation and Cooling Technologies,1,2,1,0.0,0.0,0.0
T13312,Mechanical and Thermal Properties Analysis,2,1,-1,0.0,0.0,-0.0
T13667,French Literature and Criticism,2,1,-1,0.0,0.0,-0.0
T13310,Subtitles and Audiovisual Media,3,0,-3,0.0001,0.0,-0.01
T12234,Mollusks and Parasites Studies,3,0,-3,0.0001,0.0,-0.01
T13335,Pharmacological Effects of Medicinal Plants,3,0,-3,0.0001,0.0,-0.01
T12551,Forgiveness and Related Behaviors,3,0,-3,0.0001,0.0,-0.01
T11784,CO2 Reduction Techniques and Catalysts,2,1,-1,0.0,0.0,-0.0
T14509,demographic modeling and climate adaptation,3,0,-3,0.0001,0.0,-0.01
T13113,Engineering Technology and Methodologies,3,0,-3,0.0001,0.0,-0.01
T10615,Granular flow and fluidized beds,3,0,-3,0.0001,0.0,-0.01
T12868,Photography and Visual Culture,3,0,-3,0.0001,0.0,-0.01
T13209,Cold Fusion and Nuclear Reactions,3,0,-3,0.0001,0.0,-0.01
T12919,Blood disorders and treatments,3,0,-3,0.0001,0.0,-0.01
T13123,Advances in Oncology and Radiotherapy,3,0,-3,0.0001,0.0,-0.01
T11016,Monoclonal and Polyclonal Antibodies Research,2,1,-1,0.0,0.0,-0.0
T14030,Taxation and Legal Issues,2,1,-1,0.0,0.0,-0.0
T12812,Meromorphic and Entire Functions,2,1,-1,0.0,0.0,-0.0
T11073,Metal Extraction and Bioleaching,3,0,-3,0.0001,0.0,-0.01
T14114,Digital Media and Philosophy,1,2,1,0.0,0.0,0.0
T12836,History and Developments in Astronomy,3,0,-3,0.0001,0.0,-0.01
T11123,Obsessive-Compulsive Spectrum Disorders,2,1,-1,0.0,0.0,-0.0
T12613,X-ray Diffraction in Crystallography,2,1,-1,0.0,0.0,-0.0
T12668,Yeasts and Rust Fungi Studies,3,0,-3,0.0001,0.0,-0.01
T10568,Thermodynamic and Exergetic Analyses of Power and Cooling Systems,1,2,1,0.0,0.0,0.0
T13718,Media Influence and Politics,2,1,-1,0.0,0.0,-0.0
T12630,African Botany and Ecology Studies,2,1,-1,0.0,0.0,-0.0
T10859,Polymer Surface Interaction Studies,2,1,-1,0.0,0.0,-0.0
T13225,Polish-Jewish Holocaust Memory Studies,2,1,-1,0.0,0.0,-0.0
T12946,Fractal and DNA sequence analysis,2,1,-1,0.0,0.0,-0.0
T13927,Cyberloafing and Workplace Behavior,2,1,-1,0.0,0.0,-0.0
T11072,Peroxisome Proliferator-Activated Receptors,2,1,-1,0.0,0.0,-0.0
T10718,Political Philosophy and Ethics,2,1,-1,0.0,0.0,-0.0
T12540,Cyclone Separators and Fluid Dynamics,3,0,-3,0.0001,0.0,-0.01
T12998,Education and Islamic Studies,2,1,-1,0.0,0.0,-0.0
T11584,Biochemical Analysis and Sensing Techniques,2,1,-1,0.0,0.0,-0.0
T11623,Hyperglycemia and glycemic control in critically ill and hospitalized patients,3,0,-3,0.0001,0.0,-0.01
T12938,Material Selection and Properties,2,1,-1,0.0,0.0,-0.0
T12220,Quantum Electrodynamics and Casimir Effect,2,1,-1,0.0,0.0,-0.0
T12849,Parvovirus B19 Infection Studies,2,1,-1,0.0,0.0,-0.0
T13137,Strategic Planning and Analysis,1,2,1,0.0,0.0,0.0
T14394,Cognitive Science and Education Research,2,1,-1,0.0,0.0,-0.0
T13234,advanced mathematical theories,3,0,-3,0.0001,0.0,-0.01
T12712,Myofascial pain diagnosis and treatment,1,2,1,0.0,0.0,0.0
T11355,Inflammatory Biomarkers in Disease Prognosis,2,1,-1,0.0,0.0,-0.0
T12294,Agricultural Science and Fertilization,1,2,1,0.0,0.0,0.0
T12740,Gait Recognition and Analysis,2,1,-1,0.0,0.0,-0.0
T11041,Ubiquitin and proteasome pathways,3,0,-3,0.0001,0.0,-0.01
T12725,transportation and logistics systems,1,2,1,0.0,0.0,0.0
T10754,Neuroendocrine Tumor Research Advances,1,2,1,0.0,0.0,0.0
T10262,Microwave Engineering and Waveguides,1,2,1,0.0,0.0,0.0
T11957,Food Safety and Hygiene,1,2,1,0.0,0.0,0.0
T14128,Metallurgical and Alloy Processes,2,1,-1,0.0,0.0,-0.0
T11581,Viral Infections and Outbreaks Research,1,2,1,0.0,0.0,0.0
T13584,Coal Combustion and Slurry Processing,2,1,-1,0.0,0.0,-0.0
T12421,Adrenal Hormones and Disorders,1,2,1,0.0,0.0,0.0
T13712,Kantian Philosophy and Modern Interpretations,1,2,1,0.0,0.0,0.0
T12303,Tensor decomposition and applications,2,1,-1,0.0,0.0,-0.0
T12961,Regional Development and Policy,2,1,-1,0.0,0.0,-0.0
T13954,Aerospace Engineering and Applications,1,2,1,0.0,0.0,0.0
T12976,Magnetic and Electromagnetic Effects,1,2,1,0.0,0.0,0.0
T11771,Plant Pathogens and Resistance,1,2,1,0.0,0.0,0.0
T13611,"Education, Management, Technology, Human Resources",1,2,1,0.0,0.0,0.0
T11873,PAPR reduction in OFDM,2,1,-1,0.0,0.0,-0.0
T13618,Regional Socio-Economic Development Trends,1,2,1,0.0,0.0,0.0
T10897,Antibiotic Use and Resistance,1,2,1,0.0,0.0,0.0
T11422,Burn Injury Management and Outcomes,2,1,-1,0.0,0.0,-0.0
T10035,Phytochemicals and Antioxidant Activities,1,2,1,0.0,0.0,0.0
T10150,Antifungal resistance and susceptibility,2,1,-1,0.0,0.0,-0.0
T10240,Plant tissue culture and regeneration,1,2,1,0.0,0.0,0.0
T14130,"Healthcare, Law, Governance, and Management Studies",0,3,3,0.0,0.0001,0.01
T10727,Ultrasound Imaging and Elastography,1,2,1,0.0,0.0,0.0
T10613,Virus-based gene therapy research,1,2,1,0.0,0.0,0.0
T14457,Intellectual Property Rights and Media,1,2,1,0.0,0.0,0.0
T14003,Labor Law and Work Dynamics,0,3,3,0.0,0.0001,0.01
T14061,Educational Practices and Policies,1,2,1,0.0,0.0,0.0
T11726,Organizational Management and Innovation,0,3,3,0.0,0.0001,0.01
T11386,Bee Products Chemical Analysis,1,2,1,0.0,0.0,0.0
T13913,Blockchain Technology in Education and Learning,0,3,3,0.0,0.0001,0.01
T14416,"Health, Technology, Consumer Behavior",0,3,3,0.0,0.0001,0.01
T13808,Construction Engineering and Safety,1,2,1,0.0,0.0,0.0
T10835,Carbohydrate Chemistry and Synthesis,2,1,-1,0.0,0.0,-0.0
T14000,"Cultural, Social, and Media Studies",0,3,3,0.0,0.0001,0.01
T11815,Urological Disorders and Treatments,2,1,-1,0.0,0.0,-0.0
T10279,Urinary Bladder and Prostate Research,1,2,1,0.0,0.0,0.0
T11297,Ferroptosis and cancer prognosis,2,1,-1,0.0,0.0,-0.0
T11785,Nausea and vomiting management,2,1,-1,0.0,0.0,-0.0
T10245,Metamaterials and Metasurfaces Applications,2,1,-1,0.0,0.0,-0.0
T11848,Heme Oxygenase-1 and Carbon Monoxide,2,1,-1,0.0,0.0,-0.0
T11287,Cancer Genomics and Diagnostics,2,1,-1,0.0,0.0,-0.0
T13816,Advanced Signal Processing Techniques,0,3,3,0.0,0.0001,0.01
T11296,COVID-19 and healthcare impacts,2,1,-1,0.0,0.0,-0.0
T11361,Digital Radiography and Breast Imaging,1,2,1,0.0,0.0,0.0
T11924,Polyamine Metabolism and Applications,2,1,-1,0.0,0.0,-0.0
T12098,Rural development and sustainability,1,2,1,0.0,0.0,0.0
T13783,"Feminism, Gender, and Intersectionality",0,3,3,0.0,0.0001,0.01
T10950,Acute Lymphoblastic Leukemia research,2,1,-1,0.0,0.0,-0.0
T13357,Property Rights and Legal Doctrine,0,3,3,0.0,0.0001,0.01
T12966,Russian Literature and Bakhtin Studies,1,2,1,0.0,0.0,0.0
T12094,Hemoglobin structure and function,2,1,-1,0.0,0.0,-0.0
T11681,Nosocomial Infections in ICU,2,1,-1,0.0,0.0,-0.0
T12536,Topological and Geometric Data Analysis,2,1,-1,0.0,0.0,-0.0
T11772,Genetics and Neurodevelopmental Disorders,2,1,-1,0.0,0.0,-0.0
T11561,Protein Hydrolysis and Bioactive Peptides,1,2,1,0.0,0.0,0.0
T12324,History of Medicine Studies,2,1,-1,0.0,0.0,-0.0
T11027,Metabolism and Genetic Disorders,1,2,1,0.0,0.0,0.0
T12300,Advanced Electrical Measurement Techniques,1,2,1,0.0,0.0,0.0
T13410,Immune responses and vaccinations,2,1,-1,0.0,0.0,-0.0
T12105,Hygrothermal properties of building materials,2,1,-1,0.0,0.0,-0.0
T13286,Modeling and Simulation Systems,0,3,3,0.0,0.0001,0.01
T11882,Plant biochemistry and biosynthesis,1,2,1,0.0,0.0,0.0
T13087,Simone de Beauvoir and Sartre,1,2,1,0.0,0.0,0.0
T10504,Sensorless Control of Electric Motors,1,2,1,0.0,0.0,0.0
T12756,Plant Toxicity and Pharmacological Properties,2,1,-1,0.0,0.0,-0.0
T12655,Female Genital Mutilation/Cutting Issues,2,1,-1,0.0,0.0,-0.0
T13329,Joseph Conrad and Literature,2,1,-1,0.0,0.0,-0.0
T12838,Photovoltaic Systems and Sustainability,2,1,-1,0.0,0.0,-0.0
T13894,Indian Economic and Social Development,3,0,-3,0.0001,0.0,-0.01
T13444,Medical Research and Treatments,3,0,-3,0.0001,0.0,-0.01
T12037,Algebraic and Geometric Analysis,3,0,-3,0.0001,0.0,-0.01
T10372,Cardiac Imaging and Diagnostics,3,0,-3,0.0001,0.0,-0.01
T14339,Image Processing and 3D Reconstruction,3,0,-3,0.0001,0.0,-0.01
T14515,International Law and Aviation,3,0,-3,0.0001,0.0,-0.01
T13075,Legal Systems and Judicial Processes,3,0,-3,0.0001,0.0,-0.01
T11801,Reservoir Engineering and Simulation Methods,3,0,-3,0.0001,0.0,-0.01
T11475,French Urban and Social Studies,3,0,-3,0.0001,0.0,-0.01
T14327,Advanced Energy Technologies and Civil Engineering Innovations,3,0,-3,0.0001,0.0,-0.01
T11936,Chemical and Physical Properties in Aqueous Solutions,3,0,-3,0.0001,0.0,-0.01
T14147,Innovative Approaches in Technology and Social Development,3,0,-3,0.0001,0.0,-0.01
T12015,Photoacoustic and Ultrasonic Imaging,3,0,-3,0.0001,0.0,-0.01
T11436,Entomopathogenic Microorganisms in Pest Control,3,0,-3,0.0001,0.0,-0.01
T12441,Porphyrin Metabolism and Disorders,3,0,-3,0.0001,0.0,-0.01
T13965,Laser and Thermal Forming Techniques,3,0,-3,0.0001,0.0,-0.01
T14297,Plant-Derived Bioactive Compounds,3,0,-3,0.0001,0.0,-0.01
T13372,Archaeology and Historical Studies,3,0,-3,0.0001,0.0,-0.01
T14210,Historical and Linguistic Studies,3,0,-3,0.0001,0.0,-0.01
T10814,Neuropeptides and Animal Physiology,3,0,-3,0.0001,0.0,-0.01
T14176,Interdisciplinary Cultural and Social Studies,3,0,-3,0.0001,0.0,-0.01
T13847,Literature Analysis and Criticism,3,0,-3,0.0001,0.0,-0.01
T13443,Mineralogy and Gemology Studies,3,0,-3,0.0001,0.0,-0.01
T11116,"Trauma, Hemostasis, Coagulopathy, Resuscitation",3,0,-3,0.0001,0.0,-0.01
T12527,Chemistry and Stereochemistry Studies,3,0,-3,0.0001,0.0,-0.01
T12399,Wine Industry and Tourism,3,0,-3,0.0001,0.0,-0.01
T12650,Aesthetic Perception and Analysis,3,0,-3,0.0001,0.0,-0.01
T13212,German Social Sciences and History,3,0,-3,0.0001,0.0,-0.01
T14477,"Management, Economics, and Public Policy",3,0,-3,0.0001,0.0,-0.01
T12059,Berberine and alkaloids research,3,0,-3,0.0001,0.0,-0.01
T12075,Sodium Intake and Health,3,0,-3,0.0001,0.0,-0.01
T13645,Thermodynamic and Structural Properties of Metals and Alloys,2,1,-1,0.0,0.0,-0.0
T11234,Precipitation Measurement and Analysis,2,1,-1,0.0,0.0,-0.0
T10305,Power System Optimization and Stability,1,2,1,0.0,0.0,0.0
T13767,Leech Biology and Applications,2,1,-1,0.0,0.0,-0.0
T12373,Linguistic research and analysis,2,1,-1,0.0,0.0,-0.0
T12246,Chronic Disease Management Strategies,1,2,1,0.0,0.0,0.0
T12748,Molecular spectroscopy and chirality,3,0,-3,0.0001,0.0,-0.01
T12619,Political Systems and Governance,3,0,-3,0.0001,0.0,-0.01
T12450,Radio Astronomy Observations and Technology,3,0,-3,0.0001,0.0,-0.01
T10253,Sarcoma Diagnosis and Treatment,2,1,-1,0.0,0.0,-0.0
T12305,Cassava research and cyanide,3,0,-3,0.0001,0.0,-0.01
T12089,Intestinal and Peritoneal Adhesions,2,1,-1,0.0,0.0,-0.0
T11720,Probability and Risk Models,3,0,-3,0.0001,0.0,-0.01
T11267,Abdominal Trauma and Injuries,2,1,-1,0.0,0.0,-0.0
T13736,Steroid Chemistry and Biochemistry,3,0,-3,0.0001,0.0,-0.01
T12187,Glutathione Transferases and Polymorphisms,2,1,-1,0.0,0.0,-0.0
T10420,Intracranial Aneurysms: Treatment and Complications,3,0,-3,0.0001,0.0,-0.01
T12407,Plant Growth Enhancement Techniques,1,2,1,0.0,0.0,0.0
T13580,Management and Performance Evaluation,1,2,1,0.0,0.0,0.0
T12915,Biochemical Acid Research Studies,2,1,-1,0.0,0.0,-0.0
T12281,Animal testing and alternatives,3,0,-3,0.0001,0.0,-0.01
T11390,Seaweed-derived Bioactive Compounds,2,1,-1,0.0,0.0,-0.0
T13537,"German legal, social, and political studies",1,2,1,0.0,0.0,0.0
T11423,Pesticide Residue Analysis and Safety,1,2,1,0.0,0.0,0.0
T13560,Socioeconomic Development in MENA,3,0,-3,0.0001,0.0,-0.01
T11578,Plant Pathogenic Bacteria Studies,3,0,-3,0.0001,0.0,-0.01
T11528,Lichen and fungal ecology,3,0,-3,0.0001,0.0,-0.01
T13095,Plant-based Medicinal Research,3,0,-3,0.0001,0.0,-0.01
T13940,Philosophy and Literary Analysis,2,1,-1,0.0,0.0,-0.0
T11152,Stochastic processes and statistical mechanics,2,1,-1,0.0,0.0,-0.0
T11189,Transplantation: Methods and Outcomes,1,2,1,0.0,0.0,0.0
T12453,Infectious Aortic and Vascular Conditions,1,2,1,0.0,0.0,0.0
T12008,Solar-Powered Water Purification Methods,2,1,-1,0.0,0.0,-0.0
T14334,HIV/AIDS Impact and Responses,2,1,-1,0.0,0.0,-0.0
T10197,Membrane Separation Technologies,1,2,1,0.0,0.0,0.0
T12858,Plant Disease Resistance and Genetics,3,0,-3,0.0001,0.0,-0.01
T10839,Pancreatic function and diabetes,1,2,1,0.0,0.0,0.0
T11093,Personality Disorders and Psychopathology,2,1,-1,0.0,0.0,-0.0
T14029,Thoreau and American Literature,1,2,1,0.0,0.0,0.0
T14247,"Borges, Kipling, and Jewish Identity",2,1,-1,0.0,0.0,-0.0
T10062,MicroRNA in disease regulation,1,2,1,0.0,0.0,0.0
T14483,Education and Teacher Training,3,0,-3,0.0001,0.0,-0.01
T13823,Religious and Theological Studies,1,2,1,0.0,0.0,0.0
T13863,Cultural History and Identity Formation,1,2,1,0.0,0.0,0.0
T11575,Nonlinear Photonic Systems,2,1,-1,0.0,0.0,-0.0
T10619,Esophageal Cancer Research and Treatment,1,2,1,0.0,0.0,0.0
T11736,Histone Deacetylase Inhibitors Research,1,2,1,0.0,0.0,0.0
T10104,Nanofluid Flow and Heat Transfer,3,0,-3,0.0001,0.0,-0.01
T12598,Cardiac Structural Anomalies and Repair,2,1,-1,0.0,0.0,-0.0
T12342,Vascular anomalies and interventions,1,2,1,0.0,0.0,0.0
T10309,Acute Myeloid Leukemia Research,1,2,1,0.0,0.0,0.0
T11781,Wastewater Treatment and Reuse,1,2,1,0.0,0.0,0.0
T11750,Phytoplasmas and Hemiptera pathogens,3,0,-3,0.0001,0.0,-0.01
T10439,Climate change impacts on agriculture,3,0,-3,0.0001,0.0,-0.01
T13773,International Labor and Employment Law,1,2,1,0.0,0.0,0.0
T11654,Advanced Mathematical Physics Problems,3,0,-3,0.0001,0.0,-0.01
T11961,Neonatal and Maternal Infections,2,1,-1,0.0,0.0,-0.0
T11630,Petroleum Processing and Analysis,2,1,-1,0.0,0.0,-0.0
T13048,Patient Dignity and Privacy,2,1,-1,0.0,0.0,-0.0
T11449,Mechanical and Optical Resonators,3,0,-3,0.0001,0.0,-0.01
T12156,World Trade Organization Law,2,1,-1,0.0,0.0,-0.0
T12584,Hospitality and Tourism Education,1,2,1,0.0,0.0,0.0
T12161,Plant Surface Properties and Treatments,1,2,1,0.0,0.0,0.0
T14121,Logistics and Transportation Systems,0,3,3,0.0,0.0001,0.01
T12446,Economic Growth and Fiscal Policies,0,3,3,0.0,0.0001,0.01
T14488,Chemical and Physical Studies,0,3,3,0.0,0.0001,0.01
T13189,Physical Education and Training Studies,0,3,3,0.0,0.0001,0.01
T13603,Corporate Social Responsibility and Sustainability,0,3,3,0.0,0.0001,0.01
T11341,Boron and Carbon Nanomaterials Research,0,3,3,0.0,0.0001,0.01
T10244,Chaos control and synchronization,0,3,3,0.0,0.0001,0.01
T11243,Respiratory viral infections research,2,1,-1,0.0,0.0,-0.0
T13739,Medieval and Early Modern Justice,0,3,3,0.0,0.0001,0.01
T12063,Heat and Mass Transfer in Porous Media,0,3,3,0.0,0.0001,0.01
T12044,Advanced Physical and Chemical Molecular Interactions,0,3,3,0.0,0.0001,0.01
T10375,Pharmacogenetics and Drug Metabolism,1,2,1,0.0,0.0,0.0
T12227,Environmental and Social Impact Assessments,0,3,3,0.0,0.0001,0.01
T13273,Knowledge Management in Higher Education,0,3,3,0.0,0.0001,0.01
T13699,Public Spaces through Art,0,3,3,0.0,0.0001,0.01
T13995,Globalization and political ideologies,0,3,3,0.0,0.0001,0.01
T14090,Health and Conflict Studies,3,0,-3,0.0001,0.0,-0.01
T12956,Asian Geopolitics and Ethnography,3,0,-3,0.0001,0.0,-0.01
T14472,Environmental and Cultural Studies in Latin America and Beyond,3,0,-3,0.0001,0.0,-0.01
T10908,Analytical Chemistry and Chromatography,2,1,-1,0.0,0.0,-0.0
T11201,Metallurgy and Material Forming,3,0,-3,0.0001,0.0,-0.01
T11293,Orthopedic Infections and Treatments,2,1,-1,0.0,0.0,-0.0
T11368,Long-Term Effects of COVID-19,1,2,1,0.0,0.0,0.0
T10501,Polymer Nanocomposites and Properties,3,0,-3,0.0001,0.0,-0.01
T12996,Cancer Research and Treatments,3,0,-3,0.0001,0.0,-0.01
T13695,"Aging, Elder Care, and Social Issues",1,2,1,0.0,0.0,0.0
T12229,Pharmacological Effects and Toxicity Studies,2,1,-1,0.0,0.0,-0.0
T12886,Historical and Cultural Studies of Poland,2,1,-1,0.0,0.0,-0.0
T10988,Advanced Fiber Laser Technologies,2,1,-1,0.0,0.0,-0.0
T13180,Chemistry and Chemical Engineering,2,1,-1,0.0,0.0,-0.0
T11202,Cavitation Phenomena in Pumps,3,0,-3,0.0001,0.0,-0.01
T14451,Historical and Religious Studies of Rome,3,0,-3,0.0001,0.0,-0.01
T12980,Family Caregiving in Mental Illness,1,2,1,0.0,0.0,0.0
T12819,Environmental Philosophy and Ethics,1,2,1,0.0,0.0,0.0
T10610,Advanced Cellulose Research Studies,2,1,-1,0.0,0.0,-0.0
T10200,Rheumatoid Arthritis Research and Therapies,2,1,-1,0.0,0.0,-0.0
T11866,Reconstructive Facial Surgery Techniques,1,2,1,0.0,0.0,0.0
T10014,Plant Stress Responses and Tolerance,2,1,-1,0.0,0.0,-0.0
T12083,Karst Systems and Hydrogeology,2,1,-1,0.0,0.0,-0.0
T10275,2D Materials and Applications,1,2,1,0.0,0.0,0.0
T10751,Forensic and Genetic Research,2,1,-1,0.0,0.0,-0.0
T13572,German Security and Defense Policies,0,3,3,0.0,0.0001,0.01
T14033,Education in Rural Contexts,0,3,3,0.0,0.0001,0.01
T12567,Heat transfer and supercritical fluids,0,3,3,0.0,0.0001,0.01
T13072,Contemporary Christian Leadership and Education,0,3,3,0.0,0.0001,0.01
T10489,Regulation of Appetite and Obesity,0,3,3,0.0,0.0001,0.01
T14436,Employee Performance and Leadership,0,3,3,0.0,0.0001,0.01
T13564,Education and Public Policy,0,3,3,0.0,0.0001,0.01
T12799,Mobile and Web Applications,0,3,3,0.0,0.0001,0.01
T13306,Geography and Education Methods,0,3,3,0.0,0.0001,0.01
T14386,"Libraries, Manuscripts, and Books",0,3,3,0.0,0.0001,0.01
T12495,Electrostatic Discharge in Electronics,2,0,-2,0.0,0.0,-0.0
T13417,Biomedical Ethics and Regulation,1,1,0,0.0,0.0,0.0
T13267,Advanced Theoretical and Applied Studies in Material Sciences and Geometry,2,0,-2,0.0,0.0,-0.0
T12429,Chemotherapy-induced organ toxicity mitigation,1,1,0,0.0,0.0,0.0
T12092,Erosion and Abrasive Machining,1,1,0,0.0,0.0,0.0
T12266,Byzantine Studies and History,2,0,-2,0.0,0.0,-0.0
T13833,Ferrocene Chemistry and Applications,2,0,-2,0.0,0.0,-0.0
T11862,"Agriculture, Land Use, Rural Development",1,1,0,0.0,0.0,0.0
T11651,Inhalation and Respiratory Drug Delivery,2,0,-2,0.0,0.0,-0.0
T13765,Social Science and Policy Research,2,0,-2,0.0,0.0,-0.0
T13037,Piperaceae Chemical and Biological Studies,2,0,-2,0.0,0.0,-0.0
T11356,Pleural and Pulmonary Diseases,1,1,0,0.0,0.0,0.0
T10612,Magnetism in coordination complexes,1,1,0,0.0,0.0,0.0
T13509,Accounting and Financial Management,1,1,0,0.0,0.0,0.0
T11618,Cholesterol and Lipid Metabolism,1,1,0,0.0,0.0,0.0
T12243,Research in Cotton Cultivation,2,0,-2,0.0,0.0,-0.0
T13093,Electric Power Systems and Control,1,1,0,0.0,0.0,0.0
T11517,Advanced optical system design,1,1,0,0.0,0.0,0.0
T13142,GABA and Rice Research,2,0,-2,0.0,0.0,-0.0
T11406,Cerebrospinal fluid and hydrocephalus,1,1,0,0.0,0.0,0.0
T10967,Carbon Dioxide Capture Technologies,2,0,-2,0.0,0.0,-0.0
T10353,Zeolite Catalysis and Synthesis,2,0,-2,0.0,0.0,-0.0
T10488,Nanocomposite Films for Food Packaging,2,0,-2,0.0,0.0,-0.0
T12341,Spanish Linguistics and Language Studies,1,1,0,0.0,0.0,0.0
T14430,Higher Education and Teaching Methods,2,0,-2,0.0,0.0,-0.0
T12093,Greenhouse Technology and Climate Control,2,0,-2,0.0,0.0,-0.0
T11271,Myasthenia Gravis and Thymoma,1,1,0,0.0,0.0,0.0
T12198,Oral health in cancer treatment,1,1,0,0.0,0.0,0.0
T13024,Literary Theory and Cultural Hermeneutics,2,0,-2,0.0,0.0,-0.0
T12954,Law and Political Science,2,0,-2,0.0,0.0,-0.0
T12403,Seed and Plant Biochemistry,2,0,-2,0.0,0.0,-0.0
T11343,Power Transformer Diagnostics and Insulation,2,0,-2,0.0,0.0,-0.0
T11304,Advanced Neuroimaging Techniques and Applications,2,0,-2,0.0,0.0,-0.0
T13735,History of Medical Practice,2,0,-2,0.0,0.0,-0.0
T11600,Brain Metastases and Treatment,1,1,0,0.0,0.0,0.0
T11554,Vascular Procedures and Complications,2,0,-2,0.0,0.0,-0.0
T13288,"Banking, Crisis Management, COVID-19 Impact",2,0,-2,0.0,0.0,-0.0
T11253,Nail Diseases and Treatments,2,0,-2,0.0,0.0,-0.0
T12468,Radiation Effects and Dosimetry,1,1,0,0.0,0.0,0.0
T11933,Mining and Resource Management,2,0,-2,0.0,0.0,-0.0
T11053,Process Optimization and Integration,2,0,-2,0.0,0.0,-0.0
T13388,Rangeland and Wildlife Management,2,0,-2,0.0,0.0,-0.0
T14300,Legal and Social Philosophy,1,1,0,0.0,0.0,0.0
T12140,Renal and related cancers,2,0,-2,0.0,0.0,-0.0
T13255,"Business, Innovation, and Economy",2,0,-2,0.0,0.0,-0.0
T13295,Safety Systems Engineering in Autonomy,1,1,0,0.0,0.0,0.0
T12371,Electrical Contact Performance and Analysis,2,0,-2,0.0,0.0,-0.0
T11787,Oral and Maxillofacial Pathology,2,0,-2,0.0,0.0,-0.0
T12257,Bioactive natural compounds,2,0,-2,0.0,0.0,-0.0
T13073,China's Ethnic Minorities and Relations,2,0,-2,0.0,0.0,-0.0
T11613,Phytochemistry and Biological Activities,1,1,0,0.0,0.0,0.0
T13428,Anarchism and Radical Politics,2,0,-2,0.0,0.0,-0.0
T12991,Phytase and its Applications,1,1,0,0.0,0.0,0.0
T12033,Agricultural Economics and Policy,1,1,0,0.0,0.0,0.0
T11092,Spondyloarthritis Studies and Treatments,1,1,0,0.0,0.0,0.0
T14347,Big Data and Digital Economy,2,0,-2,0.0,0.0,-0.0
T10847,Advanced Optical Network Technologies,2,0,-2,0.0,0.0,-0.0
T12216,Network Time Synchronization Technologies,2,0,-2,0.0,0.0,-0.0
T11319,Curcumin's Biomedical Applications,1,1,0,0.0,0.0,0.0
T13138,Legal and Constitutional Studies,1,1,0,0.0,0.0,0.0
T11342,Carbon and Quantum Dots Applications,2,0,-2,0.0,0.0,-0.0
T14379,Diverse Cultural and Historical Studies,2,0,-2,0.0,0.0,-0.0
T14186,Healthcare Systems and Practices,1,1,0,0.0,0.0,0.0
T10633,Metallic Glasses and Amorphous Alloys,2,0,-2,0.0,0.0,-0.0
T11523,Nanomaterials and Printing Technologies,2,0,-2,0.0,0.0,-0.0
T10947,Fluorine in Organic Chemistry,1,1,0,0.0,0.0,0.0
T14348,Marriage and Family Dynamics,1,1,0,0.0,0.0,0.0
T11491,CAR-T cell therapy research,2,0,-2,0.0,0.0,-0.0
T14142,Multicultural Socio-Legal Studies,2,0,-2,0.0,0.0,-0.0
T12876,Potassium and Related Disorders,1,1,0,0.0,0.0,0.0
T13463,Nanoporous metals and alloys,1,1,0,0.0,0.0,0.0
T13687,Extractivism and Socioeconomic Issues,1,1,0,0.0,0.0,0.0
T12533,Aldose Reductase and Taurine,1,1,0,0.0,0.0,0.0
T13049,Surface Roughness and Optical Measurements,2,0,-2,0.0,0.0,-0.0
T13926,"Feminism, Gender, and Sexuality Studies",1,1,0,0.0,0.0,0.0
T13050,Oil and Gas Production Techniques,1,1,0,0.0,0.0,0.0
T13307,Diverse Scientific and Engineering Research,2,0,-2,0.0,0.0,-0.0
T13471,Cognitive Functions and Memory,1,1,0,0.0,0.0,0.0
T14324,Insects and Parasite Interactions,2,0,-2,0.0,0.0,-0.0
T14389,"Innovation, Technology, and Society",2,0,-2,0.0,0.0,-0.0
T11730,Autoimmune Bullous Skin Diseases,1,1,0,0.0,0.0,0.0
T13720,Benford’s Law and Fraud Detection,1,1,0,0.0,0.0,0.0
T13576,"Cyprus History, Politics, Society",1,1,0,0.0,0.0,0.0
T13608,Advanced Computational Techniques in Science and Engineering,2,0,-2,0.0,0.0,-0.0
T13925,Offshore Engineering and Technologies,2,0,-2,0.0,0.0,-0.0
T10760,Pancreatitis Pathology and Treatment,1,1,0,0.0,0.0,0.0
T12001,Fossil Insects in Amber,2,0,-2,0.0,0.0,-0.0
T13473,Economic Zones and Regional Development,1,1,0,0.0,0.0,0.0
T12808,Ferroelectric and Negative Capacitance Devices,1,1,0,0.0,0.0,0.0
T11567,semigroups and automata theory,2,0,-2,0.0,0.0,-0.0
T11142,Advanced Glycation End Products research,1,1,0,0.0,0.0,0.0
T10864,Fluid Dynamics and Mixing,1,1,0,0.0,0.0,0.0
T14344,Pathogenesis and Treatment of Hiccups,1,1,0,0.0,0.0,0.0
T13825,Economic Policies and Impacts,1,1,0,0.0,0.0,0.0
T12942,Cultural Studies and Postmodernism,1,1,0,0.0,0.0,0.0
T13674,Computer Science and Engineering,0,2,2,0.0,0.0,0.0
T14106,Environmental and Sediment Control,0,2,2,0.0,0.0,0.0
T14278,Marxism and Critical Theory,0,2,2,0.0,0.0,0.0
T10956,Fullerene Chemistry and Applications,1,1,0,0.0,0.0,0.0
T11314,Clinical Laboratory Practices and Quality Control,0,2,2,0.0,0.0,0.0
T14237,Historical and Political Studies,0,2,2,0.0,0.0,0.0
T13649,Advanced Synthetic Organic Chemistry,0,2,2,0.0,0.0,0.0
T12433,Skin Diseases and Diabetes,0,2,2,0.0,0.0,0.0
T14417,Central Asia Education and Culture,0,2,2,0.0,0.0,0.0
T14178,Environmental Science and Water Management,0,2,2,0.0,0.0,0.0
T13912,"Language, Linguistics, Cultural Analysis",1,1,0,0.0,0.0,0.0
T13525,Cambodian History and Society,1,1,0,0.0,0.0,0.0
T12657,Phytochemistry Medicinal Plant Applications,1,1,0,0.0,0.0,0.0
T13115,Axial and Atropisomeric Chirality Synthesis,1,1,0,0.0,0.0,0.0
T13911,"Employment, Labor, and Gender Studies",0,2,2,0.0,0.0,0.0
T11219,Bone Metabolism and Diseases,1,1,0,0.0,0.0,0.0
T11046,Geotechnical Engineering and Analysis,1,1,0,0.0,0.0,0.0
T13961,Socioeconomics of Resources and Conservation,1,1,0,0.0,0.0,0.0
T13935,Mathematical Control Systems and Analysis,0,2,2,0.0,0.0,0.0
T12333,Abdominal Surgery and Complications,1,1,0,0.0,0.0,0.0
T13040,"Gender, Education, and Development Issues",0,2,2,0.0,0.0,0.0
T11752,Cancer Treatment and Pharmacology,1,1,0,0.0,0.0,0.0
T11842,Ultrasound and Cavitation Phenomena,1,1,0,0.0,0.0,0.0
T12687,Public Administration in Developing Nations,1,1,0,0.0,0.0,0.0
T13160,Synthesis and Biological Evaluation,1,1,0,0.0,0.0,0.0
T10999,Organ Transplantation Techniques and Outcomes,0,2,2,0.0,0.0,0.0
T12850,Field-Flow Fractionation Techniques,1,1,0,0.0,0.0,0.0
T10972,Power Systems Fault Detection,0,2,2,0.0,0.0,0.0
T13166,Information Science and Libraries,0,2,2,0.0,0.0,0.0
T12878,Pharmaceutical Quality and Counterfeiting,1,1,0,0.0,0.0,0.0
T13467,Drug-Induced Ocular Toxicity,1,1,0,0.0,0.0,0.0
T10491,Enhanced Oil Recovery Techniques,0,2,2,0.0,0.0,0.0
T14123,Decolonial Thought and Epistemologies,0,2,2,0.0,0.0,0.0
T11677,Congenital heart defects research,1,1,0,0.0,0.0,0.0
T10840,High Temperature Alloys and Creep,0,2,2,0.0,0.0,0.0
T14040,Problem Solving Skills Development,1,1,0,0.0,0.0,0.0
T12899,Engineering and Technology Innovations,0,2,2,0.0,0.0,0.0
T14189,Intravenous Infusion Technology and Safety,0,2,2,0.0,0.0,0.0
T11765,Circular RNAs in diseases,1,1,0,0.0,0.0,0.0
T14001,Evelyn Waugh and Hans Urs von Balthasar Studies,0,2,2,0.0,0.0,0.0
T12325,Urban Design and Spatial Analysis,1,1,0,0.0,0.0,0.0
T12152,Concrete Properties and Behavior,1,1,0,0.0,0.0,0.0
T12296,Autopsy Techniques and Outcomes,1,1,0,0.0,0.0,0.0
T13105,Synthesis and pharmacology of benzodiazepine derivatives,1,1,0,0.0,0.0,0.0
T14307,Bioethics and Human Rights Issues,1,1,0,0.0,0.0,0.0
T13524,Venezuelan Migration and Society,0,2,2,0.0,0.0,0.0
T13430,Lipid metabolism and disorders,1,1,0,0.0,0.0,0.0
T11029,Renal Diseases and Glomerulopathies,1,1,0,0.0,0.0,0.0
T12293,Dam Engineering and Safety,1,1,0,0.0,0.0,0.0
T14318,Polydiacetylene-based materials and applications,1,1,0,0.0,0.0,0.0
T11638,Cardiac tumors and thrombi,1,1,0,0.0,0.0,0.0
T11847,Recycled Aggregate Concrete Performance,1,1,0,0.0,0.0,0.0
T12494,Alcoholism and Thiamine Deficiency,1,1,0,0.0,0.0,0.0
T10661,biodegradable polymer synthesis and properties,0,2,2,0.0,0.0,0.0
T13862,"Soil, Finite Element Methods",1,1,0,0.0,0.0,0.0
T13562,Cruise Tourism Development and Management,1,1,0,0.0,0.0,0.0
T10832,Pituitary Gland Disorders and Treatments,1,1,0,0.0,0.0,0.0
T10851,Optical Wireless Communication Technologies,1,1,0,0.0,0.0,0.0
T11724,Inflammatory Myopathies and Dermatomyositis,1,1,0,0.0,0.0,0.0
T12068,Neonatal Health and Biochemistry,1,1,0,0.0,0.0,0.0
T10033,Concrete and Cement Materials Research,0,2,2,0.0,0.0,0.0
T12003,Bioenergy crop production and management,1,1,0,0.0,0.0,0.0
T12121,Cooperative Studies and Economics,1,1,0,0.0,0.0,0.0
T11794,Early Modern Spanish Literature,1,1,0,0.0,0.0,0.0
T10607,Magnetic and transport properties of perovskites and related materials,1,1,0,0.0,0.0,0.0
T14378,Entomological Studies and Ecology,1,1,0,0.0,0.0,0.0
T11535,Chemotherapy-induced cardiotoxicity and mitigation,1,1,0,0.0,0.0,0.0
T13659,Ombudsman and Human Rights,1,1,0,0.0,0.0,0.0
T12889,"Psychoanalysis, Philosophy, and Politics",1,1,0,0.0,0.0,0.0
T12555,Ancient Egypt and Archaeology,1,1,0,0.0,0.0,0.0
T10931,Direction-of-Arrival Estimation Techniques,1,1,0,0.0,0.0,0.0
T11560,Animal Disease Management and Epidemiology,2,0,-2,0.0,0.0,-0.0
T12552,Fetal and Pediatric Neurological Disorders,2,0,-2,0.0,0.0,-0.0
T13301,Cultural Studies and Interdisciplinary Research,2,0,-2,0.0,0.0,-0.0
T13958,"Education, Innovation and Language Studies",2,0,-2,0.0,0.0,-0.0
T10584,Reproductive Physiology in Livestock,2,0,-2,0.0,0.0,-0.0
T13830,Educational Curriculum and Learning Methods,2,0,-2,0.0,0.0,-0.0
T13338,Pharmacological Effects and Assays,2,0,-2,0.0,0.0,-0.0
T12002,"Computability, Logic, AI Algorithms",2,0,-2,0.0,0.0,-0.0
T14028,Healthcare and Venom Research,2,0,-2,0.0,0.0,-0.0
T12425,Industrial Gas Emission Control,2,0,-2,0.0,0.0,-0.0
T12804,Thermal Analysis in Power Transmission,2,0,-2,0.0,0.0,-0.0
T13362,Slime Mold and Myxomycetes Research,2,0,-2,0.0,0.0,-0.0
T13459,Public Administration and Political Analysis,2,0,-2,0.0,0.0,-0.0
T12332,Comparative constitutional jurisprudence studies,2,0,-2,0.0,0.0,-0.0
T13386,Educational Methods and Teacher Development,2,0,-2,0.0,0.0,-0.0
T12021,Social and Educational Sciences,2,0,-2,0.0,0.0,-0.0
T10356,Orthodontics and Dentofacial Orthopedics,2,0,-2,0.0,0.0,-0.0
T12890,Eurasian Exchange Networks,2,0,-2,0.0,0.0,-0.0
T13994,The Impact of Diversity and Innovation on Society,2,0,-2,0.0,0.0,-0.0
T12135,Fuzzy Systems and Optimization,2,0,-2,0.0,0.0,-0.0
T14137,"Agriculture, Soil, Plant Science",2,0,-2,0.0,0.0,-0.0
T12746,Sustainable Industrial Ecology,2,0,-2,0.0,0.0,-0.0
T12840,Renal function and acid-base balance,2,0,-2,0.0,0.0,-0.0
T11616,Autoimmune and Inflammatory Disorders Research,2,0,-2,0.0,0.0,-0.0
T13869,Ocular and Laser Science Research,2,0,-2,0.0,0.0,-0.0
T12080,Injection Molding Process and Properties,2,0,-2,0.0,0.0,-0.0
T12724,Water-Energy-Food Nexus Studies,2,0,-2,0.0,0.0,-0.0
T14323,"Agriculture, Water, and Health",2,0,-2,0.0,0.0,-0.0
T14365,Leaf Properties and Growth Measurement,2,0,-2,0.0,0.0,-0.0
T12775,Legal Issues in South Africa,2,0,-2,0.0,0.0,-0.0
T12906,Surgical Sutures and Adhesives,2,0,-2,0.0,0.0,-0.0
T12791,Full-Duplex Wireless Communications,2,0,-2,0.0,0.0,-0.0
T12292,Graph Theory and Algorithms,2,0,-2,0.0,0.0,-0.0
T10735,Mesoporous Materials and Catalysis,2,0,-2,0.0,0.0,-0.0
T12043,Insect behavior and control techniques,2,0,-2,0.0,0.0,-0.0
T13881,Sociology and Norbert Elias,2,0,-2,0.0,0.0,-0.0
T11407,Innovative Microfluidic and Catalytic Techniques Innovation,2,0,-2,0.0,0.0,-0.0
T12490,Software Engineering and Design Patterns,2,0,-2,0.0,0.0,-0.0
T10152,Animal Nutrition and Physiology,2,0,-2,0.0,0.0,-0.0
T12290,Human Motion and Animation,2,0,-2,0.0,0.0,-0.0
T13001,Restraint-Related Deaths,2,0,-2,0.0,0.0,-0.0
T14215,Chemical and Environmental Engineering Research,1,1,0,0.0,0.0,0.0
T11404,Irrigation Practices and Water Management,1,1,0,0.0,0.0,0.0
T12685,Phytochemical compounds biological activities,2,0,-2,0.0,0.0,-0.0
T13074,Global Financial Regulation and Crises,2,0,-2,0.0,0.0,-0.0
T11839,Hormonal Regulation and Hypertension,2,0,-2,0.0,0.0,-0.0
T11861,Thermal Regulation in Medicine,2,0,-2,0.0,0.0,-0.0
T11183,Advanced X-ray Imaging Techniques,2,0,-2,0.0,0.0,-0.0
T12503,Social Acceptance of Renewable Energy,2,0,-2,0.0,0.0,-0.0
T14172,Cultural and Social Studies in Latin America,2,0,-2,0.0,0.0,-0.0
T14400,Medical Coding and Health Information,1,1,0,0.0,0.0,0.0
T11556,"Poverty, Education, and Child Welfare",2,0,-2,0.0,0.0,-0.0
T10741,Video Coding and Compression Technologies,1,1,0,0.0,0.0,0.0
T10354,Catalytic C–H Functionalization Methods,1,1,0,0.0,0.0,0.0
T11174,Pediatric Urology and Nephrology Studies,1,1,0,0.0,0.0,0.0
T12395,Educational Innovations and Technology,1,1,0,0.0,0.0,0.0
T13761,HIV/AIDS oral health manifestations,1,1,0,0.0,0.0,0.0
T10276,Helicobacter pylori-related gastroenterology studies,2,0,-2,0.0,0.0,-0.0
T14295,Families in Therapy and Culture,2,0,-2,0.0,0.0,-0.0
T12866,Urologic and reproductive health conditions,2,0,-2,0.0,0.0,-0.0
T13140,Materials Engineering and Processing,1,1,0,0.0,0.0,0.0
T10658,Bone fractures and treatments,2,0,-2,0.0,0.0,-0.0
T13172,Economic Issues in Ukraine,2,0,-2,0.0,0.0,-0.0
T11286,Polyoxometalates: Synthesis and Applications,1,1,0,0.0,0.0,0.0
T12190,Innovations in Concrete and Construction Materials,2,0,-2,0.0,0.0,-0.0
T13661,Reformed Theology and Governance,2,0,-2,0.0,0.0,-0.0
T11481,Sulfur Compounds in Biology,1,1,0,0.0,0.0,0.0
T13316,"Crafts, Textile, and Design",1,1,0,0.0,0.0,0.0
T11569,Optical Coherence Tomography Applications,1,1,0,0.0,0.0,0.0
T13092,Environmental Chemistry and Analysis,1,1,0,0.0,0.0,0.0
T11745,Potato Plant Research,2,0,-2,0.0,0.0,-0.0
T13231,"History, Culture, and Diplomacy",2,0,-2,0.0,0.0,-0.0
T11702,Parasitic Diseases Research and Treatment,1,1,0,0.0,0.0,0.0
T12101,Advanced Bandit Algorithms Research,1,1,0,0.0,0.0,0.0
T12798,Religious Tourism and Spaces,2,0,-2,0.0,0.0,-0.0
T10454,Optimal Power Flow Distribution,2,0,-2,0.0,0.0,-0.0
T11695,South African History and Culture,2,0,-2,0.0,0.0,-0.0
T14514,Medical Research and Practices,2,0,-2,0.0,0.0,-0.0
T12826,Education Methods and Technologies,2,0,-2,0.0,0.0,-0.0
T14285,Biopolymer Synthesis and Applications,2,0,-2,0.0,0.0,-0.0
T10536,Endodontics and Root Canal Treatments,2,0,-2,0.0,0.0,-0.0
T12643,Sustainability and Ecological Systems Analysis,2,0,-2,0.0,0.0,-0.0
T12193,Trigeminal Neuralgia and Treatments,1,1,0,0.0,0.0,0.0
T11471,Block Copolymer Self-Assembly,2,0,-2,0.0,0.0,-0.0
T13768,Oral and gingival health research,2,0,-2,0.0,0.0,-0.0
T14413,Advanced Technologies in Various Fields,2,0,-2,0.0,0.0,-0.0
T13327,"Arts, Culture, and Music Studies",2,0,-2,0.0,0.0,-0.0
T12543,Groundwater and Watershed Analysis,2,0,-2,0.0,0.0,-0.0
T12885,Digital Innovation in Industries,1,1,0,0.0,0.0,0.0
T11922,Cardiovascular Effects of Exercise,2,0,-2,0.0,0.0,-0.0
T14438,Advanced Scientific Research Methods,2,0,-2,0.0,0.0,-0.0
T11617,Enzyme Production and Characterization,2,0,-2,0.0,0.0,-0.0
T13891,Engineering Diagnostics and Reliability,2,0,-2,0.0,0.0,-0.0
T14432,Freedom of Expression and Defamation,2,0,-2,0.0,0.0,-0.0
T10378,Advanced MRI Techniques and Applications,1,1,0,0.0,0.0,0.0
T12524,Chemical Synthesis and Characterization,2,0,-2,0.0,0.0,-0.0
T10449,Renal cell carcinoma treatment,1,1,0,0.0,0.0,0.0
T13507,"Literature, Politics, and Exile Studies",1,1,0,0.0,0.0,0.0
T14459,Synthesis and Reactions of Organic Compounds,1,1,0,0.0,0.0,0.0
T11571,Sarcoidosis and Beryllium Toxicity Research,1,1,0,0.0,0.0,0.0
T11308,Sphingolipid Metabolism and Signaling,1,1,0,0.0,0.0,0.0
T14403,Educational Challenges and Innovations,2,0,-2,0.0,0.0,-0.0
T13852,Seismic and Structural Analysis of Tall Buildings,2,0,-2,0.0,0.0,-0.0
T12559,French Literature and Critical Theory,1,1,0,0.0,0.0,0.0
T14018,Agriculture and Biological Studies,2,0,-2,0.0,0.0,-0.0
T13483,Herbal Medicine Research Studies,2,0,-2,0.0,0.0,-0.0
T12918,Healthcare Systems and Technology,2,0,-2,0.0,0.0,-0.0
T12767,Conflict of Laws and Jurisdiction,1,1,0,0.0,0.0,0.0
T14008,Balkan and Eastern European Studies,1,1,0,0.0,0.0,0.0
T13949,Belt and Road Initiative,1,1,0,0.0,0.0,0.0
T11850,Concrete Corrosion and Durability,2,0,-2,0.0,0.0,-0.0
T10532,Molecular Sensors and Ion Detection,2,0,-2,0.0,0.0,-0.0
T12644,Wildlife-Road Interactions and Conservation,2,0,-2,0.0,0.0,-0.0
T12769,Stoma care and complications,1,1,0,0.0,0.0,0.0
T14437,Ethics and Legal Issues in Pediatric Healthcare,1,1,0,0.0,0.0,0.0
T14466,"Migration, Health, Geopolitics, Historical Geography",1,1,0,0.0,0.0,0.0
T11310,Connective tissue disorders research,1,1,0,0.0,0.0,0.0
T13461,Vladimir Nabokov Literary Studies,1,1,0,0.0,0.0,0.0
T14166,European Monetary and Fiscal Policies,1,1,0,0.0,0.0,0.0
T14410,Safety and Risk Management,0,2,2,0.0,0.0,0.0
T13096,Family and Matrimonial Law,0,2,2,0.0,0.0,0.0
T13032,COVID-19 Prevention and Impact,0,2,2,0.0,0.0,0.0
T13282,Automated Road and Building Extraction,0,2,2,0.0,0.0,0.0
T13070,Cultural Identity and Heritage,0,2,2,0.0,0.0,0.0
T13620,Education for Peace and Conflict Resolution,0,2,2,0.0,0.0,0.0
T14242,"Nutrition, Health, and Society Studies",0,2,2,0.0,0.0,0.0
T14516,English Language Learning and Teaching,0,2,2,0.0,0.0,0.0
T12606,Diptera species taxonomy and behavior,0,2,2,0.0,0.0,0.0
T14206,Animal Law and Welfare,0,2,2,0.0,0.0,0.0
T11758,Organic and Molecular Conductors Research,0,2,2,0.0,0.0,0.0
T13365,Medical and Biological Ozone Research,0,2,2,0.0,0.0,0.0
T14170,Classical Studies and Philology,0,2,2,0.0,0.0,0.0
T10881,Blood Coagulation and Thrombosis Mechanisms,0,2,2,0.0,0.0,0.0
T14116,Aviation History and Innovations,0,2,2,0.0,0.0,0.0
T10721,Surfactants and Colloidal Systems,0,2,2,0.0,0.0,0.0
T13496,Advertising and Communication Studies,0,2,2,0.0,0.0,0.0
T12815,Management and Organizational Practices,0,2,2,0.0,0.0,0.0
T14305,Modern American Literature Studies,0,2,2,0.0,0.0,0.0
T12118,Forest Biomass Utilization and Management,1,1,0,0.0,0.0,0.0
T11987,COVID-19 Impact on Reproduction,2,0,-2,0.0,0.0,-0.0
T11682,Advanced Condensed Matter Physics,1,1,0,0.0,0.0,0.0
T14012,Comparative and International Law Studies,1,1,0,0.0,0.0,0.0
T14099,Synthesis and Characterization of Heterocyclic Compounds,2,0,-2,0.0,0.0,-0.0
T11780,Rabies epidemiology and control,2,0,-2,0.0,0.0,-0.0
T13102,Soil and Environmental Studies,1,1,0,0.0,0.0,0.0
T12484,Retinopathy of Prematurity Studies,1,1,0,0.0,0.0,0.0
T11069,Testicular diseases and treatments,1,1,0,0.0,0.0,0.0
T12082,Takotsubo Cardiomyopathy and Associated Phenomena,1,1,0,0.0,0.0,0.0
T12110,Bone and Dental Protein Studies,1,1,0,0.0,0.0,0.0
T14076,Material Properties and Failure Mechanisms,2,0,-2,0.0,0.0,-0.0
T12508,Functional Equations Stability Results,2,0,-2,0.0,0.0,-0.0
T12629,Island Studies and Pacific Affairs,1,1,0,0.0,0.0,0.0
T12814,Gaussian Processes and Bayesian Inference,2,0,-2,0.0,0.0,-0.0
T14126,Intramuscular injections and effects,1,1,0,0.0,0.0,0.0
T12820,Chromatin Remodeling and Cancer,2,0,-2,0.0,0.0,-0.0
T14342,"Military, Security, and Education Studies",1,1,0,0.0,0.0,0.0
T10750,Fermentation and Sensory Analysis,1,1,0,0.0,0.0,0.0
T13742,Metallurgy and Cultural Artifacts,1,1,0,0.0,0.0,0.0
T12278,Vascular Tumors and Angiosarcomas,1,1,0,0.0,0.0,0.0
T12346,Phytochemistry and biological activity of medicinal plants,2,0,-2,0.0,0.0,-0.0
T11955,Urban and spatial planning,2,0,-2,0.0,0.0,-0.0
T10697,Vasculitis and related conditions,1,1,0,0.0,0.0,0.0
T12683,Studies on Chitinases and Chitosanases,1,1,0,0.0,0.0,0.0
T12548,Hemostasis and retained surgical items,1,1,0,0.0,0.0,0.0
T14203,"Education, Safety, and Science Studies",1,1,0,0.0,0.0,0.0
T13043,Youth Culture and Social Dynamics,0,2,2,0.0,0.0,0.0
T14277,Social Skills and Education,0,2,2,0.0,0.0,0.0
T14071,Healthcare during COVID-19 Pandemic,0,2,2,0.0,0.0,0.0
T11291,Intraocular Surgery and Lenses,0,2,2,0.0,0.0,0.0
T10335,Colorectal Cancer Surgical Treatments,0,2,2,0.0,0.0,0.0
T12778,History of Medicine and Tropical Health,0,2,2,0.0,0.0,0.0
T13876,Chemical synthesis and pharmacological studies,0,2,2,0.0,0.0,0.0
T12271,Renewable energy and sustainable power systems,0,2,2,0.0,0.0,0.0
T13346,Digital Transformation in Financial Services,0,2,2,0.0,0.0,0.0
T12192,Polysaccharides Composition and Applications,0,2,2,0.0,0.0,0.0
T13982,Social Movements and Cultural Identity,0,2,2,0.0,0.0,0.0
T12506,Nuclear materials and radiation effects,0,2,2,0.0,0.0,0.0
T13879,Indigenous Peoples' Rights and Law,0,2,2,0.0,0.0,0.0
T12931,Educational Methods and Outcomes,0,2,2,0.0,0.0,0.0
T13449,Organizational Management and Change,0,2,2,0.0,0.0,0.0
T11822,Analytic and geometric function theory,0,2,2,0.0,0.0,0.0
T13210,Historical Turkish Studies,0,2,2,0.0,0.0,0.0
T11172,Dermatologic Treatments and Research,0,2,2,0.0,0.0,0.0
T12222,IoT-based Smart Home Systems,0,2,2,0.0,0.0,0.0
T12842,"Youth, Drugs, and Violence",0,2,2,0.0,0.0,0.0
T14333,Dermatoglyphics and Human Traits,0,2,2,0.0,0.0,0.0
T13990,Engine and Fuel Emissions,0,2,2,0.0,0.0,0.0
T10394,Lipoproteins and Cardiovascular Health,0,2,2,0.0,0.0,0.0
T12958,Digital Economy and Transformation,0,2,2,0.0,0.0,0.0
T12853,Historical Geography and Geographical Thought,0,2,2,0.0,0.0,0.0
T12834,Flowering Plant Growth and Cultivation,0,2,2,0.0,0.0,0.0
T12493,"Memory, violence, and history",0,2,2,0.0,0.0,0.0
T13221,Biological Activity of Diterpenoids and Biflavonoids,0,2,2,0.0,0.0,0.0
T14169,Public Health and Environmental Issues,0,2,2,0.0,0.0,0.0
T11956,Sexual Differentiation and Disorders,0,2,2,0.0,0.0,0.0
T14376,Science and Education Research,0,2,2,0.0,0.0,0.0
T14455,Technology and Education Systems,0,2,2,0.0,0.0,0.0
T13274,Expert finding and Q&A systems,0,2,2,0.0,0.0,0.0
T12376,Corporate Management and Leadership,0,2,2,0.0,0.0,0.0
T13455,"Decadence, Literature, and Society",0,2,2,0.0,0.0,0.0
T11322,Facial Rejuvenation and Surgery Techniques,0,2,2,0.0,0.0,0.0
T12517,Seventeenth-Century Political and Philosophical Thought,0,2,2,0.0,0.0,0.0
T12610,RNA regulation and disease,1,0,-1,0.0,0.0,-0.0
T11533,Melanoma and MAPK Pathways,1,0,-1,0.0,0.0,-0.0
T13942,International Human Rights and Reproductive Law,1,0,-1,0.0,0.0,-0.0
T13031,Civil and Structural Engineering Research,1,0,-1,0.0,0.0,-0.0
T13522,Cardiovascular Health and Risk Factors,1,0,-1,0.0,0.0,-0.0
T14115,Legal processes and jurisprudence,1,0,-1,0.0,0.0,-0.0
T11352,Masonry and Concrete Structural Analysis,1,0,-1,0.0,0.0,-0.0
T11274,Botulinum Toxin and Related Neurological Disorders,1,0,-1,0.0,0.0,-0.0
T11149,Veterinary Oncology Research,1,0,-1,0.0,0.0,-0.0
T14282,"Security, Politics, and Digital Transformation",1,0,-1,0.0,0.0,-0.0
T13653,"Commonwealth, Australian Politics and Federalism",1,0,-1,0.0,0.0,-0.0
T13090,Medicinal Plant Extracts Effects,1,0,-1,0.0,0.0,-0.0
T10287,Algebraic structures and combinatorial models,1,0,-1,0.0,0.0,-0.0
T14362,Diverse Legal and Medical Studies,1,0,-1,0.0,0.0,-0.0
T14228,Religion and Sociopolitical Dynamics in Nigeria,1,0,-1,0.0,0.0,-0.0
T11135,Virology and Viral Diseases,1,0,-1,0.0,0.0,-0.0
T11033,Contact Dermatitis and Allergies,1,0,-1,0.0,0.0,-0.0
T12249,Veterinary Orthopedics and Neurology,1,0,-1,0.0,0.0,-0.0
T13887,Augustinian Studies and Theology,1,0,-1,0.0,0.0,-0.0
T14134,Medical and Biological Sciences,1,0,-1,0.0,0.0,-0.0
T11302,CO2 Sequestration and Geologic Interactions,1,0,-1,0.0,0.0,-0.0
T13684,Political Dynamics in Latin America,1,0,-1,0.0,0.0,-0.0
T10854,Bipolar Disorder and Treatment,1,0,-1,0.0,0.0,-0.0
T11915,Pickering emulsions and particle stabilization,1,0,-1,0.0,0.0,-0.0
T14391,"Forest, Soil, and Plant Ecology in China",1,0,-1,0.0,0.0,-0.0
T12796,Dermatological and COVID-19 studies,1,0,-1,0.0,0.0,-0.0
T12951,Burkholderia infections and melioidosis,1,0,-1,0.0,0.0,-0.0
T13125,Agricultural pest management studies,1,0,-1,0.0,0.0,-0.0
T13689,Underground infrastructure and sustainability,1,0,-1,0.0,0.0,-0.0
T11075,Insect Resistance and Genetics,1,0,-1,0.0,0.0,-0.0
T12743,Spanish Culture and Identity,1,0,-1,0.0,0.0,-0.0
T13617,"Gender, Violence, Rights in Latin America",1,0,-1,0.0,0.0,-0.0
T14082,"Modeling, Simulation, and Optimization",1,0,-1,0.0,0.0,-0.0
T13943,Beetle Biology and Toxicology Studies,1,0,-1,0.0,0.0,-0.0
T14491,Diverse academic and cultural studies,1,0,-1,0.0,0.0,-0.0
T10635,Hydraulic Fracturing and Reservoir Analysis,1,0,-1,0.0,0.0,-0.0
T12580,Vagus Nerve Stimulation Research,1,0,-1,0.0,0.0,-0.0
T12436,Agronomic Practices and Intercropping Systems,1,0,-1,0.0,0.0,-0.0
T12175,Social Representations and Identity,1,0,-1,0.0,0.0,-0.0
T13966,Neurological and metabolic disorders,1,0,-1,0.0,0.0,-0.0
T14026,Flannery O'Connor and Thomas Merton,1,0,-1,0.0,0.0,-0.0
T12893,Organic Chemistry Cycloaddition Reactions,1,0,-1,0.0,0.0,-0.0
T12556,Educational Methods and Analysis,1,0,-1,0.0,0.0,-0.0
T12877,Social Issues in Poland,1,0,-1,0.0,0.0,-0.0
T11179,Nematode management and characterization studies,1,0,-1,0.0,0.0,-0.0
T13998,"History, Medicine, and Leadership",1,0,-1,0.0,0.0,-0.0
T13517,Environmental and Industrial Safety,1,0,-1,0.0,0.0,-0.0
T13326,Biochemical and Structural Characterization,1,0,-1,0.0,0.0,-0.0
T12921,European Criminal Justice and Data Protection,1,0,-1,0.0,0.0,-0.0
T10513,Natural Fiber Reinforced Composites,1,0,-1,0.0,0.0,-0.0
T13259,American Jewish Fiction Analysis,1,0,-1,0.0,0.0,-0.0
T11035,Salivary Gland Tumors Diagnosis and Treatment,1,0,-1,0.0,0.0,-0.0
T13622,Historical and Environmental Studies,1,0,-1,0.0,0.0,-0.0
T11907,Copper-based nanomaterials and applications,1,0,-1,0.0,0.0,-0.0
T13713,Diverse Perspectives in Modern Studies,1,0,-1,0.0,0.0,-0.0
T13613,"Health, Education, and Cultural Studies",1,0,-1,0.0,0.0,-0.0
T12385,Food Quality and Safety Studies,1,0,-1,0.0,0.0,-0.0
T11686,Dendrimers and Hyperbranched Polymers,1,0,-1,0.0,0.0,-0.0
T12149,Nanocluster Synthesis and Applications,1,0,-1,0.0,0.0,-0.0
T11887,Quasicrystal Structures and Properties,1,0,-1,0.0,0.0,-0.0
T11364,Cholangiocarcinoma and Gallbladder Cancer Studies,1,0,-1,0.0,0.0,-0.0
T13289,Infant Health and Development,1,0,-1,0.0,0.0,-0.0
T14392,Geoscience and Mining Technology,1,0,-1,0.0,0.0,-0.0
T12833,Bartonella species infections research,1,0,-1,0.0,0.0,-0.0
T13262,Semiotics and Cultural Interpretation,1,0,-1,0.0,0.0,-0.0
T13205,Geological and Geophysical Studies Worldwide,1,0,-1,0.0,0.0,-0.0
T13731,Advanced Computing and Algorithms,1,0,-1,0.0,0.0,-0.0
T13004,Vitamin K Research Studies,1,0,-1,0.0,0.0,-0.0
T12352,Heparin-Induced Thrombocytopenia and Thrombosis,1,0,-1,0.0,0.0,-0.0
T12587,Gestational Trophoblastic Disease Studies,1,0,-1,0.0,0.0,-0.0
T14402,Political and Social Issues,1,0,-1,0.0,0.0,-0.0
T12933,Franchising Strategies and Performance,1,0,-1,0.0,0.0,-0.0
T12764,Polish Historical and Cultural Studies,1,0,-1,0.0,0.0,-0.0
T11979,Garlic and Onion Studies,1,0,-1,0.0,0.0,-0.0
T12391,Artificial Immune Systems Applications,1,0,-1,0.0,0.0,-0.0
T11821,Odor and Emission Control Technologies,1,0,-1,0.0,0.0,-0.0
T13623,Linguistic Studies and Language Acquisition,1,0,-1,0.0,0.0,-0.0
T14482,Education Practices and Evaluation,1,0,-1,0.0,0.0,-0.0
T14042,Technology and Security Systems,1,0,-1,0.0,0.0,-0.0
T12681,Global Healthcare and Medical Tourism,1,0,-1,0.0,0.0,-0.0
T14384,Ophthalmology and Visual Health Research,1,0,-1,0.0,0.0,-0.0
T14077,Socio-political and Technological Issues,1,0,-1,0.0,0.0,-0.0
T13597,Medicine and Dermatology Studies History,1,0,-1,0.0,0.0,-0.0
T13955,Evaluation Methods in Various Fields,1,0,-1,0.0,0.0,-0.0
T12647,Traditional Chinese Medicine Studies,1,0,-1,0.0,0.0,-0.0
T14361,Corporate Social Responsibility Disclosure,1,0,-1,0.0,0.0,-0.0
T10987,Microfinance and Financial Inclusion,1,0,-1,0.0,0.0,-0.0
T11818,Nicotinic Acetylcholine Receptors Study,1,0,-1,0.0,0.0,-0.0
T13299,Educational Leadership and Administration,1,0,-1,0.0,0.0,-0.0
T14274,Education and Vocational Training,1,0,-1,0.0,0.0,-0.0
T14193,Literature and Cultural Memory,1,0,-1,0.0,0.0,-0.0
T12228,Coordination Chemistry and Organometallics,1,0,-1,0.0,0.0,-0.0
T10810,Polymer composites and self-healing,1,0,-1,0.0,0.0,-0.0
T11417,Advancements in PLL and VCO Technologies,1,0,-1,0.0,0.0,-0.0
T14165,Inflammation biomarkers and pathways,1,0,-1,0.0,0.0,-0.0
T10654,Pneumonia and Respiratory Infections,1,0,-1,0.0,0.0,-0.0
T11401,Minerals Flotation and Separation Techniques,1,0,-1,0.0,0.0,-0.0
T12090,Language and cultural evolution,1,0,-1,0.0,0.0,-0.0
T13185,Phytochemistry and Bioactive Compounds,1,0,-1,0.0,0.0,-0.0
T13700,Gender Studies and Social Issues,1,0,-1,0.0,0.0,-0.0
T12821,Geological Formations and Processes Exploration,1,0,-1,0.0,0.0,-0.0
T13127,Biotin and Related Studies,1,0,-1,0.0,0.0,-0.0
T12925,Educational and Social Studies,1,0,-1,0.0,0.0,-0.0
T11546,Plant Physiology and Cultivation Studies,1,0,-1,0.0,0.0,-0.0
T13064,Dutch Social and Cultural Studies,1,0,-1,0.0,0.0,-0.0
T14454,Polymer Science and Applications,1,0,-1,0.0,0.0,-0.0
T14460,"Literary, Cultural, Historical Analysis",1,0,-1,0.0,0.0,-0.0
T13931,Philosophy and Historical Thought,1,0,-1,0.0,0.0,-0.0
T13772,Geomechanics and Mining Engineering,1,0,-1,0.0,0.0,-0.0
T11369,Genetic factors in colorectal cancer,1,0,-1,0.0,0.0,-0.0
T11323,Gamma-ray bursts and supernovae,1,0,-1,0.0,0.0,-0.0
T12297,Otolaryngology and Infectious Diseases,0,1,1,0.0,0.0,0.0
T12670,"Urbanism, Landscape, and Tourism Studies",0,1,1,0.0,0.0,0.0
T14481,Renewable Energy and Sustainability,0,1,1,0.0,0.0,0.0
T12690,Cross-Border Cooperation and Integration,0,1,1,0.0,0.0,0.0
T11444,Electromagnetic Compatibility and Noise Suppression,0,1,1,0.0,0.0,0.0
T13269,Orthoptera Research and Taxonomy,0,1,1,0.0,0.0,0.0
T12986,Administrative Law and Governance,0,1,1,0.0,0.0,0.0
T13360,Economic and Social Issues,0,1,1,0.0,0.0,0.0
T13260,Linguistics and Language Studies,0,1,1,0.0,0.0,0.0
T12612,Strong Light-Matter Interactions,0,1,1,0.0,0.0,0.0
T10473,Postharvest Quality and Shelf Life Management,0,1,1,0.0,0.0,0.0
T11919,dental development and anomalies,0,1,1,0.0,0.0,0.0
T12571,Soybean genetics and cultivation,0,1,1,0.0,0.0,0.0
T14259,Legal Rights and Human Rights,0,1,1,0.0,0.0,0.0
T14179,Waste Management and Recycling,0,1,1,0.0,0.0,0.0
T13112,Nutrition and Health Studies,0,1,1,0.0,0.0,0.0
T11398,Hand Gesture Recognition Systems,0,1,1,0.0,0.0,0.0
T14045,"Health, Education, and Physical Culture",0,1,1,0.0,0.0,0.0
T14063,Diverse Philosophical and Cultural Studies,0,1,1,0.0,0.0,0.0
T12165,Environmental Sustainability and Education,0,1,1,0.0,0.0,0.0
T13692,Italian Social Issues and Migration,0,1,1,0.0,0.0,0.0
T13470,Surface Treatment and Coatings,0,1,1,0.0,0.0,0.0
T13850,Night-time city culture,0,1,1,0.0,0.0,0.0
T11881,Crystallization and Solubility Studies,0,1,1,0.0,0.0,0.0
T13263,Building energy efficiency and sustainability,0,1,1,0.0,0.0,0.0
T13547,Economic and Industrial Development,0,1,1,0.0,0.0,0.0
T14453,Sustainability and Innovation in Business,0,1,1,0.0,0.0,0.0
T13213,Mechanical Failure Analysis and Simulation,0,1,1,0.0,0.0,0.0
T10140,Food composition and properties,0,1,1,0.0,0.0,0.0
T11747,Metal-Catalyzed Oxygenation Mechanisms,0,1,1,0.0,0.0,0.0
T14152,Healthcare Facilities Design and Sustainability,0,1,1,0.0,0.0,0.0
T11805,Agricultural economics and policies,0,1,1,0.0,0.0,0.0
T13945,"Legal, Health, Environmental and COVID-19 Challenges",0,1,1,0.0,0.0,0.0
T12054,Menstrual Health and Disorders,0,1,1,0.0,0.0,0.0
T13793,Environmental and Analytical Chemistry Studies,0,1,1,0.0,0.0,0.0
T11583,Advanced Measurement and Metrology Techniques,0,1,1,0.0,0.0,0.0
T12261,Statistical Mechanics and Entropy,0,1,1,0.0,0.0,0.0
T13451,Mechanical Engineering Research and Applications,0,1,1,0.0,0.0,0.0
T10345,Hematopoietic Stem Cell Transplantation,0,1,1,0.0,0.0,0.0
T12753,"Psychology, Coaching, and Therapy",0,1,1,0.0,0.0,0.0
T13167,"Historical, Literary, and Cultural Studies",0,1,1,0.0,0.0,0.0
T14373,Securities Regulation and Market Practices,0,1,1,0.0,0.0,0.0
T10650,Food Drying and Modeling,0,1,1,0.0,0.0,0.0
T14368,Evaluation and Optimization Models,1,0,-1,0.0,0.0,-0.0
T12102,Fire effects on concrete materials,1,0,-1,0.0,0.0,-0.0
T13187,Diffusion and Search Dynamics,1,0,-1,0.0,0.0,-0.0
T11700,Hemodynamic Monitoring and Therapy,1,0,-1,0.0,0.0,-0.0
T12818,"Pneumothorax, Barotrauma, Emphysema",1,0,-1,0.0,0.0,-0.0
T11551,Infective Endocarditis Diagnosis and Management,1,0,-1,0.0,0.0,-0.0
T12204,African Education and Politics,1,0,-1,0.0,0.0,-0.0
T14095,"Literature, Musicology, and Cultural Analysis",1,0,-1,0.0,0.0,-0.0
T12360,Plant-derived Lignans Synthesis and Bioactivity,1,0,-1,0.0,0.0,-0.0
T12689,Silymarin and Mushroom Poisoning,1,0,-1,0.0,0.0,-0.0
T10530,Magnesium Alloys: Properties and Applications,1,0,-1,0.0,0.0,-0.0
T13999,Digital Rights Management and Security,1,0,-1,0.0,0.0,-0.0
T13011,Latin American rural development,1,0,-1,0.0,0.0,-0.0
T10495,Catalysts for Methane Reforming,1,0,-1,0.0,0.0,-0.0
T13643,Artificial Intelligence in Law,1,0,-1,0.0,0.0,-0.0
T12735,Blood donation and transfusion practices,1,0,-1,0.0,0.0,-0.0
T13323,Spinal Hematomas and Complications,1,0,-1,0.0,0.0,-0.0
T13190,Engineering and Environmental Studies,1,0,-1,0.0,0.0,-0.0
T12583,Food Waste Reduction and Sustainability,1,0,-1,0.0,0.0,-0.0
T13195,Medieval Iberian Studies,1,0,-1,0.0,0.0,-0.0
T12029,DNA and Biological Computing,1,0,-1,0.0,0.0,-0.0
T13489,Synthesis of β-Lactam Compounds,1,0,-1,0.0,0.0,-0.0
T13898,Diverse Interdisciplinary Research Studies,1,0,-1,0.0,0.0,-0.0
T14319,Currency Recognition and Detection,1,0,-1,0.0,0.0,-0.0
T10691,Retinal Development and Disorders,1,0,-1,0.0,0.0,-0.0
T12723,Hannah Arendt's Political Philosophy,1,0,-1,0.0,0.0,-0.0
T14131,Giambattista Vico and Joyce,1,0,-1,0.0,0.0,-0.0
T12676,Machine Learning and ELM,1,0,-1,0.0,0.0,-0.0
T10701,Radical Photochemical Reactions,1,0,-1,0.0,0.0,-0.0
T11339,"Metabolism, Diabetes, and Cancer",1,0,-1,0.0,0.0,-0.0
T11973,Plant chemical constituents analysis,1,0,-1,0.0,0.0,-0.0
T11826,Ocular Infections and Treatments,1,0,-1,0.0,0.0,-0.0
T13920,Urban Planning and Valuation,1,0,-1,0.0,0.0,-0.0
T10961,Hernia repair and management,1,0,-1,0.0,0.0,-0.0
T14101,Financial Crisis of the 21st Century,1,0,-1,0.0,0.0,-0.0
T13359,Sports Science and Education,1,0,-1,0.0,0.0,-0.0
T10886,Multiferroics and related materials,1,0,-1,0.0,0.0,-0.0
T12822,Turfgrass Adaptation and Management,1,0,-1,0.0,0.0,-0.0
T13826,"Bangladesh Politics, Society, and Development",1,0,-1,0.0,0.0,-0.0
T14163,Astronomical Observations and Instrumentation,1,0,-1,0.0,0.0,-0.0
T13563,Chemical Analysis and Environmental Impact,1,0,-1,0.0,0.0,-0.0
T12635,African studies and sociopolitical issues,1,0,-1,0.0,0.0,-0.0
T13230,Synthesis and Reactivity of Heterocycles,1,0,-1,0.0,0.0,-0.0
T13775,Hydrogen's biological and therapeutic effects,1,0,-1,0.0,0.0,-0.0
T13677,Magnolia and Illicium research,1,0,-1,0.0,0.0,-0.0
T10225,Essential Oils and Antimicrobial Activity,1,0,-1,0.0,0.0,-0.0
T11889,Ginseng Biological Effects and Applications,1,0,-1,0.0,0.0,-0.0
T14127,Food and Agricultural Sciences,1,0,-1,0.0,0.0,-0.0
T13339,Landscape and Cultural Studies,1,0,-1,0.0,0.0,-0.0
T13889,Advanced Materials and Semiconductor Technologies,1,0,-1,0.0,0.0,-0.0
T14122,Impact of Education Environments,1,0,-1,0.0,0.0,-0.0
T11966,Silk-based biomaterials and applications,1,0,-1,0.0,0.0,-0.0
T12538,Eosinophilic Esophagitis,1,0,-1,0.0,0.0,-0.0
T12794,Adaptive Dynamic Programming Control,1,0,-1,0.0,0.0,-0.0
T12750,Nigella sativa pharmacological applications,1,0,-1,0.0,0.0,-0.0
T13065,Mining Techniques and Economics,1,0,-1,0.0,0.0,-0.0
T14411,Undergraduate Neuroscience Education and Research,1,0,-1,0.0,0.0,-0.0
T11193,Adenosine and Purinergic Signaling,1,0,-1,0.0,0.0,-0.0
T13878,Case Reports on Hematomas,1,0,-1,0.0,0.0,-0.0
T13835,"Educational, Social, and Political Issues",1,0,-1,0.0,0.0,-0.0
T11642,Genomics and Rare Diseases,1,0,-1,0.0,0.0,-0.0
T11427,Elbow and Forearm Trauma Treatment,1,0,-1,0.0,0.0,-0.0
T13184,Research in Social Sciences,1,0,-1,0.0,0.0,-0.0
T13624,Social Sciences and Policies,1,0,-1,0.0,0.0,-0.0
T13652,Education and Social Development in Ukraine,1,0,-1,0.0,0.0,-0.0
T11025,Nonlinear Optical Materials Research,1,0,-1,0.0,0.0,-0.0
T14332,European Linguistics and Anthropology,1,0,-1,0.0,0.0,-0.0
T12666,Historical Psychiatry and Medical Practices,1,0,-1,0.0,0.0,-0.0
T14235,"Linguistic, Cultural, and Literary Studies",1,0,-1,0.0,0.0,-0.0
T10281,Advanced Battery Materials and Technologies,1,0,-1,0.0,0.0,-0.0
T11242,Nuclear Materials and Properties,1,0,-1,0.0,0.0,-0.0
T14273,"Cultural, Psychoanalytic, and Sociopolitical Reflections",1,0,-1,0.0,0.0,-0.0
T13047,Pharmacological Receptor Mechanisms and Effects,1,0,-1,0.0,0.0,-0.0
T12710,Engineering and Agricultural Innovations,1,0,-1,0.0,0.0,-0.0
T13023,Synthesis of Organic Compounds,1,0,-1,0.0,0.0,-0.0
T11828,Corneal Surgery and Treatments,1,0,-1,0.0,0.0,-0.0
T11395,Radiopharmaceutical Chemistry and Applications,1,0,-1,0.0,0.0,-0.0
T13819,Collaborative and Sustainable Housing Initiatives,1,0,-1,0.0,0.0,-0.0
T12438,Urticaria and Related Conditions,1,0,-1,0.0,0.0,-0.0
T14462,Educational Methods and Impacts,1,0,-1,0.0,0.0,-0.0
T12328,Autoimmune and Inflammatory Disorders,1,0,-1,0.0,0.0,-0.0
T13769,Fusion and Plasma Physics Studies,1,0,-1,0.0,0.0,-0.0
T11900,Fungal Plant Pathogen Control,1,0,-1,0.0,0.0,-0.0
T13656,"Science, Research, and Medicine",1,0,-1,0.0,0.0,-0.0
T10573,Power Quality and Harmonics,1,0,-1,0.0,0.0,-0.0
T13033,Social Sciences and Governance,1,0,-1,0.0,0.0,-0.0
T11262,Quantum Mechanics and Non-Hermitian Physics,1,0,-1,0.0,0.0,-0.0
T13551,Biochemical effects in animals,1,0,-1,0.0,0.0,-0.0
T10340,Hepatitis B Virus Studies,1,0,-1,0.0,0.0,-0.0
T11559,Retinoids in leukemia and cellular processes,1,0,-1,0.0,0.0,-0.0
T11951,Trauma Management and Diagnosis,1,0,-1,0.0,0.0,-0.0
T12223,Leptospirosis research and findings,1,0,-1,0.0,0.0,-0.0
T13791,Veterinary medicine and infectious diseases,1,0,-1,0.0,0.0,-0.0
T11383,Advanced Antenna and Metasurface Technologies,1,0,-1,0.0,0.0,-0.0
T13909,Environmental Quality and Pollution,1,0,-1,0.0,0.0,-0.0
T14199,Historical and Scientific Studies,1,0,-1,0.0,0.0,-0.0
T12972,German Colonialism and Identity Studies,1,0,-1,0.0,0.0,-0.0
T10408,Chronic Kidney Disease and Diabetes,1,0,-1,0.0,0.0,-0.0
T13325,Dye analysis and toxicity,1,0,-1,0.0,0.0,-0.0
T10861,Ear Surgery and Otitis Media,1,0,-1,0.0,0.0,-0.0
T11465,Drug-Induced Hepatotoxicity and Protection,1,0,-1,0.0,0.0,-0.0
T10024,TiO2 Photocatalysis and Solar Cells,1,0,-1,0.0,0.0,-0.0
T12928,Education and Cultural Studies,1,0,-1,0.0,0.0,-0.0
T14375,"Cultural, Linguistic, Economic Studies",1,0,-1,0.0,0.0,-0.0
T12154,Pelvic and Acetabular Injuries,1,0,-1,0.0,0.0,-0.0
T12489,Microbial Metabolites in Food Biotechnology,1,0,-1,0.0,0.0,-0.0
T13680,"Education, Psychology, and Complexity Research",1,0,-1,0.0,0.0,-0.0
T13798,Hops Chemistry and Applications,1,0,-1,0.0,0.0,-0.0
T11247,Plant nutrient uptake and metabolism,1,0,-1,0.0,0.0,-0.0
T12497,Traditional and Medicinal Uses of Annonaceae,1,0,-1,0.0,0.0,-0.0
T10161,Rock Mechanics and Modeling,1,0,-1,0.0,0.0,-0.0
T11292,Pediatric Pain Management Techniques,1,0,-1,0.0,0.0,-0.0
T13782,Transactional Analysis in Psychotherapy,1,0,-1,0.0,0.0,-0.0
T11789,Land Rights and Reforms,1,0,-1,0.0,0.0,-0.0
T13302,Amazonian Archaeology and Ethnohistory,1,0,-1,0.0,0.0,-0.0
T14463,Diverse Scientific Research Studies,1,0,-1,0.0,0.0,-0.0
T12563,History and Politics in Latin America,1,0,-1,0.0,0.0,-0.0
T10811,Hydrogen Storage and Materials,1,0,-1,0.0,0.0,-0.0
T12969,Economic and Social Development,1,0,-1,0.0,0.0,-0.0
T14188,Latin American Legal and Economic Studies,1,0,-1,0.0,0.0,-0.0
T14372,Environmental and Biological Research in Conflict Zones,1,0,-1,0.0,0.0,-0.0
T13238,Botanical Studies and Applications,1,0,-1,0.0,0.0,-0.0
T13963,Organizational Management and Leadership,1,0,-1,0.0,0.0,-0.0
T13980,Alexander von Humboldt Studies,1,0,-1,0.0,0.0,-0.0
T12099,Advanced materials and composites,1,0,-1,0.0,0.0,-0.0
T11947,Molten salt chemistry and electrochemical processes,1,0,-1,0.0,0.0,-0.0
T13776,Phytochemical and Pharmacological Studies,1,0,-1,0.0,0.0,-0.0
T14350,"Innovation, Sustainability, Human-Machine Systems",1,0,-1,0.0,0.0,-0.0
T10717,Aluminum Alloys Composites Properties,1,0,-1,0.0,0.0,-0.0
T11521,Salivary Gland Disorders and Functions,1,0,-1,0.0,0.0,-0.0
T13957,Corporate Governance and Financial Management,1,0,-1,0.0,0.0,-0.0
T14520,Sustainable Urban and Rural Development,1,0,-1,0.0,0.0,-0.0
T11171,Diabetes and associated disorders,1,0,-1,0.0,0.0,-0.0
T14070,Knowledge Societies in the 21st Century,1,0,-1,0.0,0.0,-0.0
T12758,Saffron Plant Research Studies,1,0,-1,0.0,0.0,-0.0
T12662,Digitalization and Economic Development in Agriculture,1,0,-1,0.0,0.0,-0.0
T12588,Electronic and Structural Properties of Oxides,1,0,-1,0.0,0.0,-0.0
T11071,Treatment of Major Depression,1,0,-1,0.0,0.0,-0.0
T13714,Medieval Architecture and Archaeology,1,0,-1,0.0,0.0,-0.0
T12605,Berry genetics and cultivation research,1,0,-1,0.0,0.0,-0.0
T13554,Brazilian cultural history and politics,1,0,-1,0.0,0.0,-0.0
T10153,"Education, sociology, and vocational training",1,0,-1,0.0,0.0,-0.0
T14349,Global Political and Economic Relations,1,0,-1,0.0,0.0,-0.0
T13906,Social Issues and Policies,1,0,-1,0.0,0.0,-0.0
T12336,Insect Utilization and Effects,1,0,-1,0.0,0.0,-0.0
T14250,Energy and Environmental Systems,1,0,-1,0.0,0.0,-0.0
T13254,Macrophage Migration Inhibitory Factor,1,0,-1,0.0,0.0,-0.0
T12329,Hemiptera Insect Studies,1,0,-1,0.0,0.0,-0.0
T11062,Gear and Bearing Dynamics Analysis,1,0,-1,0.0,0.0,-0.0
T13870,Environmental and Ecological Studies,1,0,-1,0.0,0.0,-0.0
T13658,Education and Professional Development,1,0,-1,0.0,0.0,-0.0
T14148,Kierkegaardian Philosophy and Influence,1,0,-1,0.0,0.0,-0.0
T13749,"Hungarian Social, Economic and Educational Studies",1,0,-1,0.0,0.0,-0.0
T12466,Near-Field Optical Microscopy,1,0,-1,0.0,0.0,-0.0
T11669,Head and Neck Surgical Oncology,1,0,-1,0.0,0.0,-0.0
T13950,Collembola Taxonomy and Ecology Studies,1,0,-1,0.0,0.0,-0.0
T11534,Erythropoietin and Anemia Treatment,1,0,-1,0.0,0.0,-0.0
T14236,Educational Tools and Methods,1,0,-1,0.0,0.0,-0.0
T12230,Cardiovascular Issues in Pregnancy,1,0,-1,0.0,0.0,-0.0
T13858,Technical Engine Diagnostics and Monitoring,1,0,-1,0.0,0.0,-0.0
T14314,"Violence, Religion, and Philosophy",1,0,-1,0.0,0.0,-0.0
T13343,Turkish Urban and Social Issues,1,0,-1,0.0,0.0,-0.0
T13813,Oral and Craniofacial Lesions,1,0,-1,0.0,0.0,-0.0
T14150,Biochemical and biochemical processes,1,0,-1,0.0,0.0,-0.0
T10767,Advanced Photonic Communication Systems,1,0,-1,0.0,0.0,-0.0
T13843,African Sexualities and LGBTQ+ Issues,1,0,-1,0.0,0.0,-0.0
T12637,Scarabaeidae Beetle Taxonomy and Biogeography,1,0,-1,0.0,0.0,-0.0
T13250,Semiotics and Representation Studies,1,0,-1,0.0,0.0,-0.0
T11229,Genetics and Plant Breeding,1,0,-1,0.0,0.0,-0.0
T14084,Methodology and Impact of Social Science Research,1,0,-1,0.0,0.0,-0.0
T12900,Organ and Tissue Transplantation Research,1,0,-1,0.0,0.0,-0.0
T13396,Agriculture and Rural Development Research,1,0,-1,0.0,0.0,-0.0
T13243,Innovation in Digital Healthcare Systems,1,0,-1,0.0,0.0,-0.0
T13345,Advanced Technologies and Applied Computing,1,0,-1,0.0,0.0,-0.0
T13486,"Literature, Magical Realism, García Márquez",1,0,-1,0.0,0.0,-0.0
T11337,Tryptophan and brain disorders,1,0,-1,0.0,0.0,-0.0
T13201,Infectious Encephalopathies and Encephalitis,1,0,-1,0.0,0.0,-0.0
T12115,Genetic and Environmental Crop Studies,1,0,-1,0.0,0.0,-0.0
T13515,Cultural and Communication Design Research,1,0,-1,0.0,0.0,-0.0
T14404,European Socioeconomic and Political Studies,1,0,-1,0.0,0.0,-0.0
T14452,Mexican Socioeconomic and Environmental Dynamics,1,0,-1,0.0,0.0,-0.0
T12107,Leprosy Research and Treatment,1,0,-1,0.0,0.0,-0.0
T11885,MRI in cancer diagnosis,1,0,-1,0.0,0.0,-0.0
T12874,Digital Imaging for Blood Diseases,1,0,-1,0.0,0.0,-0.0
T13991,Nuclear Receptors and Signaling,1,0,-1,0.0,0.0,-0.0
T13619,Geotechnical and Geomechanical Engineering,1,0,-1,0.0,0.0,-0.0
T12566,Nitrogen and Sulfur Effects on Brassica,1,0,-1,0.0,0.0,-0.0
T10606,Kidney Stones and Urolithiasis Treatments,1,0,-1,0.0,0.0,-0.0
T14358,Healthcare Quality and Satisfaction,1,0,-1,0.0,0.0,-0.0
T12406,IoT and GPS-based Vehicle Safety Systems,1,0,-1,0.0,0.0,-0.0
T12061,Axon Guidance and Neuronal Signaling,1,0,-1,0.0,0.0,-0.0
T14275,Historical Medical Research and Treatments,1,0,-1,0.0,0.0,-0.0
T14125,"Education, Sociology, Communication Studies",1,0,-1,0.0,0.0,-0.0
T10528,"Adipokines, Inflammation, and Metabolic Diseases",1,0,-1,0.0,0.0,-0.0
T12711,Immigration and Intercultural Education,1,0,-1,0.0,0.0,-0.0
T12636,Regional Development and Innovation,1,0,-1,0.0,0.0,-0.0
T13905,Telecommunications and Broadcasting Technologies,1,0,-1,0.0,0.0,-0.0
T10892,Drilling and Well Engineering,1,0,-1,0.0,0.0,-0.0
T12855,Peanut Plant Research Studies,1,0,-1,0.0,0.0,-0.0
T11929,Cerebral Venous Sinus Thrombosis,1,0,-1,0.0,0.0,-0.0
T12573,Education and Digital Technologies,1,0,-1,0.0,0.0,-0.0
T12226,Neuroblastoma Research and Treatments,1,0,-1,0.0,0.0,-0.0
T11713,Genital Health and Disease,1,0,-1,0.0,0.0,-0.0
T13711,Environmental Science and Technology,1,0,-1,0.0,0.0,-0.0
T12189,Sulfur-Based Synthesis Techniques,1,0,-1,0.0,0.0,-0.0
T13374,Hematological disorders and diagnostics,0,1,1,0.0,0.0,0.0
T14200,"Medical, Sociocultural, and Biopolitical Studies",0,1,1,0.0,0.0,0.0
T13778,Comparative and World Literature,0,1,1,0.0,0.0,0.0
T11991,Soft tissue tumor case studies,0,1,1,0.0,0.0,0.0
T12864,Psychoanalysis and Social Critique,0,1,1,0.0,0.0,0.0
T14159,Discourse Analysis and Cultural Communication,0,1,1,0.0,0.0,0.0
T14399,Invertebrate Taxonomy and Ecology,0,1,1,0.0,0.0,0.0
T11199,Pain Management and Opioid Use,0,1,1,0.0,0.0,0.0
T13859,Organic Chemistry Synthesis Methods,0,1,1,0.0,0.0,0.0
T10417,Lung Cancer Treatments and Mutations,0,1,1,0.0,0.0,0.0
T14292,"Migration, Policy, and Dickens Studies",0,1,1,0.0,0.0,0.0
T13533,Medical Case Reports and Studies,0,1,1,0.0,0.0,0.0
T13275,Medical and Health Sciences Research,0,1,1,0.0,0.0,0.0
T13708,History of Emotions Research,0,1,1,0.0,0.0,0.0
T12270,Microwave-Assisted Synthesis and Applications,0,1,1,0.0,0.0,0.0
T14035,"Literature, Culture, and Aesthetics",0,1,1,0.0,0.0,0.0
T14390,Real estate and construction management,0,1,1,0.0,0.0,0.0
T13304,Synthesis and Reactivity of Sulfur-Containing Compounds,0,1,1,0.0,0.0,0.0
T11258,Breast Implant and Reconstruction,0,1,1,0.0,0.0,0.0
T12379,Cancer Diagnosis and Treatment,0,1,1,0.0,0.0,0.0
T13477,Sustainable Design and Development,0,1,1,0.0,0.0,0.0
T14519,Innovations in Education and Learning Technologies,0,1,1,0.0,0.0,0.0
T13211,"Memory, Trauma, and Testimony",0,1,1,0.0,0.0,0.0
T10980,Vascular Malformations and Hemangiomas,0,1,1,0.0,0.0,0.0
T14232,Water Resource Management and Quality,0,1,1,0.0,0.0,0.0
T13373,Data Mining and Machine Learning Applications,0,1,1,0.0,0.0,0.0
T14004,History and Cultural Heritage,0,1,1,0.0,0.0,0.0
T12557,Inorganic Chemistry and Materials,0,1,1,0.0,0.0,0.0
T13974,"Health, Education, and Aging",0,1,1,0.0,0.0,0.0
T11611,Cyclopropane Reaction Mechanisms,0,1,1,0.0,0.0,0.0
T10910,Corporate Governance and Management,0,1,1,0.0,0.0,0.0
T12754,Plant Growth and Agriculture Techniques,0,1,1,0.0,0.0,0.0
T14216,Multimedia Learning Systems,0,1,1,0.0,0.0,0.0
T13918,Advanced Data and IoT Technologies,0,1,1,0.0,0.0,0.0
T14037,Arabic Language Education Studies,0,1,1,0.0,0.0,0.0
T13399,Unemployment and Economic Growth,0,1,1,0.0,0.0,0.0
T12734,Information Systems and Technology Applications,0,1,1,0.0,0.0,0.0
T12987,Religion and Society in Latin America,0,1,1,0.0,0.0,0.0
T13654,Urban Planning and Landscape Design,0,1,1,0.0,0.0,0.0
T11282,Fibromyalgia and Chronic Fatigue Syndrome Research,0,1,1,0.0,0.0,0.0
T13861,Health and Lifestyle Studies,0,1,1,0.0,0.0,0.0
T10608,Neurogenesis and neuroplasticity mechanisms,0,1,1,0.0,0.0,0.0
T11908,Protein Interaction Studies and Fluorescence Analysis,0,1,1,0.0,0.0,0.0
T12715,Pregnancy-related medical research,0,1,1,0.0,0.0,0.0
T13128,Chromatography in Natural Products,0,1,1,0.0,0.0,0.0
T14301,Educational methodologies and cognitive development,0,1,1,0.0,0.0,0.0
T11530,Business and Management Studies,0,1,1,0.0,0.0,0.0
T12283,Latin American history and culture,0,1,1,0.0,0.0,0.0
T12160,African cultural and philosophical studies,0,1,1,0.0,0.0,0.0
T13249,Dielectric properties of ceramics,0,1,1,0.0,0.0,0.0
T13644,Control Systems in Engineering,0,1,1,0.0,0.0,0.0
T12964,"Diet, Metabolism, and Disease",0,1,1,0.0,0.0,0.0
T13427,Latin American Literature Analysis,0,1,1,0.0,0.0,0.0
T13936,Physical Education and Gymnastics,0,1,1,0.0,0.0,0.0
T13626,Educational and Organizational Development,0,1,1,0.0,0.0,0.0
T10548,Catalytic Cross-Coupling Reactions,0,1,1,0.0,0.0,0.0
T13831,Archaeological and Geological Studies,0,1,1,0.0,0.0,0.0
T13469,"Environmental, Ecological, and Cultural Studies",0,1,1,0.0,0.0,0.0
T11306,Nonmelanoma Skin Cancer Studies,0,1,1,0.0,0.0,0.0
T12215,Phytochemical Studies and Bioactivities,0,1,1,0.0,0.0,0.0
T10098,Ruminant Nutrition and Digestive Physiology,0,1,1,0.0,0.0,0.0
T11597,"Neutrophil, Myeloperoxidase and Oxidative Mechanisms",1,0,-1,0.0,0.0,-0.0
T13367,Cultural and Sociopolitical Studies,1,0,-1,0.0,0.0,-0.0
T12164,Education Practices and Challenges,1,0,-1,0.0,0.0,-0.0
T12045,Rice Cultivation and Yield Improvement,1,0,-1,0.0,0.0,-0.0
T11778,Electrical and Bioimpedance Tomography,1,0,-1,0.0,0.0,-0.0
T13594,Healthcare innovation and challenges,1,0,-1,0.0,0.0,-0.0
T11468,Genetic Mapping and Diversity in Plants and Animals,1,0,-1,0.0,0.0,-0.0
T12356,Bioactive Compounds and Antitumor Agents,1,0,-1,0.0,0.0,-0.0
T13242,Male Reproductive Health Studies,1,0,-1,0.0,0.0,-0.0
T13668,Agricultural and Rural Development Research,1,0,-1,0.0,0.0,-0.0
T13984,"Nutrition, Genetics, and Disease",1,0,-1,0.0,0.0,-0.0
T13228,Socioeconomic Development in Asia,1,0,-1,0.0,0.0,-0.0
T11928,Genetic Syndromes and Imprinting,1,0,-1,0.0,0.0,-0.0
T13846,Mangiferin and Mango Extracts,1,0,-1,0.0,0.0,-0.0
T13908,Scientific and Historical Analyses,1,0,-1,0.0,0.0,-0.0
T12739,Historical Studies on Spain,1,0,-1,0.0,0.0,-0.0
T10259,Sociology and Education Studies,1,0,-1,0.0,0.0,-0.0
T12962,Nephrotoxicity and Medicinal Plants,1,0,-1,0.0,0.0,-0.0
T12729,Tree Root and Stability Studies,1,0,-1,0.0,0.0,-0.0
T13717,Advanced Algorithms and Applications,1,0,-1,0.0,0.0,-0.0
T12673,Microbial Metabolism and Applications,1,0,-1,0.0,0.0,-0.0
T12253,Urban Agriculture and Sustainability,1,0,-1,0.0,0.0,-0.0
T12895,Environmental law and policy,1,0,-1,0.0,0.0,-0.0
T14223,Ayn Rand and Brontë studies,1,0,-1,0.0,0.0,-0.0
T11672,Recycling and utilization of industrial and municipal waste in materials production,1,0,-1,0.0,0.0,-0.0
T13318,Diverse Scientific Research in Ukraine,1,0,-1,0.0,0.0,-0.0
T11680,Advanced Algebra and Geometry,1,0,-1,0.0,0.0,-0.0
T14412,Marine and Coastal Research,1,0,-1,0.0,0.0,-0.0
T10909,Edible Oils Quality and Analysis,1,0,-1,0.0,0.0,-0.0
T13569,Microscopic Colitis,1,0,-1,0.0,0.0,-0.0
T13375,Integrated Water Resources Management,1,0,-1,0.0,0.0,-0.0
T10367,Agricultural Innovations and Practices,1,0,-1,0.0,0.0,-0.0
T11213,Genomic variations and chromosomal abnormalities,0,1,1,0.0,0.0,0.0
T14020,Medical research and treatments,0,1,1,0.0,0.0,0.0
T12311,Political Theology and Sovereignty,0,1,1,0.0,0.0,0.0
T13041,Contemporary Social and Economic Issues,0,1,1,0.0,0.0,0.0
T13287,Robotic Process Automation Applications,0,1,1,0.0,0.0,0.0
T14331,Medicinal Plant Pharmacodynamics Research,0,1,1,0.0,0.0,0.0
T13845,Classical Studies and Legal History,0,1,1,0.0,0.0,0.0
T12977,Spanish Literature and Culture Studies,0,1,1,0.0,0.0,0.0
T14062,Migration and Exile Studies,0,1,1,0.0,0.0,0.0
T13401,Social and Cultural Studies,0,1,1,0.0,0.0,0.0
T14133,Border Security and International Relations,0,1,1,0.0,0.0,0.0
T12658,Language and Culture,0,1,1,0.0,0.0,0.0
T13985,Enterprise Management and Information Systems,0,1,1,0.0,0.0,0.0
T14287,Music Education and Analysis,0,1,1,0.0,0.0,0.0
T10808,Electric and Hybrid Vehicle Technologies,0,1,1,0.0,0.0,0.0
T13628,Agricultural Productivity and Crop Improvement,0,1,1,0.0,0.0,0.0
T13987,Child Development and Education,0,1,1,0.0,0.0,0.0
T10816,Cerebrovascular and Carotid Artery Diseases,0,1,1,0.0,0.0,0.0
T13089,Medieval and Early Modern Iberia,0,1,1,0.0,0.0,0.0
T12291,Pericarditis and Cardiac Tamponade,0,1,1,0.0,0.0,0.0
T13860,Arts and Performance Studies,0,1,1,0.0,0.0,0.0
T13336,Religious Freedom and Discrimination,0,1,1,0.0,0.0,0.0
T13148,Environmental and Air Quality Management,0,1,1,0.0,0.0,0.0
T13153,Rousseau and Enlightenment Thought,0,1,1,0.0,0.0,0.0
T13710,European and International Law Studies,0,1,1,0.0,0.0,0.0
T14435,Information Retrieval and Data Mining,0,1,1,0.0,0.0,0.0
T14198,Philosophical Thought and Analysis,0,1,1,0.0,0.0,0.0
T11418,Plant Micronutrient Interactions and Effects,0,1,1,0.0,0.0,0.0
T13511,Geodetic Measurements and Engineering Structures,0,1,1,0.0,0.0,0.0
T12894,Date Palm Research Studies,0,1,1,0.0,0.0,0.0
T14021,Medieval European Literature and History,0,1,1,0.0,0.0,0.0
T13822,Indigenous Health and Education,0,1,1,0.0,0.0,0.0
T13146,Sustainable Finance and Green Bonds,0,1,1,0.0,0.0,0.0
T14381,"Psychiatry, Mental Health, Neuroscience",0,1,1,0.0,0.0,0.0
T11827,Polyomavirus and related diseases,0,1,1,0.0,0.0,0.0
T10194,Nonlinear Partial Differential Equations,0,1,1,0.0,0.0,0.0
T13019,African Studies and Geopolitics,0,1,1,0.0,0.0,0.0
T13615,Transportation Systems and Safety,0,1,1,0.0,0.0,0.0
T10445,Antioxidant Activity and Oxidative Stress,0,1,1,0.0,0.0,0.0
T14406,Multidisciplinary Science and Engineering Research,0,1,1,0.0,0.0,0.0
T11036,Antibiotics Pharmacokinetics and Efficacy,0,1,1,0.0,0.0,0.0
T12113,Growth and nutrition in plants,0,1,1,0.0,0.0,0.0
T12936,"Conflict, Peace, and Violence in Colombia",0,1,1,0.0,0.0,0.0
T14485,Language Acquisition and Education,0,1,1,0.0,0.0,0.0
T14252,Water and Wastewater Treatment,0,1,1,0.0,0.0,0.0
T13408,Corporate Law and Human Rights,0,1,1,0.0,0.0,0.0
T13535,Wireless Sensor Networks and IoT,0,1,1,0.0,0.0,0.0
T12123,Financial Analysis and Corporate Governance,0,1,1,0.0,0.0,0.0
T13450,Turkish Literature and Culture,0,1,1,0.0,0.0,0.0
T14276,Power Systems and Technologies,0,1,1,0.0,0.0,0.0
T13485,Marine and Coastal Ecosystems,0,1,1,0.0,0.0,0.0
