topic_id,display_name,works_old,works_new,change,share_old,share_new,share_change_pts
T10048,Particle physics theoretical and experimental studies,3672,3348,-324,0.0186,0.017,-0.16
T10065,Atrial Fibrillation Management and Outcomes,1778,1800,22,0.009,0.0091,0.01
T10039,"Stellar, planetary, and galactic studies",1214,1487,273,0.0061,0.0076,0.14
T10463,Pulsars and Gravitational Waves Research,998,1182,184,0.0051,0.006,0.1
T10527,High-Energy Particle Collisions Research,960,940,-20,0.0049,0.0048,-0.01
T10075,Atmospheric chemistry and aerosols,679,965,286,0.0034,0.0049,0.15
T10093,Nuclear physics research studies,595,960,365,0.003,0.0049,0.19
T10037,Physics of Superconductivity and Magnetism,729,723,-6,0.0037,0.0037,-0.0
T10031,T-cell and B-cell Immunology,438,968,530,0.0022,0.0049,0.27
T10120,Bacterial Genetics and Biotechnology,432,927,495,0.0022,0.0047,0.25
T10200,Rheumatoid Arthritis Research and Therapies,501,800,299,0.0025,0.0041,0.15
T10026,"Galaxies: Formation, Evolution, Phenomena",597,702,105,0.003,0.0036,0.05
T10023,Schizophrenia research and treatment,531,744,213,0.0027,0.0038,0.11
T10804,"Health Systems, Economic Evaluations, Quality of Life",547,593,46,0.0028,0.003,0.02
T10685,Viral-associated cancers and disorders,585,553,-32,0.003,0.0028,-0.02
T10427,Visual perception and processing mechanisms,372,695,323,0.0019,0.0035,0.16
T10113,Dental materials and restorations,395,666,271,0.002,0.0034,0.14
T10224,Quantum Chromodynamics and Particle Interactions,252,798,546,0.0013,0.0041,0.28
T10017,Geology and Paleoclimatology Research,590,399,-191,0.003,0.002,-0.1
T10084,Musculoskeletal pain and rehabilitation,461,475,14,0.0023,0.0024,0.01
T10251,Solar and Space Plasma Dynamics,468,464,-4,0.0024,0.0024,-0.0
T10254,Innovations in Medical Education,262,637,375,0.0013,0.0032,0.19
T10190,Air Quality and Health Impacts,623,276,-347,0.0032,0.0014,-0.18
T10206,Meta-analysis and systematic reviews,391,484,93,0.002,0.0025,0.05
T10143,Chronic Obstructive Pulmonary Disease (COPD) Research,377,498,121,0.0019,0.0025,0.06
T11044,Particle Detector Development and Performance,253,618,365,0.0013,0.0031,0.19
T10746,Platelet Disorders and Treatments,359,500,141,0.0018,0.0025,0.07
T10849,Finite Group Theory Research,357,500,143,0.0018,0.0025,0.07
T10147,Antibiotic Resistance in Bacteria,397,456,59,0.002,0.0023,0.03
T10106,Autism Spectrum Disorder Research,445,377,-68,0.0023,0.0019,-0.03
T10038,Tuberculosis Research and Epidemiology,333,479,146,0.0017,0.0024,0.07
T10308,Systemic Lupus Erythematosus Research,398,413,15,0.002,0.0021,0.01
T11834,Liver Diseases and Immunity,382,424,42,0.0019,0.0022,0.02
T11329,Limits and Structures in Graph Theory,339,464,125,0.0017,0.0024,0.06
T10077,Neuroscience and Neuropharmacology Research,422,368,-54,0.0021,0.0019,-0.03
T10745,Heart Rate Variability and Autonomic Control,363,407,44,0.0018,0.0021,0.02
T10144,Blood Pressure and Hypertension Studies,305,462,157,0.0015,0.0023,0.08
T10955,Paleontology and Evolutionary Biology,366,399,33,0.0019,0.002,0.02
T10565,"Psychopathy, Forensic Psychiatry, Sexual Offending",315,446,131,0.0016,0.0023,0.07
T10362,Biblical Studies and Interpretation,292,468,176,0.0015,0.0024,0.09
T11056,Physiological and biochemical adaptations,298,456,158,0.0015,0.0023,0.08
T10615,Granular flow and fluidized beds,351,392,41,0.0018,0.002,0.02
T10649,Multiple Myeloma Research and Treatments,332,405,73,0.0017,0.0021,0.04
T10019,Corporate Finance and Governance,366,360,-6,0.0019,0.0018,-0.0
T11016,Monoclonal and Polyclonal Antibodies Research,443,279,-164,0.0022,0.0014,-0.08
T10293,Thyroid Disorders and Treatments,300,422,122,0.0015,0.0021,0.06
T10581,Neural dynamics and brain function,384,334,-50,0.0019,0.0017,-0.02
T10213,Public Policy and Administration Research,253,460,207,0.0013,0.0023,0.11
T13896,Health Services Management and Policy,77,625,548,0.0004,0.0032,0.28
T10123,DNA Repair Mechanisms,398,303,-95,0.002,0.0015,-0.05
T10257,Oral microbiology and periodontitis research,310,375,65,0.0016,0.0019,0.03
T10864,Fluid Dynamics and Mixing,253,427,174,0.0013,0.0022,0.09
T10309,Acute Myeloid Leukemia Research,344,332,-12,0.0017,0.0017,-0.01
T10697,Vasculitis and related conditions,333,340,7,0.0017,0.0017,0.0
T10134,Inflammatory Bowel Disease,282,388,106,0.0014,0.002,0.05
T10351,Liver Disease Diagnosis and Treatment,376,284,-92,0.0019,0.0014,-0.05
T10352,Physical Activity and Health,200,460,260,0.001,0.0023,0.13
T10277,Vitamin D Research Studies,332,321,-11,0.0017,0.0016,-0.0
T10578,Supramolecular Chemistry and Complexes,208,445,237,0.0011,0.0023,0.12
T11100,Intermetallics and Advanced Alloy Properties,329,324,-5,0.0017,0.0016,-0.0
T10118,SARS-CoV-2 and COVID-19 Research,316,324,8,0.0016,0.0016,0.0
T10117,Advanced Combustion Engine Technologies,253,369,116,0.0013,0.0019,0.06
T10109,Paleontology and Stratigraphy of Fossils,232,385,153,0.0012,0.002,0.08
T10060,Smoking Behavior and Cessation,250,364,114,0.0013,0.0018,0.06
T11782,Magnetic Properties of Alloys,312,288,-24,0.0016,0.0015,-0.01
T10042,Neural and Behavioral Psychology Studies,356,243,-113,0.0018,0.0012,-0.06
T10536,Endodontics and Root Canal Treatments,285,313,28,0.0014,0.0016,0.01
T10059,Bone Tissue Engineering Materials,261,337,76,0.0013,0.0017,0.04
T10001,Geological and Geochemical Analysis,310,282,-28,0.0016,0.0014,-0.01
T10122,Toxic Organic Pollutants Impact,281,311,30,0.0014,0.0016,0.02
T11399,Muscle metabolism and nutrition,338,245,-93,0.0017,0.0012,-0.05
T11178,Receptor Mechanisms and Signaling,260,322,62,0.0013,0.0016,0.03
T10079,Nanoparticles: synthesis and applications,323,257,-66,0.0016,0.0013,-0.03
T10595,Medieval Literature and History,244,335,91,0.0012,0.0017,0.05
T10605,Historical Economic and Social Studies,353,226,-127,0.0018,0.0011,-0.06
T11323,Gamma-ray bursts and supernovae,317,260,-57,0.0016,0.0013,-0.03
T10262,Microwave Engineering and Waveguides,310,267,-43,0.0016,0.0014,-0.02
T10947,Fluorine in Organic Chemistry,277,298,21,0.0014,0.0015,0.01
T10188,Advanced machining processes and optimization,251,324,73,0.0013,0.0016,0.04
T11209,Cardiovascular and exercise physiology,161,413,252,0.0008,0.0021,0.13
T11020,Immune Cell Function and Interaction,505,69,-436,0.0026,0.0004,-0.22
T11639,Mental Health and Patient Involvement,316,256,-60,0.0016,0.0013,-0.03
T11235,Statistical Methods in Clinical Trials,169,394,225,0.0009,0.002,0.11
T10982,Motor Control and Adaptation,227,332,105,0.0011,0.0017,0.05
T10263,Eating Disorders and Behaviors,287,266,-21,0.0015,0.0014,-0.01
T11070,Soviet and Russian History,149,404,255,0.0008,0.0021,0.13
T11400,Motivation and Self-Concept in Sports,300,252,-48,0.0015,0.0013,-0.02
T10938,Phase Change Materials Research,268,284,16,0.0014,0.0014,0.01
T13158,Political and Economic history of UK and US,345,203,-142,0.0017,0.001,-0.07
T11949,Nuclear Physics and Applications,398,149,-249,0.002,0.0008,-0.13
T10744,Astrophysical Phenomena and Observations,259,284,25,0.0013,0.0014,0.01
T10165,Classical Antiquity Studies,211,331,120,0.0011,0.0017,0.06
T10831,Cell Adhesion Molecules Research,279,256,-23,0.0014,0.0013,-0.01
T10842,Railway Engineering and Dynamics,259,271,12,0.0013,0.0014,0.01
T11015,Down syndrome and intellectual disability research,191,337,146,0.001,0.0017,0.07
T10126,"Logic, programming, and type systems",201,327,126,0.001,0.0017,0.06
T10007,Monetary Policy and Economic Impact,220,305,85,0.0011,0.0016,0.04
T10999,Organ Transplantation Techniques and Outcomes,211,306,95,0.0011,0.0016,0.05
T10832,Pituitary Gland Disorders and Treatments,262,253,-9,0.0013,0.0013,-0.0
T10415,International Business and FDI,218,297,79,0.0011,0.0015,0.04
T10836,Metabolomics and Mass Spectrometry Studies,292,220,-72,0.0015,0.0011,-0.04
T10465,Neurobiology of Language and Bilingualism,225,286,61,0.0011,0.0015,0.03
T10290,Pregnancy and preeclampsia studies,240,266,26,0.0012,0.0014,0.01
T10043,Substance Abuse Treatment and Outcomes,173,332,159,0.0009,0.0017,0.08
T10894,Groundwater flow and contamination studies,202,301,99,0.001,0.0015,0.05
T10813,Sport Psychology and Performance,207,293,86,0.001,0.0015,0.04
T10002,Advanced Chemical Physics Studies,346,151,-195,0.0018,0.0008,-0.1
T10241,Functional Brain Connectivity Studies,318,178,-140,0.0016,0.0009,-0.07
T10835,Carbohydrate Chemistry and Synthesis,209,286,77,0.0011,0.0015,0.04
T11636,Artificial Intelligence in Healthcare and Education,250,244,-6,0.0013,0.0012,-0.0
T10683,Mass Spectrometry Techniques and Applications,255,239,-16,0.0013,0.0012,-0.01
T11839,Hormonal Regulation and Hypertension,337,143,-194,0.0017,0.0007,-0.1
T10177,Palliative Care and End-of-Life Issues,201,274,73,0.001,0.0014,0.04
T10100,Metaheuristic Optimization Algorithms Research,166,308,142,0.0008,0.0016,0.07
T10882,Cardiomyopathy and Myosin Studies,228,244,16,0.0012,0.0012,0.01
T10069,Antenna Design and Analysis,189,282,93,0.001,0.0014,0.05
T10749,International Law and Human Rights,217,250,33,0.0011,0.0013,0.02
T10258,Philosophy and Theoretical Science,210,254,44,0.0011,0.0013,0.02
T11456,Neuroscience of respiration and sleep,268,194,-74,0.0014,0.001,-0.04
T10656,Child and Animal Learning Development,205,245,40,0.001,0.0012,0.02
T10434,Chromosomal and Genetic Variations,127,318,191,0.0006,0.0016,0.1
T10085,Parkinson's Disease Mechanisms and Treatments,182,262,80,0.0009,0.0013,0.04
T10222,Genomics and Chromatin Dynamics,143,300,157,0.0007,0.0015,0.08
T10451,Mycorrhizal Fungi and Plant Interactions,421,21,-400,0.0021,0.0001,-0.2
T10010,"Obesity, Physical Activity, Diet",236,206,-30,0.0012,0.001,-0.01
T10582,Ethics in Clinical Research,162,278,116,0.0008,0.0014,0.06
T10700,Metal Forming Simulation Techniques,181,257,76,0.0009,0.0013,0.04
T10401,Diabetes Treatment and Management,206,228,22,0.001,0.0012,0.01
T10705,Additive Manufacturing Materials and Processes,209,224,15,0.0011,0.0011,0.01
T10198,Heart Failure Treatment and Management,196,237,41,0.001,0.0012,0.02
T10311,Advancements in Solid Oxide Fuel Cells,196,237,41,0.001,0.0012,0.02
T10009,Dementia and Cognitive Impairment Research,156,277,121,0.0008,0.0014,0.06
T10839,Pancreatic function and diabetes,266,165,-101,0.0013,0.0008,-0.05
T10132,Advanced ceramic materials synthesis,199,230,31,0.001,0.0012,0.02
T10629,Health Policy Implementation Science,161,266,105,0.0008,0.0014,0.05
T11929,Cerebral Venous Sinus Thrombosis,214,212,-2,0.0011,0.0011,-0.0
T10458,Bladder and Urothelial Cancer Treatments,229,196,-33,0.0012,0.001,-0.02
T10580,Immunotherapy and Immune Responses,208,217,9,0.0011,0.0011,0.0
T12912,"Shakespeare, Adaptation, and Literary Criticism",202,222,20,0.001,0.0011,0.01
T10041,COVID-19 Clinical Research Studies,168,253,85,0.0009,0.0013,0.04
T10269,Epigenetics and DNA Methylation,220,200,-20,0.0011,0.001,-0.01
T13594,Healthcare innovation and challenges,330,89,-241,0.0017,0.0005,-0.12
T10056,Neurotransmitter Receptor Influence on Behavior,168,249,81,0.0009,0.0013,0.04
T10560,Diabetes Management and Research,192,224,32,0.001,0.0011,0.02
T11817,"Housing, Finance, and Neoliberalism",335,81,-254,0.0017,0.0004,-0.13
T10051,Asthma and respiratory diseases,187,229,42,0.0009,0.0012,0.02
T11927,Plant Reproductive Biology,209,206,-3,0.0011,0.001,-0.0
T10289,European Union Policy and Governance,233,181,-52,0.0012,0.0009,-0.03
T10943,Escherichia coli research studies,206,206,0,0.001,0.001,0.0
T10094,Epilepsy research and treatment,138,268,130,0.0007,0.0014,0.07
T10523,Atomic and Molecular Physics,109,295,186,0.0006,0.0015,0.09
T11521,Salivary Gland Disorders and Functions,208,195,-13,0.0011,0.001,-0.01
T13186,Russia and Soviet political economy,207,195,-12,0.001,0.001,-0.01
T11590,Primary Care and Health Outcomes,279,123,-156,0.0014,0.0006,-0.08
T10129,Glioma Diagnosis and Treatment,199,203,4,0.001,0.001,0.0
T11123,Obsessive-Compulsive Spectrum Disorders,213,188,-25,0.0011,0.001,-0.01
T10029,Climate variability and models,186,208,22,0.0009,0.0011,0.01
T11157,Chronic Lymphocytic Leukemia Research,210,182,-28,0.0011,0.0009,-0.01
T10786,Maternal Mental Health During Pregnancy and Postpartum,181,208,27,0.0009,0.0011,0.01
T11194,Ocular Diseases and Behçet’s Syndrome,184,204,20,0.0009,0.001,0.01
T10670,Aluminum Alloy Microstructure Properties,235,151,-84,0.0012,0.0008,-0.04
T10116,Sperm and Testicular Function,164,221,57,0.0008,0.0011,0.03
T12409,Reformation and Early Modern Christianity,216,169,-47,0.0011,0.0009,-0.02
T10103,Reading and Literacy Development,161,220,59,0.0008,0.0011,0.03
T10577,Hydrology and Sediment Transport Processes,199,182,-17,0.001,0.0009,-0.01
T10396,Fatigue and fracture mechanics,148,233,85,0.0007,0.0012,0.04
T10245,Metamaterials and Metasurfaces Applications,177,203,26,0.0009,0.001,0.01
T10330,Hydrology and Watershed Management Studies,212,167,-45,0.0011,0.0008,-0.02
T10753,Microplastics and Plastic Pollution,204,173,-31,0.001,0.0009,-0.02
T11965,"Quantum, superfluid, helium dynamics",240,137,-103,0.0012,0.0007,-0.05
T11148,"Language, Metaphor, and Cognition",238,138,-100,0.0012,0.0007,-0.05
T10377,Metal and Thin Film Mechanics,288,87,-201,0.0015,0.0004,-0.1
T10058,Entrepreneurship Studies and Influences,168,207,39,0.0009,0.0011,0.02
T10375,Pharmacogenetics and Drug Metabolism,70,305,235,0.0004,0.0016,0.12
T12421,Adrenal Hormones and Disorders,155,219,64,0.0008,0.0011,0.03
T10231,Pancreatic and Hepatic Oncology Research,200,174,-26,0.001,0.0009,-0.01
T10053,International Relations and Foreign Policy,107,266,159,0.0005,0.0014,0.08
T10613,Virus-based gene therapy research,229,143,-86,0.0012,0.0007,-0.04
T10453,Maternal and Perinatal Health Interventions,129,243,114,0.0007,0.0012,0.06
T10261,Genetic Associations and Epidemiology,149,222,73,0.0008,0.0011,0.04
T11054,Adrenal and Paraganglionic Tumors,170,199,29,0.0009,0.001,0.02
T10428,Reproductive tract infections research,179,189,10,0.0009,0.001,0.01
T10307,Head and Neck Cancer Studies,176,191,15,0.0009,0.001,0.01
T10368,Dental Health and Care Utilization,152,214,62,0.0008,0.0011,0.03
T10005,Ecology and Vegetation Dynamics Studies,142,222,80,0.0007,0.0011,0.04
T10030,Electrocatalysts for Energy Conversion,183,181,-2,0.0009,0.0009,-0.0
T10216,"Migration, Refugees, and Integration",140,224,84,0.0007,0.0011,0.04
T10397,Nutrition and Health in Aging,192,172,-20,0.001,0.0009,-0.01
T11171,Diabetes and associated disorders,223,140,-83,0.0011,0.0007,-0.04
T10423,Neurobiology and Insect Physiology Research,188,175,-13,0.001,0.0009,-0.01
T10438,"Energy, Environment, Economic Growth",167,194,27,0.0008,0.001,0.01
T10602,Glycosylation and Glycoproteins Research,178,182,4,0.0009,0.0009,0.0
T10407,Lipid Membrane Structure and Behavior,137,221,84,0.0007,0.0011,0.04
T11296,COVID-19 and healthcare impacts,199,157,-42,0.001,0.0008,-0.02
T14395,African history and culture studies,160,196,36,0.0008,0.001,0.02
T10204,Microstructure and mechanical properties,140,215,75,0.0007,0.0011,0.04
T10619,Esophageal Cancer Research and Treatment,179,176,-3,0.0009,0.0009,-0.0
T10405,Advanced Polymer Synthesis and Characterization,114,240,126,0.0006,0.0012,0.06
T10389,Polymer crystallization and properties,179,175,-4,0.0009,0.0009,-0.0
T10510,Stroke Rehabilitation and Recovery,170,179,9,0.0009,0.0009,0.0
T10047,Financial Markets and Investment Strategies,138,210,72,0.0007,0.0011,0.04
T10550,Ovarian cancer diagnosis and treatment,172,175,3,0.0009,0.0009,0.0
T10840,High Temperature Alloys and Creep,148,199,51,0.0007,0.001,0.03
T10159,Ionosphere and magnetosphere dynamics,149,197,48,0.0008,0.001,0.02
T10508,Patient Safety and Medication Errors,95,250,155,0.0005,0.0013,0.08
T10178,Cancer survivorship and care,175,168,-7,0.0009,0.0009,-0.0
T11844,Lipid metabolism and biosynthesis,57,286,229,0.0003,0.0015,0.12
T10447,Environmental Toxicology and Ecotoxicology,109,233,124,0.0006,0.0012,0.06
T10205,Advanced Fiber Optic Sensors,157,185,28,0.0008,0.0009,0.01
T10486,Salmonella and Campylobacter epidemiology,178,164,-14,0.0009,0.0008,-0.01
T10146,Cervical Cancer and HPV Research,146,194,48,0.0007,0.001,0.02
T10441,Muscle Physiology and Disorders,108,232,124,0.0005,0.0012,0.06
T10066,Gut microbiota and health,148,192,44,0.0007,0.001,0.02
T10425,Cold Atom Physics and Bose-Einstein Condensates,202,137,-65,0.001,0.0007,-0.03
T10529,Stress Responses and Cortisol,195,144,-51,0.001,0.0007,-0.03
T10826,Behavioral and Psychological Studies,133,205,72,0.0007,0.001,0.04
T10598,Cardiac pacing and defibrillation studies,171,167,-4,0.0009,0.0008,-0.0
T10426,Child Abuse and Trauma,197,139,-58,0.001,0.0007,-0.03
T10386,Microstructure and Mechanical Properties of Steels,182,153,-29,0.0009,0.0008,-0.01
T10169,Protein Kinase Regulation and GTPase Signaling,92,240,148,0.0005,0.0012,0.08
T10157,Sports Performance and Training,174,158,-16,0.0009,0.0008,-0.01
T10681,Rare-earth and actinide compounds,155,175,20,0.0008,0.0009,0.01
T10443,Social Policy and Reform Studies,212,118,-94,0.0011,0.0006,-0.05
T11774,Adsorption and Cooling Systems,172,157,-15,0.0009,0.0008,-0.01
T10448,Memory and Neural Mechanisms,153,176,23,0.0008,0.0009,0.01
T10018,Advancements in Battery Materials,166,162,-4,0.0008,0.0008,-0.0
T10344,Management and Organizational Studies,214,114,-100,0.0011,0.0006,-0.05
T10128,Global trade and economics,173,154,-19,0.0009,0.0008,-0.01
T10432,DNA and Nucleic Acid Chemistry,173,154,-19,0.0009,0.0008,-0.01
T10784,Muscle activation and electromyography studies,167,159,-8,0.0008,0.0008,-0.0
T10021,EFL/ESL Teaching and Learning,126,200,74,0.0006,0.001,0.04
T10422,Angiogenesis and VEGF in Cancer,158,168,10,0.0008,0.0009,0.01
T12871,Healthcare Quality and Management,124,201,77,0.0006,0.001,0.04
T10151,Hepatitis C virus research,158,167,9,0.0008,0.0008,0.0
T10185,Lymphoma Diagnosis and Treatment,143,182,39,0.0007,0.0009,0.02
T10301,Mitochondrial Function and Pathology,175,148,-27,0.0009,0.0008,-0.01
T10337,Liver Disease and Transplantation,163,158,-5,0.0008,0.0008,-0.0
T11568,Railway Systems and Energy Efficiency,176,145,-31,0.0009,0.0007,-0.02
T10114,"Balance, Gait, and Falls Prevention",158,163,5,0.0008,0.0008,0.0
T10127,"Banking stability, regulation, efficiency",157,163,6,0.0008,0.0008,0.0
T10180,Analytical chemistry methods development,63,256,193,0.0003,0.0013,0.1
T12246,Chronic Disease Management Strategies,170,149,-21,0.0009,0.0008,-0.01
T10027,"Diabetes, Cardiovascular Risks, and Lipoproteins",170,147,-23,0.0009,0.0007,-0.01
T12613,X-ray Diffraction in Crystallography,160,154,-6,0.0008,0.0008,-0.0
T10373,Renal Transplantation Outcomes and Treatments,149,165,16,0.0008,0.0008,0.01
T10015,Genomics and Phylogenetic Studies,146,168,22,0.0007,0.0009,0.01
T10183,Breast Cancer Treatment Studies,137,177,40,0.0007,0.0009,0.02
T11632,Family and Disability Support Research,203,110,-93,0.001,0.0006,-0.05
T11201,Metallurgy and Material Forming,209,104,-105,0.0011,0.0005,-0.05
T12071,Marine Biology and Environmental Chemistry,163,150,-13,0.0008,0.0008,-0.01
T11083,Cardiac Health and Mental Health,172,139,-33,0.0009,0.0007,-0.02
T10908,Analytical Chemistry and Chromatography,171,140,-31,0.0009,0.0007,-0.02
T10966,Liver physiology and pathology,149,161,12,0.0008,0.0008,0.01
T10416,Traumatic Brain Injury Research,150,159,9,0.0008,0.0008,0.0
T10379,Cellular Mechanics and Interactions,137,171,34,0.0007,0.0009,0.02
T10645,Cardiac Arrest and Resuscitation,164,143,-21,0.0008,0.0007,-0.01
T10285,Venous Thromboembolism Diagnosis and Management,154,153,-1,0.0008,0.0008,-0.0
T10378,Advanced MRI Techniques and Applications,144,162,18,0.0007,0.0008,0.01
T10105,Osteoarthritis Treatment and Mechanisms,157,149,-8,0.0008,0.0008,-0.0
T10322,Respiratory Support and Mechanisms,147,159,12,0.0007,0.0008,0.01
T11120,Nonprofit Sector and Volunteering,107,198,91,0.0005,0.001,0.05
T10926,Peripheral Artery Disease Management,157,147,-10,0.0008,0.0007,-0.0
T10994,"Terrorism, Counterterrorism, and Political Violence",138,166,28,0.0007,0.0008,0.01
T12616,Religious Education and Schools,178,124,-54,0.0009,0.0006,-0.03
T12308,Mental Health and Psychiatry,187,114,-73,0.0009,0.0006,-0.04
T11464,Homelessness and Social Issues,203,98,-105,0.001,0.0005,-0.05
T10978,Prenatal Screening and Diagnostics,156,142,-14,0.0008,0.0007,-0.01
T11168,International Development and Aid,180,118,-62,0.0009,0.0006,-0.03
T10552,Colorectal Cancer Screening and Detection,150,148,-2,0.0008,0.0008,-0.0
T10981,Cytomegalovirus and herpesvirus research,177,120,-57,0.0009,0.0006,-0.03
T11244,Climate Change and Health Impacts,200,96,-104,0.001,0.0005,-0.05
T10303,Photosynthetic Processes and Mechanisms,181,115,-66,0.0009,0.0006,-0.03
T10965,Geological formations and processes,111,185,74,0.0006,0.0009,0.04
T10003,Innovation and Knowledge Management,159,135,-24,0.0008,0.0007,-0.01
T10108,Electoral Systems and Political Participation,93,201,108,0.0005,0.001,0.06
T10376,Suicide and Self-Harm Studies,126,167,41,0.0006,0.0008,0.02
T13636,Pentecostalism and Christianity Studies,113,180,67,0.0006,0.0009,0.03
T11382,Fluid Dynamics and Heat Transfer,93,199,106,0.0005,0.001,0.05
T10192,Catalytic Processes in Materials Science,190,100,-90,0.001,0.0005,-0.05
T10977,Optical Imaging and Spectroscopy Techniques,140,150,10,0.0007,0.0008,0.01
T10644,Cryospheric studies and observations,151,138,-13,0.0008,0.0007,-0.01
T11968,High Altitude and Hypoxia,147,141,-6,0.0007,0.0007,-0.0
T11477,"Epistemology, Ethics, and Metaphysics",95,193,98,0.0005,0.001,0.05
T10218,Sepsis Diagnosis and Treatment,148,139,-9,0.0007,0.0007,-0.0
T10489,Regulation of Appetite and Obesity,71,215,144,0.0004,0.0011,0.07
T10089,Avian ecology and behavior,150,135,-15,0.0008,0.0007,-0.01
T10404,Enzyme Catalysis and Immobilization,99,186,87,0.0005,0.0009,0.04
T11421,Labor Movements and Unions,162,122,-40,0.0008,0.0006,-0.02
T12032,Multisensory perception and integration,141,143,2,0.0007,0.0007,0.0
T10350,Electronic Health Records Systems,96,186,90,0.0005,0.0009,0.05
T10172,Cardiac Valve Diseases and Treatments,134,148,14,0.0007,0.0008,0.01
T10008,Teacher Education and Leadership Studies,123,159,36,0.0006,0.0008,0.02
T11732,Assisted Reproductive Technology and Twin Pregnancy,151,131,-20,0.0008,0.0007,-0.01
T10300,Congenital Heart Disease Studies,127,154,27,0.0006,0.0008,0.01
T10096,Metal-Organic Frameworks: Synthesis and Applications,150,130,-20,0.0008,0.0007,-0.01
T10785,Economic Theory and Institutions,171,109,-62,0.0009,0.0006,-0.03
T10600,Reproductive Health and Contraception,103,176,73,0.0005,0.0009,0.04
T12443,Delphi Technique in Research,166,113,-53,0.0008,0.0006,-0.03
T10811,Hydrogen Storage and Materials,102,177,75,0.0005,0.0009,0.04
T11091,Extraction and Separation Processes,145,134,-11,0.0007,0.0007,-0.01
T10408,Chronic Kidney Disease and Diabetes,106,172,66,0.0005,0.0009,0.03
T10073,Hepatocellular Carcinoma Treatment and Prognosis,147,131,-16,0.0007,0.0007,-0.01
T11497,Interprofessional Education and Collaboration,184,93,-91,0.0009,0.0005,-0.05
T11229,Genetics and Plant Breeding,92,184,92,0.0005,0.0009,0.05
T10209,Global Maternal and Child Health,177,98,-79,0.0009,0.0005,-0.04
T11048,Bacteriophages and microbial interactions,177,97,-80,0.0009,0.0005,-0.04
T10418,Pelvic floor disorders treatments,160,114,-46,0.0008,0.0006,-0.02
T10496,Pharmaceutical Practices and Patient Outcomes,164,110,-54,0.0008,0.0006,-0.03
T10433,Carcinogens and Genotoxicity Assessment,98,175,77,0.0005,0.0009,0.04
T10380,Intimate Partner and Family Violence,128,143,15,0.0006,0.0007,0.01
T10272,Mental Health Treatment and Access,125,146,21,0.0006,0.0007,0.01
T10827,Patient-Provider Communication in Healthcare,113,157,44,0.0006,0.0008,0.02
T11391,Theatre and Performance Studies,92,178,86,0.0005,0.0009,0.04
T11379,Rheology and Fluid Dynamics Studies,115,154,39,0.0006,0.0008,0.02
T11617,Enzyme Production and Characterization,162,107,-55,0.0008,0.0005,-0.03
T10429,EEG and Brain-Computer Interfaces,166,103,-63,0.0008,0.0005,-0.03
T10158,Cancer Immunotherapy and Biomarkers,129,137,8,0.0007,0.0007,0.0
T10044,Protein Structure and Dynamics,70,196,126,0.0004,0.001,0.06
T10497,Fungal and yeast genetics research,73,193,120,0.0004,0.001,0.06
T10196,Pain Mechanisms and Treatments,133,133,0,0.0007,0.0007,0.0
T10821,Cardiovascular Function and Risk Factors,137,128,-9,0.0007,0.0007,-0.0
T10253,Sarcoma Diagnosis and Treatment,125,140,15,0.0006,0.0007,0.01
T11928,Genetic Syndromes and Imprinting,161,104,-57,0.0008,0.0005,-0.03
T11764,Evolution and Genetic Dynamics,112,153,41,0.0006,0.0008,0.02
T11094,Face Recognition and Perception,140,125,-15,0.0007,0.0006,-0.01
T11975,Evolutionary Algorithms and Applications,139,126,-13,0.0007,0.0006,-0.01
T13457,"Dental Education, Practice, Research",176,89,-87,0.0009,0.0005,-0.04
T10087,Archaeology and ancient environmental studies,116,148,32,0.0006,0.0008,0.02
T10713,Structural Load-Bearing Analysis,120,144,24,0.0006,0.0007,0.01
T11159,Manufacturing Process and Optimization,169,94,-75,0.0009,0.0005,-0.04
T12339,Medical Malpractice and Liability Issues,179,84,-95,0.0009,0.0004,-0.05
T11126,Metallurgical Processes and Thermodynamics,95,167,72,0.0005,0.0008,0.04
T10217,Cardiac electrophysiology and arrhythmias,112,150,38,0.0006,0.0008,0.02
T10176,Mesenchymal stem cell research,145,116,-29,0.0007,0.0006,-0.01
T11287,Cancer Genomics and Diagnostics,143,116,-27,0.0007,0.0006,-0.01
T10498,Migraine and Headache Studies,121,138,17,0.0006,0.0007,0.01
T10646,Experimental Behavioral Economics Studies,124,134,10,0.0006,0.0007,0.01
T11285,Hearing Impairment and Communication,164,94,-70,0.0008,0.0005,-0.04
T10294,Cell death mechanisms and regulation,90,168,78,0.0005,0.0009,0.04
T11956,Sexual Differentiation and Disorders,131,126,-5,0.0007,0.0006,-0.0
T10631,"Cancer, Hypoxia, and Metabolism",166,91,-75,0.0008,0.0005,-0.04
T11541,Neuroendocrine regulation and behavior,183,73,-110,0.0009,0.0004,-0.06
T14469,Renaissance Literature and Culture,34,222,188,0.0002,0.0011,0.1
T11585,Exercise and Physiological Responses,137,119,-18,0.0007,0.0006,-0.01
T10669,Freshwater macroinvertebrate diversity and ecology,92,163,71,0.0005,0.0008,0.04
T10266,Plant Water Relations and Carbon Dynamics,133,122,-11,0.0007,0.0006,-0.01
T10617,Cellular transport and secretion,124,130,6,0.0006,0.0007,0.0
T10315,Decision-Making and Behavioral Economics,97,157,60,0.0005,0.0008,0.03
T11467,Trauma and Emergency Care Studies,131,122,-9,0.0007,0.0006,-0.0
T10409,Fuel Cells and Related Materials,116,137,21,0.0006,0.0007,0.01
T12081,Aerodynamics and Fluid Dynamics Research,130,123,-7,0.0007,0.0006,-0.0
T10345,Hematopoietic Stem Cell Transplantation,71,181,110,0.0004,0.0009,0.06
T11354,Evolution and Paleontology Studies,140,111,-29,0.0007,0.0006,-0.01
T10390,Ovarian function and disorders,136,115,-21,0.0007,0.0006,-0.01
T10625,Herpesvirus Infections and Treatments,120,130,10,0.0006,0.0007,0.01
T14109,Scottish History and National Identity,225,25,-200,0.0011,0.0001,-0.1
T10168,COVID-19 and Mental Health,142,108,-34,0.0007,0.0005,-0.02
T10227,Acute Ischemic Stroke Management,124,125,1,0.0006,0.0006,0.0
T10614,Transcranial Magnetic Stimulation Studies,107,140,33,0.0005,0.0007,0.02
T10142,Formal Methods in Verification,127,120,-7,0.0006,0.0006,-0.0
T13944,Psychiatric care and mental health services,96,151,55,0.0005,0.0008,0.03
T10854,Bipolar Disorder and Treatment,97,150,53,0.0005,0.0008,0.03
T11663,Viral Infectious Diseases and Gene Expression in Insects,141,106,-35,0.0007,0.0005,-0.02
T10848,Advanced Multi-Objective Optimization Algorithms,132,114,-18,0.0007,0.0006,-0.01
T10297,Philosophical Ethics and Theory,57,189,132,0.0003,0.001,0.07
T10814,Neuropeptides and Animal Physiology,125,121,-4,0.0006,0.0006,-0.0
T10291,Dialysis and Renal Disease Management,133,112,-21,0.0007,0.0006,-0.01
T10302,Fish Ecology and Management Studies,175,69,-106,0.0009,0.0004,-0.05
T12608,Spatial Neglect and Hemispheric Dysfunction,135,109,-26,0.0007,0.0006,-0.01
T10759,Translation Studies and Practices,82,162,80,0.0004,0.0008,0.04
T12266,Byzantine Studies and History,122,122,0,0.0006,0.0006,0.0
T11029,Renal Diseases and Glomerulopathies,102,140,38,0.0005,0.0007,0.02
T10318,Criminal Justice and Corrections Analysis,153,89,-64,0.0008,0.0005,-0.03
T10620,Protease and Inhibitor Mechanisms,157,85,-72,0.0008,0.0004,-0.04
T10607,Magnetic and transport properties of perovskites and related materials,111,131,20,0.0006,0.0007,0.01
T10385,Plant Diversity and Evolution,120,121,1,0.0006,0.0006,0.0
T11371,Wind and Air Flow Studies,119,122,3,0.0006,0.0006,0.0
T10239,Urban Planning and Governance,74,167,93,0.0004,0.0008,0.05
T11725,Immunodeficiency and Autoimmune Disorders,130,111,-19,0.0007,0.0006,-0.01
T10276,Helicobacter pylori-related gastroenterology studies,130,110,-20,0.0007,0.0006,-0.01
T10374,Advanced Graph Theory Research,129,111,-18,0.0007,0.0006,-0.01
T10574,Crime Patterns and Interventions,113,127,14,0.0006,0.0006,0.01
T10182,Child and Adolescent Psychosocial and Emotional Development,166,74,-92,0.0008,0.0004,-0.05
T10593,Bacterial biofilms and quorum sensing,89,151,62,0.0005,0.0008,0.03
T11389,Maternal and fetal healthcare,124,116,-8,0.0006,0.0006,-0.0
T10941,Musicology and Musical Analysis,105,134,29,0.0005,0.0007,0.01
T10107,Ferroelectric and Piezoelectric Materials,105,134,29,0.0005,0.0007,0.01
T10115,Corporate Social Responsibility Reporting,96,142,46,0.0005,0.0007,0.02
T12202,nanoparticles nucleation surface interactions,189,48,-141,0.001,0.0002,-0.07
T10570,Drug Transport and Resistance Mechanisms,154,83,-71,0.0008,0.0004,-0.04
T10756,Estrogen and related hormone effects,125,112,-13,0.0006,0.0006,-0.01
T11507,Religion and Society Interactions,122,115,-7,0.0006,0.0006,-0.0
T11442,Titanium Alloys Microstructure and Properties,99,138,39,0.0005,0.0007,0.02
T10626,High-Temperature Coating Behaviors,111,126,15,0.0006,0.0006,0.01
T10316,Sleep and related disorders,88,148,60,0.0004,0.0008,0.03
T10356,Orthodontics and Dentofacial Orthopedics,92,144,52,0.0005,0.0007,0.03
T10897,Antibiotic Use and Resistance,104,132,28,0.0005,0.0007,0.01
T11141,Childhood Cancer Survivors' Quality of Life,162,74,-88,0.0008,0.0004,-0.04
T10034,"Syntax, Semantics, Linguistic Variation",51,185,134,0.0003,0.0009,0.07
T11816,Nursing Roles and Practices,109,127,18,0.0006,0.0006,0.01
T11216,Radiation Detection and Scintillator Technologies,76,159,83,0.0004,0.0008,0.04
T11011,Frailty in Older Adults,136,99,-37,0.0007,0.0005,-0.02
T10873,Bacterial Infections and Vaccines,110,125,15,0.0006,0.0006,0.01
T10788,Neuroscience and Music Perception,110,124,14,0.0006,0.0006,0.01
T14475,History of Science and Medicine,62,171,109,0.0003,0.0009,0.06
T10155,Nitric Oxide and Endothelin Effects,131,102,-29,0.0007,0.0005,-0.01
T10706,Traumatic Brain Injury and Neurovascular Disturbances,128,105,-23,0.0006,0.0005,-0.01
T11682,Advanced Condensed Matter Physics,142,91,-51,0.0007,0.0005,-0.03
T11542,Behavioral Health and Interventions,146,86,-60,0.0007,0.0004,-0.03
T12192,Polysaccharides Composition and Applications,84,148,64,0.0004,0.0008,0.03
T12039,Electron and X-Ray Spectroscopy Techniques,126,106,-20,0.0006,0.0005,-0.01
T11037,Fungal Infections and Studies,117,115,-2,0.0006,0.0006,-0.0
T13710,European and International Law Studies,140,91,-49,0.0007,0.0005,-0.02
T12982,Legal principles and applications,137,94,-43,0.0007,0.0005,-0.02
T10773,Extracellular vesicles in disease,121,110,-11,0.0006,0.0006,-0.01
T10145,Consumer Behavior in Brand Consumption and Identification,135,95,-40,0.0007,0.0005,-0.02
T10568,Thermodynamic and Exergetic Analyses of Power and Cooling Systems,111,119,8,0.0006,0.0006,0.0
T13456,"Religion, Society, and Development",188,42,-146,0.001,0.0002,-0.07
T11095,Emergency and Acute Care Studies,106,124,18,0.0005,0.0006,0.01
T10699,Primate Behavior and Ecology,115,115,0,0.0006,0.0006,0.0
T11431,Action Observation and Synchronization,135,94,-41,0.0007,0.0005,-0.02
T11028,Social Work Education and Practice,106,123,17,0.0005,0.0006,0.01
T10493,Ion channel regulation and function,123,106,-17,0.0006,0.0005,-0.01
T11930,"Cardiac, Anesthesia and Surgical Outcomes",188,41,-147,0.001,0.0002,-0.07
T10663,Advanced Battery Technologies Research,137,92,-45,0.0007,0.0005,-0.02
T11971,"World Wars: History, Literature, and Impact",62,166,104,0.0003,0.0008,0.05
T11863,"Gender, Security, and Conflict",122,106,-16,0.0006,0.0005,-0.01
T10364,Reproductive Biology and Fertility,111,116,5,0.0006,0.0006,0.0
T10516,Parathyroid Disorders and Treatments,100,127,27,0.0005,0.0006,0.01
T11376,Geriatric Care and Nursing Homes,114,113,-1,0.0006,0.0006,-0.0
T11744,Health Sciences Research and Education,111,115,4,0.0006,0.0006,0.0
T12961,Regional Development and Policy,155,71,-84,0.0008,0.0004,-0.04
T10394,Lipoproteins and Cardiovascular Health,112,113,1,0.0006,0.0006,0.0
T10919,Neurological disorders and treatments,125,100,-25,0.0006,0.0005,-0.01
T10694,Menopause: Health Impacts and Treatments,97,128,31,0.0005,0.0007,0.02
T10071,Bone health and osteoporosis research,89,135,46,0.0005,0.0007,0.02
T11879,Protist diversity and phylogeny,103,120,17,0.0005,0.0006,0.01
T10211,Computational Drug Discovery Methods,115,107,-8,0.0006,0.0005,-0.0
T11597,"Neutrophil, Myeloperoxidase and Oxidative Mechanisms",116,106,-10,0.0006,0.0005,-0.0
T10033,Concrete and Cement Materials Research,118,103,-15,0.0006,0.0005,-0.01
T12168,Health and Medical Research Impacts,112,109,-3,0.0006,0.0006,-0.0
T10833,Vaccine Coverage and Hesitancy,105,115,10,0.0005,0.0006,0.01
T10070,Political Conflict and Governance,98,121,23,0.0005,0.0006,0.01
T10439,Climate change impacts on agriculture,91,128,37,0.0005,0.0007,0.02
T11510,Reproductive System and Pregnancy,111,108,-3,0.0006,0.0005,-0.0
T12115,Genetic and Environmental Crop Studies,112,107,-5,0.0006,0.0005,-0.0
T10167,Influenza Virus Research Studies,106,112,6,0.0005,0.0006,0.0
T10554,Hemoglobinopathies and Related Disorders,115,103,-12,0.0006,0.0005,-0.01
T11368,Long-Term Effects of COVID-19,118,100,-18,0.0006,0.0005,-0.01
T11937,Research Data Management Practices,68,150,82,0.0003,0.0008,0.04
T11003,Disability Rights and Representation,75,143,68,0.0004,0.0007,0.03
T10366,Discourse Analysis in Language Studies,86,132,46,0.0004,0.0007,0.02
T11064,Antiplatelet Therapy and Cardiovascular Diseases,101,116,15,0.0005,0.0006,0.01
T11334,Psychosomatic Disorders and Their Treatments,124,92,-32,0.0006,0.0005,-0.02
T10762,"Migration, Health and Trauma",156,60,-96,0.0008,0.0003,-0.05
T10733,Wheat and Barley Genetics and Pathology,102,113,11,0.0005,0.0006,0.01
T11721,Blood properties and coagulation,98,117,19,0.0005,0.0006,0.01
T10798,Crystallography and molecular interactions,98,117,19,0.0005,0.0006,0.01
T10334,"Hearing, Cochlea, Tinnitus, Genetics",86,129,43,0.0004,0.0007,0.02
T10411,Proteins in Food Systems,74,141,67,0.0004,0.0007,0.03
T10783,Additive Manufacturing and 3D Printing Technologies,124,90,-34,0.0006,0.0005,-0.02
T11163,Organ Donation and Transplantation,103,111,8,0.0005,0.0006,0.0
T11468,Genetic Mapping and Diversity in Plants and Animals,97,117,20,0.0005,0.0006,0.01
T11156,Reproductive Health and Technologies,107,106,-1,0.0005,0.0005,-0.0
T10924,Cardiovascular Health and Disease Prevention,99,114,15,0.0005,0.0006,0.01
T11410,Cultural Industries and Urban Development,143,69,-74,0.0007,0.0004,-0.04
T11027,Metabolism and Genetic Disorders,145,66,-79,0.0007,0.0003,-0.04
T10564,Wastewater Treatment and Nitrogen Removal,111,100,-11,0.0006,0.0005,-0.01
T10335,Colorectal Cancer Surgical Treatments,105,106,1,0.0005,0.0005,0.0
T11348,Celiac Disease Research and Management,97,114,17,0.0005,0.0006,0.01
T10793,Diabetes Management and Education,115,96,-19,0.0006,0.0005,-0.01
T10546,Higher Education Governance and Development,80,130,50,0.0004,0.0007,0.03
T10298,Urban Transport and Accessibility,135,75,-60,0.0007,0.0004,-0.03
T10556,Global Cancer Incidence and Screening,104,106,2,0.0005,0.0005,0.0
T10483,Nerve injury and regeneration,105,105,0,0.0005,0.0005,0.0
T10340,Hepatitis B Virus Studies,101,108,7,0.0005,0.0005,0.0
T10673,Gestational Diabetes Research and Management,113,95,-18,0.0006,0.0005,-0.01
T10653,Robot Manipulation and Learning,92,115,23,0.0005,0.0006,0.01
T10325,Astro and Planetary Science,129,78,-51,0.0007,0.0004,-0.03
T11629,"Birth, Development, and Health",148,58,-90,0.0007,0.0003,-0.05
T11369,Genetic factors in colorectal cancer,115,90,-25,0.0006,0.0005,-0.01
T11300,Global Educational Policies and Reforms,115,90,-25,0.0006,0.0005,-0.01
T10748,Growth Hormone and Insulin-like Growth Factors,114,91,-23,0.0006,0.0005,-0.01
T10359,Dental Implant Techniques and Outcomes,113,92,-21,0.0006,0.0005,-0.01
T10174,Animal Behavior and Reproduction,80,125,45,0.0004,0.0006,0.02
T12666,Historical Psychiatry and Medical Practices,86,119,33,0.0004,0.0006,0.02
T11537,Ethics in medical practice,160,44,-116,0.0008,0.0002,-0.06
T10232,Optical Network Technologies,106,98,-8,0.0005,0.0005,-0.0
T10221,Composite Structure Analysis and Optimization,104,100,-4,0.0005,0.0005,-0.0
T11124,Protein purification and stability,70,134,64,0.0004,0.0007,0.03
T11842,Ultrasound and Cavitation Phenomena,108,95,-13,0.0005,0.0005,-0.01
T10661,biodegradable polymer synthesis and properties,120,83,-37,0.0006,0.0004,-0.02
T10725,RNA Interference and Gene Delivery,117,85,-32,0.0006,0.0004,-0.02
T11185,Integrated Energy Systems Optimization,74,127,53,0.0004,0.0006,0.03
T10604,RNA Research and Splicing,119,82,-37,0.0006,0.0004,-0.02
T13370,Diverse Scientific and Economic Studies,201,0,-201,0.001,0.0,-0.1
T10794,Islamic Studies and History,141,60,-81,0.0007,0.0003,-0.04
T11336,Energy and Environment Impacts,119,82,-37,0.0006,0.0004,-0.02
T10452,Iron Metabolism and Disorders,95,105,10,0.0005,0.0005,0.01
T10240,Plant tissue culture and regeneration,115,85,-30,0.0006,0.0004,-0.02
T10137,Multiple Sclerosis Research Studies,90,109,19,0.0005,0.0006,0.01
T10632,Housing Market and Economics,89,110,21,0.0005,0.0006,0.01
T10235,Health disparities and outcomes,135,63,-72,0.0007,0.0003,-0.04
T10131,Gold and Silver Nanoparticles Synthesis and Applications,89,108,19,0.0005,0.0005,0.01
T11288,Clostridium difficile and Clostridium perfringens research,111,86,-25,0.0006,0.0004,-0.01
T10539,Sustainable Supply Chain Management,103,94,-9,0.0005,0.0005,-0.0
T10973,Radioactive element chemistry and processing,119,78,-41,0.0006,0.0004,-0.02
T10880,Environmental Sustainability in Business,96,101,5,0.0005,0.0005,0.0
T11743,Political Economy and Marxism,96,100,4,0.0005,0.0005,0.0
T12454,European Political History Analysis,106,90,-16,0.0005,0.0005,-0.01
T11014,Regional Economics and Spatial Analysis,61,135,74,0.0003,0.0007,0.04
T10398,Groundwater and Isotope Geochemistry,91,105,14,0.0005,0.0005,0.01
T11457,Adipose Tissue and Metabolism,155,41,-114,0.0008,0.0002,-0.06
T10654,Pneumonia and Respiratory Infections,100,96,-4,0.0005,0.0005,-0.0
T11742,Economic Theory and Policy,97,98,1,0.0005,0.0005,0.0
T11162,Enzyme Structure and Function,67,128,61,0.0003,0.0007,0.03
T10435,Environmental Impact and Sustainability,87,108,21,0.0004,0.0005,0.01
T10883,Ethics and Social Impacts of AI,88,107,19,0.0004,0.0005,0.01
T10950,Acute Lymphoblastic Leukemia research,100,95,-5,0.0005,0.0005,-0.0
T12664,Clinical practice guidelines implementation,112,82,-30,0.0006,0.0004,-0.02
T10329,Thyroid Cancer Diagnosis and Treatment,93,101,8,0.0005,0.0005,0.0
T10360,Fluid Dynamics and Turbulent Flows,94,100,6,0.0005,0.0005,0.0
T10925,Spinal Cord Injury Research,94,100,6,0.0005,0.0005,0.0
T11109,Thermoregulation and physiological responses,98,96,-2,0.0005,0.0005,-0.0
T10140,Food composition and properties,86,108,22,0.0004,0.0005,0.01
T12547,Pharmaceutical studies and practices,114,80,-34,0.0006,0.0004,-0.02
T11642,Genomics and Rare Diseases,102,91,-11,0.0005,0.0005,-0.01
T10914,Tactile and Sensory Interactions,99,92,-7,0.0005,0.0005,-0.0
T10371,Immune Response and Inflammation,118,73,-45,0.0006,0.0004,-0.02
T10270,Blockchain Technology Applications and Security,103,88,-15,0.0005,0.0004,-0.01
T13177,Geological and Geophysical Studies,40,151,111,0.0002,0.0008,0.06
T10949,Genetic Neurodegenerative Diseases,100,90,-10,0.0005,0.0005,-0.0
T12267,Diet and metabolism studies,179,11,-168,0.0009,0.0001,-0.09
T10250,Glaucoma and retinal disorders,87,103,16,0.0004,0.0005,0.01
T11461,Local Government Finance and Decentralization,91,99,8,0.0005,0.0005,0.0
T12263,Peacebuilding and International Security,78,111,33,0.0004,0.0006,0.02
T10790,Heavy Metal Exposure and Toxicity,70,119,49,0.0004,0.0006,0.03
T10012,Genetic diversity and population structure,85,104,19,0.0004,0.0005,0.01
T11080,Surgical site infection prevention,89,100,11,0.0005,0.0005,0.01
T12398,Poetry Analysis and Criticism,49,139,90,0.0002,0.0007,0.05
T10521,RNA and protein synthesis mechanisms,115,72,-43,0.0006,0.0004,-0.02
T10163,Metal complexes synthesis and properties,108,79,-29,0.0005,0.0004,-0.01
T10718,Political Philosophy and Ethics,109,78,-31,0.0006,0.0004,-0.02
T11434,Electrochemical Analysis and Applications,120,67,-53,0.0006,0.0003,-0.03
T14101,Financial Crisis of the 21st Century,186,0,-186,0.0009,0.0,-0.09
T10365,Gastrointestinal motility and disorders,67,119,52,0.0003,0.0006,0.03
T10866,Nutritional Studies and Diet,77,108,31,0.0004,0.0005,0.02
T10208,Labor market dynamics and wage inequality,64,121,57,0.0003,0.0006,0.03
T13570,Historical Education Studies Worldwide,41,144,103,0.0002,0.0007,0.05
T10665,Cystic Fibrosis Research Advances,99,86,-13,0.0005,0.0004,-0.01
T11446,Mobile Health and mHealth Applications,87,98,11,0.0004,0.0005,0.01
T10857,Advanced Electron Microscopy Techniques and Applications,42,143,101,0.0002,0.0007,0.05
T10930,Flood Risk Assessment and Management,104,80,-24,0.0005,0.0004,-0.01
T10895,Species Distribution and Climate Change,140,44,-96,0.0007,0.0002,-0.05
T11754,SARS-CoV-2 detection and testing,70,114,44,0.0004,0.0006,0.02
T10997,Ocular Surface and Contact Lens,108,76,-32,0.0005,0.0004,-0.02
T10913,Molecular Junctions and Nanostructures,148,35,-113,0.0007,0.0002,-0.06
T10918,Memory Processes and Influences,65,118,53,0.0003,0.0006,0.03
T10391,Healthcare Policy and Management,165,18,-147,0.0008,0.0001,-0.07
T11678,Healthcare Decision-Making and Restraints,90,93,3,0.0005,0.0005,0.0
T12147,Urban and Rural Development Challenges,98,84,-14,0.0005,0.0004,-0.01
T11388,"Grief, Bereavement, and Mental Health",127,55,-72,0.0006,0.0003,-0.04
T10792,Matrix Theory and Algorithms,77,105,28,0.0004,0.0005,0.01
T11380,Child Welfare and Adoption,61,121,60,0.0003,0.0006,0.03
T10912,Telemedicine and Telehealth Implementation,73,109,36,0.0004,0.0006,0.02
T10402,Phase Equilibria and Thermodynamics,85,97,12,0.0004,0.0005,0.01
T10189,Anesthesia and Pain Management,65,116,51,0.0003,0.0006,0.03
T11809,Advanced NMR Techniques and Applications,93,88,-5,0.0005,0.0004,-0.0
T10320,Neural Networks and Applications,103,78,-25,0.0005,0.0004,-0.01
T12091,Peatlands and Wetlands Ecology,86,94,8,0.0004,0.0005,0.0
T13532,Education Systems and Policy,140,40,-100,0.0007,0.0002,-0.05
T11042,Corruption and Economic Development,90,90,0,0.0005,0.0005,0.0
T10512,Orthopaedic implants and arthroplasty,105,74,-31,0.0005,0.0004,-0.02
T13147,Ethics and bioethics in healthcare,1,178,177,0.0,0.0009,0.09
T10382,Quantum and electron transport phenomena,92,87,-5,0.0005,0.0004,-0.0
T10724,Ion Transport and Channel Regulation,74,105,31,0.0004,0.0005,0.02
T12531,Values and Moral Education,59,119,60,0.0003,0.0006,0.03
T10769,BRCA gene mutations in cancer,95,83,-12,0.0005,0.0004,-0.01
T13638,Human auditory perception and evaluation,175,3,-172,0.0009,0.0,-0.09
T12137,Economic theories and models,127,51,-76,0.0006,0.0003,-0.04
T11903,Private Equity and Venture Capital,96,82,-14,0.0005,0.0004,-0.01
T10150,Antifungal resistance and susceptibility,88,90,2,0.0004,0.0005,0.0
T10342,Circadian rhythm and melatonin,75,102,27,0.0004,0.0005,0.01
T10370,Traffic and Road Safety,70,107,37,0.0004,0.0005,0.02
T10771,Wound Healing and Treatments,90,87,-3,0.0005,0.0004,-0.0
T12095,Vehicle emissions and performance,118,59,-59,0.0006,0.0003,-0.03
T10343,"Hydrogels: synthesis, properties, applications",50,127,77,0.0003,0.0006,0.04
T10730,Language Development and Disorders,58,118,60,0.0003,0.0006,0.03
T13144,Theology and Philosophy of Evil,119,57,-62,0.0006,0.0003,-0.03
T11131,Proteoglycans and glycosaminoglycans research,85,91,6,0.0004,0.0005,0.0
T10102,scientometrics and bibliometrics research,67,109,42,0.0003,0.0006,0.02
T10265,Multilingual Education and Policy,96,80,-16,0.0005,0.0004,-0.01
T10349,Migration and Labor Dynamics,111,64,-47,0.0006,0.0003,-0.02
T11397,"Populism, Right-Wing Movements",87,88,1,0.0004,0.0004,0.0
T11138,Tribology and Lubrication Engineering,53,122,69,0.0003,0.0006,0.04
T10292,Acute Myocardial Infarction Research,80,95,15,0.0004,0.0005,0.01
T10086,Alzheimer's disease research and treatments,72,103,31,0.0004,0.0005,0.02
T11146,Hormonal and reproductive studies,121,53,-68,0.0006,0.0003,-0.03
T10532,Molecular Sensors and Ion Detection,113,61,-52,0.0006,0.0003,-0.03
T10867,Intensive Care Unit Cognitive Disorders,95,79,-16,0.0005,0.0004,-0.01
T11047,Gender Diversity and Inequality,101,73,-28,0.0005,0.0004,-0.01
T10592,Fusion materials and technologies,62,112,50,0.0003,0.0006,0.03
T10154,Customer Service Quality and Loyalty,90,84,-6,0.0005,0.0004,-0.0
T10537,Attention Deficit Hyperactivity Disorder,93,81,-12,0.0005,0.0004,-0.01
T11084,Workplace Health and Well-being,84,90,6,0.0004,0.0005,0.0
T10471,Climate Change Policy and Economics,78,96,18,0.0004,0.0005,0.01
T12700,Doping in Sports,83,90,7,0.0004,0.0005,0.0
T11589,Gynecological conditions and treatments,90,83,-7,0.0005,0.0004,-0.0
T10181,Natural Language Processing Techniques,126,47,-79,0.0006,0.0002,-0.04
T10528,"Adipokines, Inflammation, and Metabolic Diseases",84,88,4,0.0004,0.0004,0.0
T12066,Obesity and Health Practices,111,61,-50,0.0006,0.0003,-0.03
T10911,Chemical Synthesis and Analysis,108,64,-44,0.0005,0.0003,-0.02
T10064,Complex Network Analysis Techniques,84,88,4,0.0004,0.0004,0.0
T10234,Obstructive Sleep Apnea Research,90,82,-8,0.0005,0.0004,-0.0
T11207,Alcohol Consumption and Health Effects,86,86,0,0.0004,0.0004,0.0
T11532,Chemokine receptors and signaling,77,94,17,0.0004,0.0005,0.01
T11314,Clinical Laboratory Practices and Quality Control,42,129,87,0.0002,0.0007,0.04
T10569,Bariatric Surgery and Outcomes,88,83,-5,0.0004,0.0004,-0.0
T12873,"Nutrition, Health and Food Behavior",8,163,155,0.0,0.0008,0.08
T10591,Theoretical and Computational Physics,90,81,-9,0.0005,0.0004,-0.0
T10945,Lysosomal Storage Disorders Research,80,91,11,0.0004,0.0005,0.01
T11463,Classical Philosophy and Thought,84,87,3,0.0004,0.0004,0.0
T12847,Healthcare Systems and Challenges,104,66,-38,0.0005,0.0003,-0.02
T11915,Pickering emulsions and particle stabilization,133,37,-96,0.0007,0.0002,-0.05
T10170,Retinal Diseases and Treatments,79,91,12,0.0004,0.0005,0.01
T12909,French Historical and Cultural Studies,97,72,-25,0.0005,0.0004,-0.01
T11587,Second Language Acquisition and Learning,79,90,11,0.0004,0.0005,0.01
T14005,Eastern European Communism and Reforms,132,37,-95,0.0007,0.0002,-0.05
T11313,Immune cells in cancer,101,68,-33,0.0005,0.0003,-0.02
T10825,Plant Pathogens and Fungal Diseases,91,78,-13,0.0005,0.0004,-0.01
T11548,Sexual Assault and Victimization Studies,78,91,13,0.0004,0.0005,0.01
T11486,Micro and Nano Robotics,91,77,-14,0.0005,0.0004,-0.01
T11981,Qualitative Research Methods and Ethics,61,107,46,0.0003,0.0005,0.02
T10808,Electric and Hybrid Vehicle Technologies,57,111,54,0.0003,0.0006,0.03
T14212,Health Promotion and Cardiovascular Prevention,58,109,51,0.0003,0.0006,0.03
T11474,Sport and Mega-Event Impacts,119,48,-71,0.0006,0.0002,-0.04
T10609,Digital Marketing and Social Media,99,68,-31,0.0005,0.0003,-0.02
T12281,Animal testing and alternatives,71,96,25,0.0004,0.0005,0.01
T11311,Soil and Water Nutrient Dynamics,99,67,-32,0.0005,0.0003,-0.02
T10778,Philosophy and History of Science,81,85,4,0.0004,0.0004,0.0
T11948,Machine Learning in Materials Science,81,85,4,0.0004,0.0004,0.0
T10543,Prostate Cancer Treatment and Research,78,88,10,0.0004,0.0004,0.01
T12823,Adolescent and Pediatric Healthcare,109,57,-52,0.0006,0.0003,-0.03
T10503,Global Financial Crisis and Policies,95,71,-24,0.0005,0.0004,-0.01
T10419,Pharmaceutical and Antibiotic Environmental Impacts,82,83,1,0.0004,0.0004,0.0
T13470,Surface Treatment and Coatings,7,158,151,0.0,0.0008,0.08
T11654,Advanced Mathematical Physics Problems,84,81,-3,0.0004,0.0004,-0.0
T12619,Political Systems and Governance,96,69,-27,0.0005,0.0004,-0.01
T11022,Spectral Theory in Mathematical Physics,66,98,32,0.0003,0.0005,0.02
T11731,Global Health and Surgery,92,72,-20,0.0005,0.0004,-0.01
T12646,Inorganic Fluorides and Related Compounds,121,43,-78,0.0006,0.0002,-0.04
T13447,Educational and Psychological Assessments,124,40,-84,0.0006,0.0002,-0.04
T11407,Innovative Microfluidic and Catalytic Techniques Innovation,106,58,-48,0.0005,0.0003,-0.02
T11964,Pregnancy and Medication Impact,78,86,8,0.0004,0.0004,0.0
T10589,Early Childhood Education and Development,97,66,-31,0.0005,0.0003,-0.02
T10016,Adsorption and biosorption for pollutant removal,61,102,41,0.0003,0.0005,0.02
T11176,Radiation Therapy and Dosimetry,95,68,-27,0.0005,0.0003,-0.01
T11169,Silicon Nanostructures and Photoluminescence,84,78,-6,0.0004,0.0004,-0.0
T10985,Sleep and Wakefulness Research,98,64,-34,0.0005,0.0003,-0.02
T10088,Thermochemical Biomass Conversion Processes,74,88,14,0.0004,0.0004,0.01
T10284,Anaerobic Digestion and Biogas Production,55,107,52,0.0003,0.0005,0.03
T12208,Occupational exposure and asthma,81,80,-1,0.0004,0.0004,-0.0
T10353,Zeolite Catalysis and Synthesis,63,98,35,0.0003,0.0005,0.02
T10572,Geophysical and Geoelectrical Methods,89,72,-17,0.0005,0.0004,-0.01
T11465,Drug-Induced Hepatotoxicity and Protection,86,75,-11,0.0004,0.0004,-0.01
T10410,COVID-19 epidemiological studies,101,60,-41,0.0005,0.0003,-0.02
T11859,Educator Training and Historical Pedagogy,126,35,-91,0.0006,0.0002,-0.05
T11030,Scoliosis diagnosis and treatment,78,83,5,0.0004,0.0004,0.0
T12120,Air Quality Monitoring and Forecasting,91,69,-22,0.0005,0.0004,-0.01
T11177,Spectroscopy and Quantum Chemical Studies,85,75,-10,0.0004,0.0004,-0.0
T10156,"LGBTQ Health, Identity, and Policy",73,85,12,0.0004,0.0004,0.01
T11959,Employment and Welfare Studies,135,23,-112,0.0007,0.0001,-0.06
T10657,Topological Materials and Phenomena,74,84,10,0.0004,0.0004,0.01
T10195,Antimicrobial Resistance in Staphylococcus,85,73,-12,0.0004,0.0004,-0.01
T12768,Linguistics and language evolution,80,77,-3,0.0004,0.0004,-0.0
T12752,Global Peace and Security Dynamics,128,29,-99,0.0006,0.0001,-0.05
T10494,Plant Virus Research Studies,93,64,-29,0.0005,0.0003,-0.01
T10287,Algebraic structures and combinatorial models,102,55,-47,0.0005,0.0003,-0.02
T10392,Cutaneous Melanoma Detection and Management,81,76,-5,0.0004,0.0004,-0.0
T12166,Ion-surface interactions and analysis,68,88,20,0.0003,0.0004,0.01
T11943,Pharmacovigilance and Adverse Drug Reactions,65,91,26,0.0003,0.0005,0.01
T11760,Plant responses to elevated CO2,78,78,0,0.0004,0.0004,0.0
T10855,Amyotrophic Lateral Sclerosis Research,80,76,-4,0.0004,0.0004,-0.0
T10841,Economic and Environmental Valuation,77,79,2,0.0004,0.0004,0.0
T10076,Plant-Microbe Interactions and Immunity,55,101,46,0.0003,0.0005,0.02
T10184,Plant Molecular Biology Research,74,81,7,0.0004,0.0004,0.0
T12010,Evaluation and Performance Assessment,80,75,-5,0.0004,0.0004,-0.0
T10858,Clinical Nutrition and Gastroenterology,67,88,21,0.0003,0.0004,0.01
T10487,Plant and animal studies,144,11,-133,0.0007,0.0001,-0.07
T11647,Workplace Violence and Bullying,59,96,37,0.0003,0.0005,0.02
T10525,Human-Automation Interaction and Safety,90,65,-25,0.0005,0.0003,-0.01
T11359,Effects of Radiation Exposure,36,119,83,0.0002,0.0006,0.04
T13332,"Historical Studies on Reproduction, Gender, Health, and Societal Changes",111,44,-67,0.0006,0.0002,-0.03
T11786,Geomagnetism and Paleomagnetism Studies,80,75,-5,0.0004,0.0004,-0.0
T10542,Vestibular and auditory disorders,103,51,-52,0.0005,0.0003,-0.03
T10299,Photonic and Optical Devices,116,38,-78,0.0006,0.0002,-0.04
T12191,Chemical Reaction Mechanisms,47,107,60,0.0002,0.0005,0.03
T12286,Erythrocyte Function and Pathophysiology,117,37,-80,0.0006,0.0002,-0.04
T10678,Inflammatory mediators and NSAID effects,82,72,-10,0.0004,0.0004,-0.0
T11422,Burn Injury Management and Outcomes,70,84,14,0.0004,0.0004,0.01
T11252,Evolutionary Game Theory and Cooperation,96,58,-38,0.0005,0.0003,-0.02
T10032,Marine and coastal ecosystems,95,59,-36,0.0005,0.0003,-0.02
T10963,Advanced Optimization Algorithms Research,66,88,22,0.0003,0.0004,0.01
T10766,Urban Heat Island Mitigation,83,70,-13,0.0004,0.0004,-0.01
T10314,Social and Intergroup Psychology,67,86,19,0.0003,0.0004,0.01
T10802,Judicial and Constitutional Studies,78,75,-3,0.0004,0.0004,-0.0
T11986,Scientific Computing and Data Management,66,87,21,0.0003,0.0004,0.01
T10934,Heat shock proteins research,71,82,11,0.0004,0.0004,0.01
T10891,Radar Systems and Signal Processing,54,99,45,0.0003,0.0005,0.02
T11114,Service and Product Innovation,78,75,-3,0.0004,0.0004,-0.0
T10588,Mathematical Dynamics and Fractals,65,88,23,0.0003,0.0004,0.01
T10252,Microbial Natural Products and Biosynthesis,65,87,22,0.0003,0.0004,0.01
T11616,Autoimmune and Inflammatory Disorders Research,91,61,-30,0.0005,0.0003,-0.02
T11010,"Logic, Reasoning, and Knowledge",72,80,8,0.0004,0.0004,0.0
T11049,Advanced Harmonic Analysis Research,53,99,46,0.0003,0.0005,0.02
T13516,Publishing and Scholarly Communication,11,141,130,0.0001,0.0007,0.07
T11667,Advanced Chemical Sensor Technologies,128,24,-104,0.0006,0.0001,-0.05
T11038,Advanced SAR Imaging Techniques,54,98,44,0.0003,0.0005,0.02
T11727,Advanced Algebra and Logic,57,95,38,0.0003,0.0005,0.02
T11717,Postcolonial and Cultural Literary Studies,63,88,25,0.0003,0.0004,0.01
T11995,"FinTech, Crowdfunding, Digital Finance",67,84,17,0.0003,0.0004,0.01
T10295,Plasmonic and Surface Plasmon Research,68,83,15,0.0003,0.0004,0.01
T11151,Advanced Topology and Set Theory,81,70,-11,0.0004,0.0004,-0.01
T10082,HIV/AIDS Research and Interventions,61,90,29,0.0003,0.0005,0.01
T10186,Nursing education and management,56,95,39,0.0003,0.0005,0.02
T10916,Surgical Simulation and Training,75,75,0,0.0004,0.0004,0.0
T12285,Surface Chemistry and Catalysis,37,113,76,0.0002,0.0006,0.04
T10932,Microbial Metabolic Engineering and Bioproduction,93,57,-36,0.0005,0.0003,-0.02
T13641,Historical Studies and Socio-cultural Analysis,125,25,-100,0.0006,0.0001,-0.05
T10843,Diversity and Career in Medicine,71,79,8,0.0004,0.0004,0.0
T11609,Geophysical Methods and Applications,81,68,-13,0.0004,0.0003,-0.01
T12602,Medical Education and Admissions,82,67,-15,0.0004,0.0003,-0.01
T10923,Force Microscopy Techniques and Applications,90,59,-31,0.0005,0.0003,-0.02
T11846,Cultural Heritage Management and Preservation,78,71,-7,0.0004,0.0004,-0.0
T11190,3D Printing in Biomedical Research,116,33,-83,0.0006,0.0002,-0.04
T10283,Hearing Loss and Rehabilitation,88,61,-27,0.0004,0.0003,-0.01
T12062,Approximation Theory and Sequence Spaces,52,97,45,0.0003,0.0005,0.02
T11246,Sports injuries and prevention,89,60,-29,0.0005,0.0003,-0.01
T11718,Physical Education and Pedagogy,71,77,6,0.0004,0.0004,0.0
T10675,Mechanical Circulatory Support Devices,73,75,2,0.0004,0.0004,0.0
T10717,Aluminum Alloys Composites Properties,105,43,-62,0.0005,0.0002,-0.03
T10078,Advanced Photocatalysis Techniques,75,73,-2,0.0004,0.0004,-0.0
T13068,Ancient Mediterranean Archaeology and History,75,73,-2,0.0004,0.0004,-0.0
T10596,Child Nutrition and Water Access,88,60,-28,0.0004,0.0003,-0.01
T12917,Astronomy and Astrophysical Research,77,71,-6,0.0004,0.0004,-0.0
T10881,Blood Coagulation and Thrombosis Mechanisms,44,104,60,0.0002,0.0005,0.03
T11808,Superconducting Materials and Applications,43,105,62,0.0002,0.0005,0.03
T10393,Economic Growth and Productivity,73,74,1,0.0004,0.0004,0.0
T10226,Land Use and Ecosystem Services,86,61,-25,0.0004,0.0003,-0.01
T11189,Transplantation: Methods and Outcomes,70,77,7,0.0004,0.0004,0.0
T11290,Preterm Birth and Chorioamnionitis,81,66,-15,0.0004,0.0003,-0.01
T12755,Legal Education and Practice Innovations,94,53,-41,0.0005,0.0003,-0.02
T10193,Coronary Interventions and Diagnostics,66,81,15,0.0003,0.0004,0.01
T10197,Membrane Separation Technologies,72,74,2,0.0004,0.0004,0.0
T13393,Child Nutrition and Feeding Issues,80,66,-14,0.0004,0.0003,-0.01
T11705,Gambling Behavior and Treatments,73,73,0,0.0004,0.0004,0.0
T10238,Spine and Intervertebral Disc Pathology,83,63,-20,0.0004,0.0003,-0.01
T11305,"Amyloidosis: Diagnosis, Treatment, Outcomes",90,56,-34,0.0005,0.0003,-0.02
T10164,Quality and Supply Management,63,83,20,0.0003,0.0004,0.01
T12325,Urban Design and Spatial Analysis,71,75,4,0.0004,0.0004,0.0
T11395,Radiopharmaceutical Chemistry and Applications,59,87,28,0.0003,0.0004,0.01
T12083,Karst Systems and Hydrogeology,69,76,7,0.0003,0.0004,0.0
T11186,Hydrology and Drought Analysis,81,64,-17,0.0004,0.0003,-0.01
T12502,Urbanization and City Planning,129,16,-113,0.0007,0.0001,-0.06
T11384,Critical Race Theory in Education,64,81,17,0.0003,0.0004,0.01
T11090,Dark Matter and Cosmic Phenomena,102,42,-60,0.0005,0.0002,-0.03
T11606,Infrastructure Maintenance and Monitoring,83,61,-22,0.0004,0.0003,-0.01
T10004,Soil Carbon and Nitrogen Dynamics,44,100,56,0.0002,0.0005,0.03
T10092,Organometallic Complex Synthesis and Catalysis,59,85,26,0.0003,0.0004,0.01
T12645,European history and politics,124,20,-104,0.0006,0.0001,-0.05
T11698,Underwater Acoustics Research,77,67,-10,0.0004,0.0003,-0.0
T14386,"Libraries, Manuscripts, and Books",2,142,140,0.0,0.0007,0.07
T11077,Genetic and Clinical Aspects of Sex Determination and Chromosomal Abnormalities,79,64,-15,0.0004,0.0003,-0.01
T10495,Catalysts for Methane Reforming,55,88,33,0.0003,0.0004,0.02
T11807,Infrastructure Resilience and Vulnerability Analysis,53,90,37,0.0003,0.0005,0.02
T10728,Pulmonary Hypertension Research and Treatments,67,76,9,0.0003,0.0004,0.0
T11067,Colorectal Cancer Treatments and Studies,64,79,15,0.0003,0.0004,0.01
T10815,Parasite Biology and Host Interactions,77,66,-11,0.0004,0.0003,-0.01
T11987,COVID-19 Impact on Reproduction,82,61,-21,0.0004,0.0003,-0.01
T10055,Diverse Aspects of Tourism Research,71,72,1,0.0004,0.0004,0.0
T10853,"Anxiety, Depression, Psychometrics, Treatment, Cognitive Processes",54,89,35,0.0003,0.0005,0.02
T12762,Crystallography and Radiation Phenomena,73,70,-3,0.0004,0.0004,-0.0
T11337,Tryptophan and brain disorders,95,47,-48,0.0005,0.0002,-0.02
T10674,School Choice and Performance,69,73,4,0.0003,0.0004,0.0
T10492,Microtubule and mitosis dynamics,66,76,10,0.0003,0.0004,0.01
T10750,Fermentation and Sensory Analysis,78,64,-14,0.0004,0.0003,-0.01
T10870,Interstitial Lung Diseases and Idiopathic Pulmonary Fibrosis,66,75,9,0.0003,0.0004,0.0
T11772,Genetics and Neurodevelopmental Disorders,62,79,17,0.0003,0.0004,0.01
T10991,Game Theory and Voting Systems,54,87,33,0.0003,0.0004,0.02
T10935,Endometriosis Research and Treatment,75,66,-9,0.0004,0.0003,-0.0
T11117,Drug-Induced Adverse Reactions,77,64,-13,0.0004,0.0003,-0.01
T10668,Endometrial and Cervical Cancer Treatments,65,76,11,0.0003,0.0004,0.01
T10780,Reliability and Maintenance Optimization,44,97,53,0.0002,0.0005,0.03
T12170,History and Theory of Mathematics,63,78,15,0.0003,0.0004,0.01
T12520,Psychology of Moral and Emotional Judgment,115,25,-90,0.0006,0.0001,-0.05
T11733,X-ray Spectroscopy and Fluorescence Analysis,82,58,-24,0.0004,0.0003,-0.01
T10597,Nuclear reactor physics and engineering,56,84,28,0.0003,0.0004,0.01
T14302,European Politics and Security,20,120,100,0.0001,0.0006,0.05
T10477,Astrophysics and Star Formation Studies,71,68,-3,0.0004,0.0003,-0.0
T11294,Infant Nutrition and Health,68,71,3,0.0003,0.0004,0.0
T10268,Developmental Biology and Gene Regulation,21,118,97,0.0001,0.0006,0.05
T12736,Criminal Justice and Penology,2,137,135,0.0,0.0007,0.07
T12054,Menstrual Health and Disorders,58,81,23,0.0003,0.0004,0.01
T10381,Ophthalmology and Visual Impairment Studies,54,85,31,0.0003,0.0004,0.02
T12460,Pediatric Hepatobiliary Diseases and Treatments,73,66,-7,0.0004,0.0003,-0.0
T12174,Hospital Admissions and Outcomes,66,72,6,0.0003,0.0004,0.0
T10850,Heat Transfer and Boiling Studies,67,71,4,0.0003,0.0004,0.0
T11401,Minerals Flotation and Separation Techniques,85,53,-32,0.0004,0.0003,-0.02
T11710,Biomedical Text Mining and Ontologies,79,59,-20,0.0004,0.0003,-0.01
T11650,Skin and Cellular Biology Research,61,77,16,0.0003,0.0004,0.01
T10383,"Language, Discourse, Communication Strategies",68,70,2,0.0003,0.0004,0.0
T11506,Children's Rights and Participation,65,73,8,0.0003,0.0004,0.0
T10479,Structural Behavior of Reinforced Concrete,70,68,-2,0.0004,0.0003,-0.0
T10988,Advanced Fiber Laser Technologies,87,50,-37,0.0004,0.0003,-0.02
T11453,Diagnosis and Treatment of Venous Diseases,72,65,-7,0.0004,0.0003,-0.0
T12353,Lexicography and Language Studies,68,69,1,0.0003,0.0004,0.0
T12149,Nanocluster Synthesis and Applications,66,71,5,0.0003,0.0004,0.0
T14128,Metallurgical and Alloy Processes,41,96,55,0.0002,0.0005,0.03
T10732,Laser Material Processing Techniques,57,80,23,0.0003,0.0004,0.01
T11041,Ubiquitin and proteasome pathways,77,59,-18,0.0004,0.0003,-0.01
T10737,Health Literacy and Information Accessibility,53,83,30,0.0003,0.0004,0.02
T10976,Viral gastroenteritis research and epidemiology,85,51,-34,0.0004,0.0003,-0.02
T12974,Modernist Literature and Criticism,31,104,73,0.0002,0.0005,0.04
T11559,Retinoids in leukemia and cellular processes,86,49,-37,0.0004,0.0002,-0.02
T10676,"Genetics, Aging, and Longevity in Model Organisms",56,79,23,0.0003,0.0004,0.01
T10091,Malaria Research and Control,64,71,7,0.0003,0.0004,0.0
T11628,Myeloproliferative Neoplasms: Diagnosis and Treatment,72,63,-9,0.0004,0.0003,-0.0
T11791,Microbial Community Ecology and Physiology,98,36,-62,0.0005,0.0002,-0.03
T11324,Spectroscopy Techniques in Biomedical and Chemical Research,60,74,14,0.0003,0.0004,0.01
T14210,Historical and Linguistic Studies,121,13,-108,0.0006,0.0001,-0.05
T10372,Cardiac Imaging and Diagnostics,72,62,-10,0.0004,0.0003,-0.0
T10482,Mathematical and Theoretical Epidemiology and Ecology Models,32,102,70,0.0002,0.0005,0.04
T10862,AI in cancer detection,56,77,21,0.0003,0.0004,0.01
T10072,Science Education and Pedagogy,34,99,65,0.0002,0.0005,0.03
T10692,Urban Green Space and Health,77,56,-21,0.0004,0.0003,-0.01
T11412,Genetic and Kidney Cyst Diseases,79,54,-25,0.0004,0.0003,-0.01
T10526,HIV/AIDS drug development and treatment,51,82,31,0.0003,0.0004,0.02
T10809,Occupational Health and Safety Research,111,22,-89,0.0006,0.0001,-0.05
T10081,"Auditing, Earnings Management, Governance",73,59,-14,0.0004,0.0003,-0.01
T13645,Thermodynamic and Structural Properties of Metals and Alloys,47,85,38,0.0002,0.0004,0.02
T10869,Polysaccharides and Plant Cell Walls,69,63,-6,0.0003,0.0003,-0.0
T11438,Retinal Imaging and Analysis,72,60,-12,0.0004,0.0003,-0.01
T10207,Advanced biosensing and bioanalysis techniques,100,32,-68,0.0005,0.0002,-0.03
T11472,Analytical Chemistry and Sensors,98,34,-64,0.0005,0.0002,-0.03
T11680,Advanced Algebra and Geometry,66,66,0,0.0003,0.0003,0.0
T11429,Semiconductor Lasers and Optical Devices,61,70,9,0.0003,0.0004,0.0
T10247,Perovskite Materials and Applications,71,60,-11,0.0004,0.0003,-0.01
T11316,Mycobacterium research and diagnosis,113,18,-95,0.0006,0.0001,-0.05
T13883,Child and Adolescent Health,101,30,-71,0.0005,0.0002,-0.04
T12282,Mineral Processing and Grinding,61,70,9,0.0003,0.0004,0.0
T10871,Catalytic Alkyne Reactions,69,62,-7,0.0003,0.0003,-0.0
T11279,Lanthanide and Transition Metal Complexes,71,60,-11,0.0004,0.0003,-0.01
T10063,Nanoparticle-Based Drug Delivery,47,84,37,0.0002,0.0004,0.02
T10519,Advanced Proteomics Techniques and Applications,40,90,50,0.0002,0.0005,0.03
T10795,Healthcare professionals’ stress and burnout,77,53,-24,0.0004,0.0003,-0.01
T11871,Advanced Statistical Methods and Models,73,57,-16,0.0004,0.0003,-0.01
T10583,Cancer-related Molecular Pathways,59,71,12,0.0003,0.0004,0.01
T11213,Genomic variations and chromosomal abnormalities,71,59,-12,0.0004,0.0003,-0.01
T13445,American Constitutional Law and Politics,121,9,-112,0.0006,0.0,-0.06
T11006,BIM and Construction Integration,65,65,0,0.0003,0.0003,0.0
T10545,Optimization and Variational Analysis,54,76,22,0.0003,0.0004,0.01
T10671,Gastroesophageal reflux and treatments,67,63,-4,0.0003,0.0003,-0.0
T12853,Historical Geography and Geographical Thought,34,95,61,0.0002,0.0005,0.03
T10220,Machine Fault Diagnosis Techniques,57,72,15,0.0003,0.0004,0.01
T13347,Christian Theology and Mission,55,74,19,0.0003,0.0004,0.01
T10313,Surface Modification and Superhydrophobicity,83,46,-37,0.0004,0.0002,-0.02
T11799,"Adhesion, Friction, and Surface Interactions",76,53,-23,0.0004,0.0003,-0.01
T10993,Complement system in diseases,59,70,11,0.0003,0.0004,0.01
T11999,Empathy and Medical Education,90,39,-51,0.0005,0.0002,-0.03
T10135,Insect-Plant Interactions and Control,87,41,-46,0.0004,0.0002,-0.02
T10540,Advanced Fluorescence Microscopy Techniques,50,78,28,0.0003,0.0004,0.01
T11242,Nuclear Materials and Properties,85,43,-42,0.0004,0.0002,-0.02
T12827,Biochemical and Molecular Research,76,52,-24,0.0004,0.0003,-0.01
T11820,Learning Styles and Cognitive Differences,51,77,26,0.0003,0.0004,0.01
T11000,Infection Control in Healthcare,41,87,46,0.0002,0.0004,0.02
T13607,Academic Publishing and Open Access,45,83,38,0.0002,0.0004,0.02
T10960,Hypothalamic control of reproductive hormones,37,91,54,0.0002,0.0005,0.03
T12859,Cell Image Analysis Techniques,71,57,-14,0.0004,0.0003,-0.01
T10768,Electric Vehicles and Infrastructure,66,62,-4,0.0003,0.0003,-0.0
T10736,Hydrogen embrittlement and corrosion behaviors in metals,68,59,-9,0.0003,0.0003,-0.0
T12287,Fibroblast Growth Factor Research,68,59,-9,0.0003,0.0003,-0.0
T11620,Medication Adherence and Compliance,53,74,21,0.0003,0.0004,0.01
T10634,Food Allergy and Anaphylaxis Research,60,67,7,0.0003,0.0003,0.0
T11767,Poxvirus research and outbreaks,52,75,23,0.0003,0.0004,0.01
T12377,Digital Humanities and Scholarship,59,68,9,0.0003,0.0003,0.0
T10549,Neonatal Respiratory Health Research,98,28,-70,0.0005,0.0001,-0.04
T13247,Local Governance and Planning,2,124,122,0.0,0.0006,0.06
T13131,Collaborative Teaching and Inclusion,50,76,26,0.0003,0.0004,0.01
T11993,Atomic and Subatomic Physics Research,89,37,-52,0.0005,0.0002,-0.03
T11001,Renin-Angiotensin System Studies,39,86,47,0.0002,0.0004,0.02
T10979,Breastfeeding Practices and Influences,61,64,3,0.0003,0.0003,0.0
T10587,Autophagy in Disease and Therapy,62,63,1,0.0003,0.0003,0.0
T11007,Hybrid Renewable Energy Systems,76,49,-27,0.0004,0.0002,-0.01
T11557,Lubricants and Their Additives,44,81,37,0.0002,0.0004,0.02
T10242,Posttraumatic Stress Disorder Research,56,68,12,0.0003,0.0003,0.01
T10119,Sustainability and Climate Change Governance,43,81,38,0.0002,0.0004,0.02
T12693,"Migration, Ethnicity, and Economy",84,40,-44,0.0004,0.0002,-0.02
T11552,"Global trade, sustainability, and social impact",72,52,-20,0.0004,0.0003,-0.01
T10414,Cannabis and Cannabinoid Research,69,55,-14,0.0003,0.0003,-0.01
T12224,Nanofabrication and Lithography Techniques,77,47,-30,0.0004,0.0002,-0.02
T11002,Indoor Air Quality and Microbial Exposure,46,78,32,0.0002,0.0004,0.02
T10998,Heat Transfer and Optimization,40,83,43,0.0002,0.0004,0.02
T10992,Forensic Anthropology and Bioarchaeology Studies,59,64,5,0.0003,0.0003,0.0
T10095,Cosmology and Gravitation Theories,67,56,-11,0.0003,0.0003,-0.01
T11958,Dental Erosion and Treatment,64,59,-5,0.0003,0.0003,-0.0
T10509,"Religion, Spirituality, and Psychology",70,53,-17,0.0004,0.0003,-0.01
T10989,Uterine Myomas and Treatments,82,41,-41,0.0004,0.0002,-0.02
T10707,Cellular and Composite Structures,45,78,33,0.0002,0.0004,0.02
T13970,Pharmacy and Medical Practices,10,113,103,0.0001,0.0006,0.05
T11776,Irish and British Studies,98,25,-73,0.0005,0.0001,-0.04
T11939,Public-Private Partnership Projects,69,54,-15,0.0003,0.0003,-0.01
T11320,Atmospheric Ozone and Climate,97,25,-72,0.0005,0.0001,-0.04
T11487,Automotive and Human Injury Biomechanics,56,66,10,0.0003,0.0003,0.01
T11540,"Gender, Feminism, and Media",79,43,-36,0.0004,0.0002,-0.02
T14374,Statistical Methods in Epidemiology,4,118,114,0.0,0.0006,0.06
T10243,Statistical Methods and Bayesian Inference,68,54,-14,0.0003,0.0003,-0.01
T11584,Biochemical Analysis and Sensing Techniques,99,23,-76,0.0005,0.0001,-0.04
T10279,Urinary Bladder and Prostate Research,49,73,24,0.0002,0.0004,0.01
T12006,Ergonomics and Musculoskeletal Disorders,57,65,8,0.0003,0.0003,0.0
T11367,Particle accelerators and beam dynamics,64,57,-7,0.0003,0.0003,-0.0
T12763,ATP Synthase and ATPases Research,70,51,-19,0.0004,0.0003,-0.01
T10219,Mechanical Behavior of Composites,52,69,17,0.0003,0.0004,0.01
T10621,Gene Regulatory Network Analysis,66,55,-11,0.0003,0.0003,-0.01
T12528,"IL-33, ST2, and ILC Pathways",70,51,-19,0.0004,0.0003,-0.01
T11936,Chemical and Physical Properties in Aqueous Solutions,54,67,13,0.0003,0.0003,0.01
T11102,HVDC Systems and Fault Protection,65,56,-9,0.0003,0.0003,-0.0
T10887,Bioinformatics and Genomic Networks,56,65,9,0.0003,0.0003,0.0
T10622,Quantum Mechanics and Applications,77,44,-33,0.0004,0.0002,-0.02
T14426,"Religion, Gender, and Enlightenment",64,57,-7,0.0003,0.0003,-0.0
T13086,Post-Soviet Geopolitical Dynamics,82,39,-43,0.0004,0.0002,-0.02
T10905,Solar Thermal and Photovoltaic Systems,56,65,9,0.0003,0.0003,0.0
T11026,Occupational and environmental lung diseases,57,63,6,0.0003,0.0003,0.0
T12770,Amino Acid Enzymes and Metabolism,77,43,-34,0.0004,0.0002,-0.02
T10166,Mosquito-borne diseases and control,69,51,-18,0.0003,0.0003,-0.01
T13531,Surface and Thin Film Phenomena,62,58,-4,0.0003,0.0003,-0.0
T10449,Renal cell carcinoma treatment,49,71,22,0.0002,0.0004,0.01
T12504,Mathematics and Applications,85,35,-50,0.0004,0.0002,-0.03
T10281,Advanced Battery Materials and Technologies,49,71,22,0.0002,0.0004,0.01
T10442,Knee injuries and reconstruction techniques,59,61,2,0.0003,0.0003,0.0
T11660,Blood groups and transfusion,60,60,0,0.0003,0.0003,0.0
T10014,Plant Stress Responses and Tolerance,44,76,32,0.0002,0.0004,0.02
T10507,Biodiesel Production and Applications,76,43,-33,0.0004,0.0002,-0.02
T10202,Lung Cancer Diagnosis and Treatment,54,65,11,0.0003,0.0003,0.01
T10347,Atmospheric aerosols and clouds,43,76,33,0.0002,0.0004,0.02
T11134,Breast Lesions and Carcinomas,35,84,49,0.0002,0.0004,0.02
T10499,Folate and B Vitamins Research,66,53,-13,0.0003,0.0003,-0.01
T11810,Complex Systems and Decision Making,85,34,-51,0.0004,0.0002,-0.03
T13922,Historical Art and Culture Studies,97,22,-75,0.0005,0.0001,-0.04
T12107,Leprosy Research and Treatment,60,59,-1,0.0003,0.0003,-0.0
T11847,Recycled Aggregate Concrete Performance,57,62,5,0.0003,0.0003,0.0
T11919,dental development and anomalies,52,67,15,0.0003,0.0003,0.01
T10052,Medical Image Segmentation Techniques,39,80,41,0.0002,0.0004,0.02
T11036,Antibiotics Pharmacokinetics and Efficacy,67,51,-16,0.0003,0.0003,-0.01
T10921,Neutrino Physics Research,46,72,26,0.0002,0.0004,0.01
T11912,Outsourcing and Supply Chain Management,70,48,-22,0.0004,0.0002,-0.01
T11203,Jewish and Middle Eastern Studies,75,43,-32,0.0004,0.0002,-0.02
T10708,Mindfulness and Compassion Interventions,66,52,-14,0.0003,0.0003,-0.01
T11869,Per- and polyfluoroalkyl substances research,60,57,-3,0.0003,0.0003,-0.0
T11375,Geotechnical Engineering and Soil Stabilization,47,70,23,0.0002,0.0004,0.01
T11888,Gender Roles and Identity Studies,85,32,-53,0.0004,0.0002,-0.03
T10355,Impact of Technology on Adolescents,73,44,-29,0.0004,0.0002,-0.01
T10310,Corrosion Behavior and Inhibition,58,59,1,0.0003,0.0003,0.0
T12350,Particle Dynamics in Fluid Flows,58,58,0,0.0003,0.0003,0.0
T11098,Seed Germination and Physiology,37,79,42,0.0002,0.0004,0.02
T11588,Atmospheric and Environmental Gas Dynamics,87,29,-58,0.0004,0.0001,-0.03
T11640,Linguistic Variation and Morphology,83,33,-50,0.0004,0.0002,-0.03
T11514,Disability Education and Employment,48,68,20,0.0002,0.0003,0.01
T11147,Misinformation and Its Impacts,68,48,-20,0.0003,0.0002,-0.01
T11222,Magnetic Properties and Applications,57,58,1,0.0003,0.0003,0.0
T10139,Heavy metals in environment,51,64,13,0.0003,0.0003,0.01
T10915,Trace Elements in Health,86,29,-57,0.0004,0.0001,-0.03
T11804,Quantum many-body systems,40,75,35,0.0002,0.0004,0.02
T12180,Polar Research and Ecology,68,47,-21,0.0003,0.0002,-0.01
T11990,Global Health Workforce Issues,84,31,-53,0.0004,0.0002,-0.03
T11087,Solidification and crystal growth phenomena,40,75,35,0.0002,0.0004,0.02
T11787,Oral and Maxillofacial Pathology,60,55,-5,0.0003,0.0003,-0.0
T11770,Fiscal Policy and Economic Growth,102,13,-89,0.0005,0.0001,-0.05
T11878,Solid-state spectroscopy and crystallography,46,69,23,0.0002,0.0004,0.01
T11339,"Metabolism, Diabetes, and Cancer",54,61,7,0.0003,0.0003,0.0
T10530,Magnesium Alloys: Properties and Applications,58,56,-2,0.0003,0.0003,-0.0
T11722,Patient Satisfaction in Healthcare,68,46,-22,0.0003,0.0002,-0.01
T12048,Microencapsulation and Drying Processes,42,72,30,0.0002,0.0004,0.02
T11648,"Diaspora, migration, transnational identity",36,78,42,0.0002,0.0004,0.02
T10112,HIV Research and Treatment,63,51,-12,0.0003,0.0003,-0.01
T12157,Geochemistry and Geologic Mapping,109,4,-105,0.0006,0.0,-0.05
T10885,Gene expression and cancer classification,59,54,-5,0.0003,0.0003,-0.0
T11737,Advanced Materials and Mechanics,55,58,3,0.0003,0.0003,0.0
T12545,Global Education and Multiculturalism,90,23,-67,0.0005,0.0001,-0.03
T10518,Gallbladder and Bile Duct Disorders,52,61,9,0.0003,0.0003,0.0
T13993,Historical Geopolitical and Social Dynamics,77,36,-41,0.0004,0.0002,-0.02
T10171,Biofuel production and bioconversion,76,37,-39,0.0004,0.0002,-0.02
T14024,"Education, Philosophy, and Society",3,110,107,0.0,0.0006,0.05
T10797,Accounting and Organizational Management,70,43,-27,0.0004,0.0002,-0.01
T10358,Advanced Radiotherapy Techniques,42,70,28,0.0002,0.0004,0.01
T11193,Adenosine and Purinergic Signaling,53,59,6,0.0003,0.0003,0.0
T11059,Market Dynamics and Volatility,76,36,-40,0.0004,0.0002,-0.02
T12027,Social Media in Health Education,61,51,-10,0.0003,0.0003,-0.0
T13315,Occupational Health and Safety in Workplaces,1,111,110,0.0,0.0006,0.06
T10083,Graphene research and applications,65,47,-18,0.0003,0.0002,-0.01
T12358,Thermal and Kinetic Analysis,36,75,39,0.0002,0.0004,0.02
T11236,Control Systems and Identification,43,68,25,0.0002,0.0003,0.01
T13376,Criminal Law and Policy,5,106,101,0.0,0.0005,0.05
T12114,Sensory Analysis and Statistical Methods,54,57,3,0.0003,0.0003,0.0
T11111,Spectroscopy and Laser Applications,80,30,-50,0.0004,0.0002,-0.03
T11346,Mast cells and histamine,38,72,34,0.0002,0.0004,0.02
T10902,Complementary and Alternative Medicine Studies,57,53,-4,0.0003,0.0003,-0.0
T11435,Polynomial and algebraic computation,61,49,-12,0.0003,0.0002,-0.01
T11715,Education and Critical Thinking Development,103,7,-96,0.0005,0.0,-0.05
T12525,Australian History and Society,97,13,-84,0.0005,0.0001,-0.04
T10490,Orbital Angular Momentum in Optics,52,57,5,0.0003,0.0003,0.0
T12169,Non-Destructive Testing Techniques,68,41,-27,0.0003,0.0002,-0.01
T12694,"Categorization, perception, and language",37,72,35,0.0002,0.0004,0.02
T12714,Youth Education and Societal Dynamics,82,27,-55,0.0004,0.0001,-0.03
T10682,Quantum Computing Algorithms and Architecture,61,48,-13,0.0003,0.0002,-0.01
T11700,Hemodynamic Monitoring and Therapy,58,51,-7,0.0003,0.0003,-0.0
T10110,earthquake and tectonic studies,85,24,-61,0.0004,0.0001,-0.03
T11967,Electrolyte and hormonal disorders,61,47,-14,0.0003,0.0002,-0.01
T12040,International Arbitration and Investment Law,59,49,-10,0.0003,0.0002,-0.0
T11219,Bone Metabolism and Diseases,36,72,36,0.0002,0.0004,0.02
T10466,Meteorological Phenomena and Simulations,34,74,40,0.0002,0.0004,0.02
T10505,Pluripotent Stem Cells Research,53,55,2,0.0003,0.0003,0.0
T10576,Opioid Use Disorder Treatment,40,68,28,0.0002,0.0003,0.01
T12967,Molecular Spectroscopy and Structure,30,78,48,0.0002,0.0004,0.02
T13055,Global Security and Public Health,69,39,-30,0.0003,0.0002,-0.02
T10555,Fire effects on ecosystems,59,49,-10,0.0003,0.0002,-0.0
T12779,Public Procurement and Policy,57,51,-6,0.0003,0.0003,-0.0
T11746,Inorganic and Organometallic Chemistry,40,68,28,0.0002,0.0003,0.01
T10104,Nanofluid Flow and Heat Transfer,62,46,-16,0.0003,0.0002,-0.01
T10946,Radioactivity and Radon Measurements,59,49,-10,0.0003,0.0002,-0.0
T11491,CAR-T cell therapy research,80,28,-52,0.0004,0.0001,-0.03
T11221,Bone health and treatments,73,34,-39,0.0004,0.0002,-0.02
T11058,Ethics in Business and Education,47,60,13,0.0002,0.0003,0.01
T11452,Oral Health Pathology and Treatment,50,57,7,0.0003,0.0003,0.0
T10723,Advanced Welding Techniques Analysis,48,59,11,0.0002,0.0003,0.01
T10875,Pesticide Exposure and Toxicity,51,56,5,0.0003,0.0003,0.0
T10721,Surfactants and Colloidal Systems,40,67,27,0.0002,0.0003,0.01
T10413,High-pressure geophysics and materials,70,37,-33,0.0004,0.0002,-0.02
T10214,Psychotherapy Techniques and Applications,64,43,-21,0.0003,0.0002,-0.01
T11684,Vibrio bacteria research studies,76,31,-45,0.0004,0.0002,-0.02
T10818,Astrophysics and Cosmic Phenomena,63,43,-20,0.0003,0.0002,-0.01
T10097,Luminescence Properties of Advanced Materials,47,59,12,0.0002,0.0003,0.01
T10781,Plasma Diagnostics and Applications,63,43,-20,0.0003,0.0002,-0.01
T11430,Disaster Response and Management,58,48,-10,0.0003,0.0002,-0.0
T10662,Ultrasonics and Acoustic Wave Propagation,42,64,22,0.0002,0.0003,0.01
T14134,Medical and Biological Sciences,38,68,30,0.0002,0.0003,0.02
T10233,Geotechnical Engineering and Soil Mechanics,23,83,60,0.0001,0.0004,0.03
T12831,School Health and Nursing Education,46,60,14,0.0002,0.0003,0.01
T10339,Advanced Numerical Methods in Computational Mathematics,38,67,29,0.0002,0.0003,0.01
T11685,Zebrafish Biomedical Research Applications,63,42,-21,0.0003,0.0002,-0.01
T10260,Software Engineering Research,64,41,-23,0.0003,0.0002,-0.01
T14400,Medical Coding and Health Information,56,49,-7,0.0003,0.0002,-0.0
T11970,Molecular Biology Techniques and Applications,67,38,-29,0.0003,0.0002,-0.01
T10969,Water resources management and optimization,63,42,-21,0.0003,0.0002,-0.01
T12002,"Computability, Logic, AI Algorithms",82,23,-59,0.0004,0.0001,-0.03
T12141,Fluid Dynamics and Thin Films,50,55,5,0.0003,0.0003,0.0
T11482,RNA modifications and cancer,78,26,-52,0.0004,0.0001,-0.03
T11893,German Literature and Culture Studies,39,65,26,0.0002,0.0003,0.01
T10121,Building Energy and Comfort Optimization,52,52,0,0.0003,0.0003,0.0
T10608,Neurogenesis and neuroplasticity mechanisms,36,68,32,0.0002,0.0003,0.02
T10944,Turbomachinery Performance and Optimization,25,79,54,0.0001,0.0004,0.03
T10421,Pleistocene-Era Hominins and Archaeology,55,49,-6,0.0003,0.0002,-0.0
T10971,Olfactory and Sensory Function Studies,76,28,-48,0.0004,0.0001,-0.02
T12439,Dental Research and COVID-19,91,12,-79,0.0005,0.0001,-0.04
T10747,Disaster Management and Resilience,42,61,19,0.0002,0.0003,0.01
T11152,Stochastic processes and statistical mechanics,57,46,-11,0.0003,0.0002,-0.01
T12275,Gender and Feminist Studies,2,101,99,0.0,0.0005,0.05
T11761,Resilience and Mental Health,70,33,-37,0.0004,0.0002,-0.02
T12955,Atherosclerosis and Cardiovascular Diseases,44,58,14,0.0002,0.0003,0.01
T10760,Pancreatitis Pathology and Treatment,56,46,-10,0.0003,0.0002,-0.0
T11205,Numerical methods in inverse problems,57,45,-12,0.0003,0.0002,-0.01
T11129,Photochemistry and Electron Transfer Studies,37,65,28,0.0002,0.0003,0.01
T12576,vaccines and immunoinformatics approaches,34,68,34,0.0002,0.0003,0.02
T13938,Historical and Contemporary Political Dynamics,90,12,-78,0.0005,0.0001,-0.04
T11630,Petroleum Processing and Analysis,62,40,-22,0.0003,0.0002,-0.01
T10475,Psychological Well-being and Life Satisfaction,57,45,-12,0.0003,0.0002,-0.01
T13884,Educational Leadership and Practices,47,55,8,0.0002,0.0003,0.0
T10319,"Conservation, Biodiversity, and Resource Management",40,62,22,0.0002,0.0003,0.01
T12786,Innovation and Socioeconomic Development,71,31,-40,0.0004,0.0002,-0.02
T11357,Risk and Safety Analysis,59,43,-16,0.0003,0.0002,-0.01
T10535,Landslides and related hazards,62,40,-22,0.0003,0.0002,-0.01
T10446,"Income, Poverty, and Inequality",36,66,30,0.0002,0.0003,0.02
T12226,Neuroblastoma Research and Treatments,61,41,-20,0.0003,0.0002,-0.01
T10304,Geometric and Algebraic Topology,38,64,26,0.0002,0.0003,0.01
T10338,Advanced Sensor and Energy Harvesting Materials,74,28,-46,0.0004,0.0001,-0.02
T10387,Fatty Acid Research and Health,50,51,1,0.0003,0.0003,0.0
T11626,Metalloenzymes and iron-sulfur proteins,27,74,47,0.0001,0.0004,0.02
T11577,Cognitive Abilities and Testing,56,45,-11,0.0003,0.0002,-0.01
T11330,Systemic Sclerosis and Related Diseases,54,47,-7,0.0003,0.0002,-0.0
T12948,Inclusion and Disability in Education and Sport,36,65,29,0.0002,0.0003,0.01
T10006,Job Satisfaction and Organizational Behavior,52,49,-3,0.0003,0.0002,-0.0
T11922,Cardiovascular Effects of Exercise,72,29,-43,0.0004,0.0001,-0.02
T12767,Conflict of Laws and Jurisdiction,73,28,-45,0.0004,0.0001,-0.02
T12648,Academic Writing and Publishing,35,66,31,0.0002,0.0003,0.02
T12343,Geography Education and Pedagogy,53,47,-6,0.0003,0.0002,-0.0
T10687,Innovative concrete reinforcement materials,44,56,12,0.0002,0.0003,0.01
T11972,Chromium effects and bioremediation,58,42,-16,0.0003,0.0002,-0.01
T12023,Cholinesterase and Neurodegenerative Diseases,56,44,-12,0.0003,0.0002,-0.01
T11143,High Entropy Alloys Studies,50,50,0,0.0003,0.0003,0.0
T12932,Powder Metallurgy Techniques and Materials,38,62,24,0.0002,0.0003,0.01
T10877,Allergic Rhinitis and Sensitization,54,46,-8,0.0003,0.0002,-0.0
T11200,Electrodeposition and Electroless Coatings,35,65,30,0.0002,0.0003,0.02
T11583,Advanced Measurement and Metrology Techniques,60,40,-20,0.0003,0.0002,-0.01
T12990,Medical History and Innovations,41,59,18,0.0002,0.0003,0.01
T13495,Biographical and Historical Analysis,3,97,94,0.0,0.0005,0.05
T12156,World Trade Organization Law,40,60,20,0.0002,0.0003,0.01
T11243,Respiratory viral infections research,63,37,-26,0.0003,0.0002,-0.01
T10395,Construction Project Management and Performance,41,59,18,0.0002,0.0003,0.01
T11566,Laser Applications in Dentistry and Medicine,55,44,-11,0.0003,0.0002,-0.01
T11850,Concrete Corrosion and Durability,46,53,7,0.0002,0.0003,0.0
T13877,Law in Society and Culture,84,15,-69,0.0004,0.0001,-0.03
T10256,Drug Solubulity and Delivery Systems,50,49,-1,0.0003,0.0002,-0.0
T10567,Vehicle Routing Optimization Methods,49,50,1,0.0002,0.0003,0.0
T10693,Blood transfusion and management,45,54,9,0.0002,0.0003,0.0
T10346,Magnetic confinement fusion research,96,3,-93,0.0005,0.0,-0.05
T11104,"Memory, Trauma, and Commemoration",49,49,0,0.0002,0.0002,0.0
T11062,Gear and Bearing Dynamics Analysis,67,31,-36,0.0003,0.0002,-0.02
T12851,Firm Innovation and Growth,58,40,-18,0.0003,0.0002,-0.01
T11068,Tendon Structure and Treatment,48,50,2,0.0002,0.0003,0.0
T10141,Probiotics and Fermented Foods,62,36,-26,0.0003,0.0002,-0.01
T13150,Study and Philosophy of Religion,3,95,92,0.0,0.0005,0.05
T12803,Cinema History and Criticism,2,96,94,0.0,0.0005,0.05
T10522,Medical Imaging Techniques and Applications,68,30,-38,0.0003,0.0002,-0.02
T11712,Intergenerational Family Dynamics and Caregiving,61,36,-25,0.0003,0.0002,-0.01
T11432,Gender Politics and Representation,62,35,-27,0.0003,0.0002,-0.01
T10684,Acute Kidney Injury Research,40,57,17,0.0002,0.0003,0.01
T11883,Embodied and Extended Cognition,32,65,33,0.0002,0.0003,0.02
T10061,Algebraic Geometry and Number Theory,38,59,21,0.0002,0.0003,0.01
T10691,Retinal Development and Disorders,48,49,1,0.0002,0.0002,0.0
T13497,Hermeneutics and Narrative Identity,89,8,-81,0.0005,0.0,-0.04
T10445,Antioxidant Activity and Oxidative Stress,32,65,33,0.0002,0.0003,0.02
T12337,Italian Fascism and Post-war Society,88,8,-80,0.0004,0.0,-0.04
T12471,History of Science and Natural History,45,51,6,0.0002,0.0003,0.0
T10686,Effects and risks of endocrine disrupting chemicals,56,40,-16,0.0003,0.0002,-0.01
T11984,Anatomy and Medical Technology,43,53,10,0.0002,0.0003,0.01
T10557,Social Media and Politics,66,30,-36,0.0003,0.0002,-0.02
T10436,Anesthesia and Sedative Agents,41,55,14,0.0002,0.0003,0.01
T10755,HER2/EGFR in Cancer Research,56,40,-16,0.0003,0.0002,-0.01
T13739,Medieval and Early Modern Justice,4,92,88,0.0,0.0005,0.04
T12417,Morphological variations and asymmetry,31,65,34,0.0002,0.0003,0.02
T13120,Nuclear Issues and Defense,49,46,-3,0.0002,0.0002,-0.0
T12526,Antimicrobial agents and applications,31,64,33,0.0002,0.0003,0.02
T11902,Intelligent Tutoring Systems and Adaptive Learning,44,51,7,0.0002,0.0003,0.0
T13484,German History and Society,33,62,29,0.0002,0.0003,0.01
T10696,Gastric Cancer Management and Outcomes,45,50,5,0.0002,0.0003,0.0
T12364,Archaeological Research and Protection,65,30,-35,0.0003,0.0002,-0.02
T10403,Phonetics and Phonology Research,34,61,27,0.0002,0.0003,0.01
T14078,Multiple and Secondary Primary Cancers,16,79,63,0.0001,0.0004,0.03
T10500,Sparse and Compressive Sensing Techniques,59,36,-23,0.0003,0.0002,-0.01
T11420,Geographies of human-animal interactions,84,11,-73,0.0004,0.0001,-0.04
T10013,Asymmetric Synthesis and Catalysis,43,51,8,0.0002,0.0003,0.0
T11259,Agriculture Sustainability and Environmental Impact,53,41,-12,0.0003,0.0002,-0.01
T11601,Neuroscience and Neural Engineering,64,30,-34,0.0003,0.0002,-0.02
T11771,Plant Pathogens and Resistance,67,27,-40,0.0003,0.0001,-0.02
T10859,Polymer Surface Interaction Studies,32,62,30,0.0002,0.0003,0.02
T11289,Single-cell and spatial transcriptomics,64,30,-34,0.0003,0.0002,-0.02
T11469,Lymphatic System and Diseases,69,25,-44,0.0003,0.0001,-0.02
T13283,Mental Health Research Topics,81,13,-68,0.0004,0.0001,-0.03
T11174,Pediatric Urology and Nephrology Studies,52,42,-10,0.0003,0.0002,-0.0
T11792,Pharmaceutical Economics and Policy,37,57,20,0.0002,0.0003,0.01
T12777,"Philosophy, History, and Historiography",25,69,44,0.0001,0.0004,0.02
T11694,Fluid Dynamics Simulations and Interactions,57,37,-20,0.0003,0.0002,-0.01
T11364,Cholangiocarcinoma and Gallbladder Cancer Studies,49,45,-4,0.0002,0.0002,-0.0
T10130,Mathematics Education and Teaching Techniques,41,53,12,0.0002,0.0003,0.01
T11031,Game Theory and Applications,30,64,34,0.0002,0.0003,0.02
T10906,AI-based Problem Solving and Planning,41,52,11,0.0002,0.0003,0.01
T12765,"Race, History, and American Society",64,29,-35,0.0003,0.0001,-0.02
T12233,Geotechnical Engineering and Underground Structures,65,28,-37,0.0003,0.0001,-0.02
T10267,Higher Education Research Studies,27,66,39,0.0001,0.0003,0.02
T13100,Comparative Animal Anatomy Studies,9,84,75,0.0,0.0004,0.04
T11867,Traumatic Ocular and Foreign Body Injuries,53,40,-13,0.0003,0.0002,-0.01
T10876,Fault Detection and Control Systems,62,31,-31,0.0003,0.0002,-0.02
T11245,Advanced Numerical Analysis Techniques,55,38,-17,0.0003,0.0002,-0.01
T11004,Crustacean biology and ecology,44,49,5,0.0002,0.0002,0.0
T10236,Aquatic Ecosystems and Phytoplankton Dynamics,59,34,-25,0.0003,0.0002,-0.01
T11520,Advanced Thermodynamics and Statistical Mechanics,72,21,-51,0.0004,0.0001,-0.03
T10698,Transportation Planning and Optimization,39,54,15,0.0002,0.0003,0.01
T12555,Ancient Egypt and Archaeology,41,52,11,0.0002,0.0003,0.01
T13937,"Genetics, Bioinformatics, and Biomedical Research",73,19,-54,0.0004,0.0001,-0.03
T13552,Advanced Materials Characterization Techniques,60,32,-28,0.0003,0.0002,-0.01
T10551,Scheduling and Optimization Algorithms,53,39,-14,0.0003,0.0002,-0.01
T12706,Subcritical and Supercritical Water Processes,45,47,2,0.0002,0.0002,0.0
T13500,Probability and Statistical Research,4,88,84,0.0,0.0004,0.04
T10282,Financial Risk and Volatility Modeling,38,54,16,0.0002,0.0003,0.01
T11349,Music Technology and Sound Studies,52,40,-12,0.0003,0.0002,-0.01
T10162,Online and Blended Learning,57,35,-22,0.0003,0.0002,-0.01
T11039,Evaluation of Teaching Practices,41,51,10,0.0002,0.0003,0.01
T10485,"Bullying, Victimization, and Aggression",49,43,-6,0.0002,0.0002,-0.0
T11713,Genital Health and Disease,35,57,22,0.0002,0.0003,0.01
T11803,Superconducting and THz Device Technology,19,72,53,0.0001,0.0004,0.03
T13366,Accounting Theory and Financial Reporting,4,87,83,0.0,0.0004,0.04
T10036,Advanced Neural Network Applications,32,59,27,0.0002,0.0003,0.01
T11451,Advanced Machining and Optimization Techniques,40,51,11,0.0002,0.0003,0.01
T12741,Maternal and Neonatal Healthcare,1,90,89,0.0,0.0005,0.05
T11797,graph theory and CDMA systems,74,17,-57,0.0004,0.0001,-0.03
T12144,"Colonialism, slavery, and trade",49,42,-7,0.0002,0.0002,-0.0
T12017,Recycling and Waste Management Techniques,63,28,-35,0.0003,0.0001,-0.02
T11350,Sex work and related issues,62,29,-33,0.0003,0.0001,-0.02
T10470,Usability and User Interface Design,28,63,35,0.0001,0.0003,0.02
T12194,Cultural Competency in Health Care,28,62,34,0.0001,0.0003,0.02
T13014,Peace and Human Rights Education,39,51,12,0.0002,0.0003,0.01
T12094,Hemoglobin structure and function,64,26,-38,0.0003,0.0001,-0.02
T11651,Inhalation and Respiratory Drug Delivery,65,25,-40,0.0003,0.0001,-0.02
T11188,Coagulation and Flocculation Studies,33,57,24,0.0002,0.0003,0.01
T11853,Semiconductor materials and interfaces,27,63,36,0.0001,0.0003,0.02
T13702,Machine Learning in Healthcare,63,26,-37,0.0003,0.0001,-0.02
T11531,Healthcare Systems and Reforms,38,51,13,0.0002,0.0003,0.01
T10805,Vehicle Dynamics and Control Systems,36,53,17,0.0002,0.0003,0.01
T10280,Shoulder Injury and Treatment,50,39,-11,0.0003,0.0002,-0.01
T12542,Second Language Learning and Teaching,67,22,-45,0.0003,0.0001,-0.02
T11113,Music History and Culture,45,44,-1,0.0002,0.0002,-0.0
T11310,Connective tissue disorders research,47,42,-5,0.0002,0.0002,-0.0
T10878,CRISPR and Genetic Engineering,63,26,-37,0.0003,0.0001,-0.02
T10369,Advanced MEMS and NEMS Technologies,33,56,23,0.0002,0.0003,0.01
T10212,Electrochemical sensors and biosensors,40,48,8,0.0002,0.0002,0.0
T11103,Antimicrobial Peptides and Activities,51,37,-14,0.0003,0.0002,-0.01
T11961,Neonatal and Maternal Infections,46,42,-4,0.0002,0.0002,-0.0
T11076,Policing Practices and Perceptions,36,52,16,0.0002,0.0003,0.01
T12825,"Defense, Military, and Policy Studies",52,36,-16,0.0003,0.0002,-0.01
T12921,European Criminal Justice and Data Protection,68,20,-48,0.0003,0.0001,-0.02
T11071,Treatment of Major Depression,35,53,18,0.0002,0.0003,0.01
T13372,Archaeology and Historical Studies,78,9,-69,0.0004,0.0,-0.03
T12140,Renal and related cancers,58,29,-29,0.0003,0.0001,-0.01
T10248,Nonlinear Waves and Solitons,29,58,29,0.0001,0.0003,0.01
T10837,Dermatology and Skin Diseases,46,41,-5,0.0002,0.0002,-0.0
T12022,Hydraulic flow and structures,32,55,23,0.0002,0.0003,0.01
T10160,Seismic Performance and Analysis,36,51,15,0.0002,0.0003,0.01
T12229,Pharmacological Effects and Toxicity Studies,62,25,-37,0.0003,0.0001,-0.02
T10726,Career Development and Diversity,19,68,49,0.0001,0.0003,0.02
T12472,Plant responses to water stress,51,36,-15,0.0003,0.0002,-0.01
T14249,Water Quality Monitoring and Analysis,47,40,-7,0.0002,0.0002,-0.0
T10544,Glass properties and applications,35,52,17,0.0002,0.0003,0.01
T12570,Photopolymerization techniques and applications,68,19,-49,0.0003,0.0001,-0.02
T10844,Radiation Dose and Imaging,57,30,-27,0.0003,0.0002,-0.01
T11078,Inflammasome and immune disorders,51,36,-15,0.0003,0.0002,-0.01
T11997,Free Will and Agency,60,27,-33,0.0003,0.0001,-0.02
T10995,Methane Hydrates and Related Phenomena,63,24,-39,0.0003,0.0001,-0.02
T12041,Public Health Policies and Education,22,64,42,0.0001,0.0003,0.02
T12268,Deception detection and forensic psychology,33,53,20,0.0002,0.0003,0.01
T11503,Cytokine Signaling Pathways and Interactions,50,36,-14,0.0003,0.0002,-0.01
T11238,Simulation-Based Education in Healthcare,43,43,0,0.0002,0.0002,0.0
T10709,Social Robot Interaction and HRI,36,50,14,0.0002,0.0003,0.01
T10223,Microgrid Control and Optimization,57,29,-28,0.0003,0.0001,-0.01
T10959,Student Assessment and Feedback,47,39,-8,0.0002,0.0002,-0.0
T12579,Muon and positron interactions and applications,39,47,8,0.0002,0.0002,0.0
T10336,Cancer Cells and Metastasis,48,38,-10,0.0002,0.0002,-0.0
T12524,Chemical Synthesis and Characterization,58,28,-30,0.0003,0.0001,-0.02
T11826,Ocular Infections and Treatments,33,53,20,0.0002,0.0003,0.01
T11051,Sirtuins and Resveratrol in Medicine,41,45,4,0.0002,0.0002,0.0
T12766,Interdisciplinary Research and Collaboration,28,58,30,0.0001,0.0003,0.02
T11449,Mechanical and Optical Resonators,62,24,-38,0.0003,0.0001,-0.02
T11998,Youth Development and Social Support,27,59,32,0.0001,0.0003,0.02
T10791,Advanced Control Systems Optimization,50,35,-15,0.0003,0.0002,-0.01
T13555,"Healthcare cost, quality, practices",60,25,-35,0.0003,0.0001,-0.02
T11419,Supramolecular Self-Assembly in Materials,40,45,5,0.0002,0.0002,0.0
T10920,Advanced Drug Delivery Systems,32,53,21,0.0002,0.0003,0.01
T14433,Post-Communist Economic and Political Transition,20,65,45,0.0001,0.0003,0.02
T10469,Psoriasis: Treatment and Pathogenesis,52,33,-19,0.0003,0.0002,-0.01
T12196,Community Health and Development,29,56,27,0.0001,0.0003,0.01
T11635,Poisoning and overdose treatments,32,53,21,0.0002,0.0003,0.01
T11387,Ichthyology and Marine Biology,57,28,-29,0.0003,0.0001,-0.01
T10722,Work-Family Balance Challenges,35,50,15,0.0002,0.0003,0.01
T11881,Crystallization and Solubility Studies,35,49,14,0.0002,0.0002,0.01
T10324,Microbial bioremediation and biosurfactants,27,57,30,0.0001,0.0003,0.02
T10983,Aortic aneurysm repair treatments,41,43,2,0.0002,0.0002,0.0
T10948,Advanced Combinatorial Mathematics,19,65,46,0.0001,0.0003,0.02
T13416,Educational Theory and Curriculum Studies,19,65,46,0.0001,0.0003,0.02
T12964,"Diet, Metabolism, and Disease",77,6,-71,0.0004,0.0,-0.04
T11932,Wireless Body Area Networks,46,37,-9,0.0002,0.0002,-0.0
T12977,Spanish Literature and Culture Studies,27,56,29,0.0001,0.0003,0.01
T12852,Chemical Thermodynamics and Molecular Structure,48,35,-13,0.0002,0.0002,-0.01
T10630,Orthopedic Surgery and Rehabilitation,53,30,-23,0.0003,0.0002,-0.01
T11304,Advanced Neuroimaging Techniques and Applications,53,30,-23,0.0003,0.0002,-0.01
T12110,Bone and Dental Protein Studies,58,25,-33,0.0003,0.0001,-0.02
T12124,Engineering Education and Curriculum Development,38,45,7,0.0002,0.0002,0.0
T11736,Histone Deacetylase Inhibitors Research,52,31,-21,0.0003,0.0002,-0.01
T12816,Global Public Health Policies and Epidemiology,64,19,-45,0.0003,0.0001,-0.02
T13417,Biomedical Ethics and Regulation,56,27,-29,0.0003,0.0001,-0.01
T10424,Electric Power System Optimization,34,49,15,0.0002,0.0002,0.01
T11234,Precipitation Measurement and Analysis,35,47,12,0.0002,0.0002,0.01
T10763,Digital Transformation in Industry,45,37,-8,0.0002,0.0002,-0.0
T10937,"Telomeres, Telomerase, and Senescence",42,40,-2,0.0002,0.0002,-0.0
T12880,Qualitative Research Methods and Applications,16,66,50,0.0001,0.0003,0.03
T14437,Ethics and Legal Issues in Pediatric Healthcare,63,19,-44,0.0003,0.0001,-0.02
T11957,Food Safety and Hygiene,33,49,16,0.0002,0.0002,0.01
T12561,bioluminescence and chemiluminescence research,41,41,0,0.0002,0.0002,0.0
T11802,Chemical Looping and Thermochemical Processes,33,49,16,0.0002,0.0002,0.01
T10861,Ear Surgery and Otitis Media,40,42,2,0.0002,0.0002,0.0
T10928,Probabilistic and Robust Engineering Design,49,32,-17,0.0002,0.0002,-0.01
T10594,Genetic and phenotypic traits in livestock,29,52,23,0.0001,0.0003,0.01
T10929,Wnt/β-catenin signaling in development and cancer,57,24,-33,0.0003,0.0001,-0.02
T11864,Supply Chain Resilience and Risk Management,50,31,-19,0.0003,0.0002,-0.01
T10695,Parasites and Host Interactions,35,46,11,0.0002,0.0002,0.01
T10987,Microfinance and Financial Inclusion,44,37,-7,0.0002,0.0002,-0.0
T12104,Protein Tyrosine Phosphatases,50,31,-19,0.0003,0.0002,-0.01
T10680,Wind Energy Research and Development,30,51,21,0.0002,0.0003,0.01
T10517,"Financial Literacy, Pension, Retirement Analysis",34,47,13,0.0002,0.0002,0.01
T10327,Adolescent Sexual and Reproductive Health,37,44,7,0.0002,0.0002,0.0
T11116,"Trauma, Hemostasis, Coagulopathy, Resuscitation",46,35,-11,0.0002,0.0002,-0.01
T12574,Clinical Reasoning and Diagnostic Skills,39,42,3,0.0002,0.0002,0.0
T10062,MicroRNA in disease regulation,42,39,-3,0.0002,0.0002,-0.0
T10472,Semiconductor materials and devices,54,27,-27,0.0003,0.0001,-0.01
T10639,Advanced Software Engineering Methodologies,29,52,23,0.0001,0.0003,0.01
T12185,Regulation and Compliance Studies,35,46,11,0.0002,0.0002,0.01
T11405,Geophysics and Gravity Measurements,56,25,-31,0.0003,0.0001,-0.02
T11255,Microfluidic and Bio-sensing Technologies,60,20,-40,0.0003,0.0001,-0.02
T10025,Black Holes and Theoretical Physics,39,41,2,0.0002,0.0002,0.0
T11363,Dental Radiography and Imaging,57,23,-34,0.0003,0.0001,-0.02
T10515,Cancer-related molecular mechanisms research,50,30,-20,0.0003,0.0002,-0.01
T13667,French Literature and Criticism,16,64,48,0.0001,0.0003,0.02
T11060,Infant Development and Preterm Care,41,39,-2,0.0002,0.0002,-0.0
T12781,Global Health Care Issues,73,7,-66,0.0004,0.0,-0.03
T10754,Neuroendocrine Tumor Research Advances,46,34,-12,0.0002,0.0002,-0.01
T11670,Pressure Ulcer Prevention and Management,39,41,2,0.0002,0.0002,0.0
T11057,Cardiac Ischemia and Reperfusion,36,44,8,0.0002,0.0002,0.0
T14185,"Research, Science, and Academia",12,68,56,0.0001,0.0003,0.03
T11683,Quantum and Classical Electrodynamics,14,65,51,0.0001,0.0003,0.03
T12068,Neonatal Health and Biochemistry,60,19,-41,0.0003,0.0001,-0.02
T12422,Radiomics and Machine Learning in Medical Imaging,51,28,-23,0.0003,0.0001,-0.01
T13605,"Homicide, Infanticide, and Child Abuse",63,16,-47,0.0003,0.0001,-0.02
T10305,Power System Optimization and Stability,32,47,15,0.0002,0.0002,0.01
T10752,Terahertz technology and applications,39,40,1,0.0002,0.0002,0.0
T12332,Comparative constitutional jurisprudence studies,4,75,71,0.0,0.0004,0.04
T11581,Viral Infections and Outbreaks Research,49,30,-19,0.0002,0.0002,-0.01
T10764,Privacy-Preserving Technologies in Data,34,45,11,0.0002,0.0002,0.01
T11282,Fibromyalgia and Chronic Fatigue Syndrome Research,50,29,-21,0.0003,0.0001,-0.01
T11338,Advancements in Photolithography Techniques,25,54,29,0.0001,0.0003,0.01
T12672,Phagocytosis and Immune Regulation,47,32,-15,0.0002,0.0002,-0.01
T10534,Structural Health Monitoring Techniques,51,28,-23,0.0003,0.0001,-0.01
T12918,Healthcare Systems and Technology,62,17,-45,0.0003,0.0001,-0.02
T11519,Digital Mental Health Interventions,52,27,-25,0.0003,0.0001,-0.01
T10738,Posthumanist Ethics and Activism,48,31,-17,0.0002,0.0002,-0.01
T10834,Welding Techniques and Residual Stresses,38,41,3,0.0002,0.0002,0.0
T10562,Total Knee Arthroplasty Outcomes,45,34,-11,0.0002,0.0002,-0.01
T11278,Calcium Carbonate Crystallization and Inhibition,48,31,-17,0.0002,0.0002,-0.01
T13946,Musculoskeletal Disorders and Rehabilitation,51,28,-23,0.0003,0.0001,-0.01
T10050,Multi-Criteria Decision Making,36,43,7,0.0002,0.0002,0.0
T12854,Neurology and Historical Studies,41,38,-3,0.0002,0.0002,-0.0
T11097,Cerebral Palsy and Movement Disorders,47,31,-16,0.0002,0.0002,-0.01
T11247,Plant nutrient uptake and metabolism,49,29,-20,0.0002,0.0001,-0.01
T12618,Botany and Plant Ecology Studies,30,48,18,0.0002,0.0002,0.01
T11470,Legume Nitrogen Fixing Symbiosis,63,15,-48,0.0003,0.0001,-0.02
T11220,Water Systems and Optimization,45,33,-12,0.0002,0.0002,-0.01
T10716,Soil and Unsaturated Flow,39,39,0,0.0002,0.0002,0.0
T10028,Topic Modeling,49,29,-20,0.0002,0.0001,-0.01
T11539,Survey Methodology and Nonresponse,27,51,24,0.0001,0.0003,0.01
T10136,Statistical Methods and Inference,41,37,-4,0.0002,0.0002,-0.0
T10648,Virtual Reality Applications and Impacts,32,46,14,0.0002,0.0002,0.01
T11466,Innovative Education and Learning Practices,49,29,-20,0.0002,0.0001,-0.01
T11196,Non-Invasive Vital Sign Monitoring,42,36,-6,0.0002,0.0002,-0.0
T10237,Cryptography and Data Security,37,41,4,0.0002,0.0002,0.0
T11918,Forecasting Techniques and Applications,22,56,34,0.0001,0.0003,0.02
T11326,Stock Market Forecasting Methods,47,31,-16,0.0002,0.0002,-0.01
T10412,Microfluidic and Capillary Electrophoresis Applications,43,35,-8,0.0002,0.0002,-0.0
T13296,Physical Education and Sports Studies,0,78,78,0.0,0.0004,0.04
T14355,Historical Studies of British Isles,34,43,9,0.0002,0.0002,0.0
T12240,Nanomaterials for catalytic reactions,18,59,41,0.0001,0.0003,0.02
T11591,NF-κB Signaling Pathways,31,46,15,0.0002,0.0002,0.01
T12621,Hemispheric Asymmetry in Neuroscience,38,39,1,0.0002,0.0002,0.0
T13402,Business Strategy and Innovation,46,31,-15,0.0002,0.0002,-0.01
T10020,Quantum Information and Cryptography,32,45,13,0.0002,0.0002,0.01
T11257,Taxation and Compliance Studies,48,29,-19,0.0002,0.0001,-0.01
T12557,Inorganic Chemistry and Materials,39,38,-1,0.0002,0.0002,-0.0
T10464,Crystal structures of chemical compounds,14,63,49,0.0001,0.0003,0.02
T13193,Geological Studies and Exploration,22,55,33,0.0001,0.0003,0.02
T11501,TGF-β signaling in diseases,40,37,-3,0.0002,0.0002,-0.0
T12501,Digital Economy and Work Transformation,57,19,-38,0.0003,0.0001,-0.02
T10264,Asphalt Pavement Performance Evaluation,41,35,-6,0.0002,0.0002,-0.0
T12004,Advanced Frequency and Time Standards,43,33,-10,0.0002,0.0002,-0.01
T11092,Spondyloarthritis Studies and Treatments,32,44,12,0.0002,0.0002,0.01
T11033,Contact Dermatitis and Allergies,46,30,-16,0.0002,0.0002,-0.01
T11664,Fiber-reinforced polymer composites,39,37,-2,0.0002,0.0002,-0.0
T11840,Pain Management and Treatment,34,42,8,0.0002,0.0002,0.0
T12327,Various Chemistry Research Topics,56,20,-36,0.0003,0.0001,-0.02
T10641,Central Venous Catheters and Hemodialysis,37,39,2,0.0002,0.0002,0.0
T10704,Advancements in Transdermal Drug Delivery,43,33,-10,0.0002,0.0002,-0.01
T10658,Bone fractures and treatments,39,37,-2,0.0002,0.0002,-0.0
T12248,Water Governance and Infrastructure,50,26,-24,0.0003,0.0001,-0.01
T13453,Alkaline Phosphatase Research Studies,49,26,-23,0.0002,0.0001,-0.01
T13297,History and advancements in chemistry,71,4,-67,0.0004,0.0,-0.03
T11825,Catalysis and Oxidation Reactions,54,21,-33,0.0003,0.0001,-0.02
T11144,melanin and skin pigmentation,38,37,-1,0.0002,0.0002,-0.0
T11187,Nonlinear Dynamics and Pattern Formation,39,36,-3,0.0002,0.0002,-0.0
T11509,Hip and Femur Fractures,40,35,-5,0.0002,0.0002,-0.0
T10720,Complexity and Algorithms in Graphs,15,60,45,0.0001,0.0003,0.02
T10628,China's Socioeconomic Reforms and Governance,42,33,-9,0.0002,0.0002,-0.0
T11942,Transportation and Mobility Innovations,36,39,3,0.0002,0.0002,0.0
T10563,Corneal surgery and disorders,35,40,5,0.0002,0.0002,0.0
T10898,Environmental Education and Sustainability,46,29,-17,0.0002,0.0001,-0.01
T13533,Medical Case Reports and Studies,11,64,53,0.0001,0.0003,0.03
T11308,Sphingolipid Metabolism and Signaling,42,33,-9,0.0002,0.0002,-0.0
T11271,Myasthenia Gravis and Thymoma,39,36,-3,0.0002,0.0002,-0.0
T11960,Relativity and Gravitational Theory,25,50,25,0.0001,0.0003,0.01
T12895,Environmental law and policy,28,47,19,0.0001,0.0002,0.01
T12103,Cancer Risks and Factors,46,28,-18,0.0002,0.0001,-0.01
T11673,Advanced Topics in Algebra,44,30,-14,0.0002,0.0002,-0.01
T10612,Magnetism in coordination complexes,58,16,-42,0.0003,0.0001,-0.02
T11779,Higher Education and Employability,42,32,-10,0.0002,0.0002,-0.01
T11206,Model Reduction and Neural Networks,35,39,4,0.0002,0.0002,0.0
T11890,Scientific Measurement and Uncertainty Evaluation,35,39,4,0.0002,0.0002,0.0
T10852,Temporomandibular Joint Disorders,30,44,14,0.0002,0.0002,0.01
T12677,Sports Dynamics and Biomechanics,31,43,12,0.0002,0.0002,0.01
T11711,COVID-19 Pandemic Impacts,45,29,-16,0.0002,0.0001,-0.01
T11549,Synthetic Organic Chemistry Methods,66,8,-58,0.0003,0.0,-0.03
T12044,Advanced Physical and Chemical Molecular Interactions,25,49,24,0.0001,0.0002,0.01
T12533,Aldose Reductase and Taurine,49,25,-24,0.0002,0.0001,-0.01
T14079,Mathematics Education and Programs,39,35,-4,0.0002,0.0002,-0.0
T12096,Ectopic Pregnancy Diagnosis and Management,48,26,-22,0.0002,0.0001,-0.01
T10758,Cinema and Media Studies,54,19,-35,0.0003,0.0001,-0.02
T10838,Animal Behavior and Welfare Studies,33,40,7,0.0002,0.0002,0.0
T13355,Marketing and Advertising Strategies,5,68,63,0.0,0.0003,0.03
T11818,Nicotinic Acetylcholine Receptors Study,36,37,1,0.0002,0.0002,0.0
T11093,Personality Disorders and Psychopathology,39,34,-5,0.0002,0.0002,-0.0
T10618,Aortic Disease and Treatment Approaches,40,33,-7,0.0002,0.0002,-0.0
T12206,Vibration and Dynamic Analysis,39,34,-5,0.0002,0.0002,-0.0
T12362,Tribology and Wear Analysis,39,34,-5,0.0002,0.0002,-0.0
T10702,Insect and Arachnid Ecology and Behavior,64,9,-55,0.0003,0.0,-0.03
T11481,Sulfur Compounds in Biology,46,27,-19,0.0002,0.0001,-0.01
T11440,Click Chemistry and Applications,49,24,-25,0.0002,0.0001,-0.01
T10524,Traffic control and management,29,43,14,0.0001,0.0002,0.01
T12307,Ancient Near East History,33,39,6,0.0002,0.0002,0.0
T11570,Periodontal Regeneration and Treatments,47,25,-22,0.0002,0.0001,-0.01
T14090,Health and Conflict Studies,51,21,-30,0.0003,0.0001,-0.02
T11455,Microbial Inactivation Methods,28,44,16,0.0001,0.0002,0.01
T13695,"Aging, Elder Care, and Social Issues",14,58,44,0.0001,0.0003,0.02
T11634,Water Quality and Pollution Assessment,38,34,-4,0.0002,0.0002,-0.0
T12627,Graphene and Nanomaterials Applications,38,34,-4,0.0002,0.0002,-0.0
T11043,Merger and Competition Analysis,28,44,16,0.0001,0.0002,0.01
T11378,Gastrointestinal Bleeding Diagnosis and Treatment,28,44,16,0.0001,0.0002,0.01
T11950,Cardiovascular Syncope and Autonomic Disorders,41,31,-10,0.0002,0.0002,-0.01
T11139,"Gout, Hyperuricemia, Uric Acid",37,35,-2,0.0002,0.0002,-0.0
T11544,"Gender, Labor, and Family Dynamics",40,32,-8,0.0002,0.0002,-0.0
T13199,Digestive system and related health,45,27,-18,0.0002,0.0001,-0.01
T10666,Photonic Crystals and Applications,44,28,-16,0.0002,0.0001,-0.01
T12230,Cardiovascular Issues in Pregnancy,53,19,-34,0.0003,0.0001,-0.02
T11153,Streptococcal Infections and Treatments,43,29,-14,0.0002,0.0001,-0.01
T12099,Advanced materials and composites,57,15,-42,0.0003,0.0001,-0.02
T12076,Renaissance and Early Modern Studies,44,28,-16,0.0002,0.0001,-0.01
T11980,Human Mobility and Location-Based Analysis,40,32,-8,0.0002,0.0002,-0.0
T11479,Smart Cities and Technologies,37,35,-2,0.0002,0.0002,-0.0
T11623,Hyperglycemia and glycemic control in critically ill and hospitalized patients,52,20,-32,0.0003,0.0001,-0.02
T12843,Human Resource and Talent Management,28,44,16,0.0001,0.0002,0.01
T13369,European and Russian Geopolitical Military Strategies,28,44,16,0.0001,0.0002,0.01
T11759,Occupational Therapy Practice and Research,50,21,-29,0.0003,0.0001,-0.01
T13162,African Studies and Ethnography,10,61,51,0.0001,0.0003,0.03
T11295,Counseling Practices and Supervision,40,31,-9,0.0002,0.0002,-0.0
T11493,Water Treatment and Disinfection,36,35,-1,0.0002,0.0002,-0.0
T10133,Media Studies and Communication,30,41,11,0.0002,0.0002,0.01
T12090,Language and cultural evolution,36,35,-1,0.0002,0.0002,-0.0
T12564,Sensor Technology and Measurement Systems,49,22,-27,0.0002,0.0001,-0.01
T14141,Colonial History and Postcolonial Studies,7,64,57,0.0,0.0003,0.03
T13291,Political Theory and Democracy,1,70,69,0.0,0.0004,0.04
T14238,Historical Gender and Feminism Studies,45,25,-20,0.0002,0.0001,-0.01
T12996,Cancer Research and Treatments,53,17,-36,0.0003,0.0001,-0.02
T11372,Hydraulic and Pneumatic Systems,44,26,-18,0.0002,0.0001,-0.01
T11383,Advanced Antenna and Metasurface Technologies,32,38,6,0.0002,0.0002,0.0
T11688,Microbial infections and disease research,26,44,18,0.0001,0.0002,0.01
T11944,Participatory Visual Research Methods,38,32,-6,0.0002,0.0002,-0.0
T10474,Material Dynamics and Properties,31,39,8,0.0002,0.0002,0.0
T14162,Historical and Literary Studies,64,6,-58,0.0003,0.0,-0.03
T11946,Antenna Design and Optimization,47,23,-24,0.0002,0.0001,-0.01
T12005,Spaceflight effects on biology,39,31,-8,0.0002,0.0002,-0.0
T11231,Microbial Fuel Cells and Bioremediation,48,22,-26,0.0002,0.0001,-0.01
T11631,"Retirement, Disability, and Employment",41,29,-12,0.0002,0.0001,-0.01
T10603,Smart Grid Energy Management,44,26,-18,0.0002,0.0001,-0.01
T10124,Prostate Cancer Diagnosis and Treatment,34,36,2,0.0002,0.0002,0.0
T11724,Inflammatory Myopathies and Dermatomyositis,39,31,-8,0.0002,0.0002,-0.0
T11261,Quantum chaos and dynamical systems,44,26,-18,0.0002,0.0001,-0.01
T11882,Plant biochemistry and biosynthesis,38,31,-7,0.0002,0.0002,-0.0
T10729,Electrospun Nanofibers in Biomedical Applications,42,27,-15,0.0002,0.0001,-0.01
T11874,Structural Response to Dynamic Loads,37,32,-5,0.0002,0.0002,-0.0
T11227,Diabetic Foot Ulcer Assessment and Management,42,27,-15,0.0002,0.0001,-0.01
T11191,Mathematical functions and polynomials,23,46,23,0.0001,0.0002,0.01
T12151,Interpreting and Communication in Healthcare,47,22,-25,0.0002,0.0001,-0.01
T12049,Tuberous Sclerosis Complex Research,32,37,5,0.0002,0.0002,0.0
T11862,"Agriculture, Land Use, Rural Development",36,33,-3,0.0002,0.0002,-0.0
T13414,Radioactive Decay and Measurement Techniques,28,41,13,0.0001,0.0002,0.01
T13081,Digital Education and Society,40,29,-11,0.0002,0.0001,-0.01
T10633,Metallic Glasses and Amorphous Alloys,35,34,-1,0.0002,0.0002,-0.0
T11708,Photochromic and Fluorescence Chemistry,35,34,-1,0.0002,0.0002,-0.0
T10271,Seismic Imaging and Inversion Techniques,40,29,-11,0.0002,0.0001,-0.01
T11830,Point processes and geometric inequalities,27,42,15,0.0001,0.0002,0.01
T12929,Animal Genetics and Reproduction,54,15,-39,0.0003,0.0001,-0.02
T10067,Stochastic processes and financial applications,35,34,-1,0.0002,0.0002,-0.0
T12167,Bacterial Identification and Susceptibility Testing,33,35,2,0.0002,0.0002,0.0
T10952,PI3K/AKT/mTOR signaling in cancer,42,26,-16,0.0002,0.0001,-0.01
T13628,Agricultural Productivity and Crop Improvement,7,61,54,0.0,0.0003,0.03
T13103,Middle East Politics and Society,31,37,6,0.0002,0.0002,0.0
T12688,Microbial metabolism and enzyme function,35,33,-2,0.0002,0.0002,-0.0
T11962,Cardiac Fibrosis and Remodeling,21,47,26,0.0001,0.0002,0.01
T10640,Spectroscopy and Chemometric Analyses,43,25,-18,0.0002,0.0001,-0.01
T10467,Psychometric Methodologies and Testing,14,54,40,0.0001,0.0003,0.02
T13275,Medical and Health Sciences Research,10,58,48,0.0001,0.0003,0.02
T11355,Inflammatory Biomarkers in Disease Prognosis,42,26,-16,0.0002,0.0001,-0.01
T12250,Experimental and Theoretical Physics Studies,55,13,-42,0.0003,0.0001,-0.02
T10215,Semantic Web and Ontologies,39,29,-10,0.0002,0.0001,-0.01
T13504,African history and culture analysis,59,9,-50,0.0003,0.0,-0.03
T10149,Anthropological Studies and Insights,43,25,-18,0.0002,0.0001,-0.01
T11649,Pharmaceutical industry and healthcare,36,32,-4,0.0002,0.0002,-0.0
T10455,Foot and Ankle Surgery,32,36,4,0.0002,0.0002,0.0
T12145,Dental Anxiety and Anesthesia Techniques,35,33,-2,0.0002,0.0002,-0.0
T13049,Surface Roughness and Optical Measurements,24,44,20,0.0001,0.0002,0.01
T11460,Analytical Methods in Pharmaceuticals,32,36,4,0.0002,0.0002,0.0
T10801,Synthetic Aperture Radar (SAR) Applications and Techniques,46,22,-24,0.0002,0.0001,-0.01
T10990,Infection Control and Ventilation,36,31,-5,0.0002,0.0002,-0.0
T10739,Electromagnetic Scattering and Analysis,26,41,15,0.0001,0.0002,0.01
T10968,Statistical Distribution Estimation and Applications,21,46,25,0.0001,0.0002,0.01
T13575,Travel Writing and Literature,31,36,5,0.0002,0.0002,0.0
T11895,Social and Cultural Dynamics,32,35,3,0.0002,0.0002,0.0
T12427,Metal Alloys Wear and Properties,44,23,-21,0.0002,0.0001,-0.01
T12349,Food Chemistry and Fat Analysis,36,31,-5,0.0002,0.0002,-0.0
T11018,Lower Extremity Biomechanics and Pathologies,27,40,13,0.0001,0.0002,0.01
T10819,Mercury impact and mitigation studies,42,25,-17,0.0002,0.0001,-0.01
T11891,Big Data and Business Intelligence,55,12,-43,0.0003,0.0001,-0.02
T13409,Paleopathology and ancient diseases,19,48,29,0.0001,0.0002,0.01
T11483,Tropical and Extratropical Cyclones Research,35,32,-3,0.0002,0.0002,-0.0
T10035,Phytochemicals and Antioxidant Activities,22,45,23,0.0001,0.0002,0.01
T11676,Parental Involvement in Education,46,21,-25,0.0002,0.0001,-0.01
T14493,Criminal Law and Evidence,46,21,-25,0.0002,0.0001,-0.01
T12991,Phytase and its Applications,59,8,-51,0.0003,0.0,-0.03
T14464,Community Development and Social Impact,53,14,-39,0.0003,0.0001,-0.02
T12783,"Migration, Aging, and Tourism Studies",51,16,-35,0.0003,0.0001,-0.02
T13173,Gender Studies in Language,40,27,-13,0.0002,0.0001,-0.01
T12056,Markov Chains and Monte Carlo Methods,29,38,9,0.0001,0.0002,0.0
T12055,Boron Compounds in Chemistry,35,32,-3,0.0002,0.0002,-0.0
T10101,Cloud Computing and Resource Management,35,32,-3,0.0002,0.0002,-0.0
T11762,"Law, Economics, and Judicial Systems",40,27,-13,0.0002,0.0001,-0.01
T10953,E-Government and Public Services,15,52,37,0.0001,0.0003,0.02
T13588,Regional resilience and development,38,29,-9,0.0002,0.0001,-0.0
T10967,Carbon Dioxide Capture Technologies,38,29,-9,0.0002,0.0001,-0.0
T11573,Risk Perception and Management,33,33,0,0.0002,0.0002,0.0
T10896,Homotopy and Cohomology in Algebraic Topology,48,18,-30,0.0002,0.0001,-0.02
T13494,Military History and Strategy,31,35,4,0.0002,0.0002,0.0
T11988,Sustainable Building Design and Assessment,37,29,-8,0.0002,0.0001,-0.0
T11488,Climate Change Communication and Perception,42,24,-18,0.0002,0.0001,-0.01
T10179,Supercapacitor Materials and Fabrication,38,28,-10,0.0002,0.0001,-0.01
T10677,Attachment and Relationship Dynamics,39,27,-12,0.0002,0.0001,-0.01
T11904,Spatial Cognition and Navigation,41,25,-16,0.0002,0.0001,-0.01
T11441,Organoboron and organosilicon chemistry,22,44,22,0.0001,0.0002,0.01
T13035,Human Rights and Development,55,11,-44,0.0003,0.0001,-0.02
T11645,"Urban, Neighborhood, and Segregation Studies",29,37,8,0.0001,0.0002,0.0
T12709,Optimization and Mathematical Programming,26,40,14,0.0001,0.0002,0.01
T13574,Family Support in Illness,39,27,-12,0.0002,0.0001,-0.01
T11824,Injury Epidemiology and Prevention,41,25,-16,0.0002,0.0001,-0.01
T12586,"Folklore, Mythology, and Literature Studies",34,32,-2,0.0002,0.0002,-0.0
T11674,Sports Analytics and Performance,40,26,-14,0.0002,0.0001,-0.01
T10175,Advanced DC-DC Converters,29,36,7,0.0001,0.0002,0.0
T10659,Marine animal studies overview,34,31,-3,0.0002,0.0002,-0.0
T11184,Neonatal and fetal brain pathology,49,16,-33,0.0002,0.0001,-0.02
T12445,Twentieth Century Scientific Developments,26,39,13,0.0001,0.0002,0.01
T11884,Redox biology and oxidative stress,11,54,43,0.0001,0.0003,0.02
T11345,Cognitive and developmental aspects of mathematical skills,40,25,-15,0.0002,0.0001,-0.01
T12080,Injection Molding Process and Properties,34,31,-3,0.0002,0.0002,-0.0
T14149,Historical and Literary Analyses,20,45,25,0.0001,0.0002,0.01
T11217,Cardiac Arrhythmias and Treatments,38,27,-11,0.0002,0.0001,-0.01
T10586,Robotic Path Planning Algorithms,35,30,-5,0.0002,0.0002,-0.0
T11556,"Poverty, Education, and Child Welfare",53,12,-41,0.0003,0.0001,-0.02
T13721,Political Science Research and Education,12,53,41,0.0001,0.0003,0.02
T10459,Sexual function and dysfunction studies,34,31,-3,0.0002,0.0002,-0.0
T12245,"Counseling, Therapy, and Family Dynamics",49,16,-33,0.0002,0.0001,-0.02
T10942,"Sports, Gender, and Society",41,24,-17,0.0002,0.0001,-0.01
T11365,Islamic Finance and Banking Studies,45,20,-25,0.0002,0.0001,-0.01
T12505,Peptidase Inhibition and Analysis,60,5,-55,0.0003,0.0,-0.03
T11605,Visual Attention and Saliency Detection,23,42,19,0.0001,0.0002,0.01
T12279,Body Composition Measurement Techniques,34,31,-3,0.0002,0.0002,-0.0
T11183,Advanced X-ray Imaging Techniques,32,33,1,0.0002,0.0002,0.0
T14393,"Health, Environment, Cognitive Aging",53,12,-41,0.0003,0.0001,-0.02
T11841,Nuclear Structure and Function,41,24,-17,0.0002,0.0001,-0.01
T11752,Cancer Treatment and Pharmacology,49,15,-34,0.0002,0.0001,-0.02
T11627,Autoimmune Neurological Disorders and Treatments,32,32,0,0.0002,0.0002,0.0
T10440,Advanced Thermoelectric Materials and Devices,33,31,-2,0.0002,0.0002,-0.0
T11668,interferon and immune responses,31,33,2,0.0002,0.0002,0.0
T11204,Ion Channels and Receptors,21,43,22,0.0001,0.0002,0.01
T12295,"Foucault, Power, and Ethics",25,39,14,0.0001,0.0002,0.01
T11934,Syphilis Diagnosis and Treatment,34,30,-4,0.0002,0.0002,-0.0
T11599,Aviation Industry Analysis and Trends,35,29,-6,0.0002,0.0001,-0.0
T13551,Biochemical effects in animals,48,16,-32,0.0002,0.0001,-0.02
T14451,Historical and Religious Studies of Rome,47,17,-30,0.0002,0.0001,-0.02
T12798,Religious Tourism and Spaces,49,15,-34,0.0002,0.0001,-0.02
T11924,Polyamine Metabolism and Applications,47,17,-30,0.0002,0.0001,-0.02
T12840,Renal function and acid-base balance,51,13,-38,0.0003,0.0001,-0.02
T12073,Isotope Analysis in Ecology,47,17,-30,0.0002,0.0001,-0.02
T12231,Contemporary Sociological Theory and Practice,35,29,-6,0.0002,0.0001,-0.0
T10922,Magnetic Properties and Synthesis of Ferrites,27,37,10,0.0001,0.0002,0.01
T10553,Combustion and flame dynamics,37,27,-10,0.0002,0.0001,-0.01
T12412,Enzyme function and inhibition,53,11,-42,0.0003,0.0001,-0.02
T13621,Ancient and Medieval Archaeology Studies,16,48,32,0.0001,0.0002,0.02
T10478,Diamond and Carbon-based Materials Research,48,15,-33,0.0002,0.0001,-0.02
T11538,Ophthalmology and Eye Disorders,29,34,5,0.0001,0.0002,0.0
T13180,Chemistry and Chemical Engineering,41,22,-19,0.0002,0.0001,-0.01
T11832,Doctoral Education Challenges and Solutions,21,42,21,0.0001,0.0002,0.01
T11009,Catalysis for Biomass Conversion,41,22,-19,0.0002,0.0001,-0.01
T12980,Family Caregiving in Mental Illness,37,26,-11,0.0002,0.0001,-0.01
T12070,Writing and Handwriting Education,16,47,31,0.0001,0.0002,0.02
T11872,Barrier Structure and Function Studies,30,33,3,0.0002,0.0002,0.0
T13519,Historical Architecture and Urbanism,8,55,47,0.0,0.0003,0.02
T14062,Migration and Exile Studies,2,61,59,0.0,0.0003,0.03
T12539,Pharmacology and Obesity Treatment,44,19,-25,0.0002,0.0001,-0.01
T13704,French Literature and Poetry,33,30,-3,0.0002,0.0002,-0.0
T11211,3D Surveying and Cultural Heritage,42,21,-21,0.0002,0.0001,-0.01
T10068,Technology Adoption and User Behaviour,31,32,1,0.0002,0.0002,0.0
T11118,Evolutionary Psychology and Human Behavior,44,19,-25,0.0002,0.0001,-0.01
T10049,Magnetic properties of thin films,38,25,-13,0.0002,0.0001,-0.01
T12232,"Yersinia bacterium, plague, ectoparasites research",47,16,-31,0.0002,0.0001,-0.02
T11366,Elasticity and Material Modeling,25,38,13,0.0001,0.0002,0.01
T10399,Hydrocarbon exploration and reservoir analysis,44,19,-25,0.0002,0.0001,-0.01
T11199,Pain Management and Opioid Use,33,30,-3,0.0002,0.0002,-0.0
T10954,Peripheral Nerve Disorders,33,30,-3,0.0002,0.0002,-0.0
T10715,Distributed and Parallel Computing Systems,41,21,-20,0.0002,0.0001,-0.01
T12210,Policy Transfer and Learning,28,34,6,0.0001,0.0002,0.0
T10488,Nanocomposite Films for Food Packaging,31,31,0,0.0002,0.0002,0.0
T11748,Organophosphorus compounds synthesis,19,43,24,0.0001,0.0002,0.01
T13911,"Employment, Labor, and Gender Studies",1,61,60,0.0,0.0003,0.03
T13673,Library Science and Information,0,62,62,0.0,0.0003,0.03
T10585,Family Dynamics and Relationships,14,48,34,0.0001,0.0002,0.02
T10643,Marine and coastal plant biology,40,22,-18,0.0002,0.0001,-0.01
T12632,Visual Culture and Art Theory,27,35,8,0.0001,0.0002,0.0
T12617,"Energy, Environment, and Transportation Policies",47,15,-32,0.0002,0.0001,-0.02
T12440,Karl Barth and Christian Theology,8,54,46,0.0,0.0003,0.02
T12514,Fashion and Cultural Textiles,44,18,-26,0.0002,0.0001,-0.01
T12999,Medieval History and Crusades,21,41,20,0.0001,0.0002,0.01
T11377,Retinal and Macular Surgery,37,25,-12,0.0002,0.0001,-0.01
T10462,Reinforcement Learning in Robotics,29,33,4,0.0001,0.0002,0.0
T12264,Tissue Engineering and Regenerative Medicine,30,32,2,0.0002,0.0002,0.0
T11740,Geochemistry and Elemental Analysis,33,29,-4,0.0002,0.0001,-0.0
T12274,Electrostatics and Colloid Interactions,34,28,-6,0.0002,0.0001,-0.0
T11536,Consumer Retail Behavior Studies,36,26,-10,0.0002,0.0001,-0.01
T13439,Transport and Economic Policies,36,26,-10,0.0002,0.0001,-0.01
T13474,Autobiographical and Biographical Writing,18,44,26,0.0001,0.0002,0.01
T10323,Analog and Mixed-Signal Circuit Design,24,37,13,0.0001,0.0002,0.01
T11610,Food Security and Health in Diverse Populations,40,21,-19,0.0002,0.0001,-0.01
T11292,Pediatric Pain Management Techniques,33,28,-5,0.0002,0.0001,-0.0
T12506,Nuclear materials and radiation effects,34,27,-7,0.0002,0.0001,-0.0
T14170,Classical Studies and Philology,6,55,49,0.0,0.0003,0.02
T12063,Heat and Mass Transfer in Porous Media,20,41,21,0.0001,0.0002,0.01
T11773,Healthcare Operations and Scheduling Optimization,31,30,-1,0.0002,0.0002,-0.0
T11658,Esophageal and GI Pathology,39,22,-17,0.0002,0.0001,-0.01
T13261,Elasticity and Wave Propagation,10,51,41,0.0001,0.0003,0.02
T12492,Zoonotic diseases and public health,47,14,-33,0.0002,0.0001,-0.02
T11473,Appendicitis Diagnosis and Management,35,26,-9,0.0002,0.0001,-0.0
T10011,"Literature: history, themes, analysis",53,8,-45,0.0003,0.0,-0.02
T10636,Innovative Teaching and Learning Methods,42,19,-23,0.0002,0.0001,-0.01
T13305,Teacher Professional Development and Motivation,29,32,3,0.0001,0.0002,0.0
T11475,French Urban and Social Studies,57,4,-53,0.0003,0.0,-0.03
T10690,Vibration Control and Rheological Fluids,27,34,7,0.0001,0.0002,0.0
T12163,Aerosol Filtration and Electrostatic Precipitation,37,24,-13,0.0002,0.0001,-0.01
T11551,Infective Endocarditis Diagnosis and Management,36,25,-11,0.0002,0.0001,-0.01
T10939,Crystal Structures and Properties,28,33,5,0.0001,0.0002,0.0
T11480,Connexins and lens biology,32,29,-3,0.0002,0.0001,-0.0
T11396,Artificial Intelligence in Healthcare,21,40,19,0.0001,0.0002,0.01
T11406,Cerebrospinal fluid and hydrocephalus,31,30,-1,0.0002,0.0002,-0.0
T10975,Bone Tumor Diagnosis and Treatments,29,32,3,0.0001,0.0002,0.0
T12595,Romani and Gypsy Studies,35,26,-9,0.0002,0.0001,-0.0
T12038,Covalent Organic Framework Applications,30,30,0,0.0002,0.0002,0.0
T12430,Academic and Historical Perspectives in Psychology,38,22,-16,0.0002,0.0001,-0.01
T10907,International Student and Expatriate Challenges,30,30,0,0.0002,0.0002,0.0
T11925,Culinary Culture and Tourism,55,5,-50,0.0003,0.0,-0.03
T12089,Intestinal and Peritoneal Adhesions,35,25,-10,0.0002,0.0001,-0.01
T11454,Cultural Differences and Values,49,11,-38,0.0002,0.0001,-0.02
T10201,Speech Recognition and Synthesis,24,36,12,0.0001,0.0002,0.01
T12020,Enhanced Recovery After Surgery,21,39,18,0.0001,0.0002,0.01
T10278,Electric Motor Design and Analysis,33,27,-6,0.0002,0.0001,-0.0
T10961,Hernia repair and management,32,28,-4,0.0002,0.0001,-0.0
T12219,Canadian Identity and History,37,23,-14,0.0002,0.0001,-0.01
T11914,PARP inhibition in cancer therapy,39,21,-18,0.0002,0.0001,-0.01
T11195,Simulation Techniques and Applications,33,27,-6,0.0002,0.0001,-0.0
T11906,"Gender, Sexuality, and Education",0,60,60,0.0,0.0003,0.03
T13155,Digital Communication and Language,35,24,-11,0.0002,0.0001,-0.01
T11266,Neuroinflammation and Neurodegeneration Mechanisms,43,16,-27,0.0002,0.0001,-0.01
T10830,Airway Management and Intubation Techniques,31,28,-3,0.0002,0.0001,-0.0
T11508,Corporate Taxation and Avoidance,40,19,-21,0.0002,0.0001,-0.01
T13689,Underground infrastructure and sustainability,39,20,-19,0.0002,0.0001,-0.01
T11695,South African History and Culture,35,24,-11,0.0002,0.0001,-0.01
T11618,Cholesterol and Lipid Metabolism,16,43,27,0.0001,0.0002,0.01
T12489,Microbial Metabolites in Food Biotechnology,48,11,-37,0.0002,0.0001,-0.02
T10610,Advanced Cellulose Research Studies,34,25,-9,0.0002,0.0001,-0.0
T10731,Educational Games and Gamification,27,32,5,0.0001,0.0002,0.0
T11677,Congenital heart defects research,54,5,-49,0.0003,0.0,-0.02
T10430,Software Engineering Techniques and Practices,16,42,26,0.0001,0.0002,0.01
T13953,Digital Imaging in Medicine,46,12,-34,0.0002,0.0001,-0.02
T12554,Vitamin C and Antioxidants Research,36,22,-14,0.0002,0.0001,-0.01
T11161,Consumer Market Behavior and Pricing,30,28,-2,0.0002,0.0001,-0.0
T12026,Explainable Artificial Intelligence (XAI),26,32,6,0.0001,0.0002,0.0
T12207,Assistive Technology in Communication and Mobility,27,31,4,0.0001,0.0002,0.0
T11180,Pesticide and Herbicide Environmental Studies,31,27,-4,0.0002,0.0001,-0.0
T11045,"Privacy, Security, and Data Protection",31,27,-4,0.0002,0.0001,-0.0
T11917,"Coagulation, Bradykinin, Polyphosphates, and Angioedema",41,17,-24,0.0002,0.0001,-0.01
T10810,Polymer composites and self-healing,30,28,-2,0.0002,0.0001,-0.0
T12084,Synthesis and properties of polymers,46,12,-34,0.0002,0.0001,-0.02
T11351,Catalysis and Hydrodesulfurization Studies,38,20,-18,0.0002,0.0001,-0.01
T12500,Reflective Practices in Education,44,14,-30,0.0002,0.0001,-0.02
T13802,Vietnamese History and Culture Studies,52,6,-46,0.0003,0.0,-0.02
T10667,Emotion and Mood Recognition,26,32,6,0.0001,0.0002,0.0
T14293,Biotechnology and Related Fields,44,13,-31,0.0002,0.0001,-0.02
T10874,Electromagnetic Fields and Biological Effects,26,31,5,0.0001,0.0002,0.0
T11291,Intraocular Surgery and Lenses,23,34,11,0.0001,0.0002,0.01
T11843,Family Business Performance and Succession,42,15,-27,0.0002,0.0001,-0.01
T10803,Innovative Human-Technology Interaction,18,39,21,0.0001,0.0002,0.01
T11443,Advanced Statistical Process Monitoring,33,24,-9,0.0002,0.0001,-0.0
T11578,Plant Pathogenic Bacteria Studies,34,23,-11,0.0002,0.0001,-0.01
T11621,Fiscal Policies and Political Economy,31,26,-5,0.0002,0.0001,-0.0
T13215,Global Maritime and Colonial Histories,56,1,-55,0.0003,0.0,-0.03
T11672,Recycling and utilization of industrial and municipal waste in materials production,28,29,1,0.0001,0.0001,0.0
T10845,Advanced Causal Inference Techniques,38,19,-19,0.0002,0.0001,-0.01
T14316,"Nursing Education, Practice, and Leadership",32,25,-7,0.0002,0.0001,-0.0
T13412,Education and Technology Integration,47,10,-37,0.0002,0.0001,-0.02
T11135,Virology and Viral Diseases,28,29,1,0.0001,0.0001,0.0
T10444,Context-Aware Activity Recognition Systems,28,29,1,0.0001,0.0001,0.0
T10611,Organic Light-Emitting Diodes Research,25,32,7,0.0001,0.0002,0.0
T11270,Complex Systems and Time Series Analysis,44,13,-31,0.0002,0.0001,-0.02
T11265,Aging and Gerontology Research,29,28,-1,0.0001,0.0001,-0.0
T10357,Efficiency Analysis Using DEA,25,31,6,0.0001,0.0002,0.0
T11108,Municipal Solid Waste Management,29,27,-2,0.0001,0.0001,-0.0
T12836,History and Developments in Astronomy,45,11,-34,0.0002,0.0001,-0.02
T13196,Political Theory and Influence,30,26,-4,0.0002,0.0001,-0.0
T11040,Personality Traits and Psychology,20,36,16,0.0001,0.0002,0.01
T12296,Autopsy Techniques and Outcomes,35,21,-14,0.0002,0.0001,-0.01
T10958,Ultrasound and Hyperthermia Applications,27,29,2,0.0001,0.0001,0.0
T10711,Target Tracking and Data Fusion in Sensor Networks,28,28,0,0.0001,0.0001,0.0
T11823,Natural Resources and Economic Development,29,27,-2,0.0001,0.0001,-0.0
T12986,Administrative Law and Governance,1,55,54,0.0,0.0003,0.03
T12860,Family and Patient Care in Intensive Care Units,39,17,-22,0.0002,0.0001,-0.01
T11814,Advanced Manufacturing and Logistics Optimization,45,11,-34,0.0002,0.0001,-0.02
T10956,Fullerene Chemistry and Applications,37,19,-18,0.0002,0.0001,-0.01
T11499,ICT Impact and Policies,42,14,-28,0.0002,0.0001,-0.01
T11182,Auction Theory and Applications,40,16,-24,0.0002,0.0001,-0.01
T13984,"Nutrition, Genetics, and Disease",47,9,-38,0.0002,0.0,-0.02
T10779,Coastal wetland ecosystem dynamics,31,25,-6,0.0002,0.0001,-0.0
T12671,Management and Marketing Education,29,27,-2,0.0001,0.0001,-0.0
T12572,"Intelligence, Security, War Strategy",31,25,-6,0.0002,0.0001,-0.0
T13558,"Philosophy, Science, and History",15,41,26,0.0001,0.0002,0.01
T11996,Random lasers and scattering media,30,26,-4,0.0002,0.0001,-0.0
T13067,Geological Modeling and Analysis,32,23,-9,0.0002,0.0001,-0.0
T10476,Algal biology and biofuel production,42,13,-29,0.0002,0.0001,-0.01
T12182,Evolution and Science Education,39,16,-23,0.0002,0.0001,-0.01
T11155,Toxoplasma gondii Research Studies,30,25,-5,0.0002,0.0001,-0.0
T11262,Quantum Mechanics and Non-Hermitian Physics,30,25,-5,0.0002,0.0001,-0.0
T10889,Soil erosion and sediment transport,31,24,-7,0.0002,0.0001,-0.0
T11753,Forest Management and Policy,30,25,-5,0.0002,0.0001,-0.0
T11052,Energy Load and Power Forecasting,37,18,-19,0.0002,0.0001,-0.01
T13157,Cancer-related gene regulation,42,13,-29,0.0002,0.0001,-0.01
T10664,Sentiment Analysis and Opinion Mining,20,35,15,0.0001,0.0002,0.01
T11172,Dermatologic Treatments and Research,29,26,-3,0.0001,0.0001,-0.0
T12503,Social Acceptance of Renewable Energy,34,21,-13,0.0002,0.0001,-0.01
T11738,Ultrasound in Clinical Applications,30,25,-5,0.0002,0.0001,-0.0
T13005,Religious Studies and Spiritual Practices,42,13,-29,0.0002,0.0001,-0.01
T13714,Medieval Architecture and Archaeology,11,44,33,0.0001,0.0002,0.02
T10417,Lung Cancer Treatments and Mutations,33,22,-11,0.0002,0.0001,-0.01
T10599,Reconstructive Surgery and Microvascular Techniques,28,27,-1,0.0001,0.0001,-0.0
T10865,Shape Memory Alloy Transformations,26,29,3,0.0001,0.0001,0.0
T14089,Nanotechnology research and applications,27,28,1,0.0001,0.0001,0.0
T11811,Cutaneous lymphoproliferative disorders research,31,24,-7,0.0002,0.0001,-0.0
T14396,Healthcare Regulation,1,54,53,0.0,0.0003,0.03
T11150,Endoplasmic Reticulum Stress and Disease,38,16,-22,0.0002,0.0001,-0.01
T12060,Child Development and Digital Technology,43,11,-32,0.0002,0.0001,-0.02
T12258,"Perfectionism, Procrastination, Anxiety Studies",31,23,-8,0.0002,0.0001,-0.0
T12236,Photoreceptor and optogenetics research,48,6,-42,0.0002,0.0,-0.02
T10384,Laser-Plasma Interactions and Diagnostics,29,25,-4,0.0001,0.0001,-0.0
T12761,Data Stream Mining Techniques,29,25,-4,0.0001,0.0001,-0.0
T11789,Land Rights and Reforms,34,20,-14,0.0002,0.0001,-0.01
T12061,Axon Guidance and Neuronal Signaling,42,12,-30,0.0002,0.0001,-0.02
T12465,"Cancer, Lipids, and Metabolism",31,23,-8,0.0002,0.0001,-0.0
T11692,Noise Effects and Management,34,20,-14,0.0002,0.0001,-0.01
T12728,Demographic Trends and Gender Preferences,49,5,-44,0.0002,0.0,-0.02
T12640,Environmental DNA in Biodiversity Studies,33,21,-12,0.0002,0.0001,-0.01
T11328,Ocular Oncology and Treatments,26,28,2,0.0001,0.0001,0.0
T10057,Face and Expression Recognition,41,13,-28,0.0002,0.0001,-0.01
T12583,Food Waste Reduction and Sustainability,38,16,-22,0.0002,0.0001,-0.01
T11908,Protein Interaction Studies and Fluorescence Analysis,25,29,4,0.0001,0.0001,0.0
T11072,Peroxisome Proliferator-Activated Receptors,39,15,-24,0.0002,0.0001,-0.01
T14382,Electrophoretic Deposition in Materials Science,29,24,-5,0.0001,0.0001,-0.0
T13156,Historical Linguistics and Language Studies,42,11,-31,0.0002,0.0001,-0.02
T11239,Social Capital and Networks,35,18,-17,0.0002,0.0001,-0.01
T12957,"War, Ethics, and Justification",27,26,-1,0.0001,0.0001,-0.0
T13171,Polymer Science and PVC,24,29,5,0.0001,0.0001,0.0
T10734,Information and Cyber Security,24,29,5,0.0001,0.0001,0.0
T12550,"Politics and Conflicts in Afghanistan, Pakistan, and Middle East",42,11,-31,0.0002,0.0001,-0.02
T11035,Salivary Gland Tumors Diagnosis and Treatment,35,18,-17,0.0002,0.0001,-0.01
T12559,French Literature and Critical Theory,8,45,37,0.0,0.0002,0.02
T12234,Mollusks and Parasites Studies,23,30,7,0.0001,0.0002,0.0
T11333,Climate change and permafrost,29,24,-5,0.0001,0.0001,-0.0
T12494,Alcoholism and Thiamine Deficiency,34,19,-15,0.0002,0.0001,-0.01
T10816,Cerebrovascular and Carotid Artery Diseases,35,18,-17,0.0002,0.0001,-0.01
T11828,Corneal Surgery and Treatments,24,29,5,0.0001,0.0001,0.0
T13561,Chemical Reactions and Isotopes,40,13,-27,0.0002,0.0001,-0.01
T10822,Acoustic Wave Phenomena Research,29,24,-5,0.0001,0.0001,-0.0
T11079,Creativity in Education and Neuroscience,39,14,-25,0.0002,0.0001,-0.01
T10606,Kidney Stones and Urolithiasis Treatments,23,30,7,0.0001,0.0002,0.0
T12485,"Optimism, Hope, and Well-being",36,16,-20,0.0002,0.0001,-0.01
T11281,Asymmetric Hydrogenation and Catalysis,36,16,-20,0.0002,0.0001,-0.01
T10647,Coastal and Marine Dynamics,22,30,8,0.0001,0.0002,0.0
T11492,Academic integrity and plagiarism,12,40,28,0.0001,0.0002,0.01
T11592,Phenomenology and Existential Philosophy,11,41,30,0.0001,0.0002,0.02
T13364,"Digitalization, Law, and Regulation",2,50,48,0.0,0.0003,0.02
T12272,Cardiovascular Conditions and Treatments,28,24,-4,0.0001,0.0001,-0.0
T12534,Protein Degradation and Inhibitors,39,13,-26,0.0002,0.0001,-0.01
T12031,Speech and dialogue systems,34,18,-16,0.0002,0.0001,-0.01
T12129,Global Energy Security and Policy,23,29,6,0.0001,0.0001,0.0
T10244,Chaos control and synchronization,12,40,28,0.0001,0.0002,0.01
T12552,Fetal and Pediatric Neurological Disorders,29,23,-6,0.0001,0.0001,-0.0
T12788,Space Science and Extraterrestrial Life,39,13,-26,0.0002,0.0001,-0.01
T12897,Structural Analysis of Composite Materials,33,19,-14,0.0002,0.0001,-0.01
T13833,Ferrocene Chemistry and Applications,28,24,-4,0.0001,0.0001,-0.0
T11977,Technology Use by Older Adults,24,28,4,0.0001,0.0001,0.0
T10456,Multi-Agent Systems and Negotiation,26,26,0,0.0001,0.0001,0.0
T10701,Radical Photochemical Reactions,21,31,10,0.0001,0.0002,0.01
T12057,Consumer Attitudes and Food Labeling,29,22,-7,0.0001,0.0001,-0.0
T12624,Maritime and Coastal Archaeology,41,10,-31,0.0002,0.0001,-0.02
T11730,Autoimmune Bullous Skin Diseases,33,18,-15,0.0002,0.0001,-0.01
T10936,Millimeter-Wave Propagation and Modeling,27,24,-3,0.0001,0.0001,-0.0
T12241,Children's Physical and Motor Development,41,10,-31,0.0002,0.0001,-0.02
T11880,Forest ecology and management,17,34,17,0.0001,0.0002,0.01
T12008,Solar-Powered Water Purification Methods,33,18,-15,0.0002,0.0001,-0.01
T10161,Rock Mechanics and Modeling,24,27,3,0.0001,0.0001,0.0
T10191,Robotics and Sensor-Based Localization,29,22,-7,0.0001,0.0001,-0.0
T10660,Conducting polymers and applications,34,17,-17,0.0002,0.0001,-0.01
T11751,Lattice Boltzmann Simulation Studies,36,15,-21,0.0002,0.0001,-0.01
T12910,Eicosanoids and Hypertension Pharmacology,34,17,-17,0.0002,0.0001,-0.01
T10846,Photonic Crystal and Fiber Optics,15,36,21,0.0001,0.0002,0.01
T10904,Embedded Systems Design Techniques,28,23,-5,0.0001,0.0001,-0.0
T13280,Biomedical and Engineering Education,47,4,-43,0.0002,0.0,-0.02
T10321,Quantum Dots Synthesis And Properties,27,24,-3,0.0001,0.0001,-0.0
T11794,Early Modern Spanish Literature,29,22,-7,0.0001,0.0001,-0.0
T11197,Digital Games and Media,29,22,-7,0.0001,0.0001,-0.0
T12313,Emotions and Moral Behavior,32,19,-13,0.0002,0.0001,-0.01
T11699,High-Velocity Impact and Material Behavior,27,24,-3,0.0001,0.0001,-0.0
T12588,Electronic and Structural Properties of Oxides,32,19,-13,0.0002,0.0001,-0.01
T12190,Innovations in Concrete and Construction Materials,35,16,-19,0.0002,0.0001,-0.01
T11445,Origins and Evolution of Life,34,17,-17,0.0002,0.0001,-0.01
T12592,Opinion Dynamics and Social Influence,31,20,-11,0.0002,0.0001,-0.01
T11254,Fluid Dynamics and Vibration Analysis,31,20,-11,0.0002,0.0001,-0.01
T11307,Domain Adaptation and Few-Shot Learning,24,27,3,0.0001,0.0001,0.0
T10970,Team Dynamics and Performance,17,33,16,0.0001,0.0002,0.01
T10229,Geometric Analysis and Curvature Flows,20,30,10,0.0001,0.0002,0.01
T12320,Feminist Epistemology and Gender Studies,19,31,12,0.0001,0.0002,0.01
T11055,Cardiac and Coronary Surgery Techniques,12,38,26,0.0001,0.0002,0.01
T11913,Animal Ecology and Behavior Studies,33,17,-16,0.0002,0.0001,-0.01
T11502,Facility Location and Emergency Management,23,27,4,0.0001,0.0001,0.0
T11534,Erythropoietin and Anemia Treatment,22,28,6,0.0001,0.0001,0.0
T13410,Immune responses and vaccinations,26,24,-2,0.0001,0.0001,-0.0
T13076,"Torture, Ethics, and Law",31,19,-12,0.0002,0.0001,-0.01
T12704,Stress and Burnout Research,3,47,44,0.0,0.0002,0.02
T11274,Botulinum Toxin and Related Neurological Disorders,35,15,-20,0.0002,0.0001,-0.01
T11069,Testicular diseases and treatments,25,25,0,0.0001,0.0001,0.0
T10903,Porphyrin and Phthalocyanine Chemistry,37,13,-24,0.0002,0.0001,-0.01
T12603,NMR spectroscopy and applications,22,28,6,0.0001,0.0001,0.0
T12604,Glycogen Storage Diseases and Myoclonus,21,29,8,0.0001,0.0001,0.0
T10637,Advanced Clustering Algorithms Research,13,37,24,0.0001,0.0002,0.01
T12098,Rural development and sustainability,45,5,-40,0.0002,0.0,-0.02
T12655,Female Genital Mutilation/Cutting Issues,29,21,-8,0.0001,0.0001,-0.0
T11745,Potato Plant Research,44,6,-38,0.0002,0.0,-0.02
T12724,Water-Energy-Food Nexus Studies,34,16,-18,0.0002,0.0001,-0.01
T13072,Contemporary Christian Leadership and Education,3,47,44,0.0,0.0002,0.02
T11034,Digital Filter Design and Implementation,16,34,18,0.0001,0.0002,0.01
T12474,Education Discipline and Inequality,23,27,4,0.0001,0.0001,0.0
T11838,"Crime, Illicit Activities, and Governance",33,17,-16,0.0002,0.0001,-0.01
T14102,Corporate Governance and Law,33,16,-17,0.0002,0.0001,-0.01
T11115,Topology Optimization in Engineering,22,27,5,0.0001,0.0001,0.0
T13121,Radio Wave Propagation Studies,19,30,11,0.0001,0.0002,0.01
T13229,Gothic Literature and Media Analysis,22,27,5,0.0001,0.0001,0.0
T12128,AI in Service Interactions,32,17,-15,0.0002,0.0001,-0.01
T12532,Historical and Cultural Archaeology Studies,26,23,-3,0.0001,0.0001,-0.0
T11373,Sleep and Work-Related Fatigue,22,27,5,0.0001,0.0001,0.0
T10757,Geographic Information Systems Studies,34,15,-19,0.0002,0.0001,-0.01
T12916,COVID-19 impact on air quality,20,29,9,0.0001,0.0001,0.0
T11852,Clay minerals and soil interactions,28,21,-7,0.0001,0.0001,-0.0
T14166,European Monetary and Fiscal Policies,20,29,9,0.0001,0.0001,0.0
T11331,Fecal contamination and water quality,23,26,3,0.0001,0.0001,0.0
T10255,Oceanographic and Atmospheric Processes,20,29,9,0.0001,0.0001,0.0
T12111,Industrial Vision Systems and Defect Detection,32,17,-15,0.0002,0.0001,-0.01
T11085,Fungal Biology and Applications,35,14,-21,0.0002,0.0001,-0.01
T13135,"Communism, Protests, Social Movements",30,19,-11,0.0002,0.0001,-0.01
T12380,Authorship Attribution and Profiling,24,25,1,0.0001,0.0001,0.0
T10789,Interactive and Immersive Displays,26,23,-3,0.0001,0.0001,-0.0
T11021,ECG Monitoring and Analysis,19,30,11,0.0001,0.0002,0.01
T12635,African studies and sociopolitical issues,37,12,-25,0.0002,0.0001,-0.01
T10328,Supply Chain and Inventory Management,19,30,11,0.0001,0.0002,0.01
T12858,Plant Disease Resistance and Genetics,39,10,-29,0.0002,0.0001,-0.01
T13885,Geophysics and Sensor Technology,39,10,-29,0.0002,0.0001,-0.01
T12462,Elder Abuse and Neglect,32,16,-16,0.0002,0.0001,-0.01
T11208,Lignin and Wood Chemistry,25,23,-2,0.0001,0.0001,-0.0
T10406,Planetary Science and Exploration,39,9,-30,0.0002,0.0,-0.02
T12441,Porphyrin Metabolism and Disorders,35,13,-22,0.0002,0.0001,-0.01
T11418,Plant Micronutrient Interactions and Effects,26,22,-4,0.0001,0.0001,-0.0
T11911,Spatial and Panel Data Analysis,19,29,10,0.0001,0.0001,0.01
T11607,Microwave and Dielectric Measurement Techniques,19,29,10,0.0001,0.0001,0.01
T11013,Skin Protection and Aging,29,19,-10,0.0001,0.0001,-0.01
T10863,Voice and Speech Disorders,22,26,4,0.0001,0.0001,0.0
T11089,Radioactive contamination and transfer,26,22,-4,0.0001,0.0001,-0.0
T12051,Diversity and Impact of Dance,32,16,-16,0.0002,0.0001,-0.01
T13942,International Human Rights and Reproductive Law,12,36,24,0.0001,0.0002,0.01
T12355,Genetic and rare skin diseases.,21,27,6,0.0001,0.0001,0.0
T12437,"Balkans: History, Politics, Society",29,19,-10,0.0001,0.0001,-0.01
T12228,Coordination Chemistry and Organometallics,22,26,4,0.0001,0.0001,0.0
T12028,Knowledge Management and Sharing,26,22,-4,0.0001,0.0001,-0.0
T11215,Chronic Myeloid Leukemia Treatments,34,14,-20,0.0002,0.0001,-0.01
T10624,Silicon and Solar Cell Technologies,36,12,-24,0.0002,0.0001,-0.01
T10799,Data Visualization and Analytics,15,33,18,0.0001,0.0002,0.01
T10558,Advancements in Semiconductor Devices and Circuit Design,22,26,4,0.0001,0.0001,0.0
T11901,Bayesian Methods and Mixture Models,27,21,-6,0.0001,0.0001,-0.0
T11994,Human Resource Development and Performance Evaluation,24,24,0,0.0001,0.0001,0.0
T13236,Geotechnical and construction materials studies,8,40,32,0.0,0.0002,0.02
T10765,Marine Biology and Ecology Research,36,12,-24,0.0002,0.0001,-0.01
T13146,Sustainable Finance and Green Bonds,14,34,20,0.0001,0.0002,0.01
T11827,Polyomavirus and related diseases,28,20,-8,0.0001,0.0001,-0.0
T11426,Genetically Modified Organisms Research,27,21,-6,0.0001,0.0001,-0.0
T12172,Neutropenia and Cancer Infections,23,24,1,0.0001,0.0001,0.0
T11264,Coffee research and impacts,22,25,3,0.0001,0.0001,0.0
T11798,Optimal Experimental Design Methods,25,22,-3,0.0001,0.0001,-0.0
T14444,Power Systems and Renewable Energy,19,28,9,0.0001,0.0001,0.0
T12035,Pain Management and Placebo Effect,34,13,-21,0.0002,0.0001,-0.01
T11783,Turkey's Politics and Society,34,13,-21,0.0002,0.0001,-0.01
T11686,Dendrimers and Hyperbranched Polymers,24,23,-1,0.0001,0.0001,-0.0
T12418,Respiratory and Cough-Related Research,30,17,-13,0.0002,0.0001,-0.01
T10514,Numerical methods in engineering,27,20,-7,0.0001,0.0001,-0.0
T11046,Geotechnical Engineering and Analysis,28,19,-9,0.0001,0.0001,-0.0
T12444,"Art, Politics, and Modernism",25,22,-3,0.0001,0.0001,-0.0
T13901,State Capitalism and Financial Governance,43,4,-39,0.0002,0.0,-0.02
T12540,Cyclone Separators and Fluid Dynamics,29,18,-11,0.0001,0.0001,-0.01
T11053,Process Optimization and Integration,27,20,-7,0.0001,0.0001,-0.0
T13800,Earthquake and Disaster Impact Studies,41,6,-35,0.0002,0.0,-0.02
T12394,Insurance and Financial Risk Management,33,14,-19,0.0002,0.0001,-0.01
T11819,Data-Driven Disease Surveillance,25,22,-3,0.0001,0.0001,-0.0
T12373,Linguistic research and analysis,33,14,-19,0.0002,0.0001,-0.01
T12998,Education and Islamic Studies,36,11,-25,0.0002,0.0001,-0.01
T11119,Urban Stormwater Management Solutions,15,32,17,0.0001,0.0002,0.01
T11931,Organoselenium and organotellurium chemistry,16,31,15,0.0001,0.0002,0.01
T11192,Underwater Vehicles and Communication Systems,25,22,-3,0.0001,0.0001,-0.0
T10561,Educational Research and Methods,1,46,45,0.0,0.0002,0.02
T11529,Refrigeration and Air Conditioning Technologies,19,28,9,0.0001,0.0001,0.0
T12535,Machine Learning and Data Classification,23,24,1,0.0001,0.0001,0.0
T10751,Forensic and Genetic Research,26,21,-5,0.0001,0.0001,-0.0
T11784,CO2 Reduction Techniques and Catalysts,25,21,-4,0.0001,0.0001,-0.0
T12857,Medieval Philosophy and Theology,12,34,22,0.0001,0.0002,0.01
T12553,Psychedelics and Drug Studies,24,22,-2,0.0001,0.0001,-0.0
T12477,Toxin Mechanisms and Immunotoxins,31,15,-16,0.0002,0.0001,-0.01
T11012,Gas Dynamics and Kinetic Theory,17,29,12,0.0001,0.0001,0.01
T12387,Galectins and Cancer Biology,32,14,-18,0.0002,0.0001,-0.01
T13780,Diverse Education Studies and Reforms,33,13,-20,0.0002,0.0001,-0.01
T11545,Advanced Banach Space Theory,18,28,10,0.0001,0.0001,0.01
T12769,Stoma care and complications,26,20,-6,0.0001,0.0001,-0.0
T11669,Head and Neck Surgical Oncology,25,21,-4,0.0001,0.0001,-0.0
T11582,Nanopore and Nanochannel Transport Studies,27,19,-8,0.0001,0.0001,-0.0
T11301,Advanced Surface Polishing Techniques,37,9,-28,0.0002,0.0,-0.01
T10199,Wildlife Ecology and Conservation,29,17,-12,0.0001,0.0001,-0.01
T12558,Wittgensteinian philosophy and applications,27,19,-8,0.0001,0.0001,-0.0
T12748,Molecular spectroscopy and chirality,35,11,-24,0.0002,0.0001,-0.01
T12745,Dietary Effects on Health,30,16,-14,0.0002,0.0001,-0.01
T11166,Analytic Number Theory Research,14,32,18,0.0001,0.0002,0.01
T10573,Power Quality and Harmonics,11,35,24,0.0001,0.0002,0.01
T13126,Scientific Research and Discoveries,40,6,-34,0.0002,0.0,-0.02
T11586,Congenital Diaphragmatic Hernia Studies,35,11,-24,0.0002,0.0001,-0.01
T12628,Polymer Foaming and Composites,25,21,-4,0.0001,0.0001,-0.0
T12300,Advanced Electrical Measurement Techniques,25,21,-4,0.0001,0.0001,-0.0
T10074,Carbon Nanotubes in Composites,30,16,-14,0.0002,0.0001,-0.01
T10331,Video Surveillance and Tracking Methods,19,26,7,0.0001,0.0001,0.0
T14099,Synthesis and Characterization of Heterocyclic Compounds,38,7,-31,0.0002,0.0,-0.02
T13593,Historical and Archaeological Studies,29,16,-13,0.0001,0.0001,-0.01
T11450,Model-Driven Software Engineering Techniques,29,16,-13,0.0001,0.0001,-0.01
T11370,Mobile Learning in Education,18,27,9,0.0001,0.0001,0.0
T12953,Critical Realism in Sociology,26,19,-7,0.0001,0.0001,-0.0
T13706,Management and Optimization Techniques,2,43,41,0.0,0.0002,0.02
T12686,Central European national history,14,31,17,0.0001,0.0002,0.01
T12139,Advanced Thermodynamic Systems and Engines,24,21,-3,0.0001,0.0001,-0.0
T13430,Lipid metabolism and disorders,13,32,19,0.0001,0.0002,0.01
T10333,Meat and Animal Product Quality,39,6,-33,0.0002,0.0,-0.02
T12150,Intestinal Malrotation and Obstruction Disorders,26,19,-7,0.0001,0.0001,-0.0
T10024,TiO2 Photocatalysis and Solar Cells,14,31,17,0.0001,0.0002,0.01
T12067,Renal and Vascular Pathologies,33,12,-21,0.0002,0.0001,-0.01
T11293,Orthopedic Infections and Treatments,18,27,9,0.0001,0.0001,0.0
T12814,Gaussian Processes and Bayesian Inference,26,19,-7,0.0001,0.0001,-0.0
T11894,Radiology practices and education,24,21,-3,0.0001,0.0001,-0.0
T13340,Palliative and Oncologic Care,1,44,43,0.0,0.0002,0.02
T12179,Art Education and Development,21,24,3,0.0001,0.0001,0.0
T13539,thermodynamics and calorimetric analyses,29,16,-13,0.0001,0.0001,-0.01
T11024,Information Systems Theories and Implementation,27,18,-9,0.0001,0.0001,-0.0
T10152,Animal Nutrition and Physiology,39,6,-33,0.0002,0.0,-0.02
T13107,Congenital limb and hand anomalies,21,24,3,0.0001,0.0001,0.0
T12678,Themes in Literature Analysis,41,4,-37,0.0002,0.0,-0.02
T14506,Historical and Architectural Studies,43,2,-41,0.0002,0.0,-0.02
T10054,Parallel Computing and Optimization Techniques,21,24,3,0.0001,0.0001,0.0
T11258,Breast Implant and Reconstruction,24,21,-3,0.0001,0.0001,-0.0
T11061,Ocean Waves and Remote Sensing,24,21,-3,0.0001,0.0001,-0.0
T12455,Mediterranean and Iberian flora and fauna,24,21,-3,0.0001,0.0001,-0.0
T10571,Robotic Mechanisms and Dynamics,21,24,3,0.0001,0.0001,0.0
T13096,Family and Matrimonial Law,0,45,45,0.0,0.0002,0.02
T12072,Machine Learning and Algorithms,25,20,-5,0.0001,0.0001,-0.0
T10420,Intracranial Aneurysms: Treatment and Complications,21,24,3,0.0001,0.0001,0.0
T10566,Laser-Matter Interactions and Applications,25,20,-5,0.0001,0.0001,-0.0
T11612,Stochastic Gradient Optimization Techniques,17,28,11,0.0001,0.0001,0.01
T11160,Acoustic Wave Resonator Technologies,36,9,-27,0.0002,0.0,-0.01
T12205,Time Series Analysis and Forecasting,20,24,4,0.0001,0.0001,0.0
T11175,Gyrotron and Vacuum Electronics Research,24,20,-4,0.0001,0.0001,-0.0
T10306,Liquid Crystal Research Advancements,17,27,10,0.0001,0.0001,0.01
T11976,Capital Investment and Risk Analysis,26,18,-8,0.0001,0.0001,-0.0
T12033,Agricultural Economics and Policy,27,17,-10,0.0001,0.0001,-0.01
T13205,Geological and Geophysical Studies Worldwide,28,16,-12,0.0001,0.0001,-0.01
T12078,Environmental remediation with nanomaterials,20,24,4,0.0001,0.0001,0.0
T11637,Advanced Semiconductor Detectors and Materials,25,19,-6,0.0001,0.0001,-0.0
T12536,Topological and Geometric Data Analysis,32,12,-20,0.0002,0.0001,-0.01
T10652,Racial and Ethnic Identity Research,19,25,6,0.0001,0.0001,0.0
T14384,Ophthalmology and Visual Health Research,20,24,4,0.0001,0.0001,0.0
T13951,Fluid dynamics and aerodynamics studies,10,34,24,0.0001,0.0002,0.01
T12789,Planarian Biology and Electrostimulation,26,18,-8,0.0001,0.0001,-0.0
T12461,Narrative Theory and Analysis,8,36,28,0.0,0.0002,0.01
T12381,Electron Spin Resonance Studies,22,22,0,0.0001,0.0001,0.0
T14049,Plant and Fungal Species Descriptions,5,39,34,0.0,0.0002,0.02
T12620,Signaling Pathways in Disease,37,7,-30,0.0002,0.0,-0.02
T11953,"Neuroethics, Human Enhancement, Biomedical Innovations",24,20,-4,0.0001,0.0001,-0.0
T13794,Financial Reporting and XBRL,19,25,6,0.0001,0.0001,0.0
T11741,Flexible and Reconfigurable Manufacturing Systems,21,23,2,0.0001,0.0001,0.0
T11462,Museums and Cultural Heritage,17,27,10,0.0001,0.0001,0.01
T11283,Experimental Learning in Engineering,33,11,-22,0.0002,0.0001,-0.01
T12517,Seventeenth-Century Political and Philosophical Thought,15,29,14,0.0001,0.0001,0.01
T12305,Cassava research and cyanide,36,8,-28,0.0002,0.0,-0.01
T12065,Hippo pathway signaling and YAP/TAZ,37,7,-30,0.0002,0.0,-0.02
T12450,Radio Astronomy Observations and Technology,40,4,-36,0.0002,0.0,-0.02
T13127,Biotin and Related Studies,41,3,-38,0.0002,0.0,-0.02
T13522,Cardiovascular Health and Risk Factors,13,31,18,0.0001,0.0002,0.01
T12837,American Environmental and Regional History,32,12,-20,0.0002,0.0001,-0.01
T12225,Political Influence and Corporate Strategies,27,17,-10,0.0001,0.0001,-0.01
T11112,Viral Infections and Immunology Research,28,16,-12,0.0001,0.0001,-0.01
T12030,S100 Proteins and Annexins,33,11,-22,0.0002,0.0001,-0.01
T11563,Indian and Buddhist Studies,16,28,12,0.0001,0.0001,0.01
T13106,"Neuroscience, Education and Cognitive Function",37,7,-30,0.0002,0.0,-0.02
T13338,Pharmacological Effects and Assays,40,4,-36,0.0002,0.0,-0.02
T12383,Aeolian processes and effects,30,14,-16,0.0002,0.0001,-0.01
T12776,Electrohydrodynamics and Fluid Dynamics,37,7,-30,0.0002,0.0,-0.02
T11306,Nonmelanoma Skin Cancer Studies,20,24,4,0.0001,0.0001,0.0
T12926,Business Strategies and Management Research,1,43,42,0.0,0.0002,0.02
T14423,Military Technology and Strategies,38,6,-32,0.0002,0.0,-0.02
T11562,Facial Trauma and Fracture Management,23,21,-2,0.0001,0.0001,-0.0
T11829,Mathematical Biology Tumor Growth,22,21,-1,0.0001,0.0001,-0.0
T12599,Retinal and Optic Conditions,35,8,-27,0.0002,0.0,-0.01
T13013,Free Radicals and Antioxidants,30,13,-17,0.0002,0.0001,-0.01
T11652,Imbalanced Data Classification Techniques,23,20,-3,0.0001,0.0001,-0.0
T11433,Emotional Intelligence and Performance,34,9,-25,0.0002,0.0,-0.01
T13163,Organizational Learning and Leadership,23,20,-3,0.0001,0.0001,-0.0
T11225,Geothermal Energy Systems and Applications,25,18,-7,0.0001,0.0001,-0.0
T13726,International Science and Diplomacy,25,18,-7,0.0001,0.0001,-0.0
T12009,Hedgehog Signaling Pathway Studies,31,12,-19,0.0002,0.0001,-0.01
T13615,Transportation Systems and Safety,4,39,35,0.0,0.0002,0.02
T13859,Organic Chemistry Synthesis Methods,5,38,33,0.0,0.0002,0.02
T11714,Multimodal Machine Learning Applications,19,24,5,0.0001,0.0001,0.0
T11756,Mentoring and Academic Development,20,23,3,0.0001,0.0001,0.0
T11643,Building materials and conservation,28,15,-13,0.0001,0.0001,-0.01
T13397,Hallucinations in medical conditions,21,22,1,0.0001,0.0001,0.0
T11657,Digital and Traditional Archives Management,18,25,7,0.0001,0.0001,0.0
T12457,Ecocriticism and Environmental Literature,12,31,19,0.0001,0.0002,0.01
T11023,Prosthetics and Rehabilitation Robotics,21,22,1,0.0001,0.0001,0.0
T11870,Structural Analysis and Optimization,28,15,-13,0.0001,0.0001,-0.01
T11335,Prion Diseases and Protein Misfolding,25,18,-7,0.0001,0.0001,-0.0
T12751,Leadership and Management in Organizations,10,33,23,0.0001,0.0002,0.01
T11232,Urinary Tract Infections Management,26,17,-9,0.0001,0.0001,-0.0
T12127,Software System Performance and Reliability,25,18,-7,0.0001,0.0001,-0.0
T11251,Meningioma and schwannoma management,24,19,-5,0.0001,0.0001,-0.0
T13253,Chemical Reactions and Mechanisms,14,29,15,0.0001,0.0001,0.01
T10090,ZnO doping and properties,27,16,-11,0.0001,0.0001,-0.01
T10022,Semiconductor Quantum Structures and Devices,38,5,-33,0.0002,0.0,-0.02
T12367,Dental Trauma and Treatments,34,9,-25,0.0002,0.0,-0.01
T11248,Advanced Power Amplifier Design,18,25,7,0.0001,0.0001,0.0
T12324,History of Medicine Studies,21,21,0,0.0001,0.0001,0.0
T13743,Italian Literature and Culture,12,30,18,0.0001,0.0002,0.01
T12679,Focus Groups and Qualitative Methods,13,29,16,0.0001,0.0001,0.01
T13235,Management Theory and Practice,8,34,26,0.0,0.0002,0.01
T11781,Wastewater Treatment and Reuse,23,19,-4,0.0001,0.0001,-0.0
T11411,Tea Polyphenols and Effects,27,15,-12,0.0001,0.0001,-0.01
T13815,Islamic Thought and Society Studies,2,40,38,0.0,0.0002,0.02
T11212,Cultural Heritage Materials Analysis,19,23,4,0.0001,0.0001,0.0
T13170,Discrimination and Equality Law,16,26,10,0.0001,0.0001,0.01
T13897,Historical Economic and Legal Thought,6,36,30,0.0,0.0002,0.02
T10547,"Education, Achievement, and Giftedness",12,30,18,0.0001,0.0002,0.01
T12235,Child Abuse and Related Trauma,18,24,6,0.0001,0.0001,0.0
T10743,Software Testing and Debugging Techniques,21,21,0,0.0001,0.0001,0.0
T14448,EU Law and Policy Analysis,24,18,-6,0.0001,0.0001,-0.0
T11689,Adversarial Robustness in Machine Learning,25,17,-8,0.0001,0.0001,-0.0
T12119,Linguistics and Discourse Analysis,18,24,6,0.0001,0.0001,0.0
T10450,Aquaculture Nutrition and Growth,32,10,-22,0.0002,0.0001,-0.01
T12227,Environmental and Social Impact Assessments,19,23,4,0.0001,0.0001,0.0
T11641,Insect and Pesticide Research,35,7,-28,0.0002,0.0,-0.01
T12160,African cultural and philosophical studies,27,15,-12,0.0001,0.0001,-0.01
T11679,Craniofacial Disorders and Treatments,26,16,-10,0.0001,0.0001,-0.01
T11703,"Rings, Modules, and Algebras",30,12,-18,0.0002,0.0001,-0.01
T13487,Statistical and numerical algorithms,8,34,26,0.0,0.0002,0.01
T13252,Sex and Gender in Healthcare,29,13,-16,0.0001,0.0001,-0.01
T11260,Tracheal and airway disorders,29,13,-16,0.0001,0.0001,-0.01
T11476,Graph theory and applications,27,15,-12,0.0001,0.0001,-0.01
T14047,Marine and environmental studies,35,7,-28,0.0002,0.0,-0.01
T12400,Neurogenetic and Muscular Disorders Research,30,11,-19,0.0002,0.0001,-0.01
T12629,Island Studies and Pacific Affairs,31,10,-21,0.0002,0.0001,-0.01
T10502,Advanced Memory and Neural Computing,25,16,-9,0.0001,0.0001,-0.0
T12782,Assembly Line Balancing Optimization,10,31,21,0.0001,0.0002,0.01
T10520,Mycotoxins in Agriculture and Food,29,12,-17,0.0001,0.0001,-0.01
T12496,Color perception and design,38,3,-35,0.0002,0.0,-0.02
T12633,Legal case studies and regulations,41,0,-41,0.0002,0.0,-0.02
T13024,Literary Theory and Cultural Hermeneutics,2,39,37,0.0,0.0002,0.02
T11353,Venomous Animal Envenomation and Studies,20,21,1,0.0001,0.0001,0.0
T14180,"Law, logistics, and international trade",30,11,-19,0.0002,0.0001,-0.01
T11122,Online Learning and Analytics,27,14,-13,0.0001,0.0001,-0.01
T11969,Fluoride Effects and Removal,26,15,-11,0.0001,0.0001,-0.01
T13028,Literature and Culture Studies,19,22,3,0.0001,0.0001,0.0
T12682,Smart Materials for Construction,37,4,-33,0.0002,0.0,-0.02
T13722,Ergonomics and Human Factors,12,29,17,0.0001,0.0001,0.01
T12211,Aluminum toxicity and tolerance in plants and animals,24,17,-7,0.0001,0.0001,-0.0
T13650,Computational Physics and Python Applications,33,8,-25,0.0002,0.0,-0.01
T10559,Particle Accelerators and Free-Electron Lasers,40,1,-39,0.0002,0.0,-0.02
T10461,Gas Sensing Nanomaterials and Sensors,25,16,-9,0.0001,0.0001,-0.0
T11735,Peripheral Neuropathies and Disorders,20,21,1,0.0001,0.0001,0.0
T13405,Educational Assessment and Improvement,19,22,3,0.0001,0.0001,0.0
T10454,Optimal Power Flow Distribution,19,22,3,0.0001,0.0001,0.0
T11553,Acne and Rosacea Treatments and Effects,22,19,-3,0.0001,0.0001,-0.0
T12611,Neural Networks and Reservoir Computing,24,17,-7,0.0001,0.0001,-0.0
T12893,Organic Chemistry Cycloaddition Reactions,20,21,1,0.0001,0.0001,0.0
T10951,Cryptographic Implementations and Security,22,18,-4,0.0001,0.0001,-0.0
T11763,Intracerebral and Subarachnoid Hemorrhage Research,24,16,-8,0.0001,0.0001,-0.0
T11535,Chemotherapy-induced cardiotoxicity and mitigation,25,15,-10,0.0001,0.0001,-0.01
T11681,Nosocomial Infections in ICU,23,17,-6,0.0001,0.0001,-0.0
T12345,Adult and Continuing Education Topics,7,33,26,0.0,0.0002,0.01
T13404,Geological and Tectonic Studies in Latin America,8,32,24,0.0,0.0002,0.01
T12218,Coal and Its By-products,24,16,-8,0.0001,0.0001,-0.0
T11268,Light effects on plants,17,23,6,0.0001,0.0001,0.0
T11766,Iron-based superconductors research,23,17,-6,0.0001,0.0001,-0.0
T12088,Intergenerational and Educational Inequality Studies,14,26,12,0.0001,0.0001,0.01
T11393,Biosensors and Analytical Detection,22,18,-4,0.0001,0.0001,-0.0
T11702,Parasitic Diseases Research and Treatment,20,20,0,0.0001,0.0001,0.0
T14021,Medieval European Literature and History,25,15,-10,0.0001,0.0001,-0.01
T11298,Synthesis and Properties of Aromatic Compounds,20,20,0,0.0001,0.0001,0.0
T11358,Dysphagia Assessment and Management,24,16,-8,0.0001,0.0001,-0.0
T11619,Combustion and Detonation Processes,24,16,-8,0.0001,0.0001,-0.0
T10173,Computational Fluid Dynamics and Aerodynamics,19,21,2,0.0001,0.0001,0.0
T13059,"Religion, Ecology, and Ethics",25,15,-10,0.0001,0.0001,-0.01
T12012,Diatoms and Algae Research,31,9,-22,0.0002,0.0,-0.01
T13839,"Tourism, Volunteerism, and Development",32,8,-24,0.0002,0.0,-0.01
T11515,Bacillus and Francisella bacterial research,27,13,-14,0.0001,0.0001,-0.01
T11356,Pleural and Pulmonary Diseases,19,21,2,0.0001,0.0001,0.0
T10770,Soil Geostatistics and Mapping,23,17,-6,0.0001,0.0001,-0.0
T12374,European and International Contract Law,27,13,-14,0.0001,0.0001,-0.01
T10650,Food Drying and Modeling,15,25,10,0.0001,0.0001,0.01
T13141,Statistical Methods and Applications,8,32,24,0.0,0.0002,0.01
T11414,Quantum optics and atomic interactions,14,26,12,0.0001,0.0001,0.01
T12252,Mechanical stress and fatigue analysis,28,12,-16,0.0001,0.0001,-0.01
T13123,Advances in Oncology and Radiotherapy,31,8,-23,0.0002,0.0,-0.01
T14313,Health and Well-being Studies,37,2,-35,0.0002,0.0,-0.02
T10775,Generative Adversarial Networks and Image Synthesis,18,21,3,0.0001,0.0001,0.0
T10824,Image Retrieval and Classification Techniques,24,15,-9,0.0001,0.0001,-0.0
T12663,Body Image and Dysmorphia Studies,33,6,-27,0.0002,0.0,-0.01
T12708,Economic and Financial Impacts of Cancer,28,11,-17,0.0001,0.0001,-0.01
T11594,Tree-ring climate responses,27,12,-15,0.0001,0.0001,-0.01
T12915,Biochemical Acid Research Studies,25,14,-11,0.0001,0.0001,-0.01
T12908,"Media, Gender, and Advertising",17,22,5,0.0001,0.0001,0.0
T12862,Catholicism and Religious Studies,10,29,19,0.0001,0.0001,0.01
T14219,Local Economic Development and Planning,8,31,23,0.0,0.0002,0.01
T11280,Hemophilia Treatment and Research,18,21,3,0.0001,0.0001,0.0
T14414,Artificial Intelligence in Education,2,37,35,0.0,0.0002,0.02
T10712,Library Science and Information Literacy,18,21,3,0.0001,0.0001,0.0
T13438,Environmental Conservation and Management,27,12,-15,0.0001,0.0001,-0.01
T13998,"History, Medicine, and Leadership",18,21,3,0.0001,0.0001,0.0
T12130,Contemporary Literature and Criticism,25,14,-11,0.0001,0.0001,-0.01
T12715,Pregnancy-related medical research,28,11,-17,0.0001,0.0001,-0.01
T10710,Arsenic contamination and mitigation,22,17,-5,0.0001,0.0001,-0.0
T12359,Fern and Epiphyte Biology,19,20,1,0.0001,0.0001,0.0
T10491,Enhanced Oil Recovery Techniques,21,18,-3,0.0001,0.0001,-0.0
T11130,Coding theory and cryptography,23,16,-7,0.0001,0.0001,-0.0
T11757,Seismic Waves and Analysis,29,10,-19,0.0001,0.0001,-0.01
T11386,Bee Products Chemical Analysis,24,15,-9,0.0001,0.0001,-0.0
T10962,Thermodynamic properties of mixtures,20,19,-1,0.0001,0.0001,-0.0
T10513,Natural Fiber Reinforced Composites,22,17,-5,0.0001,0.0001,-0.0
T11496,Credit Risk and Financial Regulations,17,22,5,0.0001,0.0001,0.0
T11073,Metal Extraction and Bioleaching,22,17,-5,0.0001,0.0001,-0.0
T12568,Plant Taxonomy and Phylogenetics,23,16,-7,0.0001,0.0001,-0.0
T11707,Gaze Tracking and Assistive Technology,21,18,-3,0.0001,0.0001,-0.0
T11250,Wave and Wind Energy Systems,17,22,5,0.0001,0.0001,0.0
T11269,Algorithms and Data Compression,24,15,-9,0.0001,0.0001,-0.0
T13198,"Historical, Religious, and Philosophical Studies",33,6,-27,0.0002,0.0,-0.01
T12312,"Culture, Economy, and Development Studies",35,4,-31,0.0002,0.0,-0.02
T10638,Optical measurement and interference techniques,13,25,12,0.0001,0.0001,0.01
T11218,Hip disorders and treatments,23,15,-8,0.0001,0.0001,-0.0
T11198,Japanese History and Culture,31,7,-24,0.0002,0.0,-0.01
T12186,Phosphorus and nutrient management,24,14,-10,0.0001,0.0001,-0.01
T12352,Heparin-Induced Thrombocytopenia and Thrombosis,23,15,-8,0.0001,0.0001,-0.0
T12013,Sustainable Development and Environmental Policy,24,14,-10,0.0001,0.0001,-0.01
T12744,Medical Device Sterilization and Disinfection,25,13,-12,0.0001,0.0001,-0.01
T13074,Global Financial Regulation and Crises,18,20,2,0.0001,0.0001,0.0
T10688,Image and Signal Denoising Methods,17,21,4,0.0001,0.0001,0.0
T10740,Wind Turbine Control Systems,19,19,0,0.0001,0.0001,0.0
T13116,Heat Transfer and Numerical Methods,7,31,24,0.0,0.0002,0.01
T11299,Problem and Project Based Learning,19,19,0,0.0001,0.0001,0.0
T11593,Carbon dioxide utilization in catalysis,26,12,-14,0.0001,0.0001,-0.01
T12491,Superconductivity in MgB2 and Alloys,23,15,-8,0.0001,0.0001,-0.0
T10900,Listeria monocytogenes in Food Safety,29,9,-20,0.0001,0.0,-0.01
T12064,Intraperitoneal and Appendiceal Malignancies,20,18,-2,0.0001,0.0001,-0.0
T13842,Intellectual Property Law,5,33,28,0.0,0.0002,0.01
T10210,Advanced oxidation water treatment,15,23,8,0.0001,0.0001,0.0
T12397,Critical Theory and Philosophy,30,8,-22,0.0002,0.0,-0.01
T12269,Effects of Vibration on Health,24,14,-10,0.0001,0.0001,-0.01
T11142,Advanced Glycation End Products research,20,18,-2,0.0001,0.0001,-0.0
T13400,Mathematical and Theoretical Analysis,28,10,-18,0.0001,0.0001,-0.01
T12848,Psychological Testing and Assessment,15,23,8,0.0001,0.0001,0.0
T10473,Postharvest Quality and Shelf Life Management,11,27,16,0.0001,0.0001,0.01
T12310,Crop Yield and Soil Fertility,20,18,-2,0.0001,0.0001,-0.0
T14492,"War, Law, and Justice",0,38,38,0.0,0.0002,0.02
T14115,Legal processes and jurisprudence,0,38,38,0.0,0.0002,0.02
T11992,CCD and CMOS Imaging Sensors,34,4,-30,0.0002,0.0,-0.02
T10228,Multilevel Inverters and Converters,18,20,2,0.0001,0.0001,0.0
T10642,Plasma Applications and Diagnostics,17,21,4,0.0001,0.0001,0.0
T13149,Organizational Change and Leadership,6,32,26,0.0,0.0002,0.01
T10689,Remote-Sensing Image Classification,14,24,10,0.0001,0.0001,0.01
T12639,Global Energy and Sustainability Research,34,3,-31,0.0002,0.0,-0.02
T12100,Advanced Mathematical Modeling in Engineering,29,8,-21,0.0001,0.0,-0.01
T13007,Economic Sanctions and International Relations,23,14,-9,0.0001,0.0001,-0.0
T11989,Oxidative Organic Chemistry Reactions,18,19,1,0.0001,0.0001,0.0
T12615,Climate Change and Geoengineering,28,9,-19,0.0001,0.0,-0.01
T10782,Nanoplatforms for cancer theranostics,23,14,-9,0.0001,0.0001,-0.0
T11935,"Literacy, Media, and Education",15,22,7,0.0001,0.0001,0.0
T12544,Working Capital and Financial Performance,16,21,5,0.0001,0.0001,0.0
T11425,Diverse Music Education Insights,21,16,-5,0.0001,0.0001,-0.0
T12850,Field-Flow Fractionation Techniques,19,18,-1,0.0001,0.0001,-0.0
T13656,"Science, Research, and Medicine",28,9,-19,0.0001,0.0,-0.01
T12775,Legal Issues in South Africa,31,6,-25,0.0002,0.0,-0.01
T13113,Engineering Technology and Methodologies,30,7,-23,0.0002,0.0,-0.01
T13336,Religious Freedom and Discrimination,12,25,13,0.0001,0.0001,0.01
T11403,Invertebrate Immune Response Mechanisms,19,18,-1,0.0001,0.0001,-0.0
T14031,Global and Cross-Cultural Management,12,25,13,0.0001,0.0001,0.01
T12112,Ammonia Synthesis and Nitrogen Reduction,28,9,-19,0.0001,0.0,-0.01
T10890,Trypanosoma species research and implications,17,20,3,0.0001,0.0001,0.0
T11164,Remote Sensing and LiDAR Applications,31,6,-25,0.0002,0.0,-0.01
T13778,Comparative and World Literature,0,37,37,0.0,0.0002,0.02
T11214,Human-Animal Interaction Studies,28,9,-19,0.0001,0.0,-0.01
T13910,Computational and Text Analysis Methods,20,17,-3,0.0001,0.0001,-0.0
T11755,Transboundary Water Resource Management,23,14,-9,0.0001,0.0001,-0.0
T12872,Philippine History and Culture,34,3,-31,0.0002,0.0,-0.02
T13465,"Graphite, nuclear technology, radiation studies",30,7,-23,0.0002,0.0,-0.01
T13643,Artificial Intelligence in Law,14,23,9,0.0001,0.0001,0.0
T11875,Statistics Education and Methodologies,19,18,-1,0.0001,0.0001,-0.0
T11815,Urological Disorders and Treatments,25,12,-13,0.0001,0.0001,-0.01
T14092,"Ethics, Aesthetics, and Art",14,23,9,0.0001,0.0001,0.0
T10735,Mesoporous Materials and Catalysis,26,11,-15,0.0001,0.0001,-0.01
T13308,Cybernetics and Technology in Society,10,27,17,0.0001,0.0001,0.01
T12930,Biomedical and Chemical Research,9,28,19,0.0,0.0001,0.01
T14123,Decolonial Thought and Epistemologies,2,35,33,0.0,0.0002,0.02
T11374,Cleft Lip and Palate Research,22,15,-7,0.0001,0.0001,-0.0
T12262,Hate Speech and Cyberbullying Detection,32,5,-27,0.0002,0.0,-0.01
T12138,Occupational Health and Performance,21,16,-5,0.0001,0.0001,-0.0
T13309,Reliability and Agreement in Measurement,15,22,7,0.0001,0.0001,0.0
T13867,Economic Growth and Development,30,7,-23,0.0002,0.0,-0.01
T11318,Phytoestrogen effects and research,25,11,-14,0.0001,0.0001,-0.01
T12970,"Names, Identity, and Discrimination Research",29,7,-22,0.0001,0.0,-0.01
T14142,Multicultural Socio-Legal Studies,32,4,-28,0.0002,0.0,-0.01
T11516,Visual and Cognitive Learning Processes,19,17,-2,0.0001,0.0001,-0.0
T12204,African Education and Politics,8,28,20,0.0,0.0001,0.01
T14186,Healthcare Systems and Practices,9,27,18,0.0,0.0001,0.01
T12468,Radiation Effects and Dosimetry,24,12,-12,0.0001,0.0001,-0.01
T14259,Legal Rights and Human Rights,0,36,36,0.0,0.0002,0.02
T12716,Congenital Anomalies and Fetal Surgery,15,21,6,0.0001,0.0001,0.0
T11309,Music and Audio Processing,20,16,-4,0.0001,0.0001,-0.0
T11505,Reproductive biology and impacts on aquatic species,13,23,10,0.0001,0.0001,0.01
T12284,Emotional Labor in Professions,24,12,-12,0.0001,0.0001,-0.01
T11624,Constructed Wetlands for Wastewater Treatment,19,17,-2,0.0001,0.0001,-0.0
T12459,Nerve Injury and Rehabilitation,22,14,-8,0.0001,0.0001,-0.0
T14429,Global Political and Social Dynamics,15,21,6,0.0001,0.0001,0.0
T12251,Synthesis and Catalytic Reactions,28,8,-20,0.0001,0.0,-0.01
T11861,Thermal Regulation in Medicine,23,13,-10,0.0001,0.0001,-0.01
T14517,Diverse Historical and Scientific Studies,32,4,-28,0.0002,0.0,-0.01
T12674,"Rabbits: Nutrition, Reproduction, Health",34,2,-32,0.0002,0.0,-0.02
T13097,Male Breast Health Studies,17,19,2,0.0001,0.0001,0.0
T10326,Indoor and Outdoor Localization Technologies,23,13,-10,0.0001,0.0001,-0.01
T10501,Polymer Nanocomposites and Properties,30,6,-24,0.0002,0.0,-0.01
T13063,Education and experiences of immigrants and refugees,14,22,8,0.0001,0.0001,0.0
T13272,Psychological Treatments and Assessments,13,23,10,0.0001,0.0001,0.01
T11951,Trauma Management and Diagnosis,18,17,-1,0.0001,0.0001,-0.0
T12723,Hannah Arendt's Political Philosophy,21,14,-7,0.0001,0.0001,-0.0
T11424,Security and Verification in Computing,15,20,5,0.0001,0.0001,0.0
T11697,Numerical Methods and Algorithms,25,10,-15,0.0001,0.0001,-0.01
T13245,Samuel Beckett and Modernism,29,6,-23,0.0001,0.0,-0.01
T14441,"Religion, Theology, History, Judaism, Christianity",10,25,15,0.0001,0.0001,0.01
T12159,T-cell and Retrovirus Studies,25,10,-15,0.0001,0.0001,-0.01
T11564,Mathematical Inequalities and Applications,11,24,13,0.0001,0.0001,0.01
T13019,African Studies and Geopolitics,15,20,5,0.0001,0.0001,0.0
T11490,Hydrological Forecasting Using AI,19,16,-3,0.0001,0.0001,-0.0
T12488,Mental Health via Writing,23,12,-11,0.0001,0.0001,-0.01
T11595,Textile materials and evaluations,26,9,-17,0.0001,0.0,-0.01
T12797,History of Computing Technologies,23,12,-11,0.0001,0.0001,-0.01
T12335,"Sexuality, Behavior, and Technology",29,6,-23,0.0001,0.0,-0.01
T14479,Freezing and Crystallization Processes,21,14,-7,0.0001,0.0001,-0.0
T10807,Synthesis and characterization of novel inorganic/organometallic compounds,8,27,19,0.0,0.0001,0.01
T12950,Educational Environments and Student Outcomes,19,16,-3,0.0001,0.0001,-0.0
T11574,Artificial Intelligence in Games,25,10,-15,0.0001,0.0001,-0.01
T11848,Heme Oxygenase-1 and Carbon Monoxide,22,13,-9,0.0001,0.0001,-0.0
T12155,Microwave Dielectric Ceramics Synthesis,23,12,-11,0.0001,0.0001,-0.01
T11833,Spinal Dysraphism and Malformations,13,22,9,0.0001,0.0001,0.0
T11845,Cancer therapeutics and mechanisms,26,9,-17,0.0001,0.0,-0.01
T11892,Kawasaki Disease and Coronary Complications,19,16,-3,0.0001,0.0001,-0.0
T11485,Gastrointestinal Tumor Research and Treatment,21,14,-7,0.0001,0.0001,-0.0
T11655,HIV-related health complications and treatments,24,11,-13,0.0001,0.0001,-0.01
T13634,Middle East and Rwanda Conflicts,28,7,-21,0.0001,0.0,-0.01
T11728,Thyroid and Parathyroid Surgery,20,15,-5,0.0001,0.0001,-0.0
T12475,Plant Parasitism and Resistance,29,6,-23,0.0001,0.0,-0.01
T10719,3D Shape Modeling and Analysis,13,22,9,0.0001,0.0001,0.0
T13098,Conferences and Exhibitions Management,21,13,-8,0.0001,0.0001,-0.0
T10860,Speech and Audio Processing,20,14,-6,0.0001,0.0001,-0.0
T11074,Helminth infection and control,17,17,0,0.0001,0.0001,0.0
T12607,Personal Information Management and User Behavior,22,12,-10,0.0001,0.0001,-0.01
T11693,Cryptography and Residue Arithmetic,13,21,8,0.0001,0.0001,0.0
T13002,Southeast Asian Sociopolitical Studies,24,10,-14,0.0001,0.0001,-0.01
T12366,"Philosophy, Ethics, and Existentialism",29,5,-24,0.0001,0.0,-0.01
T14167,Consumer behavior in food and health,2,32,30,0.0,0.0002,0.02
T13742,Metallurgy and Cultural Artifacts,27,7,-20,0.0001,0.0,-0.01
T14059,"Nietzsche, Schopenhauer, and Hegel",15,19,4,0.0001,0.0001,0.0
T14020,Medical research and treatments,3,31,28,0.0,0.0002,0.01
T12949,South Asian Studies and Diaspora,15,19,4,0.0001,0.0001,0.0
T11132,Psychoanalysis and Psychopathology Research,11,23,12,0.0001,0.0001,0.01
T11137,Historical Philosophy and Science,19,15,-4,0.0001,0.0001,-0.0
T12900,Organ and Tissue Transplantation Research,13,21,8,0.0001,0.0001,0.0
T10727,Ultrasound Imaging and Elastography,13,21,8,0.0001,0.0001,0.0
T13195,Medieval Iberian Studies,16,18,2,0.0001,0.0001,0.0
T13435,Animal and Plant Science Education,24,10,-14,0.0001,0.0001,-0.01
T11877,Iron oxide chemistry and applications,27,7,-20,0.0001,0.0,-0.01
T10274,Synthesis and biological activity,15,19,4,0.0001,0.0001,0.0
T10506,Aquaculture disease management and microbiota,26,8,-18,0.0001,0.0,-0.01
T12043,Insect behavior and control techniques,22,12,-10,0.0001,0.0001,-0.01
T12484,Retinopathy of Prematurity Studies,16,18,2,0.0001,0.0001,0.0
T10531,Advanced Vision and Imaging,23,11,-12,0.0001,0.0001,-0.01
T12856,Transgenic Plants and Applications,29,5,-24,0.0001,0.0,-0.01
T14094,Italy: Economic History and Contemporary Issues,24,10,-14,0.0001,0.0001,-0.01
T12907,Mechanical Engineering and Vibrations Research,29,5,-24,0.0001,0.0,-0.01
T12828,Plant Genetic and Mutation Studies,18,16,-2,0.0001,0.0001,-0.0
T12656,"Climate Change, Adaptation, Migration",28,6,-22,0.0001,0.0,-0.01
T12399,Wine Industry and Tourism,26,8,-18,0.0001,0.0,-0.01
T11524,Advanced Aircraft Design and Technologies,17,17,0,0.0001,0.0001,0.0
T13354,Genetics and Physical Performance,27,7,-20,0.0001,0.0,-0.01
T12106,Surface Treatment and Residual Stress,9,25,16,0.0,0.0001,0.01
T13276,University-Industry-Government Innovation Models,16,18,2,0.0001,0.0001,0.0
T11558,Composite Material Mechanics,23,11,-12,0.0001,0.0001,-0.01
T11253,Nail Diseases and Treatments,15,19,4,0.0001,0.0001,0.0
T13986,Medical Practices and Rehabilitation,3,31,28,0.0,0.0002,0.01
T13727,Linguistic and Sociocultural Studies,2,32,30,0.0,0.0002,0.02
T13099,"Health, Medicine and Society",26,8,-18,0.0001,0.0,-0.01
T10045,Organic Electronics and Photovoltaics,19,15,-4,0.0001,0.0001,-0.0
T11240,Luminescence and Fluorescent Materials,20,13,-7,0.0001,0.0001,-0.0
T13768,Oral and gingival health research,25,8,-17,0.0001,0.0,-0.01
T12371,Electrical Contact Performance and Analysis,17,16,-1,0.0001,0.0001,-0.0
T12402,Travel-related health issues,23,10,-13,0.0001,0.0001,-0.01
T11504,Advanced Authentication Protocols Security,14,19,5,0.0001,0.0001,0.0
T12881,linguistics and terminology studies,26,7,-19,0.0001,0.0,-0.01
T12773,Water Quality and Resources Studies,3,30,27,0.0,0.0002,0.01
T11471,Block Copolymer Self-Assembly,8,25,17,0.0,0.0001,0.01
T11687,Teleoperation and Haptic Systems,8,25,17,0.0,0.0001,0.01
T14206,Animal Law and Welfare,1,32,31,0.0,0.0002,0.02
T11831,Chemical Synthesis and Reactions,14,19,5,0.0001,0.0001,0.0
T11303,Bayesian Modeling and Causal Inference,22,11,-11,0.0001,0.0001,-0.01
T11500,Evacuation and Crowd Dynamics,18,15,-3,0.0001,0.0001,-0.0
T10533,Teaching and Learning Programming,21,12,-9,0.0001,0.0001,-0.0
T12919,Blood disorders and treatments,23,10,-13,0.0001,0.0001,-0.01
T11982,Rhetoric and Communication Studies,18,15,-3,0.0001,0.0001,-0.0
T11145,Epoxy Resin Curing Processes,23,10,-13,0.0001,0.0001,-0.01
T11561,Protein Hydrolysis and Bioactive Peptides,27,6,-21,0.0001,0.0,-0.01
T11362,Membrane Separation and Gas Transport,9,24,15,0.0,0.0001,0.01
T12392,Sharing Economy and Platforms,22,11,-11,0.0001,0.0001,-0.01
T14207,Higher Education Practises and Engagement,24,9,-15,0.0001,0.0,-0.01
T12014,"Fish biology, ecology, and behavior",28,5,-23,0.0001,0.0,-0.01
T13048,Patient Dignity and Privacy,27,6,-21,0.0001,0.0,-0.01
T10288,Fractional Differential Equations Solutions,21,12,-9,0.0001,0.0001,-0.0
T12518,Diverticular Disease and Complications,20,13,-7,0.0001,0.0001,-0.0
T12121,Cooperative Studies and Economics,15,18,3,0.0001,0.0001,0.0
T11230,Innovative Energy Harvesting Technologies,16,17,1,0.0001,0.0001,0.0
T13454,Phenothiazines and Benzothiazines Synthesis and Activities,26,7,-19,0.0001,0.0,-0.01
T12198,Oral health in cancer treatment,13,20,7,0.0001,0.0001,0.0
T13904,Artificial Intelligence Applications,1,32,31,0.0,0.0002,0.02
T13774,Citizenship Education and Democracy,0,33,33,0.0,0.0002,0.02
T11923,Mine drainage and remediation techniques,23,10,-13,0.0001,0.0001,-0.01
T12819,Environmental Philosophy and Ethics,17,16,-1,0.0001,0.0001,-0.0
T13051,Qualitative Comparative Analysis Research,21,12,-9,0.0001,0.0001,-0.0
T11979,Garlic and Onion Studies,26,6,-20,0.0001,0.0,-0.01
T10957,Photodynamic Therapy Research Studies,18,14,-4,0.0001,0.0001,-0.0
T11228,Bat Biology and Ecology Studies,26,6,-20,0.0001,0.0,-0.01
T14147,Innovative Approaches in Technology and Social Development,27,5,-22,0.0001,0.0,-0.01
T11887,Quasicrystal Structures and Properties,23,9,-14,0.0001,0.0,-0.01
T11974,Lepidoptera: Biology and Taxonomy,15,17,2,0.0001,0.0001,0.0
T11167,Hair Growth and Disorders,12,20,8,0.0001,0.0001,0.0
T12255,Biosimilars and Bioanalytical Methods,21,11,-10,0.0001,0.0001,-0.01
T13379,"Multiculturalism, Politics, Migration, Gender",13,19,6,0.0001,0.0001,0.0
T13728,"Crime, Deviance, and Social Control",11,21,10,0.0001,0.0001,0.01
T13923,Nuclear and radioactivity studies,26,6,-20,0.0001,0.0,-0.01
T11413,Risk and Portfolio Optimization,12,20,8,0.0001,0.0001,0.0
T12681,Global Healthcare and Medical Tourism,24,8,-16,0.0001,0.0,-0.01
T11381,Infectious Diseases and Tuberculosis,21,11,-10,0.0001,0.0001,-0.01
T12015,Photoacoustic and Ultrasonic Imaging,26,6,-20,0.0001,0.0,-0.01
T11099,Autonomous Vehicle Technology and Safety,19,13,-6,0.0001,0.0001,-0.0
T12687,Public Administration in Developing Nations,1,31,30,0.0,0.0002,0.02
T14039,Ecology and biodiversity studies,21,11,-10,0.0001,0.0001,-0.01
T11579,Cardiovascular and Diving-Related Complications,21,11,-10,0.0001,0.0001,-0.01
T12947,"Health, psychology, and well-being",28,4,-24,0.0001,0.0,-0.01
T12037,Algebraic and Geometric Analysis,20,12,-8,0.0001,0.0001,-0.0
T11921,Electroconvulsive Therapy Studies,19,13,-6,0.0001,0.0001,-0.0
T12354,Innovations in Educational Methods,22,10,-12,0.0001,0.0001,-0.01
T11571,Sarcoidosis and Beryllium Toxicity Research,15,17,2,0.0001,0.0001,0.0
T12388,Identification and Quantification in Food,26,6,-20,0.0001,0.0,-0.01
T12097,Aquatic Invertebrate Ecology and Behavior,27,5,-22,0.0001,0.0,-0.01
T13093,Electric Power Systems and Control,10,22,12,0.0001,0.0001,0.01
T10974,Advanced Queuing Theory Analysis,18,14,-4,0.0001,0.0001,-0.0
T12712,Myofascial pain diagnosis and treatment,18,14,-4,0.0001,0.0001,-0.0
T11941,Power System Reliability and Maintenance,18,14,-4,0.0001,0.0001,-0.0
T10847,Advanced Optical Network Technologies,16,16,0,0.0001,0.0001,0.0
T13814,Cultural and political discourse analysis,2,30,28,0.0,0.0002,0.01
T12725,transportation and logistics systems,0,32,32,0.0,0.0002,0.02
T13117,Health Education and Validation,0,32,32,0.0,0.0002,0.02
T12702,Brain Tumor Detection and Classification,18,13,-5,0.0001,0.0001,-0.0
T12117,Muscle and Compartmental Disorders,16,15,-1,0.0001,0.0001,-0.0
T12438,Urticaria and Related Conditions,25,6,-19,0.0001,0.0,-0.01
T11865,Anorectal Disease Treatments and Outcomes,17,14,-3,0.0001,0.0001,-0.0
T11633,Prenatal Substance Exposure Effects,13,18,5,0.0001,0.0001,0.0
T10246,Mobile Ad Hoc Networks,14,17,3,0.0001,0.0001,0.0
T13084,Education during COVID-19 pandemic,1,30,29,0.0,0.0002,0.01
T11653,Financial Distress and Bankruptcy Prediction,9,22,13,0.0,0.0001,0.01
T13967,"Conservation, Ecology, Wildlife Education",4,27,23,0.0,0.0001,0.01
T13735,History of Medical Practice,22,9,-13,0.0001,0.0,-0.01
T13926,"Feminism, Gender, and Sexuality Studies",10,21,11,0.0001,0.0001,0.01
T12448,Paranormal Experiences and Beliefs,18,13,-5,0.0001,0.0001,-0.0
T11352,Masonry and Concrete Structural Analysis,12,19,7,0.0001,0.0001,0.0
T12378,Accounting Education and Careers,19,12,-7,0.0001,0.0001,-0.0
T10820,Fuzzy Logic and Control Systems,10,21,11,0.0001,0.0001,0.01
T11855,Gastrointestinal disorders and treatments,23,8,-15,0.0001,0.0,-0.01
T11795,Humor Studies and Applications,13,18,5,0.0001,0.0001,0.0
T10400,Network Security and Intrusion Detection,17,14,-3,0.0001,0.0001,-0.0
T12738,Corporate Identity and Reputation,11,20,9,0.0001,0.0001,0.0
T12481,Digital Accessibility for Disabilities,16,15,-1,0.0001,0.0001,-0.0
T13506,Botanical Research and Chemistry,31,0,-31,0.0002,0.0,-0.02
T11332,"Genomics, phytochemicals, and oxidative stress",27,4,-23,0.0001,0.0,-0.01
T12220,Quantum Electrodynamics and Casimir Effect,20,11,-9,0.0001,0.0001,-0.0
T10468,Photovoltaic System Optimization Techniques,13,18,5,0.0001,0.0001,0.0
T12428,Global Trade and Competitiveness,21,10,-11,0.0001,0.0001,-0.01
T10812,Human Pose and Action Recognition,15,16,1,0.0001,0.0001,0.0
T10590,Chalcogenide Semiconductor Thin Films,16,15,-1,0.0001,0.0001,-0.0
T11523,Nanomaterials and Printing Technologies,8,23,15,0.0,0.0001,0.01
T10187,Radio Frequency Integrated Circuit Design,15,16,1,0.0001,0.0001,0.0
T12077,Vacuum and Plasma Arcs,12,19,7,0.0001,0.0001,0.0
T12188,"Architecture, Modernity, and Design",8,23,15,0.0,0.0001,0.01
T14511,"Medicine, History, and Philosophy",0,31,31,0.0,0.0002,0.02
T12311,Political Theology and Sovereignty,17,14,-3,0.0001,0.0001,-0.0
T11512,Anomaly Detection Techniques and Applications,24,7,-17,0.0001,0.0,-0.01
T12413,Health and Medical Education,1,30,29,0.0,0.0002,0.01
T10806,Energetic Materials and Combustion,19,11,-8,0.0001,0.0001,-0.0
T12329,Hemiptera Insect Studies,12,18,6,0.0001,0.0001,0.0
T13207,Youth Substance Use and School Attendance,20,10,-10,0.0001,0.0001,-0.01
T12994,Infrared Thermography in Medicine,22,8,-14,0.0001,0.0,-0.01
T11567,semigroups and automata theory,12,18,6,0.0001,0.0001,0.0
T12538,Eosinophilic Esophagitis,24,6,-18,0.0001,0.0,-0.01
T12548,Hemostasis and retained surgical items,12,18,6,0.0001,0.0001,0.0
T11075,Insect Resistance and Genetics,20,10,-10,0.0001,0.0001,-0.01
T14513,"Leadership, Courage, and Heroism Studies",22,8,-14,0.0001,0.0,-0.01
T10800,Forensic Toxicology and Drug Analysis,14,16,2,0.0001,0.0001,0.0
T12507,"Utopian, Dystopian, and Speculative Fiction",4,26,22,0.0,0.0001,0.01
T13368,University Challenges and Reforms,3,27,24,0.0,0.0001,0.01
T11768,Music Therapy and Health,23,7,-16,0.0001,0.0,-0.01
T12650,Aesthetic Perception and Analysis,21,9,-12,0.0001,0.0,-0.01
T13490,Aquatic Ecosystems and Biodiversity,16,14,-2,0.0001,0.0001,-0.0
T12247,Microbial Applications in Construction Materials,15,15,0,0.0001,0.0001,0.0
T12537,Flow Measurement and Analysis,18,12,-6,0.0001,0.0001,-0.0
T13153,Rousseau and Enlightenment Thought,10,20,10,0.0001,0.0001,0.01
T13042,Economic and Fiscal Studies,2,28,26,0.0,0.0001,0.01
T12580,Vagus Nerve Stimulation Research,14,16,2,0.0001,0.0001,0.0
T12499,"Diphtheria, Corynebacterium, and Tetanus",13,17,4,0.0001,0.0001,0.0
T11437,Digital Platforms and Economics,19,11,-8,0.0001,0.0001,-0.0
T14135,Cancer and biochemical research,14,16,2,0.0001,0.0001,0.0
T12659,Innovation Diffusion and Forecasting,19,11,-8,0.0001,0.0001,-0.0
T14330,Library Science and Information Systems,18,12,-6,0.0001,0.0001,-0.0
T13036,Veterinary Practice and Education Studies,22,8,-14,0.0001,0.0,-0.01
T12830,Pectus Deformity Diagnosis and Treatment,16,14,-2,0.0001,0.0001,-0.0
T13330,"Theater, Performance, and Music History",21,9,-12,0.0001,0.0,-0.01
T12634,Ureteral procedures and complications,16,14,-2,0.0001,0.0001,-0.0
T11390,Seaweed-derived Bioactive Compounds,19,11,-8,0.0001,0.0001,-0.0
T12414,Coastal and Marine Management,16,14,-2,0.0001,0.0001,-0.0
T12075,Sodium Intake and Health,25,5,-20,0.0001,0.0,-0.01
T11835,Sustainability in Higher Education,11,19,8,0.0001,0.0001,0.0
T12434,Phosphodiesterase function and regulation,14,16,2,0.0001,0.0001,0.0
T14181,Academic Freedom and Politics,14,16,2,0.0001,0.0001,0.0
T12126,Maritime Transport Emissions and Efficiency,17,13,-4,0.0001,0.0001,-0.0
T12876,Potassium and Related Disorders,16,14,-2,0.0001,0.0001,-0.0
T12432,Arctic and Russian Policy Studies,22,8,-14,0.0001,0.0,-0.01
T11517,Advanced optical system design,11,19,8,0.0001,0.0001,0.0
T13140,Materials Engineering and Processing,25,5,-20,0.0001,0.0,-0.01
T12511,Medieval and Classical Philosophy,22,8,-14,0.0001,0.0,-0.01
T13200,Spacecraft and Cryogenic Technologies,19,11,-8,0.0001,0.0001,-0.0
T12519,Cybercrime and Law Enforcement Studies,12,18,6,0.0001,0.0001,0.0
T12591,Inclusive Education and Diversity,0,30,30,0.0,0.0002,0.02
T12875,Thermal Expansion and Ionic Conductivity,18,11,-7,0.0001,0.0001,-0.0
T12085,Collagen: Extraction and Characterization,19,10,-9,0.0001,0.0001,-0.0
T10776,Spinal Fractures and Fixation Techniques,16,13,-3,0.0001,0.0001,-0.0
T10893,Chinese history and philosophy,23,6,-17,0.0001,0.0,-0.01
T13756,International Environmental Law and Policies,16,13,-3,0.0001,0.0001,-0.0
T13374,Hematological disorders and diagnostics,25,4,-21,0.0001,0.0,-0.01
T10584,Reproductive Physiology in Livestock,21,8,-13,0.0001,0.0,-0.01
T11813,Library Collection Development and Digital Resources,19,10,-9,0.0001,0.0001,-0.0
T12890,Eurasian Exchange Networks,20,9,-11,0.0001,0.0,-0.01
T12979,Cardiovascular Disease and Adiposity,25,4,-21,0.0001,0.0,-0.01
T13887,Augustinian Studies and Theology,14,15,1,0.0001,0.0001,0.0
T11793,"Recreation, Leisure, Wilderness Management",12,17,5,0.0001,0.0001,0.0
T10040,Adaptive Control of Nonlinear Systems,14,15,1,0.0001,0.0001,0.0
T13111,Nursing care and research,0,29,29,0.0,0.0001,0.01
T11638,Cardiac tumors and thrombi,14,15,1,0.0001,0.0001,0.0
T12509,Corporate Insolvency and Governance,13,16,3,0.0001,0.0001,0.0
T13109,Theological Perspectives and Practices,13,16,3,0.0001,0.0001,0.0
T14085,Student Stress and Coping,0,29,29,0.0,0.0001,0.01
T12567,Heat transfer and supercritical fluids,13,16,3,0.0001,0.0001,0.0
T11665,Animal Vocal Communication and Behavior,21,8,-13,0.0001,0.0,-0.01
T12668,Yeasts and Rust Fungi Studies,18,11,-7,0.0001,0.0001,-0.0
T14006,"Linguistics, Language Diversity, and Identity",23,6,-17,0.0001,0.0,-0.01
T12289,Library Science and Administration,22,7,-15,0.0001,0.0,-0.01
T12372,Art Therapy and Mental Health,17,12,-5,0.0001,0.0001,-0.0
T13222,"Caribbean history, culture, and politics",25,4,-21,0.0001,0.0,-0.01
T11416,Numerical methods for differential equations,18,11,-7,0.0001,0.0001,-0.0
T11758,Organic and Molecular Conductors Research,17,12,-5,0.0001,0.0001,-0.0
T10431,Ethnobotanical and Medicinal Plants Studies,13,16,3,0.0001,0.0001,0.0
T13736,Steroid Chemistry and Biochemistry,10,19,9,0.0001,0.0001,0.0
T10538,Data Mining Algorithms and Applications,22,7,-15,0.0001,0.0,-0.01
T12189,Sulfur-Based Synthesis Techniques,14,15,1,0.0001,0.0001,0.0
T11778,Electrical and Bioimpedance Tomography,22,7,-15,0.0001,0.0,-0.01
T13844,Higher Education Learning Practices,29,0,-29,0.0001,0.0,-0.01
T12722,Innovation Policy and R&D,23,6,-17,0.0001,0.0,-0.01
T14315,Feminist Theory and Gender Studies,2,27,25,0.0,0.0001,0.01
T13556,Historical Influence and Diplomacy,22,7,-15,0.0001,0.0,-0.01
T13708,History of Emotions Research,9,20,11,0.0,0.0001,0.01
T12869,Occupational Health and Burnout,0,29,29,0.0,0.0001,0.01
T11952,Landfill Environmental Impact Studies,11,17,6,0.0001,0.0001,0.0
T10125,Advanced Wireless Communication Techniques,10,18,8,0.0001,0.0001,0.0
T12253,Urban Agriculture and Sustainability,18,10,-8,0.0001,0.0001,-0.0
T10548,Catalytic Cross-Coupling Reactions,13,15,2,0.0001,0.0001,0.0
T12784,Modular Robots and Swarm Intelligence,26,2,-24,0.0001,0.0,-0.01
T12053,Minimally Invasive Surgical Techniques,10,18,8,0.0001,0.0001,0.0
T13316,"Crafts, Textile, and Design",15,13,-2,0.0001,0.0001,-0.0
T14201,Data Analysis and Archiving,21,7,-14,0.0001,0.0,-0.01
T11909,Histiocytic Disorders and Treatments,12,16,4,0.0001,0.0001,0.0
T12214,Media Influence and Health,16,12,-4,0.0001,0.0001,-0.0
T12956,Asian Geopolitics and Ethnography,27,1,-26,0.0001,0.0,-0.01
T11954,Energy Efficiency and Management,12,16,4,0.0001,0.0001,0.0
T11277,Thermal properties of materials,11,17,6,0.0001,0.0001,0.0
T11121,Public Relations and Crisis Communication,12,16,4,0.0001,0.0001,0.0
T12470,Caribbean and African Literature and Culture,10,18,8,0.0001,0.0001,0.0
T10480,Ionic liquids properties and applications,19,9,-10,0.0001,0.0,-0.01
T13863,Cultural History and Identity Formation,15,13,-2,0.0001,0.0001,-0.0
T12963,Anesthesia and Neurotoxicity Research,26,2,-24,0.0001,0.0,-0.01
T12636,Regional Development and Innovation,3,25,22,0.0,0.0001,0.01
T13248,Healthcare Technology and Patient Monitoring,15,13,-2,0.0001,0.0001,-0.0
T12467,Rangeland Management and Livestock Ecology,22,6,-16,0.0001,0.0,-0.01
T11107,Selenium in Biological Systems,18,10,-8,0.0001,0.0001,-0.0
T13415,Calcium signaling and nucleotide metabolism,18,10,-8,0.0001,0.0001,-0.0
T14339,Image Processing and 3D Reconstruction,26,2,-24,0.0001,0.0,-0.01
T14288,"Law, Rights, and Freedoms",3,25,22,0.0,0.0001,0.01
T11459,Arctic and Antarctic ice dynamics,23,5,-18,0.0001,0.0,-0.01
T12771,Plant pathogens and resistance mechanisms,24,4,-20,0.0001,0.0,-0.01
T14086,Military and Defense Studies,19,9,-10,0.0001,0.0,-0.01
T10275,2D Materials and Applications,15,13,-2,0.0001,0.0001,-0.0
T10984,Sinusitis and nasal conditions,14,14,0,0.0001,0.0001,0.0
T14285,Biopolymer Synthesis and Applications,28,0,-28,0.0001,0.0,-0.01
T12549,Image and Object Detection Techniques,17,11,-6,0.0001,0.0001,-0.0
T13467,Drug-Induced Ocular Toxicity,11,17,6,0.0001,0.0001,0.0
T12486,Food Supply Chain Traceability,11,17,6,0.0001,0.0001,0.0
T13174,American and British Literature Analysis,11,17,6,0.0001,0.0001,0.0
T12171,Open Education and E-Learning,17,11,-6,0.0001,0.0001,-0.0
T12019,Calibration and Measurement Techniques,19,9,-10,0.0001,0.0,-0.01
T14208,"Death, Funerary Practices, and Mourning",0,28,28,0.0,0.0001,0.01
T12690,Cross-Border Cooperation and Integration,21,6,-15,0.0001,0.0,-0.01
T11576,IgG4-Related and Inflammatory Diseases,16,11,-5,0.0001,0.0001,-0.0
T13129,Material Properties and Applications,27,0,-27,0.0001,0.0,-0.01
T11263,Electromagnetic Simulation and Numerical Methods,16,11,-5,0.0001,0.0001,-0.0
T11898,Economics of Agriculture and Food Markets,13,14,1,0.0001,0.0001,0.0
T11613,Phytochemistry and Biological Activities,27,0,-27,0.0001,0.0,-0.01
T12306,Urban and Freight Transport Logistics,19,8,-11,0.0001,0.0,-0.01
T12793,Caveolin-1 and cellular processes,25,2,-23,0.0001,0.0,-0.01
T10511,High voltage insulation and dielectric phenomena,11,16,5,0.0001,0.0001,0.0
T12730,"Weber, Simmel, Sociological Theory",14,13,-1,0.0001,0.0001,-0.0
T13216,Artistic and Creative Research,8,19,11,0.0,0.0001,0.01
T12456,Geotourism and Geoheritage Conservation,8,19,11,0.0,0.0001,0.01
T12717,Space exploration and regulation,16,11,-5,0.0001,0.0001,-0.0
T12334,Lung Cancer Research Studies,8,19,11,0.0,0.0001,0.01
T11237,Plant Gene Expression Analysis,10,17,7,0.0001,0.0001,0.0
T12936,"Conflict, Peace, and Violence in Colombia",8,19,11,0.0,0.0001,0.01
T13125,Agricultural pest management studies,27,0,-27,0.0001,0.0,-0.01
T12449,Spacecraft Design and Technology,13,14,1,0.0001,0.0001,0.0
T12759,Vehicle Noise and Vibration Control,10,17,7,0.0001,0.0001,0.0
T12254,Machine Learning in Bioinformatics,15,12,-3,0.0001,0.0001,-0.0
T12806,Ocean Acidification Effects and Responses,20,7,-13,0.0001,0.0,-0.01
T13408,Corporate Law and Human Rights,22,5,-17,0.0001,0.0,-0.01
T13471,Cognitive Functions and Memory,14,13,-1,0.0001,0.0001,-0.0
T13777,Cognitive and psychological constructs research,24,3,-21,0.0001,0.0,-0.01
T13843,African Sexualities and LGBTQ+ Issues,23,4,-19,0.0001,0.0,-0.01
T10627,Advanced Image and Video Retrieval Techniques,19,8,-11,0.0001,0.0,-0.01
T13796,Neurological Disorders and Treatments,24,3,-21,0.0001,0.0,-0.01
T12906,Surgical Sutures and Adhesives,20,7,-13,0.0001,0.0,-0.01
T14013,Legal Language and Interpretation,8,19,11,0.0,0.0001,0.01
T11081,Advanced Control Systems Design,5,22,17,0.0,0.0001,0.01
T13990,Engine and Fuel Emissions,4,23,19,0.0,0.0001,0.01
T12278,Vascular Tumors and Angiosarcomas,16,11,-5,0.0001,0.0001,-0.0
T12416,Polymer Nanocomposite Synthesis and Irradiation,20,7,-13,0.0001,0.0,-0.01
T11966,Silk-based biomaterials and applications,24,3,-21,0.0001,0.0,-0.01
T11273,Advanced Graph Neural Networks,14,13,-1,0.0001,0.0001,-0.0
T13102,Soil and Environmental Studies,5,22,17,0.0,0.0001,0.01
T11317,Fire dynamics and safety research,13,14,1,0.0001,0.0001,0.0
T12817,Pharmacological Effects of Natural Compounds,23,3,-20,0.0001,0.0,-0.01
T11860,"HIV, Drug Use, Sexual Risk",20,6,-14,0.0001,0.0,-0.01
T12259,Environmental Justice and Health Disparities,17,9,-8,0.0001,0.0,-0.0
T12965,Wildlife Conservation and Criminology Analyses,24,2,-22,0.0001,0.0,-0.01
T10703,Business Process Modeling and Analysis,18,8,-10,0.0001,0.0,-0.01
T12543,Groundwater and Watershed Analysis,20,6,-14,0.0001,0.0,-0.01
T12187,Glutathione Transferases and Polymorphisms,16,10,-6,0.0001,0.0001,-0.0
T11854,Laser-induced spectroscopy and plasma,17,9,-8,0.0001,0.0,-0.0
T12692,Magnetic Field Sensors Techniques,15,11,-4,0.0001,0.0001,-0.0
T11065,Insect Pest Control Strategies,17,9,-8,0.0001,0.0,-0.0
T11596,Constraint Satisfaction and Optimization,24,2,-22,0.0001,0.0,-0.01
T10098,Ruminant Nutrition and Digestive Physiology,13,13,0,0.0001,0.0001,0.0
T10332,Amphibian and Reptile Biology,18,8,-10,0.0001,0.0,-0.01
T12642,Polymer-Based Agricultural Enhancements,9,17,8,0.0,0.0001,0.0
T10672,Design Education and Practice,13,13,0,0.0001,0.0001,0.0
T12201,Agricultural Engineering and Mechanization,8,18,10,0.0,0.0001,0.01
T10886,Multiferroics and related materials,13,13,0,0.0001,0.0001,0.0
T12578,Diagnosis and treatment of tuberculosis,18,8,-10,0.0001,0.0,-0.01
T12025,Hepatitis Viruses Studies and Epidemiology,16,10,-6,0.0001,0.0001,-0.0
T11806,Service-Learning and Community Engagement,15,11,-4,0.0001,0.0001,-0.0
T10230,Marine and fisheries research,14,12,-2,0.0001,0.0001,-0.0
T12935,Healthcare Systems and Public Health,22,4,-18,0.0001,0.0,-0.01
T12047,Viral Infections and Vectors,19,7,-12,0.0001,0.0,-0.01
T14372,Environmental and Biological Research in Conflict Zones,19,7,-12,0.0001,0.0,-0.01
T11256,Asian Studies and History,21,5,-16,0.0001,0.0,-0.01
T13690,Quality and Safety in Healthcare,21,5,-16,0.0001,0.0,-0.01
T13590,"Oral History, Memory, Narrative Analysis",16,10,-6,0.0001,0.0001,-0.0
T13996,Diverse Musicological Studies,24,2,-22,0.0001,0.0,-0.01
T13381,Heart rate and cardiovascular health,12,14,2,0.0001,0.0001,0.0
T12675,Financial Reporting and Valuation Research,20,6,-14,0.0001,0.0,-0.01
T12177,Resource-Constrained Project Scheduling,12,14,2,0.0001,0.0001,0.0
T14385,Franz Kafka Literary Studies,13,13,0,0.0001,0.0001,0.0
T12596,Cephalopods and Marine Biology,23,3,-20,0.0001,0.0,-0.01
T12134,Insect symbiosis and bacterial influences,18,8,-10,0.0001,0.0,-0.01
T13604,"Adsorption, diffusion, and thermodynamic properties of materials",10,16,6,0.0001,0.0001,0.0
T13006,Spanish History and Politics,10,16,6,0.0001,0.0001,0.0
T13597,Medicine and Dermatology Studies History,21,5,-16,0.0001,0.0,-0.01
T11837,Iron and Steelmaking Processes,11,15,4,0.0001,0.0001,0.0
T13995,Globalization and political ideologies,2,24,22,0.0,0.0001,0.01
T13947,Media Discourse and Social  Analysis,0,26,26,0.0,0.0001,0.01
T10931,Direction-of-Arrival Estimation Techniques,0,26,26,0.0,0.0001,0.01
T11600,Brain Metastases and Treatment,15,10,-5,0.0001,0.0001,-0.0
T12161,Plant Surface Properties and Treatments,22,3,-19,0.0001,0.0,-0.01
T11801,Reservoir Engineering and Simulation Methods,23,2,-21,0.0001,0.0,-0.01
T11066,Organic Food and Agriculture,18,7,-11,0.0001,0.0,-0.01
T13377,Ecosystem dynamics and resilience,15,10,-5,0.0001,0.0001,-0.0
T14160,Water management and technologies,13,12,-1,0.0001,0.0001,-0.0
T12299,Radiation Shielding Materials Analysis,13,12,-1,0.0001,0.0001,-0.0
T12813,Plant and Biological Electrophysiology Studies,19,6,-13,0.0001,0.0,-0.01
T10623,Thin-Film Transistor Technologies,9,16,7,0.0,0.0001,0.0
T13383,Tumors and Oncological Cases,20,5,-15,0.0001,0.0,-0.01
T13151,Business Strategies and Innovation,7,18,11,0.0,0.0001,0.01
T13398,Data Analysis with R,12,13,1,0.0001,0.0001,0.0
T11775,COVID-19 diagnosis using AI,19,6,-13,0.0001,0.0,-0.01
T14275,Historical Medical Research and Treatments,12,13,1,0.0001,0.0001,0.0
T11128,Transition Metal Oxide Nanomaterials,18,7,-11,0.0001,0.0,-0.01
T13806,Mathematical and Computational Methods,0,25,25,0.0,0.0001,0.01
T14380,Libraries and Information Services,10,15,5,0.0001,0.0001,0.0
T12396,Advanced Differential Equations and Dynamical Systems,18,7,-11,0.0001,0.0,-0.01
T12885,Digital Innovation in Industries,11,14,3,0.0001,0.0001,0.0
T13396,Agriculture and Rural Development Research,24,1,-23,0.0001,0.0,-0.01
T14278,Marxism and Critical Theory,1,24,23,0.0,0.0001,0.01
T11947,Molten salt chemistry and electrochemical processes,8,17,9,0.0,0.0001,0.0
T13840,Chemical Safety and Risk Management,17,8,-9,0.0001,0.0,-0.0
T11526,Innovative Teaching Methods,12,13,1,0.0001,0.0001,0.0
T12458,Organometallic Compounds Synthesis and Characterization,17,8,-9,0.0001,0.0,-0.0
T14012,Comparative and International Law Studies,16,9,-7,0.0001,0.0,-0.0
T13382,Robotics and Automated Systems,12,13,1,0.0001,0.0001,0.0
T12622,Neurosurgical Procedures and Complications,11,14,3,0.0001,0.0001,0.0
T11812,Nasal Surgery and Airway Studies,14,11,-3,0.0001,0.0001,-0.0
T11933,Mining and Resource Management,13,12,-1,0.0001,0.0001,-0.0
T14427,Environmental Monitoring and Data Management,7,18,11,0.0,0.0001,0.01
T14481,Renewable Energy and Sustainability,4,21,17,0.0,0.0001,0.01
T11315,Phase-change materials and chalcogenides,15,10,-5,0.0001,0.0001,-0.0
T13646,Qur’anic Interpretation Studies,5,20,15,0.0,0.0001,0.01
T13793,Environmental and Analytical Chemistry Studies,1,24,23,0.0,0.0001,0.01
T12261,Statistical Mechanics and Entropy,14,11,-3,0.0001,0.0001,-0.0
T13900,Contemporary and Historical Greek Studies,17,8,-9,0.0001,0.0,-0.0
T10194,Nonlinear Partial Differential Equations,9,16,7,0.0,0.0001,0.0
T10772,Distributed systems and fault tolerance,13,12,-1,0.0001,0.0001,-0.0
T11511,Dyeing and Modifying Textile Fibers,9,15,6,0.0,0.0001,0.0
T11170,Biomimetic flight and propulsion mechanisms,12,12,0,0.0001,0.0001,0.0
T11940,Layered Double Hydroxides Synthesis and Applications,14,10,-4,0.0001,0.0001,-0.0
T11836,Bryophyte Studies and Records,11,13,2,0.0001,0.0001,0.0
T13057,Asian Industrial and Economic Development,6,18,12,0.0,0.0001,0.01
T12589,Differential Equations and Boundary Problems,6,18,12,0.0,0.0001,0.01
T13523,"Mathematics, Computing, and Information Processing",17,7,-10,0.0001,0.0,-0.01
T12587,Gestational Trophoblastic Disease Studies,15,9,-6,0.0001,0.0,-0.0
T14454,Polymer Science and Applications,3,21,18,0.0,0.0001,0.01
T14303,Polymer Synthesis and Characterization,3,21,18,0.0,0.0001,0.01
T12102,Fire effects on concrete materials,18,6,-12,0.0001,0.0,-0.01
T13459,Public Administration and Political Analysis,8,16,8,0.0,0.0001,0.0
T11963,Impact of Light on Environment and Health,15,9,-6,0.0001,0.0,-0.0
T12811,"Aging, Health, and Disability",4,20,16,0.0,0.0001,0.01
T10046,Stability and Control of Uncertain Systems,8,16,8,0.0,0.0001,0.0
T13326,Biochemical and Structural Characterization,16,8,-8,0.0001,0.0,-0.0
T11910,Foreign Body Medical Cases,10,14,4,0.0001,0.0001,0.0
T13587,Q Methodology Applications,18,6,-12,0.0001,0.0,-0.01
T13143,Child Therapy and Development,20,4,-16,0.0001,0.0,-0.01
T11926,Subterranean biodiversity and taxonomy,14,10,-4,0.0001,0.0001,-0.0
T14509,demographic modeling and climate adaptation,24,0,-24,0.0001,0.0,-0.01
T12276,Risk Management in Financial Firms,15,9,-6,0.0001,0.0,-0.0
T10980,Vascular Malformations and Hemangiomas,12,12,0,0.0001,0.0001,0.0
T14226,"Migration, Racism, and Human Rights",4,20,16,0.0,0.0001,0.01
T11690,Advanced battery technologies research,15,9,-6,0.0001,0.0,-0.0
T12976,Magnetic and Electromagnetic Effects,23,1,-22,0.0001,0.0,-0.01
T13600,Science Education and Perceptions,19,5,-14,0.0001,0.0,-0.01
T12302,Advanced Nanomaterials in Catalysis,24,0,-24,0.0001,0.0,-0.01
T14515,International Law and Aviation,23,1,-22,0.0001,0.0,-0.01
T11447,Blind Source Separation Techniques,23,1,-22,0.0001,0.0,-0.01
T12960,Heterotopic Ossification and Related Conditions,13,11,-2,0.0001,0.0001,-0.0
T13089,Medieval and Early Modern Iberia,4,20,16,0.0,0.0001,0.01
T13380,Sound Studies and Aurality,6,18,12,0.0,0.0001,0.01
T14127,Food and Agricultural Sciences,0,24,24,0.0,0.0001,0.01
T10273,IoT and Edge/Fog Computing,14,10,-4,0.0001,0.0001,-0.0
T13087,Simone de Beauvoir and Sartre,12,12,0,0.0001,0.0001,0.0
T14334,HIV/AIDS Impact and Responses,18,5,-13,0.0001,0.0,-0.01
T13821,Coaching Methods and Impact,13,10,-3,0.0001,0.0001,-0.0
T10892,Drilling and Well Engineering,21,2,-19,0.0001,0.0,-0.01
T13277,"Media, Religion, Digital Communication",12,11,-1,0.0001,0.0001,-0.0
T12927,"Memory, History, Trauma, Identity",2,21,19,0.0,0.0001,0.01
T13988,Public Administration and Governance,1,22,21,0.0,0.0001,0.01
T12743,Spanish Culture and Identity,15,8,-7,0.0001,0.0,-0.0
T13437,Mechanisms of cancer metastasis,10,13,3,0.0001,0.0001,0.0
T14002,"Art, Technology, and Culture",8,15,7,0.0,0.0001,0.0
T12238,Green IT and Sustainability,16,7,-9,0.0001,0.0,-0.0
T12212,CNS Lymphoma Diagnosis and Treatment,14,9,-5,0.0001,0.0,-0.0
T10225,Essential Oils and Antimicrobial Activity,13,10,-3,0.0001,0.0001,-0.0
T10341,Coral and Marine Ecosystems Studies,19,4,-15,0.0001,0.0,-0.01
T11691,Forest Insect Ecology and Management,18,5,-13,0.0001,0.0,-0.01
T13258,Williams Syndrome Research,16,7,-9,0.0001,0.0,-0.0
T14486,"Cardiovascular, Neuropeptides, and Oxidative Stress Research",6,17,11,0.0,0.0001,0.01
T11267,Abdominal Trauma and Injuries,14,9,-5,0.0001,0.0,-0.0
T12790,Nursing Diagnosis and Documentation,16,7,-9,0.0001,0.0,-0.0
T14032,History and International Relations,0,23,23,0.0,0.0001,0.01
T12176,Optimization and Packing Problems,13,10,-3,0.0001,0.0001,-0.0
T13029,South Asian Studies and Conflicts,17,6,-11,0.0001,0.0,-0.01
T10679,Service-Oriented Architecture and Web Services,12,11,-1,0.0001,0.0001,-0.0
T12993,Psychology of Development and Education,16,7,-9,0.0001,0.0,-0.0
T11518,Cervical and Thoracic Myelopathy,18,5,-13,0.0001,0.0,-0.01
T11241,Advanced Malware Detection Techniques,17,6,-11,0.0001,0.0,-0.01
T13991,Nuclear Receptors and Signaling,16,7,-9,0.0001,0.0,-0.0
T13228,Socioeconomic Development in Asia,18,5,-13,0.0001,0.0,-0.01
T12971,Material Properties and Processing,21,2,-19,0.0001,0.0,-0.01
T14143,Economic and Technological Innovation,16,7,-9,0.0001,0.0,-0.0
T13104,Chemical and Physical Properties of Materials,7,16,9,0.0,0.0001,0.0
T13596,"Grouting, Rheology, and Soil Mechanics",19,4,-15,0.0001,0.0,-0.01
T12832,Biocrusts and Microbial Ecology,21,2,-19,0.0001,0.0,-0.01
T13770,Pediatric health and respiratory diseases,20,3,-17,0.0001,0.0,-0.01
T14432,Freedom of Expression and Defamation,6,17,11,0.0,0.0001,0.01
T13632,Marriage and Sexual Relationships,20,3,-17,0.0001,0.0,-0.01
T13569,Microscopic Colitis,20,3,-17,0.0001,0.0,-0.01
T12729,Tree Root and Stability Studies,14,9,-5,0.0001,0.0,-0.0
T13914,European Cultural and National Identity,6,17,11,0.0,0.0001,0.01
T12940,Structural Engineering and Materials Analysis,1,22,21,0.0,0.0001,0.01
T12727,Differential Equations and Numerical Methods,7,16,9,0.0,0.0001,0.0
T11569,Optical Coherence Tomography Applications,12,11,-1,0.0001,0.0001,-0.0
T12419,Phonocardiography and Auscultation Techniques,16,7,-9,0.0001,0.0,-0.0
T13546,Census and Population Estimation,14,9,-5,0.0001,0.0,-0.0
T12886,Historical and Cultural Studies of Poland,7,16,9,0.0,0.0001,0.0
T12405,Characterization and Applications of Magnetic Nanoparticles,9,14,5,0.0,0.0001,0.0
T14255,European Law and Migration,0,23,23,0.0,0.0001,0.01
T13762,Education and Labor Relations,0,23,23,0.0,0.0001,0.01
T12379,Cancer Diagnosis and Treatment,12,10,-2,0.0001,0.0001,-0.0
T11528,Lichen and fungal ecology,15,7,-8,0.0001,0.0,-0.0
T13618,Regional Socio-Economic Development Trends,21,1,-20,0.0001,0.0,-0.01
T11866,Reconstructive Facial Surgery Techniques,14,8,-6,0.0001,0.0,-0.0
T13226,Appreciative Inquiry and Organizational Change,8,14,6,0.0,0.0001,0.0
T12487,Structural Engineering and Vibration Analysis,19,3,-16,0.0001,0.0,-0.01
T13544,Women's cancer prevention and management,4,18,14,0.0,0.0001,0.01
T12108,Management of metastatic bone disease,16,6,-10,0.0001,0.0,-0.01
T10296,Vector-borne infectious diseases,12,10,-2,0.0001,0.0001,-0.0
T13167,"Historical, Literary, and Cultural Studies",13,9,-4,0.0001,0.0,-0.0
T12838,Photovoltaic Systems and Sustainability,10,12,2,0.0001,0.0001,0.0
T12527,Chemistry and Stereochemistry Studies,9,13,4,0.0,0.0001,0.0
T13015,"Botany, Ecology, and Taxonomy Studies",22,0,-22,0.0001,0.0,-0.01
T10856,Intellectual Property and Patents,8,14,6,0.0,0.0001,0.0
T10457,Education Pedagogy and Practices,1,21,20,0.0,0.0001,0.01
T11598,Internet Traffic Analysis and Secure E-voting,10,12,2,0.0001,0.0001,0.0
T12844,Psychology and Mental Health,1,21,20,0.0,0.0001,0.01
T12651,Halal products and consumer behavior,13,9,-4,0.0001,0.0,-0.0
T14178,Environmental Science and Water Management,3,19,16,0.0,0.0001,0.01
T13759,Medical Imaging and Pathology Studies,17,5,-12,0.0001,0.0,-0.01
T11790,N-Heterocyclic Carbenes in Organic and Inorganic Chemistry,12,10,-2,0.0001,0.0001,-0.0
T14289,"Anthropology: Ethics, History, Culture",15,7,-8,0.0001,0.0,-0.0
T12796,Dermatological and COVID-19 studies,14,8,-6,0.0001,0.0,-0.0
T13440,Electromagnetic Effects on Materials,18,4,-14,0.0001,0.0,-0.01
T11179,Nematode management and characterization studies,13,9,-4,0.0001,0.0,-0.0
T12924,Dermatological and Skeletal Disorders,16,6,-10,0.0001,0.0,-0.01
T13498,Economic Development and Digital Transformation,20,2,-18,0.0001,0.0,-0.01
T11140,Natural Antidiabetic Agents Studies,15,7,-8,0.0001,0.0,-0.0
T12319,Fish Biology and Ecology Studies,11,11,0,0.0001,0.0001,0.0
T13175,Historical Astronomy and Related Studies,14,8,-6,0.0001,0.0,-0.0
T11448,Face recognition and analysis,10,12,2,0.0001,0.0001,0.0
T12566,Nitrogen and Sulfur Effects on Brassica,16,6,-10,0.0001,0.0,-0.01
T12764,Polish Historical and Cultural Studies,10,12,2,0.0001,0.0001,0.0
T12849,Parvovirus B19 Infection Studies,17,5,-12,0.0001,0.0,-0.01
T10635,Hydraulic Fracturing and Reservoir Analysis,19,3,-16,0.0001,0.0,-0.01
T10851,Optical Wireless Communication Technologies,11,11,0,0.0001,0.0001,0.0
T13534,"Migration, Identity, and Health",2,20,18,0.0,0.0001,0.01
T13356,Early Modern Women Writers,5,17,12,0.0,0.0001,0.01
T12888,Military Strategy and Technology,4,18,14,0.0,0.0001,0.01
T12575,Medical History and Research,17,5,-12,0.0001,0.0,-0.01
T11136,Enzyme-mediated dye degradation,16,6,-10,0.0001,0.0,-0.01
T12317,Actinomycetales infections and treatment,11,11,0,0.0001,0.0001,0.0
T10868,Soft Robotics and Applications,8,14,6,0.0,0.0001,0.0
T12331,Hereditary Neurological Disorders,8,14,6,0.0,0.0001,0.0
T13209,Cold Fusion and Nuclear Reactions,14,8,-6,0.0001,0.0,-0.0
T12670,"Urbanism, Landscape, and Tourism Studies",1,21,20,0.0,0.0001,0.01
T13481,Neurological diseases and metabolism,16,5,-11,0.0001,0.0,-0.01
T12805,Cognitive Science and Mapping,21,0,-21,0.0001,0.0,-0.01
T12593,Communication in Education and Healthcare,17,4,-13,0.0001,0.0,-0.01
T10601,Handwritten Text Recognition Techniques,8,13,5,0.0,0.0001,0.0
T12086,Structural Integrity and Reliability Analysis,10,11,1,0.0001,0.0001,0.0
T13213,Mechanical Failure Analysis and Simulation,11,10,-1,0.0001,0.0001,-0.0
T13699,Public Spaces through Art,15,6,-9,0.0001,0.0,-0.0
T14415,Biomedical Research and Pathophysiology,17,4,-13,0.0001,0.0,-0.01
T14324,Insects and Parasite Interactions,13,8,-5,0.0001,0.0,-0.0
T10317,Advanced Database Systems and Queries,15,6,-9,0.0001,0.0,-0.0
T11696,Conflict Management and Negotiation,11,10,-1,0.0001,0.0001,-0.0
T12152,Concrete Properties and Behavior,7,14,7,0.0,0.0001,0.0
T13850,Night-time city culture,8,13,5,0.0,0.0001,0.0
T13148,Environmental and Air Quality Management,1,20,19,0.0,0.0001,0.01
T13210,Historical Turkish Studies,1,20,19,0.0,0.0001,0.01
T11916,Legionella and Acanthamoeba research,13,8,-5,0.0001,0.0,-0.0
T10361,Silicon Carbide Semiconductor Technologies,12,9,-3,0.0001,0.0,-0.0
T12473,Pacific and Southeast Asian Studies,17,4,-13,0.0001,0.0,-0.01
T11286,Polyoxometalates: Synthesis and Applications,15,6,-9,0.0001,0.0,-0.0
T11704,Mobile Crowdsensing and Crowdsourcing,11,10,-1,0.0001,0.0001,-0.0
T12390,Comics and Graphic Narratives,10,11,1,0.0001,0.0001,0.0
T14242,"Nutrition, Health, and Society Studies",11,10,-1,0.0001,0.0001,-0.0
T13869,Ocular and Laser Science Research,15,6,-9,0.0001,0.0,-0.0
T13831,Archaeological and Geological Studies,2,19,17,0.0,0.0001,0.01
T11210,Mathematical Analysis and Transform Methods,6,15,9,0.0,0.0001,0.0
T11173,Neurofibromatosis and Schwannoma Cases,11,10,-1,0.0001,0.0001,-0.0
T12328,Autoimmune and Inflammatory Disorders,15,6,-9,0.0001,0.0,-0.0
T10917,Smart Grid Security and Resilience,13,8,-5,0.0001,0.0,-0.0
T11297,Ferroptosis and cancer prognosis,14,7,-7,0.0001,0.0,-0.0
T12867,Advanced Biosensing Techniques and Applications,12,9,-3,0.0001,0.0,-0.0
T14028,Healthcare and Venom Research,15,6,-9,0.0001,0.0,-0.0
T10504,Sensorless Control of Electric Motors,8,13,5,0.0,0.0001,0.0
T12565,Physics and Engineering Research Articles,21,0,-21,0.0001,0.0,-0.01
T13629,Text Readability and Simplification,10,11,1,0.0001,0.0001,0.0
T12804,Thermal Analysis in Power Transmission,15,6,-9,0.0001,0.0,-0.0
T11611,Cyclopropane Reaction Mechanisms,8,13,5,0.0,0.0001,0.0
T12369,Pneumocystis jirovecii pneumonia detection and treatment,18,3,-15,0.0001,0.0,-0.01
T10111,Remote Sensing in Agriculture,10,11,1,0.0001,0.0001,0.0
T13765,Social Science and Policy Research,12,9,-3,0.0001,0.0,-0.0
T13451,Mechanical Engineering Research and Applications,2,19,17,0.0,0.0001,0.01
T12146,Power Line Communications and Noise,16,5,-11,0.0001,0.0,-0.01
T12452,Electrowetting and Microfluidic Technologies,11,10,-1,0.0001,0.0001,-0.0
T13160,Synthesis and Biological Evaluation,18,3,-15,0.0001,0.0,-0.01
T12560,Nuclear Engineering Thermal-Hydraulics,11,10,-1,0.0001,0.0001,-0.0
T14030,Taxation and Legal Issues,16,5,-11,0.0001,0.0,-0.01
T13737,Critical and Liberation Pedagogy,4,17,13,0.0,0.0001,0.01
T14051,Regional Economic and Spatial Analysis,3,18,15,0.0,0.0001,0.01
T13219,Mind wandering and attention,17,4,-13,0.0001,0.0,-0.01
T11796,Horticultural and Viticultural Research,16,5,-11,0.0001,0.0,-0.01
T10777,Politics and Society in Latin America,4,17,13,0.0,0.0001,0.01
T14317,"Finance, Markets, and Regulation",0,21,21,0.0,0.0001,0.01
T11886,Agricultural risk and resilience,18,2,-16,0.0001,0.0,-0.01
T14404,European Socioeconomic and Political Studies,9,11,2,0.0,0.0001,0.0
T12802,Competency Development and Evaluation,11,9,-2,0.0001,0.0,-0.0
T13145,Crime and Detective Fiction Studies,9,11,2,0.0,0.0001,0.0
T12143,Place Attachment and Urban Studies,9,11,2,0.0,0.0001,0.0
T12713,Forest Ecology and Biodiversity Studies,13,7,-6,0.0001,0.0,-0.0
T12898,Induction Heating and Inverter Technology,15,5,-10,0.0001,0.0,-0.01
T11985,Marine Toxins and Detection Methods,13,7,-6,0.0001,0.0,-0.0
T11202,Cavitation Phenomena in Pumps,7,13,6,0.0,0.0001,0.0
T13194,ICT in Developing Communities,18,2,-16,0.0001,0.0,-0.01
T11666,Color Science and Applications,13,7,-6,0.0001,0.0,-0.0
T10481,Computer Graphics and Visualization Techniques,12,8,-4,0.0001,0.0,-0.0
T11525,Piezoelectric Actuators and Control,7,13,6,0.0,0.0001,0.0
T14056,Safety Warnings and Signage,15,5,-10,0.0001,0.0,-0.01
T12338,Digital literacy in education,4,16,12,0.0,0.0001,0.01
T12011,"Insurance, Mortality, Demography, Risk Management",10,10,0,0.0001,0.0001,0.0
T14025,Educational Technology and Assessment,6,14,8,0.0,0.0001,0.0
T13165,Agricultural safety and regulations,4,16,12,0.0,0.0001,0.01
T10286,Information Retrieval and Search Behavior,4,16,12,0.0,0.0001,0.01
T13362,Slime Mold and Myxomycetes Research,7,13,6,0.0,0.0001,0.0
T14311,Electrical and Electromagnetic Research,1,19,18,0.0,0.0001,0.01
T12074,Membrane-based Ion Separation Techniques,15,5,-10,0.0001,0.0,-0.01
T12510,Magneto-Optical Properties and Applications,15,5,-10,0.0001,0.0,-0.01
T11885,MRI in cancer diagnosis,12,8,-4,0.0001,0.0,-0.0
T13426,Kruppel-like factors research,16,4,-12,0.0001,0.0,-0.01
T12483,Global Urban Networks and Dynamics,7,13,6,0.0,0.0001,0.0
T13537,"German legal, social, and political studies",8,12,4,0.0,0.0001,0.0
T13530,Climate Change and Environmental Impact,8,12,4,0.0,0.0001,0.0
T11856,Thermography and Photoacoustic Techniques,15,5,-10,0.0001,0.0,-0.01
T12288,Optimization and Search Problems,12,8,-4,0.0001,0.0,-0.0
T11050,Photorefractive and Nonlinear Optics,8,12,4,0.0,0.0001,0.0
T14054,Humic Substances and Bio-Organic Studies,0,20,20,0.0,0.0001,0.01
T13851,"Law, AI, and Intellectual Property",10,10,0,0.0001,0.0001,0.0
T13866,Occupational health in dentistry,11,9,-2,0.0001,0.0,-0.0
T12001,Fossil Insects in Amber,14,6,-8,0.0001,0.0,-0.0
T13091,Human Health and Disease,16,4,-12,0.0001,0.0,-0.01
T13966,Neurological and metabolic disorders,14,6,-8,0.0001,0.0,-0.0
T11344,Traffic Prediction and Management Techniques,16,4,-12,0.0001,0.0,-0.01
T12612,Strong Light-Matter Interactions,9,11,2,0.0,0.0001,0.0
T14176,Interdisciplinary Cultural and Social Studies,20,0,-20,0.0001,0.0,-0.01
T12415,Employer Branding and e-HRM,9,11,2,0.0,0.0001,0.0
T10879,Robotic Locomotion and Control,11,9,-2,0.0001,0.0,-0.0
T11423,Pesticide Residue Analysis and Safety,15,5,-10,0.0001,0.0,-0.01
T13763,Historical Legal Studies and Society,9,11,2,0.0,0.0001,0.0
T12340,Anodic Oxide Films and Nanostructures,14,6,-8,0.0001,0.0,-0.0
T13718,Media Influence and Politics,13,7,-6,0.0001,0.0,-0.0
T13046,Electrokinetic Soil Remediation Techniques,14,6,-8,0.0001,0.0,-0.0
T12997,Outdoor and Experiential Education,7,13,6,0.0,0.0001,0.0
T11729,Product Development and Customization,12,8,-4,0.0001,0.0,-0.0
T11149,Veterinary Oncology Research,6,14,8,0.0,0.0001,0.0
T10484,Wood Treatment and Properties,11,9,-2,0.0001,0.0,-0.0
T14300,Legal and Social Philosophy,5,15,10,0.0,0.0001,0.01
T12453,Infectious Aortic and Vascular Conditions,11,9,-2,0.0001,0.0,-0.0
T11675,Open Source Software Innovations,16,4,-12,0.0001,0.0,-0.01
T13240,Bioeconomy and Sustainability Development,10,10,0,0.0001,0.0001,0.0
T13595,Archaeology and Cultural Heritage,2,18,16,0.0,0.0001,0.01
T12423,Software Reliability and Analysis Research,13,6,-7,0.0001,0.0,-0.0
T12541,Graph Labeling and Dimension Problems,11,8,-3,0.0001,0.0,-0.0
T13812,AI and HR Technologies,6,13,7,0.0,0.0001,0.0
T13560,Socioeconomic Development in MENA,16,3,-13,0.0001,0.0,-0.01
T12270,Microwave-Assisted Synthesis and Applications,10,9,-1,0.0001,0.0,-0.0
T14224,"Oil, Gas, and Environmental Issues",12,7,-5,0.0001,0.0,-0.0
T13385,Infectious Diseases and Mycology,12,7,-5,0.0001,0.0,-0.0
T12280,Magnesium in Health and Disease,12,7,-5,0.0001,0.0,-0.0
T12336,Insect Utilization and Effects,16,3,-13,0.0001,0.0,-0.01
T12522,Mathematics Education and Pedagogy,4,15,11,0.0,0.0001,0.01
T14228,Religion and Sociopolitical Dynamics in Nigeria,6,13,7,0.0,0.0001,0.0
T14381,"Psychiatry, Mental Health, Neuroscience",2,17,15,0.0,0.0001,0.01
T13893,Sustainable Development and Policies,2,17,15,0.0,0.0001,0.01
T12594,Collaboration in agile enterprises,11,8,-3,0.0001,0.0,-0.0
T13061,Literacy and Educational Practices,4,15,11,0.0,0.0001,0.01
T11851,Electromagnetic Compatibility and Measurements,16,3,-13,0.0001,0.0,-0.01
T11154,Parasitic infections in humans and animals,5,14,9,0.0,0.0001,0.0
T11223,Maritime Ports and Logistics,13,6,-7,0.0001,0.0,-0.0
T11785,Nausea and vomiting management,12,7,-5,0.0001,0.0,-0.0
T11905,Veterinary Pharmacology and Anesthesia,15,4,-11,0.0001,0.0,-0.01
T13603,Corporate Social Responsibility and Sustainability,1,18,17,0.0,0.0001,0.01
T14139,E-commerce and Technology Innovations,11,8,-3,0.0001,0.0,-0.0
T10367,Agricultural Innovations and Practices,11,8,-3,0.0001,0.0,-0.0
T13342,Art History and Market Analysis,15,4,-11,0.0001,0.0,-0.01
T11719,Data Quality and Management,13,6,-7,0.0001,0.0,-0.0
T12386,Advanced X-ray and CT Imaging,18,1,-17,0.0001,0.0,-0.01
T12626,"Cancer, Stress, Anesthesia, and Immune Response",13,6,-7,0.0001,0.0,-0.0
T13254,Macrophage Migration Inhibitory Factor,13,6,-7,0.0001,0.0,-0.0
T10767,Advanced Photonic Communication Systems,7,12,5,0.0,0.0001,0.0
T13803,Organizational Strategy and Culture,4,15,11,0.0,0.0001,0.01
T14335,Educational Robotics and Engineering,15,4,-11,0.0001,0.0,-0.01
T10099,GaN-based semiconductor devices and materials,9,10,1,0.0,0.0001,0.0
T12000,Systems Engineering Methodologies and Applications,8,11,3,0.0,0.0001,0.0
T11125,Petri Nets in System Modeling,7,12,5,0.0,0.0001,0.0
T13747,Sociopolitical Dynamics in Russia,9,10,1,0.0,0.0001,0.0
T11546,Plant Physiology and Cultivation Studies,13,6,-7,0.0001,0.0,-0.0
T13752,Mechanics and Biomechanics Studies,15,4,-11,0.0001,0.0,-0.01
T13525,Cambodian History and Society,13,5,-8,0.0001,0.0,-0.0
T13179,"Literature, Culture, and Criticism",8,10,2,0.0,0.0001,0.0
T11575,Nonlinear Photonic Systems,14,4,-10,0.0001,0.0,-0.01
T12521,Death Anxiety and Social Exclusion,13,5,-8,0.0001,0.0,-0.0
T13269,Orthoptera Research and Taxonomy,13,5,-8,0.0001,0.0,-0.0
T11777,Fixed Point Theorems Analysis,9,9,0,0.0,0.0,0.0
T12391,Artificial Immune Systems Applications,13,5,-8,0.0001,0.0,-0.0
T13854,Historical Geography and Cartography,10,8,-2,0.0001,0.0,-0.0
T13168,Plant Ecology and Taxonomy Studies,11,7,-4,0.0001,0.0,-0.0
T13654,Urban Planning and Landscape Design,7,11,4,0.0,0.0001,0.0
T14072,Immunotoxicology and immune responses,7,11,4,0.0,0.0001,0.0
T12050,Optical Polarization and Ellipsometry,12,6,-6,0.0001,0.0,-0.0
T10203,Recommender Systems and Techniques,4,14,10,0.0,0.0001,0.01
T14349,Global Political and Economic Relations,2,16,14,0.0,0.0001,0.01
T10575,Wireless Communication Networks Research,9,9,0,0.0,0.0,0.0
T14388,Medieval European History and Architecture,4,14,10,0.0,0.0001,0.01
T12911,Water Resources and Sustainability,7,11,4,0.0,0.0001,0.0
T12696,Icing and De-icing Technologies,8,10,2,0.0,0.0001,0.0
T10927,Access Control and Trust,9,9,0,0.0,0.0,0.0
T11662,Legal Cases and Commentary,11,7,-4,0.0001,0.0,-0.0
T13653,"Commonwealth, Australian Politics and Federalism",12,6,-6,0.0001,0.0,-0.0
T12393,Workplace Spirituality and Leadership,11,7,-4,0.0001,0.0,-0.0
T11276,Solar Radiation and Photovoltaics,9,9,0,0.0,0.0,0.0
T14291,Indonesian Legal and Regulatory Studies,7,11,4,0.0,0.0001,0.0
T12868,Photography and Visual Culture,7,11,4,0.0,0.0001,0.0
T13823,Religious and Theological Studies,0,18,18,0.0,0.0001,0.01
T14232,Water Resource Management and Quality,1,17,16,0.0,0.0001,0.01
T12482,Tunneling and Rock Mechanics,15,3,-12,0.0001,0.0,-0.01
T14184,Metallurgy and Material Science,13,5,-8,0.0001,0.0,-0.0
T13841,Psychology of Social Influence,13,5,-8,0.0001,0.0,-0.0
T12600,Eosinophilic Disorders and Syndromes,15,3,-12,0.0001,0.0,-0.01
T13124,Chemical synthesis and alkaloids,18,0,-18,0.0001,0.0,-0.01
T13234,advanced mathematical theories,18,0,-18,0.0001,0.0,-0.01
T12356,Bioactive Compounds and Antitumor Agents,9,9,0,0.0,0.0,0.0
T14117,Integrated Circuits and Semiconductor Failure Analysis,16,2,-14,0.0001,0.0,-0.01
T11608,Dielectric materials and actuators,11,7,-4,0.0001,0.0,-0.0
T12404,Mathematical Approximation and Integration,14,4,-10,0.0001,0.0,-0.01
T13025,American History and Culture,9,9,0,0.0,0.0,0.0
T13357,Property Rights and Legal Doctrine,8,10,2,0.0,0.0001,0.0
T12630,African Botany and Ecology Studies,15,3,-12,0.0001,0.0,-0.01
T13217,Pigment Synthesis and Properties,14,4,-10,0.0001,0.0,-0.01
T12018,Coronary Artery Anomalies,9,9,0,0.0,0.0,0.0
T11005,Radiation Effects in Electronics,15,3,-12,0.0001,0.0,-0.01
T12800,Musculoskeletal synovial abnormalities and treatments,14,4,-10,0.0001,0.0,-0.01
T13764,Political theory and Gramsci,16,2,-14,0.0001,0.0,-0.01
T11868,Cancer and Skin Lesions,17,1,-16,0.0001,0.0,-0.01
T14428,Coal and Coke Industries Research,8,10,2,0.0,0.0001,0.0
T10616,Smart Agriculture and AI,6,12,6,0.0,0.0001,0.0
T14269,Food Security and Socioeconomic Dynamics,1,17,16,0.0,0.0001,0.01
T14245,Biomarkers in Disease Mechanisms,7,11,4,0.0,0.0001,0.0
T12701,Biological Control of Invasive Species,9,9,0,0.0,0.0,0.0
T12863,Web and Library Services,12,6,-6,0.0001,0.0,-0.0
T12315,Older Adults Driving Studies,10,8,-2,0.0001,0.0,-0.0
T14038,"Youth, Politics, and Society",0,18,18,0.0,0.0001,0.01
T14508,Vocational Education and Training,0,18,18,0.0,0.0001,0.01
T12610,RNA regulation and disease,16,1,-15,0.0001,0.0,-0.01
T10138,Network Traffic and Congestion Control,7,10,3,0.0,0.0001,0.0
T10460,Electronic Packaging and Soldering Technologies,12,5,-7,0.0001,0.0,-0.0
T13184,Research in Social Sciences,17,0,-17,0.0001,0.0,-0.01
T14114,Digital Media and Philosophy,13,4,-9,0.0001,0.0,-0.0
T14138,Life Cycle Costing Analysis,9,8,-1,0.0,0.0,-0.0
T12178,Bird parasitology and diseases,8,9,1,0.0,0.0,0.0
T11019,Image Enhancement Techniques,9,8,-1,0.0,0.0,-0.0
T12643,Sustainability and Ecological Systems Analysis,6,11,5,0.0,0.0001,0.0
T12695,Urinary and Genital Oncology Studies,10,7,-3,0.0001,0.0,-0.0
T13319,Film in Education and Therapy,8,9,1,0.0,0.0,0.0
T13443,Mineralogy and Gemology Studies,8,9,1,0.0,0.0,0.0
T10655,GNSS positioning and interference,9,8,-1,0.0,0.0,-0.0
T11603,Dust and Plasma Wave Phenomena,7,10,3,0.0,0.0001,0.0
T11319,Curcumin's Biomedical Applications,10,7,-3,0.0001,0.0,-0.0
T10354,Catalytic C–H Functionalization Methods,9,8,-1,0.0,0.0,-0.0
T12092,Erosion and Abrasive Machining,7,10,3,0.0,0.0001,0.0
T13502,Community and Sustainable Development,2,15,13,0.0,0.0001,0.01
T10899,Advanced Operator Algebra Research,9,8,-1,0.0,0.0,-0.0
T13979,Communication and COVID-19 Impact,0,17,17,0.0,0.0001,0.01
T13317,"Media, Communication, and Education",15,2,-13,0.0001,0.0,-0.01
T13033,Social Sciences and Governance,11,6,-5,0.0001,0.0,-0.0
T13191,Dispute Resolution and Class Actions,8,9,1,0.0,0.0,0.0
T13945,"Legal, Health, Environmental and COVID-19 Challenges",1,16,15,0.0,0.0001,0.01
T11701,Space Satellite Systems and Control,8,9,1,0.0,0.0,0.0
T12746,Sustainable Industrial Ecology,10,7,-3,0.0001,0.0,-0.0
T12142,Marine Invertebrate Physiology and Ecology,5,12,7,0.0,0.0001,0.0
T12943,COVID-19 Digital Contact Tracing,12,5,-7,0.0001,0.0,-0.0
T13583,Jury Decision Making Processes,7,10,3,0.0,0.0001,0.0
T13337,Korean Peninsula Historical and Political Studies,15,2,-13,0.0001,0.0,-0.01
T13518,Architecture and Computational Design,14,3,-11,0.0001,0.0,-0.01
T12697,Water Quality Monitoring Technologies,16,1,-15,0.0001,0.0,-0.01
T11312,Soil Moisture and Remote Sensing,14,3,-11,0.0001,0.0,-0.01
T10872,Veterinary Equine Medical Research,7,10,3,0.0,0.0001,0.0
T14500,Advanced Mathematical Theories,15,2,-13,0.0001,0.0,-0.01
T12375,Cuban History and Society,13,4,-9,0.0001,0.0,-0.0
T11394,Dynamics and Control of Mechanical Systems,10,7,-3,0.0001,0.0,-0.0
T12810,Real-time simulation and control systems,13,4,-9,0.0001,0.0,-0.0
T13108,Therapeutic Uses of Natural Elements,15,2,-13,0.0001,0.0,-0.01
T11513,stochastic dynamics and bifurcation,14,3,-11,0.0001,0.0,-0.01
T12884,Educational Assessment and Pedagogy,6,11,5,0.0,0.0001,0.0
T14356,Organizational Leadership and Management Strategies,11,6,-5,0.0001,0.0,-0.0
T12614,Indigenous Studies and Ecology,15,2,-13,0.0001,0.0,-0.01
T11805,Agricultural economics and policies,4,13,9,0.0,0.0001,0.0
T11327,Acupuncture Treatment Research Studies,6,11,5,0.0,0.0001,0.0
T11560,Animal Disease Management and Epidemiology,11,6,-5,0.0001,0.0,-0.0
T12889,"Psychoanalysis, Philosophy, and Politics",11,6,-5,0.0001,0.0,-0.0
T13906,Social Issues and Policies,17,0,-17,0.0001,0.0,-0.01
T14199,Historical and Scientific Studies,12,5,-7,0.0001,0.0,-0.0
T13178,Theology and Canon Law Studies,15,2,-13,0.0001,0.0,-0.01
T12309,solar cell performance optimization,9,8,-1,0.0,0.0,-0.0
T14081,Linguistic Education and Pedagogy,9,8,-1,0.0,0.0,-0.0
T13334,South Asian Cinema and Culture,16,1,-15,0.0001,0.0,-0.01
T12920,Healthcare and Environmental Waste Management,10,7,-3,0.0001,0.0,-0.0
T13745,Media and Digital Communication,0,17,17,0.0,0.0001,0.01
T12271,Renewable energy and sustainable power systems,0,17,17,0.0,0.0001,0.01
T12652,International Maritime Law Issues,13,3,-10,0.0001,0.0,-0.01
T11484,Adaptive optics and wavefront sensing,7,9,2,0.0,0.0,0.0
T13040,"Gender, Education, and Development Issues",3,13,10,0.0,0.0001,0.01
T13132,"Hydropower, Displacement, Environmental Impact",11,5,-6,0.0001,0.0,-0.0
T13785,Aquatic and Environmental Studies,5,11,6,0.0,0.0001,0.0
T11522,VLSI and FPGA Design Techniques,8,8,0,0.0,0.0,0.0
T12420,Silicone and Siloxane Chemistry,8,8,0,0.0,0.0,0.0
T12116,Dermatological diseases and infestations,9,7,-2,0.0,0.0,-0.0
T13352,International Relations in Latin America,8,8,0,0.0,0.0,0.0
T13114,Image Processing Techniques and Applications,12,4,-8,0.0001,0.0,-0.0
T13023,Synthesis of Organic Compounds,15,1,-14,0.0001,0.0,-0.01
T12585,North African History and Literature,9,7,-2,0.0,0.0,-0.0
T13798,Hops Chemistry and Applications,8,8,0,0.0,0.0,0.0
T12183,Teratomas and Epidermoid Cysts,5,11,6,0.0,0.0001,0.0
T12293,Dam Engineering and Safety,7,9,2,0.0,0.0,0.0
T13624,Social Sciences and Policies,6,10,4,0.0,0.0001,0.0
T12684,Stuttering Research and Treatment,10,6,-4,0.0001,0.0,-0.0
T10823,Research on Leishmaniasis Studies,6,10,4,0.0,0.0001,0.0
T13682,Engineering Education and Pedagogy,3,13,10,0.0,0.0001,0.01
T14003,Labor Law and Work Dynamics,0,16,16,0.0,0.0001,0.01
T10888,Augmented Reality Applications,7,9,2,0.0,0.0,0.0
T11554,Vascular Procedures and Complications,11,5,-6,0.0001,0.0,-0.0
T12887,Educational Strategies and Epistemologies,13,3,-10,0.0001,0.0,-0.01
T11747,Metal-Catalyzed Oxygenation Mechanisms,6,10,4,0.0,0.0001,0.0
T11706,Forensic Entomology and Diptera Studies,12,4,-8,0.0001,0.0,-0.0
T14309,Employee Performance and Management,4,12,8,0.0,0.0001,0.0
T13031,Civil and Structural Engineering Research,6,10,4,0.0,0.0001,0.0
T14496,Educational Technology and E-Learning,0,16,16,0.0,0.0001,0.01
T12966,Russian Literature and Bakhtin Studies,10,6,-4,0.0001,0.0,-0.0
T12478,Wikis in Education and Collaboration,11,5,-6,0.0001,0.0,-0.0
T11983,"Identity, Memory, and Therapy",9,7,-2,0.0,0.0,-0.0
T13825,Economic Policies and Impacts,12,4,-8,0.0001,0.0,-0.0
T11088,Marine Bivalve and Aquaculture Studies,11,5,-6,0.0001,0.0,-0.0
T14399,Invertebrate Taxonomy and Ecology,11,5,-6,0.0001,0.0,-0.0
T11716,Random Matrices and Applications,13,3,-10,0.0001,0.0,-0.01
T13466,Comparative Literary Analysis and Criticism,15,1,-14,0.0001,0.0,-0.01
T12749,"Race, Genetics, and Society",9,7,-2,0.0,0.0,-0.0
T11661,Copper Interconnects and Reliability,12,4,-8,0.0001,0.0,-0.0
T12193,Trigeminal Neuralgia and Treatments,11,5,-6,0.0001,0.0,-0.0
T12934,Plant and fungal interactions,15,1,-14,0.0001,0.0,-0.01
T14112,"Economic, financial, and policy analysis",14,2,-12,0.0001,0.0,-0.01
T12760,Laser Design and Applications,16,0,-16,0.0001,0.0,-0.01
T12237,Congenital gastrointestinal and neural anomalies,10,6,-4,0.0001,0.0,-0.0
T11769,Copyright and Intellectual Property,11,5,-6,0.0001,0.0,-0.0
T14514,Medical Research and Practices,12,4,-8,0.0001,0.0,-0.0
T14258,Legal and Policy Issues,7,9,2,0.0,0.0,0.0
T12577,Geography and Environmental Studies,4,12,8,0.0,0.0001,0.0
T14093,Global Health and Epidemiology,2,14,12,0.0,0.0001,0.01
T10901,Advanced Data Compression Techniques,10,6,-4,0.0001,0.0,-0.0
T13503,"Gender, Health, and Social Inequality",0,16,16,0.0,0.0001,0.01
T13142,GABA and Rice Research,14,1,-13,0.0001,0.0,-0.01
T12923,Digital Image Processing Techniques,8,7,-1,0.0,0.0,-0.0
T13513,Urban and sociocultural dynamics,1,14,13,0.0,0.0001,0.01
T11340,Marine Sponges and Natural Products,13,2,-11,0.0001,0.0,-0.01
T14179,Waste Management and Recycling,1,14,13,0.0,0.0001,0.01
T11106,Data Management and Algorithms,15,0,-15,0.0001,0.0,-0.01
T12046,MXene and MAX Phase Materials,8,7,-1,0.0,0.0,-0.0
T14357,"Architecture, Design, and Social History",10,5,-5,0.0001,0.0,-0.0
T12598,Cardiac Structural Anomalies and Repair,11,4,-7,0.0001,0.0,-0.0
T12698,3D Modeling in Geospatial Applications,9,6,-3,0.0,0.0,-0.0
T13766,"Media, Journalism, and Communication History",3,12,9,0.0,0.0001,0.0
T13325,Dye analysis and toxicity,12,3,-9,0.0001,0.0,-0.0
T13512,Spatial and Cultural Studies,4,11,7,0.0,0.0001,0.0
T14195,Linguistic and Cultural Studies,1,14,13,0.0,0.0001,0.01
T13303,Asian Culture and Media Studies,11,4,-7,0.0001,0.0,-0.0
T11361,Digital Radiography and Breast Imaging,5,10,5,0.0,0.0001,0.0
T11428,Advanced Mathematical Identities,6,9,3,0.0,0.0,0.0
T13801,Urban Arborization and Environmental Studies,1,14,13,0.0,0.0001,0.01
T12197,Brake Systems and Friction Analysis,9,6,-3,0.0,0.0,-0.0
T13861,Health and Lifestyle Studies,10,5,-5,0.0001,0.0,-0.0
T13211,"Memory, Trauma, and Testimony",0,15,15,0.0,0.0001,0.01
T14156,Engineering Applied Research,7,8,1,0.0,0.0,0.0
T14421,Educational Philosophies and Pedagogies,8,7,-1,0.0,0.0,-0.0
T13427,Latin American Literature Analysis,0,15,15,0.0,0.0001,0.01
T12256,Facilities and Workplace Management,8,7,-1,0.0,0.0,-0.0
T13389,German Economic Analysis & Policies,7,8,1,0.0,0.0,0.0
T12426,Lymphatic Disorders and Treatments,8,7,-1,0.0,0.0,-0.0
T14512,Technology and Human Factors in Education and Health,6,9,3,0.0,0.0,0.0
T12673,Microbial Metabolism and Applications,12,3,-9,0.0001,0.0,-0.0
T14011,Elevator Systems and Control,14,1,-13,0.0001,0.0,-0.01
T13542,"Grit, Self-Efficacy, and Motivation",12,3,-9,0.0001,0.0,-0.0
T14052,Galician and Iberian cultural studies,4,11,7,0.0,0.0001,0.0
T11086,Parasitic Infections and Diagnostics,9,6,-3,0.0,0.0,-0.0
T11343,Power Transformer Diagnostics and Insulation,14,1,-13,0.0001,0.0,-0.01
T13493,Optical and Acousto-Optic Technologies,8,7,-1,0.0,0.0,-0.0
T13066,Information Society and Technology Trends,3,12,9,0.0,0.0001,0.0
T12989,Ocular Disorders and Treatments,6,9,3,0.0,0.0,0.0
T10787,Lightning and Electromagnetic Phenomena,10,5,-5,0.0001,0.0,-0.0
T13566,Global Educational Reforms and Inequalities,15,0,-15,0.0001,0.0,-0.01
T11978,Soil Mechanics and Vehicle Dynamics,11,4,-7,0.0001,0.0,-0.0
T13960,"Dietetics, Nutrition, and Education",7,8,1,0.0,0.0,0.0
T13242,Male Reproductive Health Studies,7,8,1,0.0,0.0,0.0
T11723,Optical Coatings and Gratings,8,7,-1,0.0,0.0,-0.0
T14521,Medicinal Plant Research,2,13,11,0.0,0.0001,0.01
T13220,Plant and Fungal Interactions Research,12,3,-9,0.0001,0.0,-0.0
T14124,"Food, Nutrition, and Cultural Practices",1,14,13,0.0,0.0001,0.01
T13948,Gender and Women's Rights,8,7,-1,0.0,0.0,-0.0
T13085,"Education, Psychology, and Social Research",6,9,3,0.0,0.0,0.0
T13070,Cultural Identity and Heritage,3,12,9,0.0,0.0001,0.0
T12333,Abdominal Surgery and Complications,9,6,-3,0.0,0.0,-0.0
T14043,Historical and modern epidemiology studies,9,6,-3,0.0,0.0,-0.0
T14299,Complex Systems and Dynamics,2,13,11,0.0,0.0001,0.01
T13783,"Feminism, Gender, and Intersectionality",0,15,15,0.0,0.0001,0.01
T12807,Consumer Behavior and Market Dynamics,0,15,15,0.0,0.0001,0.01
T13284,Psychology Research and Bibliometrics,0,15,15,0.0,0.0001,0.01
T13032,COVID-19 Prevention and Impact,0,15,15,0.0,0.0001,0.01
T11920,Pulsed Power Technology Applications,3,11,8,0.0,0.0001,0.0
T13912,"Language, Linguistics, Cultural Analysis",11,3,-8,0.0001,0.0,-0.0
T13849,Enterobacteriaceae and Cronobacter Research,12,2,-10,0.0001,0.0,-0.01
T12740,Gait Recognition and Analysis,6,8,2,0.0,0.0,0.0
T12676,Machine Learning and ELM,8,6,-2,0.0,0.0,-0.0
T12209,Bone and Joint Diseases,10,4,-6,0.0001,0.0,-0.0
T12153,Advanced Optical Sensing Technologies,13,1,-12,0.0001,0.0,-0.01
T12408,Educational Innovations and Challenges,9,5,-4,0.0,0.0,-0.0
T11322,Facial Rejuvenation and Surgery Techniques,10,4,-6,0.0001,0.0,-0.0
T14140,Elite Sociology and Global Capitalism,10,4,-6,0.0001,0.0,-0.0
T13649,Advanced Synthetic Organic Chemistry,3,11,8,0.0,0.0001,0.0
T13450,Turkish Literature and Culture,4,10,6,0.0,0.0001,0.0
T12045,Rice Cultivation and Yield Improvement,14,0,-14,0.0001,0.0,-0.01
T13666,Postmodernism in Literature and Education,5,9,4,0.0,0.0,0.0
T14104,Developmental and Educational Neuropsychology,2,12,10,0.0,0.0001,0.01
T12942,Cultural Studies and Postmodernism,1,13,12,0.0,0.0001,0.01
T10080,Energy Efficient Wireless Sensor Networks,8,6,-2,0.0,0.0,-0.0
T11398,Hand Gesture Recognition Systems,7,7,0,0.0,0.0,0.0
T13239,Phosphorus compounds and reactions,5,9,4,0.0,0.0,0.0
T12303,Tensor decomposition and applications,8,6,-2,0.0,0.0,-0.0
T14034,Musicians’ Health and Performance,12,2,-10,0.0001,0.0,-0.01
T12794,Adaptive Dynamic Programming Control,0,14,14,0.0,0.0001,0.01
T13738,Congenital Ear and Nasal Anomalies,9,5,-4,0.0,0.0,-0.0
T10996,Computational Geometry and Mesh Generation,13,1,-12,0.0001,0.0,-0.01
T12644,Wildlife-Road Interactions and Conservation,7,7,0,0.0,0.0,0.0
T12351,Geometry and complex manifolds,8,6,-2,0.0,0.0,-0.0
T12125,Aerospace and Aviation Technology,7,7,0,0.0,0.0,0.0
T13441,Ottoman Empire History and Society,3,11,8,0.0,0.0001,0.0
T12778,History of Medicine and Tropical Health,3,11,8,0.0,0.0001,0.0
T13101,Legal and Social Justice Studies,2,12,10,0.0,0.0001,0.01
T14402,Political and Social Issues,9,5,-4,0.0,0.0,-0.0
T11017,Chaos-based Image/Signal Encryption,10,4,-6,0.0001,0.0,-0.0
T14345,Scientific Research and Philosophical Inquiry,9,5,-4,0.0,0.0,-0.0
T14150,Biochemical and biochemical processes,9,5,-4,0.0,0.0,-0.0
T11821,Odor and Emission Control Technologies,14,0,-14,0.0001,0.0,-0.01
T14329,Science and Climate Studies,14,0,-14,0.0001,0.0,-0.01
T12154,Pelvic and Acetabular Injuries,11,3,-8,0.0001,0.0,-0.0
T13092,Environmental Chemistry and Analysis,9,5,-4,0.0,0.0,-0.0
T13758,Energy Law and Policy,3,11,8,0.0,0.0001,0.0
T13642,Organizational Downsizing and Restructuring,5,9,4,0.0,0.0,0.0
T12649,Alkaloids: synthesis and pharmacology,7,7,0,0.0,0.0,0.0
T12795,Banana Cultivation and Research,13,1,-12,0.0001,0.0,-0.01
T11082,Spacecraft Dynamics and Control,8,6,-2,0.0,0.0,-0.0
T13834,Whipple's Disease and Interleukins,6,8,2,0.0,0.0,0.0
T12878,Pharmaceutical Quality and Counterfeiting,7,7,0,0.0,0.0,0.0
T10828,Biometric Identification and Security,9,5,-4,0.0,0.0,-0.0
T11550,Text and Document Classification Technologies,9,5,-4,0.0,0.0,-0.0
T12899,Engineering and Technology Innovations,6,8,2,0.0,0.0,0.0
T12582,Flavonoids in Medical Research,2,12,10,0.0,0.0001,0.01
T14438,Advanced Scientific Research Methods,4,10,6,0.0,0.0001,0.0
T14516,English Language Learning and Teaching,1,13,12,0.0,0.0001,0.01
T12162,Cellular Automata and Applications,11,3,-8,0.0001,0.0,-0.0
T13623,Linguistic Studies and Language Acquisition,11,3,-8,0.0001,0.0,-0.0
T12581,Engineering Structural Analysis Methods,10,4,-6,0.0001,0.0,-0.0
T12973,Synthesis of Indole Derivatives,6,8,2,0.0,0.0,0.0
T13920,Urban Planning and Valuation,0,14,14,0.0,0.0001,0.01
T13172,Economic Issues in Ukraine,12,1,-11,0.0001,0.0,-0.01
T11991,Soft tissue tumor case studies,11,2,-9,0.0001,0.0,-0.0
T13289,Infant Health and Development,13,0,-13,0.0001,0.0,-0.01
T13304,Synthesis and Reactivity of Sulfur-Containing Compounds,5,8,3,0.0,0.0,0.0
T13232,Laser-Ablation Synthesis of Nanoparticles,12,1,-11,0.0001,0.0,-0.01
T12735,Blood donation and transfusion practices,5,8,3,0.0,0.0,0.0
T13083,Advanced Text Analysis Techniques,10,3,-7,0.0001,0.0,-0.0
T11780,Rabies epidemiology and control,7,6,-1,0.0,0.0,-0.0
T14146,Earthquake and Tsunami Effects,5,8,3,0.0,0.0,0.0
T12937,Chemotherapy-related skin toxicity,7,6,-1,0.0,0.0,-0.0
T13816,Advanced Signal Processing Techniques,2,11,9,0.0,0.0001,0.0
T11945,Heat Transfer Mechanisms,5,8,3,0.0,0.0,0.0
T12606,Diptera species taxonomy and behavior,2,11,9,0.0,0.0001,0.0
T13043,Youth Culture and Social Dynamics,0,13,13,0.0,0.0001,0.01
T13860,Arts and Performance Studies,0,13,13,0.0,0.0001,0.01
T13000,World Systems and Global Transformations,2,11,9,0.0,0.0001,0.0
T11408,Advanced Optical Imaging Technologies,4,9,5,0.0,0.0,0.0
T11025,Nonlinear Optical Materials Research,7,6,-1,0.0,0.0,-0.0
T12946,Fractal and DNA sequence analysis,10,3,-7,0.0001,0.0,-0.0
T12829,Advanced Breast Cancer Therapies,8,5,-3,0.0,0.0,-0.0
T12839,Emile Durkheim and Sociology,7,6,-1,0.0,0.0,-0.0
T12661,Iterative Methods for Nonlinear Equations,12,1,-11,0.0001,0.0,-0.01
T11900,Fungal Plant Pathogen Control,5,8,3,0.0,0.0,0.0
T12584,Hospitality and Tourism Education,6,7,1,0.0,0.0,0.0
T13069,Cocoa and Sweet Potato Agronomy,10,3,-7,0.0001,0.0,-0.0
T14348,Marriage and Family Dynamics,5,8,3,0.0,0.0,0.0
T12732,Agriculture and Farm Safety,9,4,-5,0.0,0.0,-0.0
T14163,Astronomical Observations and Instrumentation,12,1,-11,0.0001,0.0,-0.01
T11739,Microwave Imaging and Scattering Analysis,9,4,-5,0.0,0.0,-0.0
T13301,Cultural Studies and Interdisciplinary Research,12,1,-11,0.0001,0.0,-0.01
T12034,Digital and Cyber Forensics,7,6,-1,0.0,0.0,-0.0
T12132,Hymenoptera taxonomy and phylogeny,4,9,5,0.0,0.0,0.0
T12631,Head and Neck Anomalies,8,5,-3,0.0,0.0,-0.0
T13591,Pasture and Agricultural Systems,11,2,-9,0.0001,0.0,-0.0
T12978,Innovative Teaching Methodologies in Social Sciences,6,7,1,0.0,0.0,0.0
T11249,Wireless Power Transfer Systems,9,4,-5,0.0,0.0,-0.0
T14459,Synthesis and Reactions of Organic Compounds,12,1,-11,0.0001,0.0,-0.01
T12123,Financial Analysis and Corporate Governance,1,12,11,0.0,0.0001,0.01
T11495,Animal Virus Infections Studies,8,5,-3,0.0,0.0,-0.0
T11275,Composting and Vermicomposting Techniques,5,8,3,0.0,0.0,0.0
T12981,Conservation Techniques and Studies,9,4,-5,0.0,0.0,-0.0
T14326,Ear and Head Tumors,4,9,5,0.0,0.0,0.0
T11800,User Authentication and Security Systems,7,6,-1,0.0,0.0,-0.0
T12442,Thermal Radiation and Cooling Technologies,7,6,-1,0.0,0.0,-0.0
T11404,Irrigation Practices and Water Management,7,6,-1,0.0,0.0,-0.0
T12818,"Pneumothorax, Barotrauma, Emphysema",6,7,1,0.0,0.0,0.0
T12093,Greenhouse Technology and Climate Control,9,4,-5,0.0,0.0,-0.0
T12820,Chromatin Remodeling and Cancer,12,1,-11,0.0001,0.0,-0.01
T10541,Nonlinear Differential Equations Analysis,2,11,9,0.0,0.0001,0.0
T13788,Cultural Identity and Representation,1,12,11,0.0,0.0001,0.01
T14190,Military history and social perspectives,1,12,11,0.0,0.0001,0.01
T14063,Diverse Philosophical and Cultural Studies,1,12,11,0.0,0.0001,0.01
T13088,Legal and Labor Studies,0,13,13,0.0,0.0001,0.01
T13075,Legal Systems and Judicial Processes,8,5,-3,0.0,0.0,-0.0
T11622,Maritime Navigation and Safety,10,3,-7,0.0001,0.0,-0.0
T13339,Landscape and Cultural Studies,8,5,-3,0.0,0.0,-0.0
T13115,Axial and Atropisomeric Chirality Synthesis,8,5,-3,0.0,0.0,-0.0
T13697,Biliary and Gastrointestinal Fistulas,11,2,-9,0.0001,0.0,-0.0
T12291,Pericarditis and Cardiac Tamponade,9,4,-5,0.0,0.0,-0.0
T13212,German Social Sciences and History,10,3,-7,0.0001,0.0,-0.0
T12133,Pragmatism in Philosophy and Education,7,6,-1,0.0,0.0,-0.0
T14164,Marine and Offshore Engineering Studies,12,1,-11,0.0001,0.0,-0.01
T13526,14-3-3 protein interactions,10,3,-7,0.0001,0.0,-0.0
T13557,Environmental and sustainability education,0,13,13,0.0,0.0001,0.01
T13864,Indigenous Cultures and History,0,13,13,0.0,0.0001,0.01
T12883,Sustainable Development and Environmental Management,0,13,13,0.0,0.0001,0.01
T12330,Botanical Research and Applications,11,1,-10,0.0001,0.0,-0.01
T12464,Neurological Complications and Syndromes,9,3,-6,0.0,0.0,-0.0
T11580,Veterinary Medicine and Surgery,3,9,6,0.0,0.0,0.0
T13644,Control Systems in Engineering,4,8,4,0.0,0.0,0.0
T13705,Australian Indigenous Culture and History,11,1,-10,0.0001,0.0,-0.01
T13619,Geotechnical and Geomechanical Engineering,12,0,-12,0.0001,0.0,-0.01
T13894,Indian Economic and Social Development,10,2,-8,0.0001,0.0,-0.0
T11181,Advanced Data Storage Technologies,12,0,-12,0.0001,0.0,-0.01
T13563,Chemical Analysis and Environmental Impact,12,0,-12,0.0001,0.0,-0.01
T11415,Noncommutative and Quantum Gravity Theories,5,7,2,0.0,0.0,0.0
T14306,Technology Assessment and Management,9,3,-6,0.0,0.0,-0.0
T14165,Inflammation biomarkers and pathways,4,8,4,0.0,0.0,0.0
T13576,"Cyprus History, Politics, Society",8,4,-4,0.0,0.0,-0.0
T12433,Skin Diseases and Diabetes,5,7,2,0.0,0.0,0.0
T13406,Human Resources and Workforce,2,10,8,0.0,0.0001,0.0
T14503,"Globalization, Economics, and Policies",4,8,4,0.0,0.0,0.0
T13549,Minority Rights and Languages,1,11,10,0.0,0.0001,0.01
T12301,Facial Nerve Paralysis Treatment and Research,8,4,-4,0.0,0.0,-0.0
T11302,CO2 Sequestration and Geologic Interactions,7,5,-2,0.0,0.0,-0.0
T14465,"Leadership, Behavior, and Decision-Making Studies",4,8,4,0.0,0.0,0.0
T13344,Industrial Automation and Control Systems,2,10,8,0.0,0.0001,0.0
T12297,Otolaryngology and Infectious Diseases,3,9,6,0.0,0.0,0.0
T11444,Electromagnetic Compatibility and Noise Suppression,5,7,2,0.0,0.0,0.0
T12952,School Leadership and Teacher Performance,4,8,4,0.0,0.0,0.0
T13260,Linguistics and Language Studies,1,11,10,0.0,0.0001,0.01
T13572,German Security and Defense Policies,1,11,10,0.0,0.0001,0.01
T12995,Urban Development and Cultural Heritage,1,11,10,0.0,0.0001,0.01
T11272,Nanowire Synthesis and Applications,6,6,0,0.0,0.0,0.0
T13963,Organizational Management and Leadership,3,9,6,0.0,0.0,0.0
T14342,"Military, Security, and Education Studies",4,8,4,0.0,0.0,0.0
T13712,Kantian Philosophy and Modern Interpretations,0,12,12,0.0,0.0001,0.01
T11625,Abdominal vascular conditions and treatments,3,9,6,0.0,0.0,0.0
T13675,Diffusion Coefficients in Liquids,1,11,10,0.0,0.0001,0.01
T13176,Winter Sports Injuries and Performance,11,1,-10,0.0001,0.0,-0.01
T13233,Occupational Health and Safety Management,1,11,10,0.0,0.0001,0.01
T12425,Industrial Gas Emission Control,4,8,4,0.0,0.0,0.0
T13122,Linguistics and Cultural Studies,8,4,-4,0.0,0.0,-0.0
T14008,Balkan and Eastern European Studies,7,5,-2,0.0,0.0,-0.0
T12175,Social Representations and Identity,10,2,-8,0.0001,0.0,-0.0
T11284,Coal Properties and Utilization,6,6,0,0.0,0.0,0.0
T13633,Public Health and Social Inequalities,1,11,10,0.0,0.0001,0.01
T12469,"Chaos, Complexity, and Education",9,3,-6,0.0,0.0,-0.0
T13182,Quantum-Dot Cellular Automata,6,6,0,0.0,0.0,0.0
T13433,Short Stories in Global Literature,8,4,-4,0.0,0.0,-0.0
T11533,Melanoma and MAPK Pathways,10,2,-8,0.0001,0.0,-0.0
T13460,Historical Studies in Latin America,3,9,6,0.0,0.0,0.0
T12683,Studies on Chitinases and Chitosanases,5,7,2,0.0,0.0,0.0
T13510,Nostalgia and Consumer Behavior,5,7,2,0.0,0.0,0.0
T13012,Coenzyme Q10 studies and effects,8,4,-4,0.0,0.0,-0.0
T13047,Pharmacological Receptor Mechanisms and Effects,11,1,-10,0.0001,0.0,-0.01
T13052,Molecular Communication and Nanonetworks,9,3,-6,0.0,0.0,-0.0
T12720,Multimedia Communication and Technology,11,1,-10,0.0001,0.0,-0.01
T14343,Hispanic-African Historical Relations,10,2,-8,0.0001,0.0,-0.0
T13039,Magnesium Oxide Properties and Applications,7,5,-2,0.0,0.0,-0.0
T10972,Power Systems Fault Detection,5,7,2,0.0,0.0,0.0
T12401,Scheduling and Timetabling Solutions,7,5,-2,0.0,0.0,-0.0
T10986,RFID technology advancements,5,7,2,0.0,0.0,0.0
T13038,Internet of Things and AI,3,9,6,0.0,0.0,0.0
T12184,Linguistics and Education Research,5,7,2,0.0,0.0,0.0
T13268,Photographic and Visual Arts,2,10,8,0.0,0.0001,0.0
T12667,Economic and Technological Developments in Russia,5,7,2,0.0,0.0,0.0
T13455,"Decadence, Literature, and Society",3,9,6,0.0,0.0,0.0
T12938,Material Selection and Properties,7,5,-2,0.0,0.0,-0.0
T12841,Echinoderm biology and ecology,8,4,-4,0.0,0.0,-0.0
T14230,Occupational and Professional Licensing Regulation,7,5,-2,0.0,0.0,-0.0
T13846,Mangiferin and Mango Extracts,6,6,0,0.0,0.0,0.0
T12903,Globalization and Cultural Identity,11,1,-10,0.0001,0.0,-0.01
T11656,Turtle Biology and Conservation,11,1,-10,0.0001,0.0,-0.01
T13888,Social Policies and Family,4,8,4,0.0,0.0,0.0
T13818,Cultural Studies and Colonialism,0,12,12,0.0,0.0001,0.01
T11547,Sesquiterpenes and Asteraceae Studies,0,12,12,0.0,0.0001,0.01
T11342,Carbon and Quantum Dots Applications,7,4,-3,0.0,0.0,-0.0
T12721,Moringa oleifera research and applications,5,6,1,0.0,0.0,0.0
T13214,Powdery Mildew Fungal Diseases,4,7,3,0.0,0.0,0.0
T12866,Urologic and reproductive health conditions,8,3,-5,0.0,0.0,-0.0
T13811,Earth Systems and Cosmic Evolution,8,3,-5,0.0,0.0,-0.0
T11325,Inertial Sensor and Navigation,6,5,-1,0.0,0.0,-0.0
T12323,Asian American and Pacific Histories,9,2,-7,0.0,0.0,-0.0
T11341,Boron and Carbon Nanomaterials Research,8,3,-5,0.0,0.0,-0.0
T12476,Intraoperative Neuromonitoring and Anesthetic Effects,8,3,-5,0.0,0.0,-0.0
T13856,Advanced Power Generation Technologies,3,8,5,0.0,0.0,0.0
T14494,American Literature and Culture,3,8,5,0.0,0.0,0.0
T11572,Information Technology Governance and Strategy,6,5,-1,0.0,0.0,-0.0
T13399,Unemployment and Economic Growth,5,6,1,0.0,0.0,0.0
T13062,Cognitive Computing and Networks,4,7,3,0.0,0.0,0.0
T13137,Strategic Planning and Analysis,2,9,7,0.0,0.0,0.0
T12931,Educational Methods and Outcomes,1,10,9,0.0,0.0001,0.0
T14277,Social Skills and Education,0,11,11,0.0,0.0001,0.01
T13847,Literature Analysis and Criticism,5,6,1,0.0,0.0,0.0
T10348,"Indigenous Health, Education, and Rights",2,9,7,0.0,0.0,0.0
T12105,Hygrothermal properties of building materials,6,5,-1,0.0,0.0,-0.0
T12221,Cybersecurity and Cyber Warfare Studies,9,2,-7,0.0,0.0,-0.0
T13622,Historical and Environmental Studies,1,10,9,0.0,0.0001,0.0
T12809,Contact Mechanics and Variational Inequalities,4,7,3,0.0,0.0,0.0
T13080,Advanced Differential Geometry Research,4,7,3,0.0,0.0,0.0
T13659,Ombudsman and Human Rights,9,2,-7,0.0,0.0,-0.0
T13065,Mining Techniques and Economics,9,2,-7,0.0,0.0,-0.0
T13077,Cancer-related cognitive impairment studies,8,3,-5,0.0,0.0,-0.0
T11402,Vascular Malformations Diagnosis and Treatment,8,3,-5,0.0,0.0,-0.0
T13956,Sociopolitical Dynamics in Nepal,9,2,-7,0.0,0.0,-0.0
T11614,Cloud Data Security Solutions,7,4,-3,0.0,0.0,-0.0
T11110,Stability and Controllability of Differential Equations,9,2,-7,0.0,0.0,-0.0
T13004,Vitamin K Research Studies,9,2,-7,0.0,0.0,-0.0
T13022,Health and Medical Studies,10,1,-9,0.0001,0.0,-0.0
T12403,Seed and Plant Biochemistry,10,1,-9,0.0001,0.0,-0.0
T12407,Plant Growth Enhancement Techniques,6,5,-1,0.0,0.0,-0.0
T14260,Impact of AI and Big Data on Business and Society,8,3,-5,0.0,0.0,-0.0
T13313,Dupuytren's Contracture and Treatments,8,3,-5,0.0,0.0,-0.0
T13582,"Stalking, Cyberstalking, and Harassment",7,4,-3,0.0,0.0,-0.0
T14191,Historical Art and Architecture Studies,3,8,5,0.0,0.0,0.0
T13826,"Bangladesh Politics, Society, and Development",7,4,-3,0.0,0.0,-0.0
T13890,Remote Sensing and Land Use,6,5,-1,0.0,0.0,-0.0
T14018,Agriculture and Biological Studies,10,1,-9,0.0001,0.0,-0.0
T13298,Solar Energy Systems and Technologies,5,6,1,0.0,0.0,0.0
T13819,Collaborative and Sustainable Housing Initiatives,3,8,5,0.0,0.0,0.0
T14417,Central Asia Education and Culture,4,7,3,0.0,0.0,0.0
T12835,FOXO transcription factor regulation,8,3,-5,0.0,0.0,-0.0
T13037,Piperaceae Chemical and Biological Studies,7,4,-3,0.0,0.0,-0.0
T13164,Quality and Management Systems,7,4,-3,0.0,0.0,-0.0
T13030,Survey Sampling and Estimation Techniques,3,8,5,0.0,0.0,0.0
T12410,Structural and Chemical Analysis of Organic and Inorganic Compounds,5,6,1,0.0,0.0,0.0
T13306,Geography and Education Methods,1,10,9,0.0,0.0001,0.0
T12199,Vascular Anomalies and Treatments,7,4,-3,0.0,0.0,-0.0
T13789,Global Education Systems and Policies,2,9,7,0.0,0.0,0.0
T12653,Cyclization and Aryne Chemistry,5,6,1,0.0,0.0,0.0
T13639,Paraquat toxicity studies and treatments,8,3,-5,0.0,0.0,-0.0
T12341,Spanish Linguistics and Language Studies,9,2,-7,0.0,0.0,-0.0
T13329,Joseph Conrad and Literature,9,1,-8,0.0,0.0,-0.0
T12265,Gun Ownership and Violence Research,7,3,-4,0.0,0.0,-0.0
T13824,National Identity and Symbolism,4,6,2,0.0,0.0,0.0
T12515,Gender and Technology in Education,9,1,-8,0.0,0.0,-0.0
T12480,Health and Wellbeing Research,10,0,-10,0.0001,0.0,-0.01
T12826,Education Methods and Technologies,10,0,-10,0.0001,0.0,-0.01
T13187,Diffusion and Search Dynamics,10,0,-10,0.0001,0.0,-0.01
T12304,Radiative Heat Transfer Studies,6,4,-2,0.0,0.0,-0.0
T14061,Educational Practices and Policies,8,2,-6,0.0,0.0,-0.0
T12003,Bioenergy crop production and management,7,3,-4,0.0,0.0,-0.0
T13008,Agricultural Practices and Plant Genetics,9,1,-8,0.0,0.0,-0.0
T13958,"Education, Innovation and Language Studies",10,0,-10,0.0001,0.0,-0.01
T11749,Iterative Learning Control Systems,10,0,-10,0.0001,0.0,-0.01
T13133,Architecture and Art History Studies,3,7,4,0.0,0.0,0.0
T12290,Human Motion and Animation,5,5,0,0.0,0.0,0.0
T13267,Advanced Theoretical and Applied Studies in Material Sciences and Geometry,10,0,-10,0.0001,0.0,-0.01
T12101,Advanced Bandit Algorithms Research,4,6,2,0.0,0.0,0.0
T13323,Spinal Hematomas and Complications,6,4,-2,0.0,0.0,-0.0
T11436,Entomopathogenic Microorganisms in Pest Control,4,6,2,0.0,0.0,0.0
T13508,Agricultural Economics and Practices,5,5,0,0.0,0.0,0.0
T13698,"Education, Politics, and Culture Studies",0,10,10,0.0,0.0001,0.01
T11555,Methodologies in Health Research and Practice,0,10,10,0.0,0.0001,0.01
T13931,Philosophy and Historical Thought,5,5,0,0.0,0.0,0.0
T13580,Management and Performance Evaluation,5,5,0,0.0,0.0,0.0
T14394,Cognitive Science and Education Research,8,2,-6,0.0,0.0,-0.0
T13328,Osteomyelitis and Bone Disorders Research,7,3,-4,0.0,0.0,-0.0
T13950,Collembola Taxonomy and Ecology Studies,3,7,4,0.0,0.0,0.0
T14144,Neurological Disease Mechanisms and Treatments,8,2,-6,0.0,0.0,-0.0
T12314,Nuts composition and effects,7,3,-4,0.0,0.0,-0.0
T13527,Transportation Systems and Logistics,1,9,8,0.0,0.0,0.0
T13365,Medical and Biological Ozone Research,7,3,-4,0.0,0.0,-0.0
T12756,Plant Toxicity and Pharmacological Properties,6,4,-2,0.0,0.0,-0.0
T12087,Natural Compound Pharmacology Studies,8,2,-6,0.0,0.0,-0.0
T13060,Adventure Sports and Sensation Seeking,9,1,-8,0.0,0.0,-0.0
T12385,Food Quality and Safety Studies,9,1,-8,0.0,0.0,-0.0
T13891,Engineering Diagnostics and Reliability,10,0,-10,0.0001,0.0,-0.01
T14510,Medical Imaging and Analysis,10,0,-10,0.0001,0.0,-0.01
T14507,"History, Culture, and Society",10,0,-10,0.0001,0.0,-0.01
T14308,Psychological and Educational Research Studies,10,0,-10,0.0001,0.0,-0.01
T12463,Amoebic Infections and Treatments,7,3,-4,0.0,0.0,-0.0
T14457,Intellectual Property Rights and Media,2,8,6,0.0,0.0,0.0
T13110,Colorectal and Anal Carcinomas,8,2,-6,0.0,0.0,-0.0
T12322,Animal health and immunology,7,3,-4,0.0,0.0,-0.0
T13916,Environmental Policies and Emissions,6,4,-2,0.0,0.0,-0.0
T12896,Sustainable Agricultural Systems Analysis,7,3,-4,0.0,0.0,-0.0
T12638,Pomegranate: compositions and health benefits,6,4,-2,0.0,0.0,-0.0
T14473,Social and Economic Development in India,8,2,-6,0.0,0.0,-0.0
T13808,Construction Engineering and Safety,7,3,-4,0.0,0.0,-0.0
T13136,Community-based Tourism Development and Sustainability,3,7,4,0.0,0.0,0.0
T12361,Study of Mite Species,6,4,-2,0.0,0.0,-0.0
T12834,Flowering Plant Growth and Cultivation,10,0,-10,0.0001,0.0,-0.01
T14017,Legal Issues in Education,2,8,6,0.0,0.0,0.0
T12739,Historical Studies on Spain,8,2,-6,0.0,0.0,-0.0
T14270,Simulation and Modeling Applications,1,9,8,0.0,0.0,0.0
T10940,Navier-Stokes equation solutions,6,4,-2,0.0,0.0,-0.0
T14445,Transportation Safety and Impact Analysis,4,6,2,0.0,0.0,0.0
T13251,Electrical and Thermal Properties of Materials,4,6,2,0.0,0.0,0.0
T12742,Sunflower and Safflower Cultivation,4,6,2,0.0,0.0,0.0
T13562,Cruise Tourism Development and Management,8,2,-6,0.0,0.0,-0.0
T13333,American Political and Social Dynamics,3,7,4,0.0,0.0,0.0
T13314,Lymphadenopathy Diagnosis and Analysis,5,5,0,0.0,0.0,0.0
T12283,Latin American history and culture,4,6,2,0.0,0.0,0.0
T12292,Graph Theory and Algorithms,4,6,2,0.0,0.0,0.0
T13577,Sephardic Jews and Inquisition Studies,3,7,4,0.0,0.0,0.0
T11233,Advanced Adaptive Filtering Techniques,4,6,2,0.0,0.0,0.0
T13939,Archaeology and Natural History,9,1,-8,0.0,0.0,-0.0
T13373,Data Mining and Machine Learning Applications,3,7,4,0.0,0.0,0.0
T11105,Advanced Image Processing Techniques,5,5,0,0.0,0.0,0.0
T12357,Digital Media Forensic Detection,4,6,2,0.0,0.0,0.0
T13625,Journalism and Media Studies,0,10,10,0.0,0.0001,0.01
T12905,Management Systems and Quality Improvement,0,10,10,0.0,0.0001,0.01
T14498,Educational Technology in Learning,0,10,10,0.0,0.0001,0.01
T12569,Restless Legs Syndrome Research,5,4,-1,0.0,0.0,-0.0
T12785,Hong Kong and Taiwan Politics,6,3,-3,0.0,0.0,-0.0
T14193,Literature and Cultural Memory,7,2,-5,0.0,0.0,-0.0
T14076,Material Properties and Failure Mechanisms,8,1,-7,0.0,0.0,-0.0
T12892,Social Power and Status Dynamics,5,4,-1,0.0,0.0,-0.0
T12703,Oil Palm Production and Sustainability,8,1,-7,0.0,0.0,-0.0
T11955,Urban and spatial planning,7,2,-5,0.0,0.0,-0.0
T12992,Metastasis and carcinoma case studies,3,6,3,0.0,0.0,0.0
T14064,Organizational and Employee Performance,9,0,-9,0.0,0.0,-0.0
T11604,Ship Hydrodynamics and Maneuverability,5,4,-1,0.0,0.0,-0.0
T13989,Labour Market and Migration,2,7,5,0.0,0.0,0.0
T14276,Power Systems and Technologies,7,2,-5,0.0,0.0,-0.0
T14106,Environmental and Sediment Control,6,3,-3,0.0,0.0,-0.0
T14131,Giambattista Vico and Joyce,4,5,1,0.0,0.0,0.0
T10884,Holomorphic and Operator Theory,6,3,-3,0.0,0.0,-0.0
T13545,Philosophical and Theoretical Analysis,3,6,3,0.0,0.0,0.0
T11417,Advancements in PLL and VCO Technologies,3,6,3,0.0,0.0,0.0
T12801,Bluetooth and Wireless Communication Technologies,7,2,-5,0.0,0.0,-0.0
T12699,Electromagnetic Launch and Propulsion Technology,9,0,-9,0.0,0.0,-0.0
T12842,"Youth, Drugs, and Violence",6,3,-3,0.0,0.0,-0.0
T14296,Climate Change and Sustainable Development,1,8,7,0.0,0.0,0.0
T13204,Competitive and Knowledge Intelligence,3,6,3,0.0,0.0,0.0
T13813,Oral and Craniofacial Lesions,8,1,-7,0.0,0.0,-0.0
T12429,Chemotherapy-induced organ toxicity mitigation,4,5,1,0.0,0.0,0.0
T14284,Social Sciences and Humanities,0,9,9,0.0,0.0,0.0
T13648,Cerebrovascular and genetic disorders,6,3,-3,0.0,0.0,-0.0
T14103,Educational Management and Quality,4,5,1,0.0,0.0,0.0
T13584,Coal Combustion and Slurry Processing,6,3,-3,0.0,0.0,-0.0
T13750,"Mormonism, Religion, and History",7,2,-5,0.0,0.0,-0.0
T11224,Electromagnetic wave absorption materials,5,4,-1,0.0,0.0,-0.0
T12029,DNA and Biological Computing,5,4,-1,0.0,0.0,-0.0
T13725,Pineapple and bromelain studies,6,3,-3,0.0,0.0,-0.0
T14297,Plant-Derived Bioactive Compounds,6,3,-3,0.0,0.0,-0.0
T11788,Nonlinear Optical Materials Studies,5,4,-1,0.0,0.0,-0.0
T11907,Copper-based nanomaterials and applications,7,2,-5,0.0,0.0,-0.0
T13001,Restraint-Related Deaths,8,1,-7,0.0,0.0,-0.0
T13293,Engineering and Test Systems,7,2,-5,0.0,0.0,-0.0
T13473,Economic Zones and Regional Development,8,1,-7,0.0,0.0,-0.0
T10148,Advanced MIMO Systems Optimization,9,0,-9,0.0,0.0,-0.0
T12508,Functional Equations Stability Results,9,0,-9,0.0,0.0,-0.0
T12431,Sugarcane Cultivation and Processing,7,2,-5,0.0,0.0,-0.0
T13201,Infectious Encephalopathies and Encephalitis,5,4,-1,0.0,0.0,-0.0
T13761,HIV/AIDS oral health manifestations,6,3,-3,0.0,0.0,-0.0
T12605,Berry genetics and cultivation research,8,1,-7,0.0,0.0,-0.0
T10761,Vehicular Ad Hoc Networks (VANETs),4,5,1,0.0,0.0,0.0
T12959,Engineering and Materials Science Studies,7,2,-5,0.0,0.0,-0.0
T12273,Latin American Urban Studies,4,5,1,0.0,0.0,0.0
T13614,Social and Economic Solidarity,5,4,-1,0.0,0.0,-0.0
T14378,Entomological Studies and Ecology,9,0,-9,0.0,0.0,-0.0
T12411,Shoulder and Clavicle Injuries,6,3,-3,0.0,0.0,-0.0
T14458,Education and Work Dynamics,2,7,5,0.0,0.0,0.0
T10714,Software-Defined Networks and 5G,8,1,-7,0.0,0.0,-0.0
T13231,"History, Culture, and Diplomacy",5,4,-1,0.0,0.0,-0.0
T11938,ERP Systems Implementation and Impact,5,4,-1,0.0,0.0,-0.0
T13754,Central European and Russian historical studies,2,7,5,0.0,0.0,0.0
T14373,Securities Regulation and Market Practices,5,4,-1,0.0,0.0,-0.0
T13949,Belt and Road Initiative,0,9,9,0.0,0.0,0.0
T12922,Business and Economic Development,7,1,-6,0.0,0.0,-0.0
T13422,Phytochemistry and biological activities of Ficus species,7,1,-6,0.0,0.0,-0.0
T13613,"Health, Education, and Cultural Studies",8,0,-8,0.0,0.0,-0.0
T14290,Education Methods and Practices,7,1,-6,0.0,0.0,-0.0
T12316,Oil Spill Detection and Mitigation,5,3,-2,0.0,0.0,-0.0
T13978,Foreign Language Teaching Methods,5,3,-2,0.0,0.0,-0.0
T12215,Phytochemical Studies and Bioactivities,8,0,-8,0.0,0.0,-0.0
T12874,Digital Imaging for Blood Diseases,8,0,-8,0.0,0.0,-0.0
T12424,Earthquake Detection and Analysis,7,1,-6,0.0,0.0,-0.0
T13452,GDF15 and Related Biomarkers,7,1,-6,0.0,0.0,-0.0
T11133,UAV Applications and Optimization,6,2,-4,0.0,0.0,-0.0
T12824,Infections and bacterial resistance,5,3,-2,0.0,0.0,-0.0
T14231,New Zealand Economic and Social Studies,8,0,-8,0.0,0.0,-0.0
T13489,Synthesis of β-Lactam Compounds,4,4,0,0.0,0.0,0.0
T13394,"Ecology, Conservation, and Geographical Studies",8,0,-8,0.0,0.0,-0.0
T13071,Digital Storytelling and Education,4,4,0,0.0,0.0,0.0
T13715,Power Line Inspection Robots,2,6,4,0.0,0.0,0.0
T11530,Business and Management Studies,4,4,0,0.0,0.0,0.0
T14244,Consumer Behavior and Marketing Influence,1,7,6,0.0,0.0,0.0
T11602,Magnetic Bearings and Levitation Dynamics,4,4,0,0.0,0.0,0.0
T14518,American Sports and Literature,7,1,-6,0.0,0.0,-0.0
T13295,Safety Systems Engineering in Autonomy,3,5,2,0.0,0.0,0.0
T13734,Advanced Computational Techniques and Applications,6,2,-4,0.0,0.0,-0.0
T13312,Mechanical and Thermal Properties Analysis,2,6,4,0.0,0.0,0.0
T14287,Music Education and Analysis,1,7,6,0.0,0.0,0.0
T11899,"Brucella: diagnosis, epidemiology, treatment",4,4,0,0.0,0.0,0.0
T10388,Advanced Steganography and Watermarking Techniques,3,5,2,0.0,0.0,0.0
T11360,Flame retardant materials and properties,5,3,-2,0.0,0.0,-0.0
T12623,"Cultural, Media, and Literary Studies",5,3,-2,0.0,0.0,-0.0
T12495,Electrostatic Discharge in Electronics,7,1,-6,0.0,0.0,-0.0
T13655,Canadian Policy and Governance,7,1,-6,0.0,0.0,-0.0
T12195,Aerogels and thermal insulation,7,1,-6,0.0,0.0,-0.0
T11671,Fuzzy and Soft Set Theory,5,3,-2,0.0,0.0,-0.0
T13003,Regional Development and Environment,6,2,-4,0.0,0.0,-0.0
T11849,Intellectual Capital and Performance Analysis,5,3,-2,0.0,0.0,-0.0
T12985,Maritime Security and History,3,5,2,0.0,0.0,0.0
T12571,Soybean genetics and cultivation,8,0,-8,0.0,0.0,-0.0
T13733,Moravian Church and William Blake,8,0,-8,0.0,0.0,-0.0
T14010,Food Industry and Aquatic Biology,8,0,-8,0.0,0.0,-0.0
T12389,Infrared Target Detection Methodologies,8,0,-8,0.0,0.0,-0.0
T14470,Advanced Data Processing Techniques,8,0,-8,0.0,0.0,-0.0
T13224,Sports and Physical Education Research,8,0,-8,0.0,0.0,-0.0
T14389,"Innovation, Technology, and Society",5,3,-2,0.0,0.0,-0.0
T13845,Classical Studies and Legal History,7,1,-6,0.0,0.0,-0.0
T13548,Environmental and biological studies,5,3,-2,0.0,0.0,-0.0
T12384,Customer churn and segmentation,3,5,2,0.0,0.0,0.0
T13321,"Radio, Podcasts, and Digital Media",7,1,-6,0.0,0.0,-0.0
T13095,Plant-based Medicinal Research,8,0,-8,0.0,0.0,-0.0
T12249,Veterinary Orthopedics and Neurology,3,5,2,0.0,0.0,0.0
T14305,Modern American Literature Studies,7,1,-6,0.0,0.0,-0.0
T12136,Vanadium and Halogenation Chemistry,6,2,-4,0.0,0.0,-0.0
T13917,Engineering and Material Science Research,7,1,-6,0.0,0.0,-0.0
T14472,Environmental and Cultural Studies in Latin America and Beyond,5,3,-2,0.0,0.0,-0.0
T13429,Electricity Theft Detection Techniques,6,2,-4,0.0,0.0,-0.0
T12342,Vascular anomalies and interventions,3,5,2,0.0,0.0,0.0
T14257,Advanced Measurement and Detection Methods,5,3,-2,0.0,0.0,-0.0
T13902,Indian History and Philosophy,6,2,-4,0.0,0.0,-0.0
T12654,Xenotransplantation and immune response,6,2,-4,0.0,0.0,-0.0
T13378,Agricultural Development and Policies,2,6,4,0.0,0.0,0.0
T13208,Synthesis of heterocyclic compounds,2,6,4,0.0,0.0,0.0
T12344,Silicon Effects in Agriculture,5,3,-2,0.0,0.0,-0.0
T13921,Biological Stains and Phytochemicals,2,6,4,0.0,0.0,0.0
T12376,Corporate Management and Leadership,3,5,2,0.0,0.0,0.0
T12490,Software Engineering and Design Patterns,1,7,6,0.0,0.0,0.0
T12181,Agricultural and Biological Research,0,8,8,0.0,0.0,0.0
T14354,Emergency Medicine Education and Research,0,8,8,0.0,0.0,0.0
T14248,Social impacts of COVID-19,0,8,8,0.0,0.0,0.0
T13018,Seismology and Earthquake Studies,6,2,-4,0.0,0.0,-0.0
T12941,Embedded Systems and FPGA Design,0,8,8,0.0,0.0,0.0
T13757,Graphic Design and Typography,0,8,8,0.0,0.0,0.0
T13879,Indigenous Peoples' Rights and Law,0,8,8,0.0,0.0,0.0
T11385,Natural product bioactivities and synthesis,6,1,-5,0.0,0.0,-0.0
T13185,Phytochemistry and Bioactive Compounds,7,0,-7,0.0,0.0,-0.0
T14488,Chemical and Physical Studies,3,4,1,0.0,0.0,0.0
T12200,Heusler alloys: electronic and magnetic properties,6,1,-5,0.0,0.0,-0.0
T13685,Material Science and Thermodynamics,7,0,-7,0.0,0.0,-0.0
T13760,"Finance, Taxation, and Governance",7,0,-7,0.0,0.0,-0.0
T13270,QR Code Applications and Technologies,5,2,-3,0.0,0.0,-0.0
T13637,Calpain Protease Function and Regulation,6,1,-5,0.0,0.0,-0.0
T11032,VLSI and Analog Circuit Testing,5,2,-3,0.0,0.0,-0.0
T11494,Coleoptera Taxonomy and Distribution,1,6,5,0.0,0.0,0.0
T14254,Digital Media and Visual Art,7,0,-7,0.0,0.0,-0.0
T14468,Plant Ecology and Soil Science,6,1,-5,0.0,0.0,-0.0
T13363,Soft tissue tumors and treatment,3,4,1,0.0,0.0,0.0
T12972,German Colonialism and Identity Studies,7,0,-7,0.0,0.0,-0.0
T14453,Sustainability and Innovation in Business,4,3,-1,0.0,0.0,-0.0
T13505,Apelin-related biomedical research,6,1,-5,0.0,0.0,-0.0
T12173,Body Contouring and Surgery,6,1,-5,0.0,0.0,-0.0
T13599,Architecture and Cultural Influences,7,0,-7,0.0,0.0,-0.0
T12954,Law and Political Science,6,1,-5,0.0,0.0,-0.0
T12787,Human Behavior and Motivation,4,3,-1,0.0,0.0,-0.0
T13463,Nanoporous metals and alloys,5,2,-3,0.0,0.0,-0.0
T13862,"Soil, Finite Element Methods",2,5,3,0.0,0.0,0.0
T14215,Chemical and Environmental Engineering Research,4,3,-1,0.0,0.0,-0.0
T14272,Agricultural and Food Production Studies,0,7,7,0.0,0.0,0.0
T13292,Embedded Systems and FPGA Applications,1,6,5,0.0,0.0,0.0
T12294,Agricultural Science and Fertilization,3,4,1,0.0,0.0,0.0
T13694,Immigration Law and Human Rights,0,7,7,0.0,0.0,0.0
T10363,Low-power high-performance VLSI design,4,3,-1,0.0,0.0,-0.0
T13928,Advanced Sensor Technologies Research,6,1,-5,0.0,0.0,-0.0
T12791,Full-Duplex Wireless Communications,5,2,-3,0.0,0.0,-0.0
T11008,Aerodynamics and Acoustics in Jet Flows,2,5,3,0.0,0.0,0.0
T14371,Hume's philosophy and hair distribution,4,3,-1,0.0,0.0,-0.0
T13105,Synthesis and pharmacology of benzodiazepine derivatives,3,4,1,0.0,0.0,0.0
T13392,History of Education in Spain,5,2,-3,0.0,0.0,-0.0
T14222,Knowledge Management and Technology,3,4,1,0.0,0.0,0.0
T12625,Sympathectomy and Hyperhidrosis Treatments,7,0,-7,0.0,0.0,-0.0
T14420,Advanced Research in Systems and Signal Processing,7,0,-7,0.0,0.0,-0.0
T14310,Botany and Geology in Latin America and Caribbean,7,0,-7,0.0,0.0,-0.0
T13246,"Agriculture, Plant Science, Crop Management",7,0,-7,0.0,0.0,-0.0
T14227,Educational Practices and Challenges,7,0,-7,0.0,0.0,-0.0
T14350,"Innovation, Sustainability, Human-Machine Systems",7,0,-7,0.0,0.0,-0.0
T12925,Educational and Social Studies,7,0,-7,0.0,0.0,-0.0
T13871,Melamine detection and toxicity,7,0,-7,0.0,0.0,-0.0
T14401,"Technology, Environment, Urban Planning",7,0,-7,0.0,0.0,-0.0
T13827,Mechatronics Education and Applications,4,3,-1,0.0,0.0,-0.0
T13264,Walter Benjamin Studies Compilation,3,4,1,0.0,0.0,0.0
T12213,Marine Ecology and Invasive Species,5,2,-3,0.0,0.0,-0.0
T12822,Turfgrass Adaptation and Management,5,2,-3,0.0,0.0,-0.0
T13073,China's Ethnic Minorities and Relations,5,2,-3,0.0,0.0,-0.0
T11347,Neural Networks Stability and Synchronization,4,3,-1,0.0,0.0,-0.0
T14365,Leaf Properties and Growth Measurement,6,1,-5,0.0,0.0,-0.0
T13359,Sports Science and Education,4,3,-1,0.0,0.0,-0.0
T12529,Ga2O3 and related materials,4,3,-1,0.0,0.0,-0.0
T12987,Religion and Society in Latin America,3,4,1,0.0,0.0,0.0
T11458,Advanced Wireless Communication Technologies,4,3,-1,0.0,0.0,-0.0
T14397,Legal and Policy Analysis in Indonesia,5,2,-3,0.0,0.0,-0.0
T13965,Laser and Thermal Forming Techniques,6,1,-5,0.0,0.0,-0.0
T10312,"Health, Nursing, Elderly Care",7,0,-7,0.0,0.0,-0.0
T11165,Image and Video Quality Assessment,4,3,-1,0.0,0.0,-0.0
T13807,Cultural Insights and Digital Impacts,5,2,-3,0.0,0.0,-0.0
T13395,"Education, Leadership, and Health Research",5,2,-3,0.0,0.0,-0.0
T14491,Diverse academic and cultural studies,7,0,-7,0.0,0.0,-0.0
T13138,Legal and Constitutional Studies,3,4,1,0.0,0.0,0.0
T12466,Near-Field Optical Microscopy,6,1,-5,0.0,0.0,-0.0
T14477,"Management, Economics, and Public Policy",7,0,-7,0.0,0.0,-0.0
T12513,Rocket and propulsion systems research,6,1,-5,0.0,0.0,-0.0
T12647,Traditional Chinese Medicine Studies,6,1,-5,0.0,0.0,-0.0
T10153,"Education, sociology, and vocational training",5,2,-3,0.0,0.0,-0.0
T14182,Technology-Enhanced Education Studies,6,1,-5,0.0,0.0,-0.0
T12689,Silymarin and Mushroom Poisoning,4,3,-1,0.0,0.0,-0.0
T12815,Management and Organizational Practices,4,3,-1,0.0,0.0,-0.0
T11489,Air Traffic Management and Optimization,5,2,-3,0.0,0.0,-0.0
T12691,Coccidia and coccidiosis research,7,0,-7,0.0,0.0,-0.0
T12821,Geological Formations and Processes Exploration,3,4,1,0.0,0.0,0.0
T14466,"Migration, Health, Geopolitics, Historical Geography",1,6,5,0.0,0.0,0.0
T11858,Urban Development and Societal Issues,1,6,5,0.0,0.0,0.0
T13469,"Environmental, Ecological, and Cultural Studies",4,3,-1,0.0,0.0,-0.0
T13011,Latin American rural development,1,6,5,0.0,0.0,0.0
T14419,Banking Systems and Strategies,0,7,7,0.0,0.0,0.0
T13509,Accounting and Financial Management,0,7,7,0.0,0.0,0.0
T13360,Economic and Social Issues,0,7,7,0.0,0.0,0.0
T12493,"Memory, violence, and history",0,7,7,0.0,0.0,0.0
T13353,Flow Experience in Various Fields,5,2,-3,0.0,0.0,-0.0
T13206,Neonatal skin health care,7,0,-7,0.0,0.0,-0.0
T14333,Dermatoglyphics and Human Traits,3,4,1,0.0,0.0,0.0
T12660,Plant Disease Management Techniques,6,1,-5,0.0,0.0,-0.0
T11063,Rough Sets and Fuzzy Logic,4,3,-1,0.0,0.0,-0.0
T14022,Cultural and Religious Practices in Indonesia,3,4,1,0.0,0.0,0.0
T10909,Edible Oils Quality and Analysis,3,4,1,0.0,0.0,0.0
T13929,Educational Outcomes and Influences,1,6,5,0.0,0.0,0.0
T13571,"Corporeality, Perception, and Education",0,7,7,0.0,0.0,0.0
T13779,Cancer Mechanisms and Therapy,4,2,-2,0.0,0.0,-0.0
T13078,Political and Social Dynamics in Chile and Latin America,4,2,-2,0.0,0.0,-0.0
T12879,Distributed Sensor Networks and Detection Algorithms,4,2,-2,0.0,0.0,-0.0
T13294,Livestock and Poultry Management,6,0,-6,0.0,0.0,-0.0
T13266,Indigenous Studies in Latin America,6,0,-6,0.0,0.0,-0.0
T12945,Quality Function Deployment in Product Design,4,2,-2,0.0,0.0,-0.0
T13161,Ideological and Political Education,4,2,-2,0.0,0.0,-0.0
T14173,"Education, Healthcare and Sociology Research",5,1,-4,0.0,0.0,-0.0
T13256,Archaeology and Rock Art Studies,3,3,0,0.0,0.0,0.0
T13154,Legal and Regulatory Analysis,5,1,-4,0.0,0.0,-0.0
T13434,Cancer Research and Treatment,6,0,-6,0.0,0.0,-0.0
T14327,Advanced Energy Technologies and Civil Engineering Innovations,5,1,-4,0.0,0.0,-0.0
T12223,Leptospirosis research and findings,4,2,-2,0.0,0.0,-0.0
T12551,Forgiveness and Related Behaviors,3,3,0,0.0,0.0,0.0
T11765,Circular RNAs in diseases,3,3,0,0.0,0.0,0.0
T13128,Chromatography in Natural Products,4,2,-2,0.0,0.0,-0.0
T13775,Hydrogen's biological and therapeutic effects,3,3,0,0.0,0.0,0.0
T14280,Big Data Technologies and Applications,2,4,2,0.0,0.0,0.0
T13478,Agricultural Development and Management,1,5,4,0.0,0.0,0.0
T13876,Chemical synthesis and pharmacological studies,2,4,2,0.0,0.0,0.0
T14376,Science and Education Research,0,6,6,0.0,0.0,0.0
T14152,Healthcare Facilities Design and Sustainability,1,5,4,0.0,0.0,0.0
T14036,Literary and Philosophical Studies,3,3,0,0.0,0.0,0.0
T13795,"Language, Communication, and Linguistic Studies",2,4,2,0.0,0.0,0.0
T14159,Discourse Analysis and Cultural Communication,3,3,0,0.0,0.0,0.0
T14440,Quality of Life Measurement,3,3,0,0.0,0.0,0.0
T12135,Fuzzy Systems and Optimization,3,3,0,0.0,0.0,0.0
T11646,Nonlocal and gradient elasticity in micro/nano structures,4,2,-2,0.0,0.0,-0.0
T12530,Bioactive Natural Diterpenoids Research,5,1,-4,0.0,0.0,-0.0
T13620,Education for Peace and Conflict Resolution,2,4,2,0.0,0.0,0.0
T11896,Opportunistic and Delay-Tolerant Networks,5,1,-4,0.0,0.0,-0.0
T14474,Industrial Technology and Control Systems,5,1,-4,0.0,0.0,-0.0
T11392,Energy Harvesting in Wireless Networks,5,1,-4,0.0,0.0,-0.0
T12904,Diverse Educational Innovations Studies,6,0,-6,0.0,0.0,-0.0
T13050,Oil and Gas Production Techniques,6,0,-6,0.0,0.0,-0.0
T13855,Aerospace Engineering and Control Systems,6,0,-6,0.0,0.0,-0.0
T13581,New Caledonia Indigenous Studies,6,0,-6,0.0,0.0,-0.0
T13388,Rangeland and Wildlife Management,6,0,-6,0.0,0.0,-0.0
T11439,Video Analysis and Summarization,6,0,-6,0.0,0.0,-0.0
T11127,Solid State Laser Technologies,6,0,-6,0.0,0.0,-0.0
T14344,Pathogenesis and Treatment of Hiccups,6,0,-6,0.0,0.0,-0.0
T12447,Spider Taxonomy and Behavior Studies,2,4,2,0.0,0.0,0.0
T13787,"Globalization, Historical Perspectives, and International Relations",3,3,0,0.0,0.0,0.0
T12846,Ginkgo biloba and Cashew Applications,4,2,-2,0.0,0.0,-0.0
T12951,Burkholderia infections and melioidosis,3,3,0,0.0,0.0,0.0
T14246,E-Learning and Knowledge Management,4,2,-2,0.0,0.0,-0.0
T12933,Franchising Strategies and Performance,4,2,-2,0.0,0.0,-0.0
T10933,Real-Time Systems Scheduling,4,2,-2,0.0,0.0,-0.0
T12774,Bauxite Residue and Utilization,4,2,-2,0.0,0.0,-0.0
T13959,"Swearing, Euphemism, Multilingualism",3,3,0,0.0,0.0,0.0
T12891,Medicinal Plants and Neuroprotection,4,2,-2,0.0,0.0,-0.0
T14015,Otitis Media and Relapsing Polychondritis,6,0,-6,0.0,0.0,-0.0
T13784,Jewish Identity and Society,3,3,0,0.0,0.0,0.0
T11498,Security in Wireless Sensor Networks,3,3,0,0.0,0.0,0.0
T13423,Social Policies and Healthcare Reform,1,5,4,0.0,0.0,0.0
T12975,Paraoxonase enzyme and polymorphisms,3,3,0,0.0,0.0,0.0
T14050,Forest Ecology and Conservation,1,5,4,0.0,0.0,0.0
T11720,Probability and Risk Models,5,1,-4,0.0,0.0,-0.0
T12546,Smart Parking Systems Research,3,3,0,0.0,0.0,0.0
T11876,Legal Studies and Policies,2,4,2,0.0,0.0,0.0
T13335,Pharmacological Effects of Medicinal Plants,5,1,-4,0.0,0.0,-0.0
T14014,Transportation Systems and Infrastructure,3,3,0,0.0,0.0,0.0
T13375,Integrated Water Resources Management,2,4,2,0.0,0.0,0.0
T13112,Nutrition and Health Studies,1,5,4,0.0,0.0,0.0
T13617,"Gender, Violence, Rights in Latin America",0,6,6,0.0,0.0,0.0
T11096,Aeroelasticity and Vibration Control,0,6,6,0.0,0.0,0.0
T12958,Digital Economy and Transformation,0,6,6,0.0,0.0,0.0
T13324,Scientific and Engineering Research Topics,0,6,6,0.0,0.0,0.0
T12780,Heavy Metal Pollution Remediation,0,6,6,0.0,0.0,0.0
T13822,Indigenous Health and Education,6,0,-6,0.0,0.0,-0.0
T14413,Advanced Technologies in Various Fields,6,0,-6,0.0,0.0,-0.0
T12363,Academic Research in Diverse Fields,6,0,-6,0.0,0.0,-0.0
T13428,Anarchism and Radical Politics,1,5,4,0.0,0.0,0.0
T10249,Distributed Control Multi-Agent Systems,1,5,4,0.0,0.0,0.0
T11615,Control and Dynamics of Mobile Robots,2,4,2,0.0,0.0,0.0
T10742,Peer-to-Peer Network Technologies,3,3,0,0.0,0.0,0.0
T14292,"Migration, Policy, and Dickens Studies",3,2,-1,0.0,0.0,-0.0
T11750,Phytoplasmas and Hemiptera pathogens,5,0,-5,0.0,0.0,-0.0
T11226,Milk Quality and Mastitis in Dairy Cows,4,1,-3,0.0,0.0,-0.0
T13899,Agricultural Systems and Practices,5,0,-5,0.0,0.0,-0.0
T11822,Analytic and geometric function theory,2,3,1,0.0,0.0,0.0
T13225,Polish-Jewish Holocaust Memory Studies,3,2,-1,0.0,0.0,-0.0
T13657,Aortic Thrombus and Embolism,4,1,-3,0.0,0.0,-0.0
T14068,Organic and Inorganic Chemical Reactions,4,1,-3,0.0,0.0,-0.0
T13192,Forensic Fingerprint Detection Methods,5,0,-5,0.0,0.0,-0.0
T12516,Advanced Mathematical Theories and Applications,3,2,-1,0.0,0.0,-0.0
T12365,Effects of Environmental Stressors on Livestock,4,1,-3,0.0,0.0,-0.0
T14409,Educational Systems and Policies,5,0,-5,0.0,0.0,-0.0
T13895,Educational Leadership and Innovation,5,0,-5,0.0,0.0,-0.0
T14172,Cultural and Social Studies in Latin America,5,0,-5,0.0,0.0,-0.0
T13838,Plant and soil sciences,3,2,-1,0.0,0.0,-0.0
T14495,Public Health and Nutrition,4,1,-3,0.0,0.0,-0.0
T14485,Language Acquisition and Education,1,4,3,0.0,0.0,0.0
T14217,American Literature and Humor Studies,3,2,-1,0.0,0.0,-0.0
T14126,Intramuscular injections and effects,3,2,-1,0.0,0.0,-0.0
T14434,Historical and Modern Theater Studies,3,2,-1,0.0,0.0,-0.0
T13477,Sustainable Design and Development,1,4,3,0.0,0.0,0.0
T11857,Archaeological and Historical Studies,4,1,-3,0.0,0.0,-0.0
T13418,Photocathodes and Microchannel Plates,4,1,-3,0.0,0.0,-0.0
T12894,Date Palm Research Studies,4,1,-3,0.0,0.0,-0.0
T12680,Cultural and Mythological Studies,1,4,3,0.0,0.0,0.0
T13791,Veterinary medicine and infectious diseases,4,1,-3,0.0,0.0,-0.0
T11427,Elbow and Forearm Trauma Treatment,3,2,-1,0.0,0.0,-0.0
T14053,Dengue and Mosquito Control Research,1,4,3,0.0,0.0,0.0
T13852,Seismic and Structural Analysis of Tall Buildings,1,4,3,0.0,0.0,0.0
T12446,Economic Growth and Fiscal Policies,1,4,3,0.0,0.0,0.0
T13197,Spreadsheets and End-User Computing,3,2,-1,0.0,0.0,-0.0
T12042,Satellite Communication Systems,4,1,-3,0.0,0.0,-0.0
T12792,Soil Management and Crop Yield,0,5,5,0.0,0.0,0.0
T14406,Multidisciplinary Science and Engineering Research,2,3,1,0.0,0.0,0.0
T13290,Diverse Industrial Engineering Technologies,0,5,5,0.0,0.0,0.0
T14111,Diverse Research Studies Overview,2,3,1,0.0,0.0,0.0
T13905,Telecommunications and Broadcasting Technologies,2,3,1,0.0,0.0,0.0
T13263,Building energy efficiency and sustainability,0,5,5,0.0,0.0,0.0
T13934,Indigenous Knowledge Systems and Agriculture,0,5,5,0.0,0.0,0.0
T13259,American Jewish Fiction Analysis,3,2,-1,0.0,0.0,-0.0
T13287,Robotic Process Automation Applications,1,4,3,0.0,0.0,0.0
T14418,"Development, Ethics, and Society",0,5,5,0.0,0.0,0.0
T14198,Philosophical Thought and Analysis,1,4,3,0.0,0.0,0.0
T14243,Creative Drama in Education,1,4,3,0.0,0.0,0.0
T13341,Belt Conveyor Systems Engineering,4,1,-3,0.0,0.0,-0.0
T10741,Video Coding and Compression Technologies,1,4,3,0.0,0.0,0.0
T13536,Psychological and Temporal Perspectives Research,4,1,-3,0.0,0.0,-0.0
T12498,Latin American Cultural Politics,2,3,1,0.0,0.0,0.0
T13858,Technical Engine Diagnostics and Monitoring,1,4,3,0.0,0.0,0.0
T13553,Age of Information Optimization,2,3,1,0.0,0.0,0.0
T13401,Social and Cultural Studies,1,4,3,0.0,0.0,0.0
T13189,Physical Education and Training Studies,4,1,-3,0.0,0.0,-0.0
T13665,Legal and cultural studies analysis,3,2,-1,0.0,0.0,-0.0
T13265,Synthesis of Tetrazole Derivatives,4,1,-3,0.0,0.0,-0.0
T13999,Digital Rights Management and Security,3,2,-1,0.0,0.0,-0.0
T14478,Papaya Research and Applications,4,1,-3,0.0,0.0,-0.0
T13773,International Labor and Employment Law,3,2,-1,0.0,0.0,-0.0
T12016,Web Data Mining and Analysis,4,1,-3,0.0,0.0,-0.0
T12058,Allelopathy and phytotoxic interactions,4,1,-3,0.0,0.0,-0.0
T13351,Critical Theory and Political Philosophy,4,1,-3,0.0,0.0,-0.0
T13707,"Literature, Language, and Rhetoric Studies",5,0,-5,0.0,0.0,-0.0
T10910,Corporate Governance and Management,5,0,-5,0.0,0.0,-0.0
T13749,"Hungarian Social, Economic and Educational Studies",5,0,-5,0.0,0.0,-0.0
T14483,Education and Teacher Training,5,0,-5,0.0,0.0,-0.0
T12733,Vector-Borne Animal Diseases,5,0,-5,0.0,0.0,-0.0
T10829,Interconnection Networks and Systems,5,0,-5,0.0,0.0,-0.0
T13886,Operations Management Techniques,5,0,-5,0.0,0.0,-0.0
T14057,Hypertrophic osteoarthropathy and related conditions,5,0,-5,0.0,0.0,-0.0
T12242,Latin American and Latino Studies,5,0,-5,0.0,0.0,-0.0
T14295,Families in Therapy and Culture,5,0,-5,0.0,0.0,-0.0
T13159,Structural mechanics and materials,5,0,-5,0.0,0.0,-0.0
T12705,Educational Reforms and Innovations,5,0,-5,0.0,0.0,-0.0
T13717,Advanced Algorithms and Applications,5,0,-5,0.0,0.0,-0.0
T14074,Persona Design and Applications,5,0,-5,0.0,0.0,-0.0
T12243,Research in Cotton Cultivation,3,2,-1,0.0,0.0,-0.0
T13564,Education and Public Policy,4,1,-3,0.0,0.0,-0.0
T13230,Synthesis and Reactivity of Heterocycles,5,0,-5,0.0,0.0,-0.0
T14237,Historical and Political Studies,2,3,1,0.0,0.0,0.0
T13322,Hibiscus Plant Research Studies,4,1,-3,0.0,0.0,-0.0
T13943,Beetle Biology and Toxicology Studies,4,1,-3,0.0,0.0,-0.0
T12845,Methemoglobinemia and Tumor Lysis Syndrome,2,3,1,0.0,0.0,0.0
T12812,Meromorphic and Entire Functions,4,1,-3,0.0,0.0,-0.0
T12658,Language and Culture,2,3,1,0.0,0.0,0.0
T11565,Thermoelastic and Magnetoelastic Phenomena,4,1,-3,0.0,0.0,-0.0
T13797,Probabilistic Statistics in Medicine,1,4,3,0.0,0.0,0.0
T10774,Weed Control and Herbicide Applications,2,3,1,0.0,0.0,0.0
T14338,"Leadership, Human Resources, Global Affairs",5,0,-5,0.0,0.0,-0.0
T14281,Islamic Finance and Communication,4,1,-3,0.0,0.0,-0.0
T11659,Advanced Image Fusion Techniques,2,3,1,0.0,0.0,0.0
T13327,"Arts, Culture, and Music Studies",3,2,-1,0.0,0.0,-0.0
T12148,Brazilian Legal Issues,2,3,1,0.0,0.0,0.0
T14035,"Literature, Culture, and Aesthetics",1,4,3,0.0,0.0,0.0
T14252,Water and Wastewater Treatment,0,5,5,0.0,0.0,0.0
T12203,Mobile Agent-Based Network Management,5,0,-5,0.0,0.0,-0.0
T13479,Food Science and Nutritional Studies,4,1,-3,0.0,0.0,-0.0
T13709,Education in Diverse Contexts,3,2,-1,0.0,0.0,-0.0
T13130,Biological and pharmacological studies of plants,5,0,-5,0.0,0.0,-0.0
T14347,Big Data and Digital Economy,5,0,-5,0.0,0.0,-0.0
T13598,Political Developments and Conflicts,5,0,-5,0.0,0.0,-0.0
T13458,Astronomical and nuclear sciences,4,1,-3,0.0,0.0,-0.0
T12479,Web Application Security Vulnerabilities,3,2,-1,0.0,0.0,-0.0
T14065,Biological Research and Disease Studies,5,0,-5,0.0,0.0,-0.0
T14169,Public Health and Environmental Issues,0,5,5,0.0,0.0,0.0
T12969,Economic and Social Development,0,5,5,0.0,0.0,0.0
T14154,"finance, banking, and market dynamics",0,5,5,0.0,0.0,0.0
T13302,Amazonian Archaeology and Ethnohistory,2,2,0,0.0,0.0,0.0
T13976,Web visibility and informetrics,4,0,-4,0.0,0.0,-0.0
T12523,Nasolacrimal Duct Obstruction Treatments,3,1,-2,0.0,0.0,-0.0
T14480,Historical Education and Society,4,0,-4,0.0,0.0,-0.0
T13711,Environmental Science and Technology,4,0,-4,0.0,0.0,-0.0
T12968,Research on scale insects,3,1,-2,0.0,0.0,-0.0
T14319,Currency Recognition and Detection,4,0,-4,0.0,0.0,-0.0
T13870,Environmental and Ecological Studies,4,0,-4,0.0,0.0,-0.0
T12983,Satellite Image Processing and Photogrammetry,4,0,-4,0.0,0.0,-0.0
T13585,Technostress in Professional Settings,2,2,0,0.0,0.0,0.0
T13927,Cyberloafing and Workplace Behavior,3,1,-2,0.0,0.0,-0.0
T13744,Financial Literacy and Behavior,1,3,2,0.0,0.0,0.0
T13982,Social Movements and Cultural Identity,1,3,2,0.0,0.0,0.0
T13472,Brazilian History and Foreign Policy,2,2,0,0.0,0.0,0.0
T11158,Wireless Networks and Protocols,1,3,2,0.0,0.0,0.0
T13543,Oropharyngeal Anatomy and Pathologies,1,3,2,0.0,0.0,0.0
T14501,Global Economic and Social Development,4,0,-4,0.0,0.0,-0.0
T13486,"Literature, Magical Realism, García Márquez",3,1,-2,0.0,0.0,-0.0
T11897,Digital Holography and Microscopy,3,1,-2,0.0,0.0,-0.0
T12158,Guidance and Control Systems,2,2,0,0.0,0.0,0.0
T14130,"Healthcare, Law, Governance, and Management Studies",2,2,0,0.0,0.0,0.0
T12988,Sociology and Education in Brazil,2,2,0,0.0,0.0,0.0
T14449,Education and Character Development,1,3,2,0.0,0.0,0.0
T12669,Comparative International Legal Studies,1,3,2,0.0,0.0,0.0
T13411,Labor Market and Education,2,2,0,0.0,0.0,0.0
T14120,Thallium and Germanium Studies,2,2,0,0.0,0.0,0.0
T13853,Teacher Education and Assessments,0,4,4,0.0,0.0,0.0
T13169,Consumer Perception and Purchasing Behavior,2,2,0,0.0,0.0,0.0
T13975,"Energy, Economy, and Technology Trends",1,3,2,0.0,0.0,0.0
T13767,Leech Biology and Applications,2,2,0,0.0,0.0,0.0
T13881,Sociology and Norbert Elias,2,2,0,0.0,0.0,0.0
T12497,Traditional and Medicinal Uses of Annonaceae,3,1,-2,0.0,0.0,-0.0
T12244,Healthcare Education and Workforce Issues,1,3,2,0.0,0.0,0.0
T13661,Reformed Theology and Governance,2,2,0,0.0,0.0,0.0
T13203,Environmental Changes in China,0,4,4,0.0,0.0,0.0
T13631,"Global History, Politics, and Ideology",3,1,-2,0.0,0.0,-0.0
T13724,Humanities and Social Sciences,2,2,0,0.0,0.0,0.0
T12321,Insect Pheromone Research and Control,2,2,0,0.0,0.0,0.0
T12962,Nephrotoxicity and Medicinal Plants,2,2,0,0.0,0.0,0.0
T13720,Benford’s Law and Fraud Detection,3,1,-2,0.0,0.0,-0.0
T14048,Silkworms and Sericulture Research,3,1,-2,0.0,0.0,-0.0
T12298,Phytochemicals and Medicinal Plants,3,1,-2,0.0,0.0,-0.0
T13672,Thomas Hardy Literature Studies,3,1,-2,0.0,0.0,-0.0
T14209,Public health and occupational medicine,3,1,-2,0.0,0.0,-0.0
T13090,Medicinal Plant Extracts Effects,3,1,-2,0.0,0.0,-0.0
T14060,Education and Communication Studies,4,0,-4,0.0,0.0,-0.0
T14113,Global Socioeconomic and Political Dynamics,4,0,-4,0.0,0.0,-0.0
T14040,Problem Solving Skills Development,4,0,-4,0.0,0.0,-0.0
T14364,Clusterin in disease pathology,4,0,-4,0.0,0.0,-0.0
T10259,Sociology and Education Studies,4,0,-4,0.0,0.0,-0.0
T12939,Polish Law and Legal System,3,1,-2,0.0,0.0,-0.0
T14033,Education in Rural Contexts,1,3,2,0.0,0.0,0.0
T14442,Historical Studies in Science,4,0,-4,0.0,0.0,-0.0
T13792,Morinda citrifolia extract uses,4,0,-4,0.0,0.0,-0.0
T13517,Environmental and Industrial Safety,4,0,-4,0.0,0.0,-0.0
T14314,"Violence, Religion, and Philosophy",2,2,0,0.0,0.0,0.0
T13476,Indonesian Election Politics and Participation,3,1,-2,0.0,0.0,-0.0
T14247,"Borges, Kipling, and Jewish Identity",4,0,-4,0.0,0.0,-0.0
T13223,Connective Tissue Growth Factor Research,3,1,-2,0.0,0.0,-0.0
T14403,Educational Challenges and Innovations,4,0,-4,0.0,0.0,-0.0
T14307,Bioethics and Human Rights Issues,3,1,-2,0.0,0.0,-0.0
T14151,Literary Analysis and Cultural Studies,1,3,2,0.0,0.0,0.0
T13444,Medical Research and Treatments,4,0,-4,0.0,0.0,-0.0
T14304,Transport Systems and Technology,4,0,-4,0.0,0.0,-0.0
T13908,Scientific and Historical Analyses,3,1,-2,0.0,0.0,-0.0
T12877,Social Issues in Poland,3,1,-2,0.0,0.0,-0.0
T13045,Industrial Engineering and Technologies,3,1,-2,0.0,0.0,-0.0
T13511,Geodetic Measurements and Engineering Structures,4,0,-4,0.0,0.0,-0.0
T13094,Mining and Gasification Technologies,3,1,-2,0.0,0.0,-0.0
T14351,Statistical and Computational Modeling,4,0,-4,0.0,0.0,-0.0
T13836,Educational Research and Pedagogy,4,0,-4,0.0,0.0,-0.0
T12118,Forest Biomass Utilization and Management,3,1,-2,0.0,0.0,-0.0
T13238,Botanical Studies and Applications,4,0,-4,0.0,0.0,-0.0
T14283,Diverse Academic Research Areas,3,1,-2,0.0,0.0,-0.0
T12747,Moyamoya disease diagnosis and treatment,3,1,-2,0.0,0.0,-0.0
T12665,Bamboo properties and applications,3,1,-2,0.0,0.0,-0.0
T12036,Argentine historical studies,1,3,2,0.0,0.0,0.0
T10579,Cognitive Radio Networks and Spectrum Sensing,2,2,0,0.0,0.0,0.0
T14489,Basque language and culture studies,2,2,0,0.0,0.0,0.0
T12662,Digitalization and Economic Development in Agriculture,3,1,-2,0.0,0.0,-0.0
T13488,Sports and Physical Education Studies,2,2,0,0.0,0.0,0.0
T12348,Rural Development and Agriculture,2,2,0,0.0,0.0,0.0
T12731,Hidradenitis Suppurativa and Treatments,2,2,0,0.0,0.0,0.0
T13909,Environmental Quality and Pollution,1,3,2,0.0,0.0,0.0
T13872,Vocational and Entrepreneurial Education,1,3,2,0.0,0.0,0.0
T13547,Economic and Industrial Development,1,3,2,0.0,0.0,0.0
T14520,Sustainable Urban and Rural Development,1,3,2,0.0,0.0,0.0
T13769,Fusion and Plasma Physics Studies,4,0,-4,0.0,0.0,-0.0
T14088,Generational Differences and Trends,2,2,0,0.0,0.0,0.0
T13119,Philosophy and Social Theory,0,4,4,0.0,0.0,0.0
T13346,Digital Transformation in Financial Services,0,4,4,0.0,0.0,0.0
T13662,Qualitative research in health,0,4,4,0.0,0.0,0.0
T14116,Aviation History and Innovations,0,4,4,0.0,0.0,0.0
T13691,"Energy, Environment, Agriculture Analysis",3,1,-2,0.0,0.0,-0.0
T14240,E-Learning and COVID-19,4,0,-4,0.0,0.0,-0.0
T14286,Parkinson's Disease and Spinal Disorders,4,0,-4,0.0,0.0,-0.0
T12512,History of Colonial Brazil,2,2,0,0.0,0.0,0.0
T12808,Ferroelectric and Negative Capacitance Devices,3,1,-2,0.0,0.0,-0.0
T13935,Mathematical Control Systems and Analysis,2,2,0,0.0,0.0,0.0
T13279,Safe Handling of Antineoplastic Drugs,2,2,0,0.0,0.0,0.0
T14362,Diverse Legal and Medical Studies,0,4,4,0.0,0.0,0.0
T14136,Education and Military Integration,0,4,4,0.0,0.0,0.0
T14443,"COVID-19, Geopolitics, Technology, Migration",0,4,4,0.0,0.0,0.0
T13983,Cybersecurity and Information Systems,0,4,4,0.0,0.0,0.0
T11734,Decision Support System Applications,0,4,4,0.0,0.0,0.0
T13307,Diverse Scientific and Engineering Research,3,0,-3,0.0,0.0,-0.0
T13660,Philosophical and Historical Studies,3,0,-3,0.0,0.0,-0.0
T11321,Error Correcting Code Techniques,2,1,-1,0.0,0.0,-0.0
T12984,Transport and Logistics Innovations,2,1,-1,0.0,0.0,-0.0
T12059,Berberine and alkaloids research,3,0,-3,0.0,0.0,-0.0
T13554,Brazilian cultural history and politics,2,1,-1,0.0,0.0,-0.0
T14408,Coastal Management and Development,1,2,1,0.0,0.0,0.0
T12901,Tattoo and Body Piercing Complications,2,1,-1,0.0,0.0,-0.0
T12719,Aerospace Engineering and Energy Systems,3,0,-3,0.0,0.0,-0.0
T12260,Educational Technology and Pedagogy,1,2,1,0.0,0.0,0.0
T12882,Jungian Analytical Psychology,3,0,-3,0.0,0.0,-0.0
T13391,Innovations in Aquaponics and Hydroponics Systems,1,2,1,0.0,0.0,0.0
T13134,Latin American Literature Studies,3,0,-3,0.0,0.0,-0.0
T14322,"Art, Aesthetics, and Perception",2,1,-1,0.0,0.0,-0.0
T14239,"Business, Education, Mathematics Research",3,0,-3,0.0,0.0,-0.0
T13483,Herbal Medicine Research Studies,3,0,-3,0.0,0.0,-0.0
T12052,Polish socio-economic development,3,0,-3,0.0,0.0,-0.0
T12914,Infectious Disease Case Reports and Treatments,3,0,-3,0.0,0.0,-0.0
T12082,Takotsubo Cardiomyopathy and Associated Phenomena,1,2,1,0.0,0.0,0.0
T12928,Education and Cultural Studies,1,2,1,0.0,0.0,0.0
T12122,Physical Unclonable Functions (PUFs) and Hardware Security,3,0,-3,0.0,0.0,-0.0
T13540,Animal Diversity and Health Studies,3,0,-3,0.0,0.0,-0.0
T12685,Phytochemical compounds biological activities,3,0,-3,0.0,0.0,-0.0
T14241,Evasion and Academic Success Factors,3,0,-3,0.0,0.0,-0.0
T13730,"Martial Arts: Techniques, Psychology, and Education",2,1,-1,0.0,0.0,-0.0
T13475,Digital Transformation in Law,1,2,1,0.0,0.0,0.0
T12435,Bladed Disk Vibration Dynamics,1,2,1,0.0,0.0,0.0
T12865,Tailings Management and Properties,0,3,3,0.0,0.0,0.0
T14358,Healthcare Quality and Satisfaction,0,3,3,0.0,0.0,0.0
T13535,Wireless Sensor Networks and IoT,1,2,1,0.0,0.0,0.0
T14001,Evelyn Waugh and Hans Urs von Balthasar Studies,1,2,1,0.0,0.0,0.0
T14502,High-Voltage Power Transmission Systems,1,2,1,0.0,0.0,0.0
T11726,Organizational Management and Innovation,0,3,3,0.0,0.0,0.0
T13940,Philosophy and Literary Analysis,1,2,1,0.0,0.0,0.0
T14000,"Cultural, Social, and Media Studies",0,3,3,0.0,0.0,0.0
T13044,Biofield Effects and Biophysics,1,2,1,0.0,0.0,0.0
T12737,Electrical Fault Detection and Protection,2,1,-1,0.0,0.0,-0.0
T13282,Automated Road and Building Extraction,2,1,-1,0.0,0.0,-0.0
T14082,"Modeling, Simulation, and Optimization",3,0,-3,0.0,0.0,-0.0
T14462,Educational Methods and Impacts,3,0,-3,0.0,0.0,-0.0
T12707,Vehicle License Plate Recognition,3,0,-3,0.0,0.0,-0.0
T13079,Heavy Metals in Plants,3,0,-3,0.0,0.0,-0.0
T13677,Magnolia and Illicium research,3,0,-3,0.0,0.0,-0.0
T13669,China's Global Influence and Migration,3,0,-3,0.0,0.0,-0.0
T13181,Economic and Technological Systems Analysis,3,0,-3,0.0,0.0,-0.0
T14320,Optics and Image Analysis,3,0,-3,0.0,0.0,-0.0
T12109,"Race, Identity, and Education in Brazil",3,0,-3,0.0,0.0,-0.0
T14137,"Agriculture, Soil, Plant Science",3,0,-3,0.0,0.0,-0.0
T14177,Water Resources and Management,3,0,-3,0.0,0.0,-0.0
T13190,Engineering and Environmental Studies,3,0,-3,0.0,0.0,-0.0
T13601,Urban Transport Systems Analysis,3,0,-3,0.0,0.0,-0.0
T14196,Multidisciplinary Warburg-centric Studies,3,0,-3,0.0,0.0,-0.0
T13703,Attention Economy in Education and Business,3,0,-3,0.0,0.0,-0.0
T12165,Environmental Sustainability and Education,3,0,-3,0.0,0.0,-0.0
T13521,Psychosocial Factors Impacting Youth,3,0,-3,0.0,0.0,-0.0
T14265,Social and Behavioral Studies,3,0,-3,0.0,0.0,-0.0
T13776,Phytochemical and Pharmacological Studies,3,0,-3,0.0,0.0,-0.0
T13442,Geochemistry and Geochronology of Asian Mineral Deposits,1,2,1,0.0,0.0,0.0
T14233,Diverse Topics in Contemporary Research,3,0,-3,0.0,0.0,-0.0
T13058,Soil and Land Suitability Analysis,1,2,1,0.0,0.0,0.0
T12753,"Psychology, Coaching, and Therapy",2,1,-1,0.0,0.0,-0.0
T14192,"Literature, Film, and Journalism Analysis",3,0,-3,0.0,0.0,-0.0
T13602,Educational Methods and Media Use,3,0,-3,0.0,0.0,-0.0
T13310,Subtitles and Audiovisual Media,3,0,-3,0.0,0.0,-0.0
T14158,Optical Systems and Laser Technology,2,1,-1,0.0,0.0,-0.0
T13183,Islanding Detection in Power Systems,3,0,-3,0.0,0.0,-0.0
T14009,Ecology and Conservation Studies,3,0,-3,0.0,0.0,-0.0
T12021,Social and Educational Sciences,3,0,-3,0.0,0.0,-0.0
T14236,Educational Tools and Methods,3,0,-3,0.0,0.0,-0.0
T14066,Economic Development and Regional Competitiveness,2,1,-1,0.0,0.0,-0.0
T12799,Mobile and Web Applications,1,2,1,0.0,0.0,0.0
T12772,Control and Stability of Dynamical Systems,1,2,1,0.0,0.0,0.0
T13565,Education and Learning Interventions,3,0,-3,0.0,0.0,-0.0
T14125,"Education, Sociology, Communication Studies",3,0,-3,0.0,0.0,-0.0
T13674,Computer Science and Engineering,2,1,-1,0.0,0.0,-0.0
T13748,Advanced Statistical Modeling Techniques,3,0,-3,0.0,0.0,-0.0
T13692,Italian Social Issues and Migration,3,0,-3,0.0,0.0,-0.0
T14411,Undergraduate Neuroscience Education and Research,1,2,1,0.0,0.0,0.0
T12754,Plant Growth and Agriculture Techniques,2,1,-1,0.0,0.0,-0.0
T13782,Transactional Analysis in Psychotherapy,2,1,-1,0.0,0.0,-0.0
T14091,Industrial and Mining Safety,1,2,1,0.0,0.0,0.0
T12609,Latin American socio-political dynamics,0,3,3,0.0,0.0,0.0
T12451,Smart Grid and Power Systems,0,3,3,0.0,0.0,0.0
T13961,Socioeconomics of Resources and Conservation,2,1,-1,0.0,0.0,-0.0
T12711,Immigration and Intercultural Education,0,3,3,0.0,0.0,0.0
T13751,Diverse Approaches in Healthcare and Education Studies,3,0,-3,0.0,0.0,-0.0
T14416,"Health, Technology, Consumer Behavior",2,1,-1,0.0,0.0,-0.0
T14110,Islamic Studies and Radicalism,3,0,-3,0.0,0.0,-0.0
T13573,"Government, Law, and Information Management",3,0,-3,0.0,0.0,-0.0
T14487,Science and Science Education,1,2,1,0.0,0.0,0.0
T12573,Education and Digital Technologies,2,1,-1,0.0,0.0,-0.0
T13166,Information Science and Libraries,0,3,3,0.0,0.0,0.0
T14301,Educational methodologies and cognitive development,0,3,3,0.0,0.0,0.0
T14007,Indigenous and Place-Based Education,0,3,3,0.0,0.0,0.0
T14211,Diverse academic research themes,2,0,-2,0.0,0.0,-0.0
T14223,Ayn Rand and Brontë studies,2,0,-2,0.0,0.0,-0.0
T13288,"Banking, Crisis Management, COVID-19 Impact",2,0,-2,0.0,0.0,-0.0
T13538,Linguistics and Language Analysis,1,1,0,0.0,0.0,0.0
T12079,IoT Networks and Protocols,1,1,0,0.0,0.0,0.0
T13257,Advanced Control and Stabilization in Aerospace Systems,1,1,0,0.0,0.0,0.0
T14118,Social and Demographic Issues in Germany,2,0,-2,0.0,0.0,-0.0
T13188,Synthesis and bioactivity of alkaloids,1,1,0,0.0,0.0,0.0
T12360,Plant-derived Lignans Synthesis and Bioactivity,2,0,-2,0.0,0.0,-0.0
T14312,Historical Studies in Central America,2,0,-2,0.0,0.0,-0.0
T14100,Scientific Research and Technology,2,0,-2,0.0,0.0,-0.0
T14331,Medicinal Plant Pharmacodynamics Research,2,0,-2,0.0,0.0,-0.0
T13671,Philosophy and Phenomenology Studies,2,0,-2,0.0,0.0,-0.0
T14379,Diverse Cultural and Historical Studies,2,0,-2,0.0,0.0,-0.0
T12239,Construction Management and Sustainability,1,1,0,0.0,0.0,0.0
T14200,"Medical, Sociocultural, and Biopolitical Studies",1,1,0,0.0,0.0,0.0
T12556,Educational Methods and Analysis,2,0,-2,0.0,0.0,-0.0
T12657,Phytochemistry Medicinal Plant Applications,1,1,0,0.0,0.0,0.0
T13980,Alexander von Humboldt Studies,2,0,-2,0.0,0.0,-0.0
T12436,Agronomic Practices and Intercropping Systems,2,0,-2,0.0,0.0,-0.0
T13829,"Health, Work, and Social Studies in Poland",2,0,-2,0.0,0.0,-0.0
T14460,"Literary, Cultural, Historical Analysis",1,1,0,0.0,0.0,0.0
T13586,"HIV, TB, and STIs Epidemiology",2,0,-2,0.0,0.0,-0.0
T13034,Information Systems Education and Curriculum Development,1,1,0,0.0,0.0,0.0
T14463,Diverse Scientific Research Studies,2,0,-2,0.0,0.0,-0.0
T13810,Legal Systems and Institutions,1,1,0,0.0,0.0,0.0
T14250,Energy and Environmental Systems,1,1,0,0.0,0.0,0.0
T14221,activated carbon and charcoal,2,0,-2,0.0,0.0,-0.0
T14321,"Religion, Theology, and Education",2,0,-2,0.0,0.0,-0.0
T12216,Network Time Synchronization Technologies,2,0,-2,0.0,0.0,-0.0
T13464,Higher Education and Sustainability,2,0,-2,0.0,0.0,-0.0
T13681,Engineering and Information Technology,1,1,0,0.0,0.0,0.0
T13386,Educational Methods and Teacher Development,1,1,0,0.0,0.0,0.0
T14220,"Workaholism, burnout, and well-being",1,1,0,0.0,0.0,0.0
T14055,Consumer Packaging Perceptions and Trends,1,1,0,0.0,0.0,0.0
T13053,SMEs Development and Digital Marketing,1,1,0,0.0,0.0,0.0
T14268,Evolving Legal Systems and Governance,0,2,2,0.0,0.0,0.0
T13971,Synthesis and Biological Activity,0,2,2,0.0,0.0,0.0
T13941,Geotechnical and Mining Engineering,0,2,2,0.0,0.0,0.0
T14332,European Linguistics and Anthropology,0,2,2,0.0,0.0,0.0
T13799,Media and Communication Studies,0,2,2,0.0,0.0,0.0
T14455,Technology and Education Systems,0,2,2,0.0,0.0,0.0
T11644,Spam and Phishing Detection,0,2,2,0.0,0.0,0.0
T13384,Regional Economic Development and Innovation,1,1,0,0.0,0.0,0.0
T14410,Safety and Risk Management,0,2,2,0.0,0.0,0.0
T13955,Evaluation Methods in Various Fields,1,1,0,0.0,0.0,0.0
T12406,IoT and GPS-based Vehicle Safety Systems,1,1,0,0.0,0.0,0.0
T13687,Extractivism and Socioeconomic Issues,0,2,2,0.0,0.0,0.0
T13925,Offshore Engineering and Technologies,1,1,0,0.0,0.0,0.0
T14132,Medical Research and Islamic Perspectives,1,1,0,0.0,0.0,0.0
T13462,Spanish Philosophy and Literature,1,1,0,0.0,0.0,0.0
T14446,Civil and Geotechnical Engineering Research,1,1,0,0.0,0.0,0.0
T13387,"Politics, Economics, and Education Policy",0,2,2,0.0,0.0,0.0
T13420,Arduino and IoT Applications,1,1,0,0.0,0.0,0.0
T14274,Education and Vocational Training,1,1,0,0.0,0.0,0.0
T13524,Venezuelan Migration and Society,0,2,2,0.0,0.0,0.0
T13286,Modeling and Simulation Systems,1,1,0,0.0,0.0,0.0
T13992,Cynara cardunculus studies,1,1,0,0.0,0.0,0.0
T12257,Bioactive natural compounds,1,1,0,0.0,0.0,0.0
T13367,Cultural and Sociopolitical Studies,2,0,-2,0.0,0.0,-0.0
T14235,"Linguistic, Cultural, and Literary Studies",2,0,-2,0.0,0.0,-0.0
T14133,Border Security and International Relations,2,0,-2,0.0,0.0,-0.0
T12318,Quinazolinone synthesis and applications,2,0,-2,0.0,0.0,-0.0
T12347,Ginger and Zingiberaceae research,2,0,-2,0.0,0.0,-0.0
T14363,Optical properties and cooling technologies in crystalline materials,2,0,-2,0.0,0.0,-0.0
T14282,"Security, Politics, and Digital Transformation",2,0,-2,0.0,0.0,-0.0
T12113,Growth and nutrition in plants,2,0,-2,0.0,0.0,-0.0
T14383,Global Development and Urbanization,2,0,-2,0.0,0.0,-0.0
T12870,Seedling growth and survival studies,2,0,-2,0.0,0.0,-0.0
T13964,Educational Technology and Optimization,2,0,-2,0.0,0.0,-0.0
T14360,Psidium guajava Extracts and Applications,2,0,-2,0.0,0.0,-0.0
T13221,Biological Activity of Diterpenoids and Biflavonoids,2,0,-2,0.0,0.0,-0.0
T13651,Medicinal Plants and Bioactive Compounds,2,0,-2,0.0,0.0,-0.0
T13898,Diverse Interdisciplinary Research Studies,2,0,-2,0.0,0.0,-0.0
T13250,Semiotics and Representation Studies,2,0,-2,0.0,0.0,-0.0
T13832,Advanced Decision-Making Techniques,2,0,-2,0.0,0.0,-0.0
T12007,Plasma and Flow Control in Aerodynamics,2,0,-2,0.0,0.0,-0.0
T13962,Omental and Epiploic Conditions,2,0,-2,0.0,0.0,-0.0
T12346,Phytochemistry and biological activity of medicinal plants,2,0,-2,0.0,0.0,-0.0
T14341,"Education, Technology, and Ethics",2,0,-2,0.0,0.0,-0.0
T13828,Natural Products and Biological Research,2,0,-2,0.0,0.0,-0.0
T12562,Synthesis and Characterization of Pyrroles,1,1,0,0.0,0.0,0.0
T13878,Case Reports on Hematomas,2,0,-2,0.0,0.0,-0.0
T13064,Dutch Social and Cultural Studies,2,0,-2,0.0,0.0,-0.0
T11478,Caching and Content Delivery,2,0,-2,0.0,0.0,-0.0
T12395,Educational Innovations and Technology,1,1,0,0.0,0.0,0.0
T13683,"Architecture, Art, Education",2,0,-2,0.0,0.0,-0.0
T13626,Educational and Organizational Development,1,1,0,0.0,0.0,0.0
T14080,"Philosophy, Sociology, Political Theory",2,0,-2,0.0,0.0,-0.0
T12217,Higher Education Teaching and Evaluation,2,0,-2,0.0,0.0,-0.0
T10817,Multicomponent Synthesis of Heterocycles,1,1,0,0.0,0.0,0.0
T14157,Environmental and Agricultural Sciences,2,0,-2,0.0,0.0,-0.0
T12368,Grey System Theory Applications,1,1,0,0.0,0.0,0.0
T13311,Sociology and Cultural Identity Studies,2,0,-2,0.0,0.0,-0.0
T13903,Innovative Educational Techniques,2,0,-2,0.0,0.0,-0.0
T13972,Business Law and Ethics,2,0,-2,0.0,0.0,-0.0
T13608,Advanced Computational Techniques in Science and Engineering,2,0,-2,0.0,0.0,-0.0
T14368,Evaluation and Optimization Models,2,0,-2,0.0,0.0,-0.0
T13830,Educational Curriculum and Learning Methods,2,0,-2,0.0,0.0,-0.0
T13358,Livestock Management and Performance Improvement,2,0,-2,0.0,0.0,-0.0
T13492,"Science, Technology, and Education in Latin America",1,1,0,0.0,0.0,0.0
T13987,Child Development and Education,1,1,0,0.0,0.0,0.0
T13848,Ottoman and Turkish Studies,2,0,-2,0.0,0.0,-0.0
T13281,Andrographolide Research and Applications,1,1,0,0.0,0.0,0.0
T13716,Communication Studies and Media,1,1,0,0.0,0.0,0.0
T13017,Zygmunt Bauman's Sociology,1,1,0,0.0,0.0,0.0
T14390,Real estate and construction management,0,2,2,0.0,0.0,0.0
T14097,Chemistry Education and Research,0,2,2,0.0,0.0,0.0
T14148,Kierkegaardian Philosophy and Influence,0,2,2,0.0,0.0,0.0
T12601,Web Applications and Data Management,0,2,2,0.0,0.0,0.0
T13790,Waste Management and Environmental Impact,0,2,2,0.0,0.0,0.0
T13805,Adolescent Health and Behaviors,0,2,2,0.0,0.0,0.0
T12864,Psychoanalysis and Social Critique,0,2,2,0.0,0.0,0.0
T13496,Advertising and Communication Studies,0,2,2,0.0,0.0,0.0
T13021,Geology and Environmental Impact Studies,0,2,2,0.0,0.0,0.0
T14436,Employee Performance and Leadership,0,2,2,0.0,0.0,0.0
T13468,Educational Research and Science Teaching,1,1,0,0.0,0.0,0.0
T13507,"Literature, Politics, and Exile Studies",1,1,0,0.0,0.0,0.0
T12637,Scarabaeidae Beetle Taxonomy and Biogeography,2,0,-2,0.0,0.0,-0.0
T11409,Advanced Wireless Network Optimization,2,0,-2,0.0,0.0,-0.0
T14029,Thoreau and American Literature,1,1,0,0.0,0.0,0.0
T14016,International Relations and Autism,2,0,-2,0.0,0.0,-0.0
T13741,Cross-Cultural and Social Analysis,0,2,2,0.0,0.0,0.0
T13772,Geomechanics and Mining Engineering,0,2,2,0.0,0.0,0.0
T13009,Agroforestry and silvopastoral systems,0,2,2,0.0,0.0,0.0
T13041,Contemporary Social and Economic Issues,0,2,2,0.0,0.0,0.0
T13611,"Education, Management, Technology, Human Resources",0,2,2,0.0,0.0,0.0
T14168,Occupational Health and Global Justice,0,2,2,0.0,0.0,0.0
T10437,Educational theories and practices,0,2,2,0.0,0.0,0.0
T14225,Advanced Sensor and Control Systems,1,0,-1,0.0,0.0,-0.0
T12277,Frequency Control in Power Systems,1,0,-1,0.0,0.0,-0.0
T13915,Public Health in Brazil,1,0,-1,0.0,0.0,-0.0
T13652,Education and Social Development in Ukraine,1,0,-1,0.0,0.0,-0.0
T14447,Trade Secret Protection Methods,1,0,-1,0.0,0.0,-0.0
T13635,Philosophy and Education Pedagogy,1,0,-1,0.0,0.0,-0.0
T12590,STEM Education,1,0,-1,0.0,0.0,-0.0
T13919,Medicinal plant effects and applications,1,0,-1,0.0,0.0,-0.0
T13817,"Tannin, Tannase and Anticancer Activities",1,0,-1,0.0,0.0,-0.0
T14073,Diverse Global Research Studies,1,0,-1,0.0,0.0,-0.0
T13892,Aquatic life and conservation,1,0,-1,0.0,0.0,-0.0
T14430,Higher Education and Teaching Methods,1,0,-1,0.0,0.0,-0.0
T14294,Impulse Buying and Technology Impacts,1,0,-1,0.0,0.0,-0.0
T13529,Education Systems and Policies,1,0,-1,0.0,0.0,-0.0
T13731,Advanced Computing and Algorithms,1,0,-1,0.0,0.0,-0.0
T14204,Railway Systems and Materials Science,1,0,-1,0.0,0.0,-0.0
T14264,"Law, Ethics, and AI Impact",1,0,-1,0.0,0.0,-0.0
T14407,Athletic Training and Education,1,0,-1,0.0,0.0,-0.0
T13436,Space Technology and Applications,1,0,-1,0.0,0.0,-0.0
T12370,Advances in Cucurbitaceae Research,1,0,-1,0.0,0.0,-0.0
T13485,Marine and Coastal Ecosystems,1,0,-1,0.0,0.0,-0.0
T14197,Historical Studies of Medieval Iberia,1,0,-1,0.0,0.0,-0.0
T12222,IoT-based Smart Home Systems,1,0,-1,0.0,0.0,-0.0
T14504,Diverse Academic Research Analysis,1,0,-1,0.0,0.0,-0.0
T12855,Peanut Plant Research Studies,1,0,-1,0.0,0.0,-0.0
T13274,Expert finding and Q&A systems,1,0,-1,0.0,0.0,-0.0
T13237,Socio-economic Development and Sustainability,0,1,1,0.0,0.0,0.0
T13606,Umberto Eco and Semiotics,0,1,1,0.0,0.0,0.0
T13918,Advanced Data and IoT Technologies,0,1,1,0.0,0.0,0.0
T14229,Physical education and sports games research,0,1,1,0.0,0.0,0.0
T13520,Architectural and Urban Studies,0,1,1,0.0,0.0,0.0
T14369,Diverse Interdisciplinary Research Innovations,0,1,1,0.0,0.0,0.0
T14505,Natural Products and Applications,0,1,1,0.0,0.0,0.0
T13299,Educational Leadership and Administration,0,1,1,0.0,0.0,0.0
T14216,Multimedia Learning Systems,0,1,1,0.0,0.0,0.0
T14405,Fisheries and Aquaculture Studies,0,1,1,0.0,0.0,0.0
T14359,Wetland Management and Conservation,0,1,1,0.0,0.0,0.0
T13969,Flooding and Environmental Impact,0,1,1,0.0,0.0,0.0
T13957,Corporate Governance and Financial Management,0,1,1,0.0,0.0,0.0
T14108,Medical and Pharmaceutic Studies,0,1,1,0.0,0.0,0.0
T13431,Education Methods and Integration,1,0,-1,0.0,0.0,-0.0
T14218,Engineering Education and Global Impact,1,0,-1,0.0,0.0,-0.0
T14375,"Cultural, Linguistic, Economic Studies",1,0,-1,0.0,0.0,-0.0
T14325,Diverse Specialized Academic Research,1,0,-1,0.0,0.0,-0.0
T13118,Psychological Treatments and Disorders,1,0,-1,0.0,0.0,-0.0
T12861,"Migration, Education, Indigenous Social Dynamics",1,0,-1,0.0,0.0,-0.0
T13482,Engineering Education and Technology,1,0,-1,0.0,0.0,-0.0
T14046,Bach Studies and Logistics Development,1,0,-1,0.0,0.0,-0.0
T14095,"Literature, Musicology, and Cultural Analysis",1,0,-1,0.0,0.0,-0.0
T14412,Marine and Coastal Research,1,0,-1,0.0,0.0,-0.0
T13348,Pancasila Values in Education,1,0,-1,0.0,0.0,-0.0
T13875,Legal Studies and Reforms,1,0,-1,0.0,0.0,-0.0
T14450,Employee Welfare and Language Studies,1,0,-1,0.0,0.0,-0.0
T14353,Wireless Sensor Networks for Data Analysis,1,0,-1,0.0,0.0,-0.0
T14044,Medical and Agricultural Research Studies,1,0,-1,0.0,0.0,-0.0
T11973,Plant chemical constituents analysis,1,0,-1,0.0,0.0,-0.0
T13907,Social Issues and Sustainability,1,0,-1,0.0,0.0,-0.0
T14471,"Education, Literature, Philosophy Research",1,0,-1,0.0,0.0,-0.0
T14058,Value Engineering and Management,1,0,-1,0.0,0.0,-0.0
T14175,Intuitionistic Fuzzy Systems Applications,1,0,-1,0.0,0.0,-0.0
T14188,Latin American Legal and Economic Studies,1,0,-1,0.0,0.0,-0.0
T13589,Literary and Cultural Studies,1,0,-1,0.0,0.0,-0.0
T14071,Healthcare during COVID-19 Pandemic,1,0,-1,0.0,0.0,-0.0
T13933,Whitehead's Philosophy and Applications,1,0,-1,0.0,0.0,-0.0
T13514,Experience-Based Knowledge Management,1,0,-1,0.0,0.0,-0.0
T13349,Educational Research and Analysis,1,0,-1,0.0,0.0,-0.0
T14037,Arabic Language Education Studies,1,0,-1,0.0,0.0,-0.0
T13407,Regional Development and Management Studies,1,0,-1,0.0,0.0,-0.0
T11527,3D IC and TSV technologies,1,0,-1,0.0,0.0,-0.0
T13680,"Education, Psychology, and Complexity Research",1,0,-1,0.0,0.0,-0.0
T13491,Social and Political Issues,1,0,-1,0.0,0.0,-0.0
T12757,Diverse Academia and Research Topics,1,0,-1,0.0,0.0,-0.0
T10796,Cooperative Communication and Network Coding,1,0,-1,0.0,0.0,-0.0
T12902,Public Policy and Governance,1,0,-1,0.0,0.0,-0.0
T13578,Stonefly species taxonomy and ecology,1,0,-1,0.0,0.0,-0.0
T14187,Varied Academic Research Topics,1,0,-1,0.0,0.0,-0.0
T13732,"Aerospace, Electronics, Mathematical Modeling",1,0,-1,0.0,0.0,-0.0
T12758,Saffron Plant Research Studies,1,0,-1,0.0,0.0,-0.0
T13027,Applied Advanced Technologies,1,0,-1,0.0,0.0,-0.0
T12597,Fire Detection and Safety Systems,1,0,-1,0.0,0.0,-0.0
T14153,Social Development and Education Research,1,0,-1,0.0,0.0,-0.0
T11889,Ginseng Biological Effects and Applications,1,0,-1,0.0,0.0,-0.0
T14213,Global Politics and Economy,1,0,-1,0.0,0.0,-0.0
T12563,History and Politics in Latin America,1,0,-1,0.0,0.0,-0.0
T14337,"Religious, Philosophical, and Educational Studies",1,0,-1,0.0,0.0,-0.0
T13559,Edcuational Technology Systems,1,0,-1,0.0,0.0,-0.0
T14318,Polydiacetylene-based materials and applications,1,0,-1,0.0,0.0,-0.0
T13820,SAS software applications and methods,1,0,-1,0.0,0.0,-0.0
T14042,Technology and Security Systems,1,0,-1,0.0,0.0,-0.0
T12164,Education Practices and Challenges,1,0,-1,0.0,0.0,-0.0
T13809,"Philosophy, Health, and Society",1,0,-1,0.0,0.0,-0.0
T12069,Commutative Algebra and Its Applications,1,0,-1,0.0,0.0,-0.0
T14497,Social Issues and Policies in Latin America,1,0,-1,0.0,0.0,-0.0
T14323,"Agriculture, Water, and Health",1,0,-1,0.0,0.0,-0.0
T14214,Space Exploration and Technology,1,0,-1,0.0,0.0,-0.0
T10651,"IPv6, Mobility, Handover, Networks, Security",1,0,-1,0.0,0.0,-0.0
T13684,Political Dynamics in Latin America,1,0,-1,0.0,0.0,-0.0
T14499,Livestock Farming and Management,1,0,-1,0.0,0.0,-0.0
T13664,Genome Rearrangement Algorithms,1,0,-1,0.0,0.0,-0.0
T14346,Scientific Innovation and Industrial Efficiency,1,0,-1,0.0,0.0,-0.0
T13255,"Business, Innovation, and Economy",1,0,-1,0.0,0.0,-0.0
T13610,"Society, Economy, and Ethics Research",0,1,1,0.0,0.0,0.0
T14490,Human Rights and Immigration,0,1,1,0.0,0.0,0.0
T14203,"Education, Safety, and Science Studies",0,1,1,0.0,0.0,0.0
T14121,Logistics and Transportation Systems,0,1,1,0.0,0.0,0.0
T13579,Image and Video Stabilization,0,1,1,0.0,0.0,0.0
T10964,Wireless Communication Security Techniques,0,1,1,0.0,0.0,0.0
T14107,Appalachian Studies and Mathematics,0,1,1,0.0,0.0,0.0
T12726,Philosophical and Cultural Analysis,0,1,1,0.0,0.0,0.0
T13403,Higher Education in Latin America,0,1,1,0.0,0.0,0.0
T14067,Cloud Computing and Remote Desktop Technologies,0,1,1,0.0,0.0,0.0
T14456,Blasting Impact and Analysis,0,1,1,0.0,0.0,0.0
T12710,Engineering and Agricultural Innovations,0,1,1,0.0,0.0,0.0
T14041,Central European Literary Studies,0,1,1,0.0,0.0,0.0
T12913,Multidisciplinary Research Papers Compilation,0,1,1,0.0,0.0,0.0
T11543,Employee Performance and Motivation,0,1,1,0.0,0.0,0.0
T14205,Education and Art Integration,0,1,1,0.0,0.0,0.0
T14234,Data Privacy and Cybersecurity,1,0,-1,0.0,0.0,-0.0
T12750,Nigella sativa pharmacological applications,1,0,-1,0.0,0.0,-0.0
T14366,Schopenhauer and Stefan Zweig,1,0,-1,0.0,0.0,-0.0
T13936,Physical Education and Gymnastics,1,0,-1,0.0,0.0,-0.0
T14273,"Cultural, Psychoanalytic, and Sociopolitical Reflections",1,0,-1,0.0,0.0,-0.0
T11709,Traditional Chinese Medicine Analysis,1,0,-1,0.0,0.0,-0.0
T13994,The Impact of Diversity and Innovation on Society,1,0,-1,0.0,0.0,-0.0
T13202,Pharmacology and Nanomedicine Research,1,0,-1,0.0,0.0,-0.0
T14083,Extremum Seeking Control Systems,1,0,-1,0.0,0.0,-0.0
T13932,"Education, Technology, and Economics",1,0,-1,0.0,0.0,-0.0
T13865,Nationalism and Cultural Identity,0,1,1,0.0,0.0,0.0
T13985,Enterprise Management and Information Systems,0,1,1,0.0,0.0,0.0
T12641,Historical and socio-economic studies of Spain and related regions,0,1,1,0.0,0.0,0.0
T13424,"Ukraine: War, Education, Health",0,1,1,0.0,0.0,0.0
T13868,Afro-Latin American Studies,0,1,1,0.0,0.0,0.0
T14266,"Interdisciplinary Studies: Technology, Society, and Humanities",0,1,1,0.0,0.0,0.0
T13249,Dielectric properties of ceramics,0,1,1,0.0,0.0,0.0
T14004,History and Cultural Heritage,0,1,1,0.0,0.0,0.0
T12833,Bartonella species infections research,0,1,1,0.0,0.0,0.0
T13152,French Language Learning Methods,0,1,1,0.0,0.0,0.0
T13449,Organizational Management and Change,0,1,1,0.0,0.0,0.0
T13421,"Contemporary art, education, critique",0,1,1,0.0,0.0,0.0
