topic_id,display_name,works_old,works_new,change,share_old,share_new,share_change_pts
T11475,French Urban and Social Studies,2179,445,-1734,0.0423,0.0087,-3.36
T10406,Planetary Science and Exploration,628,607,-21,0.0122,0.0118,-0.04
T13641,Historical Studies and Socio-cultural Analysis,1068,36,-1032,0.0207,0.0007,-2.0
T12909,French Historical and Cultural Studies,413,489,76,0.008,0.0095,0.15
T10325,Astro and Planetary Science,350,400,50,0.0068,0.0078,0.1
T11758,Organic and Molecular Conductors Research,397,347,-50,0.0077,0.0068,-0.09
T10045,Organic Electronics and Photovoltaics,292,339,47,0.0057,0.0066,0.09
T12409,Reformation and Early Modern Christianity,101,465,364,0.002,0.0091,0.71
T10150,Antifungal resistance and susceptibility,253,271,18,0.0049,0.0053,0.04
T13033,Social Sciences and Governance,468,41,-427,0.0091,0.0008,-0.83
T10061,Algebraic Geometry and Number Theory,168,337,169,0.0033,0.0066,0.33
T12454,European Political History Analysis,218,265,47,0.0042,0.0052,0.09
T13099,"Health, Medicine and Society",469,5,-464,0.0091,0.0001,-0.9
T10351,Liver Disease Diagnosis and Treatment,234,218,-16,0.0045,0.0042,-0.03
T10017,Geology and Paleoclimatology Research,350,102,-248,0.0068,0.002,-0.48
T10153,"Education, sociology, and vocational training",353,96,-257,0.0069,0.0019,-0.5
T13379,"Multiculturalism, Politics, Migration, Gender",431,16,-415,0.0084,0.0003,-0.81
T10649,Multiple Myeloma Research and Treatments,207,227,20,0.004,0.0044,0.04
T14186,Healthcare Systems and Practices,397,25,-372,0.0077,0.0005,-0.72
T10346,Magnetic confinement fusion research,404,4,-400,0.0078,0.0001,-0.78
T11025,Nonlinear Optical Materials Research,157,251,94,0.003,0.0049,0.18
T10476,Algal biology and biofuel production,222,176,-46,0.0043,0.0034,-0.09
T11395,Radiopharmaceutical Chemistry and Applications,154,241,87,0.003,0.0047,0.17
T10322,Respiratory Support and Mechanisms,179,215,36,0.0035,0.0042,0.07
T11578,Plant Pathogenic Bacteria Studies,179,212,33,0.0035,0.0041,0.07
T13070,Cultural Identity and Heritage,368,20,-348,0.0071,0.0004,-0.68
T10301,Mitochondrial Function and Pathology,202,185,-17,0.0039,0.0036,-0.03
T13695,"Aging, Elder Care, and Social Issues",287,79,-208,0.0056,0.0015,-0.4
T11132,Psychoanalysis and Psychopathology Research,269,88,-181,0.0052,0.0017,-0.35
T10055,Diverse Aspects of Tourism Research,75,260,185,0.0015,0.0051,0.36
T10686,Effects and risks of endocrine disrupting chemicals,128,203,75,0.0025,0.004,0.15
T12670,"Urbanism, Landscape, and Tourism Studies",27,303,276,0.0005,0.0059,0.54
T10063,Nanoparticle-Based Drug Delivery,103,225,122,0.002,0.0044,0.24
T10896,Homotopy and Cohomology in Algebraic Topology,139,183,44,0.0027,0.0036,0.09
T10234,Obstructive Sleep Apnea Research,153,166,13,0.003,0.0032,0.03
T10001,Geological and Geochemical Analysis,157,150,-7,0.003,0.0029,-0.01
T13396,Agriculture and Rural Development Research,270,37,-233,0.0052,0.0007,-0.45
T12862,Catholicism and Religious Studies,8,294,286,0.0002,0.0057,0.56
T10285,Venous Thromboembolism Diagnosis and Management,150,149,-1,0.0029,0.0029,-0.0
T10190,Air Quality and Health Impacts,156,139,-17,0.003,0.0027,-0.03
T10009,Dementia and Cognitive Impairment Research,72,222,150,0.0014,0.0043,0.29
T10084,Musculoskeletal pain and rehabilitation,192,102,-90,0.0037,0.002,-0.17
T10129,Glioma Diagnosis and Treatment,115,177,62,0.0022,0.0034,0.12
T10773,Extracellular vesicles in disease,126,150,24,0.0024,0.0029,0.05
T10277,Vitamin D Research Studies,136,131,-5,0.0026,0.0026,-0.01
T10076,Plant-Microbe Interactions and Immunity,87,180,93,0.0017,0.0035,0.18
T13739,Medieval and Early Modern Justice,116,145,29,0.0023,0.0028,0.06
T13970,Pharmacy and Medical Practices,1,255,254,0.0,0.005,0.49
T10185,Lymphoma Diagnosis and Treatment,116,140,24,0.0023,0.0027,0.05
T10988,Advanced Fiber Laser Technologies,138,108,-30,0.0027,0.0021,-0.06
T11786,Geomagnetism and Paleomagnetism Studies,128,116,-12,0.0025,0.0023,-0.02
T13888,Social Policies and Family,232,12,-220,0.0045,0.0002,-0.43
T10140,Food composition and properties,116,127,11,0.0023,0.0025,0.02
T10660,Conducting polymers and applications,147,94,-53,0.0029,0.0018,-0.1
T13315,Occupational Health and Safety in Workplaces,3,225,222,0.0001,0.0044,0.43
T10765,Marine Biology and Ecology Research,50,178,128,0.001,0.0035,0.25
T10926,Peripheral Artery Disease Management,114,113,-1,0.0022,0.0022,-0.0
T11788,Nonlinear Optical Materials Studies,112,113,1,0.0022,0.0022,0.0
T10309,Acute Myeloid Leukemia Research,122,101,-21,0.0024,0.002,-0.04
T14162,Historical and Literary Studies,214,3,-211,0.0042,0.0001,-0.41
T13807,Cultural Insights and Digital Impacts,213,4,-209,0.0041,0.0001,-0.41
T13497,Hermeneutics and Narrative Identity,215,1,-214,0.0042,0.0,-0.42
T11098,Seed Germination and Physiology,87,122,35,0.0017,0.0024,0.07
T11026,Occupational and environmental lung diseases,103,101,-2,0.002,0.002,-0.0
T13922,Historical Art and Culture Studies,119,80,-39,0.0023,0.0016,-0.08
T10197,Membrane Separation Technologies,84,115,31,0.0016,0.0022,0.06
T10870,Interstitial Lung Diseases and Idiopathic Pulmonary Fibrosis,93,105,12,0.0018,0.002,0.02
T11084,Workplace Health and Well-being,96,101,5,0.0019,0.002,0.01
T10605,Historical Economic and Social Studies,38,159,121,0.0007,0.0031,0.24
T10595,Medieval Literature and History,24,171,147,0.0005,0.0033,0.29
T10124,Prostate Cancer Diagnosis and Treatment,88,103,15,0.0017,0.002,0.03
T10875,Pesticide Exposure and Toxicity,72,118,46,0.0014,0.0023,0.09
T10100,Metaheuristic Optimization Algorithms Research,56,134,78,0.0011,0.0026,0.15
T10158,Cancer Immunotherapy and Biomarkers,72,117,45,0.0014,0.0023,0.09
T11330,Systemic Sclerosis and Related Diseases,87,101,14,0.0017,0.002,0.03
T10449,Renal cell carcinoma treatment,89,96,7,0.0017,0.0019,0.01
T10248,Nonlinear Waves and Solitons,69,111,42,0.0013,0.0022,0.08
T14021,Medieval European Literature and History,158,21,-137,0.0031,0.0004,-0.27
T10544,Glass properties and applications,93,86,-7,0.0018,0.0017,-0.01
T11316,Mycobacterium research and diagnosis,95,82,-13,0.0018,0.0016,-0.02
T10578,Supramolecular Chemistry and Complexes,37,139,102,0.0007,0.0027,0.2
T11125,Petri Nets in System Modeling,76,100,24,0.0015,0.0019,0.05
T10247,Perovskite Materials and Applications,85,87,2,0.0017,0.0017,0.0
T10294,Cell death mechanisms and regulation,60,112,52,0.0012,0.0022,0.1
T10825,Plant Pathogens and Fungal Diseases,79,91,12,0.0015,0.0018,0.02
T11152,Stochastic processes and statistical mechanics,56,111,55,0.0011,0.0022,0.11
T10088,Thermochemical Biomass Conversion Processes,76,90,14,0.0015,0.0018,0.03
T12585,North African History and Literature,81,85,4,0.0016,0.0017,0.01
T11553,Acne and Rosacea Treatments and Effects,83,82,-1,0.0016,0.0016,-0.0
T11002,Indoor Air Quality and Microbial Exposure,66,98,32,0.0013,0.0019,0.06
T12119,Linguistics and Discourse Analysis,149,14,-135,0.0029,0.0003,-0.26
T11628,Myeloproliferative Neoplasms: Diagnosis and Treatment,84,77,-7,0.0016,0.0015,-0.01
T10114,"Balance, Gait, and Falls Prevention",73,88,15,0.0014,0.0017,0.03
T14149,Historical and Literary Analyses,159,1,-158,0.0031,0.0,-0.31
T11020,Immune Cell Function and Interaction,116,42,-74,0.0023,0.0008,-0.14
T13570,Historical Education Studies Worldwide,18,140,122,0.0003,0.0027,0.24
T10116,Sperm and Testicular Function,54,103,49,0.001,0.002,0.1
T11247,Plant nutrient uptake and metabolism,91,61,-30,0.0018,0.0012,-0.06
T14379,Diverse Cultural and Historical Studies,152,0,-152,0.003,0.0,-0.3
T12559,French Literature and Critical Theory,20,127,107,0.0004,0.0025,0.21
T12853,Historical Geography and Geographical Thought,45,101,56,0.0009,0.002,0.11
T10165,Classical Antiquity Studies,58,88,30,0.0011,0.0017,0.06
T10345,Hematopoietic Stem Cell Transplantation,50,95,45,0.001,0.0019,0.09
T11513,stochastic dynamics and bifurcation,82,63,-19,0.0016,0.0012,-0.04
T10147,Antibiotic Resistance in Bacteria,73,69,-4,0.0014,0.0013,-0.01
T12157,Geochemistry and Geologic Mapping,122,19,-103,0.0024,0.0004,-0.2
T10423,Neurobiology and Insect Physiology Research,97,44,-53,0.0019,0.0009,-0.1
T10918,Memory Processes and Influences,46,95,49,0.0009,0.0019,0.1
T10122,Toxic Organic Pollutants Impact,70,70,0,0.0014,0.0014,0.0
T10913,Molecular Junctions and Nanostructures,102,37,-65,0.002,0.0007,-0.13
T10493,Ion channel regulation and function,53,86,33,0.001,0.0017,0.06
T10218,Sepsis Diagnosis and Treatment,61,78,17,0.0012,0.0015,0.03
T10451,Mycorrhizal Fungi and Plant Interactions,99,40,-59,0.0019,0.0008,-0.11
T10411,Proteins in Food Systems,58,79,21,0.0011,0.0015,0.04
T10567,Vehicle Routing Optimization Methods,81,56,-25,0.0016,0.0011,-0.05
T11410,Cultural Industries and Urban Development,56,81,25,0.0011,0.0016,0.05
T10071,Bone health and osteoporosis research,41,96,55,0.0008,0.0019,0.11
T10522,Medical Imaging Techniques and Applications,68,68,0,0.0013,0.0013,0.0
T13704,French Literature and Poetry,38,97,59,0.0007,0.0019,0.12
T14003,Labor Law and Work Dynamics,0,135,135,0.0,0.0026,0.26
T10570,Drug Transport and Resistance Mechanisms,63,70,7,0.0012,0.0014,0.01
T10496,Pharmaceutical Practices and Patient Outcomes,71,60,-11,0.0014,0.0012,-0.02
T10012,Genetic diversity and population structure,46,83,37,0.0009,0.0016,0.07
T10067,Stochastic processes and financial applications,69,60,-9,0.0013,0.0012,-0.02
T10413,High-pressure geophysics and materials,70,58,-12,0.0014,0.0011,-0.02
T13028,Literature and Culture Studies,111,17,-94,0.0022,0.0003,-0.18
T10697,Vasculitis and related conditions,64,64,0,0.0012,0.0012,0.0
T10184,Plant Molecular Biology Research,64,64,0,0.0012,0.0012,0.0
T10109,Paleontology and Stratigraphy of Fossils,24,103,79,0.0005,0.002,0.15
T11971,"World Wars: History, Literature, and Impact",10,115,105,0.0002,0.0022,0.2
T12924,Dermatological and Skeletal Disorders,66,59,-7,0.0013,0.0011,-0.01
T10956,Fullerene Chemistry and Applications,68,57,-11,0.0013,0.0011,-0.02
T11050,Photorefractive and Nonlinear Optics,42,80,38,0.0008,0.0016,0.07
T12803,Cinema History and Criticism,12,110,98,0.0002,0.0021,0.19
T10864,Fluid Dynamics and Mixing,46,74,28,0.0009,0.0014,0.05
T12982,Legal principles and applications,2,118,116,0.0,0.0023,0.23
T10199,Wildlife Ecology and Conservation,63,56,-7,0.0012,0.0011,-0.01
T11240,Luminescence and Fluorescent Materials,53,65,12,0.001,0.0013,0.02
T11821,Odor and Emission Control Technologies,63,55,-8,0.0012,0.0011,-0.02
T10756,Estrogen and related hormone effects,58,60,2,0.0011,0.0012,0.0
T12351,Geometry and complex manifolds,58,59,1,0.0011,0.0011,0.0
T11641,Insect and Pesticide Research,108,9,-99,0.0021,0.0002,-0.19
T10725,RNA Interference and Gene Delivery,70,47,-23,0.0014,0.0009,-0.04
T12275,Gender and Feminist Studies,3,114,111,0.0001,0.0022,0.22
T13667,French Literature and Criticism,15,101,86,0.0003,0.002,0.17
T10920,Advanced Drug Delivery Systems,35,80,45,0.0007,0.0016,0.09
T11244,Climate Change and Health Impacts,67,47,-20,0.0013,0.0009,-0.04
T10580,Immunotherapy and Immune Responses,51,63,12,0.001,0.0012,0.02
T10364,Reproductive Biology and Fertility,51,63,12,0.001,0.0012,0.02
T10090,ZnO doping and properties,52,61,9,0.001,0.0012,0.02
T13152,French Language Learning Methods,81,32,-49,0.0016,0.0006,-0.09
T14393,"Health, Environment, Cognitive Aging",69,43,-26,0.0013,0.0008,-0.05
T10073,Hepatocellular Carcinoma Treatment and Prognosis,62,50,-12,0.0012,0.001,-0.02
T13622,Historical and Environmental Studies,22,90,68,0.0004,0.0018,0.13
T10373,Renal Transplantation Outcomes and Treatments,49,62,13,0.001,0.0012,0.03
T12273,Latin American Urban Studies,50,61,11,0.001,0.0012,0.02
T12986,Administrative Law and Governance,0,111,111,0.0,0.0022,0.22
T10543,Prostate Cancer Treatment and Research,70,40,-30,0.0014,0.0008,-0.06
T13534,"Migration, Identity, and Health",82,28,-54,0.0016,0.0005,-0.1
T10041,COVID-19 Clinical Research Studies,44,65,21,0.0009,0.0013,0.04
T11673,Advanced Topics in Algebra,73,36,-37,0.0014,0.0007,-0.07
T10269,Epigenetics and DNA Methylation,48,61,13,0.0009,0.0012,0.03
T11022,Spectral Theory in Mathematical Physics,45,63,18,0.0009,0.0012,0.04
T10298,Urban Transport and Accessibility,46,62,16,0.0009,0.0012,0.03
T10333,Meat and Animal Product Quality,62,46,-16,0.0012,0.0009,-0.03
T10059,Bone Tissue Engineering Materials,49,58,9,0.001,0.0011,0.02
T11642,Genomics and Rare Diseases,43,63,20,0.0008,0.0012,0.04
T10178,Cancer survivorship and care,45,61,16,0.0009,0.0012,0.03
T11708,Photochromic and Fluorescence Chemistry,46,60,14,0.0009,0.0012,0.03
T11253,Nail Diseases and Treatments,59,46,-13,0.0011,0.0009,-0.02
T11353,Venomous Animal Envenomation and Studies,26,79,53,0.0005,0.0015,0.1
T12666,Historical Psychiatry and Medical Practices,21,84,63,0.0004,0.0016,0.12
T10118,SARS-CoV-2 and COVID-19 Research,49,55,6,0.001,0.0011,0.01
T14208,"Death, Funerary Practices, and Mourning",70,34,-36,0.0014,0.0007,-0.07
T11657,Digital and Traditional Archives Management,5,99,94,0.0001,0.0019,0.18
T14469,Renaissance Literature and Culture,30,73,43,0.0006,0.0014,0.08
T11010,"Logic, Reasoning, and Knowledge",50,53,3,0.001,0.001,0.01
T14238,Historical Gender and Feminism Studies,44,59,15,0.0009,0.0011,0.03
T10151,Hepatitis C virus research,50,53,3,0.001,0.001,0.01
T10375,Pharmacogenetics and Drug Metabolism,20,83,63,0.0004,0.0016,0.12
T10360,Fluid Dynamics and Turbulent Flows,34,68,34,0.0007,0.0013,0.07
T11575,Nonlinear Photonic Systems,45,57,12,0.0009,0.0011,0.02
T11882,Plant biochemistry and biosynthesis,32,69,37,0.0006,0.0013,0.07
T12369,Pneumocystis jirovecii pneumonia detection and treatment,51,50,-1,0.001,0.001,-0.0
T10631,"Cancer, Hypoxia, and Metabolism",62,39,-23,0.0012,0.0008,-0.04
T10783,Additive Manufacturing and 3D Printing Technologies,54,46,-8,0.001,0.0009,-0.02
T13296,Physical Education and Sports Studies,2,98,96,0.0,0.0019,0.19
T10392,Cutaneous Melanoma Detection and Management,46,54,8,0.0009,0.0011,0.02
T10155,Nitric Oxide and Endothelin Effects,40,60,20,0.0008,0.0012,0.04
T11491,CAR-T cell therapy research,67,33,-34,0.0013,0.0006,-0.07
T13205,Geological and Geophysical Studies Worldwide,68,32,-36,0.0013,0.0006,-0.07
T13135,"Communism, Protests, Social Movements",34,65,31,0.0007,0.0013,0.06
T13347,Christian Theology and Mission,11,88,77,0.0002,0.0017,0.15
T10836,Metabolomics and Mass Spectrometry Studies,51,47,-4,0.001,0.0009,-0.01
T10032,Marine and coastal ecosystems,47,51,4,0.0009,0.001,0.01
T12005,Spaceflight effects on biology,42,55,13,0.0008,0.0011,0.03
T10287,Algebraic structures and combinatorial models,66,31,-35,0.0013,0.0006,-0.07
T11546,Plant Physiology and Cultivation Studies,64,33,-31,0.0012,0.0006,-0.06
T10024,TiO2 Photocatalysis and Solar Cells,42,55,13,0.0008,0.0011,0.03
T11298,Synthesis and Properties of Aromatic Compounds,34,62,28,0.0007,0.0012,0.05
T13727,Linguistic and Sociocultural Studies,59,37,-22,0.0011,0.0007,-0.04
T12076,Renaissance and Early Modern Studies,28,68,40,0.0005,0.0013,0.08
T11111,Spectroscopy and Laser Applications,52,44,-8,0.001,0.0009,-0.02
T11846,Cultural Heritage Management and Preservation,7,88,81,0.0001,0.0017,0.16
T10240,Plant tissue culture and regeneration,55,40,-15,0.0011,0.0008,-0.03
T13443,Mineralogy and Gemology Studies,44,51,7,0.0009,0.001,0.01
T11109,Thermoregulation and physiological responses,77,17,-60,0.0015,0.0003,-0.12
T10337,Liver Disease and Transplantation,45,49,4,0.0009,0.001,0.01
T10950,Acute Lymphoblastic Leukemia research,41,53,12,0.0008,0.001,0.02
T14402,Political and Social Issues,90,3,-87,0.0017,0.0001,-0.17
T11280,Hemophilia Treatment and Research,43,50,7,0.0008,0.001,0.01
T10965,Geological formations and processes,39,54,15,0.0008,0.0011,0.03
T10016,Adsorption and biosorption for pollutant removal,33,60,27,0.0006,0.0012,0.05
T11468,Genetic Mapping and Diversity in Plants and Animals,13,80,67,0.0003,0.0016,0.13
T10340,Hepatitis B Virus Studies,47,46,-1,0.0009,0.0009,-0.0
T10683,Mass Spectrometry Techniques and Applications,44,49,5,0.0009,0.001,0.01
T11455,Microbial Inactivation Methods,42,51,9,0.0008,0.001,0.02
T12098,Rural development and sustainability,14,79,65,0.0003,0.0015,0.13
T10031,T-cell and B-cell Immunology,32,60,28,0.0006,0.0012,0.05
T11900,Fungal Plant Pathogen Control,77,15,-62,0.0015,0.0003,-0.12
T10163,Metal complexes synthesis and properties,63,29,-34,0.0012,0.0006,-0.07
T11716,Random Matrices and Applications,45,47,2,0.0009,0.0009,0.0
T12390,Comics and Graphic Narratives,33,59,26,0.0006,0.0011,0.05
T14475,History of Science and Medicine,10,82,72,0.0002,0.0016,0.14
T10303,Photosynthetic Processes and Mechanisms,49,43,-6,0.001,0.0008,-0.01
T10780,Reliability and Maintenance Optimization,28,63,35,0.0005,0.0012,0.07
T14386,"Libraries, Manuscripts, and Books",5,86,81,0.0001,0.0017,0.16
T12377,Digital Humanities and Scholarship,16,75,59,0.0003,0.0015,0.12
T12977,Spanish Literature and Culture Studies,12,79,67,0.0002,0.0015,0.13
T10422,Angiogenesis and VEGF in Cancer,34,55,21,0.0007,0.0011,0.04
T13575,Travel Writing and Literature,30,59,29,0.0006,0.0011,0.06
T10790,Heavy Metal Exposure and Toxicity,43,46,3,0.0008,0.0009,0.01
T11155,Toxoplasma gondii Research Studies,43,46,3,0.0008,0.0009,0.01
T10692,Urban Green Space and Health,41,47,6,0.0008,0.0009,0.01
T14395,African history and culture studies,51,37,-14,0.001,0.0007,-0.03
T10407,Lipid Membrane Structure and Behavior,50,37,-13,0.001,0.0007,-0.03
T11862,"Agriculture, Land Use, Rural Development",9,78,69,0.0002,0.0015,0.13
T13495,Biographical and Historical Analysis,0,86,86,0.0,0.0017,0.17
T10645,Cardiac Arrest and Resuscitation,48,37,-11,0.0009,0.0007,-0.02
T12253,Urban Agriculture and Sustainability,25,60,35,0.0005,0.0012,0.07
T12069,Commutative Algebra and Its Applications,42,43,1,0.0008,0.0008,0.0
T10254,Innovations in Medical Education,14,71,57,0.0003,0.0014,0.11
T12283,Latin American history and culture,30,54,24,0.0006,0.0011,0.05
T10507,Biodiesel Production and Applications,41,43,2,0.0008,0.0008,0.0
T10166,Mosquito-borne diseases and control,41,42,1,0.0008,0.0008,0.0
T11057,Cardiac Ischemia and Reperfusion,32,51,19,0.0006,0.001,0.04
T10096,Metal-Organic Frameworks: Synthesis and Applications,49,34,-15,0.001,0.0007,-0.03
T10433,Carcinogens and Genotoxicity Assessment,43,40,-3,0.0008,0.0008,-0.01
T14199,Historical and Scientific Studies,80,2,-78,0.0016,0.0,-0.15
T10588,Mathematical Dynamics and Fractals,43,39,-4,0.0008,0.0008,-0.01
T10837,Dermatology and Skin Diseases,39,43,4,0.0008,0.0008,0.01
T10612,Magnetism in coordination complexes,58,24,-34,0.0011,0.0005,-0.07
T10954,Peripheral Nerve Disorders,35,46,11,0.0007,0.0009,0.02
T11596,Constraint Satisfaction and Optimization,28,53,25,0.0005,0.001,0.05
T11420,Geographies of human-animal interactions,17,64,47,0.0003,0.0012,0.09
T10417,Lung Cancer Treatments and Mutations,41,40,-1,0.0008,0.0008,-0.0
T10139,Heavy metals in environment,30,51,21,0.0006,0.001,0.04
T11016,Monoclonal and Polyclonal Antibodies Research,45,36,-9,0.0009,0.0007,-0.02
T11796,Horticultural and Viticultural Research,73,8,-65,0.0014,0.0002,-0.13
T12248,Water Governance and Infrastructure,31,50,19,0.0006,0.001,0.04
T10239,Urban Planning and Governance,2,79,77,0.0,0.0015,0.15
T14300,Legal and Social Philosophy,68,12,-56,0.0013,0.0002,-0.11
T10855,Amyotrophic Lateral Sclerosis Research,44,36,-8,0.0009,0.0007,-0.02
T12471,History of Science and Natural History,9,71,62,0.0002,0.0014,0.12
T12414,Coastal and Marine Management,19,61,42,0.0004,0.0012,0.08
T10014,Plant Stress Responses and Tolerance,35,45,10,0.0007,0.0009,0.02
T13427,Latin American Literature Analysis,3,77,74,0.0001,0.0015,0.14
T10319,"Conservation, Biodiversity, and Resource Management",25,54,29,0.0005,0.0011,0.06
T10015,Genomics and Phylogenetic Studies,34,45,11,0.0007,0.0009,0.02
T10747,Disaster Management and Resilience,18,61,43,0.0003,0.0012,0.08
T13356,Early Modern Women Writers,31,47,16,0.0006,0.0009,0.03
T12767,Conflict of Laws and Jurisdiction,28,50,22,0.0005,0.001,0.04
T10206,Meta-analysis and systematic reviews,36,42,6,0.0007,0.0008,0.01
T10976,Viral gastroenteritis research and epidemiology,44,34,-10,0.0009,0.0007,-0.02
T12176,Optimization and Packing Problems,37,41,4,0.0007,0.0008,0.01
T11925,Culinary Culture and Tourism,38,40,2,0.0007,0.0008,0.0
T10174,Animal Behavior and Reproduction,36,42,6,0.0007,0.0008,0.01
T12798,Religious Tourism and Spaces,50,27,-23,0.001,0.0005,-0.04
T12374,European and International Contract Law,41,36,-5,0.0008,0.0007,-0.01
T10329,Thyroid Cancer Diagnosis and Treatment,38,39,1,0.0007,0.0008,0.0
T11772,Genetics and Neurodevelopmental Disorders,27,49,22,0.0005,0.001,0.04
T10497,Fungal and yeast genetics research,28,48,20,0.0005,0.0009,0.04
T10647,Coastal and Marine Dynamics,18,58,40,0.0003,0.0011,0.08
T10376,Suicide and Self-Harm Studies,31,45,14,0.0006,0.0009,0.03
T12858,Plant Disease Resistance and Genetics,30,46,16,0.0006,0.0009,0.03
T10566,Laser-Matter Interactions and Applications,50,26,-24,0.001,0.0005,-0.05
T10110,earthquake and tectonic studies,48,28,-20,0.0009,0.0005,-0.04
T10949,Genetic Neurodegenerative Diseases,43,33,-10,0.0008,0.0006,-0.02
T10168,COVID-19 and Mental Health,39,36,-3,0.0008,0.0007,-0.01
T12736,Criminal Justice and Penology,2,73,71,0.0,0.0014,0.14
T11750,Phytoplasmas and Hemiptera pathogens,36,38,2,0.0007,0.0007,0.0
T10684,Acute Kidney Injury Research,27,47,20,0.0005,0.0009,0.04
T10172,Cardiac Valve Diseases and Treatments,38,36,-2,0.0007,0.0007,-0.0
T11507,Religion and Society Interactions,14,60,46,0.0003,0.0012,0.09
T10117,Advanced Combustion Engine Technologies,36,37,1,0.0007,0.0007,0.0
T10208,Labor market dynamics and wage inequality,31,42,11,0.0006,0.0008,0.02
T11036,Antibiotics Pharmacokinetics and Efficacy,36,37,1,0.0007,0.0007,0.0
T10358,Advanced Radiotherapy Techniques,28,45,17,0.0005,0.0009,0.03
T14479,Freezing and Crystallization Processes,33,40,7,0.0006,0.0008,0.01
T10616,Smart Agriculture and AI,22,50,28,0.0004,0.001,0.05
T14062,Migration and Exile Studies,40,32,-8,0.0008,0.0006,-0.02
T10745,Heart Rate Variability and Autonomic Control,32,40,8,0.0006,0.0008,0.02
T11270,Complex Systems and Time Series Analysis,39,33,-6,0.0008,0.0006,-0.01
T11964,Pregnancy and Medication Impact,44,28,-16,0.0009,0.0005,-0.03
T10613,Virus-based gene therapy research,41,31,-10,0.0008,0.0006,-0.02
T13370,Diverse Scientific and Economic Studies,71,1,-70,0.0014,0.0,-0.14
T12219,Canadian Identity and History,50,22,-28,0.001,0.0004,-0.05
T10665,Cystic Fibrosis Research Advances,35,37,2,0.0007,0.0007,0.0
T11141,Childhood Cancer Survivors' Quality of Life,39,32,-7,0.0008,0.0006,-0.01
T10786,Maternal Mental Health During Pregnancy and Postpartum,36,35,-1,0.0007,0.0007,-0.0
T10903,Porphyrin and Phthalocyanine Chemistry,44,27,-17,0.0009,0.0005,-0.03
T12396,Advanced Differential Equations and Dynamical Systems,58,13,-45,0.0011,0.0003,-0.09
T10291,Dialysis and Renal Disease Management,24,46,22,0.0005,0.0009,0.04
T10307,Head and Neck Cancer Studies,33,37,4,0.0006,0.0007,0.01
T12777,"Philosophy, History, and Historiography",2,68,66,0.0,0.0013,0.13
T10042,Neural and Behavioral Psychology Studies,27,43,16,0.0005,0.0008,0.03
T10823,Research on Leishmaniasis Studies,33,37,4,0.0006,0.0007,0.01
T10452,Iron Metabolism and Disorders,33,37,4,0.0006,0.0007,0.01
T10471,Climate Change Policy and Economics,27,42,15,0.0005,0.0008,0.03
T11151,Advanced Topology and Set Theory,34,35,1,0.0007,0.0007,0.0
T11389,Maternal and fetal healthcare,37,31,-6,0.0007,0.0006,-0.01
T12175,Social Representations and Identity,38,30,-8,0.0007,0.0006,-0.02
T10271,Seismic Imaging and Inversion Techniques,37,31,-6,0.0007,0.0006,-0.01
T10754,Neuroendocrine Tumor Research Advances,42,26,-16,0.0008,0.0005,-0.03
T12163,Aerosol Filtration and Electrostatic Precipitation,37,31,-6,0.0007,0.0006,-0.01
T13096,Family and Matrimonial Law,6,62,56,0.0001,0.0012,0.11
T10693,Blood transfusion and management,27,40,13,0.0005,0.0008,0.03
T10650,Food Drying and Modeling,25,42,17,0.0005,0.0008,0.03
T10263,Eating Disorders and Behaviors,31,36,5,0.0006,0.0007,0.01
T11219,Bone Metabolism and Diseases,18,49,31,0.0003,0.001,0.06
T11421,Labor Movements and Unions,13,54,41,0.0003,0.0011,0.08
T13088,Legal and Labor Studies,25,42,17,0.0005,0.0008,0.03
T10035,Phytochemicals and Antioxidant Activities,30,37,7,0.0006,0.0007,0.01
T10611,Organic Light-Emitting Diodes Research,30,37,7,0.0006,0.0007,0.01
T11324,Spectroscopy Techniques in Biomedical and Chemical Research,35,32,-3,0.0007,0.0006,-0.01
T10785,Economic Theory and Institutions,34,33,-1,0.0007,0.0006,-0.0
T12087,Natural Compound Pharmacology Studies,43,24,-19,0.0008,0.0005,-0.04
T13103,Middle East Politics and Society,36,30,-6,0.0007,0.0006,-0.01
T10453,Maternal and Perinatal Health Interventions,29,37,8,0.0006,0.0007,0.02
T10308,Systemic Lupus Erythematosus Research,30,36,6,0.0006,0.0007,0.01
T11681,Nosocomial Infections in ICU,33,33,0,0.0006,0.0006,0.0
T12343,Geography Education and Pedagogy,11,55,44,0.0002,0.0011,0.09
T11470,Legume Nitrogen Fixing Symbiosis,54,12,-42,0.001,0.0002,-0.08
T10349,Migration and Labor Dynamics,17,49,32,0.0003,0.001,0.06
T10746,Platelet Disorders and Treatments,30,35,5,0.0006,0.0007,0.01
T10216,"Migration, Refugees, and Integration",3,62,59,0.0001,0.0012,0.11
T13332,"Historical Studies on Reproduction, Gender, Health, and Societal Changes",24,41,17,0.0005,0.0008,0.03
T12006,Ergonomics and Musculoskeletal Disorders,6,59,53,0.0001,0.0011,0.1
T10143,Chronic Obstructive Pulmonary Disease (COPD) Research,37,28,-9,0.0007,0.0005,-0.02
T11097,Cerebral Palsy and Movement Disorders,37,28,-9,0.0007,0.0005,-0.02
T11937,Research Data Management Practices,16,49,33,0.0003,0.001,0.06
T13556,Historical Influence and Diplomacy,30,34,4,0.0006,0.0007,0.01
T11757,Seismic Waves and Analysis,27,37,10,0.0005,0.0007,0.02
T13911,"Employment, Labor, and Gender Studies",4,60,56,0.0001,0.0012,0.11
T11624,Constructed Wetlands for Wastewater Treatment,32,32,0,0.0006,0.0006,0.0
T10447,Environmental Toxicology and Ecotoxicology,17,47,30,0.0003,0.0009,0.06
T12093,Greenhouse Technology and Climate Control,34,30,-4,0.0007,0.0006,-0.01
T10306,Liquid Crystal Research Advancements,42,22,-20,0.0008,0.0004,-0.04
T12020,Enhanced Recovery After Surgery,33,30,-3,0.0006,0.0006,-0.01
T10759,Translation Studies and Practices,18,45,27,0.0003,0.0009,0.05
T12514,Fashion and Cultural Textiles,15,48,33,0.0003,0.0009,0.06
T10874,Electromagnetic Fields and Biological Effects,24,38,14,0.0005,0.0007,0.03
T12624,Maritime and Coastal Archaeology,32,30,-2,0.0006,0.0006,-0.0
T10094,Epilepsy research and treatment,29,33,4,0.0006,0.0006,0.01
T10397,Nutrition and Health in Aging,38,24,-14,0.0007,0.0005,-0.03
T10066,Gut microbiota and health,30,32,2,0.0006,0.0006,0.0
T11434,Electrochemical Analysis and Applications,29,32,3,0.0006,0.0006,0.01
T10474,Material Dynamics and Properties,24,36,12,0.0005,0.0007,0.02
T10535,Landslides and related hazards,28,32,4,0.0005,0.0006,0.01
T12401,Scheduling and Timetabling Solutions,50,10,-40,0.001,0.0002,-0.08
T11313,Immune cells in cancer,30,30,0,0.0006,0.0006,0.0
T10419,Pharmaceutical and Antibiotic Environmental Impacts,38,22,-16,0.0007,0.0004,-0.03
T11635,Poisoning and overdose treatments,24,36,12,0.0005,0.0007,0.02
T11725,Immunodeficiency and Autoimmune Disorders,27,33,6,0.0005,0.0006,0.01
T11157,Chronic Lymphocytic Leukemia Research,47,13,-34,0.0009,0.0003,-0.07
T10916,Surgical Simulation and Training,32,28,-4,0.0006,0.0005,-0.01
T13006,Spanish History and Politics,16,43,27,0.0003,0.0008,0.05
T11055,Cardiac and Coronary Surgery Techniques,26,33,7,0.0005,0.0006,0.01
T12331,Hereditary Neurological Disorders,20,39,19,0.0004,0.0008,0.04
T13512,Spatial and Cultural Studies,2,57,55,0.0,0.0011,0.11
T11066,Organic Food and Agriculture,19,40,21,0.0004,0.0008,0.04
T10293,Thyroid Disorders and Treatments,30,29,-1,0.0006,0.0006,-0.0
T10378,Advanced MRI Techniques and Applications,30,29,-1,0.0006,0.0006,-0.0
T12470,Caribbean and African Literature and Culture,42,17,-25,0.0008,0.0003,-0.05
T10464,Crystal structures of chemical compounds,12,47,35,0.0002,0.0009,0.07
T10748,Growth Hormone and Insulin-like Growth Factors,33,26,-7,0.0006,0.0005,-0.01
T10809,Occupational Health and Safety Research,54,5,-49,0.001,0.0001,-0.1
T11818,Nicotinic Acetylcholine Receptors Study,19,39,20,0.0004,0.0008,0.04
T10336,Cancer Cells and Metastasis,35,23,-12,0.0007,0.0004,-0.02
T11077,Genetic and Clinical Aspects of Sex Determination and Chromosomal Abnormalities,34,24,-10,0.0007,0.0005,-0.02
T10332,Amphibian and Reptile Biology,35,23,-12,0.0007,0.0004,-0.02
T11827,Polyomavirus and related diseases,31,27,-4,0.0006,0.0005,-0.01
T10434,Chromosomal and Genetic Variations,19,39,20,0.0004,0.0008,0.04
T10225,Essential Oils and Antimicrobial Activity,20,38,18,0.0004,0.0007,0.04
T10226,Land Use and Ecosystem Services,33,25,-8,0.0006,0.0005,-0.02
T11648,"Diaspora, migration, transnational identity",6,52,46,0.0001,0.001,0.09
T11536,Consumer Retail Behavior Studies,23,35,12,0.0004,0.0007,0.02
T10418,Pelvic floor disorders treatments,31,26,-5,0.0006,0.0005,-0.01
T14451,Historical and Religious Studies of Rome,29,28,-1,0.0006,0.0005,-0.0
T12457,Ecocriticism and Environmental Literature,10,47,37,0.0002,0.0009,0.07
T11505,Reproductive biology and impacts on aquatic species,23,34,11,0.0004,0.0007,0.02
T11746,Inorganic and Organometallic Chemistry,13,44,31,0.0003,0.0009,0.06
T11645,"Urban, Neighborhood, and Segregation Studies",9,48,39,0.0002,0.0009,0.08
T11000,Infection Control in Healthcare,17,39,22,0.0003,0.0008,0.04
T12743,Spanish Culture and Identity,32,24,-8,0.0006,0.0005,-0.02
T13156,Historical Linguistics and Language Studies,37,19,-18,0.0007,0.0004,-0.03
T10352,Physical Activity and Health,21,35,14,0.0004,0.0007,0.03
T11794,Early Modern Spanish Literature,21,35,14,0.0004,0.0007,0.03
T10473,Postharvest Quality and Shelf Life Management,24,32,8,0.0005,0.0006,0.02
T11060,Infant Development and Preterm Care,24,32,8,0.0005,0.0006,0.02
T10416,Traumatic Brain Injury Research,26,30,4,0.0005,0.0006,0.01
T10005,Ecology and Vegetation Dynamics Studies,16,40,24,0.0003,0.0008,0.05
T11027,Metabolism and Genetic Disorders,27,29,2,0.0005,0.0006,0.0
T10039,"Stellar, planetary, and galactic studies",23,33,10,0.0004,0.0006,0.02
T10370,Traffic and Road Safety,7,49,42,0.0001,0.001,0.08
T12422,Radiomics and Machine Learning in Medical Imaging,30,26,-4,0.0006,0.0005,-0.01
T11011,Frailty in Older Adults,37,18,-19,0.0007,0.0004,-0.04
T10924,Cardiovascular Health and Disease Prevention,21,34,13,0.0004,0.0007,0.03
T11235,Statistical Methods in Clinical Trials,20,35,15,0.0004,0.0007,0.03
T13177,Geological and Geophysical Studies,12,43,31,0.0002,0.0008,0.06
T11983,"Identity, Memory, and Therapy",41,14,-27,0.0008,0.0003,-0.05
T10998,Heat Transfer and Optimization,23,32,9,0.0004,0.0006,0.02
T11431,Action Observation and Synchronization,48,7,-41,0.0009,0.0001,-0.08
T10978,Prenatal Screening and Diagnostics,46,9,-37,0.0009,0.0002,-0.07
T10895,Species Distribution and Climate Change,38,17,-21,0.0007,0.0003,-0.04
T10661,biodegradable polymer synthesis and properties,35,20,-15,0.0007,0.0004,-0.03
T10832,Pituitary Gland Disorders and Treatments,27,28,1,0.0005,0.0005,0.0
T10284,Anaerobic Digestion and Biogas Production,21,33,12,0.0004,0.0006,0.02
T12632,Visual Culture and Art Theory,5,49,44,0.0001,0.001,0.09
T10266,Plant Water Relations and Carbon Dynamics,27,27,0,0.0005,0.0005,0.0
T10211,Computational Drug Discovery Methods,23,31,8,0.0004,0.0006,0.02
T12783,"Migration, Aging, and Tourism Studies",31,22,-9,0.0006,0.0004,-0.02
T12999,Medieval History and Crusades,29,24,-5,0.0006,0.0005,-0.01
T11680,Advanced Algebra and Geometry,26,27,1,0.0005,0.0005,0.0
T11238,Simulation-Based Education in Healthcare,19,34,15,0.0004,0.0007,0.03
T12739,Historical Studies on Spain,29,24,-5,0.0006,0.0005,-0.01
T12336,Insect Utilization and Effects,28,25,-3,0.0005,0.0005,-0.01
T13421,"Contemporary art, education, critique",53,0,-53,0.001,0.0,-0.1
T11379,Rheology and Fluid Dynamics Studies,23,30,7,0.0004,0.0006,0.01
T11791,Microbial Community Ecology and Physiology,36,17,-19,0.0007,0.0003,-0.04
T10640,Spectroscopy and Chemometric Analyses,21,32,11,0.0004,0.0006,0.02
T11287,Cancer Genomics and Diagnostics,31,22,-9,0.0006,0.0004,-0.02
T11662,Legal Cases and Commentary,5,48,43,0.0001,0.0009,0.08
T10007,Monetary Policy and Economic Impact,17,35,18,0.0003,0.0007,0.04
T11419,Supramolecular Self-Assembly in Materials,27,25,-2,0.0005,0.0005,-0.0
T12444,"Art, Politics, and Modernism",5,47,42,0.0001,0.0009,0.08
T10385,Plant Diversity and Evolution,25,27,2,0.0005,0.0005,0.0
T12636,Regional Development and Innovation,21,31,10,0.0004,0.0006,0.02
T11720,Probability and Risk Models,13,39,26,0.0003,0.0008,0.05
T10509,"Religion, Spirituality, and Psychology",22,30,8,0.0004,0.0006,0.02
T11037,Fungal Infections and Studies,24,28,4,0.0005,0.0005,0.01
T10212,Electrochemical sensors and biosensors,26,25,-1,0.0005,0.0005,-0.0
T10372,Cardiac Imaging and Diagnostics,25,26,1,0.0005,0.0005,0.0
T10519,Advanced Proteomics Techniques and Applications,25,26,1,0.0005,0.0005,0.0
T12528,"IL-33, ST2, and ILC Pathways",30,21,-9,0.0006,0.0004,-0.02
T11629,"Birth, Development, and Health",31,20,-11,0.0006,0.0004,-0.02
T13060,Adventure Sports and Sensation Seeking,24,27,3,0.0005,0.0005,0.01
T10177,Palliative Care and End-of-Life Issues,14,37,23,0.0003,0.0007,0.04
T10077,Neuroscience and Neuropharmacology Research,12,38,26,0.0002,0.0007,0.05
T10885,Gene expression and cancer classification,31,19,-12,0.0006,0.0004,-0.02
T12048,Microencapsulation and Drying Processes,20,30,10,0.0004,0.0006,0.02
T10937,"Telomeres, Telomerase, and Senescence",18,32,14,0.0003,0.0006,0.03
T10136,Statistical Methods and Inference,24,26,2,0.0005,0.0005,0.0
T10609,Digital Marketing and Social Media,33,17,-16,0.0006,0.0003,-0.03
T10995,Methane Hydrates and Related Phenomena,37,13,-24,0.0007,0.0003,-0.05
T10898,Environmental Education and Sustainability,25,25,0,0.0005,0.0005,0.0
T11700,Hemodynamic Monitoring and Therapy,28,21,-7,0.0005,0.0004,-0.01
T11221,Bone health and treatments,40,9,-31,0.0008,0.0002,-0.06
T10935,Endometriosis Research and Treatment,26,23,-3,0.0005,0.0004,-0.01
T13802,Vietnamese History and Culture Studies,35,14,-21,0.0007,0.0003,-0.04
T10897,Antibiotic Use and Resistance,22,27,5,0.0004,0.0005,0.01
T10942,"Sports, Gender, and Society",22,27,5,0.0004,0.0005,0.01
T10689,Remote-Sensing Image Classification,14,35,21,0.0003,0.0007,0.04
T10062,MicroRNA in disease regulation,27,22,-5,0.0005,0.0004,-0.01
T12561,bioluminescence and chemiluminescence research,28,21,-7,0.0005,0.0004,-0.01
T11435,Polynomial and algebraic computation,32,17,-15,0.0006,0.0003,-0.03
T10401,Diabetes Treatment and Management,28,21,-7,0.0005,0.0004,-0.01
T10465,Neurobiology of Language and Bilingualism,27,22,-5,0.0005,0.0004,-0.01
T10966,Liver physiology and pathology,21,28,7,0.0004,0.0005,0.01
T11293,Orthopedic Infections and Treatments,25,24,-1,0.0005,0.0005,-0.0
T11893,German Literature and Culture Studies,20,28,8,0.0004,0.0005,0.02
T12063,Heat and Mass Transfer in Porous Media,13,35,22,0.0003,0.0007,0.04
T10990,Infection Control and Ventilation,29,19,-10,0.0006,0.0004,-0.02
T12629,Island Studies and Pacific Affairs,27,21,-6,0.0005,0.0004,-0.01
T11356,Pleural and Pulmonary Diseases,22,26,4,0.0004,0.0005,0.01
T12645,European history and politics,27,21,-6,0.0005,0.0004,-0.01
T12678,Themes in Literature Analysis,8,40,32,0.0002,0.0008,0.06
T11001,Renin-Angiotensin System Studies,20,28,8,0.0004,0.0005,0.02
T10043,Substance Abuse Treatment and Outcomes,9,39,30,0.0002,0.0008,0.06
T10498,Migraine and Headache Studies,22,26,4,0.0004,0.0005,0.01
T10252,Microbial Natural Products and Biosynthesis,16,32,16,0.0003,0.0006,0.03
T13162,African Studies and Ethnography,41,7,-34,0.0008,0.0001,-0.07
T10585,Family Dynamics and Relationships,5,43,38,0.0001,0.0008,0.07
T10833,Vaccine Coverage and Hesitancy,21,27,6,0.0004,0.0005,0.01
T10253,Sarcoma Diagnosis and Treatment,17,30,13,0.0003,0.0006,0.03
T10127,"Banking stability, regulation, efficiency",27,20,-7,0.0005,0.0004,-0.01
T10051,Asthma and respiratory diseases,13,34,21,0.0003,0.0007,0.04
T14191,Historical Art and Architecture Studies,10,37,27,0.0002,0.0007,0.05
T12859,Cell Image Analysis Techniques,34,13,-21,0.0007,0.0003,-0.04
T10876,Fault Detection and Control Systems,28,19,-9,0.0005,0.0004,-0.02
T11811,Cutaneous lymphoproliferative disorders research,26,21,-5,0.0005,0.0004,-0.01
T11113,Music History and Culture,10,37,27,0.0002,0.0007,0.05
T11407,Innovative Microfluidic and Catalytic Techniques Innovation,27,20,-7,0.0005,0.0004,-0.01
T10695,Parasites and Host Interactions,26,21,-5,0.0005,0.0004,-0.01
T14080,"Philosophy, Sociology, Political Theory",44,3,-41,0.0009,0.0001,-0.08
T10435,Environmental Impact and Sustainability,15,32,17,0.0003,0.0006,0.03
T11740,Geochemistry and Elemental Analysis,20,27,7,0.0004,0.0005,0.01
T11950,Cardiovascular Syncope and Autonomic Disorders,25,22,-3,0.0005,0.0004,-0.01
T11306,Nonmelanoma Skin Cancer Studies,21,26,5,0.0004,0.0005,0.01
T12073,Isotope Analysis in Ecology,38,9,-29,0.0007,0.0002,-0.06
T12399,Wine Industry and Tourism,30,16,-14,0.0006,0.0003,-0.03
T10932,Microbial Metabolic Engineering and Bioproduction,28,18,-10,0.0005,0.0004,-0.02
T12475,Plant Parasitism and Resistance,30,16,-14,0.0006,0.0003,-0.03
T11390,Seaweed-derived Bioactive Compounds,20,26,6,0.0004,0.0005,0.01
T11752,Cancer Treatment and Pharmacology,37,9,-28,0.0007,0.0002,-0.05
T10977,Optical Imaging and Spectroscopy Techniques,7,39,32,0.0001,0.0008,0.06
T11108,Municipal Solid Waste Management,7,39,32,0.0001,0.0008,0.06
T11315,Phase-change materials and chalcogenides,25,21,-4,0.0005,0.0004,-0.01
T11551,Infective Endocarditis Diagnosis and Management,21,25,4,0.0004,0.0005,0.01
T11156,Reproductive Health and Technologies,29,17,-12,0.0006,0.0003,-0.02
T11178,Receptor Mechanisms and Signaling,22,24,2,0.0004,0.0005,0.0
T10602,Glycosylation and Glycoproteins Research,26,20,-6,0.0005,0.0004,-0.01
T11274,Botulinum Toxin and Related Neurological Disorders,30,16,-14,0.0006,0.0003,-0.03
T10675,Mechanical Circulatory Support Devices,28,18,-10,0.0005,0.0004,-0.02
T10753,Microplastics and Plastic Pollution,27,18,-9,0.0005,0.0004,-0.02
T10236,Aquatic Ecosystems and Phytoplankton Dynamics,25,20,-5,0.0005,0.0004,-0.01
T11573,Risk Perception and Management,12,33,21,0.0002,0.0006,0.04
T12167,Bacterial Identification and Susceptibility Testing,20,25,5,0.0004,0.0005,0.01
T10798,Crystallography and molecular interactions,17,28,11,0.0003,0.0005,0.02
T11129,Photochemistry and Electron Transfer Studies,22,23,1,0.0004,0.0004,0.0
T12144,"Colonialism, slavery, and trade",25,20,-5,0.0005,0.0004,-0.01
T11180,Pesticide and Herbicide Environmental Studies,23,22,-1,0.0004,0.0004,-0.0
T11493,Water Treatment and Disinfection,20,25,5,0.0004,0.0005,0.01
T10841,Economic and Environmental Valuation,28,17,-11,0.0005,0.0003,-0.02
T11373,Sleep and Work-Related Fatigue,16,29,13,0.0003,0.0006,0.03
T10292,Acute Myocardial Infarction Research,20,25,5,0.0004,0.0005,0.01
T10608,Neurogenesis and neuroplasticity mechanisms,23,22,-1,0.0004,0.0004,-0.0
T12690,Cross-Border Cooperation and Integration,16,29,13,0.0003,0.0006,0.03
T10103,Reading and Literacy Development,21,23,2,0.0004,0.0004,0.0
T10698,Transportation Planning and Optimization,10,34,24,0.0002,0.0007,0.05
T13167,"Historical, Literary, and Cultural Studies",11,33,22,0.0002,0.0006,0.04
T11184,Neonatal and fetal brain pathology,23,21,-2,0.0004,0.0004,-0.0
T10334,"Hearing, Cochlea, Tinnitus, Genetics",18,26,8,0.0003,0.0005,0.02
T10085,Parkinson's Disease Mechanisms and Treatments,18,26,8,0.0003,0.0005,0.02
T10800,Forensic Toxicology and Drug Analysis,16,28,12,0.0003,0.0005,0.02
T10086,Alzheimer's disease research and treatments,12,32,20,0.0002,0.0006,0.04
T10587,Autophagy in Disease and Therapy,20,24,4,0.0004,0.0005,0.01
T10137,Multiple Sclerosis Research Studies,17,27,10,0.0003,0.0005,0.02
T11985,Marine Toxins and Detection Methods,22,22,0,0.0004,0.0004,0.0
T11013,Skin Protection and Aging,24,20,-4,0.0005,0.0004,-0.01
T12417,Morphological variations and asymmetry,21,23,2,0.0004,0.0004,0.0
T11279,Lanthanide and Transition Metal Complexes,22,22,0,0.0004,0.0004,0.0
T10991,Game Theory and Voting Systems,16,28,12,0.0003,0.0005,0.02
T10135,Insect-Plant Interactions and Control,16,28,12,0.0003,0.0005,0.02
T10290,Pregnancy and preeclampsia studies,24,20,-4,0.0005,0.0004,-0.01
T11380,Child Welfare and Adoption,12,31,19,0.0002,0.0006,0.04
T10250,Glaucoma and retinal disorders,16,27,11,0.0003,0.0005,0.02
T13714,Medieval Architecture and Archaeology,14,29,15,0.0003,0.0006,0.03
T10058,Entrepreneurship Studies and Influences,14,29,15,0.0003,0.0006,0.03
T10060,Smoking Behavior and Cessation,14,29,15,0.0003,0.0006,0.03
T10779,Coastal wetland ecosystem dynamics,21,22,1,0.0004,0.0004,0.0
T10189,Anesthesia and Pain Management,17,26,9,0.0003,0.0005,0.02
T14466,"Migration, Health, Geopolitics, Historical Geography",29,14,-15,0.0006,0.0003,-0.03
T10993,Complement system in diseases,22,21,-1,0.0004,0.0004,-0.0
T12398,Poetry Analysis and Criticism,16,27,11,0.0003,0.0005,0.02
T11692,Noise Effects and Management,18,25,7,0.0003,0.0005,0.01
T12574,Clinical Reasoning and Diagnostic Skills,18,25,7,0.0003,0.0005,0.01
T13178,Theology and Canon Law Studies,20,23,3,0.0004,0.0004,0.01
T11945,Heat Transfer Mechanisms,21,22,1,0.0004,0.0004,0.0
T12669,Comparative International Legal Studies,3,40,37,0.0001,0.0008,0.07
T10973,Radioactive element chemistry and processing,16,26,10,0.0003,0.0005,0.02
T11869,Per- and polyfluoroalkyl substances research,22,20,-2,0.0004,0.0004,-0.0
T10238,Spine and Intervertebral Disc Pathology,22,20,-2,0.0004,0.0004,-0.0
T12652,International Maritime Law Issues,17,25,8,0.0003,0.0005,0.02
T11296,COVID-19 and healthcare impacts,19,23,4,0.0004,0.0004,0.01
T14249,Water Quality Monitoring and Analysis,24,18,-6,0.0005,0.0004,-0.01
T10023,Schizophrenia research and treatment,21,21,0,0.0004,0.0004,0.0
T11173,Neurofibromatosis and Schwannoma Cases,21,21,0,0.0004,0.0004,0.0
T12137,Economic theories and models,27,15,-12,0.0005,0.0003,-0.02
T10065,Atrial Fibrillation Management and Outcomes,21,21,0,0.0004,0.0004,0.0
T11308,Sphingolipid Metabolism and Signaling,28,14,-14,0.0005,0.0003,-0.03
T12779,Public Procurement and Policy,7,35,28,0.0001,0.0007,0.05
T10282,Financial Risk and Volatility Modeling,27,15,-12,0.0005,0.0003,-0.02
T10816,Cerebrovascular and Carotid Artery Diseases,22,20,-2,0.0004,0.0004,-0.0
T11213,Genomic variations and chromosomal abnormalities,20,22,2,0.0004,0.0004,0.0
T10179,Supercapacitor Materials and Fabrication,20,22,2,0.0004,0.0004,0.0
T10648,Virtual Reality Applications and Impacts,16,26,10,0.0003,0.0005,0.02
T13562,Cruise Tourism Development and Management,28,13,-15,0.0005,0.0003,-0.03
T14237,Historical and Political Studies,31,10,-21,0.0006,0.0002,-0.04
T10720,Complexity and Algorithms in Graphs,10,31,21,0.0002,0.0006,0.04
T10556,Global Cancer Incidence and Screening,20,21,1,0.0004,0.0004,0.0
T12188,"Architecture, Modernity, and Design",1,40,39,0.0,0.0008,0.08
T13019,African Studies and Geopolitics,27,14,-13,0.0005,0.0003,-0.03
T12912,"Shakespeare, Adaptation, and Literary Criticism",14,27,13,0.0003,0.0005,0.03
T10469,Psoriasis: Treatment and Pathogenesis,24,17,-7,0.0005,0.0003,-0.01
T12502,Urbanization and City Planning,20,21,1,0.0004,0.0004,0.0
T11232,Urinary Tract Infections Management,27,14,-13,0.0005,0.0003,-0.03
T12208,Occupational exposure and asthma,24,17,-7,0.0005,0.0003,-0.01
T11730,Autoimmune Bullous Skin Diseases,23,18,-5,0.0004,0.0004,-0.01
T13710,European and International Law Studies,20,21,1,0.0004,0.0004,0.0
T13136,Community-based Tourism Development and Sustainability,15,26,11,0.0003,0.0005,0.02
T12586,"Folklore, Mythology, and Literature Studies",9,32,23,0.0002,0.0006,0.04
T14104,Developmental and Educational Neuropsychology,1,40,39,0.0,0.0008,0.08
T10429,EEG and Brain-Computer Interfaces,20,20,0,0.0004,0.0004,0.0
T10550,Ovarian cancer diagnosis and treatment,19,21,2,0.0004,0.0004,0.0
T10134,Inflammatory Bowel Disease,16,24,8,0.0003,0.0005,0.02
T11310,Connective tissue disorders research,24,16,-8,0.0005,0.0003,-0.02
T13513,Urban and sociocultural dynamics,9,31,22,0.0002,0.0006,0.04
T11071,Treatment of Major Depression,20,20,0,0.0004,0.0004,0.0
T10121,Building Energy and Comfort Optimization,20,20,0,0.0004,0.0004,0.0
T11474,Sport and Mega-Event Impacts,25,15,-10,0.0005,0.0003,-0.02
T12143,Place Attachment and Urban Studies,11,29,18,0.0002,0.0006,0.04
T11185,Integrated Energy Systems Optimization,20,20,0,0.0004,0.0004,0.0
T13773,International Labor and Employment Law,30,10,-20,0.0006,0.0002,-0.04
T10523,Atomic and Molecular Physics,3,37,34,0.0001,0.0007,0.07
T11917,"Coagulation, Bradykinin, Polyphosphates, and Angioedema",22,18,-4,0.0004,0.0004,-0.01
T11391,Theatre and Performance Studies,2,38,36,0.0,0.0007,0.07
T13128,Chromatography in Natural Products,15,25,10,0.0003,0.0005,0.02
T11770,Fiscal Policy and Economic Growth,33,6,-27,0.0006,0.0001,-0.05
T11215,Chronic Myeloid Leukemia Treatments,25,14,-11,0.0005,0.0003,-0.02
T11879,Protist diversity and phylogeny,10,29,19,0.0002,0.0006,0.04
T13854,Historical Geography and Cartography,8,31,23,0.0002,0.0006,0.04
T11727,Advanced Algebra and Logic,14,25,11,0.0003,0.0005,0.02
T12834,Flowering Plant Growth and Cultivation,7,32,25,0.0001,0.0006,0.05
T13654,Urban Planning and Landscape Design,0,39,39,0.0,0.0008,0.08
T10749,International Law and Human Rights,6,33,27,0.0001,0.0006,0.05
T10408,Chronic Kidney Disease and Diabetes,16,23,7,0.0003,0.0004,0.01
T10721,Surfactants and Colloidal Systems,13,26,13,0.0003,0.0005,0.03
T10414,Cannabis and Cannabinoid Research,23,16,-7,0.0004,0.0003,-0.01
T11412,Genetic and Kidney Cyst Diseases,22,17,-5,0.0004,0.0003,-0.01
T11792,Pharmaceutical Economics and Policy,15,24,9,0.0003,0.0005,0.02
T12266,Byzantine Studies and History,21,18,-3,0.0004,0.0004,-0.01
T12114,Sensory Analysis and Statistical Methods,13,26,13,0.0003,0.0005,0.03
T14342,"Military, Security, and Education Studies",37,2,-35,0.0007,0.0,-0.07
T10020,Quantum Information and Cryptography,19,20,1,0.0004,0.0004,0.0
T10757,Geographic Information Systems Studies,15,24,9,0.0003,0.0005,0.02
T11423,Pesticide Residue Analysis and Safety,13,26,13,0.0003,0.0005,0.03
T10458,Bladder and Urothelial Cancer Treatments,22,17,-5,0.0004,0.0003,-0.01
T11465,Drug-Induced Hepatotoxicity and Protection,17,22,5,0.0003,0.0004,0.01
T10222,Genomics and Chromatin Dynamics,19,20,1,0.0004,0.0004,0.0
T10945,Lysosomal Storage Disorders Research,19,20,1,0.0004,0.0004,0.0
T10399,Hydrocarbon exploration and reservoir analysis,16,23,7,0.0003,0.0004,0.01
T13247,Local Governance and Planning,0,39,39,0.0,0.0008,0.08
T11189,Transplantation: Methods and Outcomes,17,22,5,0.0003,0.0004,0.01
T10019,Corporate Finance and Governance,20,19,-1,0.0004,0.0004,-0.0
T10877,Allergic Rhinitis and Sensitization,21,18,-3,0.0004,0.0004,-0.01
T10176,Mesenchymal stem cell research,18,20,2,0.0003,0.0004,0.0
T10146,Cervical Cancer and HPV Research,20,18,-2,0.0004,0.0004,-0.0
T13068,Ancient Mediterranean Archaeology and History,17,21,4,0.0003,0.0004,0.01
T13215,Global Maritime and Colonial Histories,25,13,-12,0.0005,0.0003,-0.02
T10590,Chalcogenide Semiconductor Thin Films,24,14,-10,0.0005,0.0003,-0.02
T11331,Fecal contamination and water quality,15,23,8,0.0003,0.0004,0.02
T13500,Probability and Statistical Research,5,33,28,0.0001,0.0006,0.05
T10859,Polymer Surface Interaction Studies,9,29,20,0.0002,0.0006,0.04
T10108,Electoral Systems and Political Participation,4,34,30,0.0001,0.0007,0.06
T10758,Cinema and Media Studies,22,16,-6,0.0004,0.0003,-0.01
T10691,Retinal Development and Disorders,14,24,10,0.0003,0.0005,0.02
T12472,Plant responses to water stress,22,16,-6,0.0004,0.0003,-0.01
T12630,African Botany and Ecology Studies,37,1,-36,0.0007,0.0,-0.07
T10930,Flood Risk Assessment and Management,16,22,6,0.0003,0.0004,0.01
T11488,Climate Change Communication and Perception,11,27,16,0.0002,0.0005,0.03
T11014,Regional Economics and Spatial Analysis,5,33,28,0.0001,0.0006,0.05
T10824,Image Retrieval and Classification Techniques,8,30,22,0.0002,0.0006,0.04
T10261,Genetic Associations and Epidemiology,15,23,8,0.0003,0.0004,0.02
T10532,Molecular Sensors and Ion Detection,19,18,-1,0.0004,0.0004,-0.0
T10644,Cryospheric studies and observations,17,20,3,0.0003,0.0004,0.01
T10064,Complex Network Analysis Techniques,15,22,7,0.0003,0.0004,0.01
T10981,Cytomegalovirus and herpesvirus research,23,14,-9,0.0004,0.0003,-0.02
T11314,Clinical Laboratory Practices and Quality Control,7,30,23,0.0001,0.0006,0.04
T10215,Semantic Web and Ontologies,19,18,-1,0.0004,0.0004,-0.0
T10549,Neonatal Respiratory Health Research,30,7,-23,0.0006,0.0001,-0.04
T10971,Olfactory and Sensory Function Studies,29,8,-21,0.0006,0.0002,-0.04
T10889,Soil erosion and sediment transport,29,8,-21,0.0006,0.0002,-0.04
T10577,Hydrology and Sediment Transport Processes,8,29,21,0.0002,0.0006,0.04
T13460,Historical Studies in Latin America,25,11,-14,0.0005,0.0002,-0.03
T10706,Traumatic Brain Injury and Neurovascular Disturbances,22,14,-8,0.0004,0.0003,-0.02
T10256,Drug Solubulity and Delivery Systems,16,20,4,0.0003,0.0004,0.01
T10335,Colorectal Cancer Surgical Treatments,19,17,-2,0.0004,0.0003,-0.0
T10355,Impact of Technology on Adolescents,13,23,10,0.0003,0.0004,0.02
T12285,Surface Chemistry and Catalysis,11,25,14,0.0002,0.0005,0.03
T10646,Experimental Behavioral Economics Studies,18,18,0,0.0003,0.0004,0.0
T13474,Autobiographical and Biographical Writing,1,35,34,0.0,0.0007,0.07
T11137,Historical Philosophy and Science,7,29,22,0.0001,0.0006,0.04
T10887,Bioinformatics and Genomic Networks,17,19,2,0.0003,0.0004,0.0
T10227,Acute Ischemic Stroke Management,15,21,6,0.0003,0.0004,0.01
T10795,Healthcare professionals’ stress and burnout,21,15,-6,0.0004,0.0003,-0.01
T10928,Probabilistic and Robust Engineering Design,29,7,-22,0.0006,0.0001,-0.04
T10512,Orthopaedic implants and arthroplasty,21,15,-6,0.0004,0.0003,-0.01
T11187,Nonlinear Dynamics and Pattern Formation,31,5,-26,0.0006,0.0001,-0.05
T10082,HIV/AIDS Research and Interventions,13,23,10,0.0003,0.0004,0.02
T10468,Photovoltaic System Optimization Techniques,21,15,-6,0.0004,0.0003,-0.01
T10555,Fire effects on ecosystems,24,12,-12,0.0005,0.0002,-0.02
T12509,Corporate Insolvency and Governance,10,26,16,0.0002,0.0005,0.03
T10621,Gene Regulatory Network Analysis,18,18,0,0.0003,0.0004,0.0
T12172,Neutropenia and Cancer Infections,18,18,0,0.0003,0.0004,0.0
T13621,Ancient and Medieval Archaeology Studies,14,22,8,0.0003,0.0004,0.02
T11462,Museums and Cultural Heritage,4,32,28,0.0001,0.0006,0.05
T12518,Diverticular Disease and Complications,20,16,-4,0.0004,0.0003,-0.01
T14124,"Food, Nutrition, and Cultural Practices",2,34,32,0.0,0.0007,0.06
T10999,Organ Transplantation Techniques and Outcomes,16,20,4,0.0003,0.0004,0.01
T11636,Artificial Intelligence in Healthcare and Education,14,21,7,0.0003,0.0004,0.01
T11236,Control Systems and Identification,14,21,7,0.0003,0.0004,0.01
T11533,Melanoma and MAPK Pathways,17,18,1,0.0003,0.0004,0.0
T10052,Medical Image Segmentation Techniques,10,25,15,0.0002,0.0005,0.03
T13170,Discrimination and Equality Law,7,28,21,0.0001,0.0005,0.04
T12643,Sustainability and Ecological Systems Analysis,15,20,5,0.0003,0.0004,0.01
T10170,Retinal Diseases and Treatments,17,18,1,0.0003,0.0004,0.0
T12649,Alkaloids: synthesis and pharmacology,27,8,-19,0.0005,0.0002,-0.04
T11095,Emergency and Acute Care Studies,17,18,1,0.0003,0.0004,0.0
T12116,Dermatological diseases and infestations,22,13,-9,0.0004,0.0003,-0.02
T11457,Adipose Tissue and Metabolism,31,4,-27,0.0006,0.0001,-0.05
T11943,Pharmacovigilance and Adverse Drug Reactions,12,23,11,0.0002,0.0004,0.02
T13471,Cognitive Functions and Memory,12,23,11,0.0002,0.0004,0.02
T11067,Colorectal Cancer Treatments and Studies,18,17,-1,0.0003,0.0003,-0.0
T10320,Neural Networks and Applications,25,10,-15,0.0005,0.0002,-0.03
T11668,interferon and immune responses,19,16,-3,0.0004,0.0003,-0.01
T10594,Genetic and phenotypic traits in livestock,16,18,2,0.0003,0.0004,0.0
T13400,Mathematical and Theoretical Analysis,8,26,18,0.0002,0.0005,0.04
T13229,Gothic Literature and Media Analysis,15,19,4,0.0003,0.0004,0.01
T10537,Attention Deficit Hyperactivity Disorder,28,6,-22,0.0005,0.0001,-0.04
T13466,Comparative Literary Analysis and Criticism,29,5,-24,0.0006,0.0001,-0.05
T14210,Historical and Linguistic Studies,18,16,-2,0.0003,0.0003,-0.0
T10231,Pancreatic and Hepatic Oncology Research,16,18,2,0.0003,0.0004,0.0
T10289,European Union Policy and Governance,7,27,20,0.0001,0.0005,0.04
T12844,Psychology and Mental Health,2,32,30,0.0,0.0006,0.06
T10213,Public Policy and Administration Research,3,31,28,0.0001,0.0006,0.05
T10445,Antioxidant Activity and Oxidative Stress,29,5,-24,0.0006,0.0001,-0.05
T10142,Formal Methods in Verification,21,13,-8,0.0004,0.0003,-0.02
T10420,Intracranial Aneurysms: Treatment and Complications,18,16,-2,0.0003,0.0003,-0.0
T10316,Sleep and related disorders,16,18,2,0.0003,0.0004,0.0
T10441,Muscle Physiology and Disorders,15,19,4,0.0003,0.0004,0.01
T12618,Botany and Plant Ecology Studies,12,22,10,0.0002,0.0004,0.02
T12256,Facilities and Workplace Management,16,18,2,0.0003,0.0004,0.0
T10123,DNA Repair Mechanisms,21,13,-8,0.0004,0.0003,-0.02
T10195,Antimicrobial Resistance in Staphylococcus,18,16,-2,0.0003,0.0003,-0.0
T11503,Cytokine Signaling Pathways and Interactions,10,24,14,0.0002,0.0005,0.03
T10487,Plant and animal studies,29,5,-24,0.0006,0.0001,-0.05
T12995,Urban Development and Cultural Heritage,3,31,28,0.0001,0.0006,0.05
T13174,American and British Literature Analysis,10,24,14,0.0002,0.0005,0.03
T12517,Seventeenth-Century Political and Philosophical Thought,1,33,32,0.0,0.0006,0.06
T12012,Diatoms and Algae Research,23,10,-13,0.0004,0.0002,-0.03
T10097,Luminescence Properties of Advanced Materials,20,13,-7,0.0004,0.0003,-0.01
T10606,Kidney Stones and Urolithiasis Treatments,18,15,-3,0.0003,0.0003,-0.01
T10728,Pulmonary Hypertension Research and Treatments,14,19,5,0.0003,0.0004,0.01
T11368,Long-Term Effects of COVID-19,22,11,-11,0.0004,0.0002,-0.02
T11803,Superconducting and THz Device Technology,33,0,-33,0.0006,0.0,-0.06
T10902,Complementary and Alternative Medicine Studies,9,24,15,0.0002,0.0005,0.03
T13763,Historical Legal Studies and Society,4,29,25,0.0001,0.0006,0.05
T14190,Military history and social perspectives,0,33,33,0.0,0.0006,0.06
T13394,"Ecology, Conservation, and Geographical Studies",5,28,23,0.0001,0.0005,0.04
T11534,Erythropoietin and Anemia Treatment,13,20,7,0.0003,0.0004,0.01
T10304,Geometric and Algebraic Topology,8,25,17,0.0002,0.0005,0.03
T12337,Italian Fascism and Post-war Society,28,5,-23,0.0005,0.0001,-0.04
T11003,Disability Rights and Representation,3,30,27,0.0001,0.0006,0.05
T11117,Drug-Induced Adverse Reactions,14,19,5,0.0003,0.0004,0.01
T10941,Musicology and Musical Analysis,12,21,9,0.0002,0.0004,0.02
T11237,Plant Gene Expression Analysis,19,14,-5,0.0004,0.0003,-0.01
T11927,Plant Reproductive Biology,29,4,-25,0.0006,0.0001,-0.05
T10554,Hemoglobinopathies and Related Disorders,17,16,-1,0.0003,0.0003,-0.0
T10002,Advanced Chemical Physics Studies,23,10,-13,0.0004,0.0002,-0.03
T10156,"LGBTQ Health, Identity, and Policy",11,22,11,0.0002,0.0004,0.02
T10560,Diabetes Management and Research,17,16,-1,0.0003,0.0003,-0.0
T10112,HIV Research and Treatment,16,16,0,0.0003,0.0003,0.0
T10330,Hydrology and Watershed Management Studies,17,15,-2,0.0003,0.0003,-0.0
T11190,3D Printing in Biomedical Research,21,11,-10,0.0004,0.0002,-0.02
T10443,Social Policy and Reform Studies,10,22,12,0.0002,0.0004,0.02
T11561,Protein Hydrolysis and Bioactive Peptides,18,14,-4,0.0003,0.0003,-0.01
T13153,Rousseau and Enlightenment Thought,3,29,26,0.0001,0.0006,0.05
T14115,Legal processes and jurisprudence,2,30,28,0.0,0.0006,0.05
T12341,Spanish Linguistics and Language Studies,15,17,2,0.0003,0.0003,0.0
T11209,Cardiovascular and exercise physiology,14,18,4,0.0003,0.0004,0.01
T11963,Impact of Light on Environment and Health,17,15,-2,0.0003,0.0003,-0.0
T10569,Bariatric Surgery and Outcomes,15,17,2,0.0003,0.0003,0.0
T11613,Phytochemistry and Biological Activities,16,16,0,0.0003,0.0003,0.0
T11354,Evolution and Paleontology Studies,17,15,-2,0.0003,0.0003,-0.0
T10183,Breast Cancer Treatment Studies,10,22,12,0.0002,0.0004,0.02
T11386,Bee Products Chemical Analysis,18,14,-4,0.0003,0.0003,-0.01
T11116,"Trauma, Hemostasis, Coagulopathy, Resuscitation",17,15,-2,0.0003,0.0003,-0.0
T11177,Spectroscopy and Quantum Chemical Studies,24,8,-16,0.0005,0.0002,-0.03
T10804,"Health Systems, Economic Evaluations, Quality of Life",24,8,-16,0.0005,0.0002,-0.03
T12614,Indigenous Studies and Ecology,21,11,-10,0.0004,0.0002,-0.02
T10540,Advanced Fluorescence Microscopy Techniques,15,17,2,0.0003,0.0003,0.0
T10673,Gestational Diabetes Research and Management,20,12,-8,0.0004,0.0002,-0.02
T10881,Blood Coagulation and Thrombosis Mechanisms,21,11,-10,0.0004,0.0002,-0.02
T10038,Tuberculosis Research and Epidemiology,14,18,4,0.0003,0.0004,0.01
T11203,Jewish and Middle Eastern Studies,19,13,-6,0.0004,0.0003,-0.01
T10087,Archaeology and ancient environmental studies,8,24,16,0.0002,0.0005,0.03
T10280,Shoulder Injury and Treatment,12,20,8,0.0002,0.0004,0.02
T10200,Rheumatoid Arthritis Research and Therapies,12,20,8,0.0002,0.0004,0.02
T14169,Public Health and Environmental Issues,1,31,30,0.0,0.0006,0.06
T13581,New Caledonia Indigenous Studies,15,17,2,0.0003,0.0003,0.0
T11191,Mathematical functions and polynomials,13,19,6,0.0003,0.0004,0.01
T10572,Geophysical and Geoelectrical Methods,16,15,-1,0.0003,0.0003,-0.0
T10521,RNA and protein synthesis mechanisms,17,14,-3,0.0003,0.0003,-0.01
T11243,Respiratory viral infections research,17,14,-3,0.0003,0.0003,-0.01
T10516,Parathyroid Disorders and Treatments,19,12,-7,0.0004,0.0002,-0.01
T10343,"Hydrogels: synthesis, properties, applications",8,23,15,0.0002,0.0004,0.03
T10858,Clinical Nutrition and Gastroenterology,17,14,-3,0.0003,0.0003,-0.01
T13089,Medieval and Early Modern Iberia,6,25,19,0.0001,0.0005,0.04
T13402,Business Strategy and Innovation,26,5,-21,0.0005,0.0001,-0.04
T10797,Accounting and Organizational Management,15,16,1,0.0003,0.0003,0.0
T11359,Effects of Radiation Exposure,13,18,5,0.0003,0.0004,0.01
T10390,Ovarian function and disorders,17,14,-3,0.0003,0.0003,-0.01
T12595,Romani and Gypsy Studies,12,19,7,0.0002,0.0004,0.01
T12056,Markov Chains and Monte Carlo Methods,17,14,-3,0.0003,0.0003,-0.01
T11915,Pickering emulsions and particle stabilization,30,1,-29,0.0006,0.0,-0.06
T10568,Thermodynamic and Exergetic Analyses of Power and Cooling Systems,15,16,1,0.0003,0.0003,0.0
T11461,Local Government Finance and Decentralization,5,26,21,0.0001,0.0005,0.04
T14388,Medieval European History and Architecture,13,18,5,0.0003,0.0004,0.01
T10089,Avian ecology and behavior,7,24,17,0.0001,0.0005,0.03
T12259,Environmental Justice and Health Disparities,11,19,8,0.0002,0.0004,0.02
T10839,Pancreatic function and diabetes,19,11,-8,0.0004,0.0002,-0.02
T13231,"History, Culture, and Diplomacy",18,12,-6,0.0003,0.0002,-0.01
T12895,Environmental law and policy,8,22,14,0.0002,0.0004,0.03
T10141,Probiotics and Fermented Foods,14,16,2,0.0003,0.0003,0.0
T11541,Neuroendocrine regulation and behavior,19,11,-8,0.0004,0.0002,-0.02
T11432,Gender Politics and Representation,7,23,16,0.0001,0.0004,0.03
T10791,Advanced Control Systems Optimization,18,12,-6,0.0003,0.0002,-0.01
T13897,Historical Economic and Legal Thought,6,24,18,0.0001,0.0005,0.04
T10315,Decision-Making and Behavioral Economics,11,19,8,0.0002,0.0004,0.02
T11959,Employment and Welfare Studies,23,7,-16,0.0004,0.0001,-0.03
T12064,Intraperitoneal and Appendiceal Malignancies,18,12,-6,0.0003,0.0002,-0.01
T10604,RNA Research and Splicing,15,15,0,0.0003,0.0003,0.0
T11440,Click Chemistry and Applications,23,7,-16,0.0004,0.0001,-0.03
T10128,Global trade and economics,14,16,2,0.0003,0.0003,0.0
T13516,Publishing and Scholarly Communication,2,28,26,0.0,0.0005,0.05
T11104,"Memory, Trauma, and Commemoration",4,26,22,0.0001,0.0005,0.04
T10843,Diversity and Career in Medicine,10,20,10,0.0002,0.0004,0.02
T12267,Diet and metabolism studies,26,3,-23,0.0005,0.0001,-0.04
T10164,Quality and Supply Management,17,12,-5,0.0003,0.0002,-0.01
T10634,Food Allergy and Anaphylaxis Research,15,14,-1,0.0003,0.0003,-0.0
T10006,Job Satisfaction and Organizational Behavior,10,19,9,0.0002,0.0004,0.02
T11520,Advanced Thermodynamics and Statistical Mechanics,22,7,-15,0.0004,0.0001,-0.03
T11251,Meningioma and schwannoma management,16,13,-3,0.0003,0.0003,-0.01
T11616,Autoimmune and Inflammatory Disorders Research,15,14,-1,0.0003,0.0003,-0.0
T10106,Autism Spectrum Disorder Research,18,11,-7,0.0003,0.0002,-0.01
T11041,Ubiquitin and proteasome pathways,22,7,-15,0.0004,0.0001,-0.03
T13145,Crime and Detective Fiction Studies,15,14,-1,0.0003,0.0003,-0.0
T11163,Organ Donation and Transplantation,12,17,5,0.0002,0.0003,0.01
T10380,Intimate Partner and Family Violence,9,20,11,0.0002,0.0004,0.02
T10600,Reproductive Health and Contraception,10,19,9,0.0002,0.0004,0.02
T12130,Contemporary Literature and Criticism,6,23,17,0.0001,0.0004,0.03
T11651,Inhalation and Respiratory Drug Delivery,18,11,-7,0.0003,0.0002,-0.01
T10371,Immune Response and Inflammation,16,13,-3,0.0003,0.0003,-0.01
T11154,Parasitic infections in humans and animals,13,16,3,0.0003,0.0003,0.01
T11207,Alcohol Consumption and Health Effects,18,11,-7,0.0003,0.0002,-0.01
T13699,Public Spaces through Art,9,20,11,0.0002,0.0004,0.02
T10483,Nerve injury and regeneration,22,7,-15,0.0004,0.0001,-0.03
T11732,Assisted Reproductive Technology and Twin Pregnancy,17,12,-5,0.0003,0.0002,-0.01
T12497,Traditional and Medicinal Uses of Annonaceae,20,9,-11,0.0004,0.0002,-0.02
T14380,Libraries and Information Services,14,15,1,0.0003,0.0003,0.0
T11268,Light effects on plants,11,18,7,0.0002,0.0004,0.01
T12465,"Cancer, Lipids, and Metabolism",14,15,1,0.0003,0.0003,0.0
T13433,Short Stories in Global Literature,9,20,11,0.0002,0.0004,0.02
T11878,Solid-state spectroscopy and crystallography,16,13,-3,0.0003,0.0003,-0.01
T10510,Stroke Rehabilitation and Recovery,13,16,3,0.0003,0.0003,0.01
T12421,Adrenal Hormones and Disorders,16,12,-4,0.0003,0.0002,-0.01
T10551,Scheduling and Optimization Algorithms,17,11,-6,0.0003,0.0002,-0.01
T11736,Histone Deacetylase Inhibitors Research,18,10,-8,0.0003,0.0002,-0.02
T12547,Pharmaceutical studies and practices,16,12,-4,0.0003,0.0002,-0.01
T10905,Solar Thermal and Photovoltaic Systems,16,12,-4,0.0003,0.0002,-0.01
T11259,Agriculture Sustainability and Environmental Impact,15,13,-2,0.0003,0.0003,-0.0
T10030,Electrocatalysts for Energy Conversion,12,16,4,0.0002,0.0003,0.01
T13342,Art History and Market Analysis,8,20,12,0.0002,0.0004,0.02
T10617,Cellular transport and secretion,15,13,-2,0.0003,0.0003,-0.0
T12577,Geography and Environmental Studies,8,20,12,0.0002,0.0004,0.02
T10618,Aortic Disease and Treatment Approaches,11,17,6,0.0002,0.0003,0.01
T10878,CRISPR and Genetic Engineering,19,9,-10,0.0004,0.0002,-0.02
T12603,NMR spectroscopy and applications,13,15,2,0.0003,0.0003,0.0
T11149,Veterinary Oncology Research,12,16,4,0.0002,0.0003,0.01
T10159,Ionosphere and magnetosphere dynamics,5,23,18,0.0001,0.0004,0.04
T12771,Plant pathogens and resistance mechanisms,28,0,-28,0.0005,0.0,-0.05
T10105,Osteoarthritis Treatment and Mechanisms,14,14,0,0.0003,0.0003,0.0
T11065,Insect Pest Control Strategies,14,14,0,0.0003,0.0003,0.0
T13831,Archaeological and Geological Studies,15,13,-2,0.0003,0.0003,-0.0
T14404,European Socioeconomic and Political Studies,28,0,-28,0.0005,0.0,-0.05
T11647,Workplace Violence and Bullying,11,17,6,0.0002,0.0003,0.01
T11901,Bayesian Methods and Mixture Models,17,11,-6,0.0003,0.0002,-0.01
T10710,Arsenic contamination and mitigation,12,16,4,0.0002,0.0003,0.01
T10003,Innovation and Knowledge Management,12,16,4,0.0002,0.0003,0.01
T13810,Legal Systems and Institutions,27,1,-26,0.0005,0.0,-0.05
T13607,Academic Publishing and Open Access,11,17,6,0.0002,0.0003,0.01
T10884,Holomorphic and Operator Theory,19,9,-10,0.0004,0.0002,-0.02
T12339,Medical Malpractice and Liability Issues,5,23,18,0.0001,0.0004,0.04
T10217,Cardiac electrophysiology and arrhythmias,14,14,0,0.0003,0.0003,0.0
T14441,"Religion, Theology, History, Judaism, Christianity",9,19,10,0.0002,0.0004,0.02
T10235,Health disparities and outcomes,19,9,-10,0.0004,0.0002,-0.02
T10279,Urinary Bladder and Prostate Research,11,17,6,0.0002,0.0003,0.01
T11229,Genetics and Plant Breeding,0,28,28,0.0,0.0005,0.05
T13519,Historical Architecture and Urbanism,0,28,28,0.0,0.0005,0.05
T11075,Insect Resistance and Genetics,10,17,7,0.0002,0.0003,0.01
T10078,Advanced Photocatalysis Techniques,10,17,7,0.0002,0.0003,0.01
T11660,Blood groups and transfusion,14,13,-1,0.0003,0.0003,-0.0
T10299,Photonic and Optical Devices,17,10,-7,0.0003,0.0002,-0.01
T13456,"Religion, Society, and Development",17,10,-7,0.0003,0.0002,-0.01
T10967,Carbon Dioxide Capture Technologies,16,11,-5,0.0003,0.0002,-0.01
T11289,Single-cell and spatial transcriptomics,15,12,-3,0.0003,0.0002,-0.01
T10393,Economic Growth and Productivity,15,12,-3,0.0003,0.0002,-0.01
T10503,Global Financial Crisis and Policies,16,11,-5,0.0003,0.0002,-0.01
T12455,Mediterranean and Iberian flora and fauna,21,6,-15,0.0004,0.0001,-0.03
T11078,Inflammasome and immune disorders,16,11,-5,0.0003,0.0002,-0.01
T12619,Political Systems and Governance,2,25,23,0.0,0.0005,0.04
T11120,Nonprofit Sector and Volunteering,3,24,21,0.0001,0.0005,0.04
T10379,Cellular Mechanics and Interactions,10,17,7,0.0002,0.0003,0.01
T14102,Corporate Governance and Law,12,15,3,0.0002,0.0003,0.01
T10119,Sustainability and Climate Change Governance,5,22,17,0.0001,0.0004,0.03
T10546,Higher Education Governance and Development,4,23,19,0.0001,0.0004,0.04
T13708,History of Emotions Research,2,25,23,0.0,0.0005,0.04
T10980,Vascular Malformations and Hemangiomas,12,15,3,0.0002,0.0003,0.01
T11590,Primary Care and Health Outcomes,6,21,15,0.0001,0.0004,0.03
T10598,Cardiac pacing and defibrillation studies,13,14,1,0.0003,0.0003,0.0
T12974,Modernist Literature and Criticism,4,23,19,0.0001,0.0004,0.04
T10957,Photodynamic Therapy Research Studies,10,17,7,0.0002,0.0003,0.01
T10938,Phase Change Materials Research,13,14,1,0.0003,0.0003,0.0
T10050,Multi-Criteria Decision Making,12,15,3,0.0002,0.0003,0.01
T12829,Advanced Breast Cancer Therapies,14,13,-1,0.0003,0.0003,-0.0
T10948,Advanced Combinatorial Mathematics,14,13,-1,0.0003,0.0003,-0.0
T12640,Environmental DNA in Biodiversity Studies,16,11,-5,0.0003,0.0002,-0.01
T10421,Pleistocene-Era Hominins and Archaeology,21,6,-15,0.0004,0.0001,-0.03
T12241,Children's Physical and Motor Development,12,15,3,0.0002,0.0003,0.01
T12009,Hedgehog Signaling Pathway Studies,19,8,-11,0.0004,0.0002,-0.02
T11956,Sexual Differentiation and Disorders,13,14,1,0.0003,0.0003,0.0
T11029,Renal Diseases and Glomerulopathies,13,14,1,0.0003,0.0003,0.0
T10515,Cancer-related molecular mechanisms research,21,6,-15,0.0004,0.0001,-0.03
T12584,Hospitality and Tourism Education,9,18,9,0.0002,0.0004,0.02
T12324,History of Medicine Studies,6,21,15,0.0001,0.0004,0.03
T12134,Insect symbiosis and bacterial influences,14,13,-1,0.0003,0.0003,-0.0
T13842,Intellectual Property Law,6,21,15,0.0001,0.0004,0.03
T12507,"Utopian, Dystopian, and Speculative Fiction",0,27,27,0.0,0.0005,0.05
T11914,PARP inhibition in cancer therapy,18,8,-10,0.0003,0.0002,-0.02
T10131,Gold and Silver Nanoparticles Synthesis and Applications,10,16,6,0.0002,0.0003,0.01
T10968,Statistical Distribution Estimation and Applications,11,15,4,0.0002,0.0003,0.01
T11781,Wastewater Treatment and Reuse,11,15,4,0.0002,0.0003,0.01
T12644,Wildlife-Road Interactions and Conservation,13,13,0,0.0003,0.0003,0.0
T10229,Geometric Analysis and Curvature Flows,16,10,-6,0.0003,0.0002,-0.01
T11858,Urban Development and Societal Issues,12,14,2,0.0002,0.0003,0.0
T10274,Synthesis and biological activity,8,18,10,0.0002,0.0004,0.02
T10615,Granular flow and fluidized beds,14,12,-2,0.0003,0.0002,-0.0
T10115,Corporate Social Responsibility Reporting,8,18,10,0.0002,0.0004,0.02
T10091,Malaria Research and Control,11,15,4,0.0002,0.0003,0.01
T11735,Peripheral Neuropathies and Disorders,11,15,4,0.0002,0.0003,0.01
T10412,Microfluidic and Capillary Electrophoresis Applications,11,15,4,0.0002,0.0003,0.01
T12080,Injection Molding Process and Properties,15,11,-4,0.0003,0.0002,-0.01
T10448,Memory and Neural Mechanisms,24,2,-22,0.0005,0.0,-0.04
T10755,HER2/EGFR in Cancer Research,14,12,-2,0.0003,0.0002,-0.0
T12976,Magnetic and Electromagnetic Effects,18,8,-10,0.0003,0.0002,-0.02
T10900,Listeria monocytogenes in Food Safety,13,13,0,0.0003,0.0003,0.0
T11086,Parasitic Infections and Diagnostics,13,13,0,0.0003,0.0003,0.0
T10241,Functional Brain Connectivity Studies,20,6,-14,0.0004,0.0001,-0.03
T12672,Phagocytosis and Immune Regulation,17,9,-8,0.0003,0.0002,-0.02
T12350,Particle Dynamics in Fluid Flows,13,13,0,0.0003,0.0003,0.0
T12617,"Energy, Environment, and Transportation Policies",13,13,0,0.0003,0.0003,0.0
T13283,Mental Health Research Topics,24,2,-22,0.0005,0.0,-0.04
T13101,Legal and Social Justice Studies,0,26,26,0.0,0.0005,0.05
T13633,Public Health and Social Inequalities,3,23,20,0.0001,0.0004,0.04
T11033,Contact Dermatitis and Allergies,12,14,2,0.0002,0.0003,0.0
T11294,Infant Nutrition and Health,12,14,2,0.0002,0.0003,0.0
T10499,Folate and B Vitamins Research,13,13,0,0.0003,0.0003,0.0
T14185,"Research, Science, and Academia",0,26,26,0.0,0.0005,0.05
T10668,Endometrial and Cervical Cancer Treatments,14,11,-3,0.0003,0.0002,-0.01
T11907,Copper-based nanomaterials and applications,16,9,-7,0.0003,0.0002,-0.01
T11845,Cancer therapeutics and mechanisms,13,12,-1,0.0003,0.0002,-0.0
T12494,Alcoholism and Thiamine Deficiency,14,11,-3,0.0003,0.0002,-0.01
T12264,Tissue Engineering and Regenerative Medicine,12,13,1,0.0002,0.0003,0.0
T10704,Advancements in Transdermal Drug Delivery,19,6,-13,0.0004,0.0001,-0.03
T10362,Biblical Studies and Interpretation,8,17,9,0.0002,0.0003,0.02
T11697,Numerical Methods and Algorithms,15,10,-5,0.0003,0.0002,-0.01
T10180,Analytical chemistry methods development,12,13,1,0.0002,0.0003,0.0
T11397,"Populism, Right-Wing Movements",5,20,15,0.0001,0.0004,0.03
T11056,Physiological and biochemical adaptations,15,10,-5,0.0003,0.0002,-0.01
T11346,Mast cells and histamine,10,15,5,0.0002,0.0003,0.01
T11054,Adrenal and Paraganglionic Tumors,12,13,1,0.0002,0.0003,0.0
T10438,"Energy, Environment, Economic Growth",13,12,-1,0.0003,0.0002,-0.0
T12793,Caveolin-1 and cellular processes,15,10,-5,0.0003,0.0002,-0.01
T11510,Reproductive System and Pregnancy,17,8,-9,0.0003,0.0002,-0.02
T10202,Lung Cancer Diagnosis and Treatment,9,16,7,0.0002,0.0003,0.01
T12425,Industrial Gas Emission Control,7,18,11,0.0001,0.0004,0.02
T10044,Protein Structure and Dynamics,11,14,3,0.0002,0.0003,0.01
T10766,Urban Heat Island Mitigation,15,10,-5,0.0003,0.0002,-0.01
T10893,Chinese history and philosophy,15,10,-5,0.0003,0.0002,-0.01
T11852,Clay minerals and soil interactions,17,8,-9,0.0003,0.0002,-0.02
T11768,Music Therapy and Health,11,14,3,0.0002,0.0003,0.01
T12405,Characterization and Applications of Magnetic Nanoparticles,4,21,17,0.0001,0.0004,0.03
T11043,Merger and Competition Analysis,8,17,9,0.0002,0.0003,0.02
T10111,Remote Sensing in Agriculture,12,13,1,0.0002,0.0003,0.0
T12933,Franchising Strategies and Performance,12,13,1,0.0002,0.0003,0.0
T13165,Agricultural safety and regulations,5,20,15,0.0001,0.0004,0.03
T13150,Study and Philosophy of Religion,1,24,23,0.0,0.0005,0.04
T10518,Gallbladder and Bile Duct Disorders,11,14,3,0.0002,0.0003,0.01
T10402,Phase Equilibria and Thermodynamics,11,14,3,0.0002,0.0003,0.01
T10300,Congenital Heart Disease Studies,14,11,-3,0.0003,0.0002,-0.01
T10862,AI in cancer detection,8,17,9,0.0002,0.0003,0.02
T10144,Blood Pressure and Hypertension Studies,11,13,2,0.0002,0.0003,0.0
T11669,Head and Neck Surgical Oncology,10,14,4,0.0002,0.0003,0.01
T12193,Trigeminal Neuralgia and Treatments,15,9,-6,0.0003,0.0002,-0.01
T10794,Islamic Studies and History,11,13,2,0.0002,0.0003,0.0
T10081,"Auditing, Earnings Management, Governance",9,15,6,0.0002,0.0003,0.01
T10960,Hypothalamic control of reproductive hormones,13,11,-2,0.0003,0.0002,-0.0
T11382,Fluid Dynamics and Heat Transfer,3,21,18,0.0001,0.0004,0.04
T10846,Photonic Crystal and Fiber Optics,5,19,14,0.0001,0.0004,0.03
T12689,Silymarin and Mushroom Poisoning,9,15,6,0.0002,0.0003,0.01
T11996,Random lasers and scattering media,14,10,-4,0.0003,0.0002,-0.01
T11282,Fibromyalgia and Chronic Fatigue Syndrome Research,14,10,-4,0.0003,0.0002,-0.01
T13455,"Decadence, Literature, and Society",4,20,16,0.0001,0.0004,0.03
T12147,Urban and Rural Development Challenges,7,17,10,0.0001,0.0003,0.02
T10475,Psychological Well-being and Life Satisfaction,12,12,0,0.0002,0.0002,0.0
T13743,Italian Literature and Culture,10,14,4,0.0002,0.0003,0.01
T13279,Safe Handling of Antineoplastic Drugs,17,7,-10,0.0003,0.0001,-0.02
T13214,Powdery Mildew Fungal Diseases,13,11,-2,0.0003,0.0002,-0.0
T11793,"Recreation, Leisure, Wilderness Management",1,23,22,0.0,0.0004,0.04
T11265,Aging and Gerontology Research,10,14,4,0.0002,0.0003,0.01
T11460,Analytical Methods in Pharmaceuticals,3,21,18,0.0001,0.0004,0.04
T10632,Housing Market and Economics,9,15,6,0.0002,0.0003,0.01
T10079,Nanoparticles: synthesis and applications,13,11,-2,0.0003,0.0002,-0.0
T14160,Water management and technologies,17,7,-10,0.0003,0.0001,-0.02
T11119,Urban Stormwater Management Solutions,10,14,4,0.0002,0.0003,0.01
T11103,Antimicrobial Peptides and Activities,14,10,-4,0.0003,0.0002,-0.01
T10750,Fermentation and Sensory Analysis,19,5,-14,0.0004,0.0001,-0.03
T11884,Redox biology and oxidative stress,11,13,2,0.0002,0.0003,0.0
T11231,Microbial Fuel Cells and Bioremediation,14,10,-4,0.0003,0.0002,-0.01
T12033,Agricultural Economics and Policy,2,22,20,0.0,0.0004,0.04
T10666,Photonic Crystals and Applications,15,9,-6,0.0003,0.0002,-0.01
T13067,Geological Modeling and Analysis,13,11,-2,0.0003,0.0002,-0.0
T10415,International Business and FDI,6,18,12,0.0001,0.0004,0.02
T10643,Marine and coastal plant biology,15,9,-6,0.0003,0.0002,-0.01
T10947,Fluorine in Organic Chemistry,15,9,-6,0.0003,0.0002,-0.01
T14245,Biomarkers in Disease Mechanisms,14,10,-4,0.0003,0.0002,-0.01
T13669,China's Global Influence and Migration,23,1,-22,0.0004,0.0,-0.04
T13133,Architecture and Art History Studies,4,20,16,0.0001,0.0004,0.03
T13665,Legal and cultural studies analysis,3,21,18,0.0001,0.0004,0.04
T10848,Advanced Multi-Objective Optimization Algorithms,10,13,3,0.0002,0.0003,0.01
T10492,Microtubule and mitosis dynamics,14,9,-5,0.0003,0.0002,-0.01
T10207,Advanced biosensing and bioanalysis techniques,21,2,-19,0.0004,0.0,-0.04
T11204,Ion Channels and Receptors,11,12,1,0.0002,0.0002,0.0
T12493,"Memory, violence, and history",8,15,7,0.0002,0.0003,0.01
T10314,Social and Intergroup Psychology,6,17,11,0.0001,0.0003,0.02
T12765,"Race, History, and American Society",9,14,5,0.0002,0.0003,0.01
T13545,Philosophical and Theoretical Analysis,11,12,1,0.0002,0.0002,0.0
T10526,HIV/AIDS drug development and treatment,9,14,5,0.0002,0.0003,0.01
T11895,Social and Cultural Dynamics,5,18,13,0.0001,0.0004,0.03
T11532,Chemokine receptors and signaling,11,12,1,0.0002,0.0002,0.0
T12961,Regional Development and Policy,14,9,-5,0.0003,0.0002,-0.01
T11742,Economic Theory and Policy,17,6,-11,0.0003,0.0001,-0.02
T12281,Animal testing and alternatives,12,11,-1,0.0002,0.0002,-0.0
T10744,Astrophysical Phenomena and Observations,23,0,-23,0.0004,0.0,-0.04
T13134,Latin American Literature Studies,19,4,-15,0.0004,0.0001,-0.03
T10479,Structural Behavior of Reinforced Concrete,11,12,1,0.0002,0.0002,0.0
T13624,Social Sciences and Policies,9,14,5,0.0002,0.0003,0.01
T11987,COVID-19 Impact on Reproduction,14,9,-5,0.0003,0.0002,-0.01
T10831,Cell Adhesion Molecules Research,14,9,-5,0.0003,0.0002,-0.01
T11577,Cognitive Abilities and Testing,9,14,5,0.0002,0.0003,0.01
T11473,Appendicitis Diagnosis and Management,14,9,-5,0.0003,0.0002,-0.01
T12692,Magnetic Field Sensors Techniques,23,0,-23,0.0004,0.0,-0.04
T13850,Night-time city culture,14,9,-5,0.0003,0.0002,-0.01
T13268,Photographic and Visual Arts,3,20,17,0.0001,0.0004,0.03
T13234,advanced mathematical theories,22,0,-22,0.0004,0.0,-0.04
T11290,Preterm Birth and Chorioamnionitis,17,5,-12,0.0003,0.0001,-0.02
T11650,Skin and Cellular Biology Research,12,10,-2,0.0002,0.0002,-0.0
T10342,Circadian rhythm and melatonin,11,11,0,0.0002,0.0002,0.0
T11223,Maritime Ports and Logistics,9,13,4,0.0002,0.0003,0.01
T10731,Educational Games and Gamification,9,13,4,0.0002,0.0003,0.01
T11464,Homelessness and Social Issues,7,15,8,0.0001,0.0003,0.02
T10004,Soil Carbon and Nitrogen Dynamics,8,14,6,0.0002,0.0003,0.01
T12681,Global Healthcare and Medical Tourism,12,10,-2,0.0002,0.0002,-0.0
T10242,Posttraumatic Stress Disorder Research,8,14,6,0.0002,0.0003,0.01
T11405,Geophysics and Gravity Measurements,15,7,-8,0.0003,0.0001,-0.02
T14515,International Law and Aviation,21,1,-20,0.0004,0.0,-0.04
T10599,Reconstructive Surgery and Microvascular Techniques,13,9,-4,0.0003,0.0002,-0.01
T11332,"Genomics, phytochemicals, and oxidative stress",18,4,-14,0.0003,0.0001,-0.03
T12919,Blood disorders and treatments,13,9,-4,0.0003,0.0002,-0.01
T10582,Ethics in Clinical Research,7,15,8,0.0001,0.0003,0.02
T11859,Educator Training and Historical Pedagogy,6,16,10,0.0001,0.0003,0.02
T11984,Anatomy and Medical Technology,6,16,10,0.0001,0.0003,0.02
T11479,Smart Cities and Technologies,6,16,10,0.0001,0.0003,0.02
T12101,Advanced Bandit Algorithms Research,12,10,-2,0.0002,0.0002,-0.0
T10410,COVID-19 epidemiological studies,10,12,2,0.0002,0.0002,0.0
T11467,Trauma and Emergency Care Studies,12,10,-2,0.0002,0.0002,-0.0
T13766,"Media, Journalism, and Communication History",4,18,14,0.0001,0.0004,0.03
T10656,Child and Animal Learning Development,10,12,2,0.0002,0.0002,0.0
T11210,Mathematical Analysis and Transform Methods,7,15,8,0.0001,0.0003,0.02
T13249,Dielectric properties of ceramics,2,20,18,0.0,0.0004,0.04
T13357,Property Rights and Legal Doctrine,0,22,22,0.0,0.0004,0.04
T11841,Nuclear Structure and Function,16,6,-10,0.0003,0.0001,-0.02
T11144,melanin and skin pigmentation,10,12,2,0.0002,0.0002,0.0
T12108,Management of metastatic bone disease,12,10,-2,0.0002,0.0002,-0.0
T10583,Cancer-related Molecular Pathways,14,7,-7,0.0003,0.0001,-0.01
T14015,Otitis Media and Relapsing Polychondritis,20,1,-19,0.0004,0.0,-0.04
T10890,Trypanosoma species research and implications,10,11,1,0.0002,0.0002,0.0
T12383,Aeolian processes and effects,12,9,-3,0.0002,0.0002,-0.01
T11064,Antiplatelet Therapy and Cardiovascular Diseases,8,13,5,0.0002,0.0003,0.01
T10983,Aortic aneurysm repair treatments,11,10,-1,0.0002,0.0002,-0.0
T10436,Anesthesia and Sedative Agents,7,14,7,0.0001,0.0003,0.01
T10630,Orthopedic Surgery and Rehabilitation,16,5,-11,0.0003,0.0001,-0.02
T11198,Japanese History and Culture,6,15,9,0.0001,0.0003,0.02
T11031,Game Theory and Applications,10,11,1,0.0002,0.0002,0.0
T11871,Advanced Statistical Methods and Models,9,12,3,0.0002,0.0002,0.01
T11150,Endoplasmic Reticulum Stress and Disease,13,8,-5,0.0003,0.0002,-0.01
T11981,Qualitative Research Methods and Ethics,1,20,19,0.0,0.0004,0.04
T13590,"Oral History, Memory, Narrative Analysis",2,19,17,0.0,0.0004,0.03
T14047,Marine and environmental studies,8,13,5,0.0002,0.0003,0.01
T12402,Travel-related health issues,11,10,-1,0.0002,0.0002,-0.0
T10167,Influenza Virus Research Studies,12,9,-3,0.0002,0.0002,-0.01
T11205,Numerical methods in inverse problems,9,12,3,0.0002,0.0002,0.01
T13275,Medical and Health Sciences Research,2,19,17,0.0,0.0004,0.03
T12845,Methemoglobinemia and Tumor Lysis Syndrome,10,11,1,0.0002,0.0002,0.0
T13313,Dupuytren's Contracture and Treatments,11,10,-1,0.0002,0.0002,-0.0
T11639,Mental Health and Patient Involvement,5,16,11,0.0001,0.0003,0.02
T11523,Nanomaterials and Printing Technologies,5,16,11,0.0001,0.0003,0.02
T10182,Child and Adolescent Psychosocial and Emotional Development,11,10,-1,0.0002,0.0002,-0.0
T12741,Maternal and Neonatal Healthcare,1,20,19,0.0,0.0004,0.04
T12226,Neuroblastoma Research and Treatments,15,6,-9,0.0003,0.0001,-0.02
T11521,Salivary Gland Disorders and Functions,12,9,-3,0.0002,0.0002,-0.01
T10845,Advanced Causal Inference Techniques,10,11,1,0.0002,0.0002,0.0
T11973,Plant chemical constituents analysis,11,10,-1,0.0002,0.0002,-0.0
T12139,Advanced Thermodynamic Systems and Engines,10,11,1,0.0002,0.0002,0.0
T11267,Abdominal Trauma and Injuries,11,10,-1,0.0002,0.0002,-0.0
T10432,DNA and Nucleic Acid Chemistry,13,8,-5,0.0003,0.0002,-0.01
T12067,Renal and Vascular Pathologies,14,7,-7,0.0003,0.0001,-0.01
T13742,Metallurgy and Cultural Artifacts,16,5,-11,0.0003,0.0001,-0.02
T10658,Bone fractures and treatments,13,8,-5,0.0003,0.0002,-0.01
T11890,Scientific Measurement and Uncertainty Evaluation,9,12,3,0.0002,0.0002,0.01
T12504,Mathematics and Applications,13,8,-5,0.0003,0.0002,-0.01
T10782,Nanoplatforms for cancer theranostics,19,2,-17,0.0004,0.0,-0.03
T12348,Rural Development and Agriculture,14,7,-7,0.0003,0.0001,-0.01
T10485,"Bullying, Victimization, and Aggression",10,11,1,0.0002,0.0002,0.0
T10581,Neural dynamics and brain function,14,7,-7,0.0003,0.0001,-0.01
T10196,Pain Mechanisms and Treatments,12,9,-3,0.0002,0.0002,-0.01
T10344,Management and Organizational Studies,11,9,-2,0.0002,0.0002,-0.0
T12760,Laser Design and Applications,19,1,-18,0.0004,0.0,-0.03
T13833,Ferrocene Chemistry and Applications,17,3,-14,0.0003,0.0001,-0.03
T11930,"Cardiac, Anesthesia and Surgical Outcomes",18,2,-16,0.0003,0.0,-0.03
T11903,Private Equity and Venture Capital,13,7,-6,0.0003,0.0001,-0.01
T10737,Health Literacy and Information Accessibility,9,11,2,0.0002,0.0002,0.0
T10365,Gastrointestinal motility and disorders,6,14,8,0.0001,0.0003,0.02
T12448,Paranormal Experiences and Beliefs,7,13,6,0.0001,0.0003,0.01
T10762,"Migration, Health and Trauma",8,12,4,0.0002,0.0002,0.01
T11211,3D Surveying and Cultural Heritage,6,14,8,0.0001,0.0003,0.02
T14055,Consumer Packaging Perceptions and Trends,5,15,10,0.0001,0.0003,0.02
T10008,Teacher Education and Leadership Studies,1,19,18,0.0,0.0004,0.04
T12325,Urban Design and Spatial Analysis,5,15,10,0.0001,0.0003,0.02
T13863,Cultural History and Identity Formation,1,19,18,0.0,0.0004,0.04
T10387,Fatty Acid Research and Health,9,11,2,0.0002,0.0002,0.0
T11385,Natural product bioactivities and synthesis,15,5,-10,0.0003,0.0001,-0.02
T10456,Multi-Agent Systems and Negotiation,7,13,6,0.0001,0.0003,0.01
T10975,Bone Tumor Diagnosis and Treatments,9,11,2,0.0002,0.0002,0.0
T10912,Telemedicine and Telehealth Implementation,6,14,8,0.0001,0.0003,0.02
T10781,Plasma Diagnostics and Applications,19,1,-18,0.0004,0.0,-0.03
T10489,Regulation of Appetite and Obesity,10,10,0,0.0002,0.0002,0.0
T10702,Insect and Arachnid Ecology and Behavior,12,8,-4,0.0002,0.0002,-0.01
T12539,Pharmacology and Obesity Treatment,13,7,-6,0.0003,0.0001,-0.01
T11305,"Amyloidosis: Diagnosis, Treatment, Outcomes",14,6,-8,0.0003,0.0001,-0.02
T11703,"Rings, Modules, and Algebras",17,3,-14,0.0003,0.0001,-0.03
T12778,History of Medicine and Tropical Health,5,15,10,0.0001,0.0003,0.02
T10102,scientometrics and bibliometrics research,7,13,6,0.0001,0.0003,0.01
T13819,Collaborative and Sustainable Housing Initiatives,2,18,16,0.0,0.0004,0.03
T11453,Diagnosis and Treatment of Venous Diseases,10,10,0,0.0002,0.0002,0.0
T11857,Archaeological and Historical Studies,14,6,-8,0.0003,0.0001,-0.02
T10018,Advancements in Battery Materials,10,10,0,0.0002,0.0002,0.0
T11388,"Grief, Bereavement, and Mental Health",10,10,0,0.0002,0.0002,0.0
T14147,Innovative Approaches in Technology and Social Development,12,7,-5,0.0002,0.0001,-0.01
T13634,Middle East and Rwanda Conflicts,15,4,-11,0.0003,0.0001,-0.02
T10724,Ion Transport and Channel Regulation,8,11,3,0.0002,0.0002,0.01
T13952,Information Technology and Learning,19,0,-19,0.0004,0.0,-0.04
T12358,Thermal and Kinetic Analysis,6,13,7,0.0001,0.0003,0.01
T12115,Genetic and Environmental Crop Studies,4,15,11,0.0001,0.0003,0.02
T11506,Children's Rights and Participation,5,14,9,0.0001,0.0003,0.02
T10593,Bacterial biofilms and quorum sensing,7,12,5,0.0001,0.0002,0.01
T11980,Human Mobility and Location-Based Analysis,5,14,9,0.0001,0.0003,0.02
T11528,Lichen and fungal ecology,14,5,-9,0.0003,0.0001,-0.02
T11146,Hormonal and reproductive studies,13,6,-7,0.0003,0.0001,-0.01
T12074,Membrane-based Ion Separation Techniques,12,7,-5,0.0002,0.0001,-0.01
T10853,"Anxiety, Depression, Psychometrics, Treatment, Cognitive Processes",11,8,-3,0.0002,0.0002,-0.01
T10882,Cardiomyopathy and Myosin Studies,9,10,1,0.0002,0.0002,0.0
T10552,Colorectal Cancer Screening and Detection,7,12,5,0.0001,0.0002,0.01
T12170,History and Theory of Mathematics,11,8,-3,0.0002,0.0002,-0.01
T10296,Vector-borne infectious diseases,10,9,-1,0.0002,0.0002,-0.0
T12246,Chronic Disease Management Strategies,12,7,-5,0.0002,0.0001,-0.01
T13418,Photocathodes and Microchannel Plates,19,0,-19,0.0004,0.0,-0.04
T14229,Physical education and sports games research,19,0,-19,0.0004,0.0,-0.04
T13938,Historical and Contemporary Political Dynamics,11,8,-3,0.0002,0.0002,-0.01
T11993,Atomic and Subatomic Physics Research,19,0,-19,0.0004,0.0,-0.04
T11367,Particle accelerators and beam dynamics,19,0,-19,0.0004,0.0,-0.04
T11522,VLSI and FPGA Design Techniques,17,2,-15,0.0003,0.0,-0.03
T10591,Theoretical and Computational Physics,17,2,-15,0.0003,0.0,-0.03
T11128,Transition Metal Oxide Nanomaterials,14,5,-9,0.0003,0.0001,-0.02
T10356,Orthodontics and Dentofacial Orthopedics,8,11,3,0.0002,0.0002,0.01
T12501,Digital Economy and Work Transformation,13,6,-7,0.0003,0.0001,-0.01
T11260,Tracheal and airway disorders,13,6,-7,0.0003,0.0001,-0.01
T13484,German History and Society,6,13,7,0.0001,0.0003,0.01
T13004,Vitamin K Research Studies,12,7,-5,0.0002,0.0001,-0.01
T10685,Viral-associated cancers and disorders,12,7,-5,0.0002,0.0001,-0.01
T10565,"Psychopathy, Forensic Psychiatry, Sexual Offending",6,13,7,0.0001,0.0003,0.01
T11754,SARS-CoV-2 detection and testing,8,11,3,0.0002,0.0002,0.01
T10952,PI3K/AKT/mTOR signaling in cancer,13,6,-7,0.0003,0.0001,-0.01
T14434,Historical and Modern Theater Studies,3,16,13,0.0001,0.0003,0.03
T13080,Advanced Differential Geometry Research,1,18,17,0.0,0.0004,0.03
T11805,Agricultural economics and policies,1,18,17,0.0,0.0004,0.03
T10994,"Terrorism, Counterterrorism, and Political Violence",0,19,19,0.0,0.0004,0.04
T10771,Wound Healing and Treatments,8,11,3,0.0002,0.0002,0.01
T11176,Radiation Therapy and Dosimetry,8,11,3,0.0002,0.0002,0.01
T13146,Sustainable Finance and Green Bonds,3,16,13,0.0001,0.0003,0.03
T11072,Peroxisome Proliferator-Activated Receptors,12,6,-6,0.0002,0.0001,-0.01
T11936,Chemical and Physical Properties in Aqueous Solutions,7,11,4,0.0001,0.0002,0.01
T10733,Wheat and Barley Genetics and Pathology,11,7,-4,0.0002,0.0001,-0.01
T10461,Gas Sensing Nanomaterials and Sensors,11,7,-4,0.0002,0.0001,-0.01
T12748,Molecular spectroscopy and chirality,9,9,0,0.0002,0.0002,0.0
T11913,Animal Ecology and Behavior Studies,9,9,0,0.0002,0.0002,0.0
T12927,"Memory, History, Trauma, Identity",3,15,12,0.0001,0.0003,0.02
T11769,Copyright and Intellectual Property,12,6,-6,0.0002,0.0001,-0.01
T10867,Intensive Care Unit Cognitive Disorders,13,5,-8,0.0003,0.0001,-0.02
T10047,Financial Markets and Investment Strategies,7,11,4,0.0001,0.0002,0.01
T10637,Advanced Clustering Algorithms Research,3,15,12,0.0001,0.0003,0.02
T12557,Inorganic Chemistry and Materials,13,5,-8,0.0003,0.0001,-0.02
T11070,Soviet and Russian History,2,16,14,0.0,0.0003,0.03
T14206,Animal Law and Welfare,1,17,16,0.0,0.0003,0.03
T10669,Freshwater macroinvertebrate diversity and ecology,7,11,4,0.0001,0.0002,0.01
T12168,Health and Medical Research Impacts,9,9,0,0.0002,0.0002,0.0
T10171,Biofuel production and bioconversion,10,8,-2,0.0002,0.0002,-0.0
T10982,Motor Control and Adaptation,4,14,10,0.0001,0.0003,0.02
T11717,Postcolonial and Cultural Literary Studies,2,16,14,0.0,0.0003,0.03
T11311,Soil and Water Nutrient Dynamics,6,12,6,0.0001,0.0002,0.01
T11814,Advanced Manufacturing and Logistics Optimization,11,7,-4,0.0002,0.0001,-0.01
T11472,Analytical Chemistry and Sensors,14,4,-10,0.0003,0.0001,-0.02
T11599,Aviation Industry Analysis and Trends,9,9,0,0.0002,0.0002,0.0
T10700,Metal Forming Simulation Techniques,9,9,0,0.0002,0.0002,0.0
T10777,Politics and Society in Latin America,8,10,2,0.0002,0.0002,0.0
T13256,Archaeology and Rock Art Studies,7,11,4,0.0001,0.0002,0.01
T10145,Consumer Behavior in Brand Consumption and Identification,14,4,-10,0.0003,0.0001,-0.02
T14151,Literary Analysis and Cultural Studies,17,1,-16,0.0003,0.0,-0.03
T10359,Dental Implant Techniques and Outcomes,8,10,2,0.0002,0.0002,0.0
T13845,Classical Studies and Legal History,13,5,-8,0.0003,0.0001,-0.02
T10911,Chemical Synthesis and Analysis,18,0,-18,0.0003,0.0,-0.03
T12854,Neurology and Historical Studies,12,6,-6,0.0002,0.0001,-0.01
T13291,Political Theory and Democracy,3,15,12,0.0001,0.0003,0.02
T11179,Nematode management and characterization studies,13,5,-8,0.0003,0.0001,-0.02
T12192,Polysaccharides Composition and Applications,7,11,4,0.0001,0.0002,0.01
T11142,Advanced Glycation End Products research,9,9,0,0.0002,0.0002,0.0
T11834,Liver Diseases and Immunity,9,9,0,0.0002,0.0002,0.0
T14365,Leaf Properties and Growth Measurement,14,4,-10,0.0003,0.0001,-0.02
T12648,Academic Writing and Publishing,4,14,10,0.0001,0.0003,0.02
T13504,African history and culture analysis,17,1,-16,0.0003,0.0,-0.03
T14134,Medical and Biological Sciences,8,10,2,0.0002,0.0002,0.0
T12017,Recycling and Waste Management Techniques,10,8,-2,0.0002,0.0002,-0.0
T12306,Urban and Freight Transport Logistics,12,6,-6,0.0002,0.0001,-0.01
T10528,"Adipokines, Inflammation, and Metabolic Diseases",9,9,0,0.0002,0.0002,0.0
T12261,Statistical Mechanics and Entropy,8,10,2,0.0002,0.0002,0.0
T11045,"Privacy, Security, and Data Protection",8,10,2,0.0002,0.0002,0.0
T11631,"Retirement, Disability, and Employment",7,11,4,0.0001,0.0002,0.01
T13196,Political Theory and Influence,13,5,-8,0.0003,0.0001,-0.02
T10624,Silicon and Solar Cell Technologies,4,14,10,0.0001,0.0003,0.02
T13936,Physical Education and Gymnastics,0,18,18,0.0,0.0004,0.04
T11589,Gynecological conditions and treatments,7,11,4,0.0001,0.0002,0.01
T12229,Pharmacological Effects and Toxicity Studies,15,3,-12,0.0003,0.0001,-0.02
T11705,Gambling Behavior and Treatments,11,7,-4,0.0002,0.0001,-0.01
T11051,Sirtuins and Resveratrol in Medicine,10,8,-2,0.0002,0.0002,-0.0
T12441,Porphyrin Metabolism and Disorders,11,7,-4,0.0002,0.0001,-0.01
T10374,Advanced Graph Theory Research,8,10,2,0.0002,0.0002,0.0
T13986,Medical Practices and Rehabilitation,0,18,18,0.0,0.0004,0.04
T14259,Legal Rights and Human Rights,0,18,18,0.0,0.0004,0.04
T11406,Cerebrospinal fluid and hydrocephalus,10,7,-3,0.0002,0.0001,-0.01
T11430,Disaster Response and Management,13,4,-9,0.0003,0.0001,-0.02
T11761,Resilience and Mental Health,12,5,-7,0.0002,0.0001,-0.01
T10934,Heat shock proteins research,9,8,-1,0.0002,0.0002,-0.0
T12812,Meromorphic and Entire Functions,15,2,-13,0.0003,0.0,-0.03
T10729,Electrospun Nanofibers in Biomedical Applications,10,7,-3,0.0002,0.0001,-0.01
T10625,Herpesvirus Infections and Treatments,11,6,-5,0.0002,0.0001,-0.01
T12664,Clinical practice guidelines implementation,9,8,-1,0.0002,0.0002,-0.0
T11760,Plant responses to elevated CO2,11,6,-5,0.0002,0.0001,-0.01
T10815,Parasite Biology and Host Interactions,14,3,-11,0.0003,0.0001,-0.02
T10394,Lipoproteins and Cardiovascular Health,9,8,-1,0.0002,0.0002,-0.0
T11048,Bacteriophages and microbial interactions,12,5,-7,0.0002,0.0001,-0.01
T11649,Pharmaceutical industry and healthcare,5,12,7,0.0001,0.0002,0.01
T11492,Academic integrity and plagiarism,7,10,3,0.0001,0.0002,0.01
T11212,Cultural Heritage Materials Analysis,6,11,5,0.0001,0.0002,0.01
T10596,Child Nutrition and Water Access,10,7,-3,0.0002,0.0001,-0.01
T11376,Geriatric Care and Nursing Homes,4,13,9,0.0001,0.0003,0.02
T11977,Technology Use by Older Adults,4,13,9,0.0001,0.0003,0.02
T10969,Water resources management and optimization,6,11,5,0.0001,0.0002,0.01
T13404,Geological and Tectonic Studies in Latin America,6,11,5,0.0001,0.0002,0.01
T13577,Sephardic Jews and Inquisition Studies,4,13,9,0.0001,0.0003,0.02
T11789,Land Rights and Reforms,1,16,15,0.0,0.0003,0.03
T11853,Semiconductor materials and interfaces,9,8,-1,0.0002,0.0002,-0.0
T11965,"Quantum, superfluid, helium dynamics",14,3,-11,0.0003,0.0001,-0.02
T13198,"Historical, Religious, and Philosophical Studies",12,5,-7,0.0002,0.0001,-0.01
T11738,Ultrasound in Clinical Applications,9,8,-1,0.0002,0.0002,-0.0
T12456,Geotourism and Geoheritage Conservation,6,11,5,0.0001,0.0002,0.01
T13219,Mind wandering and attention,13,4,-9,0.0003,0.0001,-0.02
T10880,Environmental Sustainability in Business,10,7,-3,0.0002,0.0001,-0.01
T10120,Bacterial Genetics and Biotechnology,3,14,11,0.0001,0.0003,0.02
T13392,History of Education in Spain,9,8,-1,0.0002,0.0002,-0.0
T12237,Congenital gastrointestinal and neural anomalies,8,9,1,0.0002,0.0002,0.0
T14061,Educational Practices and Policies,17,0,-17,0.0003,0.0,-0.03
T10992,Forensic Anthropology and Bioarchaeology Studies,9,8,-1,0.0002,0.0002,-0.0
T12900,Organ and Tissue Transplantation Research,10,7,-3,0.0002,0.0001,-0.01
T12816,Global Public Health Policies and Epidemiology,12,5,-7,0.0002,0.0001,-0.01
T10210,Advanced oxidation water treatment,7,10,3,0.0001,0.0002,0.01
T11239,Social Capital and Networks,9,8,-1,0.0002,0.0002,-0.0
T11059,Market Dynamics and Volatility,13,4,-9,0.0003,0.0001,-0.02
T11266,Neuroinflammation and Neurodegeneration Mechanisms,10,7,-3,0.0002,0.0001,-0.01
T13372,Archaeology and Historical Studies,16,1,-15,0.0003,0.0,-0.03
T12893,Organic Chemistry Cycloaddition Reactions,11,6,-5,0.0002,0.0001,-0.01
T13018,Seismology and Earthquake Studies,7,10,3,0.0001,0.0002,0.01
T11667,Advanced Chemical Sensor Technologies,16,1,-15,0.0003,0.0,-0.03
T12254,Machine Learning in Bioinformatics,12,5,-7,0.0002,0.0001,-0.01
T10678,Inflammatory mediators and NSAID effects,8,9,1,0.0002,0.0002,0.0
T13753,Diverse multidisciplinary academic research,17,0,-17,0.0003,0.0,-0.03
T12860,Family and Patient Care in Intensive Care Units,10,7,-3,0.0002,0.0001,-0.01
T11319,Curcumin's Biomedical Applications,7,10,3,0.0001,0.0002,0.01
T11278,Calcium Carbonate Crystallization and Inhibition,6,11,5,0.0001,0.0002,0.01
T11193,Adenosine and Purinergic Signaling,12,5,-7,0.0002,0.0001,-0.01
T13147,Ethics and bioethics in healthcare,0,17,17,0.0,0.0003,0.03
T12725,transportation and logistics systems,0,17,17,0.0,0.0003,0.03
T14322,"Art, Aesthetics, and Perception",2,15,13,0.0,0.0003,0.03
T13336,Religious Freedom and Discrimination,0,17,17,0.0,0.0003,0.03
T11497,Interprofessional Education and Collaboration,7,10,3,0.0001,0.0002,0.01
T10636,Innovative Teaching and Learning Methods,11,6,-5,0.0002,0.0001,-0.01
T10321,Quantum Dots Synthesis And Properties,12,5,-7,0.0002,0.0001,-0.01
T11865,Anorectal Disease Treatments and Outcomes,10,6,-4,0.0002,0.0001,-0.01
T11844,Lipid metabolism and biosynthesis,9,7,-2,0.0002,0.0001,-0.0
T11856,Thermography and Photoacoustic Techniques,9,7,-2,0.0002,0.0001,-0.0
T10722,Work-Family Balance Challenges,5,11,6,0.0001,0.0002,0.01
T10553,Combustion and flame dynamics,11,5,-6,0.0002,0.0001,-0.01
T10732,Laser Material Processing Techniques,8,8,0,0.0002,0.0002,0.0
T10866,Nutritional Studies and Diet,10,6,-4,0.0002,0.0001,-0.01
T12035,Pain Management and Placebo Effect,12,4,-8,0.0002,0.0001,-0.02
T11131,Proteoglycans and glycosaminoglycans research,12,4,-8,0.0002,0.0001,-0.02
T13304,Synthesis and Reactivity of Sulfur-Containing Compounds,7,9,2,0.0001,0.0002,0.0
T10126,"Logic, programming, and type systems",11,5,-6,0.0002,0.0001,-0.01
T10505,Pluripotent Stem Cells Research,7,9,2,0.0001,0.0002,0.0
T11776,Irish and British Studies,11,5,-6,0.0002,0.0001,-0.01
T11995,"FinTech, Crowdfunding, Digital Finance",9,7,-2,0.0002,0.0001,-0.0
T10821,Cardiovascular Function and Risk Factors,9,7,-2,0.0002,0.0001,-0.0
T11271,Myasthenia Gravis and Thymoma,9,7,-2,0.0002,0.0001,-0.0
T13092,Environmental Chemistry and Analysis,4,12,8,0.0001,0.0002,0.02
T12869,Occupational Health and Burnout,1,15,14,0.0,0.0003,0.03
T10850,Heat Transfer and Boiling Studies,7,9,2,0.0001,0.0002,0.0
T13222,"Caribbean history, culture, and politics",3,13,10,0.0001,0.0003,0.02
T10398,Groundwater and Isotope Geochemistry,10,6,-4,0.0002,0.0001,-0.01
T11161,Consumer Market Behavior and Pricing,6,10,4,0.0001,0.0002,0.01
T10819,Mercury impact and mitigation studies,8,8,0,0.0002,0.0002,0.0
T13945,"Legal, Health, Environmental and COVID-19 Challenges",1,15,14,0.0,0.0003,0.03
T13614,Social and Economic Solidarity,6,10,4,0.0001,0.0002,0.01
T10873,Bacterial Infections and Vaccines,11,5,-6,0.0002,0.0001,-0.01
T10034,"Syntax, Semantics, Linguistic Variation",2,14,12,0.0,0.0003,0.02
T12438,Urticaria and Related Conditions,11,5,-6,0.0002,0.0001,-0.01
T13595,Archaeology and Cultural Heritage,4,12,8,0.0001,0.0002,0.02
T10080,Energy Efficient Wireless Sensor Networks,9,7,-2,0.0002,0.0001,-0.0
T10654,Pneumonia and Respiratory Infections,9,7,-2,0.0002,0.0001,-0.0
T12600,Eosinophilic Disorders and Syndromes,9,7,-2,0.0002,0.0001,-0.0
T10538,Data Mining Algorithms and Applications,8,8,0,0.0002,0.0002,0.0
T13473,Economic Zones and Regional Development,16,0,-16,0.0003,0.0,-0.03
T10701,Radical Photochemical Reactions,9,7,-2,0.0002,0.0001,-0.0
T12856,Transgenic Plants and Applications,14,2,-12,0.0003,0.0,-0.02
T12049,Tuberous Sclerosis Complex Research,9,7,-2,0.0002,0.0001,-0.0
T12209,Bone and Joint Diseases,10,6,-4,0.0002,0.0001,-0.01
T11069,Testicular diseases and treatments,9,7,-2,0.0002,0.0001,-0.0
T11304,Advanced Neuroimaging Techniques and Applications,10,6,-4,0.0002,0.0001,-0.01
T11147,Misinformation and Its Impacts,6,10,4,0.0001,0.0002,0.01
T11509,Hip and Femur Fractures,9,7,-2,0.0002,0.0001,-0.0
T10989,Uterine Myomas and Treatments,8,8,0,0.0002,0.0002,0.0
T11197,Digital Games and Media,4,12,8,0.0001,0.0002,0.02
T12641,Historical and socio-economic studies of Spain and related regions,11,5,-6,0.0002,0.0001,-0.01
T11166,Analytic Number Theory Research,8,8,0,0.0002,0.0002,0.0
T11345,Cognitive and developmental aspects of mathematical skills,12,4,-8,0.0002,0.0001,-0.02
T10310,Corrosion Behavior and Inhibition,8,8,0,0.0002,0.0002,0.0
T12187,Glutathione Transferases and Polymorphisms,8,8,0,0.0002,0.0002,0.0
T10442,Knee injuries and reconstruction techniques,7,9,2,0.0001,0.0002,0.0
T12045,Rice Cultivation and Yield Improvement,5,11,6,0.0001,0.0002,0.01
T11991,Soft tissue tumor case studies,8,8,0,0.0002,0.0002,0.0
T12746,Sustainable Industrial Ecology,11,5,-6,0.0002,0.0001,-0.01
T13914,European Cultural and National Identity,2,14,12,0.0,0.0003,0.02
T11591,NF-κB Signaling Pathways,4,12,8,0.0001,0.0002,0.02
T12621,Hemispheric Asymmetry in Neuroscience,3,13,10,0.0001,0.0003,0.02
T10275,2D Materials and Applications,7,9,2,0.0001,0.0002,0.0
T10324,Microbial bioremediation and biosurfactants,9,7,-2,0.0002,0.0001,-0.0
T13376,Criminal Law and Policy,1,15,14,0.0,0.0003,0.03
T13603,Corporate Social Responsibility and Sustainability,0,16,16,0.0,0.0003,0.03
T11771,Plant Pathogens and Resistance,7,8,1,0.0001,0.0002,0.0
T14072,Immunotoxicology and immune responses,8,7,-1,0.0002,0.0001,-0.0
T11482,RNA modifications and cancer,14,1,-13,0.0003,0.0,-0.03
T11481,Sulfur Compounds in Biology,8,7,-1,0.0002,0.0001,-0.0
T12755,Legal Education and Practice Innovations,6,9,3,0.0001,0.0002,0.01
T12918,Healthcare Systems and Technology,3,12,9,0.0001,0.0002,0.02
T11303,Bayesian Modeling and Causal Inference,11,4,-7,0.0002,0.0001,-0.01
T12231,Contemporary Sociological Theory and Practice,4,11,7,0.0001,0.0002,0.01
T12282,Mineral Processing and Grinding,13,2,-11,0.0003,0.0,-0.02
T11744,Health Sciences Research and Education,5,10,5,0.0001,0.0002,0.01
T11318,Phytoestrogen effects and research,7,8,1,0.0001,0.0002,0.0
T10068,Technology Adoption and User Behaviour,5,10,5,0.0001,0.0002,0.01
T10367,Agricultural Innovations and Practices,4,11,7,0.0001,0.0002,0.01
T10869,Polysaccharides and Plant Cell Walls,9,6,-3,0.0002,0.0001,-0.01
T13801,Urban Arborization and Environmental Studies,3,12,9,0.0001,0.0002,0.02
T11035,Salivary Gland Tumors Diagnosis and Treatment,8,7,-1,0.0002,0.0001,-0.0
T11068,Tendon Structure and Treatment,9,6,-3,0.0002,0.0001,-0.01
T10958,Ultrasound and Hyperthermia Applications,8,7,-1,0.0002,0.0001,-0.0
T12178,Bird parasitology and diseases,11,4,-7,0.0002,0.0001,-0.01
T10257,Oral microbiology and periodontitis research,7,8,1,0.0001,0.0002,0.0
T12044,Advanced Physical and Chemical Molecular Interactions,2,13,11,0.0,0.0003,0.02
T10508,Patient Safety and Medication Errors,6,9,3,0.0001,0.0002,0.01
T10979,Breastfeeding Practices and Influences,8,7,-1,0.0002,0.0001,-0.0
T10467,Psychometric Methodologies and Testing,3,12,9,0.0001,0.0002,0.02
T10267,Higher Education Research Studies,0,15,15,0.0,0.0003,0.03
T12608,Spatial Neglect and Hemispheric Dysfunction,8,7,-1,0.0002,0.0001,-0.0
T11743,Political Economy and Marxism,5,10,5,0.0001,0.0002,0.01
T11863,"Gender, Security, and Conflict",4,11,7,0.0001,0.0002,0.01
T11350,Sex work and related issues,4,11,7,0.0001,0.0002,0.01
T12937,Chemotherapy-related skin toxicity,7,8,1,0.0001,0.0002,0.0
T11764,Evolution and Genetic Dynamics,6,9,3,0.0001,0.0002,0.01
T10265,Multilingual Education and Policy,5,10,5,0.0001,0.0002,0.01
T10480,Ionic liquids properties and applications,6,9,3,0.0001,0.0002,0.01
T10760,Pancreatitis Pathology and Treatment,7,8,1,0.0001,0.0002,0.0
T10548,Catalytic Cross-Coupling Reactions,5,10,5,0.0001,0.0002,0.01
T11531,Healthcare Systems and Reforms,7,8,1,0.0001,0.0002,0.0
T11728,Thyroid and Parathyroid Surgery,4,11,7,0.0001,0.0002,0.01
T12552,Fetal and Pediatric Neurological Disorders,9,6,-3,0.0002,0.0001,-0.01
T13690,Quality and Safety in Healthcare,12,3,-9,0.0002,0.0001,-0.02
T11935,"Literacy, Media, and Education",3,12,9,0.0001,0.0002,0.02
T10963,Advanced Optimization Algorithms Research,10,5,-5,0.0002,0.0001,-0.01
T12917,Astronomy and Astrophysical Research,13,2,-11,0.0003,0.0,-0.02
T12349,Food Chemistry and Fat Analysis,12,3,-9,0.0002,0.0001,-0.02
T11986,Scientific Computing and Data Management,10,5,-5,0.0002,0.0001,-0.01
T11710,Biomedical Text Mining and Ontologies,12,3,-9,0.0002,0.0001,-0.02
T11909,Histiocytic Disorders and Treatments,7,8,1,0.0001,0.0002,0.0
T13077,Cancer-related cognitive impairment studies,10,5,-5,0.0002,0.0001,-0.01
T11171,Diabetes and associated disorders,9,6,-3,0.0002,0.0001,-0.01
T12714,Youth Education and Societal Dynamics,3,12,9,0.0001,0.0002,0.02
T10708,Mindfulness and Compassion Interventions,5,10,5,0.0001,0.0002,0.01
T12827,Biochemical and Molecular Research,7,8,1,0.0001,0.0002,0.0
T10629,Health Policy Implementation Science,7,8,1,0.0001,0.0002,0.0
T13106,"Neuroscience, Education and Cognitive Function",12,3,-9,0.0002,0.0001,-0.02
T14030,Taxation and Legal Issues,4,11,7,0.0001,0.0002,0.01
T10446,"Income, Poverty, and Inequality",4,11,7,0.0001,0.0002,0.01
T10053,International Relations and Foreign Policy,1,14,13,0.0,0.0003,0.03
T10181,Natural Language Processing Techniques,14,1,-13,0.0003,0.0,-0.03
T12566,Nitrogen and Sulfur Effects on Brassica,6,9,3,0.0001,0.0002,0.01
T10915,Trace Elements in Health,12,3,-9,0.0002,0.0001,-0.02
T11990,Global Health Workforce Issues,3,12,9,0.0001,0.0002,0.02
T10341,Coral and Marine Ecosystems Studies,10,5,-5,0.0002,0.0001,-0.01
T10539,Sustainable Supply Chain Management,7,8,1,0.0001,0.0002,0.0
T12817,Pharmacological Effects of Natural Compounds,12,2,-10,0.0002,0.0,-0.02
T11921,Electroconvulsive Therapy Studies,8,6,-2,0.0002,0.0001,-0.0
T12763,ATP Synthase and ATPases Research,9,5,-4,0.0002,0.0001,-0.01
T11153,Streptococcal Infections and Treatments,9,5,-4,0.0002,0.0001,-0.01
T14213,Global Politics and Economy,14,0,-14,0.0003,0.0,-0.03
T13340,Palliative and Oncologic Care,6,8,2,0.0001,0.0002,0.0
T13692,Italian Social Issues and Migration,5,9,4,0.0001,0.0002,0.01
T11547,Sesquiterpenes and Asteraceae Studies,7,7,0,0.0001,0.0001,0.0
T13937,"Genetics, Bioinformatics, and Biomedical Research",13,1,-12,0.0003,0.0,-0.02
T11848,Heme Oxygenase-1 and Carbon Monoxide,9,5,-4,0.0002,0.0001,-0.01
T12492,Zoonotic diseases and public health,8,6,-2,0.0002,0.0001,-0.0
T11600,Brain Metastases and Treatment,8,6,-2,0.0002,0.0001,-0.0
T10589,Early Childhood Education and Development,3,11,8,0.0001,0.0002,0.02
T12296,Autopsy Techniques and Outcomes,3,11,8,0.0001,0.0002,0.02
T10852,Temporomandibular Joint Disorders,7,7,0,0.0001,0.0001,0.0
T14170,Classical Studies and Philology,2,12,10,0.0,0.0002,0.02
T11970,Molecular Biology Techniques and Applications,10,4,-6,0.0002,0.0001,-0.01
T14464,Community Development and Social Impact,6,8,2,0.0001,0.0002,0.0
T10021,EFL/ESL Teaching and Learning,3,11,8,0.0001,0.0002,0.02
T13043,Youth Culture and Social Dynamics,1,13,12,0.0,0.0003,0.02
T12430,Academic and Historical Perspectives in Psychology,6,8,2,0.0001,0.0002,0.0
T13605,"Homicide, Infanticide, and Child Abuse",8,6,-2,0.0002,0.0001,-0.0
T13005,Religious Studies and Spiritual Practices,9,5,-4,0.0002,0.0001,-0.01
T12668,Yeasts and Rust Fungi Studies,10,4,-6,0.0002,0.0001,-0.01
T12342,Vascular anomalies and interventions,2,12,10,0.0,0.0002,0.02
T12100,Advanced Mathematical Modeling in Engineering,10,4,-6,0.0002,0.0001,-0.01
T12400,Neurogenetic and Muscular Disorders Research,8,6,-2,0.0002,0.0001,-0.0
T14432,Freedom of Expression and Defamation,5,9,4,0.0001,0.0002,0.01
T13240,Bioeconomy and Sustainability Development,6,8,2,0.0001,0.0002,0.0
T11544,"Gender, Labor, and Family Dynamics",6,8,2,0.0001,0.0002,0.0
T11609,Geophysical Methods and Applications,8,6,-2,0.0002,0.0001,-0.0
T11685,Zebrafish Biomedical Research Applications,8,6,-2,0.0002,0.0001,-0.0
T11753,Forest Management and Policy,1,13,12,0.0,0.0003,0.02
T11617,Enzyme Production and Characterization,7,7,0,0.0001,0.0001,0.0
T12394,Insurance and Financial Risk Management,8,6,-2,0.0002,0.0001,-0.0
T10405,Advanced Polymer Synthesis and Characterization,6,8,2,0.0001,0.0002,0.0
T10769,BRCA gene mutations in cancer,5,9,4,0.0001,0.0002,0.01
T12996,Cancer Research and Treatments,11,3,-8,0.0002,0.0001,-0.02
T12140,Renal and related cancers,9,5,-4,0.0002,0.0001,-0.01
T11245,Advanced Numerical Analysis Techniques,13,1,-12,0.0003,0.0,-0.02
T13160,Synthesis and Biological Evaluation,14,0,-14,0.0003,0.0,-0.03
T10830,Airway Management and Intubation Techniques,7,7,0,0.0001,0.0001,0.0
T11044,Particle Detector Development and Performance,13,1,-12,0.0003,0.0,-0.02
T12120,Air Quality Monitoring and Forecasting,12,2,-10,0.0002,0.0,-0.02
T13195,Medieval Iberian Studies,9,5,-4,0.0002,0.0001,-0.01
T11625,Abdominal vascular conditions and treatments,4,10,6,0.0001,0.0002,0.01
T14494,American Literature and Culture,4,10,6,0.0001,0.0002,0.01
T11334,Psychosomatic Disorders and Their Treatments,8,6,-2,0.0002,0.0001,-0.0
T10244,Chaos control and synchronization,8,6,-2,0.0002,0.0001,-0.0
T11443,Advanced Statistical Process Monitoring,6,8,2,0.0001,0.0002,0.0
T12896,Sustainable Agricultural Systems Analysis,4,10,6,0.0001,0.0002,0.01
T10478,Diamond and Carbon-based Materials Research,9,5,-4,0.0002,0.0001,-0.01
T10107,Ferroelectric and Piezoelectric Materials,8,6,-2,0.0002,0.0001,-0.0
T14039,Ecology and biodiversity studies,7,7,0,0.0001,0.0001,0.0
T10730,Language Development and Disorders,3,11,8,0.0001,0.0002,0.02
T10827,Patient-Provider Communication in Healthcare,3,11,8,0.0001,0.0002,0.02
T10620,Protease and Inhibitor Mechanisms,5,9,4,0.0001,0.0002,0.01
T13673,Library Science and Information,0,14,14,0.0,0.0003,0.03
T11854,Laser-induced spectroscopy and plasma,11,3,-8,0.0002,0.0001,-0.02
T10440,Advanced Thermoelectric Materials and Devices,8,6,-2,0.0002,0.0001,-0.0
T10198,Heart Failure Treatment and Management,9,5,-4,0.0002,0.0001,-0.01
T12255,Biosimilars and Bioanalytical Methods,7,7,0,0.0001,0.0001,0.0
T14355,Historical Studies of British Isles,6,8,2,0.0001,0.0002,0.0
T14511,"Medicine, History, and Philosophy",0,14,14,0.0,0.0003,0.03
T13988,Public Administration and Governance,0,14,14,0.0,0.0003,0.03
T10712,Library Science and Information Literacy,0,14,14,0.0,0.0003,0.03
T14195,Linguistic and Cultural Studies,0,14,14,0.0,0.0003,0.03
T10626,High-Temperature Coating Behaviors,7,6,-1,0.0001,0.0001,-0.0
T10909,Edible Oils Quality and Analysis,4,9,5,0.0001,0.0002,0.01
T10682,Quantum Computing Algorithms and Architecture,7,6,-1,0.0001,0.0001,-0.0
T14005,Eastern European Communism and Reforms,5,8,3,0.0001,0.0002,0.01
T11762,"Law, Economics, and Judicial Systems",8,5,-3,0.0002,0.0001,-0.01
T13108,Therapeutic Uses of Natural Elements,8,5,-3,0.0002,0.0001,-0.01
T13823,Religious and Theological Studies,7,6,-1,0.0001,0.0001,-0.0
T13650,Computational Physics and Python Applications,11,2,-9,0.0002,0.0,-0.02
T12505,Peptidase Inhibition and Analysis,13,0,-13,0.0003,0.0,-0.03
T13023,Synthesis of Organic Compounds,10,3,-7,0.0002,0.0001,-0.01
T11894,Radiology practices and education,6,7,1,0.0001,0.0001,0.0
T13119,Philosophy and Social Theory,11,2,-9,0.0002,0.0,-0.02
T10517,"Financial Literacy, Pension, Retirement Analysis",5,8,3,0.0001,0.0002,0.01
T10149,Anthropological Studies and Insights,2,11,9,0.0,0.0002,0.02
T11904,Spatial Cognition and Navigation,10,3,-7,0.0002,0.0001,-0.01
T14490,Human Rights and Immigration,13,0,-13,0.0003,0.0,-0.03
T11040,Personality Traits and Psychology,4,9,5,0.0001,0.0002,0.01
T12154,Pelvic and Acetabular Injuries,8,5,-3,0.0002,0.0001,-0.01
T11110,Stability and Controllability of Differential Equations,7,6,-1,0.0001,0.0001,-0.0
T12459,Nerve Injury and Rehabilitation,7,6,-1,0.0001,0.0001,-0.0
T11285,Hearing Impairment and Communication,4,9,5,0.0001,0.0002,0.01
T12071,Marine Biology and Environmental Chemistry,10,3,-7,0.0002,0.0001,-0.01
T11711,COVID-19 Pandemic Impacts,9,4,-5,0.0002,0.0001,-0.01
T12686,Central European national history,3,10,7,0.0001,0.0002,0.01
T10802,Judicial and Constitutional Studies,2,11,9,0.0,0.0002,0.02
T10036,Advanced Neural Network Applications,2,11,9,0.0,0.0002,0.02
T10677,Attachment and Relationship Dynamics,5,8,3,0.0001,0.0002,0.01
T12526,Antimicrobial agents and applications,6,7,1,0.0001,0.0001,0.0
T12693,"Migration, Ethnicity, and Economy",10,3,-7,0.0002,0.0001,-0.01
T12117,Muscle and Compartmental Disorders,10,3,-7,0.0002,0.0001,-0.01
T14141,Colonial History and Postcolonial Studies,0,13,13,0.0,0.0003,0.03
T10154,Customer Service Quality and Loyalty,5,8,3,0.0001,0.0002,0.01
T13259,American Jewish Fiction Analysis,5,8,3,0.0001,0.0002,0.01
T12806,Ocean Acidification Effects and Responses,7,6,-1,0.0001,0.0001,-0.0
T10132,Advanced ceramic materials synthesis,7,6,-1,0.0001,0.0001,-0.0
T12824,Infections and bacterial resistance,3,10,7,0.0001,0.0002,0.01
T11277,Thermal properties of materials,8,5,-3,0.0002,0.0001,-0.01
T11861,Thermal Regulation in Medicine,8,5,-3,0.0002,0.0001,-0.01
T10655,GNSS positioning and interference,4,9,5,0.0001,0.0002,0.01
T13430,Lipid metabolism and disorders,7,6,-1,0.0001,0.0001,-0.0
T10835,Carbohydrate Chemistry and Synthesis,6,7,1,0.0001,0.0001,0.0
T10542,Vestibular and auditory disorders,13,0,-13,0.0003,0.0,-0.03
T11712,Intergenerational Family Dynamics and Caregiving,3,10,7,0.0001,0.0002,0.01
T12837,American Environmental and Regional History,11,2,-9,0.0002,0.0,-0.02
T11357,Risk and Safety Analysis,11,2,-9,0.0002,0.0,-0.02
T11989,Oxidative Organic Chemistry Reactions,7,6,-1,0.0001,0.0001,-0.0
T10854,Bipolar Disorder and Treatment,8,5,-3,0.0002,0.0001,-0.01
T11364,Cholangiocarcinoma and Gallbladder Cancer Studies,8,5,-3,0.0002,0.0001,-0.01
T12089,Intestinal and Peritoneal Adhesions,7,6,-1,0.0001,0.0001,-0.0
T10169,Protein Kinase Regulation and GTPase Signaling,4,9,5,0.0001,0.0002,0.01
T11535,Chemotherapy-induced cardiotoxicity and mitigation,5,8,3,0.0001,0.0002,0.01
T11658,Esophageal and GI Pathology,9,4,-5,0.0002,0.0001,-0.01
T10844,Radiation Dose and Imaging,7,6,-1,0.0001,0.0001,-0.0
T11519,Digital Mental Health Interventions,8,5,-3,0.0002,0.0001,-0.01
T12768,Linguistics and language evolution,9,4,-5,0.0002,0.0001,-0.01
T11495,Animal Virus Infections Studies,7,6,-1,0.0001,0.0001,-0.0
T12983,Satellite Image Processing and Photogrammetry,3,10,7,0.0001,0.0002,0.01
T12563,History and Politics in Latin America,9,4,-5,0.0002,0.0001,-0.01
T10908,Analytical Chemistry and Chromatography,10,3,-7,0.0002,0.0001,-0.01
T11049,Advanced Harmonic Analysis Research,6,7,1,0.0001,0.0001,0.0
T11199,Pain Management and Opioid Use,6,7,1,0.0001,0.0001,0.0
T10671,Gastroesophageal reflux and treatments,8,5,-3,0.0002,0.0001,-0.01
T12955,Atherosclerosis and Cardiovascular Diseases,7,6,-1,0.0001,0.0001,-0.0
T11829,Mathematical Biology Tumor Growth,4,9,5,0.0001,0.0002,0.01
T10939,Crystal Structures and Properties,8,5,-3,0.0002,0.0001,-0.01
T10688,Image and Signal Denoising Methods,7,6,-1,0.0001,0.0001,-0.0
T10428,Reproductive tract infections research,5,8,3,0.0001,0.0002,0.01
T11923,Mine drainage and remediation techniques,8,5,-3,0.0002,0.0001,-0.01
T10961,Hernia repair and management,6,7,1,0.0001,0.0001,0.0
T13720,Benford’s Law and Fraud Detection,8,5,-3,0.0002,0.0001,-0.01
T12788,Space Science and Extraterrestrial Life,5,8,3,0.0001,0.0002,0.01
T11953,"Neuroethics, Human Enhancement, Biomedical Innovations",3,10,7,0.0001,0.0002,0.01
T11654,Advanced Mathematical Physics Problems,3,10,7,0.0001,0.0002,0.01
T13024,Literary Theory and Cultural Hermeneutics,0,13,13,0.0,0.0003,0.03
T14423,Military Technology and Strategies,12,1,-11,0.0002,0.0,-0.02
T10494,Plant Virus Research Studies,9,4,-5,0.0002,0.0001,-0.01
T12851,Firm Innovation and Growth,9,4,-5,0.0002,0.0001,-0.01
T10520,Mycotoxins in Agriculture and Food,9,4,-5,0.0002,0.0001,-0.01
T10075,Atmospheric chemistry and aerosols,6,7,1,0.0001,0.0001,0.0
T12639,Global Energy and Sustainability Research,11,2,-9,0.0002,0.0,-0.02
T10186,Nursing education and management,4,9,5,0.0001,0.0002,0.01
T10328,Supply Chain and Inventory Management,3,10,7,0.0001,0.0002,0.01
T13380,Sound Studies and Aurality,0,13,13,0.0,0.0003,0.03
T12075,Sodium Intake and Health,5,7,2,0.0001,0.0001,0.0
T13679,Tardigrade Biology and Ecology,5,7,2,0.0001,0.0001,0.0
T12272,Cardiovascular Conditions and Treatments,6,6,0,0.0001,0.0001,0.0
T14448,EU Law and Policy Analysis,5,7,2,0.0001,0.0001,0.0
T10676,"Genetics, Aging, and Longevity in Model Organisms",6,6,0,0.0001,0.0001,0.0
T11021,ECG Monitoring and Analysis,6,6,0,0.0001,0.0001,0.0
T10074,Carbon Nanotubes in Composites,8,4,-4,0.0002,0.0001,-0.01
T14343,Hispanic-African Historical Relations,9,3,-6,0.0002,0.0001,-0.01
T12979,Cardiovascular Disease and Adiposity,11,1,-10,0.0002,0.0,-0.02
T11586,Congenital Diaphragmatic Hernia Studies,7,5,-2,0.0001,0.0001,-0.0
T12096,Ectopic Pregnancy Diagnosis and Management,8,4,-4,0.0002,0.0001,-0.01
T11911,Spatial and Panel Data Analysis,5,7,2,0.0001,0.0001,0.0
T12602,Medical Education and Admissions,4,8,4,0.0001,0.0002,0.01
T14517,Diverse Historical and Scientific Studies,4,8,4,0.0001,0.0002,0.01
T10157,Sports Performance and Training,6,6,0,0.0001,0.0001,0.0
T12530,Bioactive Natural Diterpenoids Research,5,7,2,0.0001,0.0001,0.0
T12461,Narrative Theory and Analysis,4,8,4,0.0001,0.0002,0.01
T12308,Mental Health and Psychiatry,10,2,-8,0.0002,0.0,-0.02
T11633,Prenatal Substance Exposure Effects,6,6,0,0.0001,0.0001,0.0
T12011,"Insurance, Mortality, Demography, Risk Management",2,10,8,0.0,0.0002,0.02
T12819,Environmental Philosophy and Ethics,2,10,8,0.0,0.0002,0.02
T10243,Statistical Methods and Bayesian Inference,5,7,2,0.0001,0.0001,0.0
T12967,Molecular Spectroscopy and Structure,3,9,6,0.0001,0.0002,0.01
T12161,Plant Surface Properties and Treatments,9,3,-6,0.0002,0.0001,-0.01
T10404,Enzyme Catalysis and Immobilization,7,5,-2,0.0001,0.0001,-0.0
T10495,Catalysts for Methane Reforming,5,7,2,0.0001,0.0001,0.0
T13204,Competitive and Knowledge Intelligence,5,7,2,0.0001,0.0001,0.0
T13557,Environmental and sustainability education,1,11,10,0.0,0.0002,0.02
T13316,"Crafts, Textile, and Design",2,10,8,0.0,0.0002,0.02
T10987,Microfinance and Financial Inclusion,1,11,10,0.0,0.0002,0.02
T13745,Media and Digital Communication,0,12,12,0.0,0.0002,0.02
T11592,Phenomenology and Existential Philosophy,3,9,6,0.0001,0.0002,0.01
T10778,Philosophy and History of Science,6,6,0,0.0001,0.0001,0.0
T11559,Retinoids in leukemia and cellular processes,9,3,-6,0.0002,0.0001,-0.01
T10856,Intellectual Property and Patents,8,4,-4,0.0002,0.0001,-0.01
T12805,Cognitive Science and Mapping,8,4,-4,0.0002,0.0001,-0.01
T13860,Arts and Performance Studies,1,11,10,0.0,0.0002,0.02
T13116,Heat Transfer and Numerical Methods,2,10,8,0.0,0.0002,0.02
T12575,Medical History and Research,7,5,-2,0.0001,0.0001,-0.0
T10268,Developmental Biology and Gene Regulation,2,10,8,0.0,0.0002,0.02
T12534,Protein Degradation and Inhibitors,10,2,-8,0.0002,0.0,-0.02
T11653,Financial Distress and Bankruptcy Prediction,4,8,4,0.0001,0.0002,0.01
T10455,Foot and Ankle Surgery,6,6,0,0.0001,0.0001,0.0
T12196,Community Health and Development,7,5,-2,0.0001,0.0001,-0.0
T11815,Urological Disorders and Treatments,9,3,-6,0.0002,0.0001,-0.01
T12436,Agronomic Practices and Intercropping Systems,3,9,6,0.0001,0.0002,0.01
T10313,Surface Modification and Superhydrophobicity,8,4,-4,0.0002,0.0001,-0.01
T12060,Child Development and Digital Technology,8,4,-4,0.0002,0.0001,-0.01
T12286,Erythrocyte Function and Pathophysiology,12,0,-12,0.0002,0.0,-0.02
T10768,Electric Vehicles and Infrastructure,6,6,0,0.0001,0.0001,0.0
T11686,Dendrimers and Hyperbranched Polymers,7,5,-2,0.0001,0.0001,-0.0
T10513,Natural Fiber Reinforced Composites,6,6,0,0.0001,0.0001,0.0
T10302,Fish Ecology and Management Studies,8,4,-4,0.0002,0.0001,-0.01
T11872,Barrier Structure and Function Studies,4,8,4,0.0001,0.0002,0.01
T11618,Cholesterol and Lipid Metabolism,7,5,-2,0.0001,0.0001,-0.0
T14232,Water Resource Management and Quality,5,7,2,0.0001,0.0001,0.0
T12776,Electrohydrodynamics and Fluid Dynamics,12,0,-12,0.0002,0.0,-0.02
T11922,Cardiovascular Effects of Exercise,8,4,-4,0.0002,0.0001,-0.01
T11320,Atmospheric Ozone and Climate,12,0,-12,0.0002,0.0,-0.02
T11809,Advanced NMR Techniques and Applications,8,4,-4,0.0002,0.0001,-0.01
T14493,Criminal Law and Evidence,8,4,-4,0.0002,0.0001,-0.01
T11554,Vascular Procedures and Complications,6,6,0,0.0001,0.0001,0.0
T11961,Neonatal and Maternal Infections,6,6,0,0.0001,0.0001,0.0
T12797,History of Computing Technologies,11,1,-10,0.0002,0.0,-0.02
T11684,Vibrio bacteria research studies,10,2,-8,0.0002,0.0,-0.02
T12716,Congenital Anomalies and Fetal Surgery,5,7,2,0.0001,0.0001,0.0
T12310,Crop Yield and Soil Fertility,5,7,2,0.0001,0.0001,0.0
T10716,Soil and Unsaturated Flow,6,6,0,0.0001,0.0001,0.0
T12704,Stress and Burnout Research,4,8,4,0.0001,0.0002,0.01
T12908,"Media, Gender, and Advertising",7,5,-2,0.0001,0.0001,-0.0
T10763,Digital Transformation in Industry,6,6,0,0.0001,0.0001,0.0
T12270,Microwave-Assisted Synthesis and Applications,2,10,8,0.0,0.0002,0.02
T12311,Political Theology and Sovereignty,4,8,4,0.0001,0.0002,0.01
T13604,"Adsorption, diffusion, and thermodynamic properties of materials",2,10,8,0.0,0.0002,0.02
T12321,Insect Pheromone Research and Control,2,10,8,0.0,0.0002,0.02
T11028,Social Work Education and Practice,1,11,10,0.0,0.0002,0.02
T13059,"Religion, Ecology, and Ethics",2,10,8,0.0,0.0002,0.02
T14112,"Economic, financial, and policy analysis",1,11,10,0.0,0.0002,0.02
T12883,Sustainable Development and Environmental Management,0,12,12,0.0,0.0002,0.02
T12766,Interdisciplinary Research and Collaboration,0,12,12,0.0,0.0002,0.02
T13074,Global Financial Regulation and Crises,8,4,-4,0.0002,0.0001,-0.01
T11621,Fiscal Policies and Political Economy,5,7,2,0.0001,0.0001,0.0
T11091,Extraction and Separation Processes,10,2,-8,0.0002,0.0,-0.02
T13946,Musculoskeletal Disorders and Rehabilitation,12,0,-12,0.0002,0.0,-0.02
T10610,Advanced Cellulose Research Studies,9,3,-6,0.0002,0.0001,-0.01
T11677,Congenital heart defects research,11,1,-10,0.0002,0.0,-0.02
T12041,Public Health Policies and Education,1,11,10,0.0,0.0002,0.02
T11928,Genetic Syndromes and Imprinting,9,3,-6,0.0002,0.0001,-0.01
T10056,Neurotransmitter Receptor Influence on Behavior,5,7,2,0.0001,0.0001,0.0
T12872,Philippine History and Culture,6,5,-1,0.0001,0.0001,-0.0
T14095,"Literature, Musicology, and Cultural Analysis",11,0,-11,0.0002,0.0,-0.02
T11227,Diabetic Foot Ulcer Assessment and Management,7,4,-3,0.0001,0.0001,-0.01
T11670,Pressure Ulcer Prevention and Management,5,6,1,0.0001,0.0001,0.0
T14477,"Management, Economics, and Public Policy",11,0,-11,0.0002,0.0,-0.02
T10427,Visual perception and processing mechanisms,8,3,-5,0.0002,0.0001,-0.01
T13453,Alkaline Phosphatase Research Studies,8,3,-5,0.0002,0.0001,-0.01
T11860,"HIV, Drug Use, Sexual Risk",7,4,-3,0.0001,0.0001,-0.01
T12571,Soybean genetics and cultivation,10,1,-9,0.0002,0.0,-0.02
T13762,Education and Labor Relations,1,10,9,0.0,0.0002,0.02
T12104,Protein Tyrosine Phosphatases,7,4,-3,0.0001,0.0001,-0.01
T14311,Electrical and Electromagnetic Research,11,0,-11,0.0002,0.0,-0.02
T11783,Turkey's Politics and Society,8,3,-5,0.0002,0.0001,-0.01
T12191,Chemical Reaction Mechanisms,6,5,-1,0.0001,0.0001,-0.0
T12609,Latin American socio-political dynamics,6,5,-1,0.0001,0.0001,-0.0
T10601,Handwritten Text Recognition Techniques,4,7,3,0.0001,0.0001,0.01
T11826,Ocular Infections and Treatments,6,5,-1,0.0001,0.0001,-0.0
T10133,Media Studies and Communication,4,7,3,0.0001,0.0001,0.01
T11571,Sarcoidosis and Beryllium Toxicity Research,6,5,-1,0.0001,0.0001,-0.0
T11579,Cardiovascular and Diving-Related Complications,6,5,-1,0.0001,0.0001,-0.0
T13428,Anarchism and Radical Politics,1,10,9,0.0,0.0002,0.02
T11480,Connexins and lens biology,6,5,-1,0.0001,0.0001,-0.0
T14433,Post-Communist Economic and Political Transition,4,7,3,0.0001,0.0001,0.01
T12375,Cuban History and Society,6,5,-1,0.0001,0.0001,-0.0
T10214,Psychotherapy Techniques and Applications,5,6,1,0.0001,0.0001,0.0
T13252,Sex and Gender in Healthcare,6,5,-1,0.0001,0.0001,-0.0
T10327,Adolescent Sexual and Reproductive Health,4,7,3,0.0001,0.0001,0.01
T13191,Dispute Resolution and Class Actions,1,10,9,0.0,0.0002,0.02
T12199,Vascular Anomalies and Treatments,6,5,-1,0.0001,0.0001,-0.0
T10607,Magnetic and transport properties of perovskites and related materials,6,5,-1,0.0001,0.0001,-0.0
T13141,Statistical Methods and Applications,1,10,9,0.0,0.0002,0.02
T12754,Plant Growth and Agriculture Techniques,0,11,11,0.0,0.0002,0.02
T12355,Genetic and rare skin diseases.,5,6,1,0.0001,0.0001,0.0
T13090,Medicinal Plant Extracts Effects,5,6,1,0.0001,0.0001,0.0
T10472,Semiconductor materials and devices,6,5,-1,0.0001,0.0001,-0.0
T11288,Clostridium difficile and Clostridium perfringens research,8,3,-5,0.0002,0.0001,-0.01
T12868,Photography and Visual Culture,3,8,5,0.0001,0.0002,0.01
T11007,Hybrid Renewable Energy Systems,6,5,-1,0.0001,0.0001,-0.0
T12985,Maritime Security and History,1,10,9,0.0,0.0002,0.02
T11924,Polyamine Metabolism and Applications,7,4,-3,0.0001,0.0001,-0.01
T11140,Natural Antidiabetic Agents Studies,7,4,-3,0.0001,0.0001,-0.01
T10641,Central Venous Catheters and Hemodialysis,7,4,-3,0.0001,0.0001,-0.01
T10694,Menopause: Health Impacts and Treatments,5,6,1,0.0001,0.0001,0.0
T10619,Esophageal Cancer Research and Treatment,5,6,1,0.0001,0.0001,0.0
T12709,Optimization and Mathematical Programming,7,4,-3,0.0001,0.0001,-0.01
T10501,Polymer Nanocomposites and Properties,5,6,1,0.0001,0.0001,0.0
T11638,Cardiac tumors and thrombi,6,5,-1,0.0001,0.0001,-0.0
T12352,Heparin-Induced Thrombocytopenia and Thrombosis,8,3,-5,0.0002,0.0001,-0.01
T11254,Fluid Dynamics and Vibration Analysis,7,4,-3,0.0001,0.0001,-0.01
T11339,"Metabolism, Diabetes, and Cancer",9,2,-7,0.0002,0.0,-0.01
T11634,Water Quality and Pollution Assessment,3,8,5,0.0001,0.0002,0.01
T14172,Cultural and Social Studies in Latin America,8,3,-5,0.0002,0.0001,-0.01
T12023,Cholinesterase and Neurodegenerative Diseases,10,1,-9,0.0002,0.0,-0.02
T11088,Marine Bivalve and Aquaculture Studies,8,3,-5,0.0002,0.0001,-0.01
T12235,Child Abuse and Related Trauma,7,4,-3,0.0001,0.0001,-0.01
T11336,Energy and Environment Impacts,8,3,-5,0.0002,0.0001,-0.01
T12820,Chromatin Remodeling and Cancer,11,0,-11,0.0002,0.0,-0.02
T13398,Data Analysis with R,9,2,-7,0.0002,0.0,-0.01
T11369,Genetic factors in colorectal cancer,6,5,-1,0.0001,0.0001,-0.0
T10614,Transcranial Magnetic Stimulation Studies,7,4,-3,0.0001,0.0001,-0.01
T13397,Hallucinations in medical conditions,3,8,5,0.0001,0.0002,0.01
T11496,Credit Risk and Financial Regulations,7,4,-3,0.0001,0.0001,-0.01
T11960,Relativity and Gravitational Theory,3,8,5,0.0001,0.0002,0.01
T13593,Historical and Archaeological Studies,9,2,-7,0.0002,0.0,-0.01
T10923,Force Microscopy Techniques and Applications,7,4,-3,0.0001,0.0001,-0.01
T11396,Artificial Intelligence in Healthcare,4,7,3,0.0001,0.0001,0.01
T11850,Concrete Corrosion and Durability,6,5,-1,0.0001,0.0001,-0.0
T12495,Electrostatic Discharge in Electronics,11,0,-11,0.0002,0.0,-0.02
T12616,Religious Education and Schools,3,8,5,0.0001,0.0002,0.01
T10711,Target Tracking and Data Fusion in Sensor Networks,4,7,3,0.0001,0.0001,0.01
T11286,Polyoxometalates: Synthesis and Applications,9,2,-7,0.0002,0.0,-0.01
T13588,Regional resilience and development,4,7,3,0.0001,0.0001,0.01
T11246,Sports injuries and prevention,6,5,-1,0.0001,0.0001,-0.0
T11092,Spondyloarthritis Studies and Treatments,6,5,-1,0.0001,0.0001,-0.0
T13306,Geography and Education Methods,6,5,-1,0.0001,0.0001,-0.0
T10230,Marine and fisheries research,4,7,3,0.0001,0.0001,0.01
T11500,Evacuation and Crowd Dynamics,5,6,1,0.0001,0.0001,0.0
T10488,Nanocomposite Films for Food Packaging,7,4,-3,0.0001,0.0001,-0.01
T13208,Synthesis of heterocyclic compounds,3,8,5,0.0001,0.0002,0.01
T14396,Healthcare Regulation,0,11,11,0.0,0.0002,0.02
T11514,Disability Education and Employment,0,11,11,0.0,0.0002,0.02
T12795,Banana Cultivation and Research,10,1,-9,0.0002,0.0,-0.02
T11721,Blood properties and coagulation,7,4,-3,0.0001,0.0001,-0.01
T13445,American Constitutional Law and Politics,9,2,-7,0.0002,0.0,-0.01
T11663,Viral Infectious Diseases and Gene Expression in Insects,10,1,-9,0.0002,0.0,-0.02
T12138,Occupational Health and Performance,3,8,5,0.0001,0.0002,0.01
T11774,Adsorption and Cooling Systems,4,7,3,0.0001,0.0001,0.01
T11445,Origins and Evolution of Life,7,4,-3,0.0001,0.0001,-0.01
T11564,Mathematical Inequalities and Applications,6,5,-1,0.0001,0.0001,-0.0
T13339,Landscape and Cultural Studies,3,8,5,0.0001,0.0002,0.01
T11832,Doctoral Education Challenges and Solutions,0,11,11,0.0,0.0002,0.02
T14017,Legal Issues in Education,0,11,11,0.0,0.0002,0.02
T13364,"Digitalization, Law, and Regulation",0,11,11,0.0,0.0002,0.02
T10220,Machine Fault Diagnosis Techniques,7,3,-4,0.0001,0.0001,-0.01
T10318,Criminal Justice and Corrections Analysis,7,3,-4,0.0001,0.0001,-0.01
T11773,Healthcare Operations and Scheduling Optimization,5,5,0,0.0001,0.0001,0.0
T11665,Animal Vocal Communication and Behavior,4,6,2,0.0001,0.0001,0.0
T12656,"Climate Change, Adaptation, Migration",7,3,-4,0.0001,0.0001,-0.01
T11526,Innovative Teaching Methods,4,6,2,0.0001,0.0001,0.0
T12762,Crystallography and Radiation Phenomena,9,1,-8,0.0002,0.0,-0.02
T10389,Polymer crystallization and properties,3,7,4,0.0001,0.0001,0.01
T12583,Food Waste Reduction and Sustainability,7,3,-4,0.0001,0.0001,-0.01
T14491,Diverse academic and cultural studies,10,0,-10,0.0002,0.0,-0.02
T13493,Optical and Acousto-Optic Technologies,5,5,0,0.0001,0.0001,0.0
T12353,Lexicography and Language Studies,3,7,4,0.0001,0.0001,0.01
T10396,Fatigue and fracture mechanics,7,3,-4,0.0001,0.0001,-0.01
T11833,Spinal Dysraphism and Malformations,4,6,2,0.0001,0.0001,0.0
T12334,Lung Cancer Research Studies,7,3,-4,0.0001,0.0001,-0.01
T11751,Lattice Boltzmann Simulation Studies,7,3,-4,0.0001,0.0001,-0.01
T11486,Micro and Nano Robotics,5,5,0,0.0001,0.0001,0.0
T12025,Hepatitis Viruses Studies and Epidemiology,6,4,-2,0.0001,0.0001,-0.0
T11414,Quantum optics and atomic interactions,5,5,0,0.0001,0.0001,0.0
T11371,Wind and Air Flow Studies,6,4,-2,0.0001,0.0001,-0.0
T11594,Tree-ring climate responses,8,2,-6,0.0002,0.0,-0.01
T12372,Art Therapy and Mental Health,3,7,4,0.0001,0.0001,0.01
T12393,Workplace Spirituality and Leadership,7,3,-4,0.0001,0.0001,-0.01
T11529,Refrigeration and Air Conditioning Technologies,5,5,0,0.0001,0.0001,0.0
T13558,"Philosophy, Science, and History",6,4,-2,0.0001,0.0001,-0.0
T11817,"Housing, Finance, and Neoliberalism",3,7,4,0.0001,0.0001,0.01
T10502,Advanced Memory and Neural Computing,6,4,-2,0.0001,0.0001,-0.0
T11080,Surgical site infection prevention,4,6,2,0.0001,0.0001,0.0
T13216,Artistic and Creative Research,3,7,4,0.0001,0.0001,0.01
T10793,Diabetes Management and Education,7,3,-4,0.0001,0.0001,-0.01
T11127,Solid State Laser Technologies,2,8,6,0.0,0.0002,0.01
T11942,Transportation and Mobility Innovations,7,3,-4,0.0001,0.0001,-0.01
T10295,Plasmonic and Surface Plasmon Research,3,7,4,0.0001,0.0001,0.01
T12040,International Arbitration and Investment Law,6,4,-2,0.0001,0.0001,-0.0
T11906,"Gender, Sexuality, and Education",1,9,8,0.0,0.0002,0.02
T11404,Irrigation Practices and Water Management,2,8,6,0.0,0.0002,0.01
T11333,Climate change and permafrost,3,7,4,0.0001,0.0001,0.01
T10574,Crime Patterns and Interventions,3,7,4,0.0001,0.0001,0.01
T13877,Law in Society and Culture,2,8,6,0.0,0.0002,0.01
T13098,Conferences and Exhibitions Management,2,8,6,0.0,0.0002,0.01
T11775,COVID-19 diagnosis using AI,5,5,0,0.0001,0.0001,0.0
T11165,Image and Video Quality Assessment,3,7,4,0.0001,0.0001,0.01
T10801,Synthetic Aperture Radar (SAR) Applications and Techniques,4,6,2,0.0001,0.0001,0.0
T11886,Agricultural risk and resilience,7,3,-4,0.0001,0.0001,-0.01
T14146,Earthquake and Tsunami Effects,0,10,10,0.0,0.0002,0.02
T11612,Stochastic Gradient Optimization Techniques,4,6,2,0.0001,0.0001,0.0
T10696,Gastric Cancer Management and Outcomes,6,4,-2,0.0001,0.0001,-0.0
T11426,Genetically Modified Organisms Research,4,6,2,0.0001,0.0001,0.0
T11798,Optimal Experimental Design Methods,5,5,0,0.0001,0.0001,0.0
T10439,Climate change impacts on agriculture,2,8,6,0.0,0.0002,0.01
T11724,Inflammatory Myopathies and Dermatomyositis,6,4,-2,0.0001,0.0001,-0.0
T11094,Face Recognition and Perception,6,4,-2,0.0001,0.0001,-0.0
T12724,Water-Energy-Food Nexus Studies,5,5,0,0.0001,0.0001,0.0
T10462,Reinforcement Learning in Robotics,2,8,6,0.0,0.0002,0.01
T13756,International Environmental Law and Policies,3,7,4,0.0001,0.0001,0.01
T13841,Psychology of Social Influence,7,3,-4,0.0001,0.0001,-0.01
T12013,Sustainable Development and Environmental Policy,6,4,-2,0.0001,0.0001,-0.0
T13438,Environmental Conservation and Management,7,3,-4,0.0001,0.0001,-0.01
T11851,Electromagnetic Compatibility and Measurements,9,1,-8,0.0002,0.0,-0.02
T12242,Latin American and Latino Studies,7,3,-4,0.0001,0.0001,-0.01
T14180,"Law, logistics, and international trade",9,1,-8,0.0002,0.0,-0.02
T10511,High voltage insulation and dielectric phenomena,9,1,-8,0.0002,0.0,-0.02
T11340,Marine Sponges and Natural Products,8,2,-6,0.0002,0.0,-0.01
T12288,Optimization and Search Problems,9,1,-8,0.0002,0.0,-0.02
T11106,Data Management and Algorithms,10,0,-10,0.0002,0.0,-0.02
T13672,Thomas Hardy Literature Studies,10,0,-10,0.0002,0.0,-0.02
T14480,Historical Education and Society,10,0,-10,0.0002,0.0,-0.02
T12921,European Criminal Justice and Data Protection,10,0,-10,0.0002,0.0,-0.02
T10028,Topic Modeling,7,3,-4,0.0001,0.0001,-0.01
T11839,Hormonal Regulation and Hypertension,8,2,-6,0.0002,0.0,-0.01
T11823,Natural Resources and Economic Development,4,6,2,0.0001,0.0001,0.0
T11047,Gender Diversity and Inequality,7,3,-4,0.0001,0.0001,-0.01
T10192,Catalytic Processes in Materials Science,10,0,-10,0.0002,0.0,-0.02
T11456,Neuroscience of respiration and sleep,4,6,2,0.0001,0.0001,0.0
T13539,thermodynamics and calorimetric analyses,9,1,-8,0.0002,0.0,-0.02
T10726,Career Development and Diversity,4,6,2,0.0001,0.0001,0.0
T12701,Biological Control of Invasive Species,7,3,-4,0.0001,0.0001,-0.01
T12213,Marine Ecology and Invasive Species,6,4,-2,0.0001,0.0001,-0.0
T10788,Neuroscience and Music Perception,6,4,-2,0.0001,0.0001,-0.0
T12874,Digital Imaging for Blood Diseases,3,7,4,0.0001,0.0001,0.01
T12610,RNA regulation and disease,7,3,-4,0.0001,0.0001,-0.01
T10597,Nuclear reactor physics and engineering,10,0,-10,0.0002,0.0,-0.02
T11363,Dental Radiography and Imaging,6,4,-2,0.0001,0.0001,-0.0
T10849,Finite Group Theory Research,5,5,0,0.0001,0.0001,0.0
T12236,Photoreceptor and optogenetics research,10,0,-10,0.0002,0.0,-0.02
T12227,Environmental and Social Impact Assessments,5,5,0,0.0001,0.0001,0.0
T11745,Potato Plant Research,8,2,-6,0.0002,0.0,-0.01
T12503,Social Acceptance of Renewable Energy,3,7,4,0.0001,0.0001,0.01
T14002,"Art, Technology, and Culture",4,6,2,0.0001,0.0001,0.0
T11962,Cardiac Fibrosis and Remodeling,3,7,4,0.0001,0.0001,0.01
T13702,Machine Learning in Healthcare,6,4,-2,0.0001,0.0001,-0.0
T11501,TGF-β signaling in diseases,6,4,-2,0.0001,0.0001,-0.0
T13481,Neurological diseases and metabolism,5,5,0,0.0001,0.0001,0.0
T11317,Fire dynamics and safety research,4,6,2,0.0001,0.0001,0.0
T14364,Clusterin in disease pathology,6,4,-2,0.0001,0.0001,-0.0
T11706,Forensic Entomology and Diptera Studies,7,3,-4,0.0001,0.0001,-0.01
T12257,Bioactive natural compounds,3,7,4,0.0001,0.0001,0.01
T11999,Empathy and Medical Education,9,1,-8,0.0002,0.0,-0.02
T10288,Fractional Differential Equations Solutions,4,6,2,0.0001,0.0001,0.0
T12317,Actinomycetales infections and treatment,4,6,2,0.0001,0.0001,0.0
T10672,Design Education and Practice,3,7,4,0.0001,0.0001,0.01
T12211,Aluminum toxicity and tolerance in plants and animals,6,4,-2,0.0001,0.0001,-0.0
T11378,Gastrointestinal Bleeding Diagnosis and Treatment,5,5,0,0.0001,0.0001,0.0
T11206,Model Reduction and Neural Networks,5,5,0,0.0001,0.0001,0.0
T11545,Advanced Banach Space Theory,3,7,4,0.0001,0.0001,0.01
T13536,Psychological and Temporal Perspectives Research,6,4,-2,0.0001,0.0001,-0.0
T10547,"Education, Achievement, and Giftedness",5,5,0,0.0001,0.0001,0.0
T10281,Advanced Battery Materials and Technologies,0,10,10,0.0,0.0002,0.02
T12864,Psychoanalysis and Social Critique,0,10,10,0.0,0.0002,0.02
T11164,Remote Sensing and LiDAR Applications,7,3,-4,0.0001,0.0001,-0.01
T12821,Geological Formations and Processes Exploration,7,3,-4,0.0001,0.0001,-0.01
T10384,Laser-Plasma Interactions and Diagnostics,10,0,-10,0.0002,0.0,-0.02
T13505,Apelin-related biomedical research,7,3,-4,0.0001,0.0001,-0.01
T12084,Synthesis and properties of polymers,9,1,-8,0.0002,0.0,-0.02
T13002,Southeast Asian Sociopolitical Studies,7,3,-4,0.0001,0.0001,-0.01
T10283,Hearing Loss and Rehabilitation,5,5,0,0.0001,0.0001,0.0
T11484,Adaptive optics and wavefront sensing,6,4,-2,0.0001,0.0001,-0.0
T12328,Autoimmune and Inflammatory Disorders,5,5,0,0.0001,0.0001,0.0
T14099,Synthesis and Characterization of Heterocyclic Compounds,5,5,0,0.0001,0.0001,0.0
T13110,Colorectal and Anal Carcinomas,4,6,2,0.0001,0.0001,0.0
T10490,Orbital Angular Momentum in Optics,5,5,0,0.0001,0.0001,0.0
T11438,Retinal Imaging and Analysis,4,6,2,0.0001,0.0001,0.0
T10774,Weed Control and Herbicide Applications,3,7,4,0.0001,0.0001,0.01
T12483,Global Urban Networks and Dynamics,3,7,4,0.0001,0.0001,0.01
T13724,Humanities and Social Sciences,0,10,10,0.0,0.0002,0.02
T14032,History and International Relations,3,6,3,0.0001,0.0001,0.01
T11584,Biochemical Analysis and Sensing Techniques,5,4,-1,0.0001,0.0001,-0.0
T11175,Gyrotron and Vacuum Electronics Research,9,0,-9,0.0002,0.0,-0.02
T11172,Dermatologic Treatments and Research,3,6,3,0.0001,0.0001,0.01
T11422,Burn Injury Management and Outcomes,8,1,-7,0.0002,0.0,-0.01
T12840,Renal function and acid-base balance,8,1,-7,0.0002,0.0,-0.01
T11944,Participatory Visual Research Methods,3,6,3,0.0001,0.0001,0.01
T10209,Global Maternal and Child Health,7,2,-5,0.0001,0.0,-0.01
T12068,Neonatal Health and Biochemistry,6,3,-3,0.0001,0.0001,-0.01
T12489,Microbial Metabolites in Food Biotechnology,6,3,-3,0.0001,0.0001,-0.01
T10377,Metal and Thin Film Mechanics,4,5,1,0.0001,0.0001,0.0
T12418,Respiratory and Cough-Related Research,5,4,-1,0.0001,0.0001,-0.0
T10232,Optical Network Technologies,8,1,-7,0.0002,0.0,-0.01
T11608,Dielectric materials and actuators,2,7,5,0.0,0.0001,0.01
T11411,Tea Polyphenols and Effects,5,4,-1,0.0001,0.0001,-0.0
T13102,Soil and Environmental Studies,1,8,7,0.0,0.0002,0.01
T12930,Biomedical and Chemical Research,8,1,-7,0.0002,0.0,-0.01
T12752,Global Peace and Security Dynamics,9,0,-9,0.0002,0.0,-0.02
T11888,Gender Roles and Identity Studies,6,3,-3,0.0001,0.0001,-0.01
T11093,Personality Disorders and Psychopathology,4,5,1,0.0001,0.0001,0.0
T12329,Hemiptera Insect Studies,5,4,-1,0.0001,0.0001,-0.0
T10919,Neurological disorders and treatments,4,5,1,0.0001,0.0001,0.0
T10813,Sport Psychology and Performance,7,2,-5,0.0001,0.0,-0.01
T13447,Educational and Psychological Assessments,8,1,-7,0.0002,0.0,-0.01
T13783,"Feminism, Gender, and Intersectionality",2,7,5,0.0,0.0001,0.01
T13009,Agroforestry and silvopastoral systems,3,6,3,0.0001,0.0001,0.01
T12506,Nuclear materials and radiation effects,6,3,-3,0.0001,0.0001,-0.01
T13124,Chemical synthesis and alkaloids,9,0,-9,0.0002,0.0,-0.02
T13083,Advanced Text Analysis Techniques,3,6,3,0.0001,0.0001,0.01
T13506,Botanical Research and Chemistry,9,0,-9,0.0002,0.0,-0.02
T11540,"Gender, Feminism, and Media",6,3,-3,0.0001,0.0001,-0.01
T13374,Hematological disorders and diagnostics,6,3,-3,0.0001,0.0001,-0.01
T11975,Evolutionary Algorithms and Applications,4,5,1,0.0001,0.0001,0.0
T14078,Multiple and Secondary Primary Cancers,2,7,5,0.0,0.0001,0.01
T12879,Distributed Sensor Networks and Detection Algorithms,2,7,5,0.0,0.0001,0.01
T10072,Science Education and Pedagogy,1,8,7,0.0,0.0002,0.01
T12496,Color perception and design,6,3,-3,0.0001,0.0001,-0.01
T12332,Comparative constitutional jurisprudence studies,2,7,5,0.0,0.0001,0.01
T14248,Social impacts of COVID-19,0,9,9,0.0,0.0002,0.02
T11933,Mining and Resource Management,6,3,-3,0.0001,0.0001,-0.01
T11079,Creativity in Education and Neuroscience,4,5,1,0.0001,0.0001,0.0
T11123,Obsessive-Compulsive Spectrum Disorders,5,4,-1,0.0001,0.0001,-0.0
T12873,"Nutrition, Health and Food Behavior",0,9,9,0.0,0.0002,0.02
T13328,Osteomyelitis and Bone Disorders Research,6,3,-3,0.0001,0.0001,-0.01
T13525,Cambodian History and Society,6,3,-3,0.0001,0.0001,-0.01
T10350,Electronic Health Records Systems,0,9,9,0.0,0.0002,0.02
T12083,Karst Systems and Hydrogeology,6,3,-3,0.0001,0.0001,-0.01
T11954,Energy Efficiency and Management,4,5,1,0.0001,0.0001,0.0
T11429,Semiconductor Lasers and Optical Devices,3,6,3,0.0001,0.0001,0.01
T11499,ICT Impact and Policies,4,5,1,0.0001,0.0001,0.0
T10162,Online and Blended Learning,2,7,5,0.0,0.0001,0.01
T11620,Medication Adherence and Compliance,3,6,3,0.0001,0.0001,0.01
T11843,Family Business Performance and Succession,3,6,3,0.0001,0.0001,0.01
T10997,Ocular Surface and Contact Lens,6,3,-3,0.0001,0.0001,-0.01
T14031,Global and Cross-Cultural Management,6,3,-3,0.0001,0.0001,-0.01
T10500,Sparse and Compressive Sensing Techniques,4,5,1,0.0001,0.0001,0.0
T11188,Coagulation and Flocculation Studies,0,9,9,0.0,0.0002,0.02
T11275,Composting and Vermicomposting Techniques,6,3,-3,0.0001,0.0001,-0.01
T11436,Entomopathogenic Microorganisms in Pest Control,5,4,-1,0.0001,0.0001,-0.0
T12186,Phosphorus and nutrient management,6,3,-3,0.0001,0.0001,-0.01
T10025,Black Holes and Theoretical Physics,6,3,-3,0.0001,0.0001,-0.01
T13648,Cerebrovascular and genetic disorders,5,4,-1,0.0001,0.0001,-0.0
T11597,"Neutrophil, Myeloperoxidase and Oxidative Mechanisms",6,3,-3,0.0001,0.0001,-0.01
T10709,Social Robot Interaction and HRI,5,4,-1,0.0001,0.0001,-0.0
T11868,Cancer and Skin Lesions,6,3,-3,0.0001,0.0001,-0.01
T12429,Chemotherapy-induced organ toxicity mitigation,7,2,-5,0.0001,0.0,-0.01
T14109,Scottish History and National Identity,7,2,-5,0.0001,0.0,-0.01
T10586,Robotic Path Planning Algorithms,6,3,-3,0.0001,0.0001,-0.01
T11118,Evolutionary Psychology and Human Behavior,7,2,-5,0.0001,0.0,-0.01
T10929,Wnt/β-catenin signaling in development and cancer,6,3,-3,0.0001,0.0001,-0.01
T12432,Arctic and Russian Policy Studies,9,0,-9,0.0002,0.0,-0.02
T12212,CNS Lymphoma Diagnosis and Treatment,5,4,-1,0.0001,0.0001,-0.0
T11257,Taxation and Compliance Studies,4,5,1,0.0001,0.0001,0.0
T11808,Superconducting Materials and Applications,9,0,-9,0.0002,0.0,-0.02
T11719,Data Quality and Management,4,5,1,0.0001,0.0001,0.0
T11678,Healthcare Decision-Making and Restraints,2,7,5,0.0,0.0001,0.01
T10861,Ear Surgery and Otitis Media,5,4,-1,0.0001,0.0001,-0.0
T10564,Wastewater Treatment and Nitrogen Removal,7,2,-5,0.0001,0.0,-0.01
T12542,Second Language Learning and Teaching,6,3,-3,0.0001,0.0001,-0.01
T13856,Advanced Power Generation Technologies,9,0,-9,0.0002,0.0,-0.02
T11581,Viral Infections and Outbreaks Research,6,3,-3,0.0001,0.0001,-0.01
T10529,Stress Responses and Cortisol,7,2,-5,0.0001,0.0,-0.01
T11972,Chromium effects and bioremediation,8,1,-7,0.0002,0.0,-0.01
T12149,Nanocluster Synthesis and Applications,5,4,-1,0.0001,0.0001,-0.0
T13164,Quality and Management Systems,2,7,5,0.0,0.0001,0.01
T11004,Crustacean biology and ecology,7,2,-5,0.0001,0.0,-0.01
T12781,Global Health Care Issues,7,2,-5,0.0001,0.0,-0.01
T12828,Plant Genetic and Mutation Studies,4,5,1,0.0001,0.0001,0.0
T11292,Pediatric Pain Management Techniques,3,6,3,0.0001,0.0001,0.01
T11381,Infectious Diseases and Tuberculosis,5,4,-1,0.0001,0.0001,-0.0
T10814,Neuropeptides and Animal Physiology,7,2,-5,0.0001,0.0,-0.01
T13864,Indigenous Cultures and History,6,3,-3,0.0001,0.0001,-0.01
T11076,Policing Practices and Perceptions,8,1,-7,0.0002,0.0,-0.01
T13728,"Crime, Deviance, and Social Control",2,7,5,0.0,0.0001,0.01
T11690,Advanced battery technologies research,5,4,-1,0.0001,0.0001,-0.0
T11567,semigroups and automata theory,1,8,7,0.0,0.0002,0.01
T12831,School Health and Nursing Education,7,2,-5,0.0001,0.0,-0.01
T11920,Pulsed Power Technology Applications,9,0,-9,0.0002,0.0,-0.02
T10046,Stability and Control of Uncertain Systems,2,7,5,0.0,0.0001,0.01
T12910,Eicosanoids and Hypertension Pharmacology,5,4,-1,0.0001,0.0001,-0.0
T13531,Surface and Thin Film Phenomena,1,8,7,0.0,0.0002,0.01
T11957,Food Safety and Hygiene,1,8,7,0.0,0.0002,0.01
T12848,Psychological Testing and Assessment,0,9,9,0.0,0.0002,0.02
T12121,Cooperative Studies and Economics,2,7,5,0.0,0.0001,0.01
T10297,Philosophical Ethics and Theory,0,9,9,0.0,0.0002,0.02
T11974,Lepidoptera: Biology and Taxonomy,9,0,-9,0.0002,0.0,-0.02
T12536,Topological and Geometric Data Analysis,9,0,-9,0.0002,0.0,-0.02
T10838,Animal Behavior and Welfare Studies,3,6,3,0.0001,0.0001,0.01
T13759,Medical Imaging and Pathology Studies,9,0,-9,0.0002,0.0,-0.02
T13879,Indigenous Peoples' Rights and Law,5,4,-1,0.0001,0.0001,-0.0
T10787,Lightning and Electromagnetic Phenomena,8,1,-7,0.0002,0.0,-0.01
T12990,Medical History and Innovations,3,6,3,0.0001,0.0001,0.01
T12881,linguistics and terminology studies,3,6,3,0.0001,0.0001,0.01
T10022,Semiconductor Quantum Structures and Devices,3,6,3,0.0001,0.0001,0.01
T11548,Sexual Assault and Victimization Studies,3,6,3,0.0001,0.0001,0.01
T10481,Computer Graphics and Visualization Techniques,1,8,7,0.0,0.0002,0.01
T10894,Groundwater flow and contamination studies,3,6,3,0.0001,0.0001,0.01
T13571,"Corporeality, Perception, and Education",0,9,9,0.0,0.0002,0.02
T14299,Complex Systems and Dynamics,0,9,9,0.0,0.0002,0.02
T13778,Comparative and World Literature,0,9,9,0.0,0.0002,0.02
T14179,Waste Management and Recycling,0,9,9,0.0,0.0002,0.02
T11413,Risk and Portfolio Optimization,6,2,-4,0.0001,0.0,-0.01
T11538,Ophthalmology and Eye Disorders,7,1,-6,0.0001,0.0,-0.01
T12189,Sulfur-Based Synthesis Techniques,6,2,-4,0.0001,0.0,-0.01
T10194,Nonlinear Partial Differential Equations,6,2,-4,0.0001,0.0,-0.01
T10525,Human-Automation Interaction and Safety,4,4,0,0.0001,0.0001,0.0
T14284,Social Sciences and Humanities,3,5,2,0.0001,0.0001,0.0
T12954,Law and Political Science,5,3,-2,0.0001,0.0001,-0.0
T12464,Neurological Complications and Syndromes,6,2,-4,0.0001,0.0,-0.01
T12604,Glycogen Storage Diseases and Myoclonus,6,2,-4,0.0001,0.0,-0.01
T10092,Organometallic Complex Synthesis and Catalysis,4,4,0,0.0001,0.0001,0.0
T13435,Animal and Plant Science Education,6,2,-4,0.0001,0.0,-0.01
T10099,GaN-based semiconductor devices and materials,5,3,-2,0.0001,0.0001,-0.0
T11297,Ferroptosis and cancer prognosis,6,2,-4,0.0001,0.0,-0.01
T10536,Endodontics and Root Canal Treatments,5,3,-2,0.0001,0.0001,-0.0
T10623,Thin-Film Transistor Technologies,6,2,-4,0.0001,0.0,-0.01
T13597,Medicine and Dermatology Studies History,8,0,-8,0.0002,0.0,-0.02
T12381,Electron Spin Resonance Studies,5,3,-2,0.0001,0.0001,-0.0
T13417,Biomedical Ethics and Regulation,7,1,-6,0.0001,0.0,-0.01
T13912,"Language, Linguistics, Cultural Analysis",8,0,-8,0.0002,0.0,-0.02
T10857,Advanced Electron Microscopy Techniques and Applications,3,5,2,0.0001,0.0001,0.0
T10152,Animal Nutrition and Physiology,4,4,0,0.0001,0.0001,0.0
T11502,Facility Location and Emergency Management,4,4,0,0.0001,0.0001,0.0
T12151,Interpreting and Communication in Healthcare,6,2,-4,0.0001,0.0,-0.01
T10033,Concrete and Cement Materials Research,5,3,-2,0.0001,0.0001,-0.0
T12250,Experimental and Theoretical Physics Studies,5,3,-2,0.0001,0.0001,-0.0
T11138,Tribology and Lubrication Engineering,3,5,2,0.0001,0.0001,0.0
T11300,Global Educational Policies and Reforms,1,7,6,0.0,0.0001,0.01
T12626,"Cancer, Stress, Anesthesia, and Immune Response",6,2,-4,0.0001,0.0,-0.01
T13212,German Social Sciences and History,4,4,0,0.0001,0.0001,0.0
T12756,Plant Toxicity and Pharmacological Properties,7,1,-6,0.0001,0.0,-0.01
T11196,Non-Invasive Vital Sign Monitoring,3,5,2,0.0001,0.0001,0.0
T10571,Robotic Mechanisms and Dynamics,4,4,0,0.0001,0.0001,0.0
T12732,Agriculture and Farm Safety,3,5,2,0.0001,0.0001,0.0
T13007,Economic Sanctions and International Relations,2,6,4,0.0,0.0001,0.01
T12833,Bartonella species infections research,4,4,0,0.0001,0.0001,0.0
T11830,Point processes and geometric inequalities,4,4,0,0.0001,0.0001,0.0
T13061,Literacy and Educational Practices,3,5,2,0.0001,0.0001,0.0
T12731,Hidradenitis Suppurativa and Treatments,4,4,0,0.0001,0.0001,0.0
T12088,Intergenerational and Educational Inequality Studies,2,6,4,0.0,0.0001,0.01
T13025,American History and Culture,1,7,6,0.0,0.0001,0.01
T13266,Indigenous Studies in Latin America,1,7,6,0.0,0.0001,0.01
T12792,Soil Management and Crop Yield,1,7,6,0.0,0.0001,0.01
T13069,Cocoa and Sweet Potato Agronomy,6,2,-4,0.0001,0.0,-0.01
T11145,Epoxy Resin Curing Processes,6,2,-4,0.0001,0.0,-0.01
T13180,Chemistry and Chemical Engineering,5,3,-2,0.0001,0.0001,-0.0
T13220,Plant and Fungal Interactions Research,6,2,-4,0.0001,0.0,-0.01
T12677,Sports Dynamics and Biomechanics,5,3,-2,0.0001,0.0001,-0.0
T12555,Ancient Egypt and Archaeology,4,4,0,0.0001,0.0001,0.0
T10339,Advanced Numerical Methods in Computational Mathematics,2,6,4,0.0,0.0001,0.01
T12057,Consumer Attitudes and Food Labeling,6,2,-4,0.0001,0.0,-0.01
T14374,Statistical Methods in Epidemiology,2,6,4,0.0,0.0001,0.01
T12205,Time Series Analysis and Forecasting,6,2,-4,0.0001,0.0,-0.01
T12103,Cancer Risks and Factors,6,2,-4,0.0001,0.0,-0.01
T10486,Salmonella and Campylobacter epidemiology,5,3,-2,0.0001,0.0001,-0.0
T11583,Advanced Measurement and Metrology Techniques,4,4,0,0.0001,0.0001,0.0
T13628,Agricultural Productivity and Crop Improvement,2,6,4,0.0,0.0001,0.01
T12047,Viral Infections and Vectors,4,4,0,0.0001,0.0001,0.0
T12198,Oral health in cancer treatment,4,4,0,0.0001,0.0001,0.0
T10872,Veterinary Equine Medical Research,1,7,6,0.0,0.0001,0.01
T12673,Microbial Metabolism and Applications,5,3,-2,0.0001,0.0001,-0.0
T11606,Infrastructure Maintenance and Monitoring,6,2,-4,0.0001,0.0,-0.01
T10205,Advanced Fiber Optic Sensors,7,1,-6,0.0001,0.0,-0.01
T11446,Mobile Health and mHealth Applications,4,4,0,0.0001,0.0001,0.0
T13035,Human Rights and Development,6,2,-4,0.0001,0.0,-0.01
T10792,Matrix Theory and Algorithms,5,3,-2,0.0001,0.0001,-0.0
T11723,Optical Coatings and Gratings,5,3,-2,0.0001,0.0001,-0.0
T12443,Delphi Technique in Research,7,1,-6,0.0001,0.0,-0.01
T14236,Educational Tools and Methods,8,0,-8,0.0002,0.0,-0.02
T10851,Optical Wireless Communication Technologies,5,3,-2,0.0001,0.0001,-0.0
T12330,Botanical Research and Applications,6,2,-4,0.0001,0.0,-0.01
T14255,European Law and Migration,3,5,2,0.0001,0.0001,0.0
T11552,"Global trade, sustainability, and social impact",5,3,-2,0.0001,0.0001,-0.0
T11969,Fluoride Effects and Removal,5,3,-2,0.0001,0.0001,-0.0
T11542,Behavioral Health and Interventions,8,0,-8,0.0002,0.0,-0.02
T12717,Space exploration and regulation,3,5,2,0.0001,0.0001,0.0
T11966,Silk-based biomaterials and applications,6,2,-4,0.0001,0.0,-0.01
T11348,Celiac Disease Research and Management,5,3,-2,0.0001,0.0001,-0.0
T12373,Linguistic research and analysis,4,4,0,0.0001,0.0001,0.0
T12228,Coordination Chemistry and Organometallics,5,3,-2,0.0001,0.0001,-0.0
T10311,Advancements in Solid Oxide Fuel Cells,4,4,0,0.0001,0.0001,0.0
T12749,"Race, Genetics, and Society",7,1,-6,0.0001,0.0,-0.01
T10575,Wireless Communication Networks Research,4,4,0,0.0001,0.0001,0.0
T12950,Educational Environments and Student Outcomes,3,5,2,0.0001,0.0001,0.0
T11326,Stock Market Forecasting Methods,4,4,0,0.0001,0.0001,0.0
T12003,Bioenergy crop production and management,6,2,-4,0.0001,0.0,-0.01
T11918,Forecasting Techniques and Applications,2,6,4,0.0,0.0001,0.01
T13587,Q Methodology Applications,4,4,0,0.0001,0.0001,0.0
T13984,"Nutrition, Genetics, and Disease",8,0,-8,0.0002,0.0,-0.02
T11539,Survey Methodology and Nonresponse,2,6,4,0.0,0.0001,0.01
T13840,Chemical Safety and Risk Management,2,6,4,0.0,0.0001,0.01
T12059,Berberine and alkaloids research,5,3,-2,0.0001,0.0001,-0.0
T11607,Microwave and Dielectric Measurement Techniques,4,4,0,0.0001,0.0001,0.0
T14028,Healthcare and Venom Research,5,3,-2,0.0001,0.0001,-0.0
T10381,Ophthalmology and Visual Impairment Studies,4,4,0,0.0001,0.0001,0.0
T11919,dental development and anomalies,2,6,4,0.0,0.0001,0.01
T14059,"Nietzsche, Schopenhauer, and Hegel",4,4,0,0.0001,0.0001,0.0
T14332,European Linguistics and Anthropology,1,7,6,0.0,0.0001,0.01
T11124,Protein purification and stability,2,6,4,0.0,0.0001,0.01
T14140,Elite Sociology and Global Capitalism,1,7,6,0.0,0.0001,0.01
T11450,Model-Driven Software Engineering Techniques,4,4,0,0.0001,0.0001,0.0
T11998,Youth Development and Social Support,2,6,4,0.0,0.0001,0.01
T13818,Cultural Studies and Colonialism,0,8,8,0.0,0.0002,0.02
T13210,Historical Turkish Studies,0,8,8,0.0,0.0002,0.02
T13401,Social and Cultural Studies,0,8,8,0.0,0.0002,0.02
T12177,Resource-Constrained Project Scheduling,4,4,0,0.0001,0.0001,0.0
T11755,Transboundary Water Resource Management,4,4,0,0.0001,0.0001,0.0
T11831,Chemical Synthesis and Reactions,6,2,-4,0.0001,0.0,-0.01
T12356,Bioactive Compounds and Antitumor Agents,5,3,-2,0.0001,0.0001,-0.0
T12141,Fluid Dynamics and Thin Films,6,2,-4,0.0001,0.0,-0.01
T11934,Syphilis Diagnosis and Treatment,5,3,-2,0.0001,0.0001,-0.0
T14296,Climate Change and Sustainable Development,1,7,6,0.0,0.0001,0.01
T10027,"Diabetes, Cardiovascular Risks, and Lipoproteins",6,2,-4,0.0001,0.0,-0.01
T12852,Chemical Thermodynamics and Molecular Structure,5,3,-2,0.0001,0.0001,-0.0
T10888,Augmented Reality Applications,3,5,2,0.0001,0.0001,0.0
T10699,Primate Behavior and Ecology,4,4,0,0.0001,0.0001,0.0
T10674,School Choice and Performance,1,7,6,0.0,0.0001,0.01
T13859,Organic Chemistry Synthesis Methods,0,8,8,0.0,0.0002,0.02
T11737,Advanced Materials and Mechanics,0,8,8,0.0,0.0002,0.02
T14205,Education and Art Integration,0,8,8,0.0,0.0002,0.02
T13637,Calpain Protease Function and Regulation,6,1,-5,0.0001,0.0,-0.01
T12832,Biocrusts and Microbial Ecology,6,1,-5,0.0001,0.0,-0.01
T12387,Galectins and Cancer Biology,7,0,-7,0.0001,0.0,-0.01
T12439,Dental Research and COVID-19,7,0,-7,0.0001,0.0,-0.01
T11576,IgG4-Related and Inflammatory Diseases,5,2,-3,0.0001,0.0,-0.01
T11262,Quantum Mechanics and Non-Hermitian Physics,7,0,-7,0.0001,0.0,-0.01
T10789,Interactive and Immersive Displays,5,2,-3,0.0001,0.0,-0.01
T12053,Minimally Invasive Surgical Techniques,1,6,5,0.0,0.0001,0.01
T10883,Ethics and Social Impacts of AI,4,3,-1,0.0001,0.0001,-0.0
T13280,Biomedical and Engineering Education,7,0,-7,0.0001,0.0,-0.01
T12110,Bone and Dental Protein Studies,6,1,-5,0.0001,0.0,-0.01
T12857,Medieval Philosophy and Theology,5,2,-3,0.0001,0.0,-0.01
T11089,Radioactive contamination and transfer,3,4,1,0.0001,0.0001,0.0
T10984,Sinusitis and nasal conditions,5,2,-3,0.0001,0.0,-0.01
T13187,Diffusion and Search Dynamics,7,0,-7,0.0001,0.0,-0.01
T11402,Vascular Malformations Diagnosis and Treatment,4,3,-1,0.0001,0.0001,-0.0
T10576,Opioid Use Disorder Treatment,3,4,1,0.0001,0.0001,0.0
T13242,Male Reproductive Health Studies,4,3,-1,0.0001,0.0001,-0.0
T10276,Helicobacter pylori-related gastroenterology studies,6,1,-5,0.0001,0.0,-0.01
T14507,"History, Culture, and Society",4,3,-1,0.0001,0.0001,-0.0
T11428,Advanced Mathematical Identities,3,4,1,0.0001,0.0001,0.0
T11024,Information Systems Theories and Implementation,4,3,-1,0.0001,0.0001,-0.0
T12445,Twentieth Century Scientific Developments,2,5,3,0.0,0.0001,0.01
T11748,Organophosphorus compounds synthesis,3,4,1,0.0001,0.0001,0.0
T13890,Remote Sensing and Land Use,1,6,5,0.0,0.0001,0.01
T10914,Tactile and Sensory Interactions,4,3,-1,0.0001,0.0001,-0.0
T12680,Cultural and Mythological Studies,4,3,-1,0.0001,0.0001,-0.0
T14314,"Violence, Religion, and Philosophy",2,5,3,0.0,0.0001,0.01
T13887,Augustinian Studies and Theology,6,1,-5,0.0001,0.0,-0.01
T10776,Spinal Fractures and Fixation Techniques,4,3,-1,0.0001,0.0001,-0.0
T12770,Amino Acid Enzymes and Metabolism,4,3,-1,0.0001,0.0001,-0.0
T11328,Ocular Oncology and Treatments,3,4,1,0.0001,0.0001,0.0
T10829,Interconnection Networks and Systems,3,4,1,0.0001,0.0001,0.0
T10095,Cosmology and Gravitation Theories,2,5,3,0.0,0.0001,0.01
T13618,Regional Socio-Economic Development Trends,3,4,1,0.0001,0.0001,0.0
T12105,Hygrothermal properties of building materials,2,5,3,0.0,0.0001,0.01
T11747,Metal-Catalyzed Oxygenation Mechanisms,2,5,3,0.0,0.0001,0.01
T11393,Biosensors and Analytical Detection,5,2,-3,0.0001,0.0,-0.01
T13158,Political and Economic history of UK and US,1,6,5,0.0,0.0001,0.01
T10130,Mathematics Education and Teaching Techniques,1,6,5,0.0,0.0001,0.01
T11355,Inflammatory Biomarkers in Disease Prognosis,4,3,-1,0.0001,0.0001,-0.0
T14437,Ethics and Legal Issues in Pediatric Healthcare,0,7,7,0.0,0.0001,0.01
T11012,Gas Dynamics and Kinetic Theory,5,2,-3,0.0001,0.0,-0.01
T11114,Service and Product Innovation,3,4,1,0.0001,0.0001,0.0
T13138,Legal and Constitutional Studies,0,7,7,0.0,0.0001,0.01
T10664,Sentiment Analysis and Opinion Mining,4,3,-1,0.0001,0.0001,-0.0
T12880,Qualitative Research Methods and Applications,0,7,7,0.0,0.0001,0.01
T13117,Health Education and Validation,0,7,7,0.0,0.0001,0.01
T11483,Tropical and Extratropical Cyclones Research,4,3,-1,0.0001,0.0001,-0.0
T10191,Robotics and Sensor-Based Localization,2,5,3,0.0,0.0001,0.01
T12359,Fern and Epiphyte Biology,3,4,1,0.0001,0.0001,0.0
T12642,Polymer-Based Agricultural Enhancements,4,3,-1,0.0001,0.0001,-0.0
T10663,Advanced Battery Technologies Research,3,4,1,0.0001,0.0001,0.0
T13250,Semiotics and Representation Studies,4,3,-1,0.0001,0.0001,-0.0
T12462,Elder Abuse and Neglect,3,4,1,0.0001,0.0001,0.0
T12477,Toxin Mechanisms and Immunotoxins,6,1,-5,0.0001,0.0,-0.01
T12813,Plant and Biological Electrophysiology Studies,6,1,-5,0.0001,0.0,-0.01
T14275,Historical Medical Research and Treatments,4,3,-1,0.0001,0.0001,-0.0
T13211,"Memory, Trauma, and Testimony",0,7,7,0.0,0.0001,0.01
T10161,Rock Mechanics and Modeling,3,4,1,0.0001,0.0001,0.0
T12327,Various Chemistry Research Topics,4,3,-1,0.0001,0.0001,-0.0
T11225,Geothermal Energy Systems and Applications,4,3,-1,0.0001,0.0001,-0.0
T12987,Religion and Society in Latin America,4,3,-1,0.0001,0.0001,-0.0
T13996,Diverse Musicological Studies,4,3,-1,0.0001,0.0001,-0.0
T13684,Political Dynamics in Latin America,2,5,3,0.0,0.0001,0.01
T11168,International Development and Aid,2,5,3,0.0,0.0001,0.01
T11264,Coffee research and impacts,4,3,-1,0.0001,0.0001,-0.0
T11052,Energy Load and Power Forecasting,4,3,-1,0.0001,0.0001,-0.0
T12508,Functional Equations Stability Results,6,1,-5,0.0001,0.0,-0.01
T10922,Magnetic Properties and Synthesis of Ferrites,6,1,-5,0.0001,0.0,-0.01
T11174,Pediatric Urology and Nephrology Studies,5,2,-3,0.0001,0.0,-0.01
T10764,Privacy-Preserving Technologies in Data,2,5,3,0.0,0.0001,0.01
T13825,Economic Policies and Impacts,5,2,-3,0.0001,0.0,-0.01
T11302,CO2 Sequestration and Geologic Interactions,6,1,-5,0.0001,0.0,-0.01
T13948,Gender and Women's Rights,1,6,5,0.0,0.0001,0.01
T11643,Building materials and conservation,6,1,-5,0.0001,0.0,-0.01
T14012,Comparative and International Law Studies,6,1,-5,0.0001,0.0,-0.01
T13238,Botanical Studies and Applications,6,1,-5,0.0001,0.0,-0.01
T12697,Water Quality Monitoring Technologies,6,1,-5,0.0001,0.0,-0.01
T10738,Posthumanist Ethics and Activism,4,3,-1,0.0001,0.0001,-0.0
T11824,Injury Epidemiology and Prevention,6,1,-5,0.0001,0.0,-0.01
T12499,"Diphtheria, Corynebacterium, and Tetanus",5,2,-3,0.0001,0.0,-0.01
T12963,Anesthesia and Neurotoxicity Research,5,2,-3,0.0001,0.0,-0.01
T13461,Vladimir Nabokov Literary Studies,3,4,1,0.0001,0.0001,0.0
T12278,Vascular Tumors and Angiosarcomas,4,3,-1,0.0001,0.0001,-0.0
T11216,Radiation Detection and Scintillator Technologies,6,1,-5,0.0001,0.0,-0.01
T12062,Approximation Theory and Sequence Spaces,3,4,1,0.0001,0.0001,0.0
T14459,Synthesis and Reactions of Organic Compounds,7,0,-7,0.0001,0.0,-0.01
T11549,Synthetic Organic Chemistry Methods,6,1,-5,0.0001,0.0,-0.01
T12280,Magnesium in Health and Disease,4,3,-1,0.0001,0.0001,-0.0
T11063,Rough Sets and Fuzzy Logic,6,1,-5,0.0001,0.0,-0.01
T10104,Nanofluid Flow and Heat Transfer,5,2,-3,0.0001,0.0,-0.01
T11337,Tryptophan and brain disorders,5,2,-3,0.0001,0.0,-0.01
T11162,Enzyme Structure and Function,6,1,-5,0.0001,0.0,-0.01
T12001,Fossil Insects in Amber,3,4,1,0.0001,0.0001,0.0
T12890,Eurasian Exchange Networks,4,3,-1,0.0001,0.0001,-0.0
T11365,Islamic Finance and Banking Studies,5,2,-3,0.0001,0.0,-0.01
T11605,Visual Attention and Saliency Detection,6,1,-5,0.0001,0.0,-0.01
T14010,Food Industry and Aquatic Biology,2,5,3,0.0,0.0001,0.01
T12948,Inclusion and Disability in Education and Sport,3,4,1,0.0001,0.0001,0.0
T12715,Pregnancy-related medical research,7,0,-7,0.0001,0.0,-0.01
T10010,"Obesity, Physical Activity, Diet",3,4,1,0.0001,0.0001,0.0
T12467,Rangeland Management and Livestock Ecology,6,1,-5,0.0001,0.0,-0.01
T11672,Recycling and utilization of industrial and municipal waste in materials production,3,4,1,0.0001,0.0001,0.0
T13297,History and advancements in chemistry,6,1,-5,0.0001,0.0,-0.01
T10974,Advanced Queuing Theory Analysis,5,2,-3,0.0001,0.0,-0.01
T10955,Paleontology and Evolutionary Biology,3,4,1,0.0001,0.0001,0.0
T10444,Context-Aware Activity Recognition Systems,2,5,3,0.0,0.0001,0.01
T12453,Infectious Aortic and Vascular Conditions,3,4,1,0.0001,0.0001,0.0
T13490,Aquatic Ecosystems and Biodiversity,6,1,-5,0.0001,0.0,-0.01
T10735,Mesoporous Materials and Catalysis,3,4,1,0.0001,0.0001,0.0
T13971,Synthesis and Biological Activity,2,5,3,0.0,0.0001,0.01
T12700,Doping in Sports,3,4,1,0.0001,0.0001,0.0
T10049,Magnetic properties of thin films,2,5,3,0.0,0.0001,0.01
T14481,Renewable Energy and Sustainability,2,5,3,0.0,0.0001,0.01
T14089,Nanotechnology research and applications,2,5,3,0.0,0.0001,0.01
T12289,Library Science and Administration,2,5,3,0.0,0.0001,0.01
T12010,Evaluation and Performance Assessment,2,5,3,0.0,0.0001,0.01
T14230,Occupational and Professional Licensing Regulation,1,6,5,0.0,0.0001,0.01
T10727,Ultrasound Imaging and Elastography,0,7,7,0.0,0.0001,0.01
T13486,"Literature, Magical Realism, García Márquez",3,4,1,0.0001,0.0001,0.0
T11640,Linguistic Variation and Morphology,4,3,-1,0.0001,0.0001,-0.0
T11682,Advanced Condensed Matter Physics,4,3,-1,0.0001,0.0001,-0.0
T13546,Census and Population Estimation,4,3,-1,0.0001,0.0001,-0.0
T12476,Intraoperative Neuromonitoring and Anesthetic Effects,5,2,-3,0.0001,0.0,-0.01
T14426,"Religion, Gender, and Enlightenment",3,4,1,0.0001,0.0001,0.0
T10810,Polymer composites and self-healing,4,3,-1,0.0001,0.0001,-0.0
T11403,Invertebrate Immune Response Mechanisms,4,3,-1,0.0001,0.0001,-0.0
T13904,Artificial Intelligence Applications,1,6,5,0.0,0.0001,0.01
T13087,Simone de Beauvoir and Sartre,1,6,5,0.0,0.0001,0.01
T11122,Online Learning and Analytics,3,4,1,0.0001,0.0001,0.0
T13585,Technostress in Professional Settings,1,6,5,0.0,0.0001,0.01
T11780,Rabies epidemiology and control,5,2,-3,0.0001,0.0,-0.01
T14357,"Architecture, Design, and Social History",0,7,7,0.0,0.0001,0.01
T13042,Economic and Fiscal Studies,0,7,7,0.0,0.0001,0.01
T12408,Educational Innovations and Challenges,0,7,7,0.0,0.0001,0.01
T13015,"Botany, Ecology, and Taxonomy Studies",6,0,-6,0.0001,0.0,-0.01
T13561,Chemical Reactions and Isotopes,3,3,0,0.0001,0.0001,0.0
T11126,Metallurgical Processes and Thermodynamics,6,0,-6,0.0001,0.0,-0.01
T11787,Oral and Maxillofacial Pathology,3,3,0,0.0001,0.0001,0.0
T14052,Galician and Iberian cultural studies,2,4,2,0.0,0.0001,0.0
T13246,"Agriculture, Plant Science, Crop Management",6,0,-6,0.0001,0.0,-0.01
T12620,Signaling Pathways in Disease,6,0,-6,0.0001,0.0,-0.01
T13352,International Relations in Latin America,4,2,-2,0.0001,0.0,-0.0
T11053,Process Optimization and Integration,5,1,-4,0.0001,0.0,-0.01
T12072,Machine Learning and Algorithms,5,1,-4,0.0001,0.0,-0.01
T11139,"Gout, Hyperuricemia, Uric Acid",3,3,0,0.0001,0.0001,0.0
T13437,Mechanisms of cancer metastasis,4,2,-2,0.0001,0.0,-0.0
T12082,Takotsubo Cardiomyopathy and Associated Phenomena,5,1,-4,0.0001,0.0,-0.01
T13151,Business Strategies and Innovation,1,5,4,0.0,0.0001,0.01
T11702,Parasitic Diseases Research and Treatment,2,4,2,0.0,0.0001,0.0
T13610,"Society, Economy, and Ethics Research",5,1,-4,0.0001,0.0,-0.01
T13889,Advanced Materials and Semiconductor Technologies,1,5,4,0.0,0.0001,0.01
T12836,History and Developments in Astronomy,5,1,-4,0.0001,0.0,-0.01
T14090,Health and Conflict Studies,5,1,-4,0.0001,0.0,-0.01
T13081,Digital Education and Society,2,4,2,0.0,0.0001,0.0
T11018,Lower Extremity Biomechanics and Pathologies,3,3,0,0.0001,0.0001,0.0
T12224,Nanofabrication and Lithography Techniques,3,3,0,0.0001,0.0001,0.0
T10953,E-Government and Public Services,1,5,4,0.0,0.0001,0.01
T13560,Socioeconomic Development in MENA,6,0,-6,0.0001,0.0,-0.01
T11810,Complex Systems and Decision Making,6,0,-6,0.0001,0.0,-0.01
T11916,Legionella and Acanthamoeba research,4,2,-2,0.0001,0.0,-0.0
T11948,Machine Learning in Materials Science,4,2,-2,0.0001,0.0,-0.0
T13944,Psychiatric care and mental health services,2,4,2,0.0,0.0001,0.0
T12541,Graph Labeling and Dimension Problems,1,5,4,0.0,0.0001,0.01
T12633,Legal case studies and regulations,6,0,-6,0.0001,0.0,-0.01
T14121,Logistics and Transportation Systems,3,3,0,0.0001,0.0001,0.0
T13920,Urban Planning and Valuation,5,1,-4,0.0001,0.0,-0.01
T10659,Marine animal studies overview,3,3,0,0.0001,0.0001,0.0
T11214,Human-Animal Interaction Studies,2,4,2,0.0,0.0001,0.0
T12660,Plant Disease Management Techniques,1,5,4,0.0,0.0001,0.01
T10426,Child Abuse and Trauma,2,4,2,0.0,0.0001,0.0
T13503,"Gender, Health, and Social Inequality",3,3,0,0.0001,0.0001,0.0
T12077,Vacuum and Plasma Arcs,1,5,4,0.0,0.0001,0.01
T13166,Information Science and Libraries,1,5,4,0.0,0.0001,0.01
T12729,Tree Root and Stability Studies,5,1,-4,0.0001,0.0,-0.01
T11182,Auction Theory and Applications,4,2,-2,0.0001,0.0,-0.0
T14268,Evolving Legal Systems and Governance,1,5,4,0.0,0.0001,0.01
T14212,Health Promotion and Cardiovascular Prevention,2,4,2,0.0,0.0001,0.0
T12301,Facial Nerve Paralysis Treatment and Research,3,3,0,0.0001,0.0001,0.0
T12811,"Aging, Health, and Disability",0,6,6,0.0,0.0001,0.01
T14302,European Politics and Security,1,5,4,0.0,0.0001,0.01
T11574,Artificial Intelligence in Games,4,2,-2,0.0001,0.0,-0.0
T11194,Ocular Diseases and Behçet’s Syndrome,2,4,2,0.0,0.0001,0.0
T13469,"Environmental, Ecological, and Cultural Studies",2,4,2,0.0,0.0001,0.0
T13896,Health Services Management and Policy,0,6,6,0.0,0.0001,0.01
T13758,Energy Law and Policy,0,6,6,0.0,0.0001,0.01
T10562,Total Knee Arthroplasty Outcomes,4,2,-2,0.0001,0.0,-0.0
T14440,Quality of Life Measurement,0,6,6,0.0,0.0001,0.01
T14038,"Youth, Politics, and Society",0,6,6,0.0,0.0001,0.01
T11005,Radiation Effects in Electronics,3,3,0,0.0001,0.0001,0.0
T12703,Oil Palm Production and Sustainability,3,3,0,0.0001,0.0001,0.0
T13824,National Identity and Symbolism,0,6,6,0.0,0.0001,0.01
T12543,Groundwater and Watershed Analysis,2,4,2,0.0,0.0001,0.0
T12796,Dermatological and COVID-19 studies,3,3,0,0.0001,0.0001,0.0
T11148,"Language, Metaphor, and Cognition",5,1,-4,0.0001,0.0,-0.01
T11186,Hydrology and Drought Analysis,2,4,2,0.0,0.0001,0.0
T12613,X-ray Diffraction in Crystallography,5,1,-4,0.0001,0.0,-0.01
T13861,Health and Lifestyle Studies,2,4,2,0.0,0.0001,0.0
T10270,Blockchain Technology Applications and Security,4,2,-2,0.0001,0.0,-0.0
T13980,Alexander von Humboldt Studies,3,3,0,0.0001,0.0001,0.0
T13114,Image Processing Techniques and Applications,4,2,-2,0.0001,0.0,-0.0
T12015,Photoacoustic and Ultrasonic Imaging,5,1,-4,0.0001,0.0,-0.01
T13031,Civil and Structural Engineering Research,5,1,-4,0.0001,0.0,-0.01
T11556,"Poverty, Education, and Child Welfare",4,2,-2,0.0001,0.0,-0.0
T12764,Polish Historical and Cultural Studies,2,4,2,0.0,0.0001,0.0
T10037,Physics of Superconductivity and Magnetism,3,3,0,0.0001,0.0001,0.0
T12307,Ancient Near East History,3,3,0,0.0001,0.0001,0.0
T12722,Innovation Policy and R&D,4,2,-2,0.0001,0.0,-0.0
T13700,Gender Studies and Social Issues,0,6,6,0.0,0.0001,0.01
T13078,Political and Social Dynamics in Chile and Latin America,5,1,-4,0.0001,0.0,-0.01
T13551,Biochemical effects in animals,6,0,-6,0.0001,0.0,-0.01
T13958,"Education, Innovation and Language Studies",6,0,-6,0.0001,0.0,-0.01
T11261,Quantum chaos and dynamical systems,6,0,-6,0.0001,0.0,-0.01
T12712,Myofascial pain diagnosis and treatment,6,0,-6,0.0001,0.0,-0.01
T11797,graph theory and CDMA systems,6,0,-6,0.0001,0.0,-0.01
T13526,14-3-3 protein interactions,6,0,-6,0.0001,0.0,-0.01
T11968,High Altitude and Hypoxia,6,0,-6,0.0001,0.0,-0.01
T12568,Plant Taxonomy and Phylogenetics,6,0,-6,0.0001,0.0,-0.01
T12929,Animal Genetics and Reproduction,6,0,-6,0.0001,0.0,-0.01
T14339,Image Processing and 3D Reconstruction,6,0,-6,0.0001,0.0,-0.01
T11399,Muscle metabolism and nutrition,6,0,-6,0.0001,0.0,-0.01
T11967,Electrolyte and hormonal disorders,4,2,-2,0.0001,0.0,-0.0
T12520,Psychology of Moral and Emotional Judgment,5,1,-4,0.0001,0.0,-0.01
T13142,GABA and Rice Research,6,0,-6,0.0001,0.0,-0.01
T11691,Forest Insect Ecology and Management,5,1,-4,0.0001,0.0,-0.01
T13326,Biochemical and Structural Characterization,6,0,-6,0.0001,0.0,-0.01
T12026,Explainable Artificial Intelligence (XAI),1,5,4,0.0,0.0001,0.01
T12097,Aquatic Invertebrate Ecology and Behavior,6,0,-6,0.0001,0.0,-0.01
T12782,Assembly Line Balancing Optimization,2,4,2,0.0,0.0001,0.0
T12070,Writing and Handwriting Education,3,3,0,0.0001,0.0001,0.0
T12634,Ureteral procedures and complications,3,3,0,0.0001,0.0001,0.0
T12685,Phytochemical compounds biological activities,5,1,-4,0.0001,0.0,-0.01
T11875,Statistics Education and Methodologies,3,3,0,0.0001,0.0001,0.0
T10628,China's Socioeconomic Reforms and Governance,3,3,0,0.0001,0.0001,0.0
T11281,Asymmetric Hydrogenation and Catalysis,5,1,-4,0.0001,0.0,-0.01
T11976,Capital Investment and Risk Analysis,2,4,2,0.0,0.0001,0.0
T12304,Radiative Heat Transfer Studies,3,3,0,0.0001,0.0001,0.0
T12091,Peatlands and Wetlands Ecology,4,2,-2,0.0001,0.0,-0.0
T11601,Neuroscience and Neural Engineering,4,2,-2,0.0001,0.0,-0.0
T13844,Higher Education Learning Practices,4,2,-2,0.0001,0.0,-0.0
T10657,Topological Materials and Phenomena,2,4,2,0.0,0.0001,0.0
T10437,Educational theories and practices,1,5,4,0.0,0.0001,0.01
T10770,Soil Geostatistics and Mapping,4,2,-2,0.0001,0.0,-0.0
T13485,Marine and Coastal Ecosystems,1,5,4,0.0,0.0001,0.01
T11759,Occupational Therapy Practice and Research,3,3,0,0.0001,0.0001,0.0
T11926,Subterranean biodiversity and taxonomy,6,0,-6,0.0001,0.0,-0.01
T11006,BIM and Construction Integration,4,2,-2,0.0001,0.0,-0.0
T12268,Deception detection and forensic psychology,4,2,-2,0.0001,0.0,-0.0
T12314,Nuts composition and effects,6,0,-6,0.0001,0.0,-0.01
T10707,Cellular and Composite Structures,1,5,4,0.0,0.0001,0.01
T11015,Down syndrome and intellectual disability research,2,4,2,0.0,0.0001,0.0
T12540,Cyclone Separators and Fluid Dynamics,3,3,0,0.0001,0.0001,0.0
T12730,"Weber, Simmel, Sociological Theory",3,3,0,0.0001,0.0001,0.0
T12037,Algebraic and Geometric Analysis,5,1,-4,0.0001,0.0,-0.01
T12297,Otolaryngology and Infectious Diseases,3,3,0,0.0001,0.0001,0.0
T11208,Lignin and Wood Chemistry,4,2,-2,0.0001,0.0,-0.0
T13555,"Healthcare cost, quality, practices",4,2,-2,0.0001,0.0,-0.0
T10799,Data Visualization and Analytics,2,4,2,0.0,0.0001,0.0
T11374,Cleft Lip and Palate Research,3,3,0,0.0001,0.0001,0.0
T14362,Diverse Legal and Medical Studies,1,5,4,0.0,0.0001,0.01
T10891,Radar Systems and Signal Processing,2,4,2,0.0,0.0001,0.0
T11485,Gastrointestinal Tumor Research and Treatment,3,3,0,0.0001,0.0001,0.0
T11713,Genital Health and Disease,2,4,2,0.0,0.0001,0.0
T13730,"Martial Arts: Techniques, Psychology, and Education",1,5,4,0.0,0.0001,0.01
T13544,Women's cancer prevention and management,0,6,6,0.0,0.0001,0.01
T13366,Accounting Theory and Financial Reporting,0,6,6,0.0,0.0001,0.01
T14128,Metallurgical and Alloy Processes,0,6,6,0.0,0.0001,0.01
T13073,China's Ethnic Minorities and Relations,0,6,6,0.0,0.0001,0.01
T14419,Banking Systems and Strategies,0,6,6,0.0,0.0001,0.01
T13075,Legal Systems and Judicial Processes,0,6,6,0.0,0.0001,0.01
T13360,Economic and Social Issues,2,4,2,0.0,0.0001,0.0
T10160,Seismic Performance and Analysis,0,6,6,0.0,0.0001,0.01
T14315,Feminist Theory and Gender Studies,0,6,6,0.0,0.0001,0.01
T10083,Graphene research and applications,3,3,0,0.0001,0.0001,0.0
T10752,Terahertz technology and applications,3,3,0,0.0001,0.0001,0.0
T12481,Digital Accessibility for Disabilities,2,4,2,0.0,0.0001,0.0
T12392,Sharing Economy and Platforms,3,3,0,0.0001,0.0001,0.0
T10784,Muscle activation and electromyography studies,5,1,-4,0.0001,0.0,-0.01
T11228,Bat Biology and Ecology Studies,5,1,-4,0.0001,0.0,-0.01
T11167,Hair Growth and Disorders,4,2,-2,0.0001,0.0,-0.0
T13870,Environmental and Ecological Studies,6,0,-6,0.0001,0.0,-0.01
T13409,Paleopathology and ancient diseases,3,3,0,0.0001,0.0001,0.0
T14489,Basque language and culture studies,2,4,2,0.0,0.0001,0.0
T11058,Ethics in Business and Education,2,4,2,0.0,0.0001,0.0
T14278,Marxism and Critical Theory,0,6,6,0.0,0.0001,0.01
T13375,Integrated Water Resources Management,0,6,6,0.0,0.0001,0.01
T10557,Social Media and Politics,3,2,-1,0.0001,0.0,-0.0
T12804,Thermal Analysis in Power Transmission,5,0,-5,0.0001,0.0,-0.01
T12527,Chemistry and Stereochemistry Studies,4,1,-3,0.0001,0.0,-0.01
T13091,Human Health and Disease,4,1,-3,0.0001,0.0,-0.01
T13843,African Sexualities and LGBTQ+ Issues,3,2,-1,0.0001,0.0,-0.0
T11312,Soil Moisture and Remote Sensing,4,1,-3,0.0001,0.0,-0.01
T12708,Economic and Financial Impacts of Cancer,3,2,-1,0.0001,0.0,-0.0
T14001,Evelyn Waugh and Hans Urs von Balthasar Studies,5,0,-5,0.0001,0.0,-0.01
T11400,Motivation and Self-Concept in Sports,4,1,-3,0.0001,0.0,-0.01
T10534,Structural Health Monitoring Techniques,2,3,1,0.0,0.0001,0.0
T11885,MRI in cancer diagnosis,2,3,1,0.0,0.0001,0.0
T14344,Pathogenesis and Treatment of Hiccups,5,0,-5,0.0001,0.0,-0.01
T12592,Opinion Dynamics and Social Influence,4,1,-3,0.0001,0.0,-0.01
T13221,Biological Activity of Diterpenoids and Biflavonoids,3,2,-1,0.0001,0.0,-0.0
T12217,Higher Education Teaching and Evaluation,4,1,-3,0.0001,0.0,-0.01
T12920,Healthcare and Environmental Waste Management,4,1,-3,0.0001,0.0,-0.01
T12553,Psychedelics and Drug Studies,3,2,-1,0.0001,0.0,-0.0
T13543,Oropharyngeal Anatomy and Pathologies,3,2,-1,0.0001,0.0,-0.0
T11698,Underwater Acoustics Research,3,2,-1,0.0001,0.0,-0.0
T10703,Business Process Modeling and Analysis,4,1,-3,0.0001,0.0,-0.01
T11511,Dyeing and Modifying Textile Fibers,3,2,-1,0.0001,0.0,-0.0
T13478,Agricultural Development and Management,2,3,1,0.0,0.0001,0.0
T11838,"Crime, Illicit Activities, and Governance",4,1,-3,0.0001,0.0,-0.01
T11508,Corporate Taxation and Avoidance,3,2,-1,0.0001,0.0,-0.0
T13253,Chemical Reactions and Mechanisms,3,2,-1,0.0001,0.0,-0.0
T10899,Advanced Operator Algebra Research,2,3,1,0.0,0.0001,0.0
T12784,Modular Robots and Swarm Intelligence,4,1,-3,0.0001,0.0,-0.01
T12036,Argentine historical studies,4,1,-3,0.0001,0.0,-0.01
T11218,Hip disorders and treatments,4,1,-3,0.0001,0.0,-0.01
T12078,Environmental remediation with nanomaterials,3,2,-1,0.0001,0.0,-0.0
T14049,Plant and Fungal Species Descriptions,4,1,-3,0.0001,0.0,-0.01
T13540,Animal Diversity and Health Studies,4,1,-3,0.0001,0.0,-0.01
T13173,Gender Studies in Language,2,3,1,0.0,0.0001,0.0
T13800,Earthquake and Disaster Impact Studies,2,3,1,0.0,0.0001,0.0
T14486,"Cardiovascular, Neuropeptides, and Oxidative Stress Research",2,3,1,0.0,0.0001,0.0
T12744,Medical Device Sterilization and Disinfection,2,3,1,0.0,0.0001,0.0
T12156,World Trade Organization Law,3,2,-1,0.0001,0.0,-0.0
T12650,Aesthetic Perception and Analysis,1,4,3,0.0,0.0001,0.01
T11767,Poxvirus research and outbreaks,2,3,1,0.0,0.0001,0.0
T14389,"Innovation, Technology, and Society",1,4,3,0.0,0.0001,0.01
T11778,Electrical and Bioimpedance Tomography,2,3,1,0.0,0.0001,0.0
T12838,Photovoltaic Systems and Sustainability,3,2,-1,0.0001,0.0,-0.0
T10734,Information and Cyber Security,0,5,5,0.0,0.0001,0.01
T12863,Web and Library Services,0,5,5,0.0,0.0001,0.01
T11835,Sustainability in Higher Education,1,4,3,0.0,0.0001,0.01
T11679,Craniofacial Disorders and Treatments,4,1,-3,0.0001,0.0,-0.01
T12903,Globalization and Cultural Identity,0,5,5,0.0,0.0001,0.01
T14429,Global Political and Social Dynamics,1,4,3,0.0,0.0001,0.01
T14520,Sustainable Urban and Rural Development,0,5,5,0.0,0.0001,0.01
T14167,Consumer behavior in food and health,1,4,3,0.0,0.0001,0.01
T12413,Health and Medical Education,0,5,5,0.0,0.0001,0.01
T13277,"Media, Religion, Digital Communication",2,3,1,0.0,0.0001,0.0
T10459,Sexual function and dysfunction studies,2,3,1,0.0,0.0001,0.0
T11349,Music Technology and Sound Studies,3,2,-1,0.0001,0.0,-0.0
T12469,"Chaos, Complexity, and Education",0,5,5,0.0,0.0001,0.01
T10357,Efficiency Analysis Using DEA,2,3,1,0.0,0.0001,0.0
T11269,Algorithms and Data Compression,3,2,-1,0.0001,0.0,-0.0
T12126,Maritime Transport Emissions and Efficiency,2,3,1,0.0,0.0001,0.0
T11595,Textile materials and evaluations,4,1,-3,0.0001,0.0,-0.01
T14127,Food and Agricultural Sciences,1,4,3,0.0,0.0001,0.01
T13084,Education during COVID-19 pandemic,0,5,5,0.0,0.0001,0.01
T13951,Fluid dynamics and aerodynamics studies,2,3,1,0.0,0.0001,0.0
T13625,Journalism and Media Studies,2,3,1,0.0,0.0001,0.0
T13276,University-Industry-Government Innovation Models,2,3,1,0.0,0.0001,0.0
T11994,Human Resource Development and Performance Evaluation,1,4,3,0.0,0.0001,0.01
T11840,Pain Management and Treatment,2,3,1,0.0,0.0001,0.0
T11074,Helminth infection and control,3,2,-1,0.0001,0.0,-0.0
T12923,Digital Image Processing Techniques,0,5,5,0.0,0.0001,0.01
T13148,Environmental and Air Quality Management,0,5,5,0.0,0.0001,0.01
T10906,AI-based Problem Solving and Planning,3,2,-1,0.0001,0.0,-0.0
T10098,Ruminant Nutrition and Digestive Physiology,2,3,1,0.0,0.0001,0.0
T11159,Manufacturing Process and Optimization,4,1,-3,0.0001,0.0,-0.01
T10361,Silicon Carbide Semiconductor Technologies,3,2,-1,0.0001,0.0,-0.0
T11836,Bryophyte Studies and Records,4,1,-3,0.0001,0.0,-0.01
T14006,"Linguistics, Language Diversity, and Identity",3,2,-1,0.0001,0.0,-0.0
T10233,Geotechnical Engineering and Soil Mechanics,3,2,-1,0.0001,0.0,-0.0
T12849,Parvovirus B19 Infection Studies,4,1,-3,0.0001,0.0,-0.01
T14094,Italy: Economic History and Contemporary Issues,3,2,-1,0.0001,0.0,-0.0
T10113,Dental materials and restorations,3,2,-1,0.0001,0.0,-0.0
T11135,Virology and Viral Diseases,3,2,-1,0.0001,0.0,-0.0
T11729,Product Development and Customization,3,2,-1,0.0001,0.0,-0.0
T12287,Fibroblast Growth Factor Research,4,1,-3,0.0001,0.0,-0.01
T12183,Teratomas and Epidermoid Cysts,4,1,-3,0.0001,0.0,-0.01
T12407,Plant Growth Enhancement Techniques,3,2,-1,0.0001,0.0,-0.0
T12315,Older Adults Driving Studies,4,1,-3,0.0001,0.0,-0.01
T12646,Inorganic Fluorides and Related Compounds,4,1,-3,0.0001,0.0,-0.01
T11905,Veterinary Pharmacology and Anesthesia,4,1,-3,0.0001,0.0,-0.01
T14035,"Literature, Culture, and Aesthetics",4,1,-3,0.0001,0.0,-0.01
T13008,Agricultural Practices and Plant Genetics,5,0,-5,0.0001,0.0,-0.01
T10559,Particle Accelerators and Free-Electron Lasers,5,0,-5,0.0001,0.0,-0.01
T10904,Embedded Systems Design Techniques,5,0,-5,0.0001,0.0,-0.01
T14182,Technology-Enhanced Education Studies,5,0,-5,0.0001,0.0,-0.01
T12694,"Categorization, perception, and language",5,0,-5,0.0001,0.0,-0.01
T11877,Iron oxide chemistry and applications,5,0,-5,0.0001,0.0,-0.01
T12081,Aerodynamics and Fluid Dynamics Research,5,0,-5,0.0001,0.0,-0.01
T10466,Meteorological Phenomena and Simulations,3,2,-1,0.0001,0.0,-0.0
T13309,Reliability and Agreement in Measurement,3,2,-1,0.0001,0.0,-0.0
T11439,Video Analysis and Summarization,3,2,-1,0.0001,0.0,-0.0
T13125,Agricultural pest management studies,3,2,-1,0.0001,0.0,-0.0
T12061,Axon Guidance and Neuronal Signaling,3,2,-1,0.0001,0.0,-0.0
T14144,Neurological Disease Mechanisms and Treatments,5,0,-5,0.0001,0.0,-0.01
T12825,"Defense, Military, and Policy Studies",2,3,1,0.0,0.0001,0.0
T13289,Infant Health and Development,4,1,-3,0.0001,0.0,-0.01
T13636,Pentecostalism and Christianity Studies,3,2,-1,0.0001,0.0,-0.0
T11444,Electromagnetic Compatibility and Noise Suppression,2,3,1,0.0,0.0001,0.0
T13770,Pediatric health and respiratory diseases,5,0,-5,0.0001,0.0,-0.01
T11557,Lubricants and Their Additives,4,1,-3,0.0001,0.0,-0.01
T11588,Atmospheric and Environmental Gas Dynamics,4,1,-3,0.0001,0.0,-0.01
T12745,Dietary Effects on Health,3,2,-1,0.0001,0.0,-0.0
T12533,Aldose Reductase and Taurine,3,2,-1,0.0001,0.0,-0.0
T13467,Drug-Induced Ocular Toxicity,3,2,-1,0.0001,0.0,-0.0
T11032,VLSI and Analog Circuit Testing,3,2,-1,0.0001,0.0,-0.0
T10354,Catalytic C–H Functionalization Methods,4,1,-3,0.0001,0.0,-0.01
T11881,Crystallization and Solubility Studies,5,0,-5,0.0001,0.0,-0.01
T11335,Prion Diseases and Protein Misfolding,4,1,-3,0.0001,0.0,-0.01
T12486,Food Supply Chain Traceability,4,1,-3,0.0001,0.0,-0.01
T12565,Physics and Engineering Research Articles,5,0,-5,0.0001,0.0,-0.01
T10203,Recommender Systems and Techniques,1,4,3,0.0,0.0001,0.01
T12128,AI in Service Interactions,3,2,-1,0.0001,0.0,-0.0
T12428,Global Trade and Competitiveness,2,3,1,0.0,0.0001,0.0
T11979,Garlic and Onion Studies,4,1,-3,0.0001,0.0,-0.01
T12843,Human Resource and Talent Management,1,4,3,0.0,0.0001,0.01
T13000,World Systems and Global Transformations,1,4,3,0.0,0.0001,0.01
T14438,Advanced Scientific Research Methods,1,4,3,0.0,0.0001,0.01
T12747,Moyamoya disease diagnosis and treatment,4,1,-3,0.0001,0.0,-0.01
T13721,Political Science Research and Education,1,4,3,0.0,0.0001,0.01
T13248,Healthcare Technology and Patient Monitoring,2,3,1,0.0,0.0001,0.0
T13132,"Hydropower, Displacement, Environmental Impact",2,3,1,0.0,0.0001,0.0
T12180,Polar Research and Ecology,1,4,3,0.0,0.0001,0.01
T13260,Linguistics and Language Studies,1,4,3,0.0,0.0001,0.01
T11603,Dust and Plasma Wave Phenomena,1,4,3,0.0,0.0001,0.01
T12274,Electrostatics and Colloid Interactions,2,3,1,0.0,0.0001,0.0
T13931,Philosophy and Historical Thought,1,4,3,0.0,0.0001,0.01
T14335,Educational Robotics and Engineering,4,1,-3,0.0001,0.0,-0.01
T11722,Patient Satisfaction in Healthcare,2,3,1,0.0,0.0001,0.0
T12735,Blood donation and transfusion practices,2,3,1,0.0,0.0001,0.0
T10193,Coronary Interventions and Diagnostics,2,3,1,0.0,0.0001,0.0
T10940,Navier-Stokes equation solutions,1,4,3,0.0,0.0001,0.01
T12997,Outdoor and Experiential Education,1,4,3,0.0,0.0001,0.01
T13929,Educational Outcomes and Influences,0,5,5,0.0,0.0001,0.01
T12113,Growth and nutrition in plants,0,5,5,0.0,0.0001,0.01
T14088,Generational Differences and Trends,0,5,5,0.0,0.0001,0.01
T13806,Mathematical and Computational Methods,0,5,5,0.0,0.0001,0.01
T11283,Experimental Learning in Engineering,0,5,5,0.0,0.0001,0.01
T12207,Assistive Technology in Communication and Mobility,0,5,5,0.0,0.0001,0.01
T12345,Adult and Continuing Education Topics,0,5,5,0.0,0.0001,0.01
T14492,"War, Law, and Justice",0,5,5,0.0,0.0001,0.01
T11819,Data-Driven Disease Surveillance,3,2,-1,0.0001,0.0,-0.0
T13157,Cancer-related gene regulation,5,0,-5,0.0001,0.0,-0.01
T12463,Amoebic Infections and Treatments,4,1,-3,0.0001,0.0,-0.01
T14472,Environmental and Cultural Studies in Latin America and Beyond,2,3,1,0.0,0.0001,0.0
T12902,Public Policy and Governance,5,0,-5,0.0001,0.0,-0.01
T11674,Sports Analytics and Performance,3,2,-1,0.0001,0.0,-0.0
T11632,Family and Disability Support Research,3,2,-1,0.0001,0.0,-0.0
T11842,Ultrasound and Cavitation Phenomena,3,2,-1,0.0001,0.0,-0.0
T13883,Child and Adolescent Health,1,4,3,0.0,0.0001,0.01
T11867,Traumatic Ocular and Foreign Body Injuries,3,2,-1,0.0001,0.0,-0.0
T11416,Numerical methods for differential equations,4,1,-3,0.0001,0.0,-0.01
T12312,"Culture, Economy, and Development Studies",1,4,3,0.0,0.0001,0.01
T13876,Chemical synthesis and pharmacological studies,2,3,1,0.0,0.0001,0.0
T13329,Joseph Conrad and Literature,3,2,-1,0.0001,0.0,-0.0
T12889,"Psychoanalysis, Philosophy, and Politics",0,5,5,0.0,0.0001,0.01
T14521,Medicinal Plant Research,0,5,5,0.0,0.0001,0.01
T14024,"Education, Philosophy, and Society",0,5,5,0.0,0.0001,0.01
T13263,Building energy efficiency and sustainability,0,5,5,0.0,0.0001,0.01
T14457,Intellectual Property Rights and Media,0,5,5,0.0,0.0001,0.01
T10751,Forensic and Genetic Research,0,5,5,0.0,0.0001,0.01
T11952,Landfill Environmental Impact Studies,0,5,5,0.0,0.0001,0.01
T12065,Hippo pathway signaling and YAP/TAZ,3,1,-2,0.0001,0.0,-0.0
T13127,Biotin and Related Studies,3,1,-2,0.0001,0.0,-0.0
T12386,Advanced X-ray and CT Imaging,4,0,-4,0.0001,0.0,-0.01
T11195,Simulation Techniques and Applications,3,1,-2,0.0001,0.0,-0.0
T13126,Scientific Research and Discoveries,3,1,-2,0.0001,0.0,-0.0
T12846,Ginkgo biloba and Cashew Applications,4,0,-4,0.0001,0.0,-0.01
T12050,Optical Polarization and Ellipsometry,2,2,0,0.0,0.0,0.0
T10431,Ethnobotanical and Medicinal Plants Studies,3,1,-2,0.0001,0.0,-0.0
T11676,Parental Involvement in Education,2,2,0,0.0,0.0,0.0
T13206,Neonatal skin health care,2,2,0,0.0,0.0,0.0
T13718,Media Influence and Politics,2,2,0,0.0,0.0,0.0
T13013,Free Radicals and Antioxidants,4,0,-4,0.0001,0.0,-0.01
T11263,Electromagnetic Simulation and Numerical Methods,3,1,-2,0.0001,0.0,-0.0
T12107,Leprosy Research and Treatment,2,2,0,0.0,0.0,0.0
T14214,Space Exploration and Technology,3,1,-2,0.0001,0.0,-0.0
T14217,American Literature and Humor Studies,2,2,0,0.0,0.0,0.0
T13839,"Tourism, Volunteerism, and Development",2,2,0,0.0,0.0,0.0
T11466,Innovative Education and Learning Practices,1,3,2,0.0,0.0001,0.0
T13130,Biological and pharmacological studies of plants,4,0,-4,0.0001,0.0,-0.01
T11291,Intraocular Surgery and Lenses,3,1,-2,0.0001,0.0,-0.0
T11938,ERP Systems Implementation and Impact,2,2,0,0.0,0.0,0.0
T12525,Australian History and Society,3,1,-2,0.0001,0.0,-0.0
T13207,Youth Substance Use and School Attendance,2,2,0,0.0,0.0,0.0
T12661,Iterative Methods for Nonlinear Equations,4,0,-4,0.0001,0.0,-0.01
T13049,Surface Roughness and Optical Measurements,2,2,0,0.0,0.0,0.0
T14330,Library Science and Information Systems,3,1,-2,0.0001,0.0,-0.0
T12946,Fractal and DNA sequence analysis,2,2,0,0.0,0.0,0.0
T12598,Cardiac Structural Anomalies and Repair,4,0,-4,0.0001,0.0,-0.01
T12016,Web Data Mining and Analysis,1,3,2,0.0,0.0001,0.0
T12826,Education Methods and Technologies,1,3,2,0.0,0.0001,0.0
T12622,Neurosurgical Procedures and Complications,1,3,2,0.0,0.0001,0.0
T11039,Evaluation of Teaching Practices,2,2,0,0.0,0.0,0.0
T11563,Indian and Buddhist Studies,2,2,0,0.0,0.0,0.0
T13487,Statistical and numerical algorithms,1,3,2,0.0,0.0001,0.0
T10026,"Galaxies: Formation, Evolution, Phenomena",3,1,-2,0.0001,0.0,-0.0
T10514,Numerical methods in engineering,3,1,-2,0.0001,0.0,-0.0
T12596,Cephalopods and Marine Biology,2,2,0,0.0,0.0,0.0
T12136,Vanadium and Halogenation Chemistry,3,1,-2,0.0001,0.0,-0.0
T14081,Linguistic Education and Pedagogy,2,2,0,0.0,0.0,0.0
T12638,Pomegranate: compositions and health benefits,2,2,0,0.0,0.0,0.0
T12058,Allelopathy and phytotoxic interactions,3,1,-2,0.0001,0.0,-0.0
T10491,Enhanced Oil Recovery Techniques,4,0,-4,0.0001,0.0,-0.01
T10775,Generative Adversarial Networks and Image Synthesis,3,1,-2,0.0001,0.0,-0.0
T11329,Limits and Structures in Graph Theory,1,3,2,0.0,0.0001,0.0
T13236,Geotechnical and construction materials studies,2,2,0,0.0,0.0,0.0
T13977,Geography and Environmental Studies in Latin America,1,3,2,0.0,0.0001,0.0
T14201,Data Analysis and Archiving,2,2,0,0.0,0.0,0.0
T14378,Entomological Studies and Ecology,3,1,-2,0.0001,0.0,-0.0
T11784,CO2 Reduction Techniques and Catalysts,2,2,0,0.0,0.0,0.0
T10391,Healthcare Policy and Management,2,2,0,0.0,0.0,0.0
T14189,Intravenous Infusion Technology and Safety,2,2,0,0.0,0.0,0.0
T12994,Infrared Thermography in Medicine,2,2,0,0.0,0.0,0.0
T10286,Information Retrieval and Search Behavior,1,3,2,0.0,0.0001,0.0
T12305,Cassava research and cyanide,3,1,-2,0.0001,0.0,-0.0
T13403,Higher Education in Latin America,1,3,2,0.0,0.0001,0.0
T14126,Intramuscular injections and effects,1,3,2,0.0,0.0001,0.0
T12721,Moringa oleifera research and applications,2,2,0,0.0,0.0,0.0
T12711,Immigration and Intercultural Education,1,3,2,0.0,0.0001,0.0
T10638,Optical measurement and interference techniques,1,3,2,0.0,0.0001,0.0
T12415,Employer Branding and e-HRM,1,3,2,0.0,0.0001,0.0
T10667,Emotion and Mood Recognition,1,3,2,0.0,0.0001,0.0
T14405,Fisheries and Aquaculture Studies,0,4,4,0.0,0.0001,0.01
T14359,Wetland Management and Conservation,0,4,4,0.0,0.0001,0.01
T12582,Flavonoids in Medical Research,0,4,4,0.0,0.0001,0.01
T14178,Environmental Science and Water Management,0,4,4,0.0,0.0001,0.01
T10834,Welding Techniques and Residual Stresses,1,3,2,0.0,0.0001,0.0
T13926,"Feminism, Gender, and Sexuality Studies",3,1,-2,0.0001,0.0,-0.0
T13530,Climate Change and Environmental Impact,0,4,4,0.0,0.0001,0.01
T12605,Berry genetics and cultivation research,1,3,2,0.0,0.0001,0.0
T14053,Dengue and Mosquito Control Research,0,4,4,0.0,0.0001,0.01
T13188,Synthesis and bioactivity of alkaloids,0,4,4,0.0,0.0001,0.01
T11366,Elasticity and Material Modeling,2,2,0,0.0,0.0,0.0
T12395,Educational Innovations and Technology,3,1,-2,0.0001,0.0,-0.0
T12360,Plant-derived Lignans Synthesis and Bioactivity,3,1,-2,0.0001,0.0,-0.0
T14488,Chemical and Physical Studies,1,3,2,0.0,0.0001,0.0
T13344,Industrial Automation and Control Systems,2,2,0,0.0,0.0,0.0
T11105,Advanced Image Processing Techniques,0,4,4,0.0,0.0001,0.01
T14442,Historical Studies in Science,3,1,-2,0.0001,0.0,-0.0
T12992,Metastasis and carcinoma case studies,1,3,2,0.0,0.0001,0.0
T13382,Robotics and Automated Systems,2,2,0,0.0,0.0,0.0
T12576,vaccines and immunoinformatics approaches,2,2,0,0.0,0.0,0.0
T10901,Advanced Data Compression Techniques,1,3,2,0.0,0.0001,0.0
T11799,"Adhesion, Friction, and Surface Interactions",2,2,0,0.0,0.0,0.0
T13799,Media and Communication Studies,0,4,4,0.0,0.0001,0.01
T12420,Silicone and Siloxane Chemistry,1,3,2,0.0,0.0001,0.0
T10457,Education Pedagogy and Practices,3,1,-2,0.0001,0.0,-0.0
T13462,Spanish Philosophy and Literature,2,2,0,0.0,0.0,0.0
T13030,Survey Sampling and Estimation Techniques,1,3,2,0.0,0.0001,0.0
T12292,Graph Theory and Algorithms,1,3,2,0.0,0.0001,0.0
T12085,Collagen: Extraction and Characterization,3,1,-2,0.0001,0.0,-0.0
T12733,Vector-Borne Animal Diseases,3,1,-2,0.0001,0.0,-0.0
T12028,Knowledge Management and Sharing,2,2,0,0.0,0.0,0.0
T10013,Asymmetric Synthesis and Catalysis,0,4,4,0.0,0.0001,0.01
T14399,Invertebrate Taxonomy and Ecology,2,2,0,0.0,0.0,0.0
T10811,Hydrogen Storage and Materials,2,2,0,0.0,0.0,0.0
T12578,Diagnosis and treatment of tuberculosis,2,2,0,0.0,0.0,0.0
T13115,Axial and Atropisomeric Chirality Synthesis,3,1,-2,0.0001,0.0,-0.0
T11822,Analytic and geometric function theory,1,3,2,0.0,0.0001,0.0
T10970,Team Dynamics and Performance,1,3,2,0.0,0.0001,0.0
T12971,Material Properties and Processing,3,1,-2,0.0001,0.0,-0.0
T13322,Hibiscus Plant Research Studies,2,2,0,0.0,0.0,0.0
T13454,Phenothiazines and Benzothiazines Synthesis and Activities,3,1,-2,0.0001,0.0,-0.0
T11362,Membrane Separation and Gas Transport,3,1,-2,0.0001,0.0,-0.0
T11030,Scoliosis diagnosis and treatment,1,3,2,0.0,0.0001,0.0
T10224,Quantum Chromodynamics and Particle Interactions,2,2,0,0.0,0.0,0.0
T14354,Emergency Medicine Education and Research,2,2,0,0.0,0.0,0.0
T13163,Organizational Learning and Leadership,1,3,2,0.0,0.0001,0.0
T11217,Cardiac Arrhythmias and Treatments,3,1,-2,0.0001,0.0,-0.0
T11849,Intellectual Capital and Performance Analysis,3,1,-2,0.0001,0.0,-0.0
T13272,Psychological Treatments and Assessments,3,1,-2,0.0001,0.0,-0.0
T11437,Digital Platforms and Economics,3,1,-2,0.0001,0.0,-0.0
T13228,Socioeconomic Development in Asia,4,0,-4,0.0001,0.0,-0.01
T13898,Diverse Interdisciplinary Research Studies,4,0,-4,0.0001,0.0,-0.01
T12423,Software Reliability and Analysis Research,4,0,-4,0.0001,0.0,-0.01
T11630,Petroleum Processing and Analysis,4,0,-4,0.0001,0.0,-0.01
T12823,Adolescent and Pediatric Healthcare,4,0,-4,0.0001,0.0,-0.01
T11825,Catalysis and Oxidation Reactions,4,0,-4,0.0001,0.0,-0.01
T13537,"German legal, social, and political studies",2,2,0,0.0,0.0,0.0
T12223,Leptospirosis research and findings,2,2,0,0.0,0.0,0.0
T10622,Quantum Mechanics and Applications,2,2,0,0.0,0.0,0.0
T10425,Cold Atom Physics and Bose-Einstein Condensates,4,0,-4,0.0001,0.0,-0.01
T14514,Medical Research and Practices,4,0,-4,0.0001,0.0,-0.01
T11816,Nursing Roles and Practices,4,0,-4,0.0001,0.0,-0.01
T13966,Neurological and metabolic disorders,2,2,0,0.0,0.0,0.0
T12878,Pharmaceutical Quality and Counterfeiting,2,2,0,0.0,0.0,0.0
T13155,Digital Communication and Language,2,2,0,0.0,0.0,0.0
T11671,Fuzzy and Soft Set Theory,4,0,-4,0.0001,0.0,-0.01
T12876,Potassium and Related Disorders,1,3,2,0.0,0.0001,0.0
T12625,Sympathectomy and Hyperhidrosis Treatments,2,2,0,0.0,0.0,0.0
T12169,Non-Destructive Testing Techniques,4,0,-4,0.0001,0.0,-0.01
T14313,Health and Well-being Studies,4,0,-4,0.0001,0.0,-0.01
T12437,"Balkans: History, Politics, Society",2,2,0,0.0,0.0,0.0
T13687,Extractivism and Socioeconomic Issues,2,2,0,0.0,0.0,0.0
T14040,Problem Solving Skills Development,3,1,-2,0.0001,0.0,-0.0
T10388,Advanced Steganography and Watermarking Techniques,2,2,0,0.0,0.0,0.0
T11377,Retinal and Macular Surgery,3,1,-2,0.0001,0.0,-0.0
T14293,Biotechnology and Related Fields,2,2,0,0.0,0.0,0.0
T13235,Management Theory and Practice,3,1,-2,0.0001,0.0,-0.0
T12221,Cybersecurity and Cyber Warfare Studies,3,1,-2,0.0001,0.0,-0.0
T12498,Latin American Cultural Politics,2,2,0,0.0,0.0,0.0
T14166,European Monetary and Fiscal Policies,1,3,2,0.0,0.0001,0.0
T13814,Cultural and political discourse analysis,1,3,2,0.0,0.0001,0.0
T12202,nanoparticles nucleation surface interactions,4,0,-4,0.0001,0.0,-0.01
T11100,Intermetallics and Advanced Alloy Properties,4,0,-4,0.0001,0.0,-0.01
T14242,"Nutrition, Health, and Society Studies",4,0,-4,0.0001,0.0,-0.01
T11433,Emotional Intelligence and Performance,4,0,-4,0.0001,0.0,-0.01
T10338,Advanced Sensor and Energy Harvesting Materials,4,0,-4,0.0001,0.0,-0.01
T13518,Architecture and Computational Design,3,1,-2,0.0001,0.0,-0.0
T11695,South African History and Culture,2,2,0,0.0,0.0,0.0
T11741,Flexible and Reconfigurable Manufacturing Systems,3,1,-2,0.0001,0.0,-0.0
T11593,Carbon dioxide utilization in catalysis,4,0,-4,0.0001,0.0,-0.01
T12925,Educational and Social Studies,4,0,-4,0.0001,0.0,-0.01
T12773,Water Quality and Resources Studies,1,3,2,0.0,0.0001,0.0
T11136,Enzyme-mediated dye degradation,2,2,0,0.0,0.0,0.0
T13523,"Mathematics, Computing, and Information Processing",4,0,-4,0.0001,0.0,-0.01
T11387,Ichthyology and Marine Biology,4,0,-4,0.0001,0.0,-0.01
T13385,Infectious Diseases and Mycology,4,0,-4,0.0001,0.0,-0.01
T12004,Advanced Frequency and Time Standards,4,0,-4,0.0001,0.0,-0.01
T12786,Innovation and Socioeconomic Development,3,1,-2,0.0001,0.0,-0.0
T13656,"Science, Research, and Medicine",2,2,0,0.0,0.0,0.0
T13848,Ottoman and Turkish Studies,1,3,2,0.0,0.0001,0.0
T14197,Historical Studies of Medieval Iberia,4,0,-4,0.0001,0.0,-0.01
T12054,Menstrual Health and Disorders,2,2,0,0.0,0.0,0.0
T11731,Global Health and Surgery,3,1,-2,0.0001,0.0,-0.0
T11530,Business and Management Studies,1,3,2,0.0,0.0001,0.0
T11375,Geotechnical Engineering and Soil Stabilization,1,3,2,0.0,0.0001,0.0
T12434,Phosphodiesterase function and regulation,2,2,0,0.0,0.0,0.0
T10717,Aluminum Alloys Composites Properties,2,2,0,0.0,0.0,0.0
T11866,Reconstructive Facial Surgery Techniques,2,2,0,0.0,0.0,0.0
T11273,Advanced Graph Neural Networks,3,1,-2,0.0001,0.0,-0.0
T10680,Wind Energy Research and Development,2,2,0,0.0,0.0,0.0
T14207,Higher Education Practises and Engagement,3,1,-2,0.0001,0.0,-0.0
T11763,Intracerebral and Subarachnoid Hemorrhage Research,3,1,-2,0.0001,0.0,-0.0
T12800,Musculoskeletal synovial abnormalities and treatments,3,1,-2,0.0001,0.0,-0.0
T11299,Problem and Project Based Learning,2,2,0,0.0,0.0,0.0
T10925,Spinal Cord Injury Research,1,3,2,0.0,0.0001,0.0
T12249,Veterinary Orthopedics and Neurology,2,2,0,0.0,0.0,0.0
T13269,Orthoptera Research and Taxonomy,3,1,-2,0.0001,0.0,-0.0
T10188,Advanced machining processes and optimization,3,1,-2,0.0001,0.0,-0.0
T10353,Zeolite Catalysis and Synthesis,2,2,0,0.0,0.0,0.0
T12597,Fire Detection and Safety Systems,2,2,0,0.0,0.0,0.0
T10879,Robotic Locomotion and Control,1,3,2,0.0,0.0001,0.0
T11855,Gastrointestinal disorders and treatments,2,2,0,0.0,0.0,0.0
T14518,American Sports and Literature,2,2,0,0.0,0.0,0.0
T10506,Aquaculture disease management and microbiota,1,3,2,0.0,0.0001,0.0
T10347,Atmospheric aerosols and clouds,1,3,2,0.0,0.0001,0.0
T12284,Emotional Labor in Professions,1,3,2,0.0,0.0001,0.0
T12573,Education and Digital Technologies,1,3,2,0.0,0.0001,0.0
T10907,International Student and Expatriate Challenges,0,4,4,0.0,0.0001,0.01
T13010,Agriculture and Agroindustry Studies,0,4,4,0.0,0.0001,0.01
T12951,Burkholderia infections and melioidosis,0,4,4,0.0,0.0001,0.01
T10409,Fuel Cells and Related Materials,2,2,0,0.0,0.0,0.0
T13301,Cultural Studies and Interdisciplinary Research,3,1,-2,0.0001,0.0,-0.0
T13327,"Arts, Culture, and Music Studies",0,4,4,0.0,0.0001,0.01
T13995,Globalization and political ideologies,0,4,4,0.0,0.0001,0.01
T11585,Exercise and Physiological Responses,3,1,-2,0.0001,0.0,-0.0
T12628,Polymer Foaming and Composites,4,0,-4,0.0001,0.0,-0.01
T13383,Tumors and Oncological Cases,3,1,-2,0.0001,0.0,-0.0
T14056,Safety Warnings and Signage,3,1,-2,0.0001,0.0,-0.0
T13993,Historical Geopolitical and Social Dynamics,1,3,2,0.0,0.0001,0.0
T12309,solar cell performance optimization,4,0,-4,0.0001,0.0,-0.01
T11891,Big Data and Business Intelligence,3,1,-2,0.0001,0.0,-0.0
T12916,COVID-19 impact on air quality,2,2,0,0.0,0.0,0.0
T12364,Archaeological Research and Protection,4,0,-4,0.0001,0.0,-0.01
T11733,X-ray Spectroscopy and Fluorescence Analysis,2,2,0,0.0,0.0,0.0
T11276,Solar Radiation and Photovoltaics,2,2,0,0.0,0.0,0.0
T13245,Samuel Beckett and Modernism,2,2,0,0.0,0.0,0.0
T13488,Sports and Physical Education Studies,3,1,-2,0.0001,0.0,-0.0
T13410,Immune responses and vaccinations,3,1,-2,0.0001,0.0,-0.0
T12043,Insect behavior and control techniques,2,2,0,0.0,0.0,0.0
T12460,Pediatric Hepatobiliary Diseases and Treatments,3,1,-2,0.0001,0.0,-0.0
T12291,Pericarditis and Cardiac Tamponade,2,2,0,0.0,0.0,0.0
T12935,Healthcare Systems and Public Health,3,1,-2,0.0001,0.0,-0.0
T11683,Quantum and Classical Electrodynamics,1,3,2,0.0,0.0001,0.0
T10662,Ultrasonics and Acoustic Wave Propagation,2,2,0,0.0,0.0,0.0
T14348,Marriage and Family Dynamics,0,4,4,0.0,0.0001,0.01
T11463,Classical Philosophy and Thought,0,4,4,0.0,0.0001,0.01
T10584,Reproductive Physiology in Livestock,0,4,4,0.0,0.0001,0.01
T13649,Advanced Synthetic Organic Chemistry,0,4,4,0.0,0.0001,0.01
T13149,Organizational Change and Leadership,0,4,4,0.0,0.0001,0.01
T14273,"Cultural, Psychoanalytic, and Sociopolitical Reflections",0,4,4,0.0,0.0001,0.01
T12847,Healthcare Systems and Challenges,0,4,4,0.0,0.0001,0.01
T13662,Qualitative research in health,0,4,4,0.0,0.0001,0.01
T13477,Sustainable Design and Development,0,4,4,0.0,0.0001,0.01
T14226,"Migration, Racism, and Human Rights",0,4,4,0.0,0.0001,0.01
T14288,"Law, Rights, and Freedoms",0,4,4,0.0,0.0001,0.01
T14116,Aviation History and Innovations,0,4,4,0.0,0.0001,0.01
T13422,Phytochemistry and biological activities of Ficus species,3,0,-3,0.0001,0.0,-0.01
T13143,Child Therapy and Development,3,0,-3,0.0001,0.0,-0.01
T11897,Digital Holography and Microscopy,3,0,-3,0.0001,0.0,-0.01
T12247,Microbial Applications in Construction Materials,1,2,1,0.0,0.0,0.0
T12949,South Asian Studies and Diaspora,2,1,-1,0.0,0.0,-0.0
T11801,Reservoir Engineering and Simulation Methods,3,0,-3,0.0001,0.0,-0.01
T12473,Pacific and Southeast Asian Studies,2,1,-1,0.0,0.0,-0.0
T12300,Advanced Electrical Measurement Techniques,3,0,-3,0.0001,0.0,-0.01
T11664,Fiber-reinforced polymer composites,3,0,-3,0.0001,0.0,-0.01
T13576,"Cyprus History, Politics, Society",2,1,-1,0.0,0.0,-0.0
T12051,Diversity and Impact of Dance,2,1,-1,0.0,0.0,-0.0
T13408,Corporate Law and Human Rights,2,1,-1,0.0,0.0,-0.0
T12182,Evolution and Science Education,2,1,-1,0.0,0.0,-0.0
T13749,"Hungarian Social, Economic and Educational Studies",3,0,-3,0.0001,0.0,-0.01
T13286,Modeling and Simulation Systems,2,1,-1,0.0,0.0,-0.0
T10251,Solar and Space Plasma Dynamics,3,0,-3,0.0001,0.0,-0.01
T13371,Military Defense Systems Analysis,1,2,1,0.0,0.0,0.0
T10805,Vehicle Dynamics and Control Systems,1,2,1,0.0,0.0,0.0
T12750,Nigella sativa pharmacological applications,2,1,-1,0.0,0.0,-0.0
T12965,Wildlife Conservation and Criminology Analyses,2,1,-1,0.0,0.0,-0.0
T14184,Metallurgy and Material Science,3,0,-3,0.0001,0.0,-0.01
T10272,Mental Health Treatment and Access,1,2,1,0.0,0.0,0.0
T12419,Phonocardiography and Auscultation Techniques,1,2,1,0.0,0.0,0.0
T13039,Magnesium Oxide Properties and Applications,3,0,-3,0.0001,0.0,-0.01
T11562,Facial Trauma and Fracture Management,1,2,1,0.0,0.0,0.0
T10484,Wood Treatment and Properties,2,1,-1,0.0,0.0,-0.0
T13569,Microscopic Colitis,3,0,-3,0.0001,0.0,-0.01
T12964,"Diet, Metabolism, and Disease",2,1,-1,0.0,0.0,-0.0
T10603,Smart Grid Energy Management,3,0,-3,0.0001,0.0,-0.01
T12521,Death Anxiety and Social Exclusion,2,1,-1,0.0,0.0,-0.0
T10818,Astrophysics and Cosmic Phenomena,3,0,-3,0.0001,0.0,-0.01
T12094,Hemoglobin structure and function,3,0,-3,0.0001,0.0,-0.01
T12665,Bamboo properties and applications,2,1,-1,0.0,0.0,-0.0
T12135,Fuzzy Systems and Optimization,2,1,-1,0.0,0.0,-0.0
T12870,Seedling growth and survival studies,2,1,-1,0.0,0.0,-0.0
T12589,Differential Equations and Boundary Problems,3,0,-3,0.0001,0.0,-0.01
T11765,Circular RNAs in diseases,2,1,-1,0.0,0.0,-0.0
T12588,Electronic and Structural Properties of Oxides,2,1,-1,0.0,0.0,-0.0
T12313,Emotions and Moral Behavior,2,1,-1,0.0,0.0,-0.0
T13916,Environmental Policies and Emissions,3,0,-3,0.0001,0.0,-0.01
T12564,Sensor Technology and Measurement Systems,3,0,-3,0.0001,0.0,-0.01
T12615,Climate Change and Geoengineering,3,0,-3,0.0001,0.0,-0.01
T12524,Chemical Synthesis and Characterization,2,1,-1,0.0,0.0,-0.0
T13314,Lymphadenopathy Diagnosis and Analysis,2,1,-1,0.0,0.0,-0.0
T13623,Linguistic Studies and Language Acquisition,3,0,-3,0.0001,0.0,-0.01
T13957,Corporate Governance and Financial Management,1,2,1,0.0,0.0,0.0
T11307,Domain Adaptation and Few-Shot Learning,2,1,-1,0.0,0.0,-0.0
T11807,Infrastructure Resilience and Vulnerability Analysis,1,2,1,0.0,0.0,0.0
T13359,Sports Science and Education,3,0,-3,0.0001,0.0,-0.01
T13186,Russia and Soviet political economy,1,2,1,0.0,0.0,0.0
T12238,Green IT and Sustainability,2,1,-1,0.0,0.0,-0.0
T13439,Transport and Economic Policies,2,1,-1,0.0,0.0,-0.0
T11230,Innovative Energy Harvesting Technologies,2,1,-1,0.0,0.0,-0.0
T11309,Music and Audio Processing,2,1,-1,0.0,0.0,-0.0
T13303,Asian Culture and Media Studies,2,1,-1,0.0,0.0,-0.0
T13415,Calcium signaling and nucleotide metabolism,3,0,-3,0.0001,0.0,-0.01
T11688,Microbial infections and disease research,2,1,-1,0.0,0.0,-0.0
T12484,Retinopathy of Prematurity Studies,3,0,-3,0.0001,0.0,-0.01
T12184,Linguistics and Education Research,1,2,1,0.0,0.0,0.0
T11322,Facial Rejuvenation and Surgery Techniques,1,2,1,0.0,0.0,0.0
T12293,Dam Engineering and Safety,2,1,-1,0.0,0.0,-0.0
T12871,Healthcare Quality and Management,1,2,1,0.0,0.0,0.0
T11655,HIV-related health complications and treatments,3,0,-3,0.0001,0.0,-0.01
T11637,Advanced Semiconductor Detectors and Materials,1,2,1,0.0,0.0,0.0
T14305,Modern American Literature Studies,1,2,1,0.0,0.0,0.0
T11252,Evolutionary Game Theory and Cooperation,2,1,-1,0.0,0.0,-0.0
T10743,Software Testing and Debugging Techniques,1,2,1,0.0,0.0,0.0
T14083,Extremum Seeking Control Systems,1,2,1,0.0,0.0,0.0
T13225,Polish-Jewish Holocaust Memory Studies,0,3,3,0.0,0.0001,0.01
T11518,Cervical and Thoracic Myelopathy,2,1,-1,0.0,0.0,-0.0
T10719,3D Shape Modeling and Analysis,0,3,3,0.0,0.0001,0.01
T14198,Philosophical Thought and Analysis,1,2,1,0.0,0.0,0.0
T11785,Nausea and vomiting management,1,2,1,0.0,0.0,0.0
T10959,Student Assessment and Feedback,1,2,1,0.0,0.0,0.0
T14272,Agricultural and Food Production Studies,0,3,3,0.0,0.0001,0.01
T12018,Coronary Artery Anomalies,2,1,-1,0.0,0.0,-0.0
T14051,Regional Economic and Spatial Analysis,1,2,1,0.0,0.0,0.0
T13169,Consumer Perception and Purchasing Behavior,0,3,3,0.0,0.0001,0.01
T12295,"Foucault, Power, and Ethics",0,3,3,0.0,0.0001,0.01
T14317,"Finance, Markets, and Regulation",0,3,3,0.0,0.0001,0.01
T11183,Advanced X-ray Imaging Techniques,0,3,3,0.0,0.0001,0.01
T13294,Livestock and Poultry Management,1,2,1,0.0,0.0,0.0
T10828,Biometric Identification and Security,0,3,3,0.0,0.0001,0.01
T14421,Educational Philosophies and Pedagogies,1,2,1,0.0,0.0,0.0
T14029,Thoreau and American Literature,1,2,1,0.0,0.0,0.0
T14508,Vocational Education and Training,0,3,3,0.0,0.0001,0.01
T13012,Coenzyme Q10 studies and effects,2,1,-1,0.0,0.0,-0.0
T12751,Leadership and Management in Organizations,0,3,3,0.0,0.0001,0.01
T12410,Structural and Chemical Analysis of Organic and Inorganic Compounds,0,3,3,0.0,0.0001,0.01
T14106,Environmental and Sediment Control,0,3,3,0.0,0.0001,0.01
T10175,Advanced DC-DC Converters,0,3,3,0.0,0.0001,0.01
T11087,Solidification and crystal growth phenomena,1,2,1,0.0,0.0,0.0
T14499,Livestock Farming and Management,0,3,3,0.0,0.0001,0.01
T13591,Pasture and Agricultural Systems,1,2,1,0.0,0.0,0.0
T12973,Synthesis of Indole Derivatives,2,1,-1,0.0,0.0,-0.0
T13881,Sociology and Norbert Elias,1,2,1,0.0,0.0,0.0
T13308,Cybernetics and Technology in Society,0,3,3,0.0,0.0001,0.01
T10173,Computational Fluid Dynamics and Aerodynamics,1,2,1,0.0,0.0,0.0
T11912,Outsourcing and Supply Chain Management,2,1,-1,0.0,0.0,-0.0
T10259,Sociology and Education Studies,2,1,-1,0.0,0.0,-0.0
T13201,Infectious Encephalopathies and Encephalitis,1,2,1,0.0,0.0,0.0
T13381,Heart rate and cardiovascular health,2,1,-1,0.0,0.0,-0.0
T13441,Ottoman Empire History and Society,0,3,3,0.0,0.0001,0.01
T12220,Quantum Electrodynamics and Casimir Effect,2,1,-1,0.0,0.0,-0.0
T13355,Marketing and Advertising Strategies,0,3,3,0.0,0.0001,0.01
T10822,Acoustic Wave Phenomena Research,2,1,-1,0.0,0.0,-0.0
T12702,Brain Tumor Detection and Classification,2,1,-1,0.0,0.0,-0.0
T10863,Voice and Speech Disorders,2,1,-1,0.0,0.0,-0.0
T13869,Ocular and Laser Science Research,2,1,-1,0.0,0.0,-0.0
T12179,Art Education and Development,0,3,3,0.0,0.0001,0.01
T10383,"Language, Discourse, Communication Strategies",1,2,1,0.0,0.0,0.0
T12458,Organometallic Compounds Synthesis and Characterization,2,1,-1,0.0,0.0,-0.0
T11661,Copper Interconnects and Reliability,1,2,1,0.0,0.0,0.0
T11351,Catalysis and Hydrodesulfurization Studies,2,1,-1,0.0,0.0,-0.0
T12403,Seed and Plant Biochemistry,2,1,-1,0.0,0.0,-0.0
T14092,"Ethics, Aesthetics, and Art",0,3,3,0.0,0.0001,0.01
T12531,Values and Moral Education,0,3,3,0.0,0.0001,0.01
T13176,Winter Sports Injuries and Performance,2,1,-1,0.0,0.0,-0.0
T11572,Information Technology Governance and Strategy,0,3,3,0.0,0.0001,0.01
T11988,Sustainable Building Design and Assessment,2,1,-1,0.0,0.0,-0.0
T12185,Regulation and Compliance Studies,1,2,1,0.0,0.0,0.0
T12251,Synthesis and Catalytic Reactions,2,1,-1,0.0,0.0,-0.0
T13048,Patient Dignity and Privacy,1,2,1,0.0,0.0,0.0
T12111,Industrial Vision Systems and Defect Detection,1,2,1,0.0,0.0,0.0
T11696,Conflict Management and Negotiation,2,1,-1,0.0,0.0,-0.0
T12726,Philosophical and Cultural Analysis,1,2,1,0.0,0.0,0.0
T12019,Calibration and Measurement Techniques,0,3,3,0.0,0.0001,0.01
T12066,Obesity and Health Practices,2,1,-1,0.0,0.0,-0.0
T12675,Financial Reporting and Valuation Research,2,1,-1,0.0,0.0,-0.0
T12970,"Names, Identity, and Discrimination Research",1,2,1,0.0,0.0,0.0
T12214,Media Influence and Health,2,1,-1,0.0,0.0,-0.0
T13405,Educational Assessment and Improvement,2,1,-1,0.0,0.0,-0.0
T11939,Public-Private Partnership Projects,2,1,-1,0.0,0.0,-0.0
T13885,Geophysics and Sensor Technology,2,1,-1,0.0,0.0,-0.0
T13179,"Literature, Culture, and Criticism",3,0,-3,0.0001,0.0,-0.01
T13053,SMEs Development and Digital Marketing,3,0,-3,0.0001,0.0,-0.01
T11908,Protein Interaction Studies and Fluorescence Analysis,3,0,-3,0.0001,0.0,-0.01
T11494,Coleoptera Taxonomy and Distribution,3,0,-3,0.0001,0.0,-0.01
T13168,Plant Ecology and Taxonomy Studies,3,0,-3,0.0001,0.0,-0.01
T13095,Plant-based Medicinal Research,3,0,-3,0.0001,0.0,-0.01
T12835,FOXO transcription factor regulation,3,0,-3,0.0001,0.0,-0.01
T13200,Spacecraft and Cryogenic Technologies,3,0,-3,0.0001,0.0,-0.01
T11169,Silicon Nanostructures and Photoluminescence,3,0,-3,0.0001,0.0,-0.01
T14143,Economic and Technological Innovation,3,0,-3,0.0001,0.0,-0.01
T12433,Skin Diseases and Diabetes,3,0,-3,0.0001,0.0,-0.01
T12447,Spider Taxonomy and Behavior Studies,3,0,-3,0.0001,0.0,-0.01
T14310,Botany and Geology in Latin America and Caribbean,3,0,-3,0.0001,0.0,-0.01
T13362,Slime Mold and Myxomycetes Research,3,0,-3,0.0001,0.0,-0.01
T12404,Mathematical Approximation and Integration,3,0,-3,0.0001,0.0,-0.01
T13104,Chemical and Physical Properties of Materials,3,0,-3,0.0001,0.0,-0.01
T13434,Cancer Research and Treatment,3,0,-3,0.0001,0.0,-0.01
T13991,Nuclear Receptors and Signaling,3,0,-3,0.0001,0.0,-0.01
T11200,Electrodeposition and Electroless Coatings,3,0,-3,0.0001,0.0,-0.01
T11560,Animal Disease Management and Epidemiology,3,0,-3,0.0001,0.0,-0.01
T12466,Near-Field Optical Microscopy,2,1,-1,0.0,0.0,-0.0
T12150,Intestinal Malrotation and Obstruction Disorders,2,1,-1,0.0,0.0,-0.0
T11582,Nanopore and Nanochannel Transport Studies,3,0,-3,0.0001,0.0,-0.01
T12554,Vitamin C and Antioxidants Research,2,1,-1,0.0,0.0,-0.0
T11112,Viral Infections and Immunology Research,2,1,-1,0.0,0.0,-0.0
T12515,Gender and Technology in Education,1,2,1,0.0,0.0,0.0
T13606,Umberto Eco and Semiotics,1,2,1,0.0,0.0,0.0
T11949,Nuclear Physics and Applications,3,0,-3,0.0001,0.0,-0.01
T12822,Turfgrass Adaptation and Management,3,0,-3,0.0001,0.0,-0.01
T10820,Fuzzy Logic and Control Systems,1,2,1,0.0,0.0,0.0
T12839,Emile Durkheim and Sociology,2,1,-1,0.0,0.0,-0.0
T10807,Synthesis and characterization of novel inorganic/organometallic compounds,1,2,1,0.0,0.0,0.0
T12922,Business and Economic Development,3,0,-3,0.0001,0.0,-0.01
T13655,Canadian Policy and Governance,3,0,-3,0.0001,0.0,-0.01
T12789,Planarian Biology and Electrostimulation,2,1,-1,0.0,0.0,-0.0
T14036,Literary and Philosophical Studies,3,0,-3,0.0001,0.0,-0.01
T11883,Embodied and Extended Cognition,1,2,1,0.0,0.0,0.0
T13391,Innovations in Aquaponics and Hydroponics Systems,2,1,-1,0.0,0.0,-0.0
T11610,Food Security and Health in Diverse Populations,1,2,1,0.0,0.0,0.0
T10687,Innovative concrete reinforcement materials,1,2,1,0.0,0.0,0.0
T13393,Child Nutrition and Feeding Issues,3,0,-3,0.0001,0.0,-0.01
T10545,Optimization and Variational Analysis,2,1,-1,0.0,0.0,-0.0
T12230,Cardiovascular Issues in Pregnancy,2,1,-1,0.0,0.0,-0.0
T11454,Cultural Differences and Values,1,2,1,0.0,0.0,0.0
T11256,Asian Studies and History,3,0,-3,0.0001,0.0,-0.01
T12490,Software Engineering and Design Patterns,1,2,1,0.0,0.0,0.0
T10868,Soft Robotics and Applications,3,0,-3,0.0001,0.0,-0.01
T12947,"Health, psychology, and well-being",2,1,-1,0.0,0.0,-0.0
T12959,Engineering and Materials Science Studies,3,0,-3,0.0001,0.0,-0.01
T13193,Geological Studies and Exploration,2,1,-1,0.0,0.0,-0.0
T12335,"Sexuality, Behavior, and Technology",2,1,-1,0.0,0.0,-0.0
T12655,Female Genital Mutilation/Cutting Issues,2,1,-1,0.0,0.0,-0.0
T13105,Synthesis and pharmacology of benzodiazepine derivatives,2,1,-1,0.0,0.0,-0.0
T13377,Ecosystem dynamics and resilience,3,0,-3,0.0001,0.0,-0.01
T13318,Diverse Scientific Research in Ukraine,3,0,-3,0.0001,0.0,-0.01
T13722,Ergonomics and Human Factors,1,2,1,0.0,0.0,0.0
T13494,Military History and Strategy,1,2,1,0.0,0.0,0.0
T12032,Multisensory perception and integration,3,0,-3,0.0001,0.0,-0.01
T12720,Multimedia Communication and Technology,2,1,-1,0.0,0.0,-0.0
T11130,Coding theory and cryptography,3,0,-3,0.0001,0.0,-0.01
T11929,Cerebral Venous Sinus Thrombosis,1,2,1,0.0,0.0,0.0
T10985,Sleep and Wakefulness Research,3,0,-3,0.0001,0.0,-0.01
T10403,Phonetics and Phonology Research,2,1,-1,0.0,0.0,-0.0
T12627,Graphene and Nanomaterials Applications,3,0,-3,0.0001,0.0,-0.01
T10772,Distributed systems and fault tolerance,3,0,-3,0.0001,0.0,-0.01
T12676,Machine Learning and ELM,2,1,-1,0.0,0.0,-0.0
T10943,Escherichia coli research studies,2,1,-1,0.0,0.0,-0.0
T13426,Kruppel-like factors research,2,1,-1,0.0,0.0,-0.0
T10054,Parallel Computing and Optimization Techniques,2,1,-1,0.0,0.0,-0.0
T12728,Demographic Trends and Gender Preferences,3,0,-3,0.0001,0.0,-0.01
T10946,Radioactivity and Radon Measurements,1,2,1,0.0,0.0,0.0
T13910,Computational and Text Analysis Methods,1,2,1,0.0,0.0,0.0
T12511,Medieval and Classical Philosophy,1,2,1,0.0,0.0,0.0
T12962,Nephrotoxicity and Medicinal Plants,3,0,-3,0.0001,0.0,-0.01
T12412,Enzyme function and inhibition,3,0,-3,0.0001,0.0,-0.01
T13838,Plant and soil sciences,2,1,-1,0.0,0.0,-0.0
T11042,Corruption and Economic Development,1,2,1,0.0,0.0,0.0
T12537,Flow Measurement and Analysis,1,2,1,0.0,0.0,0.0
T13123,Advances in Oncology and Radiotherapy,2,1,-1,0.0,0.0,-0.0
T13735,History of Medical Practice,2,1,-1,0.0,0.0,-0.0
T13337,Korean Peninsula Historical and Political Studies,3,0,-3,0.0001,0.0,-0.01
T13583,Jury Decision Making Processes,1,2,1,0.0,0.0,0.0
T12333,Abdominal Surgery and Complications,1,2,1,0.0,0.0,0.0
T13953,Digital Imaging in Medicine,2,1,-1,0.0,0.0,-0.0
T12993,Psychology of Development and Education,1,2,1,0.0,0.0,0.0
T11627,Autoimmune Neurological Disorders and Treatments,1,2,1,0.0,0.0,0.0
T12875,Thermal Expansion and Ionic Conductivity,1,2,1,0.0,0.0,0.0
T13726,International Science and Diplomacy,3,0,-3,0.0001,0.0,-0.01
T12512,History of Colonial Brazil,1,2,1,0.0,0.0,0.0
T10482,Mathematical and Theoretical Epidemiology and Ecology Models,1,2,1,0.0,0.0,0.0
T12898,Induction Heating and Inverter Technology,1,2,1,0.0,0.0,0.0
T13796,Neurological Disorders and Treatments,0,3,3,0.0,0.0001,0.01
T14000,"Cultural, Social, and Media Studies",0,3,3,0.0,0.0001,0.01
T13038,Internet of Things and AI,0,3,3,0.0,0.0001,0.01
T10101,Cloud Computing and Resource Management,0,3,3,0.0,0.0001,0.01
T13788,Cultural Identity and Representation,0,3,3,0.0,0.0001,0.01
T13793,Environmental and Analytical Chemistry Studies,0,3,3,0.0,0.0001,0.01
T13908,Scientific and Historical Analyses,0,3,3,0.0,0.0001,0.01
T13599,Architecture and Cultural Influences,0,3,3,0.0,0.0001,0.01
T13406,Human Resources and Workforce,0,3,3,0.0,0.0001,0.01
T10718,Political Philosophy and Ethics,0,3,3,0.0,0.0001,0.01
T11441,Organoboron and organosilicon chemistry,2,1,-1,0.0,0.0,-0.0
T14351,Statistical and Computational Modeling,3,0,-3,0.0001,0.0,-0.01
T12323,Asian American and Pacific Histories,2,1,-1,0.0,0.0,-0.0
T11951,Trauma Management and Diagnosis,2,1,-1,0.0,0.0,-0.0
T12397,Critical Theory and Philosophy,1,2,1,0.0,0.0,0.0
T12544,Working Capital and Financial Performance,3,0,-3,0.0001,0.0,-0.01
T12623,"Cultural, Media, and Literary Studies",2,1,-1,0.0,0.0,-0.0
T10460,Electronic Packaging and Soldering Technologies,3,0,-3,0.0001,0.0,-0.01
T13325,Dye analysis and toxicity,3,0,-3,0.0001,0.0,-0.01
T12319,Fish Biology and Ecology Studies,3,0,-3,0.0001,0.0,-0.01
T11082,Spacecraft Dynamics and Control,1,2,1,0.0,0.0,0.0
T12039,Electron and X-Ray Spectroscopy Techniques,2,1,-1,0.0,0.0,-0.0
T12426,Lymphatic Disorders and Treatments,3,0,-3,0.0001,0.0,-0.01
T11447,Blind Source Separation Techniques,3,0,-3,0.0001,0.0,-0.01
T11418,Plant Micronutrient Interactions and Effects,1,2,1,0.0,0.0,0.0
T13661,Reformed Theology and Governance,0,3,3,0.0,0.0001,0.01
T14503,"Globalization, Economics, and Policies",0,3,3,0.0,0.0001,0.01
T13111,Nursing care and research,0,3,3,0.0,0.0001,0.01
T12662,Digitalization and Economic Development in Agriculture,0,3,3,0.0,0.0001,0.01
T11982,Rhetoric and Communication Studies,0,3,3,0.0,0.0001,0.01
T10723,Advanced Welding Techniques Analysis,0,3,3,0.0,0.0001,0.01
T10070,Political Conflict and Governance,0,3,3,0.0,0.0001,0.01
T13368,University Challenges and Reforms,0,3,3,0.0,0.0001,0.01
T11615,Control and Dynamics of Mobile Robots,0,3,3,0.0,0.0001,0.01
T14085,Student Stress and Coping,0,3,3,0.0,0.0001,0.01
T13815,Islamic Thought and Society Studies,0,3,3,0.0,0.0001,0.01
T12926,Business Strategies and Management Research,0,3,3,0.0,0.0001,0.01
T14233,Diverse Topics in Contemporary Research,2,0,-2,0.0,0.0,-0.0
T12299,Radiation Shielding Materials Analysis,1,1,0,0.0,0.0,0.0
T13139,Polish Legal and Social Issues,2,0,-2,0.0,0.0,-0.0
T13779,Cancer Mechanisms and Therapy,2,0,-2,0.0,0.0,-0.0
T12972,German Colonialism and Identity Studies,2,0,-2,0.0,0.0,-0.0
T13389,German Economic Analysis & Policies,1,1,0,0.0,0.0,0.0
T12500,Reflective Practices in Education,1,1,0,0.0,0.0,0.0
T12532,Historical and Cultural Archaeology Studies,2,0,-2,0.0,0.0,-0.0
T12934,Plant and fungal interactions,2,0,-2,0.0,0.0,-0.0
T11226,Milk Quality and Mastitis in Dairy Cows,1,1,0,0.0,0.0,0.0
T10382,Quantum and electron transport phenomena,2,0,-2,0.0,0.0,-0.0
T12166,Ion-surface interactions and analysis,2,0,-2,0.0,0.0,-0.0
T12757,Diverse Academia and Research Topics,2,0,-2,0.0,0.0,-0.0
T12581,Engineering Structural Analysis Methods,2,0,-2,0.0,0.0,-0.0
T12370,Advances in Cucurbitaceae Research,2,0,-2,0.0,0.0,-0.0
T14318,Polydiacetylene-based materials and applications,2,0,-2,0.0,0.0,-0.0
T14325,Diverse Specialized Academic Research,2,0,-2,0.0,0.0,-0.0
T10048,Particle physics theoretical and experimental studies,1,1,0,0.0,0.0,0.0
T11085,Fungal Biology and Applications,2,0,-2,0.0,0.0,-0.0
T12038,Covalent Organic Framework Applications,2,0,-2,0.0,0.0,-0.0
T13199,Digestive system and related health,2,0,-2,0.0,0.0,-0.0
T11046,Geotechnical Engineering and Analysis,2,0,-2,0.0,0.0,-0.0
T13533,Medical Case Reports and Studies,1,1,0,0.0,0.0,0.0
T11451,Advanced Machining and Optimization Techniques,1,1,0,0.0,0.0,0.0
T12079,IoT Networks and Protocols,1,1,0,0.0,0.0,0.0
T12607,Personal Information Management and User Behavior,2,0,-2,0.0,0.0,-0.0
T10886,Multiferroics and related materials,1,1,0,0.0,0.0,0.0
T13711,Environmental Science and Technology,2,0,-2,0.0,0.0,-0.0
T10635,Hydraulic Fracturing and Reservoir Analysis,2,0,-2,0.0,0.0,-0.0
T11452,Oral Health Pathology and Treatment,2,0,-2,0.0,0.0,-0.0
T14286,Parkinson's Disease and Spinal Disorders,2,0,-2,0.0,0.0,-0.0
T11476,Graph theory and applications,2,0,-2,0.0,0.0,-0.0
T10627,Advanced Image and Video Retrieval Techniques,2,0,-2,0.0,0.0,-0.0
T12233,Geotechnical Engineering and Underground Structures,2,0,-2,0.0,0.0,-0.0
T14321,"Religion, Theology, and Education",2,0,-2,0.0,0.0,-0.0
T12095,Vehicle emissions and performance,2,0,-2,0.0,0.0,-0.0
T11619,Combustion and Detonation Processes,2,0,-2,0.0,0.0,-0.0
T10400,Network Security and Intrusion Detection,1,1,0,0.0,0.0,0.0
T12164,Education Practices and Challenges,2,0,-2,0.0,0.0,-0.0
T11019,Image Enhancement Techniques,1,1,0,0.0,0.0,0.0
T12815,Management and Organizational Practices,2,0,-2,0.0,0.0,-0.0
T11249,Wireless Power Transfer Systems,1,1,0,0.0,0.0,0.0
T13789,Global Education Systems and Policies,2,0,-2,0.0,0.0,-0.0
T12485,"Optimism, Hope, and Well-being",2,0,-2,0.0,0.0,-0.0
T10996,Computational Geometry and Mesh Generation,1,1,0,0.0,0.0,0.0
T12998,Education and Islamic Studies,2,0,-2,0.0,0.0,-0.0
T10011,"Literature: history, themes, analysis",2,0,-2,0.0,0.0,-0.0
T12014,"Fish biology, ecology, and behavior",2,0,-2,0.0,0.0,-0.0
T14159,Discourse Analysis and Cultural Communication,1,1,0,0.0,0.0,0.0
T13943,Beetle Biology and Toxicology Studies,1,1,0,0.0,0.0,0.0
T13691,"Energy, Environment, Agriculture Analysis",1,1,0,0.0,0.0,0.0
T11739,Microwave Imaging and Scattering Analysis,2,0,-2,0.0,0.0,-0.0
T13629,Text Readability and Simplification,2,0,-2,0.0,0.0,-0.0
T11910,Foreign Body Medical Cases,1,1,0,0.0,0.0,0.0
T12099,Advanced materials and composites,2,0,-2,0.0,0.0,-0.0
T10057,Face and Expression Recognition,2,0,-2,0.0,0.0,-0.0
T13100,Comparative Animal Anatomy Studies,1,1,0,0.0,0.0,0.0
T14244,Consumer Behavior and Marketing Influence,1,1,0,0.0,0.0,0.0
T11107,Selenium in Biological Systems,1,1,0,0.0,0.0,0.0
T12165,Environmental Sustainability and Education,2,0,-2,0.0,0.0,-0.0
T13868,Afro-Latin American Studies,2,0,-2,0.0,0.0,-0.0
T11517,Advanced optical system design,1,1,0,0.0,0.0,0.0
T12347,Ginger and Zingiberaceae research,2,0,-2,0.0,0.0,-0.0
T12659,Innovation Diffusion and Forecasting,2,0,-2,0.0,0.0,-0.0
T11715,Education and Critical Thinking Development,2,0,-2,0.0,0.0,-0.0
T14071,Healthcare during COVID-19 Pandemic,1,1,0,0.0,0.0,0.0
T12830,Pectus Deformity Diagnosis and Treatment,1,1,0,0.0,0.0,0.0
T10430,Software Engineering Techniques and Practices,1,1,0,0.0,0.0,0.0
T12647,Traditional Chinese Medicine Studies,2,0,-2,0.0,0.0,-0.0
T11955,Urban and spatial planning,1,1,0,0.0,0.0,0.0
T12171,Open Education and E-Learning,1,1,0,0.0,0.0,0.0
T10317,Advanced Database Systems and Queries,1,1,0,0.0,0.0,0.0
T13511,Geodetic Measurements and Engineering Structures,2,0,-2,0.0,0.0,-0.0
T11469,Lymphatic System and Diseases,1,1,0,0.0,0.0,0.0
T11515,Bacillus and Francisella bacterial research,1,1,0,0.0,0.0,0.0
T12194,Cultural Competency in Health Care,1,1,0,0.0,0.0,0.0
T11675,Open Source Software Innovations,0,2,2,0.0,0.0,0.0
T10237,Cryptography and Data Security,0,2,2,0.0,0.0,0.0
T11699,High-Velocity Impact and Material Behavior,1,1,0,0.0,0.0,0.0
T13620,Education for Peace and Conflict Resolution,0,2,2,0.0,0.0,0.0
T11958,Dental Erosion and Treatment,0,2,2,0.0,0.0,0.0
T13041,Contemporary Social and Economic Issues,0,2,2,0.0,0.0,0.0
T11415,Noncommutative and Quantum Gravity Theories,1,1,0,0.0,0.0,0.0
T12960,Heterotopic Ossification and Related Conditions,1,1,0,0.0,0.0,0.0
T13185,Phytochemistry and Bioactive Compounds,1,1,0,0.0,0.0,0.0
T12905,Management Systems and Quality Improvement,0,2,2,0.0,0.0,0.0
T10264,Asphalt Pavement Performance Evaluation,0,2,2,0.0,0.0,0.0
T14454,Polymer Science and Applications,0,2,2,0.0,0.0,0.0
T14312,Historical Studies in Central America,1,1,0,0.0,0.0,0.0
T14034,Musicians’ Health and Performance,1,1,0,0.0,0.0,0.0
T12024,Ultra-Wideband Communications Technology,1,1,0,0.0,0.0,0.0
T14427,Environmental Monitoring and Data Management,1,1,0,0.0,0.0,0.0
T13302,Amazonian Archaeology and Ethnohistory,1,1,0,0.0,0.0,0.0
T13459,Public Administration and Political Analysis,1,1,0,0.0,0.0,0.0
T12204,African Education and Politics,0,2,2,0.0,0.0,0.0
T13947,Media Discourse and Social  Analysis,0,2,2,0.0,0.0,0.0
T13063,Education and experiences of immigrants and refugees,0,2,2,0.0,0.0,0.0
T12787,Human Behavior and Motivation,0,2,2,0.0,0.0,0.0
T13646,Qur’anic Interpretation Studies,0,2,2,0.0,0.0,0.0
T14041,Central European Literary Studies,0,2,2,0.0,0.0,0.0
T13003,Regional Development and Environment,1,1,0,0.0,0.0,0.0
T13274,Expert finding and Q&A systems,0,2,2,0.0,0.0,0.0
T13330,"Theater, Performance, and Music History",0,2,2,0.0,0.0,0.0
T12030,S100 Proteins and Annexins,1,1,0,0.0,0.0,0.0
T13319,Film in Education and Therapy,0,2,2,0.0,0.0,0.0
T11525,Piezoelectric Actuators and Control,1,1,0,0.0,0.0,0.0
T14209,Public health and occupational medicine,1,1,0,0.0,0.0,0.0
T13515,Cultural and Communication Design Research,0,2,2,0.0,0.0,0.0
T11932,Wireless Body Area Networks,1,1,0,0.0,0.0,0.0
T11323,Gamma-ray bursts and supernovae,1,1,0,0.0,0.0,0.0
T14478,Papaya Research and Applications,1,1,0,0.0,0.0,0.0
T12707,Vehicle License Plate Recognition,1,1,0,0.0,0.0,0.0
T13572,German Security and Defense Policies,0,2,2,0.0,0.0,0.0
T11220,Water Systems and Optimization,1,1,0,0.0,0.0,0.0
T14007,Indigenous and Place-Based Education,0,2,2,0.0,0.0,0.0
T11570,Periodontal Regeneration and Treatments,1,1,0,0.0,0.0,0.0
T12225,Political Influence and Corporate Strategies,0,2,2,0.0,0.0,0.0
T12148,Brazilian Legal Issues,1,1,0,0.0,0.0,0.0
T11687,Teleoperation and Haptic Systems,1,1,0,0.0,0.0,0.0
T13044,Biofield Effects and Biophysics,0,2,2,0.0,0.0,0.0
T14309,Employee Performance and Management,1,1,0,0.0,0.0,0.0
T13737,Critical and Liberation Pedagogy,0,2,2,0.0,0.0,0.0
T11234,Precipitation Measurement and Analysis,1,1,0,0.0,0.0,0.0
T14509,demographic modeling and climate adaptation,1,1,0,0.0,0.0,0.0
T11689,Adversarial Robustness in Machine Learning,1,1,0,0.0,0.0,0.0
T12560,Nuclear Engineering Thermal-Hydraulics,0,2,2,0.0,0.0,0.0
T11471,Block Copolymer Self-Assembly,1,1,0,0.0,0.0,0.0
T14183,Banking Sector Performance and Management,1,1,0,0.0,0.0,0.0
T12562,Synthesis and Characterization of Pyrroles,1,1,0,0.0,0.0,0.0
T12316,Oil Spill Detection and Mitigation,2,0,-2,0.0,0.0,-0.0
T13452,GDF15 and Related Biomarkers,2,0,-2,0.0,0.0,-0.0
T13781,Coleoptera: Cerambycidae studies,2,0,-2,0.0,0.0,-0.0
T14105,Cultural and Artistic Studies,2,0,-2,0.0,0.0,-0.0
T10921,Neutrino Physics Research,2,0,-2,0.0,0.0,-0.0
T14295,Families in Therapy and Culture,2,0,-2,0.0,0.0,-0.0
T14356,Organizational Leadership and Management Strategies,2,0,-2,0.0,0.0,-0.0
T14372,Environmental and Biological Research in Conflict Zones,2,0,-2,0.0,0.0,-0.0
T11626,Metalloenzymes and iron-sulfur proteins,2,0,-2,0.0,0.0,-0.0
T13267,Advanced Theoretical and Applied Studies in Material Sciences and Geometry,2,0,-2,0.0,0.0,-0.0
T12129,Global Energy Security and Policy,2,0,-2,0.0,0.0,-0.0
T14118,Social and Demographic Issues in Germany,2,0,-2,0.0,0.0,-0.0
T12611,Neural Networks and Reservoir Computing,2,0,-2,0.0,0.0,-0.0
T12002,"Computability, Logic, AI Algorithms",2,0,-2,0.0,0.0,-0.0
T12785,Hong Kong and Taiwan Politics,2,0,-2,0.0,0.0,-0.0
T13217,Pigment Synthesis and Properties,2,0,-2,0.0,0.0,-0.0
T13492,"Science, Technology, and Education in Latin America",2,0,-2,0.0,0.0,-0.0
T11537,Ethics in medical practice,2,0,-2,0.0,0.0,-0.0
T11864,Supply Chain Resilience and Risk Management,2,0,-2,0.0,0.0,-0.0
T11255,Microfluidic and Bio-sensing Technologies,2,0,-2,0.0,0.0,-0.0
T12159,T-cell and Retrovirus Studies,2,0,-2,0.0,0.0,-0.0
T13223,Connective Tissue Growth Factor Research,2,0,-2,0.0,0.0,-0.0
T12599,Retinal and Optic Conditions,2,0,-2,0.0,0.0,-0.0
T11997,Free Will and Agency,2,0,-2,0.0,0.0,-0.0
T11623,Hyperglycemia and glycemic control in critically ill and hospitalized patients,2,0,-2,0.0,0.0,-0.0
T11611,Cyclopropane Reaction Mechanisms,2,0,-2,0.0,0.0,-0.0
T12866,Urologic and reproductive health conditions,2,0,-2,0.0,0.0,-0.0
T12663,Body Image and Dysmorphia Studies,2,0,-2,0.0,0.0,-0.0
T12338,Digital literacy in education,2,0,-2,0.0,0.0,-0.0
T11478,Caching and Content Delivery,2,0,-2,0.0,0.0,-0.0
T12379,Cancer Diagnosis and Treatment,2,0,-2,0.0,0.0,-0.0
T12162,Cellular Automata and Applications,2,0,-2,0.0,0.0,-0.0
T13907,Social Issues and Sustainability,2,0,-2,0.0,0.0,-0.0
T14075,Psychodrama and Leishmaniasis Studies,2,0,-2,0.0,0.0,-0.0
T11342,Carbon and Quantum Dots Applications,2,0,-2,0.0,0.0,-0.0
T13335,Pharmacological Effects of Medicinal Plants,2,0,-2,0.0,0.0,-0.0
T11490,Hydrological Forecasting Using AI,2,0,-2,0.0,0.0,-0.0
T11023,Prosthetics and Rehabilitation Robotics,1,1,0,0.0,0.0,0.0
T12363,Academic Research in Diverse Fields,2,0,-2,0.0,0.0,-0.0
T12424,Earthquake Detection and Analysis,2,0,-2,0.0,0.0,-0.0
T10450,Aquaculture Nutrition and Growth,2,0,-2,0.0,0.0,-0.0
T10860,Speech and Audio Processing,2,0,-2,0.0,0.0,-0.0
T10312,"Health, Nursing, Elderly Care",2,0,-2,0.0,0.0,-0.0
T13047,Pharmacological Receptor Mechanisms and Effects,2,0,-2,0.0,0.0,-0.0
T10219,Mechanical Behavior of Composites,1,1,0,0.0,0.0,0.0
T12887,Educational Strategies and Epistemologies,2,0,-2,0.0,0.0,-0.0
T12090,Language and cultural evolution,2,0,-2,0.0,0.0,-0.0
T13334,South Asian Cinema and Culture,2,0,-2,0.0,0.0,-0.0
T11201,Metallurgy and Material Forming,2,0,-2,0.0,0.0,-0.0
T14298,Cultural and Social Studies,2,0,-2,0.0,0.0,-0.0
T12698,3D Modeling in Geospatial Applications,1,1,0,0.0,0.0,0.0
T13407,Regional Development and Management Studies,2,0,-2,0.0,0.0,-0.0
T12482,Tunneling and Rock Mechanics,2,0,-2,0.0,0.0,-0.0
T13097,Male Breast Health Studies,2,0,-2,0.0,0.0,-0.0
T12901,Tattoo and Body Piercing Complications,2,0,-2,0.0,0.0,-0.0
T12706,Subcritical and Supercritical Water Processes,2,0,-2,0.0,0.0,-0.0
T14008,Balkan and Eastern European Studies,2,0,-2,0.0,0.0,-0.0
T13475,Digital Transformation in Law,1,1,0,0.0,0.0,0.0
T12258,"Perfectionism, Procrastination, Anxiety Studies",1,1,0,0.0,0.0,0.0
T14037,Arabic Language Education Studies,1,1,0,0.0,0.0,0.0
T12742,Sunflower and Safflower Cultivation,2,0,-2,0.0,0.0,-0.0
T12008,Solar-Powered Water Purification Methods,2,0,-2,0.0,0.0,-0.0
T12173,Body Contouring and Surgery,2,0,-2,0.0,0.0,-0.0
T10558,Advancements in Semiconductor Devices and Circuit Design,2,0,-2,0.0,0.0,-0.0
T14385,Franz Kafka Literary Studies,2,0,-2,0.0,0.0,-0.0
T13483,Herbal Medicine Research Studies,2,0,-2,0.0,0.0,-0.0
T11081,Advanced Control Systems Design,2,0,-2,0.0,0.0,-0.0
T11361,Digital Radiography and Breast Imaging,2,0,-2,0.0,0.0,-0.0
T14176,Interdisciplinary Cultural and Social Studies,2,0,-2,0.0,0.0,-0.0
T11160,Acoustic Wave Resonator Technologies,2,0,-2,0.0,0.0,-0.0
T12092,Erosion and Abrasive Machining,2,0,-2,0.0,0.0,-0.0
T10531,Advanced Vision and Imaging,2,0,-2,0.0,0.0,-0.0
T14415,Biomedical Research and Pathophysiology,2,0,-2,0.0,0.0,-0.0
T12658,Language and Culture,2,0,-2,0.0,0.0,-0.0
T12612,Strong Light-Matter Interactions,2,0,-2,0.0,0.0,-0.0
T13413,Cultural and Historical Studies,2,0,-2,0.0,0.0,-0.0
T13498,Economic Development and Digital Transformation,2,0,-2,0.0,0.0,-0.0
T12535,Machine Learning and Data Classification,1,1,0,0.0,0.0,0.0
T13895,Educational Leadership and Innovation,1,1,0,0.0,0.0,0.0
T12240,Nanomaterials for catalytic reactions,2,0,-2,0.0,0.0,-0.0
T12382,History of Education Research in Brazil,1,1,0,0.0,0.0,0.0
T12366,"Philosophy, Ethics, and Existentialism",1,1,0,0.0,0.0,0.0
T13448,Indigenous Cultures and Socio-Education,2,0,-2,0.0,0.0,-0.0
T11806,Service-Learning and Community Engagement,1,1,0,0.0,0.0,0.0
T12389,Infrared Target Detection Methodologies,2,0,-2,0.0,0.0,-0.0
T12904,Diverse Educational Innovations Studies,1,1,0,0.0,0.0,0.0
T12385,Food Quality and Safety Studies,2,0,-2,0.0,0.0,-0.0
T13738,Congenital Ear and Nasal Anomalies,2,0,-2,0.0,0.0,-0.0
T13950,Collembola Taxonomy and Ecology Studies,2,0,-2,0.0,0.0,-0.0
T14468,Plant Ecology and Soil Science,2,0,-2,0.0,0.0,-0.0
T13651,Medicinal Plants and Bioactive Compounds,1,1,0,0.0,0.0,0.0
T11358,Dysphagia Assessment and Management,1,1,0,0.0,0.0,0.0
T12915,Biochemical Acid Research Studies,1,1,0,0.0,0.0,0.0
T12155,Microwave Dielectric Ceramics Synthesis,2,0,-2,0.0,0.0,-0.0
T11401,Minerals Flotation and Separation Techniques,1,1,0,0.0,0.0,0.0
T13343,Turkish Urban and Social Issues,1,1,0,0.0,0.0,0.0
T11325,Inertial Sensor and Navigation,2,0,-2,0.0,0.0,-0.0
T11828,Corneal Surgery and Treatments,1,1,0,0.0,0.0,0.0
T14350,"Innovation, Sustainability, Human-Machine Systems",2,0,-2,0.0,0.0,-0.0
T10715,Distributed and Parallel Computing Systems,2,0,-2,0.0,0.0,-0.0
T12142,Marine Invertebrate Physiology and Ecology,2,0,-2,0.0,0.0,-0.0
T13685,Material Science and Thermodynamics,2,0,-2,0.0,0.0,-0.0
T13549,Minority Rights and Languages,1,1,0,0.0,0.0,0.0
T14306,Technology Assessment and Management,2,0,-2,0.0,0.0,-0.0
T10642,Plasma Applications and Diagnostics,1,1,0,0.0,0.0,0.0
T13270,QR Code Applications and Technologies,2,0,-2,0.0,0.0,-0.0
T13798,Hops Chemistry and Applications,1,1,0,0.0,0.0,0.0
T10653,Robot Manipulation and Learning,1,1,0,0.0,0.0,0.0
T13265,Synthesis of Tetrazole Derivatives,1,1,0,0.0,0.0,0.0
T12861,"Migration, Education, Indigenous Social Dynamics",1,1,0,0.0,0.0,0.0
T11489,Air Traffic Management and Optimization,1,1,0,0.0,0.0,0.0
T12118,Forest Biomass Utilization and Management,1,1,0,0.0,0.0,0.0
T13878,Case Reports on Hematomas,1,1,0,0.0,0.0,0.0
T11096,Aeroelasticity and Vibration Control,1,1,0,0.0,0.0,0.0
T11947,Molten salt chemistry and electrochemical processes,1,1,0,0.0,0.0,0.0
T11709,Traditional Chinese Medicine Analysis,1,1,0,0.0,0.0,0.0
T10739,Electromagnetic Scattering and Analysis,1,1,0,0.0,0.0,0.0
T12867,Advanced Biosensing Techniques and Applications,1,1,0,0.0,0.0,0.0
T12384,Customer churn and segmentation,1,1,0,0.0,0.0,0.0
T12232,"Yersinia bacterium, plague, ectoparasites research",1,1,0,0.0,0.0,0.0
T12174,Hospital Admissions and Outcomes,0,2,2,0.0,0.0,0.0
T14316,"Nursing Education, Practice, and Leadership",0,2,2,0.0,0.0,0.0
T12932,Powder Metallurgy Techniques and Materials,0,2,2,0.0,0.0,0.0
T12215,Phytochemical Studies and Bioactivities,0,2,2,0.0,0.0,0.0
T12522,Mathematics Education and Pedagogy,0,2,2,0.0,0.0,0.0
T14223,Ayn Rand and Brontë studies,0,2,2,0.0,0.0,0.0
T13032,COVID-19 Prevention and Impact,0,2,2,0.0,0.0,0.0
T10245,Metamaterials and Metasurfaces Applications,0,2,2,0.0,0.0,0.0
T14043,Historical and modern epidemiology studies,0,2,2,0.0,0.0,0.0
T12958,Digital Economy and Transformation,0,2,2,0.0,0.0,0.0
T11134,Breast Lesions and Carcinomas,0,2,2,0.0,0.0,0.0
T13816,Advanced Signal Processing Techniques,0,2,2,0.0,0.0,0.0
T14241,Evasion and Academic Success Factors,0,2,2,0.0,0.0,0.0
T11795,Humor Studies and Applications,0,2,2,0.0,0.0,0.0
T14181,Academic Freedom and Politics,0,2,2,0.0,0.0,0.0
T11898,Economics of Agriculture and Food Markets,0,2,2,0.0,0.0,0.0
T12679,Focus Groups and Qualitative Methods,0,2,2,0.0,0.0,0.0
T13905,Telecommunications and Broadcasting Technologies,0,2,2,0.0,0.0,0.0
T13784,Jewish Identity and Society,0,2,2,0.0,0.0,0.0
T12181,Agricultural and Biological Research,0,2,2,0.0,0.0,0.0
T13706,Management and Optimization Techniques,0,2,2,0.0,0.0,0.0
T14171,"Education, Law, and Society",0,2,2,0.0,0.0,0.0
T14020,Medical research and treatments,0,2,2,0.0,0.0,0.0
T14416,"Health, Technology, Consumer Behavior",0,2,2,0.0,0.0,0.0
T14108,Medical and Pharmaceutic Studies,0,2,2,0.0,0.0,0.0
T12802,Competency Development and Evaluation,0,2,2,0.0,0.0,0.0
T14200,"Medical, Sociocultural, and Biopolitical Studies",1,1,0,0.0,0.0,0.0
T14257,Advanced Measurement and Detection Methods,2,0,-2,0.0,0.0,-0.0
T12775,Legal Issues in South Africa,2,0,-2,0.0,0.0,-0.0
T12572,"Intelligence, Security, War Strategy",1,1,0,0.0,0.0,0.0
T12265,Gun Ownership and Violence Research,2,0,-2,0.0,0.0,-0.0
T12468,Radiation Effects and Dosimetry,2,0,-2,0.0,0.0,-0.0
T12906,Surgical Sutures and Adhesives,2,0,-2,0.0,0.0,-0.0
T13264,Walter Benjamin Studies Compilation,2,0,-2,0.0,0.0,-0.0
T14281,Islamic Finance and Communication,2,0,-2,0.0,0.0,-0.0
T14371,Hume's philosophy and hair distribution,2,0,-2,0.0,0.0,-0.0
T14414,Artificial Intelligence in Education,1,1,0,0.0,0.0,0.0
T13046,Electrokinetic Soil Remediation Techniques,1,1,0,0.0,0.0,0.0
T11812,Nasal Surgery and Airway Studies,1,1,0,0.0,0.0,0.0
T13589,Literary and Cultural Studies,2,0,-2,0.0,0.0,-0.0
T13001,Restraint-Related Deaths,2,0,-2,0.0,0.0,-0.0
T13224,Sports and Physical Education Research,2,0,-2,0.0,0.0,-0.0
T13412,Education and Technology Integration,1,1,0,0.0,0.0,0.0
T13671,Philosophy and Phenomenology Studies,0,2,2,0.0,0.0,0.0
T13239,Phosphorus compounds and reactions,0,2,2,0.0,0.0,0.0
T13465,"Graphite, nuclear technology, radiation studies",0,2,2,0.0,0.0,0.0
T11192,Underwater Vehicles and Communication Systems,0,2,2,0.0,0.0,0.0
T13333,American Political and Social Dynamics,0,2,2,0.0,0.0,0.0
T14063,Diverse Philosophical and Cultural Studies,0,2,2,0.0,0.0,0.0
T13351,Critical Theory and Political Philosophy,0,2,2,0.0,0.0,0.0
T12480,Health and Wellbeing Research,0,2,2,0.0,0.0,0.0
T10561,Educational Research and Methods,0,2,2,0.0,0.0,0.0
T13741,Cross-Cultural and Social Analysis,0,2,2,0.0,0.0,0.0
T14123,Decolonial Thought and Epistemologies,0,2,2,0.0,0.0,0.0
T12653,Cyclization and Aryne Chemistry,0,2,2,0.0,0.0,0.0
T10029,Climate variability and models,0,2,2,0.0,0.0,0.0
T13122,Linguistics and Cultural Studies,0,2,2,0.0,0.0,0.0
T11931,Organoselenium and organotellurium chemistry,0,2,2,0.0,0.0,0.0
T14280,Big Data Technologies and Applications,0,2,2,0.0,0.0,0.0
T12357,Digital Media Forensic Detection,0,2,2,0.0,0.0,0.0
T13594,Healthcare innovation and challenges,0,2,2,0.0,0.0,0.0
T12279,Body Composition Measurement Techniques,0,2,2,0.0,0.0,0.0
T12942,Cultural Studies and Postmodernism,0,2,2,0.0,0.0,0.0
T12440,Karl Barth and Christian Theology,0,2,2,0.0,0.0,0.0
T14018,Agriculture and Biological Studies,0,2,2,0.0,0.0,0.0
T13785,Aquatic and Environmental Studies,0,2,2,0.0,0.0,0.0
T13045,Industrial Engineering and Technologies,0,2,2,0.0,0.0,0.0
T13363,Soft tissue tumors and treatment,0,2,2,0.0,0.0,0.0
T13107,Congenital limb and hand anomalies,0,2,2,0.0,0.0,0.0
T12567,Heat transfer and supercritical fluids,1,0,-1,0.0,0.0,-0.0
T13734,Advanced Computational Techniques and Applications,1,0,-1,0.0,0.0,-0.0
T13902,Indian History and Philosophy,1,0,-1,0.0,0.0,-0.0
T14026,Flannery O'Connor and Thomas Merton,1,0,-1,0.0,0.0,-0.0
T12190,Innovations in Concrete and Construction Materials,1,0,-1,0.0,0.0,-0.0
T12479,Web Application Security Vulnerabilities,1,0,-1,0.0,0.0,-0.0
T13064,Dutch Social and Cultural Studies,1,0,-1,0.0,0.0,-0.0
T14163,Astronomical Observations and Instrumentation,1,0,-1,0.0,0.0,-0.0
T12842,"Youth, Drugs, and Violence",1,0,-1,0.0,0.0,-0.0
T12262,Hate Speech and Cyberbullying Detection,1,0,-1,0.0,0.0,-0.0
T11008,Aerodynamics and Acoustics in Jet Flows,1,0,-1,0.0,0.0,-0.0
T12897,Structural Analysis of Composite Materials,1,0,-1,0.0,0.0,-0.0
T11693,Cryptography and Residue Arithmetic,1,0,-1,0.0,0.0,-0.0
T11258,Breast Implant and Reconstruction,1,0,-1,0.0,0.0,-0.0
T14267,Technology in Education and Healthcare,1,0,-1,0.0,0.0,-0.0
T13617,"Gender, Violence, Rights in Latin America",1,0,-1,0.0,0.0,-0.0
T11694,Fluid Dynamics Simulations and Interactions,1,0,-1,0.0,0.0,-0.0
T11143,High Entropy Alloys Studies,1,0,-1,0.0,0.0,-0.0
T12195,Aerogels and thermal insulation,1,0,-1,0.0,0.0,-0.0
T13120,Nuclear Issues and Defense,1,0,-1,0.0,0.0,-0.0
T12478,Wikis in Education and Collaboration,1,0,-1,0.0,0.0,-0.0
T10524,Traffic control and management,1,0,-1,0.0,0.0,-0.0
T13079,Heavy Metals in Plants,1,0,-1,0.0,0.0,-0.0
T13161,Ideological and Political Education,1,0,-1,0.0,0.0,-0.0
T13775,Hydrogen's biological and therapeutic effects,1,0,-1,0.0,0.0,-0.0
T13574,Family Support in Illness,1,0,-1,0.0,0.0,-0.0
T11527,3D IC and TSV technologies,1,0,-1,0.0,0.0,-0.0
T12450,Radio Astronomy Observations and Technology,1,0,-1,0.0,0.0,-0.0
T13653,"Commonwealth, Australian Politics and Federalism",1,0,-1,0.0,0.0,-0.0
T13619,Geotechnical and Geomechanical Engineering,1,0,-1,0.0,0.0,-0.0
T13752,Mechanics and Biomechanics Studies,1,0,-1,0.0,0.0,-0.0
T13182,Quantum-Dot Cellular Automata,1,0,-1,0.0,0.0,-0.0
T12290,Human Motion and Animation,1,0,-1,0.0,0.0,-0.0
T12406,IoT and GPS-based Vehicle Safety Systems,1,0,-1,0.0,0.0,-0.0
T13846,Mangiferin and Mango Extracts,1,0,-1,0.0,0.0,-0.0
T14329,Science and Climate Studies,1,0,-1,0.0,0.0,-0.0
T12510,Magneto-Optical Properties and Applications,1,0,-1,0.0,0.0,-0.0
T13565,Education and Learning Interventions,1,0,-1,0.0,0.0,-0.0
T13652,Education and Social Development in Ukraine,1,0,-1,0.0,0.0,-0.0
T14319,Currency Recognition and Detection,1,0,-1,0.0,0.0,-0.0
T12579,Muon and positron interactions and applications,1,0,-1,0.0,0.0,-0.0
T14247,"Borges, Kipling, and Jewish Identity",1,0,-1,0.0,0.0,-0.0
T12388,Identification and Quantification in Food,1,0,-1,0.0,0.0,-0.0
T10255,Oceanographic and Atmospheric Processes,1,0,-1,0.0,0.0,-0.0
T14150,Biochemical and biochemical processes,1,0,-1,0.0,0.0,-0.0
T13596,"Grouting, Rheology, and Soil Mechanics",1,0,-1,0.0,0.0,-0.0
T13254,Macrophage Migration Inhibitory Factor,1,0,-1,0.0,0.0,-0.0
T10892,Drilling and Well Engineering,1,0,-1,0.0,0.0,-0.0
T14158,Optical Systems and Laser Technology,1,0,-1,0.0,0.0,-0.0
T13261,Elasticity and Wave Propagation,1,0,-1,0.0,0.0,-0.0
T13529,Education Systems and Policies,1,0,-1,0.0,0.0,-0.0
T12569,Restless Legs Syndrome Research,1,0,-1,0.0,0.0,-0.0
T11887,Quasicrystal Structures and Properties,1,0,-1,0.0,0.0,-0.0
T14264,"Law, Ethics, and AI Impact",1,0,-1,0.0,0.0,-0.0
T11902,Intelligent Tutoring Systems and Adaptive Learning,1,0,-1,0.0,0.0,-0.0
T12380,Authorship Attribution and Profiling,1,0,-1,0.0,0.0,-0.0
T14400,Medical Coding and Health Information,0,1,1,0.0,0.0,0.0
T13803,Organizational Strategy and Culture,0,1,1,0.0,0.0,0.0
T13694,Immigration Law and Human Rights,0,1,1,0.0,0.0,0.0
T13521,Psychosocial Factors Impacting Youth,0,1,1,0.0,0.0,0.0
T14033,Education in Rural Contexts,0,1,1,0.0,0.0,0.0
T13563,Chemical Analysis and Environmental Impact,0,1,1,0.0,0.0,0.0
T13057,Asian Industrial and Economic Development,0,1,1,0.0,0.0,0.0
T13853,Teacher Education and Assessments,0,1,1,0.0,0.0,0.0
T11779,Higher Education and Employability,0,1,1,0.0,0.0,0.0
T14258,Legal and Policy Issues,0,1,1,0.0,0.0,0.0
T12740,Gait Recognition and Analysis,0,1,1,0.0,0.0,0.0
T13979,Communication and COVID-19 Impact,0,1,1,0.0,0.0,0.0
T13353,Flow Experience in Various Fields,0,1,1,0.0,0.0,0.0
T12984,Transport and Logistics Innovations,0,1,1,0.0,0.0,0.0
T14270,Simulation and Modeling Applications,0,1,1,0.0,0.0,0.0
T14453,Sustainability and Innovation in Business,0,1,1,0.0,0.0,0.0
T11133,UAV Applications and Optimization,0,1,1,0.0,0.0,0.0
T13765,Social Science and Policy Research,0,1,1,0.0,0.0,0.0
T13509,Accounting and Financial Management,0,1,1,0.0,0.0,0.0
T14307,Bioethics and Human Rights Issues,0,1,1,0.0,0.0,0.0
T14384,Ophthalmology and Visual Health Research,0,1,1,0.0,0.0,0.0
T11777,Fixed Point Theorems Analysis,0,1,1,0.0,0.0,0.0
T12102,Fire effects on concrete materials,0,1,1,0.0,0.0,0.0
T13666,Postmodernism in Literature and Education,0,1,1,0.0,0.0,0.0
T13029,South Asian Studies and Conflicts,0,1,1,0.0,0.0,0.0
T12133,Pragmatism in Philosophy and Education,0,1,1,0.0,0.0,0.0
T11644,Spam and Phishing Detection,0,1,1,0.0,0.0,0.0
T10944,Turbomachinery Performance and Optimization,0,1,1,0.0,0.0,0.0
T11666,Color Science and Applications,0,1,1,0.0,0.0,0.0
T13811,Earth Systems and Cosmic Evolution,0,1,1,0.0,0.0,0.0
T13709,Education in Diverse Contexts,0,1,1,0.0,0.0,0.0
T12657,Phytochemistry Medicinal Plant Applications,0,1,1,0.0,0.0,0.0
T13040,"Gender, Education, and Development Issues",0,1,1,0.0,0.0,0.0
T13600,Science Education and Perceptions,0,1,1,0.0,0.0,0.0
T10069,Antenna Design and Analysis,0,1,1,0.0,0.0,0.0
T12885,Digital Innovation in Industries,0,1,1,0.0,0.0,0.0
T13175,Historical Astronomy and Related Studies,0,1,1,0.0,0.0,0.0
T14366,Schopenhauer and Stefan Zweig,0,1,1,0.0,0.0,0.0
T13450,Turkish Literature and Culture,0,1,1,0.0,0.0,0.0
T12936,"Conflict, Peace, and Violence in Colombia",0,1,1,0.0,0.0,0.0
T13295,Safety Systems Engineering in Autonomy,0,1,1,0.0,0.0,0.0
T13508,Agricultural Economics and Practices,0,1,1,0.0,0.0,0.0
T13987,Child Development and Education,0,1,1,0.0,0.0,0.0
T13961,Socioeconomics of Resources and Conservation,0,1,1,0.0,0.0,0.0
T14054,Humic Substances and Bio-Organic Studies,0,1,1,0.0,0.0,0.0
T14138,Life Cycle Costing Analysis,0,1,1,0.0,0.0,0.0
T13230,Synthesis and Reactivity of Heterocycles,0,1,1,0.0,0.0,0.0
T10871,Catalytic Alkyne Reactions,0,1,1,0.0,0.0,0.0
T14294,Impulse Buying and Technology Impacts,1,0,-1,0.0,0.0,-0.0
T12022,Hydraulic flow and structures,1,0,-1,0.0,0.0,-0.0
T12302,Advanced Nanomaterials in Catalysis,1,0,-1,0.0,0.0,-0.0
T12988,Sociology and Education in Brazil,1,0,-1,0.0,0.0,-0.0
T11392,Energy Harvesting in Wireless Networks,1,0,-1,0.0,0.0,-0.0
T13787,"Globalization, Historical Perspectives, and International Relations",1,0,-1,0.0,0.0,-0.0
T12841,Echinoderm biology and ecology,1,0,-1,0.0,0.0,-0.0
T11344,Traffic Prediction and Management Techniques,1,0,-1,0.0,0.0,-0.0
T14406,Multidisciplinary Science and Engineering Research,1,0,-1,0.0,0.0,-0.0
T12913,Multidisciplinary Research Papers Compilation,1,0,-1,0.0,0.0,-0.0
T13011,Latin American rural development,1,0,-1,0.0,0.0,-0.0
T12809,Contact Mechanics and Variational Inequalities,1,0,-1,0.0,0.0,-0.0
T11804,Quantum many-body systems,1,0,-1,0.0,0.0,-0.0
T11115,Topology Optimization in Engineering,1,0,-1,0.0,0.0,-0.0
T10424,Electric Power System Optimization,1,0,-1,0.0,0.0,-0.0
T12683,Studies on Chitinases and Chitosanases,1,0,-1,0.0,0.0,-0.0
T13140,Materials Engineering and Processing,1,0,-1,0.0,0.0,-0.0
T11870,Structural Analysis and Optimization,1,0,-1,0.0,0.0,-0.0
T13489,Synthesis of β-Lactam Compounds,1,0,-1,0.0,0.0,-0.0
T10331,Video Surveillance and Tracking Methods,1,0,-1,0.0,0.0,-0.0
T13928,Advanced Sensor Technologies Research,1,0,-1,0.0,0.0,-0.0
T13674,Computer Science and Engineering,1,0,-1,0.0,0.0,-0.0
T12222,IoT-based Smart Home Systems,1,0,-1,0.0,0.0,-0.0
T10679,Service-Oriented Architecture and Web Services,1,0,-1,0.0,0.0,-0.0
T10951,Cryptographic Implementations and Security,1,0,-1,0.0,0.0,-0.0
T12158,Guidance and Control Systems,1,0,-1,0.0,0.0,-0.0
T13866,Occupational health in dentistry,1,0,-1,0.0,0.0,-0.0
T14256,Agricultural and Food Sciences,1,0,-1,0.0,0.0,-0.0
T10262,Microwave Engineering and Waveguides,1,0,-1,0.0,0.0,-0.0
T11646,Nonlocal and gradient elasticity in micro/nano structures,1,0,-1,0.0,0.0,-0.0
T13323,Spinal Hematomas and Complications,1,0,-1,0.0,0.0,-0.0
T13939,Archaeology and Natural History,1,0,-1,0.0,0.0,-0.0
T10826,Behavioral and Psychological Studies,1,0,-1,0.0,0.0,-0.0
T14417,Central Asia Education and Culture,1,0,-1,0.0,0.0,-0.0
T13194,ICT in Developing Communities,1,0,-1,0.0,0.0,-0.0
T12376,Corporate Management and Leadership,1,0,-1,0.0,0.0,-0.0
T12710,Engineering and Agricultural Innovations,1,0,-1,0.0,0.0,-0.0
T11009,Catalysis for Biomass Conversion,1,0,-1,0.0,0.0,-0.0
T12546,Smart Parking Systems Research,1,0,-1,0.0,0.0,-0.0
T13900,Contemporary and Historical Greek Studies,1,0,-1,0.0,0.0,-0.0
T13414,Radioactive Decay and Measurement Techniques,1,0,-1,0.0,0.0,-0.0
T13794,Financial Reporting and XBRL,1,0,-1,0.0,0.0,-0.0
T14363,Optical properties and cooling technologies in crystalline materials,1,0,-1,0.0,0.0,-0.0
T13172,Economic Issues in Ukraine,1,0,-1,0.0,0.0,-0.0
T11327,Acupuncture Treatment Research Studies,1,0,-1,0.0,0.0,-0.0
T14458,Education and Work Dynamics,1,0,-1,0.0,0.0,-0.0
T12411,Shoulder and Clavicle Injuries,1,0,-1,0.0,0.0,-0.0
T14101,Financial Crisis of the 21st Century,1,0,-1,0.0,0.0,-0.0
T13085,"Education, Psychology, and Social Research",1,0,-1,0.0,0.0,-0.0
T14463,Diverse Scientific Research Studies,1,0,-1,0.0,0.0,-0.0
T12894,Date Palm Research Studies,1,0,-1,0.0,0.0,-0.0
T11343,Power Transformer Diagnostics and Insulation,1,0,-1,0.0,0.0,-0.0
T12132,Hymenoptera taxonomy and phylogeny,1,0,-1,0.0,0.0,-0.0
T13822,Indigenous Health and Education,1,0,-1,0.0,0.0,-0.0
T13891,Engineering Diagnostics and Reliability,1,0,-1,0.0,0.0,-0.0
T13226,Appreciative Inquiry and Organizational Change,1,0,-1,0.0,0.0,-0.0
T13436,Space Technology and Applications,1,0,-1,0.0,0.0,-0.0
T13554,Brazilian cultural history and politics,1,0,-1,0.0,0.0,-0.0
T13022,Health and Medical Studies,1,0,-1,0.0,0.0,-0.0
T13942,International Human Rights and Reproductive Law,1,0,-1,0.0,0.0,-0.0
T11222,Magnetic Properties and Applications,1,0,-1,0.0,0.0,-0.0
T14227,Educational Practices and Challenges,1,0,-1,0.0,0.0,-0.0
T11587,Second Language Acquisition and Learning,1,0,-1,0.0,0.0,-0.0
T13919,Medicinal plant effects and applications,1,0,-1,0.0,0.0,-0.0
T10246,Mobile Ad Hoc Networks,1,0,-1,0.0,0.0,-0.0
T13915,Public Health in Brazil,1,0,-1,0.0,0.0,-0.0
T13834,Whipple's Disease and Interleukins,1,0,-1,0.0,0.0,-0.0
T14246,E-Learning and Knowledge Management,1,0,-1,0.0,0.0,-0.0
T13282,Automated Road and Building Extraction,1,0,-1,0.0,0.0,-0.0
T13886,Operations Management Techniques,1,0,-1,0.0,0.0,-0.0
T13542,"Grit, Self-Efficacy, and Motivation",1,0,-1,0.0,0.0,-0.0
T13076,"Torture, Ethics, and Law",1,0,-1,0.0,0.0,-0.0
T12758,Saffron Plant Research Studies,1,0,-1,0.0,0.0,-0.0
T13642,Organizational Downsizing and Restructuring,1,0,-1,0.0,0.0,-0.0
T12850,Field-Flow Fractionation Techniques,1,0,-1,0.0,0.0,-0.0
T13171,Polymer Science and PVC,1,0,-1,0.0,0.0,-0.0
T12968,Research on scale insects,1,0,-1,0.0,0.0,-0.0
T10527,High-Energy Particle Collisions Research,1,0,-1,0.0,0.0,-0.0
T13052,Molecular Communication and Nanonetworks,1,0,-1,0.0,0.0,-0.0
T12944,Animal Nutrition and Health,1,0,-1,0.0,0.0,-0.0
T14487,Science and Science Education,1,0,-1,0.0,0.0,-0.0
T11889,Ginseng Biological Effects and Applications,1,0,-1,0.0,0.0,-0.0
T14215,Chemical and Environmental Engineering Research,1,0,-1,0.0,0.0,-0.0
T12427,Metal Alloys Wear and Properties,1,0,-1,0.0,0.0,-0.0
T13874,Information Architecture and Usability,1,0,-1,0.0,0.0,-0.0
T14341,"Education, Technology, and Ethics",1,0,-1,0.0,0.0,-0.0
T11726,Organizational Management and Innovation,1,0,-1,0.0,0.0,-0.0
T12969,Economic and Social Development,1,0,-1,0.0,0.0,-0.0
T13058,Soil and Land Suitability Analysis,1,0,-1,0.0,0.0,-0.0
T12956,Asian Geopolitics and Ethnography,1,0,-1,0.0,0.0,-0.0
T11360,Flame retardant materials and properties,1,0,-1,0.0,0.0,-0.0
T11181,Advanced Data Storage Technologies,1,0,-1,0.0,0.0,-0.0
T12269,Effects of Vibration on Health,1,0,-1,0.0,0.0,-0.0
T14422,"Sociology, Governance, and Technology",1,0,-1,0.0,0.0,-0.0
T14397,Legal and Policy Analysis in Indonesia,1,0,-1,0.0,0.0,-0.0
T13298,Solar Energy Systems and Technologies,1,0,-1,0.0,0.0,-0.0
T13828,Natural Products and Biological Research,1,0,-1,0.0,0.0,-0.0
T10740,Wind Turbine Control Systems,1,0,-1,0.0,0.0,-0.0
T13893,Sustainable Development and Policies,1,0,-1,0.0,0.0,-0.0
T13566,Global Educational Reforms and Inequalities,1,0,-1,0.0,0.0,-0.0
T14337,"Religious, Philosophical, and Educational Studies",1,0,-1,0.0,0.0,-0.0
T11652,Imbalanced Data Classification Techniques,1,0,-1,0.0,0.0,-0.0
T13373,Data Mining and Machine Learning Applications,1,0,-1,0.0,0.0,-0.0
T14285,Biopolymer Synthesis and Applications,1,0,-1,0.0,0.0,-0.0
T11707,Gaze Tracking and Assistive Technology,1,0,-1,0.0,0.0,-0.0
T13707,"Literature, Language, and Rhetoric Studies",1,0,-1,0.0,0.0,-0.0
T10639,Advanced Software Engineering Methodologies,1,0,-1,0.0,0.0,-0.0
T11061,Ocean Waves and Remote Sensing,1,0,-1,0.0,0.0,-0.0
T11978,Soil Mechanics and Vehicle Dynamics,1,0,-1,0.0,0.0,-0.0
T12031,Speech and dialogue systems,1,0,-1,0.0,0.0,-0.0
T13909,Environmental Quality and Pollution,1,0,-1,0.0,0.0,-0.0
T13899,Agricultural Systems and Practices,1,0,-1,0.0,0.0,-0.0
T14320,Optics and Image Analysis,1,0,-1,0.0,0.0,-0.0
T13719,Phytochemistry and Bioactivity Studies,1,0,-1,0.0,0.0,-0.0
T11873,PAPR reduction in OFDM,1,0,-1,0.0,0.0,-0.0
T12981,Conservation Techniques and Studies,1,0,-1,0.0,0.0,-0.0
T14188,Latin American Legal and Economic Studies,1,0,-1,0.0,0.0,-0.0
T13747,Sociopolitical Dynamics in Russia,1,0,-1,0.0,0.0,-0.0
T12218,Coal and Its By-products,1,0,-1,0.0,0.0,-0.0
T14506,Historical and Architectural Studies,1,0,-1,0.0,0.0,-0.0
T14048,Silkworms and Sericulture Research,1,0,-1,0.0,0.0,-0.0
T12303,Tensor decomposition and applications,1,0,-1,0.0,0.0,-0.0
T13736,Steroid Chemistry and Biochemistry,1,0,-1,0.0,0.0,-0.0
T14220,"Workaholism, burnout, and well-being",1,0,-1,0.0,0.0,-0.0
T13777,Cognitive and psychological constructs research,1,0,-1,0.0,0.0,-0.0
T12556,Educational Methods and Analysis,1,0,-1,0.0,0.0,-0.0
T12877,Social Issues in Poland,1,0,-1,0.0,0.0,-0.0
T13071,Digital Storytelling and Education,1,0,-1,0.0,0.0,-0.0
T11409,Advanced Wireless Network Optimization,1,0,-1,0.0,0.0,-0.0
T13638,Human auditory perception and evaluation,1,0,-1,0.0,0.0,-0.0
T12637,Scarabaeidae Beetle Taxonomy and Biogeography,1,0,-1,0.0,0.0,-0.0
T13677,Magnolia and Illicium research,1,0,-1,0.0,0.0,-0.0
T13717,Advanced Algorithms and Applications,1,0,-1,0.0,0.0,-0.0
T14323,"Agriculture, Water, and Health",1,0,-1,0.0,0.0,-0.0
T11820,Learning Styles and Cognitive Differences,1,0,-1,0.0,0.0,-0.0
T12538,Eosinophilic Esophagitis,1,0,-1,0.0,0.0,-0.0
T10573,Power Quality and Harmonics,1,0,-1,0.0,0.0,-0.0
T13258,Williams Syndrome Research,1,0,-1,0.0,0.0,-0.0
T13851,"Law, AI, and Intellectual Property",1,0,-1,0.0,0.0,-0.0
T11459,Arctic and Antarctic ice dynamics,1,0,-1,0.0,0.0,-0.0
T12810,Real-time simulation and control systems,1,0,-1,0.0,0.0,-0.0
T13813,Oral and Craniofacial Lesions,1,0,-1,0.0,0.0,-0.0
T13751,Diverse Approaches in Healthcare and Education Studies,1,0,-1,0.0,0.0,-0.0
T10563,Corneal surgery and disorders,1,0,-1,0.0,0.0,-0.0
T12034,Digital and Cyber Forensics,1,0,-1,0.0,0.0,-0.0
T10533,Teaching and Learning Programming,1,0,-1,0.0,0.0,-0.0
T13086,Post-Soviet Geopolitical Dynamics,1,0,-1,0.0,0.0,-0.0
T12799,Mobile and Web Applications,1,0,-1,0.0,0.0,-0.0
T11512,Anomaly Detection Techniques and Applications,1,0,-1,0.0,0.0,-0.0
T14450,Employee Welfare and Language Studies,1,0,-1,0.0,0.0,-0.0
T11090,Dark Matter and Cosmic Phenomena,1,0,-1,0.0,0.0,-0.0
T12991,Phytase and its Applications,1,0,-1,0.0,0.0,-0.0
T13901,State Capitalism and Financial Governance,1,0,-1,0.0,0.0,-0.0
T13705,Australian Indigenous Culture and History,1,0,-1,0.0,0.0,-0.0
T12671,Management and Marketing Education,1,0,-1,0.0,0.0,-0.0
T13712,Kantian Philosophy and Modern Interpretations,1,0,-1,0.0,0.0,-0.0
T13960,"Dietetics, Nutrition, and Education",1,0,-1,0.0,0.0,-0.0
T12516,Advanced Mathematical Theories and Applications,1,0,-1,0.0,0.0,-0.0
T11558,Composite Material Mechanics,1,0,-1,0.0,0.0,-0.0
T12601,Web Applications and Data Management,1,0,-1,0.0,0.0,-0.0
T10326,Indoor and Outdoor Localization Technologies,1,0,-1,0.0,0.0,-0.0
T13968,Contemporary Cultural and Social Studies,1,0,-1,0.0,0.0,-0.0
T10541,Nonlinear Differential Equations Analysis,1,0,-1,0.0,0.0,-0.0
T14019,Socioeconomic and Demographic Analysis,1,0,-1,0.0,0.0,-0.0
T11704,Mobile Crowdsensing and Crowdsourcing,0,1,1,0.0,0.0,0.0
T13757,Graphic Design and Typography,0,1,1,0.0,0.0,0.0
T12294,Agricultural Science and Fertilization,0,1,1,0.0,0.0,0.0
T12727,Differential Equations and Numerical Methods,0,1,1,0.0,0.0,0.0
T12966,Russian Literature and Bakhtin Studies,0,1,1,0.0,0.0,0.0
T11295,Counseling Practices and Supervision,0,1,1,0.0,0.0,0.0
T13192,Forensic Fingerprint Detection Methods,0,1,1,0.0,0.0,0.0
T14498,Educational Technology in Learning,0,1,1,0.0,0.0,0.0
T12322,Animal health and immunology,0,1,1,0.0,0.0,0.0
T10201,Speech Recognition and Synthesis,0,1,1,0.0,0.0,0.0
T11941,Power System Reliability and Maintenance,0,1,1,0.0,0.0,0.0
T14154,"finance, banking, and market dynamics",0,1,1,0.0,0.0,0.0
T13716,Communication Studies and Media,0,1,1,0.0,0.0,0.0
T10258,Philosophy and Theoretical Science,0,1,1,0.0,0.0,0.0
T12558,Wittgensteinian philosophy and applications,0,1,1,0.0,0.0,0.0
T13857,Mining and Industrial Processes,0,1,1,0.0,0.0,0.0
T11813,Library Collection Development and Digital Resources,0,1,1,0.0,0.0,0.0
T12271,Renewable energy and sustainable power systems,0,1,1,0.0,0.0,0.0
T14331,Medicinal Plant Pharmacodynamics Research,0,1,1,0.0,0.0,0.0
T12320,Feminist Epistemology and Gender Studies,0,1,1,0.0,0.0,0.0
T13051,Qualitative Comparative Analysis Research,0,1,1,0.0,0.0,0.0
T14086,Military and Defense Studies,0,1,1,0.0,0.0,0.0
T13036,Veterinary Practice and Education Studies,0,1,1,0.0,0.0,0.0
T10348,"Indigenous Health, Education, and Rights",0,1,1,0.0,0.0,0.0
T14203,"Education, Safety, and Science Studies",0,1,1,0.0,0.0,0.0
T13678,Agricultural Research and Practices,0,1,1,0.0,0.0,0.0
T14303,Polymer Synthesis and Characterization,0,1,1,0.0,0.0,0.0
T12263,Peacebuilding and International Security,0,1,1,0.0,0.0,0.0
T14408,Coastal Management and Development,0,1,1,0.0,0.0,0.0
T14513,"Leadership, Courage, and Heroism Studies",0,1,1,0.0,0.0,0.0
T13502,Community and Sustainable Development,0,1,1,0.0,0.0,0.0
T13066,Information Society and Technology Trends,0,1,1,0.0,0.0,0.0
T14192,"Literature, Film, and Journalism Analysis",0,1,1,0.0,0.0,0.0
T13464,Higher Education and Sustainability,0,1,1,0.0,0.0,0.0
T13321,"Radio, Podcasts, and Digital Media",0,1,1,0.0,0.0,0.0
T14455,Technology and Education Systems,0,1,1,0.0,0.0,0.0
T13021,Geology and Environmental Impact Studies,0,1,1,0.0,0.0,0.0
T13131,Collaborative Teaching and Inclusion,0,1,1,0.0,0.0,0.0
T12899,Engineering and Technology Innovations,0,1,1,0.0,0.0,0.0
T14439,"Feminism, Gender, and Social Issues",0,1,1,0.0,0.0,0.0
T10260,Software Engineering Research,0,1,1,0.0,0.0,0.0
T12978,Innovative Teaching Methodologies in Social Sciences,0,1,1,0.0,0.0,0.0
T13990,Engine and Fuel Emissions,0,1,1,0.0,0.0,0.0
T10812,Human Pose and Action Recognition,0,1,1,0.0,0.0,0.0
T14467,"Public Administration, ICT, and Policy Development",0,1,1,0.0,0.0,0.0
T10369,Advanced MEMS and NEMS Technologies,0,1,1,0.0,0.0,0.0
T13959,"Swearing, Euphemism, Multilingualism",0,1,1,0.0,0.0,0.0
T14164,Marine and Offshore Engineering Studies,1,0,-1,0.0,0.0,-0.0
T11734,Decision Support System Applications,1,0,-1,0.0,0.0,-0.0
T13312,Mechanical and Thermal Properties Analysis,1,0,-1,0.0,0.0,-0.0
T12127,Software System Performance and Reliability,1,0,-1,0.0,0.0,-0.0
T13369,European and Russian Geopolitical Military Strategies,1,0,-1,0.0,0.0,-0.0
T12570,Photopolymerization techniques and applications,1,0,-1,0.0,0.0,-0.0
T14254,Digital Media and Visual Art,1,0,-1,0.0,0.0,-0.0
T12606,Diptera species taxonomy and behavior,1,0,-1,0.0,0.0,-0.0
T13082,Water and Land Management,1,0,-1,0.0,0.0,-0.0
T14403,Educational Challenges and Innovations,1,0,-1,0.0,0.0,-0.0
T13416,Educational Theory and Curriculum Studies,1,0,-1,0.0,0.0,-0.0
T10803,Innovative Human-Technology Interaction,1,0,-1,0.0,0.0,-0.0
T13754,Central European and Russian historical studies,1,0,-1,0.0,0.0,-0.0
T12244,Healthcare Education and Workforce Issues,1,0,-1,0.0,0.0,-0.0
T14308,Psychological and Educational Research Studies,1,0,-1,0.0,0.0,-0.0
T13113,Engineering Technology and Methodologies,1,0,-1,0.0,0.0,-0.0
T14156,Engineering Applied Research,1,0,-1,0.0,0.0,-0.0
T13733,Moravian Church and William Blake,1,0,-1,0.0,0.0,-0.0
T11899,"Brucella: diagnosis, epidemiology, treatment",1,0,-1,0.0,0.0,-0.0
T13354,Genetics and Physical Performance,1,0,-1,0.0,0.0,-0.0
T10847,Advanced Optical Network Technologies,1,0,-1,0.0,0.0,-0.0
T12122,Physical Unclonable Functions (PUFs) and Hardware Security,1,0,-1,0.0,0.0,-0.0
T11083,Cardiac Health and Mental Health,1,0,-1,0.0,0.0,-0.0
T13917,Engineering and Material Science Research,1,0,-1,0.0,0.0,-0.0
T13983,Cybersecurity and Information Systems,1,0,-1,0.0,0.0,-0.0
T11449,Mechanical and Optical Resonators,1,0,-1,0.0,0.0,-0.0
T13425,Rural and Ethnic Education,1,0,-1,0.0,0.0,-0.0
T12086,Structural Integrity and Reliability Analysis,0,1,1,0.0,0.0,0.0
T14068,Organic and Inorganic Chemical Reactions,0,1,1,0.0,0.0,0.0
T14349,Global Political and Economic Relations,0,1,1,0.0,0.0,0.0
T12807,Consumer Behavior and Market Dynamics,0,1,1,0.0,0.0,0.0
T11384,Critical Race Theory in Education,0,1,1,0.0,0.0,0.0
T14135,Cancer and biochemical research,0,1,1,0.0,0.0,0.0
T10470,Usability and User Interface Design,0,1,1,0.0,0.0,0.0
T10767,Advanced Photonic Communication Systems,0,1,1,0.0,0.0,0.0
T10454,Optimal Power Flow Distribution,0,1,1,0.0,0.0,0.0
T13399,Unemployment and Economic Growth,0,1,1,0.0,0.0,0.0
T12027,Social Media in Health Education,0,1,1,0.0,0.0,0.0
T10652,Racial and Ethnic Identity Research,0,1,1,0.0,0.0,0.0
T14345,Scientific Research and Philosophical Inquiry,0,1,1,0.0,0.0,0.0
T12738,Corporate Identity and Reputation,0,1,1,0.0,0.0,0.0
T14013,Legal Language and Interpretation,0,1,1,0.0,0.0,0.0
T11370,Mobile Learning in Education,0,1,1,0.0,0.0,0.0
T11580,Veterinary Medicine and Surgery,0,1,1,0.0,0.0,0.0
T14326,Ear and Head Tumors,0,1,1,0.0,0.0,0.0
T12216,Network Time Synchronization Technologies,0,1,1,0.0,0.0,0.0
T13683,"Architecture, Art, Education",0,1,1,0.0,0.0,0.0
T11170,Biomimetic flight and propulsion mechanisms,0,1,1,0.0,0.0,0.0
T14173,"Education, Healthcare and Sociology Research",0,1,1,0.0,0.0,0.0
T12591,Inclusive Education and Diversity,0,1,1,0.0,0.0,0.0
T11250,Wave and Wind Energy Systems,0,1,1,0.0,0.0,0.0
T13934,Indigenous Knowledge Systems and Agriculture,0,1,1,0.0,0.0,0.0
T13290,Diverse Industrial Engineering Technologies,0,1,1,0.0,0.0,0.0
T14093,Global Health and Epidemiology,0,1,1,0.0,0.0,0.0
T12513,Rocket and propulsion systems research,0,1,1,0.0,0.0,0.0
T12123,Financial Analysis and Corporate Governance,0,1,1,0.0,0.0,0.0
T13967,"Conservation, Ecology, Wildlife Education",0,1,1,0.0,0.0,0.0
T13940,Philosophy and Literary Analysis,0,1,1,0.0,0.0,0.0
T10366,Discourse Analysis in Language Studies,0,1,1,0.0,0.0,0.0
T11073,Metal Extraction and Bioleaching,0,1,1,0.0,0.0,0.0
T11347,Neural Networks Stability and Synchronization,0,1,1,0.0,0.0,0.0
T13643,Artificial Intelligence in Law,0,1,1,0.0,0.0,0.0
T14219,Local Economic Development and Planning,0,1,1,0.0,0.0,0.0
T13982,Social Movements and Cultural Identity,0,1,1,0.0,0.0,0.0
T13468,Educational Research and Science Teaching,0,1,1,0.0,0.0,0.0
T13894,Indian Economic and Social Development,0,1,1,0.0,0.0,0.0
T13791,Veterinary medicine and infectious diseases,0,1,1,0.0,0.0,0.0
T14292,"Migration, Policy, and Dickens Studies",0,1,1,0.0,0.0,0.0
T13808,Construction Engineering and Safety,0,1,1,0.0,0.0,0.0
T13631,"Global History, Politics, and Ideology",0,1,1,0.0,0.0,0.0
T12529,Ga2O3 and related materials,0,1,1,0.0,0.0,0.0
T13346,Digital Transformation in Financial Services,0,1,1,0.0,0.0,0.0
T13805,Adolescent Health and Behaviors,0,1,1,0.0,0.0,0.0
T12882,Jungian Analytical Psychology,0,1,1,0.0,0.0,0.0
T11341,Boron and Carbon Nanomaterials Research,0,1,1,0.0,0.0,0.0
T14269,Food Security and Socioeconomic Dynamics,0,1,1,0.0,0.0,0.0
T10395,Construction Project Management and Performance,0,1,1,0.0,0.0,0.0
T14297,Plant-Derived Bioactive Compounds,0,1,1,0.0,0.0,0.0
T12519,Cybercrime and Law Enforcement Studies,0,1,1,0.0,0.0,0.0
T11555,Methodologies in Health Research and Practice,0,1,1,0.0,0.0,0.0
T14137,"Agriculture, Soil, Plant Science",0,1,1,0.0,0.0,0.0
T11718,Physical Education and Pedagogy,0,1,1,0.0,0.0,0.0
T13517,Environmental and Industrial Safety,0,1,1,0.0,0.0,0.0
T13520,Architectural and Urban Studies,0,1,1,0.0,0.0,0.0
T12818,"Pneumothorax, Barotrauma, Emphysema",0,1,1,0.0,0.0,0.0
T13923,Nuclear and radioactivity studies,0,1,1,0.0,0.0,0.0
T14025,Educational Technology and Assessment,0,1,1,0.0,0.0,0.0
T12152,Concrete Properties and Behavior,0,1,1,0.0,0.0,0.0
