topic_id,display_name,works_old,works_new,change,share_old,share_new,share_change_pts
T10048,Particle physics theoretical and experimental studies,2665,2653,-12,0.0099,0.0098,-0.0
T10026,"Galaxies: Formation, Evolution, Phenomena",1500,1708,208,0.0055,0.0063,0.08
T10009,Dementia and Cognitive Impairment Research,1246,1857,611,0.0046,0.0069,0.23
T10487,Plant and animal studies,1978,439,-1539,0.0073,0.0016,-0.57
T10012,Genetic diversity and population structure,735,1455,720,0.0027,0.0054,0.27
T10106,Autism Spectrum Disorder Research,1009,1149,140,0.0037,0.0043,0.05
T10174,Animal Behavior and Reproduction,811,1335,524,0.003,0.0049,0.19
T10872,Veterinary Equine Medical Research,954,1190,236,0.0035,0.0044,0.09
T10005,Ecology and Vegetation Dynamics Studies,933,1180,247,0.0034,0.0044,0.09
T10075,Atmospheric chemistry and aerosols,897,1142,245,0.0033,0.0042,0.09
T11796,Horticultural and Viticultural Research,1172,843,-329,0.0043,0.0031,-0.12
T10473,Postharvest Quality and Shelf Life Management,655,1316,661,0.0024,0.0049,0.25
T10098,Ruminant Nutrition and Digestive Physiology,726,1177,451,0.0027,0.0044,0.17
T10004,Soil Carbon and Nitrogen Dynamics,781,1115,334,0.0029,0.0041,0.12
T10699,Primate Behavior and Ecology,961,908,-53,0.0036,0.0034,-0.02
T11149,Veterinary Oncology Research,805,1053,248,0.003,0.0039,0.09
T10015,Genomics and Phylogenetic Studies,802,1030,228,0.003,0.0038,0.08
T10166,Mosquito-borne diseases and control,986,826,-160,0.0036,0.0031,-0.06
T10184,Plant Molecular Biology Research,803,999,196,0.003,0.0037,0.07
T10135,Insect-Plant Interactions and Control,693,1107,414,0.0026,0.0041,0.15
T11772,Genetics and Neurodevelopmental Disorders,926,859,-67,0.0034,0.0032,-0.02
T10493,Ion channel regulation and function,856,923,67,0.0032,0.0034,0.03
T10494,Plant Virus Research Studies,964,798,-166,0.0036,0.003,-0.06
T10302,Fish Ecology and Management Studies,1136,625,-511,0.0042,0.0023,-0.19
T10217,Cardiac electrophysiology and arrhythmias,821,933,112,0.003,0.0035,0.04
T11580,Veterinary Medicine and Surgery,429,1304,875,0.0016,0.0048,0.32
T10112,HIV Research and Treatment,810,920,110,0.003,0.0034,0.04
T10594,Genetic and phenotypic traits in livestock,714,945,231,0.0026,0.0035,0.09
T10750,Fermentation and Sensory Analysis,823,815,-8,0.003,0.003,-0.0
T10152,Animal Nutrition and Physiology,886,751,-135,0.0033,0.0028,-0.05
T10825,Plant Pathogens and Fungal Diseases,873,746,-127,0.0032,0.0028,-0.05
T10596,Child Nutrition and Water Access,748,845,97,0.0028,0.0031,0.04
T10266,Plant Water Relations and Carbon Dynamics,941,651,-290,0.0035,0.0024,-0.11
T11905,Veterinary Pharmacology and Anesthesia,605,978,373,0.0022,0.0036,0.14
T10199,Wildlife Ecology and Conservation,844,724,-120,0.0031,0.0027,-0.04
T10584,Reproductive Physiology in Livestock,690,842,152,0.0026,0.0031,0.06
T11834,Liver Diseases and Immunity,698,817,119,0.0026,0.003,0.04
T11546,Plant Physiology and Cultivation Studies,856,654,-202,0.0032,0.0024,-0.07
T12910,Eicosanoids and Hypertension Pharmacology,950,560,-390,0.0035,0.0021,-0.14
T10434,Chromosomal and Genetic Variations,510,977,467,0.0019,0.0036,0.17
T11294,Infant Nutrition and Health,731,735,4,0.0027,0.0027,0.0
T10527,High-Energy Particle Collisions Research,737,712,-25,0.0027,0.0026,-0.01
T10915,Trace Elements in Health,706,739,33,0.0026,0.0027,0.01
T10116,Sperm and Testicular Function,638,774,136,0.0024,0.0029,0.05
T10190,Air Quality and Health Impacts,826,556,-270,0.0031,0.0021,-0.1
T10303,Photosynthetic Processes and Mechanisms,782,593,-189,0.0029,0.0022,-0.07
T11468,Genetic Mapping and Diversity in Plants and Animals,522,832,310,0.0019,0.0031,0.12
T10427,Visual perception and processing mechanisms,489,844,355,0.0018,0.0031,0.13
T10037,Physics of Superconductivity and Magnetism,646,677,31,0.0024,0.0025,0.01
T10733,Wheat and Barley Genetics and Pathology,612,710,98,0.0023,0.0026,0.04
T10076,Plant-Microbe Interactions and Immunity,538,741,203,0.002,0.0027,0.08
T10123,DNA Repair Mechanisms,607,671,64,0.0022,0.0025,0.02
T11764,Evolution and Genetic Dynamics,493,738,245,0.0018,0.0027,0.09
T10066,Gut microbiota and health,558,631,73,0.0021,0.0023,0.03
T11030,Scoliosis diagnosis and treatment,497,654,157,0.0018,0.0024,0.06
T10077,Neuroscience and Neuropharmacology Research,669,478,-191,0.0025,0.0018,-0.07
T11688,Microbial infections and disease research,606,525,-81,0.0022,0.0019,-0.03
T10969,Water resources management and optimization,528,554,26,0.002,0.0021,0.01
T11247,Plant nutrient uptake and metabolism,567,502,-65,0.0021,0.0019,-0.02
T10296,Vector-borne infectious diseases,493,570,77,0.0018,0.0021,0.03
T10407,Lipid Membrane Structure and Behavior,488,570,82,0.0018,0.0021,0.03
T10122,Toxic Organic Pollutants Impact,453,600,147,0.0017,0.0022,0.05
T10602,Glycosylation and Glycoproteins Research,547,488,-59,0.002,0.0018,-0.02
T11056,Physiological and biochemical adaptations,431,603,172,0.0016,0.0022,0.06
T10089,Avian ecology and behavior,417,610,193,0.0015,0.0023,0.07
T10521,RNA and protein synthesis mechanisms,533,494,-39,0.002,0.0018,-0.01
T10014,Plant Stress Responses and Tolerance,359,664,305,0.0013,0.0025,0.11
T10702,Insect and Arachnid Ecology and Behavior,510,511,1,0.0019,0.0019,0.0
T10441,Muscle Physiology and Disorders,451,560,109,0.0017,0.0021,0.04
T11495,Animal Virus Infections Studies,334,663,329,0.0012,0.0025,0.12
T10025,Black Holes and Theoretical Physics,514,462,-52,0.0019,0.0017,-0.02
T10001,Geological and Geochemical Analysis,482,490,8,0.0018,0.0018,0.0
T10346,Magnetic confinement fusion research,543,427,-116,0.002,0.0016,-0.04
T10447,Environmental Toxicology and Ecotoxicology,329,639,310,0.0012,0.0024,0.12
T10522,Medical Imaging Techniques and Applications,543,425,-118,0.002,0.0016,-0.04
T10120,Bacterial Genetics and Biotechnology,291,672,381,0.0011,0.0025,0.14
T10095,Cosmology and Gravitation Theories,387,565,178,0.0014,0.0021,0.07
T10836,Metabolomics and Mass Spectrometry Studies,529,412,-117,0.002,0.0015,-0.04
T10492,Microtubule and mitosis dynamics,428,509,81,0.0016,0.0019,0.03
T10555,Fire effects on ecosystems,547,385,-162,0.002,0.0014,-0.06
T11404,Irrigation Practices and Water Management,324,599,275,0.0012,0.0022,0.1
T10105,Osteoarthritis Treatment and Mechanisms,440,462,22,0.0016,0.0017,0.01
T10838,Animal Behavior and Welfare Studies,312,585,273,0.0012,0.0022,0.1
T10448,Memory and Neural Mechanisms,447,444,-3,0.0017,0.0016,-0.0
T10042,Neural and Behavioral Psychology Studies,519,367,-152,0.0019,0.0014,-0.06
T10486,Salmonella and Campylobacter epidemiology,417,463,46,0.0015,0.0017,0.02
T10716,Soil and Unsaturated Flow,389,486,97,0.0014,0.0018,0.04
T10108,Electoral Systems and Political Participation,372,502,130,0.0014,0.0019,0.05
T10691,Retinal Development and Disorders,461,402,-59,0.0017,0.0015,-0.02
T10240,Plant tissue culture and regeneration,489,365,-124,0.0018,0.0014,-0.05
T10774,Weed Control and Herbicide Applications,288,560,272,0.0011,0.0021,0.1
T10387,Fatty Acid Research and Health,372,475,103,0.0014,0.0018,0.04
T10002,Advanced Chemical Physics Studies,454,392,-62,0.0017,0.0015,-0.02
T10895,Species Distribution and Climate Change,611,230,-381,0.0023,0.0009,-0.14
T11179,Nematode management and characterization studies,415,423,8,0.0015,0.0016,0.0
T10182,Child and Adolescent Psychosocial and Emotional Development,461,367,-94,0.0017,0.0014,-0.03
T10254,Innovations in Medical Education,279,549,270,0.001,0.002,0.1
T10136,Statistical Methods and Inference,415,409,-6,0.0015,0.0015,-0.0
T10222,Genomics and Chromatin Dynamics,275,540,265,0.001,0.002,0.1
T11470,Legume Nitrogen Fixing Symbiosis,465,341,-124,0.0017,0.0013,-0.05
T10044,Protein Structure and Dynamics,338,465,127,0.0012,0.0017,0.05
T10499,Folate and B Vitamins Research,419,380,-39,0.0015,0.0014,-0.01
T10017,Geology and Paleoclimatology Research,556,238,-318,0.0021,0.0009,-0.12
T10128,Global trade and economics,395,398,3,0.0015,0.0015,0.0
T10364,Reproductive Biology and Fertility,406,383,-23,0.0015,0.0014,-0.01
T10445,Antioxidant Activity and Oxidative Stress,426,361,-65,0.0016,0.0013,-0.02
T10581,Neural dynamics and brain function,530,255,-275,0.002,0.0009,-0.1
T10894,Groundwater flow and contamination studies,405,368,-37,0.0015,0.0014,-0.01
T10330,Hydrology and Watershed Management Studies,416,354,-62,0.0015,0.0013,-0.02
T10110,earthquake and tectonic studies,351,411,60,0.0013,0.0015,0.02
T10230,Marine and fisheries research,363,395,32,0.0013,0.0015,0.01
T12249,Veterinary Orthopedics and Neurology,305,453,148,0.0011,0.0017,0.06
T10918,Memory Processes and Influences,274,479,205,0.001,0.0018,0.08
T11037,Fungal Infections and Studies,362,387,25,0.0013,0.0014,0.01
T10111,Remote Sensing in Agriculture,326,418,92,0.0012,0.0015,0.03
T10023,Schizophrenia research and treatment,244,499,255,0.0009,0.0018,0.09
T10349,Migration and Labor Dynamics,319,424,105,0.0012,0.0016,0.04
T10423,Neurobiology and Insect Physiology Research,457,282,-175,0.0017,0.001,-0.06
T11927,Plant Reproductive Biology,401,337,-64,0.0015,0.0012,-0.02
T10452,Iron Metabolism and Disorders,367,368,1,0.0014,0.0014,0.0
T10903,Porphyrin and Phthalocyanine Chemistry,332,401,69,0.0012,0.0015,0.03
T12114,Sensory Analysis and Statistical Methods,307,424,117,0.0011,0.0016,0.04
T10506,Aquaculture disease management and microbiota,320,410,90,0.0012,0.0015,0.03
T10304,Geometric and Algebraic Topology,316,413,97,0.0012,0.0015,0.04
T10301,Mitochondrial Function and Pathology,358,366,8,0.0013,0.0014,0.0
T11578,Plant Pathogenic Bacteria Studies,330,391,61,0.0012,0.0014,0.02
T10233,Geotechnical Engineering and Soil Mechanics,291,426,135,0.0011,0.0016,0.05
T10035,Phytochemicals and Antioxidant Activities,298,417,119,0.0011,0.0015,0.04
T10086,Alzheimer's disease research and treatments,270,444,174,0.001,0.0016,0.06
T11541,Neuroendocrine regulation and behavior,465,247,-218,0.0017,0.0009,-0.08
T11155,Toxoplasma gondii Research Studies,362,348,-14,0.0013,0.0013,-0.0
T10051,Asthma and respiratory diseases,270,433,163,0.001,0.0016,0.06
T10385,Plant Diversity and Evolution,280,421,141,0.001,0.0016,0.05
T10600,Reproductive Health and Contraception,276,421,145,0.001,0.0016,0.05
T10807,Synthesis and characterization of novel inorganic/organometallic compounds,265,432,167,0.001,0.0016,0.06
T10204,Microstructure and mechanical properties,350,337,-13,0.0013,0.0012,-0.0
T10451,Mycorrhizal Fungi and Plant Interactions,493,194,-299,0.0018,0.0007,-0.11
T11323,Gamma-ray bursts and supernovae,364,323,-41,0.0013,0.0012,-0.01
T10029,Climate variability and models,367,319,-48,0.0014,0.0012,-0.02
T10094,Epilepsy research and treatment,199,487,288,0.0007,0.0018,0.11
T10333,Meat and Animal Product Quality,381,303,-78,0.0014,0.0011,-0.03
T10875,Pesticide Exposure and Toxicity,271,413,142,0.001,0.0015,0.05
T11771,Plant Pathogens and Resistance,384,296,-88,0.0014,0.0011,-0.03
T10831,Cell Adhesion Molecules Research,376,295,-81,0.0014,0.0011,-0.03
T10031,T-cell and B-cell Immunology,218,436,218,0.0008,0.0016,0.08
T10677,Attachment and Relationship Dynamics,327,327,0,0.0012,0.0012,0.0
T10497,Fungal and yeast genetics research,242,411,169,0.0009,0.0015,0.06
T10132,Advanced ceramic materials synthesis,239,410,171,0.0009,0.0015,0.06
T10543,Prostate Cancer Treatment and Research,273,374,101,0.001,0.0014,0.04
T11457,Adipose Tissue and Metabolism,473,171,-302,0.0017,0.0006,-0.11
T10269,Epigenetics and DNA Methylation,329,314,-15,0.0012,0.0012,-0.01
T11560,Animal Disease Management and Epidemiology,381,259,-122,0.0014,0.001,-0.04
T10681,Rare-earth and actinide compounds,339,299,-40,0.0013,0.0011,-0.01
T11913,Animal Ecology and Behavior Studies,414,217,-197,0.0015,0.0008,-0.07
T10236,Aquatic Ecosystems and Phytoplankton Dynamics,254,376,122,0.0009,0.0014,0.05
T11180,Pesticide and Herbicide Environmental Studies,251,373,122,0.0009,0.0014,0.05
T12265,Gun Ownership and Violence Research,314,308,-6,0.0012,0.0011,-0.0
T10285,Venous Thromboembolism Diagnosis and Management,314,307,-7,0.0012,0.0011,-0.0
T10250,Glaucoma and retinal disorders,282,338,56,0.001,0.0013,0.02
T11898,Economics of Agriculture and Food Markets,289,330,41,0.0011,0.0012,0.02
T10948,Advanced Combinatorial Mathematics,220,396,176,0.0008,0.0015,0.07
T10298,Urban Transport and Accessibility,404,211,-193,0.0015,0.0008,-0.07
T10010,"Obesity, Physical Activity, Diet",356,254,-102,0.0013,0.0009,-0.04
T10482,Mathematical and Theoretical Epidemiology and Ecology Models,106,503,397,0.0004,0.0019,0.15
T10549,Neonatal Respiratory Health Research,361,245,-116,0.0013,0.0009,-0.04
T10071,Bone health and osteoporosis research,242,358,116,0.0009,0.0013,0.04
T11422,Burn Injury Management and Outcomes,258,342,84,0.001,0.0013,0.03
T10489,Regulation of Appetite and Obesity,216,380,164,0.0008,0.0014,0.06
T10843,Diversity and Career in Medicine,322,272,-50,0.0012,0.001,-0.02
T10878,CRISPR and Genetic Engineering,380,213,-167,0.0014,0.0008,-0.06
T10768,Electric Vehicles and Infrastructure,269,323,54,0.001,0.0012,0.02
T10171,Biofuel production and bioconversion,336,255,-81,0.0012,0.0009,-0.03
T10007,Monetary Policy and Economic Impact,257,333,76,0.001,0.0012,0.03
T10643,Marine and coastal plant biology,402,187,-215,0.0015,0.0007,-0.08
T10847,Advanced Optical Network Technologies,256,333,77,0.0009,0.0012,0.03
T11016,Monoclonal and Polyclonal Antibodies Research,417,170,-247,0.0015,0.0006,-0.09
T12733,Vector-Borne Animal Diseases,337,249,-88,0.0012,0.0009,-0.03
T10698,Transportation Planning and Optimization,202,382,180,0.0007,0.0014,0.07
T11214,Human-Animal Interaction Studies,378,206,-172,0.0014,0.0008,-0.06
T10465,Neurobiology of Language and Bilingualism,281,302,21,0.001,0.0011,0.01
T10866,Nutritional Studies and Diet,308,275,-33,0.0011,0.001,-0.01
T11882,Plant biochemistry and biosynthesis,269,314,45,0.001,0.0012,0.02
T10140,Food composition and properties,273,309,36,0.001,0.0011,0.01
T10529,Stress Responses and Cortisol,291,291,0,0.0011,0.0011,0.0
T11395,Radiopharmaceutical Chemistry and Applications,206,376,170,0.0008,0.0014,0.06
T10979,Breastfeeding Practices and Influences,290,287,-3,0.0011,0.0011,-0.0
T10912,Telemedicine and Telehealth Implementation,221,354,133,0.0008,0.0013,0.05
T10481,Computer Graphics and Visualization Techniques,236,335,99,0.0009,0.0012,0.04
T11288,Clostridium difficile and Clostridium perfringens research,280,290,10,0.001,0.0011,0.0
T11641,Insect and Pesticide Research,417,151,-266,0.0015,0.0006,-0.1
T10379,Cellular Mechanics and Interactions,234,327,93,0.0009,0.0012,0.03
T10870,Interstitial Lung Diseases and Idiopathic Pulmonary Fibrosis,240,318,78,0.0009,0.0012,0.03
T10167,Influenza Virus Research Studies,269,287,18,0.001,0.0011,0.01
T11791,Microbial Community Ecology and Physiology,327,222,-105,0.0012,0.0008,-0.04
T10325,Astro and Planetary Science,249,299,50,0.0009,0.0011,0.02
T10268,Developmental Biology and Gene Regulation,110,434,324,0.0004,0.0016,0.12
T10523,Atomic and Molecular Physics,166,376,210,0.0006,0.0014,0.08
T12929,Animal Genetics and Reproduction,340,199,-141,0.0013,0.0007,-0.05
T11750,Phytoplasmas and Hemiptera pathogens,265,272,7,0.001,0.001,0.0
T10659,Marine animal studies overview,293,241,-52,0.0011,0.0009,-0.02
T12094,Hemoglobin structure and function,315,217,-98,0.0012,0.0008,-0.04
T12043,Insect behavior and control techniques,294,236,-58,0.0011,0.0009,-0.02
T10882,Cardiomyopathy and Myosin Studies,242,285,43,0.0009,0.0011,0.02
T12492,Zoonotic diseases and public health,258,267,9,0.001,0.001,0.0
T11665,Animal Vocal Communication and Behavior,292,232,-60,0.0011,0.0009,-0.02
T10332,Amphibian and Reptile Biology,274,245,-29,0.001,0.0009,-0.01
T10613,Virus-based gene therapy research,362,157,-205,0.0013,0.0006,-0.08
T10683,Mass Spectrometry Techniques and Applications,252,265,13,0.0009,0.001,0.0
T10170,Retinal Diseases and Treatments,200,312,112,0.0007,0.0012,0.04
T11268,Light effects on plants,278,234,-44,0.001,0.0009,-0.02
T11098,Seed Germination and Physiology,197,314,117,0.0007,0.0012,0.04
T10241,Functional Brain Connectivity Studies,351,159,-192,0.0013,0.0006,-0.07
T10839,Pancreatic function and diabetes,258,252,-6,0.001,0.0009,-0.0
T10224,Quantum Chromodynamics and Particle Interactions,136,373,237,0.0005,0.0014,0.09
T10093,Nuclear physics research studies,167,341,174,0.0006,0.0013,0.06
T10900,Listeria monocytogenes in Food Safety,274,234,-40,0.001,0.0009,-0.01
T10261,Genetic Associations and Epidemiology,201,302,101,0.0007,0.0011,0.04
T10291,Dialysis and Renal Disease Management,264,239,-25,0.001,0.0009,-0.01
T10109,Paleontology and Stratigraphy of Fossils,159,343,184,0.0006,0.0013,0.07
T10360,Fluid Dynamics and Turbulent Flows,250,250,0,0.0009,0.0009,0.0
T10060,Smoking Behavior and Cessation,191,308,117,0.0007,0.0011,0.04
T10436,Anesthesia and Sedative Agents,162,337,175,0.0006,0.0012,0.06
T10450,Aquaculture Nutrition and Growth,270,228,-42,0.001,0.0008,-0.02
T10469,Psoriasis: Treatment and Pathogenesis,245,252,7,0.0009,0.0009,0.0
T10413,High-pressure geophysics and materials,222,273,51,0.0008,0.001,0.02
T11311,Soil and Water Nutrient Dynamics,265,228,-37,0.001,0.0008,-0.01
T11354,Evolution and Paleontology Studies,197,296,99,0.0007,0.0011,0.04
T10577,Hydrology and Sediment Transport Processes,242,250,8,0.0009,0.0009,0.0
T11436,Entomopathogenic Microorganisms in Pest Control,203,287,84,0.0008,0.0011,0.03
T11610,Food Security and Health in Diverse Populations,270,218,-52,0.001,0.0008,-0.02
T10869,Polysaccharides and Plant Cell Walls,237,248,11,0.0009,0.0009,0.0
T11871,Advanced Statistical Methods and Models,209,276,67,0.0008,0.001,0.02
T11626,Metalloenzymes and iron-sulfur proteins,215,268,53,0.0008,0.001,0.02
T11204,Ion Channels and Receptors,204,274,70,0.0008,0.001,0.03
T10047,Financial Markets and Investment Strategies,192,284,92,0.0007,0.0011,0.03
T11226,Milk Quality and Mastitis in Dairy Cows,225,251,26,0.0008,0.0009,0.01
T10176,Mesenchymal stem cell research,247,228,-19,0.0009,0.0008,-0.01
T10466,Meteorological Phenomena and Simulations,155,320,165,0.0006,0.0012,0.06
T10411,Proteins in Food Systems,217,257,40,0.0008,0.001,0.01
T10908,Analytical Chemistry and Chromatography,274,200,-74,0.001,0.0007,-0.03
T10192,Catalytic Processes in Materials Science,281,191,-90,0.001,0.0007,-0.03
T10243,Statistical Methods and Bayesian Inference,152,320,168,0.0006,0.0012,0.06
T10358,Advanced Radiotherapy Techniques,197,275,78,0.0007,0.001,0.03
T10771,Wound Healing and Treatments,205,260,55,0.0008,0.001,0.02
T12322,Animal health and immunology,214,251,37,0.0008,0.0009,0.01
T12045,Rice Cultivation and Yield Improvement,257,207,-50,0.001,0.0008,-0.02
T10141,Probiotics and Fermented Foods,234,229,-5,0.0009,0.0008,-0.0
T10421,Pleistocene-Era Hominins and Archaeology,226,237,11,0.0008,0.0009,0.0
T11629,"Birth, Development, and Health",313,150,-163,0.0012,0.0006,-0.06
T10625,Herpesvirus Infections and Treatments,304,157,-147,0.0011,0.0006,-0.05
T12660,Plant Disease Management Techniques,257,203,-54,0.001,0.0008,-0.02
T13388,Rangeland and Wildlife Management,275,183,-92,0.001,0.0007,-0.03
T10608,Neurogenesis and neuroplasticity mechanisms,177,280,103,0.0007,0.001,0.04
T10756,Estrogen and related hormone effects,206,250,44,0.0008,0.0009,0.02
T12132,Hymenoptera taxonomy and phylogeny,31,421,390,0.0001,0.0016,0.14
T12267,Diet and metabolism studies,393,59,-334,0.0015,0.0002,-0.12
T11844,Lipid metabolism and biosynthesis,168,283,115,0.0006,0.001,0.04
T10196,Pain Mechanisms and Treatments,186,264,78,0.0007,0.001,0.03
T11048,Bacteriophages and microbial interactions,268,182,-86,0.001,0.0007,-0.03
T10173,Computational Fluid Dynamics and Aerodynamics,178,271,93,0.0007,0.001,0.03
T10091,Malaria Research and Control,176,272,96,0.0007,0.001,0.04
T10375,Pharmacogenetics and Drug Metabolism,146,302,156,0.0005,0.0011,0.06
T11107,Selenium in Biological Systems,259,189,-70,0.001,0.0007,-0.03
T11044,Particle Detector Development and Performance,126,320,194,0.0005,0.0012,0.07
T10960,Hypothalamic control of reproductive hormones,128,317,189,0.0005,0.0012,0.07
T10202,Lung Cancer Diagnosis and Treatment,193,251,58,0.0007,0.0009,0.02
T10799,Data Visualization and Analytics,191,252,61,0.0007,0.0009,0.02
T10956,Fullerene Chemistry and Applications,227,216,-11,0.0008,0.0008,-0.0
T10341,Coral and Marine Ecosystems Studies,271,171,-100,0.001,0.0006,-0.04
T10378,Advanced MRI Techniques and Applications,211,231,20,0.0008,0.0009,0.01
T10417,Lung Cancer Treatments and Mutations,224,211,-13,0.0008,0.0008,-0.0
T10092,Organometallic Complex Synthesis and Catalysis,212,222,10,0.0008,0.0008,0.0
T10841,Economic and Environmental Valuation,284,150,-134,0.0011,0.0006,-0.05
T10765,Marine Biology and Ecology Research,206,226,20,0.0008,0.0008,0.01
T10576,Opioid Use Disorder Treatment,205,226,21,0.0008,0.0008,0.01
T10686,Effects and risks of endocrine disrupting chemicals,192,239,47,0.0007,0.0009,0.02
T10837,Dermatology and Skin Diseases,244,187,-57,0.0009,0.0007,-0.02
T10264,Asphalt Pavement Performance Evaluation,201,224,23,0.0007,0.0008,0.01
T11520,Advanced Thermodynamics and Statistical Mechanics,242,182,-60,0.0009,0.0007,-0.02
T11090,Dark Matter and Cosmic Phenomena,244,179,-65,0.0009,0.0007,-0.02
T10049,Magnetic properties of thin films,198,223,25,0.0007,0.0008,0.01
T11423,Pesticide Residue Analysis and Safety,157,264,107,0.0006,0.001,0.04
T10342,Circadian rhythm and melatonin,191,227,36,0.0007,0.0008,0.01
T11691,Forest Insect Ecology and Management,254,163,-91,0.0009,0.0006,-0.03
T10706,Traumatic Brain Injury and Neurovascular Disturbances,223,186,-37,0.0008,0.0007,-0.01
T11361,Digital Radiography and Breast Imaging,165,243,78,0.0006,0.0009,0.03
T10656,Child and Animal Learning Development,191,215,24,0.0007,0.0008,0.01
T11266,Neuroinflammation and Neurodegeneration Mechanisms,235,170,-65,0.0009,0.0006,-0.02
T11086,Parasitic Infections and Diagnostics,223,180,-43,0.0008,0.0007,-0.02
T11178,Receptor Mechanisms and Signaling,240,163,-77,0.0009,0.0006,-0.03
T11259,Agriculture Sustainability and Environmental Impact,275,127,-148,0.001,0.0005,-0.05
T11716,Random Matrices and Applications,212,189,-23,0.0008,0.0007,-0.01
T12771,Plant pathogens and resistance mechanisms,319,82,-237,0.0012,0.0003,-0.09
T10384,Laser-Plasma Interactions and Diagnostics,175,224,49,0.0006,0.0008,0.02
T10676,"Genetics, Aging, and Longevity in Model Organisms",223,176,-47,0.0008,0.0007,-0.02
T11209,Cardiovascular and exercise physiology,131,268,137,0.0005,0.001,0.05
T11426,Genetically Modified Organisms Research,182,215,33,0.0007,0.0008,0.01
T11216,Radiation Detection and Scintillator Technologies,173,223,50,0.0006,0.0008,0.02
T11040,Personality Traits and Psychology,152,241,89,0.0006,0.0009,0.03
T11252,Evolutionary Game Theory and Cooperation,298,95,-203,0.0011,0.0004,-0.08
T11467,Trauma and Emergency Care Studies,172,221,49,0.0006,0.0008,0.02
T12178,Bird parasitology and diseases,221,172,-49,0.0008,0.0006,-0.02
T10778,Philosophy and History of Science,152,239,87,0.0006,0.0009,0.03
T10819,Mercury impact and mitigation studies,223,165,-58,0.0008,0.0006,-0.02
T10442,Knee injuries and reconstruction techniques,196,187,-9,0.0007,0.0007,-0.0
T11245,Advanced Numerical Analysis Techniques,225,158,-67,0.0008,0.0006,-0.02
T12137,Economic theories and models,261,122,-139,0.001,0.0005,-0.05
T10835,Carbohydrate Chemistry and Synthesis,133,247,114,0.0005,0.0009,0.04
T10433,Carcinogens and Genotoxicity Assessment,156,223,67,0.0006,0.0008,0.02
T11505,Reproductive biology and impacts on aquatic species,153,226,73,0.0006,0.0008,0.03
T10371,Immune Response and Inflammation,219,159,-60,0.0008,0.0006,-0.02
T12039,Electron and X-Ray Spectroscopy Techniques,192,186,-6,0.0007,0.0007,-0.0
T10032,Marine and coastal ecosystems,224,153,-71,0.0008,0.0006,-0.03
T10520,Mycotoxins in Agriculture and Food,185,192,7,0.0007,0.0007,0.0
T10562,Total Knee Arthroplasty Outcomes,196,181,-15,0.0007,0.0007,-0.01
T12134,Insect symbiosis and bacterial influences,211,165,-46,0.0008,0.0006,-0.02
T11418,Plant Micronutrient Interactions and Effects,215,160,-55,0.0008,0.0006,-0.02
T10314,Social and Intergroup Psychology,186,187,1,0.0007,0.0007,0.0
T10432,DNA and Nucleic Acid Chemistry,220,153,-67,0.0008,0.0006,-0.02
T11805,Agricultural economics and policies,2,370,368,0.0,0.0014,0.14
T12617,"Energy, Environment, and Transportation Policies",191,181,-10,0.0007,0.0007,-0.0
T10779,Coastal wetland ecosystem dynamics,238,133,-105,0.0009,0.0005,-0.04
T11020,Immune Cell Function and Interaction,290,81,-209,0.0011,0.0003,-0.08
T10065,Atrial Fibrillation Management and Outcomes,195,175,-20,0.0007,0.0006,-0.01
T12365,Effects of Environmental Stressors on Livestock,213,156,-57,0.0008,0.0006,-0.02
T10308,Systemic Lupus Erythematosus Research,133,235,102,0.0005,0.0009,0.04
T12314,Nuts composition and effects,301,67,-234,0.0011,0.0002,-0.09
T10064,Complex Network Analysis Techniques,167,200,33,0.0006,0.0007,0.01
T12833,Bartonella species infections research,190,175,-15,0.0007,0.0006,-0.01
T10150,Antifungal resistance and susceptibility,168,196,28,0.0006,0.0007,0.01
T10160,Seismic Performance and Analysis,158,206,48,0.0006,0.0008,0.02
T10505,Pluripotent Stem Cells Research,184,180,-4,0.0007,0.0007,-0.0
T10503,Global Financial Crisis and Policies,189,174,-15,0.0007,0.0006,-0.01
T10751,Forensic and Genetic Research,129,234,105,0.0005,0.0009,0.04
T10155,Nitric Oxide and Endothelin Effects,203,158,-45,0.0008,0.0006,-0.02
T10351,Liver Disease Diagnosis and Treatment,245,116,-129,0.0009,0.0004,-0.05
T10932,Microbial Metabolic Engineering and Bioproduction,176,185,9,0.0007,0.0007,0.0
T10334,"Hearing, Cochlea, Tinnitus, Genetics",149,211,62,0.0006,0.0008,0.02
T11116,"Trauma, Hemostasis, Coagulopathy, Resuscitation",188,172,-16,0.0007,0.0006,-0.01
T12475,Plant Parasitism and Resistance,244,116,-128,0.0009,0.0004,-0.05
T11569,Optical Coherence Tomography Applications,163,196,33,0.0006,0.0007,0.01
T10087,Archaeology and ancient environmental studies,130,228,98,0.0005,0.0008,0.04
T10287,Algebraic structures and combinatorial models,198,159,-39,0.0007,0.0006,-0.01
T11135,Virology and Viral Diseases,178,179,1,0.0007,0.0007,0.0
T10238,Spine and Intervertebral Disc Pathology,197,159,-38,0.0007,0.0006,-0.01
T10694,Menopause: Health Impacts and Treatments,160,195,35,0.0006,0.0007,0.01
T10788,Neuroscience and Music Perception,144,210,66,0.0005,0.0008,0.02
T10103,Reading and Literacy Development,172,181,9,0.0006,0.0007,0.0
T10909,Edible Oils Quality and Analysis,140,212,72,0.0005,0.0008,0.03
T11760,Plant responses to elevated CO2,221,131,-90,0.0008,0.0005,-0.03
T10235,Health disparities and outcomes,198,153,-45,0.0007,0.0006,-0.02
T10604,RNA Research and Splicing,207,141,-66,0.0008,0.0005,-0.02
T10605,Historical Economic and Social Studies,138,210,72,0.0005,0.0008,0.03
T10118,SARS-CoV-2 and COVID-19 Research,162,185,23,0.0006,0.0007,0.01
T10391,Healthcare Policy and Management,180,166,-14,0.0007,0.0006,-0.01
T11075,Insect Resistance and Genetics,193,153,-40,0.0007,0.0006,-0.01
T11900,Fungal Plant Pathogen Control,166,180,14,0.0006,0.0007,0.01
T10583,Cancer-related Molecular Pathways,175,167,-8,0.0006,0.0006,-0.0
T10911,Chemical Synthesis and Analysis,182,160,-22,0.0007,0.0006,-0.01
T11584,Biochemical Analysis and Sensing Techniques,244,97,-147,0.0009,0.0004,-0.05
T10038,Tuberculosis Research and Epidemiology,153,187,34,0.0006,0.0007,0.01
T11118,Evolutionary Psychology and Human Behavior,174,166,-8,0.0006,0.0006,-0.0
T11229,Genetics and Plant Breeding,82,258,176,0.0003,0.001,0.07
T10650,Food Drying and Modeling,114,225,111,0.0004,0.0008,0.04
T11237,Plant Gene Expression Analysis,178,161,-17,0.0007,0.0006,-0.01
T11387,Ichthyology and Marine Biology,207,131,-76,0.0008,0.0005,-0.03
T10556,Global Cancer Incidence and Screening,185,152,-33,0.0007,0.0006,-0.01
T10658,Bone fractures and treatments,160,175,15,0.0006,0.0006,0.01
T10776,Spinal Fractures and Fixation Techniques,216,117,-99,0.0008,0.0004,-0.04
T10440,Advanced Thermoelectric Materials and Devices,153,179,26,0.0006,0.0007,0.01
T11314,Clinical Laboratory Practices and Quality Control,72,260,188,0.0003,0.001,0.07
T12073,Isotope Analysis in Ecology,219,113,-106,0.0008,0.0004,-0.04
T10563,Corneal surgery and disorders,155,176,21,0.0006,0.0007,0.01
T10054,Parallel Computing and Optimization Techniques,134,196,62,0.0005,0.0007,0.02
T10471,Climate Change Policy and Economics,135,195,60,0.0005,0.0007,0.02
T13283,Mental Health Research Topics,239,91,-148,0.0009,0.0003,-0.05
T10292,Acute Myocardial Infarction Research,141,188,47,0.0005,0.0007,0.02
T10725,RNA Interference and Gene Delivery,175,153,-22,0.0006,0.0006,-0.01
T11079,Creativity in Education and Neuroscience,174,153,-21,0.0006,0.0006,-0.01
T12115,Genetic and Environmental Crop Studies,102,225,123,0.0004,0.0008,0.05
T10582,Ethics in Clinical Research,120,206,86,0.0004,0.0008,0.03
T11177,Spectroscopy and Quantum Chemical Studies,237,87,-150,0.0009,0.0003,-0.06
T10062,MicroRNA in disease regulation,173,150,-23,0.0006,0.0006,-0.01
T10429,EEG and Brain-Computer Interfaces,197,126,-71,0.0007,0.0005,-0.03
T11331,Fecal contamination and water quality,114,209,95,0.0004,0.0008,0.04
T12005,Spaceflight effects on biology,131,192,61,0.0005,0.0007,0.02
T12858,Plant Disease Resistance and Genetics,169,154,-15,0.0006,0.0006,-0.01
T10169,Protein Kinase Regulation and GTPase Signaling,95,227,132,0.0004,0.0008,0.05
T10367,Agricultural Innovations and Practices,181,141,-40,0.0007,0.0005,-0.01
T10591,Theoretical and Computational Physics,175,147,-28,0.0006,0.0005,-0.01
T10981,Cytomegalovirus and herpesvirus research,192,129,-63,0.0007,0.0005,-0.02
T13445,American Constitutional Law and Politics,219,102,-117,0.0008,0.0004,-0.04
T10290,Pregnancy and preeclampsia studies,177,142,-35,0.0007,0.0005,-0.01
T11747,Metal-Catalyzed Oxygenation Mechanisms,82,237,155,0.0003,0.0009,0.06
T10198,Heart Failure Treatment and Management,140,178,38,0.0005,0.0007,0.01
T10616,Smart Agriculture and AI,107,211,104,0.0004,0.0008,0.04
T10857,Advanced Electron Microscopy Techniques and Applications,96,222,126,0.0004,0.0008,0.05
T10745,Heart Rate Variability and Autonomic Control,181,136,-45,0.0007,0.0005,-0.02
T12168,Health and Medical Research Impacts,159,158,-1,0.0006,0.0006,-0.0
T12605,Berry genetics and cultivation research,176,141,-35,0.0007,0.0005,-0.01
T10082,HIV/AIDS Research and Interventions,134,182,48,0.0005,0.0007,0.02
T10322,Respiratory Support and Mechanisms,155,160,5,0.0006,0.0006,0.0
T13036,Veterinary Practice and Education Studies,176,139,-37,0.0007,0.0005,-0.01
T10748,Growth Hormone and Insulin-like Growth Factors,155,158,3,0.0006,0.0006,0.0
T11036,Antibiotics Pharmacokinetics and Efficacy,190,123,-67,0.0007,0.0005,-0.02
T11809,Advanced NMR Techniques and Applications,81,232,151,0.0003,0.0009,0.06
T12387,Galectins and Cancer Biology,184,127,-57,0.0007,0.0005,-0.02
T10634,Food Allergy and Anaphylaxis Research,147,162,15,0.0005,0.0006,0.01
T10458,Bladder and Urothelial Cancer Treatments,160,148,-12,0.0006,0.0005,-0.0
T10630,Orthopedic Surgery and Rehabilitation,188,120,-68,0.0007,0.0004,-0.03
T11682,Advanced Condensed Matter Physics,121,187,66,0.0004,0.0007,0.02
T10315,Decision-Making and Behavioral Economics,117,190,73,0.0004,0.0007,0.03
T10815,Parasite Biology and Host Interactions,169,138,-31,0.0006,0.0005,-0.01
T10039,"Stellar, planetary, and galactic studies",162,144,-18,0.0006,0.0005,-0.01
T11358,Dysphagia Assessment and Management,150,155,5,0.0006,0.0006,0.0
T11399,Muscle metabolism and nutrition,203,102,-101,0.0008,0.0004,-0.04
T10537,Attention Deficit Hyperactivity Disorder,170,134,-36,0.0006,0.0005,-0.01
T11733,X-ray Spectroscopy and Fluorescence Analysis,123,181,58,0.0005,0.0007,0.02
T10921,Neutrino Physics Research,144,159,15,0.0005,0.0006,0.01
T10226,Land Use and Ecosystem Services,152,150,-2,0.0006,0.0006,-0.0
T10255,Oceanographic and Atmospheric Processes,127,175,48,0.0005,0.0006,0.02
T10607,Magnetic and transport properties of perovskites and related materials,157,145,-12,0.0006,0.0005,-0.0
T11162,Enzyme Structure and Function,167,134,-33,0.0006,0.0005,-0.01
T10129,Glioma Diagnosis and Treatment,138,162,24,0.0005,0.0006,0.01
T10540,Advanced Fluorescence Microscopy Techniques,96,204,108,0.0004,0.0008,0.04
T11804,Quantum many-body systems,122,178,56,0.0005,0.0007,0.02
T10124,Prostate Cancer Diagnosis and Treatment,146,153,7,0.0005,0.0006,0.0
T10645,Cardiac Arrest and Resuscitation,194,104,-90,0.0007,0.0004,-0.03
T10144,Blood Pressure and Hypertension Studies,112,185,73,0.0004,0.0007,0.03
T10544,Glass properties and applications,157,140,-17,0.0006,0.0005,-0.01
T12159,T-cell and Retrovirus Studies,134,163,29,0.0005,0.0006,0.01
T12964,"Diet, Metabolism, and Disease",175,122,-53,0.0006,0.0005,-0.02
T10158,Cancer Immunotherapy and Biomarkers,122,173,51,0.0005,0.0006,0.02
T10519,Advanced Proteomics Techniques and Applications,108,187,79,0.0004,0.0007,0.03
T10640,Spectroscopy and Chemometric Analyses,162,132,-30,0.0006,0.0005,-0.01
T10958,Ultrasound and Hyperthermia Applications,145,149,4,0.0005,0.0006,0.0
T11077,Genetic and Clinical Aspects of Sex Determination and Chromosomal Abnormalities,164,130,-34,0.0006,0.0005,-0.01
T11872,Barrier Structure and Function Studies,86,207,121,0.0003,0.0008,0.04
T10258,Philosophy and Theoretical Science,104,188,84,0.0004,0.0007,0.03
T10976,Viral gastroenteritis research and epidemiology,227,65,-162,0.0008,0.0002,-0.06
T11667,Advanced Chemical Sensor Technologies,231,61,-170,0.0009,0.0002,-0.06
T10977,Optical Imaging and Spectroscopy Techniques,114,177,63,0.0004,0.0007,0.02
T11636,Artificial Intelligence in Healthcare and Education,150,141,-9,0.0006,0.0005,-0.0
T10406,Planetary Science and Exploration,162,128,-34,0.0006,0.0005,-0.01
T10652,Racial and Ethnic Identity Research,129,161,32,0.0005,0.0006,0.01
T11510,Reproductive System and Pregnancy,164,126,-38,0.0006,0.0005,-0.01
T11656,Turtle Biology and Conservation,183,107,-76,0.0007,0.0004,-0.03
T10724,Ion Transport and Channel Regulation,114,175,61,0.0004,0.0006,0.02
T10589,Early Childhood Education and Development,189,99,-90,0.0007,0.0004,-0.03
T11617,Enzyme Production and Characterization,148,140,-8,0.0005,0.0005,-0.0
T10617,Cellular transport and secretion,110,177,67,0.0004,0.0007,0.02
T11004,Crustacean biology and ecology,125,160,35,0.0005,0.0006,0.01
T11304,Advanced Neuroimaging Techniques and Applications,182,103,-79,0.0007,0.0004,-0.03
T10372,Cardiac Imaging and Diagnostics,142,142,0,0.0005,0.0005,0.0
T11663,Viral Infectious Diseases and Gene Expression in Insects,198,86,-112,0.0007,0.0003,-0.04
T11065,Insect Pest Control Strategies,145,137,-8,0.0005,0.0005,-0.0
T12329,Hemiptera Insect Studies,115,167,52,0.0004,0.0006,0.02
T10253,Sarcoma Diagnosis and Treatment,144,137,-7,0.0005,0.0005,-0.0
T10853,"Anxiety, Depression, Psychometrics, Treatment, Cognitive Processes",130,151,21,0.0005,0.0006,0.01
T11595,Textile materials and evaluations,148,133,-15,0.0005,0.0005,-0.01
T10207,Advanced biosensing and bioanalysis techniques,196,84,-112,0.0007,0.0003,-0.04
T10414,Cannabis and Cannabinoid Research,159,121,-38,0.0006,0.0004,-0.01
T12606,Diptera species taxonomy and behavior,39,241,202,0.0001,0.0009,0.07
T10845,Advanced Causal Inference Techniques,91,188,97,0.0003,0.0007,0.04
T12047,Viral Infections and Vectors,201,78,-123,0.0007,0.0003,-0.05
T10439,Climate change impacts on agriculture,108,170,62,0.0004,0.0006,0.02
T11970,Molecular Biology Techniques and Applications,175,103,-72,0.0006,0.0004,-0.03
T10293,Thyroid Disorders and Treatments,128,149,21,0.0005,0.0006,0.01
T10307,Head and Neck Cancer Studies,133,144,11,0.0005,0.0005,0.0
T10428,Reproductive tract infections research,171,106,-65,0.0006,0.0004,-0.02
T10449,Renal cell carcinoma treatment,119,158,39,0.0004,0.0006,0.01
T11559,Retinoids in leukemia and cellular processes,166,111,-55,0.0006,0.0004,-0.02
T10455,Foot and Ankle Surgery,129,147,18,0.0005,0.0005,0.01
T10554,Hemoglobinopathies and Related Disorders,149,127,-22,0.0006,0.0005,-0.01
T11588,Atmospheric and Environmental Gas Dynamics,223,53,-170,0.0008,0.0002,-0.06
T10728,Pulmonary Hypertension Research and Treatments,112,163,51,0.0004,0.0006,0.02
T10814,Neuropeptides and Animal Physiology,135,140,5,0.0005,0.0005,0.0
T10309,Acute Myeloid Leukemia Research,132,142,10,0.0005,0.0005,0.0
T10500,Sparse and Compressive Sensing Techniques,147,127,-20,0.0005,0.0005,-0.01
T11152,Stochastic processes and statistical mechanics,111,163,52,0.0004,0.0006,0.02
T10189,Anesthesia and Pain Management,129,144,15,0.0005,0.0005,0.01
T10419,Pharmaceutical and Antibiotic Environmental Impacts,177,96,-81,0.0007,0.0004,-0.03
T11321,Error Correcting Code Techniques,129,144,15,0.0005,0.0005,0.01
T10393,Economic Growth and Productivity,158,114,-44,0.0006,0.0004,-0.02
T10821,Cardiovascular Function and Risk Factors,125,146,21,0.0005,0.0005,0.01
T10934,Heat shock proteins research,150,121,-29,0.0006,0.0004,-0.01
T11786,Geomagnetism and Paleomagnetism Studies,126,145,19,0.0005,0.0005,0.01
T10299,Photonic and Optical Devices,165,105,-60,0.0006,0.0004,-0.02
T11041,Ubiquitin and proteasome pathways,160,110,-50,0.0006,0.0004,-0.02
T11974,Lepidoptera: Biology and Taxonomy,87,183,96,0.0003,0.0007,0.04
T10139,Heavy metals in environment,126,143,17,0.0005,0.0005,0.01
T10265,Multilingual Education and Policy,127,142,15,0.0005,0.0005,0.01
T10566,Laser-Matter Interactions and Applications,127,142,15,0.0005,0.0005,0.01
T12063,Heat and Mass Transfer in Porous Media,79,190,111,0.0003,0.0007,0.04
T10426,Child Abuse and Trauma,140,128,-12,0.0005,0.0005,-0.0
T10685,Viral-associated cancers and disorders,123,144,21,0.0005,0.0005,0.01
T10971,Olfactory and Sensory Function Studies,185,82,-103,0.0007,0.0003,-0.04
T10985,Sleep and Wakefulness Research,138,129,-9,0.0005,0.0005,-0.0
T11650,Skin and Cellular Biology Research,127,140,13,0.0005,0.0005,0.0
T10143,Chronic Obstructive Pulmonary Disease (COPD) Research,121,145,24,0.0004,0.0005,0.01
T12095,Vehicle emissions and performance,156,110,-46,0.0006,0.0004,-0.02
T10394,Lipoproteins and Cardiovascular Health,114,151,37,0.0004,0.0006,0.01
T12321,Insect Pheromone Research and Control,74,191,117,0.0003,0.0007,0.04
T10272,Mental Health Treatment and Access,130,134,4,0.0005,0.0005,0.0
T10316,Sleep and related disorders,131,133,2,0.0005,0.0005,0.0
T10580,Immunotherapy and Immune Responses,164,100,-64,0.0006,0.0004,-0.02
T10218,Sepsis Diagnosis and Treatment,115,148,33,0.0004,0.0005,0.01
T11456,Neuroscience of respiration and sleep,171,92,-79,0.0006,0.0003,-0.03
T12834,Flowering Plant Growth and Cultivation,104,159,55,0.0004,0.0006,0.02
T10147,Antibiotic Resistance in Bacteria,103,159,56,0.0004,0.0006,0.02
T10410,COVID-19 epidemiological studies,135,127,-8,0.0005,0.0005,-0.0
T10997,Ocular Surface and Contact Lens,137,124,-13,0.0005,0.0005,-0.0
T11316,Mycobacterium research and diagnosis,162,99,-63,0.0006,0.0004,-0.02
T10319,"Conservation, Biodiversity, and Resource Management",99,161,62,0.0004,0.0006,0.02
T10792,Matrix Theory and Algorithms,115,145,30,0.0004,0.0005,0.01
T11745,Potato Plant Research,178,82,-96,0.0007,0.0003,-0.04
T11957,Food Safety and Hygiene,108,152,44,0.0004,0.0006,0.02
T10403,Phonetics and Phonology Research,114,145,31,0.0004,0.0005,0.01
T10380,Intimate Partner and Family Violence,129,129,0,0.0005,0.0005,0.0
T11027,Metabolism and Genetic Disorders,190,68,-122,0.0007,0.0003,-0.05
T10284,Anaerobic Digestion and Biogas Production,105,152,47,0.0004,0.0006,0.02
T10353,Zeolite Catalysis and Synthesis,116,141,25,0.0004,0.0005,0.01
T10373,Renal Transplantation Outcomes and Treatments,100,157,57,0.0004,0.0006,0.02
T10467,Psychometric Methodologies and Testing,57,199,142,0.0002,0.0007,0.05
T10844,Radiation Dose and Imaging,137,119,-18,0.0005,0.0004,-0.01
T11066,Organic Food and Agriculture,156,100,-56,0.0006,0.0004,-0.02
T12033,Agricultural Economics and Policy,198,58,-140,0.0007,0.0002,-0.05
T10211,Computational Drug Discovery Methods,129,126,-3,0.0005,0.0005,-0.0
T10564,Wastewater Treatment and Nitrogen Removal,149,106,-43,0.0006,0.0004,-0.02
T10885,Gene expression and cancer classification,145,110,-35,0.0005,0.0004,-0.01
T11057,Cardiac Ischemia and Reperfusion,119,136,17,0.0004,0.0005,0.01
T11899,"Brucella: diagnosis, epidemiology, treatment",127,128,1,0.0005,0.0005,0.0
T12828,Plant Genetic and Mutation Studies,111,144,33,0.0004,0.0005,0.01
T10476,Algal biology and biofuel production,178,76,-102,0.0007,0.0003,-0.04
T11986,Scientific Computing and Data Management,171,83,-88,0.0006,0.0003,-0.03
T10267,Higher Education Research Studies,109,144,35,0.0004,0.0005,0.01
T11119,Urban Stormwater Management Solutions,127,126,-1,0.0005,0.0005,-0.0
T10063,Nanoparticle-Based Drug Delivery,93,159,66,0.0003,0.0006,0.02
T11103,Antimicrobial Peptides and Activities,143,109,-34,0.0005,0.0004,-0.01
T12668,Yeasts and Rust Fungi Studies,120,132,12,0.0004,0.0005,0.0
T12904,Diverse Educational Innovations Studies,171,81,-90,0.0006,0.0003,-0.03
T10474,Material Dynamics and Properties,123,128,5,0.0005,0.0005,0.0
T10528,"Adipokines, Inflammation, and Metabolic Diseases",134,117,-17,0.0005,0.0004,-0.01
T10790,Heavy Metal Exposure and Toxicity,102,149,47,0.0004,0.0006,0.02
T11088,Marine Bivalve and Aquaculture Studies,170,81,-89,0.0006,0.0003,-0.03
T11700,Hemodynamic Monitoring and Therapy,139,112,-27,0.0005,0.0004,-0.01
T10390,Ovarian function and disorders,132,118,-14,0.0005,0.0004,-0.01
T11144,melanin and skin pigmentation,139,111,-28,0.0005,0.0004,-0.01
T11455,Microbial Inactivation Methods,81,169,88,0.0003,0.0006,0.03
T12856,Transgenic Plants and Applications,132,118,-14,0.0005,0.0004,-0.01
T10773,Extracellular vesicles in disease,126,123,-3,0.0005,0.0005,-0.0
T11074,Helminth infection and control,100,149,49,0.0004,0.0006,0.02
T10177,Palliative Care and End-of-Life Issues,105,143,38,0.0004,0.0005,0.01
T10398,Groundwater and Isotope Geochemistry,156,92,-64,0.0006,0.0003,-0.02
T11267,Abdominal Trauma and Injuries,133,115,-18,0.0005,0.0004,-0.01
T10347,Atmospheric aerosols and clouds,101,146,45,0.0004,0.0005,0.02
T10770,Soil Geostatistics and Mapping,137,110,-27,0.0005,0.0004,-0.01
T11518,Cervical and Thoracic Myelopathy,132,115,-17,0.0005,0.0004,-0.01
T13100,Comparative Animal Anatomy Studies,16,231,215,0.0001,0.0009,0.08
T10693,Blood transfusion and management,103,143,40,0.0004,0.0005,0.01
T12852,Chemical Thermodynamics and Molecular Structure,26,220,194,0.0001,0.0008,0.07
T10762,"Migration, Health and Trauma",156,88,-68,0.0006,0.0003,-0.03
T10013,Asymmetric Synthesis and Catalysis,91,152,61,0.0003,0.0006,0.02
T10183,Breast Cancer Treatment Studies,109,134,25,0.0004,0.0005,0.01
T10416,Traumatic Brain Injury Research,113,130,17,0.0004,0.0005,0.01
T10524,Traffic control and management,106,137,31,0.0004,0.0005,0.01
T11100,Intermetallics and Advanced Alloy Properties,159,84,-75,0.0006,0.0003,-0.03
T10276,Helicobacter pylori-related gastroenterology studies,128,114,-14,0.0005,0.0004,-0.01
T10323,Analog and Mixed-Signal Circuit Design,111,131,20,0.0004,0.0005,0.01
T11271,Myasthenia Gravis and Thymoma,123,119,-4,0.0005,0.0004,-0.0
T11289,Single-cell and spatial transcriptomics,127,115,-12,0.0005,0.0004,-0.0
T10146,Cervical Cancer and HPV Research,117,124,7,0.0004,0.0005,0.0
T11379,Rheology and Fluid Dynamics Studies,99,142,43,0.0004,0.0005,0.02
T11544,"Gender, Labor, and Family Dynamics",150,91,-59,0.0006,0.0003,-0.02
T10043,Substance Abuse Treatment and Outcomes,83,157,74,0.0003,0.0006,0.03
T10746,Platelet Disorders and Treatments,119,121,2,0.0004,0.0004,0.0
T11781,Wastewater Treatment and Reuse,82,158,76,0.0003,0.0006,0.03
T11818,Nicotinic Acetylcholine Receptors Study,121,119,-2,0.0004,0.0004,-0.0
T10172,Cardiac Valve Diseases and Treatments,108,131,23,0.0004,0.0005,0.01
T10277,Vitamin D Research Studies,123,116,-7,0.0005,0.0004,-0.0
T11324,Spectroscopy Techniques in Biomedical and Chemical Research,116,123,7,0.0004,0.0005,0.0
T10125,Advanced Wireless Communication Techniques,99,139,40,0.0004,0.0005,0.01
T11095,Emergency and Acute Care Studies,136,102,-34,0.0005,0.0004,-0.01
T12236,Photoreceptor and optogenetics research,146,92,-54,0.0005,0.0003,-0.02
T10477,Astrophysics and Star Formation Studies,136,101,-35,0.0005,0.0004,-0.01
T12090,Language and cultural evolution,90,147,57,0.0003,0.0005,0.02
T12756,Plant Toxicity and Pharmacological Properties,100,137,37,0.0004,0.0005,0.01
T10629,Health Policy Implementation Science,115,121,6,0.0004,0.0004,0.0
T10827,Patient-Provider Communication in Healthcare,94,142,48,0.0003,0.0005,0.02
T10955,Paleontology and Evolutionary Biology,114,122,8,0.0004,0.0005,0.0
T12264,Tissue Engineering and Regenerative Medicine,104,132,28,0.0004,0.0005,0.01
T10569,Bariatric Surgery and Outcomes,105,130,25,0.0004,0.0005,0.01
T12243,Research in Cotton Cultivation,150,85,-65,0.0006,0.0003,-0.02
T10324,Microbial bioremediation and biosurfactants,94,140,46,0.0003,0.0005,0.02
T10552,Colorectal Cancer Screening and Detection,123,111,-12,0.0005,0.0004,-0.0
T10949,Genetic Neurodegenerative Diseases,114,120,6,0.0004,0.0004,0.0
T12213,Marine Ecology and Invasive Species,122,111,-11,0.0005,0.0004,-0.0
T10943,Escherichia coli research studies,89,143,54,0.0003,0.0005,0.02
T11886,Agricultural risk and resilience,142,90,-52,0.0005,0.0003,-0.02
T11942,Transportation and Mobility Innovations,129,103,-26,0.0005,0.0004,-0.01
T12259,Environmental Justice and Health Disparities,107,125,18,0.0004,0.0005,0.01
T13984,"Nutrition, Genetics, and Disease",157,75,-82,0.0006,0.0003,-0.03
T10345,Hematopoietic Stem Cell Transplantation,81,150,69,0.0003,0.0006,0.03
T11147,Misinformation and Its Impacts,125,106,-19,0.0005,0.0004,-0.01
T12272,Cardiovascular Conditions and Treatments,203,28,-175,0.0008,0.0001,-0.06
T12305,Cassava research and cyanide,141,90,-51,0.0005,0.0003,-0.02
T11287,Cancer Genomics and Diagnostics,145,85,-60,0.0005,0.0003,-0.02
T12603,NMR spectroscopy and applications,110,120,10,0.0004,0.0004,0.0
T12827,Biochemical and Molecular Research,83,147,64,0.0003,0.0005,0.02
T10227,Acute Ischemic Stroke Management,98,131,33,0.0004,0.0005,0.01
T10435,Environmental Impact and Sustainability,93,136,43,0.0003,0.0005,0.02
T10557,Social Media and Politics,157,72,-85,0.0006,0.0003,-0.03
T11031,Game Theory and Applications,91,138,47,0.0003,0.0005,0.02
T11828,Corneal Surgery and Treatments,127,102,-25,0.0005,0.0004,-0.01
T10889,Soil erosion and sediment transport,112,116,4,0.0004,0.0004,0.0
T11337,Tryptophan and brain disorders,145,83,-62,0.0005,0.0003,-0.02
T11434,Electrochemical Analysis and Applications,155,73,-82,0.0006,0.0003,-0.03
T12732,Agriculture and Farm Safety,120,108,-12,0.0004,0.0004,-0.0
T10599,Reconstructive Surgery and Microvascular Techniques,114,113,-1,0.0004,0.0004,-0.0
T11029,Renal Diseases and Glomerulopathies,94,133,39,0.0003,0.0005,0.01
T11833,Spinal Dysraphism and Malformations,105,122,17,0.0004,0.0005,0.01
T12806,Ocean Acidification Effects and Responses,129,98,-31,0.0005,0.0004,-0.01
T10156,"LGBTQ Health, Identity, and Policy",107,119,12,0.0004,0.0004,0.0
T10187,Radio Frequency Integrated Circuit Design,115,111,-4,0.0004,0.0004,-0.0
T10553,Combustion and flame dynamics,134,92,-42,0.0005,0.0003,-0.02
T10674,School Choice and Performance,126,100,-26,0.0005,0.0004,-0.01
T10818,Astrophysics and Cosmic Phenomena,132,94,-38,0.0005,0.0003,-0.01
T12472,Plant responses to water stress,147,79,-68,0.0005,0.0003,-0.03
T10620,Protease and Inhibitor Mechanisms,79,146,67,0.0003,0.0005,0.02
T11561,Protein Hydrolysis and Bioactive Peptides,145,80,-65,0.0005,0.0003,-0.02
T10206,Meta-analysis and systematic reviews,106,118,12,0.0004,0.0004,0.0
T11171,Diabetes and associated disorders,174,50,-124,0.0006,0.0002,-0.05
T12533,Aldose Reductase and Taurine,129,94,-35,0.0005,0.0003,-0.01
T10027,"Diabetes, Cardiovascular Risks, and Lipoproteins",131,91,-40,0.0005,0.0003,-0.01
T10926,Peripheral Artery Disease Management,107,115,8,0.0004,0.0004,0.0
T12588,Electronic and Structural Properties of Oxides,139,83,-56,0.0005,0.0003,-0.02
T10560,Diabetes Management and Research,90,131,41,0.0003,0.0005,0.02
T10621,Gene Regulatory Network Analysis,105,116,11,0.0004,0.0004,0.0
T10804,"Health Systems, Economic Evaluations, Quality of Life",139,82,-57,0.0005,0.0003,-0.02
T12504,Mathematics and Applications,99,122,23,0.0004,0.0005,0.01
T10300,Congenital Heart Disease Studies,103,117,14,0.0004,0.0004,0.01
T10321,Quantum Dots Synthesis And Properties,127,93,-34,0.0005,0.0003,-0.01
T10425,Cold Atom Physics and Bose-Einstein Condensates,125,94,-31,0.0005,0.0003,-0.01
T10753,Microplastics and Plastic Pollution,120,99,-21,0.0004,0.0004,-0.01
T10784,Muscle activation and electromyography studies,141,78,-63,0.0005,0.0003,-0.02
T10925,Spinal Cord Injury Research,105,114,9,0.0004,0.0004,0.0
T12093,Greenhouse Technology and Climate Control,128,91,-37,0.0005,0.0003,-0.01
T12381,Electron Spin Resonance Studies,91,128,37,0.0003,0.0005,0.01
T10646,Experimental Behavioral Economics Studies,124,94,-30,0.0005,0.0003,-0.01
T11635,Poisoning and overdose treatments,80,138,58,0.0003,0.0005,0.02
T12436,Agronomic Practices and Intercropping Systems,141,77,-64,0.0005,0.0003,-0.02
T12917,Astronomy and Astrophysical Research,152,66,-86,0.0006,0.0002,-0.03
T10570,Drug Transport and Resistance Mechanisms,146,71,-75,0.0005,0.0003,-0.03
T10587,Autophagy in Disease and Therapy,100,117,17,0.0004,0.0004,0.01
T10673,Gestational Diabetes Research and Management,127,90,-37,0.0005,0.0003,-0.01
T10061,Algebraic Geometry and Number Theory,78,138,60,0.0003,0.0005,0.02
T11213,Genomic variations and chromosomal abnormalities,88,128,40,0.0003,0.0005,0.01
T10606,Kidney Stones and Urolithiasis Treatments,84,130,46,0.0003,0.0005,0.02
T10708,Mindfulness and Compassion Interventions,90,124,34,0.0003,0.0005,0.01
T11161,Consumer Market Behavior and Pricing,120,94,-26,0.0004,0.0003,-0.01
T10078,Advanced Photocatalysis Techniques,88,125,37,0.0003,0.0005,0.01
T12003,Bioenergy crop production and management,132,81,-51,0.0005,0.0003,-0.02
T12873,"Nutrition, Health and Food Behavior",26,187,161,0.0001,0.0007,0.06
T10059,Bone Tissue Engineering Materials,76,136,60,0.0003,0.0005,0.02
T10127,"Banking stability, regulation, efficiency",118,94,-24,0.0004,0.0003,-0.01
T10887,Bioinformatics and Genomic Networks,113,99,-14,0.0004,0.0004,-0.01
T11605,Visual Attention and Saliency Detection,97,115,18,0.0004,0.0004,0.01
T11689,Adversarial Robustness in Machine Learning,97,115,18,0.0004,0.0004,0.01
T10339,Advanced Numerical Methods in Computational Mathematics,70,141,71,0.0003,0.0005,0.03
T11359,Effects of Radiation Exposure,74,137,63,0.0003,0.0005,0.02
T12191,Chemical Reaction Mechanisms,59,152,93,0.0002,0.0006,0.03
T10913,Molecular Junctions and Nanostructures,127,83,-44,0.0005,0.0003,-0.02
T11207,Alcohol Consumption and Health Effects,92,118,26,0.0003,0.0004,0.01
T11511,Dyeing and Modifying Textile Fibers,79,131,52,0.0003,0.0005,0.02
T10056,Neurotransmitter Receptor Influence on Behavior,82,127,45,0.0003,0.0005,0.02
T10260,Software Engineering Research,103,106,3,0.0004,0.0004,0.0
T10514,Numerical methods in engineering,104,105,1,0.0004,0.0004,0.0
T10973,Radioactive element chemistry and processing,136,73,-63,0.0005,0.0003,-0.02
T10663,Advanced Battery Technologies Research,119,89,-30,0.0004,0.0003,-0.01
T10665,Cystic Fibrosis Research Advances,100,108,8,0.0004,0.0004,0.0
T11146,Hormonal and reproductive studies,142,66,-76,0.0005,0.0002,-0.03
T12618,Botany and Plant Ecology Studies,88,120,32,0.0003,0.0004,0.01
T10185,Lymphoma Diagnosis and Treatment,85,122,37,0.0003,0.0005,0.01
T10336,Cancer Cells and Metastasis,116,91,-25,0.0004,0.0003,-0.01
T10512,Orthopaedic implants and arthroplasty,131,76,-55,0.0005,0.0003,-0.02
T12506,Nuclear materials and radiation effects,126,81,-45,0.0005,0.0003,-0.02
T10072,Science Education and Pedagogy,48,158,110,0.0002,0.0006,0.04
T11577,Cognitive Abilities and Testing,106,100,-6,0.0004,0.0004,-0.0
T11949,Nuclear Physics and Applications,173,32,-141,0.0006,0.0001,-0.05
T13377,Ecosystem dynamics and resilience,122,83,-39,0.0005,0.0003,-0.01
T10279,Urinary Bladder and Prostate Research,77,127,50,0.0003,0.0005,0.02
T10365,Gastrointestinal motility and disorders,65,139,74,0.0002,0.0005,0.03
T10717,Aluminum Alloys Composites Properties,135,69,-66,0.0005,0.0003,-0.02
T11172,Dermatologic Treatments and Research,96,108,12,0.0004,0.0004,0.0
T10053,International Relations and Foreign Policy,52,151,99,0.0002,0.0006,0.04
T10350,Electronic Health Records Systems,73,130,57,0.0003,0.0005,0.02
T10518,Gallbladder and Bile Duct Disorders,95,108,13,0.0004,0.0004,0.0
T10657,Topological Materials and Phenomena,98,105,7,0.0004,0.0004,0.0
T11332,"Genomics, phytochemicals, and oxidative stress",158,45,-113,0.0006,0.0002,-0.04
T11374,Cleft Lip and Palate Research,106,97,-9,0.0004,0.0004,-0.0
T11562,Facial Trauma and Fracture Management,98,105,7,0.0004,0.0004,0.0
T12557,Inorganic Chemistry and Materials,104,99,-5,0.0004,0.0004,-0.0
T12310,Crop Yield and Soil Fertility,143,59,-84,0.0005,0.0002,-0.03
T12770,Amino Acid Enzymes and Metabolism,102,100,-2,0.0004,0.0004,-0.0
T10052,Medical Image Segmentation Techniques,44,157,113,0.0002,0.0006,0.04
T10151,Hepatitis C virus research,105,96,-9,0.0004,0.0004,-0.0
T10479,Structural Behavior of Reinforced Concrete,106,95,-11,0.0004,0.0004,-0.0
T11930,"Cardiac, Anesthesia and Surgical Outcomes",150,51,-99,0.0006,0.0002,-0.04
T13500,Probability and Statistical Research,8,193,185,0.0,0.0007,0.07
T10730,Language Development and Disorders,75,125,50,0.0003,0.0005,0.02
T10744,Astrophysical Phenomena and Observations,95,105,10,0.0004,0.0004,0.0
T10890,Trypanosoma species research and implications,103,97,-6,0.0004,0.0004,-0.0
T11841,Nuclear Structure and Function,93,107,14,0.0003,0.0004,0.01
T12417,Morphological variations and asymmetry,77,123,46,0.0003,0.0005,0.02
T12701,Biological Control of Invasive Species,102,98,-4,0.0004,0.0004,-0.0
T10028,Topic Modeling,122,77,-45,0.0005,0.0003,-0.02
T10760,Pancreatitis Pathology and Treatment,99,100,1,0.0004,0.0004,0.0
T11094,Face Recognition and Perception,99,100,1,0.0004,0.0004,0.0
T11244,Climate Change and Health Impacts,136,63,-73,0.0005,0.0002,-0.03
T11415,Noncommutative and Quantum Gravity Theories,80,118,38,0.0003,0.0004,0.01
T10376,Suicide and Self-Harm Studies,89,108,19,0.0003,0.0004,0.01
T10632,Housing Market and Economics,112,85,-27,0.0004,0.0003,-0.01
T11597,"Neutrophil, Myeloperoxidase and Oxidative Mechanisms",89,108,19,0.0003,0.0004,0.01
T12967,Molecular Spectroscopy and Structure,63,134,71,0.0002,0.0005,0.03
T10311,Advancements in Solid Oxide Fuel Cells,84,112,28,0.0003,0.0004,0.01
T10404,Enzyme Catalysis and Immobilization,83,113,30,0.0003,0.0004,0.01
T10862,AI in cancer detection,97,99,2,0.0004,0.0004,0.0
T10019,Corporate Finance and Governance,108,87,-21,0.0004,0.0003,-0.01
T11937,Research Data Management Practices,65,130,65,0.0002,0.0005,0.02
T10937,"Telomeres, Telomerase, and Senescence",95,99,4,0.0004,0.0004,0.0
T10408,Chronic Kidney Disease and Diabetes,69,124,55,0.0003,0.0005,0.02
T10795,Healthcare professionals’ stress and burnout,89,104,15,0.0003,0.0004,0.01
T11280,Hemophilia Treatment and Research,94,99,5,0.0003,0.0004,0.0
T14288,"Law, Rights, and Freedoms",94,99,5,0.0003,0.0004,0.0
T10081,"Auditing, Earnings Management, Governance",98,94,-4,0.0004,0.0003,-0.0
T12319,Fish Biology and Ecology Studies,44,148,104,0.0002,0.0005,0.04
T10720,Complexity and Algorithms in Graphs,38,153,115,0.0001,0.0006,0.04
T12022,Hydraulic flow and structures,70,121,51,0.0003,0.0004,0.02
T12792,Soil Management and Crop Yield,34,157,123,0.0001,0.0006,0.05
T12859,Cell Image Analysis Techniques,113,78,-35,0.0004,0.0003,-0.01
T10034,"Syntax, Semantics, Linguistic Variation",55,135,80,0.0002,0.0005,0.03
T10392,Cutaneous Melanoma Detection and Management,94,96,2,0.0003,0.0004,0.0
T12274,Electrostatics and Colloid Interactions,78,112,34,0.0003,0.0004,0.01
T10726,Career Development and Diversity,58,131,73,0.0002,0.0005,0.03
T10968,Statistical Distribution Estimation and Applications,75,114,39,0.0003,0.0004,0.01
T11190,3D Printing in Biomedical Research,142,47,-95,0.0005,0.0002,-0.04
T11770,Fiscal Policy and Economic Growth,175,14,-161,0.0006,0.0001,-0.06
T11982,Rhetoric and Communication Studies,67,122,55,0.0002,0.0005,0.02
T10137,Multiple Sclerosis Research Studies,70,118,48,0.0003,0.0004,0.02
T10692,Urban Green Space and Health,124,64,-60,0.0005,0.0002,-0.02
T10876,Fault Detection and Control Systems,119,69,-50,0.0004,0.0003,-0.02
T10940,Navier-Stokes equation solutions,77,110,33,0.0003,0.0004,0.01
T12317,Actinomycetales infections and treatment,100,87,-13,0.0004,0.0003,-0.0
T10099,GaN-based semiconductor devices and materials,94,92,-2,0.0003,0.0003,-0.0
T10200,Rheumatoid Arthritis Research and Therapies,56,130,74,0.0002,0.0005,0.03
T10641,Central Venous Catheters and Hemodialysis,96,90,-6,0.0004,0.0003,-0.0
T11633,Prenatal Substance Exposure Effects,86,100,14,0.0003,0.0004,0.01
T11948,Machine Learning in Materials Science,112,74,-38,0.0004,0.0003,-0.01
T12242,Latin American and Latino Studies,100,86,-14,0.0004,0.0003,-0.01
T10021,EFL/ESL Teaching and Learning,82,103,21,0.0003,0.0004,0.01
T10085,Parkinson's Disease Mechanisms and Treatments,71,114,43,0.0003,0.0004,0.02
T10488,Nanocomposite Films for Food Packaging,99,86,-13,0.0004,0.0003,-0.0
T10826,Behavioral and Psychological Studies,109,76,-33,0.0004,0.0003,-0.01
T10897,Antibiotic Use and Resistance,66,119,53,0.0002,0.0004,0.02
T11228,Bat Biology and Ecology Studies,132,53,-79,0.0005,0.0002,-0.03
T11335,Prion Diseases and Protein Misfolding,95,90,-5,0.0004,0.0003,-0.0
T12233,Geotechnical Engineering and Underground Structures,105,80,-25,0.0004,0.0003,-0.01
T10216,"Migration, Refugees, and Integration",56,128,72,0.0002,0.0005,0.03
T10684,Acute Kidney Injury Research,71,113,42,0.0003,0.0004,0.02
T11924,Polyamine Metabolism and Applications,140,44,-96,0.0005,0.0002,-0.04
T12161,Plant Surface Properties and Treatments,144,40,-104,0.0005,0.0001,-0.04
T12640,Environmental DNA in Biodiversity Studies,110,74,-36,0.0004,0.0003,-0.01
T10571,Robotic Mechanisms and Dynamics,87,96,9,0.0003,0.0004,0.0
T11184,Neonatal and fetal brain pathology,98,85,-13,0.0004,0.0003,-0.0
T11186,Hydrology and Drought Analysis,73,110,37,0.0003,0.0004,0.01
T11590,Primary Care and Health Outcomes,118,65,-53,0.0004,0.0002,-0.02
T10996,Computational Geometry and Mesh Generation,95,87,-8,0.0004,0.0003,-0.0
T11480,Connexins and lens biology,112,70,-42,0.0004,0.0003,-0.02
T12281,Animal testing and alternatives,87,95,8,0.0003,0.0004,0.0
T10791,Advanced Control Systems Optimization,112,69,-43,0.0004,0.0003,-0.02
T11376,Geriatric Care and Nursing Homes,98,83,-15,0.0004,0.0003,-0.01
T10464,Crystal structures of chemical compounds,27,153,126,0.0001,0.0006,0.05
T11243,Respiratory viral infections research,108,72,-36,0.0004,0.0003,-0.01
T11393,Biosensors and Analytical Detection,80,100,20,0.0003,0.0004,0.01
T12867,Advanced Biosensing Techniques and Applications,83,97,14,0.0003,0.0004,0.01
T10631,"Cancer, Hypoxia, and Metabolism",127,52,-75,0.0005,0.0002,-0.03
T10978,Prenatal Screening and Diagnostics,111,68,-43,0.0004,0.0003,-0.02
T11175,Gyrotron and Vacuum Electronics Research,84,95,11,0.0003,0.0004,0.0
T12057,Consumer Attitudes and Food Labeling,100,79,-21,0.0004,0.0003,-0.01
T13015,"Botany, Ecology, and Taxonomy Studies",171,8,-163,0.0006,0.0,-0.06
T14127,Food and Agricultural Sciences,5,174,169,0.0,0.0006,0.06
T10397,Nutrition and Health in Aging,108,70,-38,0.0004,0.0003,-0.01
T10678,Inflammatory mediators and NSAID effects,107,71,-36,0.0004,0.0003,-0.01
T11412,Genetic and Kidney Cyst Diseases,83,95,12,0.0003,0.0004,0.0
T11430,Disaster Response and Management,86,92,6,0.0003,0.0003,0.0
T11884,Redox biology and oxidative stress,45,133,88,0.0002,0.0005,0.03
T11738,Ultrasound in Clinical Applications,74,103,29,0.0003,0.0004,0.01
T12116,Dermatological diseases and infestations,87,90,3,0.0003,0.0003,0.0
T12202,nanoparticles nucleation surface interactions,121,56,-65,0.0004,0.0002,-0.02
T10041,COVID-19 Clinical Research Studies,75,101,26,0.0003,0.0004,0.01
T10073,Hepatocellular Carcinoma Treatment and Prognosis,80,96,16,0.0003,0.0004,0.01
T10682,Quantum Computing Algorithms and Architecture,89,87,-2,0.0003,0.0003,-0.0
T10930,Flood Risk Assessment and Management,84,92,8,0.0003,0.0003,0.0
T12447,Spider Taxonomy and Behavior Studies,59,117,58,0.0002,0.0004,0.02
T11043,Merger and Competition Analysis,59,116,57,0.0002,0.0004,0.02
T11766,Iron-based superconductors research,117,58,-59,0.0004,0.0002,-0.02
T12201,Agricultural Engineering and Mechanization,17,158,141,0.0001,0.0006,0.05
T10084,Musculoskeletal pain and rehabilitation,117,57,-60,0.0004,0.0002,-0.02
T10229,Geometric Analysis and Curvature Flows,68,106,38,0.0003,0.0004,0.01
T10610,Advanced Cellulose Research Studies,96,78,-18,0.0004,0.0003,-0.01
T11218,Hip disorders and treatments,92,82,-10,0.0003,0.0003,-0.0
T11730,Autoimmune Bullous Skin Diseases,102,72,-30,0.0004,0.0003,-0.01
T12167,Bacterial Identification and Susceptibility Testing,77,97,20,0.0003,0.0004,0.01
T13075,Legal Systems and Judicial Processes,172,2,-170,0.0006,0.0,-0.06
T13791,Veterinary medicine and infectious diseases,105,69,-36,0.0004,0.0003,-0.01
T10134,Inflammatory Bowel Disease,53,120,67,0.0002,0.0004,0.02
T10231,Pancreatic and Hepatic Oncology Research,87,86,-1,0.0003,0.0003,-0.0
T10294,Cell death mechanisms and regulation,56,117,61,0.0002,0.0004,0.02
T10475,Psychological Well-being and Life Satisfaction,97,75,-22,0.0004,0.0003,-0.01
T10588,Mathematical Dynamics and Fractals,62,110,48,0.0002,0.0004,0.02
T11131,Proteoglycans and glycosaminoglycans research,100,72,-28,0.0004,0.0003,-0.01
T11651,Inhalation and Respiratory Drug Delivery,123,49,-74,0.0005,0.0002,-0.03
T10574,Crime Patterns and Interventions,75,96,21,0.0003,0.0004,0.01
T10952,PI3K/AKT/mTOR signaling in cancer,91,80,-11,0.0003,0.0003,-0.0
T10263,Eating Disorders and Behaviors,87,83,-4,0.0003,0.0003,-0.0
T10343,"Hydrogels: synthesis, properties, applications",38,132,94,0.0001,0.0005,0.03
T10612,Magnetism in coordination complexes,108,62,-46,0.0004,0.0002,-0.02
T10668,Endometrial and Cervical Cancer Treatments,77,93,16,0.0003,0.0003,0.01
T11446,Mobile Health and mHealth Applications,75,95,20,0.0003,0.0004,0.01
T12294,Agricultural Science and Fertilization,16,154,138,0.0001,0.0006,0.05
T10180,Analytical chemistry methods development,64,105,41,0.0002,0.0004,0.02
T10816,Cerebrovascular and Carotid Artery Diseases,111,58,-53,0.0004,0.0002,-0.02
T11219,Bone Metabolism and Diseases,52,117,65,0.0002,0.0004,0.02
T11553,Acne and Rosacea Treatments and Effects,91,78,-13,0.0003,0.0003,-0.0
T12467,Rangeland Management and Livestock Ecology,116,53,-63,0.0004,0.0002,-0.02
T12536,Topological and Geometric Data Analysis,100,69,-31,0.0004,0.0003,-0.01
T12610,RNA regulation and disease,116,53,-63,0.0004,0.0002,-0.02
T10669,Freshwater macroinvertebrate diversity and ecology,81,87,6,0.0003,0.0003,0.0
T10963,Advanced Optimization Algorithms Research,54,114,60,0.0002,0.0004,0.02
T11260,Tracheal and airway disorders,104,64,-40,0.0004,0.0002,-0.01
T11754,SARS-CoV-2 detection and testing,89,79,-10,0.0003,0.0003,-0.0
T11826,Ocular Infections and Treatments,71,97,26,0.0003,0.0004,0.01
T10381,Ophthalmology and Visual Impairment Studies,96,71,-25,0.0004,0.0003,-0.01
T10459,Sexual function and dysfunction studies,86,81,-5,0.0003,0.0003,-0.0
T10916,Surgical Simulation and Training,91,76,-15,0.0003,0.0003,-0.01
T10148,Advanced MIMO Systems Optimization,87,79,-8,0.0003,0.0003,-0.0
T10337,Liver Disease and Transplantation,101,65,-36,0.0004,0.0002,-0.01
T11821,Odor and Emission Control Technologies,102,64,-38,0.0004,0.0002,-0.01
T11869,Per- and polyfluoroalkyl substances research,88,78,-10,0.0003,0.0003,-0.0
T11928,Genetic Syndromes and Imprinting,88,78,-10,0.0003,0.0003,-0.0
T12023,Cholinesterase and Neurodegenerative Diseases,115,51,-64,0.0004,0.0002,-0.02
T12142,Marine Invertebrate Physiology and Ecology,81,85,4,0.0003,0.0003,0.0
T10252,Microbial Natural Products and Biosynthesis,66,99,33,0.0002,0.0004,0.01
T10622,Quantum Mechanics and Applications,88,77,-11,0.0003,0.0003,-0.0
T10982,Motor Control and Adaptation,55,110,55,0.0002,0.0004,0.02
T11085,Fungal Biology and Applications,104,61,-43,0.0004,0.0002,-0.02
T11153,Streptococcal Infections and Treatments,108,57,-51,0.0004,0.0002,-0.02
T11677,Congenital heart defects research,136,29,-107,0.0005,0.0001,-0.04
T12048,Microencapsulation and Drying Processes,84,81,-3,0.0003,0.0003,-0.0
T12194,Cultural Competency in Health Care,65,100,35,0.0002,0.0004,0.01
T12526,Antimicrobial agents and applications,79,86,7,0.0003,0.0003,0.0
T10320,Neural Networks and Applications,125,39,-86,0.0005,0.0001,-0.03
T10858,Clinical Nutrition and Gastroenterology,81,83,2,0.0003,0.0003,0.0
T11441,Organoboron and organosilicon chemistry,70,94,24,0.0003,0.0003,0.01
T12068,Neonatal Health and Biochemistry,95,69,-26,0.0004,0.0003,-0.01
T10045,Organic Electronics and Photovoltaics,76,87,11,0.0003,0.0003,0.0
T12968,Research on scale insects,76,87,11,0.0003,0.0003,0.0
T10096,Metal-Organic Frameworks: Synthesis and Applications,93,69,-24,0.0003,0.0003,-0.01
T10262,Microwave Engineering and Waveguides,76,86,10,0.0003,0.0003,0.0
T10628,China's Socioeconomic Reforms and Governance,76,86,10,0.0003,0.0003,0.0
T11236,Control Systems and Identification,70,92,22,0.0003,0.0003,0.01
T11322,Facial Rejuvenation and Surgery Techniques,80,82,2,0.0003,0.0003,0.0
T11852,Clay minerals and soil interactions,125,37,-88,0.0005,0.0001,-0.03
T11877,Iron oxide chemistry and applications,117,45,-72,0.0004,0.0002,-0.03
T10318,Criminal Justice and Corrections Analysis,66,95,29,0.0002,0.0004,0.01
T11210,Mathematical Analysis and Transform Methods,48,113,65,0.0002,0.0004,0.02
T11270,Complex Systems and Time Series Analysis,132,29,-103,0.0005,0.0001,-0.04
T11567,semigroups and automata theory,77,84,7,0.0003,0.0003,0.0
T11815,Urological Disorders and Treatments,103,58,-45,0.0004,0.0002,-0.02
T11026,Occupational and environmental lung diseases,77,83,6,0.0003,0.0003,0.0
T11169,Silicon Nanostructures and Photoluminescence,90,70,-20,0.0003,0.0003,-0.01
T11377,Retinal and Macular Surgery,88,72,-16,0.0003,0.0003,-0.01
T12232,"Yersinia bacterium, plague, ectoparasites research",97,63,-34,0.0004,0.0002,-0.01
T12465,"Cancer, Lipids, and Metabolism",98,62,-36,0.0004,0.0002,-0.01
T10079,Nanoparticles: synthesis and applications,82,77,-5,0.0003,0.0003,-0.0
T10338,Advanced Sensor and Energy Harvesting Materials,98,61,-37,0.0004,0.0002,-0.01
T10830,Airway Management and Intubation Techniques,80,79,-1,0.0003,0.0003,-0.0
T10991,Game Theory and Voting Systems,52,107,55,0.0002,0.0004,0.02
T11645,"Urban, Neighborhood, and Segregation Studies",106,53,-53,0.0004,0.0002,-0.02
T10472,Semiconductor materials and devices,114,44,-70,0.0004,0.0002,-0.03
T10550,Ovarian cancer diagnosis and treatment,75,83,8,0.0003,0.0003,0.0
T11274,Botulinum Toxin and Related Neurological Disorders,86,72,-14,0.0003,0.0003,-0.01
T11333,Climate change and permafrost,91,67,-24,0.0003,0.0002,-0.01
T12061,Axon Guidance and Neuronal Signaling,77,81,4,0.0003,0.0003,0.0
T12837,American Environmental and Regional History,98,60,-38,0.0004,0.0002,-0.01
T13214,Powdery Mildew Fungal Diseases,73,85,12,0.0003,0.0003,0.0
T10833,Vaccine Coverage and Hesitancy,78,79,1,0.0003,0.0003,0.0
T10957,Photodynamic Therapy Research Studies,79,78,-1,0.0003,0.0003,-0.0
T11002,Indoor Air Quality and Microbial Exposure,75,82,7,0.0003,0.0003,0.0
T11318,Phytoestrogen effects and research,95,62,-33,0.0004,0.0002,-0.01
T11391,Theatre and Performance Studies,58,99,41,0.0002,0.0004,0.02
T11632,Family and Disability Support Research,124,33,-91,0.0005,0.0001,-0.03
T11725,Immunodeficiency and Autoimmune Disorders,89,68,-21,0.0003,0.0003,-0.01
T12103,Cancer Risks and Factors,89,68,-21,0.0003,0.0003,-0.01
T12789,Planarian Biology and Electrostimulation,142,15,-127,0.0005,0.0001,-0.05
T10585,Family Dynamics and Relationships,58,98,40,0.0002,0.0004,0.01
T10786,Maternal Mental Health During Pregnancy and Postpartum,93,63,-30,0.0003,0.0002,-0.01
T11286,Polyoxometalates: Synthesis and Applications,70,86,16,0.0003,0.0003,0.01
T11830,Point processes and geometric inequalities,76,80,4,0.0003,0.0003,0.0
T12286,Erythrocyte Function and Pathophysiology,121,35,-86,0.0004,0.0001,-0.03
T12765,"Race, History, and American Society",94,62,-32,0.0003,0.0002,-0.01
T13350,Myxozoan Parasites in Aquatic Species,81,75,-6,0.0003,0.0003,-0.0
T13967,"Conservation, Ecology, Wildlife Education",27,129,102,0.0001,0.0005,0.04
T10208,Labor market dynamics and wage inequality,48,107,59,0.0002,0.0004,0.02
T10446,"Income, Poverty, and Inequality",69,86,17,0.0003,0.0003,0.01
T11264,Coffee research and impacts,83,72,-11,0.0003,0.0003,-0.0
T11951,Trauma Management and Diagnosis,83,72,-11,0.0003,0.0003,-0.0
T12399,Wine Industry and Tourism,96,59,-37,0.0004,0.0002,-0.01
T10070,Political Conflict and Governance,68,86,18,0.0003,0.0003,0.01
T10119,Sustainability and Climate Change Governance,56,98,42,0.0002,0.0004,0.02
T10280,Shoulder Injury and Treatment,92,62,-30,0.0003,0.0002,-0.01
T10785,Economic Theory and Institutions,79,75,-4,0.0003,0.0003,-0.0
T11013,Skin Protection and Aging,88,66,-22,0.0003,0.0002,-0.01
T11235,Statistical Methods in Clinical Trials,67,87,20,0.0002,0.0003,0.01
T12104,Protein Tyrosine Phosphatases,81,73,-8,0.0003,0.0003,-0.0
T12229,Pharmacological Effects and Toxicity Studies,71,83,12,0.0003,0.0003,0.0
T10729,Electrospun Nanofibers in Biomedical Applications,104,49,-55,0.0004,0.0002,-0.02
T13199,Digestive system and related health,111,42,-69,0.0004,0.0002,-0.03
T13516,Publishing and Scholarly Communication,3,150,147,0.0,0.0006,0.05
T13591,Pasture and Agricultural Systems,18,135,117,0.0001,0.0005,0.04
T10954,Peripheral Nerve Disorders,65,87,22,0.0002,0.0003,0.01
T11068,Tendon Structure and Treatment,81,71,-10,0.0003,0.0003,-0.0
T11482,RNA modifications and cancer,137,15,-122,0.0005,0.0001,-0.05
T10721,Surfactants and Colloidal Systems,62,89,27,0.0002,0.0003,0.01
T11306,Nonmelanoma Skin Cancer Studies,75,76,1,0.0003,0.0003,0.0
T12421,Adrenal Hormones and Disorders,57,94,37,0.0002,0.0003,0.01
T12514,Fashion and Cultural Textiles,76,75,-1,0.0003,0.0003,-0.0
T10453,Maternal and Perinatal Health Interventions,66,84,18,0.0002,0.0003,0.01
T10772,Distributed systems and fault tolerance,85,65,-20,0.0003,0.0002,-0.01
T12644,Wildlife-Road Interactions and Conservation,78,72,-6,0.0003,0.0003,-0.0
T14475,History of Science and Medicine,44,106,62,0.0002,0.0004,0.02
T10340,Hepatitis B Virus Studies,84,65,-19,0.0003,0.0002,-0.01
T11010,"Logic, Reasoning, and Knowledge",76,73,-3,0.0003,0.0003,-0.0
T11156,Reproductive Health and Technologies,98,51,-47,0.0004,0.0002,-0.02
T11199,Pain Management and Opioid Use,66,83,17,0.0002,0.0003,0.01
T13177,Geological and Geophysical Studies,26,123,97,0.0001,0.0005,0.04
T13531,Surface and Thin Film Phenomena,50,99,49,0.0002,0.0004,0.02
T10516,Parathyroid Disorders and Treatments,91,57,-34,0.0003,0.0002,-0.01
T10764,Privacy-Preserving Technologies in Data,64,84,20,0.0002,0.0003,0.01
T10893,Chinese history and philosophy,86,62,-24,0.0003,0.0002,-0.01
T11129,Photochemistry and Electron Transfer Studies,57,91,34,0.0002,0.0003,0.01
T11339,"Metabolism, Diabetes, and Cancer",75,73,-2,0.0003,0.0003,-0.0
T11406,Cerebrospinal fluid and hydrocephalus,96,52,-44,0.0004,0.0002,-0.02
T12621,Hemispheric Asymmetry in Neuroscience,61,87,26,0.0002,0.0003,0.01
T10168,COVID-19 and Mental Health,72,75,3,0.0003,0.0003,0.0
T10929,Wnt/β-catenin signaling in development and cancer,94,53,-41,0.0003,0.0002,-0.02
T11611,Cyclopropane Reaction Mechanisms,77,70,-7,0.0003,0.0003,-0.0
T10352,Physical Activity and Health,42,104,62,0.0002,0.0004,0.02
T10593,Bacterial biofilms and quorum sensing,77,69,-8,0.0003,0.0003,-0.0
T10920,Advanced Drug Delivery Systems,15,131,116,0.0001,0.0005,0.04
T11601,Neuroscience and Neural Engineering,100,46,-54,0.0004,0.0002,-0.02
T11780,Rabies epidemiology and control,105,41,-64,0.0004,0.0002,-0.02
T11879,Protist diversity and phylogeny,84,62,-22,0.0003,0.0002,-0.01
T10800,Forensic Toxicology and Drug Analysis,60,85,25,0.0002,0.0003,0.01
T10923,Force Microscopy Techniques and Applications,92,53,-39,0.0003,0.0002,-0.01
T12430,Academic and Historical Perspectives in Psychology,83,62,-21,0.0003,0.0002,-0.01
T10418,Pelvic floor disorders treatments,87,57,-30,0.0003,0.0002,-0.01
T10710,Arsenic contamination and mitigation,72,72,0,0.0003,0.0003,0.0
T10755,HER2/EGFR in Cancer Research,63,81,18,0.0002,0.0003,0.01
T10966,Liver physiology and pathology,66,78,12,0.0002,0.0003,0.0
T11130,Coding theory and cryptography,57,87,30,0.0002,0.0003,0.01
T12388,Identification and Quantification in Food,104,40,-64,0.0004,0.0001,-0.02
T12742,Sunflower and Safflower Cultivation,76,68,-8,0.0003,0.0003,-0.0
T13495,Biographical and Historical Analysis,3,141,138,0.0,0.0005,0.05
T10369,Advanced MEMS and NEMS Technologies,57,86,29,0.0002,0.0003,0.01
T10396,Fatigue and fracture mechanics,52,91,39,0.0002,0.0003,0.01
T11277,Thermal properties of materials,65,78,13,0.0002,0.0003,0.0
T11312,Soil Moisture and Remote Sensing,89,54,-35,0.0003,0.0002,-0.01
T12822,Turfgrass Adaptation and Management,96,47,-49,0.0004,0.0002,-0.02
T10195,Antimicrobial Resistance in Staphylococcus,69,73,4,0.0003,0.0003,0.0
T10225,Essential Oils and Antimicrobial Activity,68,74,6,0.0003,0.0003,0.0
T10863,Voice and Speech Disorders,78,64,-14,0.0003,0.0002,-0.01
T11060,Infant Development and Preterm Care,85,57,-28,0.0003,0.0002,-0.01
T11189,Transplantation: Methods and Outcomes,58,84,26,0.0002,0.0003,0.01
T11618,Cholesterol and Lipid Metabolism,52,90,38,0.0002,0.0003,0.01
T12157,Geochemistry and Geologic Mapping,142,0,-142,0.0005,0.0,-0.05
T12441,Porphyrin Metabolism and Disorders,81,61,-20,0.0003,0.0002,-0.01
T13338,Pharmacological Effects and Assays,81,61,-20,0.0003,0.0002,-0.01
T10188,Advanced machining processes and optimization,61,80,19,0.0002,0.0003,0.01
T10515,Cancer-related molecular mechanisms research,107,34,-73,0.0004,0.0001,-0.03
T10919,Neurological disorders and treatments,88,53,-35,0.0003,0.0002,-0.01
T11519,Digital Mental Health Interventions,98,43,-55,0.0004,0.0002,-0.02
T11848,Heme Oxygenase-1 and Carbon Monoxide,109,32,-77,0.0004,0.0001,-0.03
T12494,Alcoholism and Thiamine Deficiency,80,61,-19,0.0003,0.0002,-0.01
T12688,Microbial metabolism and enzyme function,74,67,-7,0.0003,0.0002,-0.0
T10769,BRCA gene mutations in cancer,91,49,-42,0.0003,0.0002,-0.02
T10130,Mathematics Education and Teaching Techniques,44,95,51,0.0002,0.0004,0.02
T10234,Obstructive Sleep Apnea Research,76,63,-13,0.0003,0.0002,-0.0
T11183,Advanced X-ray Imaging Techniques,79,60,-19,0.0003,0.0002,-0.01
T11464,Homelessness and Social Issues,82,57,-25,0.0003,0.0002,-0.01
T11490,Hydrological Forecasting Using AI,60,79,19,0.0002,0.0003,0.01
T10033,Concrete and Cement Materials Research,64,74,10,0.0002,0.0003,0.0
T10412,Microfluidic and Capillary Electrophoresis Applications,60,78,18,0.0002,0.0003,0.01
T11033,Contact Dermatitis and Allergies,58,80,22,0.0002,0.0003,0.01
T11421,Labor Movements and Unions,68,70,2,0.0003,0.0003,0.0
T11767,Poxvirus research and outbreaks,57,81,24,0.0002,0.0003,0.01
T12349,Food Chemistry and Fat Analysis,63,75,12,0.0002,0.0003,0.0
T10088,Thermochemical Biomass Conversion Processes,57,80,23,0.0002,0.0003,0.01
T10483,Nerve injury and regeneration,76,61,-15,0.0003,0.0002,-0.01
T11015,Down syndrome and intellectual disability research,53,84,31,0.0002,0.0003,0.01
T11187,Nonlinear Dynamics and Pattern Formation,86,51,-35,0.0003,0.0002,-0.01
T11403,Invertebrate Immune Response Mechanisms,73,64,-9,0.0003,0.0002,-0.0
T11437,Digital Platforms and Economics,72,65,-7,0.0003,0.0002,-0.0
T11491,CAR-T cell therapy research,87,50,-37,0.0003,0.0002,-0.01
T12214,Media Influence and Health,69,68,-1,0.0003,0.0003,-0.0
T12724,Water-Energy-Food Nexus Studies,94,43,-51,0.0003,0.0002,-0.02
T12870,Seedling growth and survival studies,70,67,-3,0.0003,0.0002,-0.0
T10565,"Psychopathy, Forensic Psychiatry, Sexual Offending",63,73,10,0.0002,0.0003,0.0
T10950,Acute Lymphoblastic Leukemia research,76,60,-16,0.0003,0.0002,-0.01
T11353,Venomous Animal Envenomation and Studies,67,69,2,0.0002,0.0003,0.0
T11438,Retinal Imaging and Analysis,77,59,-18,0.0003,0.0002,-0.01
T12223,Leptospirosis research and findings,77,59,-18,0.0003,0.0002,-0.01
T10401,Diabetes Treatment and Management,86,49,-37,0.0003,0.0002,-0.01
T10409,Fuel Cells and Related Materials,78,57,-21,0.0003,0.0002,-0.01
T10598,Cardiac pacing and defibrillation studies,73,62,-11,0.0003,0.0002,-0.0
T10718,Political Philosophy and Ethics,70,65,-5,0.0003,0.0002,-0.0
T11721,Blood properties and coagulation,83,52,-31,0.0003,0.0002,-0.01
T12044,Advanced Physical and Chemical Molecular Interactions,27,108,81,0.0001,0.0004,0.03
T13937,"Genetics, Bioinformatics, and Biomedical Research",111,24,-87,0.0004,0.0001,-0.03
T10030,Electrocatalysts for Energy Conversion,72,62,-10,0.0003,0.0002,-0.0
T10232,Optical Network Technologies,100,34,-66,0.0004,0.0001,-0.02
T10975,Bone Tumor Diagnosis and Treatments,71,63,-8,0.0003,0.0002,-0.0
T10983,Aortic aneurysm repair treatments,68,66,-2,0.0003,0.0002,-0.0
T11164,Remote Sensing and LiDAR Applications,74,60,-14,0.0003,0.0002,-0.01
T11167,Hair Growth and Disorders,62,72,10,0.0002,0.0003,0.0
T11242,Nuclear Materials and Properties,73,61,-12,0.0003,0.0002,-0.0
T11894,Radiology practices and education,66,68,2,0.0002,0.0003,0.0
T12602,Medical Education and Admissions,43,91,48,0.0002,0.0003,0.02
T12795,Banana Cultivation and Research,114,20,-94,0.0004,0.0001,-0.03
T10178,Cancer survivorship and care,66,67,1,0.0002,0.0002,0.0
T11308,Sphingolipid Metabolism and Signaling,75,58,-17,0.0003,0.0002,-0.01
T12174,Hospital Admissions and Outcomes,64,69,5,0.0002,0.0003,0.0
T12412,Enzyme function and inhibition,113,20,-93,0.0004,0.0001,-0.03
T13883,Child and Adolescent Health,92,41,-51,0.0003,0.0002,-0.02
T10157,Sports Performance and Training,83,49,-34,0.0003,0.0002,-0.01
T10193,Coronary Interventions and Diagnostics,67,65,-2,0.0002,0.0002,-0.0
T10802,Judicial and Constitutional Studies,57,75,18,0.0002,0.0003,0.01
T11022,Spectral Theory in Mathematical Physics,53,79,26,0.0002,0.0003,0.01
T11217,Cardiac Arrhythmias and Treatments,82,50,-32,0.0003,0.0002,-0.01
T11454,Cultural Differences and Values,89,43,-46,0.0003,0.0002,-0.02
T11740,Geochemistry and Elemental Analysis,42,90,48,0.0002,0.0003,0.02
T12032,Multisensory perception and integration,69,63,-6,0.0003,0.0002,-0.0
T12099,Advanced materials and composites,99,33,-66,0.0004,0.0001,-0.02
T12211,Aluminum toxicity and tolerance in plants and animals,74,58,-16,0.0003,0.0002,-0.01
T12383,Aeolian processes and effects,79,53,-26,0.0003,0.0002,-0.01
T12499,"Diphtheria, Corynebacterium, and Tetanus",79,53,-26,0.0003,0.0002,-0.01
T12840,Renal function and acid-base balance,100,32,-68,0.0004,0.0001,-0.03
T10248,Nonlinear Waves and Solitons,72,59,-13,0.0003,0.0002,-0.0
T10644,Cryospheric studies and observations,75,56,-19,0.0003,0.0002,-0.01
T10883,Ethics and Social Impacts of AI,44,87,43,0.0002,0.0003,0.02
T11668,interferon and immune responses,62,69,7,0.0002,0.0003,0.0
T12754,Plant Growth and Agriculture Techniques,1,130,129,0.0,0.0005,0.05
T13127,Biotin and Related Studies,99,32,-67,0.0004,0.0001,-0.02
T12180,Polar Research and Ecology,55,75,20,0.0002,0.0003,0.01
T14393,"Health, Environment, Cognitive Aging",103,27,-76,0.0004,0.0001,-0.03
T10102,scientometrics and bibliometrics research,45,84,39,0.0002,0.0003,0.01
T10165,Classical Antiquity Studies,58,71,13,0.0002,0.0003,0.0
T10495,Catalysts for Methane Reforming,57,72,15,0.0002,0.0003,0.01
T10965,Geological formations and processes,49,80,31,0.0002,0.0003,0.01
T11660,Blood groups and transfusion,78,51,-27,0.0003,0.0002,-0.01
T12196,Community Health and Development,49,80,31,0.0002,0.0003,0.01
T12755,Legal Education and Practice Innovations,66,63,-3,0.0002,0.0002,-0.0
T13648,Cerebrovascular and genetic disorders,13,116,103,0.0,0.0004,0.04
T10018,Advancements in Battery Materials,72,56,-16,0.0003,0.0002,-0.01
T10509,"Religion, Spirituality, and Psychology",69,59,-10,0.0003,0.0002,-0.0
T10545,Optimization and Variational Analysis,45,83,38,0.0002,0.0003,0.01
T11011,Frailty in Older Adults,67,61,-6,0.0002,0.0002,-0.0
T11493,Water Treatment and Disinfection,65,63,-2,0.0002,0.0002,-0.0
T12422,Radiomics and Machine Learning in Medical Imaging,85,43,-42,0.0003,0.0002,-0.02
T12568,Plant Taxonomy and Phylogenetics,93,35,-58,0.0003,0.0001,-0.02
T12648,Academic Writing and Publishing,45,83,38,0.0002,0.0003,0.01
T12991,Phytase and its Applications,84,44,-40,0.0003,0.0002,-0.01
T13294,Livestock and Poultry Management,86,42,-44,0.0003,0.0002,-0.02
T14072,Immunotoxicology and immune responses,30,98,68,0.0001,0.0004,0.03
T10422,Angiogenesis and VEGF in Cancer,66,61,-5,0.0002,0.0002,-0.0
T10856,Intellectual Property and Patents,54,73,19,0.0002,0.0003,0.01
T10945,Lysosomal Storage Disorders Research,61,66,5,0.0002,0.0002,0.0
T11072,Peroxisome Proliferator-Activated Receptors,86,41,-45,0.0003,0.0002,-0.02
T11279,Lanthanide and Transition Metal Complexes,78,49,-29,0.0003,0.0002,-0.01
T11340,Marine Sponges and Natural Products,69,58,-11,0.0003,0.0002,-0.0
T11642,Genomics and Rare Diseases,62,65,3,0.0002,0.0002,0.0
T11901,Bayesian Methods and Mixture Models,99,28,-71,0.0004,0.0001,-0.03
T12027,Social Media in Health Education,79,48,-31,0.0003,0.0002,-0.01
T12766,Interdisciplinary Research and Collaboration,49,78,29,0.0002,0.0003,0.01
T12228,Coordination Chemistry and Organometallics,67,59,-8,0.0002,0.0002,-0.0
T12748,Molecular spectroscopy and chirality,87,39,-48,0.0003,0.0001,-0.02
T10163,Metal complexes synthesis and properties,86,39,-47,0.0003,0.0001,-0.02
T10478,Diamond and Carbon-based Materials Research,77,48,-29,0.0003,0.0002,-0.01
T10689,Remote-Sensing Image Classification,30,95,65,0.0001,0.0004,0.02
T11059,Market Dynamics and Volatility,94,31,-63,0.0003,0.0001,-0.02
T11483,Tropical and Extratropical Cyclones Research,80,45,-35,0.0003,0.0002,-0.01
T10121,Building Energy and Comfort Optimization,60,64,4,0.0002,0.0002,0.0
T10400,Network Security and Intrusion Detection,68,56,-12,0.0003,0.0002,-0.0
T10614,Transcranial Magnetic Stimulation Studies,59,65,6,0.0002,0.0002,0.0
T10671,Gastroesophageal reflux and treatments,72,52,-20,0.0003,0.0002,-0.01
T11109,Thermoregulation and physiological responses,56,68,12,0.0002,0.0003,0.0
T11959,Employment and Welfare Studies,100,24,-76,0.0004,0.0001,-0.03
T14365,Leaf Properties and Growth Measurement,74,50,-24,0.0003,0.0002,-0.01
T10579,Cognitive Radio Networks and Spectrum Sensing,42,81,39,0.0002,0.0003,0.01
T11265,Aging and Gerontology Research,65,58,-7,0.0002,0.0002,-0.0
T11669,Head and Neck Surgical Oncology,79,44,-35,0.0003,0.0002,-0.01
T12489,Microbial Metabolites in Food Biotechnology,95,28,-67,0.0004,0.0001,-0.02
T12693,"Migration, Ethnicity, and Economy",115,8,-107,0.0004,0.0,-0.04
T10854,Bipolar Disorder and Treatment,61,61,0,0.0002,0.0002,0.0
T11092,Spondyloarthritis Studies and Treatments,43,79,36,0.0002,0.0003,0.01
T11141,Childhood Cancer Survivors' Quality of Life,97,25,-72,0.0004,0.0001,-0.03
T12170,History and Theory of Mathematics,71,51,-20,0.0003,0.0002,-0.01
T12247,Microbial Applications in Construction Materials,60,62,2,0.0002,0.0002,0.0
T13607,Academic Publishing and Open Access,34,88,54,0.0001,0.0003,0.02
T10138,Network Traffic and Congestion Control,43,78,35,0.0002,0.0003,0.01
T10214,Psychotherapy Techniques and Applications,66,55,-11,0.0002,0.0002,-0.0
T10382,Quantum and electron transport phenomena,73,48,-25,0.0003,0.0002,-0.01
T11194,Ocular Diseases and Behçet’s Syndrome,45,76,31,0.0002,0.0003,0.01
T11296,COVID-19 and healthcare impacts,74,47,-27,0.0003,0.0002,-0.01
T11904,Spatial Cognition and Navigation,55,66,11,0.0002,0.0002,0.0
T14185,"Research, Science, and Academia",22,99,77,0.0001,0.0004,0.03
T10896,Homotopy and Cohomology in Algebraic Topology,59,61,2,0.0002,0.0002,0.0
T11001,Renin-Angiotensin System Studies,45,75,30,0.0002,0.0003,0.01
T11384,Critical Race Theory in Education,40,80,40,0.0001,0.0003,0.01
T11612,Stochastic Gradient Optimization Techniques,54,66,12,0.0002,0.0002,0.0
T11880,Forest ecology and management,79,41,-38,0.0003,0.0002,-0.01
T12287,Fibroblast Growth Factor Research,73,47,-26,0.0003,0.0002,-0.01
T12553,Psychedelics and Drug Studies,66,54,-12,0.0002,0.0002,-0.0
T10242,Posttraumatic Stress Disorder Research,48,71,23,0.0002,0.0003,0.01
T10615,Granular flow and fluidized beds,68,51,-17,0.0003,0.0002,-0.01
T10805,Vehicle Dynamics and Control Systems,52,67,15,0.0002,0.0002,0.01
T11375,Geotechnical Engineering and Soil Stabilization,70,49,-21,0.0003,0.0002,-0.01
T10283,Hearing Loss and Rehabilitation,89,29,-60,0.0003,0.0001,-0.02
T10402,Phase Equilibria and Thermodynamics,67,51,-16,0.0002,0.0002,-0.01
T10924,Cardiovascular Health and Disease Prevention,74,44,-30,0.0003,0.0002,-0.01
T11295,Counseling Practices and Supervision,59,59,0,0.0002,0.0002,0.0
T11315,Phase-change materials and chalcogenides,68,50,-18,0.0003,0.0002,-0.01
T11532,Chemokine receptors and signaling,51,67,16,0.0002,0.0002,0.01
T11979,Garlic and Onion Studies,76,42,-34,0.0003,0.0002,-0.01
T10117,Advanced Combustion Engine Technologies,31,86,55,0.0001,0.0003,0.02
T10517,"Financial Literacy, Pension, Retirement Analysis",65,52,-13,0.0002,0.0002,-0.0
T11334,Psychosomatic Disorders and Their Treatments,48,69,21,0.0002,0.0003,0.01
T11753,Forest Management and Policy,73,44,-29,0.0003,0.0002,-0.01
T12162,Cellular Automata and Applications,69,48,-21,0.0003,0.0002,-0.01
T12434,Phosphodiesterase function and regulation,49,68,19,0.0002,0.0003,0.01
T10374,Advanced Graph Theory Research,58,58,0,0.0002,0.0002,0.0
T10383,"Language, Discourse, Communication Strategies",65,51,-14,0.0002,0.0002,-0.01
T10526,HIV/AIDS drug development and treatment,44,72,28,0.0002,0.0003,0.01
T10647,Coastal and Marine Dynamics,54,62,8,0.0002,0.0002,0.0
T11163,Organ Donation and Transplantation,61,55,-6,0.0002,0.0002,-0.0
T11174,Pediatric Urology and Nephrology Studies,75,41,-34,0.0003,0.0002,-0.01
T11269,Algorithms and Data Compression,67,49,-18,0.0002,0.0002,-0.01
T11366,Elasticity and Material Modeling,61,55,-6,0.0002,0.0002,-0.0
T11382,Fluid Dynamics and Heat Transfer,29,87,58,0.0001,0.0003,0.02
T11542,Behavioral Health and Interventions,88,28,-60,0.0003,0.0001,-0.02
T11679,Craniofacial Disorders and Treatments,61,55,-6,0.0002,0.0002,-0.0
T12120,Air Quality Monitoring and Forecasting,77,39,-38,0.0003,0.0001,-0.01
T12592,Opinion Dynamics and Social Influence,87,29,-58,0.0003,0.0001,-0.02
T12614,Indigenous Studies and Ecology,84,32,-52,0.0003,0.0001,-0.02
T12767,Conflict of Laws and Jurisdiction,39,77,38,0.0001,0.0003,0.01
T12813,Plant and Biological Electrophysiology Studies,72,44,-28,0.0003,0.0002,-0.01
T13430,Lipid metabolism and disorders,46,70,24,0.0002,0.0003,0.01
T10649,Multiple Myeloma Research and Treatments,56,59,3,0.0002,0.0002,0.0
T10705,Additive Manufacturing Materials and Processes,50,65,15,0.0002,0.0002,0.01
T10990,Infection Control and Ventilation,66,49,-17,0.0002,0.0002,-0.01
T11018,Lower Extremity Biomechanics and Pathologies,47,68,21,0.0002,0.0003,0.01
T11272,Nanowire Synthesis and Applications,63,52,-11,0.0002,0.0002,-0.0
T11594,Tree-ring climate responses,60,55,-5,0.0002,0.0002,-0.0
T12729,Tree Root and Stability Studies,91,24,-67,0.0003,0.0001,-0.02
T10697,Vasculitis and related conditions,50,64,14,0.0002,0.0002,0.01
T10793,Diabetes Management and Education,60,54,-6,0.0002,0.0002,-0.0
T10877,Allergic Rhinitis and Sensitization,57,57,0,0.0002,0.0002,0.0
T10898,Environmental Education and Sustainability,72,42,-30,0.0003,0.0002,-0.01
T11093,Personality Disorders and Psychopathology,61,53,-8,0.0002,0.0002,-0.0
T11142,Advanced Glycation End Products research,70,44,-26,0.0003,0.0002,-0.01
T11371,Wind and Air Flow Studies,68,46,-22,0.0003,0.0002,-0.01
T11866,Reconstructive Facial Surgery Techniques,53,61,8,0.0002,0.0002,0.0
T12763,ATP Synthase and ATPases Research,45,69,24,0.0002,0.0003,0.01
T13220,Plant and Fungal Interactions Research,100,14,-86,0.0004,0.0001,-0.03
T10855,Amyotrophic Lateral Sclerosis Research,54,59,5,0.0002,0.0002,0.0
T11150,Endoplasmic Reticulum Stress and Disease,68,45,-23,0.0003,0.0002,-0.01
T11285,Hearing Impairment and Communication,73,40,-33,0.0003,0.0001,-0.01
T11380,Child Welfare and Adoption,53,60,7,0.0002,0.0002,0.0
T11731,Global Health and Surgery,68,45,-23,0.0003,0.0002,-0.01
T11862,"Agriculture, Land Use, Rural Development",60,53,-7,0.0002,0.0002,-0.0
T11911,Spatial and Panel Data Analysis,40,73,33,0.0001,0.0003,0.01
T12554,Vitamin C and Antioxidants Research,90,23,-67,0.0003,0.0001,-0.02
T13370,Diverse Scientific and Economic Studies,113,0,-113,0.0004,0.0,-0.04
T10036,Advanced Neural Network Applications,47,65,18,0.0002,0.0002,0.01
T10074,Carbon Nanotubes in Composites,68,44,-24,0.0003,0.0002,-0.01
T10213,Public Policy and Administration Research,27,85,58,0.0001,0.0003,0.02
T10297,Philosophical Ethics and Theory,34,78,44,0.0001,0.0003,0.02
T11182,Auction Theory and Applications,66,46,-20,0.0002,0.0002,-0.01
T11743,Political Economy and Marxism,66,46,-20,0.0002,0.0002,-0.01
T13125,Agricultural pest management studies,81,31,-50,0.0003,0.0001,-0.02
T10485,"Bullying, Victimization, and Aggression",53,58,5,0.0002,0.0002,0.0
T10595,Medieval Literature and History,47,64,17,0.0002,0.0002,0.01
T10737,Health Literacy and Information Accessibility,39,72,33,0.0001,0.0003,0.01
T10743,Software Testing and Debugging Techniques,47,64,17,0.0002,0.0002,0.01
T11051,Sirtuins and Resveratrol in Medicine,59,52,-7,0.0002,0.0002,-0.0
T11117,Drug-Induced Adverse Reactions,60,51,-9,0.0002,0.0002,-0.0
T11134,Breast Lesions and Carcinomas,33,78,45,0.0001,0.0003,0.02
T11206,Model Reduction and Neural Networks,63,48,-15,0.0002,0.0002,-0.01
T11998,Youth Development and Social Support,58,53,-5,0.0002,0.0002,-0.0
T12350,Particle Dynamics in Fluid Flows,60,51,-9,0.0002,0.0002,-0.0
T12359,Fern and Epiphyte Biology,63,48,-15,0.0002,0.0002,-0.01
T12414,Coastal and Marine Management,47,64,17,0.0002,0.0002,0.01
T12893,Organic Chemistry Cycloaddition Reactions,40,71,31,0.0001,0.0003,0.01
T10247,Perovskite Materials and Applications,58,52,-6,0.0002,0.0002,-0.0
T11369,Genetic factors in colorectal cancer,69,41,-28,0.0003,0.0002,-0.01
T11472,Analytical Chemistry and Sensors,73,37,-36,0.0003,0.0001,-0.01
T11702,Parasitic Diseases Research and Treatment,54,56,2,0.0002,0.0002,0.0
T12001,Fossil Insects in Amber,81,29,-52,0.0003,0.0001,-0.02
T12327,Various Chemistry Research Topics,71,39,-32,0.0003,0.0001,-0.01
T13628,Agricultural Productivity and Crop Improvement,9,101,92,0.0,0.0004,0.03
T10766,Urban Heat Island Mitigation,55,54,-1,0.0002,0.0002,-0.0
T10767,Advanced Photonic Communication Systems,47,62,15,0.0002,0.0002,0.01
T10914,Tactile and Sensory Interactions,36,73,37,0.0001,0.0003,0.01
T11111,Spectroscopy and Laser Applications,72,37,-35,0.0003,0.0001,-0.01
T11151,Advanced Topology and Set Theory,61,48,-13,0.0002,0.0002,-0.0
T11246,Sports injuries and prevention,55,54,-1,0.0002,0.0002,-0.0
T11253,Nail Diseases and Treatments,73,36,-37,0.0003,0.0001,-0.01
T11763,Intracerebral and Subarachnoid Hemorrhage Research,62,47,-15,0.0002,0.0002,-0.01
T11990,Global Health Workforce Issues,76,33,-43,0.0003,0.0001,-0.02
T10008,Teacher Education and Leadership Studies,46,62,16,0.0002,0.0002,0.01
T10344,Management and Organizational Studies,50,58,8,0.0002,0.0002,0.0
T10734,Information and Cyber Security,46,62,16,0.0002,0.0002,0.01
T11413,Risk and Portfolio Optimization,50,58,8,0.0002,0.0002,0.0
T11925,Culinary Culture and Tourism,102,6,-96,0.0004,0.0,-0.04
T12334,Lung Cancer Research Studies,50,58,8,0.0002,0.0002,0.0
T13138,Legal and Constitutional Studies,54,54,0,0.0002,0.0002,0.0
T10212,Electrochemical sensors and biosensors,55,52,-3,0.0002,0.0002,-0.0
T10714,Software-Defined Networks and 5G,58,49,-9,0.0002,0.0002,-0.0
T10999,Organ Transplantation Techniques and Outcomes,61,46,-15,0.0002,0.0002,-0.01
T12279,Body Composition Measurement Techniques,55,52,-3,0.0002,0.0002,-0.0
T12339,Medical Malpractice and Liability Issues,57,50,-7,0.0002,0.0002,-0.0
T12571,Soybean genetics and cultivation,80,27,-53,0.0003,0.0001,-0.02
T12838,Photovoltaic Systems and Sustainability,48,59,11,0.0002,0.0002,0.0
T12963,Anesthesia and Neurotoxicity Research,81,26,-55,0.0003,0.0001,-0.02
T10107,Ferroelectric and Piezoelectric Materials,58,48,-10,0.0002,0.0002,-0.0
T10131,Gold and Silver Nanoparticles Synthesis and Applications,43,63,20,0.0002,0.0002,0.01
T10420,Intracranial Aneurysms: Treatment and Complications,56,50,-6,0.0002,0.0002,-0.0
T10861,Ear Surgery and Otitis Media,47,59,12,0.0002,0.0002,0.0
T11009,Catalysis for Biomass Conversion,47,59,12,0.0002,0.0002,0.0
T11034,Digital Filter Design and Implementation,46,60,14,0.0002,0.0002,0.01
T11170,Biomimetic flight and propulsion mechanisms,38,68,30,0.0001,0.0003,0.01
T11290,Preterm Birth and Chorioamnionitis,54,52,-2,0.0002,0.0002,-0.0
T11320,Atmospheric Ozone and Climate,70,36,-34,0.0003,0.0001,-0.01
T11367,Particle accelerators and beam dynamics,57,49,-8,0.0002,0.0002,-0.0
T11488,Climate Change Communication and Perception,71,35,-36,0.0003,0.0001,-0.01
T11684,Vibrio bacteria research studies,65,41,-24,0.0002,0.0002,-0.01
T12091,Peatlands and Wetlands Ecology,55,51,-4,0.0002,0.0002,-0.0
T10806,Energetic Materials and Combustion,47,58,11,0.0002,0.0002,0.0
T11154,Parasitic infections in humans and animals,49,56,7,0.0002,0.0002,0.0
T11293,Orthopedic Infections and Treatments,49,56,7,0.0002,0.0002,0.0
T11411,Tea Polyphenols and Effects,64,41,-23,0.0002,0.0002,-0.01
T11922,Cardiovascular Effects of Exercise,84,21,-63,0.0003,0.0001,-0.02
T12060,Child Development and Digital Technology,67,38,-29,0.0002,0.0001,-0.01
T13539,thermodynamics and calorimetric analyses,75,30,-45,0.0003,0.0001,-0.02
T10046,Stability and Control of Uncertain Systems,52,52,0,0.0002,0.0002,0.0
T11258,Breast Implant and Reconstruction,52,52,0,0.0002,0.0002,0.0
T11275,Composting and Vermicomposting Techniques,52,52,0,0.0002,0.0002,0.0
T11356,Pleural and Pulmonary Diseases,53,51,-2,0.0002,0.0002,-0.0
T11960,Relativity and Gravitational Theory,30,74,44,0.0001,0.0003,0.02
T12088,Intergenerational and Educational Inequality Studies,42,62,20,0.0002,0.0002,0.01
T12716,Congenital Anomalies and Fetal Surgery,61,43,-18,0.0002,0.0002,-0.01
T10370,Traffic and Road Safety,40,63,23,0.0001,0.0002,0.01
T10558,Advancements in Semiconductor Devices and Circuit Design,50,53,3,0.0002,0.0002,0.0
T10688,Image and Signal Denoising Methods,74,29,-45,0.0003,0.0001,-0.02
T10690,Vibration Control and Rheological Fluids,40,63,23,0.0001,0.0002,0.01
T10939,Crystal Structures and Properties,28,75,47,0.0001,0.0003,0.02
T10993,Complement system in diseases,48,55,7,0.0002,0.0002,0.0
T11193,Adenosine and Purinergic Signaling,46,57,11,0.0002,0.0002,0.0
T11330,Systemic Sclerosis and Related Diseases,57,46,-11,0.0002,0.0002,-0.0
T11481,Sulfur Compounds in Biology,71,32,-39,0.0003,0.0001,-0.01
T11710,Biomedical Text Mining and Ontologies,61,42,-19,0.0002,0.0002,-0.01
T11761,Resilience and Mental Health,66,37,-29,0.0002,0.0001,-0.01
T11965,"Quantum, superfluid, helium dynamics",77,26,-51,0.0003,0.0001,-0.02
T12677,Sports Dynamics and Biomechanics,39,64,25,0.0001,0.0002,0.01
T10443,Social Policy and Reform Studies,49,53,4,0.0002,0.0002,0.0
T11350,Sex work and related issues,58,44,-14,0.0002,0.0002,-0.01
T11655,HIV-related health complications and treatments,70,32,-38,0.0003,0.0001,-0.01
T11840,Pain Management and Treatment,44,58,14,0.0002,0.0002,0.01
T12457,Ecocriticism and Environmental Literature,29,73,44,0.0001,0.0003,0.02
T12955,Atherosclerosis and Cardiovascular Diseases,46,56,10,0.0002,0.0002,0.0
T10270,Blockchain Technology Applications and Security,47,54,7,0.0002,0.0002,0.0
T10498,Migraine and Headache Studies,49,52,3,0.0002,0.0002,0.0
T10727,Ultrasound Imaging and Elastography,45,56,11,0.0002,0.0002,0.0
T10998,Heat Transfer and Optimization,49,52,3,0.0002,0.0002,0.0
T11346,Mast cells and histamine,53,48,-5,0.0002,0.0002,-0.0
T11581,Viral Infections and Outbreaks Research,58,43,-15,0.0002,0.0002,-0.01
T11978,Soil Mechanics and Vehicle Dynamics,68,33,-35,0.0003,0.0001,-0.01
T12154,Pelvic and Acetabular Injuries,62,39,-23,0.0002,0.0001,-0.01
T12638,Pomegranate: compositions and health benefits,59,42,-17,0.0002,0.0002,-0.01
T13252,Sex and Gender in Healthcare,50,51,1,0.0002,0.0002,0.0
T10881,Blood Coagulation and Thrombosis Mechanisms,42,58,16,0.0002,0.0002,0.01
T10941,Musicology and Musical Analysis,35,65,30,0.0001,0.0002,0.01
T11054,Adrenal and Paraganglionic Tumors,50,50,0,0.0002,0.0002,0.0
T11313,Immune cells in cancer,58,42,-16,0.0002,0.0002,-0.01
T11424,Security and Verification in Computing,45,55,10,0.0002,0.0002,0.0
T11461,Local Government Finance and Decentralization,41,59,18,0.0002,0.0002,0.01
T11463,Classical Philosophy and Thought,50,50,0,0.0002,0.0002,0.0
T11627,Autoimmune Neurological Disorders and Treatments,43,57,14,0.0002,0.0002,0.01
T11649,Pharmaceutical industry and healthcare,56,44,-12,0.0002,0.0002,-0.0
T11742,Economic Theory and Policy,70,30,-40,0.0003,0.0001,-0.01
T11798,Optimal Experimental Design Methods,48,52,4,0.0002,0.0002,0.0
T11853,Semiconductor materials and interfaces,43,57,14,0.0002,0.0002,0.01
T12566,Nitrogen and Sulfur Effects on Brassica,54,46,-8,0.0002,0.0002,-0.0
T12604,Glycogen Storage Diseases and Myoclonus,33,67,34,0.0001,0.0002,0.01
T12854,Neurology and Historical Studies,51,49,-2,0.0002,0.0002,-0.0
T13147,Ethics and bioethics in healthcare,3,97,94,0.0,0.0004,0.03
T10126,"Logic, programming, and type systems",20,79,59,0.0001,0.0003,0.02
T10633,Metallic Glasses and Amorphous Alloys,54,45,-9,0.0002,0.0002,-0.0
T10704,Advancements in Transdermal Drug Delivery,59,40,-19,0.0002,0.0001,-0.01
T10732,Laser Material Processing Techniques,46,53,7,0.0002,0.0002,0.0
T10749,International Law and Human Rights,51,48,-3,0.0002,0.0002,-0.0
T10808,Electric and Hybrid Vehicle Technologies,32,67,35,0.0001,0.0002,0.01
T10902,Complementary and Alternative Medicine Studies,45,54,9,0.0002,0.0002,0.0
T10931,Direction-of-Arrival Estimation Techniques,45,54,9,0.0002,0.0002,0.0
T11328,Ocular Oncology and Treatments,52,47,-5,0.0002,0.0002,-0.0
T11394,Dynamics and Control of Mechanical Systems,39,60,21,0.0001,0.0002,0.01
T11453,Diagnosis and Treatment of Venous Diseases,48,51,3,0.0002,0.0002,0.0
T11465,Drug-Induced Hepatotoxicity and Protection,47,52,5,0.0002,0.0002,0.0
T11854,Laser-induced spectroscopy and plasma,84,15,-69,0.0003,0.0001,-0.03
T12253,Urban Agriculture and Sustainability,55,44,-11,0.0002,0.0002,-0.0
T12832,Biocrusts and Microbial Ecology,84,15,-69,0.0003,0.0001,-0.03
T13102,Soil and Environmental Studies,9,90,81,0.0,0.0003,0.03
T13435,Animal and Plant Science Education,80,19,-61,0.0003,0.0001,-0.02
T14242,"Nutrition, Health, and Society Studies",27,72,45,0.0001,0.0003,0.02
T14395,African history and culture studies,54,45,-9,0.0002,0.0002,-0.0
T10654,Pneumonia and Respiratory Infections,42,56,14,0.0002,0.0002,0.01
T11173,Neurofibromatosis and Schwannoma Cases,52,46,-6,0.0002,0.0002,-0.0
T11640,Linguistic Variation and Morphology,62,36,-26,0.0002,0.0001,-0.01
T11812,Nasal Surgery and Airway Studies,45,53,8,0.0002,0.0002,0.0
T12205,Time Series Analysis and Forecasting,45,53,8,0.0002,0.0002,0.0
T12459,Nerve Injury and Rehabilitation,61,37,-24,0.0002,0.0001,-0.01
T10016,Adsorption and biosorption for pollutant removal,28,69,41,0.0001,0.0003,0.02
T10097,Luminescence Properties of Advanced Materials,48,49,1,0.0002,0.0002,0.0
T10695,Parasites and Host Interactions,45,52,7,0.0002,0.0002,0.0
T10867,Intensive Care Unit Cognitive Disorders,62,35,-27,0.0002,0.0001,-0.01
T11080,Surgical site infection prevention,40,57,17,0.0001,0.0002,0.01
T11198,Japanese History and Culture,55,42,-13,0.0002,0.0002,-0.0
T11238,Simulation-Based Education in Healthcare,46,51,5,0.0002,0.0002,0.0
T11499,ICT Impact and Policies,56,41,-15,0.0002,0.0002,-0.01
T11918,Forecasting Techniques and Applications,46,51,5,0.0002,0.0002,0.0
T12014,"Fish biology, ecology, and behavior",81,16,-65,0.0003,0.0001,-0.02
T12608,Spatial Neglect and Hemispheric Dysfunction,69,28,-41,0.0003,0.0001,-0.02
T13460,Historical Studies in Latin America,29,68,39,0.0001,0.0003,0.01
T14469,Renaissance Literature and Culture,10,87,77,0.0,0.0003,0.03
T10020,Quantum Information and Cryptography,46,50,4,0.0002,0.0002,0.0
T10022,Semiconductor Quantum Structures and Devices,47,49,2,0.0002,0.0002,0.0
T10149,Anthropological Studies and Insights,35,61,26,0.0001,0.0002,0.01
T10237,Cryptography and Data Security,45,51,6,0.0002,0.0002,0.0
T10782,Nanoplatforms for cancer theranostics,54,42,-12,0.0002,0.0002,-0.0
T11071,Treatment of Major Depression,43,53,10,0.0002,0.0002,0.0
T11196,Non-Invasive Vital Sign Monitoring,38,58,20,0.0001,0.0002,0.01
T11310,Connective tissue disorders research,69,27,-42,0.0003,0.0001,-0.02
T11903,Private Equity and Venture Capital,57,39,-18,0.0002,0.0001,-0.01
T12067,Renal and Vascular Pathologies,59,37,-22,0.0002,0.0001,-0.01
T12166,Ion-surface interactions and analysis,45,51,6,0.0002,0.0002,0.0
T12187,Glutathione Transferases and Polymorphisms,51,45,-6,0.0002,0.0002,-0.0
T12328,Autoimmune and Inflammatory Disorders,51,45,-6,0.0002,0.0002,-0.0
T12400,Neurogenetic and Muscular Disorders Research,50,46,-4,0.0002,0.0002,-0.0
T12749,"Race, Genetics, and Society",39,57,18,0.0001,0.0002,0.01
T13679,Tardigrade Biology and Ecology,36,60,24,0.0001,0.0002,0.01
T14493,Criminal Law and Evidence,34,62,28,0.0001,0.0002,0.01
T10313,Surface Modification and Superhydrophobicity,56,39,-17,0.0002,0.0001,-0.01
T11012,Gas Dynamics and Kinetic Theory,43,52,9,0.0002,0.0002,0.0
T11443,Advanced Statistical Process Monitoring,40,55,15,0.0001,0.0002,0.01
T11582,Nanopore and Nanochannel Transport Studies,59,36,-23,0.0002,0.0001,-0.01
T11827,Polyomavirus and related diseases,59,36,-23,0.0002,0.0001,-0.01
T13393,Child Nutrition and Feeding Issues,74,21,-53,0.0003,0.0001,-0.02
T10181,Natural Language Processing Techniques,67,27,-40,0.0002,0.0001,-0.01
T10209,Global Maternal and Child Health,52,42,-10,0.0002,0.0002,-0.0
T10508,Patient Safety and Medication Errors,37,57,20,0.0001,0.0002,0.01
T10832,Pituitary Gland Disorders and Treatments,45,49,4,0.0002,0.0002,0.0
T11081,Advanced Control Systems Design,14,80,66,0.0001,0.0003,0.02
T11176,Radiation Therapy and Dosimetry,54,40,-14,0.0002,0.0001,-0.01
T11220,Water Systems and Optimization,58,36,-22,0.0002,0.0001,-0.01
T11585,Exercise and Physiological Responses,60,34,-26,0.0002,0.0001,-0.01
T11624,Constructed Wetlands for Wastewater Treatment,43,51,8,0.0002,0.0002,0.0
T11811,Cutaneous lymphoproliferative disorders research,55,39,-16,0.0002,0.0001,-0.01
T12989,Ocular Disorders and Treatments,23,71,48,0.0001,0.0003,0.02
T10246,Mobile Ad Hoc Networks,45,48,3,0.0002,0.0002,0.0
T10859,Polymer Surface Interaction Studies,48,45,-3,0.0002,0.0002,-0.0
T10994,"Terrorism, Counterterrorism, and Political Violence",40,53,13,0.0001,0.0002,0.0
T11014,Regional Economics and Spatial Analysis,38,55,17,0.0001,0.0002,0.01
T11508,Corporate Taxation and Avoidance,59,34,-25,0.0002,0.0001,-0.01
T11985,Marine Toxins and Detection Methods,54,39,-15,0.0002,0.0001,-0.01
T12011,"Insurance, Mortality, Demography, Risk Management",54,39,-15,0.0002,0.0001,-0.01
T13013,Free Radicals and Antioxidants,78,15,-63,0.0003,0.0001,-0.02
T14374,Statistical Methods in Epidemiology,2,91,89,0.0,0.0003,0.03
T10362,Biblical Studies and Interpretation,36,56,20,0.0001,0.0002,0.01
T10363,Low-power high-performance VLSI design,40,52,12,0.0001,0.0002,0.0
T10713,Structural Load-Bearing Analysis,43,49,6,0.0002,0.0002,0.0
T11008,Aerodynamics and Acoustics in Jet Flows,49,43,-6,0.0002,0.0002,-0.0
T11069,Testicular diseases and treatments,54,38,-16,0.0002,0.0001,-0.01
T11477,"Epistemology, Ethics, and Metaphysics",34,58,24,0.0001,0.0002,0.01
T11797,graph theory and CDMA systems,69,23,-46,0.0003,0.0001,-0.02
T12125,Aerospace and Aviation Technology,67,25,-42,0.0002,0.0001,-0.02
T12141,Fluid Dynamics and Thin Films,48,44,-4,0.0002,0.0002,-0.0
T12386,Advanced X-ray and CT Imaging,58,34,-24,0.0002,0.0001,-0.01
T12505,Peptidase Inhibition and Analysis,77,15,-62,0.0003,0.0001,-0.02
T12520,Psychology of Moral and Emotional Judgment,59,33,-26,0.0002,0.0001,-0.01
T12639,Global Energy and Sustainability Research,72,20,-52,0.0003,0.0001,-0.02
T12731,Hidradenitis Suppurativa and Treatments,48,44,-4,0.0002,0.0002,-0.0
T13141,Statistical Methods and Applications,7,85,78,0.0,0.0003,0.03
T13385,Infectious Diseases and Mycology,53,39,-14,0.0002,0.0001,-0.01
T13555,"Healthcare cost, quality, practices",55,37,-18,0.0002,0.0001,-0.01
T13638,Human auditory perception and evaluation,92,0,-92,0.0003,0.0,-0.03
T10055,Diverse Aspects of Tourism Research,41,50,9,0.0002,0.0002,0.0
T10317,Advanced Database Systems and Queries,40,51,11,0.0001,0.0002,0.0
T10798,Crystallography and molecular interactions,38,53,15,0.0001,0.0002,0.01
T10989,Uterine Myomas and Treatments,58,33,-25,0.0002,0.0001,-0.01
T11501,TGF-β signaling in diseases,52,39,-13,0.0002,0.0001,-0.0
T11634,Water Quality and Pollution Assessment,51,40,-11,0.0002,0.0001,-0.0
T11784,CO2 Reduction Techniques and Catalysts,49,42,-7,0.0002,0.0002,-0.0
T11810,Complex Systems and Decision Making,65,26,-39,0.0002,0.0001,-0.01
T11967,Electrolyte and hormonal disorders,61,30,-31,0.0002,0.0001,-0.01
T12268,Deception detection and forensic psychology,35,56,21,0.0001,0.0002,0.01
T12358,Thermal and Kinetic Analysis,42,49,7,0.0002,0.0002,0.0
T13111,Nursing care and research,2,89,87,0.0,0.0003,0.03
T14400,Medical Coding and Health Information,32,59,27,0.0001,0.0002,0.01
T10083,Graphene research and applications,54,36,-18,0.0002,0.0001,-0.01
T10257,Oral microbiology and periodontitis research,38,52,14,0.0001,0.0002,0.01
T10722,Work-Family Balance Challenges,32,58,26,0.0001,0.0002,0.01
T10840,High Temperature Alloys and Creep,27,63,36,0.0001,0.0002,0.01
T11539,Survey Methodology and Nonresponse,27,63,36,0.0001,0.0002,0.01
T11722,Patient Satisfaction in Healthcare,52,38,-14,0.0002,0.0001,-0.01
T12100,Advanced Mathematical Modeling in Engineering,76,14,-62,0.0003,0.0001,-0.02
T12313,Emotions and Moral Behavior,48,42,-6,0.0002,0.0002,-0.0
T12323,Asian American and Pacific Histories,34,56,22,0.0001,0.0002,0.01
T12468,Radiation Effects and Dosimetry,42,48,6,0.0002,0.0002,0.0
T12848,Psychological Testing and Assessment,27,63,36,0.0001,0.0002,0.01
T12896,Sustainable Agricultural Systems Analysis,23,67,44,0.0001,0.0002,0.02
T13280,Biomedical and Engineering Education,79,11,-68,0.0003,0.0,-0.03
T14479,Freezing and Crystallization Processes,69,21,-48,0.0003,0.0001,-0.02
T10114,"Balance, Gait, and Falls Prevention",41,48,7,0.0002,0.0002,0.0
T10329,Thyroid Cancer Diagnosis and Treatment,45,44,-1,0.0002,0.0002,-0.0
T10680,Wind Energy Research and Development,32,57,25,0.0001,0.0002,0.01
T11537,Ethics in medical practice,78,11,-67,0.0003,0.0,-0.02
T11623,Hyperglycemia and glycemic control in critically ill and hospitalized patients,66,23,-43,0.0002,0.0001,-0.02
T12370,Advances in Cucurbitaceae Research,36,53,17,0.0001,0.0002,0.01
T12583,Food Waste Reduction and Sustainability,63,26,-37,0.0002,0.0001,-0.01
T13107,Congenital limb and hand anomalies,33,56,23,0.0001,0.0002,0.01
T10603,Smart Grid Energy Management,47,41,-6,0.0002,0.0002,-0.0
T10675,Mechanical Circulatory Support Devices,50,38,-12,0.0002,0.0001,-0.0
T10829,Interconnection Networks and Systems,42,46,4,0.0002,0.0002,0.0
T11047,Gender Diversity and Inequality,50,38,-12,0.0002,0.0001,-0.0
T11221,Bone health and treatments,65,23,-42,0.0002,0.0001,-0.02
T11303,Bayesian Modeling and Causal Inference,58,30,-28,0.0002,0.0001,-0.01
T11368,Long-Term Effects of COVID-19,48,40,-8,0.0002,0.0001,-0.0
T11515,Bacillus and Francisella bacterial research,59,29,-30,0.0002,0.0001,-0.01
T11549,Synthetic Organic Chemistry Methods,88,0,-88,0.0003,0.0,-0.03
T11825,Catalysis and Oxidation Reactions,45,43,-2,0.0002,0.0002,-0.0
T11881,Crystallization and Solubility Studies,37,51,14,0.0001,0.0002,0.01
T12224,Nanofabrication and Lithography Techniques,44,44,0,0.0002,0.0002,0.0
T12361,Study of Mite Species,38,50,12,0.0001,0.0002,0.0
T12596,Cephalopods and Marine Biology,59,29,-30,0.0002,0.0001,-0.01
T12622,Neurosurgical Procedures and Complications,36,52,16,0.0001,0.0002,0.01
T10197,Membrane Separation Technologies,36,51,15,0.0001,0.0002,0.01
T10355,Impact of Technology on Adolescents,54,33,-21,0.0002,0.0001,-0.01
T10747,Disaster Management and Resilience,39,48,9,0.0001,0.0002,0.0
T11648,"Diaspora, migration, transnational identity",32,55,23,0.0001,0.0002,0.01
T11676,Parental Involvement in Education,60,27,-33,0.0002,0.0001,-0.01
T11714,Multimodal Machine Learning Applications,42,45,3,0.0002,0.0002,0.0
T12010,Evaluation and Performance Assessment,53,34,-19,0.0002,0.0001,-0.01
T12097,Aquatic Invertebrate Ecology and Behavior,70,17,-53,0.0003,0.0001,-0.02
T12552,Fetal and Pediatric Neurological Disorders,48,39,-9,0.0002,0.0001,-0.0
T13694,Immigration Law and Human Rights,2,85,83,0.0,0.0003,0.03
T10275,2D Materials and Applications,41,45,4,0.0002,0.0002,0.0
T10547,"Education, Achievement, and Giftedness",26,60,34,0.0001,0.0002,0.01
T10794,Islamic Studies and History,59,27,-32,0.0002,0.0001,-0.01
T11556,"Poverty, Education, and Child Welfare",59,27,-32,0.0002,0.0001,-0.01
T12101,Advanced Bandit Algorithms Research,47,39,-8,0.0002,0.0001,-0.0
T13165,Agricultural safety and regulations,11,75,64,0.0,0.0003,0.02
T13176,Winter Sports Injuries and Performance,52,34,-18,0.0002,0.0001,-0.01
T13864,Indigenous Cultures and History,12,74,62,0.0,0.0003,0.02
T10090,ZnO doping and properties,53,32,-21,0.0002,0.0001,-0.01
T10327,Adolescent Sexual and Reproductive Health,39,46,7,0.0001,0.0002,0.0
T10661,biodegradable polymer synthesis and properties,57,28,-29,0.0002,0.0001,-0.01
T11514,Disability Education and Employment,37,48,11,0.0001,0.0002,0.0
T11685,Zebrafish Biomedical Research Applications,56,29,-27,0.0002,0.0001,-0.01
T11968,High Altitude and Hypoxia,39,46,7,0.0001,0.0002,0.0
T12715,Pregnancy-related medical research,52,33,-19,0.0002,0.0001,-0.01
T12906,Surgical Sutures and Adhesives,50,35,-15,0.0002,0.0001,-0.01
T10133,Media Studies and Communication,20,64,44,0.0001,0.0002,0.02
T10179,Supercapacitor Materials and Fabrication,43,41,-2,0.0002,0.0002,-0.0
T10282,Financial Risk and Volatility Modeling,52,32,-20,0.0002,0.0001,-0.01
T10288,Fractional Differential Equations Solutions,34,50,16,0.0001,0.0002,0.01
T10823,Research on Leishmaniasis Studies,46,38,-8,0.0002,0.0001,-0.0
T11064,Antiplatelet Therapy and Cardiovascular Diseases,42,42,0,0.0002,0.0002,0.0
T11278,Calcium Carbonate Crystallization and Inhibition,38,46,8,0.0001,0.0002,0.0
T11307,Domain Adaptation and Few-Shot Learning,35,49,14,0.0001,0.0002,0.01
T11528,Lichen and fungal ecology,67,17,-50,0.0002,0.0001,-0.02
T11751,Lattice Boltzmann Simulation Studies,62,22,-40,0.0002,0.0001,-0.01
T11762,"Law, Economics, and Judicial Systems",52,32,-20,0.0002,0.0001,-0.01
T11789,Land Rights and Reforms,57,27,-30,0.0002,0.0001,-0.01
T11839,Hormonal Regulation and Hypertension,63,21,-42,0.0002,0.0001,-0.02
T12285,Surface Chemistry and Catalysis,27,57,30,0.0001,0.0002,0.01
T12580,Vagus Nerve Stimulation Research,44,40,-4,0.0002,0.0001,-0.0
T13859,Organic Chemistry Synthesis Methods,2,82,80,0.0,0.0003,0.03
T10984,Sinusitis and nasal conditions,44,39,-5,0.0002,0.0001,-0.0
T11378,Gastrointestinal Bleeding Diagnosis and Treatment,32,51,19,0.0001,0.0002,0.01
T11435,Polynomial and algebraic computation,39,44,5,0.0001,0.0002,0.0
T11591,NF-κB Signaling Pathways,44,39,-5,0.0002,0.0001,-0.0
T11819,Data-Driven Disease Surveillance,49,34,-15,0.0002,0.0001,-0.01
T12144,"Colonialism, slavery, and trade",46,37,-9,0.0002,0.0001,-0.0
T12235,Child Abuse and Related Trauma,48,35,-13,0.0002,0.0001,-0.0
T12561,bioluminescence and chemiluminescence research,50,33,-17,0.0002,0.0001,-0.01
T12691,Coccidia and coccidiosis research,67,16,-51,0.0002,0.0001,-0.02
T12803,Cinema History and Criticism,6,77,71,0.0,0.0003,0.03
T13855,Aerospace Engineering and Control Systems,14,69,55,0.0001,0.0003,0.02
T14115,Legal processes and jurisprudence,1,82,81,0.0,0.0003,0.03
T10101,Cloud Computing and Resource Management,46,36,-10,0.0002,0.0001,-0.0
T10273,IoT and Edge/Fog Computing,37,45,8,0.0001,0.0002,0.0
T10366,Discourse Analysis in Language Studies,46,36,-10,0.0002,0.0001,-0.0
T11097,Cerebral Palsy and Movement Disorders,51,31,-20,0.0002,0.0001,-0.01
T11124,Protein purification and stability,33,49,16,0.0001,0.0002,0.01
T11191,Mathematical functions and polynomials,22,60,38,0.0001,0.0002,0.01
T11201,Metallurgy and Material Forming,32,50,18,0.0001,0.0002,0.01
T11416,Numerical methods for differential equations,44,38,-6,0.0002,0.0001,-0.0
T11497,Interprofessional Education and Collaboration,34,48,14,0.0001,0.0002,0.01
T11756,Mentoring and Academic Development,34,48,14,0.0001,0.0002,0.01
T11860,"HIV, Drug Use, Sexual Risk",41,41,0,0.0002,0.0002,0.0
T11861,Thermal Regulation in Medicine,50,32,-18,0.0002,0.0001,-0.01
T12121,Cooperative Studies and Economics,41,41,0,0.0002,0.0002,0.0
T12210,Policy Transfer and Learning,51,31,-20,0.0002,0.0001,-0.01
T12398,Poetry Analysis and Criticism,23,59,36,0.0001,0.0002,0.01
T12477,Toxin Mechanisms and Immunotoxins,67,15,-52,0.0002,0.0001,-0.02
T12871,Healthcare Quality and Management,10,72,62,0.0,0.0003,0.02
T13487,Statistical and numerical algorithms,28,54,26,0.0001,0.0002,0.01
T13497,Hermeneutics and Narrative Identity,80,2,-78,0.0003,0.0,-0.03
T10335,Colorectal Cancer Surgical Treatments,38,43,5,0.0001,0.0002,0.0
T10648,Virtual Reality Applications and Impacts,42,39,-3,0.0002,0.0001,-0.0
T10935,Endometriosis Research and Treatment,42,39,-3,0.0002,0.0001,-0.0
T11007,Hybrid Renewable Energy Systems,40,41,1,0.0001,0.0002,0.0
T11112,Viral Infections and Immunology Research,52,29,-23,0.0002,0.0001,-0.01
T11123,Obsessive-Compulsive Spectrum Disorders,42,39,-3,0.0002,0.0001,-0.0
T11389,Maternal and fetal healthcare,46,35,-11,0.0002,0.0001,-0.0
T11586,Congenital Diaphragmatic Hernia Studies,56,25,-31,0.0002,0.0001,-0.01
T11724,Inflammatory Myopathies and Dermatomyositis,48,33,-15,0.0002,0.0001,-0.01
T11845,Cancer therapeutics and mechanisms,54,27,-27,0.0002,0.0001,-0.01
T11950,Cardiovascular Syncope and Autonomic Disorders,51,30,-21,0.0002,0.0001,-0.01
T11956,Sexual Differentiation and Disorders,48,33,-15,0.0002,0.0001,-0.01
T12403,Seed and Plant Biochemistry,67,14,-53,0.0002,0.0001,-0.02
T12674,"Rabbits: Nutrition, Reproduction, Health",65,16,-49,0.0002,0.0001,-0.02
T11070,Soviet and Russian History,17,63,46,0.0001,0.0002,0.02
T11120,Nonprofit Sector and Volunteering,41,39,-2,0.0002,0.0001,-0.0
T11251,Meningioma and schwannoma management,43,37,-6,0.0002,0.0001,-0.0
T11291,Intraocular Surgery and Lenses,41,39,-2,0.0002,0.0001,-0.0
T11521,Salivary Gland Disorders and Functions,35,45,10,0.0001,0.0002,0.0
T11964,Pregnancy and Medication Impact,51,29,-22,0.0002,0.0001,-0.01
T11993,Atomic and Subatomic Physics Research,78,2,-76,0.0003,0.0,-0.03
T12336,Insect Utilization and Effects,65,15,-50,0.0002,0.0001,-0.02
T12932,Powder Metallurgy Techniques and Materials,8,72,64,0.0,0.0003,0.02
T13142,GABA and Rice Research,78,2,-76,0.0003,0.0,-0.03
T13561,Chemical Reactions and Isotopes,42,38,-4,0.0002,0.0001,-0.0
T10357,Efficiency Analysis Using DEA,34,45,11,0.0001,0.0002,0.0
T10463,Pulsars and Gravitational Waves Research,45,34,-11,0.0002,0.0001,-0.0
T10636,Innovative Teaching and Learning Methods,63,16,-47,0.0002,0.0001,-0.02
T10873,Bacterial Infections and Vaccines,43,36,-7,0.0002,0.0001,-0.0
T11157,Chronic Lymphocytic Leukemia Research,56,23,-33,0.0002,0.0001,-0.01
T11341,Boron and Carbon Nanomaterials Research,38,41,3,0.0001,0.0002,0.0
T11447,Blind Source Separation Techniques,65,14,-51,0.0002,0.0001,-0.02
T11587,Second Language Acquisition and Learning,38,41,3,0.0001,0.0002,0.0
T11658,Esophageal and GI Pathology,48,31,-17,0.0002,0.0001,-0.01
T11868,Cancer and Skin Lesions,44,35,-9,0.0002,0.0001,-0.0
T11983,"Identity, Memory, and Therapy",57,22,-35,0.0002,0.0001,-0.01
T12192,Polysaccharides Composition and Applications,43,36,-7,0.0002,0.0001,-0.0
T12312,"Culture, Economy, and Development Studies",56,23,-33,0.0002,0.0001,-0.01
T12673,Microbial Metabolism and Applications,41,38,-3,0.0002,0.0001,-0.0
T13417,Biomedical Ethics and Regulation,56,23,-33,0.0002,0.0001,-0.01
T14049,Plant and Fungal Species Descriptions,25,54,29,0.0001,0.0002,0.01
T14134,Medical and Biological Sciences,29,50,21,0.0001,0.0002,0.01
T10626,High-Temperature Coating Behaviors,37,41,4,0.0001,0.0002,0.0
T10696,Gastric Cancer Management and Outcomes,36,42,6,0.0001,0.0002,0.0
T10811,Hydrogen Storage and Materials,38,40,2,0.0001,0.0001,0.0
T10988,Advanced Fiber Laser Technologies,57,21,-36,0.0002,0.0001,-0.01
T11091,Extraction and Separation Processes,52,26,-26,0.0002,0.0001,-0.01
T11197,Digital Games and Media,40,38,-2,0.0001,0.0001,-0.0
T11255,Microfluidic and Bio-sensing Technologies,55,23,-32,0.0002,0.0001,-0.01
T11535,Chemotherapy-induced cardiotoxicity and mitigation,42,36,-6,0.0002,0.0001,-0.0
T11680,Advanced Algebra and Geometry,48,30,-18,0.0002,0.0001,-0.01
T11712,Intergenerational Family Dynamics and Caregiving,55,23,-32,0.0002,0.0001,-0.01
T11744,Health Sciences Research and Education,57,21,-36,0.0002,0.0001,-0.01
T11893,German Literature and Culture Studies,29,49,20,0.0001,0.0002,0.01
T12002,"Computability, Logic, AI Algorithms",50,28,-22,0.0002,0.0001,-0.01
T12006,Ergonomics and Musculoskeletal Disorders,19,59,40,0.0001,0.0002,0.01
T12283,Latin American history and culture,35,43,8,0.0001,0.0002,0.0
T12316,Oil Spill Detection and Mitigation,21,57,36,0.0001,0.0002,0.01
T12463,Amoebic Infections and Treatments,49,29,-20,0.0002,0.0001,-0.01
T12841,Echinoderm biology and ecology,21,57,36,0.0001,0.0002,0.01
T12996,Cancer Research and Treatments,71,7,-64,0.0003,0.0,-0.02
T13960,"Dietetics, Nutrition, and Education",43,35,-8,0.0002,0.0001,-0.0
T10219,Mechanical Behavior of Composites,30,47,17,0.0001,0.0002,0.01
T10328,Supply Chain and Inventory Management,27,50,23,0.0001,0.0002,0.01
T10389,Polymer crystallization and properties,26,51,25,0.0001,0.0002,0.01
T10618,Aortic Disease and Treatment Approaches,38,39,1,0.0001,0.0001,0.0
T10700,Metal Forming Simulation Techniques,39,38,-1,0.0001,0.0001,-0.0
T10834,Welding Techniques and Residual Stresses,43,34,-9,0.0002,0.0001,-0.0
T11159,Manufacturing Process and Optimization,58,19,-39,0.0002,0.0001,-0.01
T11168,International Development and Aid,52,25,-27,0.0002,0.0001,-0.01
T11407,Innovative Microfluidic and Catalytic Techniques Innovation,57,20,-37,0.0002,0.0001,-0.01
T11503,Cytokine Signaling Pathways and Interactions,44,33,-11,0.0002,0.0001,-0.0
T11670,Pressure Ulcer Prevention and Management,48,29,-19,0.0002,0.0001,-0.01
T11711,COVID-19 Pandemic Impacts,48,29,-19,0.0002,0.0001,-0.01
T11875,Statistics Education and Methodologies,36,41,5,0.0001,0.0002,0.0
T12056,Markov Chains and Monte Carlo Methods,29,48,19,0.0001,0.0002,0.01
T12491,Superconductivity in MgB2 and Alloys,47,30,-17,0.0002,0.0001,-0.01
T12620,Signaling Pathways in Disease,59,18,-41,0.0002,0.0001,-0.02
T12727,Differential Equations and Numerical Methods,45,32,-13,0.0002,0.0001,-0.0
T10719,3D Shape Modeling and Analysis,30,46,16,0.0001,0.0002,0.01
T11232,Urinary Tract Infections Management,30,46,16,0.0001,0.0002,0.01
T11513,stochastic dynamics and bifurcation,51,25,-26,0.0002,0.0001,-0.01
T11631,"Retirement, Disability, and Employment",41,35,-6,0.0002,0.0001,-0.0
T11752,Cancer Treatment and Pharmacology,54,22,-32,0.0002,0.0001,-0.01
T12075,Sodium Intake and Health,42,34,-8,0.0002,0.0001,-0.0
T12173,Body Contouring and Surgery,46,30,-16,0.0002,0.0001,-0.01
T12231,Contemporary Sociological Theory and Practice,33,43,10,0.0001,0.0002,0.0
T12682,Smart Materials for Construction,57,19,-38,0.0002,0.0001,-0.01
T13702,Machine Learning in Healthcare,40,36,-4,0.0001,0.0001,-0.0
T10100,Metaheuristic Optimization Algorithms Research,17,58,41,0.0001,0.0002,0.02
T10852,Temporomandibular Joint Disorders,37,38,1,0.0001,0.0001,0.0
T10928,Probabilistic and Robust Engineering Design,57,18,-39,0.0002,0.0001,-0.01
T10995,Methane Hydrates and Related Phenomena,59,16,-43,0.0002,0.0001,-0.02
T11231,Microbial Fuel Cells and Bioremediation,41,34,-7,0.0002,0.0001,-0.0
T11305,"Amyloidosis: Diagnosis, Treatment, Outcomes",35,40,5,0.0001,0.0001,0.0
T11551,Infective Endocarditis Diagnosis and Management,34,41,7,0.0001,0.0002,0.0
T11746,Inorganic and Organometallic Chemistry,19,56,37,0.0001,0.0002,0.01
T12031,Speech and dialogue systems,25,50,25,0.0001,0.0002,0.01
T12118,Forest Biomass Utilization and Management,31,44,13,0.0001,0.0002,0.0
T12772,Control and Stability of Dynamical Systems,41,34,-7,0.0002,0.0001,-0.0
T12773,Water Quality and Resources Studies,36,39,3,0.0001,0.0001,0.0
T13551,Biochemical effects in animals,74,1,-73,0.0003,0.0,-0.03
T10532,Molecular Sensors and Ion Detection,48,26,-22,0.0002,0.0001,-0.01
T10542,Vestibular and auditory disorders,41,33,-8,0.0002,0.0001,-0.0
T10559,Particle Accelerators and Free-Electron Lasers,45,29,-16,0.0002,0.0001,-0.01
T10899,Advanced Operator Algebra Research,27,47,20,0.0001,0.0002,0.01
T10980,Vascular Malformations and Hemangiomas,37,37,0,0.0001,0.0001,0.0
T10992,Forensic Anthropology and Bioarchaeology Studies,47,27,-20,0.0002,0.0001,-0.01
T11083,Cardiac Health and Mental Health,47,27,-20,0.0002,0.0001,-0.01
T11431,Action Observation and Synchronization,44,30,-14,0.0002,0.0001,-0.01
T11473,Appendicitis Diagnosis and Management,42,32,-10,0.0002,0.0001,-0.0
T11908,Protein Interaction Studies and Fluorescence Analysis,30,44,14,0.0001,0.0002,0.01
T11977,Technology Use by Older Adults,37,37,0,0.0001,0.0001,0.0
T12140,Renal and related cancers,48,26,-22,0.0002,0.0001,-0.01
T12574,Clinical Reasoning and Diagnostic Skills,27,47,20,0.0001,0.0002,0.01
T12934,Plant and fungal interactions,60,14,-46,0.0002,0.0001,-0.02
T13112,Nutrition and Health Studies,4,70,66,0.0,0.0003,0.02
T13315,Occupational Health and Safety in Workplaces,1,73,72,0.0,0.0003,0.03
T13481,Neurological diseases and metabolism,65,9,-56,0.0002,0.0,-0.02
T10080,Energy Efficient Wireless Sensor Networks,36,37,1,0.0001,0.0001,0.0
T10203,Recommender Systems and Techniques,29,44,15,0.0001,0.0002,0.01
T10424,Electric Power System Optimization,30,43,13,0.0001,0.0002,0.0
T10510,Stroke Rehabilitation and Recovery,35,38,3,0.0001,0.0001,0.0
T10715,Distributed and Parallel Computing Systems,55,18,-37,0.0002,0.0001,-0.01
T11055,Cardiac and Coronary Surgery Techniques,21,52,31,0.0001,0.0002,0.01
T11158,Wireless Networks and Protocols,35,38,3,0.0001,0.0001,0.0
T11420,Geographies of human-animal interactions,54,19,-35,0.0002,0.0001,-0.01
T11606,Infrastructure Maintenance and Monitoring,55,18,-37,0.0002,0.0001,-0.01
T11803,Superconducting and THz Device Technology,39,34,-5,0.0001,0.0001,-0.0
T11855,Gastrointestinal disorders and treatments,49,24,-25,0.0002,0.0001,-0.01
T11929,Cerebral Venous Sinus Thrombosis,39,34,-5,0.0001,0.0001,-0.0
T11984,Anatomy and Medical Technology,30,43,13,0.0001,0.0002,0.0
T12599,Retinal and Optic Conditions,58,15,-43,0.0002,0.0001,-0.02
T12613,X-ray Diffraction in Crystallography,36,37,1,0.0001,0.0001,0.0
T12728,Demographic Trends and Gender Preferences,63,10,-53,0.0002,0.0,-0.02
T13801,Urban Arborization and Environmental Studies,3,70,67,0.0,0.0003,0.02
T14144,Neurological Disease Mechanisms and Treatments,52,21,-31,0.0002,0.0001,-0.01
T14437,Ethics and Legal Issues in Pediatric Healthcare,46,27,-19,0.0002,0.0001,-0.01
T10535,Landslides and related hazards,50,22,-28,0.0002,0.0001,-0.01
T10662,Ultrasonics and Acoustic Wave Propagation,40,32,-8,0.0001,0.0001,-0.0
T10783,Additive Manufacturing and 3D Printing Technologies,43,29,-14,0.0002,0.0001,-0.01
T10901,Advanced Data Compression Techniques,30,42,12,0.0001,0.0002,0.0
T10947,Fluorine in Organic Chemistry,43,29,-14,0.0002,0.0001,-0.01
T11345,Cognitive and developmental aspects of mathematical skills,46,26,-20,0.0002,0.0001,-0.01
T11445,Origins and Evolution of Life,46,26,-20,0.0002,0.0001,-0.01
T11694,Fluid Dynamics Simulations and Interactions,47,25,-22,0.0002,0.0001,-0.01
T11824,Injury Epidemiology and Prevention,44,28,-16,0.0002,0.0001,-0.01
T12009,Hedgehog Signaling Pathway Studies,51,21,-30,0.0002,0.0001,-0.01
T12030,S100 Proteins and Annexins,61,11,-50,0.0002,0.0,-0.02
T12186,Phosphorus and nutrient management,54,18,-36,0.0002,0.0001,-0.01
T12275,Gender and Feminist Studies,1,71,70,0.0,0.0003,0.03
T12915,Biochemical Acid Research Studies,55,17,-38,0.0002,0.0001,-0.01
T10024,TiO2 Photocatalysis and Solar Cells,26,45,19,0.0001,0.0002,0.01
T10405,Advanced Polymer Synthesis and Characterization,30,41,11,0.0001,0.0002,0.0
T11351,Catalysis and Hydrodesulfurization Studies,50,21,-29,0.0002,0.0001,-0.01
T11548,Sexual Assault and Victimization Studies,36,35,-1,0.0001,0.0001,-0.0
T11654,Advanced Mathematical Physics Problems,31,40,9,0.0001,0.0001,0.0
T11992,CCD and CMOS Imaging Sensors,43,28,-15,0.0002,0.0001,-0.01
T12185,Regulation and Compliance Studies,34,37,3,0.0001,0.0001,0.0
T12200,Heusler alloys: electronic and magnetic properties,29,42,13,0.0001,0.0002,0.0
T12209,Bone and Joint Diseases,41,30,-11,0.0002,0.0001,-0.0
T12473,Pacific and Southeast Asian Studies,39,32,-7,0.0001,0.0001,-0.0
T12788,Space Science and Extraterrestrial Life,46,25,-21,0.0002,0.0001,-0.01
T13506,Botanical Research and Chemistry,68,3,-65,0.0003,0.0,-0.02
T10239,Urban Planning and Governance,16,54,38,0.0001,0.0002,0.01
T10461,Gas Sensing Nanomaterials and Sensors,43,27,-16,0.0002,0.0001,-0.01
T10496,Pharmaceutical Practices and Patient Outcomes,47,23,-24,0.0002,0.0001,-0.01
T10758,Cinema and Media Studies,40,30,-10,0.0001,0.0001,-0.0
T11509,Hip and Femur Fractures,45,25,-20,0.0002,0.0001,-0.01
T11545,Advanced Banach Space Theory,18,52,34,0.0001,0.0002,0.01
T11625,Abdominal vascular conditions and treatments,24,46,22,0.0001,0.0002,0.01
T11683,Quantum and Classical Electrodynamics,15,55,40,0.0001,0.0002,0.01
T11736,Histone Deacetylase Inhibitors Research,46,24,-22,0.0002,0.0001,-0.01
T11987,COVID-19 Impact on Reproduction,46,24,-22,0.0002,0.0001,-0.01
T11999,Empathy and Medical Education,44,26,-18,0.0002,0.0001,-0.01
T12026,Explainable Artificial Intelligence (XAI),27,43,16,0.0001,0.0002,0.01
T12076,Renaissance and Early Modern Studies,25,45,20,0.0001,0.0002,0.01
T12409,Reformation and Early Modern Christianity,55,15,-40,0.0002,0.0001,-0.01
T12745,Dietary Effects on Health,35,35,0,0.0001,0.0001,0.0
T13096,Family and Matrimonial Law,4,66,62,0.0,0.0002,0.02
T13160,Synthesis and Biological Evaluation,62,8,-54,0.0002,0.0,-0.02
T13944,Psychiatric care and mental health services,21,49,28,0.0001,0.0002,0.01
T10637,Advanced Clustering Algorithms Research,17,52,35,0.0001,0.0002,0.01
T10780,Reliability and Maintenance Optimization,17,52,35,0.0001,0.0002,0.01
T11203,Jewish and Middle Eastern Studies,48,21,-27,0.0002,0.0001,-0.01
T11241,Advanced Malware Detection Techniques,53,16,-37,0.0002,0.0001,-0.01
T11566,Laser Applications in Dentistry and Medicine,38,31,-7,0.0001,0.0001,-0.0
T11806,Service-Learning and Community Engagement,46,23,-23,0.0002,0.0001,-0.01
T12015,Photoacoustic and Ultrasonic Imaging,47,22,-25,0.0002,0.0001,-0.01
T12306,Urban and Freight Transport Logistics,32,37,5,0.0001,0.0001,0.0
T12385,Food Quality and Safety Studies,64,5,-59,0.0002,0.0,-0.02
T12521,Death Anxiety and Social Exclusion,39,30,-9,0.0001,0.0001,-0.0
T12547,Pharmaceutical studies and practices,52,17,-35,0.0002,0.0001,-0.01
T13398,Data Analysis with R,46,23,-23,0.0002,0.0001,-0.01
T14499,Livestock Farming and Management,8,61,53,0.0,0.0002,0.02
T10162,Online and Blended Learning,35,33,-2,0.0001,0.0001,-0.0
T11039,Evaluation of Teaching Practices,28,40,12,0.0001,0.0001,0.0
T11273,Advanced Graph Neural Networks,34,34,0,0.0001,0.0001,0.0
T11281,Asymmetric Hydrogenation and Catalysis,58,10,-48,0.0002,0.0,-0.02
T11386,Bee Products Chemical Analysis,49,19,-30,0.0002,0.0001,-0.01
T11526,Innovative Teaching Methods,39,29,-10,0.0001,0.0001,-0.0
T11589,Gynecological conditions and treatments,36,32,-4,0.0001,0.0001,-0.0
T11616,Autoimmune and Inflammatory Disorders Research,35,33,-2,0.0001,0.0001,-0.0
T11673,Advanced Topics in Algebra,53,15,-38,0.0002,0.0001,-0.01
T11816,Nursing Roles and Practices,24,44,20,0.0001,0.0002,0.01
T11883,Embodied and Extended Cognition,35,33,-2,0.0001,0.0001,-0.0
T12013,Sustainable Development and Environmental Policy,40,28,-12,0.0001,0.0001,-0.0
T12085,Collagen: Extraction and Characterization,27,41,14,0.0001,0.0002,0.01
T12136,Vanadium and Halogenation Chemistry,41,27,-14,0.0002,0.0001,-0.01
T12280,Magnesium in Health and Disease,35,33,-2,0.0001,0.0001,-0.0
T12418,Respiratory and Cough-Related Research,29,39,10,0.0001,0.0001,0.0
T12424,Earthquake Detection and Analysis,47,21,-26,0.0002,0.0001,-0.01
T12762,Crystallography and Radiation Phenomena,55,13,-42,0.0002,0.0,-0.02
T10040,Adaptive Control of Nonlinear Systems,30,37,7,0.0001,0.0001,0.0
T10735,Mesoporous Materials and Catalysis,41,26,-15,0.0002,0.0001,-0.01
T10754,Neuroendocrine Tumor Research Advances,38,29,-9,0.0001,0.0001,-0.0
T10961,Hernia repair and management,38,29,-9,0.0001,0.0001,-0.0
T11045,"Privacy, Security, and Data Protection",37,30,-7,0.0001,0.0001,-0.0
T11053,Process Optimization and Integration,38,29,-9,0.0001,0.0001,-0.0
T11512,Anomaly Detection Techniques and Applications,51,16,-35,0.0002,0.0001,-0.01
T11554,Vascular Procedures and Complications,31,36,5,0.0001,0.0001,0.0
T12025,Hepatitis Viruses Studies and Epidemiology,43,24,-19,0.0002,0.0001,-0.01
T12208,Occupational exposure and asthma,29,38,9,0.0001,0.0001,0.0
T12448,Paranormal Experiences and Beliefs,31,36,5,0.0001,0.0001,0.0
T12534,Protein Degradation and Inhibitors,44,23,-21,0.0002,0.0001,-0.01
T12672,Phagocytosis and Immune Regulation,40,27,-13,0.0001,0.0001,-0.0
T12816,Global Public Health Policies and Epidemiology,30,37,7,0.0001,0.0001,0.0
T12912,"Shakespeare, Adaptation, and Literary Criticism",30,37,7,0.0001,0.0001,0.0
T13522,Cardiovascular Health and Risk Factors,35,32,-3,0.0001,0.0001,-0.0
T14249,Water Quality Monitoring and Analysis,50,17,-33,0.0002,0.0001,-0.01
T10525,Human-Automation Interaction and Safety,33,33,0,0.0001,0.0001,0.0
T10531,Advanced Vision and Imaging,41,25,-16,0.0002,0.0001,-0.01
T10670,Aluminum Alloy Microstructure Properties,27,39,12,0.0001,0.0001,0.0
T10781,Plasma Diagnostics and Applications,42,24,-18,0.0002,0.0001,-0.01
T11227,Diabetic Foot Ulcer Assessment and Management,43,23,-20,0.0002,0.0001,-0.01
T11261,Quantum chaos and dynamical systems,53,13,-40,0.0002,0.0,-0.01
T11388,"Grief, Bereavement, and Mental Health",41,25,-16,0.0002,0.0001,-0.01
T11401,Minerals Flotation and Separation Techniques,38,28,-10,0.0001,0.0001,-0.0
T11440,Click Chemistry and Applications,43,23,-20,0.0002,0.0001,-0.01
T11706,Forensic Entomology and Diptera Studies,50,16,-34,0.0002,0.0001,-0.01
T11926,Subterranean biodiversity and taxonomy,58,8,-50,0.0002,0.0,-0.02
T12330,Botanical Research and Applications,61,5,-56,0.0002,0.0,-0.02
T12741,Maternal and Neonatal Healthcare,2,64,62,0.0,0.0002,0.02
T13151,Business Strategies and Innovation,61,5,-56,0.0002,0.0,-0.02
T13427,Latin American Literature Analysis,3,63,60,0.0,0.0002,0.02
T13639,Paraquat toxicity studies and treatments,35,31,-4,0.0001,0.0001,-0.0
T13650,Computational Physics and Python Applications,57,9,-48,0.0002,0.0,-0.02
T10592,Fusion materials and technologies,21,44,23,0.0001,0.0002,0.01
T11148,"Language, Metaphor, and Cognition",54,11,-43,0.0002,0.0,-0.02
T11336,Energy and Environment Impacts,46,19,-27,0.0002,0.0001,-0.01
T11452,Oral Health Pathology and Treatment,32,33,1,0.0001,0.0001,0.0
T11538,Ophthalmology and Eye Disorders,28,37,9,0.0001,0.0001,0.0
T11600,Brain Metastases and Treatment,32,33,1,0.0001,0.0001,0.0
T11878,Solid-state spectroscopy and crystallography,36,29,-7,0.0001,0.0001,-0.0
T11945,Heat Transfer Mechanisms,37,28,-9,0.0001,0.0001,-0.0
T12012,Diatoms and Algae Research,61,4,-57,0.0002,0.0,-0.02
T12331,Hereditary Neurological Disorders,33,32,-1,0.0001,0.0001,-0.0
T12333,Abdominal Surgery and Complications,40,25,-15,0.0001,0.0001,-0.01
T13042,Economic and Fiscal Studies,3,62,59,0.0,0.0002,0.02
T13641,Historical Studies and Socio-cultural Analysis,56,9,-47,0.0002,0.0,-0.02
T10399,Hydrocarbon exploration and reservoir analysis,54,10,-44,0.0002,0.0,-0.02
T10462,Reinforcement Learning in Robotics,23,41,18,0.0001,0.0002,0.01
T10864,Fluid Dynamics and Mixing,19,45,26,0.0001,0.0002,0.01
T10904,Embedded Systems Design Techniques,27,37,10,0.0001,0.0001,0.0
T12053,Minimally Invasive Surgical Techniques,23,41,18,0.0001,0.0002,0.01
T12069,Commutative Algebra and Its Applications,37,27,-10,0.0001,0.0001,-0.0
T12106,Surface Treatment and Residual Stress,20,44,24,0.0001,0.0002,0.01
T12918,Healthcare Systems and Technology,50,14,-36,0.0002,0.0001,-0.01
T13463,Nanoporous metals and alloys,38,26,-12,0.0001,0.0001,-0.0
T13552,Advanced Materials Characterization Techniques,53,11,-42,0.0002,0.0,-0.02
T10067,Stochastic processes and financial applications,34,29,-5,0.0001,0.0001,-0.0
T10534,Structural Health Monitoring Techniques,50,13,-37,0.0002,0.0,-0.01
T10541,Nonlinear Differential Equations Analysis,19,44,25,0.0001,0.0002,0.01
T10731,Educational Games and Gamification,35,28,-7,0.0001,0.0001,-0.0
T10874,Electromagnetic Fields and Biological Effects,12,51,39,0.0,0.0002,0.01
T11166,Analytic Number Theory Research,20,43,23,0.0001,0.0002,0.01
T11257,Taxation and Compliance Studies,44,19,-25,0.0002,0.0001,-0.01
T11405,Geophysics and Gravity Measurements,45,18,-27,0.0002,0.0001,-0.01
T11573,Risk Perception and Management,27,36,9,0.0001,0.0001,0.0
T11598,Internet Traffic Analysis and Secure E-voting,37,26,-11,0.0001,0.0001,-0.0
T11699,High-Velocity Impact and Material Behavior,28,35,7,0.0001,0.0001,0.0
T11888,Gender Roles and Identity Studies,35,28,-7,0.0001,0.0001,-0.0
T12237,Congenital gastrointestinal and neural anomalies,35,28,-7,0.0001,0.0001,-0.0
T12248,Water Governance and Infrastructure,25,38,13,0.0001,0.0001,0.0
T12539,Pharmacology and Obesity Treatment,42,21,-21,0.0002,0.0001,-0.01
T12663,Body Image and Dysmorphia Studies,51,12,-39,0.0002,0.0,-0.01
T13173,Gender Studies in Language,30,33,3,0.0001,0.0001,0.0
T13284,Psychology Research and Bibliometrics,1,62,61,0.0,0.0002,0.02
T14124,"Food, Nutrition, and Cultural Practices",7,56,49,0.0,0.0002,0.02
T10115,Corporate Social Responsibility Reporting,15,47,32,0.0001,0.0002,0.01
T11084,Workplace Health and Well-being,36,26,-10,0.0001,0.0001,-0.0
T11620,Medication Adherence and Compliance,25,37,12,0.0001,0.0001,0.0
T11737,Advanced Materials and Mechanics,34,28,-6,0.0001,0.0001,-0.0
T11782,Magnetic Properties of Alloys,30,32,2,0.0001,0.0001,0.0
T11923,Mine drainage and remediation techniques,42,20,-22,0.0002,0.0001,-0.01
T11980,Human Mobility and Location-Based Analysis,38,24,-14,0.0001,0.0001,-0.01
T12301,Facial Nerve Paralysis Treatment and Research,37,25,-12,0.0001,0.0001,-0.0
T12433,Skin Diseases and Diabetes,30,32,2,0.0001,0.0001,0.0
T12895,Environmental law and policy,26,36,10,0.0001,0.0001,0.0
T13018,Seismology and Earthquake Studies,37,25,-12,0.0001,0.0001,-0.0
T13157,Cancer-related gene regulation,52,10,-42,0.0002,0.0,-0.02
T13400,Mathematical and Theoretical Analysis,20,42,22,0.0001,0.0002,0.01
T14030,Taxation and Legal Issues,37,25,-12,0.0001,0.0001,-0.0
T10796,Cooperative Communication and Network Coding,36,25,-11,0.0001,0.0001,-0.0
T10951,Cryptographic Implementations and Security,24,37,13,0.0001,0.0001,0.0
T11078,Inflammasome and immune disorders,35,26,-9,0.0001,0.0001,-0.0
T11248,Advanced Power Amplifier Design,21,40,19,0.0001,0.0001,0.01
T11484,Adaptive optics and wavefront sensing,30,31,1,0.0001,0.0001,0.0
T11492,Academic integrity and plagiarism,16,45,29,0.0001,0.0002,0.01
T11675,Open Source Software Innovations,29,32,3,0.0001,0.0001,0.0
T12029,DNA and Biological Computing,24,37,13,0.0001,0.0001,0.0
T13069,Cocoa and Sweet Potato Agronomy,48,13,-35,0.0002,0.0,-0.01
T13116,Heat Transfer and Numerical Methods,13,48,35,0.0,0.0002,0.01
T13191,Dispute Resolution and Class Actions,20,41,21,0.0001,0.0002,0.01
T13396,Agriculture and Rural Development Research,50,11,-39,0.0002,0.0,-0.01
T10348,"Indigenous Health, Education, and Rights",30,30,0,0.0001,0.0001,0.0
T10502,Advanced Memory and Neural Computing,38,22,-16,0.0001,0.0001,-0.01
T10572,Geophysical and Geoelectrical Methods,32,28,-4,0.0001,0.0001,-0.0
T10575,Wireless Communication Networks Research,35,25,-10,0.0001,0.0001,-0.0
T10687,Innovative concrete reinforcement materials,26,34,8,0.0001,0.0001,0.0
T10711,Target Tracking and Data Fusion in Sensor Networks,26,34,8,0.0001,0.0001,0.0
T11113,Music History and Culture,32,28,-4,0.0001,0.0001,-0.0
T11233,Advanced Adaptive Filtering Techniques,24,36,12,0.0001,0.0001,0.0
T11239,Social Capital and Networks,45,15,-30,0.0002,0.0001,-0.01
T11417,Advancements in PLL and VCO Technologies,31,29,-2,0.0001,0.0001,-0.0
T11494,Coleoptera Taxonomy and Distribution,16,44,28,0.0001,0.0002,0.01
T11527,3D IC and TSV technologies,31,29,-2,0.0001,0.0001,-0.0
T11666,Color Science and Applications,31,29,-2,0.0001,0.0001,-0.0
T11727,Advanced Algebra and Logic,41,19,-22,0.0002,0.0001,-0.01
T12058,Allelopathy and phytotoxic interactions,37,23,-14,0.0001,0.0001,-0.01
T12113,Growth and nutrition in plants,45,15,-30,0.0002,0.0001,-0.01
T12117,Muscle and Compartmental Disorders,39,21,-18,0.0001,0.0001,-0.01
T12225,Political Influence and Corporate Strategies,37,23,-14,0.0001,0.0001,-0.01
T12308,Mental Health and Psychiatry,41,19,-22,0.0002,0.0001,-0.01
T13604,"Adsorption, diffusion, and thermodynamic properties of materials",9,51,42,0.0,0.0002,0.02
T10050,Multi-Criteria Decision Making,24,35,11,0.0001,0.0001,0.0
T10959,Student Assessment and Feedback,23,36,13,0.0001,0.0001,0.0
T11110,Stability and Controllability of Differential Equations,27,32,5,0.0001,0.0001,0.0
T11185,Integrated Energy Systems Optimization,21,38,17,0.0001,0.0001,0.01
T11409,Advanced Wireless Network Optimization,29,30,1,0.0001,0.0001,0.0
T11785,Nausea and vomiting management,27,32,5,0.0001,0.0001,0.0
T11787,Oral and Maxillofacial Pathology,42,17,-25,0.0002,0.0001,-0.01
T11936,Chemical and Physical Properties in Aqueous Solutions,35,24,-11,0.0001,0.0001,-0.0
T12066,Obesity and Health Practices,44,15,-29,0.0002,0.0001,-0.01
T12450,Radio Astronomy Observations and Technology,36,23,-13,0.0001,0.0001,-0.0
T12524,Chemical Synthesis and Characterization,43,16,-27,0.0002,0.0001,-0.01
T12960,Heterotopic Ossification and Related Conditions,30,29,-1,0.0001,0.0001,-0.0
T13168,Plant Ecology and Taxonomy Studies,34,25,-9,0.0001,0.0001,-0.0
T13326,Biochemical and Structural Characterization,43,16,-27,0.0002,0.0001,-0.01
T13365,Medical and Biological Ozone Research,57,2,-55,0.0002,0.0,-0.02
T13939,Archaeology and Natural History,59,0,-59,0.0002,0.0,-0.02
T14137,"Agriculture, Soil, Plant Science",40,19,-21,0.0001,0.0001,-0.01
T10377,Metal and Thin Film Mechanics,46,12,-34,0.0002,0.0,-0.01
T10609,Digital Marketing and Social Media,33,25,-8,0.0001,0.0001,-0.0
T11533,Melanoma and MAPK Pathways,36,22,-14,0.0001,0.0001,-0.01
T11916,Legionella and Acanthamoeba research,38,20,-18,0.0001,0.0001,-0.01
T11962,Cardiac Fibrosis and Remodeling,21,37,16,0.0001,0.0001,0.01
T12065,Hippo pathway signaling and YAP/TAZ,38,20,-18,0.0001,0.0001,-0.01
T12182,Evolution and Science Education,42,16,-26,0.0002,0.0001,-0.01
T12443,Delphi Technique in Research,42,16,-26,0.0002,0.0001,-0.01
T12697,Water Quality Monitoring Technologies,45,13,-32,0.0002,0.0,-0.01
T12819,Environmental Philosophy and Ethics,26,32,6,0.0001,0.0001,0.0
T13123,Advances in Oncology and Radiotherapy,43,15,-28,0.0002,0.0001,-0.01
T13286,Modeling and Simulation Systems,9,49,40,0.0,0.0002,0.01
T10210,Advanced oxidation water treatment,21,36,15,0.0001,0.0001,0.01
T10271,Seismic Imaging and Inversion Techniques,41,16,-25,0.0002,0.0001,-0.01
T10624,Silicon and Solar Cell Technologies,21,36,15,0.0001,0.0001,0.01
T11021,ECG Monitoring and Analysis,29,28,-1,0.0001,0.0001,-0.0
T11035,Salivary Gland Tumors Diagnosis and Treatment,42,15,-27,0.0002,0.0001,-0.01
T11089,Radioactive contamination and transfer,37,20,-17,0.0001,0.0001,-0.01
T11143,High Entropy Alloys Studies,25,32,7,0.0001,0.0001,0.0
T11832,Doctoral Education Challenges and Solutions,14,43,29,0.0001,0.0002,0.01
T11867,Traumatic Ocular and Foreign Body Injuries,38,19,-19,0.0001,0.0001,-0.01
T11919,dental development and anomalies,42,15,-27,0.0002,0.0001,-0.01
T11961,Neonatal and Maternal Infections,15,42,27,0.0001,0.0002,0.01
T12017,Recycling and Waste Management Techniques,38,19,-19,0.0001,0.0001,-0.01
T12290,Human Motion and Animation,24,33,9,0.0001,0.0001,0.0
T12496,Color perception and design,49,8,-41,0.0002,0.0,-0.02
T12654,Xenotransplantation and immune response,33,24,-9,0.0001,0.0001,-0.0
T12860,Family and Patient Care in Intensive Care Units,47,10,-37,0.0002,0.0,-0.01
T12876,Potassium and Related Disorders,27,30,3,0.0001,0.0001,0.0
T12982,Legal principles and applications,31,26,-5,0.0001,0.0001,-0.0
T13467,Drug-Induced Ocular Toxicity,27,30,3,0.0001,0.0001,0.0
T13951,Fluid dynamics and aerodynamics studies,11,46,35,0.0,0.0002,0.01
T10326,Indoor and Outdoor Localization Technologies,36,20,-16,0.0001,0.0001,-0.01
T10431,Ethnobotanical and Medicinal Plants Studies,26,30,4,0.0001,0.0001,0.0
T10660,Conducting polymers and applications,39,17,-22,0.0001,0.0001,-0.01
T11087,Solidification and crystal growth phenomena,13,43,30,0.0,0.0002,0.01
T11139,"Gout, Hyperuricemia, Uric Acid",31,25,-6,0.0001,0.0001,-0.0
T11188,Coagulation and Flocculation Studies,25,31,6,0.0001,0.0001,0.0
T11507,Religion and Society Interactions,32,24,-8,0.0001,0.0001,-0.0
T11570,Periodontal Regeneration and Treatments,35,21,-14,0.0001,0.0001,-0.01
T11713,Genital Health and Disease,35,21,-14,0.0001,0.0001,-0.01
T11910,Foreign Body Medical Cases,24,32,8,0.0001,0.0001,0.0
T12035,Pain Management and Placebo Effect,35,21,-14,0.0001,0.0001,-0.01
T12071,Marine Biology and Environmental Chemistry,52,4,-48,0.0002,0.0,-0.02
T12163,Aerosol Filtration and Electrostatic Precipitation,29,27,-2,0.0001,0.0001,-0.0
T12226,Neuroblastoma Research and Treatments,38,18,-20,0.0001,0.0001,-0.01
T12291,Pericarditis and Cardiac Tamponade,29,27,-2,0.0001,0.0001,-0.0
T13508,Agricultural Economics and Practices,12,44,32,0.0,0.0002,0.01
T13759,Medical Imaging and Pathology Studies,52,4,-48,0.0002,0.0,-0.02
T11076,Policing Practices and Perceptions,7,48,41,0.0,0.0002,0.02
T11254,Fluid Dynamics and Vibration Analysis,34,21,-13,0.0001,0.0001,-0.0
T11363,Dental Radiography and Imaging,16,39,23,0.0001,0.0001,0.01
T11432,Gender Politics and Representation,31,24,-7,0.0001,0.0001,-0.0
T11728,Thyroid and Parathyroid Surgery,20,35,15,0.0001,0.0001,0.01
T11831,Chemical Synthesis and Reactions,39,16,-23,0.0001,0.0001,-0.01
T11874,Structural Response to Dynamic Loads,30,25,-5,0.0001,0.0001,-0.0
T12151,Interpreting and Communication in Healthcare,33,22,-11,0.0001,0.0001,-0.0
T12369,Pneumocystis jirovecii pneumonia detection and treatment,36,19,-17,0.0001,0.0001,-0.01
T12471,History of Science and Natural History,24,31,7,0.0001,0.0001,0.0
T12831,School Health and Nursing Education,13,42,29,0.0,0.0002,0.01
T13030,Survey Sampling and Estimation Techniques,10,45,35,0.0,0.0002,0.01
T13253,Chemical Reactions and Mechanisms,12,43,31,0.0,0.0002,0.01
T13297,History and advancements in chemistry,53,2,-51,0.0002,0.0,-0.02
T10215,Semantic Web and Ontologies,30,24,-6,0.0001,0.0001,-0.0
T10738,Posthumanist Ethics and Activism,35,19,-16,0.0001,0.0001,-0.01
T10871,Catalytic Alkyne Reactions,29,25,-4,0.0001,0.0001,-0.0
T11000,Infection Control in Healthcare,15,39,24,0.0001,0.0001,0.01
T11073,Metal Extraction and Bioleaching,32,22,-10,0.0001,0.0001,-0.0
T11469,Lymphatic System and Diseases,30,24,-6,0.0001,0.0001,-0.0
T11678,Healthcare Decision-Making and Restraints,30,24,-6,0.0001,0.0001,-0.0
T11885,MRI in cancer diagnosis,38,16,-22,0.0001,0.0001,-0.01
T11934,Syphilis Diagnosis and Treatment,32,22,-10,0.0001,0.0001,-0.0
T11954,Energy Efficiency and Management,36,18,-18,0.0001,0.0001,-0.01
T13005,Religious Studies and Spiritual Practices,31,23,-8,0.0001,0.0001,-0.0
T13374,Hematological disorders and diagnostics,36,18,-18,0.0001,0.0001,-0.01
T13842,Intellectual Property Law,7,47,40,0.0,0.0002,0.01
T14378,Entomological Studies and Ecology,38,16,-22,0.0001,0.0001,-0.01
T10590,Chalcogenide Semiconductor Thin Films,41,12,-29,0.0002,0.0,-0.01
T10597,Nuclear reactor physics and engineering,32,21,-11,0.0001,0.0001,-0.0
T11136,Enzyme-mediated dye degradation,46,7,-39,0.0002,0.0,-0.01
T11302,CO2 Sequestration and Geologic Interactions,27,26,-1,0.0001,0.0001,-0.0
T11428,Advanced Mathematical Identities,26,27,1,0.0001,0.0001,0.0
T11792,Pharmaceutical Economics and Policy,22,31,9,0.0001,0.0001,0.0
T12220,Quantum Electrodynamics and Casimir Effect,29,24,-5,0.0001,0.0001,-0.0
T12250,Experimental and Theoretical Physics Studies,35,18,-17,0.0001,0.0001,-0.01
T12292,Graph Theory and Algorithms,28,25,-3,0.0001,0.0001,-0.0
T12344,Silicon Effects in Agriculture,36,17,-19,0.0001,0.0001,-0.01
T12352,Heparin-Induced Thrombocytopenia and Thrombosis,32,21,-11,0.0001,0.0001,-0.0
T13078,Political and Social Dynamics in Chile and Latin America,35,18,-17,0.0001,0.0001,-0.01
T13422,Phytochemistry and biological activities of Ficus species,39,14,-25,0.0001,0.0001,-0.01
T14018,Agriculture and Biological Studies,39,14,-25,0.0001,0.0001,-0.01
T10221,Composite Structure Analysis and Optimization,29,23,-6,0.0001,0.0001,-0.0
T10438,"Energy, Environment, Economic Growth",35,17,-18,0.0001,0.0001,-0.01
T10480,Ionic liquids properties and applications,32,20,-12,0.0001,0.0001,-0.0
T10739,Electromagnetic Scattering and Analysis,32,20,-12,0.0001,0.0001,-0.0
T10849,Finite Group Theory Research,14,38,24,0.0001,0.0001,0.01
T11486,Micro and Nano Robotics,36,16,-20,0.0001,0.0001,-0.01
T11496,Credit Risk and Financial Regulations,23,29,6,0.0001,0.0001,0.0
T11583,Advanced Measurement and Metrology Techniques,26,26,0,0.0001,0.0001,0.0
T11920,Pulsed Power Technology Applications,10,42,32,0.0,0.0002,0.01
T12107,Leprosy Research and Treatment,26,26,0,0.0001,0.0001,0.0
T12261,Statistical Mechanics and Entropy,33,19,-14,0.0001,0.0001,-0.01
T12405,Characterization and Applications of Magnetic Nanoparticles,20,32,12,0.0001,0.0001,0.0
T12777,"Philosophy, History, and Historiography",14,38,24,0.0001,0.0001,0.01
T12820,Chromatin Remodeling and Cancer,35,17,-18,0.0001,0.0001,-0.01
T12879,Distributed Sensor Networks and Detection Algorithms,29,23,-6,0.0001,0.0001,-0.0
T12976,Magnetic and Electromagnetic Effects,50,2,-48,0.0002,0.0,-0.02
T13391,Innovations in Aquaponics and Hydroponics Systems,20,32,12,0.0001,0.0001,0.0
T13414,Radioactive Decay and Measurement Techniques,18,34,16,0.0001,0.0001,0.01
T13838,Plant and soil sciences,23,29,6,0.0001,0.0001,0.0
T10244,Chaos control and synchronization,24,27,3,0.0001,0.0001,0.0
T10415,International Business and FDI,14,37,23,0.0001,0.0001,0.01
T10533,Teaching and Learning Programming,15,36,21,0.0001,0.0001,0.01
T10967,Carbon Dioxide Capture Technologies,28,23,-5,0.0001,0.0001,-0.0
T11140,Natural Antidiabetic Agents Studies,16,35,19,0.0001,0.0001,0.01
T11212,Cultural Heritage Materials Analysis,16,35,19,0.0001,0.0001,0.01
T11225,Geothermal Energy Systems and Applications,26,25,-1,0.0001,0.0001,-0.0
T11292,Pediatric Pain Management Techniques,36,15,-21,0.0001,0.0001,-0.01
T11381,Infectious Diseases and Tuberculosis,29,22,-7,0.0001,0.0001,-0.0
T11402,Vascular Malformations Diagnosis and Treatment,30,21,-9,0.0001,0.0001,-0.0
T11429,Semiconductor Lasers and Optical Devices,28,23,-5,0.0001,0.0001,-0.0
T11529,Refrigeration and Air Conditioning Technologies,17,34,17,0.0001,0.0001,0.01
T11563,Indian and Buddhist Studies,19,32,13,0.0001,0.0001,0.0
T12040,International Arbitration and Investment Law,35,16,-19,0.0001,0.0001,-0.01
T12110,Bone and Dental Protein Studies,38,13,-25,0.0001,0.0,-0.01
T12112,Ammonia Synthesis and Nitrogen Reduction,35,16,-19,0.0001,0.0001,-0.01
T12227,Environmental and Social Impact Assessments,29,22,-7,0.0001,0.0001,-0.0
T12351,Geometry and complex manifolds,29,22,-7,0.0001,0.0001,-0.0
T12586,"Folklore, Mythology, and Literature Studies",27,24,-3,0.0001,0.0001,-0.0
T12664,Clinical practice guidelines implementation,22,29,7,0.0001,0.0001,0.0
T13735,History of Medical Practice,31,20,-11,0.0001,0.0001,-0.0
T14472,Environmental and Cultural Studies in Latin America and Beyond,36,15,-21,0.0001,0.0001,-0.01
T10306,Liquid Crystal Research Advancements,22,28,6,0.0001,0.0001,0.0
T10444,Context-Aware Activity Recognition Systems,24,26,2,0.0001,0.0001,0.0
T10619,Esophageal Cancer Research and Treatment,29,21,-8,0.0001,0.0001,-0.0
T10775,Generative Adversarial Networks and Image Synthesis,24,26,2,0.0001,0.0001,0.0
T11240,Luminescence and Fluorescent Materials,13,37,24,0.0,0.0001,0.01
T11735,Peripheral Neuropathies and Disorders,27,23,-4,0.0001,0.0001,-0.0
T11773,Healthcare Operations and Scheduling Optimization,22,28,6,0.0001,0.0001,0.0
T11817,"Housing, Finance, and Neoliberalism",40,10,-30,0.0001,0.0,-0.01
T11909,Histiocytic Disorders and Treatments,31,19,-12,0.0001,0.0001,-0.0
T11972,Chromium effects and bioremediation,31,19,-12,0.0001,0.0001,-0.0
T11981,Qualitative Research Methods and Ethics,24,26,2,0.0001,0.0001,0.0
T11989,Oxidative Organic Chemistry Reactions,35,15,-20,0.0001,0.0001,-0.01
T12041,Public Health Policies and Education,31,19,-12,0.0001,0.0001,-0.0
T12476,Intraoperative Neuromonitoring and Anesthetic Effects,24,26,2,0.0001,0.0001,0.0
T12656,"Climate Change, Adaptation, Migration",40,10,-30,0.0001,0.0,-0.01
T12709,Optimization and Mathematical Programming,28,22,-6,0.0001,0.0001,-0.0
T13289,Infant Health and Development,35,15,-20,0.0001,0.0001,-0.01
T13841,Psychology of Social Influence,25,25,0,0.0001,0.0001,0.0
T10161,Rock Mechanics and Modeling,23,26,3,0.0001,0.0001,0.0
T11003,Disability Rights and Representation,10,39,29,0.0,0.0001,0.01
T11298,Synthesis and Properties of Aromatic Compounds,25,24,-1,0.0001,0.0001,-0.0
T11692,Noise Effects and Management,36,13,-23,0.0001,0.0,-0.01
T11732,Assisted Reproductive Technology and Twin Pregnancy,38,11,-27,0.0001,0.0,-0.01
T11822,Analytic and geometric function theory,22,27,5,0.0001,0.0001,0.0
T11966,Silk-based biomaterials and applications,36,13,-23,0.0001,0.0,-0.01
T12098,Rural development and sustainability,27,22,-5,0.0001,0.0001,-0.0
T12355,Genetic and rare skin diseases.,19,30,11,0.0001,0.0001,0.0
T12576,vaccines and immunoinformatics approaches,19,30,11,0.0001,0.0001,0.0
T12659,Innovation Diffusion and Forecasting,30,19,-11,0.0001,0.0001,-0.0
T13718,Media Influence and Politics,19,30,11,0.0001,0.0001,0.0
T13910,Computational and Text Analysis Methods,25,24,-1,0.0001,0.0001,-0.0
T10003,Innovation and Knowledge Management,28,20,-8,0.0001,0.0001,-0.0
T10295,Plasmonic and Surface Plasmon Research,13,35,22,0.0,0.0001,0.01
T10578,Supramolecular Chemistry and Complexes,10,38,28,0.0,0.0001,0.01
T10586,Robotic Path Planning Algorithms,34,14,-20,0.0001,0.0001,-0.01
T10946,Radioactivity and Radon Measurements,20,28,8,0.0001,0.0001,0.0
T11108,Municipal Solid Waste Management,25,23,-2,0.0001,0.0001,-0.0
T11276,Solar Radiation and Photovoltaics,25,23,-2,0.0001,0.0001,-0.0
T11301,Advanced Surface Polishing Techniques,39,9,-30,0.0001,0.0,-0.01
T11534,Erythropoietin and Anemia Treatment,22,26,4,0.0001,0.0001,0.0
T11628,Myeloproliferative Neoplasms: Diagnosis and Treatment,27,21,-6,0.0001,0.0001,-0.0
T11697,Numerical Methods and Algorithms,35,13,-22,0.0001,0.0,-0.01
T11914,PARP inhibition in cancer therapy,29,19,-10,0.0001,0.0001,-0.0
T12054,Menstrual Health and Disorders,19,29,10,0.0001,0.0001,0.0
T12528,"IL-33, ST2, and ILC Pathways",32,16,-16,0.0001,0.0001,-0.01
T12683,Studies on Chitinases and Chitosanases,28,20,-8,0.0001,0.0001,-0.0
T12776,Electrohydrodynamics and Fluid Dynamics,35,13,-22,0.0001,0.0,-0.01
T14078,Multiple and Secondary Primary Cancers,11,37,26,0.0,0.0001,0.01
T14399,Invertebrate Taxonomy and Ecology,15,33,18,0.0001,0.0001,0.01
T10245,Metamaterials and Metasurfaces Applications,22,25,3,0.0001,0.0001,0.0
T10891,Radar Systems and Signal Processing,14,33,19,0.0001,0.0001,0.01
T11025,Nonlinear Optical Materials Research,19,28,9,0.0001,0.0001,0.0
T11234,Precipitation Measurement and Analysis,19,28,9,0.0001,0.0001,0.0
T11364,Cholangiocarcinoma and Gallbladder Cancer Studies,28,19,-9,0.0001,0.0001,-0.0
T11427,Elbow and Forearm Trauma Treatment,23,24,1,0.0001,0.0001,0.0
T11460,Analytical Methods in Pharmaceuticals,20,27,7,0.0001,0.0001,0.0
T11715,Education and Critical Thinking Development,44,3,-41,0.0002,0.0,-0.02
T11794,Early Modern Spanish Literature,20,27,7,0.0001,0.0001,0.0
T11887,Quasicrystal Structures and Properties,29,18,-11,0.0001,0.0001,-0.0
T11890,Scientific Measurement and Uncertainty Evaluation,17,30,13,0.0001,0.0001,0.0
T12246,Chronic Disease Management Strategies,27,20,-7,0.0001,0.0001,-0.0
T12564,Sensor Technology and Measurement Systems,30,17,-13,0.0001,0.0001,-0.0
T12851,Firm Innovation and Growth,36,11,-25,0.0001,0.0,-0.01
T12965,Wildlife Conservation and Criminology Analyses,31,16,-15,0.0001,0.0001,-0.01
T12977,Spanish Literature and Culture Studies,18,29,11,0.0001,0.0001,0.0
T13410,Immune responses and vaccinations,21,26,5,0.0001,0.0001,0.0
T14212,Health Promotion and Cardiovascular Prevention,11,36,25,0.0,0.0001,0.01
T14238,Historical Gender and Feminism Studies,27,20,-7,0.0001,0.0001,-0.0
T10186,Nursing education and management,23,23,0,0.0001,0.0001,0.0
T10551,Scheduling and Optimization Algorithms,22,24,2,0.0001,0.0001,0.0
T10701,Radical Photochemical Reactions,25,21,-4,0.0001,0.0001,-0.0
T10813,Sport Psychology and Performance,13,33,20,0.0,0.0001,0.01
T11005,Radiation Effects in Electronics,23,23,0,0.0001,0.0001,0.0
T11050,Photorefractive and Nonlinear Optics,13,33,20,0.0,0.0001,0.01
T11283,Experimental Learning in Engineering,33,13,-20,0.0001,0.0,-0.01
T11552,"Global trade, sustainability, and social impact",33,13,-20,0.0001,0.0,-0.01
T11621,Fiscal Policies and Political Economy,21,25,4,0.0001,0.0001,0.0
T11917,"Coagulation, Bradykinin, Polyphosphates, and Angioedema",34,12,-22,0.0001,0.0,-0.01
T11940,Layered Double Hydroxides Synthesis and Applications,24,22,-2,0.0001,0.0001,-0.0
T12008,Solar-Powered Water Purification Methods,28,18,-10,0.0001,0.0001,-0.0
T12037,Algebraic and Geometric Analysis,34,12,-22,0.0001,0.0,-0.01
T12713,Forest Ecology and Biodiversity Studies,34,12,-22,0.0001,0.0,-0.01
T13412,Education and Technology Integration,32,14,-18,0.0001,0.0001,-0.01
T13785,Aquatic and Environmental Studies,14,32,18,0.0001,0.0001,0.01
T10927,Access Control and Trust,21,24,3,0.0001,0.0001,0.0
T11348,Celiac Disease Research and Management,27,18,-9,0.0001,0.0001,-0.0
T11397,"Populism, Right-Wing Movements",24,21,-3,0.0001,0.0001,-0.0
T11459,Arctic and Antarctic ice dynamics,31,14,-17,0.0001,0.0001,-0.01
T11478,Caching and Content Delivery,26,19,-7,0.0001,0.0001,-0.0
T11536,Consumer Retail Behavior Studies,31,14,-17,0.0001,0.0001,-0.01
T11547,Sesquiterpenes and Asteraceae Studies,32,13,-19,0.0001,0.0,-0.01
T11748,Organophosphorus compounds synthesis,25,20,-5,0.0001,0.0001,-0.0
T11836,Bryophyte Studies and Records,25,20,-5,0.0001,0.0001,-0.0
T11859,Educator Training and Historical Pedagogy,30,15,-15,0.0001,0.0001,-0.01
T11895,Social and Cultural Dynamics,36,9,-27,0.0001,0.0,-0.01
T11976,Capital Investment and Risk Analysis,18,27,9,0.0001,0.0001,0.0
T12240,Nanomaterials for catalytic reactions,22,23,1,0.0001,0.0001,0.0
T12426,Lymphatic Disorders and Treatments,22,23,1,0.0001,0.0001,0.0
T12600,Eosinophilic Disorders and Syndromes,31,14,-17,0.0001,0.0001,-0.01
T13438,Environmental Conservation and Management,25,20,-5,0.0001,0.0001,-0.0
T13563,Chemical Analysis and Environmental Impact,33,12,-21,0.0001,0.0,-0.01
T14039,Ecology and biodiversity studies,28,17,-11,0.0001,0.0001,-0.0
T14090,Health and Conflict Studies,34,11,-23,0.0001,0.0,-0.01
T14384,Ophthalmology and Visual Health Research,16,29,13,0.0001,0.0001,0.0
T10057,Face and Expression Recognition,23,21,-2,0.0001,0.0001,-0.0
T10145,Consumer Behavior in Brand Consumption and Identification,30,14,-16,0.0001,0.0001,-0.01
T10638,Optical measurement and interference techniques,23,21,-2,0.0001,0.0001,-0.0
T11282,Fibromyalgia and Chronic Fatigue Syndrome Research,25,19,-6,0.0001,0.0001,-0.0
T11579,Cardiovascular and Diving-Related Complications,26,18,-8,0.0001,0.0001,-0.0
T11708,Photochromic and Fluorescence Chemistry,25,19,-6,0.0001,0.0001,-0.0
T12072,Machine Learning and Algorithms,27,17,-10,0.0001,0.0001,-0.0
T12509,Corporate Insolvency and Governance,18,26,8,0.0001,0.0001,0.0
T12626,"Cancer, Stress, Anesthesia, and Immune Response",35,9,-26,0.0001,0.0,-0.01
T12642,Polymer-Based Agricultural Enhancements,31,13,-18,0.0001,0.0,-0.01
T12694,"Categorization, perception, and language",13,31,18,0.0,0.0001,0.01
T12708,Economic and Financial Impacts of Cancer,27,17,-10,0.0001,0.0001,-0.0
T12908,"Media, Gender, and Advertising",26,18,-8,0.0001,0.0001,-0.0
T13961,Socioeconomics of Resources and Conservation,2,42,40,0.0,0.0002,0.01
T14316,"Nursing Education, Practice, and Leadership",19,25,6,0.0001,0.0001,0.0
T14510,Medical Imaging and Analysis,33,11,-22,0.0001,0.0,-0.01
T11126,Metallurgical Processes and Thermodynamics,19,24,5,0.0001,0.0001,0.0
T11396,Artificial Intelligence in Healthcare,14,29,15,0.0001,0.0001,0.01
T11592,Phenomenology and Existential Philosophy,11,32,21,0.0,0.0001,0.01
T12230,Cardiovascular Issues in Pregnancy,32,11,-21,0.0001,0.0,-0.01
T12379,Cancer Diagnosis and Treatment,26,17,-9,0.0001,0.0001,-0.0
T12825,"Defense, Military, and Policy Studies",24,19,-5,0.0001,0.0001,-0.0
T13025,American History and Culture,33,10,-23,0.0001,0.0,-0.01
T13126,Scientific Research and Discoveries,37,6,-31,0.0001,0.0,-0.01
T13174,American and British Literature Analysis,14,29,15,0.0001,0.0001,0.01
T13362,Slime Mold and Myxomycetes Research,32,11,-21,0.0001,0.0,-0.01
T13418,Photocathodes and Microchannel Plates,20,23,3,0.0001,0.0001,0.0
T13664,Genome Rearrangement Algorithms,22,21,-1,0.0001,0.0001,-0.0
T13971,Synthesis and Biological Activity,33,10,-23,0.0001,0.0,-0.01
T10194,Nonlinear Partial Differential Equations,11,31,20,0.0,0.0001,0.01
T10354,Catalytic C–H Functionalization Methods,35,7,-28,0.0001,0.0,-0.01
T10530,Magnesium Alloys: Properties and Applications,25,17,-8,0.0001,0.0001,-0.0
T10797,Accounting and Organizational Management,9,33,24,0.0,0.0001,0.01
T10944,Turbomachinery Performance and Optimization,16,26,10,0.0001,0.0001,0.0
T10970,Team Dynamics and Performance,19,23,4,0.0001,0.0001,0.0
T11181,Advanced Data Storage Technologies,31,11,-20,0.0001,0.0,-0.01
T11192,Underwater Vehicles and Communication Systems,25,17,-8,0.0001,0.0001,-0.0
T11703,"Rings, Modules, and Algebras",21,21,0,0.0001,0.0001,0.0
T11873,PAPR reduction in OFDM,26,16,-10,0.0001,0.0001,-0.0
T11921,Electroconvulsive Therapy Studies,23,19,-4,0.0001,0.0001,-0.0
T11997,Free Will and Agency,18,24,6,0.0001,0.0001,0.0
T12183,Teratomas and Epidermoid Cysts,17,25,8,0.0001,0.0001,0.0
T12234,Mollusks and Parasites Studies,32,10,-22,0.0001,0.0,-0.01
T12341,Spanish Linguistics and Language Studies,22,20,-2,0.0001,0.0001,-0.0
T12485,"Optimism, Hope, and Well-being",29,13,-16,0.0001,0.0,-0.01
T12503,Social Acceptance of Renewable Energy,29,13,-16,0.0001,0.0,-0.01
T12593,Communication in Education and Healthcare,33,9,-24,0.0001,0.0,-0.01
T12646,Inorganic Fluorides and Related Compounds,36,6,-30,0.0001,0.0,-0.01
T12760,Laser Design and Applications,30,12,-18,0.0001,0.0,-0.01
T12800,Musculoskeletal synovial abnormalities and treatments,28,14,-14,0.0001,0.0001,-0.01
T13080,Advanced Differential Geometry Research,7,35,28,0.0,0.0001,0.01
T13332,"Historical Studies on Reproduction, Gender, Health, and Societal Changes",23,19,-4,0.0001,0.0001,-0.0
T13447,Educational and Psychological Assessments,30,12,-18,0.0001,0.0,-0.01
T13474,Autobiographical and Biographical Writing,4,38,34,0.0,0.0001,0.01
T13540,Animal Diversity and Health Studies,26,16,-10,0.0001,0.0001,-0.0
T13645,Thermodynamic and Structural Properties of Metals and Alloys,6,36,30,0.0,0.0001,0.01
T13649,Advanced Synthetic Organic Chemistry,6,36,30,0.0,0.0001,0.01
T13656,"Science, Research, and Medicine",36,6,-30,0.0001,0.0,-0.01
T13877,Law in Society and Culture,37,5,-32,0.0001,0.0,-0.01
T10546,Higher Education Governance and Development,21,20,-1,0.0001,0.0001,-0.0
T10803,Innovative Human-Technology Interaction,20,21,1,0.0001,0.0001,0.0
T10964,Wireless Communication Security Techniques,21,20,-1,0.0001,0.0001,-0.0
T11042,Corruption and Economic Development,28,13,-15,0.0001,0.0,-0.01
T11319,Curcumin's Biomedical Applications,20,21,1,0.0001,0.0001,0.0
T11664,Fiber-reinforced polymer composites,23,18,-5,0.0001,0.0001,-0.0
T11674,Sports Analytics and Performance,26,15,-11,0.0001,0.0001,-0.0
T11793,"Recreation, Leisure, Wilderness Management",13,28,15,0.0,0.0001,0.01
T11807,Infrastructure Resilience and Vulnerability Analysis,21,20,-1,0.0001,0.0001,-0.0
T11870,Structural Analysis and Optimization,30,11,-19,0.0001,0.0,-0.01
T12108,Management of metastatic bone disease,23,18,-5,0.0001,0.0001,-0.0
T12262,Hate Speech and Cyberbullying Detection,26,15,-11,0.0001,0.0001,-0.0
T12278,Vascular Tumors and Angiosarcomas,28,13,-15,0.0001,0.0,-0.01
T12342,Vascular anomalies and interventions,20,21,1,0.0001,0.0001,0.0
T12501,Digital Economy and Work Transformation,25,16,-9,0.0001,0.0001,-0.0
T13009,Agroforestry and silvopastoral systems,22,19,-3,0.0001,0.0001,-0.0
T13408,Corporate Law and Human Rights,28,13,-15,0.0001,0.0,-0.01
T13583,Jury Decision Making Processes,16,25,9,0.0001,0.0001,0.0
T13806,Mathematical and Computational Methods,0,41,41,0.0,0.0002,0.02
T14285,Biopolymer Synthesis and Applications,40,1,-39,0.0001,0.0,-0.01
T10058,Entrepreneurship Studies and Influences,20,20,0,0.0001,0.0001,0.0
T10142,Formal Methods in Verification,23,17,-6,0.0001,0.0001,-0.0
T10666,Photonic Crystals and Applications,21,19,-2,0.0001,0.0001,-0.0
T10809,Occupational Health and Safety Research,35,5,-30,0.0001,0.0,-0.01
T10850,Heat Transfer and Boiling Studies,17,23,6,0.0001,0.0001,0.0
T10922,Magnetic Properties and Synthesis of Ferrites,14,26,12,0.0001,0.0001,0.0
T10987,Microfinance and Financial Inclusion,24,16,-8,0.0001,0.0001,-0.0
T11609,Geophysical Methods and Applications,19,21,2,0.0001,0.0001,0.0
T11638,Cardiac tumors and thrombi,18,22,4,0.0001,0.0001,0.0
T11717,Postcolonial and Cultural Literary Studies,13,27,14,0.0,0.0001,0.01
T11719,Data Quality and Management,21,19,-2,0.0001,0.0001,-0.0
T11757,Seismic Waves and Analysis,24,16,-8,0.0001,0.0001,-0.0
T11775,COVID-19 diagnosis using AI,27,13,-14,0.0001,0.0,-0.01
T11801,Reservoir Engineering and Simulation Methods,38,2,-36,0.0001,0.0,-0.01
T11952,Landfill Environmental Impact Studies,25,15,-10,0.0001,0.0001,-0.0
T11963,Impact of Light on Environment and Health,24,16,-8,0.0001,0.0001,-0.0
T12128,AI in Service Interactions,29,11,-18,0.0001,0.0,-0.01
T12138,Occupational Health and Performance,21,19,-2,0.0001,0.0001,-0.0
T12407,Plant Growth Enhancement Techniques,24,16,-8,0.0001,0.0001,-0.0
T12611,Neural Networks and Reservoir Computing,27,13,-14,0.0001,0.0,-0.01
T12650,Aesthetic Perception and Analysis,23,17,-6,0.0001,0.0001,-0.0
T12849,Parvovirus B19 Infection Studies,30,10,-20,0.0001,0.0,-0.01
T12900,Organ and Tissue Transplantation Research,25,15,-10,0.0001,0.0001,-0.0
T12914,Infectious Disease Case Reports and Treatments,22,18,-4,0.0001,0.0001,-0.0
T12990,Medical History and Innovations,23,17,-6,0.0001,0.0001,-0.0
T13106,"Neuroscience, Education and Cognitive Function",36,4,-32,0.0001,0.0,-0.01
T13597,Medicine and Dermatology Studies History,32,8,-24,0.0001,0.0,-0.01
T13721,Political Science Research and Education,10,30,20,0.0,0.0001,0.01
T13802,Vietnamese History and Culture Studies,37,3,-34,0.0001,0.0,-0.01
T10548,Catalytic Cross-Coupling Reactions,20,19,-1,0.0001,0.0001,-0.0
T10942,"Sports, Gender, and Society",25,14,-11,0.0001,0.0001,-0.0
T11160,Acoustic Wave Resonator Technologies,26,13,-13,0.0001,0.0,-0.0
T11205,Numerical methods in inverse problems,20,19,-1,0.0001,0.0001,-0.0
T11263,Electromagnetic Simulation and Numerical Methods,26,13,-13,0.0001,0.0,-0.0
T11390,Seaweed-derived Bioactive Compounds,20,19,-1,0.0001,0.0001,-0.0
T11419,Supramolecular Self-Assembly in Materials,22,17,-5,0.0001,0.0001,-0.0
T11593,Carbon dioxide utilization in catalysis,23,16,-7,0.0001,0.0001,-0.0
T11615,Control and Dynamics of Mobile Robots,17,22,5,0.0001,0.0001,0.0
T11915,Pickering emulsions and particle stabilization,35,4,-31,0.0001,0.0,-0.01
T12156,World Trade Organization Law,17,22,5,0.0001,0.0001,0.0
T12488,Mental Health via Writing,23,16,-7,0.0001,0.0001,-0.0
T12546,Smart Parking Systems Research,27,12,-15,0.0001,0.0,-0.01
T12630,African Botany and Ecology Studies,27,12,-15,0.0001,0.0,-0.01
T12643,Sustainability and Ecological Systems Analysis,26,13,-13,0.0001,0.0,-0.0
T13266,Indigenous Studies in Latin America,3,36,33,0.0,0.0001,0.01
T13325,Dye analysis and toxicity,32,7,-25,0.0001,0.0,-0.01
T13404,Geological and Tectonic Studies in Latin America,14,25,11,0.0001,0.0001,0.0
T13682,Engineering Education and Pedagogy,15,24,9,0.0001,0.0001,0.0
T13884,Educational Leadership and Practices,33,6,-27,0.0001,0.0,-0.01
T14047,Marine and environmental studies,31,8,-23,0.0001,0.0,-0.01
T14172,Cultural and Social Studies in Latin America,32,7,-25,0.0001,0.0,-0.01
T10251,Solar and Space Plasma Dynamics,31,7,-24,0.0001,0.0,-0.01
T10274,Synthesis and biological activity,15,23,8,0.0001,0.0001,0.0
T10709,Social Robot Interaction and HRI,6,32,26,0.0,0.0001,0.01
T11128,Transition Metal Oxide Nanomaterials,28,10,-18,0.0001,0.0,-0.01
T11639,Mental Health and Patient Involvement,22,16,-6,0.0001,0.0001,-0.0
T11971,"World Wars: History, Literature, and Impact",14,24,10,0.0001,0.0001,0.0
T12122,Physical Unclonable Functions (PUFs) and Hardware Security,21,17,-4,0.0001,0.0001,-0.0
T12507,"Utopian, Dystopian, and Speculative Fiction",9,29,20,0.0,0.0001,0.01
T12632,Visual Culture and Art Theory,11,27,16,0.0,0.0001,0.01
T12722,Innovation Policy and R&D,24,14,-10,0.0001,0.0001,-0.0
T12970,"Names, Identity, and Discrimination Research",20,18,-2,0.0001,0.0001,-0.0
T13012,Coenzyme Q10 studies and effects,23,15,-8,0.0001,0.0001,-0.0
T14423,Military Technology and Strategies,35,3,-32,0.0001,0.0,-0.01
T14427,Environmental Monitoring and Data Management,11,27,16,0.0,0.0001,0.01
T14515,International Law and Aviation,37,1,-36,0.0001,0.0,-0.01
T10159,Ionosphere and magnetosphere dynamics,28,9,-19,0.0001,0.0,-0.01
T10490,Orbital Angular Momentum in Optics,24,13,-11,0.0001,0.0,-0.0
T10851,Optical Wireless Communication Technologies,17,20,3,0.0001,0.0001,0.0
T10886,Multiferroics and related materials,19,18,-1,0.0001,0.0001,-0.0
T11067,Colorectal Cancer Treatments and Studies,16,21,5,0.0001,0.0001,0.0
T11082,Spacecraft Dynamics and Control,14,23,9,0.0001,0.0001,0.0
T11106,Data Management and Algorithms,33,4,-29,0.0001,0.0,-0.01
T11211,3D Surveying and Cultural Heritage,24,13,-11,0.0001,0.0,-0.0
T11344,Traffic Prediction and Management Techniques,22,15,-7,0.0001,0.0001,-0.0
T11385,Natural product bioactivities and synthesis,28,9,-19,0.0001,0.0,-0.01
T11462,Museums and Cultural Heritage,13,24,11,0.0,0.0001,0.0
T11571,Sarcoidosis and Beryllium Toxicity Research,19,18,-1,0.0001,0.0001,-0.0
T11576,IgG4-Related and Inflammatory Diseases,21,16,-5,0.0001,0.0001,-0.0
T11720,Probability and Risk Models,30,7,-23,0.0001,0.0,-0.01
T11891,Big Data and Business Intelligence,35,2,-33,0.0001,0.0,-0.01
T11991,Soft tissue tumor case studies,18,19,1,0.0001,0.0001,0.0
T12206,Vibration and Dynamic Analysis,18,19,1,0.0001,0.0001,0.0
T12455,Mediterranean and Iberian flora and fauna,30,7,-23,0.0001,0.0,-0.01
T12460,Pediatric Hepatobiliary Diseases and Treatments,27,10,-17,0.0001,0.0,-0.01
T12484,Retinopathy of Prematurity Studies,24,13,-11,0.0001,0.0,-0.0
T12529,Ga2O3 and related materials,21,16,-5,0.0001,0.0001,-0.0
T12634,Ureteral procedures and complications,21,16,-5,0.0001,0.0001,-0.0
T12823,Adolescent and Pediatric Healthcare,26,11,-15,0.0001,0.0,-0.01
T13654,Urban Planning and Landscape Design,6,31,25,0.0,0.0001,0.01
T13673,Library Science and Information,1,36,35,0.0,0.0001,0.01
T10741,Video Coding and Compression Technologies,14,22,8,0.0001,0.0001,0.0
T10761,Vehicular Ad Hoc Networks (VANETs),20,16,-4,0.0001,0.0001,-0.0
T10860,Speech and Audio Processing,26,10,-16,0.0001,0.0,-0.01
T11046,Geotechnical Engineering and Analysis,19,17,-2,0.0001,0.0001,-0.0
T11137,Historical Philosophy and Science,7,29,22,0.0,0.0001,0.01
T11215,Chronic Myeloid Leukemia Treatments,28,8,-20,0.0001,0.0,-0.01
T11326,Stock Market Forecasting Methods,21,15,-6,0.0001,0.0001,-0.0
T11613,Phytochemistry and Biological Activities,23,13,-10,0.0001,0.0,-0.0
T11630,Petroleum Processing and Analysis,22,14,-8,0.0001,0.0001,-0.0
T11755,Transboundary Water Resource Management,19,17,-2,0.0001,0.0001,-0.0
T11802,Chemical Looping and Thermochemical Processes,17,19,2,0.0001,0.0001,0.0
T12254,Machine Learning in Bioinformatics,22,14,-8,0.0001,0.0001,-0.0
T12394,Insurance and Financial Risk Management,25,11,-14,0.0001,0.0,-0.01
T12458,Organometallic Compounds Synthesis and Characterization,21,15,-6,0.0001,0.0001,-0.0
T12627,Graphene and Nanomaterials Applications,17,19,2,0.0001,0.0001,0.0
T12666,Historical Psychiatry and Medical Practices,13,23,10,0.0,0.0001,0.0
T12689,Silymarin and Mushroom Poisoning,25,11,-14,0.0001,0.0,-0.01
T12817,Pharmacological Effects of Natural Compounds,32,4,-28,0.0001,0.0,-0.01
T12901,Tattoo and Body Piercing Complications,19,17,-2,0.0001,0.0001,-0.0
T13058,Soil and Land Suitability Analysis,25,11,-14,0.0001,0.0,-0.01
T13238,Botanical Studies and Applications,36,0,-36,0.0001,0.0,-0.01
T13261,Elasticity and Wave Propagation,5,31,26,0.0,0.0001,0.01
T13478,Agricultural Development and Management,0,36,36,0.0,0.0001,0.01
T13546,Census and Population Estimation,14,22,8,0.0001,0.0001,0.0
T13736,Steroid Chemistry and Biochemistry,10,26,16,0.0,0.0001,0.01
T10069,Antenna Design and Analysis,14,21,7,0.0001,0.0001,0.0
T10642,Plasma Applications and Diagnostics,19,16,-3,0.0001,0.0001,-0.0
T10759,Translation Studies and Practices,20,15,-5,0.0001,0.0001,-0.0
T10777,Politics and Society in Latin America,26,9,-17,0.0001,0.0,-0.01
T10879,Robotic Locomotion and Control,13,22,9,0.0,0.0001,0.0
T10917,Smart Grid Security and Resilience,20,15,-5,0.0001,0.0001,-0.0
T11522,VLSI and FPGA Design Techniques,13,22,9,0.0,0.0001,0.0
T11540,"Gender, Feminism, and Media",28,7,-21,0.0001,0.0,-0.01
T11829,Mathematical Biology Tumor Growth,23,12,-11,0.0001,0.0,-0.0
T12055,Boron Compounds in Chemistry,19,16,-3,0.0001,0.0001,-0.0
T12089,Intestinal and Peritoneal Adhesions,29,6,-23,0.0001,0.0,-0.01
T12111,Industrial Vision Systems and Defect Detection,24,11,-13,0.0001,0.0,-0.0
T12172,Neutropenia and Cancer Infections,25,10,-15,0.0001,0.0,-0.01
T12195,Aerogels and thermal insulation,21,14,-7,0.0001,0.0001,-0.0
T12396,Advanced Differential Equations and Dynamical Systems,25,10,-15,0.0001,0.0,-0.01
T12438,Urticaria and Related Conditions,22,13,-9,0.0001,0.0,-0.0
T12478,Wikis in Education and Collaboration,23,12,-11,0.0001,0.0,-0.0
T12486,Food Supply Chain Traceability,24,11,-13,0.0001,0.0,-0.0
T12542,Second Language Learning and Teaching,24,11,-13,0.0001,0.0,-0.0
T12598,Cardiac Structural Anomalies and Repair,23,12,-11,0.0001,0.0,-0.0
T12619,Political Systems and Governance,28,7,-21,0.0001,0.0,-0.01
T12710,Engineering and Agricultural Innovations,0,35,35,0.0,0.0001,0.01
T12752,Global Peace and Security Dynamics,30,5,-25,0.0001,0.0,-0.01
T12994,Infrared Thermography in Medicine,25,10,-15,0.0001,0.0,-0.01
T13103,Middle East Politics and Society,17,18,1,0.0001,0.0001,0.0
T13180,Chemistry and Chemical Engineering,30,5,-25,0.0001,0.0,-0.01
T13291,Political Theory and Democracy,1,34,33,0.0,0.0001,0.01
T13357,Property Rights and Legal Doctrine,29,6,-23,0.0001,0.0,-0.01
T13415,Calcium signaling and nucleotide metabolism,26,9,-17,0.0001,0.0,-0.01
T10513,Natural Fiber Reinforced Composites,18,16,-2,0.0001,0.0001,-0.0
T10757,Geographic Information Systems Studies,21,13,-8,0.0001,0.0,-0.0
T10884,Holomorphic and Operator Theory,19,15,-4,0.0001,0.0001,-0.0
T11200,Electrodeposition and Electroless Coatings,9,25,16,0.0,0.0001,0.01
T11327,Acupuncture Treatment Research Studies,17,17,0,0.0001,0.0001,0.0
T11355,Inflammatory Biomarkers in Disease Prognosis,23,11,-12,0.0001,0.0,-0.0
T11362,Membrane Separation and Gas Transport,17,17,0,0.0001,0.0001,0.0
T11449,Mechanical and Optical Resonators,31,3,-28,0.0001,0.0,-0.01
T11458,Advanced Wireless Communication Technologies,14,20,6,0.0001,0.0001,0.0
T11502,Facility Location and Emergency Management,16,18,2,0.0001,0.0001,0.0
T11516,Visual and Cognitive Learning Processes,23,11,-12,0.0001,0.0,-0.0
T11558,Composite Material Mechanics,18,16,-2,0.0001,0.0001,-0.0
T11603,Dust and Plasma Wave Phenomena,10,24,14,0.0,0.0001,0.01
T11835,Sustainability in Higher Education,9,25,16,0.0,0.0001,0.01
T11944,Participatory Visual Research Methods,24,10,-14,0.0001,0.0,-0.01
T12050,Optical Polarization and Ellipsometry,10,24,14,0.0,0.0001,0.01
T12096,Ectopic Pregnancy Diagnosis and Management,23,11,-12,0.0001,0.0,-0.0
T12218,Coal and Its By-products,18,16,-2,0.0001,0.0001,-0.0
T12238,Green IT and Sustainability,24,10,-14,0.0001,0.0,-0.01
T12241,Children's Physical and Motor Development,24,10,-14,0.0001,0.0,-0.01
T12548,Hemostasis and retained surgical items,16,18,2,0.0001,0.0001,0.0
T12645,European history and politics,26,8,-18,0.0001,0.0,-0.01
T12781,Global Health Care Issues,31,3,-28,0.0001,0.0,-0.01
T12811,"Aging, Health, and Disability",7,27,20,0.0,0.0001,0.01
T12855,Peanut Plant Research Studies,22,12,-10,0.0001,0.0,-0.0
T13170,Discrimination and Equality Law,4,30,26,0.0,0.0001,0.01
T13208,Synthesis of heterocyclic compounds,9,25,16,0.0,0.0001,0.01
T13405,Educational Assessment and Improvement,15,19,4,0.0001,0.0001,0.0
T13453,Alkaline Phosphatase Research Studies,21,13,-8,0.0001,0.0,-0.0
T13637,Calpain Protease Function and Regulation,26,8,-18,0.0001,0.0,-0.01
T13869,Ocular and Laser Science Research,23,11,-12,0.0001,0.0,-0.0
T14299,Complex Systems and Dynamics,2,32,30,0.0,0.0001,0.01
T14308,Psychological and Educational Research Studies,22,12,-10,0.0001,0.0,-0.0
T14330,Library Science and Information Systems,13,21,8,0.0,0.0001,0.0
T10006,Job Satisfaction and Organizational Behavior,12,21,9,0.0,0.0001,0.0
T10653,Robot Manipulation and Learning,17,16,-1,0.0001,0.0001,-0.0
T10742,Peer-to-Peer Network Technologies,20,13,-7,0.0001,0.0,-0.0
T11195,Simulation Techniques and Applications,24,9,-15,0.0001,0.0,-0.01
T11329,Limits and Structures in Graph Theory,13,20,7,0.0,0.0001,0.0
T11360,Flame retardant materials and properties,19,14,-5,0.0001,0.0001,-0.0
T11485,Gastrointestinal Tumor Research and Treatment,20,13,-7,0.0001,0.0,-0.0
T11686,Dendrimers and Hyperbranched Polymers,19,14,-5,0.0001,0.0001,-0.0
T11813,Library Collection Development and Digital Resources,15,18,3,0.0001,0.0001,0.0
T12293,Dam Engineering and Safety,20,13,-7,0.0001,0.0,-0.0
T12390,Comics and Graphic Narratives,15,18,3,0.0001,0.0001,0.0
T12429,Chemotherapy-induced organ toxicity mitigation,11,22,11,0.0,0.0001,0.0
T13004,Vitamin K Research Studies,24,9,-15,0.0001,0.0,-0.01
T13067,Geological Modeling and Analysis,19,14,-5,0.0001,0.0001,-0.0
T13158,Political and Economic history of UK and US,28,5,-23,0.0001,0.0,-0.01
T13333,American Political and Social Dynamics,10,23,13,0.0,0.0001,0.0
T13364,"Digitalization, Law, and Regulation",2,31,29,0.0,0.0001,0.01
T13443,Mineralogy and Gemology Studies,17,16,-1,0.0001,0.0001,-0.0
T13526,14-3-3 protein interactions,29,4,-25,0.0001,0.0,-0.01
T13532,Education Systems and Policy,31,2,-29,0.0001,0.0,-0.01
T14010,Food Industry and Aquatic Biology,27,6,-21,0.0001,0.0,-0.01
T14178,Environmental Science and Water Management,3,30,27,0.0,0.0001,0.01
T14459,Synthesis and Reactions of Organic Compounds,22,11,-11,0.0001,0.0,-0.0
T10817,Multicomponent Synthesis of Heterocycles,14,18,4,0.0001,0.0001,0.0
T11132,Psychoanalysis and Psychopathology Research,3,29,26,0.0,0.0001,0.01
T11372,Hydraulic and Pneumatic Systems,22,10,-12,0.0001,0.0,-0.0
T11644,Spam and Phishing Detection,18,14,-4,0.0001,0.0001,-0.0
T12020,Enhanced Recovery After Surgery,15,17,2,0.0001,0.0001,0.0
T12070,Writing and Handwriting Education,21,11,-10,0.0001,0.0,-0.0
T12082,Takotsubo Cardiomyopathy and Associated Phenomena,16,16,0,0.0001,0.0001,0.0
T12126,Maritime Transport Emissions and Efficiency,15,17,2,0.0001,0.0001,0.0
T12130,Contemporary Literature and Criticism,19,13,-6,0.0001,0.0,-0.0
T12215,Phytochemical Studies and Bioactivities,27,5,-22,0.0001,0.0,-0.01
T12624,Maritime and Coastal Archaeology,19,13,-6,0.0001,0.0,-0.0
T12786,Innovation and Socioeconomic Development,27,5,-22,0.0001,0.0,-0.01
T12796,Dermatological and COVID-19 studies,16,16,0,0.0001,0.0001,0.0
T13381,Heart rate and cardiovascular health,10,22,12,0.0,0.0001,0.0
T13923,Nuclear and radioactivity studies,19,13,-6,0.0001,0.0,-0.0
T13938,Historical and Contemporary Political Dynamics,29,3,-26,0.0001,0.0,-0.01
T13979,Communication and COVID-19 Impact,5,27,22,0.0,0.0001,0.01
T14272,Agricultural and Food Production Studies,5,27,22,0.0,0.0001,0.01
T14468,Plant Ecology and Soil Science,17,15,-2,0.0001,0.0001,-0.0
T10201,Speech Recognition and Synthesis,11,20,9,0.0,0.0001,0.0
T10361,Silicon Carbide Semiconductor Technologies,15,16,1,0.0001,0.0001,0.0
T10507,Biodiesel Production and Applications,22,9,-13,0.0001,0.0,-0.0
T10623,Thin-Film Transistor Technologies,28,3,-25,0.0001,0.0,-0.01
T10763,Digital Transformation in Industry,18,13,-5,0.0001,0.0,-0.0
T11208,Lignin and Wood Chemistry,15,16,1,0.0001,0.0001,0.0
T11774,Adsorption and Cooling Systems,16,15,-1,0.0001,0.0001,-0.0
T11850,Concrete Corrosion and Durability,18,13,-5,0.0001,0.0,-0.0
T11912,Outsourcing and Supply Chain Management,9,22,13,0.0,0.0001,0.0
T11935,"Literacy, Media, and Education",15,16,1,0.0001,0.0001,0.0
T11996,Random lasers and scattering media,10,21,11,0.0,0.0001,0.0
T12150,Intestinal Malrotation and Obstruction Disorders,21,10,-11,0.0001,0.0,-0.0
T12444,"Art, Politics, and Modernism",9,22,13,0.0,0.0001,0.0
T12513,Rocket and propulsion systems research,15,16,1,0.0001,0.0001,0.0
T12518,Diverticular Disease and Complications,21,10,-11,0.0001,0.0,-0.0
T12538,Eosinophilic Esophagitis,19,12,-7,0.0001,0.0,-0.0
T12589,Differential Equations and Boundary Problems,16,15,-1,0.0001,0.0001,-0.0
T12923,Digital Image Processing Techniques,21,10,-11,0.0001,0.0,-0.0
T12946,Fractal and DNA sequence analysis,23,8,-15,0.0001,0.0,-0.01
T13008,Agricultural Practices and Plant Genetics,31,0,-31,0.0001,0.0,-0.01
T13024,Literary Theory and Cultural Hermeneutics,1,30,29,0.0,0.0001,0.01
T13049,Surface Roughness and Optical Measurements,18,13,-5,0.0001,0.0,-0.0
T13187,Diffusion and Search Dynamics,19,12,-7,0.0001,0.0,-0.0
T13193,Geological Studies and Exploration,18,13,-5,0.0001,0.0,-0.0
T13675,Diffusion Coefficients in Liquids,7,24,17,0.0,0.0001,0.01
T13798,Hops Chemistry and Applications,21,10,-11,0.0001,0.0,-0.0
T13825,Economic Policies and Impacts,30,1,-29,0.0001,0.0,-0.01
T13970,Pharmacy and Medical Practices,8,23,15,0.0,0.0001,0.01
T14354,Emergency Medicine Education and Research,1,30,29,0.0,0.0001,0.01
T14386,"Libraries, Manuscripts, and Books",4,27,23,0.0,0.0001,0.01
T10154,Customer Service Quality and Loyalty,14,16,2,0.0001,0.0001,0.0
T10456,Multi-Agent Systems and Negotiation,17,13,-4,0.0001,0.0,-0.0
T10635,Hydraulic Fracturing and Reservoir Analysis,20,10,-10,0.0001,0.0,-0.0
T10824,Image Retrieval and Classification Techniques,17,13,-4,0.0001,0.0,-0.0
T11357,Risk and Safety Analysis,22,8,-14,0.0001,0.0,-0.01
T11373,Sleep and Work-Related Fatigue,15,15,0,0.0001,0.0001,0.0
T11681,Nosocomial Infections in ICU,18,12,-6,0.0001,0.0,-0.0
T11776,Irish and British Studies,25,5,-20,0.0001,0.0,-0.01
T11823,Natural Resources and Economic Development,12,18,6,0.0,0.0001,0.0
T11838,"Crime, Illicit Activities, and Governance",18,12,-6,0.0001,0.0,-0.0
T12018,Coronary Artery Anomalies,18,12,-6,0.0001,0.0,-0.0
T12325,Urban Design and Spatial Analysis,14,16,2,0.0001,0.0001,0.0
T12354,Innovations in Educational Methods,21,9,-12,0.0001,0.0,-0.0
T12420,Silicone and Siloxane Chemistry,14,16,2,0.0001,0.0001,0.0
T12425,Industrial Gas Emission Control,12,18,6,0.0,0.0001,0.0
T12937,Chemotherapy-related skin toxicity,13,17,4,0.0,0.0001,0.0
T13156,Historical Linguistics and Language Studies,17,13,-4,0.0001,0.0,-0.0
T13558,"Philosophy, Science, and History",8,22,14,0.0,0.0001,0.01
T13739,Medieval and Early Modern Justice,2,28,26,0.0,0.0001,0.01
T13966,Neurological and metabolic disorders,25,5,-20,0.0001,0.0,-0.01
T14099,Synthesis and Characterization of Heterocyclic Compounds,23,7,-16,0.0001,0.0,-0.01
T14150,Biochemical and biochemical processes,29,1,-28,0.0001,0.0,-0.01
T14293,Biotechnology and Related Fields,23,7,-16,0.0001,0.0,-0.01
T14324,Insects and Parasite Interactions,26,4,-22,0.0001,0.0,-0.01
T10460,Electronic Packaging and Soldering Technologies,10,19,9,0.0,0.0001,0.0
T10539,Sustainable Supply Chain Management,13,16,3,0.0,0.0001,0.0
T10810,Polymer composites and self-healing,22,7,-15,0.0001,0.0,-0.01
T11032,VLSI and Analog Circuit Testing,19,10,-9,0.0001,0.0,-0.0
T11062,Gear and Bearing Dynamics Analysis,10,19,9,0.0,0.0001,0.0
T11500,Evacuation and Crowd Dynamics,18,11,-7,0.0001,0.0,-0.0
T11504,Advanced Authentication Protocols Security,10,19,9,0.0,0.0001,0.0
T11723,Optical Coatings and Gratings,18,11,-7,0.0001,0.0,-0.0
T11808,Superconducting Materials and Applications,21,8,-13,0.0001,0.0,-0.0
T11969,Fluoride Effects and Removal,15,14,-1,0.0001,0.0001,-0.0
T12133,Pragmatism in Philosophy and Education,25,4,-21,0.0001,0.0,-0.01
T12153,Advanced Optical Sensing Technologies,24,5,-19,0.0001,0.0,-0.01
T12188,"Architecture, Modernity, and Design",11,18,7,0.0,0.0001,0.0
T12193,Trigeminal Neuralgia and Treatments,17,12,-5,0.0001,0.0,-0.0
T12203,Mobile Agent-Based Network Management,18,11,-7,0.0001,0.0,-0.0
T12245,"Counseling, Therapy, and Family Dynamics",19,10,-9,0.0001,0.0,-0.0
T12768,Linguistics and language evolution,19,10,-9,0.0001,0.0,-0.0
T12949,South Asian Studies and Diaspora,7,22,15,0.0,0.0001,0.01
T12979,Cardiovascular Disease and Adiposity,28,1,-27,0.0001,0.0,-0.01
T13716,Communication Studies and Media,0,29,29,0.0,0.0001,0.01
T13784,Jewish Identity and Society,14,15,1,0.0001,0.0001,0.0
T13899,Agricultural Systems and Practices,19,10,-9,0.0001,0.0,-0.0
T14191,Historical Art and Architecture Studies,9,20,11,0.0,0.0001,0.0
T10289,European Union Policy and Governance,17,11,-6,0.0001,0.0,-0.0
T10386,Microstructure and Mechanical Properties of Steels,17,11,-6,0.0001,0.0,-0.0
T10536,Endodontics and Root Canal Treatments,16,12,-4,0.0001,0.0,-0.0
T10905,Solar Thermal and Photovoltaic Systems,11,17,6,0.0,0.0001,0.0
T10907,International Student and Expatriate Challenges,12,16,4,0.0,0.0001,0.0
T10953,E-Government and Public Services,14,14,0,0.0001,0.0001,0.0
T11096,Aeroelasticity and Vibration Control,6,22,16,0.0,0.0001,0.01
T11442,Titanium Alloys Microstructure and Properties,11,17,6,0.0,0.0001,0.0
T11451,Advanced Machining and Optimization Techniques,11,17,6,0.0,0.0001,0.0
T11524,Advanced Aircraft Design and Technologies,9,19,10,0.0,0.0001,0.0
T11647,Workplace Violence and Bullying,11,17,6,0.0,0.0001,0.0
T11758,Organic and Molecular Conductors Research,16,12,-4,0.0001,0.0,-0.0
T11902,Intelligent Tutoring Systems and Adaptive Learning,15,13,-2,0.0001,0.0,-0.0
T12127,Software System Performance and Reliability,26,2,-24,0.0001,0.0,-0.01
T12149,Nanocluster Synthesis and Applications,25,3,-22,0.0001,0.0,-0.01
T12270,Microwave-Assisted Synthesis and Applications,10,18,8,0.0,0.0001,0.0
T12356,Bioactive Compounds and Antitumor Agents,11,17,6,0.0,0.0001,0.0
T12411,Shoulder and Clavicle Injuries,23,5,-18,0.0001,0.0,-0.01
T12615,Climate Change and Geoengineering,19,9,-10,0.0001,0.0,-0.0
T12702,Brain Tumor Detection and Classification,23,5,-18,0.0001,0.0,-0.01
T12793,Caveolin-1 and cellular processes,22,6,-16,0.0001,0.0,-0.01
T12872,Philippine History and Culture,25,3,-22,0.0001,0.0,-0.01
T12950,Educational Environments and Student Outcomes,15,13,-2,0.0001,0.0,-0.0
T12974,Modernist Literature and Criticism,5,23,18,0.0,0.0001,0.01
T13095,Plant-based Medicinal Research,22,6,-16,0.0001,0.0,-0.01
T13124,Chemical synthesis and alkaloids,28,0,-28,0.0001,0.0,-0.01
T13146,Sustainable Finance and Green Bonds,7,21,14,0.0,0.0001,0.01
T13153,Rousseau and Enlightenment Thought,12,16,4,0.0,0.0001,0.0
T13248,Healthcare Technology and Patient Monitoring,14,14,0,0.0001,0.0001,0.0
T13269,Orthoptera Research and Taxonomy,11,17,6,0.0,0.0001,0.0
T13383,Tumors and Oncological Cases,23,5,-18,0.0001,0.0,-0.01
T13456,"Religion, Society, and Development",22,6,-16,0.0001,0.0,-0.01
T13466,Comparative Literary Analysis and Criticism,26,2,-24,0.0001,0.0,-0.01
T13554,Brazilian cultural history and politics,9,19,10,0.0,0.0001,0.0
T13557,Environmental and sustainability education,2,26,24,0.0,0.0001,0.01
T13860,Arts and Performance Studies,0,28,28,0.0,0.0001,0.01
T13946,Musculoskeletal Disorders and Rehabilitation,16,12,-4,0.0001,0.0,-0.0
T14438,Advanced Scientific Research Methods,3,25,22,0.0,0.0001,0.01
T10538,Data Mining Algorithms and Applications,16,11,-5,0.0001,0.0,-0.0
T10672,Design Education and Practice,21,6,-15,0.0001,0.0,-0.01
T10888,Augmented Reality Applications,12,15,3,0.0,0.0001,0.0
T10906,AI-based Problem Solving and Planning,14,13,-1,0.0001,0.0,-0.0
T11058,Ethics in Business and Education,12,15,3,0.0,0.0001,0.0
T11222,Magnetic Properties and Applications,21,6,-15,0.0001,0.0,-0.01
T11450,Model-Driven Software Engineering Techniques,23,4,-19,0.0001,0.0,-0.01
T11637,Advanced Semiconductor Detectors and Materials,15,12,-3,0.0001,0.0,-0.0
T11897,Digital Holography and Microscopy,10,17,7,0.0,0.0001,0.0
T12019,Calibration and Measurement Techniques,16,11,-5,0.0001,0.0,-0.0
T12304,Radiative Heat Transfer Studies,14,13,-1,0.0001,0.0,-0.0
T12324,History of Medicine Studies,14,13,-1,0.0001,0.0,-0.0
T12337,Italian Fascism and Post-war Society,26,1,-25,0.0001,0.0,-0.01
T12517,Seventeenth-Century Political and Philosophical Thought,12,15,3,0.0,0.0001,0.0
T12551,Forgiveness and Related Behaviors,14,13,-1,0.0001,0.0,-0.0
T12579,Muon and positron interactions and applications,15,12,-3,0.0001,0.0,-0.0
T12721,Moringa oleifera research and applications,14,13,-1,0.0001,0.0,-0.0
T12784,Modular Robots and Swarm Intelligence,23,4,-19,0.0001,0.0,-0.01
T12875,Thermal Expansion and Ionic Conductivity,15,12,-3,0.0001,0.0,-0.0
T12894,Date Palm Research Studies,20,7,-13,0.0001,0.0,-0.0
T13057,Asian Industrial and Economic Development,6,21,15,0.0,0.0001,0.01
T13084,Education during COVID-19 pandemic,0,27,27,0.0,0.0001,0.01
T13194,ICT in Developing Communities,19,8,-11,0.0001,0.0,-0.0
T13240,Bioeconomy and Sustainability Development,13,14,1,0.0,0.0001,0.0
T13258,Williams Syndrome Research,19,8,-11,0.0001,0.0,-0.0
T13355,Marketing and Advertising Strategies,4,23,19,0.0,0.0001,0.01
T13800,Earthquake and Disaster Impact Studies,17,10,-7,0.0001,0.0,-0.0
T13840,Chemical Safety and Risk Management,17,10,-7,0.0001,0.0,-0.0
T13861,Health and Lifestyle Studies,21,6,-15,0.0001,0.0,-0.01
T13934,Indigenous Knowledge Systems and Agriculture,10,17,7,0.0,0.0001,0.0
T13996,Diverse Musicological Studies,24,3,-21,0.0001,0.0,-0.01
T14089,Nanotechnology research and applications,9,18,9,0.0,0.0001,0.0
T14181,Academic Freedom and Politics,15,12,-3,0.0001,0.0,-0.0
T14206,Animal Law and Welfare,1,26,25,0.0,0.0001,0.01
T14214,Space Exploration and Technology,11,16,5,0.0,0.0001,0.0
T14313,Health and Well-being Studies,22,5,-17,0.0001,0.0,-0.01
T14511,"Medicine, History, and Philosophy",1,26,25,0.0,0.0001,0.01
T10011,"Literature: history, themes, analysis",17,9,-8,0.0001,0.0,-0.0
T10281,Advanced Battery Materials and Technologies,9,17,8,0.0,0.0001,0.0
T10356,Orthodontics and Dentofacial Orthopedics,13,13,0,0.0,0.0,0.0
T10664,Sentiment Analysis and Opinion Mining,10,16,6,0.0,0.0001,0.0
T10667,Emotion and Mood Recognition,12,14,2,0.0,0.0001,0.0
T10801,Synthetic Aperture Radar (SAR) Applications and Techniques,6,20,14,0.0,0.0001,0.01
T10962,Thermodynamic properties of mixtures,13,13,0,0.0,0.0,0.0
T11061,Ocean Waves and Remote Sensing,19,7,-12,0.0001,0.0,-0.0
T11099,Autonomous Vehicle Technology and Safety,11,15,4,0.0,0.0001,0.0
T11104,"Memory, Trauma, and Commemoration",14,12,-2,0.0001,0.0,-0.0
T11165,Image and Video Quality Assessment,11,15,4,0.0,0.0001,0.0
T11297,Ferroptosis and cancer prognosis,17,9,-8,0.0001,0.0,-0.0
T11400,Motivation and Self-Concept in Sports,22,4,-18,0.0001,0.0,-0.01
T11410,Cultural Industries and Urban Development,24,2,-22,0.0001,0.0,-0.01
T11531,Healthcare Systems and Reforms,10,16,6,0.0,0.0001,0.0
T11799,"Adhesion, Friction, and Surface Interactions",19,7,-12,0.0001,0.0,-0.0
T11907,Copper-based nanomaterials and applications,19,7,-12,0.0001,0.0,-0.0
T12007,Plasma and Flow Control in Aerodynamics,12,14,2,0.0,0.0001,0.0
T12016,Web Data Mining and Analysis,10,16,6,0.0,0.0001,0.0
T12051,Diversity and Impact of Dance,20,6,-14,0.0001,0.0,-0.01
T12147,Urban and Rural Development Challenges,16,10,-6,0.0001,0.0,-0.0
T12219,Canadian Identity and History,21,5,-16,0.0001,0.0,-0.01
T12288,Optimization and Search Problems,21,5,-16,0.0001,0.0,-0.01
T12404,Mathematical Approximation and Integration,13,13,0,0.0,0.0,0.0
T12454,European Political History Analysis,15,11,-4,0.0001,0.0,-0.0
T12714,Youth Education and Societal Dynamics,21,5,-16,0.0001,0.0,-0.01
T12971,Material Properties and Processing,20,6,-14,0.0001,0.0,-0.01
T13134,Latin American Literature Studies,17,9,-8,0.0001,0.0,-0.0
T13234,advanced mathematical theories,25,1,-24,0.0001,0.0,-0.01
T13256,Archaeology and Rock Art Studies,14,12,-2,0.0001,0.0,-0.0
T13303,Asian Culture and Media Studies,22,4,-18,0.0001,0.0,-0.01
T13502,Community and Sustainable Development,5,21,16,0.0,0.0001,0.01
T13533,Medical Case Reports and Studies,5,21,16,0.0,0.0001,0.01
T13849,Enterobacteriaceae and Cronobacter Research,19,7,-12,0.0001,0.0,-0.0
T13991,Nuclear Receptors and Signaling,21,5,-16,0.0001,0.0,-0.01
T14434,Historical and Modern Theater Studies,4,22,18,0.0,0.0001,0.01
T10310,Corrosion Behavior and Inhibition,16,9,-7,0.0001,0.0,-0.0
T10430,Software Engineering Techniques and Practices,6,19,13,0.0,0.0001,0.0
T10470,Usability and User Interface Design,1,24,23,0.0,0.0001,0.01
T10491,Enhanced Oil Recovery Techniques,19,6,-13,0.0001,0.0,-0.0
T10627,Advanced Image and Video Retrieval Techniques,16,9,-7,0.0001,0.0,-0.0
T11023,Prosthetics and Rehabilitation Robotics,5,20,15,0.0,0.0001,0.01
T11122,Online Learning and Analytics,16,9,-7,0.0001,0.0,-0.0
T11299,Problem and Project Based Learning,12,13,1,0.0,0.0,0.0
T11349,Music Technology and Sound Studies,17,8,-9,0.0001,0.0,-0.0
T11523,Nanomaterials and Printing Technologies,11,14,3,0.0,0.0001,0.0
T11889,Ginseng Biological Effects and Applications,17,8,-9,0.0001,0.0,-0.0
T11995,"FinTech, Crowdfunding, Digital Finance",17,8,-9,0.0001,0.0,-0.0
T12129,Global Energy Security and Policy,10,15,5,0.0,0.0001,0.0
T12212,CNS Lymphoma Diagnosis and Treatment,16,9,-7,0.0001,0.0,-0.0
T12251,Synthesis and Catalytic Reactions,21,4,-17,0.0001,0.0,-0.01
T12320,Feminist Epistemology and Gender Studies,9,16,7,0.0,0.0001,0.0
T12462,Elder Abuse and Neglect,16,9,-7,0.0001,0.0,-0.0
T12479,Web Application Security Vulnerabilities,11,14,3,0.0,0.0001,0.0
T12493,"Memory, violence, and history",5,20,15,0.0,0.0001,0.01
T12502,Urbanization and City Planning,22,3,-19,0.0001,0.0,-0.01
T12585,North African History and Literature,7,18,11,0.0,0.0001,0.0
T12655,Female Genital Mutilation/Cutting Issues,17,8,-9,0.0001,0.0,-0.0
T13120,Nuclear Issues and Defense,11,14,3,0.0,0.0001,0.0
T13162,African Studies and Ethnography,2,23,21,0.0,0.0001,0.01
T13195,Medieval Iberian Studies,6,19,13,0.0,0.0001,0.0
T13215,Global Maritime and Colonial Histories,22,3,-19,0.0001,0.0,-0.01
T13219,Mind wandering and attention,17,8,-9,0.0001,0.0,-0.0
T13490,Aquatic Ecosystems and Biodiversity,18,7,-11,0.0001,0.0,-0.0
T13518,Architecture and Computational Design,18,7,-11,0.0001,0.0,-0.0
T13605,"Homicide, Infanticide, and Child Abuse",18,7,-11,0.0001,0.0,-0.0
T13727,Linguistic and Sociocultural Studies,2,23,21,0.0,0.0001,0.01
T13770,Pediatric health and respiratory diseases,23,2,-21,0.0001,0.0,-0.01
T13911,"Employment, Labor, and Gender Studies",2,23,21,0.0,0.0001,0.01
T13953,Digital Imaging in Medicine,14,11,-3,0.0001,0.0,-0.0
T14005,Eastern European Communism and Reforms,18,7,-11,0.0001,0.0,-0.0
T14289,"Anthropology: Ethics, History, Culture",16,9,-7,0.0001,0.0,-0.0
T10191,Robotics and Sensor-Based Localization,14,10,-4,0.0001,0.0,-0.0
T10752,Terahertz technology and applications,14,10,-4,0.0001,0.0,-0.0
T10848,Advanced Multi-Objective Optimization Algorithms,14,10,-4,0.0001,0.0,-0.0
T11138,Tribology and Lubrication Engineering,17,7,-10,0.0001,0.0,-0.0
T11652,Imbalanced Data Classification Techniques,16,8,-8,0.0001,0.0,-0.0
T11704,Mobile Crowdsensing and Crowdsourcing,8,16,8,0.0,0.0001,0.0
T11769,Copyright and Intellectual Property,17,7,-10,0.0001,0.0,-0.0
T11778,Electrical and Bioimpedance Tomography,17,7,-10,0.0001,0.0,-0.0
T11943,Pharmacovigilance and Adverse Drug Reactions,6,18,12,0.0,0.0001,0.0
T11953,"Neuroethics, Human Enhancement, Biomedical Innovations",16,8,-8,0.0001,0.0,-0.0
T12028,Knowledge Management and Sharing,16,8,-8,0.0001,0.0,-0.0
T12078,Environmental remediation with nanomaterials,13,11,-2,0.0,0.0,-0.0
T12189,Sulfur-Based Synthesis Techniques,11,13,2,0.0,0.0,0.0
T12282,Mineral Processing and Grinding,17,7,-10,0.0001,0.0,-0.0
T12289,Library Science and Administration,13,11,-2,0.0,0.0,-0.0
T12303,Tensor decomposition and applications,13,11,-2,0.0,0.0,-0.0
T12402,Travel-related health issues,21,3,-18,0.0001,0.0,-0.01
T12419,Phonocardiography and Auscultation Techniques,11,13,2,0.0,0.0,0.0
T12523,Nasolacrimal Duct Obstruction Treatments,13,11,-2,0.0,0.0,-0.0
T12527,Chemistry and Stereochemistry Studies,17,7,-10,0.0001,0.0,-0.0
T12562,Synthesis and Characterization of Pyrroles,7,17,10,0.0,0.0001,0.0
T12700,Doping in Sports,1,23,22,0.0,0.0001,0.01
T12814,Gaussian Processes and Bayesian Inference,12,12,0,0.0,0.0,0.0
T12846,Ginkgo biloba and Cashew Applications,16,8,-8,0.0001,0.0,-0.0
T13000,World Systems and Global Transformations,12,12,0,0.0,0.0,0.0
T13011,Latin American rural development,9,15,6,0.0,0.0001,0.0
T13104,Chemical and Physical Properties of Materials,6,18,12,0.0,0.0001,0.0
T13150,Study and Philosophy of Religion,2,22,20,0.0,0.0001,0.01
T13155,Digital Communication and Language,18,6,-12,0.0001,0.0,-0.0
T13465,"Graphite, nuclear technology, radiation studies",21,3,-18,0.0001,0.0,-0.01
T13879,Indigenous Peoples' Rights and Law,0,24,24,0.0,0.0001,0.01
T13922,Historical Art and Culture Studies,16,8,-8,0.0001,0.0,-0.0
T14028,Healthcare and Venom Research,22,2,-20,0.0001,0.0,-0.01
T14102,Corporate Governance and Law,18,6,-12,0.0001,0.0,-0.0
T14217,American Literature and Humor Studies,11,13,2,0.0,0.0,0.0
T14245,Biomarkers in Disease Mechanisms,13,11,-2,0.0,0.0,-0.0
T14414,Artificial Intelligence in Education,2,22,20,0.0,0.0001,0.01
T14509,demographic modeling and climate adaptation,21,3,-18,0.0001,0.0,-0.01
T10249,Distributed Control Multi-Agent Systems,9,14,5,0.0,0.0001,0.0
T10567,Vehicle Routing Optimization Methods,14,9,-5,0.0001,0.0,-0.0
T11121,Public Relations and Crisis Communication,12,11,-1,0.0,0.0,-0.0
T11471,Block Copolymer Self-Assembly,11,12,1,0.0,0.0,0.0
T11506,Children's Rights and Participation,8,15,7,0.0,0.0001,0.0
T11661,Copper Interconnects and Reliability,15,8,-7,0.0001,0.0,-0.0
T11768,Music Therapy and Health,10,13,3,0.0,0.0,0.0
T11847,Recycled Aggregate Concrete Performance,16,7,-9,0.0001,0.0,-0.0
T11933,Mining and Resource Management,15,8,-7,0.0001,0.0,-0.0
T12124,Engineering Education and Curriculum Development,8,15,7,0.0,0.0001,0.0
T12152,Concrete Properties and Behavior,15,8,-7,0.0001,0.0,-0.0
T12296,Autopsy Techniques and Outcomes,10,13,3,0.0,0.0,0.0
T12318,Quinazolinone synthesis and applications,14,9,-5,0.0001,0.0,-0.0
T12487,Structural Engineering and Vibration Analysis,23,0,-23,0.0001,0.0,-0.01
T12500,Reflective Practices in Education,18,5,-13,0.0001,0.0,-0.0
T12525,Australian History and Society,21,2,-19,0.0001,0.0,-0.01
T12558,Wittgensteinian philosophy and applications,15,8,-7,0.0001,0.0,-0.0
T12706,Subcritical and Supercritical Water Processes,16,7,-9,0.0001,0.0,-0.0
T12778,History of Medicine and Tropical Health,2,21,19,0.0,0.0001,0.01
T12797,History of Computing Technologies,13,10,-3,0.0,0.0,-0.0
T12836,History and Developments in Astronomy,20,3,-17,0.0001,0.0,-0.01
T12880,Qualitative Research Methods and Applications,3,20,17,0.0,0.0001,0.01
T12892,Social Power and Status Dynamics,5,18,13,0.0,0.0001,0.0
T12919,Blood disorders and treatments,14,9,-5,0.0001,0.0,-0.0
T12951,Burkholderia infections and melioidosis,11,12,1,0.0,0.0,0.0
T13063,Education and experiences of immigrants and refugees,5,18,13,0.0,0.0001,0.0
T13098,Conferences and Exhibitions Management,17,6,-11,0.0001,0.0,-0.0
T13115,Axial and Atropisomeric Chirality Synthesis,20,3,-17,0.0001,0.0,-0.01
T13206,Neonatal skin health care,16,7,-9,0.0001,0.0,-0.0
T13207,Youth Substance Use and School Attendance,17,6,-11,0.0001,0.0,-0.0
T13276,University-Industry-Government Innovation Models,9,14,5,0.0,0.0001,0.0
T13354,Genetics and Physical Performance,19,4,-15,0.0001,0.0,-0.01
T13433,Short Stories in Global Literature,10,13,3,0.0,0.0,0.0
T13544,Women's cancer prevention and management,0,23,23,0.0,0.0001,0.01
T13793,Environmental and Analytical Chemistry Studies,0,23,23,0.0,0.0001,0.01
T13811,Earth Systems and Cosmic Evolution,13,10,-3,0.0,0.0,-0.0
T13871,Melamine detection and toxicity,12,11,-1,0.0,0.0,-0.0
T13993,Historical Geopolitical and Social Dynamics,16,7,-9,0.0001,0.0,-0.0
T14017,Legal Issues in Education,8,15,7,0.0,0.0001,0.0
T14405,Fisheries and Aquaculture Studies,2,21,19,0.0,0.0001,0.01
T14517,Diverse Historical and Scientific Studies,19,4,-15,0.0001,0.0,-0.01
T10359,Dental Implant Techniques and Outcomes,15,7,-8,0.0001,0.0,-0.0
T10501,Polymer Nanocomposites and Properties,13,9,-4,0.0,0.0,-0.0
T10651,"IPv6, Mobility, Handover, Networks, Security",16,6,-10,0.0001,0.0,-0.0
T10938,Phase Change Materials Research,10,12,2,0.0,0.0,0.0
T11223,Maritime Ports and Logistics,12,10,-2,0.0,0.0,-0.0
T11338,Advancements in Photolithography Techniques,5,17,12,0.0,0.0001,0.0
T11476,Graph theory and applications,16,6,-10,0.0001,0.0,-0.0
T11643,Building materials and conservation,17,5,-12,0.0001,0.0,-0.0
T11646,Nonlocal and gradient elasticity in micro/nano structures,12,10,-2,0.0,0.0,-0.0
T11698,Underwater Acoustics Research,14,8,-6,0.0001,0.0,-0.0
T11739,Microwave Imaging and Scattering Analysis,19,3,-16,0.0001,0.0,-0.01
T11864,Supply Chain Resilience and Risk Management,10,12,2,0.0,0.0,0.0
T12034,Digital and Cyber Forensics,12,10,-2,0.0,0.0,-0.0
T12257,Bioactive natural compounds,13,9,-4,0.0,0.0,-0.0
T12307,Ancient Near East History,16,6,-10,0.0001,0.0,-0.0
T12431,Sugarcane Cultivation and Processing,18,4,-14,0.0001,0.0,-0.01
T12442,Thermal Radiation and Cooling Technologies,15,7,-8,0.0001,0.0,-0.0
T12474,Education Discipline and Inequality,16,6,-10,0.0001,0.0,-0.0
T12510,Magneto-Optical Properties and Applications,16,6,-10,0.0001,0.0,-0.0
T12535,Machine Learning and Data Classification,14,8,-6,0.0001,0.0,-0.0
T12692,Magnetic Field Sensors Techniques,14,8,-6,0.0001,0.0,-0.0
T12717,Space exploration and regulation,11,11,0,0.0,0.0,0.0
T12736,Criminal Justice and Penology,0,22,22,0.0,0.0001,0.01
T12824,Infections and bacterial resistance,17,5,-12,0.0001,0.0,-0.0
T12924,Dermatological and Skeletal Disorders,12,10,-2,0.0,0.0,-0.0
T13079,Heavy Metals in Plants,14,8,-6,0.0001,0.0,-0.0
T13135,"Communism, Protests, Social Movements",19,3,-16,0.0001,0.0,-0.01
T13330,"Theater, Performance, and Music History",8,14,6,0.0,0.0001,0.0
T13363,Soft tissue tumors and treatment,8,14,6,0.0,0.0001,0.0
T13376,Criminal Law and Policy,0,22,22,0.0,0.0001,0.01
T13471,Cognitive Functions and Memory,15,7,-8,0.0001,0.0,-0.0
T13574,Family Support in Illness,20,2,-18,0.0001,0.0,-0.01
T13593,Historical and Archaeological Studies,14,8,-6,0.0001,0.0,-0.0
T13695,"Aging, Elder Care, and Social Issues",5,17,12,0.0,0.0001,0.0
T13710,European and International Law Studies,16,6,-10,0.0001,0.0,-0.0
T13725,Pineapple and bromelain studies,18,4,-14,0.0001,0.0,-0.01
T13726,International Science and Diplomacy,11,11,0,0.0,0.0,0.0
T13738,Congenital Ear and Nasal Anomalies,15,7,-8,0.0001,0.0,-0.0
T14002,"Art, Technology, and Culture",9,13,4,0.0,0.0,0.0
T14062,Migration and Exile Studies,0,22,22,0.0,0.0001,0.01
T14094,Italy: Economic History and Contemporary Issues,22,0,-22,0.0001,0.0,-0.01
T14210,Historical and Linguistic Studies,22,0,-22,0.0001,0.0,-0.01
T14394,Cognitive Science and Education Research,21,1,-20,0.0001,0.0,-0.01
T10286,Information Retrieval and Search Behavior,2,19,17,0.0,0.0001,0.01
T10639,Advanced Software Engineering Methodologies,10,11,1,0.0,0.0,0.0
T11017,Chaos-based Image/Signal Encryption,12,9,-3,0.0,0.0,-0.0
T11127,Solid State Laser Technologies,12,9,-3,0.0,0.0,-0.0
T11256,Asian Studies and History,17,4,-13,0.0001,0.0,-0.0
T11317,Fire dynamics and safety research,11,10,-1,0.0,0.0,-0.0
T11466,Innovative Education and Learning Practices,13,8,-5,0.0,0.0,-0.0
T11696,Conflict Management and Negotiation,15,6,-9,0.0001,0.0,-0.0
T11765,Circular RNAs in diseases,11,10,-1,0.0,0.0,-0.0
T11800,User Authentication and Security Systems,11,10,-1,0.0,0.0,-0.0
T11846,Cultural Heritage Management and Preservation,13,8,-5,0.0,0.0,-0.0
T11988,Sustainable Building Design and Assessment,14,7,-7,0.0001,0.0,-0.0
T12049,Tuberous Sclerosis Complex Research,12,9,-3,0.0,0.0,-0.0
T12083,Karst Systems and Hydrogeology,8,13,5,0.0,0.0,0.0
T12160,African cultural and philosophical studies,15,6,-9,0.0001,0.0,-0.0
T12207,Assistive Technology in Communication and Mobility,8,13,5,0.0,0.0,0.0
T12258,"Perfectionism, Procrastination, Anxiety Studies",14,7,-7,0.0001,0.0,-0.0
T12271,Renewable energy and sustainable power systems,0,21,21,0.0,0.0001,0.01
T12300,Advanced Electrical Measurement Techniques,16,5,-11,0.0001,0.0,-0.0
T12335,"Sexuality, Behavior, and Technology",14,7,-7,0.0001,0.0,-0.0
T12372,Art Therapy and Mental Health,10,11,1,0.0,0.0,0.0
T12375,Cuban History and Society,17,4,-13,0.0001,0.0,-0.0
T12537,Flow Measurement and Analysis,12,9,-3,0.0,0.0,-0.0
T12540,Cyclone Separators and Fluid Dynamics,17,4,-13,0.0001,0.0,-0.0
T12570,Photopolymerization techniques and applications,12,9,-3,0.0,0.0,-0.0
T12625,Sympathectomy and Hyperhidrosis Treatments,17,4,-13,0.0001,0.0,-0.0
T12652,International Maritime Law Issues,13,8,-5,0.0,0.0,-0.0
T12791,Full-Duplex Wireless Communications,16,5,-11,0.0001,0.0,-0.0
T12798,Religious Tourism and Spaces,13,8,-5,0.0,0.0,-0.0
T12818,"Pneumothorax, Barotrauma, Emphysema",12,9,-3,0.0,0.0,-0.0
T12907,Mechanical Engineering and Vibrations Research,16,5,-11,0.0001,0.0,-0.0
T12973,Synthesis of Indole Derivatives,3,18,15,0.0,0.0001,0.01
T13117,Health Education and Validation,0,21,21,0.0,0.0001,0.01
T13145,Crime and Detective Fiction Studies,14,7,-7,0.0001,0.0,-0.0
T13236,Geotechnical and construction materials studies,3,18,15,0.0,0.0001,0.01
T13469,"Environmental, Ecological, and Cultural Studies",7,14,7,0.0,0.0001,0.0
T13479,Food Science and Nutritional Studies,15,6,-9,0.0001,0.0,-0.0
T13504,African history and culture analysis,19,2,-17,0.0001,0.0,-0.01
T13748,Advanced Statistical Modeling Techniques,21,0,-21,0.0001,0.0,-0.01
T13828,Natural Products and Biological Research,14,7,-7,0.0001,0.0,-0.0
T13892,Aquatic life and conservation,12,9,-3,0.0,0.0,-0.0
T13998,"History, Medicine, and Leadership",2,19,17,0.0,0.0001,0.01
T10812,Human Pose and Action Recognition,8,12,4,0.0,0.0,0.0
T10822,Acoustic Wave Phenomena Research,14,6,-8,0.0001,0.0,-0.0
T10880,Environmental Sustainability in Business,8,12,4,0.0,0.0,0.0
T11202,Cavitation Phenomena in Pumps,11,9,-2,0.0,0.0,-0.0
T11414,Quantum optics and atomic interactions,11,9,-2,0.0,0.0,-0.0
T11433,Emotional Intelligence and Performance,19,1,-18,0.0001,0.0,-0.01
T11574,Artificial Intelligence in Games,11,9,-2,0.0,0.0,-0.0
T11599,Aviation Industry Analysis and Trends,12,8,-4,0.0,0.0,-0.0
T11795,Humor Studies and Applications,8,12,4,0.0,0.0,0.0
T11975,Evolutionary Algorithms and Applications,18,2,-16,0.0001,0.0,-0.01
T12064,Intraperitoneal and Appendiceal Malignancies,12,8,-4,0.0,0.0,-0.0
T12252,Mechanical stress and fatigue analysis,16,4,-12,0.0001,0.0,-0.0
T12297,Otolaryngology and Infectious Diseases,10,10,0,0.0,0.0,0.0
T12377,Digital Humanities and Scholarship,6,14,8,0.0,0.0001,0.0
T12428,Global Trade and Competitiveness,19,1,-18,0.0001,0.0,-0.01
T12545,Global Education and Multiculturalism,19,1,-18,0.0001,0.0,-0.01
T12572,"Intelligence, Security, War Strategy",13,7,-6,0.0,0.0,-0.0
T12695,Urinary and Genital Oncology Studies,10,10,0,0.0,0.0,0.0
T12712,Myofascial pain diagnosis and treatment,14,6,-8,0.0001,0.0,-0.0
T12769,Stoma care and complications,11,9,-2,0.0,0.0,-0.0
T12853,Historical Geography and Geographical Thought,5,15,10,0.0,0.0001,0.0
T13044,Biofield Effects and Biophysics,13,7,-6,0.0,0.0,-0.0
T13051,Qualitative Comparative Analysis Research,12,8,-4,0.0,0.0,-0.0
T13076,"Torture, Ethics, and Law",12,8,-4,0.0,0.0,-0.0
T13110,Colorectal and Anal Carcinomas,14,6,-8,0.0001,0.0,-0.0
T13148,Environmental and Air Quality Management,1,19,18,0.0,0.0001,0.01
T13200,Spacecraft and Cryogenic Technologies,17,3,-14,0.0001,0.0,-0.01
T13230,Synthesis and Reactivity of Heterocycles,5,15,10,0.0,0.0001,0.0
T13323,Spinal Hematomas and Complications,16,4,-12,0.0001,0.0,-0.0
T13752,Mechanics and Biomechanics Studies,8,12,4,0.0,0.0,0.0
T13796,Neurological Disorders and Treatments,12,8,-4,0.0,0.0,-0.0
T13851,"Law, AI, and Intellectual Property",16,4,-12,0.0001,0.0,-0.0
T13885,Geophysics and Sensor Technology,20,0,-20,0.0001,0.0,-0.01
T13988,Public Administration and Governance,0,20,20,0.0,0.0001,0.01
T14146,Earthquake and Tsunami Effects,7,13,6,0.0,0.0,0.0
T14232,Water Resource Management and Quality,1,19,18,0.0,0.0001,0.01
T14415,Biomedical Research and Pathophysiology,17,3,-14,0.0001,0.0,-0.01
T10395,Construction Project Management and Performance,5,14,9,0.0,0.0001,0.0
T10484,Wood Treatment and Properties,10,9,-1,0.0,0.0,-0.0
T10712,Library Science and Information Literacy,6,13,7,0.0,0.0,0.0
T11049,Advanced Harmonic Analysis Research,3,16,13,0.0,0.0001,0.0
T11309,Music and Audio Processing,16,3,-13,0.0001,0.0,-0.0
T11662,Legal Cases and Commentary,18,1,-17,0.0001,0.0,-0.01
T11814,Advanced Manufacturing and Logistics Optimization,13,6,-7,0.0,0.0,-0.0
T12046,MXene and MAX Phase Materials,13,6,-7,0.0,0.0,-0.0
T12266,Byzantine Studies and History,16,3,-13,0.0001,0.0,-0.0
T12302,Advanced Nanomaterials in Catalysis,12,7,-5,0.0,0.0,-0.0
T12315,Older Adults Driving Studies,15,4,-11,0.0001,0.0,-0.0
T12410,Structural and Chemical Analysis of Organic and Inorganic Compounds,0,19,19,0.0,0.0001,0.01
T12497,Traditional and Medicinal Uses of Annonaceae,18,1,-17,0.0001,0.0,-0.01
T12550,"Politics and Conflicts in Afghanistan, Pakistan, and Middle East",17,2,-15,0.0001,0.0,-0.01
T12575,Medical History and Research,14,5,-9,0.0001,0.0,-0.0
T12587,Gestational Trophoblastic Disease Studies,13,6,-7,0.0,0.0,-0.0
T12685,Phytochemical compounds biological activities,15,4,-11,0.0001,0.0,-0.0
T12719,Aerospace Engineering and Energy Systems,16,3,-13,0.0001,0.0,-0.0
T12730,"Weber, Simmel, Sociological Theory",10,9,-1,0.0,0.0,-0.0
T12743,Spanish Culture and Identity,12,7,-5,0.0,0.0,-0.0
T12785,Hong Kong and Taiwan Politics,14,5,-9,0.0001,0.0,-0.0
T12966,Russian Literature and Bakhtin Studies,4,15,11,0.0,0.0001,0.0
T12981,Conservation Techniques and Studies,13,6,-7,0.0,0.0,-0.0
T12992,Metastasis and carcinoma case studies,8,11,3,0.0,0.0,0.0
T13077,Cancer-related cognitive impairment studies,13,6,-7,0.0,0.0,-0.0
T13113,Engineering Technology and Methodologies,2,17,15,0.0,0.0001,0.01
T13186,Russia and Soviet political economy,14,5,-9,0.0001,0.0,-0.0
T13192,Forensic Fingerprint Detection Methods,11,8,-3,0.0,0.0,-0.0
T13216,Artistic and Creative Research,7,12,5,0.0,0.0,0.0
T13222,"Caribbean history, culture, and politics",15,4,-11,0.0001,0.0,-0.0
T13229,Gothic Literature and Media Analysis,10,9,-1,0.0,0.0,-0.0
T13402,Business Strategy and Innovation,18,1,-17,0.0001,0.0,-0.01
T13452,GDF15 and Related Biomarkers,15,4,-11,0.0001,0.0,-0.0
T13494,Military History and Strategy,11,8,-3,0.0,0.0,-0.0
T13569,Microscopic Colitis,16,3,-13,0.0001,0.0,-0.0
T13570,Historical Education Studies Worldwide,3,16,13,0.0,0.0001,0.0
T13575,Travel Writing and Literature,9,10,1,0.0,0.0,0.0
T13743,Italian Literature and Culture,6,13,7,0.0,0.0,0.0
T13775,Hydrogen's biological and therapeutic effects,16,3,-13,0.0001,0.0,-0.0
T13831,Archaeological and Geological Studies,3,16,13,0.0,0.0001,0.0
T13854,Historical Geography and Cartography,10,9,-1,0.0,0.0,-0.0
T14053,Dengue and Mosquito Control Research,5,14,9,0.0,0.0001,0.0
T14135,Cancer and biochemical research,9,10,1,0.0,0.0,0.0
T14160,Water management and technologies,12,7,-5,0.0,0.0,-0.0
T14335,Educational Robotics and Engineering,16,3,-13,0.0001,0.0,-0.0
T14343,Hispanic-African Historical Relations,15,4,-11,0.0001,0.0,-0.0
T14432,Freedom of Expression and Defamation,6,13,7,0.0,0.0,0.0
T14464,Community Development and Social Impact,11,8,-3,0.0,0.0,-0.0
T10205,Advanced Fiber Optic Sensors,10,8,-2,0.0,0.0,-0.0
T10736,Hydrogen embrittlement and corrosion behaviors in metals,7,11,4,0.0,0.0,0.0
T10789,Interactive and Immersive Displays,8,10,2,0.0,0.0,0.0
T10868,Soft Robotics and Applications,12,6,-6,0.0,0.0,-0.0
T11479,Smart Cities and Technologies,8,10,2,0.0,0.0,0.0
T11607,Microwave and Dielectric Measurement Techniques,2,16,14,0.0,0.0001,0.01
T11707,Gaze Tracking and Assistive Technology,12,6,-6,0.0,0.0,-0.0
T12038,Covalent Organic Framework Applications,12,6,-6,0.0,0.0,-0.0
T12131,Wireless Signal Modulation Classification,12,6,-6,0.0,0.0,-0.0
T12169,Non-Destructive Testing Techniques,17,1,-16,0.0001,0.0,-0.01
T12176,Optimization and Packing Problems,17,1,-16,0.0001,0.0,-0.01
T12332,Comparative constitutional jurisprudence studies,5,13,8,0.0,0.0,0.0
T12357,Digital Media Forensic Detection,11,7,-4,0.0,0.0,-0.0
T12452,Electrowetting and Microfluidic Technologies,8,10,2,0.0,0.0,0.0
T12567,Heat transfer and supercritical fluids,12,6,-6,0.0,0.0,-0.0
T12735,Blood donation and transfusion practices,9,9,0,0.0,0.0,0.0
T12805,Cognitive Science and Mapping,18,0,-18,0.0001,0.0,-0.01
T12810,Real-time simulation and control systems,18,0,-18,0.0001,0.0,-0.01
T12847,Healthcare Systems and Challenges,15,3,-12,0.0001,0.0,-0.0
T12866,Urologic and reproductive health conditions,14,4,-10,0.0001,0.0,-0.0
T12890,Eurasian Exchange Networks,11,7,-4,0.0,0.0,-0.0
T12944,Animal Nutrition and Health,11,7,-4,0.0,0.0,-0.0
T12961,Regional Development and Policy,15,3,-12,0.0001,0.0,-0.0
T13055,Global Security and Public Health,5,13,8,0.0,0.0,0.0
T13068,Ancient Mediterranean Archaeology and History,10,8,-2,0.0,0.0,-0.0
T13143,Child Therapy and Development,11,7,-4,0.0,0.0,-0.0
T13188,Synthesis and bioactivity of alkaloids,9,9,0,0.0,0.0,0.0
T13247,Local Governance and Planning,0,18,18,0.0,0.0001,0.01
T13267,Advanced Theoretical and Applied Studies in Material Sciences and Geometry,18,0,-18,0.0001,0.0,-0.01
T13319,Film in Education and Therapy,12,6,-6,0.0,0.0,-0.0
T13409,Paleopathology and ancient diseases,11,7,-4,0.0,0.0,-0.0
T13473,Economic Zones and Regional Development,14,4,-10,0.0001,0.0,-0.0
T13619,Geotechnical and Geomechanical Engineering,18,0,-18,0.0001,0.0,-0.01
T13657,Aortic Thrombus and Embolism,7,11,4,0.0,0.0,0.0
T13699,Public Spaces through Art,12,6,-6,0.0,0.0,-0.0
T13756,International Environmental Law and Policies,4,14,10,0.0,0.0001,0.0
T14007,Indigenous and Place-Based Education,15,3,-12,0.0001,0.0,-0.0
T14170,Classical Studies and Philology,2,16,14,0.0,0.0001,0.01
T14230,Occupational and Professional Licensing Regulation,12,6,-6,0.0,0.0,-0.0
T14269,Food Security and Socioeconomic Dynamics,0,18,18,0.0,0.0001,0.01
T14339,Image Processing and 3D Reconstruction,15,3,-12,0.0001,0.0,-0.0
T14433,Post-Communist Economic and Political Transition,2,16,14,0.0,0.0001,0.01
T14514,Medical Research and Practices,13,5,-8,0.0,0.0,-0.0
T10679,Service-Oriented Architecture and Web Services,11,6,-5,0.0,0.0,-0.0
T10707,Cellular and Composite Structures,5,12,7,0.0,0.0,0.0
T10974,Advanced Queuing Theory Analysis,8,9,1,0.0,0.0,0.0
T11325,Inertial Sensor and Navigation,9,8,-1,0.0,0.0,-0.0
T11448,Face recognition and analysis,11,6,-5,0.0,0.0,-0.0
T11475,French Urban and Social Studies,17,0,-17,0.0001,0.0,-0.01
T11604,Ship Hydrodynamics and Maneuverability,6,11,5,0.0,0.0,0.0
T11653,Financial Distress and Bankruptcy Prediction,8,9,1,0.0,0.0,0.0
T11657,Digital and Traditional Archives Management,7,10,3,0.0,0.0,0.0
T11896,Opportunistic and Delay-Tolerant Networks,14,3,-11,0.0001,0.0,-0.0
T11931,Organoselenium and organotellurium chemistry,4,13,9,0.0,0.0,0.0
T12119,Linguistics and Discourse Analysis,5,12,7,0.0,0.0,0.0
T12171,Open Education and E-Learning,11,6,-5,0.0,0.0,-0.0
T12380,Authorship Attribution and Profiling,13,4,-9,0.0,0.0,-0.0
T12480,Health and Wellbeing Research,11,6,-5,0.0,0.0,-0.0
T12532,Historical and Cultural Archaeology Studies,13,4,-9,0.0,0.0,-0.0
T12549,Image and Object Detection Techniques,12,5,-7,0.0,0.0,-0.0
T12629,Island Studies and Pacific Affairs,12,5,-7,0.0,0.0,-0.0
T12764,Polish Historical and Cultural Studies,10,7,-3,0.0,0.0,-0.0
T12830,Pectus Deformity Diagnosis and Treatment,8,9,1,0.0,0.0,0.0
T12916,COVID-19 impact on air quality,7,10,3,0.0,0.0,0.0
T12980,Family Caregiving in Mental Illness,11,6,-5,0.0,0.0,-0.0
T12983,Satellite Image Processing and Photogrammetry,7,10,3,0.0,0.0,0.0
T13001,Restraint-Related Deaths,16,1,-15,0.0001,0.0,-0.01
T13002,Southeast Asian Sociopolitical Studies,14,3,-11,0.0001,0.0,-0.0
T13185,Phytochemistry and Bioactive Compounds,14,3,-11,0.0001,0.0,-0.0
T13198,"Historical, Religious, and Philosophical Studies",13,4,-9,0.0,0.0,-0.0
T13358,Livestock Management and Performance Improvement,17,0,-17,0.0001,0.0,-0.01
T13372,Archaeology and Historical Studies,16,1,-15,0.0001,0.0,-0.01
T13457,"Dental Education, Practice, Research",17,0,-17,0.0001,0.0,-0.01
T13530,Climate Change and Environmental Impact,5,12,7,0.0,0.0,0.0
T13588,Regional resilience and development,8,9,1,0.0,0.0,0.0
T13600,Science Education and Perceptions,13,4,-9,0.0,0.0,-0.0
T13670,Ziziphus Jujuba Studies and Applications,8,9,1,0.0,0.0,0.0
T13972,Business Law and Ethics,17,0,-17,0.0001,0.0,-0.01
T13976,Web visibility and informetrics,10,7,-3,0.0,0.0,-0.0
T13986,Medical Practices and Rehabilitation,5,12,7,0.0,0.0,0.0
T14013,Legal Language and Interpretation,3,14,11,0.0,0.0001,0.0
T14126,Intramuscular injections and effects,10,7,-3,0.0,0.0,-0.0
T14128,Metallurgical and Alloy Processes,7,10,3,0.0,0.0,0.0
T14189,Intravenous Infusion Technology and Safety,5,12,7,0.0,0.0,0.0
T14257,Advanced Measurement and Detection Methods,4,13,9,0.0,0.0,0.0
T14326,Ear and Head Tumors,13,4,-9,0.0,0.0,-0.0
T14487,Science and Science Education,2,15,13,0.0,0.0001,0.0
T10655,GNSS positioning and interference,8,8,0,0.0,0.0,0.0
T10933,Real-Time Systems Scheduling,9,7,-2,0.0,0.0,-0.0
T11006,BIM and Construction Integration,13,3,-10,0.0,0.0,-0.0
T11342,Carbon and Quantum Dots Applications,9,7,-2,0.0,0.0,-0.0
T11487,Automotive and Human Injury Biomechanics,8,8,0,0.0,0.0,0.0
T11550,Text and Document Classification Technologies,8,8,0,0.0,0.0,0.0
T11564,Mathematical Inequalities and Applications,6,10,4,0.0,0.0,0.0
T11619,Combustion and Detonation Processes,14,2,-12,0.0001,0.0,-0.0
T11693,Cryptography and Residue Arithmetic,9,7,-2,0.0,0.0,-0.0
T11779,Higher Education and Employability,7,9,2,0.0,0.0,0.0
T11842,Ultrasound and Cavitation Phenomena,11,5,-6,0.0,0.0,-0.0
T11863,"Gender, Security, and Conflict",12,4,-8,0.0,0.0,-0.0
T11892,Kawasaki Disease and Coronary Complications,10,6,-4,0.0,0.0,-0.0
T11973,Plant chemical constituents analysis,8,8,0,0.0,0.0,0.0
T12135,Fuzzy Systems and Optimization,15,1,-14,0.0001,0.0,-0.01
T12179,Art Education and Development,10,6,-4,0.0,0.0,-0.0
T12221,Cybersecurity and Cyber Warfare Studies,8,8,0,0.0,0.0,0.0
T12364,Archaeological Research and Protection,11,5,-6,0.0,0.0,-0.0
T12397,Critical Theory and Philosophy,13,3,-10,0.0,0.0,-0.0
T12453,Infectious Aortic and Vascular Conditions,10,6,-4,0.0,0.0,-0.0
T12637,Scarabaeidae Beetle Taxonomy and Biogeography,14,2,-12,0.0001,0.0,-0.0
T12653,Cyclization and Aryne Chemistry,9,7,-2,0.0,0.0,-0.0
T12790,Nursing Diagnosis and Documentation,8,8,0,0.0,0.0,0.0
T12835,FOXO transcription factor regulation,13,3,-10,0.0,0.0,-0.0
T12868,Photography and Visual Culture,8,8,0,0.0,0.0,0.0
T12888,Military Strategy and Technology,6,10,4,0.0,0.0,0.0
T12930,Biomedical and Chemical Research,7,9,2,0.0,0.0,0.0
T13092,Environmental Chemistry and Analysis,14,2,-12,0.0001,0.0,-0.0
T13129,Material Properties and Applications,13,3,-10,0.0,0.0,-0.0
T13144,Theology and Philosophy of Evil,14,2,-12,0.0001,0.0,-0.0
T13196,Political Theory and Influence,12,4,-8,0.0,0.0,-0.0
T13254,Macrophage Migration Inhibitory Factor,14,2,-12,0.0001,0.0,-0.0
T13274,Expert finding and Q&A systems,7,9,2,0.0,0.0,0.0
T13309,Reliability and Agreement in Measurement,4,12,8,0.0,0.0,0.0
T13313,Dupuytren's Contracture and Treatments,11,5,-6,0.0,0.0,-0.0
T13335,Pharmacological Effects of Medicinal Plants,9,7,-2,0.0,0.0,-0.0
T13337,Korean Peninsula Historical and Political Studies,10,6,-4,0.0,0.0,-0.0
T13437,Mechanisms of cancer metastasis,9,7,-2,0.0,0.0,-0.0
T13596,"Grouting, Rheology, and Soil Mechanics",13,3,-10,0.0,0.0,-0.0
T13632,Marriage and Sexual Relationships,7,9,2,0.0,0.0,0.0
T13633,Public Health and Social Inequalities,1,15,14,0.0,0.0001,0.01
T13704,French Literature and Poetry,7,9,2,0.0,0.0,0.0
T13745,Media and Digital Communication,1,15,14,0.0,0.0001,0.01
T13761,HIV/AIDS oral health manifestations,9,7,-2,0.0,0.0,-0.0
T13878,Case Reports on Hematomas,5,11,6,0.0,0.0,0.0
T13890,Remote Sensing and Land Use,7,9,2,0.0,0.0,0.0
T13901,State Capitalism and Financial Governance,14,2,-12,0.0001,0.0,-0.0
T13942,International Human Rights and Reproductive Law,6,10,4,0.0,0.0,0.0
T14009,Ecology and Conservation Studies,16,0,-16,0.0001,0.0,-0.01
T14304,Transport Systems and Technology,11,5,-6,0.0,0.0,-0.0
T14440,Quality of Life Measurement,0,16,16,0.0,0.0001,0.01
T14488,Chemical and Physical Studies,6,10,4,0.0,0.0,0.0
T10892,Drilling and Well Engineering,11,4,-7,0.0,0.0,-0.0
T10986,RFID technology advancements,6,9,3,0.0,0.0,0.0
T11145,Epoxy Resin Curing Processes,6,9,3,0.0,0.0,0.0
T11370,Mobile Learning in Education,7,8,1,0.0,0.0,0.0
T11392,Energy Harvesting in Wireless Networks,12,3,-9,0.0,0.0,-0.0
T11517,Advanced optical system design,2,13,11,0.0,0.0,0.0
T11596,Constraint Satisfaction and Optimization,14,1,-13,0.0001,0.0,-0.0
T11705,Gambling Behavior and Treatments,13,2,-11,0.0,0.0,-0.0
T11709,Traditional Chinese Medicine Analysis,7,8,1,0.0,0.0,0.0
T11741,Flexible and Reconfigurable Manufacturing Systems,11,4,-7,0.0,0.0,-0.0
T11749,Iterative Learning Control Systems,15,0,-15,0.0001,0.0,-0.01
T11946,Antenna Design and Optimization,5,10,5,0.0,0.0,0.0
T12143,Place Attachment and Urban Studies,3,12,9,0.0,0.0,0.0
T12464,Neurological Complications and Syndromes,8,7,-1,0.0,0.0,-0.0
T12498,Latin American Cultural Politics,7,8,1,0.0,0.0,0.0
T12512,History of Colonial Brazil,6,9,3,0.0,0.0,0.0
T12543,Groundwater and Watershed Analysis,7,8,1,0.0,0.0,0.0
T12649,Alkaloids: synthesis and pharmacology,11,4,-7,0.0,0.0,-0.0
T12761,Data Stream Mining Techniques,12,3,-9,0.0,0.0,-0.0
T12883,Sustainable Development and Environmental Management,1,14,13,0.0,0.0001,0.0
T12935,Healthcare Systems and Public Health,9,6,-3,0.0,0.0,-0.0
T12975,Paraoxonase enzyme and polymorphisms,10,5,-5,0.0,0.0,-0.0
T12978,Innovative Teaching Methodologies in Social Sciences,7,8,1,0.0,0.0,0.0
T13108,Therapeutic Uses of Natural Elements,15,0,-15,0.0001,0.0,-0.01
T13128,Chromatography in Natural Products,9,6,-3,0.0,0.0,-0.0
T13179,"Literature, Culture, and Criticism",9,6,-3,0.0,0.0,-0.0
T13201,Infectious Encephalopathies and Encephalitis,10,5,-5,0.0,0.0,-0.0
T13235,Management Theory and Practice,5,10,5,0.0,0.0,0.0
T13304,Synthesis and Reactivity of Sulfur-Containing Compounds,6,9,3,0.0,0.0,0.0
T13308,Cybernetics and Technology in Society,7,8,1,0.0,0.0,0.0
T13342,Art History and Market Analysis,13,2,-11,0.0,0.0,-0.0
T13542,"Grit, Self-Efficacy, and Motivation",10,5,-5,0.0,0.0,-0.0
T13705,Australian Indigenous Culture and History,7,8,1,0.0,0.0,0.0
T13728,"Crime, Deviance, and Social Control",6,9,3,0.0,0.0,0.0
T13768,Oral and gingival health research,13,2,-11,0.0,0.0,-0.0
T13876,Chemical synthesis and pharmacological studies,1,14,13,0.0,0.0001,0.0
T14012,Comparative and International Law Studies,6,9,3,0.0,0.0,0.0
T14081,Linguistic Education and Pedagogy,8,7,-1,0.0,0.0,-0.0
T14104,Developmental and Educational Neuropsychology,1,14,13,0.0,0.0001,0.0
T14117,Integrated Circuits and Semiconductor Failure Analysis,14,1,-13,0.0001,0.0,-0.0
T14147,Innovative Approaches in Technology and Social Development,11,4,-7,0.0,0.0,-0.0
T14310,Botany and Geology in Latin America and Caribbean,15,0,-15,0.0001,0.0,-0.01
T14322,"Art, Aesthetics, and Perception",4,11,7,0.0,0.0,0.0
T14350,"Innovation, Sustainability, Human-Machine Systems",15,0,-15,0.0001,0.0,-0.01
T14396,Healthcare Regulation,2,13,11,0.0,0.0,0.0
T14451,Historical and Religious Studies of Rome,12,3,-9,0.0,0.0,-0.0
T10113,Dental materials and restorations,8,6,-2,0.0,0.0,-0.0
T10703,Business Process Modeling and Analysis,9,5,-4,0.0,0.0,-0.0
T10936,Millimeter-Wave Propagation and Modeling,8,6,-2,0.0,0.0,-0.0
T11063,Rough Sets and Fuzzy Logic,11,3,-8,0.0,0.0,-0.0
T11230,Innovative Energy Harvesting Technologies,7,7,0,0.0,0.0,0.0
T11608,Dielectric materials and actuators,4,10,6,0.0,0.0,0.0
T11659,Advanced Image Fusion Techniques,8,6,-2,0.0,0.0,-0.0
T11837,Iron and Steelmaking Processes,8,6,-2,0.0,0.0,-0.0
T12074,Membrane-based Ion Separation Techniques,13,1,-12,0.0,0.0,-0.0
T12081,Aerodynamics and Fluid Dynamics Research,12,2,-10,0.0,0.0,-0.0
T12255,Biosimilars and Bioanalytical Methods,12,2,-10,0.0,0.0,-0.0
T12256,Facilities and Workplace Management,3,11,8,0.0,0.0,0.0
T12295,"Foucault, Power, and Ethics",10,4,-6,0.0,0.0,-0.0
T12309,solar cell performance optimization,8,6,-2,0.0,0.0,-0.0
T12340,Anodic Oxide Films and Nanostructures,10,4,-6,0.0,0.0,-0.0
T12392,Sharing Economy and Platforms,11,3,-8,0.0,0.0,-0.0
T12515,Gender and Technology in Education,6,8,2,0.0,0.0,0.0
T12616,Religious Education and Schools,12,2,-10,0.0,0.0,-0.0
T12631,Head and Neck Anomalies,10,4,-6,0.0,0.0,-0.0
T12661,Iterative Methods for Nonlinear Equations,7,7,0,0.0,0.0,0.0
T12675,Financial Reporting and Valuation Research,12,2,-10,0.0,0.0,-0.0
T12678,Themes in Literature Analysis,8,6,-2,0.0,0.0,-0.0
T12679,Focus Groups and Qualitative Methods,6,8,2,0.0,0.0,0.0
T12704,Stress and Burnout Research,2,12,10,0.0,0.0,0.0
T12720,Multimedia Communication and Technology,8,6,-2,0.0,0.0,-0.0
T12744,Medical Device Sterilization and Disinfection,9,5,-4,0.0,0.0,-0.0
T12829,Advanced Breast Cancer Therapies,10,4,-6,0.0,0.0,-0.0
T12909,French Historical and Cultural Studies,7,7,0,0.0,0.0,0.0
T12953,Critical Realism in Sociology,11,3,-8,0.0,0.0,-0.0
T12999,Medieval History and Crusades,6,8,2,0.0,0.0,0.0
T13023,Synthesis of Organic Compounds,11,3,-8,0.0,0.0,-0.0
T13060,Adventure Sports and Sensation Seeking,13,1,-12,0.0,0.0,-0.0
T13074,Global Financial Regulation and Crises,6,8,2,0.0,0.0,0.0
T13083,Advanced Text Analysis Techniques,10,4,-6,0.0,0.0,-0.0
T13167,"Historical, Literary, and Cultural Studies",7,7,0,0.0,0.0,0.0
T13221,Biological Activity of Diterpenoids and Biflavonoids,6,8,2,0.0,0.0,0.0
T13242,Male Reproductive Health Studies,7,7,0,0.0,0.0,0.0
T13336,Religious Freedom and Discrimination,1,13,12,0.0,0.0,0.0
T13368,University Challenges and Reforms,2,12,10,0.0,0.0,0.0
T13440,Electromagnetic Effects on Materials,7,7,0,0.0,0.0,0.0
T13484,German History and Society,11,3,-8,0.0,0.0,-0.0
T13536,Psychological and Temporal Perspectives Research,12,2,-10,0.0,0.0,-0.0
T13690,Quality and Safety in Healthcare,11,3,-8,0.0,0.0,-0.0
T13712,Kantian Philosophy and Modern Interpretations,4,10,6,0.0,0.0,0.0
T13765,Social Science and Policy Research,7,7,0,0.0,0.0,0.0
T13777,Cognitive and psychological constructs research,14,0,-14,0.0001,0.0,-0.01
T13778,Comparative and World Literature,2,12,10,0.0,0.0,0.0
T13833,Ferrocene Chemistry and Applications,12,2,-10,0.0,0.0,-0.0
T13928,Advanced Sensor Technologies Research,7,7,0,0.0,0.0,0.0
T13950,Collembola Taxonomy and Ecology Studies,8,6,-2,0.0,0.0,-0.0
T14024,"Education, Philosophy, and Society",1,13,12,0.0,0.0,0.0
T14057,Hypertrophic osteoarthropathy and related conditions,9,5,-4,0.0,0.0,-0.0
T14068,Organic and Inorganic Chemical Reactions,3,11,8,0.0,0.0,0.0
T14079,Mathematics Education and Programs,9,5,-4,0.0,0.0,-0.0
T14109,Scottish History and National Identity,11,3,-8,0.0,0.0,-0.0
T14138,Life Cycle Costing Analysis,2,12,10,0.0,0.0,0.0
T14141,Colonial History and Postcolonial Studies,6,8,2,0.0,0.0,0.0
T14156,Engineering Applied Research,10,4,-6,0.0,0.0,-0.0
T14486,"Cardiovascular, Neuropeptides, and Oxidative Stress Research",4,10,6,0.0,0.0,0.0
T14494,American Literature and Culture,4,10,6,0.0,0.0,0.0
T10220,Machine Fault Diagnosis Techniques,7,6,-1,0.0,0.0,-0.0
T10305,Power System Optimization and Stability,6,7,1,0.0,0.0,0.0
T10368,Dental Health and Care Utilization,5,8,3,0.0,0.0,0.0
T10568,Thermodynamic and Exergetic Analyses of Power and Cooling Systems,6,7,1,0.0,0.0,0.0
T11024,Information Systems Theories and Implementation,9,4,-5,0.0,0.0,-0.0
T11028,Social Work Education and Practice,6,7,1,0.0,0.0,0.0
T11672,Recycling and utilization of industrial and municipal waste in materials production,10,3,-7,0.0,0.0,-0.0
T11777,Fixed Point Theorems Analysis,8,5,-3,0.0,0.0,-0.0
T12042,Satellite Communication Systems,6,7,1,0.0,0.0,0.0
T12145,Dental Anxiety and Anesthesia Techniques,12,1,-11,0.0,0.0,-0.0
T12199,Vascular Anomalies and Treatments,6,7,1,0.0,0.0,0.0
T12269,Effects of Vibration on Health,10,3,-7,0.0,0.0,-0.0
T12413,Health and Medical Education,2,11,9,0.0,0.0,0.0
T12432,Arctic and Russian Policy Studies,10,3,-7,0.0,0.0,-0.0
T12461,Narrative Theory and Analysis,6,7,1,0.0,0.0,0.0
T12522,Mathematics Education and Pedagogy,0,13,13,0.0,0.0,0.0
T12541,Graph Labeling and Dimension Problems,12,1,-11,0.0,0.0,-0.0
T12612,Strong Light-Matter Interactions,5,8,3,0.0,0.0,0.0
T12703,Oil Palm Production and Sustainability,9,4,-5,0.0,0.0,-0.0
T12779,Public Procurement and Policy,11,2,-9,0.0,0.0,-0.0
T12850,Field-Flow Fractionation Techniques,11,2,-9,0.0,0.0,-0.0
T12878,Pharmaceutical Quality and Counterfeiting,7,6,-1,0.0,0.0,-0.0
T12920,Healthcare and Environmental Waste Management,6,7,1,0.0,0.0,0.0
T12941,Embedded Systems and FPGA Design,0,13,13,0.0,0.0,0.0
T12948,Inclusion and Disability in Education and Sport,3,10,7,0.0,0.0,0.0
T12962,Nephrotoxicity and Medicinal Plants,8,5,-3,0.0,0.0,-0.0
T13029,South Asian Studies and Conflicts,11,2,-9,0.0,0.0,-0.0
T13034,Information Systems Education and Curriculum Development,5,8,3,0.0,0.0,0.0
T13037,Piperaceae Chemical and Biological Studies,6,7,1,0.0,0.0,0.0
T13039,Magnesium Oxide Properties and Applications,6,7,1,0.0,0.0,0.0
T13066,Information Society and Technology Trends,0,13,13,0.0,0.0,0.0
T13101,Legal and Social Justice Studies,1,12,11,0.0,0.0,0.0
T13212,German Social Sciences and History,8,5,-3,0.0,0.0,-0.0
T13275,Medical and Health Sciences Research,2,11,9,0.0,0.0,0.0
T13397,Hallucinations in medical conditions,6,7,1,0.0,0.0,0.0
T13483,Herbal Medicine Research Studies,11,2,-9,0.0,0.0,-0.0
T13513,Urban and sociocultural dynamics,0,13,13,0.0,0.0,0.0
T13643,Artificial Intelligence in Law,4,9,5,0.0,0.0,0.0
T13691,"Energy, Environment, Agriculture Analysis",1,12,11,0.0,0.0,0.0
T13719,Phytochemistry and Bioactivity Studies,10,3,-7,0.0,0.0,-0.0
T13780,Diverse Education Studies and Reforms,13,0,-13,0.0,0.0,-0.0
T13856,Advanced Power Generation Technologies,3,10,7,0.0,0.0,0.0
T13921,Biological Stains and Phytochemicals,5,8,3,0.0,0.0,0.0
T13926,"Feminism, Gender, and Sexuality Studies",1,12,11,0.0,0.0,0.0
T14003,Labor Law and Work Dynamics,0,13,13,0.0,0.0,0.0
T14006,"Linguistics, Language Diversity, and Identity",8,5,-3,0.0,0.0,-0.0
T14112,"Economic, financial, and policy analysis",10,3,-7,0.0,0.0,-0.0
T14123,Decolonial Thought and Epistemologies,0,13,13,0.0,0.0,0.0
T14163,Astronomical Observations and Instrumentation,12,1,-11,0.0,0.0,-0.0
T14166,European Monetary and Fiscal Policies,7,6,-1,0.0,0.0,-0.0
T14208,"Death, Funerary Practices, and Mourning",0,13,13,0.0,0.0,0.0
T14224,"Oil, Gas, and Environmental Issues",4,9,5,0.0,0.0,0.0
T14226,"Migration, Racism, and Human Rights",3,10,7,0.0,0.0,0.0
T14303,Polymer Synthesis and Characterization,0,13,13,0.0,0.0,0.0
T14315,Feminist Theory and Gender Studies,3,10,7,0.0,0.0,0.0
T14334,HIV/AIDS Impact and Responses,12,1,-11,0.0,0.0,-0.0
T14411,Undergraduate Neuroscience Education and Research,4,9,5,0.0,0.0,0.0
T14444,Power Systems and Renewable Energy,4,9,5,0.0,0.0,0.0
T14516,English Language Learning and Teaching,0,13,13,0.0,0.0,0.0
T10331,Video Surveillance and Tracking Methods,5,7,2,0.0,0.0,0.0
T10388,Advanced Steganography and Watermarking Techniques,4,8,4,0.0,0.0,0.0
T10787,Lightning and Electromagnetic Phenomena,7,5,-2,0.0,0.0,-0.0
T11052,Energy Load and Power Forecasting,5,7,2,0.0,0.0,0.0
T11133,UAV Applications and Optimization,7,5,-2,0.0,0.0,-0.0
T11262,Quantum Mechanics and Non-Hermitian Physics,9,3,-6,0.0,0.0,-0.0
T11352,Masonry and Concrete Structural Analysis,5,7,2,0.0,0.0,0.0
T11575,Nonlinear Photonic Systems,10,2,-8,0.0,0.0,-0.0
T11622,Maritime Navigation and Safety,8,4,-4,0.0,0.0,-0.0
T11690,Advanced battery technologies research,7,5,-2,0.0,0.0,-0.0
T11843,Family Business Performance and Succession,9,3,-6,0.0,0.0,-0.0
T11856,Thermography and Photoacoustic Techniques,8,4,-4,0.0,0.0,-0.0
T11947,Molten salt chemistry and electrochemical processes,6,6,0,0.0,0.0,0.0
T12080,Injection Molding Process and Properties,10,2,-8,0.0,0.0,-0.0
T12184,Linguistics and Education Research,2,10,8,0.0,0.0,0.0
T12198,Oral health in cancer treatment,8,4,-4,0.0,0.0,-0.0
T12263,Peacebuilding and International Security,7,5,-2,0.0,0.0,-0.0
T12276,Risk Management in Financial Firms,6,6,0,0.0,0.0,0.0
T12284,Emotional Labor in Professions,6,6,0,0.0,0.0,0.0
T12311,Political Theology and Sovereignty,10,2,-8,0.0,0.0,-0.0
T12345,Adult and Continuing Education Topics,6,6,0,0.0,0.0,0.0
T12353,Lexicography and Language Studies,9,3,-6,0.0,0.0,-0.0
T12374,European and International Contract Law,8,4,-4,0.0,0.0,-0.0
T12416,Polymer Nanocomposite Synthesis and Irradiation,7,5,-2,0.0,0.0,-0.0
T12427,Metal Alloys Wear and Properties,10,2,-8,0.0,0.0,-0.0
T12508,Functional Equations Stability Results,12,0,-12,0.0,0.0,-0.0
T12519,Cybercrime and Law Enforcement Studies,7,5,-2,0.0,0.0,-0.0
T12569,Restless Legs Syndrome Research,8,4,-4,0.0,0.0,-0.0
T12676,Machine Learning and ELM,5,7,2,0.0,0.0,0.0
T12725,transportation and logistics systems,0,12,12,0.0,0.0,0.0
T12843,Human Resource and Talent Management,7,5,-2,0.0,0.0,-0.0
T12887,Educational Strategies and Epistemologies,10,2,-8,0.0,0.0,-0.0
T12891,Medicinal Plants and Neuroprotection,10,2,-8,0.0,0.0,-0.0
T12936,"Conflict, Peace, and Violence in Colombia",4,8,4,0.0,0.0,0.0
T12972,German Colonialism and Identity Studies,8,4,-4,0.0,0.0,-0.0
T13007,Economic Sanctions and International Relations,10,2,-8,0.0,0.0,-0.0
T13032,COVID-19 Prevention and Impact,0,12,12,0.0,0.0,0.0
T13046,Electrokinetic Soil Remediation Techniques,12,0,-12,0.0,0.0,-0.0
T13052,Molecular Communication and Nanonetworks,11,1,-10,0.0,0.0,-0.0
T13071,Digital Storytelling and Education,12,0,-12,0.0,0.0,-0.0
T13073,China's Ethnic Minorities and Relations,9,3,-6,0.0,0.0,-0.0
T13081,Digital Education and Society,7,5,-2,0.0,0.0,-0.0
T13091,Human Health and Disease,9,3,-6,0.0,0.0,-0.0
T13114,Image Processing Techniques and Applications,12,0,-12,0.0,0.0,-0.0
T13246,"Agriculture, Plant Science, Crop Management",10,2,-8,0.0,0.0,-0.0
T13263,Building energy efficiency and sustainability,0,12,12,0.0,0.0,0.0
T13340,Palliative and Oncologic Care,1,11,10,0.0,0.0,0.0
T13356,Early Modern Women Writers,7,5,-2,0.0,0.0,-0.0
T13382,Robotics and Automated Systems,8,4,-4,0.0,0.0,-0.0
T13448,Indigenous Cultures and Socio-Education,9,3,-6,0.0,0.0,-0.0
T13468,Educational Research and Science Teaching,1,11,10,0.0,0.0,0.0
T13493,Optical and Acousto-Optic Technologies,5,7,2,0.0,0.0,0.0
T13527,Transportation Systems and Logistics,0,12,12,0.0,0.0,0.0
T13634,Middle East and Rwanda Conflicts,10,2,-8,0.0,0.0,-0.0
T13687,Extractivism and Socioeconomic Issues,0,12,12,0.0,0.0,0.0
T13740,Soil Science and Environmental Management,3,9,6,0.0,0.0,0.0
T13773,International Labor and Employment Law,12,0,-12,0.0,0.0,-0.0
T13779,Cancer Mechanisms and Therapy,6,6,0,0.0,0.0,0.0
T13808,Construction Engineering and Safety,10,2,-8,0.0,0.0,-0.0
T13843,African Sexualities and LGBTQ+ Issues,9,3,-6,0.0,0.0,-0.0
T13959,"Swearing, Euphemism, Multilingualism",4,8,4,0.0,0.0,0.0
T14032,History and International Relations,0,12,12,0.0,0.0,0.0
T14140,Elite Sociology and Global Capitalism,6,6,0,0.0,0.0,0.0
T14186,Healthcare Systems and Practices,9,3,-6,0.0,0.0,-0.0
T14207,Higher Education Practises and Engagement,5,7,2,0.0,0.0,0.0
T14270,Simulation and Modeling Applications,4,8,4,0.0,0.0,0.0
T14347,Big Data and Digital Economy,12,0,-12,0.0,0.0,-0.0
T14506,Historical and Architectural Studies,12,0,-12,0.0,0.0,-0.0
T14512,Technology and Human Factors in Education and Health,5,7,2,0.0,0.0,0.0
T11038,Advanced SAR Imaging Techniques,4,7,3,0.0,0.0,0.0
T11105,Advanced Image Processing Techniques,6,5,-1,0.0,0.0,-0.0
T11224,Electromagnetic wave absorption materials,6,5,-1,0.0,0.0,-0.0
T11602,Magnetic Bearings and Levitation Dynamics,8,3,-5,0.0,0.0,-0.0
T11701,Space Satellite Systems and Control,8,3,-5,0.0,0.0,-0.0
T12326,Network Packet Processing and Optimization,4,7,3,0.0,0.0,0.0
T12445,Twentieth Century Scientific Developments,5,6,1,0.0,0.0,0.0
T12483,Global Urban Networks and Dynamics,3,8,5,0.0,0.0,0.0
T12740,Gait Recognition and Analysis,4,7,3,0.0,0.0,0.0
T12747,Moyamoya disease diagnosis and treatment,7,4,-3,0.0,0.0,-0.0
T12751,Leadership and Management in Organizations,4,7,3,0.0,0.0,0.0
T12845,Methemoglobinemia and Tumor Lysis Syndrome,8,3,-5,0.0,0.0,-0.0
T12993,Psychology of Development and Education,7,4,-3,0.0,0.0,-0.0
T13019,African Studies and Geopolitics,7,4,-3,0.0,0.0,-0.0
T13040,"Gender, Education, and Development Issues",1,10,9,0.0,0.0,0.0
T13059,"Religion, Ecology, and Ethics",6,5,-1,0.0,0.0,-0.0
T13070,Cultural Identity and Heritage,2,9,7,0.0,0.0,0.0
T13122,Linguistics and Cultural Studies,10,1,-9,0.0,0.0,-0.0
T13149,Organizational Change and Leadership,1,10,9,0.0,0.0,0.0
T13175,Historical Astronomy and Related Studies,10,1,-9,0.0,0.0,-0.0
T13251,Electrical and Thermal Properties of Materials,3,8,5,0.0,0.0,0.0
T13317,"Media, Communication, and Education",11,0,-11,0.0,0.0,-0.0
T13379,"Multiculturalism, Politics, Migration, Gender",6,5,-1,0.0,0.0,-0.0
T13505,Apelin-related biomedical research,11,0,-11,0.0,0.0,-0.0
T13543,Oropharyngeal Anatomy and Pathologies,6,5,-1,0.0,0.0,-0.0
T13556,Historical Influence and Diplomacy,7,4,-3,0.0,0.0,-0.0
T13584,Coal Combustion and Slurry Processing,9,2,-7,0.0,0.0,-0.0
T13667,French Literature and Criticism,8,3,-5,0.0,0.0,-0.0
T13678,Agricultural Research and Practices,2,9,7,0.0,0.0,0.0
T13741,Cross-Cultural and Social Analysis,1,10,9,0.0,0.0,0.0
T13767,Leech Biology and Applications,8,3,-5,0.0,0.0,-0.0
T13816,Advanced Signal Processing Techniques,1,10,9,0.0,0.0,0.0
T13819,Collaborative and Sustainable Housing Initiatives,6,5,-1,0.0,0.0,-0.0
T13839,"Tourism, Volunteerism, and Development",8,3,-5,0.0,0.0,-0.0
T13917,Engineering and Material Science Research,7,4,-3,0.0,0.0,-0.0
T13929,Educational Outcomes and Influences,1,10,9,0.0,0.0,0.0
T13999,Digital Rights Management and Security,6,5,-1,0.0,0.0,-0.0
T14020,Medical research and treatments,0,11,11,0.0,0.0,0.0
T14055,Consumer Packaging Perceptions and Trends,6,5,-1,0.0,0.0,-0.0
T14086,Military and Defense Studies,7,4,-3,0.0,0.0,-0.0
T14143,Economic and Technological Innovation,7,4,-3,0.0,0.0,-0.0
T14158,Optical Systems and Laser Technology,4,7,3,0.0,0.0,0.0
T14215,Chemical and Environmental Engineering Research,4,7,3,0.0,0.0,0.0
T14222,Knowledge Management and Technology,4,7,3,0.0,0.0,0.0
T14280,Big Data Technologies and Applications,1,10,9,0.0,0.0,0.0
T14284,Social Sciences and Humanities,2,9,7,0.0,0.0,0.0
T14318,Polydiacetylene-based materials and applications,7,4,-3,0.0,0.0,-0.0
T14380,Libraries and Information Services,7,4,-3,0.0,0.0,-0.0
T14521,Medicinal Plant Research,0,11,11,0.0,0.0,0.0
T10068,Technology Adoption and User Behaviour,8,2,-6,0.0,0.0,-0.0
T10223,Microgrid Control and Optimization,5,5,0,0.0,0.0,0.0
T10256,Drug Solubulity and Delivery Systems,5,5,0,0.0,0.0,0.0
T10601,Handwritten Text Recognition Techniques,5,5,0,0.0,0.0,0.0
T10820,Fuzzy Logic and Control Systems,7,3,-4,0.0,0.0,-0.0
T11019,Image Enhancement Techniques,5,5,0,0.0,0.0,0.0
T11398,Hand Gesture Recognition Systems,9,1,-8,0.0,0.0,-0.0
T11439,Video Analysis and Summarization,6,4,-2,0.0,0.0,-0.0
T11489,Air Traffic Management and Optimization,4,6,2,0.0,0.0,0.0
T11557,Lubricants and Their Additives,9,1,-8,0.0,0.0,-0.0
T11614,Cloud Data Security Solutions,5,5,0,0.0,0.0,0.0
T11718,Physical Education and Pedagogy,6,4,-2,0.0,0.0,-0.0
T11759,Occupational Therapy Practice and Research,9,1,-8,0.0,0.0,-0.0
T11865,Anorectal Disease Treatments and Outcomes,5,5,0,0.0,0.0,0.0
T11906,"Gender, Sexuality, and Education",1,9,8,0.0,0.0,0.0
T11932,Wireless Body Area Networks,8,2,-6,0.0,0.0,-0.0
T12024,Ultra-Wideband Communications Technology,7,3,-4,0.0,0.0,-0.0
T12084,Synthesis and properties of polymers,8,2,-6,0.0,0.0,-0.0
T12190,Innovations in Concrete and Construction Materials,8,2,-6,0.0,0.0,-0.0
T12216,Network Time Synchronization Technologies,7,3,-4,0.0,0.0,-0.0
T12366,"Philosophy, Ethics, and Existentialism",9,1,-8,0.0,0.0,-0.0
T12384,Customer churn and segmentation,4,6,2,0.0,0.0,0.0
T12565,Physics and Engineering Research Articles,10,0,-10,0.0,0.0,-0.0
T12597,Fire Detection and Safety Systems,0,10,10,0.0,0.0,0.0
T12628,Polymer Foaming and Composites,5,5,0,0.0,0.0,0.0
T12633,Legal case studies and regulations,10,0,-10,0.0,0.0,-0.0
T12635,African studies and sociopolitical issues,7,3,-4,0.0,0.0,-0.0
T12658,Language and Culture,4,6,2,0.0,0.0,0.0
T12738,Corporate Identity and Reputation,6,4,-2,0.0,0.0,-0.0
T12809,Contact Mechanics and Variational Inequalities,3,7,4,0.0,0.0,0.0
T12874,Digital Imaging for Blood Diseases,7,3,-4,0.0,0.0,-0.0
T12897,Structural Analysis of Composite Materials,10,0,-10,0.0,0.0,-0.0
T12940,Structural Engineering and Materials Analysis,2,8,6,0.0,0.0,0.0
T12986,Administrative Law and Governance,0,10,10,0.0,0.0,0.0
T13031,Civil and Structural Engineering Research,7,3,-4,0.0,0.0,-0.0
T13035,Human Rights and Development,10,0,-10,0.0,0.0,-0.0
T13047,Pharmacological Receptor Mechanisms and Effects,8,2,-6,0.0,0.0,-0.0
T13130,Biological and pharmacological studies of plants,9,1,-8,0.0,0.0,-0.0
T13171,Polymer Science and PVC,4,6,2,0.0,0.0,0.0
T13231,"History, Culture, and Diplomacy",3,7,4,0.0,0.0,0.0
T13249,Dielectric properties of ceramics,3,7,4,0.0,0.0,0.0
T13268,Photographic and Visual Arts,4,6,2,0.0,0.0,0.0
T13296,Physical Education and Sports Studies,1,9,8,0.0,0.0,0.0
T13301,Cultural Studies and Interdisciplinary Research,5,5,0,0.0,0.0,0.0
T13316,"Crafts, Textile, and Design",8,2,-6,0.0,0.0,-0.0
T13387,"Politics, Economics, and Education Policy",0,10,10,0.0,0.0,0.0
T13454,Phenothiazines and Benzothiazines Synthesis and Activities,8,2,-6,0.0,0.0,-0.0
T13521,Psychosocial Factors Impacting Youth,7,3,-4,0.0,0.0,-0.0
T13548,Environmental and biological studies,4,6,2,0.0,0.0,0.0
T13590,"Oral History, Memory, Narrative Analysis",7,3,-4,0.0,0.0,-0.0
T13629,Text Readability and Simplification,9,1,-8,0.0,0.0,-0.0
T13815,Islamic Thought and Society Studies,4,6,2,0.0,0.0,0.0
T13897,Historical Economic and Legal Thought,7,3,-4,0.0,0.0,-0.0
T13904,Artificial Intelligence Applications,2,8,6,0.0,0.0,0.0
T13916,Environmental Policies and Emissions,2,8,6,0.0,0.0,0.0
T13982,Social Movements and Cultural Identity,0,10,10,0.0,0.0,0.0
T13992,Cynara cardunculus studies,7,3,-4,0.0,0.0,-0.0
T14015,Otitis Media and Relapsing Polychondritis,8,2,-6,0.0,0.0,-0.0
T14033,Education in Rural Contexts,5,5,0,0.0,0.0,0.0
T14048,Silkworms and Sericulture Research,7,3,-4,0.0,0.0,-0.0
T14056,Safety Warnings and Signage,7,3,-4,0.0,0.0,-0.0
T14106,Environmental and Sediment Control,4,6,2,0.0,0.0,0.0
T14142,Multicultural Socio-Legal Studies,9,1,-8,0.0,0.0,-0.0
T14162,Historical and Literary Studies,10,0,-10,0.0,0.0,-0.0
T14169,Public Health and Environmental Issues,3,7,4,0.0,0.0,0.0
T14176,Interdisciplinary Cultural and Social Studies,10,0,-10,0.0,0.0,-0.0
T14190,Military history and social perspectives,3,7,4,0.0,0.0,0.0
T14195,Linguistic and Cultural Studies,0,10,10,0.0,0.0,0.0
T14312,Historical Studies in Central America,1,9,8,0.0,0.0,0.0
T14355,Historical Studies of British Isles,9,1,-8,0.0,0.0,-0.0
T14362,Diverse Legal and Medical Studies,1,9,8,0.0,0.0,0.0
T14466,"Migration, Health, Geopolitics, Historical Geography",6,4,-2,0.0,0.0,-0.0
T14500,Advanced Mathematical Theories,8,2,-6,0.0,0.0,-0.0
T14518,American Sports and Literature,9,1,-8,0.0,0.0,-0.0
T10259,Sociology and Education Studies,9,0,-9,0.0,0.0,-0.0
T10278,Electric Motor Design and Analysis,3,6,3,0.0,0.0,0.0
T10468,Photovoltaic System Optimization Techniques,6,3,-3,0.0,0.0,-0.0
T10723,Advanced Welding Techniques Analysis,2,7,5,0.0,0.0,0.0
T10846,Photonic Crystal and Fiber Optics,6,3,-3,0.0,0.0,-0.0
T10865,Shape Memory Alloy Transformations,5,4,-1,0.0,0.0,-0.0
T11249,Wireless Power Transfer Systems,5,4,-1,0.0,0.0,-0.0
T11568,Railway Systems and Energy Efficiency,5,4,-1,0.0,0.0,-0.0
T11939,Public-Private Partnership Projects,6,3,-3,0.0,0.0,-0.0
T12175,Social Representations and Identity,5,4,-1,0.0,0.0,-0.0
T12343,Geography Education and Pedagogy,7,2,-5,0.0,0.0,-0.0
T12373,Linguistic research and analysis,9,0,-9,0.0,0.0,-0.0
T12378,Accounting Education and Careers,4,5,1,0.0,0.0,0.0
T12391,Artificial Immune Systems Applications,4,5,1,0.0,0.0,0.0
T12495,Electrostatic Discharge in Electronics,9,0,-9,0.0,0.0,-0.0
T12516,Advanced Mathematical Theories and Applications,7,2,-5,0.0,0.0,-0.0
T12563,History and Politics in Latin America,6,3,-3,0.0,0.0,-0.0
T12609,Latin American socio-political dynamics,1,8,7,0.0,0.0,0.0
T12671,Management and Marketing Education,7,2,-5,0.0,0.0,-0.0
T12686,Central European national history,4,5,1,0.0,0.0,0.0
T12758,Saffron Plant Research Studies,6,3,-3,0.0,0.0,-0.0
T12863,Web and Library Services,4,5,1,0.0,0.0,0.0
T12882,Jungian Analytical Psychology,5,4,-1,0.0,0.0,-0.0
T12884,Educational Assessment and Pedagogy,6,3,-3,0.0,0.0,-0.0
T12899,Engineering and Technology Innovations,4,5,1,0.0,0.0,0.0
T12903,Globalization and Cultural Identity,8,1,-7,0.0,0.0,-0.0
T12957,"War, Ethics, and Justification",6,3,-3,0.0,0.0,-0.0
T13010,Agriculture and Agroindustry Studies,0,9,9,0.0,0.0,0.0
T13028,Literature and Culture Studies,2,7,5,0.0,0.0,0.0
T13043,Youth Culture and Social Dynamics,3,6,3,0.0,0.0,0.0
T13090,Medicinal Plant Extracts Effects,9,0,-9,0.0,0.0,-0.0
T13097,Male Breast Health Studies,6,3,-3,0.0,0.0,-0.0
T13260,Linguistics and Language Studies,1,8,7,0.0,0.0,0.0
T13334,South Asian Cinema and Culture,6,3,-3,0.0,0.0,-0.0
T13380,Sound Studies and Aurality,0,9,9,0.0,0.0,0.0
T13413,Cultural and Historical Studies,2,7,5,0.0,0.0,0.0
T13426,Kruppel-like factors research,9,0,-9,0.0,0.0,-0.0
T13439,Transport and Economic Policies,6,3,-3,0.0,0.0,-0.0
T13472,Brazilian History and Foreign Policy,3,6,3,0.0,0.0,0.0
T13503,"Gender, Health, and Social Inequality",1,8,7,0.0,0.0,0.0
T13523,"Mathematics, Computing, and Information Processing",8,1,-7,0.0,0.0,-0.0
T13577,Sephardic Jews and Inquisition Studies,2,7,5,0.0,0.0,0.0
T13737,Critical and Liberation Pedagogy,1,8,7,0.0,0.0,0.0
T13763,Historical Legal Studies and Society,5,4,-1,0.0,0.0,-0.0
T13788,Cultural Identity and Representation,2,7,5,0.0,0.0,0.0
T13814,Cultural and political discourse analysis,5,4,-1,0.0,0.0,-0.0
T13817,"Tannin, Tannase and Anticancer Activities",7,2,-5,0.0,0.0,-0.0
T13822,Indigenous Health and Education,1,8,7,0.0,0.0,0.0
T13887,Augustinian Studies and Theology,6,3,-3,0.0,0.0,-0.0
T13894,Indian Economic and Social Development,6,3,-3,0.0,0.0,-0.0
T13898,Diverse Interdisciplinary Research Studies,2,7,5,0.0,0.0,0.0
T14025,Educational Technology and Assessment,5,4,-1,0.0,0.0,-0.0
T14031,Global and Cross-Cultural Management,5,4,-1,0.0,0.0,-0.0
T14092,"Ethics, Aesthetics, and Art",2,7,5,0.0,0.0,0.0
T14157,Environmental and Agricultural Sciences,6,3,-3,0.0,0.0,-0.0
T14164,Marine and Offshore Engineering Studies,7,2,-5,0.0,0.0,-0.0
T14180,"Law, logistics, and international trade",9,0,-9,0.0,0.0,-0.0
T14192,"Literature, Film, and Journalism Analysis",4,5,1,0.0,0.0,0.0
T14256,Agricultural and Food Sciences,6,3,-3,0.0,0.0,-0.0
T14283,Diverse Academic Research Areas,9,0,-9,0.0,0.0,-0.0
T14290,Education Methods and Practices,7,2,-5,0.0,0.0,-0.0
T14297,Plant-Derived Bioactive Compounds,5,4,-1,0.0,0.0,-0.0
T14311,Electrical and Electromagnetic Research,3,6,3,0.0,0.0,0.0
T14357,"Architecture, Design, and Social History",8,1,-7,0.0,0.0,-0.0
T14373,Securities Regulation and Market Practices,5,4,-1,0.0,0.0,-0.0
T14406,Multidisciplinary Science and Engineering Research,8,1,-7,0.0,0.0,-0.0
T14441,"Religion, Theology, History, Judaism, Christianity",1,8,7,0.0,0.0,0.0
T14443,"COVID-19, Geopolitics, Technology, Migration",0,9,9,0.0,0.0,0.0
T10104,Nanofluid Flow and Heat Transfer,8,0,-8,0.0,0.0,-0.0
T10164,Quality and Supply Management,5,3,-2,0.0,0.0,-0.0
T11383,Advanced Antenna and Metasurface Technologies,5,3,-2,0.0,0.0,-0.0
T11671,Fuzzy and Soft Set Theory,7,1,-6,0.0,0.0,-0.0
T11851,Electromagnetic Compatibility and Measurements,8,0,-8,0.0,0.0,-0.0
T11994,Human Resource Development and Performance Evaluation,6,2,-4,0.0,0.0,-0.0
T12000,Systems Engineering Methodologies and Applications,3,5,2,0.0,0.0,0.0
T12077,Vacuum and Plasma Arcs,3,5,2,0.0,0.0,0.0
T12102,Fire effects on concrete materials,6,2,-4,0.0,0.0,-0.0
T12105,Hygrothermal properties of building materials,5,3,-2,0.0,0.0,-0.0
T12158,Guidance and Control Systems,6,2,-4,0.0,0.0,-0.0
T12346,Phytochemistry and biological activity of medicinal plants,6,2,-4,0.0,0.0,-0.0
T12347,Ginger and Zingiberaceae research,6,2,-4,0.0,0.0,-0.0
T12449,Spacecraft Design and Technology,7,1,-6,0.0,0.0,-0.0
T12466,Near-Field Optical Microscopy,6,2,-4,0.0,0.0,-0.0
T12470,Caribbean and African Literature and Culture,6,2,-4,0.0,0.0,-0.0
T12530,Bioactive Natural Diterpenoids Research,4,4,0,0.0,0.0,0.0
T12578,Diagnosis and treatment of tuberculosis,4,4,0,0.0,0.0,0.0
T12582,Flavonoids in Medical Research,2,6,4,0.0,0.0,0.0
T12684,Stuttering Research and Treatment,4,4,0,0.0,0.0,0.0
T12696,Icing and De-icing Technologies,6,2,-4,0.0,0.0,-0.0
T12734,Information Systems and Technology Applications,0,8,8,0.0,0.0,0.0
T12783,"Migration, Aging, and Tourism Studies",8,0,-8,0.0,0.0,-0.0
T12927,"Memory, History, Trauma, Identity",0,8,8,0.0,0.0,0.0
T12997,Outdoor and Experiential Education,4,4,0,0.0,0.0,0.0
T13086,Post-Soviet Geopolitical Dynamics,8,0,-8,0.0,0.0,-0.0
T13131,Collaborative Teaching and Inclusion,8,0,-8,0.0,0.0,-0.0
T13184,Research in Social Sciences,8,0,-8,0.0,0.0,-0.0
T13210,Historical Turkish Studies,0,8,8,0.0,0.0,0.0
T13223,Connective Tissue Growth Factor Research,6,2,-4,0.0,0.0,-0.0
T13272,Psychological Treatments and Assessments,5,3,-2,0.0,0.0,-0.0
T13302,Amazonian Archaeology and Ethnohistory,5,3,-2,0.0,0.0,-0.0
T13352,International Relations in Latin America,4,4,0,0.0,0.0,0.0
T13366,Accounting Theory and Financial Reporting,1,7,6,0.0,0.0,0.0
T13371,Military Defense Systems Analysis,5,3,-2,0.0,0.0,-0.0
T13389,German Economic Analysis & Policies,4,4,0,0.0,0.0,0.0
T13477,Sustainable Design and Development,0,8,8,0.0,0.0,0.0
T13492,"Science, Technology, and Education in Latin America",2,6,4,0.0,0.0,0.0
T13534,"Migration, Identity, and Health",1,7,6,0.0,0.0,0.0
T13566,Global Educational Reforms and Inequalities,8,0,-8,0.0,0.0,-0.0
T13578,Stonefly species taxonomy and ecology,1,7,6,0.0,0.0,0.0
T13622,Historical and Environmental Studies,3,5,2,0.0,0.0,0.0
T13623,Linguistic Studies and Language Acquisition,8,0,-8,0.0,0.0,-0.0
T13644,Control Systems in Engineering,4,4,0,0.0,0.0,0.0
T13708,History of Emotions Research,3,5,2,0.0,0.0,0.0
T13730,"Martial Arts: Techniques, Psychology, and Education",6,2,-4,0.0,0.0,-0.0
T13803,Organizational Strategy and Culture,3,5,2,0.0,0.0,0.0
T13862,"Soil, Finite Element Methods",3,5,2,0.0,0.0,0.0
T13902,Indian History and Philosophy,8,0,-8,0.0,0.0,-0.0
T13912,"Language, Linguistics, Cultural Analysis",7,1,-6,0.0,0.0,-0.0
T14051,Regional Economic and Spatial Analysis,3,5,2,0.0,0.0,0.0
T14088,Generational Differences and Trends,2,6,4,0.0,0.0,0.0
T14120,Thallium and Germanium Studies,4,4,0,0.0,0.0,0.0
T14139,E-commerce and Technology Innovations,5,3,-2,0.0,0.0,-0.0
T14149,Historical and Literary Analyses,6,2,-4,0.0,0.0,-0.0
T14165,Inflammation biomarkers and pathways,5,3,-2,0.0,0.0,-0.0
T14184,Metallurgy and Material Science,8,0,-8,0.0,0.0,-0.0
T14193,Literature and Cultural Memory,7,1,-6,0.0,0.0,-0.0
T14228,Religion and Sociopolitical Dynamics in Nigeria,2,6,4,0.0,0.0,0.0
T14231,New Zealand Economic and Social Studies,8,0,-8,0.0,0.0,-0.0
T14286,Parkinson's Disease and Spinal Disorders,8,0,-8,0.0,0.0,-0.0
T14323,"Agriculture, Water, and Health",8,0,-8,0.0,0.0,-0.0
T14329,Science and Climate Studies,7,1,-6,0.0,0.0,-0.0
T14360,Psidium guajava Extracts and Applications,7,1,-6,0.0,0.0,-0.0
T14372,Environmental and Biological Research in Conflict Zones,8,0,-8,0.0,0.0,-0.0
T14426,"Religion, Gender, and Enlightenment",5,3,-2,0.0,0.0,-0.0
T10511,High voltage insulation and dielectric phenomena,4,3,-1,0.0,0.0,-0.0
T10561,Educational Research and Methods,0,7,7,0.0,0.0,0.0
T10611,Organic Light-Emitting Diodes Research,4,3,-1,0.0,0.0,-0.0
T10842,Railway Engineering and Dynamics,4,3,-1,0.0,0.0,-0.0
T11284,Coal Properties and Utilization,1,6,5,0.0,0.0,0.0
T11365,Islamic Finance and Banking Studies,7,0,-7,0.0,0.0,-0.0
T11425,Diverse Music Education Insights,5,2,-3,0.0,0.0,-0.0
T11474,Sport and Mega-Event Impacts,7,0,-7,0.0,0.0,-0.0
T11525,Piezoelectric Actuators and Control,4,3,-1,0.0,0.0,-0.0
T11555,Methodologies in Health Research and Practice,0,7,7,0.0,0.0,0.0
T11565,Thermoelastic and Magnetoelastic Phenomena,3,4,1,0.0,0.0,0.0
T11572,Information Technology Governance and Strategy,3,4,1,0.0,0.0,0.0
T11734,Decision Support System Applications,0,7,7,0.0,0.0,0.0
T11783,Turkey's Politics and Society,6,1,-5,0.0,0.0,-0.0
T12062,Approximation Theory and Sequence Spaces,4,3,-1,0.0,0.0,-0.0
T12079,IoT Networks and Protocols,4,3,-1,0.0,0.0,-0.0
T12177,Resource-Constrained Project Scheduling,3,4,1,0.0,0.0,0.0
T12298,Phytochemicals and Medicinal Plants,5,2,-3,0.0,0.0,-0.0
T12559,French Literature and Critical Theory,2,5,3,0.0,0.0,0.0
T12607,Personal Information Management and User Behavior,5,2,-3,0.0,0.0,-0.0
T12636,Regional Development and Innovation,4,3,-1,0.0,0.0,-0.0
T12794,Adaptive Dynamic Programming Control,2,5,3,0.0,0.0,0.0
T12862,Catholicism and Religious Studies,1,6,5,0.0,0.0,0.0
T12881,linguistics and terminology studies,3,4,1,0.0,0.0,0.0
T12921,European Criminal Justice and Data Protection,6,1,-5,0.0,0.0,-0.0
T12947,"Health, psychology, and well-being",7,0,-7,0.0,0.0,-0.0
T13022,Health and Medical Studies,7,0,-7,0.0,0.0,-0.0
T13061,Literacy and Educational Practices,5,2,-3,0.0,0.0,-0.0
T13087,Simone de Beauvoir and Sartre,4,3,-1,0.0,0.0,-0.0
T13105,Synthesis and pharmacology of benzodiazepine derivatives,3,4,1,0.0,0.0,0.0
T13164,Quality and Management Systems,3,4,1,0.0,0.0,0.0
T13169,Consumer Perception and Purchasing Behavior,2,5,3,0.0,0.0,0.0
T13209,Cold Fusion and Nuclear Reactions,4,3,-1,0.0,0.0,-0.0
T13218,Sesame and Sesamin Research,4,3,-1,0.0,0.0,-0.0
T13225,Polish-Jewish Holocaust Memory Studies,0,7,7,0.0,0.0,0.0
T13245,Samuel Beckett and Modernism,5,2,-3,0.0,0.0,-0.0
T13293,Engineering and Test Systems,5,2,-3,0.0,0.0,-0.0
T13310,Subtitles and Audiovisual Media,5,2,-3,0.0,0.0,-0.0
T13329,Joseph Conrad and Literature,5,2,-3,0.0,0.0,-0.0
T13344,Industrial Automation and Control Systems,3,4,1,0.0,0.0,0.0
T13353,Flow Experience in Various Fields,3,4,1,0.0,0.0,0.0
T13361,Coconut Research and Applications,7,0,-7,0.0,0.0,-0.0
T13395,"Education, Leadership, and Health Research",2,5,3,0.0,0.0,0.0
T13416,Educational Theory and Curriculum Studies,2,5,3,0.0,0.0,0.0
T13444,Medical Research and Treatments,5,2,-3,0.0,0.0,-0.0
T13498,Economic Development and Digital Transformation,6,1,-5,0.0,0.0,-0.0
T13510,Nostalgia and Consumer Behavior,5,2,-3,0.0,0.0,-0.0
T13512,Spatial and Cultural Studies,0,7,7,0.0,0.0,0.0
T13553,Age of Information Optimization,5,2,-3,0.0,0.0,-0.0
T13560,Socioeconomic Development in MENA,6,1,-5,0.0,0.0,-0.0
T13594,Healthcare innovation and challenges,7,0,-7,0.0,0.0,-0.0
T13621,Ancient and Medieval Archaeology Studies,3,4,1,0.0,0.0,0.0
T13655,Canadian Policy and Governance,7,0,-7,0.0,0.0,-0.0
T13680,"Education, Psychology, and Complexity Research",7,0,-7,0.0,0.0,-0.0
T13684,Political Dynamics in Latin America,2,5,3,0.0,0.0,0.0
T13717,Advanced Algorithms and Applications,7,0,-7,0.0,0.0,-0.0
T13733,Moravian Church and William Blake,4,3,-1,0.0,0.0,-0.0
T13734,Advanced Computational Techniques and Applications,6,1,-5,0.0,0.0,-0.0
T13747,Sociopolitical Dynamics in Russia,6,1,-5,0.0,0.0,-0.0
T13769,Fusion and Plasma Physics Studies,7,0,-7,0.0,0.0,-0.0
T13863,Cultural History and Identity Formation,3,4,1,0.0,0.0,0.0
T13867,Economic Growth and Development,6,1,-5,0.0,0.0,-0.0
T13895,Educational Leadership and Innovation,7,0,-7,0.0,0.0,-0.0
T13896,Health Services Management and Policy,2,5,3,0.0,0.0,0.0
T13925,Offshore Engineering and Technologies,1,6,5,0.0,0.0,0.0
T13980,Alexander von Humboldt Studies,7,0,-7,0.0,0.0,-0.0
T14021,Medieval European Literature and History,6,1,-5,0.0,0.0,-0.0
T14029,Thoreau and American Literature,1,6,5,0.0,0.0,0.0
T14059,"Nietzsche, Schopenhauer, and Hegel",2,5,3,0.0,0.0,0.0
T14306,Technology Assessment and Management,3,4,1,0.0,0.0,0.0
T14342,"Military, Security, and Education Studies",0,7,7,0.0,0.0,0.0
T14351,Statistical and Computational Modeling,7,0,-7,0.0,0.0,-0.0
T14356,Organizational Leadership and Management Strategies,3,4,1,0.0,0.0,0.0
T14389,"Innovation, Technology, and Society",2,5,3,0.0,0.0,0.0
T14445,Transportation Safety and Impact Analysis,5,2,-3,0.0,0.0,-0.0
T14465,"Leadership, Behavior, and Decision-Making Studies",6,1,-5,0.0,0.0,-0.0
T14492,"War, Law, and Justice",2,5,3,0.0,0.0,0.0
T14495,Public Health and Nutrition,4,3,-1,0.0,0.0,-0.0
T14513,"Leadership, Courage, and Heroism Studies",5,2,-3,0.0,0.0,-0.0
T10175,Advanced DC-DC Converters,4,2,-2,0.0,0.0,-0.0
T10828,Biometric Identification and Security,2,4,2,0.0,0.0,0.0
T11115,Topology Optimization in Engineering,4,2,-2,0.0,0.0,-0.0
T11300,Global Educational Policies and Reforms,3,3,0,0.0,0.0,0.0
T11687,Teleoperation and Haptic Systems,2,4,2,0.0,0.0,0.0
T12004,Advanced Frequency and Time Standards,3,3,0,0.0,0.0,0.0
T12139,Advanced Thermodynamic Systems and Engines,6,0,-6,0.0,0.0,-0.0
T12155,Microwave Dielectric Ceramics Synthesis,6,0,-6,0.0,0.0,-0.0
T12273,Latin American Urban Studies,4,2,-2,0.0,0.0,-0.0
T12348,Rural Development and Agriculture,5,1,-4,0.0,0.0,-0.0
T12360,Plant-derived Lignans Synthesis and Bioactivity,5,1,-4,0.0,0.0,-0.0
T12362,Tribology and Wear Analysis,6,0,-6,0.0,0.0,-0.0
T12389,Infrared Target Detection Methodologies,6,0,-6,0.0,0.0,-0.0
T12469,"Chaos, Complexity, and Education",5,1,-4,0.0,0.0,-0.0
T12665,Bamboo properties and applications,3,3,0,0.0,0.0,0.0
T12681,Global Healthcare and Medical Tourism,4,2,-2,0.0,0.0,-0.0
T12723,Hannah Arendt's Political Philosophy,5,1,-4,0.0,0.0,-0.0
T12739,Historical Studies on Spain,4,2,-2,0.0,0.0,-0.0
T12746,Sustainable Industrial Ecology,5,1,-4,0.0,0.0,-0.0
T12759,Vehicle Noise and Vibration Control,2,4,2,0.0,0.0,0.0
T12844,Psychology and Mental Health,0,6,6,0.0,0.0,0.0
T12864,Psychoanalysis and Social Critique,0,6,6,0.0,0.0,0.0
T12911,Water Resources and Sustainability,2,4,2,0.0,0.0,0.0
T12956,Asian Geopolitics and Ethnography,6,0,-6,0.0,0.0,-0.0
T12959,Engineering and Materials Science Studies,6,0,-6,0.0,0.0,-0.0
T13048,Patient Dignity and Privacy,5,1,-4,0.0,0.0,-0.0
T13099,"Health, Medicine and Society",1,5,4,0.0,0.0,0.0
T13133,Architecture and Art History Studies,4,2,-2,0.0,0.0,-0.0
T13197,Spreadsheets and End-User Computing,5,1,-4,0.0,0.0,-0.0
T13213,Mechanical Failure Analysis and Simulation,6,0,-6,0.0,0.0,-0.0
T13239,Phosphorus compounds and reactions,3,3,0,0.0,0.0,0.0
T13255,"Business, Innovation, and Economy",6,0,-6,0.0,0.0,-0.0
T13264,Walter Benjamin Studies Compilation,4,2,-2,0.0,0.0,-0.0
T13279,Safe Handling of Antineoplastic Drugs,5,1,-4,0.0,0.0,-0.0
T13282,Automated Road and Building Extraction,1,5,4,0.0,0.0,0.0
T13312,Mechanical and Thermal Properties Analysis,4,2,-2,0.0,0.0,-0.0
T13314,Lymphadenopathy Diagnosis and Analysis,4,2,-2,0.0,0.0,-0.0
T13328,Osteomyelitis and Bone Disorders Research,4,2,-2,0.0,0.0,-0.0
T13347,Christian Theology and Mission,2,4,2,0.0,0.0,0.0
T13375,Integrated Water Resources Management,2,4,2,0.0,0.0,0.0
T13378,Agricultural Development and Policies,5,1,-4,0.0,0.0,-0.0
T13394,"Ecology, Conservation, and Geographical Studies",6,0,-6,0.0,0.0,-0.0
T13419,Ego Development and Educational Practices,2,4,2,0.0,0.0,0.0
T13441,Ottoman Empire History and Society,1,5,4,0.0,0.0,0.0
T13451,Mechanical Engineering Research and Applications,1,5,4,0.0,0.0,0.0
T13489,Synthesis of β-Lactam Compounds,2,4,2,0.0,0.0,0.0
T13537,"German legal, social, and political studies",5,1,-4,0.0,0.0,-0.0
T13595,Archaeology and Cultural Heritage,2,4,2,0.0,0.0,0.0
T13599,Architecture and Cultural Influences,4,2,-2,0.0,0.0,-0.0
T13625,Journalism and Media Studies,3,3,0,0.0,0.0,0.0
T13636,Pentecostalism and Christianity Studies,1,5,4,0.0,0.0,0.0
T13681,Engineering and Information Technology,2,4,2,0.0,0.0,0.0
T13685,Material Science and Thermodynamics,6,0,-6,0.0,0.0,-0.0
T13720,Benford’s Law and Fraud Detection,5,1,-4,0.0,0.0,-0.0
T13750,"Mormonism, Religion, and History",4,2,-2,0.0,0.0,-0.0
T13764,Political theory and Gramsci,5,1,-4,0.0,0.0,-0.0
T13794,Financial Reporting and XBRL,2,4,2,0.0,0.0,0.0
T13807,Cultural Insights and Digital Impacts,6,0,-6,0.0,0.0,-0.0
T13813,Oral and Craniofacial Lesions,5,1,-4,0.0,0.0,-0.0
T13824,National Identity and Symbolism,1,5,4,0.0,0.0,0.0
T13847,Literature Analysis and Criticism,6,0,-6,0.0,0.0,-0.0
T13852,Seismic and Structural Analysis of Tall Buildings,1,5,4,0.0,0.0,0.0
T13886,Operations Management Techniques,6,0,-6,0.0,0.0,-0.0
T13940,Philosophy and Literary Analysis,2,4,2,0.0,0.0,0.0
T13962,Omental and Epiploic Conditions,3,3,0,0.0,0.0,0.0
T13978,Foreign Language Teaching Methods,3,3,0,0.0,0.0,0.0
T14083,Extremum Seeking Control Systems,6,0,-6,0.0,0.0,-0.0
T14097,Chemistry Education and Research,1,5,4,0.0,0.0,0.0
T14107,Appalachian Studies and Mathematics,0,6,6,0.0,0.0,0.0
T14177,Water Resources and Management,4,2,-2,0.0,0.0,-0.0
T14201,Data Analysis and Archiving,6,0,-6,0.0,0.0,-0.0
T14260,Impact of AI and Big Data on Business and Society,6,0,-6,0.0,0.0,-0.0
T14275,Historical Medical Research and Treatments,4,2,-2,0.0,0.0,-0.0
T14278,Marxism and Critical Theory,0,6,6,0.0,0.0,0.0
T14296,Climate Change and Sustainable Development,4,2,-2,0.0,0.0,-0.0
T14300,Legal and Social Philosophy,1,5,4,0.0,0.0,0.0
T14314,"Violence, Religion, and Philosophy",2,4,2,0.0,0.0,0.0
T14349,Global Political and Economic Relations,5,1,-4,0.0,0.0,-0.0
T14364,Clusterin in disease pathology,5,1,-4,0.0,0.0,-0.0
T14428,Coal and Coke Industries Research,6,0,-6,0.0,0.0,-0.0
T14442,Historical Studies in Science,5,1,-4,0.0,0.0,-0.0
T14455,Technology and Education Systems,1,5,4,0.0,0.0,0.0
T14473,Social and Economic Development in India,5,1,-4,0.0,0.0,-0.0
T14478,Papaya Research and Applications,2,4,2,0.0,0.0,0.0
T14520,Sustainable Urban and Rural Development,0,6,6,0.0,0.0,0.0
T10437,Educational theories and practices,2,3,1,0.0,0.0,0.0
T11114,Service and Product Innovation,5,0,-5,0.0,0.0,-0.0
T11125,Petri Nets in System Modeling,2,3,1,0.0,0.0,0.0
T11250,Wave and Wind Energy Systems,2,3,1,0.0,0.0,0.0
T11408,Advanced Optical Imaging Technologies,4,1,-3,0.0,0.0,-0.0
T11444,Electromagnetic Compatibility and Noise Suppression,5,0,-5,0.0,0.0,-0.0
T11498,Security in Wireless Sensor Networks,1,4,3,0.0,0.0,0.0
T11788,Nonlinear Optical Materials Studies,2,3,1,0.0,0.0,0.0
T11790,N-Heterocyclic Carbenes in Organic and Inorganic Chemistry,3,2,-1,0.0,0.0,-0.0
T11820,Learning Styles and Cognitive Differences,0,5,5,0.0,0.0,0.0
T12165,Environmental Sustainability and Education,3,2,-1,0.0,0.0,-0.0
T12299,Radiation Shielding Materials Analysis,0,5,5,0.0,0.0,0.0
T12363,Academic Research in Diverse Fields,5,0,-5,0.0,0.0,-0.0
T12408,Educational Innovations and Challenges,1,4,3,0.0,0.0,0.0
T12435,Bladed Disk Vibration Dynamics,5,0,-5,0.0,0.0,-0.0
T12456,Geotourism and Geoheritage Conservation,5,0,-5,0.0,0.0,-0.0
T12481,Digital Accessibility for Disabilities,4,1,-3,0.0,0.0,-0.0
T12555,Ancient Egypt and Archaeology,3,2,-1,0.0,0.0,-0.0
T12560,Nuclear Engineering Thermal-Hydraulics,2,3,1,0.0,0.0,0.0
T12641,Historical and socio-economic studies of Spain and related regions,5,0,-5,0.0,0.0,-0.0
T12680,Cultural and Mythological Studies,1,4,3,0.0,0.0,0.0
T12690,Cross-Border Cooperation and Integration,3,2,-1,0.0,0.0,-0.0
T12698,3D Modeling in Geospatial Applications,4,1,-3,0.0,0.0,-0.0
T12699,Electromagnetic Launch and Propulsion Technology,4,1,-3,0.0,0.0,-0.0
T12804,Thermal Analysis in Power Transmission,5,0,-5,0.0,0.0,-0.0
T12857,Medieval Philosophy and Theology,3,2,-1,0.0,0.0,-0.0
T12861,"Migration, Education, Indigenous Social Dynamics",2,3,1,0.0,0.0,0.0
T12889,"Psychoanalysis, Philosophy, and Politics",4,1,-3,0.0,0.0,-0.0
T12898,Induction Heating and Inverter Technology,3,2,-1,0.0,0.0,-0.0
T12938,Material Selection and Properties,2,3,1,0.0,0.0,0.0
T12998,Education and Islamic Studies,5,0,-5,0.0,0.0,-0.0
T13109,Theological Perspectives and Practices,4,1,-3,0.0,0.0,-0.0
T13154,Legal and Regulatory Analysis,5,0,-5,0.0,0.0,-0.0
T13163,Organizational Learning and Leadership,5,0,-5,0.0,0.0,-0.0
T13189,Physical Education and Training Studies,0,5,5,0.0,0.0,0.0
T13205,Geological and Geophysical Studies Worldwide,5,0,-5,0.0,0.0,-0.0
T13217,Pigment Synthesis and Properties,4,1,-3,0.0,0.0,-0.0
T13228,Socioeconomic Development in Asia,4,1,-3,0.0,0.0,-0.0
T13250,Semiotics and Representation Studies,0,5,5,0.0,0.0,0.0
T13281,Andrographolide Research and Applications,2,3,1,0.0,0.0,0.0
T13305,Teacher Professional Development and Motivation,3,2,-1,0.0,0.0,-0.0
T13346,Digital Transformation in Financial Services,1,4,3,0.0,0.0,0.0
T13373,Data Mining and Machine Learning Applications,2,3,1,0.0,0.0,0.0
T13470,Surface Treatment and Coatings,0,5,5,0.0,0.0,0.0
T13485,Marine and Coastal Ecosystems,1,4,3,0.0,0.0,0.0
T13568,Wood and Agarwood Research,5,0,-5,0.0,0.0,-0.0
T13585,Technostress in Professional Settings,0,5,5,0.0,0.0,0.0
T13587,Q Methodology Applications,3,2,-1,0.0,0.0,-0.0
T13651,Medicinal Plants and Bioactive Compounds,5,0,-5,0.0,0.0,-0.0
T13653,"Commonwealth, Australian Politics and Federalism",5,0,-5,0.0,0.0,-0.0
T13689,Underground infrastructure and sustainability,5,0,-5,0.0,0.0,-0.0
T13706,Management and Optimization Techniques,1,4,3,0.0,0.0,0.0
T13724,Humanities and Social Sciences,3,2,-1,0.0,0.0,-0.0
T13749,"Hungarian Social, Economic and Educational Studies",5,0,-5,0.0,0.0,-0.0
T13758,Energy Law and Policy,1,4,3,0.0,0.0,0.0
T13766,"Media, Journalism, and Communication History",1,4,3,0.0,0.0,0.0
T13783,"Feminism, Gender, and Intersectionality",0,5,5,0.0,0.0,0.0
T13844,Higher Education Learning Practices,5,0,-5,0.0,0.0,-0.0
T13846,Mangiferin and Mango Extracts,2,3,1,0.0,0.0,0.0
T13920,Urban Planning and Valuation,2,3,1,0.0,0.0,0.0
T13930,Diverse Education and Engineering Focus,5,0,-5,0.0,0.0,-0.0
T13943,Beetle Biology and Toxicology Studies,3,2,-1,0.0,0.0,-0.0
T13948,Gender and Women's Rights,1,4,3,0.0,0.0,0.0
T13983,Cybersecurity and Information Systems,0,5,5,0.0,0.0,0.0
T14000,"Cultural, Social, and Media Studies",1,4,3,0.0,0.0,0.0
T14034,Musicians’ Health and Performance,4,1,-3,0.0,0.0,-0.0
T14035,"Literature, Culture, and Aesthetics",2,3,1,0.0,0.0,0.0
T14114,Digital Media and Philosophy,1,4,3,0.0,0.0,0.0
T14194,Bioactive Compounds in Plants,2,3,1,0.0,0.0,0.0
T14199,Historical and Scientific Studies,1,4,3,0.0,0.0,0.0
T14292,"Migration, Policy, and Dickens Studies",2,3,1,0.0,0.0,0.0
T14320,Optics and Image Analysis,5,0,-5,0.0,0.0,-0.0
T14332,European Linguistics and Anthropology,1,4,3,0.0,0.0,0.0
T14359,Wetland Management and Conservation,0,5,5,0.0,0.0,0.0
T14402,Political and Social Issues,4,1,-3,0.0,0.0,-0.0
T14420,Advanced Research in Systems and Signal Processing,5,0,-5,0.0,0.0,-0.0
T14460,"Literary, Cultural, Historical Analysis",4,1,-3,0.0,0.0,-0.0
T14470,Advanced Data Processing Techniques,5,0,-5,0.0,0.0,-0.0
T14481,Renewable Energy and Sustainability,1,4,3,0.0,0.0,0.0
T10153,"Education, sociology, and vocational training",2,2,0,0.0,0.0,0.0
T10454,Optimal Power Flow Distribution,1,3,2,0.0,0.0,0.0
T10504,Sensorless Control of Electric Motors,2,2,0,0.0,0.0,0.0
T10972,Power Systems Fault Detection,2,2,0,0.0,0.0,0.0
T11343,Power Transformer Diagnostics and Insulation,4,0,-4,0.0,0.0,-0.0
T11347,Neural Networks Stability and Synchronization,3,1,-2,0.0,0.0,-0.0
T11695,South African History and Culture,2,2,0,0.0,0.0,0.0
T11857,Archaeological and Historical Studies,4,0,-4,0.0,0.0,-0.0
T11938,ERP Systems Implementation and Impact,3,1,-2,0.0,0.0,-0.0
T11941,Power System Reliability and Maintenance,2,2,0,0.0,0.0,0.0
T11955,Urban and spatial planning,4,0,-4,0.0,0.0,-0.0
T12036,Argentine historical studies,3,1,-2,0.0,0.0,-0.0
T12059,Berberine and alkaloids research,2,2,0,0.0,0.0,0.0
T12086,Structural Integrity and Reliability Analysis,1,3,2,0.0,0.0,0.0
T12087,Natural Compound Pharmacology Studies,4,0,-4,0.0,0.0,-0.0
T12146,Power Line Communications and Noise,3,1,-2,0.0,0.0,-0.0
T12401,Scheduling and Timetabling Solutions,2,2,0,0.0,0.0,0.0
T12415,Employer Branding and e-HRM,1,3,2,0.0,0.0,0.0
T12423,Software Reliability and Analysis Research,3,1,-2,0.0,0.0,-0.0
T12439,Dental Research and COVID-19,3,1,-2,0.0,0.0,-0.0
T12451,Smart Grid and Power Systems,1,3,2,0.0,0.0,0.0
T12531,Values and Moral Education,1,3,2,0.0,0.0,0.0
T12581,Engineering Structural Analysis Methods,3,1,-2,0.0,0.0,-0.0
T12647,Traditional Chinese Medicine Studies,3,1,-2,0.0,0.0,-0.0
T12787,Human Behavior and Motivation,1,3,2,0.0,0.0,0.0
T12799,Mobile and Web Applications,1,3,2,0.0,0.0,0.0
T12802,Competency Development and Evaluation,2,2,0,0.0,0.0,0.0
T12812,Meromorphic and Entire Functions,3,1,-2,0.0,0.0,-0.0
T12821,Geological Formations and Processes Exploration,3,1,-2,0.0,0.0,-0.0
T12885,Digital Innovation in Industries,3,1,-2,0.0,0.0,-0.0
T12943,COVID-19 Digital Contact Tracing,2,2,0,0.0,0.0,0.0
T12987,Religion and Society in Latin America,1,3,2,0.0,0.0,0.0
T13017,Zygmunt Bauman's Sociology,1,3,2,0.0,0.0,0.0
T13033,Social Sciences and Governance,3,1,-2,0.0,0.0,-0.0
T13038,Internet of Things and AI,2,2,0,0.0,0.0,0.0
T13062,Cognitive Computing and Networks,3,1,-2,0.0,0.0,-0.0
T13089,Medieval and Early Modern Iberia,0,4,4,0.0,0.0,0.0
T13132,"Hydropower, Displacement, Environmental Impact",2,2,0,0.0,0.0,0.0
T13203,Environmental Changes in China,1,3,2,0.0,0.0,0.0
T13224,Sports and Physical Education Research,2,2,0,0.0,0.0,0.0
T13226,Appreciative Inquiry and Organizational Change,1,3,2,0.0,0.0,0.0
T13257,Advanced Control and Stabilization in Aerospace Systems,2,2,0,0.0,0.0,0.0
T13277,"Media, Religion, Digital Communication",3,1,-2,0.0,0.0,-0.0
T13287,Robotic Process Automation Applications,2,2,0,0.0,0.0,0.0
T13295,Safety Systems Engineering in Autonomy,2,2,0,0.0,0.0,0.0
T13321,"Radio, Podcasts, and Digital Media",4,0,-4,0.0,0.0,-0.0
T13322,Hibiscus Plant Research Studies,3,1,-2,0.0,0.0,-0.0
T13423,Social Policies and Healthcare Reform,4,0,-4,0.0,0.0,-0.0
T13428,Anarchism and Radical Politics,1,3,2,0.0,0.0,0.0
T13455,"Decadence, Literature, and Society",2,2,0,0.0,0.0,0.0
T13459,Public Administration and Political Analysis,3,1,-2,0.0,0.0,-0.0
T13488,Sports and Physical Education Studies,3,1,-2,0.0,0.0,-0.0
T13511,Geodetic Measurements and Engineering Structures,3,1,-2,0.0,0.0,-0.0
T13519,Historical Architecture and Urbanism,1,3,2,0.0,0.0,0.0
T13538,Linguistics and Language Analysis,0,4,4,0.0,0.0,0.0
T13562,Cruise Tourism Development and Management,4,0,-4,0.0,0.0,-0.0
T13571,"Corporeality, Perception, and Education",0,4,4,0.0,0.0,0.0
T13618,Regional Socio-Economic Development Trends,4,0,-4,0.0,0.0,-0.0
T13620,Education for Peace and Conflict Resolution,0,4,4,0.0,0.0,0.0
T13660,Philosophical and Historical Studies,3,1,-2,0.0,0.0,-0.0
T13668,Agricultural and Rural Development Research,4,0,-4,0.0,0.0,-0.0
T13674,Computer Science and Engineering,0,4,4,0.0,0.0,0.0
T13731,Advanced Computing and Algorithms,4,0,-4,0.0,0.0,-0.0
T13751,Diverse Approaches in Healthcare and Education Studies,4,0,-4,0.0,0.0,-0.0
T13754,Central European and Russian historical studies,4,0,-4,0.0,0.0,-0.0
T13792,Morinda citrifolia extract uses,4,0,-4,0.0,0.0,-0.0
T13821,Coaching Methods and Impact,4,0,-4,0.0,0.0,-0.0
T13823,Religious and Theological Studies,2,2,0,0.0,0.0,0.0
T13836,Educational Research and Pedagogy,4,0,-4,0.0,0.0,-0.0
T13853,Teacher Education and Assessments,1,3,2,0.0,0.0,0.0
T13889,Advanced Materials and Semiconductor Technologies,0,4,4,0.0,0.0,0.0
T13891,Engineering Diagnostics and Reliability,4,0,-4,0.0,0.0,-0.0
T13900,Contemporary and Historical Greek Studies,2,2,0,0.0,0.0,0.0
T13905,Telecommunications and Broadcasting Technologies,3,1,-2,0.0,0.0,-0.0
T13931,Philosophy and Historical Thought,2,2,0,0.0,0.0,0.0
T13935,Mathematical Control Systems and Analysis,3,1,-2,0.0,0.0,-0.0
T13949,Belt and Road Initiative,1,3,2,0.0,0.0,0.0
T13974,"Health, Education, and Aging",1,3,2,0.0,0.0,0.0
T13995,Globalization and political ideologies,0,4,4,0.0,0.0,0.0
T14085,Student Stress and Coping,0,4,4,0.0,0.0,0.0
T14093,Global Health and Epidemiology,2,2,0,0.0,0.0,0.0
T14101,Financial Crisis of the 21st Century,4,0,-4,0.0,0.0,-0.0
T14131,Giambattista Vico and Joyce,2,2,0,0.0,0.0,0.0
T14154,"finance, banking, and market dynamics",1,3,2,0.0,0.0,0.0
T14182,Technology-Enhanced Education Studies,4,0,-4,0.0,0.0,-0.0
T14209,Public health and occupational medicine,0,4,4,0.0,0.0,0.0
T14218,Engineering Education and Global Impact,2,2,0,0.0,0.0,0.0
T14237,Historical and Political Studies,0,4,4,0.0,0.0,0.0
T14247,"Borges, Kipling, and Jewish Identity",3,1,-2,0.0,0.0,-0.0
T14302,European Politics and Security,3,1,-2,0.0,0.0,-0.0
T14307,Bioethics and Human Rights Issues,0,4,4,0.0,0.0,0.0
T14321,"Religion, Theology, and Education",4,0,-4,0.0,0.0,-0.0
T14331,Medicinal Plant Pharmacodynamics Research,4,0,-4,0.0,0.0,-0.0
T14345,Scientific Research and Philosophical Inquiry,3,1,-2,0.0,0.0,-0.0
T14382,Electrophoretic Deposition in Materials Science,2,2,0,0.0,0.0,0.0
T14391,"Forest, Soil, and Plant Ecology in China",3,1,-2,0.0,0.0,-0.0
T14407,Athletic Training and Education,3,1,-2,0.0,0.0,-0.0
T14421,Educational Philosophies and Pedagogies,2,2,0,0.0,0.0,0.0
T14429,Global Political and Social Dynamics,4,0,-4,0.0,0.0,-0.0
T14457,Intellectual Property Rights and Media,0,4,4,0.0,0.0,0.0
T14496,Educational Technology and E-Learning,0,4,4,0.0,0.0,0.0
T14503,"Globalization, Economics, and Policies",3,1,-2,0.0,0.0,-0.0
T10228,Multilevel Inverters and Converters,2,1,-1,0.0,0.0,-0.0
T11729,Product Development and Customization,1,2,1,0.0,0.0,0.0
T11858,Urban Development and Societal Issues,1,2,1,0.0,0.0,0.0
T12123,Financial Analysis and Corporate Governance,0,3,3,0.0,0.0,0.0
T12260,Educational Technology and Pedagogy,1,2,1,0.0,0.0,0.0
T12367,Dental Trauma and Treatments,3,0,-3,0.0,0.0,-0.0
T12382,History of Education Research in Brazil,2,1,-1,0.0,0.0,-0.0
T12395,Educational Innovations and Technology,2,1,-1,0.0,0.0,-0.0
T12440,Karl Barth and Christian Theology,3,0,-3,0.0,0.0,-0.0
T12511,Medieval and Classical Philosophy,3,0,-3,0.0,0.0,-0.0
T12595,Romani and Gypsy Studies,2,1,-1,0.0,0.0,-0.0
T12651,Halal products and consumer behavior,3,0,-3,0.0,0.0,-0.0
T12657,Phytochemistry Medicinal Plant Applications,2,1,-1,0.0,0.0,-0.0
T12670,"Urbanism, Landscape, and Tourism Studies",1,2,1,0.0,0.0,0.0
T12711,Immigration and Intercultural Education,3,0,-3,0.0,0.0,-0.0
T12737,Electrical Fault Detection and Protection,2,1,-1,0.0,0.0,-0.0
T12750,Nigella sativa pharmacological applications,2,1,-1,0.0,0.0,-0.0
T12774,Bauxite Residue and Utilization,3,0,-3,0.0,0.0,-0.0
T12775,Legal Issues in South Africa,3,0,-3,0.0,0.0,-0.0
T12808,Ferroelectric and Negative Capacitance Devices,2,1,-1,0.0,0.0,-0.0
T12945,Quality Function Deployment in Product Design,2,1,-1,0.0,0.0,-0.0
T12985,Maritime Security and History,2,1,-1,0.0,0.0,-0.0
T12988,Sociology and Education in Brazil,2,1,-1,0.0,0.0,-0.0
T13003,Regional Development and Environment,1,2,1,0.0,0.0,0.0
T13006,Spanish History and Politics,2,1,-1,0.0,0.0,-0.0
T13093,Electric Power Systems and Control,1,2,1,0.0,0.0,0.0
T13094,Mining and Gasification Technologies,2,1,-1,0.0,0.0,-0.0
T13118,Psychological Treatments and Disorders,2,1,-1,0.0,0.0,-0.0
T13136,Community-based Tourism Development and Sustainability,0,3,3,0.0,0.0,0.0
T13161,Ideological and Political Education,3,0,-3,0.0,0.0,-0.0
T13166,Information Science and Libraries,0,3,3,0.0,0.0,0.0
T13182,Quantum-Dot Cellular Automata,2,1,-1,0.0,0.0,-0.0
T13232,Laser-Ablation Synthesis of Nanoparticles,2,1,-1,0.0,0.0,-0.0
T13243,Innovation in Digital Healthcare Systems,1,2,1,0.0,0.0,0.0
T13244,Analysis of environmental and stochastic processes,2,1,-1,0.0,0.0,-0.0
T13259,American Jewish Fiction Analysis,3,0,-3,0.0,0.0,-0.0
T13306,Geography and Education Methods,0,3,3,0.0,0.0,0.0
T13307,Diverse Scientific and Engineering Research,3,0,-3,0.0,0.0,-0.0
T13311,Sociology and Cultural Identity Studies,3,0,-3,0.0,0.0,-0.0
T13360,Economic and Social Issues,1,2,1,0.0,0.0,0.0
T13390,Cultural and Social Dynamics,3,0,-3,0.0,0.0,-0.0
T13392,History of Education in Spain,3,0,-3,0.0,0.0,-0.0
T13420,Arduino and IoT Applications,0,3,3,0.0,0.0,0.0
T13446,"Antioxidants, Aging, Portulaca oleracea",3,0,-3,0.0,0.0,-0.0
T13462,Spanish Philosophy and Literature,2,1,-1,0.0,0.0,-0.0
T13486,"Literature, Magical Realism, García Márquez",3,0,-3,0.0,0.0,-0.0
T13509,Accounting and Financial Management,1,2,1,0.0,0.0,0.0
T13515,Cultural and Communication Design Research,3,0,-3,0.0,0.0,-0.0
T13524,Venezuelan Migration and Society,0,3,3,0.0,0.0,0.0
T13525,Cambodian History and Society,2,1,-1,0.0,0.0,-0.0
T13564,Education and Public Policy,1,2,1,0.0,0.0,0.0
T13582,"Stalking, Cyberstalking, and Harassment",3,0,-3,0.0,0.0,-0.0
T13589,Literary and Cultural Studies,3,0,-3,0.0,0.0,-0.0
T13603,Corporate Social Responsibility and Sustainability,0,3,3,0.0,0.0,0.0
T13608,Advanced Computational Techniques in Science and Engineering,3,0,-3,0.0,0.0,-0.0
T13613,"Health, Education, and Cultural Studies",3,0,-3,0.0,0.0,-0.0
T13624,Social Sciences and Policies,3,0,-3,0.0,0.0,-0.0
T13662,Qualitative research in health,0,3,3,0.0,0.0,0.0
T13665,Legal and cultural studies analysis,1,2,1,0.0,0.0,0.0
T13697,Biliary and Gastrointestinal Fistulas,2,1,-1,0.0,0.0,-0.0
T13700,Gender Studies and Social Issues,0,3,3,0.0,0.0,0.0
T13715,Power Line Inspection Robots,2,1,-1,0.0,0.0,-0.0
T13782,Transactional Analysis in Psychotherapy,3,0,-3,0.0,0.0,-0.0
T13795,"Language, Communication, and Linguistic Studies",0,3,3,0.0,0.0,0.0
T13812,AI and HR Technologies,2,1,-1,0.0,0.0,-0.0
T13827,Mechatronics Education and Applications,3,0,-3,0.0,0.0,-0.0
T13868,Afro-Latin American Studies,0,3,3,0.0,0.0,0.0
T13882,Research studies in Vietnam,1,2,1,0.0,0.0,0.0
T13893,Sustainable Development and Policies,1,2,1,0.0,0.0,0.0
T13906,Social Issues and Policies,2,1,-1,0.0,0.0,-0.0
T13914,European Cultural and National Identity,1,2,1,0.0,0.0,0.0
T13919,Medicinal plant effects and applications,3,0,-3,0.0,0.0,-0.0
T13945,"Legal, Health, Environmental and COVID-19 Challenges",0,3,3,0.0,0.0,0.0
T13947,Media Discourse and Social  Analysis,0,3,3,0.0,0.0,0.0
T14011,Elevator Systems and Control,3,0,-3,0.0,0.0,-0.0
T14043,Historical and modern epidemiology studies,2,1,-1,0.0,0.0,-0.0
T14050,Forest Ecology and Conservation,1,2,1,0.0,0.0,0.0
T14054,Humic Substances and Bio-Organic Studies,1,2,1,0.0,0.0,0.0
T14061,Educational Practices and Policies,3,0,-3,0.0,0.0,-0.0
T14067,Cloud Computing and Remote Desktop Technologies,2,1,-1,0.0,0.0,-0.0
T14076,Material Properties and Failure Mechanisms,2,1,-1,0.0,0.0,-0.0
T14091,Industrial and Mining Safety,3,0,-3,0.0,0.0,-0.0
T14095,"Literature, Musicology, and Cultural Analysis",3,0,-3,0.0,0.0,-0.0
T14105,Cultural and Artistic Studies,3,0,-3,0.0,0.0,-0.0
T14116,Aviation History and Innovations,0,3,3,0.0,0.0,0.0
T14121,Logistics and Transportation Systems,1,2,1,0.0,0.0,0.0
T14159,Discourse Analysis and Cultural Communication,3,0,-3,0.0,0.0,-0.0
T14167,Consumer behavior in food and health,2,1,-1,0.0,0.0,-0.0
T14173,"Education, Healthcare and Sociology Research",3,0,-3,0.0,0.0,-0.0
T14248,Social impacts of COVID-19,0,3,3,0.0,0.0,0.0
T14254,Digital Media and Visual Art,3,0,-3,0.0,0.0,-0.0
T14258,Legal and Policy Issues,3,0,-3,0.0,0.0,-0.0
T14265,Social and Behavioral Studies,3,0,-3,0.0,0.0,-0.0
T14276,Power Systems and Technologies,3,0,-3,0.0,0.0,-0.0
T14367,Logistics and Infrastructure Analysis,0,3,3,0.0,0.0,0.0
T14370,"Economic, Social, and Health Studies",3,0,-3,0.0,0.0,-0.0
T14381,"Psychiatry, Mental Health, Neuroscience",2,1,-1,0.0,0.0,-0.0
T14418,"Development, Ethics, and Society",0,3,3,0.0,0.0,0.0
T14448,EU Law and Policy Analysis,3,0,-3,0.0,0.0,-0.0
T14452,Mexican Socioeconomic and Environmental Dynamics,3,0,-3,0.0,0.0,-0.0
T14456,Blasting Impact and Analysis,0,3,3,0.0,0.0,0.0
T14490,Human Rights and Immigration,3,0,-3,0.0,0.0,-0.0
T14504,Diverse Academic Research Analysis,0,3,3,0.0,0.0,0.0
T14505,Natural Products and Applications,1,2,1,0.0,0.0,0.0
T14507,"History, Culture, and Society",3,0,-3,0.0,0.0,-0.0
T10740,Wind Turbine Control Systems,0,2,2,0.0,0.0,0.0
T11102,HVDC Systems and Fault Protection,2,0,-2,0.0,0.0,-0.0
T11849,Intellectual Capital and Performance Analysis,2,0,-2,0.0,0.0,-0.0
T11958,Dental Erosion and Treatment,2,0,-2,0.0,0.0,-0.0
T12181,Agricultural and Biological Research,0,2,2,0.0,0.0,0.0
T12197,Brake Systems and Friction Analysis,1,1,0,0.0,0.0,0.0
T12222,IoT-based Smart Home Systems,1,1,0,0.0,0.0,0.0
T12244,Healthcare Education and Workforce Issues,2,0,-2,0.0,0.0,-0.0
T12277,Frequency Control in Power Systems,1,1,0,0.0,0.0,0.0
T12368,Grey System Theory Applications,2,0,-2,0.0,0.0,-0.0
T12371,Electrical Contact Performance and Analysis,1,1,0,0.0,0.0,0.0
T12393,Workplace Spirituality and Leadership,2,0,-2,0.0,0.0,-0.0
T12437,"Balkans: History, Politics, Society",0,2,2,0.0,0.0,0.0
T12482,Tunneling and Rock Mechanics,2,0,-2,0.0,0.0,-0.0
T12490,Software Engineering and Design Patterns,2,0,-2,0.0,0.0,-0.0
T12544,Working Capital and Financial Performance,2,0,-2,0.0,0.0,-0.0
T12573,Education and Digital Technologies,0,2,2,0.0,0.0,0.0
T12577,Geography and Environmental Studies,1,1,0,0.0,0.0,0.0
T12584,Hospitality and Tourism Education,0,2,2,0.0,0.0,0.0
T12601,Web Applications and Data Management,2,0,-2,0.0,0.0,-0.0
T12662,Digitalization and Economic Development in Agriculture,0,2,2,0.0,0.0,0.0
T12669,Comparative International Legal Studies,2,0,-2,0.0,0.0,-0.0
T12687,Public Administration in Developing Nations,0,2,2,0.0,0.0,0.0
T12726,Philosophical and Cultural Analysis,1,1,0,0.0,0.0,0.0
T12826,Education Methods and Technologies,2,0,-2,0.0,0.0,-0.0
T12839,Emile Durkheim and Sociology,0,2,2,0.0,0.0,0.0
T12865,Tailings Management and Properties,0,2,2,0.0,0.0,0.0
T12869,Occupational Health and Burnout,0,2,2,0.0,0.0,0.0
T12886,Historical and Cultural Studies of Poland,0,2,2,0.0,0.0,0.0
T12902,Public Policy and Governance,2,0,-2,0.0,0.0,-0.0
T12905,Management Systems and Quality Improvement,1,1,0,0.0,0.0,0.0
T12922,Business and Economic Development,2,0,-2,0.0,0.0,-0.0
T12926,Business Strategies and Management Research,0,2,2,0.0,0.0,0.0
T12928,Education and Cultural Studies,2,0,-2,0.0,0.0,-0.0
T12933,Franchising Strategies and Performance,1,1,0,0.0,0.0,0.0
T12942,Cultural Studies and Postmodernism,0,2,2,0.0,0.0,0.0
T12969,Economic and Social Development,0,2,2,0.0,0.0,0.0
T12984,Transport and Logistics Innovations,0,2,2,0.0,0.0,0.0
T12995,Urban Development and Cultural Heritage,2,0,-2,0.0,0.0,-0.0
T13014,Peace and Human Rights Education,2,0,-2,0.0,0.0,-0.0
T13021,Geology and Environmental Impact Studies,0,2,2,0.0,0.0,0.0
T13026,Natural Compounds in Disease Treatment,1,1,0,0.0,0.0,0.0
T13050,Oil and Gas Production Techniques,2,0,-2,0.0,0.0,-0.0
T13053,SMEs Development and Digital Marketing,1,1,0,0.0,0.0,0.0
T13054,Agricultural and Financial Auditing,2,0,-2,0.0,0.0,-0.0
T13065,Mining Techniques and Economics,1,1,0,0.0,0.0,0.0
T13121,Radio Wave Propagation Studies,0,2,2,0.0,0.0,0.0
T13140,Materials Engineering and Processing,2,0,-2,0.0,0.0,-0.0
T13152,French Language Learning Methods,1,1,0,0.0,0.0,0.0
T13172,Economic Issues in Ukraine,2,0,-2,0.0,0.0,-0.0
T13211,"Memory, Trauma, and Testimony",0,2,2,0.0,0.0,0.0
T13265,Synthesis of Tetrazole Derivatives,0,2,2,0.0,0.0,0.0
T13351,Critical Theory and Political Philosophy,2,0,-2,0.0,0.0,-0.0
T13386,Educational Methods and Teacher Development,2,0,-2,0.0,0.0,-0.0
T13431,Education Methods and Integration,2,0,-2,0.0,0.0,-0.0
T13442,Geochemistry and Geochronology of Asian Mineral Deposits,2,0,-2,0.0,0.0,-0.0
T13475,Digital Transformation in Law,2,0,-2,0.0,0.0,-0.0
T13482,Engineering Education and Technology,2,0,-2,0.0,0.0,-0.0
T13517,Environmental and Industrial Safety,2,0,-2,0.0,0.0,-0.0
T13528,Water Resources and Governance,0,2,2,0.0,0.0,0.0
T13535,Wireless Sensor Networks and IoT,2,0,-2,0.0,0.0,-0.0
T13545,Philosophical and Theoretical Analysis,1,1,0,0.0,0.0,0.0
T13565,Education and Learning Interventions,2,0,-2,0.0,0.0,-0.0
T13579,Image and Video Stabilization,1,1,0,0.0,0.0,0.0
T13601,Urban Transport Systems Analysis,2,0,-2,0.0,0.0,-0.0
T13630,Agriculture Market Analysis Ukraine,2,0,-2,0.0,0.0,-0.0
T13631,"Global History, Politics, and Ideology",1,1,0,0.0,0.0,0.0
T13647,AI and Big Data Applications,1,1,0,0.0,0.0,0.0
T13669,China's Global Influence and Migration,0,2,2,0.0,0.0,0.0
T13672,Thomas Hardy Literature Studies,0,2,2,0.0,0.0,0.0
T13677,Magnolia and Illicium research,2,0,-2,0.0,0.0,-0.0
T13683,"Architecture, Art, Education",0,2,2,0.0,0.0,0.0
T13692,Italian Social Issues and Migration,0,2,2,0.0,0.0,0.0
T13703,Attention Economy in Education and Business,2,0,-2,0.0,0.0,-0.0
T13707,"Literature, Language, and Rhetoric Studies",2,0,-2,0.0,0.0,-0.0
T13711,Environmental Science and Technology,2,0,-2,0.0,0.0,-0.0
T13729,Korean Urban and Social Studies,2,0,-2,0.0,0.0,-0.0
T13732,"Aerospace, Electronics, Mathematical Modeling",2,0,-2,0.0,0.0,-0.0
T13762,Education and Labor Relations,0,2,2,0.0,0.0,0.0
T13776,Phytochemical and Pharmacological Studies,2,0,-2,0.0,0.0,-0.0
T13799,Media and Communication Studies,0,2,2,0.0,0.0,0.0
T13810,Legal Systems and Institutions,0,2,2,0.0,0.0,0.0
T13820,SAS software applications and methods,2,0,-2,0.0,0.0,-0.0
T13834,Whipple's Disease and Interleukins,2,0,-2,0.0,0.0,-0.0
T13866,Occupational health in dentistry,2,0,-2,0.0,0.0,-0.0
T13870,Environmental and Ecological Studies,2,0,-2,0.0,0.0,-0.0
T13874,Information Architecture and Usability,2,0,-2,0.0,0.0,-0.0
T13909,Environmental Quality and Pollution,2,0,-2,0.0,0.0,-0.0
T13936,Physical Education and Gymnastics,2,0,-2,0.0,0.0,-0.0
T13941,Geotechnical and Mining Engineering,0,2,2,0.0,0.0,0.0
T13963,Organizational Management and Leadership,2,0,-2,0.0,0.0,-0.0
T13968,Contemporary Cultural and Social Studies,0,2,2,0.0,0.0,0.0
T13989,Labour Market and Migration,2,0,-2,0.0,0.0,-0.0
T14037,Arabic Language Education Studies,1,1,0,0.0,0.0,0.0
T14038,"Youth, Politics, and Society",0,2,2,0.0,0.0,0.0
T14040,Problem Solving Skills Development,1,1,0,0.0,0.0,0.0
T14052,Galician and Iberian cultural studies,2,0,-2,0.0,0.0,-0.0
T14058,Value Engineering and Management,1,1,0,0.0,0.0,0.0
T14071,Healthcare during COVID-19 Pandemic,2,0,-2,0.0,0.0,-0.0
T14074,Persona Design and Applications,2,0,-2,0.0,0.0,-0.0
T14077,Socio-political and Technological Issues,2,0,-2,0.0,0.0,-0.0
T14082,"Modeling, Simulation, and Optimization",2,0,-2,0.0,0.0,-0.0
T14084,Methodology and Impact of Social Science Research,2,0,-2,0.0,0.0,-0.0
T14098,Energy Efficiency in Computing,1,1,0,0.0,0.0,0.0
T14108,Medical and Pharmaceutic Studies,2,0,-2,0.0,0.0,-0.0
T14113,Global Socioeconomic and Political Dynamics,2,0,-2,0.0,0.0,-0.0
T14118,Social and Demographic Issues in Germany,2,0,-2,0.0,0.0,-0.0
T14133,Border Security and International Relations,0,2,2,0.0,0.0,0.0
T14136,Education and Military Integration,1,1,0,0.0,0.0,0.0
T14152,Healthcare Facilities Design and Sustainability,1,1,0,0.0,0.0,0.0
T14168,Occupational Health and Global Justice,0,2,2,0.0,0.0,0.0
T14200,"Medical, Sociocultural, and Biopolitical Studies",1,1,0,0.0,0.0,0.0
T14211,Diverse academic research themes,2,0,-2,0.0,0.0,-0.0
T14234,Data Privacy and Cybersecurity,2,0,-2,0.0,0.0,-0.0
T14235,"Linguistic, Cultural, and Literary Studies",1,1,0,0.0,0.0,0.0
T14236,Educational Tools and Methods,2,0,-2,0.0,0.0,-0.0
T14243,Creative Drama in Education,1,1,0,0.0,0.0,0.0
T14246,E-Learning and Knowledge Management,2,0,-2,0.0,0.0,-0.0
T14252,Water and Wastewater Treatment,1,1,0,0.0,0.0,0.0
T14259,Legal Rights and Human Rights,1,1,0,0.0,0.0,0.0
T14274,Education and Vocational Training,0,2,2,0.0,0.0,0.0
T14282,"Security, Politics, and Digital Transformation",2,0,-2,0.0,0.0,-0.0
T14317,"Finance, Markets, and Regulation",0,2,2,0.0,0.0,0.0
T14325,Diverse Specialized Academic Research,2,0,-2,0.0,0.0,-0.0
T14341,"Education, Technology, and Ethics",2,0,-2,0.0,0.0,-0.0
T14348,Marriage and Family Dynamics,0,2,2,0.0,0.0,0.0
T14353,Wireless Sensor Networks for Data Analysis,1,1,0,0.0,0.0,0.0
T14363,Optical properties and cooling technologies in crystalline materials,2,0,-2,0.0,0.0,-0.0
T14368,Evaluation and Optimization Models,2,0,-2,0.0,0.0,-0.0
T14376,Science and Education Research,0,2,2,0.0,0.0,0.0
T14379,Diverse Cultural and Historical Studies,2,0,-2,0.0,0.0,-0.0
T14398,Agriculture and Social Issues,2,0,-2,0.0,0.0,-0.0
T14413,Advanced Technologies in Various Fields,2,0,-2,0.0,0.0,-0.0
T14419,Banking Systems and Strategies,1,1,0,0.0,0.0,0.0
T14430,Higher Education and Teaching Methods,2,0,-2,0.0,0.0,-0.0
T14447,Trade Secret Protection Methods,2,0,-2,0.0,0.0,-0.0
T14454,Polymer Science and Applications,1,1,0,0.0,0.0,0.0
T14461,Medicinal Plant Studies,2,0,-2,0.0,0.0,-0.0
T14483,Education and Teacher Training,2,0,-2,0.0,0.0,-0.0
T14491,Diverse academic and cultural studies,2,0,-2,0.0,0.0,-0.0
T14498,Educational Technology in Learning,1,1,0,0.0,0.0,0.0
T14508,Vocational Education and Training,2,0,-2,0.0,0.0,-0.0
T10457,Education Pedagogy and Practices,0,1,1,0.0,0.0,0.0
T10573,Power Quality and Harmonics,1,0,-1,0.0,0.0,-0.0
T10910,Corporate Governance and Management,1,0,-1,0.0,0.0,-0.0
T11101,Online Learning Methods and Innovations,0,1,1,0.0,0.0,0.0
T11530,Business and Management Studies,1,0,-1,0.0,0.0,-0.0
T11543,Employee Performance and Motivation,0,1,1,0.0,0.0,0.0
T11726,Organizational Management and Innovation,0,1,1,0.0,0.0,0.0
T12021,Social and Educational Sciences,1,0,-1,0.0,0.0,-0.0
T12109,"Race, Identity, and Education in Brazil",1,0,-1,0.0,0.0,-0.0
T12148,Brazilian Legal Issues,1,0,-1,0.0,0.0,-0.0
T12217,Higher Education Teaching and Evaluation,0,1,1,0.0,0.0,0.0
T12239,Construction Management and Sustainability,0,1,1,0.0,0.0,0.0
T12338,Digital literacy in education,0,1,1,0.0,0.0,0.0
T12376,Corporate Management and Leadership,1,0,-1,0.0,0.0,-0.0
T12406,IoT and GPS-based Vehicle Safety Systems,0,1,1,0.0,0.0,0.0
T12446,Economic Growth and Fiscal Policies,1,0,-1,0.0,0.0,-0.0
T12590,STEM Education,0,1,1,0.0,0.0,0.0
T12594,Collaboration in agile enterprises,1,0,-1,0.0,0.0,-0.0
T12705,Educational Reforms and Innovations,1,0,-1,0.0,0.0,-0.0
T12757,Diverse Academia and Research Topics,0,1,1,0.0,0.0,0.0
T12780,Heavy Metal Pollution Remediation,1,0,-1,0.0,0.0,-0.0
T12807,Consumer Behavior and Market Dynamics,0,1,1,0.0,0.0,0.0
T12815,Management and Organizational Practices,0,1,1,0.0,0.0,0.0
T12913,Multidisciplinary Research Papers Compilation,1,0,-1,0.0,0.0,-0.0
T12931,Educational Methods and Outcomes,0,1,1,0.0,0.0,0.0
T12952,School Leadership and Teacher Performance,0,1,1,0.0,0.0,0.0
T12954,Law and Political Science,1,0,-1,0.0,0.0,-0.0
T13016,Innovative Educational Technologies,1,0,-1,0.0,0.0,-0.0
T13020,Heat Transfer and Mathematical Modeling,1,0,-1,0.0,0.0,-0.0
T13045,Industrial Engineering and Technologies,1,0,-1,0.0,0.0,-0.0
T13072,Contemporary Christian Leadership and Education,0,1,1,0.0,0.0,0.0
T13085,"Education, Psychology, and Social Research",1,0,-1,0.0,0.0,-0.0
T13088,Legal and Labor Studies,0,1,1,0.0,0.0,0.0
T13137,Strategic Planning and Analysis,0,1,1,0.0,0.0,0.0
T13159,Structural mechanics and materials,1,0,-1,0.0,0.0,-0.0
T13178,Theology and Canon Law Studies,1,0,-1,0.0,0.0,-0.0
T13181,Economic and Technological Systems Analysis,1,0,-1,0.0,0.0,-0.0
T13202,Pharmacology and Nanomedicine Research,0,1,1,0.0,0.0,0.0
T13204,Competitive and Knowledge Intelligence,1,0,-1,0.0,0.0,-0.0
T13270,QR Code Applications and Technologies,1,0,-1,0.0,0.0,-0.0
T13273,Knowledge Management in Higher Education,0,1,1,0.0,0.0,0.0
T13288,"Banking, Crisis Management, COVID-19 Impact",1,0,-1,0.0,0.0,-0.0
T13299,Educational Leadership and Administration,1,0,-1,0.0,0.0,-0.0
T13339,Landscape and Cultural Studies,0,1,1,0.0,0.0,0.0
T13349,Educational Research and Analysis,1,0,-1,0.0,0.0,-0.0
T13367,Cultural and Sociopolitical Studies,1,0,-1,0.0,0.0,-0.0
T13369,European and Russian Geopolitical Military Strategies,1,0,-1,0.0,0.0,-0.0
T13401,Social and Cultural Studies,1,0,-1,0.0,0.0,-0.0
T13403,Higher Education in Latin America,0,1,1,0.0,0.0,0.0
T13407,Regional Development and Management Studies,1,0,-1,0.0,0.0,-0.0
T13421,"Contemporary art, education, critique",1,0,-1,0.0,0.0,-0.0
T13425,Rural and Ethnic Education,0,1,1,0.0,0.0,0.0
T13434,Cancer Research and Treatment,1,0,-1,0.0,0.0,-0.0
T13436,Space Technology and Applications,0,1,1,0.0,0.0,0.0
T13449,Organizational Management and Change,0,1,1,0.0,0.0,0.0
T13450,Turkish Literature and Culture,0,1,1,0.0,0.0,0.0
T13458,Astronomical and nuclear sciences,0,1,1,0.0,0.0,0.0
T13464,Higher Education and Sustainability,1,0,-1,0.0,0.0,-0.0
T13491,Social and Political Issues,1,0,-1,0.0,0.0,-0.0
T13496,Advertising and Communication Studies,1,0,-1,0.0,0.0,-0.0
T13514,Experience-Based Knowledge Management,1,0,-1,0.0,0.0,-0.0
T13529,Education Systems and Policies,1,0,-1,0.0,0.0,-0.0
T13559,Edcuational Technology Systems,1,0,-1,0.0,0.0,-0.0
T13580,Management and Performance Evaluation,0,1,1,0.0,0.0,0.0
T13592,Advanced Scientific Techniques and Applications,1,0,-1,0.0,0.0,-0.0
T13606,Umberto Eco and Semiotics,0,1,1,0.0,0.0,0.0
T13611,"Education, Management, Technology, Human Resources",1,0,-1,0.0,0.0,-0.0
T13612,Advanced Scientific and Engineering Studies,1,0,-1,0.0,0.0,-0.0
T13616,"Governance, Compliance, and Sustainability",0,1,1,0.0,0.0,0.0
T13626,Educational and Organizational Development,1,0,-1,0.0,0.0,-0.0
T13635,Philosophy and Education Pedagogy,1,0,-1,0.0,0.0,-0.0
T13640,Ranque-Hilsch vortex tube,1,0,-1,0.0,0.0,-0.0
T13646,Qur’anic Interpretation Studies,0,1,1,0.0,0.0,0.0
T13658,Education and Professional Development,1,0,-1,0.0,0.0,-0.0
T13659,Ombudsman and Human Rights,1,0,-1,0.0,0.0,-0.0
T13663,"Sustainability, Environment, and Optimization Algorithms",1,0,-1,0.0,0.0,-0.0
T13666,Postmodernism in Literature and Education,1,0,-1,0.0,0.0,-0.0
T13671,Philosophy and Phenomenology Studies,1,0,-1,0.0,0.0,-0.0
T13696,Technology's Impact on Media,0,1,1,0.0,0.0,0.0
T13709,Education in Diverse Contexts,1,0,-1,0.0,0.0,-0.0
T13713,Diverse Perspectives in Modern Studies,1,0,-1,0.0,0.0,-0.0
T13714,Medieval Architecture and Archaeology,0,1,1,0.0,0.0,0.0
T13722,Ergonomics and Human Factors,0,1,1,0.0,0.0,0.0
T13760,"Finance, Taxation, and Governance",1,0,-1,0.0,0.0,-0.0
T13771,Advanced Research in Science and Engineering,1,0,-1,0.0,0.0,-0.0
T13774,Citizenship Education and Democracy,0,1,1,0.0,0.0,0.0
T13789,Global Education Systems and Policies,1,0,-1,0.0,0.0,-0.0
T13797,Probabilistic Statistics in Medicine,1,0,-1,0.0,0.0,-0.0
T13804,Physical Activity and Education Research,1,0,-1,0.0,0.0,-0.0
T13826,"Bangladesh Politics, Society, and Development",0,1,1,0.0,0.0,0.0
T13829,"Health, Work, and Social Studies in Poland",1,0,-1,0.0,0.0,-0.0
T13830,Educational Curriculum and Learning Methods,1,0,-1,0.0,0.0,-0.0
T13832,Advanced Decision-Making Techniques,1,0,-1,0.0,0.0,-0.0
T13845,Classical Studies and Legal History,0,1,1,0.0,0.0,0.0
T13850,Night-time city culture,0,1,1,0.0,0.0,0.0
T13903,Innovative Educational Techniques,1,0,-1,0.0,0.0,-0.0
T13908,Scientific and Historical Analyses,0,1,1,0.0,0.0,0.0
T13913,Blockchain Technology in Education and Learning,1,0,-1,0.0,0.0,-0.0
T13915,Public Health in Brazil,1,0,-1,0.0,0.0,-0.0
T13952,Information Technology and Learning,1,0,-1,0.0,0.0,-0.0
T13956,Sociopolitical Dynamics in Nepal,1,0,-1,0.0,0.0,-0.0
T13958,"Education, Innovation and Language Studies",1,0,-1,0.0,0.0,-0.0
T13964,Educational Technology and Optimization,1,0,-1,0.0,0.0,-0.0
T13965,Laser and Thermal Forming Techniques,1,0,-1,0.0,0.0,-0.0
T13977,Geography and Environmental Studies in Latin America,0,1,1,0.0,0.0,0.0
T13987,Child Development and Education,1,0,-1,0.0,0.0,-0.0
T13990,Engine and Fuel Emissions,0,1,1,0.0,0.0,0.0
T14008,Balkan and Eastern European Studies,1,0,-1,0.0,0.0,-0.0
T14014,Transportation Systems and Infrastructure,1,0,-1,0.0,0.0,-0.0
T14026,Flannery O'Connor and Thomas Merton,1,0,-1,0.0,0.0,-0.0
T14036,Literary and Philosophical Studies,1,0,-1,0.0,0.0,-0.0
T14041,Central European Literary Studies,1,0,-1,0.0,0.0,-0.0
T14045,"Health, Education, and Physical Culture",1,0,-1,0.0,0.0,-0.0
T14060,Education and Communication Studies,1,0,-1,0.0,0.0,-0.0
T14064,Organizational and Employee Performance,1,0,-1,0.0,0.0,-0.0
T14065,Biological Research and Disease Studies,1,0,-1,0.0,0.0,-0.0
T14066,Economic Development and Regional Competitiveness,0,1,1,0.0,0.0,0.0
T14080,"Philosophy, Sociology, Political Theory",0,1,1,0.0,0.0,0.0
T14100,Scientific Research and Technology,1,0,-1,0.0,0.0,-0.0
T14110,Islamic Studies and Radicalism,1,0,-1,0.0,0.0,-0.0
T14125,"Education, Sociology, Communication Studies",1,0,-1,0.0,0.0,-0.0
T14132,Medical Research and Islamic Perspectives,1,0,-1,0.0,0.0,-0.0
T14148,Kierkegaardian Philosophy and Influence,0,1,1,0.0,0.0,0.0
T14151,Literary Analysis and Cultural Studies,1,0,-1,0.0,0.0,-0.0
T14155,Advanced Technology in Applications,1,0,-1,0.0,0.0,-0.0
T14171,"Education, Law, and Society",0,1,1,0.0,0.0,0.0
T14175,Intuitionistic Fuzzy Systems Applications,1,0,-1,0.0,0.0,-0.0
T14179,Waste Management and Recycling,0,1,1,0.0,0.0,0.0
T14188,Latin American Legal and Economic Studies,1,0,-1,0.0,0.0,-0.0
T14197,Historical Studies of Medieval Iberia,1,0,-1,0.0,0.0,-0.0
T14198,Philosophical Thought and Analysis,0,1,1,0.0,0.0,0.0
T14202,"Sustainability, Governance, and Employment Studies",1,0,-1,0.0,0.0,-0.0
T14203,"Education, Safety, and Science Studies",1,0,-1,0.0,0.0,-0.0
T14205,Education and Art Integration,0,1,1,0.0,0.0,0.0
T14213,Global Politics and Economy,0,1,1,0.0,0.0,0.0
T14223,Ayn Rand and Brontë studies,1,0,-1,0.0,0.0,-0.0
T14227,Educational Practices and Challenges,1,0,-1,0.0,0.0,-0.0
T14229,Physical education and sports games research,0,1,1,0.0,0.0,0.0
T14241,Evasion and Academic Success Factors,1,0,-1,0.0,0.0,-0.0
T14244,Consumer Behavior and Marketing Influence,0,1,1,0.0,0.0,0.0
T14255,European Law and Migration,0,1,1,0.0,0.0,0.0
T14266,"Interdisciplinary Studies: Technology, Society, and Humanities",0,1,1,0.0,0.0,0.0
T14268,Evolving Legal Systems and Governance,0,1,1,0.0,0.0,0.0
T14273,"Cultural, Psychoanalytic, and Sociopolitical Reflections",0,1,1,0.0,0.0,0.0
T14277,Social Skills and Education,0,1,1,0.0,0.0,0.0
T14279,Academic Research and Education Studies,1,0,-1,0.0,0.0,-0.0
T14281,Islamic Finance and Communication,1,0,-1,0.0,0.0,-0.0
T14294,Impulse Buying and Technology Impacts,1,0,-1,0.0,0.0,-0.0
T14295,Families in Therapy and Culture,1,0,-1,0.0,0.0,-0.0
T14298,Cultural and Social Studies,1,0,-1,0.0,0.0,-0.0
T14301,Educational methodologies and cognitive development,1,0,-1,0.0,0.0,-0.0
T14309,Employee Performance and Management,0,1,1,0.0,0.0,0.0
T14319,Currency Recognition and Detection,1,0,-1,0.0,0.0,-0.0
T14327,Advanced Energy Technologies and Civil Engineering Innovations,1,0,-1,0.0,0.0,-0.0
T14328,Diverse scientific research topics,1,0,-1,0.0,0.0,-0.0
T14333,Dermatoglyphics and Human Traits,0,1,1,0.0,0.0,0.0
T14338,"Leadership, Human Resources, Global Affairs",1,0,-1,0.0,0.0,-0.0
T14344,Pathogenesis and Treatment of Hiccups,1,0,-1,0.0,0.0,-0.0
T14387,Environmental Engineering and Cultural Studies,1,0,-1,0.0,0.0,-0.0
T14397,Legal and Policy Analysis in Indonesia,1,0,-1,0.0,0.0,-0.0
T14401,"Technology, Environment, Urban Planning",1,0,-1,0.0,0.0,-0.0
T14404,European Socioeconomic and Political Studies,0,1,1,0.0,0.0,0.0
T14408,Coastal Management and Development,0,1,1,0.0,0.0,0.0
T14410,Safety and Risk Management,0,1,1,0.0,0.0,0.0
T14412,Marine and Coastal Research,1,0,-1,0.0,0.0,-0.0
T14425,Educational Practices and Sociocultural Research,1,0,-1,0.0,0.0,-0.0
T14435,Information Retrieval and Data Mining,1,0,-1,0.0,0.0,-0.0
T14439,"Feminism, Gender, and Social Issues",1,0,-1,0.0,0.0,-0.0
T14450,Employee Welfare and Language Studies,1,0,-1,0.0,0.0,-0.0
T14458,Education and Work Dynamics,0,1,1,0.0,0.0,0.0
T14462,Educational Methods and Impacts,1,0,-1,0.0,0.0,-0.0
T14463,Diverse Scientific Research Studies,1,0,-1,0.0,0.0,-0.0
T14474,Industrial Technology and Control Systems,1,0,-1,0.0,0.0,-0.0
T14477,"Management, Economics, and Public Policy",1,0,-1,0.0,0.0,-0.0
T14484,Technology and Data Analysis,1,0,-1,0.0,0.0,-0.0
T14501,Global Economic and Social Development,1,0,-1,0.0,0.0,-0.0
