topic_id,display_name,works_old,works_new,change,share_old,share_new,share_change_pts
T10048,Particle physics theoretical and experimental studies,9644,8987,-657,0.0211,0.0196,-0.14
T10093,Nuclear physics research studies,4552,7207,2655,0.0099,0.0157,0.58
T10026,"Galaxies: Formation, Evolution, Phenomena",3659,4052,393,0.008,0.0089,0.09
T11475,French Urban and Social Studies,5311,834,-4477,0.0116,0.0018,-0.98
T10224,Quantum Chromodynamics and Particle Interactions,1820,4132,2312,0.004,0.009,0.51
T10523,Atomic and Molecular Physics,1906,3623,1717,0.0042,0.0079,0.38
T10017,Geology and Paleoclimatology Research,2823,2563,-260,0.0062,0.0056,-0.06
T10477,Astrophysics and Star Formation Studies,2538,2747,209,0.0055,0.006,0.05
T10037,Physics of Superconductivity and Magnetism,2704,2551,-153,0.0059,0.0056,-0.03
T10049,Magnetic properties of thin films,2294,2630,336,0.005,0.0057,0.07
T10527,High-Energy Particle Collisions Research,2399,1938,-461,0.0052,0.0042,-0.1
T10039,"Stellar, planetary, and galactic studies",1877,2266,389,0.0041,0.005,0.09
T10591,Theoretical and Computational Physics,1897,1998,101,0.0041,0.0044,0.02
T10095,Cosmology and Gravitation Theories,1463,2405,942,0.0032,0.0053,0.21
T13396,Agriculture and Rural Development Research,3417,408,-3009,0.0075,0.0009,-0.66
T10325,Astro and Planetary Science,1957,1834,-123,0.0043,0.004,-0.03
T10002,Advanced Chemical Physics Studies,2561,1058,-1503,0.0056,0.0023,-0.33
T10251,Solar and Space Plasma Dynamics,1810,1727,-83,0.004,0.0038,-0.02
T10025,Black Holes and Theoretical Physics,1816,1685,-131,0.004,0.0037,-0.03
T10425,Cold Atom Physics and Bose-Einstein Condensates,1988,1462,-526,0.0043,0.0032,-0.11
T11588,Atmospheric and Environmental Gas Dynamics,2065,1248,-817,0.0045,0.0027,-0.18
T11044,Particle Detector Development and Performance,1081,2148,1067,0.0024,0.0047,0.23
T11111,Spectroscopy and Laser Applications,1965,1188,-777,0.0043,0.0026,-0.17
T10075,Atmospheric chemistry and aerosols,1470,1591,121,0.0032,0.0035,0.03
T10303,Photosynthetic Processes and Mechanisms,1590,1325,-265,0.0035,0.0029,-0.06
T10728,Pulmonary Hypertension Research and Treatments,1344,1473,129,0.0029,0.0032,0.03
T10406,Planetary Science and Exploration,1439,1266,-173,0.0031,0.0028,-0.04
T11152,Stochastic processes and statistical mechanics,1043,1619,576,0.0023,0.0035,0.13
T13033,Social Sciences and Governance,2544,61,-2483,0.0056,0.0001,-0.54
T10818,Astrophysics and Cosmic Phenomena,1252,1313,61,0.0027,0.0029,0.01
T10346,Magnetic confinement fusion research,1843,716,-1127,0.004,0.0016,-0.25
T11758,Organic and Molecular Conductors Research,1172,1308,136,0.0026,0.0029,0.03
T12967,Molecular Spectroscopy and Structure,345,2088,1743,0.0008,0.0046,0.38
T10306,Liquid Crystal Research Advancements,1055,1335,280,0.0023,0.0029,0.06
T10123,DNA Repair Mechanisms,1120,1258,138,0.0024,0.0027,0.03
T10120,Bacterial Genetics and Biotechnology,749,1622,873,0.0016,0.0035,0.19
T10029,Climate variability and models,975,1395,420,0.0021,0.003,0.09
T10266,Plant Water Relations and Carbon Dynamics,1186,1181,-5,0.0026,0.0026,-0.0
T10382,Quantum and electron transport phenomena,1170,1139,-31,0.0026,0.0025,-0.01
T10973,Radioactive element chemistry and processing,1166,1139,-27,0.0025,0.0025,-0.01
T10463,Pulsars and Gravitational Waves Research,1120,1137,17,0.0024,0.0025,0.0
T10594,Genetic and phenotypic traits in livestock,785,1467,682,0.0017,0.0032,0.15
T10588,Mathematical Dynamics and Fractals,972,1278,306,0.0021,0.0028,0.07
T10612,Magnetism in coordination complexes,1162,1057,-105,0.0025,0.0023,-0.02
T10061,Algebraic Geometry and Number Theory,982,1220,238,0.0021,0.0027,0.05
T10067,Stochastic processes and financial applications,994,1206,212,0.0022,0.0026,0.05
T10153,"Education, sociology, and vocational training",1736,461,-1275,0.0038,0.001,-0.28
T11320,Atmospheric Ozone and Climate,1502,674,-828,0.0033,0.0015,-0.18
T10921,Neutrino Physics Research,975,1179,204,0.0021,0.0026,0.04
T11177,Spectroscopy and Quantum Chemical Studies,1197,951,-246,0.0026,0.0021,-0.05
T10004,Soil Carbon and Nitrogen Dynamics,806,1327,521,0.0018,0.0029,0.11
T10165,Classical Antiquity Studies,730,1398,668,0.0016,0.0031,0.15
T10159,Ionosphere and magnetosphere dynamics,971,1145,174,0.0021,0.0025,0.04
T10566,Laser-Matter Interactions and Applications,946,1150,204,0.0021,0.0025,0.04
T10066,Gut microbiota and health,950,1080,130,0.0021,0.0024,0.03
T10592,Fusion materials and technologies,687,1306,619,0.0015,0.0029,0.14
T10384,Laser-Plasma Interactions and Diagnostics,914,1063,149,0.002,0.0023,0.03
T11367,Particle accelerators and beam dynamics,638,1301,663,0.0014,0.0028,0.14
T10744,Astrophysical Phenomena and Observations,965,966,1,0.0021,0.0021,0.0
T10126,"Logic, programming, and type systems",704,1210,506,0.0015,0.0026,0.11
T10781,Plasma Diagnostics and Applications,866,1045,179,0.0019,0.0023,0.04
T10681,Rare-earth and actinide compounds,917,976,59,0.002,0.0021,0.01
T12166,Ion-surface interactions and analysis,872,1009,137,0.0019,0.0022,0.03
T10158,Cancer Immunotherapy and Biomarkers,809,1064,255,0.0018,0.0023,0.06
T10360,Fluid Dynamics and Turbulent Flows,802,1065,263,0.0018,0.0023,0.06
T10683,Mass Spectrometry Techniques and Applications,969,882,-87,0.0021,0.0019,-0.02
T11949,Nuclear Physics and Applications,1378,463,-915,0.003,0.001,-0.2
T10471,Climate Change Policy and Economics,771,1066,295,0.0017,0.0023,0.06
T11242,Nuclear Materials and Properties,1024,797,-227,0.0022,0.0017,-0.05
T10347,Atmospheric aerosols and clouds,772,1049,277,0.0017,0.0023,0.06
T10013,Asymmetric Synthesis and Catalysis,614,1196,582,0.0013,0.0026,0.13
T10835,Carbohydrate Chemistry and Synthesis,832,885,53,0.0018,0.0019,0.01
T10434,Chromosomal and Genetic Variations,630,1073,443,0.0014,0.0023,0.1
T10597,Nuclear reactor physics and engineering,843,823,-20,0.0018,0.0018,-0.0
T10299,Photonic and Optical Devices,1035,630,-405,0.0023,0.0014,-0.09
T11733,X-ray Spectroscopy and Fluorescence Analysis,557,1104,547,0.0012,0.0024,0.12
T11654,Advanced Mathematical Physics Problems,798,862,64,0.0017,0.0019,0.01
T10184,Plant Molecular Biology Research,873,783,-90,0.0019,0.0017,-0.02
T10142,Formal Methods in Verification,774,881,107,0.0017,0.0019,0.02
T11682,Advanced Condensed Matter Physics,615,1002,387,0.0013,0.0022,0.08
T11022,Spectral Theory in Mathematical Physics,574,1028,454,0.0013,0.0022,0.1
T10044,Protein Structure and Dynamics,555,1044,489,0.0012,0.0023,0.11
T10478,Diamond and Carbon-based Materials Research,917,674,-243,0.002,0.0015,-0.05
T10474,Material Dynamics and Properties,741,849,108,0.0016,0.0019,0.02
T10521,RNA and protein synthesis mechanisms,823,755,-68,0.0018,0.0016,-0.01
T10001,Geological and Geochemical Analysis,793,784,-9,0.0017,0.0017,-0.0
T11680,Advanced Algebra and Geometry,626,948,322,0.0014,0.0021,0.07
T10096,Metal-Organic Frameworks: Synthesis and Applications,822,744,-78,0.0018,0.0016,-0.02
T10607,Magnetic and transport properties of perovskites and related materials,769,784,15,0.0017,0.0017,0.0
T11090,Dark Matter and Cosmic Phenomena,889,655,-234,0.0019,0.0014,-0.05
T11286,Polyoxometalates: Synthesis and Applications,772,718,-54,0.0017,0.0016,-0.01
T10107,Ferroelectric and Piezoelectric Materials,661,795,134,0.0014,0.0017,0.03
T10553,Combustion and flame dynamics,747,709,-38,0.0016,0.0015,-0.01
T10015,Genomics and Phylogenetic Studies,676,756,80,0.0015,0.0017,0.02
T12039,Electron and X-Ray Spectroscopy Techniques,755,662,-93,0.0016,0.0014,-0.02
T11323,Gamma-ray bursts and supernovae,759,652,-107,0.0017,0.0014,-0.02
T10147,Antibiotic Resistance in Bacteria,680,724,44,0.0015,0.0016,0.01
T10229,Geometric Analysis and Curvature Flows,550,822,272,0.0012,0.0018,0.06
T10083,Graphene research and applications,804,565,-239,0.0018,0.0012,-0.05
T11110,Stability and Controllability of Differential Equations,662,688,26,0.0014,0.0015,0.01
T10339,Advanced Numerical Methods in Computational Mathematics,509,839,330,0.0011,0.0018,0.07
T10112,HIV Research and Treatment,636,685,49,0.0014,0.0015,0.01
T13379,"Multiculturalism, Politics, Migration, Gender",1268,50,-1218,0.0028,0.0001,-0.27
T10497,Fungal and yeast genetics research,522,794,272,0.0011,0.0017,0.06
T14186,Healthcare Systems and Practices,1266,40,-1226,0.0028,0.0001,-0.27
T10304,Geometric and Algebraic Topology,566,732,166,0.0012,0.0016,0.04
T13099,"Health, Medicine and Society",1271,19,-1252,0.0028,0.0,-0.27
T10005,Ecology and Vegetation Dynamics Studies,481,798,317,0.0011,0.0017,0.07
T10020,Quantum Information and Cryptography,623,654,31,0.0014,0.0014,0.01
T10141,Probiotics and Fermented Foods,569,705,136,0.0012,0.0015,0.03
T10432,DNA and Nucleic Acid Chemistry,660,606,-54,0.0014,0.0013,-0.01
T10721,Surfactants and Colloidal Systems,481,777,296,0.0011,0.0017,0.06
T10559,Particle Accelerators and Free-Electron Lasers,646,604,-42,0.0014,0.0013,-0.01
T11808,Superconducting Materials and Applications,589,656,67,0.0013,0.0014,0.01
T10295,Plasmonic and Surface Plasmon Research,416,828,412,0.0009,0.0018,0.09
T12909,French Historical and Cultural Studies,689,550,-139,0.0015,0.0012,-0.03
T11129,Photochemistry and Electron Transfer Studies,558,680,122,0.0012,0.0015,0.03
T10642,Plasma Applications and Diagnostics,580,654,74,0.0013,0.0014,0.02
T13641,Historical Studies and Socio-cultural Analysis,1073,130,-943,0.0023,0.0003,-0.21
T10544,Glass properties and applications,622,578,-44,0.0014,0.0013,-0.01
T11048,Bacteriophages and microbial interactions,703,473,-230,0.0015,0.001,-0.05
T11216,Radiation Detection and Scintillator Technologies,510,660,150,0.0011,0.0014,0.03
T10111,Remote Sensing in Agriculture,514,656,142,0.0011,0.0014,0.03
T11335,Prion Diseases and Protein Misfolding,588,554,-34,0.0013,0.0012,-0.01
T10374,Advanced Graph Theory Research,506,617,111,0.0011,0.0013,0.02
T10046,Stability and Control of Uncertain Systems,408,714,306,0.0009,0.0016,0.07
T13531,Surface and Thin Film Phenomena,395,727,332,0.0009,0.0016,0.07
T11878,Solid-state spectroscopy and crystallography,486,633,147,0.0011,0.0014,0.03
T10407,Lipid Membrane Structure and Behavior,576,540,-36,0.0013,0.0012,-0.01
T11809,Advanced NMR Techniques and Applications,479,632,153,0.001,0.0014,0.03
T10287,Algebraic structures and combinatorial models,593,508,-85,0.0013,0.0011,-0.02
T10413,High-pressure geophysics and materials,594,500,-94,0.0013,0.0011,-0.02
T10136,Statistical Methods and Inference,437,655,218,0.001,0.0014,0.05
T10181,Natural Language Processing Techniques,624,467,-157,0.0014,0.001,-0.03
T10173,Computational Fluid Dynamics and Aerodynamics,450,628,178,0.001,0.0014,0.04
T10222,Genomics and Chromatin Dynamics,400,677,277,0.0009,0.0015,0.06
T10732,Laser Material Processing Techniques,497,573,76,0.0011,0.0013,0.02
T11050,Photorefractive and Nonlinear Optics,452,618,166,0.001,0.0014,0.04
T10911,Chemical Synthesis and Analysis,659,410,-249,0.0014,0.0009,-0.05
T10451,Mycorrhizal Fungi and Plant Interactions,933,131,-802,0.002,0.0003,-0.18
T10032,Marine and coastal ecosystems,463,597,134,0.001,0.0013,0.03
T10378,Advanced MRI Techniques and Applications,469,585,116,0.001,0.0013,0.03
T10063,Nanoparticle-Based Drug Delivery,351,700,349,0.0008,0.0015,0.08
T10932,Microbial Metabolic Engineering and Bioproduction,599,446,-153,0.0013,0.001,-0.03
T11261,Quantum chaos and dynamical systems,682,354,-328,0.0015,0.0008,-0.07
T10022,Semiconductor Quantum Structures and Devices,512,519,7,0.0011,0.0011,0.0
T12917,Astronomy and Astrophysical Research,530,499,-31,0.0012,0.0011,-0.01
T11716,Random Matrices and Applications,523,502,-21,0.0011,0.0011,-0.0
T10657,Topological Materials and Phenomena,496,522,26,0.0011,0.0011,0.01
T10275,2D Materials and Applications,442,575,133,0.001,0.0013,0.03
T10886,Multiferroics and related materials,512,501,-11,0.0011,0.0011,-0.0
T11965,"Quantum, superfluid, helium dynamics",695,316,-379,0.0015,0.0007,-0.08
T11520,Advanced Thermodynamics and Statistical Mechanics,658,336,-322,0.0014,0.0007,-0.07
T10330,Hydrology and Watershed Management Studies,477,515,38,0.001,0.0011,0.01
T10622,Quantum Mechanics and Applications,496,491,-5,0.0011,0.0011,-0.0
T10441,Muscle Physiology and Disorders,460,523,63,0.001,0.0011,0.01
T10204,Microstructure and mechanical properties,430,551,121,0.0009,0.0012,0.03
T11162,Enzyme Structure and Function,429,545,116,0.0009,0.0012,0.03
T11804,Quantum many-body systems,411,559,148,0.0009,0.0012,0.03
T11222,Magnetic Properties and Applications,519,449,-70,0.0011,0.001,-0.02
T10581,Neural dynamics and brain function,558,402,-156,0.0012,0.0009,-0.03
T10226,Land Use and Ecosystem Services,355,586,231,0.0008,0.0013,0.05
T12506,Nuclear materials and radiation effects,457,475,18,0.001,0.001,0.0
T10131,Gold and Silver Nanoparticles Synthesis and Applications,435,477,42,0.0009,0.001,0.01
T11414,Quantum optics and atomic interactions,351,550,199,0.0008,0.0012,0.04
T12137,Economic theories and models,567,332,-235,0.0012,0.0007,-0.05
T10396,Fatigue and fracture mechanics,332,566,234,0.0007,0.0012,0.05
T10301,Mitochondrial Function and Pathology,462,435,-27,0.001,0.001,-0.01
T10086,Alzheimer's disease research and treatments,394,503,109,0.0009,0.0011,0.02
T10051,Asthma and respiratory diseases,401,495,94,0.0009,0.0011,0.02
T10472,Semiconductor materials and devices,641,255,-386,0.0014,0.0006,-0.08
T11183,Advanced X-ray Imaging Techniques,481,413,-68,0.0011,0.0009,-0.01
T11206,Model Reduction and Neural Networks,401,492,91,0.0009,0.0011,0.02
T10644,Cryospheric studies and observations,525,363,-162,0.0011,0.0008,-0.04
T10012,Genetic diversity and population structure,311,569,258,0.0007,0.0012,0.06
T10099,GaN-based semiconductor devices and materials,438,440,2,0.001,0.001,0.0
T10054,Parallel Computing and Optimization Techniques,323,549,226,0.0007,0.0012,0.05
T11012,Gas Dynamics and Kinetic Theory,436,431,-5,0.001,0.0009,-0.0
T12100,Advanced Mathematical Modeling in Engineering,681,185,-496,0.0015,0.0004,-0.11
T11176,Radiation Therapy and Dosimetry,454,411,-43,0.001,0.0009,-0.01
T11212,Cultural Heritage Materials Analysis,327,535,208,0.0007,0.0012,0.05
T10074,Carbon Nanotubes in Composites,482,377,-105,0.0011,0.0008,-0.02
T11853,Semiconductor materials and interfaces,274,582,308,0.0006,0.0013,0.07
T11429,Semiconductor Lasers and Optical Devices,334,514,180,0.0007,0.0011,0.04
T10269,Epigenetics and DNA Methylation,377,467,90,0.0008,0.001,0.02
T13807,Cultural Insights and Digital Impacts,828,8,-820,0.0018,0.0,-0.18
T10948,Advanced Combinatorial Mathematics,301,531,230,0.0007,0.0012,0.05
T11247,Plant nutrient uptake and metabolism,453,377,-76,0.001,0.0008,-0.02
T10940,Navier-Stokes equation solutions,352,473,121,0.0008,0.001,0.03
T10241,Functional Brain Connectivity Studies,512,311,-201,0.0011,0.0007,-0.04
T13497,Hermeneutics and Narrative Identity,817,5,-812,0.0018,0.0,-0.18
T10666,Photonic Crystals and Applications,417,402,-15,0.0009,0.0009,-0.0
T10417,Lung Cancer Treatments and Mutations,388,426,38,0.0008,0.0009,0.01
T10466,Meteorological Phenomena and Simulations,314,499,185,0.0007,0.0011,0.04
T12274,Electrostatics and Colloid Interactions,351,460,109,0.0008,0.001,0.02
T10215,Semantic Web and Ontologies,424,382,-42,0.0009,0.0008,-0.01
T10889,Soil erosion and sediment transport,447,355,-92,0.001,0.0008,-0.02
T10129,Glioma Diagnosis and Treatment,381,418,37,0.0008,0.0009,0.01
T10487,Plant and animal studies,644,154,-490,0.0014,0.0003,-0.11
T10261,Genetic Associations and Epidemiology,311,481,170,0.0007,0.0011,0.04
T10322,Respiratory Support and Mechanisms,363,429,66,0.0008,0.0009,0.01
T10621,Gene Regulatory Network Analysis,391,400,9,0.0009,0.0009,0.0
T11415,Noncommutative and Quantum Gravity Theories,328,463,135,0.0007,0.001,0.03
T11791,Microbial Community Ecology and Physiology,469,321,-148,0.001,0.0007,-0.03
T10543,Prostate Cancer Treatment and Research,395,392,-3,0.0009,0.0009,-0.0
T13888,Social Policies and Family,739,48,-691,0.0016,0.0001,-0.15
T10502,Advanced Memory and Neural Computing,430,354,-76,0.0009,0.0008,-0.02
T10733,Wheat and Barley Genetics and Pathology,401,380,-21,0.0009,0.0008,-0.0
T10248,Nonlinear Waves and Solitons,371,408,37,0.0008,0.0009,0.01
T10506,Aquaculture disease management and microbiota,343,435,92,0.0007,0.001,0.02
T11127,Solid State Laser Technologies,343,430,87,0.0007,0.0009,0.02
T11879,Protist diversity and phylogeny,418,352,-66,0.0009,0.0008,-0.01
T10200,Rheumatoid Arthritis Research and Therapies,310,458,148,0.0007,0.001,0.03
T10492,Microtubule and mitosis dynamics,373,395,22,0.0008,0.0009,0.0
T11862,"Agriculture, Land Use, Rural Development",203,563,360,0.0004,0.0012,0.08
T12588,Electronic and Structural Properties of Oxides,455,308,-147,0.001,0.0007,-0.03
T10604,RNA Research and Splicing,380,383,3,0.0008,0.0008,0.0
T10073,Hepatocellular Carcinoma Treatment and Prognosis,447,315,-132,0.001,0.0007,-0.03
T10128,Global trade and economics,388,374,-14,0.0008,0.0008,-0.0
T10522,Medical Imaging Techniques and Applications,457,302,-155,0.001,0.0007,-0.03
T10064,Complex Network Analysis Techniques,330,425,95,0.0007,0.0009,0.02
T10682,Quantum Computing Algorithms and Architecture,382,373,-9,0.0008,0.0008,-0.0
T10320,Neural Networks and Applications,461,294,-167,0.001,0.0006,-0.04
T10252,Microbial Natural Products and Biosynthesis,307,447,140,0.0007,0.001,0.03
T10090,ZnO doping and properties,428,325,-103,0.0009,0.0007,-0.02
T11854,Laser-induced spectroscopy and plasma,592,159,-433,0.0013,0.0003,-0.09
T10148,Advanced MIMO Systems Optimization,439,309,-130,0.001,0.0007,-0.03
T11270,Complex Systems and Time Series Analysis,485,261,-224,0.0011,0.0006,-0.05
T10194,Nonlinear Partial Differential Equations,229,517,288,0.0005,0.0011,0.06
T10077,Neuroscience and Neuropharmacology Research,391,353,-38,0.0009,0.0008,-0.01
T11887,Quasicrystal Structures and Properties,379,365,-14,0.0008,0.0008,-0.0
T10076,Plant-Microbe Interactions and Immunity,347,394,47,0.0008,0.0009,0.01
T10364,Reproductive Biology and Fertility,370,369,-1,0.0008,0.0008,-0.0
T10928,Probabilistic and Robust Engineering Design,426,311,-115,0.0009,0.0007,-0.03
T10580,Immunotherapy and Immune Responses,357,380,23,0.0008,0.0008,0.01
T10702,Insect and Arachnid Ecology and Behavior,388,347,-41,0.0008,0.0008,-0.01
T10791,Advanced Control Systems Optimization,409,322,-87,0.0009,0.0007,-0.02
T10903,Porphyrin and Phthalocyanine Chemistry,401,328,-73,0.0009,0.0007,-0.02
T10085,Parkinson's Disease Mechanisms and Treatments,332,396,64,0.0007,0.0009,0.01
T11567,semigroups and automata theory,305,419,114,0.0007,0.0009,0.02
T10947,Fluorine in Organic Chemistry,415,308,-107,0.0009,0.0007,-0.02
T10662,Ultrasonics and Acoustic Wave Propagation,304,409,105,0.0007,0.0009,0.02
T10624,Silicon and Solar Cell Technologies,278,434,156,0.0006,0.0009,0.03
T11458,Advanced Wireless Communication Technologies,372,340,-32,0.0008,0.0007,-0.01
T10458,Bladder and Urothelial Cancer Treatments,358,352,-6,0.0008,0.0008,-0.0
T10118,SARS-CoV-2 and COVID-19 Research,326,381,55,0.0007,0.0008,0.01
T10913,Molecular Junctions and Nanostructures,511,195,-316,0.0011,0.0004,-0.07
T10245,Metamaterials and Metasurfaces Applications,278,428,150,0.0006,0.0009,0.03
T12248,Water Governance and Infrastructure,276,429,153,0.0006,0.0009,0.03
T12748,Molecular spectroscopy and chirality,450,254,-196,0.001,0.0006,-0.04
T10587,Autophagy in Disease and Therapy,353,351,-2,0.0008,0.0008,-0.0
T12351,Geometry and complex manifolds,376,326,-50,0.0008,0.0007,-0.01
T11468,Genetic Mapping and Diversity in Plants and Animals,408,294,-114,0.0009,0.0006,-0.02
T10007,Monetary Policy and Economic Impact,275,427,152,0.0006,0.0009,0.03
T11010,"Logic, Reasoning, and Knowledge",278,420,142,0.0006,0.0009,0.03
T10866,Nutritional Studies and Diet,311,385,74,0.0007,0.0008,0.02
T11786,Geomagnetism and Paleomagnetism Studies,391,302,-89,0.0009,0.0007,-0.02
T11753,Forest Management and Policy,267,425,158,0.0006,0.0009,0.03
T10688,Image and Signal Denoising Methods,312,380,68,0.0007,0.0008,0.01
T13414,Radioactive Decay and Measurement Techniques,261,430,169,0.0006,0.0009,0.04
T10030,Electrocatalysts for Energy Conversion,335,351,16,0.0007,0.0008,0.0
T10321,Quantum Dots Synthesis And Properties,384,301,-83,0.0008,0.0007,-0.02
T10956,Fullerene Chemistry and Applications,339,345,6,0.0007,0.0008,0.0
T11132,Psychoanalysis and Psychopathology Research,577,104,-473,0.0013,0.0002,-0.1
T10398,Groundwater and Isotope Geochemistry,281,400,119,0.0006,0.0009,0.03
T10548,Catalytic Cross-Coupling Reactions,185,496,311,0.0004,0.0011,0.07
T10836,Metabolomics and Mass Spectrometry Studies,413,267,-146,0.0009,0.0006,-0.03
T10377,Metal and Thin Film Mechanics,442,238,-204,0.001,0.0005,-0.04
T11764,Evolution and Genetic Dynamics,305,373,68,0.0007,0.0008,0.01
T10701,Radical Photochemical Reactions,280,398,118,0.0006,0.0009,0.03
T10218,Sepsis Diagnosis and Treatment,274,396,122,0.0006,0.0009,0.03
T11164,Remote Sensing and LiDAR Applications,344,324,-20,0.0008,0.0007,-0.0
T11637,Advanced Semiconductor Detectors and Materials,273,394,121,0.0006,0.0009,0.03
T11880,Forest ecology and management,299,367,68,0.0007,0.0008,0.01
T10825,Plant Pathogens and Fungal Diseases,315,351,36,0.0007,0.0008,0.01
T10041,COVID-19 Clinical Research Studies,284,379,95,0.0006,0.0008,0.02
T12736,Criminal Justice and Penology,8,654,646,0.0,0.0014,0.14
T10613,Virus-based gene therapy research,300,361,61,0.0007,0.0008,0.01
T10190,Air Quality and Health Impacts,405,253,-152,0.0009,0.0006,-0.03
T10540,Advanced Fluorescence Microscopy Techniques,292,366,74,0.0006,0.0008,0.02
T10578,Supramolecular Chemistry and Complexes,151,501,350,0.0003,0.0011,0.08
T10097,Luminescence Properties of Advanced Materials,337,313,-24,0.0007,0.0007,-0.01
T10785,Economic Theory and Institutions,277,370,93,0.0006,0.0008,0.02
T11803,Superconducting and THz Device Technology,328,319,-9,0.0007,0.0007,-0.0
T11049,Advanced Harmonic Analysis Research,249,395,146,0.0005,0.0009,0.03
T10358,Advanced Radiotherapy Techniques,236,408,172,0.0005,0.0009,0.04
T11700,Hemodynamic Monitoring and Therapy,327,316,-11,0.0007,0.0007,-0.0
T10052,Medical Image Segmentation Techniques,267,376,109,0.0006,0.0008,0.02
T13911,"Employment, Labor, and Gender Studies",35,607,572,0.0001,0.0013,0.13
T10247,Perovskite Materials and Applications,329,312,-17,0.0007,0.0007,-0.0
T10439,Climate change impacts on agriculture,248,393,145,0.0005,0.0009,0.03
T12033,Agricultural Economics and Policy,259,378,119,0.0006,0.0008,0.03
T10423,Neurobiology and Insect Physiology Research,359,276,-83,0.0008,0.0006,-0.02
T11089,Radioactive contamination and transfer,348,286,-62,0.0008,0.0006,-0.01
T11259,Agriculture Sustainability and Environmental Impact,385,245,-140,0.0008,0.0005,-0.03
T10109,Paleontology and Stratigraphy of Fossils,254,375,121,0.0006,0.0008,0.03
T13695,"Aging, Elder Care, and Social Issues",579,49,-530,0.0013,0.0001,-0.12
T12772,Control and Stability of Dynamical Systems,252,373,121,0.0006,0.0008,0.03
T11304,Advanced Neuroimaging Techniques and Applications,342,282,-60,0.0007,0.0006,-0.01
T10278,Electric Motor Design and Analysis,291,333,42,0.0006,0.0007,0.01
T10018,Advancements in Battery Materials,324,300,-24,0.0007,0.0007,-0.01
T10379,Cellular Mechanics and Interactions,282,341,59,0.0006,0.0007,0.01
T10309,Acute Myeloid Leukemia Research,301,321,20,0.0007,0.0007,0.0
T10908,Analytical Chemistry and Chromatography,381,239,-142,0.0008,0.0005,-0.03
T10570,Drug Transport and Resistance Mechanisms,347,272,-75,0.0008,0.0006,-0.02
T11708,Photochromic and Fluorescence Chemistry,326,292,-34,0.0007,0.0006,-0.01
T10240,Plant tissue culture and regeneration,312,303,-9,0.0007,0.0007,-0.0
T10514,Numerical methods in engineering,320,293,-27,0.0007,0.0006,-0.01
T10896,Homotopy and Cohomology in Algebraic Topology,338,275,-63,0.0007,0.0006,-0.01
T11747,Metal-Catalyzed Oxygenation Mechanisms,220,388,168,0.0005,0.0008,0.04
T11166,Analytic Number Theory Research,232,374,142,0.0005,0.0008,0.03
T10895,Species Distribution and Climate Change,418,186,-232,0.0009,0.0004,-0.05
T11426,Genetically Modified Organisms Research,224,380,156,0.0005,0.0008,0.03
T11993,Atomic and Subatomic Physics Research,539,64,-475,0.0012,0.0001,-0.1
T10319,"Conservation, Biodiversity, and Resource Management",263,340,77,0.0006,0.0007,0.02
T10857,Advanced Electron Microscopy Techniques and Applications,238,365,127,0.0005,0.0008,0.03
T10991,Game Theory and Voting Systems,224,378,154,0.0005,0.0008,0.03
T10638,Optical measurement and interference techniques,291,311,20,0.0006,0.0007,0.0
T10799,Data Visualization and Analytics,262,337,75,0.0006,0.0007,0.02
T10899,Advanced Operator Algebra Research,247,350,103,0.0005,0.0008,0.02
T10930,Flood Risk Assessment and Management,274,322,48,0.0006,0.0007,0.01
T11025,Nonlinear Optical Materials Research,266,329,63,0.0006,0.0007,0.01
T11470,Legume Nitrogen Fixing Symbiosis,357,237,-120,0.0008,0.0005,-0.03
T10725,RNA Interference and Gene Delivery,321,273,-48,0.0007,0.0006,-0.01
T10615,Granular flow and fluidized beds,265,328,63,0.0006,0.0007,0.01
T11236,Control Systems and Identification,219,373,154,0.0005,0.0008,0.03
T10219,Mechanical Behavior of Composites,233,358,125,0.0005,0.0008,0.03
T12613,X-ray Diffraction in Crystallography,255,336,81,0.0006,0.0007,0.02
T11324,Spectroscopy Techniques in Biomedical and Chemical Research,243,347,104,0.0005,0.0008,0.02
T12169,Non-Destructive Testing Techniques,305,285,-20,0.0007,0.0006,-0.0
T11205,Numerical methods in inverse problems,263,327,64,0.0006,0.0007,0.01
T10969,Water resources management and optimization,309,280,-29,0.0007,0.0006,-0.01
T10526,HIV/AIDS drug development and treatment,316,272,-44,0.0007,0.0006,-0.01
T12141,Fluid Dynamics and Thin Films,254,331,77,0.0006,0.0007,0.02
T11287,Cancer Genomics and Diagnostics,300,282,-18,0.0007,0.0006,-0.0
T11484,Adaptive optics and wavefront sensing,276,305,29,0.0006,0.0007,0.01
T10505,Pluripotent Stem Cells Research,253,327,74,0.0006,0.0007,0.02
T11901,Bayesian Methods and Mixture Models,351,229,-122,0.0008,0.0005,-0.03
T10493,Ion channel regulation and function,318,260,-58,0.0007,0.0006,-0.01
T11031,Game Theory and Applications,237,341,104,0.0005,0.0007,0.02
T11159,Manufacturing Process and Optimization,366,212,-154,0.0008,0.0005,-0.03
T12202,nanoparticles nucleation surface interactions,405,172,-233,0.0009,0.0004,-0.05
T11187,Nonlinear Dynamics and Pattern Formation,369,206,-163,0.0008,0.0005,-0.04
T13070,Cultural Identity and Heritage,531,44,-487,0.0012,0.0001,-0.11
T11594,Tree-ring climate responses,306,269,-37,0.0007,0.0006,-0.01
T10207,Advanced biosensing and bioanalysis techniques,401,174,-227,0.0009,0.0004,-0.05
T11521,Salivary Gland Disorders and Functions,296,277,-19,0.0006,0.0006,-0.0
T11796,Horticultural and Viticultural Research,403,168,-235,0.0009,0.0004,-0.05
T10878,CRISPR and Genetic Engineering,364,200,-164,0.0008,0.0004,-0.04
T10116,Sperm and Testicular Function,208,354,146,0.0005,0.0008,0.03
T10307,Head and Neck Cancer Studies,240,321,81,0.0005,0.0007,0.02
T10411,Proteins in Food Systems,230,328,98,0.0005,0.0007,0.02
T11989,Oxidative Organic Chemistry Reactions,309,249,-60,0.0007,0.0005,-0.01
T12119,Linguistics and Discourse Analysis,499,58,-441,0.0011,0.0001,-0.1
T10315,Decision-Making and Behavioral Economics,211,344,133,0.0005,0.0008,0.03
T12612,Strong Light-Matter Interactions,254,301,47,0.0006,0.0007,0.01
T10192,Catalytic Processes in Materials Science,363,191,-172,0.0008,0.0004,-0.04
T12760,Laser Design and Applications,407,147,-260,0.0009,0.0003,-0.06
T10310,Corrosion Behavior and Inhibition,298,254,-44,0.0007,0.0006,-0.01
T12497,Traditional and Medicinal Uses of Annonaceae,359,193,-166,0.0008,0.0004,-0.04
T10832,Pituitary Gland Disorders and Treatments,274,277,3,0.0006,0.0006,0.0
T13649,Advanced Synthetic Organic Chemistry,71,480,409,0.0002,0.001,0.09
T11288,Clostridium difficile and Clostridium perfringens research,336,214,-122,0.0007,0.0005,-0.03
T10098,Ruminant Nutrition and Digestive Physiology,194,355,161,0.0004,0.0008,0.04
T10590,Chalcogenide Semiconductor Thin Films,337,212,-125,0.0007,0.0005,-0.03
T10640,Spectroscopy and Chemometric Analyses,286,261,-25,0.0006,0.0006,-0.01
T10871,Catalytic Alkyne Reactions,264,282,18,0.0006,0.0006,0.0
T10009,Dementia and Cognitive Impairment Research,171,372,201,0.0004,0.0008,0.04
T10500,Sparse and Compressive Sensing Techniques,318,225,-93,0.0007,0.0005,-0.02
T12170,History and Theory of Mathematics,295,246,-49,0.0006,0.0005,-0.01
T10132,Advanced ceramic materials synthesis,295,244,-51,0.0006,0.0005,-0.01
T10923,Force Microscopy Techniques and Applications,389,149,-240,0.0008,0.0003,-0.05
T10003,Innovation and Knowledge Management,225,313,88,0.0005,0.0007,0.02
T13402,Business Strategy and Innovation,436,101,-335,0.001,0.0002,-0.07
T10082,HIV/AIDS Research and Interventions,220,317,97,0.0005,0.0007,0.02
T10593,Bacterial biofilms and quorum sensing,218,316,98,0.0005,0.0007,0.02
T10174,Animal Behavior and Reproduction,202,331,129,0.0004,0.0007,0.03
T10999,Organ Transplantation Techniques and Outcomes,224,307,83,0.0005,0.0007,0.02
T10354,Catalytic C–H Functionalization Methods,371,160,-211,0.0008,0.0003,-0.05
T11421,Labor Movements and Unions,155,376,221,0.0003,0.0008,0.05
T10114,"Balance, Gait, and Falls Prevention",228,301,73,0.0005,0.0007,0.02
T10617,Cellular transport and secretion,242,286,44,0.0005,0.0006,0.01
T11243,Respiratory viral infections research,284,244,-40,0.0006,0.0005,-0.01
T10087,Archaeology and ancient environmental studies,156,370,214,0.0003,0.0008,0.05
T10876,Fault Detection and Control Systems,332,192,-140,0.0007,0.0004,-0.03
T10626,High-Temperature Coating Behaviors,221,303,82,0.0005,0.0007,0.02
T12454,European Political History Analysis,358,165,-193,0.0008,0.0004,-0.04
T10205,Advanced Fiber Optic Sensors,264,259,-5,0.0006,0.0006,-0.0
T12251,Synthesis and Catalytic Reactions,351,168,-183,0.0008,0.0004,-0.04
T11180,Pesticide and Herbicide Environmental Studies,189,330,141,0.0004,0.0007,0.03
T10092,Organometallic Complex Synthesis and Catalysis,160,358,198,0.0003,0.0008,0.04
T10329,Thyroid Cancer Diagnosis and Treatment,244,274,30,0.0005,0.0006,0.01
T11915,Pickering emulsions and particle stabilization,394,124,-270,0.0009,0.0003,-0.06
T10772,Distributed systems and fault tolerance,266,250,-16,0.0006,0.0005,-0.0
T11884,Redox biology and oxidative stress,196,319,123,0.0004,0.0007,0.03
T11382,Fluid Dynamics and Heat Transfer,162,352,190,0.0004,0.0008,0.04
T10971,Olfactory and Sensory Function Studies,299,215,-84,0.0007,0.0005,-0.02
T11359,Effects of Radiation Exposure,167,347,180,0.0004,0.0008,0.04
T11240,Luminescence and Fluorescent Materials,228,285,57,0.0005,0.0006,0.01
T13859,Organic Chemistry Synthesis Methods,16,497,481,0.0,0.0011,0.11
T10201,Speech Recognition and Synthesis,202,310,108,0.0004,0.0007,0.02
T10605,Historical Economic and Social Studies,100,411,311,0.0002,0.0009,0.07
T13645,Thermodynamic and Structural Properties of Metals and Alloys,104,407,303,0.0002,0.0009,0.07
T10482,Mathematical and Theoretical Epidemiology and Ecology Models,157,352,195,0.0003,0.0008,0.04
T10386,Microstructure and Mechanical Properties of Steels,316,192,-124,0.0007,0.0004,-0.03
T10185,Lymphoma Diagnosis and Treatment,241,267,26,0.0005,0.0006,0.01
T11379,Rheology and Fluid Dynamics Studies,211,296,85,0.0005,0.0006,0.02
T11611,Cyclopropane Reaction Mechanisms,250,257,7,0.0005,0.0006,0.0
T11665,Animal Vocal Communication and Behavior,260,246,-14,0.0006,0.0005,-0.0
T10110,earthquake and tectonic studies,313,193,-120,0.0007,0.0004,-0.03
T10421,Pleistocene-Era Hominins and Archaeology,249,256,7,0.0005,0.0006,0.0
T10014,Plant Stress Responses and Tolerance,184,320,136,0.0004,0.0007,0.03
T10135,Insect-Plant Interactions and Control,203,301,98,0.0004,0.0007,0.02
T10404,Enzyme Catalysis and Immobilization,221,282,61,0.0005,0.0006,0.01
T10038,Tuberculosis Research and Epidemiology,205,297,92,0.0004,0.0006,0.02
T10402,Phase Equilibria and Thermodynamics,306,195,-111,0.0007,0.0004,-0.02
T12157,Geochemistry and Geologic Mapping,471,30,-441,0.001,0.0001,-0.1
T12056,Markov Chains and Monte Carlo Methods,245,256,11,0.0005,0.0006,0.0
T10217,Cardiac electrophysiology and arrhythmias,222,279,57,0.0005,0.0006,0.01
T10792,Matrix Theory and Algorithms,250,247,-3,0.0005,0.0005,-0.0
T10078,Advanced Photocatalysis Techniques,212,284,72,0.0005,0.0006,0.02
T10746,Platelet Disorders and Treatments,207,289,82,0.0005,0.0006,0.02
T10949,Genetic Neurodegenerative Diseases,285,210,-75,0.0006,0.0005,-0.02
T10294,Cell death mechanisms and regulation,169,326,157,0.0004,0.0007,0.03
T11751,Lattice Boltzmann Simulation Studies,300,195,-105,0.0007,0.0004,-0.02
T14162,Historical and Literary Studies,475,18,-457,0.001,0.0,-0.1
T11937,Research Data Management Practices,148,345,197,0.0003,0.0008,0.04
T11723,Optical Coatings and Gratings,304,189,-115,0.0007,0.0004,-0.03
T11486,Micro and Nano Robotics,285,208,-77,0.0006,0.0005,-0.02
T12649,Alkaloids: synthesis and pharmacology,263,229,-34,0.0006,0.0005,-0.01
T10660,Conducting polymers and applications,276,214,-62,0.0006,0.0005,-0.01
T10208,Labor market dynamics and wage inequality,180,309,129,0.0004,0.0007,0.03
T10353,Zeolite Catalysis and Synthesis,171,318,147,0.0004,0.0007,0.03
T10106,Autism Spectrum Disorder Research,237,250,13,0.0005,0.0005,0.0
T11312,Soil Moisture and Remote Sensing,221,265,44,0.0005,0.0006,0.01
T10716,Soil and Unsaturated Flow,241,244,3,0.0005,0.0005,0.0
T10841,Economic and Environmental Valuation,292,193,-99,0.0006,0.0004,-0.02
T10040,Adaptive Control of Nonlinear Systems,301,183,-118,0.0007,0.0004,-0.03
T10869,Polysaccharides and Plant Cell Walls,229,255,26,0.0005,0.0006,0.01
T10263,Eating Disorders and Behaviors,221,263,42,0.0005,0.0006,0.01
T10089,Avian ecology and behavior,189,291,102,0.0004,0.0006,0.02
T11549,Synthetic Organic Chemistry Methods,424,55,-369,0.0009,0.0001,-0.08
T10028,Topic Modeling,241,237,-4,0.0005,0.0005,-0.0
T10429,EEG and Brain-Computer Interfaces,242,235,-7,0.0005,0.0005,-0.0
T10922,Magnetic Properties and Synthesis of Ferrites,195,282,87,0.0004,0.0006,0.02
T10449,Renal cell carcinoma treatment,238,239,1,0.0005,0.0005,0.0
T10877,Allergic Rhinitis and Sensitization,246,231,-15,0.0005,0.0005,-0.0
T11603,Dust and Plasma Wave Phenomena,113,364,251,0.0002,0.0008,0.05
T11673,Advanced Topics in Algebra,313,163,-150,0.0007,0.0004,-0.03
T10551,Scheduling and Optimization Algorithms,255,221,-34,0.0006,0.0005,-0.01
T10720,Complexity and Algorithms in Graphs,112,363,251,0.0002,0.0008,0.05
T10770,Soil Geostatistics and Mapping,238,236,-2,0.0005,0.0005,-0.0
T10091,Malaria Research and Control,222,251,29,0.0005,0.0005,0.01
T11016,Monoclonal and Polyclonal Antibodies Research,310,162,-148,0.0007,0.0004,-0.03
T10811,Hydrogen Storage and Materials,167,305,138,0.0004,0.0007,0.03
T10555,Fire effects on ecosystems,258,213,-45,0.0006,0.0005,-0.01
T10988,Advanced Fiber Laser Technologies,356,115,-241,0.0008,0.0003,-0.05
T10405,Advanced Polymer Synthesis and Characterization,206,263,57,0.0004,0.0006,0.01
T11277,Thermal properties of materials,223,245,22,0.0005,0.0005,0.0
T11831,Chemical Synthesis and Reactions,281,185,-96,0.0006,0.0004,-0.02
T12442,Thermal Radiation and Cooling Technologies,282,184,-98,0.0006,0.0004,-0.02
T10736,Hydrogen embrittlement and corrosion behaviors in metals,197,268,71,0.0004,0.0006,0.02
T10516,Parathyroid Disorders and Treatments,222,243,21,0.0005,0.0005,0.0
T10033,Concrete and Cement Materials Research,239,225,-14,0.0005,0.0005,-0.0
T10211,Computational Drug Discovery Methods,213,249,36,0.0005,0.0005,0.01
T11742,Economic Theory and Policy,280,182,-98,0.0006,0.0004,-0.02
T10282,Financial Risk and Volatility Modeling,248,214,-34,0.0005,0.0005,-0.01
T10633,Metallic Glasses and Amorphous Alloys,245,217,-28,0.0005,0.0005,-0.01
T11125,Petri Nets in System Modeling,194,267,73,0.0004,0.0006,0.02
T12896,Sustainable Agricultural Systems Analysis,119,342,223,0.0003,0.0007,0.05
T10393,Economic Growth and Productivity,228,233,5,0.0005,0.0005,0.0
T10946,Radioactivity and Radon Measurements,195,265,70,0.0004,0.0006,0.02
T11434,Electrochemical Analysis and Applications,309,151,-158,0.0007,0.0003,-0.03
T11830,Point processes and geometric inequalities,236,223,-13,0.0005,0.0005,-0.0
T11272,Nanowire Synthesis and Applications,253,203,-50,0.0006,0.0004,-0.01
T11428,Advanced Mathematical Identities,205,251,46,0.0004,0.0005,0.01
T10253,Sarcoma Diagnosis and Treatment,208,247,39,0.0005,0.0005,0.01
T11189,Transplantation: Methods and Outcomes,214,241,27,0.0005,0.0005,0.01
T13205,Geological and Geophysical Studies Worldwide,346,108,-238,0.0008,0.0002,-0.05
T10739,Electromagnetic Scattering and Analysis,188,265,77,0.0004,0.0006,0.02
T12285,Surface Chemistry and Catalysis,160,293,133,0.0003,0.0006,0.03
T11281,Asymmetric Hydrogenation and Catalysis,325,128,-197,0.0007,0.0003,-0.04
T10689,Remote-Sensing Image Classification,154,297,143,0.0003,0.0006,0.03
T10410,COVID-19 epidemiological studies,232,219,-13,0.0005,0.0005,-0.0
T12450,Radio Astronomy Observations and Technology,253,197,-56,0.0006,0.0004,-0.01
T10043,Substance Abuse Treatment and Outcomes,149,301,152,0.0003,0.0007,0.03
T10715,Distributed and Parallel Computing Systems,289,158,-131,0.0006,0.0003,-0.03
T12253,Urban Agriculture and Sustainability,155,292,137,0.0003,0.0006,0.03
T10189,Anesthesia and Pain Management,188,258,70,0.0004,0.0006,0.02
T11449,Mechanical and Optical Resonators,318,128,-190,0.0007,0.0003,-0.04
T10166,Mosquito-borne diseases and control,245,201,-44,0.0005,0.0004,-0.01
T12374,European and International Contract Law,211,234,23,0.0005,0.0005,0.01
T10945,Lysosomal Storage Disorders Research,215,229,14,0.0005,0.0005,0.0
T10887,Bioinformatics and Genomic Networks,238,204,-34,0.0005,0.0004,-0.01
T10139,Heavy metals in environment,173,268,95,0.0004,0.0006,0.02
T10047,Financial Markets and Investment Strategies,156,285,129,0.0003,0.0006,0.03
T12044,Advanced Physical and Chemical Molecular Interactions,123,317,194,0.0003,0.0007,0.04
T13561,Chemical Reactions and Isotopes,193,245,52,0.0004,0.0005,0.01
T11668,interferon and immune responses,162,275,113,0.0004,0.0006,0.02
T13376,Criminal Law and Policy,8,429,421,0.0,0.0009,0.09
T11986,Scientific Computing and Data Management,242,193,-49,0.0005,0.0004,-0.01
T10646,Experimental Behavioral Economics Studies,227,208,-19,0.0005,0.0005,-0.0
T10965,Geological formations and processes,154,281,127,0.0003,0.0006,0.03
T12436,Agronomic Practices and Intercropping Systems,165,269,104,0.0004,0.0006,0.02
T10249,Distributed Control Multi-Agent Systems,197,236,39,0.0004,0.0005,0.01
T10134,Inflammatory Bowel Disease,160,273,113,0.0003,0.0006,0.02
T11844,Lipid metabolism and biosynthesis,176,257,81,0.0004,0.0006,0.02
T13500,Probability and Statistical Research,23,409,386,0.0001,0.0009,0.08
T11020,Immune Cell Function and Interaction,324,107,-217,0.0007,0.0002,-0.05
T10768,Electric Vehicles and Infrastructure,202,227,25,0.0004,0.0005,0.01
T10978,Prenatal Screening and Diagnostics,287,142,-145,0.0006,0.0003,-0.03
T12050,Optical Polarization and Ellipsometry,222,207,-15,0.0005,0.0005,-0.0
T10412,Microfluidic and Capillary Electrophoresis Applications,189,240,51,0.0004,0.0005,0.01
T12646,Inorganic Fluorides and Related Compounds,350,78,-272,0.0008,0.0002,-0.06
T10951,Cryptographic Implementations and Security,184,242,58,0.0004,0.0005,0.01
T10183,Breast Cancer Treatment Studies,158,268,110,0.0003,0.0006,0.02
T12762,Crystallography and Radiation Phenomena,241,184,-57,0.0005,0.0004,-0.01
T11743,Political Economy and Marxism,138,287,149,0.0003,0.0006,0.03
T10231,Pancreatic and Hepatic Oncology Research,205,220,15,0.0004,0.0005,0.0
T10342,Circadian rhythm and melatonin,200,222,22,0.0004,0.0005,0.0
T10464,Crystal structures of chemical compounds,73,349,276,0.0002,0.0008,0.06
T11067,Colorectal Cancer Treatments and Studies,137,285,148,0.0003,0.0006,0.03
T10602,Glycosylation and Glycoproteins Research,270,151,-119,0.0006,0.0003,-0.03
T11740,Geochemistry and Elemental Analysis,194,227,33,0.0004,0.0005,0.01
T10268,Developmental Biology and Gene Regulation,122,298,176,0.0003,0.0007,0.04
T12422,Radiomics and Machine Learning in Medical Imaging,240,178,-62,0.0005,0.0004,-0.01
T11435,Polynomial and algebraic computation,231,186,-45,0.0005,0.0004,-0.01
T10982,Motor Control and Adaptation,155,262,107,0.0003,0.0006,0.02
T10661,biodegradable polymer synthesis and properties,225,190,-35,0.0005,0.0004,-0.01
T10584,Reproductive Physiology in Livestock,174,241,67,0.0004,0.0005,0.01
T10127,"Banking stability, regulation, efficiency",217,197,-20,0.0005,0.0004,-0.0
T10519,Advanced Proteomics Techniques and Applications,147,267,120,0.0003,0.0006,0.03
T10023,Schizophrenia research and treatment,159,254,95,0.0003,0.0006,0.02
T12191,Chemical Reaction Mechanisms,174,237,63,0.0004,0.0005,0.01
T11558,Composite Material Mechanics,233,178,-55,0.0005,0.0004,-0.01
T10151,Hepatitis C virus research,208,201,-7,0.0005,0.0004,-0.0
T10361,Silicon Carbide Semiconductor Technologies,219,190,-29,0.0005,0.0004,-0.01
T11455,Microbial Inactivation Methods,214,194,-20,0.0005,0.0004,-0.0
T10447,Environmental Toxicology and Ecotoxicology,128,279,151,0.0003,0.0006,0.03
T11395,Radiopharmaceutical Chemistry and Applications,125,282,157,0.0003,0.0006,0.03
T11066,Organic Food and Agriculture,194,213,19,0.0004,0.0005,0.0
T10125,Advanced Wireless Communication Techniques,123,283,160,0.0003,0.0006,0.03
T10317,Advanced Database Systems and Queries,198,208,10,0.0004,0.0005,0.0
T10387,Fatty Acid Research and Health,183,223,40,0.0004,0.0005,0.01
T12261,Statistical Mechanics and Entropy,220,184,-36,0.0005,0.0004,-0.01
T12220,Quantum Electrodynamics and Casimir Effect,233,170,-63,0.0005,0.0004,-0.01
T11440,Click Chemistry and Applications,273,129,-144,0.0006,0.0003,-0.03
T10780,Reliability and Maintenance Optimization,125,276,151,0.0003,0.0006,0.03
T10031,T-cell and B-cell Immunology,147,254,107,0.0003,0.0006,0.02
T11279,Lanthanide and Transition Metal Complexes,225,175,-50,0.0005,0.0004,-0.01
T10503,Global Financial Crisis and Policies,214,186,-28,0.0005,0.0004,-0.01
T10735,Mesoporous Materials and Catalysis,198,200,2,0.0004,0.0004,0.0
T11948,Machine Learning in Materials Science,240,158,-82,0.0005,0.0003,-0.02
T10371,Immune Response and Inflammation,199,196,-3,0.0004,0.0004,-0.0
T10894,Groundwater flow and contamination studies,175,220,45,0.0004,0.0005,0.01
T10367,Agricultural Innovations and Practices,145,249,104,0.0003,0.0005,0.02
T11128,Transition Metal Oxide Nanomaterials,241,153,-88,0.0005,0.0003,-0.02
T11927,Plant Reproductive Biology,232,162,-70,0.0005,0.0004,-0.02
T10163,Metal complexes synthesis and properties,267,125,-142,0.0006,0.0003,-0.03
T11333,Climate change and permafrost,232,160,-72,0.0005,0.0003,-0.02
T10996,Computational Geometry and Mesh Generation,205,186,-19,0.0004,0.0004,-0.0
T10443,Social Policy and Reform Studies,167,224,57,0.0004,0.0005,0.01
T11482,RNA modifications and cancer,310,81,-229,0.0007,0.0002,-0.05
T10634,Food Allergy and Anaphylaxis Research,197,194,-3,0.0004,0.0004,-0.0
T10885,Gene expression and cancer classification,219,171,-48,0.0005,0.0004,-0.01
T11092,Spondyloarthritis Studies and Treatments,185,204,19,0.0004,0.0004,0.0
T13177,Geological and Geophysical Studies,87,302,215,0.0002,0.0007,0.05
T10341,Coral and Marine Ecosystems Studies,225,162,-63,0.0005,0.0004,-0.01
T11340,Marine Sponges and Natural Products,238,148,-90,0.0005,0.0003,-0.02
T10823,Research on Leishmaniasis Studies,199,186,-13,0.0004,0.0004,-0.0
T13923,Nuclear and radioactivity studies,170,215,45,0.0004,0.0005,0.01
T11710,Biomedical Text Mining and Ontologies,219,166,-53,0.0005,0.0004,-0.01
T10623,Thin-Film Transistor Technologies,316,68,-248,0.0007,0.0001,-0.05
T12859,Cell Image Analysis Techniques,264,119,-145,0.0006,0.0003,-0.03
T10385,Plant Diversity and Evolution,174,208,34,0.0004,0.0005,0.01
T10058,Entrepreneurship Studies and Influences,180,201,21,0.0004,0.0004,0.0
T10608,Neurogenesis and neuroplasticity mechanisms,162,219,57,0.0004,0.0005,0.01
T10167,Influenza Virus Research Studies,180,201,21,0.0004,0.0004,0.0
T11960,Relativity and Gravitational Theory,97,283,186,0.0002,0.0006,0.04
T11307,Domain Adaptation and Few-Shot Learning,158,222,64,0.0003,0.0005,0.01
T11760,Plant responses to elevated CO2,227,152,-75,0.0005,0.0003,-0.02
T10024,TiO2 Photocatalysis and Solar Cells,125,254,129,0.0003,0.0006,0.03
T10152,Animal Nutrition and Physiology,175,204,29,0.0004,0.0004,0.01
T10137,Multiple Sclerosis Research Studies,156,222,66,0.0003,0.0005,0.01
T10686,Effects and risks of endocrine disrupting chemicals,181,197,16,0.0004,0.0004,0.0
T12560,Nuclear Engineering Thermal-Hydraulics,111,267,156,0.0002,0.0006,0.03
T10476,Algal biology and biofuel production,237,141,-96,0.0005,0.0003,-0.02
T11404,Irrigation Practices and Water Management,125,252,127,0.0003,0.0006,0.03
T10600,Reproductive Health and Contraception,122,255,133,0.0003,0.0006,0.03
T10705,Additive Manufacturing Materials and Processes,193,183,-10,0.0004,0.0004,-0.0
T11278,Calcium Carbonate Crystallization and Inhibition,164,212,48,0.0004,0.0005,0.01
T10937,"Telomeres, Telomerase, and Senescence",178,196,18,0.0004,0.0004,0.0
T10337,Liver Disease and Transplantation,200,174,-26,0.0004,0.0004,-0.01
T10418,Pelvic floor disorders treatments,203,170,-33,0.0004,0.0004,-0.01
T11762,"Law, Economics, and Judicial Systems",182,191,9,0.0004,0.0004,0.0
T10255,Oceanographic and Atmospheric Processes,163,209,46,0.0004,0.0005,0.01
T10489,Regulation of Appetite and Obesity,133,239,106,0.0003,0.0005,0.02
T12986,Administrative Law and Governance,2,370,368,0.0,0.0008,0.08
T10453,Maternal and Perinatal Health Interventions,148,223,75,0.0003,0.0005,0.02
T10291,Dialysis and Renal Disease Management,165,206,41,0.0004,0.0005,0.01
T11399,Muscle metabolism and nutrition,225,146,-79,0.0005,0.0003,-0.02
T10060,Smoking Behavior and Cessation,137,233,96,0.0003,0.0005,0.02
T10724,Ion Transport and Channel Regulation,138,231,93,0.0003,0.0005,0.02
T10532,Molecular Sensors and Ion Detection,201,168,-33,0.0004,0.0004,-0.01
T11629,"Birth, Development, and Health",206,163,-43,0.0004,0.0004,-0.01
T11782,Magnetic Properties of Alloys,159,208,49,0.0003,0.0005,0.01
T12103,Cancer Risks and Factors,179,187,8,0.0004,0.0004,0.0
T13534,"Migration, Identity, and Health",339,26,-313,0.0007,0.0001,-0.07
T14379,Diverse Cultural and Historical Studies,365,0,-365,0.0008,0.0,-0.08
T10550,Ovarian cancer diagnosis and treatment,176,188,12,0.0004,0.0004,0.0
T10191,Robotics and Sensor-Based Localization,187,177,-10,0.0004,0.0004,-0.0
T10920,Advanced Drug Delivery Systems,122,240,118,0.0003,0.0005,0.03
T10796,Cooperative Communication and Network Coding,201,160,-41,0.0004,0.0003,-0.01
T12162,Cellular Automata and Applications,207,154,-53,0.0005,0.0003,-0.01
T10196,Pain Mechanisms and Treatments,178,183,5,0.0004,0.0004,0.0
T10311,Advancements in Solid Oxide Fuel Cells,127,234,107,0.0003,0.0005,0.02
T13742,Metallurgy and Cultural Artifacts,160,201,41,0.0003,0.0004,0.01
T10935,Endometriosis Research and Treatment,185,175,-10,0.0004,0.0004,-0.0
T10750,Fermentation and Sensory Analysis,220,139,-81,0.0005,0.0003,-0.02
T11215,Chronic Myeloid Leukemia Treatments,206,153,-53,0.0004,0.0003,-0.01
T10531,Advanced Vision and Imaging,207,152,-55,0.0005,0.0003,-0.01
T11805,Agricultural economics and policies,20,339,319,0.0,0.0007,0.07
T12381,Electron Spin Resonance Studies,147,211,64,0.0003,0.0005,0.01
T11353,Venomous Animal Envenomation and Studies,124,233,109,0.0003,0.0005,0.02
T12304,Radiative Heat Transfer Studies,139,218,79,0.0003,0.0005,0.02
T10157,Sports Performance and Training,178,178,0,0.0004,0.0004,0.0
T14402,Political and Social Issues,343,12,-331,0.0007,0.0,-0.07
T11084,Workplace Health and Well-being,163,192,29,0.0004,0.0004,0.01
T10860,Speech and Audio Processing,189,163,-26,0.0004,0.0004,-0.01
T11235,Statistical Methods in Clinical Trials,165,187,22,0.0004,0.0004,0.0
T10202,Lung Cancer Diagnosis and Treatment,148,203,55,0.0003,0.0004,0.01
T10050,Multi-Criteria Decision Making,142,208,66,0.0003,0.0005,0.01
T11582,Nanopore and Nanochannel Transport Studies,193,157,-36,0.0004,0.0003,-0.01
T10389,Polymer crystallization and properties,121,228,107,0.0003,0.0005,0.02
T11852,Clay minerals and soil interactions,212,137,-75,0.0005,0.0003,-0.02
T11748,Organophosphorus compounds synthesis,144,205,61,0.0003,0.0004,0.01
T11262,Quantum Mechanics and Non-Hermitian Physics,232,117,-115,0.0005,0.0003,-0.03
T10424,Electric Power System Optimization,137,211,74,0.0003,0.0005,0.02
T10084,Musculoskeletal pain and rehabilitation,219,129,-90,0.0005,0.0003,-0.02
T10056,Neurotransmitter Receptor Influence on Behavior,168,180,12,0.0004,0.0004,0.0
T10854,Bipolar Disorder and Treatment,163,184,21,0.0004,0.0004,0.0
T11076,Policing Practices and Perceptions,79,268,189,0.0002,0.0006,0.04
T10494,Plant Virus Research Studies,226,121,-105,0.0005,0.0003,-0.02
T11263,Electromagnetic Simulation and Numerical Methods,199,147,-52,0.0004,0.0003,-0.01
T10171,Biofuel production and bioconversion,224,122,-102,0.0005,0.0003,-0.02
T10351,Liver Disease Diagnosis and Treatment,238,108,-130,0.0005,0.0002,-0.03
T12270,Microwave-Assisted Synthesis and Applications,183,161,-22,0.0004,0.0004,-0.0
T10427,Visual perception and processing mechanisms,128,216,88,0.0003,0.0005,0.02
T10168,COVID-19 and Mental Health,178,165,-13,0.0004,0.0004,-0.0
T10440,Advanced Thermoelectric Materials and Devices,159,184,25,0.0003,0.0004,0.01
T10801,Synthetic Aperture Radar (SAR) Applications and Techniques,145,197,52,0.0003,0.0004,0.01
T10119,Sustainability and Climate Change Governance,114,228,114,0.0002,0.0005,0.02
T10376,Suicide and Self-Harm Studies,146,196,50,0.0003,0.0004,0.01
T10227,Acute Ischemic Stroke Management,160,182,22,0.0003,0.0004,0.0
T12585,North African History and Literature,111,230,119,0.0002,0.0005,0.03
T10289,European Union Policy and Governance,130,210,80,0.0003,0.0005,0.02
T10804,"Health Systems, Economic Evaluations, Quality of Life",192,148,-44,0.0004,0.0003,-0.01
T10199,Wildlife Ecology and Conservation,162,178,16,0.0004,0.0004,0.0
T10882,Cardiomyopathy and Myosin Studies,187,151,-36,0.0004,0.0003,-0.01
T12396,Advanced Differential Equations and Dynamical Systems,224,114,-110,0.0005,0.0002,-0.02
T10045,Organic Electronics and Photovoltaics,156,182,26,0.0003,0.0004,0.01
T11316,Mycobacterium research and diagnosis,208,129,-79,0.0005,0.0003,-0.02
T10290,Pregnancy and preeclampsia studies,172,165,-7,0.0004,0.0004,-0.0
T11942,Transportation and Mobility Innovations,185,152,-33,0.0004,0.0003,-0.01
T13068,Ancient Mediterranean Archaeology and History,169,166,-3,0.0004,0.0004,-0.0
T10534,Structural Health Monitoring Techniques,221,114,-107,0.0005,0.0002,-0.02
T10369,Advanced MEMS and NEMS Technologies,129,206,77,0.0003,0.0005,0.02
T11077,Genetic and Clinical Aspects of Sex Determination and Chromosomal Abnormalities,170,165,-5,0.0004,0.0004,-0.0
T11413,Risk and Portfolio Optimization,155,179,24,0.0003,0.0004,0.01
T10659,Marine animal studies overview,179,155,-24,0.0004,0.0003,-0.01
T11169,Silicon Nanostructures and Photoluminescence,192,141,-51,0.0004,0.0003,-0.01
T10155,Nitric Oxide and Endothelin Effects,216,117,-99,0.0005,0.0003,-0.02
T11178,Receptor Mechanisms and Signaling,176,157,-19,0.0004,0.0003,-0.0
T11305,"Amyloidosis: Diagnosis, Treatment, Outcomes",169,164,-5,0.0004,0.0004,-0.0
T10036,Advanced Neural Network Applications,122,210,88,0.0003,0.0005,0.02
T10539,Sustainable Supply Chain Management,159,171,12,0.0003,0.0004,0.0
T11156,Reproductive Health and Technologies,172,158,-14,0.0004,0.0003,-0.0
T10409,Fuel Cells and Related Materials,180,150,-30,0.0004,0.0003,-0.01
T11447,Blind Source Separation Techniques,221,108,-113,0.0005,0.0002,-0.02
T10481,Computer Graphics and Visualization Techniques,137,192,55,0.0003,0.0004,0.01
T12019,Calibration and Measurement Techniques,169,160,-9,0.0004,0.0003,-0.0
T12827,Biochemical and Molecular Research,155,173,18,0.0003,0.0004,0.0
T13842,Intellectual Property Law,35,293,258,0.0001,0.0006,0.06
T11266,Neuroinflammation and Neurodegeneration Mechanisms,172,155,-17,0.0004,0.0003,-0.0
T10484,Wood Treatment and Properties,122,205,83,0.0003,0.0004,0.02
T10846,Photonic Crystal and Fiber Optics,130,197,67,0.0003,0.0004,0.01
T11296,COVID-19 and healthcare impacts,179,147,-32,0.0004,0.0003,-0.01
T11739,Microwave Imaging and Scattering Analysis,167,158,-9,0.0004,0.0003,-0.0
T10117,Advanced Combustion Engine Technologies,123,202,79,0.0003,0.0004,0.02
T12405,Characterization and Applications of Magnetic Nanoparticles,176,148,-28,0.0004,0.0003,-0.01
T12004,Advanced Frequency and Time Standards,143,180,37,0.0003,0.0004,0.01
T14386,"Libraries, Manuscripts, and Books",8,315,307,0.0,0.0007,0.07
T13187,Diffusion and Search Dynamics,244,78,-166,0.0005,0.0002,-0.04
T10349,Migration and Labor Dynamics,136,185,49,0.0003,0.0004,0.01
T11329,Limits and Structures in Graph Theory,161,160,-1,0.0004,0.0003,-0.0
T10769,BRCA gene mutations in cancer,150,170,20,0.0003,0.0004,0.0
T11416,Numerical methods for differential equations,185,135,-50,0.0004,0.0003,-0.01
T10997,Ocular Surface and Contact Lens,155,164,9,0.0003,0.0004,0.0
T10571,Robotic Mechanisms and Dynamics,144,175,31,0.0003,0.0004,0.01
T10859,Polymer Surface Interaction Studies,153,166,13,0.0003,0.0004,0.0
T12002,"Computability, Logic, AI Algorithms",218,101,-117,0.0005,0.0002,-0.03
T10558,Advancements in Semiconductor Devices and Circuit Design,122,196,74,0.0003,0.0004,0.02
T12101,Advanced Bandit Algorithms Research,160,158,-2,0.0003,0.0003,-0.0
T10983,Aortic aneurysm repair treatments,174,144,-30,0.0004,0.0003,-0.01
T12630,African Botany and Ecology Studies,293,24,-269,0.0006,0.0001,-0.06
T14102,Corporate Governance and Law,182,135,-47,0.0004,0.0003,-0.01
T11366,Elasticity and Material Modeling,183,132,-51,0.0004,0.0003,-0.01
T13465,"Graphite, nuclear technology, radiation studies",234,81,-153,0.0005,0.0002,-0.03
T11510,Reproductive System and Pregnancy,181,134,-47,0.0004,0.0003,-0.01
T11766,Iron-based superconductors research,189,126,-63,0.0004,0.0003,-0.01
T10840,High Temperature Alloys and Creep,163,152,-11,0.0004,0.0003,-0.0
T10700,Metal Forming Simulation Techniques,163,151,-12,0.0004,0.0003,-0.0
T10435,Environmental Impact and Sustainability,141,173,32,0.0003,0.0004,0.01
T10941,Musicology and Musical Analysis,86,227,141,0.0002,0.0005,0.03
T10336,Cancer Cells and Metastasis,177,135,-42,0.0004,0.0003,-0.01
T11450,Model-Driven Software Engineering Techniques,148,163,15,0.0003,0.0004,0.0
T11061,Ocean Waves and Remote Sensing,185,126,-59,0.0004,0.0003,-0.01
T10408,Chronic Kidney Disease and Diabetes,140,171,31,0.0003,0.0004,0.01
T10373,Renal Transplantation Outcomes and Treatments,156,153,-3,0.0003,0.0003,-0.0
T10216,"Migration, Refugees, and Integration",29,278,249,0.0001,0.0006,0.05
T12350,Particle Dynamics in Fluid Flows,152,155,3,0.0003,0.0003,0.0
T11245,Advanced Numerical Analysis Techniques,244,62,-182,0.0005,0.0001,-0.04
T10756,Estrogen and related hormone effects,167,139,-28,0.0004,0.0003,-0.01
T11845,Cancer therapeutics and mechanisms,200,105,-95,0.0004,0.0002,-0.02
T12466,Near-Field Optical Microscopy,204,100,-104,0.0004,0.0002,-0.02
T10195,Antimicrobial Resistance in Staphylococcus,178,126,-52,0.0004,0.0003,-0.01
T10583,Cancer-related Molecular Pathways,170,134,-36,0.0004,0.0003,-0.01
T10798,Crystallography and molecular interactions,172,132,-40,0.0004,0.0003,-0.01
T11014,Regional Economics and Spatial Analysis,98,206,108,0.0002,0.0005,0.02
T10140,Food composition and properties,152,152,0,0.0003,0.0003,0.0
T10375,Pharmacogenetics and Drug Metabolism,101,203,102,0.0002,0.0004,0.02
T10844,Radiation Dose and Imaging,160,143,-17,0.0003,0.0003,-0.0
T12073,Isotope Analysis in Ecology,223,80,-143,0.0005,0.0002,-0.03
T10891,Radar Systems and Signal Processing,115,187,72,0.0003,0.0004,0.02
T11341,Boron and Carbon Nanomaterials Research,147,155,8,0.0003,0.0003,0.0
T10143,Chronic Obstructive Pulmonary Disease (COPD) Research,156,145,-11,0.0003,0.0003,-0.0
T11027,Metabolism and Genetic Disorders,162,139,-23,0.0004,0.0003,-0.01
T14185,"Research, Science, and Academia",8,292,284,0.0,0.0006,0.06
T10974,Advanced Queuing Theory Analysis,143,156,13,0.0003,0.0003,0.0
T10448,Memory and Neural Mechanisms,103,195,92,0.0002,0.0004,0.02
T10122,Toxic Organic Pollutants Impact,153,145,-8,0.0003,0.0003,-0.0
T11315,Phase-change materials and chalcogenides,178,120,-58,0.0004,0.0003,-0.01
T12961,Regional Development and Policy,235,63,-172,0.0005,0.0001,-0.04
T10344,Management and Organizational Studies,133,165,32,0.0003,0.0004,0.01
T12536,Topological and Geometric Data Analysis,181,116,-65,0.0004,0.0003,-0.01
T11608,Dielectric materials and actuators,133,164,31,0.0003,0.0004,0.01
T10392,Cutaneous Melanoma Detection and Management,144,153,9,0.0003,0.0003,0.0
T11059,Market Dynamics and Volatility,203,93,-110,0.0004,0.0002,-0.02
T14300,Legal and Social Philosophy,225,71,-154,0.0005,0.0002,-0.03
T13739,Medieval and Early Modern Justice,154,141,-13,0.0003,0.0003,-0.0
T11612,Stochastic Gradient Optimization Techniques,134,161,27,0.0003,0.0004,0.01
T10256,Drug Solubulity and Delivery Systems,133,161,28,0.0003,0.0004,0.01
T11210,Mathematical Analysis and Transform Methods,93,201,108,0.0002,0.0004,0.02
T12063,Heat and Mass Transfer in Porous Media,100,194,94,0.0002,0.0004,0.02
T14003,Labor Law and Work Dynamics,3,290,287,0.0,0.0006,0.06
T10931,Direction-of-Arrival Estimation Techniques,131,162,31,0.0003,0.0004,0.01
T12189,Sulfur-Based Synthesis Techniques,182,111,-71,0.0004,0.0002,-0.02
T12982,Legal principles and applications,26,266,240,0.0001,0.0006,0.05
T10459,Sexual function and dysfunction studies,133,159,26,0.0003,0.0003,0.01
T11596,Constraint Satisfaction and Optimization,155,136,-19,0.0003,0.0003,-0.0
T10274,Synthesis and biological activity,93,198,105,0.0002,0.0004,0.02
T11544,"Gender, Labor, and Family Dynamics",117,174,57,0.0003,0.0004,0.01
T12603,NMR spectroscopy and applications,213,78,-135,0.0005,0.0002,-0.03
T10817,Multicomponent Synthesis of Heterocycles,135,156,21,0.0003,0.0003,0.0
T11419,Supramolecular Self-Assembly in Materials,154,136,-18,0.0003,0.0003,-0.0
T11841,Nuclear Structure and Function,160,129,-31,0.0003,0.0003,-0.01
T10169,Protein Kinase Regulation and GTPase Signaling,118,171,53,0.0003,0.0004,0.01
T11357,Risk and Safety Analysis,147,141,-6,0.0003,0.0003,-0.0
T10285,Venous Thromboembolism Diagnosis and Management,143,145,2,0.0003,0.0003,0.0
T11043,Merger and Competition Analysis,99,189,90,0.0002,0.0004,0.02
T11087,Solidification and crystal growth phenomena,119,169,50,0.0003,0.0004,0.01
T10668,Endometrial and Cervical Cancer Treatments,153,134,-19,0.0003,0.0003,-0.0
T10958,Ultrasound and Hyperthermia Applications,144,143,-1,0.0003,0.0003,-0.0
T11071,Treatment of Major Depression,92,195,103,0.0002,0.0004,0.02
T12434,Phosphodiesterase function and regulation,129,158,29,0.0003,0.0003,0.01
T12504,Mathematics and Applications,233,54,-179,0.0005,0.0001,-0.04
T11697,Numerical Methods and Algorithms,148,139,-9,0.0003,0.0003,-0.0
T13019,African Studies and Geopolitics,189,97,-92,0.0004,0.0002,-0.02
T12003,Bioenergy crop production and management,146,140,-6,0.0003,0.0003,-0.0
T11160,Acoustic Wave Resonator Technologies,167,117,-50,0.0004,0.0003,-0.01
T10976,Viral gastroenteritis research and epidemiology,164,119,-45,0.0004,0.0003,-0.01
T10620,Protease and Inhibitor Mechanisms,102,181,79,0.0002,0.0004,0.02
T10939,Crystal Structures and Properties,129,153,24,0.0003,0.0003,0.01
T10042,Neural and Behavioral Psychology Studies,144,138,-6,0.0003,0.0003,-0.0
T10100,Metaheuristic Optimization Algorithms Research,95,187,92,0.0002,0.0004,0.02
T14030,Taxation and Legal Issues,88,194,106,0.0002,0.0004,0.02
T10538,Data Mining Algorithms and Applications,132,150,18,0.0003,0.0003,0.0
T12767,Conflict of Laws and Jurisdiction,97,185,88,0.0002,0.0004,0.02
T12114,Sensory Analysis and Statistical Methods,138,144,6,0.0003,0.0003,0.0
T10698,Transportation Planning and Optimization,114,168,54,0.0002,0.0004,0.01
T11618,Cholesterol and Lipid Metabolism,111,170,59,0.0002,0.0004,0.01
T10160,Seismic Performance and Analysis,84,197,113,0.0002,0.0004,0.02
T12510,Magneto-Optical Properties and Applications,197,84,-113,0.0004,0.0002,-0.02
T10753,Microplastics and Plastic Pollution,155,126,-29,0.0003,0.0003,-0.01
T10328,Supply Chain and Inventory Management,123,158,35,0.0003,0.0003,0.01
T12639,Global Energy and Sustainability Research,235,46,-189,0.0005,0.0001,-0.04
T13080,Advanced Differential Geometry Research,58,223,165,0.0001,0.0005,0.04
T10773,Extracellular vesicles in disease,127,154,27,0.0003,0.0003,0.01
T10579,Cognitive Radio Networks and Spectrum Sensing,113,167,54,0.0002,0.0004,0.01
T10300,Congenital Heart Disease Studies,118,162,44,0.0003,0.0004,0.01
T10270,Blockchain Technology Applications and Security,146,134,-12,0.0003,0.0003,-0.0
T10995,Methane Hydrates and Related Phenomena,218,62,-156,0.0005,0.0001,-0.03
T10115,Corporate Social Responsibility Reporting,105,175,70,0.0002,0.0004,0.02
T10665,Cystic Fibrosis Research Advances,137,143,6,0.0003,0.0003,0.0
T12094,Hemoglobin structure and function,175,105,-70,0.0004,0.0002,-0.02
T11583,Advanced Measurement and Metrology Techniques,138,142,4,0.0003,0.0003,0.0
T11578,Plant Pathogenic Bacteria Studies,133,146,13,0.0003,0.0003,0.0
T11280,Hemophilia Treatment and Research,126,153,27,0.0003,0.0003,0.01
T11628,Myeloproliferative Neoplasms: Diagnosis and Treatment,145,132,-13,0.0003,0.0003,-0.0
T10490,Orbital Angular Momentum in Optics,143,134,-9,0.0003,0.0003,-0.0
T10079,Nanoparticles: synthesis and applications,145,132,-13,0.0003,0.0003,-0.0
T10685,Viral-associated cancers and disorders,148,129,-19,0.0003,0.0003,-0.0
T10237,Cryptography and Data Security,120,157,37,0.0003,0.0003,0.01
T11533,Melanoma and MAPK Pathways,141,136,-5,0.0003,0.0003,-0.0
T13370,Diverse Scientific and Economic Studies,276,0,-276,0.0006,0.0,-0.06
T10462,Reinforcement Learning in Robotics,124,152,28,0.0003,0.0003,0.01
T11877,Iron oxide chemistry and applications,206,70,-136,0.0004,0.0002,-0.03
T10416,Traumatic Brain Injury Research,129,146,17,0.0003,0.0003,0.0
T10829,Interconnection Networks and Systems,175,99,-76,0.0004,0.0002,-0.02
T11829,Mathematical Biology Tumor Growth,139,135,-4,0.0003,0.0003,-0.0
T12893,Organic Chemistry Cycloaddition Reactions,122,152,30,0.0003,0.0003,0.01
T10333,Meat and Animal Product Quality,151,122,-29,0.0003,0.0003,-0.01
T11636,Artificial Intelligence in Healthcare and Education,109,164,55,0.0002,0.0004,0.01
T10856,Intellectual Property and Patents,120,152,32,0.0003,0.0003,0.01
T11515,Bacillus and Francisella bacterial research,166,105,-61,0.0004,0.0002,-0.01
T12031,Speech and dialogue systems,126,145,19,0.0003,0.0003,0.0
T11914,PARP inhibition in cancer therapy,160,111,-49,0.0003,0.0002,-0.01
T11298,Synthesis and Properties of Aromatic Compounds,145,125,-20,0.0003,0.0003,-0.0
T10611,Organic Light-Emitting Diodes Research,127,143,16,0.0003,0.0003,0.0
T11752,Cancer Treatment and Pharmacology,226,44,-182,0.0005,0.0001,-0.04
T11683,Quantum and Classical Electrodynamics,72,198,126,0.0002,0.0004,0.03
T10884,Holomorphic and Operator Theory,157,113,-44,0.0003,0.0002,-0.01
T10094,Epilepsy research and treatment,111,158,47,0.0002,0.0003,0.01
T10743,Software Testing and Debugging Techniques,134,135,1,0.0003,0.0003,0.0
T11788,Nonlinear Optical Materials Studies,167,101,-66,0.0004,0.0002,-0.01
T10748,Growth Hormone and Insulin-like Growth Factors,126,142,16,0.0003,0.0003,0.0
T11405,Geophysics and Gravity Measurements,210,58,-152,0.0005,0.0001,-0.03
T11445,Origins and Evolution of Life,137,131,-6,0.0003,0.0003,-0.0
T11078,Inflammasome and immune disorders,141,127,-14,0.0003,0.0003,-0.0
T10345,Hematopoietic Stem Cell Transplantation,66,201,135,0.0001,0.0004,0.03
T12617,"Energy, Environment, and Transportation Policies",142,124,-18,0.0003,0.0003,-0.0
T11098,Seed Germination and Physiology,112,154,42,0.0002,0.0003,0.01
T10480,Ionic liquids properties and applications,145,121,-24,0.0003,0.0003,-0.01
T10704,Advancements in Transdermal Drug Delivery,137,128,-9,0.0003,0.0003,-0.0
T11213,Genomic variations and chromosomal abnormalities,151,114,-37,0.0003,0.0002,-0.01
T11303,Bayesian Modeling and Causal Inference,150,114,-36,0.0003,0.0002,-0.01
T11346,Mast cells and histamine,135,129,-6,0.0003,0.0003,-0.0
T10943,Escherichia coli research studies,116,147,31,0.0003,0.0003,0.01
T10549,Neonatal Respiratory Health Research,162,101,-61,0.0004,0.0002,-0.01
T10450,Aquaculture Nutrition and Growth,159,104,-55,0.0003,0.0002,-0.01
T11495,Animal Virus Infections Studies,138,125,-13,0.0003,0.0003,-0.0
T12611,Neural Networks and Reservoir Computing,165,98,-67,0.0004,0.0002,-0.01
T10414,Cannabis and Cannabinoid Research,144,119,-25,0.0003,0.0003,-0.01
T10865,Shape Memory Alloy Transformations,117,146,29,0.0003,0.0003,0.01
T10419,Pharmaceutical and Antibiotic Environmental Impacts,137,125,-12,0.0003,0.0003,-0.0
T10535,Landslides and related hazards,150,112,-38,0.0003,0.0002,-0.01
T10747,Disaster Management and Resilience,76,186,110,0.0002,0.0004,0.02
T12072,Machine Learning and Algorithms,130,132,2,0.0003,0.0003,0.0
T10824,Image Retrieval and Classification Techniques,152,109,-43,0.0003,0.0002,-0.01
T12770,Amino Acid Enzymes and Metabolism,176,85,-91,0.0004,0.0002,-0.02
T10764,Privacy-Preserving Technologies in Data,107,154,47,0.0002,0.0003,0.01
T13296,Physical Education and Sports Studies,6,255,249,0.0,0.0006,0.05
T12399,Wine Industry and Tourism,146,114,-32,0.0003,0.0002,-0.01
T11269,Algorithms and Data Compression,141,119,-22,0.0003,0.0003,-0.0
T11274,Botulinum Toxin and Related Neurological Disorders,146,114,-32,0.0003,0.0002,-0.01
T11959,Employment and Welfare Studies,211,47,-164,0.0005,0.0001,-0.04
T11345,Cognitive and developmental aspects of mathematical skills,146,112,-34,0.0003,0.0002,-0.01
T12013,Sustainable Development and Environmental Policy,117,140,23,0.0003,0.0003,0.01
T14475,History of Science and Medicine,20,237,217,0.0,0.0005,0.05
T13438,Environmental Conservation and Management,152,105,-47,0.0003,0.0002,-0.01
T11626,Metalloenzymes and iron-sulfur proteins,126,131,5,0.0003,0.0003,0.0
T11667,Advanced Chemical Sensor Technologies,192,64,-128,0.0004,0.0001,-0.03
T11504,Advanced Authentication Protocols Security,138,118,-20,0.0003,0.0003,-0.0
T10618,Aortic Disease and Treatment Approaches,118,138,20,0.0003,0.0003,0.0
T12414,Coastal and Marine Management,104,152,48,0.0002,0.0003,0.01
T12475,Plant Parasitism and Resistance,151,105,-46,0.0003,0.0002,-0.01
T12267,Diet and metabolism studies,245,11,-234,0.0005,0.0,-0.05
T10102,scientometrics and bibliometrics research,81,175,94,0.0002,0.0004,0.02
T13710,European and International Law Studies,160,95,-65,0.0003,0.0002,-0.01
T10684,Acute Kidney Injury Research,107,148,41,0.0002,0.0003,0.01
T11209,Cardiovascular and exercise physiology,91,163,72,0.0002,0.0004,0.02
T11784,CO2 Reduction Techniques and Catalysts,142,112,-30,0.0003,0.0002,-0.01
T13552,Advanced Materials Characterization Techniques,191,63,-128,0.0004,0.0001,-0.03
T10691,Retinal Development and Disorders,122,131,9,0.0003,0.0003,0.0
T14199,Historical and Scientific Studies,239,14,-225,0.0005,0.0,-0.05
T11407,Innovative Microfluidic and Catalytic Techniques Innovation,162,91,-71,0.0004,0.0002,-0.02
T11738,Ultrasound in Clinical Applications,142,111,-31,0.0003,0.0002,-0.01
T12228,Coordination Chemistry and Organometallics,116,136,20,0.0003,0.0003,0.0
T11641,Insect and Pesticide Research,169,82,-87,0.0004,0.0002,-0.02
T10603,Smart Grid Energy Management,133,118,-15,0.0003,0.0003,-0.0
T10631,"Cancer, Hypoxia, and Metabolism",156,94,-62,0.0003,0.0002,-0.01
T11191,Mathematical functions and polynomials,87,162,75,0.0002,0.0004,0.02
T11409,Advanced Wireless Network Optimization,98,151,53,0.0002,0.0003,0.01
T10175,Advanced DC-DC Converters,90,159,69,0.0002,0.0003,0.02
T10161,Rock Mechanics and Modeling,143,105,-38,0.0003,0.0002,-0.01
T10671,Gastroesophageal reflux and treatments,142,106,-36,0.0003,0.0002,-0.01
T10221,Composite Structure Analysis and Optimization,139,109,-30,0.0003,0.0002,-0.01
T10957,Photodynamic Therapy Research Studies,110,138,28,0.0002,0.0003,0.01
T10501,Polymer Nanocomposites and Properties,157,90,-67,0.0003,0.0002,-0.01
T12763,ATP Synthase and ATPases Research,102,145,43,0.0002,0.0003,0.01
T11818,Nicotinic Acetylcholine Receptors Study,146,100,-46,0.0003,0.0002,-0.01
T10933,Real-Time Systems Scheduling,121,125,4,0.0003,0.0003,0.0
T12803,Cinema History and Criticism,11,235,224,0.0,0.0005,0.05
T10124,Prostate Cancer Diagnosis and Treatment,124,122,-2,0.0003,0.0003,-0.0
T11289,Single-cell and spatial transcriptomics,151,95,-56,0.0003,0.0002,-0.01
T10438,"Energy, Environment, Economic Growth",110,136,26,0.0002,0.0003,0.01
T10072,Science Education and Pedagogy,46,200,154,0.0001,0.0004,0.03
T11185,Integrated Energy Systems Optimization,105,140,35,0.0002,0.0003,0.01
T10569,Bariatric Surgery and Outcomes,109,136,27,0.0002,0.0003,0.01
T11474,Sport and Mega-Event Impacts,159,86,-73,0.0003,0.0002,-0.02
T10788,Neuroscience and Music Perception,114,131,17,0.0002,0.0003,0.0
T11727,Advanced Algebra and Logic,135,110,-25,0.0003,0.0002,-0.01
T10062,MicroRNA in disease regulation,141,104,-37,0.0003,0.0002,-0.01
T11597,"Neutrophil, Myeloperoxidase and Oxidative Mechanisms",140,104,-36,0.0003,0.0002,-0.01
T10783,Additive Manufacturing and 3D Printing Technologies,126,118,-8,0.0003,0.0003,-0.0
T11575,Nonlinear Photonic Systems,146,97,-49,0.0003,0.0002,-0.01
T10236,Aquatic Ecosystems and Phytoplankton Dynamics,117,126,9,0.0003,0.0003,0.0
T12524,Chemical Synthesis and Characterization,197,45,-152,0.0004,0.0001,-0.03
T10340,Hepatitis B Virus Studies,131,111,-20,0.0003,0.0002,-0.0
T11472,Analytical Chemistry and Sensors,191,51,-140,0.0004,0.0001,-0.03
T10537,Attention Deficit Hyperactivity Disorder,133,109,-24,0.0003,0.0002,-0.01
T10883,Ethics and Social Impacts of AI,79,163,84,0.0002,0.0004,0.02
T10873,Bacterial Infections and Vaccines,123,119,-4,0.0003,0.0003,-0.0
T10950,Acute Lymphoblastic Leukemia research,116,125,9,0.0003,0.0003,0.0
T13124,Chemical synthesis and alkaloids,206,35,-171,0.0004,0.0001,-0.04
T11364,Cholangiocarcinoma and Gallbladder Cancer Studies,122,119,-3,0.0003,0.0003,-0.0
T10343,"Hydrogels: synthesis, properties, applications",100,141,41,0.0002,0.0003,0.01
T12809,Contact Mechanics and Variational Inequalities,106,134,28,0.0002,0.0003,0.01
T12400,Neurogenetic and Muscular Disorders Research,148,91,-57,0.0003,0.0002,-0.01
T10838,Animal Behavior and Welfare Studies,113,125,12,0.0002,0.0003,0.0
T11851,Electromagnetic Compatibility and Measurements,129,109,-20,0.0003,0.0002,-0.0
T10403,Phonetics and Phonology Research,93,145,52,0.0002,0.0003,0.01
T10805,Vehicle Dynamics and Control Systems,116,122,6,0.0003,0.0003,0.0
T11151,Advanced Topology and Set Theory,133,105,-28,0.0003,0.0002,-0.01
T11208,Lignin and Wood Chemistry,100,138,38,0.0002,0.0003,0.01
T12592,Opinion Dynamics and Social Influence,157,81,-76,0.0003,0.0002,-0.02
T11190,3D Printing in Biomedical Research,158,80,-78,0.0003,0.0002,-0.02
T11882,Plant biochemistry and biosynthesis,138,100,-38,0.0003,0.0002,-0.01
T11119,Urban Stormwater Management Solutions,90,147,57,0.0002,0.0003,0.01
T13495,Biographical and Historical Analysis,0,237,237,0.0,0.0005,0.05
T12692,Magnetic Field Sensors Techniques,121,116,-5,0.0003,0.0003,-0.0
T10510,Stroke Rehabilitation and Recovery,118,119,1,0.0003,0.0003,0.0
T11770,Fiscal Policy and Economic Growth,206,30,-176,0.0004,0.0001,-0.04
T13297,History and advancements in chemistry,201,35,-166,0.0004,0.0001,-0.04
T11900,Fungal Plant Pathogen Control,102,134,32,0.0002,0.0003,0.01
T10914,Tactile and Sensory Interactions,133,102,-31,0.0003,0.0002,-0.01
T12226,Neuroblastoma Research and Treatments,138,97,-41,0.0003,0.0002,-0.01
T10766,Urban Heat Island Mitigation,136,99,-37,0.0003,0.0002,-0.01
T11609,Geophysical Methods and Applications,156,79,-77,0.0003,0.0002,-0.02
T12559,French Literature and Critical Theory,34,201,167,0.0001,0.0004,0.04
T10904,Embedded Systems Design Techniques,110,124,14,0.0002,0.0003,0.0
T10650,Food Drying and Modeling,63,171,108,0.0001,0.0004,0.02
T11699,High-Velocity Impact and Material Behavior,120,114,-6,0.0003,0.0002,-0.0
T11254,Fluid Dynamics and Vibration Analysis,126,107,-19,0.0003,0.0002,-0.0
T10232,Optical Network Technologies,149,83,-66,0.0003,0.0002,-0.01
T11642,Genomics and Rare Diseases,110,122,12,0.0002,0.0003,0.0
T12093,Greenhouse Technology and Climate Control,141,91,-50,0.0003,0.0002,-0.01
T10545,Optimization and Variational Analysis,88,144,56,0.0002,0.0003,0.01
T11385,Natural product bioactivities and synthesis,124,107,-17,0.0003,0.0002,-0.0
T10789,Interactive and Immersive Displays,77,154,77,0.0002,0.0003,0.02
T10981,Cytomegalovirus and herpesvirus research,131,100,-31,0.0003,0.0002,-0.01
T12851,Firm Innovation and Growth,129,102,-27,0.0003,0.0002,-0.01
T12505,Peptidase Inhibition and Analysis,206,25,-181,0.0004,0.0001,-0.04
T10711,Target Tracking and Data Fusion in Sensor Networks,105,125,20,0.0002,0.0003,0.0
T10831,Cell Adhesion Molecules Research,138,92,-46,0.0003,0.0002,-0.01
T11130,Coding theory and cryptography,149,80,-69,0.0003,0.0002,-0.02
T10874,Electromagnetic Fields and Biological Effects,89,140,51,0.0002,0.0003,0.01
T11689,Adversarial Robustness in Machine Learning,117,112,-5,0.0003,0.0002,-0.0
T11041,Ubiquitin and proteasome pathways,142,87,-55,0.0003,0.0002,-0.01
T11569,Optical Coherence Tomography Applications,122,107,-15,0.0003,0.0002,-0.0
T10890,Trypanosoma species research and implications,113,115,2,0.0002,0.0003,0.0
T10637,Advanced Clustering Algorithms Research,76,152,76,0.0002,0.0003,0.02
T11871,Advanced Statistical Methods and Models,129,99,-30,0.0003,0.0002,-0.01
T10524,Traffic control and management,114,114,0,0.0002,0.0002,0.0
T10213,Public Policy and Administration Research,12,216,204,0.0,0.0005,0.04
T11100,Intermetallics and Advanced Alloy Properties,129,99,-30,0.0003,0.0002,-0.01
T11026,Occupational and environmental lung diseases,106,121,15,0.0002,0.0003,0.0
T10504,Sensorless Control of Electric Motors,86,140,54,0.0002,0.0003,0.01
T11005,Radiation Effects in Electronics,97,129,32,0.0002,0.0003,0.01
T10848,Advanced Multi-Objective Optimization Algorithms,141,85,-56,0.0003,0.0002,-0.01
T10415,International Business and FDI,80,146,66,0.0002,0.0003,0.01
T10177,Palliative Care and End-of-Life Issues,90,136,46,0.0002,0.0003,0.01
T10178,Cancer survivorship and care,103,122,19,0.0002,0.0003,0.0
T11656,Turtle Biology and Conservation,114,111,-3,0.0002,0.0002,-0.0
T14395,African history and culture studies,134,90,-44,0.0003,0.0002,-0.01
T10316,Sleep and related disorders,106,118,12,0.0002,0.0003,0.0
T10977,Optical Imaging and Spectroscopy Techniques,75,149,74,0.0002,0.0003,0.02
T13088,Legal and Labor Studies,81,143,62,0.0002,0.0003,0.01
T10960,Hypothalamic control of reproductive hormones,96,127,31,0.0002,0.0003,0.01
T10281,Advanced Battery Materials and Technologies,107,116,9,0.0002,0.0003,0.0
T10625,Herpesvirus Infections and Treatments,133,90,-43,0.0003,0.0002,-0.01
T12467,Rangeland Management and Livestock Ecology,133,90,-43,0.0003,0.0002,-0.01
T10814,Neuropeptides and Animal Physiology,130,92,-38,0.0003,0.0002,-0.01
T11881,Crystallization and Solubility Studies,93,129,36,0.0002,0.0003,0.01
T10714,Software-Defined Networks and 5G,103,119,16,0.0002,0.0003,0.0
T12806,Ocean Acidification Effects and Responses,131,91,-40,0.0003,0.0002,-0.01
T10446,"Income, Poverty, and Inequality",76,146,70,0.0002,0.0003,0.02
T10554,Hemoglobinopathies and Related Disorders,113,109,-4,0.0002,0.0002,-0.0
T10797,Accounting and Organizational Management,121,100,-21,0.0003,0.0002,-0.0
T13253,Chemical Reactions and Mechanisms,39,182,143,0.0001,0.0004,0.03
T13234,advanced mathematical theories,187,34,-153,0.0004,0.0001,-0.03
T10897,Antibiotic Use and Resistance,92,129,37,0.0002,0.0003,0.01
T10754,Neuroendocrine Tumor Research Advances,124,97,-27,0.0003,0.0002,-0.01
T11662,Legal Cases and Commentary,9,212,203,0.0,0.0005,0.04
T10235,Health disparities and outcomes,121,99,-22,0.0003,0.0002,-0.0
T11091,Extraction and Separation Processes,136,84,-52,0.0003,0.0002,-0.01
T10212,Electrochemical sensors and biosensors,71,148,77,0.0002,0.0003,0.02
T12091,Peatlands and Wetlands Ecology,105,114,9,0.0002,0.0002,0.0
T10586,Robotic Path Planning Algorithms,132,87,-45,0.0003,0.0002,-0.01
T12729,Tree Root and Stability Studies,156,63,-93,0.0003,0.0001,-0.02
T14160,Water management and technologies,162,56,-106,0.0004,0.0001,-0.02
T10606,Kidney Stones and Urolithiasis Treatments,105,113,8,0.0002,0.0002,0.0
T13188,Synthesis and bioactivity of alkaloids,63,155,92,0.0001,0.0003,0.02
T12083,Karst Systems and Hydrogeology,99,119,20,0.0002,0.0003,0.0
T10849,Finite Group Theory Research,91,127,36,0.0002,0.0003,0.01
T10250,Glaucoma and retinal disorders,120,97,-23,0.0003,0.0002,-0.01
T10496,Pharmaceutical Practices and Patient Outcomes,96,121,25,0.0002,0.0003,0.01
T10752,Terahertz technology and applications,115,102,-13,0.0003,0.0002,-0.0
T11545,Advanced Banach Space Theory,89,128,39,0.0002,0.0003,0.01
T11141,Childhood Cancer Survivors' Quality of Life,147,70,-77,0.0003,0.0002,-0.02
T10101,Cloud Computing and Resource Management,100,117,17,0.0002,0.0003,0.0
T10645,Cardiac Arrest and Resuscitation,117,100,-17,0.0003,0.0002,-0.0
T11311,Soil and Water Nutrient Dynamics,108,109,1,0.0002,0.0002,0.0
T12252,Mechanical stress and fatigue analysis,125,91,-34,0.0003,0.0002,-0.01
T11410,Cultural Industries and Urban Development,121,95,-26,0.0003,0.0002,-0.01
T10577,Hydrology and Sediment Transport Processes,94,122,28,0.0002,0.0003,0.01
T11441,Organoboron and organosilicon chemistry,108,108,0,0.0002,0.0002,0.0
T11925,Culinary Culture and Tourism,126,90,-36,0.0003,0.0002,-0.01
T10223,Microgrid Control and Optimization,130,86,-44,0.0003,0.0002,-0.01
T11182,Auction Theory and Applications,136,80,-56,0.0003,0.0002,-0.01
T12236,Photoreceptor and optogenetics research,171,45,-126,0.0004,0.0001,-0.03
T10616,Smart Agriculture and AI,67,148,81,0.0001,0.0003,0.02
T13162,African Studies and Ethnography,165,49,-116,0.0004,0.0001,-0.03
T11412,Genetic and Kidney Cyst Diseases,87,127,40,0.0002,0.0003,0.01
T10150,Antifungal resistance and susceptibility,118,96,-22,0.0003,0.0002,-0.0
T12106,Surface Treatment and Residual Stress,95,119,24,0.0002,0.0003,0.01
T11186,Hydrology and Drought Analysis,130,84,-46,0.0003,0.0002,-0.01
T10822,Acoustic Wave Phenomena Research,118,96,-22,0.0003,0.0002,-0.0
T12685,Phytochemical compounds biological activities,107,107,0,0.0002,0.0002,0.0
T13096,Family and Matrimonial Law,8,205,197,0.0,0.0004,0.04
T10197,Membrane Separation Technologies,76,137,61,0.0002,0.0003,0.01
T11746,Inorganic and Organometallic Chemistry,74,139,65,0.0002,0.0003,0.01
T13028,Literature and Culture Studies,183,30,-153,0.0004,0.0001,-0.03
T11330,Systemic Sclerosis and Related Diseases,124,88,-36,0.0003,0.0002,-0.01
T10108,Electoral Systems and Political Participation,44,168,124,0.0001,0.0004,0.03
T10323,Analog and Mixed-Signal Circuit Design,84,128,44,0.0002,0.0003,0.01
T11244,Climate Change and Health Impacts,134,78,-56,0.0003,0.0002,-0.01
T12026,Explainable Artificial Intelligence (XAI),88,124,36,0.0002,0.0003,0.01
T14047,Marine and environmental studies,125,87,-38,0.0003,0.0002,-0.01
T12134,Insect symbiosis and bacterial influences,140,71,-69,0.0003,0.0002,-0.02
T11106,Data Management and Algorithms,163,48,-115,0.0004,0.0001,-0.03
T10313,Surface Modification and Superhydrophobicity,132,79,-53,0.0003,0.0002,-0.01
T10308,Systemic Lupus Erythematosus Research,108,103,-5,0.0002,0.0002,-0.0
T12929,Animal Genetics and Reproduction,132,78,-54,0.0003,0.0002,-0.01
T11081,Advanced Control Systems Design,38,172,134,0.0001,0.0004,0.03
T12858,Plant Disease Resistance and Genetics,102,108,6,0.0002,0.0002,0.0
T14062,Migration and Exile Studies,102,107,5,0.0002,0.0002,0.0
T10234,Obstructive Sleep Apnea Research,103,106,3,0.0002,0.0002,0.0
T11491,CAR-T cell therapy research,149,60,-89,0.0003,0.0001,-0.02
T11313,Immune cells in cancer,113,96,-17,0.0002,0.0002,-0.0
T10647,Coastal and Marine Dynamics,66,143,77,0.0001,0.0003,0.02
T12895,Environmental law and policy,44,164,120,0.0001,0.0004,0.03
T10461,Gas Sensing Nanomaterials and Sensors,115,93,-22,0.0003,0.0002,-0.0
T10456,Multi-Agent Systems and Negotiation,94,114,20,0.0002,0.0002,0.0
T11926,Subterranean biodiversity and taxonomy,126,82,-44,0.0003,0.0002,-0.01
T13621,Ancient and Medieval Archaeology Studies,104,103,-1,0.0002,0.0002,-0.0
T10994,"Terrorism, Counterterrorism, and Political Violence",33,174,141,0.0001,0.0004,0.03
T11996,Random lasers and scattering media,87,120,33,0.0002,0.0003,0.01
T11457,Adipose Tissue and Metabolism,168,39,-129,0.0004,0.0001,-0.03
T11850,Concrete Corrosion and Durability,84,123,39,0.0002,0.0003,0.01
T14115,Legal processes and jurisprudence,12,194,182,0.0,0.0004,0.04
T12501,Digital Economy and Work Transformation,147,59,-88,0.0003,0.0001,-0.02
T12098,Rural development and sustainability,76,130,54,0.0002,0.0003,0.01
T10851,Optical Wireless Communication Technologies,92,114,22,0.0002,0.0002,0.0
T10694,Menopause: Health Impacts and Treatments,94,112,18,0.0002,0.0002,0.0
T13622,Historical and Environmental Studies,114,92,-22,0.0002,0.0002,-0.0
T10942,"Sports, Gender, and Society",108,97,-11,0.0002,0.0002,-0.0
T11007,Hybrid Renewable Energy Systems,103,102,-1,0.0002,0.0002,-0.0
T12579,Muon and positron interactions and applications,130,74,-56,0.0003,0.0002,-0.01
T13315,Occupational Health and Safety in Workplaces,4,200,196,0.0,0.0004,0.04
T10027,"Diabetes, Cardiovascular Risks, and Lipoproteins",118,86,-32,0.0003,0.0002,-0.01
T11115,Topology Optimization in Engineering,110,94,-16,0.0002,0.0002,-0.0
T12629,Island Studies and Pacific Affairs,117,86,-31,0.0003,0.0002,-0.01
T10121,Building Energy and Comfort Optimization,82,121,39,0.0002,0.0003,0.01
T14232,Water Resource Management and Quality,10,193,183,0.0,0.0004,0.04
T11478,Caching and Content Delivery,107,96,-11,0.0002,0.0002,-0.0
T11268,Light effects on plants,118,85,-33,0.0003,0.0002,-0.01
T10567,Vehicle Routing Optimization Methods,102,101,-1,0.0002,0.0002,-0.0
T10560,Diabetes Management and Research,100,103,3,0.0002,0.0002,0.0
T12814,Gaussian Processes and Bayesian Inference,92,111,19,0.0002,0.0002,0.0
T12288,Optimization and Search Problems,131,71,-60,0.0003,0.0002,-0.01
T13400,Mathematical and Theoretical Analysis,58,144,86,0.0001,0.0003,0.02
T10880,Environmental Sustainability in Business,89,113,24,0.0002,0.0002,0.01
T12009,Hedgehog Signaling Pathway Studies,128,74,-54,0.0003,0.0002,-0.01
T10867,Intensive Care Unit Cognitive Disorders,126,76,-50,0.0003,0.0002,-0.01
T10206,Meta-analysis and systematic reviews,73,129,56,0.0002,0.0003,0.01
T10800,Forensic Toxicology and Drug Analysis,76,125,49,0.0002,0.0003,0.01
T10436,Anesthesia and Sedative Agents,73,128,55,0.0002,0.0003,0.01
T11144,melanin and skin pigmentation,115,86,-29,0.0003,0.0002,-0.01
T12275,Gender and Feminist Studies,3,198,195,0.0,0.0004,0.04
T10541,Nonlinear Differential Equations Analysis,74,127,53,0.0002,0.0003,0.01
T14149,Historical and Literary Analyses,199,2,-197,0.0004,0.0,-0.04
T12589,Differential Equations and Boundary Problems,61,140,79,0.0001,0.0003,0.02
T12852,Chemical Thermodynamics and Molecular Structure,142,58,-84,0.0003,0.0001,-0.02
T10572,Geophysical and Geoelectrical Methods,103,97,-6,0.0002,0.0002,-0.0
T11237,Plant Gene Expression Analysis,128,72,-56,0.0003,0.0002,-0.01
T10627,Advanced Image and Video Retrieval Techniques,112,87,-25,0.0002,0.0002,-0.01
T11175,Gyrotron and Vacuum Electronics Research,134,65,-69,0.0003,0.0001,-0.02
T11987,COVID-19 Impact on Reproduction,122,77,-45,0.0003,0.0002,-0.01
T11337,Tryptophan and brain disorders,136,63,-73,0.0003,0.0001,-0.02
T12057,Consumer Attitudes and Food Labeling,90,109,19,0.0002,0.0002,0.0
T10755,HER2/EGFR in Cancer Research,122,77,-45,0.0003,0.0002,-0.01
T12077,Vacuum and Plasma Arcs,81,118,37,0.0002,0.0003,0.01
T11909,Histiocytic Disorders and Treatments,97,102,5,0.0002,0.0002,0.0
T10394,Lipoproteins and Cardiovascular Health,100,98,-2,0.0002,0.0002,-0.0
T10390,Ovarian function and disorders,103,95,-8,0.0002,0.0002,-0.0
T11157,Chronic Lymphocytic Leukemia Research,126,72,-54,0.0003,0.0002,-0.01
T11666,Color Science and Applications,90,108,18,0.0002,0.0002,0.0
T10468,Photovoltaic System Optimization Techniques,98,100,2,0.0002,0.0002,0.0
T12535,Machine Learning and Data Classification,101,97,-4,0.0002,0.0002,-0.0
T14128,Metallurgical and Alloy Processes,74,124,50,0.0002,0.0003,0.01
T12336,Insect Utilization and Effects,122,76,-46,0.0003,0.0002,-0.01
T11913,Animal Ecology and Behavior Studies,124,74,-50,0.0003,0.0002,-0.01
T11369,Genetic factors in colorectal cancer,127,71,-56,0.0003,0.0002,-0.01
T11651,Inhalation and Respiratory Drug Delivery,121,77,-44,0.0003,0.0002,-0.01
T10862,AI in cancer detection,92,106,14,0.0002,0.0002,0.0
T10144,Blood Pressure and Hypertension Studies,96,101,5,0.0002,0.0002,0.0
T12509,Corporate Insolvency and Governance,64,133,69,0.0001,0.0003,0.02
T13897,Historical Economic and Legal Thought,36,161,125,0.0001,0.0004,0.03
T10719,3D Shape Modeling and Analysis,88,109,21,0.0002,0.0002,0.0
T10444,Context-Aware Activity Recognition Systems,86,111,25,0.0002,0.0002,0.01
T11846,Cultural Heritage Management and Preservation,43,154,111,0.0001,0.0003,0.02
T12670,"Urbanism, Landscape, and Tourism Studies",29,168,139,0.0001,0.0004,0.03
T13364,"Digitalization, Law, and Regulation",16,181,165,0.0,0.0004,0.04
T11992,CCD and CMOS Imaging Sensors,132,64,-68,0.0003,0.0001,-0.01
T11687,Teleoperation and Haptic Systems,75,121,46,0.0002,0.0003,0.01
T10663,Advanced Battery Technologies Research,120,76,-44,0.0003,0.0002,-0.01
T11368,Long-Term Effects of COVID-19,119,77,-42,0.0003,0.0002,-0.01
T10749,International Law and Human Rights,66,129,63,0.0001,0.0003,0.01
T10511,High voltage insulation and dielectric phenomena,98,97,-1,0.0002,0.0002,-0.0
T10952,PI3K/AKT/mTOR signaling in cancer,103,92,-11,0.0002,0.0002,-0.0
T11383,Advanced Antenna and Metasurface Technologies,94,101,7,0.0002,0.0002,0.0
T11290,Preterm Birth and Chorioamnionitis,107,88,-19,0.0002,0.0002,-0.0
T10639,Advanced Software Engineering Methodologies,98,96,-2,0.0002,0.0002,-0.0
T10080,Energy Efficient Wireless Sensor Networks,88,105,17,0.0002,0.0002,0.0
T11234,Precipitation Measurement and Analysis,86,107,21,0.0002,0.0002,0.0
T10934,Heat shock proteins research,103,90,-13,0.0002,0.0002,-0.0
T10486,Salmonella and Campylobacter epidemiology,90,103,13,0.0002,0.0002,0.0
T10784,Muscle activation and electromyography studies,109,83,-26,0.0002,0.0002,-0.01
T10433,Carcinogens and Genotoxicity Assessment,109,83,-26,0.0002,0.0002,-0.01
T11674,Sports Analytics and Performance,106,86,-20,0.0002,0.0002,-0.0
T11271,Myasthenia Gravis and Thymoma,100,92,-8,0.0002,0.0002,-0.0
T10963,Advanced Optimization Algorithms Research,80,112,32,0.0002,0.0002,0.01
T12205,Time Series Analysis and Forecasting,113,79,-34,0.0002,0.0002,-0.01
T10879,Robotic Locomotion and Control,103,89,-14,0.0002,0.0002,-0.0
T10420,Intracranial Aneurysms: Treatment and Complications,96,95,-1,0.0002,0.0002,-0.0
T10146,Cervical Cancer and HPV Research,97,94,-3,0.0002,0.0002,-0.0
T11273,Advanced Graph Neural Networks,105,86,-19,0.0002,0.0002,-0.0
T10520,Mycotoxins in Agriculture and Food,107,84,-23,0.0002,0.0002,-0.01
T14404,European Socioeconomic and Political Studies,182,9,-173,0.0004,0.0,-0.04
T10653,Robot Manipulation and Learning,105,86,-19,0.0002,0.0002,-0.0
T10422,Angiogenesis and VEGF in Cancer,94,97,3,0.0002,0.0002,0.0
T10452,Iron Metabolism and Disorders,97,94,-3,0.0002,0.0002,-0.0
T10233,Geotechnical Engineering and Soil Mechanics,70,121,51,0.0002,0.0003,0.01
T10399,Hydrocarbon exploration and reservoir analysis,127,63,-64,0.0003,0.0001,-0.01
T10850,Heat Transfer and Boiling Studies,91,99,8,0.0002,0.0002,0.0
T11560,Animal Disease Management and Epidemiology,102,88,-14,0.0002,0.0002,-0.0
T10648,Virtual Reality Applications and Impacts,98,92,-6,0.0002,0.0002,-0.0
T10180,Analytical chemistry methods development,64,126,62,0.0001,0.0003,0.01
T11230,Innovative Energy Harvesting Technologies,100,90,-10,0.0002,0.0002,-0.0
T11033,Contact Dermatitis and Allergies,56,134,78,0.0001,0.0003,0.02
T11389,Maternal and fetal healthcare,101,88,-13,0.0002,0.0002,-0.0
T10757,Geographic Information Systems Studies,105,84,-21,0.0002,0.0002,-0.0
T14166,European Monetary and Fiscal Policies,64,125,61,0.0001,0.0003,0.01
T10775,Generative Adversarial Networks and Image Synthesis,117,72,-45,0.0003,0.0002,-0.01
T11898,Economics of Agriculture and Food Markets,42,147,105,0.0001,0.0003,0.02
T10556,Global Cancer Incidence and Screening,95,93,-2,0.0002,0.0002,-0.0
T10279,Urinary Bladder and Prostate Research,80,108,28,0.0002,0.0002,0.01
T10428,Reproductive tract infections research,111,77,-34,0.0002,0.0002,-0.01
T10298,Urban Transport and Accessibility,118,70,-48,0.0003,0.0002,-0.01
T12421,Adrenal Hormones and Disorders,92,95,3,0.0002,0.0002,0.0
T10400,Network Security and Intrusion Detection,94,93,-1,0.0002,0.0002,-0.0
T11601,Neuroscience and Neural Engineering,112,75,-37,0.0002,0.0002,-0.01
T11075,Insect Resistance and Genetics,143,43,-100,0.0003,0.0001,-0.02
T10881,Blood Coagulation and Thrombosis Mechanisms,88,98,10,0.0002,0.0002,0.0
T10225,Essential Oils and Antimicrobial Activity,85,101,16,0.0002,0.0002,0.0
T11532,Chemokine receptors and signaling,97,89,-8,0.0002,0.0002,-0.0
T10727,Ultrasound Imaging and Elastography,65,121,56,0.0001,0.0003,0.01
T11517,Advanced optical system design,52,134,82,0.0001,0.0003,0.02
T12167,Bacterial Identification and Susceptibility Testing,88,97,9,0.0002,0.0002,0.0
T10900,Listeria monocytogenes in Food Safety,113,72,-41,0.0002,0.0002,-0.01
T12208,Occupational exposure and asthma,90,95,5,0.0002,0.0002,0.0
T10667,Emotion and Mood Recognition,72,113,41,0.0002,0.0002,0.01
T12766,Interdisciplinary Research and Collaboration,33,152,119,0.0001,0.0003,0.03
T13276,University-Industry-Government Innovation Models,51,133,82,0.0001,0.0003,0.02
T11552,"Global trade, sustainability, and social impact",92,92,0,0.0002,0.0002,0.0
T11838,"Crime, Illicit Activities, and Governance",65,119,54,0.0001,0.0003,0.01
T11617,Enzyme Production and Characterization,106,78,-28,0.0002,0.0002,-0.01
T10293,Thyroid Disorders and Treatments,77,107,30,0.0002,0.0002,0.01
T11500,Evacuation and Crowd Dynamics,89,94,5,0.0002,0.0002,0.0
T13667,French Literature and Criticism,40,143,103,0.0001,0.0003,0.02
T11056,Physiological and biochemical adaptations,88,95,7,0.0002,0.0002,0.0
T11593,Carbon dioxide utilization in catalysis,117,66,-51,0.0003,0.0001,-0.01
T10676,"Genetics, Aging, and Longevity in Model Organisms",94,89,-5,0.0002,0.0002,-0.0
T11799,"Adhesion, Friction, and Surface Interactions",112,71,-41,0.0002,0.0002,-0.01
T11573,Risk Perception and Management,67,116,49,0.0001,0.0003,0.01
T11105,Advanced Image Processing Techniques,84,99,15,0.0002,0.0002,0.0
T10243,Statistical Methods and Bayesian Inference,63,120,57,0.0001,0.0003,0.01
T10966,Liver physiology and pathology,89,93,4,0.0002,0.0002,0.0
T11150,Endoplasmic Reticulum Stress and Disease,112,70,-42,0.0002,0.0002,-0.01
T10761,Vehicular Ad Hoc Networks (VANETs),83,99,16,0.0002,0.0002,0.0
T11013,Skin Protection and Aging,92,90,-2,0.0002,0.0002,-0.0
T11394,Dynamics and Control of Mechanical Systems,93,89,-4,0.0002,0.0002,-0.0
T10546,Higher Education Governance and Development,76,106,30,0.0002,0.0002,0.01
T12129,Global Energy Security and Policy,93,89,-4,0.0002,0.0002,-0.0
T11023,Prosthetics and Rehabilitation Robotics,78,104,26,0.0002,0.0002,0.01
T10985,Sleep and Wakefulness Research,103,78,-25,0.0002,0.0002,-0.01
T10707,Cellular and Composite Structures,84,97,13,0.0002,0.0002,0.0
T13013,Free Radicals and Antioxidants,102,79,-23,0.0002,0.0002,-0.01
T11810,Complex Systems and Decision Making,132,49,-83,0.0003,0.0001,-0.02
T10528,"Adipokines, Inflammation, and Metabolic Diseases",93,88,-5,0.0002,0.0002,-0.0
T11933,Mining and Resource Management,89,92,3,0.0002,0.0002,0.0
T10670,Aluminum Alloy Microstructure Properties,113,68,-45,0.0002,0.0001,-0.01
T10246,Mobile Ad Hoc Networks,88,93,5,0.0002,0.0002,0.0
T13160,Synthesis and Biological Evaluation,154,27,-127,0.0003,0.0001,-0.03
T10296,Vector-borne infectious diseases,85,95,10,0.0002,0.0002,0.0
T11807,Infrastructure Resilience and Vulnerability Analysis,78,102,24,0.0002,0.0002,0.01
T11126,Metallurgical Processes and Thermodynamics,112,68,-44,0.0002,0.0001,-0.01
T12636,Regional Development and Innovation,61,119,58,0.0001,0.0003,0.01
T11890,Scientific Measurement and Uncertainty Evaluation,98,82,-16,0.0002,0.0002,-0.0
T13146,Sustainable Finance and Green Bonds,49,131,82,0.0001,0.0003,0.02
T10273,IoT and Edge/Fog Computing,80,98,18,0.0002,0.0002,0.0
T10352,Physical Activity and Health,71,107,36,0.0002,0.0002,0.01
T11309,Music and Audio Processing,94,84,-10,0.0002,0.0002,-0.0
T11946,Antenna Design and Optimization,104,74,-30,0.0002,0.0002,-0.01
T13810,Legal Systems and Institutions,167,10,-157,0.0004,0.0,-0.03
T10035,Phytochemicals and Antioxidant Activities,87,90,3,0.0002,0.0002,0.0
T10499,Folate and B Vitamins Research,102,75,-27,0.0002,0.0002,-0.01
T10103,Reading and Literacy Development,66,111,45,0.0001,0.0002,0.01
T12624,Maritime and Coastal Archaeology,143,34,-109,0.0003,0.0001,-0.02
T12310,Crop Yield and Soil Fertility,100,77,-23,0.0002,0.0002,-0.01
T10709,Social Robot Interaction and HRI,62,115,53,0.0001,0.0003,0.01
T10863,Voice and Speech Disorders,90,87,-3,0.0002,0.0002,-0.0
T11113,Music History and Culture,31,146,115,0.0001,0.0003,0.03
T11116,"Trauma, Hemostasis, Coagulopathy, Resuscitation",104,73,-31,0.0002,0.0002,-0.01
T11496,Credit Risk and Financial Regulations,125,51,-74,0.0003,0.0001,-0.02
T10019,Corporate Finance and Governance,71,105,34,0.0002,0.0002,0.01
T11193,Adenosine and Purinergic Signaling,97,79,-18,0.0002,0.0002,-0.0
T11103,Antimicrobial Peptides and Activities,100,76,-24,0.0002,0.0002,-0.01
T14021,Medieval European Literature and History,157,19,-138,0.0003,0.0,-0.03
T11720,Probability and Risk Models,85,91,6,0.0002,0.0002,0.0
T10839,Pancreatic function and diabetes,111,65,-46,0.0002,0.0001,-0.01
T10762,"Migration, Health and Trauma",93,83,-10,0.0002,0.0002,-0.0
T13453,Alkaline Phosphatase Research Studies,97,79,-18,0.0002,0.0002,-0.0
T10875,Pesticide Exposure and Toxicity,82,94,12,0.0002,0.0002,0.0
T13102,Soil and Environmental Studies,10,166,156,0.0,0.0004,0.03
T13049,Surface Roughness and Optical Measurements,93,83,-10,0.0002,0.0002,-0.0
T10778,Philosophy and History of Science,61,115,54,0.0001,0.0003,0.01
T13736,Steroid Chemistry and Biochemistry,55,120,65,0.0001,0.0003,0.01
T13240,Bioeconomy and Sustainability Development,82,93,11,0.0002,0.0002,0.0
T11956,Sexual Differentiation and Disorders,83,92,9,0.0002,0.0002,0.0
T11685,Zebrafish Biomedical Research Applications,113,62,-51,0.0002,0.0001,-0.01
T11513,stochastic dynamics and bifurcation,126,49,-77,0.0003,0.0001,-0.02
T12115,Genetic and Environmental Crop Studies,100,74,-26,0.0002,0.0002,-0.01
T10357,Efficiency Analysis Using DEA,72,102,30,0.0002,0.0002,0.01
T12853,Historical Geography and Geographical Thought,48,126,78,0.0001,0.0003,0.02
T10397,Nutrition and Health in Aging,113,61,-52,0.0002,0.0001,-0.01
T13458,Astronomical and nuclear sciences,74,100,26,0.0002,0.0002,0.01
T10679,Service-Oriented Architecture and Web Services,115,59,-56,0.0003,0.0001,-0.01
T11360,Flame retardant materials and properties,86,87,1,0.0002,0.0002,0.0
T10703,Business Process Modeling and Analysis,97,76,-21,0.0002,0.0002,-0.0
T12231,Contemporary Sociological Theory and Practice,27,146,119,0.0001,0.0003,0.03
T10787,Lightning and Electromagnetic Phenomena,105,68,-37,0.0002,0.0001,-0.01
T10697,Vasculitis and related conditions,77,96,19,0.0002,0.0002,0.0
T10915,Trace Elements in Health,125,47,-78,0.0003,0.0001,-0.02
T10595,Medieval Literature and History,37,135,98,0.0001,0.0003,0.02
T11789,Land Rights and Reforms,59,113,54,0.0001,0.0002,0.01
T12324,History of Medicine Studies,53,119,66,0.0001,0.0003,0.01
T12349,Food Chemistry and Fat Analysis,92,80,-12,0.0002,0.0002,-0.0
T11437,Digital Platforms and Economics,104,68,-36,0.0002,0.0001,-0.01
T10069,Antenna Design and Analysis,79,93,14,0.0002,0.0002,0.0
T10855,Amyotrophic Lateral Sclerosis Research,85,87,2,0.0002,0.0002,0.0
T10288,Fractional Differential Equations Solutions,81,90,9,0.0002,0.0002,0.0
T11839,Hormonal Regulation and Hypertension,107,64,-43,0.0002,0.0001,-0.01
T11607,Microwave and Dielectric Measurement Techniques,61,110,49,0.0001,0.0002,0.01
T10203,Recommender Systems and Techniques,63,108,45,0.0001,0.0002,0.01
T11897,Digital Holography and Microscopy,87,84,-3,0.0002,0.0002,-0.0
T10230,Marine and fisheries research,79,92,13,0.0002,0.0002,0.0
T10010,"Obesity, Physical Activity, Diet",92,79,-13,0.0002,0.0002,-0.0
T11920,Pulsed Power Technology Applications,36,134,98,0.0001,0.0003,0.02
T10220,Machine Fault Diagnosis Techniques,76,94,18,0.0002,0.0002,0.0
T12829,Advanced Breast Cancer Therapies,89,81,-8,0.0002,0.0002,-0.0
T11255,Microfluidic and Bio-sensing Technologies,108,62,-46,0.0002,0.0001,-0.01
T11371,Wind and Air Flow Studies,98,72,-26,0.0002,0.0002,-0.01
T13650,Computational Physics and Python Applications,140,30,-110,0.0003,0.0001,-0.02
T12383,Aeolian processes and effects,142,28,-114,0.0003,0.0001,-0.02
T12973,Synthesis of Indole Derivatives,35,135,100,0.0001,0.0003,0.02
T11052,Energy Load and Power Forecasting,87,83,-4,0.0002,0.0002,-0.0
T11195,Simulation Techniques and Applications,116,53,-63,0.0003,0.0001,-0.01
T11229,Genetics and Plant Breeding,56,113,57,0.0001,0.0002,0.01
T10529,Stress Responses and Cortisol,107,62,-45,0.0002,0.0001,-0.01
T10302,Fish Ecology and Management Studies,106,63,-43,0.0002,0.0001,-0.01
T12557,Inorganic Chemistry and Materials,91,78,-13,0.0002,0.0002,-0.0
T13291,Political Theory and Democracy,3,165,162,0.0,0.0004,0.04
T10614,Transcranial Magnetic Stimulation Studies,84,84,0,0.0002,0.0002,0.0
T10864,Fluid Dynamics and Mixing,83,85,2,0.0002,0.0002,0.0
T11631,"Retirement, Disability, and Employment",72,96,24,0.0002,0.0002,0.01
T11168,International Development and Aid,90,78,-12,0.0002,0.0002,-0.0
T11856,Thermography and Photoacoustic Techniques,104,64,-40,0.0002,0.0001,-0.01
T10335,Colorectal Cancer Surgical Treatments,77,91,14,0.0002,0.0002,0.0
T11310,Connective tissue disorders research,88,79,-9,0.0002,0.0002,-0.0
T10318,Criminal Justice and Corrections Analysis,118,49,-69,0.0003,0.0001,-0.02
T12921,European Criminal Justice and Data Protection,141,26,-115,0.0003,0.0001,-0.03
T11621,Fiscal Policies and Political Economy,70,97,27,0.0002,0.0002,0.01
T10782,Nanoplatforms for cancer theranostics,111,56,-55,0.0002,0.0001,-0.01
T11483,Tropical and Extratropical Cyclones Research,94,73,-21,0.0002,0.0002,-0.0
T12618,Botany and Plant Ecology Studies,75,92,17,0.0002,0.0002,0.0
T12040,International Arbitration and Investment Law,74,93,19,0.0002,0.0002,0.0
T11895,Social and Cultural Dynamics,37,130,93,0.0001,0.0003,0.02
T12286,Erythrocyte Function and Pathophysiology,131,35,-96,0.0003,0.0001,-0.02
T11512,Anomaly Detection Techniques and Applications,109,57,-52,0.0002,0.0001,-0.01
T11693,Cryptography and Residue Arithmetic,73,93,20,0.0002,0.0002,0.0
T10672,Design Education and Practice,61,105,44,0.0001,0.0002,0.01
T10059,Bone Tissue Engineering Materials,80,85,5,0.0002,0.0002,0.0
T11238,Simulation-Based Education in Healthcare,63,102,39,0.0001,0.0002,0.01
T10813,Sport Psychology and Performance,77,88,11,0.0002,0.0002,0.0
T12620,Signaling Pathways in Disease,113,51,-62,0.0002,0.0001,-0.01
T11974,Lepidoptera: Biology and Taxonomy,71,93,22,0.0002,0.0002,0.0
T11063,Rough Sets and Fuzzy Logic,114,50,-64,0.0002,0.0001,-0.01
T12460,Pediatric Hepatobiliary Diseases and Treatments,73,90,17,0.0002,0.0002,0.0
T11102,HVDC Systems and Fault Protection,90,73,-17,0.0002,0.0002,-0.0
T10610,Advanced Cellulose Research Studies,104,59,-45,0.0002,0.0001,-0.01
T11204,Ion Channels and Receptors,68,95,27,0.0001,0.0002,0.01
T10654,Pneumonia and Respiratory Infections,89,74,-15,0.0002,0.0002,-0.0
T10802,Judicial and Constitutional Studies,25,138,113,0.0001,0.0003,0.02
T13147,Ethics and bioethics in healthcare,4,159,155,0.0,0.0003,0.03
T13135,"Communism, Protests, Social Movements",85,78,-7,0.0002,0.0002,-0.0
T11249,Wireless Power Transfer Systems,77,86,9,0.0002,0.0002,0.0
T11924,Polyamine Metabolism and Applications,111,52,-59,0.0002,0.0001,-0.01
T12394,Insurance and Financial Risk Management,82,80,-2,0.0002,0.0002,-0.0
T10513,Natural Fiber Reinforced Composites,78,84,6,0.0002,0.0002,0.0
T12023,Cholinesterase and Neurodegenerative Diseases,96,66,-30,0.0002,0.0001,-0.01
T11308,Sphingolipid Metabolism and Signaling,78,84,6,0.0002,0.0002,0.0
T10515,Cancer-related molecular mechanisms research,115,47,-68,0.0003,0.0001,-0.01
T12640,Environmental DNA in Biodiversity Studies,91,71,-20,0.0002,0.0002,-0.0
T11732,Assisted Reproductive Technology and Twin Pregnancy,92,70,-22,0.0002,0.0002,-0.0
T12105,Hygrothermal properties of building materials,72,89,17,0.0002,0.0002,0.0
T12727,Differential Equations and Numerical Methods,79,82,3,0.0002,0.0002,0.0
T10706,Traumatic Brain Injury and Neurovascular Disturbances,88,73,-15,0.0002,0.0002,-0.0
T11476,Graph theory and applications,104,57,-47,0.0002,0.0001,-0.01
T10582,Ethics in Clinical Research,77,84,7,0.0002,0.0002,0.0
T10284,Anaerobic Digestion and Biogas Production,65,95,30,0.0001,0.0002,0.01
T11054,Adrenal and Paraganglionic Tumors,69,91,22,0.0002,0.0002,0.0
T11008,Aerodynamics and Acoustics in Jet Flows,87,72,-15,0.0002,0.0002,-0.0
T11675,Open Source Software Innovations,77,82,5,0.0002,0.0002,0.0
T11349,Music Technology and Sound Studies,78,81,3,0.0002,0.0002,0.0
T10182,Child and Adolescent Psychosocial and Emotional Development,85,74,-11,0.0002,0.0002,-0.0
T10277,Vitamin D Research Studies,88,71,-17,0.0002,0.0002,-0.0
T10071,Bone health and osteoporosis research,59,99,40,0.0001,0.0002,0.01
T10460,Electronic Packaging and Soldering Technologies,70,88,18,0.0002,0.0002,0.0
T10786,Maternal Mental Health During Pregnancy and Postpartum,67,91,24,0.0001,0.0002,0.01
T10872,Veterinary Equine Medical Research,69,89,20,0.0002,0.0002,0.0
T10465,Neurobiology of Language and Bilingualism,66,92,26,0.0001,0.0002,0.01
T13165,Agricultural safety and regulations,43,115,72,0.0001,0.0003,0.02
T13922,Historical Art and Culture Studies,123,35,-88,0.0003,0.0001,-0.02
T14080,"Philosophy, Sociology, Political Theory",135,22,-113,0.0003,0.0,-0.02
T11069,Testicular diseases and treatments,76,81,5,0.0002,0.0002,0.0
T11772,Genetics and Neurodevelopmental Disorders,88,68,-20,0.0002,0.0001,-0.0
T10601,Handwritten Text Recognition Techniques,57,99,42,0.0001,0.0002,0.01
T10675,Mechanical Circulatory Support Devices,88,68,-20,0.0002,0.0001,-0.0
T12309,solar cell performance optimization,71,85,14,0.0002,0.0002,0.0
T12120,Air Quality Monitoring and Forecasting,95,61,-34,0.0002,0.0001,-0.01
T12717,Space exploration and regulation,59,97,38,0.0001,0.0002,0.01
T10381,Ophthalmology and Visual Impairment Studies,83,73,-10,0.0002,0.0002,-0.0
T11655,HIV-related health complications and treatments,97,59,-38,0.0002,0.0001,-0.01
T13418,Photocathodes and Microchannel Plates,119,36,-83,0.0003,0.0001,-0.02
T11201,Metallurgy and Material Forming,93,62,-31,0.0002,0.0001,-0.01
T11499,ICT Impact and Policies,82,73,-9,0.0002,0.0002,-0.0
T11781,Wastewater Treatment and Reuse,50,105,55,0.0001,0.0002,0.01
T10338,Advanced Sensor and Energy Harvesting Materials,108,47,-61,0.0002,0.0001,-0.01
T12152,Concrete Properties and Behavior,71,84,13,0.0002,0.0002,0.0
T10924,Cardiovascular Health and Disease Prevention,81,74,-7,0.0002,0.0002,-0.0
T11819,Data-Driven Disease Surveillance,91,63,-28,0.0002,0.0001,-0.01
T10271,Seismic Imaging and Inversion Techniques,111,43,-68,0.0002,0.0001,-0.01
T11011,Frailty in Older Adults,79,75,-4,0.0002,0.0002,-0.0
T12206,Vibration and Dynamic Analysis,95,59,-36,0.0002,0.0001,-0.01
T10964,Wireless Communication Security Techniques,87,66,-21,0.0002,0.0001,-0.0
T11694,Fluid Dynamics Simulations and Interactions,104,49,-55,0.0002,0.0001,-0.01
T11771,Plant Pathogens and Resistance,97,56,-41,0.0002,0.0001,-0.01
T13152,French Language Learning Methods,142,11,-131,0.0003,0.0,-0.03
T10731,Educational Games and Gamification,52,101,49,0.0001,0.0002,0.01
T10286,Information Retrieval and Search Behavior,16,137,121,0.0,0.0003,0.03
T11143,High Entropy Alloys Studies,82,70,-12,0.0002,0.0002,-0.0
T12417,Morphological variations and asymmetry,115,37,-78,0.0003,0.0001,-0.02
T10426,Child Abuse and Trauma,67,85,18,0.0001,0.0002,0.0
T12923,Digital Image Processing Techniques,74,78,4,0.0002,0.0002,0.0
T11586,Congenital Diaphragmatic Hernia Studies,85,67,-18,0.0002,0.0001,-0.0
T10751,Forensic and Genetic Research,55,97,42,0.0001,0.0002,0.01
T11200,Electrodeposition and Electroless Coatings,61,91,30,0.0001,0.0002,0.01
T10479,Structural Behavior of Reinforced Concrete,58,93,35,0.0001,0.0002,0.01
T12492,Zoonotic diseases and public health,98,53,-45,0.0002,0.0001,-0.01
T11646,Nonlocal and gradient elasticity in micro/nano structures,89,62,-27,0.0002,0.0001,-0.01
T10821,Cardiovascular Function and Risk Factors,81,70,-11,0.0002,0.0002,-0.0
T11104,"Memory, Trauma, and Commemoration",26,125,99,0.0001,0.0003,0.02
T12303,Tensor decomposition and applications,75,76,1,0.0002,0.0002,0.0
T11120,Nonprofit Sector and Volunteering,14,136,122,0.0,0.0003,0.03
T12722,Innovation Policy and R&D,100,50,-50,0.0002,0.0001,-0.01
T10906,AI-based Problem Solving and Planning,77,73,-4,0.0002,0.0002,-0.0
T11645,"Urban, Neighborhood, and Segregation Studies",30,120,90,0.0001,0.0003,0.02
T12604,Glycogen Storage Diseases and Myoclonus,74,76,2,0.0002,0.0002,0.0
T10179,Supercapacitor Materials and Fabrication,81,69,-12,0.0002,0.0002,-0.0
T11857,Archaeological and Historical Studies,76,74,-2,0.0002,0.0002,-0.0
T10912,Telemedicine and Telehealth Implementation,38,111,73,0.0001,0.0002,0.02
T12032,Multisensory perception and integration,76,73,-3,0.0002,0.0002,-0.0
T13971,Synthesis and Biological Activity,93,56,-37,0.0002,0.0001,-0.01
T11093,Personality Disorders and Psychopathology,75,74,-1,0.0002,0.0002,-0.0
T10919,Neurological disorders and treatments,93,56,-37,0.0002,0.0001,-0.01
T11964,Pregnancy and Medication Impact,68,80,12,0.0001,0.0002,0.0
T12386,Advanced X-ray and CT Imaging,119,29,-90,0.0003,0.0001,-0.02
T13115,Axial and Atropisomeric Chirality Synthesis,86,62,-24,0.0002,0.0001,-0.01
T12048,Microencapsulation and Drying Processes,86,62,-24,0.0002,0.0001,-0.01
T12614,Indigenous Studies and Ecology,77,71,-6,0.0002,0.0002,-0.0
T11584,Biochemical Analysis and Sensing Techniques,109,38,-71,0.0002,0.0001,-0.02
T11294,Infant Nutrition and Health,86,61,-25,0.0002,0.0001,-0.01
T10104,Nanofluid Flow and Heat Transfer,111,36,-75,0.0002,0.0001,-0.02
T11391,Theatre and Performance Studies,12,135,123,0.0,0.0003,0.03
T12000,Systems Engineering Methodologies and Applications,23,124,101,0.0001,0.0003,0.02
T13261,Elasticity and Wave Propagation,30,117,87,0.0001,0.0003,0.02
T11424,Security and Verification in Computing,78,69,-9,0.0002,0.0002,-0.0
T10585,Family Dynamics and Relationships,27,120,93,0.0001,0.0003,0.02
T11589,Gynecological conditions and treatments,73,74,1,0.0002,0.0002,0.0
T12477,Toxin Mechanisms and Immunotoxins,89,58,-31,0.0002,0.0001,-0.01
T10763,Digital Transformation in Industry,69,78,9,0.0002,0.0002,0.0
T10574,Crime Patterns and Interventions,39,107,68,0.0001,0.0002,0.01
T12121,Cooperative Studies and Economics,58,88,30,0.0001,0.0002,0.01
T11460,Analytical Methods in Pharmaceuticals,23,123,100,0.0001,0.0003,0.02
T12287,Fibroblast Growth Factor Research,92,54,-38,0.0002,0.0001,-0.01
T10870,Interstitial Lung Diseases and Idiopathic Pulmonary Fibrosis,75,71,-4,0.0002,0.0002,-0.0
T11904,Spatial Cognition and Navigation,72,74,2,0.0002,0.0002,0.0
T10837,Dermatology and Skin Diseases,71,74,3,0.0002,0.0002,0.0
T10280,Shoulder Injury and Treatment,74,71,-3,0.0002,0.0002,-0.0
T10673,Gestational Diabetes Research and Management,92,53,-39,0.0002,0.0001,-0.01
T10244,Chaos control and synchronization,67,78,11,0.0001,0.0002,0.0
T10808,Electric and Hybrid Vehicle Technologies,70,75,5,0.0002,0.0002,0.0
T11541,Neuroendocrine regulation and behavior,110,35,-75,0.0002,0.0001,-0.02
T11131,Proteoglycans and glycosaminoglycans research,93,52,-41,0.0002,0.0001,-0.01
T13377,Ecosystem dynamics and resilience,95,50,-45,0.0002,0.0001,-0.01
T11943,Pharmacovigilance and Adverse Drug Reactions,48,96,48,0.0001,0.0002,0.01
T10765,Marine Biology and Ecology Research,62,82,20,0.0001,0.0002,0.0
T11735,Peripheral Neuropathies and Disorders,65,79,14,0.0001,0.0002,0.0
T13952,Information Technology and Learning,144,0,-144,0.0003,0.0,-0.03
T13178,Theology and Canon Law Studies,52,92,40,0.0001,0.0002,0.01
T12771,Plant pathogens and resistance mechanisms,113,30,-83,0.0002,0.0001,-0.02
T11135,Virology and Viral Diseases,80,63,-17,0.0002,0.0001,-0.0
T10858,Clinical Nutrition and Gastroenterology,76,67,-9,0.0002,0.0001,-0.0
T11226,Milk Quality and Mastitis in Dairy Cows,95,48,-47,0.0002,0.0001,-0.01
T11444,Electromagnetic Compatibility and Noise Suppression,57,86,29,0.0001,0.0002,0.01
T10833,Vaccine Coverage and Hesitancy,54,89,35,0.0001,0.0002,0.01
T11737,Advanced Materials and Mechanics,77,66,-11,0.0002,0.0001,-0.0
T11211,3D Surveying and Cultural Heritage,84,59,-25,0.0002,0.0001,-0.01
T10909,Edible Oils Quality and Analysis,77,66,-11,0.0002,0.0001,-0.0
T11792,Pharmaceutical Economics and Policy,63,80,17,0.0001,0.0002,0.0
T10845,Advanced Causal Inference Techniques,64,79,15,0.0001,0.0002,0.0
T10790,Heavy Metal Exposure and Toxicity,52,91,39,0.0001,0.0002,0.01
T14208,"Death, Funerary Practices, and Mourning",83,60,-23,0.0002,0.0001,-0.01
T12792,Soil Management and Crop Yield,22,120,98,0.0,0.0003,0.02
T11099,Autonomous Vehicle Technology and Safety,54,88,34,0.0001,0.0002,0.01
T11886,Agricultural risk and resilience,84,58,-26,0.0002,0.0001,-0.01
T10993,Complement system in diseases,72,70,-2,0.0002,0.0002,-0.0
T10401,Diabetes Treatment and Management,67,75,8,0.0001,0.0002,0.0
T11615,Control and Dynamics of Mobile Robots,91,50,-41,0.0002,0.0001,-0.01
T11729,Product Development and Customization,87,54,-33,0.0002,0.0001,-0.01
T10575,Wireless Communication Networks Research,68,73,5,0.0001,0.0002,0.0
T10088,Thermochemical Biomass Conversion Processes,65,76,11,0.0001,0.0002,0.0
T10495,Catalysts for Methane Reforming,54,87,33,0.0001,0.0002,0.01
T14451,Historical and Religious Studies of Rome,86,55,-31,0.0002,0.0001,-0.01
T10699,Primate Behavior and Ecology,58,83,25,0.0001,0.0002,0.01
T10759,Translation Studies and Practices,42,98,56,0.0001,0.0002,0.01
T12530,Bioactive Natural Diterpenoids Research,41,99,58,0.0001,0.0002,0.01
T11207,Alcohol Consumption and Health Effects,71,69,-2,0.0002,0.0002,-0.0
T11754,SARS-CoV-2 detection and testing,74,66,-8,0.0002,0.0001,-0.0
T11418,Plant Micronutrient Interactions and Effects,68,72,4,0.0001,0.0002,0.0
T10276,Helicobacter pylori-related gastroenterology studies,90,50,-40,0.0002,0.0001,-0.01
T13232,Laser-Ablation Synthesis of Nanoparticles,94,46,-48,0.0002,0.0001,-0.01
T11442,Titanium Alloys Microstructure and Properties,51,88,37,0.0001,0.0002,0.01
T12334,Lung Cancer Research Studies,76,63,-13,0.0002,0.0001,-0.0
T11124,Protein purification and stability,82,57,-25,0.0002,0.0001,-0.01
T12192,Polysaccharides Composition and Applications,72,66,-6,0.0002,0.0001,-0.0
T10138,Network Traffic and Congestion Control,49,89,40,0.0001,0.0002,0.01
T10145,Consumer Behavior in Brand Consumption and Identification,74,64,-10,0.0002,0.0001,-0.0
T11928,Genetic Syndromes and Imprinting,88,50,-38,0.0002,0.0001,-0.01
T11885,MRI in cancer diagnosis,81,57,-24,0.0002,0.0001,-0.01
T10989,Uterine Myomas and Treatments,77,61,-16,0.0002,0.0001,-0.0
T11535,Chemotherapy-induced cardiotoxicity and mitigation,79,59,-20,0.0002,0.0001,-0.0
T13516,Publishing and Scholarly Communication,6,132,126,0.0,0.0003,0.03
T13247,Local Governance and Planning,0,138,138,0.0,0.0003,0.03
T13221,Biological Activity of Diterpenoids and Biflavonoids,35,102,67,0.0001,0.0002,0.01
T11338,Advancements in Photolithography Techniques,52,85,33,0.0001,0.0002,0.01
T10722,Work-Family Balance Challenges,22,115,93,0.0,0.0003,0.02
T11471,Block Copolymer Self-Assembly,59,78,19,0.0001,0.0002,0.0
T12547,Pharmaceutical studies and practices,74,63,-11,0.0002,0.0001,-0.0
T11817,"Housing, Finance, and Neoliberalism",80,57,-23,0.0002,0.0001,-0.01
T10305,Power System Optimization and Stability,51,86,35,0.0001,0.0002,0.01
T11613,Phytochemistry and Biological Activities,56,80,24,0.0001,0.0002,0.01
T10331,Video Surveillance and Tracking Methods,57,79,22,0.0001,0.0002,0.0
T11691,Forest Insect Ecology and Management,100,36,-64,0.0002,0.0001,-0.01
T11976,Capital Investment and Risk Analysis,63,72,9,0.0001,0.0002,0.0
T10717,Aluminum Alloys Composites Properties,95,40,-55,0.0002,0.0001,-0.01
T11097,Cerebral Palsy and Movement Disorders,90,45,-45,0.0002,0.0001,-0.01
T12669,Comparative International Legal Studies,23,112,89,0.0001,0.0002,0.02
T12012,Diatoms and Algae Research,109,26,-83,0.0002,0.0001,-0.02
T10745,Heart Rate Variability and Autonomic Control,70,64,-6,0.0002,0.0001,-0.0
T12025,Hepatitis Viruses Studies and Epidemiology,72,62,-10,0.0002,0.0001,-0.0
T10228,Multilevel Inverters and Converters,51,83,32,0.0001,0.0002,0.01
T13607,Academic Publishing and Open Access,53,81,28,0.0001,0.0002,0.01
T11293,Orthopedic Infections and Treatments,68,66,-2,0.0001,0.0001,-0.0
T12836,History and Developments in Astronomy,94,40,-54,0.0002,0.0001,-0.01
T10632,Housing Market and Economics,69,65,-4,0.0002,0.0001,-0.0
T11332,"Genomics, phytochemicals, and oxidative stress",84,50,-34,0.0002,0.0001,-0.01
T12455,Mediterranean and Iberian flora and fauna,111,23,-88,0.0002,0.0001,-0.02
T12668,Yeasts and Rust Fungi Studies,67,67,0,0.0001,0.0001,0.0
T13409,Paleopathology and ancient diseases,64,69,5,0.0001,0.0002,0.0
T11302,CO2 Sequestration and Geologic Interactions,70,63,-7,0.0002,0.0001,-0.0
T12777,"Philosophy, History, and Historiography",3,130,127,0.0,0.0003,0.03
T12529,Ga2O3 and related materials,79,54,-25,0.0002,0.0001,-0.01
T11725,Immunodeficiency and Autoimmune Disorders,58,75,17,0.0001,0.0002,0.0
T11590,Primary Care and Health Outcomes,47,85,38,0.0001,0.0002,0.01
T11029,Renal Diseases and Glomerulopathies,50,82,32,0.0001,0.0002,0.01
T11456,Neuroscience of respiration and sleep,88,44,-44,0.0002,0.0001,-0.01
T12321,Insect Pheromone Research and Control,39,93,54,0.0001,0.0002,0.01
T10242,Posttraumatic Stress Disorder Research,44,88,44,0.0001,0.0002,0.01
T11184,Neonatal and fetal brain pathology,80,52,-28,0.0002,0.0001,-0.01
T11684,Vibrio bacteria research studies,103,28,-75,0.0002,0.0001,-0.02
T12327,Various Chemistry Research Topics,86,45,-41,0.0002,0.0001,-0.01
T11181,Advanced Data Storage Technologies,87,44,-43,0.0002,0.0001,-0.01
T11392,Energy Harvesting in Wireless Networks,80,51,-29,0.0002,0.0001,-0.01
T10888,Augmented Reality Applications,65,66,1,0.0001,0.0001,0.0
T11600,Brain Metastases and Treatment,74,57,-17,0.0002,0.0001,-0.0
T11643,Building materials and conservation,89,42,-47,0.0002,0.0001,-0.01
T11146,Hormonal and reproductive studies,94,37,-57,0.0002,0.0001,-0.01
T12964,"Diet, Metabolism, and Disease",76,55,-21,0.0002,0.0001,-0.0
T13489,Synthesis of β-Lactam Compounds,56,75,19,0.0001,0.0002,0.0
T13126,Scientific Research and Discoveries,110,20,-90,0.0002,0.0,-0.02
T11133,UAV Applications and Optimization,70,60,-10,0.0002,0.0001,-0.0
T13023,Synthesis of Organic Compounds,85,45,-40,0.0002,0.0001,-0.01
T14393,"Health, Environment, Cognitive Aging",95,35,-60,0.0002,0.0001,-0.01
T12238,Green IT and Sustainability,51,79,28,0.0001,0.0002,0.01
T11393,Biosensors and Analytical Detection,71,59,-12,0.0002,0.0001,-0.0
T11907,Copper-based nanomaterials and applications,98,32,-66,0.0002,0.0001,-0.01
T12656,"Climate Change, Adaptation, Migration",84,46,-38,0.0002,0.0001,-0.01
T10901,Advanced Data Compression Techniques,52,78,26,0.0001,0.0002,0.01
T12700,Doping in Sports,41,89,48,0.0001,0.0002,0.01
T12176,Optimization and Packing Problems,61,68,7,0.0001,0.0001,0.0
T11834,Liver Diseases and Immunity,70,59,-11,0.0002,0.0001,-0.0
T10055,Diverse Aspects of Tourism Research,40,89,49,0.0001,0.0002,0.01
T11616,Autoimmune and Inflammatory Disorders Research,66,63,-3,0.0001,0.0001,-0.0
T11072,Peroxisome Proliferator-Activated Receptors,96,33,-63,0.0002,0.0001,-0.01
T11233,Advanced Adaptive Filtering Techniques,42,87,45,0.0001,0.0002,0.01
T11002,Indoor Air Quality and Microbial Exposure,64,64,0,0.0001,0.0001,0.0
T11970,Molecular Biology Techniques and Applications,87,41,-46,0.0002,0.0001,-0.01
T12776,Electrohydrodynamics and Fluid Dynamics,107,21,-86,0.0002,0.0,-0.02
T11757,Seismic Waves and Analysis,88,40,-48,0.0002,0.0001,-0.01
T11825,Catalysis and Oxidation Reactions,113,15,-98,0.0002,0.0,-0.02
T11463,Classical Philosophy and Thought,53,75,22,0.0001,0.0002,0.0
T12029,DNA and Biological Computing,69,59,-10,0.0002,0.0001,-0.0
T12468,Radiation Effects and Dosimetry,72,56,-16,0.0002,0.0001,-0.0
T11480,Connexins and lens biology,71,57,-14,0.0002,0.0001,-0.0
T11065,Insect Pest Control Strategies,82,45,-37,0.0002,0.0001,-0.01
T11459,Arctic and Antarctic ice dynamics,88,39,-49,0.0002,0.0001,-0.01
T10992,Forensic Anthropology and Bioarchaeology Studies,67,60,-7,0.0001,0.0001,-0.0
T12028,Knowledge Management and Sharing,36,91,55,0.0001,0.0002,0.01
T11398,Hand Gesture Recognition Systems,55,72,17,0.0001,0.0002,0.0
T10053,International Relations and Foreign Policy,11,116,105,0.0,0.0003,0.02
T12788,Space Science and Extraterrestrial Life,60,66,6,0.0001,0.0001,0.0
T11690,Advanced battery technologies research,54,72,18,0.0001,0.0002,0.0
T11546,Plant Physiology and Cultivation Studies,76,50,-26,0.0002,0.0001,-0.01
T11985,Marine Toxins and Detection Methods,79,47,-32,0.0002,0.0001,-0.01
T11019,Image Enhancement Techniques,66,60,-6,0.0001,0.0001,-0.0
T10809,Occupational Health and Safety Research,105,21,-84,0.0002,0.0,-0.02
T12250,Experimental and Theoretical Physics Studies,89,37,-52,0.0002,0.0001,-0.01
T10176,Mesenchymal stem cell research,59,66,7,0.0001,0.0001,0.0
T10669,Freshwater macroinvertebrate diversity and ecology,52,73,21,0.0001,0.0002,0.0
T12549,Image and Object Detection Techniques,66,59,-7,0.0001,0.0001,-0.0
T11461,Local Government Finance and Decentralization,49,76,27,0.0001,0.0002,0.01
T11995,"FinTech, Crowdfunding, Digital Finance",67,58,-9,0.0001,0.0001,-0.0
T11561,Protein Hydrolysis and Bioactive Peptides,82,43,-39,0.0002,0.0001,-0.01
T11860,"HIV, Drug Use, Sexual Risk",74,51,-23,0.0002,0.0001,-0.01
T14493,Criminal Law and Evidence,76,49,-27,0.0002,0.0001,-0.01
T13009,Agroforestry and silvopastoral systems,51,74,23,0.0001,0.0002,0.01
T11661,Copper Interconnects and Reliability,84,41,-43,0.0002,0.0001,-0.01
T13042,Economic and Fiscal Studies,4,121,117,0.0,0.0003,0.03
T11523,Nanomaterials and Printing Technologies,103,21,-82,0.0002,0.0,-0.02
T10807,Synthesis and characterization of novel inorganic/organometallic compounds,49,75,26,0.0001,0.0002,0.01
T12022,Hydraulic flow and structures,59,65,6,0.0001,0.0001,0.0
T13493,Optical and Acousto-Optic Technologies,74,50,-24,0.0002,0.0001,-0.01
T14399,Invertebrate Taxonomy and Ecology,62,61,-1,0.0001,0.0001,-0.0
T14423,Military Technology and Strategies,120,3,-117,0.0003,0.0,-0.03
T13773,International Labor and Employment Law,93,30,-63,0.0002,0.0001,-0.01
T12257,Bioactive natural compounds,48,75,27,0.0001,0.0002,0.01
T14127,Food and Agricultural Sciences,1,122,121,0.0,0.0003,0.03
T12331,Hereditary Neurological Disorders,65,58,-7,0.0001,0.0001,-0.0
T13885,Geophysics and Sensor Technology,113,10,-103,0.0002,0.0,-0.02
T11981,Qualitative Research Methods and Ethics,17,106,89,0.0,0.0002,0.02
T10254,Innovations in Medical Education,29,93,64,0.0001,0.0002,0.01
T11534,Erythropoietin and Anemia Treatment,53,69,16,0.0001,0.0002,0.0
T11957,Food Safety and Hygiene,42,80,38,0.0001,0.0002,0.01
T11057,Cardiac Ischemia and Reperfusion,62,60,-2,0.0001,0.0001,-0.0
T11373,Sleep and Work-Related Fatigue,53,69,16,0.0001,0.0002,0.0
T11663,Viral Infectious Diseases and Gene Expression in Insects,92,30,-62,0.0002,0.0001,-0.01
T12672,Phagocytosis and Immune Regulation,103,19,-84,0.0002,0.0,-0.02
T11961,Neonatal and Maternal Infections,63,59,-4,0.0001,0.0001,-0.0
T10065,Atrial Fibrillation Management and Outcomes,70,51,-19,0.0002,0.0001,-0.0
T12364,Archaeological Research and Protection,63,58,-5,0.0001,0.0001,-0.0
T10262,Microwave Engineering and Waveguides,54,67,13,0.0001,0.0001,0.0
T11336,Energy and Environment Impacts,90,31,-59,0.0002,0.0001,-0.01
T12875,Thermal Expansion and Ionic Conductivity,47,74,27,0.0001,0.0002,0.01
T12632,Visual Culture and Art Theory,15,106,91,0.0,0.0002,0.02
T10198,Heart Failure Treatment and Management,53,67,14,0.0001,0.0001,0.0
T10925,Spinal Cord Injury Research,56,64,8,0.0001,0.0001,0.0
T10955,Paleontology and Evolutionary Biology,51,69,18,0.0001,0.0002,0.0
T10936,Millimeter-Wave Propagation and Modeling,49,71,22,0.0001,0.0002,0.0
T10774,Weed Control and Herbicide Applications,40,80,40,0.0001,0.0002,0.01
T11045,"Privacy, Security, and Data Protection",50,70,20,0.0001,0.0002,0.0
T13404,Geological and Tectonic Studies in Latin America,26,94,68,0.0001,0.0002,0.01
T12850,Field-Flow Fractionation Techniques,75,44,-31,0.0002,0.0001,-0.01
T10916,Surgical Simulation and Training,63,56,-7,0.0001,0.0001,-0.0
T13937,"Genetics, Bioinformatics, and Biomedical Research",105,14,-91,0.0002,0.0,-0.02
T10370,Traffic and Road Safety,35,84,49,0.0001,0.0002,0.01
T11947,Molten salt chemistry and electrochemical processes,56,63,7,0.0001,0.0001,0.0
T10488,Nanocomposite Films for Food Packaging,53,66,13,0.0001,0.0001,0.0
T10324,Microbial bioremediation and biosurfactants,52,67,15,0.0001,0.0001,0.0
T11153,Streptococcal Infections and Treatments,83,35,-48,0.0002,0.0001,-0.01
T13704,French Literature and Poetry,41,77,36,0.0001,0.0002,0.01
T12163,Aerosol Filtration and Electrostatic Precipitation,59,59,0,0.0001,0.0001,0.0
T11619,Combustion and Detonation Processes,84,34,-50,0.0002,0.0001,-0.01
T11984,Anatomy and Medical Technology,43,75,32,0.0001,0.0002,0.01
T11354,Evolution and Paleontology Studies,65,53,-12,0.0001,0.0001,-0.0
T11903,Private Equity and Venture Capital,78,40,-38,0.0002,0.0001,-0.01
T12043,Insect behavior and control techniques,63,55,-8,0.0001,0.0001,-0.0
T12340,Anodic Oxide Films and Nanostructures,56,62,6,0.0001,0.0001,0.0
T12348,Rural Development and Agriculture,57,61,4,0.0001,0.0001,0.0
T13283,Mental Health Research Topics,91,27,-64,0.0002,0.0001,-0.01
T12149,Nanocluster Synthesis and Applications,79,39,-40,0.0002,0.0001,-0.01
T11911,Spatial and Panel Data Analysis,42,75,33,0.0001,0.0002,0.01
T11528,Lichen and fungal ecology,74,43,-31,0.0002,0.0001,-0.01
T12006,Ergonomics and Musculoskeletal Disorders,44,73,29,0.0001,0.0002,0.01
T10483,Nerve injury and regeneration,73,44,-29,0.0002,0.0001,-0.01
T12561,bioluminescence and chemiluminescence research,75,42,-33,0.0002,0.0001,-0.01
T10968,Statistical Distribution Estimation and Applications,36,81,45,0.0001,0.0002,0.01
T13208,Synthesis of heterocyclic compounds,60,57,-3,0.0001,0.0001,-0.0
T14099,Synthesis and Characterization of Heterocyclic Compounds,82,34,-48,0.0002,0.0001,-0.01
T12037,Algebraic and Geometric Analysis,98,18,-80,0.0002,0.0,-0.02
T11503,Cytokine Signaling Pathways and Interactions,68,48,-20,0.0001,0.0001,-0.0
T10454,Optimal Power Flow Distribution,65,51,-14,0.0001,0.0001,-0.0
T12808,Ferroelectric and Negative Capacitance Devices,54,62,8,0.0001,0.0001,0.0
T10649,Multiple Myeloma Research and Treatments,52,64,12,0.0001,0.0001,0.0
T11980,Human Mobility and Location-Based Analysis,70,46,-24,0.0002,0.0001,-0.01
T11082,Spacecraft Dynamics and Control,45,71,26,0.0001,0.0002,0.01
T12737,Electrical Fault Detection and Protection,56,60,4,0.0001,0.0001,0.0
T13336,Religious Freedom and Discrimination,4,112,108,0.0,0.0002,0.02
T12122,Physical Unclonable Functions (PUFs) and Hardware Security,40,75,35,0.0001,0.0002,0.01
T10172,Cardiac Valve Diseases and Treatments,66,49,-17,0.0001,0.0001,-0.0
T12449,Spacecraft Design and Technology,54,61,7,0.0001,0.0001,0.0
T13669,China's Global Influence and Migration,102,13,-89,0.0002,0.0,-0.02
T10239,Urban Planning and Governance,12,103,91,0.0,0.0002,0.02
T11931,Organoselenium and organotellurium chemistry,33,82,49,0.0001,0.0002,0.01
T10326,Indoor and Outdoor Localization Technologies,67,48,-19,0.0001,0.0001,-0.0
T13141,Statistical Methods and Applications,7,108,101,0.0,0.0002,0.02
T10596,Child Nutrition and Water Access,79,35,-44,0.0002,0.0001,-0.01
T11524,Advanced Aircraft Design and Technologies,56,58,2,0.0001,0.0001,0.0
T10512,Orthopaedic implants and arthroplasty,65,49,-16,0.0001,0.0001,-0.0
T11703,"Rings, Modules, and Algebras",57,57,0,0.0001,0.0001,0.0
T12266,Byzantine Studies and History,64,49,-15,0.0001,0.0001,-0.0
T10034,"Syntax, Semantics, Linguistic Variation",17,96,79,0.0,0.0002,0.02
T12232,"Yersinia bacterium, plague, ectoparasites research",78,35,-43,0.0002,0.0001,-0.01
T13727,Linguistic and Sociocultural Studies,68,45,-23,0.0001,0.0001,-0.01
T13200,Spacecraft and Cryogenic Technologies,83,30,-53,0.0002,0.0001,-0.01
T12358,Thermal and Kinetic Analysis,76,37,-39,0.0002,0.0001,-0.01
T10442,Knee injuries and reconstruction techniques,52,61,9,0.0001,0.0001,0.0
T11721,Blood properties and coagulation,68,44,-24,0.0001,0.0001,-0.01
T10830,Airway Management and Intubation Techniques,54,58,4,0.0001,0.0001,0.0
T10779,Coastal wetland ecosystem dynamics,59,53,-6,0.0001,0.0001,-0.0
T10517,"Financial Literacy, Pension, Retirement Analysis",49,63,14,0.0001,0.0001,0.0
T12983,Satellite Image Processing and Photogrammetry,46,66,20,0.0001,0.0001,0.0
T12441,Porphyrin Metabolism and Disorders,89,23,-66,0.0002,0.0001,-0.01
T10542,Vestibular and auditory disorders,74,38,-36,0.0002,0.0001,-0.01
T11745,Potato Plant Research,63,49,-14,0.0001,0.0001,-0.0
T12570,Photopolymerization techniques and applications,58,54,-4,0.0001,0.0001,-0.0
T10834,Welding Techniques and Residual Stresses,57,55,-2,0.0001,0.0001,-0.0
T10332,Amphibian and Reptile Biology,74,37,-37,0.0002,0.0001,-0.01
T14459,Synthesis and Reactions of Organic Compounds,63,48,-15,0.0001,0.0001,-0.0
T11975,Evolutionary Algorithms and Applications,56,55,-1,0.0001,0.0001,-0.0
T10257,Oral microbiology and periodontitis research,58,53,-5,0.0001,0.0001,-0.0
T12576,vaccines and immunoinformatics approaches,47,64,17,0.0001,0.0001,0.0
T12503,Social Acceptance of Renewable Energy,62,49,-13,0.0001,0.0001,-0.0
T11940,Layered Double Hydroxides Synthesis and Applications,64,47,-17,0.0001,0.0001,-0.0
T12273,Latin American Urban Studies,43,68,25,0.0001,0.0001,0.01
T11648,"Diaspora, migration, transnational identity",16,95,79,0.0,0.0002,0.02
T11908,Protein Interaction Studies and Fluorescence Analysis,59,52,-7,0.0001,0.0001,-0.0
T13570,Historical Education Studies Worldwide,16,95,79,0.0,0.0002,0.02
T11823,Natural Resources and Economic Development,42,69,27,0.0001,0.0002,0.01
T12010,Evaluation and Performance Assessment,47,63,16,0.0001,0.0001,0.0
T14147,Innovative Approaches in Technology and Social Development,76,34,-42,0.0002,0.0001,-0.01
T11574,Artificial Intelligence in Games,69,41,-28,0.0002,0.0001,-0.01
T11827,Polyomavirus and related diseases,61,49,-12,0.0001,0.0001,-0.0
T11769,Copyright and Intellectual Property,73,37,-36,0.0002,0.0001,-0.01
T13421,"Contemporary art, education, critique",107,3,-104,0.0002,0.0,-0.02
T12254,Machine Learning in Bioinformatics,86,24,-62,0.0002,0.0001,-0.01
T10525,Human-Automation Interaction and Safety,63,47,-16,0.0001,0.0001,-0.0
T11194,Ocular Diseases and Behçet’s Syndrome,49,61,12,0.0001,0.0001,0.0
T11971,"World Wars: History, Literature, and Impact",8,102,94,0.0,0.0002,0.02
T12390,Comics and Graphic Narratives,36,73,37,0.0001,0.0002,0.01
T10113,Dental materials and restorations,49,60,11,0.0001,0.0001,0.0
T11864,Supply Chain Resilience and Risk Management,63,46,-17,0.0001,0.0001,-0.0
T13838,Plant and soil sciences,8,101,93,0.0,0.0002,0.02
T10470,Usability and User Interface Design,40,69,29,0.0001,0.0002,0.01
T12377,Digital Humanities and Scholarship,30,79,49,0.0001,0.0002,0.01
T12823,Adolescent and Pediatric Healthcare,66,43,-23,0.0001,0.0001,-0.01
T12047,Viral Infections and Vectors,71,38,-33,0.0002,0.0001,-0.01
T11326,Stock Market Forecasting Methods,65,44,-21,0.0001,0.0001,-0.0
T10819,Mercury impact and mitigation studies,61,48,-13,0.0001,0.0001,-0.0
T10283,Hearing Loss and Rehabilitation,76,33,-43,0.0002,0.0001,-0.01
T11260,Tracheal and airway disorders,66,42,-24,0.0001,0.0001,-0.01
T11339,"Metabolism, Diabetes, and Cancer",62,46,-16,0.0001,0.0001,-0.0
T10664,Sentiment Analysis and Opinion Mining,42,66,24,0.0001,0.0001,0.01
T13366,Accounting Theory and Financial Reporting,0,108,108,0.0,0.0002,0.02
T12017,Recycling and Waste Management Techniques,72,35,-37,0.0002,0.0001,-0.01
T11403,Invertebrate Immune Response Mechanisms,56,51,-5,0.0001,0.0001,-0.0
T11001,Renin-Angiotensin System Studies,36,71,35,0.0001,0.0002,0.01
T12927,"Memory, History, Trauma, Identity",8,99,91,0.0,0.0002,0.02
T11719,Data Quality and Management,63,44,-19,0.0001,0.0001,-0.0
T11585,Exercise and Physiological Responses,62,45,-17,0.0001,0.0001,-0.0
T11136,Enzyme-mediated dye degradation,83,24,-59,0.0002,0.0001,-0.01
T11264,Coffee research and impacts,53,54,1,0.0001,0.0001,0.0
T13304,Synthesis and Reactivity of Sulfur-Containing Compounds,27,80,53,0.0001,0.0002,0.01
T11547,Sesquiterpenes and Asteraceae Studies,52,54,2,0.0001,0.0001,0.0
T11930,"Cardiac, Anesthesia and Surgical Outcomes",93,13,-80,0.0002,0.0,-0.02
T11334,Psychosomatic Disorders and Their Treatments,55,51,-4,0.0001,0.0001,-0.0
T10938,Phase Change Materials Research,46,60,14,0.0001,0.0001,0.0
T13487,Statistical and numerical algorithms,64,42,-22,0.0001,0.0001,-0.0
T14124,"Food, Nutrition, and Cultural Practices",8,98,90,0.0,0.0002,0.02
T12365,Effects of Environmental Stressors on Livestock,66,40,-26,0.0001,0.0001,-0.01
T12566,Nitrogen and Sulfur Effects on Brassica,49,57,8,0.0001,0.0001,0.0
T11223,Maritime Ports and Logistics,54,52,-2,0.0001,0.0001,-0.0
T10563,Corneal surgery and disorders,53,53,0,0.0001,0.0001,0.0
T12916,COVID-19 impact on air quality,50,56,6,0.0001,0.0001,0.0
T12873,"Nutrition, Health and Food Behavior",7,99,92,0.0,0.0002,0.02
T10057,Face and Expression Recognition,73,32,-41,0.0002,0.0001,-0.01
T11161,Consumer Market Behavior and Pricing,54,51,-3,0.0001,0.0001,-0.0
T10730,Language Development and Disorders,46,59,13,0.0001,0.0001,0.0
T11252,Evolutionary Game Theory and Cooperation,74,31,-43,0.0002,0.0001,-0.01
T10469,Psoriasis: Treatment and Pathogenesis,56,49,-7,0.0001,0.0001,-0.0
T12096,Ectopic Pregnancy Diagnosis and Management,58,47,-11,0.0001,0.0001,-0.0
T11197,Digital Games and Media,54,51,-3,0.0001,0.0001,-0.0
T10209,Global Maternal and Child Health,83,22,-61,0.0002,0.0,-0.01
T14255,European Law and Migration,16,89,73,0.0,0.0002,0.02
T11873,PAPR reduction in OFDM,54,51,-3,0.0001,0.0001,-0.0
T11276,Solar Radiation and Photovoltaics,53,51,-2,0.0001,0.0001,-0.0
T11916,Legionella and Acanthamoeba research,59,45,-14,0.0001,0.0001,-0.0
T10641,Central Venous Catheters and Hemodialysis,49,55,6,0.0001,0.0001,0.0
T11108,Municipal Solid Waste Management,37,67,30,0.0001,0.0001,0.01
T12541,Graph Labeling and Dimension Problems,57,47,-10,0.0001,0.0001,-0.0
T10812,Human Pose and Action Recognition,56,48,-8,0.0001,0.0001,-0.0
T12486,Food Supply Chain Traceability,74,30,-44,0.0002,0.0001,-0.01
T11436,Entomopathogenic Microorganisms in Pest Control,44,60,16,0.0001,0.0001,0.0
T11362,Membrane Separation and Gas Transport,46,58,12,0.0001,0.0001,0.0
T14012,Comparative and International Law Studies,79,24,-55,0.0002,0.0001,-0.01
T12207,Assistive Technology in Communication and Mobility,14,89,75,0.0,0.0002,0.02
T11038,Advanced SAR Imaging Techniques,36,67,31,0.0001,0.0001,0.01
T10740,Wind Turbine Control Systems,44,59,15,0.0001,0.0001,0.0
T11488,Climate Change Communication and Perception,52,51,-1,0.0001,0.0001,-0.0
T11431,Action Observation and Synchronization,66,37,-29,0.0001,0.0001,-0.01
T13170,Discrimination and Equality Law,17,86,69,0.0,0.0002,0.02
T11231,Microbial Fuel Cells and Bioremediation,56,47,-9,0.0001,0.0001,-0.0
T10926,Peripheral Artery Disease Management,55,48,-7,0.0001,0.0001,-0.0
T11443,Advanced Statistical Process Monitoring,31,72,41,0.0001,0.0002,0.01
T11508,Corporate Taxation and Avoidance,61,41,-20,0.0001,0.0001,-0.0
T12553,Psychedelics and Drug Studies,55,47,-8,0.0001,0.0001,-0.0
T10693,Blood transfusion and management,47,55,8,0.0001,0.0001,0.0
T11047,Gender Diversity and Inequality,36,66,30,0.0001,0.0001,0.01
T10365,Gastrointestinal motility and disorders,47,55,8,0.0001,0.0001,0.0
T12200,Heusler alloys: electronic and magnetic properties,62,40,-22,0.0001,0.0001,-0.0
T11790,N-Heterocyclic Carbenes in Organic and Inorganic Chemistry,53,49,-4,0.0001,0.0001,-0.0
T13714,Medieval Architecture and Archaeology,61,40,-21,0.0001,0.0001,-0.0
T11755,Transboundary Water Resource Management,45,56,11,0.0001,0.0001,0.0
T11094,Face Recognition and Perception,55,46,-9,0.0001,0.0001,-0.0
T13833,Ferrocene Chemistry and Applications,49,52,3,0.0001,0.0001,0.0
T12703,Oil Palm Production and Sustainability,55,46,-9,0.0001,0.0001,-0.0
T11036,Antibiotics Pharmacokinetics and Efficacy,69,31,-38,0.0002,0.0001,-0.01
T12015,Photoacoustic and Ultrasonic Imaging,82,18,-64,0.0002,0.0,-0.01
T11147,Misinformation and Its Impacts,44,56,12,0.0001,0.0001,0.0
T10962,Thermodynamic properties of mixtures,72,28,-44,0.0002,0.0001,-0.01
T13294,Livestock and Poultry Management,69,31,-38,0.0002,0.0001,-0.01
T10156,"LGBTQ Health, Identity, and Policy",39,61,22,0.0001,0.0001,0.0
T11096,Aeroelasticity and Vibration Control,41,59,18,0.0001,0.0001,0.0
T13191,Dispute Resolution and Class Actions,15,85,70,0.0,0.0002,0.02
T11446,Mobile Health and mHealth Applications,41,59,18,0.0001,0.0001,0.0
T12644,Wildlife-Road Interactions and Conservation,46,54,8,0.0001,0.0001,0.0
T11780,Rabies epidemiology and control,53,47,-6,0.0001,0.0001,-0.0
T13372,Archaeology and Historical Studies,87,13,-74,0.0002,0.0,-0.02
T11713,Genital Health and Disease,52,48,-4,0.0001,0.0001,-0.0
T11024,Information Systems Theories and Implementation,34,66,32,0.0001,0.0001,0.01
T12416,Polymer Nanocomposite Synthesis and Irradiation,56,43,-13,0.0001,0.0001,-0.0
T13702,Machine Learning in Healthcare,61,38,-23,0.0001,0.0001,-0.01
T10188,Advanced machining processes and optimization,33,66,33,0.0001,0.0001,0.01
T13332,"Historical Studies on Reproduction, Gender, Health, and Societal Changes",47,52,5,0.0001,0.0001,0.0
T11117,Drug-Induced Adverse Reactions,47,52,5,0.0001,0.0001,0.0
T13756,International Environmental Law and Policies,57,42,-15,0.0001,0.0001,-0.0
T10741,Video Coding and Compression Technologies,30,69,39,0.0001,0.0002,0.01
T11448,Face recognition and analysis,61,38,-23,0.0001,0.0001,-0.01
T13103,Middle East Politics and Society,67,32,-35,0.0001,0.0001,-0.01
T10927,Access Control and Trust,44,55,11,0.0001,0.0001,0.0
T11918,Forecasting Techniques and Applications,43,55,12,0.0001,0.0001,0.0
T11872,Barrier Structure and Function Studies,39,59,20,0.0001,0.0001,0.0
T14150,Biochemical and biochemical processes,60,38,-22,0.0001,0.0001,-0.0
T12359,Fern and Epiphyte Biology,49,49,0,0.0001,0.0001,0.0
T10998,Heat Transfer and Optimization,42,56,14,0.0001,0.0001,0.0
T12356,Bioactive Compounds and Antitumor Agents,58,40,-18,0.0001,0.0001,-0.0
T11301,Advanced Surface Polishing Techniques,76,22,-54,0.0002,0.0,-0.01
T12224,Nanofabrication and Lithography Techniques,48,50,2,0.0001,0.0001,0.0
T10898,Environmental Education and Sustainability,51,47,-4,0.0001,0.0001,-0.0
T12552,Fetal and Pediatric Neurological Disorders,53,44,-9,0.0001,0.0001,-0.0
T11053,Process Optimization and Integration,68,29,-39,0.0001,0.0001,-0.01
T11481,Sulfur Compounds in Biology,58,39,-19,0.0001,0.0001,-0.0
T10842,Railway Engineering and Dynamics,55,42,-13,0.0001,0.0001,-0.0
T14318,Polydiacetylene-based materials and applications,51,46,-5,0.0001,0.0001,-0.0
T11112,Viral Infections and Immunology Research,67,30,-37,0.0001,0.0001,-0.01
T11797,graph theory and CDMA systems,97,0,-97,0.0002,0.0,-0.02
T11529,Refrigeration and Air Conditioning Technologies,21,76,55,0.0,0.0002,0.01
T12233,Geotechnical Engineering and Underground Structures,44,53,9,0.0001,0.0001,0.0
T11936,Chemical and Physical Properties in Aqueous Solutions,62,35,-27,0.0001,0.0001,-0.01
T12867,Advanced Biosensing Techniques and Applications,47,50,3,0.0001,0.0001,0.0
T11358,Dysphagia Assessment and Management,57,40,-17,0.0001,0.0001,-0.0
T10530,Magnesium Alloys: Properties and Applications,54,43,-11,0.0001,0.0001,-0.0
T12255,Biosimilars and Bioanalytical Methods,42,54,12,0.0001,0.0001,0.0
T11221,Bone health and treatments,60,36,-24,0.0001,0.0001,-0.01
T11328,Ocular Oncology and Treatments,50,46,-4,0.0001,0.0001,-0.0
T10803,Innovative Human-Technology Interaction,40,56,16,0.0001,0.0001,0.0
T11892,Kawasaki Disease and Coronary Complications,49,47,-2,0.0001,0.0001,-0.0
T13116,Heat Transfer and Numerical Methods,10,86,76,0.0,0.0002,0.02
T14432,Freedom of Expression and Defamation,6,90,84,0.0,0.0002,0.02
T12030,S100 Proteins and Annexins,64,32,-32,0.0001,0.0001,-0.01
T10609,Digital Marketing and Social Media,52,44,-8,0.0001,0.0001,-0.0
T10680,Wind Energy Research and Development,38,58,20,0.0001,0.0001,0.0
T13545,Philosophical and Theoretical Analysis,52,44,-8,0.0001,0.0001,-0.0
T11773,Healthcare Operations and Scheduling Optimization,49,47,-2,0.0001,0.0001,-0.0
T12600,Eosinophilic Disorders and Syndromes,54,42,-12,0.0001,0.0001,-0.0
T12307,Ancient Near East History,38,58,20,0.0001,0.0001,0.0
T12513,Rocket and propulsion systems research,53,42,-11,0.0001,0.0001,-0.0
T11060,Infant Development and Preterm Care,42,53,11,0.0001,0.0001,0.0
T10445,Antioxidant Activity and Oxidative Stress,61,34,-27,0.0001,0.0001,-0.01
T13104,Chemical and Physical Properties of Materials,48,47,-1,0.0001,0.0001,-0.0
T13326,Biochemical and Structural Characterization,67,28,-39,0.0001,0.0001,-0.01
T11085,Fungal Biology and Applications,82,13,-69,0.0002,0.0,-0.02
T12883,Sustainable Development and Environmental Management,1,94,93,0.0,0.0002,0.02
T10395,Construction Project Management and Performance,37,58,21,0.0001,0.0001,0.0
T10334,"Hearing, Cochlea, Tinnitus, Genetics",42,53,11,0.0001,0.0001,0.0
T10628,China's Socioeconomic Reforms and Governance,33,62,29,0.0001,0.0001,0.01
T12583,Food Waste Reduction and Sustainability,63,32,-31,0.0001,0.0001,-0.01
T11539,Survey Methodology and Nonresponse,32,63,31,0.0001,0.0001,0.01
T12153,Advanced Optical Sensing Technologies,60,35,-25,0.0001,0.0001,-0.01
T12713,Forest Ecology and Biodiversity Studies,70,25,-45,0.0002,0.0001,-0.01
T11107,Selenium in Biological Systems,61,34,-27,0.0001,0.0001,-0.01
T11145,Epoxy Resin Curing Processes,34,61,27,0.0001,0.0001,0.01
T10678,Inflammatory mediators and NSAID effects,48,47,-1,0.0001,0.0001,-0.0
T10767,Advanced Photonic Communication Systems,37,58,21,0.0001,0.0001,0.0
T12140,Renal and related cancers,70,25,-45,0.0002,0.0001,-0.01
T10473,Postharvest Quality and Shelf Life Management,30,64,34,0.0001,0.0001,0.01
T12621,Hemispheric Asymmetry in Neuroscience,56,38,-18,0.0001,0.0001,-0.0
T11179,Nematode management and characterization studies,57,37,-20,0.0001,0.0001,-0.0
T13604,"Adsorption, diffusion, and thermodynamic properties of materials",30,64,34,0.0001,0.0001,0.01
T12839,Emile Durkheim and Sociology,44,50,6,0.0001,0.0001,0.0
T10491,Enhanced Oil Recovery Techniques,50,44,-6,0.0001,0.0001,-0.0
T14163,Astronomical Observations and Instrumentation,90,4,-86,0.0002,0.0,-0.02
T12797,History of Computing Technologies,71,23,-48,0.0002,0.0001,-0.01
T11139,"Gout, Hyperuricemia, Uric Acid",51,42,-9,0.0001,0.0001,-0.0
T11551,Infective Endocarditis Diagnosis and Management,45,48,3,0.0001,0.0001,0.0
T12828,Plant Genetic and Mutation Studies,51,42,-9,0.0001,0.0001,-0.0
T11380,Child Welfare and Adoption,31,62,31,0.0001,0.0001,0.01
T11798,Optimal Experimental Design Methods,33,60,27,0.0001,0.0001,0.01
T11774,Adsorption and Cooling Systems,42,51,9,0.0001,0.0001,0.0
T11058,Ethics in Business and Education,29,64,35,0.0001,0.0001,0.01
T14089,Nanotechnology research and applications,35,57,22,0.0001,0.0001,0.0
T12564,Sensor Technology and Measurement Systems,70,22,-48,0.0002,0.0,-0.01
T12139,Advanced Thermodynamic Systems and Engines,54,38,-16,0.0001,0.0001,-0.0
T13890,Remote Sensing and Land Use,37,55,18,0.0001,0.0001,0.0
T13127,Biotin and Related Studies,78,14,-64,0.0002,0.0,-0.01
T11502,Facility Location and Emergency Management,43,49,6,0.0001,0.0001,0.0
T12300,Advanced Electrical Measurement Techniques,49,43,-6,0.0001,0.0001,-0.0
T14481,Renewable Energy and Sustainability,6,86,80,0.0,0.0002,0.02
T12960,Heterotopic Ossification and Related Conditions,46,46,0,0.0001,0.0001,0.0
T11232,Urinary Tract Infections Management,49,43,-6,0.0001,0.0001,-0.0
T11325,Inertial Sensor and Navigation,51,41,-10,0.0001,0.0001,-0.0
T11967,Electrolyte and hormonal disorders,55,37,-18,0.0001,0.0001,-0.0
T11705,Gambling Behavior and Treatments,46,46,0,0.0001,0.0001,0.0
T10929,Wnt/β-catenin signaling in development and cancer,50,42,-8,0.0001,0.0001,-0.0
T12643,Sustainability and Ecological Systems Analysis,50,41,-9,0.0001,0.0001,-0.0
T12199,Vascular Anomalies and Treatments,49,42,-7,0.0001,0.0001,-0.0
T10327,Adolescent Sexual and Reproductive Health,36,55,19,0.0001,0.0001,0.0
T12746,Sustainable Industrial Ecology,71,20,-51,0.0002,0.0,-0.01
T11188,Coagulation and Flocculation Studies,70,21,-49,0.0002,0.0,-0.01
T11650,Skin and Cellular Biology Research,54,37,-17,0.0001,0.0001,-0.0
T12111,Industrial Vision Systems and Defect Detection,58,33,-25,0.0001,0.0001,-0.01
T14479,Freezing and Crystallization Processes,52,39,-13,0.0001,0.0001,-0.0
T14117,Integrated Circuits and Semiconductor Failure Analysis,77,14,-63,0.0002,0.0,-0.01
T14362,Diverse Legal and Medical Studies,10,81,71,0.0,0.0002,0.02
T10917,Smart Grid Security and Resilience,59,31,-28,0.0001,0.0001,-0.01
T14469,Renaissance Literature and Culture,27,63,36,0.0001,0.0001,0.01
T11939,Public-Private Partnership Projects,54,36,-18,0.0001,0.0001,-0.0
T10105,Osteoarthritis Treatment and Mechanisms,40,50,10,0.0001,0.0001,0.0
T11814,Advanced Manufacturing and Logistics Optimization,68,22,-46,0.0001,0.0,-0.01
T11086,Parasitic Infections and Diagnostics,58,32,-26,0.0001,0.0001,-0.01
T14068,Organic and Inorganic Chemical Reactions,39,51,12,0.0001,0.0001,0.0
T11051,Sirtuins and Resveratrol in Medicine,53,37,-16,0.0001,0.0001,-0.0
T10718,Political Philosophy and Ethics,22,67,45,0.0,0.0001,0.01
T12420,Silicone and Siloxane Chemistry,41,48,7,0.0001,0.0001,0.0
T11891,Big Data and Business Intelligence,58,31,-27,0.0001,0.0001,-0.01
T12820,Chromatin Remodeling and Cancer,60,29,-31,0.0001,0.0001,-0.01
T10758,Cinema and Media Studies,40,49,9,0.0001,0.0001,0.0
T12118,Forest Biomass Utilization and Management,50,39,-11,0.0001,0.0001,-0.0
T11559,Retinoids in leukemia and cellular processes,59,29,-30,0.0001,0.0001,-0.01
T11241,Advanced Malware Detection Techniques,59,29,-30,0.0001,0.0001,-0.01
T11464,Homelessness and Social Issues,36,52,16,0.0001,0.0001,0.0
T12626,"Cancer, Stress, Anesthesia, and Immune Response",67,21,-46,0.0001,0.0,-0.01
T10070,Political Conflict and Governance,14,74,60,0.0,0.0002,0.01
T11681,Nosocomial Infections in ICU,55,33,-22,0.0001,0.0001,-0.0
T10518,Gallbladder and Bile Duct Disorders,42,46,4,0.0001,0.0001,0.0
T10710,Arsenic contamination and mitigation,54,34,-20,0.0001,0.0001,-0.0
T11306,Nonmelanoma Skin Cancer Studies,39,49,10,0.0001,0.0001,0.0
T11822,Analytic and geometric function theory,42,46,4,0.0001,0.0001,0.0
T11714,Multimodal Machine Learning Applications,42,46,4,0.0001,0.0001,0.0
T12227,Environmental and Social Impact Assessments,27,61,34,0.0001,0.0001,0.01
T12178,Bird parasitology and diseases,47,41,-6,0.0001,0.0001,-0.0
T11351,Catalysis and Hydrodesulfurization Studies,47,41,-6,0.0001,0.0001,-0.0
T13831,Archaeological and Geological Studies,57,31,-26,0.0001,0.0001,-0.01
T11438,Retinal Imaging and Analysis,34,54,20,0.0001,0.0001,0.0
T13443,Mineralogy and Gemology Studies,56,32,-24,0.0001,0.0001,-0.01
T12104,Protein Tyrosine Phosphatases,54,34,-20,0.0001,0.0001,-0.0
T13523,"Mathematics, Computing, and Information Processing",65,22,-43,0.0001,0.0,-0.01
T10258,Philosophy and Theoretical Science,18,69,51,0.0,0.0002,0.01
T12970,"Names, Identity, and Discrimination Research",40,47,7,0.0001,0.0001,0.0
T11595,Textile materials and evaluations,73,14,-59,0.0002,0.0,-0.01
T13180,Chemistry and Chemical Engineering,67,20,-47,0.0001,0.0,-0.01
T12996,Cancer Research and Treatments,76,11,-65,0.0002,0.0,-0.01
T13435,Animal and Plant Science Education,57,29,-28,0.0001,0.0001,-0.01
T14238,Historical Gender and Feminism Studies,56,30,-26,0.0001,0.0001,-0.01
T12568,Plant Taxonomy and Phylogenetics,68,18,-50,0.0001,0.0,-0.01
T11122,Online Learning and Analytics,39,47,8,0.0001,0.0001,0.0
T11250,Wave and Wind Energy Systems,38,48,10,0.0001,0.0001,0.0
T13984,"Nutrition, Genetics, and Disease",74,12,-62,0.0002,0.0,-0.01
T10953,E-Government and Public Services,25,61,36,0.0001,0.0001,0.01
T11531,Healthcare Systems and Reforms,19,67,48,0.0,0.0001,0.01
T13171,Polymer Science and PVC,48,37,-11,0.0001,0.0001,-0.0
T11155,Toxoplasma gondii Research Studies,44,41,-3,0.0001,0.0001,-0.0
T11257,Taxation and Compliance Studies,46,39,-7,0.0001,0.0001,-0.0
T13530,Climate Change and Environmental Impact,21,64,43,0.0,0.0001,0.01
T13196,Political Theory and Influence,46,39,-7,0.0001,0.0001,-0.0
T13204,Competitive and Knowledge Intelligence,63,22,-41,0.0001,0.0,-0.01
T12084,Synthesis and properties of polymers,71,14,-57,0.0002,0.0,-0.01
T11657,Digital and Traditional Archives Management,9,76,67,0.0,0.0002,0.01
T10690,Vibration Control and Rheological Fluids,37,47,10,0.0001,0.0001,0.0
T11420,Geographies of human-animal interactions,24,60,36,0.0001,0.0001,0.01
T10987,Microfinance and Financial Inclusion,45,39,-6,0.0001,0.0001,-0.0
T14339,Image Processing and 3D Reconstruction,77,7,-70,0.0002,0.0,-0.02
T10350,Electronic Health Records Systems,22,62,40,0.0,0.0001,0.01
T11224,Electromagnetic wave absorption materials,39,45,6,0.0001,0.0001,0.0
T10170,Retinal Diseases and Treatments,37,47,10,0.0001,0.0001,0.0
T12294,Agricultural Science and Fertilization,4,80,76,0.0,0.0002,0.02
T13728,"Crime, Deviance, and Social Control",11,73,62,0.0,0.0002,0.01
T10643,Marine and coastal plant biology,60,24,-36,0.0001,0.0001,-0.01
T13074,Global Financial Regulation and Crises,40,44,4,0.0001,0.0001,0.0
T11095,Emergency and Acute Care Studies,39,45,6,0.0001,0.0001,0.0
T13504,African history and culture analysis,67,16,-51,0.0001,0.0,-0.01
T13614,Social and Economic Solidarity,32,51,19,0.0001,0.0001,0.0
T11034,Digital Filter Design and Implementation,36,47,11,0.0001,0.0001,0.0
T12235,Child Abuse and Related Trauma,44,39,-5,0.0001,0.0001,-0.0
T12854,Neurology and Historical Studies,56,27,-29,0.0001,0.0001,-0.01
T10431,Ethnobotanical and Medicinal Plants Studies,31,52,21,0.0001,0.0001,0.0
T10533,Teaching and Learning Programming,27,56,29,0.0001,0.0001,0.01
T12371,Electrical Contact Performance and Analysis,31,52,21,0.0001,0.0001,0.0
T11171,Diabetes and associated disorders,54,29,-25,0.0001,0.0001,-0.01
T11142,Advanced Glycation End Products research,48,35,-13,0.0001,0.0001,-0.0
T12779,Public Procurement and Policy,18,65,47,0.0,0.0001,0.01
T11350,Sex work and related issues,31,52,21,0.0001,0.0001,0.0
T13726,International Science and Diplomacy,56,27,-29,0.0001,0.0001,-0.01
T10723,Advanced Welding Techniques Analysis,35,48,13,0.0001,0.0001,0.0
T13286,Modeling and Simulation Systems,36,47,11,0.0001,0.0001,0.0
T11485,Gastrointestinal Tumor Research and Treatment,45,38,-7,0.0001,0.0001,-0.0
T12099,Advanced materials and composites,68,15,-53,0.0001,0.0,-0.01
T10016,Adsorption and biosorption for pollutant removal,24,59,35,0.0001,0.0001,0.01
T12306,Urban and Freight Transport Logistics,56,27,-29,0.0001,0.0001,-0.01
T11376,Geriatric Care and Nursing Homes,26,57,31,0.0001,0.0001,0.01
T14427,Environmental Monitoring and Data Management,16,66,50,0.0,0.0001,0.01
T10210,Advanced oxidation water treatment,35,47,12,0.0001,0.0001,0.0
T11505,Reproductive biology and impacts on aquatic species,30,52,22,0.0001,0.0001,0.0
T10847,Advanced Optical Network Technologies,46,36,-10,0.0001,0.0001,-0.0
T10272,Mental Health Treatment and Access,31,51,20,0.0001,0.0001,0.0
T10967,Carbon Dioxide Capture Technologies,53,29,-24,0.0001,0.0001,-0.01
T12825,"Defense, Military, and Policy Studies",42,40,-2,0.0001,0.0001,-0.0
T12526,Antimicrobial agents and applications,36,46,10,0.0001,0.0001,0.0
T11467,Trauma and Emergency Care Studies,44,38,-6,0.0001,0.0001,-0.0
T13753,Diverse multidisciplinary academic research,82,0,-82,0.0002,0.0,-0.02
T12465,"Cancer, Lipids, and Metabolism",58,24,-34,0.0001,0.0001,-0.01
T11698,Underwater Acoustics Research,56,26,-30,0.0001,0.0001,-0.01
T12046,MXene and MAX Phase Materials,52,30,-22,0.0001,0.0001,-0.0
T10133,Media Studies and Communication,16,66,50,0.0,0.0001,0.01
T10391,Healthcare Policy and Management,28,54,26,0.0001,0.0001,0.01
T13198,"Historical, Religious, and Philosophical Studies",54,27,-27,0.0001,0.0001,-0.01
T11321,Error Correcting Code Techniques,26,55,29,0.0001,0.0001,0.01
T11630,Petroleum Processing and Analysis,45,36,-9,0.0001,0.0001,-0.0
T12132,Hymenoptera taxonomy and phylogeny,15,66,51,0.0,0.0001,0.01
T13352,International Relations in Latin America,45,36,-9,0.0001,0.0001,-0.0
T12290,Human Motion and Animation,44,37,-7,0.0001,0.0001,-0.0
T14515,International Law and Aviation,73,8,-65,0.0002,0.0,-0.01
T11736,Histone Deacetylase Inhibitors Research,47,34,-13,0.0001,0.0001,-0.0
T14078,Multiple and Secondary Primary Cancers,18,63,45,0.0,0.0001,0.01
T10260,Software Engineering Research,50,31,-19,0.0001,0.0001,-0.0
T10164,Quality and Supply Management,45,35,-10,0.0001,0.0001,-0.0
T13877,Law in Society and Culture,50,30,-20,0.0001,0.0001,-0.0
T11869,Per- and polyfluoroalkyl substances research,41,39,-2,0.0001,0.0001,-0.0
T11196,Non-Invasive Vital Sign Monitoring,36,44,8,0.0001,0.0001,0.0
T12370,Advances in Cucurbitaceae Research,40,40,0,0.0001,0.0001,0.0
T13151,Business Strategies and Innovation,7,73,66,0.0,0.0002,0.01
T12919,Blood disorders and treatments,40,40,0,0.0001,0.0001,0.0
T12870,Seedling growth and survival studies,20,60,40,0.0,0.0001,0.01
T13539,thermodynamics and calorimetric analyses,59,21,-38,0.0001,0.0,-0.01
T10599,Reconstructive Surgery and Microvascular Techniques,43,37,-6,0.0001,0.0001,-0.0
T12879,Distributed Sensor Networks and Detection Algorithms,48,32,-16,0.0001,0.0001,-0.0
T11352,Masonry and Concrete Structural Analysis,34,46,12,0.0001,0.0001,0.0
T10815,Parasite Biology and Host Interactions,53,27,-26,0.0001,0.0001,-0.01
T11579,Cardiovascular and Diving-Related Complications,43,37,-6,0.0001,0.0001,-0.0
T14259,Legal Rights and Human Rights,5,75,70,0.0,0.0002,0.02
T11163,Organ Donation and Transplantation,40,39,-1,0.0001,0.0001,-0.0
T14180,"Law, logistics, and international trade",56,23,-33,0.0001,0.0001,-0.01
T12240,Nanomaterials for catalytic reactions,43,36,-7,0.0001,0.0001,-0.0
T10892,Drilling and Well Engineering,48,31,-17,0.0001,0.0001,-0.0
T11902,Intelligent Tutoring Systems and Adaptive Learning,36,43,7,0.0001,0.0001,0.0
T11408,Advanced Optical Imaging Technologies,42,37,-5,0.0001,0.0001,-0.0
T12471,History of Science and Natural History,31,48,17,0.0001,0.0001,0.0
T11686,Dendrimers and Hyperbranched Polymers,45,34,-11,0.0001,0.0001,-0.0
T13762,Education and Labor Relations,2,77,75,0.0,0.0002,0.02
T12991,Phytase and its Applications,49,29,-20,0.0001,0.0001,-0.0
T11767,Poxvirus research and outbreaks,36,42,6,0.0001,0.0001,0.0
T11199,Pain Management and Opioid Use,39,39,0,0.0001,0.0001,0.0
T10187,Radio Frequency Integrated Circuit Design,43,35,-8,0.0001,0.0001,-0.0
T12562,Synthesis and Characterization of Pyrroles,25,53,28,0.0001,0.0001,0.01
T12691,Coccidia and coccidiosis research,40,38,-2,0.0001,0.0001,-0.0
T10986,RFID technology advancements,32,46,14,0.0001,0.0001,0.0
T11821,Odor and Emission Control Technologies,54,24,-30,0.0001,0.0001,-0.01
T11963,Impact of Light on Environment and Health,51,27,-24,0.0001,0.0001,-0.01
T12188,"Architecture, Modernity, and Design",10,68,58,0.0,0.0001,0.01
T13239,Phosphorus compounds and reactions,34,44,10,0.0001,0.0001,0.0
T11275,Composting and Vermicomposting Techniques,38,40,2,0.0001,0.0001,0.0
T13123,Advances in Oncology and Radiotherapy,53,25,-28,0.0001,0.0001,-0.01
T14433,Post-Communist Economic and Political Transition,48,30,-18,0.0001,0.0001,-0.0
T12690,Cross-Border Cooperation and Integration,39,39,0,0.0001,0.0001,0.0
T12087,Natural Compound Pharmacology Studies,54,23,-31,0.0001,0.0001,-0.01
T12489,Microbial Metabolites in Food Biotechnology,54,23,-31,0.0001,0.0001,-0.01
T10979,Breastfeeding Practices and Influences,40,37,-3,0.0001,0.0001,-0.0
T12241,Children's Physical and Motor Development,35,42,7,0.0001,0.0001,0.0
T10564,Wastewater Treatment and Nitrogen Removal,44,33,-11,0.0001,0.0001,-0.0
T10467,Psychometric Methodologies and Testing,23,54,31,0.0001,0.0001,0.01
T12147,Urban and Rural Development Challenges,22,55,33,0.0,0.0001,0.01
T12516,Advanced Mathematical Theories and Applications,63,14,-49,0.0001,0.0,-0.01
T11635,Poisoning and overdose treatments,30,47,17,0.0001,0.0001,0.0
T11314,Clinical Laboratory Practices and Quality Control,15,62,47,0.0,0.0001,0.01
T11397,"Populism, Right-Wing Movements",24,53,29,0.0001,0.0001,0.01
T11088,Marine Bivalve and Aquaculture Studies,61,16,-45,0.0001,0.0,-0.01
T11114,Service and Product Innovation,36,41,5,0.0001,0.0001,0.0
T12221,Cybersecurity and Cyber Warfare Studies,35,42,7,0.0001,0.0001,0.0
T11355,Inflammatory Biomarkers in Disease Prognosis,44,33,-11,0.0001,0.0001,-0.0
T12795,Banana Cultivation and Research,57,20,-37,0.0001,0.0,-0.01
T12185,Regulation and Compliance Studies,22,55,33,0.0,0.0001,0.01
T13230,Synthesis and Reactivity of Heterocycles,60,17,-43,0.0001,0.0,-0.01
T10806,Energetic Materials and Combustion,42,35,-7,0.0001,0.0001,-0.0
T10154,Customer Service Quality and Loyalty,28,48,20,0.0001,0.0001,0.0
T12337,Italian Fascism and Post-war Society,55,21,-34,0.0001,0.0,-0.01
T10498,Migraine and Headache Studies,38,38,0,0.0001,0.0001,0.0
T12079,IoT Networks and Protocols,27,49,22,0.0001,0.0001,0.0
T10573,Power Quality and Harmonics,25,51,26,0.0001,0.0001,0.01
T12664,Clinical practice guidelines implementation,35,41,6,0.0001,0.0001,0.0
T11361,Digital Radiography and Breast Imaging,33,43,10,0.0001,0.0001,0.0
T13138,Legal and Constitutional Studies,4,72,68,0.0,0.0002,0.01
T13802,Vietnamese History and Culture Studies,61,15,-46,0.0001,0.0,-0.01
T11711,COVID-19 Pandemic Impacts,34,42,8,0.0001,0.0001,0.0
T11571,Sarcoidosis and Beryllium Toxicity Research,39,37,-2,0.0001,0.0001,-0.0
T11525,Piezoelectric Actuators and Control,28,48,20,0.0001,0.0001,0.0
T10455,Foot and Ankle Surgery,35,41,6,0.0001,0.0001,0.0
T13513,Urban and sociocultural dynamics,14,62,48,0.0,0.0001,0.01
T10508,Patient Safety and Medication Errors,32,44,12,0.0001,0.0001,0.0
T11591,NF-κB Signaling Pathways,32,43,11,0.0001,0.0001,0.0
T12534,Protein Degradation and Inhibitors,58,17,-41,0.0001,0.0,-0.01
T10388,Advanced Steganography and Watermarking Techniques,34,41,7,0.0001,0.0001,0.0
T12719,Aerospace Engineering and Energy Systems,38,37,-1,0.0001,0.0001,-0.0
T14374,Statistical Methods in Epidemiology,2,73,71,0.0,0.0002,0.02
T10902,Complementary and Alternative Medicine Studies,27,48,21,0.0001,0.0001,0.0
T12470,Caribbean and African Literature and Culture,62,13,-49,0.0001,0.0,-0.01
T11430,Disaster Response and Management,53,22,-31,0.0001,0.0,-0.01
T10827,Patient-Provider Communication in Healthcare,26,49,23,0.0001,0.0001,0.01
T12069,Commutative Algebra and Its Applications,41,34,-7,0.0001,0.0001,-0.0
T12281,Animal testing and alternatives,31,44,13,0.0001,0.0001,0.0
T12424,Earthquake Detection and Analysis,53,22,-31,0.0001,0.0,-0.01
T13591,Pasture and Agricultural Systems,28,47,19,0.0001,0.0001,0.0
T13375,Integrated Water Resources Management,8,67,59,0.0,0.0001,0.01
T12095,Vehicle emissions and performance,56,18,-38,0.0001,0.0,-0.01
T12752,Global Peace and Security Dynamics,58,16,-42,0.0001,0.0,-0.01
T13067,Geological Modeling and Analysis,51,23,-28,0.0001,0.0001,-0.01
T10742,Peer-to-Peer Network Technologies,48,26,-22,0.0001,0.0001,-0.0
T12659,Innovation Diffusion and Forecasting,41,33,-8,0.0001,0.0001,-0.0
T11620,Medication Adherence and Compliance,31,43,12,0.0001,0.0001,0.0
T12881,linguistics and terminology studies,31,43,12,0.0001,0.0001,0.0
T10552,Colorectal Cancer Screening and Detection,41,33,-8,0.0001,0.0001,-0.0
T12781,Global Health Care Issues,63,11,-52,0.0001,0.0,-0.01
T12168,Health and Medical Research Impacts,40,34,-6,0.0001,0.0001,-0.0
T11899,"Brucella: diagnosis, epidemiology, treatment",39,35,-4,0.0001,0.0001,-0.0
T12292,Graph Theory and Algorithms,41,33,-8,0.0001,0.0001,-0.0
T11652,Imbalanced Data Classification Techniques,43,31,-12,0.0001,0.0001,-0.0
T10656,Child and Animal Learning Development,44,30,-14,0.0001,0.0001,-0.0
T13394,"Ecology, Conservation, and Geographical Studies",17,57,40,0.0,0.0001,0.01
T12619,Political Systems and Governance,22,52,30,0.0,0.0001,0.01
T12280,Magnesium in Health and Disease,42,31,-11,0.0001,0.0001,-0.0
T10843,Diversity and Career in Medicine,35,38,3,0.0001,0.0001,0.0
T12473,Pacific and Southeast Asian Studies,61,12,-49,0.0001,0.0,-0.01
T12246,Chronic Disease Management Strategies,45,28,-17,0.0001,0.0001,-0.0
T10576,Opioid Use Disorder Treatment,33,40,7,0.0001,0.0001,0.0
T13603,Corporate Social Responsibility and Sustainability,3,70,67,0.0,0.0002,0.01
T14237,Historical and Political Studies,54,19,-35,0.0001,0.0,-0.01
T12674,"Rabbits: Nutrition, Reproduction, Health",51,22,-29,0.0001,0.0,-0.01
T10975,Bone Tumor Diagnosis and Treatments,40,33,-7,0.0001,0.0001,-0.0
T10984,Sinusitis and nasal conditions,38,35,-3,0.0001,0.0001,-0.0
T12409,Reformation and Early Modern Christianity,31,42,11,0.0001,0.0001,0.0
T11692,Noise Effects and Management,42,31,-11,0.0001,0.0001,-0.0
T13235,Management Theory and Practice,8,65,57,0.0,0.0001,0.01
T10737,Health Literacy and Information Accessibility,37,36,-1,0.0001,0.0001,-0.0
T10372,Cardiac Imaging and Diagnostics,43,29,-14,0.0001,0.0001,-0.0
T11801,Reservoir Engineering and Simulation Methods,59,13,-46,0.0001,0.0,-0.01
T11227,Diabetic Foot Ulcer Assessment and Management,40,32,-8,0.0001,0.0001,-0.0
T10006,Job Satisfaction and Organizational Behavior,20,52,32,0.0,0.0001,0.01
T10816,Cerebrovascular and Carotid Artery Diseases,32,40,8,0.0001,0.0001,0.0
T11173,Neurofibromatosis and Schwannoma Cases,38,34,-4,0.0001,0.0001,-0.0
T11462,Museums and Cultural Heritage,21,51,30,0.0,0.0001,0.01
T10905,Solar Thermal and Photovoltaic Systems,34,38,4,0.0001,0.0001,0.0
T14249,Water Quality Monitoring and Analysis,64,8,-56,0.0001,0.0,-0.01
T12555,Ancient Egypt and Archaeology,37,35,-2,0.0001,0.0001,-0.0
T11479,Smart Cities and Technologies,32,40,8,0.0001,0.0001,0.0
T12812,Meromorphic and Entire Functions,55,17,-38,0.0001,0.0,-0.01
T11826,Ocular Infections and Treatments,25,46,21,0.0001,0.0001,0.0
T10708,Mindfulness and Compassion Interventions,35,36,1,0.0001,0.0001,0.0
T12502,Urbanization and City Planning,48,23,-25,0.0001,0.0001,-0.01
T10970,Team Dynamics and Performance,25,46,21,0.0001,0.0001,0.0
T11015,Down syndrome and intellectual disability research,38,33,-5,0.0001,0.0001,-0.0
T12725,transportation and logistics systems,0,71,71,0.0,0.0002,0.02
T12472,Plant responses to water stress,49,22,-27,0.0001,0.0,-0.01
T11246,Sports injuries and prevention,52,18,-34,0.0001,0.0,-0.01
T12387,Galectins and Cancer Biology,49,21,-28,0.0001,0.0,-0.01
T12701,Biological Control of Invasive Species,45,25,-20,0.0001,0.0001,-0.0
T13581,New Caledonia Indigenous Studies,46,24,-22,0.0001,0.0001,-0.0
T11556,"Poverty, Education, and Child Welfare",35,35,0,0.0001,0.0001,0.0
T10674,School Choice and Performance,35,35,0,0.0001,0.0001,0.0
T14002,"Art, Technology, and Culture",10,60,50,0.0,0.0001,0.01
T11634,Water Quality and Pollution Assessment,39,31,-8,0.0001,0.0001,-0.0
T12312,"Culture, Economy, and Development Studies",43,27,-16,0.0001,0.0001,-0.0
T12085,Collagen: Extraction and Characterization,41,29,-12,0.0001,0.0001,-0.0
T10363,Low-power high-performance VLSI design,27,43,16,0.0001,0.0001,0.0
T10771,Wound Healing and Treatments,36,34,-2,0.0001,0.0001,-0.0
T12357,Digital Media Forensic Detection,37,33,-4,0.0001,0.0001,-0.0
T14490,Human Rights and Immigration,65,5,-60,0.0001,0.0,-0.01
T11017,Chaos-based Image/Signal Encryption,57,13,-44,0.0001,0.0,-0.01
T12388,Identification and Quantification in Food,57,13,-44,0.0001,0.0,-0.01
T14213,Global Politics and Economy,70,0,-70,0.0002,0.0,-0.02
T11972,Chromium effects and bioremediation,48,22,-26,0.0001,0.0,-0.01
T12673,Microbial Metabolism and Applications,51,19,-32,0.0001,0.0,-0.01
T11074,Helminth infection and control,29,41,12,0.0001,0.0001,0.0
T12432,Arctic and Russian Policy Studies,44,26,-18,0.0001,0.0001,-0.0
T12219,Canadian Identity and History,52,18,-34,0.0001,0.0,-0.01
T12819,Environmental Philosophy and Ethics,21,49,28,0.0,0.0001,0.01
T12379,Cancer Diagnosis and Treatment,43,27,-16,0.0001,0.0001,-0.0
T12786,Innovation and Socioeconomic Development,49,20,-29,0.0001,0.0,-0.01
T10795,Healthcare professionals’ stress and burnout,40,29,-11,0.0001,0.0001,-0.0
T11073,Metal Extraction and Bioleaching,45,24,-21,0.0001,0.0001,-0.0
T12389,Infrared Target Detection Methodologies,61,8,-53,0.0001,0.0,-0.01
T12065,Hippo pathway signaling and YAP/TAZ,47,22,-25,0.0001,0.0,-0.01
T10828,Biometric Identification and Security,25,44,19,0.0001,0.0001,0.0
T12627,Graphene and Nanomaterials Applications,38,31,-7,0.0001,0.0001,-0.0
T11401,Minerals Flotation and Separation Techniques,34,35,1,0.0001,0.0001,0.0
T11018,Lower Extremity Biomechanics and Pathologies,21,48,27,0.0,0.0001,0.01
T12816,Global Public Health Policies and Epidemiology,37,32,-5,0.0001,0.0001,-0.0
T11134,Breast Lesions and Carcinomas,22,47,25,0.0,0.0001,0.01
T12724,Water-Energy-Food Nexus Studies,40,29,-11,0.0001,0.0001,-0.0
T12443,Delphi Technique in Research,44,25,-19,0.0001,0.0001,-0.0
T11402,Vascular Malformations Diagnosis and Treatment,34,35,1,0.0001,0.0001,0.0
T12444,"Art, Politics, and Modernism",16,53,37,0.0,0.0001,0.01
T12186,Phosphorus and nutrient management,35,34,-1,0.0001,0.0001,-0.0
T11220,Water Systems and Optimization,40,29,-11,0.0001,0.0001,-0.0
T14492,"War, Law, and Justice",1,68,67,0.0,0.0001,0.01
T13114,Image Processing Techniques and Applications,50,19,-31,0.0001,0.0,-0.01
T11896,Opportunistic and Delay-Tolerant Networks,53,15,-38,0.0001,0.0,-0.01
T11659,Advanced Image Fusion Techniques,40,28,-12,0.0001,0.0001,-0.0
T11158,Wireless Networks and Protocols,31,37,6,0.0001,0.0001,0.0
T12428,Global Trade and Competitiveness,54,14,-40,0.0001,0.0,-0.01
T11501,TGF-β signaling in diseases,38,30,-8,0.0001,0.0001,-0.0
T11331,Fecal contamination and water quality,29,39,10,0.0001,0.0001,0.0
T11954,Energy Efficiency and Management,53,15,-38,0.0001,0.0,-0.01
T13199,Digestive system and related health,47,21,-26,0.0001,0.0,-0.01
T13069,Cocoa and Sweet Potato Agronomy,53,15,-38,0.0001,0.0,-0.01
T12608,Spatial Neglect and Hemispheric Dysfunction,36,32,-4,0.0001,0.0001,-0.0
T12768,Linguistics and language evolution,38,30,-8,0.0001,0.0001,-0.0
T11297,Ferroptosis and cancer prognosis,43,25,-18,0.0001,0.0001,-0.0
T13575,Travel Writing and Literature,14,54,40,0.0,0.0001,0.01
T11536,Consumer Retail Behavior Studies,41,27,-14,0.0001,0.0001,-0.0
T13156,Historical Linguistics and Language Studies,52,16,-36,0.0001,0.0,-0.01
T12007,Plasma and Flow Control in Aerodynamics,20,48,28,0.0,0.0001,0.01
T10562,Total Knee Arthroplasty Outcomes,40,27,-13,0.0001,0.0001,-0.0
T10734,Information and Cyber Security,25,42,17,0.0001,0.0001,0.0
T12136,Vanadium and Halogenation Chemistry,52,15,-37,0.0001,0.0,-0.01
T11494,Coleoptera Taxonomy and Distribution,40,27,-13,0.0001,0.0001,-0.0
T13129,Material Properties and Applications,65,2,-63,0.0001,0.0,-0.01
T11165,Image and Video Quality Assessment,31,36,5,0.0001,0.0001,0.0
T13766,"Media, Journalism, and Communication History",8,59,51,0.0,0.0001,0.01
T12156,World Trade Organization Law,25,42,17,0.0001,0.0001,0.0
T13970,Pharmacy and Medical Practices,6,61,55,0.0,0.0001,0.01
T11598,Internet Traffic Analysis and Secure E-voting,34,33,-1,0.0001,0.0001,-0.0
T11070,Soviet and Russian History,27,40,13,0.0001,0.0001,0.0
T12821,Geological Formations and Processes Exploration,39,28,-11,0.0001,0.0001,-0.0
T13382,Robotics and Automated Systems,44,23,-21,0.0001,0.0001,-0.0
T12229,Pharmacological Effects and Toxicity Studies,56,11,-45,0.0001,0.0,-0.01
T10355,Impact of Technology on Adolescents,34,33,-1,0.0001,0.0001,-0.0
T13410,Immune responses and vaccinations,40,26,-14,0.0001,0.0001,-0.0
T11372,Hydraulic and Pneumatic Systems,43,23,-20,0.0001,0.0001,-0.0
T12784,Modular Robots and Swarm Intelligence,56,10,-46,0.0001,0.0,-0.01
T12615,Climate Change and Geoengineering,44,22,-22,0.0001,0.0,-0.0
T10068,Technology Adoption and User Behaviour,28,38,10,0.0001,0.0001,0.0
T13948,Gender and Women's Rights,4,62,58,0.0,0.0001,0.01
T11660,Blood groups and transfusion,41,25,-16,0.0001,0.0001,-0.0
T13624,Social Sciences and Policies,24,42,18,0.0001,0.0001,0.0
T10655,GNSS positioning and interference,30,36,6,0.0001,0.0001,0.0
T10383,"Language, Discourse, Communication Strategies",17,49,32,0.0,0.0001,0.01
T11079,Creativity in Education and Neuroscience,44,22,-22,0.0001,0.0,-0.0
T11009,Catalysis for Biomass Conversion,33,33,0,0.0001,0.0001,0.0
T14388,Medieval European History and Architecture,31,35,4,0.0001,0.0001,0.0
T12020,Enhanced Recovery After Surgery,31,35,4,0.0001,0.0001,0.0
T11219,Bone Metabolism and Diseases,27,38,11,0.0001,0.0001,0.0
T11042,Corruption and Economic Development,23,42,19,0.0001,0.0001,0.0
T12264,Tissue Engineering and Regenerative Medicine,30,35,5,0.0001,0.0001,0.0
T11083,Cardiac Health and Mental Health,38,27,-11,0.0001,0.0001,-0.0
T11669,Head and Neck Surgical Oncology,36,29,-7,0.0001,0.0001,-0.0
T11248,Advanced Power Amplifier Design,32,33,1,0.0001,0.0001,0.0
T10130,Mathematics Education and Teaching Techniques,25,40,15,0.0001,0.0001,0.0
T12932,Powder Metallurgy Techniques and Materials,28,37,9,0.0001,0.0001,0.0
T11678,Healthcare Decision-Making and Restraints,30,35,5,0.0001,0.0001,0.0
T11577,Cognitive Abilities and Testing,36,29,-7,0.0001,0.0001,-0.0
T13101,Legal and Social Justice Studies,0,65,65,0.0,0.0001,0.01
T13439,Transport and Economic Policies,40,24,-16,0.0001,0.0001,-0.0
T12187,Glutathione Transferases and Polymorphisms,40,24,-16,0.0001,0.0001,-0.0
T12404,Mathematical Approximation and Integration,43,21,-22,0.0001,0.0,-0.0
T12011,"Insurance, Mortality, Demography, Risk Management",40,24,-16,0.0001,0.0001,-0.0
T12243,Research in Cotton Cultivation,36,28,-8,0.0001,0.0001,-0.0
T14049,Plant and Fungal Species Descriptions,22,42,20,0.0,0.0001,0.0
T12437,"Balkans: History, Politics, Society",23,41,18,0.0001,0.0001,0.0
T11003,Disability Rights and Representation,3,61,58,0.0,0.0001,0.01
T13634,Middle East and Rwanda Conflicts,53,11,-42,0.0001,0.0,-0.01
T12645,European history and politics,45,19,-26,0.0001,0.0,-0.01
T12076,Renaissance and Early Modern Studies,17,47,30,0.0,0.0001,0.01
T10972,Power Systems Fault Detection,24,40,16,0.0001,0.0001,0.0
T12493,"Memory, violence, and history",17,47,30,0.0,0.0001,0.01
T11874,Structural Response to Dynamic Loads,44,20,-24,0.0001,0.0,-0.01
T11728,Thyroid and Parathyroid Surgery,33,31,-2,0.0001,0.0001,-0.0
T11633,Prenatal Substance Exposure Effects,33,31,-2,0.0001,0.0001,-0.0
T12263,Peacebuilding and International Security,27,37,10,0.0001,0.0001,0.0
T12804,Thermal Analysis in Power Transmission,59,5,-54,0.0001,0.0,-0.01
T10630,Orthopedic Surgery and Rehabilitation,38,25,-13,0.0001,0.0001,-0.0
T13231,"History, Culture, and Diplomacy",33,30,-3,0.0001,0.0001,-0.0
T12302,Advanced Nanomaterials in Catalysis,57,6,-51,0.0001,0.0,-0.01
T13845,Classical Studies and Legal History,58,5,-53,0.0001,0.0,-0.01
T12088,Intergenerational and Educational Inequality Studies,25,38,13,0.0001,0.0001,0.0
T12180,Polar Research and Ecology,37,26,-11,0.0001,0.0001,-0.0
T11492,Academic integrity and plagiarism,16,47,31,0.0,0.0001,0.01
T13157,Cancer-related gene regulation,54,9,-45,0.0001,0.0,-0.01
T11602,Magnetic Bearings and Levitation Dynamics,37,26,-11,0.0001,0.0001,-0.0
T12161,Plant Surface Properties and Treatments,38,25,-13,0.0001,0.0001,-0.0
T11006,BIM and Construction Integration,39,24,-15,0.0001,0.0001,-0.0
T11870,Structural Analysis and Optimization,51,11,-40,0.0001,0.0,-0.01
T12793,Caveolin-1 and cellular processes,37,25,-12,0.0001,0.0001,-0.0
T12648,Academic Writing and Publishing,22,40,18,0.0,0.0001,0.0
T13806,Mathematical and Computational Methods,1,61,60,0.0,0.0001,0.01
T11835,Sustainability in Higher Education,14,48,34,0.0,0.0001,0.01
T11802,Chemical Looping and Thermochemical Processes,30,32,2,0.0001,0.0001,0.0
T12369,Pneumocystis jirovecii pneumonia detection and treatment,45,17,-28,0.0001,0.0,-0.01
T12981,Conservation Techniques and Studies,35,27,-8,0.0001,0.0001,-0.0
T13910,Computational and Text Analysis Methods,27,35,8,0.0001,0.0001,0.0
T10990,Infection Control and Ventilation,35,27,-8,0.0001,0.0001,-0.0
T13083,Advanced Text Analysis Techniques,31,31,0,0.0001,0.0001,0.0
T13854,Historical Geography and Cartography,25,37,12,0.0001,0.0001,0.0
T14143,Economic and Technological Innovation,40,22,-18,0.0001,0.0,-0.0
T11138,Tribology and Lubrication Engineering,35,27,-8,0.0001,0.0001,-0.0
T12144,"Colonialism, slavery, and trade",19,43,24,0.0,0.0001,0.01
T12271,Renewable energy and sustainable power systems,16,46,30,0.0,0.0001,0.01
T11109,Thermoregulation and physiological responses,43,19,-24,0.0001,0.0,-0.01
T11493,Water Treatment and Disinfection,36,25,-11,0.0001,0.0001,-0.0
T11750,Phytoplasmas and Hemiptera pathogens,38,23,-15,0.0001,0.0001,-0.0
T11465,Drug-Induced Hepatotoxicity and Protection,31,30,-1,0.0001,0.0001,-0.0
T10954,Peripheral Nerve Disorders,26,35,9,0.0001,0.0001,0.0
T10430,Software Engineering Techniques and Practices,22,39,17,0.0,0.0001,0.0
T13512,Spatial and Cultural Studies,1,60,59,0.0,0.0001,0.01
T11239,Social Capital and Networks,16,45,29,0.0,0.0001,0.01
T12677,Sports Dynamics and Biomechanics,28,33,5,0.0001,0.0001,0.0
T12813,Plant and Biological Electrophysiology Studies,44,17,-27,0.0001,0.0,-0.01
T11021,ECG Monitoring and Analysis,28,33,5,0.0001,0.0001,0.0
T12810,Real-time simulation and control systems,50,11,-39,0.0001,0.0,-0.01
T12410,Structural and Chemical Analysis of Organic and Inorganic Compounds,8,53,45,0.0,0.0001,0.01
T13415,Calcium signaling and nucleotide metabolism,30,31,1,0.0001,0.0001,0.0
T13105,Synthesis and pharmacology of benzodiazepine derivatives,37,24,-13,0.0001,0.0001,-0.0
T10820,Fuzzy Logic and Control Systems,36,25,-11,0.0001,0.0001,-0.0
T14365,Leaf Properties and Growth Measurement,37,24,-13,0.0001,0.0001,-0.0
T14457,Intellectual Property Rights and Media,2,59,57,0.0,0.0001,0.01
T13295,Safety Systems Engineering in Autonomy,22,39,17,0.0,0.0001,0.0
T14342,"Military, Security, and Education Studies",47,13,-34,0.0001,0.0,-0.01
T14005,Eastern European Communism and Reforms,18,42,24,0.0,0.0001,0.01
T11932,Wireless Body Area Networks,45,15,-30,0.0001,0.0,-0.01
T11610,Food Security and Health in Diverse Populations,39,21,-18,0.0001,0.0,-0.0
T14468,Plant Ecology and Soil Science,47,13,-34,0.0001,0.0,-0.01
T12456,Geotourism and Geoheritage Conservation,29,31,2,0.0001,0.0001,0.0
T11568,Railway Systems and Energy Efficiency,35,25,-10,0.0001,0.0001,-0.0
T10485,"Bullying, Victimization, and Aggression",19,41,22,0.0,0.0001,0.0
T11677,Congenital heart defects research,50,10,-40,0.0001,0.0,-0.01
T13417,Biomedical Ethics and Regulation,43,17,-26,0.0001,0.0,-0.01
T13904,Artificial Intelligence Applications,1,59,58,0.0,0.0001,0.01
T13060,Adventure Sports and Sensation Seeking,30,30,0,0.0001,0.0001,0.0
T14146,Earthquake and Tsunami Effects,4,56,52,0.0,0.0001,0.01
T11228,Bat Biology and Ecology Studies,37,23,-14,0.0001,0.0001,-0.0
T10692,Urban Green Space and Health,30,30,0,0.0001,0.0001,0.0
T13506,Botanical Research and Chemistry,56,3,-53,0.0001,0.0,-0.01
T11291,Intraocular Surgery and Lenses,31,28,-3,0.0001,0.0001,-0.0
T12375,Cuban History and Society,28,31,3,0.0001,0.0001,0.0
T12159,T-cell and Retrovirus Studies,34,25,-9,0.0001,0.0001,-0.0
T14448,EU Law and Policy Analysis,22,37,15,0.0,0.0001,0.0
T12900,Organ and Tissue Transplantation Research,33,26,-7,0.0001,0.0001,-0.0
T12688,Microbial metabolism and enzyme function,20,39,19,0.0,0.0001,0.0
T11749,Iterative Learning Control Systems,54,5,-49,0.0001,0.0,-0.01
T12528,"IL-33, ST2, and ILC Pathways",40,19,-21,0.0001,0.0,-0.0
T11542,Behavioral Health and Interventions,46,13,-33,0.0001,0.0,-0.01
T10918,Memory Processes and Influences,18,41,23,0.0,0.0001,0.01
T12976,Magnetic and Electromagnetic Effects,58,1,-57,0.0001,0.0,-0.01
T11068,Tendon Structure and Treatment,36,23,-13,0.0001,0.0001,-0.0
T12897,Structural Analysis of Composite Materials,49,10,-39,0.0001,0.0,-0.01
T11251,Meningioma and schwannoma management,32,27,-5,0.0001,0.0001,-0.0
T14206,Animal Law and Welfare,6,53,47,0.0,0.0001,0.01
T11688,Microbial infections and disease research,39,19,-20,0.0001,0.0,-0.0
T12213,Marine Ecology and Invasive Species,41,17,-24,0.0001,0.0,-0.01
T10081,"Auditing, Earnings Management, Governance",23,35,12,0.0001,0.0001,0.0
T13673,Library Science and Information,0,58,58,0.0,0.0001,0.01
T11537,Ethics in medical practice,45,13,-32,0.0001,0.0,-0.01
T11849,Intellectual Capital and Performance Analysis,27,31,4,0.0001,0.0001,0.0
T12171,Open Education and E-Learning,35,23,-12,0.0001,0.0001,-0.0
T11702,Parasitic Diseases Research and Treatment,22,36,14,0.0,0.0001,0.0
T11390,Seaweed-derived Bioactive Compounds,34,24,-10,0.0001,0.0001,-0.0
T12610,RNA regulation and disease,49,9,-40,0.0001,0.0,-0.01
T12064,Intraperitoneal and Appendiceal Malignancies,33,25,-8,0.0001,0.0001,-0.0
T11843,Family Business Performance and Succession,37,21,-16,0.0001,0.0,-0.0
T11564,Mathematical Inequalities and Applications,21,37,16,0.0,0.0001,0.0
T12067,Renal and Vascular Pathologies,47,11,-36,0.0001,0.0,-0.01
T13252,Sex and Gender in Healthcare,28,30,2,0.0001,0.0001,0.0
T10380,Intimate Partner and Family Violence,12,46,34,0.0,0.0001,0.01
T13011,Latin American rural development,3,55,52,0.0,0.0001,0.01
T12282,Mineral Processing and Grinding,47,11,-36,0.0001,0.0,-0.01
T10267,Higher Education Research Studies,4,54,50,0.0,0.0001,0.01
T11400,Motivation and Self-Concept in Sports,35,22,-13,0.0001,0.0,-0.0
T12412,Enzyme function and inhibition,46,11,-35,0.0001,0.0,-0.01
T11365,Islamic Finance and Banking Studies,37,20,-17,0.0001,0.0,-0.0
T13477,Sustainable Design and Development,2,55,53,0.0,0.0001,0.01
T13268,Photographic and Visual Arts,10,47,37,0.0,0.0001,0.01
T11741,Flexible and Reconfigurable Manufacturing Systems,36,21,-15,0.0001,0.0,-0.0
T11283,Experimental Learning in Engineering,34,23,-11,0.0001,0.0001,-0.0
T12068,Neonatal Health and Biochemistry,41,16,-25,0.0001,0.0,-0.01
T12016,Web Data Mining and Analysis,39,18,-21,0.0001,0.0,-0.0
T12693,"Migration, Ethnicity, and Economy",35,22,-13,0.0001,0.0,-0.0
T11812,Nasal Surgery and Airway Studies,24,32,8,0.0001,0.0001,0.0
T13342,Art History and Market Analysis,36,20,-16,0.0001,0.0,-0.0
T12742,Sunflower and Safflower Cultivation,27,29,2,0.0001,0.0001,0.0
T13207,Youth Substance Use and School Attendance,24,32,8,0.0001,0.0001,0.0
T14178,Environmental Science and Water Management,7,49,42,0.0,0.0001,0.01
T11282,Fibromyalgia and Chronic Fatigue Syndrome Research,36,20,-16,0.0001,0.0,-0.0
T13408,Corporate Law and Human Rights,32,24,-8,0.0001,0.0001,-0.0
T12844,Psychology and Mental Health,8,48,40,0.0,0.0001,0.01
T11387,Ichthyology and Marine Biology,42,14,-28,0.0001,0.0,-0.01
T12108,Management of metastatic bone disease,33,23,-10,0.0001,0.0001,-0.0
T12761,Data Stream Mining Techniques,33,23,-10,0.0001,0.0001,-0.0
T12146,Power Line Communications and Noise,39,17,-22,0.0001,0.0,-0.0
T12102,Fire effects on concrete materials,33,23,-10,0.0001,0.0001,-0.0
T12508,Functional Equations Stability Results,48,8,-40,0.0001,0.0,-0.01
T11832,Doctoral Education Challenges and Solutions,13,43,30,0.0,0.0001,0.01
T11064,Antiplatelet Therapy and Cardiovascular Diseases,33,23,-10,0.0001,0.0001,-0.0
T13490,Aquatic Ecosystems and Biodiversity,35,21,-14,0.0001,0.0,-0.0
T12127,Software System Performance and Reliability,46,9,-37,0.0001,0.0,-0.01
T12296,Autopsy Techniques and Outcomes,24,31,7,0.0001,0.0001,0.0
T11563,Indian and Buddhist Studies,20,35,15,0.0,0.0001,0.0
T11004,Crustacean biology and ecology,33,22,-11,0.0001,0.0,-0.0
T13186,Russia and Soviet political economy,39,16,-23,0.0001,0.0,-0.01
T12708,Economic and Financial Impacts of Cancer,34,21,-13,0.0001,0.0,-0.0
T12090,Language and cultural evolution,36,19,-17,0.0001,0.0,-0.0
T12074,Membrane-based Ion Separation Techniques,28,27,-1,0.0001,0.0001,-0.0
T14278,Marxism and Critical Theory,9,46,37,0.0,0.0001,0.01
T12514,Fashion and Cultural Textiles,17,38,21,0.0,0.0001,0.0
T11912,Outsourcing and Supply Chain Management,20,35,15,0.0,0.0001,0.0
T13553,Age of Information Optimization,26,29,3,0.0001,0.0001,0.0
T10149,Anthropological Studies and Insights,14,41,27,0.0,0.0001,0.01
T11388,"Grief, Bereavement, and Mental Health",29,26,-3,0.0001,0.0001,-0.0
T11581,Viral Infections and Outbreaks Research,40,15,-25,0.0001,0.0,-0.01
T12491,Superconductivity in MgB2 and Alloys,41,14,-27,0.0001,0.0,-0.01
T14400,Medical Coding and Health Information,9,46,37,0.0,0.0001,0.01
T11664,Fiber-reinforced polymer composites,34,21,-13,0.0001,0.0,-0.0
T12203,Mobile Agent-Based Network Management,36,19,-17,0.0001,0.0,-0.0
T12445,Twentieth Century Scientific Developments,36,19,-17,0.0001,0.0,-0.0
T11627,Autoimmune Neurological Disorders and Treatments,32,23,-9,0.0001,0.0001,-0.0
T12053,Minimally Invasive Surgical Techniques,20,35,15,0.0,0.0001,0.0
T13473,Economic Zones and Regional Development,48,7,-41,0.0001,0.0,-0.01
T10868,Soft Robotics and Applications,31,23,-8,0.0001,0.0001,-0.0
T11724,Inflammatory Myopathies and Dermatomyositis,33,21,-12,0.0001,0.0,-0.0
T10853,"Anxiety, Depression, Psychometrics, Treatment, Cognitive Processes",22,32,10,0.0,0.0001,0.0
T13209,Cold Fusion and Nuclear Reactions,49,5,-44,0.0001,0.0,-0.01
T13944,Psychiatric care and mental health services,6,48,42,0.0,0.0001,0.01
T12606,Diptera species taxonomy and behavior,6,48,42,0.0,0.0001,0.01
T12045,Rice Cultivation and Yield Improvement,26,28,2,0.0001,0.0001,0.0
T14072,Immunotoxicology and immune responses,18,36,18,0.0,0.0001,0.0
T10193,Coronary Interventions and Diagnostics,26,28,2,0.0001,0.0001,0.0
T12856,Transgenic Plants and Applications,46,8,-38,0.0001,0.0,-0.01
T12698,3D Modeling in Geospatial Applications,37,17,-20,0.0001,0.0,-0.0
T13393,Child Nutrition and Feeding Issues,45,9,-36,0.0001,0.0,-0.01
T11432,Gender Politics and Representation,17,37,20,0.0,0.0001,0.0
T11507,Religion and Society Interactions,20,34,14,0.0,0.0001,0.0
T11348,Celiac Disease Research and Management,31,23,-8,0.0001,0.0001,-0.0
T13556,Historical Influence and Diplomacy,38,16,-22,0.0001,0.0,-0.0
T12862,Catholicism and Religious Studies,5,49,44,0.0,0.0001,0.01
T12714,Youth Education and Societal Dynamics,12,42,30,0.0,0.0001,0.01
T12910,Eicosanoids and Hypertension Pharmacology,33,20,-13,0.0001,0.0,-0.0
T11922,Cardiovascular Effects of Exercise,37,16,-21,0.0001,0.0,-0.0
T10651,"IPv6, Mobility, Handover, Networks, Security",19,34,15,0.0,0.0001,0.0
T12005,Spaceflight effects on biology,34,19,-15,0.0001,0.0,-0.0
T11386,Bee Products Chemical Analysis,35,18,-17,0.0001,0.0,-0.0
T12027,Social Media in Health Education,28,25,-3,0.0001,0.0001,-0.0
T14293,Biotechnology and Related Fields,40,13,-27,0.0001,0.0,-0.01
T12594,Collaboration in agile enterprises,39,14,-25,0.0001,0.0,-0.01
T10793,Diabetes Management and Education,31,22,-9,0.0001,0.0,-0.0
T12125,Aerospace and Aviation Technology,29,24,-5,0.0001,0.0001,-0.0
T13058,Soil and Land Suitability Analysis,30,23,-7,0.0001,0.0001,-0.0
T12507,"Utopian, Dystopian, and Speculative Fiction",8,45,37,0.0,0.0001,0.01
T14466,"Migration, Health, Geopolitics, Historical Geography",20,33,13,0.0,0.0001,0.0
T13951,Fluid dynamics and aerodynamics studies,27,26,-1,0.0001,0.0001,-0.0
T10636,Innovative Teaching and Learning Methods,38,15,-23,0.0001,0.0,-0.01
T10362,Biblical Studies and Interpretation,24,29,5,0.0001,0.0001,0.0
T11148,"Language, Metaphor, and Cognition",35,17,-18,0.0001,0.0,-0.0
T12042,Satellite Communication Systems,32,20,-12,0.0001,0.0,-0.0
T11375,Geotechnical Engineering and Soil Stabilization,29,23,-6,0.0001,0.0001,-0.0
T11572,Information Technology Governance and Strategy,18,34,16,0.0,0.0001,0.0
T11550,Text and Document Classification Technologies,27,25,-2,0.0001,0.0001,-0.0
T13437,Mechanisms of cancer metastasis,35,17,-18,0.0001,0.0,-0.0
T10695,Parasites and Host Interactions,29,23,-6,0.0001,0.0001,-0.0
T13470,Surface Treatment and Coatings,6,46,40,0.0,0.0001,0.01
T12494,Alcoholism and Thiamine Deficiency,39,13,-26,0.0001,0.0,-0.01
T11344,Traffic Prediction and Management Techniques,34,18,-16,0.0001,0.0,-0.0
T10557,Social Media and Politics,34,18,-16,0.0001,0.0,-0.0
T12110,Bone and Dental Protein Studies,38,14,-24,0.0001,0.0,-0.01
T13325,Dye analysis and toxicity,24,28,4,0.0001,0.0001,0.0
T13763,Historical Legal Studies and Society,11,41,30,0.0,0.0001,0.01
T12554,Vitamin C and Antioxidants Research,40,12,-28,0.0001,0.0,-0.01
T12194,Cultural Competency in Health Care,8,44,36,0.0,0.0001,0.01
T11214,Human-Animal Interaction Studies,32,20,-12,0.0001,0.0,-0.0
T11968,High Altitude and Hypoxia,29,23,-6,0.0001,0.0001,-0.0
T14389,"Innovation, Technology, and Society",13,39,26,0.0,0.0001,0.01
T10696,Gastric Cancer Management and Outcomes,27,24,-3,0.0001,0.0001,-0.0
T12782,Assembly Line Balancing Optimization,26,25,-1,0.0001,0.0001,-0.0
T10687,Innovative concrete reinforcement materials,18,33,15,0.0,0.0001,0.0
T12172,Neutropenia and Cancer Infections,26,25,-1,0.0001,0.0001,-0.0
T11174,Pediatric Urology and Nephrology Studies,33,18,-15,0.0001,0.0,-0.0
T10760,Pancreatitis Pathology and Treatment,30,21,-9,0.0001,0.0,-0.0
T13648,Cerebrovascular and genetic disorders,25,26,1,0.0001,0.0001,0.0
T14499,Livestock Farming and Management,4,47,43,0.0,0.0001,0.01
T12001,Fossil Insects in Amber,31,20,-11,0.0001,0.0,-0.0
T11917,"Coagulation, Bradykinin, Polyphosphates, and Angioedema",40,11,-29,0.0001,0.0,-0.01
T13546,Census and Population Estimation,39,12,-27,0.0001,0.0,-0.01
T13588,Regional resilience and development,32,19,-13,0.0001,0.0,-0.0
T13540,Animal Diversity and Health Studies,27,24,-3,0.0001,0.0001,-0.0
T13275,Medical and Health Sciences Research,6,45,39,0.0,0.0001,0.01
T12741,Maternal and Neonatal Healthcare,9,42,33,0.0,0.0001,0.01
T11285,Hearing Impairment and Communication,32,18,-14,0.0001,0.0,-0.0
T12733,Vector-Borne Animal Diseases,29,21,-8,0.0001,0.0,-0.0
T12055,Boron Compounds in Chemistry,29,21,-8,0.0001,0.0,-0.0
T11842,Ultrasound and Cavitation Phenomena,21,29,8,0.0,0.0001,0.0
T11701,Space Satellite Systems and Control,29,21,-8,0.0001,0.0,-0.0
T11423,Pesticide Residue Analysis and Safety,33,17,-16,0.0001,0.0,-0.0
T11167,Hair Growth and Disorders,20,30,10,0.0,0.0001,0.0
T10729,Electrospun Nanofibers in Biomedical Applications,34,16,-18,0.0001,0.0,-0.0
T12791,Full-Duplex Wireless Communications,31,19,-12,0.0001,0.0,-0.0
T12527,Chemistry and Stereochemistry Studies,38,12,-26,0.0001,0.0,-0.01
T12838,Photovoltaic Systems and Sustainability,31,19,-12,0.0001,0.0,-0.0
T10619,Esophageal Cancer Research and Treatment,31,19,-12,0.0001,0.0,-0.0
T12924,Dermatological and Skeletal Disorders,30,20,-10,0.0001,0.0,-0.0
T13745,Media and Digital Communication,3,47,44,0.0,0.0001,0.01
T11761,Resilience and Mental Health,34,16,-18,0.0001,0.0,-0.0
T14158,Optical Systems and Laser Technology,24,26,2,0.0001,0.0001,0.0
T12720,Multimedia Communication and Technology,36,13,-23,0.0001,0.0,-0.01
T13121,Radio Wave Propagation Studies,16,33,17,0.0,0.0001,0.0
T12868,Photography and Visual Culture,15,34,19,0.0,0.0001,0.0
T12305,Cassava research and cyanide,43,6,-37,0.0001,0.0,-0.01
T13142,GABA and Rice Research,47,2,-45,0.0001,0.0,-0.01
T11381,Infectious Diseases and Tuberculosis,32,17,-15,0.0001,0.0,-0.0
T13098,Conferences and Exhibitions Management,23,26,3,0.0001,0.0001,0.0
T14170,Classical Studies and Philology,3,46,43,0.0,0.0001,0.01
T13398,Data Analysis with R,38,11,-27,0.0001,0.0,-0.01
T11997,Free Will and Agency,17,32,15,0.0,0.0001,0.0
T13825,Economic Policies and Impacts,33,16,-17,0.0001,0.0,-0.0
T11614,Cloud Data Security Solutions,24,25,1,0.0001,0.0001,0.0
T13269,Orthoptera Research and Taxonomy,21,28,7,0.0,0.0001,0.0
T13362,Slime Mold and Myxomycetes Research,37,12,-25,0.0001,0.0,-0.01
T13454,Phenothiazines and Benzothiazines Synthesis and Activities,37,12,-25,0.0001,0.0,-0.01
T12756,Plant Toxicity and Pharmacological Properties,38,11,-27,0.0001,0.0,-0.01
T12319,Fish Biology and Ecology Studies,35,14,-21,0.0001,0.0,-0.0
T12435,Bladed Disk Vibration Dynamics,34,15,-19,0.0001,0.0,-0.0
T13259,American Jewish Fiction Analysis,14,35,21,0.0,0.0001,0.0
T14236,Educational Tools and Methods,49,0,-49,0.0001,0.0,-0.01
T12024,Ultra-Wideband Communications Technology,20,29,9,0.0,0.0001,0.0
T12195,Aerogels and thermal insulation,36,13,-23,0.0001,0.0,-0.01
T12112,Ammonia Synthesis and Nitrogen Reduction,40,9,-31,0.0001,0.0,-0.01
T10368,Dental Health and Care Utilization,19,30,11,0.0,0.0001,0.0
T13643,Artificial Intelligence in Law,19,30,11,0.0,0.0001,0.0
T13625,Journalism and Media Studies,2,47,45,0.0,0.0001,0.01
T11606,Infrastructure Maintenance and Monitoring,33,16,-17,0.0001,0.0,-0.0
T12577,Geography and Environmental Studies,15,33,18,0.0,0.0001,0.0
T11778,Electrical and Bioimpedance Tomography,34,14,-20,0.0001,0.0,-0.0
T12062,Approximation Theory and Sequence Spaces,23,25,2,0.0001,0.0001,0.0
T12678,Themes in Literature Analysis,13,35,22,0.0,0.0001,0.0
T13656,"Science, Research, and Medicine",33,15,-18,0.0001,0.0,-0.0
T14415,Biomedical Research and Pathophysiology,33,15,-18,0.0001,0.0,-0.0
T10565,"Psychopathy, Forensic Psychiatry, Sexual Offending",18,30,12,0.0,0.0001,0.0
T11679,Craniofacial Disorders and Treatments,27,21,-6,0.0001,0.0,-0.0
T12308,Mental Health and Psychiatry,28,20,-8,0.0001,0.0,-0.0
T13893,Sustainable Development and Policies,5,43,38,0.0,0.0001,0.01
T13478,Agricultural Development and Management,0,48,48,0.0,0.0001,0.01
T12117,Muscle and Compartmental Disorders,24,24,0,0.0001,0.0001,0.0
T11704,Mobile Crowdsensing and Crowdsourcing,27,21,-6,0.0001,0.0,-0.0
T13215,Global Maritime and Colonial Histories,41,7,-34,0.0001,0.0,-0.01
T12901,Tattoo and Body Piercing Complications,25,23,-2,0.0001,0.0001,-0.0
T11498,Security in Wireless Sensor Networks,22,26,4,0.0,0.0001,0.0
T12211,Aluminum toxicity and tolerance in plants and animals,29,19,-10,0.0001,0.0,-0.0
T12008,Solar-Powered Water Purification Methods,28,20,-8,0.0001,0.0,-0.0
T12215,Phytochemical Studies and Bioactivities,28,20,-8,0.0001,0.0,-0.0
T13525,Cambodian History and Society,37,10,-27,0.0001,0.0,-0.01
T13856,Advanced Power Generation Technologies,37,10,-27,0.0001,0.0,-0.01
T14031,Global and Cross-Cultural Management,29,18,-11,0.0001,0.0,-0.0
T12081,Aerodynamics and Fluid Dynamics Research,35,12,-23,0.0001,0.0,-0.01
T10861,Ear Surgery and Otitis Media,24,23,-1,0.0001,0.0001,-0.0
T13864,Indigenous Cultures and History,14,33,19,0.0,0.0001,0.0
T12332,Comparative constitutional jurisprudence studies,11,36,25,0.0,0.0001,0.01
T11396,Artificial Intelligence in Healthcare,22,25,3,0.0,0.0001,0.0
T11342,Carbon and Quantum Dots Applications,28,19,-9,0.0001,0.0,-0.0
T13484,German History and Society,18,29,11,0.0,0.0001,0.0
T12082,Takotsubo Cardiomyopathy and Associated Phenomena,25,22,-3,0.0001,0.0,-0.0
T13721,Political Science Research and Education,14,33,19,0.0,0.0001,0.0
T11923,Mine drainage and remediation techniques,32,15,-17,0.0001,0.0,-0.0
T14311,Electrical and Electromagnetic Research,20,27,7,0.0,0.0001,0.0
T11343,Power Transformer Diagnostics and Insulation,42,5,-37,0.0001,0.0,-0.01
T12295,"Foucault, Power, and Ethics",5,42,37,0.0,0.0001,0.01
T11000,Infection Control in Healthcare,13,34,21,0.0,0.0001,0.0
T12569,Restless Legs Syndrome Research,27,20,-7,0.0001,0.0,-0.0
T12431,Sugarcane Cultivation and Processing,33,14,-19,0.0001,0.0,-0.0
T12764,Polish Historical and Cultural Studies,22,25,3,0.0,0.0001,0.0
T13355,Marketing and Advertising Strategies,0,47,47,0.0,0.0001,0.01
T13722,Ergonomics and Human Factors,19,27,8,0.0,0.0001,0.0
T11640,Linguistic Variation and Morphology,24,22,-2,0.0001,0.0,-0.0
T11840,Pain Management and Treatment,20,26,6,0.0,0.0001,0.0
T12054,Menstrual Health and Disorders,22,24,2,0.0,0.0001,0.0
T13455,"Decadence, Literature, and Society",7,39,32,0.0,0.0001,0.01
T12666,Historical Psychiatry and Medical Practices,1,45,44,0.0,0.0001,0.01
T13164,Quality and Management Systems,13,33,20,0.0,0.0001,0.0
T13950,Collembola Taxonomy and Ecology Studies,20,26,6,0.0,0.0001,0.0
T10944,Turbomachinery Performance and Optimization,18,28,10,0.0,0.0001,0.0
T14061,Educational Practices and Policies,40,6,-34,0.0001,0.0,-0.01
T11519,Digital Mental Health Interventions,31,15,-16,0.0001,0.0,-0.0
T13551,Biochemical effects in animals,45,1,-44,0.0001,0.0,-0.01
T13110,Colorectal and Anal Carcinomas,29,17,-12,0.0001,0.0,-0.0
T12458,Organometallic Compounds Synthesis and Characterization,34,12,-22,0.0001,0.0,-0.0
T14380,Libraries and Information Services,29,17,-12,0.0001,0.0,-0.0
T10726,Career Development and Diversity,5,41,36,0.0,0.0001,0.01
T13938,Historical and Contemporary Political Dynamics,31,15,-16,0.0001,0.0,-0.0
T11828,Corneal Surgery and Treatments,27,19,-8,0.0001,0.0,-0.0
T13623,Linguistic Studies and Language Acquisition,22,24,2,0.0,0.0001,0.0
T13279,Safe Handling of Antineoplastic Drugs,33,13,-20,0.0001,0.0,-0.0
T12930,Biomedical and Chemical Research,38,8,-30,0.0001,0.0,-0.01
T11203,Jewish and Middle Eastern Studies,31,15,-16,0.0001,0.0,-0.0
T12488,Mental Health via Writing,22,23,1,0.0,0.0001,0.0
T12811,"Aging, Health, and Disability",5,40,35,0.0,0.0001,0.01
T11599,Aviation Industry Analysis and Trends,29,16,-13,0.0001,0.0,-0.0
T10297,Philosophical Ethics and Theory,10,35,25,0.0,0.0001,0.01
T11815,Urological Disorders and Treatments,24,21,-3,0.0001,0.0,-0.0
T11417,Advancements in PLL and VCO Technologies,23,22,-1,0.0001,0.0,-0.0
T14134,Medical and Biological Sciences,31,14,-17,0.0001,0.0,-0.0
T12843,Human Resource and Talent Management,7,38,31,0.0,0.0001,0.01
T13132,"Hydropower, Displacement, Environmental Impact",23,22,-1,0.0001,0.0,-0.0
T11192,Underwater Vehicles and Communication Systems,22,23,1,0.0,0.0001,0.0
T12038,Covalent Organic Framework Applications,34,11,-23,0.0001,0.0,-0.01
T12352,Heparin-Induced Thrombocytopenia and Thrombosis,28,17,-11,0.0001,0.0,-0.0
T14414,Artificial Intelligence in Education,15,30,15,0.0,0.0001,0.0
T11707,Gaze Tracking and Assistive Technology,31,14,-17,0.0001,0.0,-0.0
T14140,Elite Sociology and Global Capitalism,15,30,15,0.0,0.0001,0.0
T11775,COVID-19 diagnosis using AI,35,10,-25,0.0001,0.0,-0.01
T12955,Atherosclerosis and Cardiovascular Diseases,18,27,9,0.0,0.0001,0.0
T12299,Radiation Shielding Materials Analysis,26,19,-7,0.0001,0.0,-0.0
T11777,Fixed Point Theorems Analysis,16,29,13,0.0,0.0001,0.0
T11406,Cerebrospinal fluid and hydrocephalus,28,17,-11,0.0001,0.0,-0.0
T13642,Organizational Downsizing and Restructuring,9,36,27,0.0,0.0001,0.01
T12190,Innovations in Concrete and Construction Materials,40,5,-35,0.0001,0.0,-0.01
T13474,Autobiographical and Biographical Writing,8,37,29,0.0,0.0001,0.01
T13558,"Philosophy, Science, and History",16,29,13,0.0,0.0001,0.0
T11632,Family and Disability Support Research,23,22,-1,0.0001,0.0,-0.0
T12234,Mollusks and Parasites Studies,28,17,-11,0.0001,0.0,-0.0
T11712,Intergenerational Family Dynamics and Caregiving,26,19,-7,0.0001,0.0,-0.0
T11837,Iron and Steelmaking Processes,24,20,-4,0.0001,0.0,-0.0
T12653,Cyclization and Aryne Chemistry,21,23,2,0.0,0.0001,0.0
T12694,"Categorization, perception, and language",18,26,8,0.0,0.0001,0.0
T11565,Thermoelastic and Magnetoelastic Phenomena,21,23,2,0.0,0.0001,0.0
T13052,Molecular Communication and Nanonetworks,33,11,-22,0.0001,0.0,-0.0
T12789,Planarian Biology and Electrostimulation,27,17,-10,0.0001,0.0,-0.0
T11439,Video Analysis and Summarization,31,13,-18,0.0001,0.0,-0.0
T11836,Bryophyte Studies and Records,30,14,-16,0.0001,0.0,-0.0
T12798,Religious Tourism and Spaces,31,13,-18,0.0001,0.0,-0.0
T11318,Phytoestrogen effects and research,34,10,-24,0.0001,0.0,-0.01
T12715,Pregnancy-related medical research,37,7,-30,0.0001,0.0,-0.01
T12418,Respiratory and Cough-Related Research,26,18,-8,0.0001,0.0,-0.0
T12572,"Intelligence, Security, War Strategy",19,25,6,0.0,0.0001,0.0
T11833,Spinal Dysraphism and Malformations,22,22,0,0.0,0.0,0.0
T12318,Quinazolinone synthesis and applications,28,16,-12,0.0001,0.0,-0.0
T10794,Islamic Studies and History,30,14,-16,0.0001,0.0,-0.0
T12315,Older Adults Driving Studies,21,23,2,0.0,0.0001,0.0
T11497,Interprofessional Education and Collaboration,15,29,14,0.0,0.0001,0.0
T13100,Comparative Animal Anatomy Studies,7,37,30,0.0,0.0001,0.01
T11848,Heme Oxygenase-1 and Carbon Monoxide,31,12,-19,0.0001,0.0,-0.0
T12915,Biochemical Acid Research Studies,27,16,-11,0.0001,0.0,-0.0
T12216,Network Time Synchronization Technologies,28,15,-13,0.0001,0.0,-0.0
T11962,Cardiac Fibrosis and Remodeling,18,25,7,0.0,0.0001,0.0
T12075,Sodium Intake and Health,22,21,-1,0.0,0.0,-0.0
T12293,Dam Engineering and Safety,25,18,-7,0.0001,0.0,-0.0
T12478,Wikis in Education and Collaboration,26,17,-9,0.0001,0.0,-0.0
T12755,Legal Education and Practice Innovations,9,34,25,0.0,0.0001,0.01
T11522,VLSI and FPGA Design Techniques,28,15,-13,0.0001,0.0,-0.0
T13988,Public Administration and Governance,0,43,43,0.0,0.0001,0.01
T13004,Vitamin K Research Studies,32,11,-21,0.0001,0.0,-0.0
T13002,Southeast Asian Sociopolitical Studies,37,6,-31,0.0001,0.0,-0.01
T12035,Pain Management and Placebo Effect,31,12,-19,0.0001,0.0,-0.0
T13254,Macrophage Migration Inhibitory Factor,32,11,-21,0.0001,0.0,-0.0
T12963,Anesthesia and Neurotoxicity Research,39,4,-35,0.0001,0.0,-0.01
T12805,Cognitive Science and Mapping,43,0,-43,0.0001,0.0,-0.01
T11035,Salivary Gland Tumors Diagnosis and Treatment,29,14,-15,0.0001,0.0,-0.0
T11557,Lubricants and Their Additives,27,16,-11,0.0001,0.0,-0.0
T12652,International Maritime Law Issues,26,17,-9,0.0001,0.0,-0.0
T11030,Scoliosis diagnosis and treatment,22,21,-1,0.0,0.0,-0.0
T11858,Urban Development and Societal Issues,14,29,15,0.0,0.0001,0.0
T12878,Pharmaceutical Quality and Counterfeiting,23,20,-3,0.0001,0.0,-0.0
T13785,Aquatic and Environmental Studies,34,9,-25,0.0001,0.0,-0.01
T13629,Text Readability and Simplification,27,16,-11,0.0001,0.0,-0.0
T12423,Software Reliability and Analysis Research,39,4,-35,0.0001,0.0,-0.01
T11377,Retinal and Macular Surgery,27,16,-11,0.0001,0.0,-0.0
T10713,Structural Load-Bearing Analysis,24,18,-6,0.0001,0.0,-0.0
T10475,Psychological Well-being and Life Satisfaction,18,24,6,0.0,0.0001,0.0
T12142,Marine Invertebrate Physiology and Ecology,30,12,-18,0.0001,0.0,-0.0
T12344,Silicon Effects in Agriculture,31,11,-20,0.0001,0.0,-0.0
T11973,Plant chemical constituents analysis,20,22,2,0.0,0.0,0.0
T12517,Seventeenth-Century Political and Philosophical Thought,13,29,16,0.0,0.0001,0.0
T13920,Urban Planning and Valuation,24,18,-6,0.0001,0.0,-0.0
T12061,Axon Guidance and Neuronal Signaling,29,13,-16,0.0001,0.0,-0.0
T14429,Global Political and Social Dynamics,5,37,32,0.0,0.0001,0.01
T12496,Color perception and design,35,7,-28,0.0001,0.0,-0.01
T11883,Embodied and Extended Cognition,19,23,4,0.0,0.0001,0.0
T12463,Amoebic Infections and Treatments,24,18,-6,0.0001,0.0,-0.0
T12841,Echinoderm biology and ecology,29,13,-16,0.0001,0.0,-0.0
T13841,Psychology of Social Influence,34,8,-26,0.0001,0.0,-0.01
T12832,Biocrusts and Microbial Ecology,37,5,-32,0.0001,0.0,-0.01
T12683,Studies on Chitinases and Chitosanases,30,12,-18,0.0001,0.0,-0.0
T14437,Ethics and Legal Issues in Pediatric Healthcare,12,30,18,0.0,0.0001,0.0
T12567,Heat transfer and supercritical fluids,16,26,10,0.0,0.0001,0.0
T11718,Physical Education and Pedagogy,5,37,32,0.0,0.0001,0.01
T12880,Qualitative Research Methods and Applications,0,42,42,0.0,0.0001,0.01
T12941,Embedded Systems and FPGA Design,0,42,42,0.0,0.0001,0.01
T12730,"Weber, Simmel, Sociological Theory",12,29,17,0.0,0.0001,0.0
T11466,Innovative Education and Learning Practices,7,34,27,0.0,0.0001,0.01
T12158,Guidance and Control Systems,21,20,-1,0.0,0.0,-0.0
T14335,Educational Robotics and Engineering,35,6,-29,0.0001,0.0,-0.01
T11527,3D IC and TSV technologies,20,21,1,0.0,0.0,0.0
T12430,Academic and Historical Perspectives in Psychology,27,14,-13,0.0001,0.0,-0.0
T12745,Dietary Effects on Health,23,18,-5,0.0001,0.0,-0.0
T12574,Clinical Reasoning and Diagnostic Skills,20,21,1,0.0,0.0,0.0
T12316,Oil Spill Detection and Mitigation,30,11,-19,0.0001,0.0,-0.0
T14491,Diverse academic and cultural studies,41,0,-41,0.0001,0.0,-0.01
T12276,Risk Management in Financial Firms,20,21,1,0.0,0.0,0.0
T12128,AI in Service Interactions,26,15,-11,0.0001,0.0,-0.0
T12580,Vagus Nerve Stimulation Research,25,16,-9,0.0001,0.0,-0.0
T13430,Lipid metabolism and disorders,14,27,13,0.0,0.0001,0.0
T11991,Soft tissue tumor case studies,20,21,1,0.0,0.0,0.0
T13628,Agricultural Productivity and Crop Improvement,7,34,27,0.0,0.0001,0.01
T13308,Cybernetics and Technology in Society,2,39,37,0.0,0.0001,0.01
T14317,"Finance, Markets, and Regulation",0,41,41,0.0,0.0001,0.01
T14242,"Nutrition, Health, and Society Studies",23,18,-5,0.0001,0.0,-0.0
T11979,Garlic and Onion Studies,27,13,-14,0.0001,0.0,-0.0
T12946,Fractal and DNA sequence analysis,22,18,-4,0.0,0.0,-0.0
T12565,Physics and Engineering Research Articles,38,2,-36,0.0001,0.0,-0.01
T11647,Workplace Violence and Bullying,12,28,16,0.0,0.0001,0.0
T12885,Digital Innovation in Industries,12,28,16,0.0,0.0001,0.0
T11919,dental development and anomalies,17,23,6,0.0,0.0001,0.0
T13509,Accounting and Financial Management,1,39,38,0.0,0.0001,0.01
T11605,Visual Attention and Saliency Detection,24,16,-8,0.0001,0.0,-0.0
T11347,Neural Networks Stability and Synchronization,19,21,2,0.0,0.0,0.0
T12325,Urban Design and Spatial Analysis,11,29,18,0.0,0.0001,0.0
T12210,Policy Transfer and Learning,16,24,8,0.0,0.0001,0.0
T12427,Metal Alloys Wear and Properties,35,5,-30,0.0001,0.0,-0.01
T14329,Science and Climate Studies,40,0,-40,0.0001,0.0,-0.01
T13685,Material Science and Thermodynamics,40,0,-40,0.0001,0.0,-0.01
T12223,Leptospirosis research and findings,25,15,-10,0.0001,0.0,-0.0
T11941,Power System Reliability and Maintenance,17,23,6,0.0,0.0001,0.0
T12339,Medical Malpractice and Liability Issues,18,22,4,0.0,0.0,0.0
T13585,Technostress in Professional Settings,22,18,-4,0.0,0.0,-0.0
T12335,"Sexuality, Behavior, and Technology",24,16,-8,0.0001,0.0,-0.0
T11046,Geotechnical Engineering and Analysis,21,19,-2,0.0,0.0,-0.0
T12831,School Health and Nursing Education,28,12,-16,0.0001,0.0,-0.0
T13699,Public Spaces through Art,16,23,7,0.0,0.0001,0.0
T11292,Pediatric Pain Management Techniques,21,18,-3,0.0,0.0,-0.0
T11649,Pharmaceutical industry and healthcare,16,23,7,0.0,0.0001,0.0
T13035,Human Rights and Development,24,15,-9,0.0001,0.0,-0.0
T13128,Chromatography in Natural Products,16,23,7,0.0,0.0001,0.0
T14302,European Politics and Security,4,35,31,0.0,0.0001,0.01
T13597,Medicine and Dermatology Studies History,27,12,-15,0.0001,0.0,-0.0
T13357,Property Rights and Legal Doctrine,3,36,33,0.0,0.0001,0.01
T11894,Radiology practices and education,16,23,7,0.0,0.0001,0.0
T13758,Energy Law and Policy,2,37,35,0.0,0.0001,0.01
T13945,"Legal, Health, Environmental and COVID-19 Challenges",3,36,33,0.0,0.0001,0.01
T14296,Climate Change and Sustainable Development,10,29,19,0.0,0.0001,0.0
T13869,Ocular and Laser Science Research,32,7,-25,0.0001,0.0,-0.01
T12333,Abdominal Surgery and Complications,24,15,-9,0.0001,0.0,-0.0
T13220,Plant and Fungal Interactions Research,34,5,-29,0.0001,0.0,-0.01
T13946,Musculoskeletal Disorders and Rehabilitation,25,14,-11,0.0001,0.0,-0.0
T13475,Digital Transformation in Law,6,33,27,0.0,0.0001,0.01
T11953,"Neuroethics, Human Enhancement, Biomedical Innovations",19,20,1,0.0,0.0,0.0
T11893,German Literature and Culture Studies,19,20,1,0.0,0.0,0.0
T14488,Chemical and Physical Studies,10,29,19,0.0,0.0001,0.0
T11514,Disability Education and Employment,5,34,29,0.0,0.0001,0.01
T12155,Microwave Dielectric Ceramics Synthesis,28,11,-17,0.0001,0.0,-0.0
T13505,Apelin-related biomedical research,27,12,-15,0.0001,0.0,-0.0
T13518,Architecture and Computational Design,25,14,-11,0.0001,0.0,-0.0
T11511,Dyeing and Modifying Textile Fibers,25,13,-12,0.0001,0.0,-0.0
T12279,Body Composition Measurement Techniques,19,19,0,0.0,0.0,0.0
T11265,Aging and Gerontology Research,18,20,2,0.0,0.0,0.0
T10238,Spine and Intervertebral Disc Pathology,21,17,-4,0.0,0.0,-0.0
T12543,Groundwater and Watershed Analysis,23,15,-8,0.0001,0.0,-0.0
T14141,Colonial History and Postcolonial Studies,5,33,28,0.0,0.0001,0.01
T11202,Cavitation Phenomena in Pumps,20,18,-2,0.0,0.0,-0.0
T12744,Medical Device Sterilization and Disinfection,23,15,-8,0.0001,0.0,-0.0
T11859,Educator Training and Historical Pedagogy,16,22,6,0.0,0.0,0.0
T12794,Adaptive Dynamic Programming Control,16,22,6,0.0,0.0,0.0
T11938,ERP Systems Implementation and Impact,17,21,4,0.0,0.0,0.0
T13120,Nuclear Issues and Defense,26,12,-14,0.0001,0.0,-0.0
T10776,Spinal Fractures and Fixation Techniques,20,18,-2,0.0,0.0,-0.0
T10893,Chinese history and philosophy,20,18,-2,0.0,0.0,-0.0
T12655,Female Genital Mutilation/Cutting Issues,20,18,-2,0.0,0.0,-0.0
T12225,Political Influence and Corporate Strategies,12,26,14,0.0,0.0001,0.0
T13481,Neurological diseases and metabolism,26,12,-14,0.0001,0.0,-0.0
T11566,Laser Applications in Dentistry and Medicine,28,9,-19,0.0001,0.0,-0.0
T12840,Renal function and acid-base balance,23,14,-9,0.0001,0.0,-0.0
T13057,Asian Industrial and Economic Development,19,18,-1,0.0,0.0,-0.0
T13302,Amazonian Archaeology and Ethnohistory,20,17,-3,0.0,0.0,-0.0
T10658,Bone fractures and treatments,22,15,-7,0.0,0.0,-0.0
T11118,Evolutionary Psychology and Human Behavior,21,16,-5,0.0,0.0,-0.0
T13824,National Identity and Symbolism,5,32,27,0.0,0.0001,0.01
T12058,Allelopathy and phytotoxic interactions,18,19,1,0.0,0.0,0.0
T14444,Power Systems and Renewable Energy,7,30,23,0.0,0.0001,0.01
T12728,Demographic Trends and Gender Preferences,30,7,-23,0.0001,0.0,-0.01
T11779,Higher Education and Employability,11,26,15,0.0,0.0001,0.0
T13734,Advanced Computational Techniques and Applications,22,15,-7,0.0,0.0,-0.0
T14306,Technology Assessment and Management,27,10,-17,0.0001,0.0,-0.0
T13867,Economic Growth and Development,34,3,-31,0.0001,0.0,-0.01
T12360,Plant-derived Lignans Synthesis and Bioactivity,26,11,-15,0.0001,0.0,-0.0
T14010,Food Industry and Aquatic Biology,32,5,-27,0.0001,0.0,-0.01
T12596,Cephalopods and Marine Biology,34,3,-31,0.0001,0.0,-0.01
T13217,Pigment Synthesis and Properties,37,0,-37,0.0001,0.0,-0.01
T13596,"Grouting, Rheology, and Soil Mechanics",31,6,-25,0.0001,0.0,-0.01
T11785,Nausea and vomiting management,25,12,-13,0.0001,0.0,-0.0
T12937,Chemotherapy-related skin toxicity,17,20,3,0.0,0.0,0.0
T11037,Fungal Infections and Studies,19,18,-1,0.0,0.0,-0.0
T13445,American Constitutional Law and Politics,23,13,-10,0.0001,0.0,-0.0
T10214,Psychotherapy Techniques and Applications,17,19,2,0.0,0.0,0.0
T12876,Potassium and Related Disorders,23,13,-10,0.0001,0.0,-0.0
T11670,Pressure Ulcer Prevention and Management,17,19,2,0.0,0.0,0.0
T13590,"Oral History, Memory, Narrative Analysis",6,30,24,0.0,0.0001,0.01
T13637,Calpain Protease Function and Regulation,23,13,-10,0.0001,0.0,-0.0
T12049,Tuberous Sclerosis Complex Research,21,15,-6,0.0,0.0,-0.0
T13093,Electric Power Systems and Control,22,14,-8,0.0,0.0,-0.0
T13916,Environmental Policies and Emissions,30,6,-24,0.0001,0.0,-0.01
T11137,Historical Philosophy and Science,11,25,14,0.0,0.0001,0.0
T12126,Maritime Transport Emissions and Efficiency,20,16,-4,0.0,0.0,-0.0
T13039,Magnesium Oxide Properties and Applications,24,12,-12,0.0001,0.0,-0.0
T14094,Italy: Economic History and Contemporary Issues,32,4,-28,0.0001,0.0,-0.01
T12533,Aldose Reductase and Taurine,28,8,-20,0.0001,0.0,-0.0
T10810,Polymer composites and self-healing,28,8,-20,0.0001,0.0,-0.0
T13619,Geotechnical and Geomechanical Engineering,36,0,-36,0.0001,0.0,-0.01
T14212,Health Promotion and Cardiovascular Prevention,21,15,-6,0.0,0.0,-0.0
T13912,"Language, Linguistics, Cultural Analysis",33,3,-30,0.0001,0.0,-0.01
T12256,Facilities and Workplace Management,19,17,-2,0.0,0.0,-0.0
T12898,Induction Heating and Inverter Technology,33,3,-30,0.0001,0.0,-0.01
T11411,Tea Polyphenols and Effects,28,8,-20,0.0001,0.0,-0.0
T11548,Sexual Assault and Victimization Studies,10,26,16,0.0,0.0001,0.0
T11477,"Epistemology, Ethics, and Metaphysics",13,23,10,0.0,0.0001,0.0
T13914,European Cultural and National Identity,4,32,28,0.0,0.0001,0.01
T13498,Economic Development and Digital Transformation,31,5,-26,0.0001,0.0,-0.01
T14090,Health and Conflict Studies,20,16,-4,0.0,0.0,-0.0
T13469,"Environmental, Ecological, and Cultural Studies",11,24,13,0.0,0.0001,0.0
T10359,Dental Implant Techniques and Outcomes,16,19,3,0.0,0.0,0.0
T12824,Infections and bacterial resistance,22,13,-9,0.0,0.0,-0.0
T11225,Geothermal Energy Systems and Applications,16,19,3,0.0,0.0,0.0
T13360,Economic and Social Issues,11,24,13,0.0,0.0001,0.0
T12403,Seed and Plant Biochemistry,30,5,-25,0.0001,0.0,-0.01
T10292,Acute Myocardial Infarction Research,14,21,7,0.0,0.0,0.0
T13222,"Caribbean history, culture, and politics",13,22,9,0.0,0.0,0.0
T13158,Political and Economic history of UK and US,22,13,-9,0.0,0.0,-0.0
T12322,Animal health and immunology,14,21,7,0.0,0.0,0.0
T10961,Hernia repair and management,18,17,-1,0.0,0.0,-0.0
T12071,Marine Biology and Environmental Chemistry,30,5,-25,0.0001,0.0,-0.01
T13018,Seismology and Earthquake Studies,31,4,-27,0.0001,0.0,-0.01
T11921,Electroconvulsive Therapy Studies,14,21,7,0.0,0.0,0.0
T12696,Icing and De-icing Technologies,22,13,-9,0.0,0.0,-0.0
T14229,Physical education and sports games research,32,3,-29,0.0001,0.0,-0.01
T12702,Brain Tumor Detection and Classification,26,9,-17,0.0001,0.0,-0.0
T12457,Ecocriticism and Environmental Literature,13,22,9,0.0,0.0,0.0
T11080,Surgical site infection prevention,15,20,5,0.0,0.0,0.0
T12837,American Environmental and Regional History,23,12,-11,0.0001,0.0,-0.0
T13896,Health Services Management and Policy,2,33,31,0.0,0.0001,0.01
T13150,Study and Philosophy of Religion,5,29,24,0.0,0.0001,0.01
T14137,"Agriculture, Soil, Plant Science",8,26,18,0.0,0.0001,0.0
T12014,"Fish biology, ecology, and behavior",28,6,-22,0.0001,0.0,-0.0
T14509,demographic modeling and climate adaptation,33,1,-32,0.0001,0.0,-0.01
T12971,Material Properties and Processing,30,4,-26,0.0001,0.0,-0.01
T12330,Botanical Research and Applications,31,3,-28,0.0001,0.0,-0.01
T11317,Fire dynamics and safety research,17,17,0,0.0,0.0,0.0
T12124,Engineering Education and Curriculum Development,6,28,22,0.0,0.0001,0.0
T13522,Cardiovascular Health and Risk Factors,16,18,2,0.0,0.0,0.0
T12954,Law and Political Science,15,19,4,0.0,0.0,0.0
T12990,Medical History and Innovations,17,17,0,0.0,0.0,0.0
T13568,Wood and Agarwood Research,26,8,-18,0.0001,0.0,-0.0
T12815,Management and Organizational Practices,3,31,28,0.0,0.0001,0.01
T12706,Subcritical and Supercritical Water Processes,20,14,-6,0.0,0.0,-0.0
T14269,Food Security and Socioeconomic Dynamics,0,34,34,0.0,0.0001,0.01
T12550,"Politics and Conflicts in Afghanistan, Pakistan, and Middle East",18,16,-2,0.0,0.0,-0.0
T13066,Information Society and Technology Trends,2,32,30,0.0,0.0001,0.01
T13618,Regional Socio-Economic Development Trends,14,20,6,0.0,0.0,0.0
T11604,Ship Hydrodynamics and Maneuverability,10,24,14,0.0,0.0001,0.0
T13814,Cultural and political discourse analysis,8,26,18,0.0,0.0001,0.0
T13225,Polish-Jewish Holocaust Memory Studies,8,26,18,0.0,0.0001,0.0
T10980,Vascular Malformations and Hemangiomas,15,19,4,0.0,0.0,0.0
T11624,Constructed Wetlands for Wastewater Treatment,17,17,0,0.0,0.0,0.0
T13876,Chemical synthesis and pharmacological studies,6,28,22,0.0,0.0001,0.0
T13380,Sound Studies and Aurality,0,34,34,0.0,0.0001,0.01
T13460,Historical Studies in Latin America,16,18,2,0.0,0.0,0.0
T13249,Dielectric properties of ceramics,11,23,12,0.0,0.0001,0.0
T13467,Drug-Induced Ocular Toxicity,14,20,6,0.0,0.0,0.0
T12259,Environmental Justice and Health Disparities,17,17,0,0.0,0.0,0.0
T13095,Plant-based Medicinal Research,33,1,-32,0.0001,0.0,-0.01
T12641,Historical and socio-economic studies of Spain and related regions,28,6,-22,0.0001,0.0,-0.0
T11300,Global Educational Policies and Reforms,16,18,2,0.0,0.0,0.0
T14156,Engineering Applied Research,23,11,-12,0.0001,0.0,-0.0
T13000,World Systems and Global Transformations,8,26,18,0.0,0.0001,0.0
T13544,Women's cancer prevention and management,2,32,30,0.0,0.0001,0.01
T12097,Aquatic Invertebrate Ecology and Behavior,31,3,-28,0.0001,0.0,-0.01
T10598,Cardiac pacing and defibrillation studies,14,20,6,0.0,0.0,0.0
T13062,Cognitive Computing and Networks,13,21,8,0.0,0.0,0.0
T11861,Thermal Regulation in Medicine,18,16,-2,0.0,0.0,-0.0
T13759,Medical Imaging and Pathology Studies,30,4,-26,0.0001,0.0,-0.01
T12060,Child Development and Digital Technology,16,18,2,0.0,0.0,0.0
T12826,Education Methods and Technologies,24,9,-15,0.0001,0.0,-0.0
T12599,Retinal and Optic Conditions,24,9,-15,0.0001,0.0,-0.0
T13256,Archaeology and Rock Art Studies,14,19,5,0.0,0.0,0.0
T13289,Infant Health and Development,25,8,-17,0.0001,0.0,-0.0
T12447,Spider Taxonomy and Behavior Studies,17,16,-1,0.0,0.0,-0.0
T12392,Sharing Economy and Platforms,20,13,-7,0.0,0.0,-0.0
T11170,Biomimetic flight and propulsion mechanisms,19,14,-5,0.0,0.0,-0.0
T14332,European Linguistics and Anthropology,9,24,15,0.0,0.0001,0.0
T12586,"Folklore, Mythology, and Literature Studies",8,25,17,0.0,0.0001,0.0
T13995,Globalization and political ideologies,1,32,31,0.0,0.0001,0.01
T12710,Engineering and Agricultural Innovations,1,32,31,0.0,0.0001,0.01
T13855,Aerospace Engineering and Control Systems,18,15,-3,0.0,0.0,-0.0
T14288,"Law, Rights, and Freedoms",2,31,29,0.0,0.0001,0.01
T12519,Cybercrime and Law Enforcement Studies,9,24,15,0.0,0.0001,0.0
T14272,Agricultural and Food Production Studies,13,20,7,0.0,0.0,0.0
T13675,Diffusion Coefficients in Liquids,10,23,13,0.0,0.0001,0.0
T12247,Microbial Applications in Construction Materials,18,15,-3,0.0,0.0,-0.0
T13800,Earthquake and Disaster Impact Studies,13,20,7,0.0,0.0,0.0
T13899,Agricultural Systems and Practices,24,9,-15,0.0001,0.0,-0.0
T11490,Hydrological Forecasting Using AI,16,17,1,0.0,0.0,0.0
T13224,Sports and Physical Education Research,14,19,5,0.0,0.0,0.0
T12682,Smart Materials for Construction,31,2,-29,0.0001,0.0,-0.01
T10629,Health Policy Implementation Science,15,18,3,0.0,0.0,0.0
T11040,Personality Traits and Psychology,18,15,-3,0.0,0.0,-0.0
T13633,Public Health and Social Inequalities,11,22,11,0.0,0.0,0.0
T12934,Plant and fungal interactions,23,10,-13,0.0001,0.0,-0.0
T12587,Gestational Trophoblastic Disease Studies,17,16,-1,0.0,0.0,-0.0
T12212,CNS Lymphoma Diagnosis and Treatment,18,15,-3,0.0,0.0,-0.0
T14419,Banking Systems and Strategies,1,32,31,0.0,0.0001,0.01
T13280,Biomedical and Engineering Education,30,2,-28,0.0001,0.0,-0.01
T14095,"Literature, Musicology, and Cultural Analysis",32,0,-32,0.0001,0.0,-0.01
T12537,Flow Measurement and Analysis,17,15,-2,0.0,0.0,-0.0
T11730,Autoimmune Bullous Skin Diseases,20,12,-8,0.0,0.0,-0.0
T14280,Big Data Technologies and Applications,11,21,10,0.0,0.0,0.0
T14510,Medical Imaging and Analysis,21,11,-10,0.0,0.0,-0.0
T13212,German Social Sciences and History,12,20,8,0.0,0.0,0.0
T13219,Mind wandering and attention,19,13,-6,0.0,0.0,-0.0
T12452,Electrowetting and Microfluidic Technologies,22,10,-12,0.0,0.0,-0.0
T12230,Cardiovascular Issues in Pregnancy,19,13,-6,0.0,0.0,-0.0
T12773,Water Quality and Resources Studies,14,18,4,0.0,0.0,0.0
T13077,Cancer-related cognitive impairment studies,20,12,-8,0.0,0.0,-0.0
T12747,Moyamoya disease diagnosis and treatment,16,16,0,0.0,0.0,0.0
T10162,Online and Blended Learning,14,18,4,0.0,0.0,0.0
T14477,"Management, Economics, and Public Policy",32,0,-32,0.0001,0.0,-0.01
T10568,Thermodynamic and Exergetic Analyses of Power and Cooling Systems,15,17,2,0.0,0.0,0.0
T13330,"Theater, Performance, and Music History",4,28,24,0.0,0.0001,0.01
T13687,Extractivism and Socioeconomic Issues,3,29,26,0.0,0.0001,0.01
T11553,Acne and Rosacea Treatments and Effects,23,9,-14,0.0001,0.0,-0.0
T12429,Chemotherapy-induced organ toxicity mitigation,19,13,-6,0.0,0.0,-0.0
T12066,Obesity and Health Practices,17,15,-2,0.0,0.0,-0.0
T13010,Agriculture and Agroindustry Studies,0,32,32,0.0,0.0001,0.01
T13654,Urban Planning and Landscape Design,0,32,32,0.0,0.0001,0.01
T14470,Advanced Data Processing Techniques,31,0,-31,0.0001,0.0,-0.01
T12994,Infrared Thermography in Medicine,23,8,-15,0.0001,0.0,-0.0
T11658,Esophageal and GI Pathology,18,13,-5,0.0,0.0,-0.0
T14396,Healthcare Regulation,3,28,25,0.0,0.0001,0.01
T13557,Environmental and sustainability education,1,30,29,0.0,0.0001,0.01
T12778,History of Medicine and Tropical Health,7,24,17,0.0,0.0001,0.0
T14438,Advanced Scientific Research Methods,4,27,23,0.0,0.0001,0.01
T11267,Abdominal Trauma and Injuries,20,11,-9,0.0,0.0,-0.0
T12482,Tunneling and Rock Mechanics,20,11,-9,0.0,0.0,-0.0
T11672,Recycling and utilization of industrial and municipal waste in materials production,19,12,-7,0.0,0.0,-0.0
T13130,Biological and pharmacological studies of plants,28,3,-25,0.0001,0.0,-0.01
T12571,Soybean genetics and cultivation,26,5,-21,0.0001,0.0,-0.0
T12933,Franchising Strategies and Performance,18,13,-5,0.0,0.0,-0.0
T12783,"Migration, Aging, and Tourism Studies",19,12,-7,0.0,0.0,-0.0
T12175,Social Representations and Identity,21,10,-11,0.0,0.0,-0.0
T12633,Legal case studies and regulations,31,0,-31,0.0001,0.0,-0.01
T12407,Plant Growth Enhancement Techniques,16,15,-1,0.0,0.0,-0.0
T12890,Eurasian Exchange Networks,27,4,-23,0.0001,0.0,-0.01
T13554,Brazilian cultural history and politics,19,12,-7,0.0,0.0,-0.0
T12483,Global Urban Networks and Dynamics,6,25,19,0.0,0.0001,0.0
T13012,Coenzyme Q10 studies and effects,17,14,-3,0.0,0.0,-0.0
T11154,Parasitic infections in humans and animals,12,19,7,0.0,0.0,0.0
T14405,Fisheries and Aquaculture Studies,1,30,29,0.0,0.0001,0.01
T12341,Spanish Linguistics and Language Studies,20,11,-9,0.0,0.0,-0.0
T11929,Cerebral Venous Sinus Thrombosis,19,12,-7,0.0,0.0,-0.0
T12894,Date Palm Research Studies,21,10,-11,0.0,0.0,-0.0
T13055,Global Security and Public Health,15,15,0,0.0,0.0,0.0
T12979,Cardiovascular Disease and Adiposity,23,7,-16,0.0001,0.0,-0.0
T14018,Agriculture and Biological Studies,15,15,0,0.0,0.0,0.0
T11763,Intracerebral and Subarachnoid Hemorrhage Research,20,10,-10,0.0,0.0,-0.0
T11744,Health Sciences Research and Education,16,14,-2,0.0,0.0,-0.0
T11625,Abdominal vascular conditions and treatments,12,18,6,0.0,0.0,0.0
T10547,"Education, Achievement, and Giftedness",7,23,16,0.0,0.0001,0.0
T14171,"Education, Law, and Society",3,27,24,0.0,0.0001,0.01
T14299,Complex Systems and Dynamics,1,29,28,0.0,0.0001,0.01
T14106,Environmental and Sediment Control,4,26,22,0.0,0.0001,0.0
T12301,Facial Nerve Paralysis Treatment and Research,18,12,-6,0.0,0.0,-0.0
T12353,Lexicography and Language Studies,8,22,14,0.0,0.0,0.0
T13934,Indigenous Knowledge Systems and Agriculture,6,24,18,0.0,0.0001,0.0
T14458,Education and Work Dynamics,1,29,28,0.0,0.0001,0.01
T14284,Social Sciences and Humanities,1,29,28,0.0,0.0001,0.01
T13879,Indigenous Peoples' Rights and Law,14,16,2,0.0,0.0,0.0
T11489,Air Traffic Management and Optimization,14,16,2,0.0,0.0,0.0
T13883,Child and Adolescent Health,22,8,-14,0.0,0.0,-0.0
T13692,Italian Social Issues and Migration,20,10,-10,0.0,0.0,-0.0
T13265,Synthesis of Tetrazole Derivatives,18,12,-6,0.0,0.0,-0.0
T13201,Infectious Encephalopathies and Encephalitis,14,16,2,0.0,0.0,0.0
T14083,Extremum Seeking Control Systems,26,4,-22,0.0001,0.0,-0.0
T14285,Biopolymer Synthesis and Applications,29,1,-28,0.0001,0.0,-0.01
T14363,Optical properties and cooling technologies in crystalline materials,30,0,-30,0.0001,0.0,-0.01
T13374,Hematological disorders and diagnostics,18,12,-6,0.0,0.0,-0.0
T11944,Participatory Visual Research Methods,12,18,6,0.0,0.0,0.0
T13605,"Homicide, Infanticide, and Child Abuse",19,11,-8,0.0,0.0,-0.0
T12607,Personal Information Management and User Behavior,23,7,-16,0.0001,0.0,-0.0
T13216,Artistic and Creative Research,10,20,10,0.0,0.0,0.0
T11140,Natural Antidiabetic Agents Studies,15,15,0,0.0,0.0,0.0
T11696,Conflict Management and Negotiation,4,26,22,0.0,0.0001,0.0
T11888,Gender Roles and Identity Studies,19,11,-8,0.0,0.0,-0.0
T12401,Scheduling and Timetabling Solutions,22,8,-14,0.0,0.0,-0.0
T12197,Brake Systems and Friction Analysis,23,6,-17,0.0001,0.0,-0.0
T12329,Hemiptera Insect Studies,13,16,3,0.0,0.0,0.0
T13840,Chemical Safety and Risk Management,8,21,13,0.0,0.0,0.0
T11576,IgG4-Related and Inflammatory Diseases,16,13,-3,0.0,0.0,-0.0
T14142,Multicultural Socio-Legal Studies,8,21,13,0.0,0.0,0.0
T12609,Latin American socio-political dynamics,10,19,9,0.0,0.0,0.0
T11623,Hyperglycemia and glycemic control in critically ill and hospitalized patients,18,11,-7,0.0,0.0,-0.0
T13851,"Law, AI, and Intellectual Property",22,7,-15,0.0,0.0,-0.0
T13313,Dupuytren's Contracture and Treatments,16,13,-3,0.0,0.0,-0.0
T13113,Engineering Technology and Methodologies,13,16,3,0.0,0.0,0.0
T12860,Family and Patient Care in Intensive Care Units,12,17,5,0.0,0.0,0.0
T13901,State Capitalism and Financial Governance,23,6,-17,0.0001,0.0,-0.0
T12989,Ocular Disorders and Treatments,8,21,13,0.0,0.0,0.0
T11977,Technology Use by Older Adults,9,20,11,0.0,0.0,0.0
T13811,Earth Systems and Cosmic Evolution,18,11,-7,0.0,0.0,-0.0
T13801,Urban Arborization and Environmental Studies,3,26,23,0.0,0.0001,0.01
T11319,Curcumin's Biomedical Applications,16,13,-3,0.0,0.0,-0.0
T13155,Digital Communication and Language,17,12,-5,0.0,0.0,-0.0
T11999,Empathy and Medical Education,18,11,-7,0.0,0.0,-0.0
T11538,Ophthalmology and Eye Disorders,15,14,-1,0.0,0.0,-0.0
T11950,Cardiovascular Syncope and Autonomic Disorders,19,10,-9,0.0,0.0,-0.0
T13986,Medical Practices and Rehabilitation,3,26,23,0.0,0.0001,0.01
T13047,Pharmacological Receptor Mechanisms and Effects,21,8,-13,0.0,0.0,-0.0
T12415,Employer Branding and e-HRM,7,22,15,0.0,0.0,0.0
T13368,University Challenges and Reforms,1,28,27,0.0,0.0001,0.01
T13338,Pharmacological Effects and Assays,22,7,-15,0.0,0.0,-0.0
T14055,Consumer Packaging Perceptions and Trends,13,15,2,0.0,0.0,0.0
T12595,Romani and Gypsy Studies,11,17,6,0.0,0.0,0.0
T12469,"Chaos, Complexity, and Education",11,17,6,0.0,0.0,0.0
T13282,Automated Road and Building Extraction,10,18,8,0.0,0.0,0.0
T14086,Military and Defense Studies,1,27,26,0.0,0.0001,0.01
T14464,Community Development and Social Impact,14,14,0,0.0,0.0,0.0
T12751,Leadership and Management in Organizations,1,27,26,0.0,0.0001,0.01
T12362,Tribology and Wear Analysis,23,5,-18,0.0001,0.0,-0.0
T14201,Data Analysis and Archiving,22,6,-16,0.0,0.0,-0.0
T13149,Organizational Change and Leadership,0,28,28,0.0,0.0001,0.01
T14508,Vocational Education and Training,5,23,18,0.0,0.0001,0.0
T13889,Advanced Materials and Semiconductor Technologies,4,24,20,0.0,0.0001,0.0
T11875,Statistics Education and Methodologies,17,11,-6,0.0,0.0,-0.0
T12634,Ureteral procedures and complications,15,13,-2,0.0,0.0,-0.0
T13236,Geotechnical and construction materials studies,10,18,8,0.0,0.0,0.0
T13354,Genetics and Physical Performance,17,11,-6,0.0,0.0,-0.0
T14230,Occupational and Professional Licensing Regulation,12,16,4,0.0,0.0,0.0
T12581,Engineering Structural Analysis Methods,12,16,4,0.0,0.0,0.0
T13174,American and British Literature Analysis,9,19,10,0.0,0.0,0.0
T12495,Electrostatic Discharge in Electronics,26,2,-24,0.0001,0.0,-0.01
T12985,Maritime Security and History,12,16,4,0.0,0.0,0.0
T13168,Plant Ecology and Taxonomy Studies,23,5,-18,0.0001,0.0,-0.0
T12314,Nuts composition and effects,24,4,-20,0.0001,0.0,-0.0
T13092,Environmental Chemistry and Analysis,18,10,-8,0.0,0.0,-0.0
T12499,"Diphtheria, Corynebacterium, and Tetanus",16,12,-4,0.0,0.0,-0.0
T13690,Quality and Safety in Healthcare,24,4,-20,0.0001,0.0,-0.0
T10907,International Student and Expatriate Challenges,12,16,4,0.0,0.0,0.0
T13167,"Historical, Literary, and Cultural Studies",12,16,4,0.0,0.0,0.0
T12311,Political Theology and Sovereignty,8,20,12,0.0,0.0,0.0
T13193,Geological Studies and Exploration,22,6,-16,0.0,0.0,-0.0
T12660,Plant Disease Management Techniques,5,23,18,0.0,0.0001,0.0
T13595,Archaeology and Cultural Heritage,6,22,16,0.0,0.0,0.0
T12198,Oral health in cancer treatment,17,11,-6,0.0,0.0,-0.0
T12453,Infectious Aortic and Vascular Conditions,14,14,0,0.0,0.0,0.0
T14184,Metallurgy and Material Science,21,6,-15,0.0,0.0,-0.0
T13508,Agricultural Economics and Practices,12,15,3,0.0,0.0,0.0
T14112,"Economic, financial, and policy analysis",7,20,13,0.0,0.0,0.0
T11695,South African History and Culture,10,17,7,0.0,0.0,0.0
T13967,"Conservation, Ecology, Wildlife Education",2,25,23,0.0,0.0001,0.01
T11121,Public Relations and Crisis Communication,8,19,11,0.0,0.0,0.0
T10356,Orthodontics and Dentofacial Orthopedics,11,16,5,0.0,0.0,0.0
T12654,Xenotransplantation and immune response,13,14,1,0.0,0.0,0.0
T13681,Engineering and Information Technology,8,19,11,0.0,0.0,0.0
T12709,Optimization and Mathematical Programming,14,13,-1,0.0,0.0,-0.0
T11952,Landfill Environmental Impact Studies,13,14,1,0.0,0.0,0.0
T11258,Breast Implant and Reconstruction,13,14,1,0.0,0.0,0.0
T10264,Asphalt Pavement Performance Evaluation,15,12,-3,0.0,0.0,-0.0
T12376,Corporate Management and Leadership,5,22,17,0.0,0.0,0.0
T13799,Media and Communication Studies,3,24,21,0.0,0.0001,0.0
T13691,"Energy, Environment, Agriculture Analysis",6,21,15,0.0,0.0,0.0
T13638,Human auditory perception and evaluation,25,2,-23,0.0001,0.0,-0.01
T13007,Economic Sanctions and International Relations,13,14,1,0.0,0.0,0.0
T13251,Electrical and Thermal Properties of Materials,12,15,3,0.0,0.0,0.0
T12078,Environmental remediation with nanomaterials,13,14,1,0.0,0.0,0.0
T13718,Media Influence and Politics,10,17,7,0.0,0.0,0.0
T14039,Ecology and biodiversity studies,18,8,-10,0.0,0.0,-0.0
T14076,Material Properties and Failure Mechanisms,24,2,-22,0.0001,0.0,-0.0
T13086,Post-Soviet Geopolitical Dynamics,19,7,-12,0.0,0.0,-0.0
T13107,Congenital limb and hand anomalies,6,20,14,0.0,0.0,0.0
T13267,Advanced Theoretical and Applied Studies in Material Sciences and Geometry,25,1,-24,0.0001,0.0,-0.01
T13214,Powdery Mildew Fungal Diseases,11,15,4,0.0,0.0,0.0
T13250,Semiotics and Representation Studies,15,11,-4,0.0,0.0,-0.0
T12903,Globalization and Cultural Identity,5,21,16,0.0,0.0,0.0
T12284,Emotional Labor in Professions,7,19,12,0.0,0.0,0.0
T12182,Evolution and Science Education,12,14,2,0.0,0.0,0.0
T12735,Blood donation and transfusion practices,15,11,-4,0.0,0.0,-0.0
T11783,Turkey's Politics and Society,14,12,-2,0.0,0.0,-0.0
T12684,Stuttering Research and Treatment,16,10,-6,0.0,0.0,-0.0
T13724,Humanities and Social Sciences,0,26,26,0.0,0.0001,0.01
T10852,Temporomandibular Joint Disorders,15,11,-4,0.0,0.0,-0.0
T13185,Phytochemistry and Bioactive Compounds,7,19,12,0.0,0.0,0.0
T12051,Diversity and Impact of Dance,14,12,-2,0.0,0.0,-0.0
T13682,Engineering Education and Pedagogy,1,25,24,0.0,0.0001,0.01
T10777,Politics and Society in Latin America,6,20,14,0.0,0.0,0.0
T13850,Night-time city culture,12,14,2,0.0,0.0,0.0
T12918,Healthcare Systems and Technology,8,18,10,0.0,0.0,0.0
T13154,Legal and Regulatory Analysis,15,11,-4,0.0,0.0,-0.0
T11198,Japanese History and Culture,16,10,-6,0.0,0.0,-0.0
T13966,Neurological and metabolic disorders,23,3,-20,0.0001,0.0,-0.0
T11759,Occupational Therapy Practice and Research,15,11,-4,0.0,0.0,-0.0
T11374,Cleft Lip and Palate Research,11,15,4,0.0,0.0,0.0
T13125,Agricultural pest management studies,20,6,-14,0.0,0.0,-0.0
T13900,Contemporary and Historical Greek Studies,16,10,-6,0.0,0.0,-0.0
T13664,Genome Rearrangement Algorithms,15,11,-4,0.0,0.0,-0.0
T13037,Piperaceae Chemical and Biological Studies,17,9,-8,0.0,0.0,-0.0
T14472,Environmental and Cultural Studies in Latin America and Beyond,17,9,-8,0.0,0.0,-0.0
T12070,Writing and Handwriting Education,16,10,-6,0.0,0.0,-0.0
T11506,Children's Rights and Participation,7,19,12,0.0,0.0,0.0
T11644,Spam and Phishing Detection,13,13,0,0.0,0.0,0.0
T11427,Elbow and Forearm Trauma Treatment,14,11,-3,0.0,0.0,-0.0
T11032,VLSI and Analog Circuit Testing,13,12,-1,0.0,0.0,-0.0
T11580,Veterinary Medicine and Surgery,14,11,-3,0.0,0.0,-0.0
T14270,Simulation and Modeling Applications,4,21,17,0.0,0.0,0.0
T12740,Gait Recognition and Analysis,10,15,5,0.0,0.0,0.0
T11639,Mental Health and Patient Involvement,17,8,-9,0.0,0.0,-0.0
T12835,FOXO transcription factor regulation,18,7,-11,0.0,0.0,-0.0
T13399,Unemployment and Economic Growth,4,21,17,0.0,0.0,0.0
T14454,Polymer Science and Applications,2,23,21,0.0,0.0001,0.0
T12978,Innovative Teaching Methodologies in Social Sciences,2,23,21,0.0,0.0001,0.0
T12871,Healthcare Quality and Management,2,23,21,0.0,0.0001,0.0
T12575,Medical History and Research,17,8,-9,0.0,0.0,-0.0
T12080,Injection Molding Process and Properties,13,12,-1,0.0,0.0,-0.0
T14169,Public Health and Environmental Issues,1,24,23,0.0,0.0001,0.01
T12464,Neurological Complications and Syndromes,16,9,-7,0.0,0.0,-0.0
T12676,Machine Learning and ELM,18,7,-11,0.0,0.0,-0.0
T13108,Therapeutic Uses of Natural Elements,20,5,-15,0.0,0.0,-0.0
T13770,Pediatric health and respiratory diseases,24,1,-23,0.0001,0.0,-0.01
T12143,Place Attachment and Urban Studies,6,19,13,0.0,0.0,0.0
T14345,Scientific Research and Philosophical Inquiry,11,14,3,0.0,0.0,0.0
T13456,"Religion, Society, and Development",21,4,-17,0.0,0.0,-0.0
T13369,European and Russian Geopolitical Military Strategies,7,18,11,0.0,0.0,0.0
T11123,Obsessive-Compulsive Spectrum Disorders,14,11,-3,0.0,0.0,-0.0
T13344,Industrial Automation and Control Systems,9,16,7,0.0,0.0,0.0
T13327,"Arts, Culture, and Music Studies",5,20,15,0.0,0.0,0.0
T11638,Cardiac tumors and thrombi,13,12,-1,0.0,0.0,-0.0
T12765,"Race, History, and American Society",13,12,-1,0.0,0.0,-0.0
T13812,AI and HR Technologies,5,20,15,0.0,0.0,0.0
T11951,Trauma Management and Diagnosis,13,12,-1,0.0,0.0,-0.0
T12802,Competency Development and Evaluation,3,22,19,0.0,0.0,0.0
T12712,Myofascial pain diagnosis and treatment,17,8,-9,0.0,0.0,-0.0
T12912,"Shakespeare, Adaptation, and Literary Criticism",11,14,3,0.0,0.0,0.0
T12036,Argentine historical studies,4,21,17,0.0,0.0,0.0
T12131,Wireless Signal Modulation Classification,21,3,-18,0.0,0.0,-0.0
T13051,Qualitative Comparative Analysis Research,10,14,4,0.0,0.0,0.0
T11473,Appendicitis Diagnosis and Management,17,7,-10,0.0,0.0,-0.0
T11990,Global Health Workforce Issues,8,16,8,0.0,0.0,0.0
T12849,Parvovirus B19 Infection Studies,17,7,-10,0.0,0.0,-0.0
T12317,Actinomycetales infections and treatment,19,5,-14,0.0,0.0,-0.0
T13644,Control Systems in Engineering,13,11,-2,0.0,0.0,-0.0
T11055,Cardiac and Coronary Surgery Techniques,12,12,0,0.0,0.0,0.0
T12716,Congenital Anomalies and Fetal Surgery,7,17,10,0.0,0.0,0.0
T13665,Legal and cultural studies analysis,3,21,18,0.0,0.0,0.0
T11530,Business and Management Studies,18,6,-12,0.0,0.0,-0.0
T12999,Medieval History and Crusades,10,14,4,0.0,0.0,0.0
T14521,Medicinal Plant Research,0,24,24,0.0,0.0001,0.01
T11299,Problem and Project Based Learning,5,19,14,0.0,0.0,0.0
T11722,Patient Satisfaction in Healthcare,10,14,4,0.0,0.0,0.0
T12697,Water Quality Monitoring Technologies,16,8,-8,0.0,0.0,-0.0
T12969,Economic and Social Development,10,14,4,0.0,0.0,0.0
T10738,Posthumanist Ethics and Activism,7,17,10,0.0,0.0,0.0
T13752,Mechanics and Biomechanics Studies,16,8,-8,0.0,0.0,-0.0
T12461,Narrative Theory and Analysis,4,20,16,0.0,0.0,0.0
T13574,Family Support in Illness,17,7,-10,0.0,0.0,-0.0
T13778,Comparative and World Literature,2,22,20,0.0,0.0,0.0
T12951,Burkholderia infections and melioidosis,11,13,2,0.0,0.0,0.0
T12546,Smart Parking Systems Research,16,8,-8,0.0,0.0,-0.0
T13881,Sociology and Norbert Elias,15,9,-6,0.0,0.0,-0.0
T11994,Human Resource Development and Performance Evaluation,6,18,12,0.0,0.0,0.0
T13084,Education during COVID-19 pandemic,1,23,22,0.0,0.0001,0.0
T13961,Socioeconomics of Resources and Conservation,0,24,24,0.0,0.0001,0.01
T11327,Acupuncture Treatment Research Studies,8,16,8,0.0,0.0,0.0
T13740,Soil Science and Environmental Management,0,24,24,0.0,0.0001,0.01
T12622,Neurosurgical Procedures and Complications,9,15,6,0.0,0.0,0.0
T13246,"Agriculture, Plant Science, Crop Management",22,2,-20,0.0,0.0,-0.0
T11717,Postcolonial and Cultural Literary Studies,5,19,14,0.0,0.0,0.0
T13678,Agricultural Research and Practices,0,24,24,0.0,0.0001,0.01
T10314,Social and Intergroup Psychology,11,12,1,0.0,0.0,0.0
T13548,Environmental and biological studies,5,18,13,0.0,0.0,0.0
T11653,Financial Distress and Bankruptcy Prediction,15,8,-7,0.0,0.0,-0.0
T14503,"Globalization, Economics, and Policies",4,19,15,0.0,0.0,0.0
T13743,Italian Literature and Culture,10,13,3,0.0,0.0,0.0
T13263,Building energy efficiency and sustainability,1,22,21,0.0,0.0,0.0
T13119,Philosophy and Social Theory,17,6,-11,0.0,0.0,-0.0
T14307,Bioethics and Human Rights Issues,4,19,15,0.0,0.0,0.0
T13939,Archaeology and Natural History,2,21,19,0.0,0.0,0.0
T12544,Working Capital and Financial Performance,7,16,9,0.0,0.0,0.0
T11768,Music Therapy and Health,18,5,-13,0.0,0.0,-0.0
T14494,American Literature and Culture,2,21,19,0.0,0.0,0.0
T12408,Educational Innovations and Challenges,2,21,19,0.0,0.0,0.0
T13459,Public Administration and Political Analysis,12,11,-1,0.0,0.0,-0.0
T13610,"Society, Economy, and Ethics Research",12,11,-1,0.0,0.0,-0.0
T13031,Civil and Structural Engineering Research,15,8,-7,0.0,0.0,-0.0
T14151,Literary Analysis and Cultural Studies,20,3,-17,0.0,0.0,-0.0
T14334,HIV/AIDS Impact and Responses,21,2,-19,0.0,0.0,-0.0
T12965,Wildlife Conservation and Criminology Analyses,11,12,1,0.0,0.0,0.0
T13059,"Religion, Ecology, and Ethics",12,11,-1,0.0,0.0,-0.0
T12116,Dermatological diseases and infestations,14,9,-5,0.0,0.0,-0.0
T12402,Travel-related health issues,15,8,-7,0.0,0.0,-0.0
T14257,Advanced Measurement and Detection Methods,6,17,11,0.0,0.0,0.0
T12661,Iterative Methods for Nonlinear Equations,15,8,-7,0.0,0.0,-0.0
T12355,Genetic and rare skin diseases.,9,14,5,0.0,0.0,0.0
T12269,Effects of Vibration on Health,17,6,-11,0.0,0.0,-0.0
T12291,Pericarditis and Cardiac Tamponade,13,10,-3,0.0,0.0,-0.0
T14359,Wetland Management and Conservation,2,21,19,0.0,0.0,0.0
T11356,Pleural and Pulmonary Diseases,13,10,-3,0.0,0.0,-0.0
T13765,Social Science and Policy Research,3,20,17,0.0,0.0,0.0
T13340,Palliative and Oncologic Care,1,22,21,0.0,0.0,0.0
T13818,Cultural Studies and Colonialism,0,23,23,0.0,0.0001,0.01
T14079,Mathematics Education and Programs,10,12,2,0.0,0.0,0.0
T10265,Multilingual Education and Policy,6,16,10,0.0,0.0,0.0
T12628,Polymer Foaming and Composites,10,12,2,0.0,0.0,0.0
T13426,Kruppel-like factors research,15,7,-8,0.0,0.0,-0.0
T12380,Authorship Attribution and Profiling,12,10,-2,0.0,0.0,-0.0
T12342,Vascular anomalies and interventions,7,15,8,0.0,0.0,0.0
T13993,Historical Geopolitical and Social Dynamics,14,8,-6,0.0,0.0,-0.0
T11149,Veterinary Oncology Research,8,14,6,0.0,0.0,0.0
T13133,Architecture and Art History Studies,5,17,12,0.0,0.0,0.0
T11363,Dental Radiography and Imaging,10,12,2,0.0,0.0,0.0
T14013,Legal Language and Interpretation,3,19,16,0.0,0.0,0.0
T14453,Sustainability and Innovation in Business,1,21,20,0.0,0.0,0.0
T13730,"Martial Arts: Techniques, Psychology, and Education",7,15,8,0.0,0.0,0.0
T12959,Engineering and Materials Science Studies,11,11,0,0.0,0.0,0.0
T14167,Consumer behavior in food and health,3,19,16,0.0,0.0,0.0
T14378,Entomological Studies and Ecology,17,5,-12,0.0,0.0,-0.0
T13860,Arts and Performance Studies,6,16,10,0.0,0.0,0.0
T12372,Art Therapy and Mental Health,6,16,10,0.0,0.0,0.0
T13350,Myxozoan Parasites in Aquatic Species,11,11,0,0.0,0.0,0.0
T14191,Historical Art and Architecture Studies,8,14,6,0.0,0.0,0.0
T14256,Agricultural and Food Sciences,20,2,-18,0.0,0.0,-0.0
T13238,Botanical Studies and Applications,22,0,-22,0.0,0.0,-0.0
T12968,Research on scale insects,14,8,-6,0.0,0.0,-0.0
T14222,Knowledge Management and Technology,2,20,18,0.0,0.0,0.0
T13044,Biofield Effects and Biophysics,15,7,-8,0.0,0.0,-0.0
T12041,Public Health Policies and Education,9,13,4,0.0,0.0,0.0
T13175,Historical Astronomy and Related Studies,15,7,-8,0.0,0.0,-0.0
T11868,Cancer and Skin Lesions,13,9,-4,0.0,0.0,-0.0
T12283,Latin American history and culture,7,15,8,0.0,0.0,0.0
T12086,Structural Integrity and Reliability Analysis,3,19,16,0.0,0.0,0.0
T12704,Stress and Burnout Research,0,22,22,0.0,0.0,0.0
T13519,Historical Architecture and Urbanism,2,20,18,0.0,0.0,0.0
T12817,Pharmacological Effects of Natural Compounds,21,1,-20,0.0,0.0,-0.0
T13532,Education Systems and Policy,12,10,-2,0.0,0.0,-0.0
T12277,Frequency Control in Power Systems,9,13,4,0.0,0.0,0.0
T13779,Cancer Mechanisms and Therapy,16,6,-10,0.0,0.0,-0.0
T10008,Teacher Education and Leadership Studies,3,19,16,0.0,0.0,0.0
T13996,Diverse Musicological Studies,19,2,-17,0.0,0.0,-0.0
T13555,"Healthcare cost, quality, practices",14,7,-7,0.0,0.0,-0.0
T12481,Digital Accessibility for Disabilities,9,12,3,0.0,0.0,0.0
T14051,Regional Economic and Spatial Analysis,11,10,-1,0.0,0.0,-0.0
T12476,Intraoperative Neuromonitoring and Anesthetic Effects,14,7,-7,0.0,0.0,-0.0
T13894,Indian Economic and Social Development,14,7,-7,0.0,0.0,-0.0
T13078,Political and Social Dynamics in Chile and Latin America,10,11,1,0.0,0.0,0.0
T12749,"Race, Genetics, and Society",10,11,1,0.0,0.0,0.0
T13936,Physical Education and Gymnastics,0,21,21,0.0,0.0,0.0
T14330,Library Science and Information Systems,7,14,7,0.0,0.0,0.0
T12138,Occupational Health and Performance,15,6,-9,0.0,0.0,-0.0
T12135,Fuzzy Systems and Optimization,18,3,-15,0.0,0.0,-0.0
T14059,"Nietzsche, Schopenhauer, and Hegel",12,9,-3,0.0,0.0,-0.0
T11554,Vascular Procedures and Complications,8,13,5,0.0,0.0,0.0
T12980,Family Caregiving in Mental Illness,12,9,-3,0.0,0.0,-0.0
T14322,"Art, Aesthetics, and Perception",3,18,15,0.0,0.0,0.0
T11469,Lymphatic System and Diseases,10,11,1,0.0,0.0,0.0
T12943,COVID-19 Digital Contact Tracing,9,12,3,0.0,0.0,0.0
T12573,Education and Digital Technologies,6,15,9,0.0,0.0,0.0
T14219,Local Economic Development and Planning,5,16,11,0.0,0.0,0.0
T13503,"Gender, Health, and Social Inequality",0,21,21,0.0,0.0,0.0
T11988,Sustainable Building Design and Assessment,10,11,1,0.0,0.0,0.0
T12151,Interpreting and Communication in Healthcare,15,5,-10,0.0,0.0,-0.0
T12800,Musculoskeletal synovial abnormalities and treatments,16,4,-12,0.0,0.0,-0.0
T13708,History of Emotions Research,3,17,14,0.0,0.0,0.0
T11592,Phenomenology and Existential Philosophy,3,17,14,0.0,0.0,0.0
T12278,Vascular Tumors and Angiosarcomas,12,8,-4,0.0,0.0,-0.0
T10677,Attachment and Relationship Dynamics,11,9,-2,0.0,0.0,-0.0
T14517,Diverse Historical and Scientific Studies,4,16,12,0.0,0.0,0.0
T14109,Scottish History and National Identity,12,8,-4,0.0,0.0,-0.0
T11452,Oral Health Pathology and Treatment,12,8,-4,0.0,0.0,-0.0
T14373,Securities Regulation and Market Practices,3,17,14,0.0,0.0,0.0
T14511,"Medicine, History, and Philosophy",1,19,18,0.0,0.0,0.0
T13620,Education for Peace and Conflict Resolution,1,19,18,0.0,0.0,0.0
T11793,"Recreation, Leisure, Wilderness Management",3,17,14,0.0,0.0,0.0
T12201,Agricultural Engineering and Mechanization,7,13,6,0.0,0.0,0.0
T12500,Reflective Practices in Education,9,11,2,0.0,0.0,0.0
T11253,Nail Diseases and Treatments,13,7,-6,0.0,0.0,-0.0
T12540,Cyclone Separators and Fluid Dynamics,20,0,-20,0.0,0.0,-0.0
T13223,Connective Tissue Growth Factor Research,15,5,-10,0.0,0.0,-0.0
T12518,Diverticular Disease and Complications,14,6,-8,0.0,0.0,-0.0
T14144,Neurological Disease Mechanisms and Treatments,15,5,-10,0.0,0.0,-0.0
T12650,Aesthetic Perception and Analysis,16,4,-12,0.0,0.0,-0.0
T12419,Phonocardiography and Auscultation Techniques,13,7,-6,0.0,0.0,-0.0
T13536,Psychological and Temporal Perspectives Research,10,10,0,0.0,0.0,0.0
T13844,Higher Education Learning Practices,14,6,-8,0.0,0.0,-0.0
T12448,Paranormal Experiences and Beliefs,11,9,-2,0.0,0.0,-0.0
T13537,"German legal, social, and political studies",9,11,2,0.0,0.0,0.0
T13264,Walter Benjamin Studies Compilation,9,11,2,0.0,0.0,0.0
T13428,Anarchism and Radical Politics,1,19,18,0.0,0.0,0.0
T13153,Rousseau and Enlightenment Thought,5,15,10,0.0,0.0,0.0
T13401,Social and Cultural Studies,1,19,18,0.0,0.0,0.0
T13694,Immigration Law and Human Rights,0,20,20,0.0,0.0,0.0
T11795,Humor Studies and Applications,7,13,6,0.0,0.0,0.0
T13738,Congenital Ear and Nasal Anomalies,12,8,-4,0.0,0.0,-0.0
T12995,Urban Development and Cultural Heritage,3,17,14,0.0,0.0,0.0
T12846,Ginkgo biloba and Cashew Applications,15,4,-11,0.0,0.0,-0.0
T14512,Technology and Human Factors in Education and Health,5,14,9,0.0,0.0,0.0
T14381,"Psychiatry, Mental Health, Neuroscience",3,16,13,0.0,0.0,0.0
T13963,Organizational Management and Leadership,13,6,-7,0.0,0.0,-0.0
T13422,Phytochemistry and biological activities of Ficus species,17,2,-15,0.0,0.0,-0.0
T13097,Male Breast Health Studies,11,8,-3,0.0,0.0,-0.0
T10348,"Indigenous Health, Education, and Rights",8,11,3,0.0,0.0,0.0
T11794,Early Modern Spanish Literature,3,16,13,0.0,0.0,0.0
T12671,Management and Marketing Education,4,15,11,0.0,0.0,0.0
T13145,Crime and Detective Fiction Studies,1,18,17,0.0,0.0,0.0
T13089,Medieval and Early Modern Iberia,6,13,7,0.0,0.0,0.0
T11906,"Gender, Sexuality, and Education",6,13,7,0.0,0.0,0.0
T12974,Modernist Literature and Criticism,1,18,17,0.0,0.0,0.0
T14496,Educational Technology and E-Learning,0,19,19,0.0,0.0,0.0
T12681,Global Healthcare and Medical Tourism,14,5,-9,0.0,0.0,-0.0
T13412,Education and Technology Integration,11,8,-3,0.0,0.0,-0.0
T13260,Linguistics and Language Studies,3,16,13,0.0,0.0,0.0
T11765,Circular RNAs in diseases,12,7,-5,0.0,0.0,-0.0
T12758,Saffron Plant Research Studies,13,6,-7,0.0,0.0,-0.0
T11958,Dental Erosion and Treatment,9,10,1,0.0,0.0,0.0
T14017,Legal Issues in Education,0,19,19,0.0,0.0,0.0
T11039,Evaluation of Teaching Practices,9,10,1,0.0,0.0,0.0
T12936,"Conflict, Peace, and Violence in Colombia",5,14,9,0.0,0.0,0.0
T12289,Library Science and Administration,1,18,17,0.0,0.0,0.0
T14320,Optics and Image Analysis,18,1,-17,0.0,0.0,-0.0
T13549,Minority Rights and Languages,7,12,5,0.0,0.0,0.0
T13720,Benford’s Law and Fraud Detection,15,4,-11,0.0,0.0,-0.0
T12699,Electromagnetic Launch and Propulsion Technology,16,3,-13,0.0,0.0,-0.0
T12759,Vehicle Noise and Vibration Control,9,10,1,0.0,0.0,0.0
T14276,Power Systems and Technologies,17,2,-15,0.0,0.0,-0.0
T14314,"Violence, Religion, and Philosophy",6,13,7,0.0,0.0,0.0
T14273,"Cultural, Psychoanalytic, and Sociopolitical Reflections",1,18,17,0.0,0.0,0.0
T13024,Literary Theory and Cultural Hermeneutics,0,19,19,0.0,0.0,0.0
T14268,Evolving Legal Systems and Governance,0,19,19,0.0,0.0,0.0
T13032,COVID-19 Prevention and Impact,0,19,19,0.0,0.0,0.0
T14275,Historical Medical Research and Treatments,12,7,-5,0.0,0.0,-0.0
T12262,Hate Speech and Cyberbullying Detection,11,8,-3,0.0,0.0,-0.0
T13111,Nursing care and research,0,19,19,0.0,0.0,0.0
T13173,Gender Studies in Language,9,9,0,0.0,0.0,0.0
T13075,Legal Systems and Judicial Processes,2,16,14,0.0,0.0,0.0
T12869,Occupational Health and Burnout,1,17,16,0.0,0.0,0.0
T14190,Military history and social perspectives,0,18,18,0.0,0.0,0.0
T13179,"Literature, Culture, and Criticism",14,4,-10,0.0,0.0,-0.0
T13662,Qualitative research in health,0,18,18,0.0,0.0,0.0
T12154,Pelvic and Acetabular Injuries,14,4,-10,0.0,0.0,-0.0
T14226,"Migration, Racism, and Human Rights",10,8,-2,0.0,0.0,-0.0
T13747,Sociopolitical Dynamics in Russia,13,5,-8,0.0,0.0,-0.0
T11218,Hip disorders and treatments,11,7,-4,0.0,0.0,-0.0
T14351,Statistical and Computational Modeling,18,0,-18,0.0,0.0,-0.0
T13397,Hallucinations in medical conditions,9,9,0,0.0,0.0,0.0
T12542,Second Language Learning and Teaching,13,5,-8,0.0,0.0,-0.0
T11378,Gastrointestinal Bleeding Diagnosis and Treatment,10,8,-2,0.0,0.0,-0.0
T13229,Gothic Literature and Media Analysis,8,10,2,0.0,0.0,0.0
T14297,Plant-Derived Bioactive Compounds,14,4,-10,0.0,0.0,-0.0
T12938,Material Selection and Properties,8,10,2,0.0,0.0,0.0
T12391,Artificial Immune Systems Applications,11,7,-4,0.0,0.0,-0.0
T12397,Critical Theory and Philosophy,3,15,12,0.0,0.0,0.0
T12911,Water Resources and Sustainability,4,14,10,0.0,0.0,0.0
T12616,Religious Education and Schools,12,6,-6,0.0,0.0,-0.0
T12906,Surgical Sutures and Adhesives,15,3,-12,0.0,0.0,-0.0
T14123,Decolonial Thought and Epistemologies,2,16,14,0.0,0.0,0.0
T13347,Christian Theology and Mission,6,12,6,0.0,0.0,0.0
T14181,Academic Freedom and Politics,1,17,16,0.0,0.0,0.0
T13025,American History and Culture,3,15,12,0.0,0.0,0.0
T13416,Educational Theory and Curriculum Studies,1,17,16,0.0,0.0,0.0
T14443,"COVID-19, Geopolitics, Technology, Migration",0,18,18,0.0,0.0,0.0
T13328,Osteomyelitis and Bone Disorders Research,9,8,-1,0.0,0.0,-0.0
T13005,Religious Studies and Spiritual Practices,11,6,-5,0.0,0.0,-0.0
T14032,History and International Relations,2,15,13,0.0,0.0,0.0
T14350,"Innovation, Sustainability, Human-Machine Systems",17,0,-17,0.0,0.0,-0.0
T12438,Urticaria and Related Conditions,15,2,-13,0.0,0.0,-0.0
T12393,Workplace Spirituality and Leadership,8,9,1,0.0,0.0,0.0
T12679,Focus Groups and Qualitative Methods,8,9,1,0.0,0.0,0.0
T13874,Information Architecture and Usability,4,13,9,0.0,0.0,0.0
T12743,Spanish Culture and Identity,3,14,11,0.0,0.0,0.0
T13006,Spanish History and Politics,4,13,9,0.0,0.0,0.0
T12992,Metastasis and carcinoma case studies,10,7,-3,0.0,0.0,-0.0
T13136,Community-based Tourism Development and Sustainability,2,15,13,0.0,0.0,0.0
T13029,South Asian Studies and Conflicts,12,5,-7,0.0,0.0,-0.0
T11526,Innovative Teaching Methods,11,6,-5,0.0,0.0,-0.0
T11855,Gastrointestinal disorders and treatments,12,5,-7,0.0,0.0,-0.0
T14028,Healthcare and Venom Research,14,3,-11,0.0,0.0,-0.0
T14210,Historical and Linguistic Studies,15,2,-13,0.0,0.0,-0.0
T14394,Cognitive Science and Education Research,10,7,-3,0.0,0.0,-0.0
T12196,Community Health and Development,8,9,1,0.0,0.0,0.0
T13106,"Neuroscience, Education and Cognitive Function",15,2,-13,0.0,0.0,-0.0
T12925,Educational and Social Studies,17,0,-17,0.0,0.0,-0.0
T13526,14-3-3 protein interactions,16,1,-15,0.0,0.0,-0.0
T13935,Mathematical Control Systems and Analysis,13,4,-9,0.0,0.0,-0.0
T13891,Engineering Diagnostics and Reliability,16,1,-15,0.0,0.0,-0.0
T13163,Organizational Learning and Leadership,5,12,7,0.0,0.0,0.0
T11622,Maritime Navigation and Safety,11,6,-5,0.0,0.0,-0.0
T12848,Psychological Testing and Assessment,8,9,1,0.0,0.0,0.0
T12732,Agriculture and Farm Safety,11,6,-5,0.0,0.0,-0.0
T12796,Dermatological and COVID-19 studies,12,5,-7,0.0,0.0,-0.0
T13427,Latin American Literature Analysis,2,15,13,0.0,0.0,0.0
T13616,"Governance, Compliance, and Sustainability",0,17,17,0.0,0.0,0.0
T10589,Early Childhood Education and Development,7,10,3,0.0,0.0,0.0
T13991,Nuclear Receptors and Signaling,15,2,-13,0.0,0.0,-0.0
T14500,Advanced Mathematical Theories,16,1,-15,0.0,0.0,-0.0
T14164,Marine and Offshore Engineering Studies,14,2,-12,0.0,0.0,-0.0
T13248,Healthcare Technology and Patient Monitoring,7,9,2,0.0,0.0,0.0
T14220,"Workaholism, burnout, and well-being",8,8,0,0.0,0.0,0.0
T13491,Social and Political Issues,9,7,-2,0.0,0.0,-0.0
T13015,"Botany, Ecology, and Taxonomy Studies",16,0,-16,0.0,0.0,-0.0
T12663,Body Image and Dysmorphia Studies,15,1,-14,0.0,0.0,-0.0
T13849,Enterobacteriaceae and Cronobacter Research,13,3,-10,0.0,0.0,-0.0
T14110,Islamic Studies and Radicalism,10,6,-4,0.0,0.0,-0.0
T13076,"Torture, Ethics, and Law",7,9,2,0.0,0.0,0.0
T12411,Shoulder and Clavicle Injuries,10,6,-4,0.0,0.0,-0.0
T13942,International Human Rights and Reproductive Law,1,15,14,0.0,0.0,0.0
T12373,Linguistic research and analysis,10,6,-4,0.0,0.0,-0.0
T13898,Diverse Interdisciplinary Research Studies,11,5,-6,0.0,0.0,-0.0
T12439,Dental Research and COVID-19,13,3,-10,0.0,0.0,-0.0
T11731,Global Health and Surgery,13,3,-10,0.0,0.0,-0.0
T13494,Military History and Strategy,2,14,12,0.0,0.0,0.0
T13787,"Globalization, Historical Perspectives, and International Relations",9,7,-2,0.0,0.0,-0.0
T12183,Teratomas and Epidermoid Cysts,7,9,2,0.0,0.0,0.0
T11811,Cutaneous lymphoproliferative disorders research,13,3,-10,0.0,0.0,-0.0
T12520,Psychology of Moral and Emotional Judgment,14,2,-12,0.0,0.0,-0.0
T13843,African Sexualities and LGBTQ+ Issues,14,2,-12,0.0,0.0,-0.0
T12165,Environmental Sustainability and Education,11,5,-6,0.0,0.0,-0.0
T12907,Mechanical Engineering and Vibrations Research,14,2,-12,0.0,0.0,-0.0
T12532,Historical and Cultural Archaeology Studies,14,2,-12,0.0,0.0,-0.0
T13329,Joseph Conrad and Literature,6,10,4,0.0,0.0,0.0
T14074,Persona Design and Applications,13,3,-10,0.0,0.0,-0.0
T11706,Forensic Entomology and Diptera Studies,16,0,-16,0.0,0.0,-0.0
T14176,Interdisciplinary Cultural and Social Studies,16,0,-16,0.0,0.0,-0.0
T13569,Microscopic Colitis,14,2,-12,0.0,0.0,-0.0
T12107,Leprosy Research and Treatment,10,6,-4,0.0,0.0,-0.0
T13636,Pentecostalism and Christianity Studies,12,4,-8,0.0,0.0,-0.0
T13769,Fusion and Plasma Physics Studies,12,4,-8,0.0,0.0,-0.0
T13926,"Feminism, Gender, and Sexuality Studies",6,10,4,0.0,0.0,0.0
T14260,Impact of AI and Big Data on Business and Society,8,8,0,0.0,0.0,0.0
T10507,Biodiesel Production and Applications,10,6,-4,0.0,0.0,-0.0
T12018,Coronary Artery Anomalies,10,6,-4,0.0,0.0,-0.0
T13796,Neurological Disorders and Treatments,11,5,-6,0.0,0.0,-0.0
T12366,"Philosophy, Ethics, and Existentialism",6,10,4,0.0,0.0,0.0
T10186,Nursing education and management,5,11,6,0.0,0.0,0.0
T10536,Endodontics and Root Canal Treatments,10,6,-4,0.0,0.0,-0.0
T13735,History of Medical Practice,8,8,0,0.0,0.0,0.0
T12089,Intestinal and Peritoneal Adhesions,10,6,-4,0.0,0.0,-0.0
T13958,"Education, Innovation and Language Studies",16,0,-16,0.0,0.0,-0.0
T14088,Generational Differences and Trends,3,13,10,0.0,0.0,0.0
T13211,"Memory, Trauma, and Testimony",1,15,14,0.0,0.0,0.0
T13203,Environmental Changes in China,2,14,12,0.0,0.0,0.0
T12631,Head and Neck Anomalies,10,5,-5,0.0,0.0,-0.0
T13917,Engineering and Material Science Research,14,1,-13,0.0,0.0,-0.0
T13046,Electrokinetic Soil Remediation Techniques,9,6,-3,0.0,0.0,-0.0
T14487,Science and Science Education,15,0,-15,0.0,0.0,-0.0
T12637,Scarabaeidae Beetle Taxonomy and Biogeography,11,4,-7,0.0,0.0,-0.0
T11062,Gear and Bearing Dynamics Analysis,9,6,-3,0.0,0.0,-0.0
T11422,Burn Injury Management and Outcomes,8,7,-1,0.0,0.0,-0.0
T14347,Big Data and Digital Economy,15,0,-15,0.0,0.0,-0.0
T11847,Recycled Aggregate Concrete Performance,8,7,-1,0.0,0.0,-0.0
T13792,Morinda citrifolia extract uses,13,2,-11,0.0,0.0,-0.0
T14006,"Linguistics, Language Diversity, and Identity",10,5,-5,0.0,0.0,-0.0
T12889,"Psychoanalysis, Philosophy, and Politics",1,14,13,0.0,0.0,0.0
T13471,Cognitive Functions and Memory,3,12,9,0.0,0.0,0.0
T13036,Veterinary Practice and Education Studies,6,9,3,0.0,0.0,0.0
T13949,Belt and Road Initiative,4,11,7,0.0,0.0,0.0
T13562,Cruise Tourism Development and Management,13,2,-11,0.0,0.0,-0.0
T13309,Reliability and Agreement in Measurement,7,8,1,0.0,0.0,0.0
T12680,Cultural and Mythological Studies,3,12,9,0.0,0.0,0.0
T13757,Graphic Design and Typography,1,14,13,0.0,0.0,0.0
T14349,Global Political and Economic Relations,1,14,13,0.0,0.0,0.0
T14133,Border Security and International Relations,0,15,15,0.0,0.0,0.0
T12361,Study of Mite Species,8,7,-1,0.0,0.0,-0.0
T14192,"Literature, Film, and Journalism Analysis",11,4,-7,0.0,0.0,-0.0
T13339,Landscape and Cultural Studies,7,8,1,0.0,0.0,0.0
T13334,South Asian Cinema and Culture,11,4,-7,0.0,0.0,-0.0
T12935,Healthcare Systems and Public Health,12,3,-9,0.0,0.0,-0.0
T13001,Restraint-Related Deaths,10,5,-5,0.0,0.0,-0.0
T12833,Bartonella species infections research,8,7,-1,0.0,0.0,-0.0
T12133,Pragmatism in Philosophy and Education,3,12,9,0.0,0.0,0.0
T14326,Ear and Head Tumors,7,8,1,0.0,0.0,0.0
T13679,Tardigrade Biology and Ecology,8,7,-1,0.0,0.0,-0.0
T10635,Hydraulic Fracturing and Reservoir Analysis,11,4,-7,0.0,0.0,-0.0
T11800,User Authentication and Security Systems,11,4,-7,0.0,0.0,-0.0
T11824,Injury Epidemiology and Prevention,10,5,-5,0.0,0.0,-0.0
T12209,Bone and Joint Diseases,13,2,-11,0.0,0.0,-0.0
T12834,Flowering Plant Growth and Cultivation,4,11,7,0.0,0.0,0.0
T14357,"Architecture, Design, and Social History",2,13,11,0.0,0.0,0.0
T13861,Health and Lifestyle Studies,7,8,1,0.0,0.0,0.0
T12378,Accounting Education and Careers,8,7,-1,0.0,0.0,-0.0
T11934,Syphilis Diagnosis and Treatment,8,7,-1,0.0,0.0,-0.0
T12908,"Media, Gender, and Advertising",4,11,7,0.0,0.0,0.0
T14179,Waste Management and Recycling,0,15,15,0.0,0.0,0.0
T14441,"Religion, Theology, History, Judaism, Christianity",4,11,7,0.0,0.0,0.0
T14420,Advanced Research in Systems and Signal Processing,15,0,-15,0.0,0.0,-0.0
T12695,Urinary and Genital Oncology Studies,11,4,-7,0.0,0.0,-0.0
T13711,Environmental Science and Technology,15,0,-15,0.0,0.0,-0.0
T14248,Social impacts of COVID-19,0,15,15,0.0,0.0,0.0
T14198,Philosophical Thought and Analysis,0,15,15,0.0,0.0,0.0
T14324,Insects and Parasite Interactions,11,3,-8,0.0,0.0,-0.0
T12425,Industrial Gas Emission Control,8,6,-2,0.0,0.0,-0.0
T13781,Coleoptera: Cerambycidae studies,9,5,-4,0.0,0.0,-0.0
T14364,Clusterin in disease pathology,10,4,-6,0.0,0.0,-0.0
T14011,Elevator Systems and Control,11,3,-8,0.0,0.0,-0.0
T12548,Hemostasis and retained surgical items,7,7,0,0.0,0.0,0.0
T12738,Corporate Identity and Reputation,8,6,-2,0.0,0.0,-0.0
T14195,Linguistic and Cultural Studies,4,10,6,0.0,0.0,0.0
T12298,Phytochemicals and Medicinal Plants,8,6,-2,0.0,0.0,-0.0
T11866,Reconstructive Facial Surgery Techniques,10,4,-6,0.0,0.0,-0.0
T13373,Data Mining and Machine Learning Applications,1,13,12,0.0,0.0,0.0
T13706,Management and Optimization Techniques,1,13,12,0.0,0.0,0.0
T13389,German Economic Analysis & Policies,7,7,0,0.0,0.0,0.0
T11028,Social Work Education and Practice,1,13,12,0.0,0.0,0.0
T14315,Feminist Theory and Gender Studies,0,14,14,0.0,0.0,0.0
T13502,Community and Sustainable Development,1,13,12,0.0,0.0,0.0
T11816,Nursing Roles and Practices,5,9,4,0.0,0.0,0.0
T11509,Hip and Femur Fractures,9,5,-4,0.0,0.0,-0.0
T13999,Digital Rights Management and Security,9,5,-4,0.0,0.0,-0.0
T13182,Quantum-Dot Cellular Automata,12,2,-10,0.0,0.0,-0.0
T12922,Business and Economic Development,14,0,-14,0.0,0.0,-0.0
T13928,Advanced Sensor Technologies Research,6,8,2,0.0,0.0,0.0
T11671,Fuzzy and Soft Set Theory,11,3,-8,0.0,0.0,-0.0
T14506,Historical and Architectural Studies,12,2,-10,0.0,0.0,-0.0
T12563,History and Politics in Latin America,12,2,-10,0.0,0.0,-0.0
T11726,Organizational Management and Innovation,8,6,-2,0.0,0.0,-0.0
T14418,"Development, Ethics, and Society",5,9,4,0.0,0.0,0.0
T12346,Phytochemistry and biological activity of medicinal plants,9,5,-4,0.0,0.0,-0.0
T11863,"Gender, Security, and Conflict",11,3,-8,0.0,0.0,-0.0
T12272,Cardiovascular Conditions and Treatments,8,6,-2,0.0,0.0,-0.0
T12539,Pharmacology and Obesity Treatment,9,5,-4,0.0,0.0,-0.0
T13140,Materials Engineering and Processing,11,3,-8,0.0,0.0,-0.0
T13073,China's Ethnic Minorities and Relations,10,4,-6,0.0,0.0,-0.0
T12675,Financial Reporting and Valuation Research,7,7,0,0.0,0.0,0.0
T12686,Central European national history,3,11,8,0.0,0.0,0.0
T12538,Eosinophilic Esophagitis,11,3,-8,0.0,0.0,-0.0
T13385,Infectious Diseases and Mycology,11,3,-8,0.0,0.0,-0.0
T11454,Cultural Differences and Values,11,3,-8,0.0,0.0,-0.0
T13257,Advanced Control and Stabilization in Aerospace Systems,5,9,4,0.0,0.0,0.0
T13783,"Feminism, Gender, and Intersectionality",8,6,-2,0.0,0.0,-0.0
T10366,Discourse Analysis in Language Studies,3,11,8,0.0,0.0,0.0
T11982,Rhetoric and Communication Studies,5,9,4,0.0,0.0,0.0
T13137,Strategic Planning and Analysis,3,11,8,0.0,0.0,0.0
T13043,Youth Culture and Social Dynamics,0,14,14,0.0,0.0,0.0
T12754,Plant Growth and Agriculture Techniques,0,14,14,0.0,0.0,0.0
T13192,Forensic Fingerprint Detection Methods,9,5,-4,0.0,0.0,-0.0
T14246,E-Learning and Knowledge Management,10,4,-6,0.0,0.0,-0.0
T11172,Dermatologic Treatments and Research,11,3,-8,0.0,0.0,-0.0
T12662,Digitalization and Economic Development in Agriculture,4,10,6,0.0,0.0,0.0
T14327,Advanced Energy Technologies and Civil Engineering Innovations,10,4,-6,0.0,0.0,-0.0
T11905,Veterinary Pharmacology and Anesthesia,9,5,-4,0.0,0.0,-0.0
T10509,"Religion, Spirituality, and Psychology",8,6,-2,0.0,0.0,-0.0
T14489,Basque language and culture studies,4,10,6,0.0,0.0,0.0
T11978,Soil Mechanics and Vehicle Dynamics,11,3,-8,0.0,0.0,-0.0
T13571,"Corporeality, Perception, and Education",2,12,10,0.0,0.0,0.0
T13593,Historical and Archaeological Studies,13,0,-13,0.0,0.0,-0.0
T12988,Sociology and Education in Brazil,8,5,-3,0.0,0.0,-0.0
T13980,Alexander von Humboldt Studies,9,4,-5,0.0,0.0,-0.0
T12891,Medicinal Plants and Neuroprotection,13,0,-13,0.0,0.0,-0.0
T11453,Diagnosis and Treatment of Venous Diseases,7,6,-1,0.0,0.0,-0.0
T13468,Educational Research and Science Teaching,4,9,5,0.0,0.0,0.0
T12962,Nephrotoxicity and Medicinal Plants,7,6,-1,0.0,0.0,-0.0
T13492,"Science, Technology, and Education in Latin America",8,5,-3,0.0,0.0,-0.0
T11715,Education and Critical Thinking Development,12,1,-11,0.0,0.0,-0.0
T14097,Chemistry Education and Research,3,10,7,0.0,0.0,0.0
T12059,Berberine and alkaloids research,8,5,-3,0.0,0.0,-0.0
T13700,Gender Studies and Social Issues,0,13,13,0.0,0.0,0.0
T14520,Sustainable Urban and Rural Development,4,9,5,0.0,0.0,0.0
T12237,Congenital gastrointestinal and neural anomalies,9,4,-5,0.0,0.0,-0.0
T12323,Asian American and Pacific Histories,7,6,-1,0.0,0.0,-0.0
T13989,Labour Market and Migration,5,8,3,0.0,0.0,0.0
T13599,Architecture and Cultural Influences,4,9,5,0.0,0.0,0.0
T12775,Legal Issues in South Africa,11,2,-9,0.0,0.0,-0.0
T13921,Biological Stains and Phytochemicals,12,1,-11,0.0,0.0,-0.0
T12657,Phytochemistry Medicinal Plant Applications,7,6,-1,0.0,0.0,-0.0
T10021,EFL/ESL Teaching and Learning,6,7,1,0.0,0.0,0.0
T13176,Winter Sports Injuries and Performance,13,0,-13,0.0,0.0,-0.0
T11776,Irish and British Studies,8,5,-3,0.0,0.0,-0.0
T14126,Intramuscular injections and effects,7,6,-1,0.0,0.0,-0.0
T13719,Phytochemistry and Bioactivity Studies,11,2,-9,0.0,0.0,-0.0
T10259,Sociology and Education Studies,11,2,-9,0.0,0.0,-0.0
T14034,Musicians’ Health and Performance,8,5,-3,0.0,0.0,-0.0
T13387,"Politics, Economics, and Education Policy",5,8,3,0.0,0.0,0.0
T13195,Medieval Iberian Studies,12,1,-11,0.0,0.0,-0.0
T13905,Telecommunications and Broadcasting Technologies,7,6,-1,0.0,0.0,-0.0
T13659,Ombudsman and Human Rights,11,2,-9,0.0,0.0,-0.0
T13245,Samuel Beckett and Modernism,8,5,-3,0.0,0.0,-0.0
T13274,Expert finding and Q&A systems,10,3,-7,0.0,0.0,-0.0
T13979,Communication and COVID-19 Impact,0,13,13,0.0,0.0,0.0
T14428,Coal and Coke Industries Research,7,5,-2,0.0,0.0,-0.0
T14480,Historical Education and Society,12,0,-12,0.0,0.0,-0.0
T12218,Coal and Its By-products,7,5,-2,0.0,0.0,-0.0
T13218,Sesame and Sesamin Research,8,4,-4,0.0,0.0,-0.0
T12385,Food Quality and Safety Studies,12,0,-12,0.0,0.0,-0.0
T13316,"Crafts, Textile, and Design",5,7,2,0.0,0.0,0.0
T13242,Male Reproductive Health Studies,8,4,-4,0.0,0.0,-0.0
T13630,Agriculture Market Analysis Ukraine,10,2,-8,0.0,0.0,-0.0
T13287,Robotic Process Automation Applications,4,8,4,0.0,0.0,0.0
T11945,Heat Transfer Mechanisms,11,1,-10,0.0,0.0,-0.0
T13310,Subtitles and Audiovisual Media,4,8,4,0.0,0.0,0.0
T12113,Growth and nutrition in plants,7,5,-2,0.0,0.0,-0.0
T12623,"Cultural, Media, and Literary Studies",6,6,0,0.0,0.0,0.0
T11256,Asian Studies and History,6,6,0,0.0,0.0,0.0
T13194,ICT in Developing Communities,4,8,4,0.0,0.0,0.0
T11966,Silk-based biomaterials and applications,10,2,-8,0.0,0.0,-0.0
T12864,Psychoanalysis and Social Critique,3,9,6,0.0,0.0,0.0
T13563,Chemical Analysis and Environmental Impact,8,4,-4,0.0,0.0,-0.0
T14303,Polymer Synthesis and Characterization,3,9,6,0.0,0.0,0.0
T12326,Network Packet Processing and Optimization,5,7,2,0.0,0.0,0.0
T12956,Asian Geopolitics and Ethnography,9,3,-6,0.0,0.0,-0.0
T12343,Geography Education and Pedagogy,2,10,8,0.0,0.0,0.0
T14085,Student Stress and Coping,0,12,12,0.0,0.0,0.0
T14135,Cancer and biochemical research,7,5,-2,0.0,0.0,-0.0
T13953,Digital Imaging in Medicine,11,1,-10,0.0,0.0,-0.0
T12487,Structural Engineering and Vibration Analysis,12,0,-12,0.0,0.0,-0.0
T12689,Silymarin and Mushroom Poisoning,12,0,-12,0.0,0.0,-0.0
T13407,Regional Development and Management Studies,12,0,-12,0.0,0.0,-0.0
T13463,Nanoporous metals and alloys,12,0,-12,0.0,0.0,-0.0
T10652,Racial and Ethnic Identity Research,4,8,4,0.0,0.0,0.0
T13277,"Media, Religion, Digital Communication",9,3,-6,0.0,0.0,-0.0
T13079,Heavy Metals in Plants,4,8,4,0.0,0.0,0.0
T12904,Diverse Educational Innovations Studies,6,6,0,0.0,0.0,0.0
T14177,Water Resources and Management,12,0,-12,0.0,0.0,-0.0
T12313,Emotions and Moral Behavior,8,4,-4,0.0,0.0,-0.0
T13197,Spreadsheets and End-User Computing,6,6,0,0.0,0.0,0.0
T12130,Contemporary Literature and Criticism,7,5,-2,0.0,0.0,-0.0
T11516,Visual and Cognitive Learning Processes,7,5,-2,0.0,0.0,-0.0
T11587,Second Language Acquisition and Learning,9,3,-6,0.0,0.0,-0.0
T12949,South Asian Studies and Diaspora,3,9,6,0.0,0.0,0.0
T13528,Water Resources and Governance,0,12,12,0.0,0.0,0.0
T14054,Humic Substances and Bio-Organic Studies,0,12,12,0.0,0.0,0.0
T12807,Consumer Behavior and Market Dynamics,0,12,12,0.0,0.0,0.0
T11217,Cardiac Arrhythmias and Treatments,7,4,-3,0.0,0.0,-0.0
T12485,"Optimism, Hope, and Well-being",8,3,-5,0.0,0.0,-0.0
T13613,"Health, Education, and Cultural Studies",11,0,-11,0.0,0.0,-0.0
T14165,Inflammation biomarkers and pathways,9,2,-7,0.0,0.0,-0.0
T12984,Transport and Logistics Innovations,4,7,3,0.0,0.0,0.0
T13943,Beetle Biology and Toxicology Studies,6,5,-1,0.0,0.0,-0.0
T12174,Hospital Admissions and Outcomes,2,9,7,0.0,0.0,0.0
T12601,Web Applications and Data Management,1,10,9,0.0,0.0,0.0
T12479,Web Application Security Vulnerabilities,4,7,3,0.0,0.0,0.0
T13803,Organizational Strategy and Culture,2,9,7,0.0,0.0,0.0
T13472,Brazilian History and Foreign Policy,4,7,3,0.0,0.0,0.0
T12395,Educational Innovations and Technology,4,7,3,0.0,0.0,0.0
T14038,"Youth, Politics, and Society",3,8,5,0.0,0.0,0.0
T13166,Information Science and Libraries,2,9,7,0.0,0.0,0.0
T13363,Soft tissue tumors and treatment,5,6,1,0.0,0.0,0.0
T12948,Inclusion and Disability in Education and Sport,2,9,7,0.0,0.0,0.0
T13870,Environmental and Ecological Studies,9,2,-7,0.0,0.0,-0.0
T12148,Brazilian Legal Issues,8,3,-5,0.0,0.0,-0.0
T12926,Business Strategies and Management Research,0,11,11,0.0,0.0,0.0
T12739,Historical Studies on Spain,7,4,-3,0.0,0.0,-0.0
T12658,Language and Culture,5,6,1,0.0,0.0,0.0
T14214,Space Exploration and Technology,6,5,-1,0.0,0.0,-0.0
T13822,Indigenous Health and Education,10,1,-9,0.0,0.0,-0.0
T12382,History of Education Research in Brazil,10,1,-9,0.0,0.0,-0.0
T13875,Legal Studies and Reforms,5,6,1,0.0,0.0,0.0
T11487,Automotive and Human Injury Biomechanics,6,5,-1,0.0,0.0,-0.0
T14372,Environmental and Biological Research in Conflict Zones,9,2,-7,0.0,0.0,-0.0
T13976,Web visibility and informetrics,8,3,-5,0.0,0.0,-0.0
T12328,Autoimmune and Inflammatory Disorders,9,2,-7,0.0,0.0,-0.0
T12857,Medieval Philosophy and Theology,6,5,-1,0.0,0.0,-0.0
T14371,Hume's philosophy and hair distribution,6,5,-1,0.0,0.0,-0.0
T13048,Patient Dignity and Privacy,3,8,5,0.0,0.0,0.0
T13839,"Tourism, Volunteerism, and Development",5,6,1,0.0,0.0,0.0
T13210,Historical Turkish Studies,1,10,9,0.0,0.0,0.0
T14207,Higher Education Practises and Engagement,5,6,1,0.0,0.0,0.0
T13798,Hops Chemistry and Applications,9,2,-7,0.0,0.0,-0.0
T14104,Developmental and Educational Neuropsychology,2,9,7,0.0,0.0,0.0
T13143,Child Therapy and Development,8,3,-5,0.0,0.0,-0.0
T13112,Nutrition and Health Studies,0,11,11,0.0,0.0,0.0
T12638,Pomegranate: compositions and health benefits,7,4,-3,0.0,0.0,-0.0
T14189,Intravenous Infusion Technology and Safety,3,8,5,0.0,0.0,0.0
T13862,"Soil, Finite Element Methods",3,8,5,0.0,0.0,0.0
T13819,Collaborative and Sustainable Housing Initiatives,0,11,11,0.0,0.0,0.0
T14205,Education and Art Integration,0,11,11,0.0,0.0,0.0
T13378,Agricultural Development and Policies,7,3,-4,0.0,0.0,-0.0
T14120,Thallium and Germanium Studies,8,2,-6,0.0,0.0,-0.0
T14514,Medical Research and Practices,9,1,-8,0.0,0.0,-0.0
T14343,Hispanic-African Historical Relations,7,3,-4,0.0,0.0,-0.0
T12920,Healthcare and Environmental Waste Management,8,2,-6,0.0,0.0,-0.0
T12953,Critical Realism in Sociology,9,1,-8,0.0,0.0,-0.0
T13358,Livestock Management and Performance Improvement,10,0,-10,0.0,0.0,-0.0
T12214,Media Influence and Health,6,4,-2,0.0,0.0,-0.0
T12426,Lymphatic Disorders and Treatments,6,4,-2,0.0,0.0,-0.0
T14215,Chemical and Environmental Engineering Research,8,2,-6,0.0,0.0,-0.0
T14048,Silkworms and Sericulture Research,8,2,-6,0.0,0.0,-0.0
T12092,Erosion and Abrasive Machining,3,7,4,0.0,0.0,0.0
T13420,Arduino and IoT Applications,1,9,8,0.0,0.0,0.0
T12515,Gender and Technology in Education,2,8,6,0.0,0.0,0.0
T12268,Deception detection and forensic psychology,5,5,0,0.0,0.0,0.0
T12822,Turfgrass Adaptation and Management,6,4,-2,0.0,0.0,-0.0
T13684,Political Dynamics in Latin America,1,9,8,0.0,0.0,0.0
T13312,Mechanical and Thermal Properties Analysis,6,4,-2,0.0,0.0,-0.0
T12597,Fire Detection and Safety Systems,6,4,-2,0.0,0.0,-0.0
T14417,Central Asia Education and Culture,2,8,6,0.0,0.0,0.0
T12899,Engineering and Technology Innovations,5,5,0,0.0,0.0,0.0
T12459,Nerve Injury and Rehabilitation,9,1,-8,0.0,0.0,-0.0
T12222,IoT-based Smart Home Systems,6,4,-2,0.0,0.0,-0.0
T13925,Offshore Engineering and Technologies,5,5,0,0.0,0.0,0.0
T13594,Healthcare innovation and challenges,5,5,0,0.0,0.0,0.0
T13065,Mining Techniques and Economics,7,3,-4,0.0,0.0,-0.0
T12865,Tailings Management and Properties,6,4,-2,0.0,0.0,-0.0
T12731,Hidradenitis Suppurativa and Treatments,5,5,0,0.0,0.0,0.0
T14114,Digital Media and Philosophy,7,3,-4,0.0,0.0,-0.0
T13583,Jury Decision Making Processes,8,2,-6,0.0,0.0,-0.0
T12874,Digital Imaging for Blood Diseases,8,2,-6,0.0,0.0,-0.0
T14020,Medical research and treatments,5,5,0,0.0,0.0,0.0
T13947,Media Discourse and Social  Analysis,2,8,6,0.0,0.0,0.0
T13754,Central European and Russian historical studies,4,6,2,0.0,0.0,0.0
T12451,Smart Grid and Power Systems,2,8,6,0.0,0.0,0.0
T14401,"Technology, Environment, Urban Planning",10,0,-10,0.0,0.0,-0.0
T12887,Educational Strategies and Epistemologies,9,1,-8,0.0,0.0,-0.0
T12855,Peanut Plant Research Studies,8,2,-6,0.0,0.0,-0.0
T10712,Library Science and Information Literacy,3,7,4,0.0,0.0,0.0
T12892,Social Power and Status Dynamics,5,5,0,0.0,0.0,0.0
T12847,Healthcare Systems and Challenges,4,6,2,0.0,0.0,0.0
T14056,Safety Warnings and Signage,9,1,-8,0.0,0.0,-0.0
T13063,Education and experiences of immigrants and refugees,4,6,2,0.0,0.0,0.0
T12413,Health and Medical Education,0,10,10,0.0,0.0,0.0
T11969,Fluoride Effects and Removal,8,2,-6,0.0,0.0,-0.0
T10457,Education Pedagogy and Practices,6,4,-2,0.0,0.0,-0.0
T13828,Natural Products and Biological Research,10,0,-10,0.0,0.0,-0.0
T13820,SAS software applications and methods,6,4,-2,0.0,0.0,-0.0
T13655,Canadian Policy and Governance,8,2,-6,0.0,0.0,-0.0
T14139,E-commerce and Technology Innovations,5,5,0,0.0,0.0,0.0
T13184,Research in Social Sciences,10,0,-10,0.0,0.0,-0.0
T13449,Organizational Management and Change,2,8,6,0.0,0.0,0.0
T13547,Economic and Industrial Development,0,10,10,0.0,0.0,0.0
T14434,Historical and Modern Theater Studies,3,6,3,0.0,0.0,0.0
T13381,Heart rate and cardiovascular health,9,0,-9,0.0,0.0,-0.0
T14173,"Education, Healthcare and Sociology Research",1,8,7,0.0,0.0,0.0
T13383,Tumors and Oncological Cases,8,1,-7,0.0,0.0,-0.0
T12347,Ginger and Zingiberaceae research,7,2,-5,0.0,0.0,-0.0
T12177,Resource-Constrained Project Scheduling,4,5,1,0.0,0.0,0.0
T13091,Human Health and Disease,4,5,1,0.0,0.0,0.0
T13672,Thomas Hardy Literature Studies,8,1,-7,0.0,0.0,-0.0
T13317,"Media, Communication, and Education",5,4,-1,0.0,0.0,-0.0
T13931,Philosophy and Historical Thought,1,8,7,0.0,0.0,0.0
T11322,Facial Rejuvenation and Surgery Techniques,3,6,3,0.0,0.0,0.0
T12958,Digital Economy and Transformation,0,9,9,0.0,0.0,0.0
T13266,Indigenous Studies in Latin America,2,7,5,0.0,0.0,0.0
T12398,Poetry Analysis and Criticism,4,5,1,0.0,0.0,0.0
T12799,Mobile and Web Applications,2,7,5,0.0,0.0,0.0
T14266,"Interdisciplinary Studies: Technology, Society, and Humanities",0,9,9,0.0,0.0,0.0
T13406,Human Resources and Workforce,0,9,9,0.0,0.0,0.0
T12433,Skin Diseases and Diabetes,6,3,-3,0.0,0.0,-0.0
T12145,Dental Anxiety and Anesthesia Techniques,6,3,-3,0.0,0.0,-0.0
T12957,"War, Ethics, and Justification",3,6,3,0.0,0.0,0.0
T14440,Quality of Life Measurement,0,9,9,0.0,0.0,0.0
T12160,African cultural and philosophical studies,2,7,5,0.0,0.0,0.0
T12905,Management Systems and Quality Improvement,0,9,9,0.0,0.0,0.0
T12384,Customer churn and segmentation,5,4,-1,0.0,0.0,-0.0
T13026,Natural Compounds in Disease Treatment,6,3,-3,0.0,0.0,-0.0
T12525,Australian History and Society,6,3,-3,0.0,0.0,-0.0
T13834,Whipple's Disease and Interleukins,7,2,-5,0.0,0.0,-0.0
T14224,"Oil, Gas, and Environmental Issues",7,2,-5,0.0,0.0,-0.0
T12801,Bluetooth and Wireless Communication Technologies,8,1,-7,0.0,0.0,-0.0
T14507,"History, Culture, and Society",9,0,-9,0.0,0.0,-0.0
T13749,"Hungarian Social, Economic and Educational Studies",9,0,-9,0.0,0.0,-0.0
T13488,Sports and Physical Education Studies,9,0,-9,0.0,0.0,-0.0
T14452,Mexican Socioeconomic and Environmental Dynamics,8,1,-7,0.0,0.0,-0.0
T13632,Marriage and Sexual Relationships,9,0,-9,0.0,0.0,-0.0
T12522,Mathematics Education and Pedagogy,1,8,7,0.0,0.0,0.0
T13768,Oral and gingival health research,8,1,-7,0.0,0.0,-0.0
T14289,"Anthropology: Ethics, History, Culture",5,4,-1,0.0,0.0,-0.0
T13008,Agricultural Practices and Plant Genetics,6,3,-3,0.0,0.0,-0.0
T11451,Advanced Machining and Optimization Techniques,5,4,-1,0.0,0.0,-0.0
T13452,GDF15 and Related Biomarkers,7,2,-5,0.0,0.0,-0.0
T11955,Urban and spatial planning,2,7,5,0.0,0.0,0.0
T14093,Global Health and Epidemiology,4,5,1,0.0,0.0,0.0
T14053,Dengue and Mosquito Control Research,3,6,3,0.0,0.0,0.0
T13960,"Dietetics, Nutrition, and Education",6,3,-3,0.0,0.0,-0.0
T13564,Education and Public Policy,8,1,-7,0.0,0.0,-0.0
T11518,Cervical and Thoracic Myelopathy,5,4,-1,0.0,0.0,-0.0
T11540,"Gender, Feminism, and Media",3,6,3,0.0,0.0,0.0
T12667,Economic and Technological Developments in Russia,8,1,-7,0.0,0.0,-0.0
T12498,Latin American Cultural Politics,8,1,-7,0.0,0.0,-0.0
T12931,Educational Methods and Outcomes,1,8,7,0.0,0.0,0.0
T13305,Teacher Professional Development and Motivation,3,6,3,0.0,0.0,0.0
T13030,Survey Sampling and Estimation Techniques,1,8,7,0.0,0.0,0.0
T14050,Forest Ecology and Conservation,1,8,7,0.0,0.0,0.0
T13298,Solar Energy Systems and Technologies,7,2,-5,0.0,0.0,-0.0
T13983,Cybersecurity and Information Systems,3,6,3,0.0,0.0,0.0
T12942,Cultural Studies and Postmodernism,2,7,5,0.0,0.0,0.0
T13998,"History, Medicine, and Leadership",0,9,9,0.0,0.0,0.0
T12354,Innovations in Educational Methods,8,0,-8,0.0,0.0,-0.0
T12605,Berry genetics and cultivation research,6,2,-4,0.0,0.0,-0.0
T12866,Urologic and reproductive health conditions,7,1,-6,0.0,0.0,-0.0
T12902,Public Policy and Governance,4,4,0,0.0,0.0,0.0
T11433,Emotional Intelligence and Performance,5,3,-2,0.0,0.0,-0.0
T13674,Computer Science and Engineering,3,5,2,0.0,0.0,0.0
T12598,Cardiac Structural Anomalies and Repair,6,2,-4,0.0,0.0,-0.0
T13576,"Cyprus History, Politics, Society",7,1,-6,0.0,0.0,-0.0
T14258,Legal and Policy Issues,5,3,-2,0.0,0.0,-0.0
T13436,Space Technology and Applications,6,2,-4,0.0,0.0,-0.0
T13611,"Education, Management, Technology, Human Resources",3,5,2,0.0,0.0,0.0
T13367,Cultural and Sociopolitical Studies,3,5,2,0.0,0.0,0.0
T12338,Digital literacy in education,2,6,4,0.0,0.0,0.0
T14024,"Education, Philosophy, and Society",1,7,6,0.0,0.0,0.0
T14348,Marriage and Family Dynamics,4,4,0,0.0,0.0,0.0
T14391,"Forest, Soil, and Plant Ecology in China",3,5,2,0.0,0.0,0.0
T12602,Medical Education and Admissions,4,4,0,0.0,0.0,0.0
T14091,Industrial and Mining Safety,1,7,6,0.0,0.0,0.0
T11284,Coal Properties and Utilization,5,3,-2,0.0,0.0,-0.0
T14384,Ophthalmology and Visual Health Research,2,6,4,0.0,0.0,0.0
T13447,Educational and Psychological Assessments,6,2,-4,0.0,0.0,-0.0
T13795,"Language, Communication, and Linguistic Studies",1,7,6,0.0,0.0,0.0
T12150,Intestinal Malrotation and Obstruction Disorders,5,3,-2,0.0,0.0,-0.0
T12242,Latin American and Latino Studies,5,3,-2,0.0,0.0,-0.0
T13977,Geography and Environmental Studies in Latin America,1,7,6,0.0,0.0,0.0
T10959,Student Assessment and Feedback,1,7,6,0.0,0.0,0.0
T12842,"Youth, Drugs, and Violence",4,4,0,0.0,0.0,0.0
T13533,Medical Case Reports and Studies,3,5,2,0.0,0.0,0.0
T11709,Traditional Chinese Medicine Analysis,4,4,0,0.0,0.0,0.0
T12998,Education and Islamic Studies,3,5,2,0.0,0.0,0.0
T13003,Regional Development and Environment,7,1,-6,0.0,0.0,-0.0
T11676,Parental Involvement in Education,6,2,-4,0.0,0.0,-0.0
T14098,Energy Efficiency in Computing,0,8,8,0.0,0.0,0.0
T14382,Electrophoretic Deposition in Materials Science,7,1,-6,0.0,0.0,-0.0
T12193,Trigeminal Neuralgia and Treatments,5,3,-2,0.0,0.0,-0.0
T14157,Environmental and Agricultural Sciences,3,5,2,0.0,0.0,0.0
T11867,Traumatic Ocular and Foreign Body Injuries,7,1,-6,0.0,0.0,-0.0
T12972,German Colonialism and Identity Studies,7,1,-6,0.0,0.0,-0.0
T14442,Historical Studies in Science,7,1,-6,0.0,0.0,-0.0
T13587,Q Methodology Applications,6,2,-4,0.0,0.0,-0.0
T13122,Linguistics and Cultural Studies,8,0,-8,0.0,0.0,-0.0
T13206,Neonatal skin health care,8,0,-8,0.0,0.0,-0.0
T14474,Industrial Technology and Control Systems,8,0,-8,0.0,0.0,-0.0
T13777,Cognitive and psychological constructs research,8,0,-8,0.0,0.0,-0.0
T13543,Oropharyngeal Anatomy and Pathologies,7,1,-6,0.0,0.0,-0.0
T14286,Parkinson's Disease and Spinal Disorders,8,0,-8,0.0,0.0,-0.0
T14101,Financial Crisis of the 21st Century,8,0,-8,0.0,0.0,-0.0
T14245,Biomarkers in Disease Mechanisms,6,2,-4,0.0,0.0,-0.0
T14015,Otitis Media and Relapsing Polychondritis,8,0,-8,0.0,0.0,-0.0
T14118,Social and Demographic Issues in Germany,8,0,-8,0.0,0.0,-0.0
T12845,Methemoglobinemia and Tumor Lysis Syndrome,5,3,-2,0.0,0.0,-0.0
T12863,Web and Library Services,2,6,4,0.0,0.0,0.0
T14323,"Agriculture, Water, and Health",8,0,-8,0.0,0.0,-0.0
T14410,Safety and Risk Management,1,7,6,0.0,0.0,0.0
T13444,Medical Research and Treatments,8,0,-8,0.0,0.0,-0.0
T13038,Internet of Things and AI,1,7,6,0.0,0.0,0.0
T13346,Digital Transformation in Financial Services,0,8,8,0.0,0.0,0.0
T13929,Educational Outcomes and Influences,0,8,8,0.0,0.0,0.0
T13300,Contemporary Social and Educational Issues,0,8,8,0.0,0.0,0.0
T14254,Digital Media and Visual Art,3,5,2,0.0,0.0,0.0
T13270,QR Code Applications and Technologies,8,0,-8,0.0,0.0,-0.0
T13323,Spinal Hematomas and Complications,8,0,-8,0.0,0.0,-0.0
T13863,Cultural History and Identity Formation,3,5,2,0.0,0.0,0.0
T12726,Philosophical and Cultural Analysis,1,7,6,0.0,0.0,0.0
T12179,Art Education and Development,2,6,4,0.0,0.0,0.0
T13081,Digital Education and Society,2,6,4,0.0,0.0,0.0
T13148,Environmental and Air Quality Management,0,8,8,0.0,0.0,0.0
T14498,Educational Technology in Learning,0,8,8,0.0,0.0,0.0
T12888,Military Strategy and Technology,0,8,8,0.0,0.0,0.0
T13815,Islamic Thought and Society Studies,0,8,8,0.0,0.0,0.0
T12034,Digital and Cyber Forensics,7,0,-7,0.0,0.0,-0.0
T12769,Stoma care and complications,2,5,3,0.0,0.0,0.0
T14310,Botany and Geology in Latin America and Caribbean,7,0,-7,0.0,0.0,-0.0
T13117,Health Education and Validation,2,5,3,0.0,0.0,0.0
T12914,Infectious Disease Case Reports and Treatments,6,1,-5,0.0,0.0,-0.0
T13992,Cynara cardunculus studies,4,3,-1,0.0,0.0,-0.0
T12245,"Counseling, Therapy, and Family Dynamics",4,3,-1,0.0,0.0,-0.0
T12363,Academic Research in Diverse Fields,7,0,-7,0.0,0.0,-0.0
T13671,Philosophy and Phenomenology Studies,3,4,1,0.0,0.0,0.0
T14209,Public health and occupational medicine,6,1,-5,0.0,0.0,-0.0
T14277,Social Skills and Education,1,6,5,0.0,0.0,0.0
T12635,African studies and sociopolitical issues,5,2,-3,0.0,0.0,-0.0
T13689,Underground infrastructure and sustainability,6,1,-5,0.0,0.0,-0.0
T13697,Biliary and Gastrointestinal Fistulas,7,0,-7,0.0,0.0,-0.0
T13292,Embedded Systems and FPGA Applications,2,5,3,0.0,0.0,0.0
T14473,Social and Economic Development in India,5,2,-3,0.0,0.0,-0.0
T13228,Socioeconomic Development in Asia,6,1,-5,0.0,0.0,-0.0
T13821,Coaching Methods and Impact,2,5,3,0.0,0.0,0.0
T13351,Critical Theory and Political Philosophy,5,2,-3,0.0,0.0,-0.0
T13419,Ego Development and Educational Practices,7,0,-7,0.0,0.0,-0.0
T13737,Critical and Liberation Pedagogy,1,6,5,0.0,0.0,0.0
T13631,"Global History, Politics, and Ideology",1,6,5,0.0,0.0,0.0
T13319,Film in Education and Therapy,1,6,5,0.0,0.0,0.0
T13356,Early Modern Women Writers,0,7,7,0.0,0.0,0.0
T11998,Youth Development and Social Support,4,3,-1,0.0,0.0,-0.0
T13258,Williams Syndrome Research,6,1,-5,0.0,0.0,-0.0
T14116,Aviation History and Innovations,0,7,7,0.0,0.0,0.0
T14035,"Literature, Culture, and Aesthetics",0,7,7,0.0,0.0,0.0
T14025,Educational Technology and Assessment,4,3,-1,0.0,0.0,-0.0
T14376,Science and Education Research,3,4,1,0.0,0.0,0.0
T14282,"Security, Politics, and Digital Transformation",4,3,-1,0.0,0.0,-0.0
T13021,Geology and Environmental Impact Studies,1,6,5,0.0,0.0,0.0
T12642,Polymer-Based Agricultural Enhancements,5,2,-3,0.0,0.0,-0.0
T13784,Jewish Identity and Society,2,5,3,0.0,0.0,0.0
T13919,Medicinal plant effects and applications,6,1,-5,0.0,0.0,-0.0
T13882,Research studies in Vietnam,7,0,-7,0.0,0.0,-0.0
T12785,Hong Kong and Taiwan Politics,7,0,-7,0.0,0.0,-0.0
T13307,Diverse Scientific and Engineering Research,7,0,-7,0.0,0.0,-0.0
T14125,"Education, Sociology, Communication Studies",7,0,-7,0.0,0.0,-0.0
T14463,Diverse Scientific Research Studies,7,0,-7,0.0,0.0,-0.0
T14449,Education and Character Development,5,2,-3,0.0,0.0,-0.0
T13965,Laser and Thermal Forming Techniques,7,0,-7,0.0,0.0,-0.0
T13760,"Finance, Taxation, and Governance",7,0,-7,0.0,0.0,-0.0
T11983,"Identity, Memory, and Therapy",3,4,1,0.0,0.0,0.0
T13600,Science Education and Perceptions,4,3,-1,0.0,0.0,-0.0
T13134,Latin American Literature Studies,6,1,-5,0.0,0.0,-0.0
T13050,Oil and Gas Production Techniques,7,0,-7,0.0,0.0,-0.0
T13485,Marine and Coastal Ecosystems,1,6,5,0.0,0.0,0.0
T14197,Historical Studies of Medieval Iberia,3,4,1,0.0,0.0,0.0
T14312,Historical Studies in Central America,4,3,-1,0.0,0.0,-0.0
T13483,Herbal Medicine Research Studies,7,0,-7,0.0,0.0,-0.0
T13813,Oral and Craniofacial Lesions,5,2,-3,0.0,0.0,-0.0
T13333,American Political and Social Dynamics,2,5,3,0.0,0.0,0.0
T14360,Psidium guajava Extracts and Applications,6,1,-5,0.0,0.0,-0.0
T14194,Bioactive Compounds in Plants,4,3,-1,0.0,0.0,-0.0
T13314,Lymphadenopathy Diagnosis and Analysis,2,5,3,0.0,0.0,0.0
T14129,Economic and Business Studies,5,2,-3,0.0,0.0,-0.0
T13788,Cultural Identity and Representation,0,7,7,0.0,0.0,0.0
T13982,Social Movements and Cultural Identity,0,7,7,0.0,0.0,0.0
T12320,Feminist Epistemology and Gender Studies,0,7,7,0.0,0.0,0.0
T14154,"finance, banking, and market dynamics",0,7,7,0.0,0.0,0.0
T13022,Health and Medical Studies,7,0,-7,0.0,0.0,-0.0
T12774,Bauxite Residue and Utilization,6,1,-5,0.0,0.0,-0.0
T14265,Social and Behavioral Studies,7,0,-7,0.0,0.0,-0.0
T12531,Values and Moral Education,3,4,1,0.0,0.0,0.0
T13423,Social Policies and Healthcare Reform,1,6,5,0.0,0.0,0.0
T13646,Qur’anic Interpretation Studies,0,7,7,0.0,0.0,0.0
T13886,Operations Management Techniques,6,0,-6,0.0,0.0,-0.0
T13181,Economic and Technological Systems Analysis,4,2,-2,0.0,0.0,-0.0
T12757,Diverse Academia and Research Topics,6,0,-6,0.0,0.0,-0.0
T13572,German Security and Defense Policies,5,1,-4,0.0,0.0,-0.0
T13213,Mechanical Failure Analysis and Simulation,4,2,-2,0.0,0.0,-0.0
T13045,Industrial Engineering and Technologies,6,0,-6,0.0,0.0,-0.0
T13764,Political theory and Gramsci,4,2,-2,0.0,0.0,-0.0
T13639,Paraquat toxicity studies and treatments,3,3,0,0.0,0.0,0.0
T13496,Advertising and Communication Studies,3,3,0,0.0,0.0,0.0
T13085,"Education, Psychology, and Social Research",6,0,-6,0.0,0.0,-0.0
T13087,Simone de Beauvoir and Sartre,1,5,4,0.0,0.0,0.0
T14009,Ecology and Conservation Studies,6,0,-6,0.0,0.0,-0.0
T13987,Child Development and Education,1,5,4,0.0,0.0,0.0
T13061,Literacy and Educational Practices,1,5,4,0.0,0.0,0.0
T14092,"Ethics, Aesthetics, and Art",0,6,6,0.0,0.0,0.0
T14152,Healthcare Facilities Design and Sustainability,2,4,2,0.0,0.0,0.0
T13741,Cross-Cultural and Social Analysis,0,6,6,0.0,0.0,0.0
T13425,Rural and Ethnic Education,4,2,-2,0.0,0.0,-0.0
T14033,Education in Rural Contexts,2,4,2,0.0,0.0,0.0
T11734,Decision Support System Applications,0,6,6,0.0,0.0,0.0
T13322,Hibiscus Plant Research Studies,4,2,-2,0.0,0.0,-0.0
T13823,Religious and Theological Studies,5,1,-4,0.0,0.0,-0.0
T13772,Geomechanics and Mining Engineering,3,3,0,0.0,0.0,0.0
T14460,"Literary, Cultural, Historical Analysis",1,5,4,0.0,0.0,0.0
T11370,Mobile Learning in Education,2,4,2,0.0,0.0,0.0
T14008,Balkan and Eastern European Studies,3,3,0,0.0,0.0,0.0
T14411,Undergraduate Neuroscience Education and Research,2,4,2,0.0,0.0,0.0
T14316,"Nursing Education, Practice, and Leadership",3,3,0,0.0,0.0,0.0
T12523,Nasolacrimal Duct Obstruction Treatments,3,3,0,0.0,0.0,0.0
T12204,African Education and Politics,2,4,2,0.0,0.0,0.0
T11425,Diverse Music Education Insights,3,3,0,0.0,0.0,0.0
T12123,Financial Analysis and Corporate Governance,0,6,6,0.0,0.0,0.0
T13579,Image and Video Stabilization,4,2,-2,0.0,0.0,-0.0
T12884,Educational Assessment and Pedagogy,2,4,2,0.0,0.0,0.0
T12545,Global Education and Multiculturalism,5,1,-4,0.0,0.0,-0.0
T13990,Engine and Fuel Emissions,3,3,0,0.0,0.0,0.0
T13303,Asian Culture and Media Studies,5,1,-4,0.0,0.0,-0.0
T13353,Flow Experience in Various Fields,4,2,-2,0.0,0.0,-0.0
T12882,Jungian Analytical Psychology,5,1,-4,0.0,0.0,-0.0
T12173,Body Contouring and Surgery,5,1,-4,0.0,0.0,-0.0
T14082,"Modeling, Simulation, and Optimization",6,0,-6,0.0,0.0,-0.0
T12625,Sympathectomy and Hyperhidrosis Treatments,6,0,-6,0.0,0.0,-0.0
T13884,Educational Leadership and Practices,6,0,-6,0.0,0.0,-0.0
T13717,Advanced Algorithms and Applications,6,0,-6,0.0,0.0,-0.0
T13337,Korean Peninsula Historical and Political Studies,6,0,-6,0.0,0.0,-0.0
T14065,Biological Research and Disease Studies,6,0,-6,0.0,0.0,-0.0
T13511,Geodetic Measurements and Engineering Structures,5,1,-4,0.0,0.0,-0.0
T12297,Otolaryngology and Infectious Diseases,4,2,-2,0.0,0.0,-0.0
T12872,Philippine History and Culture,5,1,-4,0.0,0.0,-0.0
T12975,Paraoxonase enzyme and polymorphisms,4,2,-2,0.0,0.0,-0.0
T13791,Veterinary medicine and infectious diseases,4,2,-2,0.0,0.0,-0.0
T12512,History of Colonial Brazil,4,2,-2,0.0,0.0,-0.0
T14057,Hypertrophic osteoarthropathy and related conditions,4,2,-2,0.0,0.0,-0.0
T12987,Religion and Society in Latin America,3,3,0,0.0,0.0,0.0
T13793,Environmental and Analytical Chemistry Studies,1,5,4,0.0,0.0,0.0
T13712,Kantian Philosophy and Modern Interpretations,3,3,0,0.0,0.0,0.0
T14355,Historical Studies of British Isles,5,1,-4,0.0,0.0,-0.0
T10437,Educational theories and practices,2,4,2,0.0,0.0,0.0
T11570,Periodontal Regeneration and Treatments,3,3,0,0.0,0.0,0.0
T14502,High-Voltage Power Transmission Systems,1,5,4,0.0,0.0,0.0
T13466,Comparative Literary Analysis and Criticism,4,2,-2,0.0,0.0,-0.0
T13615,Transportation Systems and Safety,3,3,0,0.0,0.0,0.0
T12217,Higher Education Teaching and Evaluation,3,3,0,0.0,0.0,0.0
T13014,Peace and Human Rights Education,2,4,2,0.0,0.0,0.0
T11910,Foreign Body Medical Cases,2,4,2,0.0,0.0,0.0
T13887,Augustinian Studies and Theology,3,3,0,0.0,0.0,0.0
T13293,Engineering and Test Systems,3,3,0,0.0,0.0,0.0
T13391,Innovations in Aquaponics and Hydroponics Systems,3,3,0,0.0,0.0,0.0
T13902,Indian History and Philosophy,2,4,2,0.0,0.0,0.0
T13284,Psychology Research and Bibliometrics,2,4,2,0.0,0.0,0.0
T12345,Adult and Continuing Education Topics,0,6,6,0.0,0.0,0.0
T14000,"Cultural, Social, and Media Studies",0,6,6,0.0,0.0,0.0
T13731,Advanced Computing and Algorithms,5,0,-5,0.0,0.0,-0.0
T14132,Medical Research and Islamic Perspectives,4,1,-3,0.0,0.0,-0.0
T14001,Evelyn Waugh and Hans Urs von Balthasar Studies,4,1,-3,0.0,0.0,-0.0
T10910,Corporate Governance and Management,3,2,-1,0.0,0.0,-0.0
T13775,Hydrogen's biological and therapeutic effects,5,0,-5,0.0,0.0,-0.0
T12753,"Psychology, Coaching, and Therapy",5,0,-5,0.0,0.0,-0.0
T12551,Forgiveness and Related Behaviors,2,3,1,0.0,0.0,0.0
T11876,Legal Studies and Policies,1,4,3,0.0,0.0,0.0
T14043,Historical and modern epidemiology studies,2,3,1,0.0,0.0,0.0
T14483,Education and Teacher Training,4,1,-3,0.0,0.0,-0.0
T14241,Evasion and Academic Success Factors,2,3,1,0.0,0.0,0.0
T12367,Dental Trauma and Treatments,5,0,-5,0.0,0.0,-0.0
T13589,Literary and Cultural Studies,5,0,-5,0.0,0.0,-0.0
T13464,Higher Education and Sustainability,2,3,1,0.0,0.0,0.0
T12490,Software Engineering and Design Patterns,1,4,3,0.0,0.0,0.0
T13040,"Gender, Education, and Development Issues",0,5,5,0.0,0.0,0.0
T12780,Heavy Metal Pollution Remediation,1,4,3,0.0,0.0,0.0
T12578,Diagnosis and treatment of tuberculosis,3,2,-1,0.0,0.0,-0.0
T12945,Quality Function Deployment in Product Design,3,2,-1,0.0,0.0,-0.0
T13290,Diverse Industrial Engineering Technologies,2,3,1,0.0,0.0,0.0
T13584,Coal Combustion and Slurry Processing,3,2,-1,0.0,0.0,-0.0
T13243,Innovation in Digital Healthcare Systems,0,5,5,0.0,0.0,0.0
T12052,Polish socio-economic development,3,2,-1,0.0,0.0,-0.0
T14367,Logistics and Infrastructure Analysis,1,4,3,0.0,0.0,0.0
T14067,Cloud Computing and Remote Desktop Technologies,3,2,-1,0.0,0.0,-0.0
T12944,Animal Nutrition and Health,2,3,1,0.0,0.0,0.0
T12584,Hospitality and Tourism Education,2,3,1,0.0,0.0,0.0
T12707,Vehicle License Plate Recognition,4,1,-3,0.0,0.0,-0.0
T13433,Short Stories in Global Literature,3,2,-1,0.0,0.0,-0.0
T14356,Organizational Leadership and Management Strategies,3,2,-1,0.0,0.0,-0.0
T12647,Traditional Chinese Medicine Studies,4,1,-3,0.0,0.0,-0.0
T12511,Medieval and Classical Philosophy,4,1,-3,0.0,0.0,-0.0
T10826,Behavioral and Psychological Studies,4,1,-3,0.0,0.0,-0.0
T12947,"Health, psychology, and well-being",4,1,-3,0.0,0.0,-0.0
T13172,Economic Issues in Ukraine,5,0,-5,0.0,0.0,-0.0
T13560,Socioeconomic Development in MENA,5,0,-5,0.0,0.0,-0.0
T13365,Medical and Biological Ozone Research,5,0,-5,0.0,0.0,-0.0
T13434,Cancer Research and Treatment,5,0,-5,0.0,0.0,-0.0
T12721,Moringa oleifera research and applications,5,0,-5,0.0,0.0,-0.0
T13183,Islanding Detection in Power Systems,5,0,-5,0.0,0.0,-0.0
T13577,Sephardic Jews and Inquisition Studies,1,4,3,0.0,0.0,0.0
T13871,Melamine detection and toxicity,4,1,-3,0.0,0.0,-0.0
T13794,Financial Reporting and XBRL,2,3,1,0.0,0.0,0.0
T13482,Engineering Education and Technology,5,0,-5,0.0,0.0,-0.0
T14196,Multidisciplinary Warburg-centric Studies,5,0,-5,0.0,0.0,-0.0
T12258,"Perfectionism, Procrastination, Anxiety Studies",4,1,-3,0.0,0.0,-0.0
T14014,Transportation Systems and Infrastructure,3,2,-1,0.0,0.0,-0.0
T12651,Halal products and consumer behavior,2,3,1,0.0,0.0,0.0
T13657,Aortic Thrombus and Embolism,3,2,-1,0.0,0.0,-0.0
T14501,Global Economic and Social Development,5,0,-5,0.0,0.0,-0.0
T14159,Discourse Analysis and Cultural Communication,2,3,1,0.0,0.0,0.0
T13651,Medicinal Plants and Bioactive Compounds,5,0,-5,0.0,0.0,-0.0
T13090,Medicinal Plant Extracts Effects,2,3,1,0.0,0.0,0.0
T13388,Rangeland and Wildlife Management,4,1,-3,0.0,0.0,-0.0
T14193,Literature and Cultural Memory,5,0,-5,0.0,0.0,-0.0
T12993,Psychology of Development and Education,4,1,-3,0.0,0.0,-0.0
T14290,Education Methods and Practices,2,3,1,0.0,0.0,0.0
T12977,Spanish Literature and Culture Studies,2,3,1,0.0,0.0,0.0
T13908,Scientific and Historical Analyses,2,3,1,0.0,0.0,0.0
T14353,Wireless Sensor Networks for Data Analysis,2,3,1,0.0,0.0,0.0
T13190,Engineering and Environmental Studies,4,1,-3,0.0,0.0,-0.0
T11384,Critical Race Theory in Education,1,4,3,0.0,0.0,0.0
T13774,Citizenship Education and Democracy,0,5,5,0.0,0.0,0.0
T13816,Advanced Signal Processing Techniques,0,5,5,0.0,0.0,0.0
T13451,Mechanical Engineering Research and Applications,0,5,5,0.0,0.0,0.0
T11555,Methodologies in Health Research and Practice,0,5,5,0.0,0.0,0.0
T14385,Franz Kafka Literary Studies,3,2,-1,0.0,0.0,-0.0
T11787,Oral and Maxillofacial Pathology,4,1,-3,0.0,0.0,-0.0
T13748,Advanced Statistical Modeling Techniques,5,0,-5,0.0,0.0,-0.0
T13440,Electromagnetic Effects on Materials,3,2,-1,0.0,0.0,-0.0
T14244,Consumer Behavior and Marketing Influence,2,3,1,0.0,0.0,0.0
T14336,Land Use and Management,4,1,-3,0.0,0.0,-0.0
T13805,Adolescent Health and Behaviors,0,5,5,0.0,0.0,0.0
T12711,Immigration and Intercultural Education,0,5,5,0.0,0.0,0.0
T14435,Information Retrieval and Data Mining,0,5,5,0.0,0.0,0.0
T11543,Employee Performance and Motivation,0,5,5,0.0,0.0,0.0
T13064,Dutch Social and Cultural Studies,4,0,-4,0.0,0.0,-0.0
T13361,Coconut Research and Applications,2,2,0,0.0,0.0,0.0
T13281,Andrographolide Research and Applications,2,2,0,0.0,0.0,0.0
T13705,Australian Indigenous Culture and History,3,1,-2,0.0,0.0,-0.0
T13865,Nationalism and Cultural Identity,2,2,0,0.0,0.0,0.0
T13959,"Swearing, Euphemism, Multilingualism",1,3,2,0.0,0.0,0.0
T12484,Retinopathy of Prematurity Studies,3,1,-2,0.0,0.0,-0.0
T12558,Wittgensteinian philosophy and applications,2,2,0,0.0,0.0,0.0
T14513,"Leadership, Courage, and Heroism Studies",2,2,0,0.0,0.0,0.0
T13670,Ziziphus Jujuba Studies and Applications,4,0,-4,0.0,0.0,-0.0
T14225,Advanced Sensor and Control Systems,3,1,-2,0.0,0.0,-0.0
T14304,Transport Systems and Technology,2,2,0,0.0,0.0,0.0
T14486,"Cardiovascular, Neuropeptides, and Oxidative Stress Research",4,0,-4,0.0,0.0,-0.0
T13767,Leech Biology and Applications,4,0,-4,0.0,0.0,-0.0
T13034,Information Systems Education and Curriculum Development,1,3,2,0.0,0.0,0.0
T13144,Theology and Philosophy of Evil,2,2,0,0.0,0.0,0.0
T12830,Pectus Deformity Diagnosis and Treatment,4,0,-4,0.0,0.0,-0.0
T13041,Contemporary Social and Economic Issues,1,3,2,0.0,0.0,0.0
T12886,Historical and Cultural Studies of Poland,3,1,-2,0.0,0.0,-0.0
T14301,Educational methodologies and cognitive development,3,1,-2,0.0,0.0,-0.0
T13653,"Commonwealth, Australian Politics and Federalism",2,2,0,0.0,0.0,0.0
T12723,Hannah Arendt's Political Philosophy,0,4,4,0.0,0.0,0.0
T14447,Trade Secret Protection Methods,0,4,4,0.0,0.0,0.0
T13729,Korean Urban and Social Studies,2,2,0,0.0,0.0,0.0
T14455,Technology and Education Systems,0,4,4,0.0,0.0,0.0
T13441,Ottoman Empire History and Society,0,4,4,0.0,0.0,0.0
T13082,Water and Land Management,2,2,0,0.0,0.0,0.0
T13306,Geography and Education Methods,3,1,-2,0.0,0.0,-0.0
T13617,"Gender, Violence, Rights in Latin America",0,4,4,0.0,0.0,0.0
T12939,Polish Law and Legal System,2,2,0,0.0,0.0,0.0
T12406,IoT and GPS-based Vehicle Safety Systems,1,3,2,0.0,0.0,0.0
T13566,Global Educational Reforms and Inequalities,3,1,-2,0.0,0.0,-0.0
T14516,English Language Learning and Teaching,0,4,4,0.0,0.0,0.0
T14138,Life Cycle Costing Analysis,1,3,2,0.0,0.0,0.0
T12265,Gun Ownership and Violence Research,3,1,-2,0.0,0.0,-0.0
T13517,Environmental and Industrial Safety,3,1,-2,0.0,0.0,-0.0
T12790,Nursing Diagnosis and Documentation,3,1,-2,0.0,0.0,-0.0
T13918,Advanced Data and IoT Technologies,3,1,-2,0.0,0.0,-0.0
T13895,Educational Leadership and Innovation,4,0,-4,0.0,0.0,-0.0
T14426,"Religion, Gender, and Enlightenment",4,0,-4,0.0,0.0,-0.0
T11562,Facial Trauma and Fracture Management,4,0,-4,0.0,0.0,-0.0
T13817,"Tannin, Tannase and Anticancer Activities",4,0,-4,0.0,0.0,-0.0
T13652,Education and Social Development in Ukraine,4,0,-4,0.0,0.0,-0.0
T14370,"Economic, Social, and Health Studies",4,0,-4,0.0,0.0,-0.0
T13255,"Business, Innovation, and Economy",4,0,-4,0.0,0.0,-0.0
T13432,Environmental Sustainability and Technology,4,0,-4,0.0,0.0,-0.0
T14234,Data Privacy and Cybersecurity,4,0,-4,0.0,0.0,-0.0
T14182,Technology-Enhanced Education Studies,4,0,-4,0.0,0.0,-0.0
T14096,Advancements in Materials Engineering,4,0,-4,0.0,0.0,-0.0
T14070,Knowledge Societies in the 21st Century,4,0,-4,0.0,0.0,-0.0
T13405,Educational Assessment and Improvement,1,3,2,0.0,0.0,0.0
T14081,Linguistic Education and Pedagogy,4,0,-4,0.0,0.0,-0.0
T13016,Innovative Educational Technologies,4,0,-4,0.0,0.0,-0.0
T12750,Nigella sativa pharmacological applications,4,0,-4,0.0,0.0,-0.0
T13348,Pancasila Values in Education,4,0,-4,0.0,0.0,-0.0
T14308,Psychological and Educational Research Studies,3,1,-2,0.0,0.0,-0.0
T13510,Nostalgia and Consumer Behavior,2,2,0,0.0,0.0,0.0
T13975,"Energy, Economy, and Technology Trends",1,3,2,0.0,0.0,0.0
T14313,Health and Well-being Studies,4,0,-4,0.0,0.0,-0.0
T13848,Ottoman and Turkish Studies,2,2,0,0.0,0.0,0.0
T14518,American Sports and Literature,4,0,-4,0.0,0.0,-0.0
T12109,"Race, Identity, and Education in Brazil",2,2,0,0.0,0.0,0.0
T13442,Geochemistry and Geochronology of Asian Mineral Deposits,2,2,0,0.0,0.0,0.0
T14406,Multidisciplinary Science and Engineering Research,1,3,2,0.0,0.0,0.0
T13866,Occupational health in dentistry,3,1,-2,0.0,0.0,-0.0
T14228,Religion and Sociopolitical Dynamics in Nigeria,3,1,-2,0.0,0.0,-0.0
T13507,"Literature, Politics, and Exile Studies",0,4,4,0.0,0.0,0.0
T12787,Human Behavior and Motivation,0,4,4,0.0,0.0,0.0
T14066,Economic Development and Regional Competitiveness,0,4,4,0.0,0.0,0.0
T12687,Public Administration in Developing Nations,0,4,4,0.0,0.0,0.0
T10561,Educational Research and Methods,0,4,4,0.0,0.0,0.0
T14037,Arabic Language Education Studies,4,0,-4,0.0,0.0,-0.0
T14052,Galician and Iberian cultural studies,4,0,-4,0.0,0.0,-0.0
T13131,Collaborative Teaching and Inclusion,1,3,2,0.0,0.0,0.0
T12861,"Migration, Education, Indigenous Social Dynamics",3,1,-2,0.0,0.0,-0.0
T13626,Educational and Organizational Development,1,3,2,0.0,0.0,0.0
T11756,Mentoring and Academic Development,0,4,4,0.0,0.0,0.0
T13913,Blockchain Technology in Education and Learning,3,0,-3,0.0,0.0,-0.0
T13457,"Dental Education, Practice, Research",2,1,-1,0.0,0.0,-0.0
T13159,Structural mechanics and materials,3,0,-3,0.0,0.0,-0.0
T14461,Medicinal Plant Studies,3,0,-3,0.0,0.0,-0.0
T14045,"Health, Education, and Physical Culture",2,1,-1,0.0,0.0,-0.0
T14495,Public Health and Nutrition,3,0,-3,0.0,0.0,-0.0
T13832,Advanced Decision-Making Techniques,3,0,-3,0.0,0.0,-0.0
T14145,Diverse Cultural Media Analysis,3,0,-3,0.0,0.0,-0.0
T13974,"Health, Education, and Aging",3,0,-3,0.0,0.0,-0.0
T11935,"Literacy, Media, and Education",2,1,-1,0.0,0.0,-0.0
T14218,Engineering Education and Global Impact,2,1,-1,0.0,0.0,-0.0
T12521,Death Anxiety and Social Exclusion,2,1,-1,0.0,0.0,-0.0
T13846,Mangiferin and Mango Extracts,3,0,-3,0.0,0.0,-0.0
T12582,Flavonoids in Medical Research,2,1,-1,0.0,0.0,-0.0
T12593,Communication in Education and Healthcare,1,2,1,0.0,0.0,0.0
T14456,Blasting Impact and Analysis,1,2,1,0.0,0.0,0.0
T14392,Geoscience and Mining Technology,2,1,-1,0.0,0.0,-0.0
T13660,Philosophical and Historical Studies,1,2,1,0.0,0.0,0.0
T13335,Pharmacological Effects of Medicinal Plants,2,1,-1,0.0,0.0,-0.0
T14200,"Medical, Sociocultural, and Biopolitical Studies",1,2,1,0.0,0.0,0.0
T12462,Elder Abuse and Neglect,0,3,3,0.0,0.0,0.0
T13716,Communication Studies and Media,1,2,1,0.0,0.0,0.0
T13972,Business Law and Ethics,2,1,-1,0.0,0.0,-0.0
T11806,Service-Learning and Community Engagement,1,2,1,0.0,0.0,0.0
T13301,Cultural Studies and Interdisciplinary Research,2,1,-1,0.0,0.0,-0.0
T14309,Employee Performance and Management,0,3,3,0.0,0.0,0.0
T12734,Information Systems and Technology Applications,0,3,3,0.0,0.0,0.0
T14022,Cultural and Religious Practices in Indonesia,2,1,-1,0.0,0.0,-0.0
T13940,Philosophy and Literary Analysis,2,1,-1,0.0,0.0,-0.0
T13403,Higher Education in Latin America,1,2,1,0.0,0.0,0.0
T14305,Modern American Literature Studies,1,2,1,0.0,0.0,0.0
T13872,Vocational and Entrepreneurial Education,2,1,-1,0.0,0.0,-0.0
T13359,Sports Science and Education,1,2,1,0.0,0.0,0.0
T13324,Scientific and Engineering Research Topics,2,1,-1,0.0,0.0,-0.0
T14131,Giambattista Vico and Joyce,2,1,-1,0.0,0.0,-0.0
T12184,Linguistics and Education Research,2,1,-1,0.0,0.0,-0.0
T13751,Diverse Approaches in Healthcare and Education Studies,2,1,-1,0.0,0.0,-0.0
T13278,Economic and Business Development Strategies,3,0,-3,0.0,0.0,-0.0
T13956,Sociopolitical Dynamics in Nepal,3,0,-3,0.0,0.0,-0.0
T12705,Educational Reforms and Innovations,3,0,-3,0.0,0.0,-0.0
T14239,"Business, Education, Mathematics Research",3,0,-3,0.0,0.0,-0.0
T13390,Cultural and Social Dynamics,3,0,-3,0.0,0.0,-0.0
T13479,Food Science and Nutritional Studies,3,0,-3,0.0,0.0,-0.0
T13226,Appreciative Inquiry and Organizational Change,3,0,-3,0.0,0.0,-0.0
T13907,Social Issues and Sustainability,3,0,-3,0.0,0.0,-0.0
T13448,Indigenous Cultures and Socio-Education,1,2,1,0.0,0.0,0.0
T13527,Transportation Systems and Logistics,1,2,1,0.0,0.0,0.0
T13244,Analysis of environmental and stochastic processes,3,0,-3,0.0,0.0,-0.0
T14319,Currency Recognition and Detection,3,0,-3,0.0,0.0,-0.0
T13808,Construction Engineering and Safety,2,1,-1,0.0,0.0,-0.0
T13118,Psychological Treatments and Disorders,2,1,-1,0.0,0.0,-0.0
T13715,Power Line Inspection Robots,3,0,-3,0.0,0.0,-0.0
T11865,Anorectal Disease Treatments and Outcomes,2,1,-1,0.0,0.0,-0.0
T14036,Literary and Philosophical Studies,1,2,1,0.0,0.0,0.0
T12950,Educational Environments and Student Outcomes,1,2,1,0.0,0.0,0.0
T14450,Employee Welfare and Language Studies,2,1,-1,0.0,0.0,-0.0
T14283,Diverse Academic Research Areas,0,3,3,0.0,0.0,0.0
T12940,Structural Engineering and Materials Analysis,0,3,3,0.0,0.0,0.0
T13661,Reformed Theology and Governance,0,3,3,0.0,0.0,0.0
T12474,Education Discipline and Inequality,0,3,3,0.0,0.0,0.0
T13395,"Education, Leadership, and Health Research",3,0,-3,0.0,0.0,-0.0
T13053,SMEs Development and Digital Marketing,2,1,-1,0.0,0.0,-0.0
T13431,Education Methods and Integration,3,0,-3,0.0,0.0,-0.0
T13725,Pineapple and bromelain studies,3,0,-3,0.0,0.0,-0.0
T14172,Cultural and Social Studies in Latin America,3,0,-3,0.0,0.0,-0.0
T13909,Environmental Quality and Pollution,1,2,1,0.0,0.0,0.0
T13542,"Grit, Self-Efficacy, and Motivation",3,0,-3,0.0,0.0,-0.0
T13853,Teacher Education and Assessments,0,3,3,0.0,0.0,0.0
T13273,Knowledge Management in Higher Education,0,3,3,0.0,0.0,0.0
T14121,Logistics and Transportation Systems,0,3,3,0.0,0.0,0.0
T12591,Inclusive Education and Diversity,0,3,3,0.0,0.0,0.0
T13954,Aerospace Engineering and Applications,0,3,3,0.0,0.0,0.0
T13698,"Education, Politics, and Culture Studies",0,3,3,0.0,0.0,0.0
T12181,Agricultural and Biological Research,0,3,3,0.0,0.0,0.0
T14467,"Public Administration, ICT, and Policy Development",2,0,-2,0.0,0.0,-0.0
T14397,Legal and Policy Analysis in Indonesia,2,0,-2,0.0,0.0,-0.0
T14478,Papaya Research and Applications,2,0,-2,0.0,0.0,-0.0
T12021,Social and Educational Sciences,2,0,-2,0.0,0.0,-0.0
T13392,History of Education in Spain,2,0,-2,0.0,0.0,-0.0
T14325,Diverse Specialized Academic Research,2,0,-2,0.0,0.0,-0.0
T12480,Health and Wellbeing Research,2,0,-2,0.0,0.0,-0.0
T13601,Urban Transport Systems Analysis,2,0,-2,0.0,0.0,-0.0
T13761,HIV/AIDS oral health manifestations,2,0,-2,0.0,0.0,-0.0
T14298,Cultural and Social Studies,2,0,-2,0.0,0.0,-0.0
T14321,"Religion, Theology, and Education",2,0,-2,0.0,0.0,-0.0
T13343,Turkish Urban and Social Issues,1,1,0,0.0,0.0,0.0
T13501,Legal Issues in Turkey,1,1,0,0.0,0.0,0.0
T13852,Seismic and Structural Analysis of Tall Buildings,2,0,-2,0.0,0.0,-0.0
T13413,Cultural and Historical Studies,1,1,0,0.0,0.0,0.0
T14333,Dermatoglyphics and Human Traits,1,1,0,0.0,0.0,0.0
T14130,"Healthcare, Law, Governance, and Management Studies",1,1,0,0.0,0.0,0.0
T13486,"Literature, Magical Realism, García Márquez",1,1,0,0.0,0.0,0.0
T14071,Healthcare during COVID-19 Pandemic,1,1,0,0.0,0.0,0.0
T13202,Pharmacology and Nanomedicine Research,1,1,0,0.0,0.0,0.0
T14354,Emergency Medicine Education and Research,1,1,0,0.0,0.0,0.0
T14168,Occupational Health and Global Justice,0,2,2,0.0,0.0,0.0
T12239,Construction Management and Sustainability,1,1,0,0.0,0.0,0.0
T13927,Cyberloafing and Workplace Behavior,1,1,0,0.0,0.0,0.0
T13789,Global Education Systems and Policies,0,2,2,0.0,0.0,0.0
T13233,Occupational Health and Safety Management,1,1,0,0.0,0.0,0.0
T14007,Indigenous and Place-Based Education,1,1,0,0.0,0.0,0.0
T13072,Contemporary Christian Leadership and Education,1,1,0,0.0,0.0,0.0
T12966,Russian Literature and Bakhtin Studies,1,1,0,0.0,0.0,0.0
T14107,Appalachian Studies and Mathematics,1,1,0,0.0,0.0,0.0
T14341,"Education, Technology, and Ethics",2,0,-2,0.0,0.0,-0.0
T14188,Latin American Legal and Economic Studies,2,0,-2,0.0,0.0,-0.0
T13892,Aquatic life and conservation,2,0,-2,0.0,0.0,-0.0
T14344,Pathogenesis and Treatment of Hiccups,2,0,-2,0.0,0.0,-0.0
T13349,Educational Research and Analysis,2,0,-2,0.0,0.0,-0.0
T14369,Diverse Interdisciplinary Research Innovations,2,0,-2,0.0,0.0,-0.0
T14375,"Cultural, Linguistic, Economic Studies",2,0,-2,0.0,0.0,-0.0
T11101,Online Learning Methods and Innovations,2,0,-2,0.0,0.0,-0.0
T13480,Innovations and Analysis in Business and Education,2,0,-2,0.0,0.0,-0.0
T12913,Multidisciplinary Research Papers Compilation,2,0,-2,0.0,0.0,-0.0
T13446,"Antioxidants, Aging, Portulaca oleracea",2,0,-2,0.0,0.0,-0.0
T13109,Theological Perspectives and Practices,2,0,-2,0.0,0.0,-0.0
T13535,Wireless Sensor Networks and IoT,2,0,-2,0.0,0.0,-0.0
T13677,Magnolia and Illicium research,2,0,-2,0.0,0.0,-0.0
T13598,Political Developments and Conflicts,2,0,-2,0.0,0.0,-0.0
T14425,Educational Practices and Sociocultural Research,2,0,-2,0.0,0.0,-0.0
T14073,Diverse Global Research Studies,2,0,-2,0.0,0.0,-0.0
T13776,Phytochemical and Pharmacological Studies,2,0,-2,0.0,0.0,-0.0
T13341,Belt Conveyor Systems Engineering,1,1,0,0.0,0.0,0.0
T12556,Educational Methods and Analysis,1,1,0,0.0,0.0,0.0
T13663,"Sustainability, Environment, and Optimization Algorithms",2,0,-2,0.0,0.0,-0.0
T14247,"Borges, Kipling, and Jewish Identity",2,0,-2,0.0,0.0,-0.0
T13345,Advanced Technologies and Applied Computing,2,0,-2,0.0,0.0,-0.0
T13878,Case Reports on Hematomas,2,0,-2,0.0,0.0,-0.0
T13750,"Mormonism, Religion, and History",2,0,-2,0.0,0.0,-0.0
T14331,Medicinal Plant Pharmacodynamics Research,2,0,-2,0.0,0.0,-0.0
T13827,Mechatronics Education and Applications,1,1,0,0.0,0.0,0.0
T12244,Healthcare Education and Workforce Issues,1,1,0,0.0,0.0,0.0
T13054,Agricultural and Financial Auditing,1,1,0,0.0,0.0,0.0
T12368,Grey System Theory Applications,2,0,-2,0.0,0.0,-0.0
T13713,Diverse Perspectives in Modern Studies,2,0,-2,0.0,0.0,-0.0
T12249,Veterinary Orthopedics and Neurology,1,1,0,0.0,0.0,0.0
T14338,"Leadership, Human Resources, Global Affairs",2,0,-2,0.0,0.0,-0.0
T14231,New Zealand Economic and Social Studies,2,0,-2,0.0,0.0,-0.0
T13709,Education in Diverse Contexts,1,1,0,0.0,0.0,0.0
T14235,"Linguistic, Cultural, and Literary Studies",2,0,-2,0.0,0.0,-0.0
T11889,Ginseng Biological Effects and Applications,2,0,-2,0.0,0.0,-0.0
T13541,IoT-based Control Systems,2,0,-2,0.0,0.0,-0.0
T14387,Environmental Engineering and Cultural Studies,2,0,-2,0.0,0.0,-0.0
T12665,Bamboo properties and applications,2,0,-2,0.0,0.0,-0.0
T13582,"Stalking, Cyberstalking, and Harassment",1,1,0,0.0,0.0,0.0
T14281,Islamic Finance and Communication,2,0,-2,0.0,0.0,-0.0
T13461,Vladimir Nabokov Literary Studies,1,1,0,0.0,0.0,0.0
T14408,Coastal Management and Development,0,2,2,0.0,0.0,0.0
T14445,Transportation Safety and Impact Analysis,1,1,0,0.0,0.0,0.0
T14029,Thoreau and American Literature,0,2,2,0.0,0.0,0.0
T14416,"Health, Technology, Consumer Behavior",0,2,2,0.0,0.0,0.0
T14183,Banking Sector Performance and Management,0,2,2,0.0,0.0,0.0
T13969,Flooding and Environmental Impact,0,2,2,0.0,0.0,0.0
T13462,Spanish Philosophy and Literature,0,2,2,0.0,0.0,0.0
T13973,"Catholicism, Bioethics, Media, Education",0,2,2,0.0,0.0,0.0
T13696,Technology's Impact on Media,1,1,0,0.0,0.0,0.0
T13094,Mining and Gasification Technologies,2,0,-2,0.0,0.0,-0.0
T13271,Ukrainian Legal and Forensic Studies,1,1,0,0.0,0.0,0.0
T13520,Architectural and Urban Studies,1,1,0,0.0,0.0,0.0
T10011,"Literature: history, themes, analysis",1,1,0,0.0,0.0,0.0
T13189,Physical Education and Training Studies,1,1,0,0.0,0.0,0.0
T13847,Literature Analysis and Criticism,0,2,2,0.0,0.0,0.0
T13169,Consumer Perception and Purchasing Behavior,0,2,2,0.0,0.0,0.0
T11813,Library Collection Development and Digital Resources,0,2,2,0.0,0.0,0.0
T13780,Diverse Education Studies and Reforms,0,2,2,0.0,0.0,0.0
T13746,Mechanical Systems and Engineering,1,0,-1,0.0,0.0,-0.0
T14497,Social Issues and Policies in Latin America,1,0,-1,0.0,0.0,-0.0
T14016,International Relations and Autism,1,0,-1,0.0,0.0,-0.0
T14295,Families in Therapy and Culture,1,0,-1,0.0,0.0,-0.0
T14358,Healthcare Quality and Satisfaction,1,0,-1,0.0,0.0,-0.0
T13606,Umberto Eco and Semiotics,1,0,-1,0.0,0.0,-0.0
T14060,Education and Communication Studies,1,0,-1,0.0,0.0,-0.0
T13978,Foreign Language Teaching Methods,1,0,-1,0.0,0.0,-0.0
T13680,"Education, Psychology, and Complexity Research",1,0,-1,0.0,0.0,-0.0
T14431,Diverse Research and Applications,1,0,-1,0.0,0.0,-0.0
T13640,Ranque-Hilsch vortex tube,1,0,-1,0.0,0.0,-0.0
T13578,Stonefly species taxonomy and ecology,1,0,-1,0.0,0.0,-0.0
T14398,Agriculture and Social Issues,1,0,-1,0.0,0.0,-0.0
T13930,Diverse Education and Engineering Focus,1,0,-1,0.0,0.0,-0.0
T14407,Athletic Training and Education,1,0,-1,0.0,0.0,-0.0
T13586,"HIV, TB, and STIs Epidemiology",1,0,-1,0.0,0.0,-0.0
T14044,Medical and Agricultural Research Studies,1,0,-1,0.0,0.0,-0.0
T13371,Military Defense Systems Analysis,1,0,-1,0.0,0.0,-0.0
T12877,Social Issues in Poland,1,0,-1,0.0,0.0,-0.0
T13321,"Radio, Podcasts, and Digital Media",1,0,-1,0.0,0.0,-0.0
T14465,"Leadership, Behavior, and Decision-Making Studies",1,0,-1,0.0,0.0,-0.0
T14040,Problem Solving Skills Development,1,0,-1,0.0,0.0,-0.0
T13733,Moravian Church and William Blake,1,0,-1,0.0,0.0,-0.0
T13139,Polish Legal and Social Issues,1,0,-1,0.0,0.0,-0.0
T13755,Global socioeconomic and cultural dynamics,1,0,-1,0.0,0.0,-0.0
T13017,Zygmunt Bauman's Sociology,0,1,1,0.0,0.0,0.0
T13968,Contemporary Cultural and Social Studies,0,1,1,0.0,0.0,0.0
T13515,Cultural and Communication Design Research,0,1,1,0.0,0.0,0.0
T14250,Energy and Environmental Systems,0,1,1,0.0,0.0,0.0
T12952,School Leadership and Teacher Performance,0,1,1,0.0,0.0,0.0
T13941,Geotechnical and Mining Engineering,0,1,1,0.0,0.0,0.0
T14041,Central European Literary Studies,1,0,-1,0.0,0.0,-0.0
T14153,Social Development and Education Research,1,0,-1,0.0,0.0,-0.0
T13424,"Ukraine: War, Education, Health",1,0,-1,0.0,0.0,-0.0
T14211,Diverse academic research themes,1,0,-1,0.0,0.0,-0.0
T13565,Education and Learning Interventions,1,0,-1,0.0,0.0,-0.0
T13071,Digital Storytelling and Education,1,0,-1,0.0,0.0,-0.0
T13429,Electricity Theft Detection Techniques,1,0,-1,0.0,0.0,-0.0
T13924,Internet of Things and Social Network Interactions,1,0,-1,0.0,0.0,-0.0
T13683,"Architecture, Art, Education",1,0,-1,0.0,0.0,-0.0
T13499,Economic Systems and Logistics Management,1,0,-1,0.0,0.0,-0.0
T13573,"Government, Law, and Information Management",1,0,-1,0.0,0.0,-0.0
T13602,Educational Methods and Media Use,1,0,-1,0.0,0.0,-0.0
T14063,Diverse Philosophical and Cultural Studies,1,0,-1,0.0,0.0,-0.0
T13997,Scientific Research and Studies,1,0,-1,0.0,0.0,-0.0
T12260,Educational Technology and Pedagogy,1,0,-1,0.0,0.0,-0.0
T14368,Evaluation and Optimization Models,1,0,-1,0.0,0.0,-0.0
T14337,"Religious, Philosophical, and Educational Studies",1,0,-1,0.0,0.0,-0.0
T14430,Higher Education and Teaching Methods,1,0,-1,0.0,0.0,-0.0
T14267,Technology in Education and Healthcare,1,0,-1,0.0,0.0,-0.0
T14484,Technology and Data Analysis,1,0,-1,0.0,0.0,-0.0
T13732,"Aerospace, Electronics, Mathematical Modeling",1,0,-1,0.0,0.0,-0.0
T13559,Edcuational Technology Systems,1,0,-1,0.0,0.0,-0.0
T14103,Educational Management and Quality,1,0,-1,0.0,0.0,-0.0
T14240,E-Learning and COVID-19,1,0,-1,0.0,0.0,-0.0
T13608,Advanced Computational Techniques in Science and Engineering,1,0,-1,0.0,0.0,-0.0
T10312,"Health, Nursing, Elderly Care",1,0,-1,0.0,0.0,-0.0
T14287,Music Education and Analysis,1,0,-1,0.0,0.0,-0.0
T14294,Impulse Buying and Technology Impacts,1,0,-1,0.0,0.0,-0.0
T14113,Global Socioeconomic and Political Dynamics,1,0,-1,0.0,0.0,-0.0
T13411,Labor Market and Education,1,0,-1,0.0,0.0,-0.0
T13161,Ideological and Political Education,1,0,-1,0.0,0.0,-0.0
T14446,Civil and Geotechnical Engineering Research,1,0,-1,0.0,0.0,-0.0
T13933,Whitehead's Philosophy and Applications,1,0,-1,0.0,0.0,-0.0
T13703,Attention Economy in Education and Business,1,0,-1,0.0,0.0,-0.0
T14424,Economic Analysis and Policy,1,0,-1,0.0,0.0,-0.0
T14148,Kierkegaardian Philosophy and Influence,1,0,-1,0.0,0.0,-0.0
T14084,Methodology and Impact of Social Science Research,1,0,-1,0.0,0.0,-0.0
T14413,Advanced Technologies in Various Fields,1,0,-1,0.0,0.0,-0.0
T13668,Agricultural and Rural Development Research,1,0,-1,0.0,0.0,-0.0
T12928,Education and Cultural Studies,1,0,-1,0.0,0.0,-0.0
T13285,Local Governance and Development,1,0,-1,0.0,0.0,-0.0
T13858,Technical Engine Diagnostics and Monitoring,1,0,-1,0.0,0.0,-0.0
T12446,Economic Growth and Fiscal Policies,0,1,1,0.0,0.0,0.0
T14439,"Feminism, Gender, and Social Issues",0,1,1,0.0,0.0,0.0
T13299,Educational Leadership and Administration,0,1,1,0.0,0.0,0.0
T14203,"Education, Safety, and Science Studies",0,1,1,0.0,0.0,0.0
T13744,Financial Literacy and Behavior,1,0,-1,0.0,0.0,-0.0
T13612,Advanced Scientific and Engineering Studies,1,0,-1,0.0,0.0,-0.0
T13836,Educational Research and Pedagogy,1,0,-1,0.0,0.0,-0.0
T14485,Language Acquisition and Education,1,0,-1,0.0,0.0,-0.0
T13658,Education and Professional Development,1,0,-1,0.0,0.0,-0.0
T14064,Organizational and Employee Performance,1,0,-1,0.0,0.0,-0.0
T14075,Psychodrama and Leishmaniasis Studies,1,0,-1,0.0,0.0,-0.0
T13932,"Education, Technology, and Economics",1,0,-1,0.0,0.0,-0.0
T12818,"Pneumothorax, Barotrauma, Emphysema",1,0,-1,0.0,0.0,-0.0
T13830,Educational Curriculum and Learning Methods,1,0,-1,0.0,0.0,-0.0
T14421,Educational Philosophies and Pedagogies,1,0,-1,0.0,0.0,-0.0
T13384,Regional Economic Development and Innovation,1,0,-1,0.0,0.0,-0.0
T12997,Outdoor and Experiential Education,0,1,1,0.0,0.0,0.0
T13790,Waste Management and Environmental Impact,0,1,1,0.0,0.0,0.0
T13985,Enterprise Management and Information Systems,0,1,1,0.0,0.0,0.0
T13580,Management and Performance Evaluation,0,1,1,0.0,0.0,0.0
T13797,Probabilistic Statistics in Medicine,0,1,1,0.0,0.0,0.0
T14436,Employee Performance and Leadership,0,1,1,0.0,0.0,0.0
T14252,Water and Wastewater Treatment,0,1,1,0.0,0.0,0.0
T14263,Professional Masters Programs Analysis,0,1,1,0.0,0.0,0.0
T14505,Natural Products and Applications,0,1,1,0.0,0.0,0.0
T14136,Education and Military Integration,0,1,1,0.0,0.0,0.0
T13288,"Banking, Crisis Management, COVID-19 Impact",0,1,1,0.0,0.0,0.0
T13868,Afro-Latin American Studies,0,1,1,0.0,0.0,0.0
T14058,Value Engineering and Management,0,1,1,0.0,0.0,0.0
