topic_id,display_name,works_old,works_new,change,share_old,share_new,share_change_pts
T10048,Particle physics theoretical and experimental studies,4964,4533,-431,0.0308,0.0282,-0.26
T10093,Nuclear physics research studies,1504,1954,450,0.0093,0.0121,0.28
T10065,Atrial Fibrillation Management and Outcomes,1634,1785,151,0.0101,0.0111,0.1
T10091,Malaria Research and Control,997,1178,181,0.0062,0.0073,0.11
T10224,Quantum Chromodynamics and Particle Interactions,619,1490,871,0.0038,0.0093,0.54
T11786,Geomagnetism and Paleomagnetism Studies,571,734,163,0.0035,0.0046,0.1
T10526,HIV/AIDS drug development and treatment,660,643,-17,0.0041,0.004,-0.01
T10038,Tuberculosis Research and Epidemiology,584,700,116,0.0036,0.0044,0.07
T10017,Geology and Paleoclimatology Research,859,408,-451,0.0053,0.0025,-0.28
T10872,Veterinary Equine Medical Research,542,724,182,0.0034,0.0045,0.11
T11044,Particle Detector Development and Performance,450,778,328,0.0028,0.0048,0.2
T10094,Epilepsy research and treatment,559,662,103,0.0035,0.0041,0.06
T10375,Pharmacogenetics and Drug Metabolism,392,768,376,0.0024,0.0048,0.23
T10486,Salmonella and Campylobacter epidemiology,514,608,94,0.0032,0.0038,0.06
T10527,High-Energy Particle Collisions Research,605,513,-92,0.0038,0.0032,-0.06
T10001,Geological and Geochemical Analysis,615,493,-122,0.0038,0.0031,-0.07
T10174,Animal Behavior and Reproduction,321,695,374,0.002,0.0043,0.23
T10110,earthquake and tectonic studies,551,461,-90,0.0034,0.0029,-0.06
T10976,Viral gastroenteritis research and epidemiology,555,415,-140,0.0034,0.0026,-0.09
T10032,Marine and coastal ecosystems,384,502,118,0.0024,0.0031,0.07
T10254,Innovations in Medical Education,295,563,268,0.0018,0.0035,0.17
T10166,Mosquito-borne diseases and control,471,373,-98,0.0029,0.0023,-0.06
T10165,Classical Antiquity Studies,358,477,119,0.0022,0.003,0.07
T10231,Pancreatic and Hepatic Oncology Research,370,441,71,0.0023,0.0027,0.04
T10118,SARS-CoV-2 and COVID-19 Research,409,402,-7,0.0025,0.0025,-0.0
T10307,Head and Neck Cancer Studies,323,463,140,0.002,0.0029,0.09
T10965,Geological formations and processes,301,457,156,0.0019,0.0028,0.1
T10082,HIV/AIDS Research and Interventions,313,432,119,0.0019,0.0027,0.07
T10453,Maternal and Perinatal Health Interventions,289,452,163,0.0018,0.0028,0.1
T10002,Advanced Chemical Physics Studies,508,213,-295,0.0031,0.0013,-0.18
T10665,Cystic Fibrosis Research Advances,357,361,4,0.0022,0.0022,0.0
T10897,Antibiotic Use and Resistance,260,457,197,0.0016,0.0028,0.12
T10654,Pneumonia and Respiratory Infections,348,362,14,0.0022,0.0023,0.01
T10061,Algebraic Geometry and Number Theory,240,467,227,0.0015,0.0029,0.14
T12443,Delphi Technique in Research,362,343,-19,0.0022,0.0021,-0.01
T10041,COVID-19 Clinical Research Studies,284,420,136,0.0018,0.0026,0.09
T10786,Maternal Mental Health During Pregnancy and Postpartum,339,358,19,0.0021,0.0022,0.01
T10261,Genetic Associations and Epidemiology,279,410,131,0.0017,0.0025,0.08
T10760,Pancreatitis Pathology and Treatment,335,348,13,0.0021,0.0022,0.01
T10105,Osteoarthritis Treatment and Mechanisms,265,411,146,0.0016,0.0026,0.09
T10177,Palliative Care and End-of-Life Issues,304,369,65,0.0019,0.0023,0.04
T11074,Helminth infection and control,305,363,58,0.0019,0.0023,0.04
T10582,Ethics in Clinical Research,263,397,134,0.0016,0.0025,0.08
T10814,Neuropeptides and Animal Physiology,295,346,51,0.0018,0.0022,0.03
T10421,Pleistocene-Era Hominins and Archaeology,269,370,101,0.0017,0.0023,0.06
T10563,Corneal surgery and disorders,321,314,-7,0.002,0.002,-0.0
T10025,Black Holes and Theoretical Physics,346,278,-68,0.0021,0.0017,-0.04
T10043,Substance Abuse Treatment and Outcomes,215,408,193,0.0013,0.0025,0.12
T10456,Multi-Agent Systems and Negotiation,280,343,63,0.0017,0.0021,0.04
T10617,Cellular transport and secretion,280,341,61,0.0017,0.0021,0.04
T10143,Chronic Obstructive Pulmonary Disease (COPD) Research,291,327,36,0.0018,0.002,0.02
T11149,Veterinary Oncology Research,288,317,29,0.0018,0.002,0.02
T11117,Drug-Induced Adverse Reactions,263,336,73,0.0016,0.0021,0.05
T11328,Ocular Oncology and Treatments,282,313,31,0.0017,0.0019,0.02
T10928,Probabilistic and Robust Engineering Design,316,272,-44,0.002,0.0017,-0.03
T10472,Semiconductor materials and devices,333,252,-81,0.0021,0.0016,-0.05
T11702,Parasitic Diseases Research and Treatment,271,303,32,0.0017,0.0019,0.02
T10913,Molecular Junctions and Nanostructures,338,232,-106,0.0021,0.0014,-0.07
T11580,Veterinary Medicine and Surgery,136,431,295,0.0008,0.0027,0.18
T10147,Antibiotic Resistance in Bacteria,273,293,20,0.0017,0.0018,0.01
T10023,Schizophrenia research and treatment,241,324,83,0.0015,0.002,0.05
T12285,Surface Chemistry and Catalysis,149,415,266,0.0009,0.0026,0.17
T10921,Neutrino Physics Research,257,302,45,0.0016,0.0019,0.03
T10296,Vector-borne infectious diseases,228,331,103,0.0014,0.0021,0.06
T11010,"Logic, Reasoning, and Knowledge",260,296,36,0.0016,0.0018,0.02
T10047,Financial Markets and Investment Strategies,210,340,130,0.0013,0.0021,0.08
T10493,Ion channel regulation and function,286,257,-29,0.0018,0.0016,-0.02
T10206,Meta-analysis and systematic reviews,257,284,27,0.0016,0.0018,0.02
T12134,Insect symbiosis and bacterial influences,289,252,-37,0.0018,0.0016,-0.02
T10005,Ecology and Vegetation Dynamics Studies,233,304,71,0.0014,0.0019,0.04
T10822,Acoustic Wave Phenomena Research,240,291,51,0.0015,0.0018,0.03
T10255,Oceanographic and Atmospheric Processes,191,338,147,0.0012,0.0021,0.09
T11495,Animal Virus Infections Studies,175,349,174,0.0011,0.0022,0.11
T12249,Veterinary Orthopedics and Neurology,212,311,99,0.0013,0.0019,0.06
T11764,Evolution and Genetic Dynamics,235,282,47,0.0015,0.0018,0.03
T11336,Energy and Environment Impacts,238,275,37,0.0015,0.0017,0.02
T10272,Mental Health Treatment and Access,251,261,10,0.0016,0.0016,0.01
T12039,Electron and X-Ray Spectroscopy Techniques,254,256,2,0.0016,0.0016,0.0
T11367,Particle accelerators and beam dynamics,97,410,313,0.0006,0.0025,0.19
T13531,Surface and Thin Film Phenomena,162,345,183,0.001,0.0021,0.11
T10584,Reproductive Physiology in Livestock,243,261,18,0.0015,0.0016,0.01
T10441,Muscle Physiology and Disorders,190,311,121,0.0012,0.0019,0.08
T10534,Structural Health Monitoring Techniques,287,214,-73,0.0018,0.0013,-0.04
T10290,Pregnancy and preeclampsia studies,230,264,34,0.0014,0.0016,0.02
T10804,"Health Systems, Economic Evaluations, Quality of Life",277,213,-64,0.0017,0.0013,-0.04
T12077,Vacuum and Plasma Arcs,194,295,101,0.0012,0.0018,0.06
T10595,Medieval Literature and History,184,299,115,0.0011,0.0019,0.07
T10096,Metal-Organic Frameworks: Synthesis and Applications,277,202,-75,0.0017,0.0013,-0.05
T10890,Trypanosoma species research and implications,234,241,7,0.0015,0.0015,0.0
T11368,Long-Term Effects of COVID-19,242,228,-14,0.0015,0.0014,-0.01
T10303,Photosynthetic Processes and Mechanisms,253,215,-38,0.0016,0.0013,-0.02
T10009,Dementia and Cognitive Impairment Research,182,282,100,0.0011,0.0018,0.06
T10596,Child Nutrition and Water Access,234,222,-12,0.0015,0.0014,-0.01
T10519,Advanced Proteomics Techniques and Applications,189,267,78,0.0012,0.0017,0.05
T10209,Global Maternal and Child Health,262,194,-68,0.0016,0.0012,-0.04
T11560,Animal Disease Management and Epidemiology,231,223,-8,0.0014,0.0014,-0.0
T10642,Plasma Applications and Diagnostics,195,255,60,0.0012,0.0016,0.04
T11465,Drug-Induced Hepatotoxicity and Protection,199,245,46,0.0012,0.0015,0.03
T10451,Mycorrhizal Fungi and Plant Interactions,402,41,-361,0.0025,0.0003,-0.22
T10109,Paleontology and Stratigraphy of Fossils,165,275,110,0.001,0.0017,0.07
T10427,Visual perception and processing mechanisms,169,270,101,0.001,0.0017,0.06
T10168,COVID-19 and Mental Health,222,214,-8,0.0014,0.0013,-0.0
T10629,Health Policy Implementation Science,152,284,132,0.0009,0.0018,0.08
T10263,Eating Disorders and Behaviors,232,203,-29,0.0014,0.0013,-0.02
T10019,Corporate Finance and Governance,238,196,-42,0.0015,0.0012,-0.03
T12547,Pharmaceutical studies and practices,226,207,-19,0.0014,0.0013,-0.01
T10192,Catalytic Processes in Materials Science,259,169,-90,0.0016,0.0011,-0.06
T10368,Dental Health and Care Utilization,168,260,92,0.001,0.0016,0.06
T10683,Mass Spectrometry Techniques and Applications,216,212,-4,0.0013,0.0013,-0.0
T10170,Retinal Diseases and Treatments,179,248,69,0.0011,0.0015,0.04
T10235,Health disparities and outcomes,280,143,-137,0.0017,0.0009,-0.08
T10695,Parasites and Host Interactions,203,220,17,0.0013,0.0014,0.01
T10765,Marine Biology and Ecology Research,150,269,119,0.0009,0.0017,0.07
T11776,Irish and British Studies,279,140,-139,0.0017,0.0009,-0.09
T10401,Diabetes Treatment and Management,228,191,-37,0.0014,0.0012,-0.02
T13158,Political and Economic history of UK and US,244,174,-70,0.0015,0.0011,-0.04
T10219,Mechanical Behavior of Composites,193,224,31,0.0012,0.0014,0.02
T10218,Sepsis Diagnosis and Treatment,173,242,69,0.0011,0.0015,0.04
T11281,Asymmetric Hydrogenation and Catalysis,236,178,-58,0.0015,0.0011,-0.04
T10489,Regulation of Appetite and Obesity,162,251,89,0.001,0.0016,0.06
T10781,Plasma Diagnostics and Applications,172,240,68,0.0011,0.0015,0.04
T10605,Historical Economic and Social Studies,228,184,-44,0.0014,0.0011,-0.03
T11027,Metabolism and Genetic Disorders,250,161,-89,0.0016,0.001,-0.05
T10523,Atomic and Molecular Physics,170,239,69,0.0011,0.0015,0.04
T11131,Proteoglycans and glycosaminoglycans research,239,168,-71,0.0015,0.001,-0.04
T10592,Fusion materials and technologies,144,262,118,0.0009,0.0016,0.07
T10699,Primate Behavior and Ecology,212,186,-26,0.0013,0.0012,-0.02
T12982,Legal principles and applications,181,216,35,0.0011,0.0013,0.02
T10120,Bacterial Genetics and Biotechnology,74,321,247,0.0005,0.002,0.15
T11434,Electrochemical Analysis and Applications,234,159,-75,0.0015,0.001,-0.05
T12492,Zoonotic diseases and public health,220,170,-50,0.0014,0.0011,-0.03
T10010,"Obesity, Physical Activity, Diet",214,174,-40,0.0013,0.0011,-0.02
T10351,Liver Disease Diagnosis and Treatment,230,157,-73,0.0014,0.001,-0.05
T10815,Parasite Biology and Host Interactions,191,195,4,0.0012,0.0012,0.0
T10360,Fluid Dynamics and Turbulent Flows,179,207,28,0.0011,0.0013,0.02
T10142,Formal Methods in Verification,158,227,69,0.001,0.0014,0.04
T11639,Mental Health and Patient Involvement,225,159,-66,0.0014,0.001,-0.04
T10007,Monetary Policy and Economic Impact,167,217,50,0.001,0.0013,0.03
T11463,Classical Philosophy and Thought,160,223,63,0.001,0.0014,0.04
T11243,Respiratory viral infections research,229,153,-76,0.0014,0.001,-0.05
T10410,COVID-19 epidemiological studies,237,145,-92,0.0015,0.0009,-0.06
T11688,Microbial infections and disease research,184,197,13,0.0011,0.0012,0.01
T10134,Inflammatory Bowel Disease,140,240,100,0.0009,0.0015,0.06
T11235,Statistical Methods in Clinical Trials,121,256,135,0.0008,0.0016,0.08
T10308,Systemic Lupus Erythematosus Research,166,210,44,0.001,0.0013,0.03
T11905,Veterinary Pharmacology and Anesthesia,152,221,69,0.0009,0.0014,0.04
T11056,Physiological and biochemical adaptations,167,205,38,0.001,0.0013,0.02
T10838,Animal Behavior and Welfare Studies,173,199,26,0.0011,0.0012,0.02
T10643,Marine and coastal plant biology,199,172,-27,0.0012,0.0011,-0.02
T10943,Escherichia coli research studies,189,178,-11,0.0012,0.0011,-0.01
T10707,Cellular and Composite Structures,165,196,31,0.001,0.0012,0.02
T10436,Anesthesia and Sedative Agents,127,233,106,0.0008,0.0014,0.07
T10121,Building Energy and Comfort Optimization,170,189,19,0.0011,0.0012,0.01
T10196,Pain Mechanisms and Treatments,162,197,35,0.001,0.0012,0.02
T11118,Evolutionary Psychology and Human Behavior,193,165,-28,0.0012,0.001,-0.02
T10487,Plant and animal studies,335,22,-313,0.0021,0.0001,-0.19
T10202,Lung Cancer Diagnosis and Treatment,160,194,34,0.001,0.0012,0.02
T10730,Language Development and Disorders,138,213,75,0.0009,0.0013,0.05
T10236,Aquatic Ecosystems and Phytoplankton Dynamics,153,197,44,0.0009,0.0012,0.03
T10304,Geometric and Algebraic Topology,128,220,92,0.0008,0.0014,0.06
T10873,Bacterial Infections and Vaccines,171,176,5,0.0011,0.0011,0.0
T10647,Coastal and Marine Dynamics,135,211,76,0.0008,0.0013,0.05
T10217,Cardiac electrophysiology and arrhythmias,165,180,15,0.001,0.0011,0.01
T12038,Covalent Organic Framework Applications,152,190,38,0.0009,0.0012,0.02
T10565,"Psychopathy, Forensic Psychiatry, Sexual Offending",158,184,26,0.001,0.0011,0.02
T11353,Venomous Animal Envenomation and Studies,164,176,12,0.001,0.0011,0.01
T10073,Hepatocellular Carcinoma Treatment and Prognosis,180,158,-22,0.0011,0.001,-0.01
T10112,HIV Research and Treatment,181,157,-24,0.0011,0.001,-0.01
T10092,Organometallic Complex Synthesis and Catalysis,139,192,53,0.0009,0.0012,0.03
T11510,Reproductive System and Pregnancy,164,165,1,0.001,0.001,0.0
T11389,Maternal and fetal healthcare,170,158,-12,0.0011,0.001,-0.01
T10015,Genomics and Phylogenetic Studies,150,176,26,0.0009,0.0011,0.02
T10051,Asthma and respiratory diseases,154,172,18,0.001,0.0011,0.01
T10066,Gut microbiota and health,160,164,4,0.001,0.001,0.0
T12227,Environmental and Social Impact Assessments,161,163,2,0.001,0.001,0.0
T10257,Oral microbiology and periodontitis research,145,178,33,0.0009,0.0011,0.02
T11157,Chronic Lymphocytic Leukemia Research,169,154,-15,0.001,0.001,-0.01
T11948,Machine Learning in Materials Science,157,165,8,0.001,0.001,0.01
T10129,Glioma Diagnosis and Treatment,150,172,22,0.0009,0.0011,0.01
T11840,Pain Management and Treatment,151,170,19,0.0009,0.0011,0.01
T10012,Genetic diversity and population structure,92,229,137,0.0006,0.0014,0.09
T10204,Microstructure and mechanical properties,133,188,55,0.0008,0.0012,0.03
T10089,Avian ecology and behavior,148,172,24,0.0009,0.0011,0.02
T11809,Advanced NMR Techniques and Applications,128,192,64,0.0008,0.0012,0.04
T11048,Bacteriophages and microbial interactions,176,142,-34,0.0011,0.0009,-0.02
T10588,Mathematical Dynamics and Fractals,140,178,38,0.0009,0.0011,0.02
T10230,Marine and fisheries research,181,133,-48,0.0011,0.0008,-0.03
T12047,Viral Infections and Vectors,195,118,-77,0.0012,0.0007,-0.05
T10067,Stochastic processes and financial applications,143,170,27,0.0009,0.0011,0.02
T10178,Cancer survivorship and care,153,159,6,0.0009,0.001,0.0
T12816,Global Public Health Policies and Epidemiology,165,147,-18,0.001,0.0009,-0.01
T11379,Rheology and Fluid Dynamics Studies,148,163,15,0.0009,0.001,0.01
T10087,Archaeology and ancient environmental studies,137,171,34,0.0008,0.0011,0.02
T10381,Ophthalmology and Visual Impairment Studies,160,147,-13,0.001,0.0009,-0.01
T10167,Influenza Virus Research Studies,146,155,9,0.0009,0.001,0.01
T10836,Metabolomics and Mass Spectrometry Studies,196,104,-92,0.0012,0.0006,-0.06
T11767,Poxvirus research and outbreaks,134,165,31,0.0008,0.001,0.02
T10827,Patient-Provider Communication in Healthcare,118,180,62,0.0007,0.0011,0.04
T11031,Game Theory and Applications,140,157,17,0.0009,0.001,0.01
T11090,Dark Matter and Cosmic Phenomena,177,119,-58,0.0011,0.0007,-0.04
T10077,Neuroscience and Neuropharmacology Research,159,136,-23,0.001,0.0008,-0.01
T10559,Particle Accelerators and Free-Electron Lasers,187,108,-79,0.0012,0.0007,-0.05
T11036,Antibiotics Pharmacokinetics and Efficacy,149,145,-4,0.0009,0.0009,-0.0
T11214,Human-Animal Interaction Studies,197,96,-101,0.0012,0.0006,-0.06
T11681,Nosocomial Infections in ICU,153,140,-13,0.0009,0.0009,-0.01
T10991,Game Theory and Voting Systems,111,180,69,0.0007,0.0011,0.04
T11290,Preterm Birth and Chorioamnionitis,160,131,-29,0.001,0.0008,-0.02
T10227,Acute Ischemic Stroke Management,151,139,-12,0.0009,0.0009,-0.01
T10030,Electrocatalysts for Energy Conversion,129,161,32,0.0008,0.001,0.02
T11438,Retinal Imaging and Analysis,153,137,-16,0.0009,0.0009,-0.01
T13177,Geological and Geophysical Studies,61,229,168,0.0004,0.0014,0.1
T10625,Herpesvirus Infections and Treatments,181,108,-73,0.0011,0.0007,-0.05
T11949,Nuclear Physics and Applications,268,19,-249,0.0017,0.0001,-0.15
T10276,Helicobacter pylori-related gastroenterology studies,187,99,-88,0.0012,0.0006,-0.05
T10113,Dental materials and restorations,114,171,57,0.0007,0.0011,0.04
T10602,Glycosylation and Glycoproteins Research,156,128,-28,0.001,0.0008,-0.02
T10570,Drug Transport and Resistance Mechanisms,160,122,-38,0.001,0.0008,-0.02
T10058,Entrepreneurship Studies and Influences,121,159,38,0.0008,0.001,0.02
T10150,Antifungal resistance and susceptibility,136,144,8,0.0008,0.0009,0.01
T10013,Asymmetric Synthesis and Catalysis,72,207,135,0.0004,0.0013,0.08
T10644,Cryospheric studies and observations,141,138,-3,0.0009,0.0009,-0.0
T10676,"Genetics, Aging, and Longevity in Model Organisms",143,135,-8,0.0009,0.0008,-0.0
T12504,Mathematics and Applications,161,117,-44,0.001,0.0007,-0.03
T10344,Management and Organizational Studies,182,95,-87,0.0011,0.0006,-0.05
T11882,Plant biochemistry and biosynthesis,89,187,98,0.0006,0.0012,0.06
T10549,Neonatal Respiratory Health Research,186,89,-97,0.0012,0.0006,-0.06
T11655,HIV-related health complications and treatments,169,105,-64,0.001,0.0007,-0.04
T10801,Synthetic Aperture Radar (SAR) Applications and Techniques,97,176,79,0.0006,0.0011,0.05
T10600,Reproductive Health and Contraception,87,186,99,0.0005,0.0012,0.06
T11004,Crustacean biology and ecology,114,157,43,0.0007,0.001,0.03
T10215,Semantic Web and Ontologies,165,105,-60,0.001,0.0007,-0.04
T10482,Mathematical and Theoretical Epidemiology and Ecology Models,48,220,172,0.0003,0.0014,0.11
T10078,Advanced Photocatalysis Techniques,116,151,35,0.0007,0.0009,0.02
T10720,Complexity and Algorithms in Graphs,41,226,185,0.0003,0.0014,0.12
T11296,COVID-19 and healthcare impacts,151,113,-38,0.0009,0.0007,-0.02
T11482,RNA modifications and cancer,169,94,-75,0.001,0.0006,-0.05
T11792,Pharmaceutical Economics and Policy,88,173,85,0.0005,0.0011,0.05
T11597,"Neutrophil, Myeloperoxidase and Oxidative Mechanisms",135,124,-11,0.0008,0.0008,-0.01
T10250,Glaucoma and retinal disorders,124,134,10,0.0008,0.0008,0.01
T10376,Suicide and Self-Harm Studies,120,137,17,0.0007,0.0009,0.01
T12748,Molecular spectroscopy and chirality,146,111,-35,0.0009,0.0007,-0.02
T12057,Consumer Attitudes and Food Labeling,130,126,-4,0.0008,0.0008,-0.0
T10823,Research on Leishmaniasis Studies,115,141,26,0.0007,0.0009,0.02
T10858,Clinical Nutrition and Gastroenterology,106,149,43,0.0007,0.0009,0.03
T10554,Hemoglobinopathies and Related Disorders,129,125,-4,0.0008,0.0008,-0.0
T10399,Hydrocarbon exploration and reservoir analysis,129,125,-4,0.0008,0.0008,-0.0
T10496,Pharmaceutical Practices and Patient Outcomes,98,155,57,0.0006,0.001,0.04
T11780,Rabies epidemiology and control,151,101,-50,0.0009,0.0006,-0.03
T11060,Infant Development and Preterm Care,127,125,-2,0.0008,0.0008,-0.0
T10405,Advanced Polymer Synthesis and Characterization,90,162,72,0.0006,0.001,0.04
T10335,Colorectal Cancer Surgical Treatments,116,133,17,0.0007,0.0008,0.01
T10397,Nutrition and Health in Aging,145,104,-41,0.0009,0.0006,-0.03
T10044,Protein Structure and Dynamics,79,169,90,0.0005,0.0011,0.06
T10915,Trace Elements in Health,133,114,-19,0.0008,0.0007,-0.01
T10302,Fish Ecology and Management Studies,179,68,-111,0.0011,0.0004,-0.07
T10452,Iron Metabolism and Disorders,128,118,-10,0.0008,0.0007,-0.01
T11825,Catalysis and Oxidation Reactions,134,112,-22,0.0008,0.0007,-0.01
T10269,Epigenetics and DNA Methylation,126,120,-6,0.0008,0.0007,-0.0
T10139,Heavy metals in environment,126,119,-7,0.0008,0.0007,-0.0
T10590,Chalcogenide Semiconductor Thin Films,128,117,-11,0.0008,0.0007,-0.01
T11913,Animal Ecology and Behavior Studies,160,84,-76,0.001,0.0005,-0.05
T10626,High-Temperature Coating Behaviors,104,140,36,0.0006,0.0009,0.02
T10029,Climate variability and models,100,142,42,0.0006,0.0009,0.03
T10239,Urban Planning and Governance,82,159,77,0.0005,0.001,0.05
T10123,DNA Repair Mechanisms,125,116,-9,0.0008,0.0007,-0.01
T10328,Supply Chain and Inventory Management,73,168,95,0.0005,0.001,0.06
T10428,Reproductive tract infections research,130,109,-21,0.0008,0.0007,-0.01
T12229,Pharmacological Effects and Toxicity Studies,161,78,-83,0.001,0.0005,-0.05
T10423,Neurobiology and Insect Physiology Research,176,63,-113,0.0011,0.0004,-0.07
T10151,Hepatitis C virus research,128,110,-18,0.0008,0.0007,-0.01
T10732,Laser Material Processing Techniques,110,126,16,0.0007,0.0008,0.01
T11585,Exercise and Physiological Responses,132,103,-29,0.0008,0.0006,-0.02
T10052,Medical Image Segmentation Techniques,98,137,39,0.0006,0.0009,0.02
T11162,Enzyme Structure and Function,82,152,70,0.0005,0.0009,0.04
T11853,Semiconductor materials and interfaces,54,180,126,0.0003,0.0011,0.08
T10548,Catalytic Cross-Coupling Reactions,94,138,44,0.0006,0.0009,0.03
T10200,Rheumatoid Arthritis Research and Therapies,86,145,59,0.0005,0.0009,0.04
T10144,Blood Pressure and Hypertension Studies,114,117,3,0.0007,0.0007,0.0
T11154,Parasitic infections in humans and animals,105,124,19,0.0007,0.0008,0.01
T10137,Multiple Sclerosis Research Studies,93,135,42,0.0006,0.0008,0.03
T10182,Child and Adolescent Psychosocial and Emotional Development,144,84,-60,0.0009,0.0005,-0.04
T11754,SARS-CoV-2 detection and testing,100,127,27,0.0006,0.0008,0.02
T11086,Parasitic Infections and Diagnostics,122,104,-18,0.0008,0.0006,-0.01
T11887,Quasicrystal Structures and Properties,115,110,-5,0.0007,0.0007,-0.0
T10754,Neuroendocrine Tumor Research Advances,127,98,-29,0.0008,0.0006,-0.02
T11037,Fungal Infections and Studies,109,116,7,0.0007,0.0007,0.0
T13710,European and International Law Studies,123,101,-22,0.0008,0.0006,-0.01
T10198,Heart Failure Treatment and Management,107,116,9,0.0007,0.0007,0.01
T11068,Tendon Structure and Treatment,126,97,-29,0.0008,0.0006,-0.02
T11155,Toxoplasma gondii Research Studies,112,110,-2,0.0007,0.0007,-0.0
T11943,Pharmacovigilance and Adverse Drug Reactions,88,134,46,0.0005,0.0008,0.03
T10903,Porphyrin and Phthalocyanine Chemistry,107,114,7,0.0007,0.0007,0.0
T11286,Polyoxometalates: Synthesis and Applications,114,107,-7,0.0007,0.0007,-0.0
T10060,Smoking Behavior and Cessation,81,139,58,0.0005,0.0009,0.04
T10152,Animal Nutrition and Physiology,129,90,-39,0.0008,0.0006,-0.02
T11388,"Grief, Bereavement, and Mental Health",141,78,-63,0.0009,0.0005,-0.04
T10301,Mitochondrial Function and Pathology,108,111,3,0.0007,0.0007,0.0
T10160,Seismic Performance and Analysis,80,138,58,0.0005,0.0009,0.04
T10028,Topic Modeling,118,99,-19,0.0007,0.0006,-0.01
T10380,Intimate Partner and Family Violence,95,121,26,0.0006,0.0008,0.02
T10173,Computational Fluid Dynamics and Aerodynamics,98,118,20,0.0006,0.0007,0.01
T10574,Crime Patterns and Interventions,106,108,2,0.0007,0.0007,0.0
T11959,Employment and Welfare Studies,138,76,-62,0.0009,0.0005,-0.04
T11419,Supramolecular Self-Assembly in Materials,105,109,4,0.0007,0.0007,0.0
T10018,Advancements in Battery Materials,114,100,-14,0.0007,0.0006,-0.01
T10492,Microtubule and mitosis dynamics,109,105,-4,0.0007,0.0007,-0.0
T13036,Veterinary Practice and Education Studies,116,98,-18,0.0007,0.0006,-0.01
T10116,Sperm and Testicular Function,80,134,54,0.0005,0.0008,0.03
T10365,Gastrointestinal motility and disorders,73,141,68,0.0005,0.0009,0.04
T10911,Chemical Synthesis and Analysis,126,88,-38,0.0008,0.0005,-0.02
T12873,"Nutrition, Health and Food Behavior",6,207,201,0.0,0.0013,0.12
T10857,Advanced Electron Microscopy Techniques and Applications,70,143,73,0.0004,0.0009,0.05
T10432,DNA and Nucleic Acid Chemistry,112,101,-11,0.0007,0.0006,-0.01
T11733,X-ray Spectroscopy and Fluorescence Analysis,69,143,74,0.0004,0.0009,0.05
T11282,Fibromyalgia and Chronic Fatigue Syndrome Research,113,97,-16,0.0007,0.0006,-0.01
T10497,Fungal and yeast genetics research,50,160,110,0.0003,0.001,0.07
T10099,GaN-based semiconductor devices and materials,104,105,1,0.0006,0.0007,0.0
T10528,"Adipokines, Inflammation, and Metabolic Diseases",97,111,14,0.0006,0.0007,0.01
T10374,Advanced Graph Theory Research,95,113,18,0.0006,0.0007,0.01
T10169,Protein Kinase Regulation and GTPase Signaling,63,145,82,0.0004,0.0009,0.05
T10340,Hepatitis B Virus Studies,107,101,-6,0.0007,0.0006,-0.0
T10158,Cancer Immunotherapy and Biomarkers,90,117,27,0.0006,0.0007,0.02
T10577,Hydrology and Sediment Transport Processes,105,102,-3,0.0007,0.0006,-0.0
T11377,Retinal and Macular Surgery,101,105,4,0.0006,0.0007,0.0
T10560,Diabetes Management and Research,85,121,36,0.0005,0.0008,0.02
T11421,Labor Movements and Unions,104,102,-2,0.0006,0.0006,-0.0
T11581,Viral Infections and Outbreaks Research,114,91,-23,0.0007,0.0006,-0.01
T10241,Functional Brain Connectivity Studies,117,88,-29,0.0007,0.0005,-0.02
T10631,"Cancer, Hypoxia, and Metabolism",128,77,-51,0.0008,0.0005,-0.03
T10190,Air Quality and Health Impacts,122,83,-39,0.0008,0.0005,-0.02
T10685,Viral-associated cancers and disorders,99,105,6,0.0006,0.0007,0.0
T10413,High-pressure geophysics and materials,120,83,-37,0.0007,0.0005,-0.02
T10978,Prenatal Screening and Diagnostics,108,95,-13,0.0007,0.0006,-0.01
T10833,Vaccine Coverage and Hesitancy,92,110,18,0.0006,0.0007,0.01
T10131,Gold and Silver Nanoparticles Synthesis and Applications,88,114,26,0.0005,0.0007,0.02
T10445,Antioxidant Activity and Oxidative Stress,125,77,-48,0.0008,0.0005,-0.03
T10027,"Diabetes, Cardiovascular Risks, and Lipoproteins",111,90,-21,0.0007,0.0006,-0.01
T12246,Chronic Disease Management Strategies,124,76,-48,0.0008,0.0005,-0.03
T11874,Structural Response to Dynamic Loads,99,101,2,0.0006,0.0006,0.0
T11742,Economic Theory and Policy,95,105,10,0.0006,0.0007,0.01
T12030,S100 Proteins and Annexins,100,99,-1,0.0006,0.0006,-0.0
T10185,Lymphoma Diagnosis and Treatment,91,108,17,0.0006,0.0007,0.01
T11636,Artificial Intelligence in Healthcare and Education,103,96,-7,0.0006,0.0006,-0.0
T10084,Musculoskeletal pain and rehabilitation,110,89,-21,0.0007,0.0006,-0.01
T10539,Sustainable Supply Chain Management,100,99,-1,0.0006,0.0006,-0.0
T12398,Poetry Analysis and Criticism,47,152,105,0.0003,0.0009,0.07
T14109,Scottish History and National Identity,186,13,-173,0.0012,0.0001,-0.11
T10692,Urban Green Space and Health,102,97,-5,0.0006,0.0006,-0.0
T11791,Microbial Community Ecology and Physiology,133,65,-68,0.0008,0.0004,-0.04
T10914,Tactile and Sensory Interactions,91,107,16,0.0006,0.0007,0.01
T12168,Health and Medical Research Impacts,99,98,-1,0.0006,0.0006,-0.0
T11961,Neonatal and Maternal Infections,98,99,1,0.0006,0.0006,0.0
T10756,Estrogen and related hormone effects,91,105,14,0.0006,0.0007,0.01
T11521,Salivary Gland Disorders and Functions,97,99,2,0.0006,0.0006,0.0
T10277,Vitamin D Research Studies,93,103,10,0.0006,0.0006,0.01
T10593,Bacterial biofilms and quorum sensing,87,107,20,0.0005,0.0007,0.01
T10594,Genetic and phenotypic traits in livestock,88,106,18,0.0005,0.0007,0.01
T12409,Reformation and Early Modern Christianity,118,76,-42,0.0007,0.0005,-0.03
T12414,Coastal and Marine Management,100,93,-7,0.0006,0.0006,-0.0
T11216,Radiation Detection and Scintillator Technologies,81,112,31,0.0005,0.0007,0.02
T10895,Species Distribution and Climate Change,137,56,-81,0.0008,0.0003,-0.05
T10108,Electoral Systems and Political Participation,50,142,92,0.0003,0.0009,0.06
T12308,Mental Health and Psychiatry,138,54,-84,0.0009,0.0003,-0.05
T10591,Theoretical and Computational Physics,103,89,-14,0.0006,0.0006,-0.01
T10379,Cellular Mechanics and Interactions,89,102,13,0.0006,0.0006,0.01
T11152,Stochastic processes and statistical mechanics,82,109,27,0.0005,0.0007,0.02
T10282,Financial Risk and Volatility Modeling,82,109,27,0.0005,0.0007,0.02
T10831,Cell Adhesion Molecules Research,108,82,-26,0.0007,0.0005,-0.02
T10702,Insect and Arachnid Ecology and Behavior,124,66,-58,0.0008,0.0004,-0.04
T10037,Physics of Superconductivity and Magnetism,98,92,-6,0.0006,0.0006,-0.0
T11567,semigroups and automata theory,73,116,43,0.0005,0.0007,0.03
T10059,Bone Tissue Engineering Materials,83,105,22,0.0005,0.0007,0.01
T10300,Congenital Heart Disease Studies,87,101,14,0.0005,0.0006,0.01
T11732,Assisted Reproductive Technology and Twin Pregnancy,116,72,-44,0.0007,0.0004,-0.03
T12288,Optimization and Search Problems,94,93,-1,0.0006,0.0006,-0.0
T10069,Antenna Design and Analysis,93,94,1,0.0006,0.0006,0.0
T11215,Chronic Myeloid Leukemia Treatments,100,85,-15,0.0006,0.0005,-0.01
T11011,Frailty in Older Adults,81,104,23,0.0005,0.0006,0.01
T10195,Antimicrobial Resistance in Staphylococcus,98,86,-12,0.0006,0.0005,-0.01
T11252,Evolutionary Game Theory and Cooperation,125,58,-67,0.0008,0.0004,-0.04
T10713,Structural Load-Bearing Analysis,66,117,51,0.0004,0.0007,0.03
T10479,Structural Behavior of Reinforced Concrete,62,121,59,0.0004,0.0008,0.04
T11610,Food Security and Health in Diverse Populations,92,90,-2,0.0006,0.0006,-0.0
T11689,Adversarial Robustness in Machine Learning,94,88,-6,0.0006,0.0005,-0.0
T12137,Economic theories and models,124,57,-67,0.0008,0.0004,-0.04
T10495,Catalysts for Methane Reforming,70,111,41,0.0004,0.0007,0.03
T10346,Magnetic confinement fusion research,116,65,-51,0.0007,0.0004,-0.03
T11113,Music History and Culture,80,101,21,0.0005,0.0006,0.01
T10161,Rock Mechanics and Modeling,72,109,37,0.0004,0.0007,0.02
T10172,Cardiac Valve Diseases and Treatments,81,99,18,0.0005,0.0006,0.01
T11182,Auction Theory and Applications,118,62,-56,0.0007,0.0004,-0.03
T10908,Analytical Chemistry and Chromatography,115,65,-50,0.0007,0.0004,-0.03
T10352,Physical Activity and Health,66,113,47,0.0004,0.0007,0.03
T11076,Policing Practices and Perceptions,71,108,37,0.0004,0.0007,0.02
T11678,Healthcare Decision-Making and Restraints,92,87,-5,0.0006,0.0005,-0.0
T10510,Stroke Rehabilitation and Recovery,70,109,39,0.0004,0.0007,0.02
T12157,Geochemistry and Geologic Mapping,174,5,-169,0.0011,0.0,-0.1
T10749,International Law and Human Rights,74,105,31,0.0005,0.0007,0.02
T11629,"Birth, Development, and Health",126,53,-73,0.0008,0.0003,-0.05
T11204,Ion Channels and Receptors,49,130,81,0.0003,0.0008,0.05
T11059,Market Dynamics and Volatility,130,48,-82,0.0008,0.0003,-0.05
T10837,Dermatology and Skin Diseases,90,88,-2,0.0006,0.0005,-0.0
T10036,Advanced Neural Network Applications,71,107,36,0.0004,0.0007,0.02
T10305,Power System Optimization and Stability,74,103,29,0.0005,0.0006,0.02
T10373,Renal Transplantation Outcomes and Treatments,70,107,37,0.0004,0.0007,0.02
T10183,Breast Cancer Treatment Studies,81,96,15,0.0005,0.0006,0.01
T13883,Child and Adolescent Health,115,61,-54,0.0007,0.0004,-0.03
T11097,Cerebral Palsy and Movement Disorders,93,83,-10,0.0006,0.0005,-0.01
T10394,Lipoproteins and Cardiovascular Health,96,80,-16,0.0006,0.0005,-0.01
T10049,Magnetic properties of thin films,98,77,-21,0.0006,0.0005,-0.01
T11244,Climate Change and Health Impacts,102,73,-29,0.0006,0.0005,-0.02
T10211,Computational Drug Discovery Methods,100,75,-25,0.0006,0.0005,-0.02
T14469,Renaissance Literature and Culture,28,147,119,0.0002,0.0009,0.07
T10407,Lipid Membrane Structure and Behavior,83,92,9,0.0005,0.0006,0.01
T11660,Blood groups and transfusion,89,86,-3,0.0006,0.0005,-0.0
T10298,Urban Transport and Accessibility,98,77,-21,0.0006,0.0005,-0.01
T10164,Quality and Supply Management,92,82,-10,0.0006,0.0005,-0.01
T11089,Radioactive contamination and transfer,69,105,36,0.0004,0.0007,0.02
T11410,Cultural Industries and Urban Development,119,55,-64,0.0007,0.0003,-0.04
T11457,Adipose Tissue and Metabolism,135,39,-96,0.0008,0.0002,-0.06
T12066,Obesity and Health Practices,105,69,-36,0.0007,0.0004,-0.02
T10353,Zeolite Catalysis and Synthesis,62,112,50,0.0004,0.0007,0.03
T10258,Philosophy and Theoretical Science,68,106,38,0.0004,0.0007,0.02
T10292,Acute Myocardial Infarction Research,98,75,-23,0.0006,0.0005,-0.01
T11041,Ubiquitin and proteasome pathways,90,83,-7,0.0006,0.0005,-0.0
T10278,Electric Motor Design and Analysis,80,93,13,0.0005,0.0006,0.01
T12206,Vibration and Dynamic Analysis,59,113,54,0.0004,0.0007,0.03
T10285,Venous Thromboembolism Diagnosis and Management,90,81,-9,0.0006,0.0005,-0.01
T10056,Neurotransmitter Receptor Influence on Behavior,71,100,29,0.0004,0.0006,0.02
T10199,Wildlife Ecology and Conservation,103,68,-35,0.0006,0.0004,-0.02
T11209,Cardiovascular and exercise physiology,59,111,52,0.0004,0.0007,0.03
T10853,"Anxiety, Depression, Psychometrics, Treatment, Cognitive Processes",75,95,20,0.0005,0.0006,0.01
T13457,"Dental Education, Practice, Research",106,64,-42,0.0007,0.0004,-0.03
T11590,Primary Care and Health Outcomes,115,55,-60,0.0007,0.0003,-0.04
T10325,Astro and Planetary Science,92,78,-14,0.0006,0.0005,-0.01
T10521,RNA and protein synthesis mechanisms,80,89,9,0.0005,0.0006,0.01
T11452,Oral Health Pathology and Treatment,70,99,29,0.0004,0.0006,0.02
T10762,"Migration, Health and Trauma",100,69,-31,0.0006,0.0004,-0.02
T11937,Research Data Management Practices,50,118,68,0.0003,0.0007,0.04
T10252,Microbial Natural Products and Biosynthesis,55,113,58,0.0003,0.0007,0.04
T11828,Corneal Surgery and Treatments,99,69,-30,0.0006,0.0004,-0.02
T11194,Ocular Diseases and Behçet’s Syndrome,80,88,8,0.0005,0.0005,0.01
T14101,Financial Crisis of the 21st Century,168,0,-168,0.001,0.0,-0.1
T10378,Advanced MRI Techniques and Applications,68,99,31,0.0004,0.0006,0.02
T10216,"Migration, Refugees, and Integration",90,77,-13,0.0006,0.0005,-0.01
T10983,Aortic aneurysm repair treatments,86,81,-5,0.0005,0.0005,-0.0
T10724,Ion Transport and Channel Regulation,58,108,50,0.0004,0.0007,0.03
T11740,Geochemistry and Elemental Analysis,50,116,66,0.0003,0.0007,0.04
T10971,Olfactory and Sensory Function Studies,96,69,-27,0.0006,0.0004,-0.02
T11083,Cardiac Health and Mental Health,84,81,-3,0.0005,0.0005,-0.0
T10264,Asphalt Pavement Performance Evaluation,84,81,-3,0.0005,0.0005,-0.0
T10779,Coastal wetland ecosystem dynamics,103,61,-42,0.0006,0.0004,-0.03
T11376,Geriatric Care and Nursing Homes,87,77,-10,0.0005,0.0005,-0.01
T10839,Pancreatic function and diabetes,114,50,-64,0.0007,0.0003,-0.04
T11692,Noise Effects and Management,78,86,8,0.0005,0.0005,0.01
T11251,Meningioma and schwannoma management,80,83,3,0.0005,0.0005,0.0
T10578,Supramolecular Chemistry and Complexes,61,101,40,0.0004,0.0006,0.02
T10620,Protease and Inhibitor Mechanisms,58,104,46,0.0004,0.0006,0.03
T10318,Criminal Justice and Corrections Analysis,108,54,-54,0.0007,0.0003,-0.03
T12733,Vector-Borne Animal Diseases,104,58,-46,0.0006,0.0004,-0.03
T13638,Human auditory perception and evaluation,160,1,-159,0.001,0.0,-0.1
T10063,Nanoparticle-Based Drug Delivery,67,94,27,0.0004,0.0006,0.02
T11674,Sports Analytics and Performance,86,75,-11,0.0005,0.0005,-0.01
T10384,Laser-Plasma Interactions and Diagnostics,83,78,-5,0.0005,0.0005,-0.0
T10115,Corporate Social Responsibility Reporting,59,102,43,0.0004,0.0006,0.03
T14475,History of Science and Medicine,41,120,79,0.0003,0.0007,0.05
T10659,Marine animal studies overview,79,82,3,0.0005,0.0005,0.0
T10705,Additive Manufacturing Materials and Processes,78,82,4,0.0005,0.0005,0.0
T14212,Health Promotion and Cardiovascular Prevention,77,83,6,0.0005,0.0005,0.0
T10597,Nuclear reactor physics and engineering,77,83,6,0.0005,0.0005,0.0
T11958,Dental Erosion and Treatment,86,74,-12,0.0005,0.0005,-0.01
T11720,Probability and Risk Models,68,91,23,0.0004,0.0006,0.01
T10434,Chromosomal and Genetic Variations,60,99,39,0.0004,0.0006,0.02
T12267,Diet and metabolism studies,141,17,-124,0.0009,0.0001,-0.08
T10502,Advanced Memory and Neural Computing,80,78,-2,0.0005,0.0005,-0.0
T11193,Adenosine and Purinergic Signaling,96,62,-34,0.0006,0.0004,-0.02
T11156,Reproductive Health and Technologies,86,72,-14,0.0005,0.0004,-0.01
T10747,Disaster Management and Resilience,60,97,37,0.0004,0.0006,0.02
T10918,Memory Processes and Influences,59,98,39,0.0004,0.0006,0.02
T11667,Advanced Chemical Sensor Technologies,108,48,-60,0.0007,0.0003,-0.04
T10795,Healthcare professionals’ stress and burnout,83,73,-10,0.0005,0.0005,-0.01
T10653,Robot Manipulation and Learning,51,105,54,0.0003,0.0007,0.03
T11930,"Cardiac, Anesthesia and Surgical Outcomes",135,21,-114,0.0008,0.0001,-0.07
T10855,Amyotrophic Lateral Sclerosis Research,80,76,-4,0.0005,0.0005,-0.0
T11584,Biochemical Analysis and Sensing Techniques,97,59,-38,0.0006,0.0004,-0.02
T11000,Infection Control in Healthcare,34,121,87,0.0002,0.0008,0.05
T11751,Lattice Boltzmann Simulation Studies,88,67,-21,0.0005,0.0004,-0.01
T12827,Biochemical and Molecular Research,58,97,39,0.0004,0.0006,0.02
T10414,Cannabis and Cannabinoid Research,73,81,8,0.0005,0.0005,0.01
T11334,Psychosomatic Disorders and Their Treatments,87,67,-20,0.0005,0.0004,-0.01
T11177,Spectroscopy and Quantum Chemical Studies,92,62,-30,0.0006,0.0004,-0.02
T10085,Parkinson's Disease Mechanisms and Treatments,59,94,35,0.0004,0.0006,0.02
T10536,Endodontics and Root Canal Treatments,66,87,21,0.0004,0.0005,0.01
T12100,Advanced Mathematical Modeling in Engineering,126,27,-99,0.0008,0.0002,-0.06
T10418,Pelvic floor disorders treatments,86,67,-19,0.0005,0.0004,-0.01
T10912,Telemedicine and Telehealth Implementation,58,95,37,0.0004,0.0006,0.02
T10426,Child Abuse and Trauma,84,69,-15,0.0005,0.0004,-0.01
T10371,Immune Response and Inflammation,97,56,-41,0.0006,0.0003,-0.03
T10613,Virus-based gene therapy research,109,43,-66,0.0007,0.0003,-0.04
T12268,Deception detection and forensic psychology,57,95,38,0.0004,0.0006,0.02
T12736,Criminal Justice and Penology,1,151,150,0.0,0.0009,0.09
T10607,Magnetic and transport properties of perovskites and related materials,67,84,17,0.0004,0.0005,0.01
T10133,Media Studies and Communication,51,100,49,0.0003,0.0006,0.03
T11657,Digital and Traditional Archives Management,55,95,40,0.0003,0.0006,0.02
T12417,Morphological variations and asymmetry,68,82,14,0.0004,0.0005,0.01
T10994,"Terrorism, Counterterrorism, and Political Violence",69,81,12,0.0004,0.0005,0.01
T10297,Philosophical Ethics and Theory,42,108,66,0.0003,0.0007,0.04
T11699,High-Velocity Impact and Material Behavior,78,72,-6,0.0005,0.0004,-0.0
T10447,Environmental Toxicology and Ecotoxicology,52,97,45,0.0003,0.0006,0.03
T10866,Nutritional Studies and Diet,88,61,-27,0.0005,0.0004,-0.02
T10081,"Auditing, Earnings Management, Governance",77,72,-5,0.0005,0.0004,-0.0
T11223,Maritime Ports and Logistics,66,83,17,0.0004,0.0005,0.01
T10854,Bipolar Disorder and Treatment,65,84,19,0.0004,0.0005,0.01
T10535,Landslides and related hazards,99,49,-50,0.0006,0.0003,-0.03
T11817,"Housing, Finance, and Neoliberalism",135,13,-122,0.0008,0.0001,-0.08
T10941,Musicology and Musical Analysis,61,87,26,0.0004,0.0005,0.02
T10859,Polymer Surface Interaction Studies,58,90,32,0.0004,0.0006,0.02
T10792,Matrix Theory and Algorithms,67,81,14,0.0004,0.0005,0.01
T10342,Circadian rhythm and melatonin,60,87,27,0.0004,0.0005,0.02
T11464,Homelessness and Social Issues,107,40,-67,0.0007,0.0002,-0.04
T10609,Digital Marketing and Social Media,80,67,-13,0.0005,0.0004,-0.01
T10583,Cancer-related Molecular Pathways,98,49,-49,0.0006,0.0003,-0.03
T10146,Cervical Cancer and HPV Research,69,77,8,0.0004,0.0005,0.01
T13944,Psychiatric care and mental health services,49,97,48,0.0003,0.0006,0.03
T13415,Calcium signaling and nucleotide metabolism,57,89,32,0.0004,0.0006,0.02
T11519,Digital Mental Health Interventions,86,60,-26,0.0005,0.0004,-0.02
T10281,Advanced Battery Materials and Technologies,54,92,38,0.0003,0.0006,0.02
T10462,Reinforcement Learning in Robotics,71,75,4,0.0004,0.0005,0.0
T10322,Respiratory Support and Mechanisms,72,74,2,0.0004,0.0005,0.0
T10784,Muscle activation and electromyography studies,96,49,-47,0.0006,0.0003,-0.03
T11724,Inflammatory Myopathies and Dermatomyositis,74,71,-3,0.0005,0.0004,-0.0
T10022,Semiconductor Quantum Structures and Devices,110,34,-76,0.0007,0.0002,-0.05
T12040,International Arbitration and Investment Law,76,68,-8,0.0005,0.0004,-0.0
T10189,Anesthesia and Pain Management,65,79,14,0.0004,0.0005,0.01
T10358,Advanced Radiotherapy Techniques,57,87,30,0.0004,0.0005,0.02
T11826,Ocular Infections and Treatments,57,87,30,0.0004,0.0005,0.02
T10031,T-cell and B-cell Immunology,63,81,18,0.0004,0.0005,0.01
T14395,African history and culture studies,75,69,-6,0.0005,0.0004,-0.0
T10415,International Business and FDI,57,86,29,0.0004,0.0005,0.02
T13201,Infectious Encephalopathies and Encephalitis,26,117,91,0.0002,0.0007,0.06
T11957,Food Safety and Hygiene,59,84,25,0.0004,0.0005,0.02
T11616,Autoimmune and Inflammatory Disorders Research,77,66,-11,0.0005,0.0004,-0.01
T11456,Neuroscience of respiration and sleep,76,67,-9,0.0005,0.0004,-0.01
T10349,Migration and Labor Dynamics,77,66,-11,0.0005,0.0004,-0.01
T10514,Numerical methods in engineering,91,51,-40,0.0006,0.0003,-0.02
T12125,Aerospace and Aviation Technology,93,48,-45,0.0006,0.0003,-0.03
T10979,Breastfeeding Practices and Influences,75,65,-10,0.0005,0.0004,-0.01
T10404,Enzyme Catalysis and Immobilization,52,88,36,0.0003,0.0005,0.02
T10997,Ocular Surface and Contact Lens,79,61,-18,0.0005,0.0004,-0.01
T11184,Neonatal and fetal brain pathology,82,58,-24,0.0005,0.0004,-0.01
T10889,Soil erosion and sediment transport,65,75,10,0.0004,0.0005,0.01
T12086,Structural Integrity and Reliability Analysis,36,103,67,0.0002,0.0006,0.04
T10944,Turbomachinery Performance and Optimization,51,88,37,0.0003,0.0005,0.02
T10071,Bone health and osteoporosis research,52,87,35,0.0003,0.0005,0.02
T10867,Intensive Care Unit Cognitive Disorders,83,56,-27,0.0005,0.0003,-0.02
T11016,Monoclonal and Polyclonal Antibodies Research,105,34,-71,0.0007,0.0002,-0.04
T12893,Organic Chemistry Cycloaddition Reactions,74,65,-9,0.0005,0.0004,-0.01
T10935,Endometriosis Research and Treatment,79,60,-19,0.0005,0.0004,-0.01
T12226,Neuroblastoma Research and Treatments,75,63,-12,0.0005,0.0004,-0.01
T11324,Spectroscopy Techniques in Biomedical and Chemical Research,57,81,24,0.0004,0.0005,0.02
T14047,Marine and environmental studies,99,38,-61,0.0006,0.0002,-0.04
T10045,Organic Electronics and Photovoltaics,60,77,17,0.0004,0.0005,0.01
T13896,Health Services Management and Policy,22,115,93,0.0001,0.0007,0.06
T12170,History and Theory of Mathematics,95,42,-53,0.0006,0.0003,-0.03
T11540,"Gender, Feminism, and Media",85,52,-33,0.0005,0.0003,-0.02
T10289,European Union Policy and Governance,81,56,-25,0.0005,0.0003,-0.02
T11226,Milk Quality and Mastitis in Dairy Cows,77,59,-18,0.0005,0.0004,-0.01
T12166,Ion-surface interactions and analysis,81,55,-26,0.0005,0.0003,-0.02
T10690,Vibration Control and Rheological Fluids,72,64,-8,0.0004,0.0004,-0.0
T11844,Lipid metabolism and biosynthesis,43,92,49,0.0003,0.0006,0.03
T10396,Fatigue and fracture mechanics,44,91,47,0.0003,0.0006,0.03
T12091,Peatlands and Wetlands Ecology,60,75,15,0.0004,0.0005,0.01
T10711,Target Tracking and Data Fusion in Sensor Networks,67,68,1,0.0004,0.0004,0.0
T10042,Neural and Behavioral Psychology Studies,79,56,-23,0.0005,0.0003,-0.01
T11757,Seismic Waves and Analysis,75,59,-16,0.0005,0.0004,-0.01
T10476,Algal biology and biofuel production,114,20,-94,0.0007,0.0001,-0.06
T12664,Clinical practice guidelines implementation,72,62,-10,0.0004,0.0004,-0.01
T10417,Lung Cancer Treatments and Mutations,88,45,-43,0.0005,0.0003,-0.03
T11819,Data-Driven Disease Surveillance,61,72,11,0.0004,0.0004,0.01
T10443,Social Policy and Reform Studies,86,47,-39,0.0005,0.0003,-0.02
T10555,Fire effects on ecosystems,65,68,3,0.0004,0.0004,0.0
T10280,Shoulder Injury and Treatment,75,58,-17,0.0005,0.0004,-0.01
T11219,Bone Metabolism and Diseases,34,99,65,0.0002,0.0006,0.04
T10207,Advanced biosensing and bioanalysis techniques,91,42,-49,0.0006,0.0003,-0.03
T10553,Combustion and flame dynamics,74,58,-16,0.0005,0.0004,-0.01
T10992,Forensic Anthropology and Bioarchaeology Studies,66,66,0,0.0004,0.0004,0.0
T11446,Mobile Health and mHealth Applications,63,69,6,0.0004,0.0004,0.0
T11682,Advanced Condensed Matter Physics,51,81,30,0.0003,0.0005,0.02
T12322,Animal health and immunology,58,73,15,0.0004,0.0005,0.01
T11756,Mentoring and Academic Development,65,66,1,0.0004,0.0004,0.0
T10356,Orthodontics and Dentofacial Orthopedics,33,98,65,0.0002,0.0006,0.04
T10021,EFL/ESL Teaching and Learning,57,74,17,0.0004,0.0005,0.01
T10176,Mesenchymal stem cell research,54,77,23,0.0003,0.0005,0.01
T13643,Artificial Intelligence in Law,45,86,41,0.0003,0.0005,0.03
T10618,Aortic Disease and Treatment Approaches,66,65,-1,0.0004,0.0004,-0.0
T11092,Spondyloarthritis Studies and Treatments,59,72,13,0.0004,0.0004,0.01
T12011,"Insurance, Mortality, Demography, Risk Management",52,78,26,0.0003,0.0005,0.02
T10468,Photovoltaic System Optimization Techniques,60,70,10,0.0004,0.0004,0.01
T11332,"Genomics, phytochemicals, and oxidative stress",76,54,-22,0.0005,0.0003,-0.01
T12110,Bone and Dental Protein Studies,72,58,-14,0.0004,0.0004,-0.01
T10673,Gestational Diabetes Research and Management,71,59,-12,0.0004,0.0004,-0.01
T11879,Protist diversity and phylogeny,63,67,4,0.0004,0.0004,0.0
T10221,Composite Structure Analysis and Optimization,72,58,-14,0.0004,0.0004,-0.01
T10455,Foot and Ankle Surgery,60,70,10,0.0004,0.0004,0.01
T10825,Plant Pathogens and Fungal Diseases,84,45,-39,0.0005,0.0003,-0.02
T11399,Muscle metabolism and nutrition,89,40,-49,0.0006,0.0002,-0.03
T10557,Social Media and Politics,84,45,-39,0.0005,0.0003,-0.02
T10095,Cosmology and Gravitation Theories,76,53,-23,0.0005,0.0003,-0.01
T10337,Liver Disease and Transplantation,71,58,-13,0.0004,0.0004,-0.01
T11559,Retinoids in leukemia and cellular processes,42,87,45,0.0003,0.0005,0.03
T10771,Wound Healing and Treatments,58,70,12,0.0004,0.0004,0.01
T10849,Finite Group Theory Research,53,75,22,0.0003,0.0005,0.01
T11006,BIM and Construction Integration,87,41,-46,0.0005,0.0003,-0.03
T10728,Pulmonary Hypertension Research and Treatments,48,80,32,0.0003,0.0005,0.02
T11542,Behavioral Health and Interventions,98,30,-68,0.0006,0.0002,-0.04
T12853,Historical Geography and Geographical Thought,32,96,64,0.0002,0.0006,0.04
T11974,Lepidoptera: Biology and Taxonomy,47,81,34,0.0003,0.0005,0.02
T10242,Posttraumatic Stress Disorder Research,54,74,20,0.0003,0.0005,0.01
T12144,"Colonialism, slavery, and trade",68,60,-8,0.0004,0.0004,-0.0
T10072,Science Education and Pedagogy,32,96,64,0.0002,0.0006,0.04
T11242,Nuclear Materials and Properties,88,39,-49,0.0005,0.0002,-0.03
T12232,"Yersinia bacterium, plague, ectoparasites research",74,53,-21,0.0005,0.0003,-0.01
T10587,Autophagy in Disease and Therapy,67,60,-7,0.0004,0.0004,-0.0
T10279,Urinary Bladder and Prostate Research,43,84,41,0.0003,0.0005,0.03
T10622,Quantum Mechanics and Applications,49,78,29,0.0003,0.0005,0.02
T11294,Infant Nutrition and Health,79,47,-32,0.0005,0.0003,-0.02
T12094,Hemoglobin structure and function,73,53,-20,0.0005,0.0003,-0.01
T13570,Historical Education Studies Worldwide,34,92,58,0.0002,0.0006,0.04
T10106,Autism Spectrum Disorder Research,67,59,-8,0.0004,0.0004,-0.0
T11218,Hip disorders and treatments,89,37,-52,0.0006,0.0002,-0.03
T11586,Congenital Diaphragmatic Hernia Studies,77,49,-28,0.0005,0.0003,-0.02
T13100,Comparative Animal Anatomy Studies,5,121,116,0.0,0.0008,0.07
T12339,Medical Malpractice and Liability Issues,74,51,-23,0.0005,0.0003,-0.01
T10003,Innovation and Knowledge Management,68,57,-11,0.0004,0.0004,-0.01
T11330,Systemic Sclerosis and Related Diseases,65,60,-5,0.0004,0.0004,-0.0
T10162,Online and Blended Learning,59,66,7,0.0004,0.0004,0.0
T10930,Flood Risk Assessment and Management,59,66,7,0.0004,0.0004,0.0
T12167,Bacterial Identification and Susceptibility Testing,59,65,6,0.0004,0.0004,0.0
T11477,"Epistemology, Ethics, and Metaphysics",43,81,38,0.0003,0.0005,0.02
T10127,"Banking stability, regulation, efficiency",58,66,8,0.0004,0.0004,0.01
T10247,Perovskite Materials and Applications,62,62,0,0.0004,0.0004,0.0
T10684,Acute Kidney Injury Research,45,79,34,0.0003,0.0005,0.02
T11196,Non-Invasive Vital Sign Monitoring,61,63,2,0.0004,0.0004,0.0
T10062,MicroRNA in disease regulation,78,46,-32,0.0005,0.0003,-0.02
T10419,Pharmaceutical and Antibiotic Environmental Impacts,95,28,-67,0.0006,0.0002,-0.04
T10226,Land Use and Ecosystem Services,75,48,-27,0.0005,0.0003,-0.02
T12272,Cardiovascular Conditions and Treatments,99,24,-75,0.0006,0.0001,-0.05
T10896,Homotopy and Cohomology in Algebraic Topology,58,65,7,0.0004,0.0004,0.0
T13460,Historical Studies in Latin America,52,71,19,0.0003,0.0004,0.01
T10546,Higher Education Governance and Development,46,77,31,0.0003,0.0005,0.02
T12990,Medical History and Innovations,55,68,13,0.0003,0.0004,0.01
T10630,Orthopedic Surgery and Rehabilitation,70,53,-17,0.0004,0.0003,-0.01
T13068,Ancient Mediterranean Archaeology and History,55,68,13,0.0003,0.0004,0.01
T10155,Nitric Oxide and Endothelin Effects,82,40,-42,0.0005,0.0002,-0.03
T12035,Pain Management and Placebo Effect,73,49,-24,0.0005,0.0003,-0.01
T11354,Evolution and Paleontology Studies,66,56,-10,0.0004,0.0003,-0.01
T10086,Alzheimer's disease research and treatments,49,73,24,0.0003,0.0005,0.02
T11176,Radiation Therapy and Dosimetry,68,54,-14,0.0004,0.0003,-0.01
T12084,Synthesis and properties of polymers,92,30,-62,0.0006,0.0002,-0.04
T13332,"Historical Studies on Reproduction, Gender, Health, and Societal Changes",78,43,-35,0.0005,0.0003,-0.02
T10238,Spine and Intervertebral Disc Pathology,56,65,9,0.0003,0.0004,0.01
T11207,Alcohol Consumption and Health Effects,64,57,-7,0.0004,0.0004,-0.0
T10287,Algebraic structures and combinatorial models,58,63,5,0.0004,0.0004,0.0
T13261,Elasticity and Wave Propagation,19,102,83,0.0001,0.0006,0.05
T11199,Pain Management and Opioid Use,52,68,16,0.0003,0.0004,0.01
T11956,Sexual Differentiation and Disorders,64,56,-8,0.0004,0.0003,-0.0
T10341,Coral and Marine Ecosystems Studies,77,43,-34,0.0005,0.0003,-0.02
T12032,Multisensory perception and integration,61,59,-2,0.0004,0.0004,-0.0
T13951,Fluid dynamics and aerodynamics studies,16,104,88,0.0001,0.0006,0.05
T11245,Advanced Numerical Analysis Techniques,105,15,-90,0.0007,0.0001,-0.06
T10923,Force Microscopy Techniques and Applications,89,31,-58,0.0006,0.0002,-0.04
T10778,Philosophy and History of Science,48,72,24,0.0003,0.0004,0.01
T12202,nanoparticles nucleation surface interactions,91,28,-63,0.0006,0.0002,-0.04
T11364,Cholangiocarcinoma and Gallbladder Cancer Studies,64,55,-9,0.0004,0.0003,-0.01
T11541,Neuroendocrine regulation and behavior,101,18,-83,0.0006,0.0001,-0.05
T10350,Electronic Health Records Systems,30,89,59,0.0002,0.0006,0.04
T11497,Interprofessional Education and Collaboration,64,55,-9,0.0004,0.0003,-0.01
T10882,Cardiomyopathy and Myosin Studies,59,60,1,0.0004,0.0004,0.0
T11287,Cancer Genomics and Diagnostics,64,55,-9,0.0004,0.0003,-0.01
T10213,Public Policy and Administration Research,36,83,47,0.0002,0.0005,0.03
T10478,Diamond and Carbon-based Materials Research,75,43,-32,0.0005,0.0003,-0.02
T11968,High Altitude and Hypoxia,60,58,-2,0.0004,0.0004,-0.0
T10294,Cell death mechanisms and regulation,41,77,36,0.0003,0.0005,0.02
T11135,Virology and Viral Diseases,60,58,-2,0.0004,0.0004,-0.0
T10512,Orthopaedic implants and arthroplasty,59,59,0,0.0004,0.0004,0.0
T10773,Extracellular vesicles in disease,62,56,-6,0.0004,0.0003,-0.0
T10693,Blood transfusion and management,42,76,34,0.0003,0.0005,0.02
T11531,Healthcare Systems and Reforms,43,75,32,0.0003,0.0005,0.02
T10862,AI in cancer detection,56,61,5,0.0003,0.0004,0.0
T10669,Freshwater macroinvertebrate diversity and ecology,41,76,35,0.0003,0.0005,0.02
T10660,Conducting polymers and applications,69,48,-21,0.0004,0.0003,-0.01
T11645,"Urban, Neighborhood, and Segregation Studies",62,55,-7,0.0004,0.0003,-0.0
T10807,Synthesis and characterization of novel inorganic/organometallic compounds,33,84,51,0.0002,0.0005,0.03
T10883,Ethics and Social Impacts of AI,45,72,27,0.0003,0.0004,0.02
T11018,Lower Extremity Biomechanics and Pathologies,49,68,19,0.0003,0.0004,0.01
T10270,Blockchain Technology Applications and Security,66,51,-15,0.0004,0.0003,-0.01
T13294,Livestock and Poultry Management,76,41,-35,0.0005,0.0003,-0.02
T11350,Sex work and related issues,67,50,-17,0.0004,0.0003,-0.01
T10966,Liver physiology and pathology,59,58,-1,0.0004,0.0004,-0.0
T12223,Leptospirosis research and findings,65,52,-13,0.0004,0.0003,-0.01
T10103,Reading and Literacy Development,67,49,-18,0.0004,0.0003,-0.01
T12287,Fibroblast Growth Factor Research,51,65,14,0.0003,0.0004,0.01
T10243,Statistical Methods and Bayesian Inference,50,66,16,0.0003,0.0004,0.01
T11088,Marine Bivalve and Aquaculture Studies,61,55,-6,0.0004,0.0003,-0.0
T10450,Aquaculture Nutrition and Growth,74,42,-32,0.0005,0.0003,-0.02
T11964,Pregnancy and Medication Impact,68,48,-20,0.0004,0.0003,-0.01
T11166,Analytic Number Theory Research,26,90,64,0.0002,0.0006,0.04
T11919,dental development and anomalies,51,65,14,0.0003,0.0004,0.01
T12912,"Shakespeare, Adaptation, and Literary Criticism",60,56,-4,0.0004,0.0003,-0.0
T10338,Advanced Sensor and Energy Harvesting Materials,76,40,-36,0.0005,0.0002,-0.02
T10934,Heat shock proteins research,61,55,-6,0.0004,0.0003,-0.0
T10156,"LGBTQ Health, Identity, and Policy",51,64,13,0.0003,0.0004,0.01
T12714,Youth Education and Societal Dynamics,71,44,-27,0.0004,0.0003,-0.02
T10193,Coronary Interventions and Diagnostics,63,52,-11,0.0004,0.0003,-0.01
T10993,Complement system in diseases,53,62,9,0.0003,0.0004,0.01
T10772,Distributed systems and fault tolerance,65,50,-15,0.0004,0.0003,-0.01
T11965,"Quantum, superfluid, helium dynamics",87,28,-59,0.0005,0.0002,-0.04
T10499,Folate and B Vitamins Research,63,52,-11,0.0004,0.0003,-0.01
T11831,Chemical Synthesis and Reactions,69,46,-23,0.0004,0.0003,-0.01
T10580,Immunotherapy and Immune Responses,61,54,-7,0.0004,0.0003,-0.0
T11960,Relativity and Gravitational Theory,39,76,37,0.0002,0.0005,0.02
T11851,Electromagnetic Compatibility and Measurements,58,57,-1,0.0004,0.0004,-0.0
T11009,Catalysis for Biomass Conversion,64,50,-14,0.0004,0.0003,-0.01
T10887,Bioinformatics and Genomic Networks,57,57,0,0.0004,0.0004,0.0
T10881,Blood Coagulation and Thrombosis Mechanisms,45,69,24,0.0003,0.0004,0.01
T11020,Immune Cell Function and Interaction,82,31,-51,0.0005,0.0002,-0.03
T10422,Angiogenesis and VEGF in Cancer,55,58,3,0.0003,0.0004,0.0
T11095,Emergency and Acute Care Studies,50,63,13,0.0003,0.0004,0.01
T12555,Ancient Egypt and Archaeology,52,61,9,0.0003,0.0004,0.01
T12539,Pharmacology and Obesity Treatment,49,64,15,0.0003,0.0004,0.01
T13516,Publishing and Scholarly Communication,4,109,105,0.0,0.0007,0.07
T11971,"World Wars: History, Literature, and Impact",34,78,44,0.0002,0.0005,0.03
T12859,Cell Image Analysis Techniques,64,48,-16,0.0004,0.0003,-0.01
T10955,Paleontology and Evolutionary Biology,48,64,16,0.0003,0.0004,0.01
T11406,Cerebrospinal fluid and hydrocephalus,60,52,-8,0.0004,0.0003,-0.0
T11067,Colorectal Cancer Treatments and Studies,37,75,38,0.0002,0.0005,0.02
T11071,Treatment of Major Depression,51,61,10,0.0003,0.0004,0.01
T10819,Mercury impact and mitigation studies,79,32,-47,0.0005,0.0002,-0.03
T11743,Political Economy and Marxism,75,36,-39,0.0005,0.0002,-0.02
T11057,Cardiac Ischemia and Reperfusion,44,67,23,0.0003,0.0004,0.01
T13736,Steroid Chemistry and Biochemistry,34,77,43,0.0002,0.0005,0.03
T11316,Mycobacterium research and diagnosis,77,33,-44,0.0005,0.0002,-0.03
T10265,Multilingual Education and Policy,52,58,6,0.0003,0.0004,0.0
T11460,Analytical Methods in Pharmaceuticals,21,89,68,0.0001,0.0006,0.04
T11014,Regional Economics and Spatial Analysis,42,68,26,0.0003,0.0004,0.02
T12041,Public Health Policies and Education,21,89,68,0.0001,0.0006,0.04
T11864,Supply Chain Resilience and Risk Management,71,38,-33,0.0004,0.0002,-0.02
T12619,Political Systems and Governance,72,37,-35,0.0004,0.0002,-0.02
T10429,EEG and Brain-Computer Interfaces,64,45,-19,0.0004,0.0003,-0.01
T10508,Patient Safety and Medication Errors,39,70,31,0.0002,0.0004,0.02
T10619,Esophageal Cancer Research and Treatment,46,63,17,0.0003,0.0004,0.01
T10688,Image and Signal Denoising Methods,44,65,21,0.0003,0.0004,0.01
T12198,Oral health in cancer treatment,59,50,-9,0.0004,0.0003,-0.01
T10389,Polymer crystallization and properties,40,69,29,0.0002,0.0004,0.02
T12935,Healthcare Systems and Public Health,19,89,70,0.0001,0.0006,0.04
T10034,"Syntax, Semantics, Linguistic Variation",35,73,38,0.0002,0.0005,0.02
T11632,Family and Disability Support Research,68,40,-28,0.0004,0.0002,-0.02
T11884,Redox biology and oxidative stress,22,86,64,0.0001,0.0005,0.04
T10932,Microbial Metabolic Engineering and Bioproduction,68,40,-28,0.0004,0.0002,-0.02
T10354,Catalytic C–H Functionalization Methods,75,32,-43,0.0005,0.0002,-0.03
T10442,Knee injuries and reconstruction techniques,64,43,-21,0.0004,0.0003,-0.01
T10834,Welding Techniques and Residual Stresses,57,50,-7,0.0004,0.0003,-0.0
T10745,Heart Rate Variability and Autonomic Control,58,49,-9,0.0004,0.0003,-0.01
T10604,RNA Research and Splicing,56,51,-5,0.0003,0.0003,-0.0
T11096,Aeroelasticity and Vibration Control,18,89,71,0.0001,0.0006,0.04
T10098,Ruminant Nutrition and Digestive Physiology,44,63,19,0.0003,0.0004,0.01
T13080,Advanced Differential Geometry Research,11,95,84,0.0001,0.0006,0.05
T10220,Machine Fault Diagnosis Techniques,43,63,20,0.0003,0.0004,0.01
T11304,Advanced Neuroimaging Techniques and Applications,66,40,-26,0.0004,0.0002,-0.02
T11217,Cardiac Arrhythmias and Treatments,62,44,-18,0.0004,0.0003,-0.01
T10556,Global Cancer Incidence and Screening,57,49,-8,0.0004,0.0003,-0.0
T10465,Neurobiology of Language and Bilingualism,59,47,-12,0.0004,0.0003,-0.01
T11918,Forecasting Techniques and Applications,30,76,46,0.0002,0.0005,0.03
T14509,demographic modeling and climate adaptation,78,28,-50,0.0005,0.0002,-0.03
T10783,Additive Manufacturing and 3D Printing Technologies,58,48,-10,0.0004,0.0003,-0.01
T11236,Control Systems and Identification,39,66,27,0.0002,0.0004,0.02
T10697,Vasculitis and related conditions,57,48,-9,0.0004,0.0003,-0.01
T10656,Child and Animal Learning Development,50,55,5,0.0003,0.0003,0.0
T10964,Wireless Communication Security Techniques,45,59,14,0.0003,0.0004,0.01
T12454,European Political History Analysis,44,60,16,0.0003,0.0004,0.01
T11846,Cultural Heritage Management and Preservation,56,48,-8,0.0003,0.0003,-0.0
T11830,Point processes and geometric inequalities,50,54,4,0.0003,0.0003,0.0
T12264,Tissue Engineering and Regenerative Medicine,48,56,8,0.0003,0.0003,0.01
T14437,Ethics and Legal Issues in Pediatric Healthcare,70,34,-36,0.0004,0.0002,-0.02
T11474,Sport and Mega-Event Impacts,90,14,-76,0.0006,0.0001,-0.05
T10107,Ferroelectric and Piezoelectric Materials,53,51,-2,0.0003,0.0003,-0.0
T11220,Water Systems and Optimization,55,49,-6,0.0003,0.0003,-0.0
T10678,Inflammatory mediators and NSAID effects,66,38,-28,0.0004,0.0002,-0.02
T10598,Cardiac pacing and defibrillation studies,54,50,-4,0.0003,0.0003,-0.0
T10648,Virtual Reality Applications and Impacts,54,49,-5,0.0003,0.0003,-0.0
T11505,Reproductive biology and impacts on aquatic species,36,67,31,0.0002,0.0004,0.02
T10233,Geotechnical Engineering and Soil Mechanics,30,73,43,0.0002,0.0005,0.03
T10145,Consumer Behavior in Brand Consumption and Identification,65,38,-27,0.0004,0.0002,-0.02
T10293,Thyroid Disorders and Treatments,40,63,23,0.0002,0.0004,0.01
T11178,Receptor Mechanisms and Signaling,53,49,-4,0.0003,0.0003,-0.0
T10020,Quantum Information and Cryptography,51,51,0,0.0003,0.0003,0.0
T10680,Wind Energy Research and Development,49,53,4,0.0003,0.0003,0.0
T10395,Construction Project Management and Performance,40,62,22,0.0002,0.0004,0.01
T10960,Hypothalamic control of reproductive hormones,24,78,54,0.0001,0.0005,0.03
T11112,Viral Infections and Immunology Research,65,37,-28,0.0004,0.0002,-0.02
T10320,Neural Networks and Applications,70,32,-38,0.0004,0.0002,-0.02
T11114,Service and Product Innovation,49,53,4,0.0003,0.0003,0.0
T12613,X-ray Diffraction in Crystallography,60,42,-18,0.0004,0.0003,-0.01
T11731,Global Health and Surgery,64,38,-26,0.0004,0.0002,-0.02
T11970,Molecular Biology Techniques and Applications,66,35,-31,0.0004,0.0002,-0.02
T11981,Qualitative Research Methods and Ethics,46,55,9,0.0003,0.0003,0.01
T10832,Pituitary Gland Disorders and Treatments,42,59,17,0.0003,0.0004,0.01
T11265,Aging and Gerontology Research,54,47,-7,0.0003,0.0003,-0.0
T11221,Bone health and treatments,78,23,-55,0.0005,0.0001,-0.03
T11721,Blood properties and coagulation,31,70,39,0.0002,0.0004,0.02
T11987,COVID-19 Impact on Reproduction,64,37,-27,0.0004,0.0002,-0.02
T11870,Structural Analysis and Optimization,64,37,-27,0.0004,0.0002,-0.02
T12421,Adrenal Hormones and Disorders,37,63,26,0.0002,0.0004,0.02
T11346,Mast cells and histamine,44,56,12,0.0003,0.0003,0.01
T11191,Mathematical functions and polynomials,28,72,44,0.0002,0.0004,0.03
T11591,NF-κB Signaling Pathways,45,55,10,0.0003,0.0003,0.01
T11784,CO2 Reduction Techniques and Catalysts,55,45,-10,0.0003,0.0003,-0.01
T11288,Clostridium difficile and Clostridium perfringens research,59,41,-18,0.0004,0.0003,-0.01
T11358,Dysphagia Assessment and Management,55,44,-11,0.0003,0.0003,-0.01
T14374,Statistical Methods in Epidemiology,3,96,93,0.0,0.0006,0.06
T10658,Bone fractures and treatments,40,59,19,0.0002,0.0004,0.01
T10758,Cinema and Media Studies,64,35,-29,0.0004,0.0002,-0.02
T13445,American Constitutional Law and Politics,91,8,-83,0.0006,0.0,-0.05
T12841,Echinoderm biology and ecology,40,58,18,0.0002,0.0004,0.01
T10821,Cardiovascular Function and Risk Factors,54,44,-10,0.0003,0.0003,-0.01
T10315,Decision-Making and Behavioral Economics,27,71,44,0.0002,0.0004,0.03
T10387,Fatty Acid Research and Health,58,40,-18,0.0004,0.0002,-0.01
T10632,Housing Market and Economics,59,39,-20,0.0004,0.0002,-0.01
T11420,Geographies of human-animal interactions,76,22,-54,0.0005,0.0001,-0.03
T12439,Dental Research and COVID-19,77,21,-56,0.0005,0.0001,-0.03
T10245,Metamaterials and Metasurfaces Applications,62,36,-26,0.0004,0.0002,-0.02
T10240,Plant tissue culture and regeneration,54,44,-10,0.0003,0.0003,-0.01
T11746,Inorganic and Organometallic Chemistry,31,67,36,0.0002,0.0004,0.02
T10268,Developmental Biology and Gene Regulation,24,73,49,0.0001,0.0005,0.03
T10516,Parathyroid Disorders and Treatments,41,56,15,0.0003,0.0003,0.01
T11986,Scientific Computing and Data Management,52,45,-7,0.0003,0.0003,-0.0
T13370,Diverse Scientific and Economic Studies,97,0,-97,0.0006,0.0,-0.06
T11026,Occupational and environmental lung diseases,46,51,5,0.0003,0.0003,0.0
T10708,Mindfulness and Compassion Interventions,52,45,-7,0.0003,0.0003,-0.0
T12621,Hemispheric Asymmetry in Neuroscience,44,53,9,0.0003,0.0003,0.01
T12073,Isotope Analysis in Ecology,71,26,-45,0.0004,0.0002,-0.03
T11618,Cholesterol and Lipid Metabolism,37,60,23,0.0002,0.0004,0.01
T10599,Reconstructive Surgery and Microvascular Techniques,57,39,-18,0.0004,0.0002,-0.01
T11211,3D Surveying and Cultural Heritage,61,35,-26,0.0004,0.0002,-0.02
T10004,Soil Carbon and Nitrogen Dynamics,29,67,38,0.0002,0.0004,0.02
T12394,Insurance and Financial Risk Management,57,39,-18,0.0004,0.0002,-0.01
T10377,Metal and Thin Film Mechanics,82,14,-68,0.0005,0.0001,-0.04
T11536,Consumer Retail Behavior Studies,58,38,-20,0.0004,0.0002,-0.01
T10126,"Logic, programming, and type systems",27,69,42,0.0002,0.0004,0.03
T11611,Cyclopropane Reaction Mechanisms,58,38,-20,0.0004,0.0002,-0.01
T10234,Obstructive Sleep Apnea Research,46,50,4,0.0003,0.0003,0.0
T12650,Aesthetic Perception and Analysis,48,48,0,0.0003,0.0003,0.0
T11600,Brain Metastases and Treatment,49,47,-2,0.0003,0.0003,-0.0
T10981,Cytomegalovirus and herpesvirus research,54,41,-13,0.0003,0.0003,-0.01
T11899,"Brucella: diagnosis, epidemiology, treatment",48,47,-1,0.0003,0.0003,-0.0
T10937,"Telomeres, Telomerase, and Senescence",45,50,5,0.0003,0.0003,0.0
T12768,Linguistics and language evolution,62,33,-29,0.0004,0.0002,-0.02
T12228,Coordination Chemistry and Organometallics,52,43,-9,0.0003,0.0003,-0.01
T11838,"Crime, Illicit Activities, and Governance",52,43,-9,0.0003,0.0003,-0.01
T10083,Graphene research and applications,63,32,-31,0.0004,0.0002,-0.02
T10125,Advanced Wireless Communication Techniques,26,69,43,0.0002,0.0004,0.03
T11228,Bat Biology and Ecology Studies,52,43,-9,0.0003,0.0003,-0.01
T11190,3D Printing in Biomedical Research,70,25,-45,0.0004,0.0002,-0.03
T11035,Salivary Gland Tumors Diagnosis and Treatment,56,39,-17,0.0003,0.0002,-0.01
T12196,Community Health and Development,45,50,5,0.0003,0.0003,0.0
T10362,Biblical Studies and Interpretation,45,50,5,0.0003,0.0003,0.0
T10843,Diversity and Career in Medicine,48,47,-1,0.0003,0.0003,-0.0
T10006,Job Satisfaction and Organizational Behavior,41,54,13,0.0003,0.0003,0.01
T11094,Face Recognition and Perception,46,49,3,0.0003,0.0003,0.0
T11506,Children's Rights and Participation,30,65,35,0.0002,0.0004,0.02
T10763,Digital Transformation in Industry,54,41,-13,0.0003,0.0003,-0.01
T12237,Congenital gastrointestinal and neural anomalies,52,43,-9,0.0003,0.0003,-0.01
T11537,Ethics in medical practice,72,23,-49,0.0004,0.0001,-0.03
T11989,Oxidative Organic Chemistry Reactions,45,50,5,0.0003,0.0003,0.0
T11382,Fluid Dynamics and Heat Transfer,35,59,24,0.0002,0.0004,0.01
T11260,Tracheal and airway disorders,69,25,-44,0.0004,0.0002,-0.03
T10214,Psychotherapy Techniques and Applications,45,49,4,0.0003,0.0003,0.0
T10581,Neural dynamics and brain function,60,34,-26,0.0004,0.0002,-0.02
T10122,Toxic Organic Pollutants Impact,46,48,2,0.0003,0.0003,0.0
T10835,Carbohydrate Chemistry and Synthesis,46,48,2,0.0003,0.0003,0.0
T12056,Markov Chains and Monte Carlo Methods,40,54,14,0.0002,0.0003,0.01
T10100,Metaheuristic Optimization Algorithms Research,31,63,32,0.0002,0.0004,0.02
T11269,Algorithms and Data Compression,52,42,-10,0.0003,0.0003,-0.01
T11627,Autoimmune Neurological Disorders and Treatments,56,38,-18,0.0003,0.0002,-0.01
T10180,Analytical chemistry methods development,26,68,42,0.0002,0.0004,0.03
T12145,Dental Anxiety and Anesthesia Techniques,57,37,-20,0.0004,0.0002,-0.01
T11744,Health Sciences Research and Education,52,42,-10,0.0003,0.0003,-0.01
T10347,Atmospheric aerosols and clouds,29,64,35,0.0002,0.0004,0.02
T10128,Global trade and economics,53,40,-13,0.0003,0.0002,-0.01
T11405,Geophysics and Gravity Measurements,60,33,-27,0.0004,0.0002,-0.02
T10926,Peripheral Artery Disease Management,46,47,1,0.0003,0.0003,0.0
T10735,Mesoporous Materials and Catalysis,53,40,-13,0.0003,0.0002,-0.01
T10800,Forensic Toxicology and Drug Analysis,52,41,-11,0.0003,0.0003,-0.01
T12197,Brake Systems and Friction Analysis,66,27,-39,0.0004,0.0002,-0.02
T10102,scientometrics and bibliometrics research,29,64,35,0.0002,0.0004,0.02
T10522,Medical Imaging Techniques and Applications,59,34,-25,0.0004,0.0002,-0.02
T11568,Railway Systems and Energy Efficiency,47,46,-1,0.0003,0.0003,-0.0
T10033,Concrete and Cement Materials Research,33,60,27,0.0002,0.0004,0.02
T13607,Academic Publishing and Open Access,33,60,27,0.0002,0.0004,0.02
T10372,Cardiac Imaging and Diagnostics,46,46,0,0.0003,0.0003,0.0
T10313,Surface Modification and Superhydrophobicity,60,32,-28,0.0004,0.0002,-0.02
T10718,Political Philosophy and Ethics,54,38,-16,0.0003,0.0002,-0.01
T10641,Central Venous Catheters and Hemodialysis,46,46,0,0.0003,0.0003,0.0
T10046,Stability and Control of Uncertain Systems,45,47,2,0.0003,0.0003,0.0
T11683,Quantum and Classical Electrodynamics,22,70,48,0.0001,0.0004,0.03
T11447,Blind Source Separation Techniques,67,25,-42,0.0004,0.0002,-0.03
T11064,Antiplatelet Therapy and Cardiovascular Diseases,41,51,10,0.0003,0.0003,0.01
T11551,Infective Endocarditis Diagnosis and Management,44,48,4,0.0003,0.0003,0.0
T10075,Atmospheric chemistry and aerosols,37,55,18,0.0002,0.0003,0.01
T10366,Discourse Analysis in Language Studies,43,49,6,0.0003,0.0003,0.0
T10558,Advancements in Semiconductor Devices and Circuit Design,46,46,0,0.0003,0.0003,0.0
T11700,Hemodynamic Monitoring and Therapy,52,39,-13,0.0003,0.0002,-0.01
T11093,Personality Disorders and Psychopathology,47,44,-3,0.0003,0.0003,-0.0
T10186,Nursing education and management,32,59,27,0.0002,0.0004,0.02
T10483,Nerve injury and regeneration,38,53,15,0.0002,0.0003,0.01
T11999,Empathy and Medical Education,69,22,-47,0.0004,0.0001,-0.03
T10515,Cancer-related molecular mechanisms research,65,26,-39,0.0004,0.0002,-0.02
T11254,Fluid Dynamics and Vibration Analysis,51,40,-11,0.0003,0.0002,-0.01
T10402,Phase Equilibria and Thermodynamics,47,44,-3,0.0003,0.0003,-0.0
T11040,Personality Traits and Psychology,38,53,15,0.0002,0.0003,0.01
T11259,Agriculture Sustainability and Environmental Impact,57,34,-23,0.0004,0.0002,-0.01
T10793,Diabetes Management and Education,46,44,-2,0.0003,0.0003,-0.0
T10181,Natural Language Processing Techniques,65,25,-40,0.0004,0.0002,-0.02
T12255,Biosimilars and Bioanalytical Methods,51,39,-12,0.0003,0.0002,-0.01
T11609,Geophysical Methods and Applications,48,42,-6,0.0003,0.0003,-0.0
T13500,Probability and Statistical Research,5,85,80,0.0,0.0005,0.05
T13328,Osteomyelitis and Bone Disorders Research,44,46,2,0.0003,0.0003,0.0
T10014,Plant Stress Responses and Tolerance,27,63,36,0.0002,0.0004,0.02
T11171,Diabetes and associated disorders,62,28,-34,0.0004,0.0002,-0.02
T10435,Environmental Impact and Sustainability,38,52,14,0.0002,0.0003,0.01
T12327,Various Chemistry Research Topics,63,27,-36,0.0004,0.0002,-0.02
T11714,Multimodal Machine Learning Applications,40,50,10,0.0002,0.0003,0.01
T11187,Nonlinear Dynamics and Pattern Formation,43,47,4,0.0003,0.0003,0.0
T10208,Labor market dynamics and wage inequality,31,59,28,0.0002,0.0004,0.02
T12624,Maritime and Coastal Archaeology,78,11,-67,0.0005,0.0001,-0.04
T12188,"Architecture, Modernity, and Design",14,75,61,0.0001,0.0005,0.04
T10319,"Conservation, Biodiversity, and Resource Management",38,51,13,0.0002,0.0003,0.01
T10222,Genomics and Chromatin Dynamics,36,53,17,0.0002,0.0003,0.01
T12147,Urban and Rural Development Challenges,52,37,-15,0.0003,0.0002,-0.01
T11980,Human Mobility and Location-Based Analysis,43,46,3,0.0003,0.0003,0.0
T11153,Streptococcal Infections and Treatments,56,33,-23,0.0003,0.0002,-0.01
T11631,"Retirement, Disability, and Employment",52,37,-15,0.0003,0.0002,-0.01
T10585,Family Dynamics and Relationships,26,63,37,0.0002,0.0004,0.02
T11496,Credit Risk and Financial Regulations,45,44,-1,0.0003,0.0003,-0.0
T13497,Hermeneutics and Narrative Identity,87,2,-85,0.0005,0.0,-0.05
T10175,Advanced DC-DC Converters,38,50,12,0.0002,0.0003,0.01
T11548,Sexual Assault and Victimization Studies,42,46,4,0.0003,0.0003,0.0
T12251,Synthesis and Catalytic Reactions,57,31,-26,0.0004,0.0002,-0.02
T10878,CRISPR and Genetic Engineering,67,21,-46,0.0004,0.0001,-0.03
T13937,"Genetics, Bioinformatics, and Biomedical Research",73,15,-58,0.0005,0.0001,-0.04
T11392,Energy Harvesting in Wireless Networks,53,35,-18,0.0003,0.0002,-0.01
T12762,Crystallography and Radiation Phenomena,37,51,14,0.0002,0.0003,0.01
T13012,Coenzyme Q10 studies and effects,46,42,-4,0.0003,0.0003,-0.0
T11538,Ophthalmology and Eye Disorders,39,49,10,0.0002,0.0003,0.01
T10550,Ovarian cancer diagnosis and treatment,41,47,6,0.0003,0.0003,0.0
T12307,Ancient Near East History,54,34,-20,0.0003,0.0002,-0.01
T13283,Mental Health Research Topics,67,21,-46,0.0004,0.0001,-0.03
T10016,Adsorption and biosorption for pollutant removal,29,58,29,0.0002,0.0004,0.02
T10725,RNA Interference and Gene Delivery,43,44,1,0.0003,0.0003,0.0
T10505,Pluripotent Stem Cells Research,45,42,-3,0.0003,0.0003,-0.0
T10518,Gallbladder and Bile Duct Disorders,35,52,17,0.0002,0.0003,0.01
T11029,Renal Diseases and Glomerulopathies,29,58,29,0.0002,0.0004,0.02
T11860,"HIV, Drug Use, Sexual Risk",44,43,-1,0.0003,0.0003,-0.0
T13536,Psychological and Temporal Perspectives Research,45,42,-3,0.0003,0.0003,-0.0
T11147,Misinformation and Its Impacts,46,41,-5,0.0003,0.0003,-0.0
T12319,Fish Biology and Ecology Studies,44,42,-2,0.0003,0.0003,-0.0
T11326,Stock Market Forecasting Methods,43,43,0,0.0003,0.0003,0.0
T11250,Wave and Wind Energy Systems,40,46,6,0.0002,0.0003,0.0
T14005,Eastern European Communism and Reforms,32,54,22,0.0002,0.0003,0.01
T11573,Risk Perception and Management,36,50,14,0.0002,0.0003,0.01
T13522,Cardiovascular Health and Risk Factors,30,56,26,0.0002,0.0003,0.02
T10752,Terahertz technology and applications,42,44,2,0.0003,0.0003,0.0
T12191,Chemical Reaction Mechanisms,30,56,26,0.0002,0.0003,0.02
T11047,Gender Diversity and Inequality,46,40,-6,0.0003,0.0002,-0.0
T11012,Gas Dynamics and Kinetic Theory,41,45,4,0.0003,0.0003,0.0
T10336,Cancer Cells and Metastasis,47,39,-8,0.0003,0.0002,-0.0
T10785,Economic Theory and Institutions,65,21,-44,0.0004,0.0001,-0.03
T10511,High voltage insulation and dielectric phenomena,42,44,2,0.0003,0.0003,0.0
T14355,Historical Studies of British Isles,48,38,-10,0.0003,0.0002,-0.01
T10184,Plant Molecular Biology Research,44,42,-2,0.0003,0.0003,-0.0
T11787,Oral and Maxillofacial Pathology,50,36,-14,0.0003,0.0002,-0.01
T11911,Spatial and Panel Data Analysis,29,57,28,0.0002,0.0004,0.02
T13645,Thermodynamic and Structural Properties of Metals and Alloys,15,70,55,0.0001,0.0004,0.03
T10064,Complex Network Analysis Techniques,49,36,-13,0.0003,0.0002,-0.01
T12589,Differential Equations and Boundary Problems,28,57,29,0.0002,0.0004,0.02
T11080,Surgical site infection prevention,31,54,23,0.0002,0.0003,0.01
T10090,ZnO doping and properties,54,31,-23,0.0003,0.0002,-0.01
T11343,Power Transformer Diagnostics and Insulation,53,32,-21,0.0003,0.0002,-0.01
T10780,Reliability and Maintenance Optimization,20,65,45,0.0001,0.0004,0.03
T10135,Insect-Plant Interactions and Control,42,43,1,0.0003,0.0003,0.0
T12281,Animal testing and alternatives,31,54,23,0.0002,0.0003,0.01
T12286,Erythrocyte Function and Pathophysiology,60,25,-35,0.0004,0.0002,-0.02
T12178,Bird parasitology and diseases,29,56,27,0.0002,0.0003,0.02
T12140,Renal and related cancers,50,35,-15,0.0003,0.0002,-0.01
T11146,Hormonal and reproductive studies,68,16,-52,0.0004,0.0001,-0.03
T11816,Nursing Roles and Practices,36,48,12,0.0002,0.0003,0.01
T11061,Ocean Waves and Remote Sensing,51,33,-18,0.0003,0.0002,-0.01
T12010,Evaluation and Performance Assessment,41,43,2,0.0003,0.0003,0.0
T12509,Corporate Insolvency and Governance,30,54,24,0.0002,0.0003,0.01
T10681,Rare-earth and actinide compounds,51,33,-18,0.0003,0.0002,-0.01
T10498,Migraine and Headache Studies,36,48,12,0.0002,0.0003,0.01
T10739,Electromagnetic Scattering and Analysis,44,40,-4,0.0003,0.0002,-0.0
T12961,Regional Development and Policy,49,35,-14,0.0003,0.0002,-0.01
T10621,Gene Regulatory Network Analysis,43,41,-2,0.0003,0.0003,-0.0
T10552,Colorectal Cancer Screening and Detection,46,38,-8,0.0003,0.0002,-0.0
T10612,Magnetism in coordination complexes,49,34,-15,0.0003,0.0002,-0.01
T10956,Fullerene Chemistry and Applications,42,41,-1,0.0003,0.0003,-0.0
T10291,Dialysis and Renal Disease Management,40,43,3,0.0002,0.0003,0.0
T12234,Mollusks and Parasites Studies,41,42,1,0.0003,0.0003,0.0
T10364,Reproductive Biology and Fertility,42,41,-1,0.0003,0.0003,-0.0
T12112,Ammonia Synthesis and Nitrogen Reduction,48,35,-13,0.0003,0.0002,-0.01
T11673,Advanced Topics in Algebra,60,23,-37,0.0004,0.0001,-0.02
T12507,"Utopian, Dystopian, and Speculative Fiction",15,68,53,0.0001,0.0004,0.03
T12833,Bartonella species infections research,43,40,-3,0.0003,0.0002,-0.0
T12430,Academic and Historical Perspectives in Psychology,39,44,5,0.0002,0.0003,0.0
T10696,Gastric Cancer Management and Outcomes,43,40,-3,0.0003,0.0002,-0.0
T12068,Neonatal Health and Biochemistry,54,28,-26,0.0003,0.0002,-0.02
T13144,Theology and Philosophy of Evil,57,25,-32,0.0004,0.0002,-0.02
T11761,Resilience and Mental Health,58,24,-34,0.0004,0.0001,-0.02
T11159,Manufacturing Process and Optimization,60,22,-38,0.0004,0.0001,-0.02
T10114,"Balance, Gait, and Falls Prevention",32,50,18,0.0002,0.0003,0.01
T10729,Electrospun Nanofibers in Biomedical Applications,58,24,-34,0.0004,0.0001,-0.02
T14170,Classical Studies and Philology,4,78,74,0.0,0.0005,0.05
T13791,Veterinary medicine and infectious diseases,16,66,50,0.0001,0.0004,0.03
T12037,Algebraic and Geometric Analysis,50,32,-18,0.0003,0.0002,-0.01
T10691,Retinal Development and Disorders,48,34,-14,0.0003,0.0002,-0.01
T11472,Analytical Chemistry and Sensors,65,17,-48,0.0004,0.0001,-0.03
T10117,Advanced Combustion Engine Technologies,21,61,40,0.0001,0.0004,0.02
T12666,Historical Psychiatry and Medical Practices,43,39,-4,0.0003,0.0002,-0.0
T11366,Elasticity and Material Modeling,27,55,28,0.0002,0.0003,0.02
T12279,Body Composition Measurement Techniques,43,38,-5,0.0003,0.0002,-0.0
T10640,Spectroscopy and Chemometric Analyses,36,45,9,0.0002,0.0003,0.01
T10841,Economic and Environmental Valuation,52,29,-23,0.0003,0.0002,-0.01
T11008,Aerodynamics and Acoustics in Jet Flows,50,31,-19,0.0003,0.0002,-0.01
T11163,Organ Donation and Transplantation,38,43,5,0.0002,0.0003,0.0
T12130,Contemporary Literature and Criticism,44,37,-7,0.0003,0.0002,-0.0
T10424,Electric Power System Optimization,34,47,13,0.0002,0.0003,0.01
T10355,Impact of Technology on Adolescents,46,35,-11,0.0003,0.0002,-0.01
T11810,Complex Systems and Decision Making,61,20,-41,0.0004,0.0001,-0.03
T12847,Healthcare Systems and Challenges,55,26,-29,0.0003,0.0002,-0.02
T10205,Advanced Fiber Optic Sensors,33,48,15,0.0002,0.0003,0.01
T12405,Characterization and Applications of Magnetic Nanoparticles,33,47,14,0.0002,0.0003,0.01
T10408,Chronic Kidney Disease and Diabetes,34,46,12,0.0002,0.0003,0.01
T12803,Cinema History and Criticism,1,79,78,0.0,0.0005,0.05
T10543,Prostate Cancer Treatment and Research,30,50,20,0.0002,0.0003,0.01
T11033,Contact Dermatitis and Allergies,38,42,4,0.0002,0.0003,0.0
T12131,Wireless Signal Modulation Classification,38,42,4,0.0002,0.0003,0.0
T10316,Sleep and related disorders,42,38,-4,0.0003,0.0002,-0.0
T12781,Global Health Care Issues,74,5,-69,0.0005,0.0,-0.04
T11270,Complex Systems and Time Series Analysis,54,25,-29,0.0003,0.0002,-0.02
T10737,Health Literacy and Information Accessibility,32,47,15,0.0002,0.0003,0.01
T10942,"Sports, Gender, and Society",37,42,5,0.0002,0.0003,0.0
T11273,Advanced Graph Neural Networks,41,38,-3,0.0003,0.0002,-0.0
T12502,Urbanization and City Planning,65,14,-51,0.0004,0.0001,-0.03
T10425,Cold Atom Physics and Bose-Einstein Condensates,68,11,-57,0.0004,0.0001,-0.04
T10055,Diverse Aspects of Tourism Research,37,42,5,0.0002,0.0003,0.0
T10998,Heat Transfer and Optimization,29,50,21,0.0002,0.0003,0.01
T13518,Architecture and Computational Design,37,42,5,0.0002,0.0003,0.0
T10409,Fuel Cells and Related Materials,41,37,-4,0.0003,0.0002,-0.0
T12741,Maternal and Neonatal Healthcare,5,73,68,0.0,0.0005,0.04
T10810,Polymer composites and self-healing,30,48,18,0.0002,0.0003,0.01
T11075,Insect Resistance and Genetics,42,36,-6,0.0003,0.0002,-0.0
T12044,Advanced Physical and Chemical Molecular Interactions,21,57,36,0.0001,0.0004,0.02
T10645,Cardiac Arrest and Resuscitation,43,35,-8,0.0003,0.0002,-0.0
T12977,Spanish Literature and Culture Studies,14,64,50,0.0001,0.0004,0.03
T10870,Interstitial Lung Diseases and Idiopathic Pulmonary Fibrosis,33,45,12,0.0002,0.0003,0.01
T10748,Growth Hormone and Insulin-like Growth Factors,37,41,4,0.0002,0.0003,0.0
T12770,Amino Acid Enzymes and Metabolism,39,39,0,0.0002,0.0002,0.0
T11055,Cardiac and Coronary Surgery Techniques,35,42,7,0.0002,0.0003,0.0
T10898,Environmental Education and Sustainability,54,23,-31,0.0003,0.0001,-0.02
T10743,Software Testing and Debugging Techniques,35,42,7,0.0002,0.0003,0.0
T10700,Metal Forming Simulation Techniques,43,34,-9,0.0003,0.0002,-0.01
T10924,Cardiovascular Health and Disease Prevention,36,41,5,0.0002,0.0003,0.0
T10919,Neurological disorders and treatments,42,35,-7,0.0003,0.0002,-0.0
T12588,Electronic and Structural Properties of Oxides,49,28,-21,0.0003,0.0002,-0.01
T12500,Reflective Practices in Education,39,38,-1,0.0002,0.0002,-0.0
T12505,Peptidase Inhibition and Analysis,74,3,-71,0.0005,0.0,-0.04
T10661,biodegradable polymer synthesis and properties,31,46,15,0.0002,0.0003,0.01
T11888,Gender Roles and Identity Studies,44,33,-11,0.0003,0.0002,-0.01
T10194,Nonlinear Partial Differential Equations,25,52,27,0.0002,0.0003,0.02
T10726,Career Development and Diversity,19,58,39,0.0001,0.0004,0.02
T10506,Aquaculture disease management and microbiota,43,33,-10,0.0003,0.0002,-0.01
T12767,Conflict of Laws and Jurisdiction,61,15,-46,0.0004,0.0001,-0.03
T10154,Customer Service Quality and Loyalty,36,40,4,0.0002,0.0002,0.0
T10798,Crystallography and molecular interactions,40,36,-4,0.0002,0.0002,-0.0
T10538,Data Mining Algorithms and Applications,42,34,-8,0.0003,0.0002,-0.0
T10672,Design Education and Practice,38,38,0,0.0002,0.0002,0.0
T10448,Memory and Neural Mechanisms,45,31,-14,0.0003,0.0002,-0.01
T10638,Optical measurement and interference techniques,40,36,-4,0.0002,0.0002,-0.0
T11307,Domain Adaptation and Few-Shot Learning,32,44,12,0.0002,0.0003,0.01
T11641,Insect and Pesticide Research,56,20,-36,0.0003,0.0001,-0.02
T10885,Gene expression and cancer classification,48,28,-20,0.0003,0.0002,-0.01
T13147,Ethics and bioethics in healthcare,0,76,76,0.0,0.0005,0.05
T11763,Intracerebral and Subarachnoid Hemorrhage Research,45,30,-15,0.0003,0.0002,-0.01
T12098,Rural development and sustainability,58,17,-41,0.0004,0.0001,-0.03
T12275,Gender and Feminist Studies,2,73,71,0.0,0.0005,0.04
T12369,Pneumocystis jirovecii pneumonia detection and treatment,67,8,-59,0.0004,0.0,-0.04
T11046,Geotechnical Engineering and Analysis,31,44,13,0.0002,0.0003,0.01
T11380,Child Welfare and Adoption,24,51,27,0.0001,0.0003,0.02
T11711,COVID-19 Pandemic Impacts,46,29,-17,0.0003,0.0002,-0.01
T11429,Semiconductor Lasers and Optical Devices,35,40,5,0.0002,0.0002,0.0
T12387,Galectins and Cancer Biology,43,32,-11,0.0003,0.0002,-0.01
T11084,Workplace Health and Well-being,37,38,1,0.0002,0.0002,0.0
T10995,Methane Hydrates and Related Phenomena,61,14,-47,0.0004,0.0001,-0.03
T11877,Iron oxide chemistry and applications,58,17,-41,0.0004,0.0001,-0.03
T10503,Global Financial Crisis and Policies,39,36,-3,0.0002,0.0002,-0.0
T11617,Enzyme Production and Characterization,35,40,5,0.0002,0.0002,0.0
T11577,Cognitive Abilities and Testing,31,44,13,0.0002,0.0003,0.01
T13031,Civil and Structural Engineering Research,57,17,-40,0.0004,0.0001,-0.02
T13594,Healthcare innovation and challenges,68,6,-62,0.0004,0.0,-0.04
T12579,Muon and positron interactions and applications,51,23,-28,0.0003,0.0001,-0.02
T10562,Total Knee Arthroplasty Outcomes,37,37,0,0.0002,0.0002,0.0
T11183,Advanced X-ray Imaging Techniques,45,29,-16,0.0003,0.0002,-0.01
T11891,Big Data and Business Intelligence,57,17,-40,0.0004,0.0001,-0.02
T11374,Cleft Lip and Palate Research,42,32,-10,0.0003,0.0002,-0.01
T10746,Platelet Disorders and Treatments,30,44,14,0.0002,0.0003,0.01
T11003,Disability Rights and Representation,23,51,28,0.0001,0.0003,0.02
T10603,Smart Grid Energy Management,45,29,-16,0.0003,0.0002,-0.01
T13702,Machine Learning in Healthcare,45,29,-16,0.0003,0.0002,-0.01
T10880,Environmental Sustainability in Business,41,33,-8,0.0003,0.0002,-0.0
T10309,Acute Myeloid Leukemia Research,34,40,6,0.0002,0.0002,0.0
T11969,Fluoride Effects and Removal,46,28,-18,0.0003,0.0002,-0.01
T12854,Neurology and Historical Studies,44,30,-14,0.0003,0.0002,-0.01
T11314,Clinical Laboratory Practices and Quality Control,14,59,45,0.0001,0.0004,0.03
T10970,Team Dynamics and Performance,36,37,1,0.0002,0.0002,0.0
T11168,International Development and Aid,50,23,-27,0.0003,0.0001,-0.02
T12236,Photoreceptor and optogenetics research,44,29,-15,0.0003,0.0002,-0.01
T11993,Atomic and Subatomic Physics Research,67,6,-61,0.0004,0.0,-0.04
T10327,Adolescent Sexual and Reproductive Health,47,26,-21,0.0003,0.0002,-0.01
T12755,Legal Education and Practice Innovations,50,23,-27,0.0003,0.0001,-0.02
T10916,Surgical Simulation and Training,35,38,3,0.0002,0.0002,0.0
T10875,Pesticide Exposure and Toxicity,33,40,7,0.0002,0.0002,0.0
T11103,Antimicrobial Peptides and Activities,45,28,-17,0.0003,0.0002,-0.01
T10569,Bariatric Surgery and Outcomes,45,28,-17,0.0003,0.0002,-0.01
T10757,Geographic Information Systems Studies,44,29,-15,0.0003,0.0002,-0.01
T10826,Behavioral and Psychological Studies,44,29,-15,0.0003,0.0002,-0.01
T11668,interferon and immune responses,41,32,-9,0.0003,0.0002,-0.01
T12325,Urban Design and Spatial Analysis,29,44,15,0.0002,0.0003,0.01
T11141,Childhood Cancer Survivors' Quality of Life,63,10,-53,0.0004,0.0001,-0.03
T10544,Glass properties and applications,38,35,-3,0.0002,0.0002,-0.0
T11794,Early Modern Spanish Literature,32,40,8,0.0002,0.0002,0.01
T11642,Genomics and Rare Diseases,44,28,-16,0.0003,0.0002,-0.01
T10179,Supercapacitor Materials and Fabrication,36,36,0,0.0002,0.0002,0.0
T10830,Airway Management and Intubation Techniques,39,33,-6,0.0002,0.0002,-0.0
T12465,"Cancer, Lipids, and Metabolism",33,39,6,0.0002,0.0002,0.0
T11934,Syphilis Diagnosis and Treatment,37,35,-2,0.0002,0.0002,-0.0
T11626,Metalloenzymes and iron-sulfur proteins,23,49,26,0.0001,0.0003,0.02
T10475,Psychological Well-being and Life Satisfaction,48,24,-24,0.0003,0.0001,-0.01
T10842,Railway Engineering and Dynamics,43,29,-14,0.0003,0.0002,-0.01
T10223,Microgrid Control and Optimization,41,30,-11,0.0003,0.0002,-0.01
T11594,Tree-ring climate responses,45,26,-19,0.0003,0.0002,-0.01
T11648,"Diaspora, migration, transnational identity",14,57,43,0.0001,0.0004,0.03
T10529,Stress Responses and Cortisol,52,19,-33,0.0003,0.0001,-0.02
T10719,3D Shape Modeling and Analysis,25,46,21,0.0002,0.0003,0.01
T12602,Medical Education and Admissions,40,31,-9,0.0002,0.0002,-0.01
T11710,Biomedical Text Mining and Ontologies,45,26,-19,0.0003,0.0002,-0.01
T11569,Optical Coherence Tomography Applications,33,38,5,0.0002,0.0002,0.0
T11588,Atmospheric and Environmental Gas Dynamics,62,9,-53,0.0004,0.0001,-0.03
T12277,Frequency Control in Power Systems,39,32,-7,0.0002,0.0002,-0.0
T11815,Urological Disorders and Treatments,53,18,-35,0.0003,0.0001,-0.02
T10816,Cerebrovascular and Carotid Artery Diseases,43,28,-15,0.0003,0.0002,-0.01
T12967,Molecular Spectroscopy and Structure,45,26,-19,0.0003,0.0002,-0.01
T10148,Advanced MIMO Systems Optimization,41,30,-11,0.0003,0.0002,-0.01
T13641,Historical Studies and Socio-cultural Analysis,65,6,-59,0.0004,0.0,-0.04
T12372,Art Therapy and Mental Health,33,38,5,0.0002,0.0002,0.0
T10753,Microplastics and Plastic Pollution,43,28,-15,0.0003,0.0002,-0.01
T11197,Digital Games and Media,43,28,-15,0.0003,0.0002,-0.01
T10775,Generative Adversarial Networks and Image Synthesis,30,41,11,0.0002,0.0003,0.01
T12532,Historical and Cultural Archaeology Studies,35,35,0,0.0002,0.0002,0.0
T10311,Advancements in Solid Oxide Fuel Cells,23,47,24,0.0001,0.0003,0.01
T10886,Multiferroics and related materials,37,33,-4,0.0002,0.0002,-0.0
T11021,ECG Monitoring and Analysis,33,37,4,0.0002,0.0002,0.0
T10579,Cognitive Radio Networks and Spectrum Sensing,30,40,10,0.0002,0.0002,0.01
T13205,Geological and Geophysical Studies Worldwide,52,18,-34,0.0003,0.0001,-0.02
T11549,Synthetic Organic Chemistry Methods,67,3,-64,0.0004,0.0,-0.04
T10054,Parallel Computing and Optimization Techniques,34,36,2,0.0002,0.0002,0.0
T12525,Australian History and Society,54,16,-38,0.0003,0.0001,-0.02
T12823,Adolescent and Pediatric Healthcare,44,26,-18,0.0003,0.0002,-0.01
T11528,Lichen and fungal ecology,48,22,-26,0.0003,0.0001,-0.02
T11134,Breast Lesions and Carcinomas,23,47,24,0.0001,0.0003,0.01
T13247,Local Governance and Planning,0,70,70,0.0,0.0004,0.04
T13877,Law in Society and Culture,51,19,-32,0.0003,0.0001,-0.02
T10802,Judicial and Constitutional Studies,36,34,-2,0.0002,0.0002,-0.0
T10961,Hernia repair and management,36,33,-3,0.0002,0.0002,-0.0
T11940,Layered Double Hydroxides Synthesis and Applications,39,30,-9,0.0002,0.0002,-0.01
T10383,"Language, Discourse, Communication Strategies",36,33,-3,0.0002,0.0002,-0.0
T10662,Ultrasonics and Acoustic Wave Propagation,36,33,-3,0.0002,0.0002,-0.0
T12974,Modernist Literature and Criticism,20,49,29,0.0001,0.0003,0.02
T10751,Forensic and Genetic Research,27,42,15,0.0002,0.0003,0.01
T11394,Dynamics and Control of Mechanical Systems,30,39,9,0.0002,0.0002,0.01
T10706,Traumatic Brain Injury and Neurovascular Disturbances,36,33,-3,0.0002,0.0002,-0.0
T10157,Sports Performance and Training,37,32,-5,0.0002,0.0002,-0.0
T11142,Advanced Glycation End Products research,40,29,-11,0.0002,0.0002,-0.01
T12250,Experimental and Theoretical Physics Studies,55,14,-41,0.0003,0.0001,-0.03
T11144,melanin and skin pigmentation,38,31,-7,0.0002,0.0002,-0.0
T11274,Botulinum Toxin and Related Neurological Disorders,51,18,-33,0.0003,0.0001,-0.02
T11028,Social Work Education and Practice,34,35,1,0.0002,0.0002,0.0
T10948,Advanced Combinatorial Mathematics,18,51,33,0.0001,0.0003,0.02
T10359,Dental Implant Techniques and Outcomes,40,28,-12,0.0002,0.0002,-0.01
T11620,Medication Adherence and Compliance,28,40,12,0.0002,0.0002,0.01
T11015,Down syndrome and intellectual disability research,29,39,10,0.0002,0.0002,0.01
T11232,Urinary Tract Infections Management,35,33,-2,0.0002,0.0002,-0.0
T10517,"Financial Literacy, Pension, Retirement Analysis",34,34,0,0.0002,0.0002,0.0
T12240,Nanomaterials for catalytic reactions,28,40,12,0.0002,0.0002,0.01
T10764,Privacy-Preserving Technologies in Data,27,41,14,0.0002,0.0003,0.01
T11077,Genetic and Clinical Aspects of Sex Determination and Chromosomal Abnormalities,29,39,10,0.0002,0.0002,0.01
T13650,Computational Physics and Python Applications,56,12,-44,0.0003,0.0001,-0.03
T11915,Pickering emulsions and particle stabilization,40,28,-12,0.0002,0.0002,-0.01
T11120,Nonprofit Sector and Volunteering,23,45,22,0.0001,0.0003,0.01
T10136,Statistical Methods and Inference,47,21,-26,0.0003,0.0001,-0.02
T13372,Archaeology and Historical Studies,59,9,-50,0.0004,0.0001,-0.03
T12334,Lung Cancer Research Studies,23,45,22,0.0001,0.0003,0.01
T11393,Biosensors and Analytical Detection,30,38,8,0.0002,0.0002,0.01
T12561,bioluminescence and chemiluminescence research,37,31,-6,0.0002,0.0002,-0.0
T10861,Ear Surgery and Otitis Media,33,35,2,0.0002,0.0002,0.0
T12570,Photopolymerization techniques and applications,39,28,-11,0.0002,0.0002,-0.01
T11302,CO2 Sequestration and Geologic Interactions,28,39,11,0.0002,0.0002,0.01
T10438,"Energy, Environment, Economic Growth",36,31,-5,0.0002,0.0002,-0.0
T10416,Traumatic Brain Injury Research,37,30,-7,0.0002,0.0002,-0.0
T11030,Scoliosis diagnosis and treatment,33,34,1,0.0002,0.0002,0.0
T10791,Advanced Control Systems Optimization,45,22,-23,0.0003,0.0001,-0.01
T11206,Model Reduction and Neural Networks,35,32,-3,0.0002,0.0002,-0.0
T11348,Celiac Disease Research and Management,30,37,7,0.0002,0.0002,0.0
T13593,Historical and Archaeological Studies,25,42,17,0.0002,0.0003,0.01
T10532,Molecular Sensors and Ion Detection,41,26,-15,0.0003,0.0002,-0.01
T10845,Advanced Causal Inference Techniques,39,28,-11,0.0002,0.0002,-0.01
T10972,Power Systems Fault Detection,30,37,7,0.0002,0.0002,0.0
T10271,Seismic Imaging and Inversion Techniques,40,27,-13,0.0002,0.0002,-0.01
T11298,Synthesis and Properties of Aromatic Compounds,28,39,11,0.0002,0.0002,0.01
T11291,Intraocular Surgery and Lenses,34,33,-1,0.0002,0.0002,-0.0
T10809,Occupational Health and Safety Research,34,33,-1,0.0002,0.0002,-0.0
T11357,Risk and Safety Analysis,36,31,-5,0.0002,0.0002,-0.0
T11908,Protein Interaction Studies and Fluorescence Analysis,19,48,29,0.0001,0.0003,0.02
T14386,"Libraries, Manuscripts, and Books",3,64,61,0.0,0.0004,0.04
T11738,Ultrasound in Clinical Applications,40,26,-14,0.0002,0.0002,-0.01
T12766,Interdisciplinary Research and Collaboration,22,44,22,0.0001,0.0003,0.01
T11043,Merger and Competition Analysis,25,41,16,0.0002,0.0003,0.01
T12716,Congenital Anomalies and Fetal Surgery,32,34,2,0.0002,0.0002,0.0
T11289,Single-cell and spatial transcriptomics,39,27,-12,0.0002,0.0002,-0.01
T11340,Marine Sponges and Natural Products,47,19,-28,0.0003,0.0001,-0.02
T13633,Public Health and Social Inequalities,3,63,60,0.0,0.0004,0.04
T11430,Disaster Response and Management,36,30,-6,0.0002,0.0002,-0.0
T10982,Motor Control and Adaptation,19,47,28,0.0001,0.0003,0.02
T10382,Quantum and electron transport phenomena,41,25,-16,0.0003,0.0002,-0.01
T11339,"Metabolism, Diabetes, and Cancer",38,28,-10,0.0002,0.0002,-0.01
T10310,Corrosion Behavior and Inhibition,34,32,-2,0.0002,0.0002,-0.0
T10959,Student Assessment and Feedback,28,38,10,0.0002,0.0002,0.01
T13414,Radioactive Decay and Measurement Techniques,22,44,22,0.0001,0.0003,0.01
T10572,Geophysical and Geoelectrical Methods,36,30,-6,0.0002,0.0002,-0.0
T11509,Hip and Femur Fractures,38,28,-10,0.0002,0.0002,-0.01
T11684,Vibrio bacteria research studies,49,17,-32,0.0003,0.0001,-0.02
T11871,Advanced Statistical Methods and Models,44,22,-22,0.0003,0.0001,-0.01
T10818,Astrophysics and Cosmic Phenomena,37,28,-9,0.0002,0.0002,-0.01
T11148,"Language, Metaphor, and Cognition",54,11,-43,0.0003,0.0001,-0.03
T11124,Protein purification and stability,23,42,19,0.0001,0.0003,0.01
T12691,Coccidia and coccidiosis research,44,21,-23,0.0003,0.0001,-0.01
T11082,Spacecraft Dynamics and Control,15,50,35,0.0001,0.0003,0.02
T10675,Mechanical Circulatory Support Devices,26,39,13,0.0002,0.0002,0.01
T11310,Connective tissue disorders research,38,27,-11,0.0002,0.0002,-0.01
T12645,European history and politics,50,15,-35,0.0003,0.0001,-0.02
T13659,Ombudsman and Human Rights,36,29,-7,0.0002,0.0002,-0.0
T12554,Vitamin C and Antioxidants Research,57,8,-49,0.0004,0.0,-0.03
T11894,Radiology practices and education,37,28,-9,0.0002,0.0002,-0.01
T11990,Global Health Workforce Issues,41,24,-17,0.0003,0.0001,-0.01
T11703,"Rings, Modules, and Algebras",28,37,9,0.0002,0.0002,0.01
T13984,"Nutrition, Genetics, and Disease",57,7,-50,0.0004,0.0,-0.03
T12002,"Computability, Logic, AI Algorithms",57,7,-50,0.0004,0.0,-0.03
T11808,Superconducting Materials and Applications,49,15,-34,0.0003,0.0001,-0.02
T12909,French Historical and Cultural Studies,38,26,-12,0.0002,0.0002,-0.01
T10393,Economic Growth and Productivity,40,24,-16,0.0002,0.0001,-0.01
T12604,Glycogen Storage Diseases and Myoclonus,30,34,4,0.0002,0.0002,0.0
T10715,Distributed and Parallel Computing Systems,47,17,-30,0.0003,0.0001,-0.02
T10339,Advanced Numerical Methods in Computational Mathematics,27,37,10,0.0002,0.0002,0.01
T12396,Advanced Differential Equations and Dynamical Systems,38,26,-12,0.0002,0.0002,-0.01
T12557,Inorganic Chemistry and Materials,20,44,24,0.0001,0.0003,0.01
T11293,Orthopedic Infections and Treatments,30,34,4,0.0002,0.0002,0.0
T10212,Electrochemical sensors and biosensors,30,34,4,0.0002,0.0002,0.0
T11407,Innovative Microfluidic and Catalytic Techniques Innovation,48,16,-32,0.0003,0.0001,-0.02
T11292,Pediatric Pain Management Techniques,42,22,-20,0.0003,0.0001,-0.01
T10788,Neuroscience and Music Perception,37,27,-10,0.0002,0.0002,-0.01
T11397,"Populism, Right-Wing Movements",36,28,-8,0.0002,0.0002,-0.0
T11737,Advanced Materials and Mechanics,43,21,-22,0.0003,0.0001,-0.01
T10996,Computational Geometry and Mesh Generation,32,32,0,0.0002,0.0002,0.0
T14134,Medical and Biological Sciences,27,37,10,0.0002,0.0002,0.01
T14393,"Health, Environment, Cognitive Aging",61,3,-58,0.0004,0.0,-0.04
T11174,Pediatric Urology and Nephrology Studies,41,23,-18,0.0003,0.0001,-0.01
T11722,Patient Satisfaction in Healthcare,23,41,18,0.0001,0.0003,0.01
T10454,Optimal Power Flow Distribution,28,36,8,0.0002,0.0002,0.01
T13532,Education Systems and Policy,48,16,-32,0.0003,0.0001,-0.02
T11664,Fiber-reinforced polymer composites,16,48,32,0.0001,0.0003,0.02
T10331,Video Surveillance and Tracking Methods,30,33,3,0.0002,0.0002,0.0
T12544,Working Capital and Financial Performance,33,30,-3,0.0002,0.0002,-0.0
T10766,Urban Heat Island Mitigation,34,29,-5,0.0002,0.0002,-0.0
T10623,Thin-Film Transistor Technologies,34,29,-5,0.0002,0.0002,-0.0
T13495,Biographical and Historical Analysis,2,61,59,0.0,0.0004,0.04
T11070,Soviet and Russian History,26,37,11,0.0002,0.0002,0.01
T10722,Work-Family Balance Challenges,25,38,13,0.0002,0.0002,0.01
T10267,Higher Education Research Studies,20,43,23,0.0001,0.0003,0.01
T12499,"Diphtheria, Corynebacterium, and Tetanus",35,28,-7,0.0002,0.0002,-0.0
T11488,Climate Change Communication and Perception,41,22,-19,0.0003,0.0001,-0.01
T13575,Travel Writing and Literature,31,32,1,0.0002,0.0002,0.0
T11150,Endoplasmic Reticulum Stress and Disease,43,20,-23,0.0003,0.0001,-0.01
T12025,Hepatitis Viruses Studies and Epidemiology,33,30,-3,0.0002,0.0002,-0.0
T13297,History and advancements in chemistry,58,5,-53,0.0004,0.0,-0.03
T10906,AI-based Problem Solving and Planning,30,33,3,0.0002,0.0002,0.0
T12054,Menstrual Health and Disorders,26,37,11,0.0002,0.0002,0.01
T10400,Network Security and Intrusion Detection,27,36,9,0.0002,0.0002,0.01
T11822,Analytic and geometric function theory,14,49,35,0.0001,0.0003,0.02
T13004,Vitamin K Research Studies,39,24,-15,0.0002,0.0001,-0.01
T12646,Inorganic Fluorides and Related Compounds,57,6,-51,0.0004,0.0,-0.03
T11984,Anatomy and Medical Technology,37,26,-11,0.0002,0.0002,-0.01
T11640,Linguistic Variation and Morphology,40,22,-18,0.0002,0.0001,-0.01
T10390,Ovarian function and disorders,37,25,-12,0.0002,0.0002,-0.01
T12231,Contemporary Sociological Theory and Practice,31,31,0,0.0002,0.0002,0.0
T11313,Immune cells in cancer,35,27,-8,0.0002,0.0002,-0.0
T11185,Integrated Energy Systems Optimization,30,32,2,0.0002,0.0002,0.0
T11748,Organophosphorus compounds synthesis,23,39,16,0.0001,0.0002,0.01
T10947,Fluorine in Organic Chemistry,40,22,-18,0.0002,0.0001,-0.01
T12777,"Philosophy, History, and Historiography",17,45,28,0.0001,0.0003,0.02
T10343,"Hydrogels: synthesis, properties, applications",16,46,30,0.0001,0.0003,0.02
T10668,Endometrial and Cervical Cancer Treatments,29,33,4,0.0002,0.0002,0.0
T11371,Wind and Air Flow Studies,42,20,-22,0.0003,0.0001,-0.01
T11890,Scientific Measurement and Uncertainty Evaluation,40,22,-18,0.0002,0.0001,-0.01
T11793,"Recreation, Leisure, Wilderness Management",18,44,26,0.0001,0.0003,0.02
T11759,Occupational Therapy Practice and Research,35,27,-8,0.0002,0.0002,-0.0
T12840,Renal function and acid-base balance,46,16,-30,0.0003,0.0001,-0.02
T11253,Nail Diseases and Treatments,44,18,-26,0.0003,0.0001,-0.02
T13859,Organic Chemistry Synthesis Methods,12,50,38,0.0001,0.0003,0.02
T11432,Gender Politics and Representation,37,25,-12,0.0002,0.0002,-0.01
T10813,Sport Psychology and Performance,27,34,7,0.0002,0.0002,0.0
T11944,Participatory Visual Research Methods,36,25,-11,0.0002,0.0002,-0.01
T10386,Microstructure and Mechanical Properties of Steels,39,22,-17,0.0002,0.0001,-0.01
T13208,Synthesis of heterocyclic compounds,13,48,35,0.0001,0.0003,0.02
T12596,Cephalopods and Marine Biology,48,13,-35,0.0003,0.0001,-0.02
T10701,Radical Photochemical Reactions,33,28,-5,0.0002,0.0002,-0.0
T11441,Organoboron and organosilicon chemistry,27,34,7,0.0002,0.0002,0.0
T11433,Emotional Intelligence and Performance,41,20,-21,0.0003,0.0001,-0.01
T10464,Crystal structures of chemical compounds,6,55,49,0.0,0.0003,0.03
T10334,"Hearing, Cochlea, Tinnitus, Genetics",20,41,21,0.0001,0.0003,0.01
T11872,Barrier Structure and Function Studies,28,33,5,0.0002,0.0002,0.0
T12075,Sodium Intake and Health,33,28,-5,0.0002,0.0002,-0.0
T12150,Intestinal Malrotation and Obstruction Disorders,34,27,-7,0.0002,0.0002,-0.0
T11467,Trauma and Emergency Care Studies,39,22,-17,0.0002,0.0001,-0.01
T10458,Bladder and Urothelial Cancer Treatments,31,30,-1,0.0002,0.0002,-0.0
T12618,Botany and Plant Ecology Studies,32,29,-3,0.0002,0.0002,-0.0
T10694,Menopause: Health Impacts and Treatments,20,41,21,0.0001,0.0003,0.01
T10687,Innovative concrete reinforcement materials,30,31,1,0.0002,0.0002,0.0
T12526,Antimicrobial agents and applications,17,44,27,0.0001,0.0003,0.02
T10909,Edible Oils Quality and Analysis,11,50,39,0.0001,0.0003,0.02
T12022,Hydraulic flow and structures,23,38,15,0.0001,0.0002,0.01
T11337,Tryptophan and brain disorders,44,16,-28,0.0003,0.0001,-0.02
T11604,Ship Hydrodynamics and Maneuverability,20,40,20,0.0001,0.0002,0.01
T10759,Translation Studies and Practices,20,40,20,0.0001,0.0002,0.01
T11359,Effects of Radiation Exposure,28,32,4,0.0002,0.0002,0.0
T10790,Heavy Metal Exposure and Toxicity,19,41,22,0.0001,0.0003,0.01
T11351,Catalysis and Hydrodesulfurization Studies,44,16,-28,0.0003,0.0001,-0.02
T13123,Advances in Oncology and Radiotherapy,50,10,-40,0.0003,0.0001,-0.02
T11227,Diabetic Foot Ulcer Assessment and Management,43,17,-26,0.0003,0.0001,-0.02
T11138,Tribology and Lubrication Engineering,36,24,-12,0.0002,0.0001,-0.01
T11299,Problem and Project Based Learning,20,40,20,0.0001,0.0002,0.01
T11658,Esophageal and GI Pathology,36,24,-12,0.0002,0.0001,-0.01
T11212,Cultural Heritage Materials Analysis,26,34,8,0.0002,0.0002,0.01
T10989,Uterine Myomas and Treatments,36,24,-12,0.0002,0.0001,-0.01
T11713,Genital Health and Disease,32,28,-4,0.0002,0.0002,-0.0
T10768,Electric Vehicles and Infrastructure,25,35,10,0.0002,0.0002,0.01
T11601,Neuroscience and Neural Engineering,42,17,-25,0.0003,0.0001,-0.02
T11238,Simulation-Based Education in Healthcare,24,35,11,0.0001,0.0002,0.01
T12253,Urban Agriculture and Sustainability,37,22,-15,0.0002,0.0001,-0.01
T11680,Advanced Algebra and Geometry,32,27,-5,0.0002,0.0002,-0.0
T10551,Scheduling and Optimization Algorithms,35,24,-11,0.0002,0.0001,-0.01
T10922,Magnetic Properties and Synthesis of Ferrites,22,37,15,0.0001,0.0002,0.01
T11078,Inflammasome and immune disorders,34,25,-9,0.0002,0.0002,-0.01
T11535,Chemotherapy-induced cardiotoxicity and mitigation,30,29,-1,0.0002,0.0002,-0.0
T12233,Geotechnical Engineering and Underground Structures,42,17,-25,0.0003,0.0001,-0.02
T10894,Groundwater flow and contamination studies,30,29,-1,0.0002,0.0002,-0.0
T13552,Advanced Materials Characterization Techniques,41,18,-23,0.0003,0.0001,-0.01
T11222,Magnetic Properties and Applications,33,26,-7,0.0002,0.0002,-0.0
T11391,Theatre and Performance Studies,21,38,17,0.0001,0.0002,0.01
T11752,Cancer Treatment and Pharmacology,38,21,-17,0.0002,0.0001,-0.01
T10246,Mobile Ad Hoc Networks,43,15,-28,0.0003,0.0001,-0.02
T12071,Marine Biology and Environmental Chemistry,45,13,-32,0.0003,0.0001,-0.02
T13150,Study and Philosophy of Religion,2,56,54,0.0,0.0003,0.03
T10920,Advanced Drug Delivery Systems,23,35,12,0.0001,0.0002,0.01
T10542,Vestibular and auditory disorders,35,23,-12,0.0002,0.0001,-0.01
T10664,Sentiment Analysis and Opinion Mining,20,38,18,0.0001,0.0002,0.01
T13078,Political and Social Dynamics in Chile and Latin America,36,22,-14,0.0002,0.0001,-0.01
T10689,Remote-Sensing Image Classification,23,35,12,0.0001,0.0002,0.01
T11845,Cancer therapeutics and mechanisms,36,22,-14,0.0002,0.0001,-0.01
T12608,Spatial Neglect and Hemispheric Dysfunction,41,17,-24,0.0003,0.0001,-0.01
T11333,Climate change and permafrost,37,21,-16,0.0002,0.0001,-0.01
T11311,Soil and Water Nutrient Dynamics,36,22,-14,0.0002,0.0001,-0.01
T10088,Thermochemical Biomass Conversion Processes,18,40,22,0.0001,0.0002,0.01
T11832,Doctoral Education Challenges and Solutions,16,42,26,0.0001,0.0003,0.02
T11861,Thermal Regulation in Medicine,34,24,-10,0.0002,0.0001,-0.01
T11039,Evaluation of Teaching Practices,21,37,16,0.0001,0.0002,0.01
T11396,Artificial Intelligence in Healthcare,24,34,10,0.0001,0.0002,0.01
T11072,Peroxisome Proliferator-Activated Receptors,45,13,-32,0.0003,0.0001,-0.02
T10974,Advanced Queuing Theory Analysis,35,22,-13,0.0002,0.0001,-0.01
T11258,Breast Implant and Reconstruction,26,31,5,0.0002,0.0002,0.0
T12043,Insect behavior and control techniques,36,21,-15,0.0002,0.0001,-0.01
T12193,Trigeminal Neuralgia and Treatments,29,28,-1,0.0002,0.0002,-0.0
T11100,Intermetallics and Advanced Alloy Properties,36,21,-15,0.0002,0.0001,-0.01
T14021,Medieval European Literature and History,36,21,-15,0.0002,0.0001,-0.01
T12871,Healthcare Quality and Management,23,34,11,0.0001,0.0002,0.01
T10391,Healthcare Policy and Management,52,5,-47,0.0003,0.0,-0.03
T11950,Cardiovascular Syncope and Autonomic Disorders,34,23,-11,0.0002,0.0001,-0.01
T10907,International Student and Expatriate Challenges,28,29,1,0.0002,0.0002,0.0
T11824,Injury Epidemiology and Prevention,31,26,-5,0.0002,0.0002,-0.0
T11917,"Coagulation, Bradykinin, Polyphosphates, and Angioedema",33,24,-9,0.0002,0.0001,-0.01
T12860,Family and Patient Care in Intensive Care Units,30,27,-3,0.0002,0.0002,-0.0
T12471,History of Science and Natural History,21,36,15,0.0001,0.0002,0.01
T11606,Infrastructure Maintenance and Monitoring,35,22,-13,0.0002,0.0001,-0.01
T10229,Geometric Analysis and Curvature Flows,43,14,-29,0.0003,0.0001,-0.02
T11416,Numerical methods for differential equations,37,20,-17,0.0002,0.0001,-0.01
T11486,Micro and Nano Robotics,26,31,5,0.0002,0.0002,0.0
T10039,"Stellar, planetary, and galactic studies",26,31,5,0.0002,0.0002,0.0
T12027,Social Media in Health Education,37,20,-17,0.0002,0.0001,-0.01
T12367,Dental Trauma and Treatments,30,26,-4,0.0002,0.0002,-0.0
T12693,"Migration, Ethnicity, and Economy",50,6,-44,0.0003,0.0,-0.03
T10361,Silicon Carbide Semiconductor Technologies,22,34,12,0.0001,0.0002,0.01
T12063,Heat and Mass Transfer in Porous Media,24,32,8,0.0001,0.0002,0.01
T11988,Sustainable Building Design and Assessment,32,24,-8,0.0002,0.0001,-0.0
T10946,Radioactivity and Radon Measurements,30,26,-4,0.0002,0.0002,-0.0
T12506,Nuclear materials and radiation effects,33,23,-10,0.0002,0.0001,-0.01
T10734,Information and Cyber Security,24,32,8,0.0001,0.0002,0.01
T11276,Solar Radiation and Photovoltaics,27,29,2,0.0002,0.0002,0.0
T11369,Genetic factors in colorectal cancer,36,20,-16,0.0002,0.0001,-0.01
T10074,Carbon Nanotubes in Composites,38,18,-20,0.0002,0.0001,-0.01
T10945,Lysosomal Storage Disorders Research,24,32,8,0.0001,0.0002,0.01
T12212,CNS Lymphoma Diagnosis and Treatment,35,21,-14,0.0002,0.0001,-0.01
T12648,Academic Writing and Publishing,20,36,16,0.0001,0.0002,0.01
T10531,Advanced Vision and Imaging,28,28,0,0.0002,0.0002,0.0
T10444,Context-Aware Activity Recognition Systems,16,40,24,0.0001,0.0002,0.01
T11502,Facility Location and Emergency Management,23,33,10,0.0001,0.0002,0.01
T14399,Invertebrate Taxonomy and Ecology,21,35,14,0.0001,0.0002,0.01
T11520,Advanced Thermodynamics and Statistical Mechanics,44,11,-33,0.0003,0.0001,-0.02
T12350,Particle Dynamics in Fluid Flows,34,21,-13,0.0002,0.0001,-0.01
T10973,Radioactive element chemistry and processing,38,17,-21,0.0002,0.0001,-0.01
T11119,Urban Stormwater Management Solutions,27,28,1,0.0002,0.0002,0.0
T13199,Digestive system and related health,31,24,-7,0.0002,0.0001,-0.0
T11928,Genetic Syndromes and Imprinting,35,20,-15,0.0002,0.0001,-0.01
T11705,Gambling Behavior and Treatments,35,20,-15,0.0002,0.0001,-0.01
T13193,Geological Studies and Exploration,24,31,7,0.0001,0.0002,0.0
T10963,Advanced Optimization Algorithms Research,23,32,9,0.0001,0.0002,0.01
T13558,"Philosophy, Science, and History",27,28,1,0.0002,0.0002,0.0
T12383,Aeolian processes and effects,27,28,1,0.0002,0.0002,0.0
T10253,Sarcoma Diagnosis and Treatment,25,30,5,0.0002,0.0002,0.0
T10852,Temporomandibular Joint Disorders,28,27,-1,0.0002,0.0002,-0.0
T10936,Millimeter-Wave Propagation and Modeling,24,31,7,0.0001,0.0002,0.0
T10467,Psychometric Methodologies and Testing,6,49,43,0.0,0.0003,0.03
T10163,Metal complexes synthesis and properties,44,11,-33,0.0003,0.0001,-0.02
T10040,Adaptive Control of Nonlinear Systems,21,34,13,0.0001,0.0002,0.01
T11022,Spectral Theory in Mathematical Physics,20,35,15,0.0001,0.0002,0.01
T11747,Metal-Catalyzed Oxygenation Mechanisms,26,29,3,0.0002,0.0002,0.0
T10671,Gastroesophageal reflux and treatments,36,19,-17,0.0002,0.0001,-0.01
T11669,Head and Neck Surgical Oncology,33,22,-11,0.0002,0.0001,-0.01
T11812,Nasal Surgery and Airway Studies,29,26,-3,0.0002,0.0002,-0.0
T11151,Advanced Topology and Set Theory,31,24,-7,0.0002,0.0001,-0.0
T13163,Organizational Learning and Leadership,16,39,23,0.0001,0.0002,0.01
T10769,BRCA gene mutations in cancer,33,22,-11,0.0002,0.0001,-0.01
T11770,Fiscal Policy and Economic Growth,48,6,-42,0.0003,0.0,-0.03
T11042,Corruption and Economic Development,27,27,0,0.0002,0.0002,0.0
T13417,Biomedical Ethics and Regulation,41,13,-28,0.0003,0.0001,-0.02
T11975,Evolutionary Algorithms and Applications,35,19,-16,0.0002,0.0001,-0.01
T12537,Flow Measurement and Analysis,30,24,-6,0.0002,0.0001,-0.0
T10469,Psoriasis: Treatment and Pathogenesis,29,25,-4,0.0002,0.0002,-0.0
T10871,Catalytic Alkyne Reactions,23,31,8,0.0001,0.0002,0.01
T10283,Hearing Loss and Rehabilitation,35,19,-16,0.0002,0.0001,-0.01
T10124,Prostate Cancer Diagnosis and Treatment,27,27,0,0.0002,0.0002,0.0
T12306,Urban and Freight Transport Logistics,30,24,-6,0.0002,0.0001,-0.0
T10774,Weed Control and Herbicide Applications,10,44,34,0.0001,0.0003,0.02
T12365,Effects of Environmental Stressors on Livestock,42,12,-30,0.0003,0.0001,-0.02
T11213,Genomic variations and chromosomal abnormalities,30,24,-6,0.0002,0.0001,-0.0
T13296,Physical Education and Sports Studies,0,54,54,0.0,0.0003,0.03
T10968,Statistical Distribution Estimation and Applications,18,36,18,0.0001,0.0002,0.01
T11205,Numerical methods in inverse problems,33,21,-12,0.0002,0.0001,-0.01
T13574,Family Support in Illness,45,9,-36,0.0003,0.0001,-0.02
T10571,Robotic Mechanisms and Dynamics,27,27,0,0.0002,0.0002,0.0
T11230,Innovative Energy Harvesting Technologies,18,36,18,0.0001,0.0002,0.01
T10840,High Temperature Alloys and Creep,26,28,2,0.0002,0.0002,0.0
T11649,Pharmaceutical industry and healthcare,29,25,-4,0.0002,0.0002,-0.0
T10740,Wind Turbine Control Systems,20,34,14,0.0001,0.0002,0.01
T11381,Infectious Diseases and Tuberculosis,31,22,-9,0.0002,0.0001,-0.01
T11779,Higher Education and Employability,24,29,5,0.0001,0.0002,0.0
T12081,Aerodynamics and Fluid Dynamics Research,36,17,-19,0.0002,0.0001,-0.01
T13116,Heat Transfer and Numerical Methods,10,43,33,0.0001,0.0003,0.02
T12341,Spanish Linguistics and Language Studies,23,30,7,0.0001,0.0002,0.0
T11123,Obsessive-Compulsive Spectrum Disorders,27,26,-1,0.0002,0.0002,-0.0
T10990,Infection Control and Ventilation,31,22,-9,0.0002,0.0001,-0.01
T11372,Hydraulic and Pneumatic Systems,35,18,-17,0.0002,0.0001,-0.01
T12274,Electrostatics and Colloid Interactions,24,29,5,0.0001,0.0002,0.0
T13727,Linguistic and Sociocultural Studies,10,43,33,0.0001,0.0003,0.02
T10326,Indoor and Outdoor Localization Technologies,33,20,-13,0.0002,0.0001,-0.01
T10863,Voice and Speech Disorders,29,24,-5,0.0002,0.0001,-0.0
T10520,Mycotoxins in Agriculture and Food,20,33,13,0.0001,0.0002,0.01
T11261,Quantum chaos and dynamical systems,40,13,-27,0.0002,0.0001,-0.02
T11665,Animal Vocal Communication and Behavior,38,15,-23,0.0002,0.0001,-0.01
T11850,Concrete Corrosion and Durability,31,22,-9,0.0002,0.0001,-0.01
T13604,"Adsorption, diffusion, and thermodynamic properties of materials",6,47,41,0.0,0.0003,0.03
T11650,Skin and Cellular Biology Research,31,22,-9,0.0002,0.0001,-0.01
T12759,Vehicle Noise and Vibration Control,11,42,31,0.0001,0.0003,0.02
T11049,Advanced Harmonic Analysis Research,10,43,33,0.0001,0.0003,0.02
T12831,School Health and Nursing Education,17,35,18,0.0001,0.0002,0.01
T10589,Early Childhood Education and Development,32,20,-12,0.0002,0.0001,-0.01
T10330,Hydrology and Watershed Management Studies,33,19,-14,0.0002,0.0001,-0.01
T12012,Diatoms and Algae Research,44,8,-36,0.0003,0.0,-0.02
T11280,Hemophilia Treatment and Research,26,26,0,0.0002,0.0002,0.0
T11161,Consumer Market Behavior and Pricing,33,19,-14,0.0002,0.0001,-0.01
T12811,"Aging, Health, and Disability",4,48,44,0.0,0.0003,0.03
T11052,Energy Load and Power Forecasting,32,20,-12,0.0002,0.0001,-0.01
T14090,Health and Conflict Studies,30,22,-8,0.0002,0.0001,-0.0
T14400,Medical Coding and Health Information,27,25,-2,0.0002,0.0002,-0.0
T11694,Fluid Dynamics Simulations and Interactions,34,18,-16,0.0002,0.0001,-0.01
T10777,Politics and Society in Latin America,28,24,-4,0.0002,0.0001,-0.0
T11854,Laser-induced spectroscopy and plasma,44,8,-36,0.0003,0.0,-0.02
T11175,Gyrotron and Vacuum Electronics Research,33,19,-14,0.0002,0.0001,-0.01
T10446,"Income, Poverty, and Inequality",15,37,22,0.0001,0.0002,0.01
T14238,Historical Gender and Feminism Studies,27,25,-2,0.0002,0.0002,-0.0
T11387,Ichthyology and Marine Biology,38,14,-24,0.0002,0.0001,-0.01
T11271,Myasthenia Gravis and Thymoma,34,18,-16,0.0002,0.0001,-0.01
T10471,Climate Change Policy and Economics,26,26,0,0.0002,0.0002,0.0
T11904,Spatial Cognition and Navigation,35,17,-18,0.0002,0.0001,-0.01
T13965,Laser and Thermal Forming Techniques,29,22,-7,0.0002,0.0001,-0.0
T10119,Sustainability and Climate Change Governance,18,33,15,0.0001,0.0002,0.01
T13145,Crime and Detective Fiction Studies,21,30,9,0.0001,0.0002,0.01
T12276,Risk Management in Financial Firms,27,24,-3,0.0002,0.0001,-0.0
T12377,Digital Humanities and Scholarship,25,26,1,0.0002,0.0002,0.0
T13275,Medical and Health Sciences Research,11,40,29,0.0001,0.0002,0.02
T12819,Environmental Philosophy and Ethics,17,34,17,0.0001,0.0002,0.01
T12441,Porphyrin Metabolism and Disorders,35,16,-19,0.0002,0.0001,-0.01
T10440,Advanced Thermoelectric Materials and Devices,30,21,-9,0.0002,0.0001,-0.01
T12552,Fetal and Pediatric Neurological Disorders,34,17,-17,0.0002,0.0001,-0.01
T11365,Islamic Finance and Banking Studies,37,14,-23,0.0002,0.0001,-0.01
T11942,Transportation and Mobility Innovations,38,13,-25,0.0002,0.0001,-0.02
T12599,Retinal and Optic Conditions,45,6,-39,0.0003,0.0,-0.02
T11963,Impact of Light on Environment and Health,39,12,-27,0.0002,0.0001,-0.02
T12194,Cultural Competency in Health Care,22,29,7,0.0001,0.0002,0.0
T10844,Radiation Dose and Imaging,25,26,1,0.0002,0.0002,0.0
T12187,Glutathione Transferases and Polymorphisms,25,26,1,0.0002,0.0002,0.0
T13174,American and British Literature Analysis,20,31,11,0.0001,0.0002,0.01
T11139,"Gout, Hyperuricemia, Uric Acid",26,25,-1,0.0002,0.0002,-0.0
T10877,Allergic Rhinitis and Sensitization,28,23,-5,0.0002,0.0001,-0.0
T11690,Advanced battery technologies research,24,27,3,0.0001,0.0002,0.0
T12006,Ergonomics and Musculoskeletal Disorders,23,27,4,0.0001,0.0002,0.0
T10266,Plant Water Relations and Carbon Dynamics,23,27,4,0.0001,0.0002,0.0
T11712,Intergenerational Family Dynamics and Caregiving,43,7,-36,0.0003,0.0,-0.02
T11982,Rhetoric and Communication Studies,18,32,14,0.0001,0.0002,0.01
T14451,Historical and Religious Studies of Rome,35,15,-20,0.0002,0.0001,-0.01
T12727,Differential Equations and Numerical Methods,21,29,8,0.0001,0.0002,0.01
T10731,Educational Games and Gamification,24,26,2,0.0001,0.0002,0.0
T11647,Workplace Violence and Bullying,23,27,4,0.0001,0.0002,0.0
T12778,History of Medicine and Tropical Health,8,42,34,0.0,0.0003,0.02
T10567,Vehicle Routing Optimization Methods,27,23,-4,0.0002,0.0001,-0.0
T13621,Ancient and Medieval Archaeology Studies,11,39,28,0.0001,0.0002,0.02
T11129,Photochemistry and Electron Transfer Studies,28,22,-6,0.0002,0.0001,-0.0
T14185,"Research, Science, and Academia",3,47,44,0.0,0.0003,0.03
T11431,Action Observation and Synchronization,32,18,-14,0.0002,0.0001,-0.01
T12020,Enhanced Recovery After Surgery,25,25,0,0.0002,0.0002,0.0
T11473,Appendicitis Diagnosis and Management,29,21,-8,0.0002,0.0001,-0.0
T10332,Amphibian and Reptile Biology,28,22,-6,0.0002,0.0001,-0.0
T13156,Historical Linguistics and Language Studies,37,13,-24,0.0002,0.0001,-0.01
T10540,Advanced Fluorescence Microscopy Techniques,13,37,24,0.0001,0.0002,0.01
T13667,French Literature and Criticism,12,38,26,0.0001,0.0002,0.02
T10433,Carcinogens and Genotoxicity Assessment,21,29,8,0.0001,0.0002,0.01
T12784,Modular Robots and Swarm Intelligence,34,16,-18,0.0002,0.0001,-0.01
T12090,Language and cultural evolution,25,25,0,0.0002,0.0002,0.0
T10459,Sexual function and dysfunction studies,24,26,2,0.0001,0.0002,0.0
T10616,Smart Agriculture and AI,18,32,14,0.0001,0.0002,0.01
T10385,Plant Diversity and Evolution,24,26,2,0.0001,0.0002,0.0
T10068,Technology Adoption and User Behaviour,23,27,4,0.0001,0.0002,0.0
T12230,Cardiovascular Issues in Pregnancy,37,12,-25,0.0002,0.0001,-0.02
T13393,Child Nutrition and Feeding Issues,35,14,-21,0.0002,0.0001,-0.01
T13404,Geological and Tectonic Studies in Latin America,15,34,19,0.0001,0.0002,0.01
T12921,European Criminal Justice and Data Protection,36,13,-23,0.0002,0.0001,-0.01
T12209,Bone and Joint Diseases,21,28,7,0.0001,0.0002,0.0
T11458,Advanced Wireless Communication Technologies,21,28,7,0.0001,0.0002,0.0
T12880,Qualitative Research Methods and Applications,17,32,15,0.0001,0.0002,0.01
T10670,Aluminum Alloy Microstructure Properties,29,20,-9,0.0002,0.0001,-0.01
T14149,Historical and Literary Analyses,19,30,11,0.0001,0.0002,0.01
T13340,Palliative and Oncologic Care,0,49,49,0.0,0.0003,0.03
T12980,Family Caregiving in Mental Illness,30,19,-11,0.0002,0.0001,-0.01
T11666,Color Science and Applications,19,30,11,0.0001,0.0002,0.01
T12364,Archaeological Research and Protection,42,7,-35,0.0003,0.0,-0.02
T10398,Groundwater and Isotope Geochemistry,34,15,-19,0.0002,0.0001,-0.01
T10480,Ionic liquids properties and applications,27,22,-5,0.0002,0.0001,-0.0
T12213,Marine Ecology and Invasive Species,41,8,-33,0.0003,0.0,-0.02
T10586,Robotic Path Planning Algorithms,27,22,-5,0.0002,0.0001,-0.0
T11085,Fungal Biology and Applications,48,1,-47,0.0003,0.0,-0.03
T11107,Selenium in Biological Systems,34,15,-19,0.0002,0.0001,-0.01
T10008,Teacher Education and Leadership Studies,18,31,13,0.0001,0.0002,0.01
T11847,Recycled Aggregate Concrete Performance,28,21,-7,0.0002,0.0001,-0.0
T10634,Food Allergy and Anaphylaxis Research,25,24,-1,0.0002,0.0001,-0.0
T12422,Radiomics and Machine Learning in Medical Imaging,36,13,-23,0.0002,0.0001,-0.01
T10504,Sensorless Control of Electric Motors,19,30,11,0.0001,0.0002,0.01
T13102,Soil and Environmental Studies,2,47,45,0.0,0.0003,0.03
T12965,Wildlife Conservation and Criminology Analyses,47,2,-45,0.0003,0.0,-0.03
T13453,Alkaline Phosphatase Research Studies,29,20,-9,0.0002,0.0001,-0.01
T11623,Hyperglycemia and glycemic control in critically ill and hospitalized patients,30,19,-11,0.0002,0.0001,-0.01
T10799,Data Visualization and Analytics,21,27,6,0.0001,0.0002,0.0
T12457,Ecocriticism and Environmental Literature,20,28,8,0.0001,0.0002,0.01
T10902,Complementary and Alternative Medicine Studies,24,24,0,0.0001,0.0001,0.0
T12142,Marine Invertebrate Physiology and Ecology,14,34,20,0.0001,0.0002,0.01
T11249,Wireless Power Transfer Systems,19,29,10,0.0001,0.0002,0.01
T12517,Seventeenth-Century Political and Philosophical Thought,9,39,30,0.0001,0.0002,0.02
T12343,Geography Education and Pedagogy,27,21,-6,0.0002,0.0001,-0.0
T13067,Geological Modeling and Analysis,28,20,-8,0.0002,0.0001,-0.0
T11539,Survey Methodology and Nonresponse,13,35,22,0.0001,0.0002,0.01
T11795,Humor Studies and Applications,27,21,-6,0.0002,0.0001,-0.0
T10646,Experimental Behavioral Economics Studies,34,14,-20,0.0002,0.0001,-0.01
T13215,Global Maritime and Colonial Histories,34,14,-20,0.0002,0.0001,-0.01
T12760,Laser Design and Applications,43,5,-38,0.0003,0.0,-0.02
T12964,"Diet, Metabolism, and Disease",37,11,-26,0.0002,0.0001,-0.02
T10860,Speech and Audio Processing,23,25,2,0.0001,0.0002,0.0
T11603,Dust and Plasma Wave Phenomena,21,27,6,0.0001,0.0002,0.0
T10011,"Literature: history, themes, analysis",36,12,-24,0.0002,0.0001,-0.01
T11362,Membrane Separation and Gas Transport,21,27,6,0.0001,0.0002,0.0
T12402,Travel-related health issues,28,20,-8,0.0002,0.0001,-0.0
T10484,Wood Treatment and Properties,24,24,0,0.0001,0.0001,0.0
T12361,Study of Mite Species,20,28,8,0.0001,0.0002,0.01
T10314,Social and Intergroup Psychology,24,24,0,0.0001,0.0001,0.0
T10812,Human Pose and Action Recognition,23,25,2,0.0001,0.0002,0.0
T14162,Historical and Literary Studies,47,0,-47,0.0003,0.0,-0.03
T12205,Time Series Analysis and Forecasting,20,27,7,0.0001,0.0002,0.0
T12484,Retinopathy of Prematurity Studies,27,20,-7,0.0002,0.0001,-0.0
T11054,Adrenal and Paraganglionic Tumors,20,27,7,0.0001,0.0002,0.0
T11772,Genetics and Neurodevelopmental Disorders,34,13,-21,0.0002,0.0001,-0.01
T13946,Musculoskeletal Disorders and Rehabilitation,33,14,-19,0.0002,0.0001,-0.01
T11268,Light effects on plants,22,25,3,0.0001,0.0002,0.0
T10663,Advanced Battery Technologies Research,26,21,-5,0.0002,0.0001,-0.0
T11461,Local Government Finance and Decentralization,21,26,5,0.0001,0.0002,0.0
T12794,Adaptive Dynamic Programming Control,1,46,45,0.0,0.0003,0.03
T11892,Kawasaki Disease and Coronary Complications,28,19,-9,0.0002,0.0001,-0.01
T13767,Leech Biology and Applications,25,22,-3,0.0002,0.0001,-0.0
T10370,Traffic and Road Safety,19,28,9,0.0001,0.0002,0.01
T10876,Fault Detection and Control Systems,39,8,-31,0.0002,0.0,-0.02
T11638,Cardiac tumors and thrombi,26,21,-5,0.0002,0.0001,-0.0
T11558,Composite Material Mechanics,25,22,-3,0.0002,0.0001,-0.0
T11706,Forensic Entomology and Diptera Studies,33,14,-19,0.0002,0.0001,-0.01
T11122,Online Learning and Analytics,32,15,-17,0.0002,0.0001,-0.01
T12155,Microwave Dielectric Ceramics Synthesis,27,20,-7,0.0002,0.0001,-0.0
T11255,Microfluidic and Bio-sensing Technologies,30,17,-13,0.0002,0.0001,-0.01
T11186,Hydrology and Drought Analysis,32,15,-17,0.0002,0.0001,-0.01
T10024,TiO2 Photocatalysis and Solar Cells,11,36,25,0.0001,0.0002,0.02
T12116,Dermatological diseases and infestations,20,27,7,0.0001,0.0002,0.0
T12953,Critical Realism in Sociology,27,20,-7,0.0002,0.0001,-0.0
T12119,Linguistics and Discourse Analysis,13,34,21,0.0001,0.0002,0.01
T10755,HER2/EGFR in Cancer Research,24,23,-1,0.0001,0.0001,-0.0
T11462,Museums and Cultural Heritage,19,28,9,0.0001,0.0002,0.01
T10076,Plant-Microbe Interactions and Immunity,13,34,21,0.0001,0.0002,0.01
T10537,Attention Deficit Hyperactivity Disorder,29,18,-11,0.0002,0.0001,-0.01
T13487,Statistical and numerical algorithms,7,40,33,0.0,0.0002,0.02
T11335,Prion Diseases and Protein Misfolding,26,21,-5,0.0002,0.0001,-0.0
T11415,Noncommutative and Quantum Gravity Theories,22,25,3,0.0001,0.0002,0.0
T12023,Cholinesterase and Neurodegenerative Diseases,25,22,-3,0.0002,0.0001,-0.0
T10494,Plant Virus Research Studies,34,13,-21,0.0002,0.0001,-0.01
T11895,Social and Cultural Dynamics,26,20,-6,0.0002,0.0001,-0.0
T11855,Gastrointestinal disorders and treatments,34,12,-22,0.0002,0.0001,-0.01
T10899,Advanced Operator Algebra Research,16,30,14,0.0001,0.0002,0.01
T12536,Topological and Geometric Data Analysis,30,16,-14,0.0002,0.0001,-0.01
T11512,Anomaly Detection Techniques and Applications,32,14,-18,0.0002,0.0001,-0.01
T11835,Sustainability in Higher Education,19,27,8,0.0001,0.0002,0.01
T10470,Usability and User Interface Design,21,25,4,0.0001,0.0002,0.0
T12463,Amoebic Infections and Treatments,27,19,-8,0.0002,0.0001,-0.0
T10079,Nanoparticles: synthesis and applications,24,22,-2,0.0001,0.0001,-0.0
T10698,Transportation Planning and Optimization,16,30,14,0.0001,0.0002,0.01
T12518,Diverticular Disease and Complications,31,15,-16,0.0002,0.0001,-0.01
T14032,History and International Relations,0,46,46,0.0,0.0003,0.03
T11395,Radiopharmaceutical Chemistry and Applications,18,28,10,0.0001,0.0002,0.01
T10256,Drug Solubulity and Delivery Systems,14,32,18,0.0001,0.0002,0.01
T13855,Aerospace Engineering and Control Systems,17,29,12,0.0001,0.0002,0.01
T11231,Microbial Fuel Cells and Bioremediation,25,21,-4,0.0002,0.0001,-0.0
T10509,"Religion, Spirituality, and Psychology",25,21,-4,0.0002,0.0001,-0.0
T12594,Collaboration in agile enterprises,19,27,8,0.0001,0.0002,0.01
T11515,Bacillus and Francisella bacterial research,28,18,-10,0.0002,0.0001,-0.01
T13519,Historical Architecture and Urbanism,12,34,22,0.0001,0.0002,0.01
T12467,Rangeland Management and Livestock Ecology,34,12,-22,0.0002,0.0001,-0.01
T12061,Axon Guidance and Neuronal Signaling,19,26,7,0.0001,0.0002,0.0
T12028,Knowledge Management and Sharing,26,19,-7,0.0002,0.0001,-0.0
T11593,Carbon dioxide utilization in catalysis,37,8,-29,0.0002,0.0,-0.02
T12564,Sensor Technology and Measurement Systems,27,18,-9,0.0002,0.0001,-0.01
T11992,CCD and CMOS Imaging Sensors,37,8,-29,0.0002,0.0,-0.02
T10614,Transcranial Magnetic Stimulation Studies,25,20,-5,0.0002,0.0001,-0.0
T11363,Dental Radiography and Imaging,27,18,-9,0.0002,0.0001,-0.01
T10710,Arsenic contamination and mitigation,24,21,-3,0.0001,0.0001,-0.0
T12674,"Rabbits: Nutrition, Reproduction, Health",36,9,-27,0.0002,0.0001,-0.02
T11730,Autoimmune Bullous Skin Diseases,30,15,-15,0.0002,0.0001,-0.01
T10275,2D Materials and Applications,18,27,9,0.0001,0.0002,0.01
T12283,Latin American history and culture,13,32,19,0.0001,0.0002,0.01
T13355,Marketing and Advertising Strategies,6,39,33,0.0,0.0002,0.02
T12673,Microbial Metabolism and Applications,10,35,25,0.0001,0.0002,0.02
T11065,Insect Pest Control Strategies,30,15,-15,0.0002,0.0001,-0.01
T12143,Place Attachment and Urban Studies,17,28,11,0.0001,0.0002,0.01
T12353,Lexicography and Language Studies,24,21,-3,0.0001,0.0001,-0.0
T11442,Titanium Alloys Microstructure and Properties,10,35,25,0.0001,0.0002,0.02
T14249,Water Quality Monitoring and Analysis,28,17,-11,0.0002,0.0001,-0.01
T11725,Immunodeficiency and Autoimmune Disorders,29,16,-13,0.0002,0.0001,-0.01
T11839,Hormonal Regulation and Hypertension,39,6,-33,0.0002,0.0,-0.02
T11104,"Memory, Trauma, and Commemoration",17,28,11,0.0001,0.0002,0.01
T11977,Technology Use by Older Adults,20,25,5,0.0001,0.0002,0.0
T10987,Microfinance and Financial Inclusion,22,23,1,0.0001,0.0001,0.0
T12126,Maritime Transport Emissions and Efficiency,21,24,3,0.0001,0.0001,0.0
T11069,Testicular diseases and treatments,27,18,-9,0.0002,0.0001,-0.01
T11587,Second Language Acquisition and Learning,22,22,0,0.0001,0.0001,0.0
T10466,Meteorological Phenomena and Simulations,25,19,-6,0.0002,0.0001,-0.0
T11437,Digital Platforms and Economics,23,21,-2,0.0001,0.0001,-0.0
T10721,Surfactants and Colloidal Systems,17,27,10,0.0001,0.0002,0.01
T10104,Nanofluid Flow and Heat Transfer,44,0,-44,0.0003,0.0,-0.03
T11436,Entomopathogenic Microorganisms in Pest Control,15,29,14,0.0001,0.0002,0.01
T10608,Neurogenesis and neuroplasticity mechanisms,14,30,16,0.0001,0.0002,0.01
T11295,Counseling Practices and Supervision,22,22,0,0.0001,0.0001,0.0
T12296,Autopsy Techniques and Outcomes,27,17,-10,0.0002,0.0001,-0.01
T11279,Lanthanide and Transition Metal Complexes,29,15,-14,0.0002,0.0001,-0.01
T13923,Nuclear and radioactivity studies,34,10,-24,0.0002,0.0001,-0.01
T12524,Chemical Synthesis and Characterization,36,8,-28,0.0002,0.0,-0.02
T11922,Cardiovascular Effects of Exercise,32,12,-20,0.0002,0.0001,-0.01
T12553,Psychedelics and Drug Studies,17,27,10,0.0001,0.0002,0.01
T10392,Cutaneous Melanoma Detection and Management,26,18,-8,0.0002,0.0001,-0.0
T12266,Byzantine Studies and History,30,14,-16,0.0002,0.0001,-0.01
T12494,Alcoholism and Thiamine Deficiency,24,20,-4,0.0001,0.0001,-0.0
T12919,Blood disorders and treatments,35,9,-26,0.0002,0.0001,-0.02
T11331,Fecal contamination and water quality,13,31,18,0.0001,0.0002,0.01
T12793,Caveolin-1 and cellular processes,31,13,-18,0.0002,0.0001,-0.01
T11091,Extraction and Separation Processes,24,20,-4,0.0001,0.0001,-0.0
T10811,Hydrogen Storage and Materials,20,24,4,0.0001,0.0001,0.0
T10627,Advanced Image and Video Retrieval Techniques,24,20,-4,0.0001,0.0001,-0.0
T12918,Healthcare Systems and Technology,29,14,-15,0.0002,0.0001,-0.01
T10481,Computer Graphics and Visualization Techniques,26,17,-9,0.0002,0.0001,-0.01
T11633,Prenatal Substance Exposure Effects,28,15,-13,0.0002,0.0001,-0.01
T13465,"Graphite, nuclear technology, radiation studies",29,14,-15,0.0002,0.0001,-0.01
T10141,Probiotics and Fermented Foods,25,18,-7,0.0002,0.0001,-0.0
T11247,Plant nutrient uptake and metabolism,16,27,11,0.0001,0.0002,0.01
T12783,"Migration, Aging, and Tourism Studies",38,5,-33,0.0002,0.0,-0.02
T12574,Clinical Reasoning and Diagnostic Skills,25,18,-7,0.0002,0.0001,-0.0
T12252,Mechanical stress and fatigue analysis,35,8,-27,0.0002,0.0,-0.02
T10682,Quantum Computing Algorithms and Architecture,18,25,7,0.0001,0.0002,0.0
T12595,Romani and Gypsy Studies,22,21,-1,0.0001,0.0001,-0.0
T12379,Cancer Diagnosis and Treatment,31,12,-19,0.0002,0.0001,-0.01
T11924,Polyamine Metabolism and Applications,32,11,-21,0.0002,0.0001,-0.01
T11717,Postcolonial and Cultural Literary Studies,16,27,11,0.0001,0.0002,0.01
T12951,Burkholderia infections and melioidosis,10,33,23,0.0001,0.0002,0.01
T11735,Peripheral Neuropathies and Disorders,22,21,-1,0.0001,0.0001,-0.0
T12429,Chemotherapy-induced organ toxicity mitigation,24,19,-5,0.0001,0.0001,-0.0
T11529,Refrigeration and Air Conditioning Technologies,22,21,-1,0.0001,0.0001,-0.0
T12337,Italian Fascism and Post-war Society,41,2,-39,0.0003,0.0,-0.02
T13397,Hallucinations in medical conditions,17,25,8,0.0001,0.0002,0.01
T11435,Polynomial and algebraic computation,29,13,-16,0.0002,0.0001,-0.01
T11596,Constraint Satisfaction and Optimization,31,11,-20,0.0002,0.0001,-0.01
T11556,"Poverty, Education, and Child Welfare",29,13,-16,0.0002,0.0001,-0.01
T14051,Regional Economic and Spatial Analysis,6,36,30,0.0,0.0002,0.02
T12470,Caribbean and African Literature and Culture,21,21,0,0.0001,0.0001,0.0
T13993,Historical Geopolitical and Social Dynamics,23,19,-4,0.0001,0.0001,-0.0
T10149,Anthropological Studies and Insights,28,14,-14,0.0002,0.0001,-0.01
T13018,Seismology and Earthquake Studies,27,15,-12,0.0002,0.0001,-0.01
T14180,"Law, logistics, and international trade",36,6,-30,0.0002,0.0,-0.02
T11195,Simulation Techniques and Applications,26,16,-10,0.0002,0.0001,-0.01
T12606,Diptera species taxonomy and behavior,1,41,40,0.0,0.0003,0.02
T13728,"Crime, Deviance, and Social Control",12,30,18,0.0001,0.0002,0.01
T13938,Historical and Contemporary Political Dynamics,35,7,-28,0.0002,0.0,-0.02
T10704,Advancements in Transdermal Drug Delivery,19,23,4,0.0001,0.0001,0.0
T11283,Experimental Learning in Engineering,34,8,-26,0.0002,0.0,-0.02
T12169,Non-Destructive Testing Techniques,36,6,-30,0.0002,0.0,-0.02
T11715,Education and Critical Thinking Development,35,7,-28,0.0002,0.0,-0.02
T11775,COVID-19 diagnosis using AI,31,11,-20,0.0002,0.0001,-0.01
T10274,Synthesis and biological activity,27,15,-12,0.0002,0.0001,-0.01
T12576,vaccines and immunoinformatics approaches,23,19,-4,0.0001,0.0001,-0.0
T12812,Meromorphic and Entire Functions,29,13,-16,0.0002,0.0001,-0.01
T12097,Aquatic Invertebrate Ecology and Behavior,41,1,-40,0.0003,0.0,-0.02
T11115,Topology Optimization in Engineering,21,21,0,0.0001,0.0001,0.0
T10188,Advanced machining processes and optimization,20,22,2,0.0001,0.0001,0.0
T11013,Skin Protection and Aging,23,19,-4,0.0001,0.0001,-0.0
T12639,Global Energy and Sustainability Research,35,7,-28,0.0002,0.0,-0.02
T12867,Advanced Biosensing Techniques and Applications,20,22,2,0.0001,0.0001,0.0
T14141,Colonial History and Postcolonial Studies,10,32,22,0.0001,0.0002,0.01
T11355,Inflammatory Biomarkers in Disease Prognosis,23,18,-5,0.0001,0.0001,-0.0
T12906,Surgical Sutures and Adhesives,26,15,-11,0.0002,0.0001,-0.01
T14207,Higher Education Practises and Engagement,35,6,-29,0.0002,0.0,-0.02
T10636,Innovative Teaching and Learning Methods,28,13,-15,0.0002,0.0001,-0.01
T13922,Historical Art and Culture Studies,36,5,-31,0.0002,0.0,-0.02
T11967,Electrolyte and hormonal disorders,29,12,-17,0.0002,0.0001,-0.01
T11995,"FinTech, Crowdfunding, Digital Finance",28,13,-15,0.0002,0.0001,-0.01
T11651,Inhalation and Respiratory Drug Delivery,29,12,-17,0.0002,0.0001,-0.01
T12735,Blood donation and transfusion practices,21,20,-1,0.0001,0.0001,-0.0
T10953,E-Government and Public Services,10,31,21,0.0001,0.0002,0.01
T11383,Advanced Antenna and Metasurface Technologies,21,20,-1,0.0001,0.0001,-0.0
T10333,Meat and Animal Product Quality,32,9,-23,0.0002,0.0001,-0.01
T11814,Advanced Manufacturing and Logistics Optimization,31,10,-21,0.0002,0.0001,-0.01
T12572,"Intelligence, Security, War Strategy",29,12,-17,0.0002,0.0001,-0.01
T10513,Natural Fiber Reinforced Composites,20,21,1,0.0001,0.0001,0.0
T11266,Neuroinflammation and Neurodegeneration Mechanisms,30,11,-19,0.0002,0.0001,-0.01
T12046,MXene and MAX Phase Materials,29,12,-17,0.0002,0.0001,-0.01
T11896,Opportunistic and Delay-Tolerant Networks,40,1,-39,0.0002,0.0,-0.02
T11305,"Amyloidosis: Diagnosis, Treatment, Outcomes",22,19,-3,0.0001,0.0001,-0.0
T10576,Opioid Use Disorder Treatment,20,21,1,0.0001,0.0001,0.0
T10406,Planetary Science and Exploration,27,14,-13,0.0002,0.0001,-0.01
T12076,Renaissance and Early Modern Studies,19,22,3,0.0001,0.0001,0.0
T12141,Fluid Dynamics and Thin Films,16,25,9,0.0001,0.0002,0.01
T11422,Burn Injury Management and Outcomes,22,19,-3,0.0001,0.0001,-0.0
T12381,Electron Spin Resonance Studies,19,22,3,0.0001,0.0001,0.0
T12029,DNA and Biological Computing,21,20,-1,0.0001,0.0001,-0.0
T12185,Regulation and Compliance Studies,19,22,3,0.0001,0.0001,0.0
T14459,Synthesis and Reactions of Organic Compounds,36,4,-32,0.0002,0.0,-0.02
T10984,Sinusitis and nasal conditions,22,18,-4,0.0001,0.0001,-0.0
T11278,Calcium Carbonate Crystallization and Inhibition,22,18,-4,0.0001,0.0001,-0.0
T10929,Wnt/β-catenin signaling in development and cancer,21,19,-2,0.0001,0.0001,-0.0
T10686,Effects and risks of endocrine disrupting chemicals,20,20,0,0.0001,0.0001,0.0
T11413,Risk and Portfolio Optimization,19,21,2,0.0001,0.0001,0.0
T14311,Electrical and Electromagnetic Research,4,36,32,0.0,0.0002,0.02
T10541,Nonlinear Differential Equations Analysis,6,34,28,0.0,0.0002,0.02
T13605,"Homicide, Infanticide, and Child Abuse",28,12,-16,0.0002,0.0001,-0.01
T11514,Disability Education and Employment,13,27,14,0.0001,0.0002,0.01
T13555,"Healthcare cost, quality, practices",31,9,-22,0.0002,0.0001,-0.01
T11886,Agricultural risk and resilience,29,11,-18,0.0002,0.0001,-0.01
T11841,Nuclear Structure and Function,23,17,-6,0.0001,0.0001,-0.0
T12117,Muscle and Compartmental Disorders,19,21,2,0.0001,0.0001,0.0
T10738,Posthumanist Ethics and Activism,22,18,-4,0.0001,0.0001,-0.0
T11801,Reservoir Engineering and Simulation Methods,32,8,-24,0.0002,0.0,-0.01
T10733,Wheat and Barley Genetics and Pathology,19,21,2,0.0001,0.0001,0.0
T13253,Chemical Reactions and Mechanisms,15,25,10,0.0001,0.0002,0.01
T13427,Latin American Literature Analysis,3,37,34,0.0,0.0002,0.02
T13252,Sex and Gender in Healthcare,17,23,6,0.0001,0.0001,0.0
T11563,Indian and Buddhist Studies,16,24,8,0.0001,0.0001,0.0
T13806,Mathematical and Computational Methods,2,38,36,0.0,0.0002,0.02
T12111,Industrial Vision Systems and Defect Detection,16,24,8,0.0001,0.0001,0.0
T11453,Diagnosis and Treatment of Venous Diseases,23,16,-7,0.0001,0.0001,-0.0
T12897,Structural Analysis of Composite Materials,35,4,-31,0.0002,0.0,-0.02
T10070,Political Conflict and Governance,15,24,9,0.0001,0.0001,0.01
T10975,Bone Tumor Diagnosis and Treatments,24,15,-9,0.0001,0.0001,-0.01
T10893,Chinese history and philosophy,29,10,-19,0.0002,0.0001,-0.01
T10057,Face and Expression Recognition,21,18,-3,0.0001,0.0001,-0.0
T12351,Geometry and complex manifolds,25,14,-11,0.0002,0.0001,-0.01
T12458,Organometallic Compounds Synthesis and Characterization,22,17,-5,0.0001,0.0001,-0.0
T12688,Microbial metabolism and enzyme function,6,33,27,0.0,0.0002,0.02
T14089,Nanotechnology research and applications,15,24,9,0.0001,0.0001,0.01
T11727,Advanced Algebra and Logic,34,5,-29,0.0002,0.0,-0.02
T11507,Religion and Society Interactions,30,9,-21,0.0002,0.0001,-0.01
T10677,Attachment and Relationship Dynamics,19,20,1,0.0001,0.0001,0.0
T13291,Political Theory and Democracy,6,33,27,0.0,0.0002,0.02
T10500,Sparse and Compressive Sensing Techniques,23,16,-7,0.0001,0.0001,-0.0
T13970,Pharmacy and Medical Practices,4,35,31,0.0,0.0002,0.02
T13304,Synthesis and Reactivity of Sulfur-Containing Compounds,13,26,13,0.0001,0.0002,0.01
T11916,Legionella and Acanthamoeba research,24,15,-9,0.0001,0.0001,-0.01
T11875,Statistics Education and Methodologies,22,17,-5,0.0001,0.0001,-0.0
T10461,Gas Sensing Nanomaterials and Sensors,27,12,-15,0.0002,0.0001,-0.01
T10797,Accounting and Organizational Management,23,16,-7,0.0001,0.0001,-0.0
T11492,Academic integrity and plagiarism,14,25,11,0.0001,0.0002,0.01
T12715,Pregnancy-related medical research,30,9,-21,0.0002,0.0001,-0.01
T13802,Vietnamese History and Culture Studies,37,2,-35,0.0002,0.0,-0.02
T10530,Magnesium Alloys: Properties and Applications,32,7,-25,0.0002,0.0,-0.02
T10228,Multilevel Inverters and Converters,24,15,-9,0.0001,0.0001,-0.01
T10803,Innovative Human-Technology Interaction,18,21,3,0.0001,0.0001,0.0
T12392,Sharing Economy and Platforms,26,13,-13,0.0002,0.0001,-0.01
T11852,Clay minerals and soil interactions,28,11,-17,0.0002,0.0001,-0.01
T11878,Solid-state spectroscopy and crystallography,24,15,-9,0.0001,0.0001,-0.01
T12085,Collagen: Extraction and Characterization,23,16,-7,0.0001,0.0001,-0.0
T10329,Thyroid Cancer Diagnosis and Treatment,24,15,-9,0.0001,0.0001,-0.01
T13146,Sustainable Finance and Green Bonds,13,26,13,0.0001,0.0002,0.01
T10575,Wireless Communication Networks Research,27,12,-15,0.0002,0.0001,-0.01
T13831,Archaeological and Geological Studies,7,32,25,0.0,0.0002,0.02
T11592,Phenomenology and Existential Philosophy,11,28,17,0.0001,0.0002,0.01
T11272,Nanowire Synthesis and Applications,22,17,-5,0.0001,0.0001,-0.0
T11912,Outsourcing and Supply Chain Management,22,17,-5,0.0001,0.0001,-0.0
T13695,"Aging, Elder Care, and Social Issues",5,34,29,0.0,0.0002,0.02
T12324,History of Medicine Studies,22,16,-6,0.0001,0.0001,-0.0
T13234,advanced mathematical theories,30,8,-22,0.0002,0.0,-0.01
T13229,Gothic Literature and Media Analysis,16,22,6,0.0001,0.0001,0.0
T12263,Peacebuilding and International Security,21,17,-4,0.0001,0.0001,-0.0
T12786,Innovation and Socioeconomic Development,30,8,-22,0.0002,0.0,-0.01
T11378,Gastrointestinal Bleeding Diagnosis and Treatment,15,23,8,0.0001,0.0001,0.0
T13739,Medieval and Early Modern Justice,3,35,32,0.0,0.0002,0.02
T11979,Garlic and Onion Studies,23,15,-8,0.0001,0.0001,-0.0
T12418,Respiratory and Cough-Related Research,25,13,-12,0.0002,0.0001,-0.01
T13765,Social Science and Policy Research,34,4,-30,0.0002,0.0,-0.02
T11503,Cytokine Signaling Pathways and Interactions,26,12,-14,0.0002,0.0001,-0.01
T11306,Nonmelanoma Skin Cancer Studies,21,17,-4,0.0001,0.0001,-0.0
T11526,Innovative Teaching Methods,21,17,-4,0.0001,0.0001,-0.0
T12806,Ocean Acidification Effects and Responses,29,9,-20,0.0002,0.0001,-0.01
T12501,Digital Economy and Work Transformation,29,9,-20,0.0002,0.0001,-0.01
T11574,Artificial Intelligence in Games,33,5,-28,0.0002,0.0,-0.02
T12335,"Sexuality, Behavior, and Technology",29,9,-20,0.0002,0.0001,-0.01
T11483,Tropical and Extratropical Cyclones Research,30,8,-22,0.0002,0.0,-0.01
T12256,Facilities and Workplace Management,19,19,0,0.0001,0.0001,0.0
T11111,Spectroscopy and Laser Applications,30,8,-22,0.0002,0.0,-0.01
T10850,Heat Transfer and Boiling Studies,18,20,2,0.0001,0.0001,0.0
T12005,Spaceflight effects on biology,24,14,-10,0.0001,0.0001,-0.01
T12713,Forest Ecology and Biodiversity Studies,21,17,-4,0.0001,0.0001,-0.0
T12096,Ectopic Pregnancy Diagnosis and Management,26,12,-14,0.0002,0.0001,-0.01
T10564,Wastewater Treatment and Nitrogen Removal,27,11,-16,0.0002,0.0001,-0.01
T12797,History of Computing Technologies,23,15,-8,0.0001,0.0001,-0.0
T14464,Community Development and Social Impact,33,5,-28,0.0002,0.0,-0.02
T11622,Maritime Navigation and Safety,23,15,-8,0.0001,0.0001,-0.0
T11116,"Trauma, Hemostasis, Coagulopathy, Resuscitation",28,9,-19,0.0002,0.0001,-0.01
T11102,HVDC Systems and Fault Protection,21,16,-5,0.0001,0.0001,-0.0
T11427,Elbow and Forearm Trauma Treatment,19,18,-1,0.0001,0.0001,-0.0
T13374,Hematological disorders and diagnostics,26,11,-15,0.0002,0.0001,-0.01
T12210,Policy Transfer and Learning,16,21,5,0.0001,0.0001,0.0
T12345,Adult and Continuing Education Topics,6,31,25,0.0,0.0002,0.02
T10666,Photonic Crystals and Applications,29,8,-21,0.0002,0.0,-0.01
T10900,Listeria monocytogenes in Food Safety,25,12,-13,0.0002,0.0001,-0.01
T11859,Educator Training and Historical Pedagogy,29,8,-21,0.0002,0.0,-0.01
T11087,Solidification and crystal growth phenomena,12,25,13,0.0001,0.0002,0.01
T13814,Cultural and political discourse analysis,4,33,29,0.0,0.0002,0.02
T13103,Middle East Politics and Society,9,28,19,0.0001,0.0002,0.01
T12026,Explainable Artificial Intelligence (XAI),13,24,11,0.0001,0.0001,0.01
T11635,Poisoning and overdose treatments,16,21,5,0.0001,0.0001,0.0
T12412,Enzyme function and inhibition,32,5,-27,0.0002,0.0,-0.02
T13842,Intellectual Property Law,12,25,13,0.0001,0.0002,0.01
T11303,Bayesian Modeling and Causal Inference,26,11,-15,0.0002,0.0001,-0.01
T11677,Congenital heart defects research,27,10,-17,0.0002,0.0001,-0.01
T11246,Sports injuries and prevention,24,13,-11,0.0001,0.0001,-0.01
T13035,Human Rights and Development,26,11,-15,0.0002,0.0001,-0.01
T11741,Flexible and Reconfigurable Manufacturing Systems,22,15,-7,0.0001,0.0001,-0.0
T10420,Intracranial Aneurysms: Treatment and Complications,21,16,-5,0.0001,0.0001,-0.0
T10248,Nonlinear Waves and Solitons,18,19,1,0.0001,0.0001,0.0
T14293,Biotechnology and Related Fields,29,8,-21,0.0002,0.0,-0.01
T11385,Natural product bioactivities and synthesis,24,13,-11,0.0001,0.0001,-0.01
T12655,Female Genital Mutilation/Cutting Issues,23,14,-9,0.0001,0.0001,-0.01
T10957,Photodynamic Therapy Research Studies,22,14,-8,0.0001,0.0001,-0.0
T11544,"Gender, Labor, and Family Dynamics",14,22,8,0.0001,0.0001,0.0
T13023,Synthesis of Organic Compounds,23,13,-10,0.0001,0.0001,-0.01
T12262,Hate Speech and Cyberbullying Detection,24,12,-12,0.0001,0.0001,-0.01
T14423,Military Technology and Strategies,34,2,-32,0.0002,0.0,-0.02
T13376,Criminal Law and Policy,5,31,26,0.0,0.0002,0.02
T11637,Advanced Semiconductor Detectors and Materials,15,21,6,0.0001,0.0001,0.0
T12299,Radiation Shielding Materials Analysis,7,29,22,0.0,0.0002,0.01
T11402,Vascular Malformations Diagnosis and Treatment,18,18,0,0.0001,0.0001,0.0
T10856,Intellectual Property and Patents,19,17,-2,0.0001,0.0001,-0.0
T11356,Pleural and Pulmonary Diseases,16,20,4,0.0001,0.0001,0.0
T13377,Ecosystem dynamics and resilience,18,18,0,0.0001,0.0001,0.0
T11466,Innovative Education and Learning Practices,12,24,12,0.0001,0.0001,0.01
T11686,Dendrimers and Hyperbranched Polymers,19,17,-2,0.0001,0.0001,-0.0
T11697,Numerical Methods and Algorithms,23,13,-10,0.0001,0.0001,-0.01
T12103,Cancer Risks and Factors,21,15,-6,0.0001,0.0001,-0.0
T11499,ICT Impact and Policies,24,12,-12,0.0001,0.0001,-0.01
T12728,Demographic Trends and Gender Preferences,31,5,-26,0.0002,0.0,-0.02
T12241,Children's Physical and Motor Development,26,10,-16,0.0002,0.0001,-0.01
T11449,Mechanical and Optical Resonators,33,3,-30,0.0002,0.0,-0.02
T13385,Infectious Diseases and Mycology,28,8,-20,0.0002,0.0,-0.01
T10637,Advanced Clustering Algorithms Research,12,24,12,0.0001,0.0001,0.01
T12708,Economic and Financial Impacts of Cancer,18,18,0,0.0001,0.0001,0.0
T12015,Photoacoustic and Ultrasonic Imaging,24,12,-12,0.0001,0.0001,-0.01
T11445,Origins and Evolution of Life,27,9,-18,0.0002,0.0001,-0.01
T11079,Creativity in Education and Neuroscience,27,9,-18,0.0002,0.0001,-0.01
T12423,Software Reliability and Analysis Research,24,12,-12,0.0001,0.0001,-0.01
T10985,Sleep and Wakefulness Research,27,9,-18,0.0002,0.0001,-0.01
T12359,Fern and Epiphyte Biology,19,17,-2,0.0001,0.0001,-0.0
T12679,Focus Groups and Qualitative Methods,20,16,-4,0.0001,0.0001,-0.0
T11634,Water Quality and Pollution Assessment,28,8,-20,0.0002,0.0,-0.01
T11729,Product Development and Customization,14,22,8,0.0001,0.0001,0.0
T10412,Microfluidic and Capillary Electrophoresis Applications,18,18,0,0.0001,0.0001,0.0
T10938,Phase Change Materials Research,19,17,-2,0.0001,0.0001,-0.0
T11552,"Global trade, sustainability, and social impact",22,13,-9,0.0001,0.0001,-0.01
T11768,Music Therapy and Health,21,14,-7,0.0001,0.0001,-0.0
T11785,Nausea and vomiting management,17,18,1,0.0001,0.0001,0.0
T11829,Mathematical Biology Tumor Growth,20,15,-5,0.0001,0.0001,-0.0
T10430,Software Engineering Techniques and Practices,12,23,11,0.0001,0.0001,0.01
T12182,Evolution and Science Education,24,11,-13,0.0001,0.0001,-0.01
T11670,Pressure Ulcer Prevention and Management,18,17,-1,0.0001,0.0001,-0.0
T12592,Opinion Dynamics and Social Influence,26,9,-17,0.0002,0.0001,-0.01
T12824,Infections and bacterial resistance,23,12,-11,0.0001,0.0001,-0.01
T10053,International Relations and Foreign Policy,9,26,17,0.0001,0.0002,0.01
T10999,Organ Transplantation Techniques and Outcomes,19,16,-3,0.0001,0.0001,-0.0
T11570,Periodontal Regeneration and Treatments,26,9,-17,0.0002,0.0001,-0.01
T12477,Toxin Mechanisms and Immunotoxins,25,10,-15,0.0002,0.0001,-0.01
T10203,Recommender Systems and Techniques,16,19,3,0.0001,0.0001,0.0
T12752,Global Peace and Security Dynamics,29,6,-23,0.0002,0.0,-0.01
T11696,Conflict Management and Negotiation,11,24,13,0.0001,0.0001,0.01
T12519,Cybercrime and Law Enforcement Studies,17,18,1,0.0001,0.0001,0.0
T12352,Heparin-Induced Thrombocytopenia and Thrombosis,26,9,-17,0.0002,0.0001,-0.01
T12671,Management and Marketing Education,13,22,9,0.0001,0.0001,0.01
T10954,Peripheral Nerve Disorders,20,15,-5,0.0001,0.0001,-0.0
T14499,Livestock Farming and Management,3,32,29,0.0,0.0002,0.02
T11455,Microbial Inactivation Methods,19,15,-4,0.0001,0.0001,-0.0
T11760,Plant responses to elevated CO2,20,14,-6,0.0001,0.0001,-0.0
T11459,Arctic and Antarctic ice dynamics,27,7,-20,0.0002,0.0,-0.01
T11329,Limits and Structures in Graph Theory,12,22,10,0.0001,0.0001,0.01
T12404,Mathematical Approximation and Integration,16,18,2,0.0001,0.0001,0.0
T11685,Zebrafish Biomedical Research Applications,15,19,4,0.0001,0.0001,0.0
T11833,Spinal Dysraphism and Malformations,16,18,2,0.0001,0.0001,0.0
T10321,Quantum Dots Synthesis And Properties,21,13,-8,0.0001,0.0001,-0.0
T13232,Laser-Ablation Synthesis of Nanoparticles,21,13,-8,0.0001,0.0001,-0.0
T10345,Hematopoietic Stem Cell Transplantation,12,22,10,0.0001,0.0001,0.01
T11058,Ethics in Business and Education,18,16,-2,0.0001,0.0001,-0.0
T10050,Multi-Criteria Decision Making,14,20,6,0.0001,0.0001,0.0
T11373,Sleep and Work-Related Fatigue,17,17,0,0.0001,0.0001,0.0
T11034,Digital Filter Design and Implementation,11,23,12,0.0001,0.0001,0.01
T11758,Organic and Molecular Conductors Research,17,17,0,0.0001,0.0001,0.0
T10191,Robotics and Sensor-Based Localization,19,15,-4,0.0001,0.0001,-0.0
T12616,Religious Education and Schools,25,9,-16,0.0002,0.0001,-0.01
T11257,Taxation and Compliance Studies,18,16,-2,0.0001,0.0001,-0.0
T10474,Material Dynamics and Properties,14,20,6,0.0001,0.0001,0.0
T12520,Psychology of Moral and Emotional Judgment,30,4,-26,0.0002,0.0,-0.02
T11479,Smart Cities and Technologies,18,16,-2,0.0001,0.0001,-0.0
T12640,Environmental DNA in Biodiversity Studies,24,10,-14,0.0001,0.0001,-0.01
T12788,Space Science and Extraterrestrial Life,29,5,-24,0.0002,0.0,-0.01
T12996,Cancer Research and Treatments,32,2,-30,0.0002,0.0,-0.02
T11925,Culinary Culture and Tourism,33,1,-32,0.0002,0.0,-0.02
T13430,Lipid metabolism and disorders,15,19,4,0.0001,0.0001,0.0
T12744,Medical Device Sterilization and Disinfection,11,23,12,0.0001,0.0001,0.01
T12089,Intestinal and Peritoneal Adhesions,24,10,-14,0.0001,0.0001,-0.01
T10952,PI3K/AKT/mTOR signaling in cancer,21,12,-9,0.0001,0.0001,-0.01
T11490,Hydrological Forecasting Using AI,18,15,-3,0.0001,0.0001,-0.0
T11267,Abdominal Trauma and Injuries,21,12,-9,0.0001,0.0001,-0.01
T10317,Advanced Database Systems and Queries,15,18,3,0.0001,0.0001,0.0
T12487,Structural Engineering and Vibration Analysis,29,4,-25,0.0002,0.0,-0.02
T13044,Biofield Effects and Biophysics,23,10,-13,0.0001,0.0001,-0.01
T12060,Child Development and Digital Technology,22,11,-11,0.0001,0.0001,-0.01
T13222,"Caribbean history, culture, and politics",20,13,-7,0.0001,0.0001,-0.0
T14072,Immunotoxicology and immune responses,8,25,17,0.0,0.0002,0.01
T11807,Infrastructure Resilience and Vulnerability Analysis,15,18,3,0.0001,0.0001,0.0
T11827,Polyomavirus and related diseases,19,14,-5,0.0001,0.0001,-0.0
T12852,Chemical Thermodynamics and Molecular Structure,23,10,-13,0.0001,0.0001,-0.01
T12304,Radiative Heat Transfer Studies,22,11,-11,0.0001,0.0001,-0.01
T11719,Data Quality and Management,22,11,-11,0.0001,0.0001,-0.01
T12067,Renal and Vascular Pathologies,25,8,-17,0.0002,0.0,-0.01
T10485,"Bullying, Victimization, and Aggression",16,17,1,0.0001,0.0001,0.0
T12388,Identification and Quantification in Food,32,1,-31,0.0002,0.0,-0.02
T11210,Mathematical Analysis and Transform Methods,13,20,7,0.0001,0.0001,0.0
T10939,Crystal Structures and Properties,16,17,1,0.0001,0.0001,0.0
T12542,Second Language Learning and Teaching,28,5,-23,0.0002,0.0,-0.01
T13418,Photocathodes and Microchannel Plates,14,19,5,0.0001,0.0001,0.0
T11929,Cerebral Venous Sinus Thrombosis,18,15,-3,0.0001,0.0001,-0.0
T11576,IgG4-Related and Inflammatory Diseases,19,14,-5,0.0001,0.0001,-0.0
T13854,Historical Geography and Cartography,14,19,5,0.0001,0.0001,0.0
T12529,Ga2O3 and related materials,17,16,-1,0.0001,0.0001,-0.0
T11375,Geotechnical Engineering and Soil Stabilization,15,18,3,0.0001,0.0001,0.0
T11002,Indoor Air Quality and Microbial Exposure,12,21,9,0.0001,0.0001,0.01
T12923,Digital Image Processing Techniques,16,17,1,0.0001,0.0001,0.0
T10865,Shape Memory Alloy Transformations,11,22,11,0.0001,0.0001,0.01
T10525,Human-Automation Interaction and Safety,17,16,-1,0.0001,0.0001,-0.0
T14128,Metallurgical and Alloy Processes,15,18,3,0.0001,0.0001,0.0
T12814,Gaussian Processes and Bayesian Inference,18,15,-3,0.0001,0.0001,-0.0
T10601,Handwritten Text Recognition Techniques,21,12,-9,0.0001,0.0001,-0.01
T11192,Underwater Vehicles and Communication Systems,19,13,-6,0.0001,0.0001,-0.0
T13280,Biomedical and Engineering Education,32,0,-32,0.0002,0.0,-0.02
T13173,Gender Studies in Language,16,16,0,0.0001,0.0001,0.0
T10615,Granular flow and fluidized beds,17,15,-2,0.0001,0.0001,-0.0
T12535,Machine Learning and Data Classification,19,13,-6,0.0001,0.0001,-0.0
T12694,"Categorization, perception, and language",13,19,6,0.0001,0.0001,0.0
T10611,Organic Light-Emitting Diodes Research,17,15,-2,0.0001,0.0001,-0.0
T11885,MRI in cancer diagnosis,22,10,-12,0.0001,0.0001,-0.01
T13111,Nursing care and research,2,30,28,0.0,0.0002,0.02
T11007,Hybrid Renewable Energy Systems,18,14,-4,0.0001,0.0001,-0.0
T12581,Engineering Structural Analysis Methods,22,10,-12,0.0001,0.0001,-0.01
T10403,Phonetics and Phonology Research,16,16,0,0.0001,0.0001,0.0
T11997,Free Will and Agency,24,8,-16,0.0001,0.0,-0.01
T11843,Family Business Performance and Succession,20,12,-8,0.0001,0.0001,-0.0
T14384,Ophthalmology and Visual Health Research,13,19,6,0.0001,0.0001,0.0
T11533,Melanoma and MAPK Pathways,20,12,-8,0.0001,0.0001,-0.0
T13400,Mathematical and Theoretical Analysis,20,12,-8,0.0001,0.0001,-0.0
T12836,History and Developments in Astronomy,25,7,-18,0.0002,0.0,-0.01
T13410,Immune responses and vaccinations,21,11,-10,0.0001,0.0001,-0.01
T11345,Cognitive and developmental aspects of mathematical skills,21,11,-10,0.0001,0.0001,-0.01
T13338,Pharmacological Effects and Assays,24,8,-16,0.0001,0.0,-0.01
T12678,Themes in Literature Analysis,25,7,-18,0.0002,0.0,-0.01
T11412,Genetic and Kidney Cyst Diseases,23,9,-14,0.0001,0.0001,-0.01
T11976,Capital Investment and Risk Analysis,17,15,-2,0.0001,0.0001,-0.0
T13013,Free Radicals and Antioxidants,24,8,-16,0.0001,0.0,-0.01
T11848,Heme Oxygenase-1 and Carbon Monoxide,25,7,-18,0.0002,0.0,-0.01
T11468,Genetic Mapping and Diversity in Plants and Animals,15,17,2,0.0001,0.0001,0.0
T10262,Microwave Engineering and Waveguides,14,18,4,0.0001,0.0001,0.0
T14334,HIV/AIDS Impact and Responses,26,6,-20,0.0002,0.0,-0.01
T13160,Synthesis and Biological Evaluation,29,3,-26,0.0002,0.0,-0.02
T12851,Firm Innovation and Growth,16,16,0,0.0001,0.0001,0.0
T13481,Neurological diseases and metabolism,25,7,-18,0.0002,0.0,-0.01
T11863,"Gender, Security, and Conflict",25,7,-18,0.0002,0.0,-0.01
T12189,Sulfur-Based Synthesis Techniques,22,10,-12,0.0001,0.0001,-0.01
T11773,Healthcare Operations and Scheduling Optimization,18,14,-4,0.0001,0.0001,-0.0
T14255,European Law and Migration,5,27,22,0.0,0.0002,0.01
T12776,Electrohydrodynamics and Fluid Dynamics,24,8,-16,0.0001,0.0,-0.01
T10260,Software Engineering Research,21,10,-11,0.0001,0.0001,-0.01
T11106,Data Management and Algorithms,25,6,-19,0.0002,0.0,-0.01
T11927,Plant Reproductive Biology,23,8,-15,0.0001,0.0,-0.01
T13134,Latin American Literature Studies,25,6,-19,0.0002,0.0,-0.01
T12947,"Health, psychology, and well-being",26,5,-21,0.0002,0.0,-0.01
T14316,"Nursing Education, Practice, and Leadership",14,17,3,0.0001,0.0001,0.0
T11856,Thermography and Photoacoustic Techniques,13,18,5,0.0001,0.0001,0.0
T13352,International Relations in Latin America,17,14,-3,0.0001,0.0001,-0.0
T11962,Cardiac Fibrosis and Remodeling,12,19,7,0.0001,0.0001,0.0
T10848,Advanced Multi-Objective Optimization Algorithms,18,13,-5,0.0001,0.0001,-0.0
T13303,Asian Culture and Media Studies,25,6,-19,0.0002,0.0,-0.01
T12183,Teratomas and Epidermoid Cysts,17,14,-3,0.0001,0.0001,-0.0
T13986,Medical Practices and Rehabilitation,1,30,29,0.0,0.0002,0.02
T13098,Conferences and Exhibitions Management,18,13,-5,0.0001,0.0001,-0.0
T13649,Advanced Synthetic Organic Chemistry,8,23,15,0.0,0.0001,0.01
T11143,High Entropy Alloys Studies,18,13,-5,0.0001,0.0001,-0.0
T12765,"Race, History, and American Society",23,8,-15,0.0001,0.0,-0.01
T12462,Elder Abuse and Neglect,21,10,-11,0.0001,0.0001,-0.01
T12578,Diagnosis and treatment of tuberculosis,23,8,-15,0.0001,0.0,-0.01
T10657,Topological Materials and Phenomena,16,15,-1,0.0001,0.0001,-0.0
T12033,Agricultural Economics and Policy,15,16,1,0.0001,0.0001,0.0
T12496,Color perception and design,27,4,-23,0.0002,0.0,-0.01
T12929,Animal Genetics and Reproduction,27,4,-23,0.0002,0.0,-0.01
T13551,Biochemical effects in animals,30,1,-29,0.0002,0.0,-0.02
T11516,Visual and Cognitive Learning Processes,18,13,-5,0.0001,0.0001,-0.0
T12444,"Art, Politics, and Modernism",9,22,13,0.0001,0.0001,0.01
T11233,Advanced Adaptive Filtering Techniques,11,20,9,0.0001,0.0001,0.01
T10879,Robotic Locomotion and Control,21,10,-11,0.0001,0.0001,-0.01
T10969,Water resources management and optimization,19,12,-7,0.0001,0.0001,-0.0
T12779,Public Procurement and Policy,14,17,3,0.0001,0.0001,0.0
T12843,Human Resource and Talent Management,14,17,3,0.0001,0.0001,0.0
T10649,Multiple Myeloma Research and Treatments,14,17,3,0.0001,0.0001,0.0
T13179,"Literature, Culture, and Criticism",13,18,5,0.0001,0.0001,0.0
T12538,Eosinophilic Esophagitis,22,9,-13,0.0001,0.0001,-0.01
T12986,Administrative Law and Governance,0,31,31,0.0,0.0002,0.02
T13228,Socioeconomic Development in Asia,28,3,-25,0.0002,0.0,-0.02
T12207,Assistive Technology in Communication and Mobility,13,18,5,0.0001,0.0001,0.0
T10977,Optical Imaging and Spectroscopy Techniques,16,15,-1,0.0001,0.0001,-0.0
T11109,Thermoregulation and physiological responses,18,12,-6,0.0001,0.0001,-0.0
T12190,Innovations in Concrete and Construction Materials,29,1,-28,0.0002,0.0,-0.02
T10949,Genetic Neurodegenerative Diseases,20,10,-10,0.0001,0.0001,-0.01
T11418,Plant Micronutrient Interactions and Effects,20,10,-10,0.0001,0.0001,-0.01
T10533,Teaching and Learning Programming,8,22,14,0.0,0.0001,0.01
T13196,Political Theory and Influence,18,12,-6,0.0001,0.0001,-0.0
T10490,Orbital Angular Momentum in Optics,17,13,-4,0.0001,0.0001,-0.0
T12031,Speech and dialogue systems,16,14,-2,0.0001,0.0001,-0.0
T10624,Silicon and Solar Cell Technologies,16,14,-2,0.0001,0.0001,-0.0
T12211,Aluminum toxicity and tolerance in plants and animals,18,12,-6,0.0001,0.0001,-0.0
T11241,Advanced Malware Detection Techniques,19,11,-8,0.0001,0.0001,-0.0
T11951,Trauma Management and Diagnosis,17,13,-4,0.0001,0.0001,-0.0
T13599,Architecture and Cultural Influences,13,17,4,0.0001,0.0001,0.0
T14511,"Medicine, History, and Philosophy",0,30,30,0.0,0.0002,0.02
T13467,Drug-Induced Ocular Toxicity,18,12,-6,0.0001,0.0001,-0.0
T13673,Library Science and Information,1,29,28,0.0,0.0002,0.02
T13084,Education during COVID-19 pandemic,0,30,30,0.0,0.0002,0.02
T12219,Canadian Identity and History,21,9,-12,0.0001,0.0001,-0.01
T10925,Spinal Cord Injury Research,10,20,10,0.0001,0.0001,0.01
T11023,Prosthetics and Rehabilitation Robotics,18,12,-6,0.0001,0.0001,-0.0
T12675,Financial Reporting and Valuation Research,18,12,-6,0.0001,0.0001,-0.0
T13539,thermodynamics and calorimetric analyses,21,9,-12,0.0001,0.0001,-0.01
T12128,AI in Service Interactions,21,9,-12,0.0001,0.0001,-0.01
T11179,Nematode management and characterization studies,17,13,-4,0.0001,0.0001,-0.0
T11687,Teleoperation and Haptic Systems,14,16,2,0.0001,0.0001,0.0
T11599,Aviation Industry Analysis and Trends,18,12,-6,0.0001,0.0001,-0.0
T10674,School Choice and Performance,14,16,2,0.0001,0.0001,0.0
T12583,Food Waste Reduction and Sustainability,22,8,-14,0.0001,0.0,-0.01
T10606,Kidney Stones and Urolithiasis Treatments,10,20,10,0.0001,0.0001,0.01
T11920,Pulsed Power Technology Applications,5,25,20,0.0,0.0002,0.01
T14123,Decolonial Thought and Epistemologies,2,28,26,0.0,0.0002,0.02
T13076,"Torture, Ethics, and Law",23,7,-16,0.0001,0.0,-0.01
T12620,Signaling Pathways in Disease,26,4,-22,0.0002,0.0,-0.01
T11945,Heat Transfer Mechanisms,19,11,-8,0.0001,0.0001,-0.0
T12872,Philippine History and Culture,30,0,-30,0.0002,0.0,-0.02
T12174,Hospital Admissions and Outcomes,15,15,0,0.0001,0.0001,0.0
T12034,Digital and Cyber Forensics,11,19,8,0.0001,0.0001,0.0
T13494,Military History and Strategy,14,16,2,0.0001,0.0001,0.0
T12180,Polar Research and Ecology,12,17,5,0.0001,0.0001,0.0
T13180,Chemistry and Chemical Engineering,19,10,-9,0.0001,0.0001,-0.01
T11579,Cardiovascular and Diving-Related Complications,18,11,-7,0.0001,0.0001,-0.0
T11137,Historical Philosophy and Science,12,17,5,0.0001,0.0001,0.0
T11240,Luminescence and Fluorescent Materials,20,9,-11,0.0001,0.0001,-0.01
T11881,Crystallization and Solubility Studies,16,13,-3,0.0001,0.0001,-0.0
T12663,Body Image and Dysmorphia Studies,20,9,-11,0.0001,0.0001,-0.01
T11081,Advanced Control Systems Design,6,23,17,0.0,0.0001,0.01
T13170,Discrimination and Equality Law,9,20,11,0.0001,0.0001,0.01
T12672,Phagocytosis and Immune Regulation,20,9,-11,0.0001,0.0001,-0.01
T12292,Graph Theory and Algorithms,14,15,1,0.0001,0.0001,0.0
T11903,Private Equity and Venture Capital,18,11,-7,0.0001,0.0001,-0.0
T12399,Wine Industry and Tourism,17,12,-5,0.0001,0.0001,-0.0
T11893,German Literature and Culture Studies,11,18,7,0.0001,0.0001,0.0
T13364,"Digitalization, Law, and Regulation",2,27,25,0.0,0.0002,0.02
T12930,Biomedical and Chemical Research,7,22,15,0.0,0.0001,0.01
T12558,Wittgensteinian philosophy and applications,15,14,-1,0.0001,0.0001,-0.0
T12514,Fashion and Cultural Textiles,18,11,-7,0.0001,0.0001,-0.0
T12149,Nanocluster Synthesis and Applications,13,16,3,0.0001,0.0001,0.0
T11110,Stability and Controllability of Differential Equations,17,12,-5,0.0001,0.0001,-0.0
T13561,Chemical Reactions and Isotopes,23,6,-17,0.0001,0.0,-0.01
T13402,Business Strategy and Innovation,20,9,-11,0.0001,0.0001,-0.01
T11675,Open Source Software Innovations,16,13,-3,0.0001,0.0001,-0.0
T12146,Power Line Communications and Noise,21,8,-13,0.0001,0.0,-0.01
T11613,Phytochemistry and Biological Activities,18,11,-7,0.0001,0.0001,-0.0
T12617,"Energy, Environment, and Transportation Policies",21,8,-13,0.0001,0.0,-0.01
T10712,Library Science and Information Literacy,8,21,13,0.0,0.0001,0.01
T12435,Bladed Disk Vibration Dynamics,9,20,11,0.0001,0.0001,0.01
T12601,Web Applications and Data Management,3,26,23,0.0,0.0002,0.01
T10138,Network Traffic and Congestion Control,7,22,15,0.0,0.0001,0.01
T14396,Healthcare Regulation,1,28,27,0.0,0.0002,0.02
T14020,Medical research and treatments,0,29,29,0.0,0.0002,0.02
T13456,"Religion, Society, and Development",26,3,-23,0.0002,0.0,-0.01
T12349,Food Chemistry and Fat Analysis,14,15,1,0.0001,0.0001,0.0
T11663,Viral Infectious Diseases and Gene Expression in Insects,22,7,-15,0.0001,0.0,-0.01
T12159,T-cell and Retrovirus Studies,21,8,-13,0.0001,0.0,-0.01
T11799,"Adhesion, Friction, and Surface Interactions",23,5,-18,0.0001,0.0,-0.01
T11239,Social Capital and Networks,15,13,-2,0.0001,0.0001,-0.0
T12756,Plant Toxicity and Pharmacological Properties,17,11,-6,0.0001,0.0001,-0.0
T12635,African studies and sociopolitical issues,21,7,-14,0.0001,0.0,-0.01
T11589,Gynecological conditions and treatments,10,18,8,0.0001,0.0001,0.0
T11352,Masonry and Concrete Structural Analysis,18,10,-8,0.0001,0.0001,-0.0
T11169,Silicon Nanostructures and Photoluminescence,18,10,-8,0.0001,0.0001,-0.0
T12410,Structural and Chemical Analysis of Organic and Inorganic Compounds,10,18,8,0.0001,0.0001,0.0
T11595,Textile materials and evaluations,17,11,-6,0.0001,0.0001,-0.0
T14062,Migration and Exile Studies,0,28,28,0.0,0.0002,0.02
T12062,Approximation Theory and Sequence Spaces,7,21,14,0.0,0.0001,0.01
T10824,Image Retrieval and Classification Techniques,15,13,-2,0.0001,0.0001,-0.0
T12282,Mineral Processing and Grinding,18,10,-8,0.0001,0.0001,-0.0
T12123,Financial Analysis and Corporate Governance,1,27,26,0.0,0.0002,0.02
T13443,Mineralogy and Gemology Studies,18,10,-8,0.0001,0.0001,-0.0
T13503,"Gender, Health, and Social Inequality",0,28,28,0.0,0.0002,0.02
T10295,Plasmonic and Surface Plasmon Research,8,20,12,0.0,0.0001,0.01
T10449,Renal cell carcinoma treatment,11,17,6,0.0001,0.0001,0.0
T10501,Polymer Nanocomposites and Properties,19,9,-10,0.0001,0.0001,-0.01
T14492,"War, Law, and Justice",1,27,26,0.0,0.0002,0.02
T11344,Traffic Prediction and Management Techniques,16,12,-4,0.0001,0.0001,-0.0
T10273,IoT and Edge/Fog Computing,16,12,-4,0.0001,0.0001,-0.0
T12633,Legal case studies and regulations,28,0,-28,0.0002,0.0,-0.02
T13265,Synthesis of Tetrazole Derivatives,18,10,-8,0.0001,0.0001,-0.0
T12895,Environmental law and policy,12,16,4,0.0001,0.0001,0.0
T12848,Psychological Testing and Assessment,7,21,14,0.0,0.0001,0.01
T11403,Invertebrate Immune Response Mechanisms,18,10,-8,0.0001,0.0001,-0.0
T13876,Chemical synthesis and pharmacological studies,2,26,24,0.0,0.0002,0.01
T12317,Actinomycetales infections and treatment,11,17,6,0.0001,0.0001,0.0
T12692,Magnetic Field Sensors Techniques,15,13,-2,0.0001,0.0001,-0.0
T11098,Seed Germination and Physiology,13,15,2,0.0001,0.0001,0.0
T12156,World Trade Organization Law,12,16,4,0.0001,0.0001,0.0
T13920,Urban Planning and Valuation,2,26,24,0.0,0.0002,0.01
T14414,Artificial Intelligence in Education,0,28,28,0.0,0.0002,0.02
T11201,Metallurgy and Material Forming,21,6,-15,0.0001,0.0,-0.01
T14433,Post-Communist Economic and Political Transition,14,13,-1,0.0001,0.0001,-0.0
T11565,Thermoelastic and Magnetoelastic Phenomena,11,16,5,0.0001,0.0001,0.0
T10201,Speech Recognition and Synthesis,11,16,5,0.0001,0.0001,0.0
T13506,Botanical Research and Chemistry,27,0,-27,0.0002,0.0,-0.02
T11679,Craniofacial Disorders and Treatments,20,7,-13,0.0001,0.0,-0.01
T11941,Power System Reliability and Maintenance,11,16,5,0.0001,0.0001,0.0
T12955,Atherosclerosis and Cardiovascular Diseases,8,19,11,0.0,0.0001,0.01
T10884,Holomorphic and Operator Theory,21,6,-15,0.0001,0.0,-0.01
T13101,Legal and Social Justice Studies,2,25,23,0.0,0.0002,0.01
T11621,Fiscal Policies and Political Economy,16,11,-5,0.0001,0.0001,-0.0
T11508,Corporate Taxation and Avoidance,16,11,-5,0.0001,0.0001,-0.0
T12332,Comparative constitutional jurisprudence studies,0,27,27,0.0,0.0002,0.02
T10439,Climate change impacts on agriculture,13,14,1,0.0001,0.0001,0.0
T13005,Religious Studies and Spiritual Practices,22,5,-17,0.0001,0.0,-0.01
T12074,Membrane-based Ion Separation Techniques,12,15,3,0.0001,0.0001,0.0
T11695,South African History and Culture,14,13,-1,0.0001,0.0001,-0.0
T10628,China's Socioeconomic Reforms and Governance,15,12,-3,0.0001,0.0001,-0.0
T11158,Wireless Networks and Protocols,9,18,9,0.0001,0.0001,0.01
T13256,Archaeology and Rock Art Studies,14,13,-1,0.0001,0.0001,-0.0
T11121,Public Relations and Crisis Communication,17,10,-7,0.0001,0.0001,-0.0
T11532,Chemokine receptors and signaling,11,16,5,0.0001,0.0001,0.0
T10288,Fractional Differential Equations Solutions,19,8,-11,0.0001,0.0,-0.01
T11994,Human Resource Development and Performance Evaluation,14,13,-1,0.0001,0.0001,-0.0
T11320,Atmospheric Ozone and Climate,25,2,-23,0.0002,0.0,-0.01
T13996,Diverse Musicological Studies,27,0,-27,0.0002,0.0,-0.02
T13383,Tumors and Oncological Cases,26,1,-25,0.0002,0.0,-0.02
T12763,ATP Synthase and ATPases Research,15,12,-3,0.0001,0.0001,-0.0
T10652,Racial and Ethnic Identity Research,6,21,15,0.0,0.0001,0.01
T11790,N-Heterocyclic Carbenes in Organic and Inorganic Chemistry,12,15,3,0.0001,0.0001,0.0
T13309,Reliability and Agreement in Measurement,10,17,7,0.0001,0.0001,0.0
T13195,Medieval Iberian Studies,7,20,13,0.0,0.0001,0.01
T11902,Intelligent Tutoring Systems and Adaptive Learning,16,11,-5,0.0001,0.0001,-0.0
T13470,Surface Treatment and Coatings,0,27,27,0.0,0.0002,0.02
T10635,Hydraulic Fracturing and Reservoir Analysis,13,14,1,0.0001,0.0001,0.0
T12151,Interpreting and Communication in Healthcare,22,4,-18,0.0001,0.0,-0.01
T13560,Socioeconomic Development in MENA,22,4,-18,0.0001,0.0,-0.01
T13884,Educational Leadership and Practices,22,4,-18,0.0001,0.0,-0.01
T11862,"Agriculture, Land Use, Rural Development",11,15,4,0.0001,0.0001,0.0
T12295,"Foucault, Power, and Ethics",15,11,-4,0.0001,0.0001,-0.0
T11448,Face recognition and analysis,15,11,-4,0.0001,0.0001,-0.0
T10237,Cryptography and Data Security,16,10,-6,0.0001,0.0001,-0.0
T13028,Literature and Culture Studies,6,20,14,0.0,0.0001,0.01
T12425,Industrial Gas Emission Control,11,15,4,0.0001,0.0001,0.0
T13484,German History and Society,7,19,12,0.0,0.0001,0.01
T13735,History of Medical Practice,21,5,-16,0.0001,0.0,-0.01
T11208,Lignin and Wood Chemistry,13,13,0,0.0001,0.0001,0.0
T13785,Aquatic and Environmental Studies,11,15,4,0.0001,0.0001,0.0
T11523,Nanomaterials and Printing Technologies,15,11,-4,0.0001,0.0001,-0.0
T13127,Biotin and Related Studies,23,3,-20,0.0001,0.0,-0.01
T10197,Membrane Separation Technologies,12,14,2,0.0001,0.0001,0.0
T14339,Image Processing and 3D Reconstruction,25,1,-24,0.0002,0.0,-0.01
T10770,Soil Geostatistics and Mapping,25,1,-24,0.0002,0.0,-0.01
T11653,Financial Distress and Bankruptcy Prediction,12,14,2,0.0001,0.0001,0.0
T12171,Open Education and E-Learning,14,12,-2,0.0001,0.0001,-0.0
T13129,Material Properties and Applications,26,0,-26,0.0002,0.0,-0.02
T10950,Acute Lymphoblastic Leukemia research,16,10,-6,0.0001,0.0001,-0.0
T12775,Legal Issues in South Africa,24,2,-22,0.0001,0.0,-0.01
T10868,Soft Robotics and Applications,14,12,-2,0.0001,0.0001,-0.0
T12300,Advanced Electrical Measurement Techniques,8,18,10,0.0,0.0001,0.01
T12534,Protein Degradation and Inhibitors,16,10,-6,0.0001,0.0001,-0.0
T13911,"Employment, Labor, and Gender Studies",3,23,20,0.0,0.0001,0.01
T13096,Family and Matrimonial Law,0,26,26,0.0,0.0002,0.02
T11578,Plant Pathogenic Bacteria Studies,22,3,-19,0.0001,0.0,-0.01
T10225,Essential Oils and Antimicrobial Activity,11,14,3,0.0001,0.0001,0.0
T13015,"Botany, Ecology, and Taxonomy Studies",24,1,-23,0.0001,0.0,-0.01
T12528,"IL-33, ST2, and ILC Pathways",18,7,-11,0.0001,0.0,-0.01
T12013,Sustainable Development and Environmental Policy,18,7,-11,0.0001,0.0,-0.01
T12102,Fire effects on concrete materials,14,11,-3,0.0001,0.0001,-0.0
T11546,Plant Physiology and Cultivation Studies,18,7,-11,0.0001,0.0,-0.01
T12821,Geological Formations and Processes Exploration,14,11,-3,0.0001,0.0001,-0.0
T14117,Integrated Circuits and Semiconductor Failure Analysis,24,1,-23,0.0001,0.0,-0.01
T10210,Advanced oxidation water treatment,10,15,5,0.0001,0.0001,0.0
T11762,"Law, Economics, and Judicial Systems",19,6,-13,0.0001,0.0,-0.01
T11133,UAV Applications and Optimization,15,10,-5,0.0001,0.0001,-0.0
T11818,Nicotinic Acetylcholine Receptors Study,13,12,-1,0.0001,0.0001,-0.0
T12950,Educational Environments and Student Outcomes,12,13,1,0.0001,0.0001,0.0
T12702,Brain Tumor Detection and Classification,16,9,-7,0.0001,0.0001,-0.0
T11327,Acupuncture Treatment Research Studies,13,12,-1,0.0001,0.0001,-0.0
T11005,Radiation Effects in Electronics,13,12,-1,0.0001,0.0001,-0.0
T12461,Narrative Theory and Analysis,8,17,9,0.0,0.0001,0.01
T14259,Legal Rights and Human Rights,3,22,19,0.0,0.0001,0.01
T11921,Electroconvulsive Therapy Studies,13,12,-1,0.0001,0.0001,-0.0
T12548,Hemostasis and retained surgical items,7,18,11,0.0,0.0001,0.01
T12280,Magnesium in Health and Disease,14,11,-3,0.0001,0.0001,-0.0
T13800,Earthquake and Disaster Impact Studies,17,8,-9,0.0001,0.0,-0.01
T13597,Medicine and Dermatology Studies History,21,4,-17,0.0001,0.0,-0.01
T12214,Media Influence and Health,11,14,3,0.0001,0.0001,0.0
T14201,Data Analysis and Archiving,21,4,-17,0.0001,0.0,-0.01
T12751,Leadership and Management in Organizations,5,20,15,0.0,0.0001,0.01
T12485,"Optimism, Hope, and Well-being",18,7,-11,0.0001,0.0,-0.01
T10709,Social Robot Interaction and HRI,11,14,3,0.0001,0.0001,0.0
T12560,Nuclear Engineering Thermal-Hydraulics,14,11,-3,0.0001,0.0001,-0.0
T12009,Hedgehog Signaling Pathway Studies,19,6,-13,0.0001,0.0,-0.01
T11628,Myeloproliferative Neoplasms: Diagnosis and Treatment,18,7,-11,0.0001,0.0,-0.01
T10794,Islamic Studies and History,22,3,-19,0.0001,0.0,-0.01
T12870,Seedling growth and survival studies,14,11,-3,0.0001,0.0001,-0.0
T11443,Advanced Statistical Process Monitoring,13,12,-1,0.0001,0.0001,-0.0
T12486,Food Supply Chain Traceability,17,8,-9,0.0001,0.0,-0.01
T13904,Artificial Intelligence Applications,2,23,21,0.0,0.0001,0.01
T10573,Power Quality and Harmonics,8,17,9,0.0,0.0001,0.01
T11545,Advanced Banach Space Theory,11,14,3,0.0001,0.0001,0.0
T14147,Innovative Approaches in Technology and Social Development,17,8,-9,0.0001,0.0,-0.01
T12979,Cardiovascular Disease and Adiposity,21,4,-17,0.0001,0.0,-0.01
T12172,Neutropenia and Cancer Infections,12,13,1,0.0001,0.0001,0.0
T11813,Library Collection Development and Digital Resources,16,9,-7,0.0001,0.0001,-0.0
T11317,Fire dynamics and safety research,11,14,3,0.0001,0.0001,0.0
T12704,Stress and Burnout Research,1,24,23,0.0,0.0001,0.01
T10967,Carbon Dioxide Capture Technologies,7,18,11,0.0,0.0001,0.01
T12254,Machine Learning in Bioinformatics,21,4,-17,0.0001,0.0,-0.01
T11145,Epoxy Resin Curing Processes,15,10,-5,0.0001,0.0001,-0.0
T12845,Methemoglobinemia and Tumor Lysis Syndrome,13,12,-1,0.0001,0.0001,-0.0
T11224,Electromagnetic wave absorption materials,11,13,2,0.0001,0.0001,0.0
T11834,Liver Diseases and Immunity,11,13,2,0.0001,0.0001,0.0
T13768,Oral and gingival health research,16,8,-8,0.0001,0.0,-0.0
T13742,Metallurgy and Cultural Artifacts,6,18,12,0.0,0.0001,0.01
T13276,University-Industry-Government Innovation Models,12,12,0,0.0001,0.0001,0.0
T14257,Advanced Measurement and Detection Methods,8,16,8,0.0,0.0001,0.0
T13267,Advanced Theoretical and Applied Studies in Material Sciences and Geometry,24,0,-24,0.0001,0.0,-0.01
T10782,Nanoplatforms for cancer theranostics,14,10,-4,0.0001,0.0001,-0.0
T12634,Ureteral procedures and complications,18,6,-12,0.0001,0.0,-0.01
T12248,Water Governance and Infrastructure,17,7,-10,0.0001,0.0,-0.01
T11126,Metallurgical Processes and Thermodynamics,17,7,-10,0.0001,0.0,-0.01
T11910,Foreign Body Medical Cases,10,14,4,0.0001,0.0001,0.0
T12331,Hereditary Neurological Disorders,10,14,4,0.0001,0.0001,0.0
T13416,Educational Theory and Curriculum Studies,9,15,6,0.0001,0.0001,0.0
T13126,Scientific Research and Discoveries,17,7,-10,0.0001,0.0,-0.01
T12994,Infrared Thermography in Medicine,17,7,-10,0.0001,0.0,-0.01
T11783,Turkey's Politics and Society,14,10,-4,0.0001,0.0001,-0.0
T12900,Organ and Tissue Transplantation Research,14,10,-4,0.0001,0.0001,-0.0
T10736,Hydrogen embrittlement and corrosion behaviors in metals,15,9,-6,0.0001,0.0001,-0.0
T13721,Political Science Research and Education,9,15,6,0.0001,0.0001,0.0
T11073,Metal Extraction and Bioleaching,19,5,-14,0.0001,0.0,-0.01
T11285,Hearing Impairment and Communication,22,2,-20,0.0001,0.0,-0.01
T12622,Neurosurgical Procedures and Complications,11,13,2,0.0001,0.0001,0.0
T10171,Biofuel production and bioconversion,14,10,-4,0.0001,0.0001,-0.0
T12434,Phosphodiesterase function and regulation,11,13,2,0.0001,0.0001,0.0
T13726,International Science and Diplomacy,21,3,-18,0.0001,0.0,-0.01
T12297,Otolaryngology and Infectious Diseases,12,12,0,0.0001,0.0001,0.0
T13223,Connective Tissue Growth Factor Research,15,9,-6,0.0001,0.0001,-0.0
T11953,"Neuroethics, Human Enhancement, Biomedical Innovations",16,8,-8,0.0001,0.0,-0.0
T11425,Diverse Music Education Insights,12,12,0,0.0001,0.0001,0.0
T13770,Pediatric health and respiratory diseases,18,6,-12,0.0001,0.0,-0.01
T11475,French Urban and Social Studies,23,1,-22,0.0001,0.0,-0.01
T10357,Efficiency Analysis Using DEA,10,14,4,0.0001,0.0001,0.0
T10980,Vascular Malformations and Hemangiomas,11,13,2,0.0001,0.0001,0.0
T12813,Plant and Biological Electrophysiology Studies,20,4,-16,0.0001,0.0,-0.01
T12829,Advanced Breast Cancer Therapies,13,11,-2,0.0001,0.0001,-0.0
T13344,Industrial Automation and Control Systems,12,12,0,0.0001,0.0001,0.0
T12153,Advanced Optical Sensing Technologies,19,5,-14,0.0001,0.0,-0.01
T10829,Interconnection Networks and Systems,16,8,-8,0.0001,0.0,-0.0
T14208,"Death, Funerary Practices, and Mourning",0,24,24,0.0,0.0001,0.01
T11440,Click Chemistry and Applications,22,1,-21,0.0001,0.0,-0.01
T13582,"Stalking, Cyberstalking, and Harassment",12,11,-1,0.0001,0.0001,-0.0
T13953,Digital Imaging in Medicine,20,3,-17,0.0001,0.0,-0.01
T11914,PARP inhibition in cancer therapy,13,10,-3,0.0001,0.0001,-0.0
T10035,Phytochemicals and Antioxidant Activities,9,14,5,0.0001,0.0001,0.0
T13452,GDF15 and Related Biomarkers,17,6,-11,0.0001,0.0,-0.01
T12328,Autoimmune and Inflammatory Disorders,14,9,-5,0.0001,0.0001,-0.0
T10299,Photonic and Optical Devices,16,7,-9,0.0001,0.0,-0.01
T11782,Magnetic Properties of Alloys,10,13,3,0.0001,0.0001,0.0
T10463,Pulsars and Gravitational Waves Research,9,14,5,0.0001,0.0001,0.0
T10080,Energy Efficient Wireless Sensor Networks,13,10,-3,0.0001,0.0001,-0.0
T11229,Genetics and Plant Breeding,5,18,13,0.0,0.0001,0.01
T11766,Iron-based superconductors research,14,9,-5,0.0001,0.0001,-0.0
T13194,ICT in Developing Communities,17,6,-11,0.0001,0.0,-0.01
T12587,Gestational Trophoblastic Disease Studies,14,9,-5,0.0001,0.0001,-0.0
T12700,Doping in Sports,13,10,-3,0.0001,0.0001,-0.0
T13764,Political theory and Gramsci,13,10,-3,0.0001,0.0001,-0.0
T11798,Optimal Experimental Design Methods,6,17,11,0.0,0.0001,0.01
T13141,Statistical Methods and Applications,2,21,19,0.0,0.0001,0.01
T12445,Twentieth Century Scientific Developments,11,12,1,0.0001,0.0001,0.0
T13248,Healthcare Technology and Patient Monitoring,9,14,5,0.0001,0.0001,0.0
T13120,Nuclear Issues and Defense,18,5,-13,0.0001,0.0,-0.01
T12301,Facial Nerve Paralysis Treatment and Research,14,9,-5,0.0001,0.0001,-0.0
T13052,Molecular Communication and Nanonetworks,12,11,-1,0.0001,0.0001,-0.0
T10026,"Galaxies: Formation, Evolution, Phenomena",9,14,5,0.0001,0.0001,0.0
T10097,Luminescence Properties of Advanced Materials,11,12,1,0.0001,0.0001,0.0
T10891,Radar Systems and Signal Processing,10,13,3,0.0001,0.0001,0.0
T12088,Intergenerational and Educational Inequality Studies,10,13,3,0.0001,0.0001,0.0
T12488,Mental Health via Writing,15,8,-7,0.0001,0.0,-0.0
T13654,Urban Planning and Landscape Design,8,15,7,0.0,0.0001,0.0
T12072,Machine Learning and Algorithms,16,7,-9,0.0001,0.0,-0.01
T13362,Slime Mold and Myxomycetes Research,21,2,-19,0.0001,0.0,-0.01
T11128,Transition Metal Oxide Nanomaterials,15,8,-7,0.0001,0.0,-0.0
T11203,Jewish and Middle Eastern Studies,18,5,-13,0.0001,0.0,-0.01
T11901,Bayesian Methods and Mixture Models,21,2,-19,0.0001,0.0,-0.01
T10776,Spinal Fractures and Fixation Techniques,14,9,-5,0.0001,0.0001,-0.0
T12366,"Philosophy, Ethics, and Existentialism",19,4,-15,0.0001,0.0,-0.01
T13124,Chemical synthesis and alkaloids,22,1,-21,0.0001,0.0,-0.01
T12545,Global Education and Multiculturalism,21,2,-19,0.0001,0.0,-0.01
T10132,Advanced ceramic materials synthesis,13,10,-3,0.0001,0.0001,-0.0
T12603,NMR spectroscopy and applications,20,3,-17,0.0001,0.0,-0.01
T11771,Plant Pathogens and Resistance,19,4,-15,0.0001,0.0,-0.01
T13759,Medical Imaging and Pathology Studies,20,3,-17,0.0001,0.0,-0.01
T13295,Safety Systems Engineering in Autonomy,6,17,11,0.0,0.0001,0.01
T13656,"Science, Research, and Medicine",20,3,-17,0.0001,0.0,-0.01
T14190,Military history and social perspectives,2,21,19,0.0,0.0001,0.01
T13308,Cybernetics and Technology in Society,5,18,13,0.0,0.0001,0.01
T11024,Information Systems Theories and Implementation,10,13,3,0.0001,0.0001,0.0
T10251,Solar and Space Plasma Dynamics,18,5,-13,0.0001,0.0,-0.01
T12475,Plant Parasitism and Resistance,20,2,-18,0.0001,0.0,-0.01
T13960,"Dietetics, Nutrition, and Education",12,10,-2,0.0001,0.0001,-0.0
T12225,Political Influence and Corporate Strategies,14,8,-6,0.0001,0.0,-0.0
T13512,Spatial and Cultural Studies,3,19,16,0.0,0.0001,0.01
T13885,Geophysics and Sensor Technology,21,1,-20,0.0001,0.0,-0.01
T11349,Music Technology and Sound Studies,14,8,-6,0.0001,0.0,-0.0
T13048,Patient Dignity and Privacy,16,6,-10,0.0001,0.0,-0.01
T12289,Library Science and Administration,13,9,-4,0.0001,0.0001,-0.0
T13106,"Neuroscience, Education and Cognitive Function",22,0,-22,0.0001,0.0,-0.01
T10892,Drilling and Well Engineering,18,4,-14,0.0001,0.0,-0.01
T13546,Census and Population Estimation,11,11,0,0.0001,0.0001,0.0
T13435,Animal and Plant Science Education,17,5,-12,0.0001,0.0,-0.01
T12800,Musculoskeletal synovial abnormalities and treatments,19,3,-16,0.0001,0.0,-0.01
T10888,Augmented Reality Applications,14,8,-6,0.0001,0.0,-0.0
T12160,African cultural and philosophical studies,12,10,-2,0.0001,0.0001,-0.0
T12114,Sensory Analysis and Statistical Methods,16,6,-10,0.0001,0.0,-0.01
T11237,Plant Gene Expression Analysis,12,10,-2,0.0001,0.0001,-0.0
T11108,Municipal Solid Waste Management,8,14,6,0.0,0.0001,0.0
T11781,Wastewater Treatment and Reuse,6,16,10,0.0,0.0001,0.01
T11188,Coagulation and Flocculation Studies,10,12,2,0.0001,0.0001,0.0
T11936,Chemical and Physical Properties in Aqueous Solutions,9,13,4,0.0001,0.0001,0.0
T11983,"Identity, Memory, and Therapy",14,8,-6,0.0001,0.0,-0.0
T14506,Historical and Architectural Studies,17,5,-12,0.0001,0.0,-0.01
T12963,Anesthesia and Neurotoxicity Research,20,2,-18,0.0001,0.0,-0.01
T14102,Corporate Governance and Law,13,9,-4,0.0001,0.0001,-0.0
T12586,"Folklore, Mythology, and Literature Studies",12,10,-2,0.0001,0.0001,-0.0
T10796,Cooperative Communication and Network Coding,16,6,-10,0.0001,0.0,-0.01
T10703,Business Process Modeling and Analysis,19,3,-16,0.0001,0.0,-0.01
T12104,Protein Tyrosine Phosphatases,14,8,-6,0.0001,0.0,-0.0
T11489,Air Traffic Management and Optimization,10,12,2,0.0001,0.0001,0.0
T12749,"Race, Genetics, and Society",17,5,-12,0.0001,0.0,-0.01
T12940,Structural Engineering and Materials Analysis,1,21,20,0.0,0.0001,0.01
T13059,"Religion, Ecology, and Ethics",17,5,-12,0.0001,0.0,-0.01
T12569,Restless Legs Syndrome Research,12,10,-2,0.0001,0.0001,-0.0
T12690,Cross-Border Cooperation and Integration,18,4,-14,0.0001,0.0,-0.01
T12910,Eicosanoids and Hypertension Pharmacology,21,1,-20,0.0001,0.0,-0.01
T11938,ERP Systems Implementation and Impact,12,10,-2,0.0001,0.0001,-0.0
T12258,"Perfectionism, Procrastination, Anxiety Studies",16,6,-10,0.0001,0.0,-0.01
T11518,Cervical and Thoracic Myelopathy,14,8,-6,0.0001,0.0,-0.0
T12215,Phytochemical Studies and Bioactivities,7,15,8,0.0,0.0001,0.0
T13051,Qualitative Comparative Analysis Research,17,5,-12,0.0001,0.0,-0.01
T10723,Advanced Welding Techniques Analysis,12,10,-2,0.0001,0.0001,-0.0
T11932,Wireless Body Area Networks,14,8,-6,0.0001,0.0,-0.0
T12291,Pericarditis and Cardiac Tamponade,10,12,2,0.0001,0.0001,0.0
T12356,Bioactive Compounds and Antitumor Agents,15,7,-8,0.0001,0.0,-0.0
T11315,Phase-change materials and chalcogenides,10,12,2,0.0001,0.0001,0.0
T10940,Navier-Stokes equation solutions,7,15,8,0.0,0.0001,0.0
T12568,Plant Taxonomy and Phylogenetics,12,10,-2,0.0001,0.0001,-0.0
T11263,Electromagnetic Simulation and Numerical Methods,10,12,2,0.0001,0.0001,0.0
T13745,Media and Digital Communication,3,19,16,0.0,0.0001,0.01
T14496,Educational Technology and E-Learning,0,22,22,0.0,0.0001,0.01
T14432,Freedom of Expression and Defamation,9,12,3,0.0001,0.0001,0.0
T12825,"Defense, Military, and Policy Studies",17,4,-13,0.0001,0.0,-0.01
T12798,Religious Tourism and Spaces,18,3,-15,0.0001,0.0,-0.01
T12598,Cardiac Structural Anomalies and Repair,17,4,-13,0.0001,0.0,-0.01
T13055,Global Security and Public Health,18,3,-15,0.0001,0.0,-0.01
T10917,Smart Grid Security and Resilience,19,2,-17,0.0001,0.0,-0.01
T11493,Water Treatment and Disinfection,12,9,-3,0.0001,0.0001,-0.0
T12822,Turfgrass Adaptation and Management,16,5,-11,0.0001,0.0,-0.01
T11130,Coding theory and cryptography,15,6,-9,0.0001,0.0,-0.01
T12315,Older Adults Driving Studies,14,7,-7,0.0001,0.0,-0.0
T11867,Traumatic Ocular and Foreign Body Injuries,15,6,-9,0.0001,0.0,-0.01
T13394,"Ecology, Conservation, and Geographical Studies",21,0,-21,0.0001,0.0,-0.01
T11038,Advanced SAR Imaging Techniques,9,12,3,0.0001,0.0001,0.0
T14059,"Nietzsche, Schopenhauer, and Hegel",13,8,-5,0.0001,0.0,-0.0
T12527,Chemistry and Stereochemistry Studies,7,14,7,0.0,0.0001,0.0
T13032,COVID-19 Prevention and Impact,2,19,17,0.0,0.0001,0.01
T10140,Food composition and properties,7,14,7,0.0,0.0001,0.0
T12628,Polymer Foaming and Composites,10,11,1,0.0001,0.0001,0.0
T13979,Communication and COVID-19 Impact,2,19,17,0.0,0.0001,0.01
T11868,Cancer and Skin Lesions,15,6,-9,0.0001,0.0,-0.01
T10904,Embedded Systems Design Techniques,11,10,-1,0.0001,0.0001,-0.0
T11926,Subterranean biodiversity and taxonomy,13,8,-5,0.0001,0.0,-0.0
T12844,Psychology and Mental Health,0,21,21,0.0,0.0001,0.01
T11347,Neural Networks Stability and Synchronization,11,10,-1,0.0001,0.0001,-0.0
T12050,Optical Polarization and Ellipsometry,7,14,7,0.0,0.0001,0.0
T11200,Electrodeposition and Electroless Coatings,5,16,11,0.0,0.0001,0.01
T12791,Full-Duplex Wireless Communications,13,8,-5,0.0001,0.0,-0.0
T13198,"Historical, Religious, and Philosophical Studies",18,3,-15,0.0001,0.0,-0.01
T13718,Media Influence and Politics,12,9,-3,0.0001,0.0001,-0.0
T11136,Enzyme-mediated dye degradation,15,6,-9,0.0001,0.0,-0.01
T10787,Lightning and Electromagnetic Phenomena,15,6,-9,0.0001,0.0,-0.01
T13634,Middle East and Rwanda Conflicts,20,1,-19,0.0001,0.0,-0.01
T11198,Japanese History and Culture,14,7,-7,0.0001,0.0,-0.0
T13466,Comparative Literary Analysis and Criticism,20,1,-19,0.0001,0.0,-0.01
T11797,graph theory and CDMA systems,21,0,-21,0.0001,0.0,-0.01
T12473,Pacific and Southeast Asian Studies,18,3,-15,0.0001,0.0,-0.01
T11105,Advanced Image Processing Techniques,15,6,-9,0.0001,0.0,-0.01
T12924,Dermatological and Skeletal Disorders,13,8,-5,0.0001,0.0,-0.0
T12259,Environmental Justice and Health Disparities,12,9,-3,0.0001,0.0001,-0.0
T10717,Aluminum Alloys Composites Properties,12,9,-3,0.0001,0.0001,-0.0
T13157,Cancer-related gene regulation,21,0,-21,0.0001,0.0,-0.01
T10286,Information Retrieval and Search Behavior,6,15,9,0.0,0.0001,0.01
T12245,"Counseling, Therapy, and Family Dynamics",15,6,-9,0.0001,0.0,-0.01
T11998,Youth Development and Social Support,10,11,1,0.0001,0.0001,0.0
T13336,Religious Freedom and Discrimination,7,14,7,0.0,0.0001,0.0
T13439,Transport and Economic Policies,13,8,-5,0.0001,0.0,-0.0
T14156,Engineering Applied Research,6,15,9,0.0,0.0001,0.01
T12384,Customer churn and segmentation,10,11,1,0.0001,0.0001,0.0
T14003,Labor Law and Work Dynamics,0,21,21,0.0,0.0001,0.01
T14278,Marxism and Critical Theory,0,21,21,0.0,0.0001,0.01
T14158,Optical Systems and Laser Technology,9,12,3,0.0001,0.0001,0.0
T13049,Surface Roughness and Optical Measurements,16,5,-11,0.0001,0.0,-0.01
T11262,Quantum Mechanics and Non-Hermitian Physics,19,2,-17,0.0001,0.0,-0.01
T11426,Genetically Modified Organisms Research,9,12,3,0.0001,0.0001,0.0
T12413,Health and Medical Education,0,21,21,0.0,0.0001,0.01
T11480,Connexins and lens biology,10,10,0,0.0001,0.0001,0.0
T11180,Pesticide and Herbicide Environmental Studies,10,10,0,0.0001,0.0001,0.0
T12397,Critical Theory and Philosophy,13,7,-6,0.0001,0.0,-0.0
T12354,Innovations in Educational Methods,11,9,-2,0.0001,0.0001,-0.0
T11409,Advanced Wireless Network Optimization,13,7,-6,0.0001,0.0,-0.0
T12261,Statistical Mechanics and Entropy,13,7,-6,0.0001,0.0,-0.0
T14126,Intramuscular injections and effects,14,6,-8,0.0001,0.0,-0.0
T12162,Cellular Automata and Applications,15,5,-10,0.0001,0.0,-0.01
T13187,Diffusion and Search Dynamics,18,2,-16,0.0001,0.0,-0.01
T11534,Erythropoietin and Anemia Treatment,8,12,4,0.0,0.0001,0.0
T12732,Agriculture and Farm Safety,16,4,-12,0.0001,0.0,-0.01
T12809,Contact Mechanics and Variational Inequalities,8,12,4,0.0,0.0001,0.0
T12722,Innovation Policy and R&D,12,8,-4,0.0001,0.0,-0.0
T10249,Distributed Control Multi-Agent Systems,7,13,6,0.0,0.0001,0.0
T13025,American History and Culture,11,9,-2,0.0001,0.0001,-0.0
T11562,Facial Trauma and Fracture Management,11,9,-2,0.0001,0.0001,-0.0
T12493,"Memory, violence, and history",2,18,16,0.0,0.0001,0.01
T11234,Precipitation Measurement and Analysis,4,16,12,0.0,0.0001,0.01
T11736,Histone Deacetylase Inhibitors Research,12,8,-4,0.0001,0.0,-0.0
T11571,Sarcoidosis and Beryllium Toxicity Research,9,11,2,0.0001,0.0001,0.0
T11605,Visual Attention and Saliency Detection,13,7,-6,0.0001,0.0,-0.0
T13474,Autobiographical and Biographical Writing,4,16,12,0.0,0.0001,0.01
T11170,Biomimetic flight and propulsion mechanisms,10,10,0,0.0001,0.0001,0.0
T14078,Multiple and Secondary Primary Cancers,10,10,0,0.0001,0.0001,0.0
T13988,Public Administration and Governance,0,20,20,0.0,0.0001,0.01
T11550,Text and Document Classification Technologies,12,8,-4,0.0001,0.0,-0.0
T11319,Curcumin's Biomedical Applications,12,8,-4,0.0001,0.0,-0.0
T10679,Service-Oriented Architecture and Web Services,14,6,-8,0.0001,0.0,-0.0
T12632,Visual Culture and Art Theory,14,6,-8,0.0001,0.0,-0.0
T11935,"Literacy, Media, and Education",10,10,0,0.0001,0.0001,0.0
T11954,Energy Efficiency and Management,13,7,-6,0.0001,0.0,-0.0
T13135,"Communism, Protests, Social Movements",11,9,-2,0.0001,0.0001,-0.0
T14275,Historical Medical Research and Treatments,12,8,-4,0.0001,0.0,-0.0
T12868,Photography and Visual Culture,10,10,0,0.0001,0.0001,0.0
T13632,Marriage and Sexual Relationships,15,5,-10,0.0001,0.0,-0.01
T12600,Eosinophilic Disorders and Syndromes,13,7,-6,0.0001,0.0,-0.0
T11491,CAR-T cell therapy research,17,3,-14,0.0001,0.0,-0.01
T11698,Underwater Acoustics Research,16,4,-12,0.0001,0.0,-0.01
T12629,Island Studies and Pacific Affairs,19,1,-18,0.0001,0.0,-0.01
T14493,Criminal Law and Evidence,15,5,-10,0.0001,0.0,-0.01
T12107,Leprosy Research and Treatment,11,9,-2,0.0001,0.0001,-0.0
T12916,COVID-19 impact on air quality,11,9,-2,0.0001,0.0001,-0.0
T14465,"Leadership, Behavior, and Decision-Making Studies",5,15,10,0.0,0.0001,0.01
T11300,Global Educational Policies and Reforms,11,9,-2,0.0001,0.0001,-0.0
T12644,Wildlife-Road Interactions and Conservation,11,9,-2,0.0001,0.0001,-0.0
T12989,Ocular Disorders and Treatments,11,9,-2,0.0001,0.0001,-0.0
T11202,Cavitation Phenomena in Pumps,12,8,-4,0.0001,0.0,-0.0
T13289,Infant Health and Development,16,4,-12,0.0001,0.0,-0.01
T10864,Fluid Dynamics and Mixing,14,6,-8,0.0001,0.0,-0.0
T10244,Chaos control and synchronization,9,11,2,0.0001,0.0001,0.0
T11672,Recycling and utilization of industrial and municipal waste in materials production,10,10,0,0.0001,0.0001,0.0
T12390,Comics and Graphic Narratives,10,10,0,0.0001,0.0001,0.0
T10667,Emotion and Mood Recognition,8,12,4,0.0,0.0001,0.0
T13021,Geology and Environmental Impact Studies,2,18,16,0.0,0.0001,0.01
T12521,Death Anxiety and Social Exclusion,16,4,-12,0.0001,0.0,-0.01
T12411,Shoulder and Clavicle Injuries,16,4,-12,0.0001,0.0,-0.01
T13807,Cultural Insights and Digital Impacts,7,13,6,0.0,0.0001,0.0
T13326,Biochemical and Structural Characterization,10,10,0,0.0001,0.0001,0.0
T12562,Synthesis and Characterization of Pyrroles,7,13,6,0.0,0.0001,0.0
T12973,Synthesis of Indole Derivatives,4,16,12,0.0,0.0001,0.01
T12438,Urticaria and Related Conditions,13,6,-7,0.0001,0.0,-0.0
T11390,Seaweed-derived Bioactive Compounds,12,7,-5,0.0001,0.0,-0.0
T12697,Water Quality Monitoring Technologies,15,4,-11,0.0001,0.0,-0.01
T10901,Advanced Data Compression Techniques,12,7,-5,0.0001,0.0,-0.0
T11973,Plant chemical constituents analysis,8,11,3,0.0,0.0001,0.0
T10491,Enhanced Oil Recovery Techniques,9,10,1,0.0001,0.0001,0.0
T12703,Oil Palm Production and Sustainability,11,8,-3,0.0001,0.0,-0.0
T13556,Historical Influence and Diplomacy,15,4,-11,0.0001,0.0,-0.01
T12970,"Names, Identity, and Discrimination Research",9,10,1,0.0001,0.0001,0.0
T13910,Computational and Text Analysis Methods,12,7,-5,0.0001,0.0,-0.0
T11582,Nanopore and Nanochannel Transport Studies,14,5,-9,0.0001,0.0,-0.01
T12124,Engineering Education and Curriculum Development,8,11,3,0.0,0.0001,0.0
T10962,Thermodynamic properties of mixtures,6,13,7,0.0,0.0001,0.0
T10101,Cloud Computing and Resource Management,11,8,-3,0.0001,0.0,-0.0
T13315,Occupational Health and Safety in Workplaces,1,18,17,0.0,0.0001,0.01
T13408,Corporate Law and Human Rights,12,7,-5,0.0001,0.0,-0.0
T10716,Soil and Unsaturated Flow,5,14,9,0.0,0.0001,0.01
T14313,Health and Well-being Studies,16,3,-13,0.0001,0.0,-0.01
T13588,Regional resilience and development,14,5,-9,0.0001,0.0,-0.01
T14092,"Ethics, Aesthetics, and Art",4,15,11,0.0,0.0001,0.01
T11481,Sulfur Compounds in Biology,12,7,-5,0.0001,0.0,-0.0
T12818,"Pneumothorax, Barotrauma, Emphysema",8,11,3,0.0,0.0001,0.0
T10633,Metallic Glasses and Amorphous Alloys,13,6,-7,0.0001,0.0,-0.0
T13339,Landscape and Cultural Studies,10,9,-1,0.0001,0.0001,-0.0
T12120,Air Quality Monitoring and Forecasting,9,10,1,0.0001,0.0001,0.0
T11704,Mobile Crowdsensing and Crowdsourcing,10,9,-1,0.0001,0.0001,-0.0
T13409,Paleopathology and ancient diseases,14,5,-9,0.0001,0.0,-0.01
T12489,Microbial Metabolites in Food Biotechnology,15,4,-11,0.0001,0.0,-0.01
T11898,Economics of Agriculture and Food Markets,7,12,5,0.0,0.0001,0.0
T13447,Educational and Psychological Assessments,18,1,-17,0.0001,0.0,-0.01
T13083,Advanced Text Analysis Techniques,15,4,-11,0.0001,0.0,-0.01
T12681,Global Healthcare and Medical Tourism,16,3,-13,0.0001,0.0,-0.01
T11619,Combustion and Detonation Processes,18,1,-17,0.0001,0.0,-0.01
T12510,Magneto-Optical Properties and Applications,19,0,-19,0.0001,0.0,-0.01
T12934,Plant and fungal interactions,19,0,-19,0.0001,0.0,-0.01
T14093,Global Health and Epidemiology,3,16,13,0.0,0.0001,0.01
T12817,Pharmacological Effects of Natural Compounds,17,2,-15,0.0001,0.0,-0.01
T11728,Thyroid and Parathyroid Surgery,12,7,-5,0.0001,0.0,-0.0
T12858,Plant Disease Resistance and Genetics,14,5,-9,0.0001,0.0,-0.01
T13133,Architecture and Art History Studies,10,9,-1,0.0001,0.0001,-0.0
T12426,Lymphatic Disorders and Treatments,11,8,-3,0.0001,0.0,-0.0
T12333,Abdominal Surgery and Complications,15,4,-11,0.0001,0.0,-0.01
T11607,Microwave and Dielectric Measurement Techniques,10,9,-1,0.0001,0.0001,-0.0
T12336,Insect Utilization and Effects,15,4,-11,0.0001,0.0,-0.01
T14210,Historical and Linguistic Studies,19,0,-19,0.0001,0.0,-0.01
T12516,Advanced Mathematical Theories and Applications,18,1,-17,0.0001,0.0,-0.01
T11066,Organic Food and Agriculture,13,6,-7,0.0001,0.0,-0.0
T11338,Advancements in Photolithography Techniques,10,9,-1,0.0001,0.0001,-0.0
T11866,Reconstructive Facial Surgery Techniques,9,10,1,0.0001,0.0001,0.0
T13569,Microscopic Colitis,16,3,-13,0.0001,0.0,-0.01
T13239,Phosphorus compounds and reactions,7,12,5,0.0,0.0001,0.0
T13024,Literary Theory and Cultural Hermeneutics,2,17,15,0.0,0.0001,0.01
T13591,Pasture and Agricultural Systems,10,9,-1,0.0001,0.0001,-0.0
T10927,Access Control and Trust,10,9,-1,0.0001,0.0001,-0.0
T12533,Aldose Reductase and Taurine,8,11,3,0.0,0.0001,0.0
T12642,Polymer-Based Agricultural Enhancements,10,9,-1,0.0001,0.0001,-0.0
T10369,Advanced MEMS and NEMS Technologies,8,11,3,0.0,0.0001,0.0
T14079,Mathematics Education and Programs,11,8,-3,0.0001,0.0,-0.0
T11361,Digital Radiography and Breast Imaging,9,10,1,0.0001,0.0001,0.0
T13808,Construction Engineering and Safety,12,7,-5,0.0001,0.0,-0.0
T14189,Intravenous Infusion Technology and Safety,7,12,5,0.0,0.0001,0.0
T12508,Functional Equations Stability Results,13,6,-7,0.0001,0.0,-0.0
T14172,Cultural and Social Studies in Latin America,16,3,-13,0.0001,0.0,-0.01
T11646,Nonlocal and gradient elasticity in micro/nano structures,11,8,-3,0.0001,0.0,-0.0
T13762,Education and Labor Relations,0,19,19,0.0,0.0001,0.01
T12971,Material Properties and Processing,18,0,-18,0.0001,0.0,-0.01
T12386,Advanced X-ray and CT Imaging,16,2,-14,0.0001,0.0,-0.01
T12837,American Environmental and Regional History,15,3,-12,0.0001,0.0,-0.01
T13869,Ocular and Laser Science Research,10,8,-2,0.0001,0.0,-0.0
T12738,Corporate Identity and Reputation,11,7,-4,0.0001,0.0,-0.0
T12375,Cuban History and Society,16,2,-14,0.0001,0.0,-0.01
T13132,"Hydropower, Displacement, Environmental Impact",10,8,-2,0.0001,0.0,-0.0
T11225,Geothermal Energy Systems and Applications,7,11,4,0.0,0.0001,0.0
T11099,Autonomous Vehicle Technology and Safety,6,12,6,0.0,0.0001,0.0
T12163,Aerosol Filtration and Electrostatic Precipitation,11,7,-4,0.0001,0.0,-0.0
T12932,Powder Metallurgy Techniques and Materials,7,11,4,0.0,0.0001,0.0
T10545,Optimization and Variational Analysis,5,13,8,0.0,0.0001,0.0
T13544,Women's cancer prevention and management,1,17,16,0.0,0.0001,0.01
T12643,Sustainability and Ecological Systems Analysis,8,10,2,0.0,0.0001,0.0
T11309,Music and Audio Processing,13,5,-8,0.0001,0.0,-0.0
T12051,Diversity and Impact of Dance,15,3,-12,0.0001,0.0,-0.01
T13533,Medical Case Reports and Studies,5,13,8,0.0,0.0001,0.0
T11625,Abdominal vascular conditions and treatments,7,11,4,0.0,0.0001,0.0
T11062,Gear and Bearing Dynamics Analysis,11,7,-4,0.0001,0.0,-0.0
T11001,Renin-Angiotensin System Studies,7,11,4,0.0,0.0001,0.0
T13672,Thomas Hardy Literature Studies,3,15,12,0.0,0.0001,0.01
T12926,Business Strategies and Management Research,1,17,16,0.0,0.0001,0.01
T12862,Catholicism and Religious Studies,1,17,16,0.0,0.0001,0.01
T12070,Writing and Handwriting Education,11,7,-4,0.0001,0.0,-0.0
T12016,Web Data Mining and Analysis,11,7,-4,0.0001,0.0,-0.0
T10159,Ionosphere and magnetosphere dynamics,10,8,-2,0.0001,0.0,-0.0
T12371,Electrical Contact Performance and Analysis,12,6,-6,0.0001,0.0,-0.0
T13006,Spanish History and Politics,9,9,0,0.0001,0.0001,0.0
T11470,Legume Nitrogen Fixing Symbiosis,16,2,-14,0.0001,0.0,-0.01
T12659,Innovation Diffusion and Forecasting,15,3,-12,0.0001,0.0,-0.01
T12610,RNA regulation and disease,15,3,-12,0.0001,0.0,-0.01
T14324,Insects and Parasite Interactions,14,4,-10,0.0001,0.0,-0.01
T12302,Advanced Nanomaterials in Catalysis,14,4,-10,0.0001,0.0,-0.01
T12563,History and Politics in Latin America,15,3,-12,0.0001,0.0,-0.01
T11414,Quantum optics and atomic interactions,16,2,-14,0.0001,0.0,-0.01
T13844,Higher Education Learning Practices,17,1,-16,0.0001,0.0,-0.01
T13761,HIV/AIDS oral health manifestations,15,3,-12,0.0001,0.0,-0.01
T13329,Joseph Conrad and Literature,18,0,-18,0.0001,0.0,-0.01
T10547,"Education, Achievement, and Giftedness",6,12,6,0.0,0.0001,0.0
T12789,Planarian Biology and Electrostimulation,15,3,-12,0.0001,0.0,-0.01
T11561,Protein Hydrolysis and Bioactive Peptides,17,1,-16,0.0001,0.0,-0.01
T12321,Insect Pheromone Research and Control,7,11,4,0.0,0.0001,0.0
T11501,TGF-β signaling in diseases,8,10,2,0.0,0.0001,0.0
T13540,Animal Diversity and Health Studies,14,4,-10,0.0001,0.0,-0.01
T12938,Material Selection and Properties,14,4,-10,0.0001,0.0,-0.01
T11341,Boron and Carbon Nanomaterials Research,8,10,2,0.0,0.0001,0.0
T11883,Embodied and Extended Cognition,12,6,-6,0.0001,0.0,-0.0
T11471,Block Copolymer Self-Assembly,10,8,-2,0.0001,0.0,-0.0
T11051,Sirtuins and Resveratrol in Medicine,11,7,-4,0.0001,0.0,-0.0
T11985,Marine Toxins and Detection Methods,15,3,-12,0.0001,0.0,-0.01
T12585,North African History and Literature,8,10,2,0.0,0.0001,0.0
T11778,Electrical and Bioimpedance Tomography,11,7,-4,0.0001,0.0,-0.0
T13000,World Systems and Global Transformations,6,12,6,0.0,0.0001,0.0
T13206,Neonatal skin health care,14,3,-11,0.0001,0.0,-0.01
T12108,Management of metastatic bone disease,10,7,-3,0.0001,0.0,-0.0
T12224,Nanofabrication and Lithography Techniques,9,8,-1,0.0001,0.0,-0.0
T11789,Land Rights and Reforms,11,6,-5,0.0001,0.0,-0.0
T13254,Macrophage Migration Inhibitory Factor,14,3,-11,0.0001,0.0,-0.01
T11181,Advanced Data Storage Technologies,12,5,-7,0.0001,0.0,-0.0
T12373,Linguistic research and analysis,10,7,-3,0.0001,0.0,-0.0
T10566,Laser-Matter Interactions and Applications,10,7,-3,0.0001,0.0,-0.0
T12105,Hygrothermal properties of building materials,10,7,-3,0.0001,0.0,-0.0
T11734,Decision Support System Applications,0,17,17,0.0,0.0001,0.01
T10986,RFID technology advancements,8,9,1,0.0,0.0001,0.0
T12626,"Cancer, Stress, Anesthesia, and Immune Response",10,7,-3,0.0001,0.0,-0.0
T13110,Colorectal and Anal Carcinomas,15,2,-13,0.0001,0.0,-0.01
T11444,Electromagnetic Compatibility and Noise Suppression,8,9,1,0.0,0.0001,0.0
T14015,Otitis Media and Relapsing Polychondritis,13,4,-9,0.0001,0.0,-0.01
T12320,Feminist Epistemology and Gender Studies,6,11,5,0.0,0.0001,0.0
T12878,Pharmaceutical Quality and Counterfeiting,9,8,-1,0.0001,0.0,-0.0
T13890,Remote Sensing and Land Use,2,15,13,0.0,0.0001,0.01
T13235,Management Theory and Practice,6,11,5,0.0,0.0001,0.0
T11753,Forest Management and Policy,10,7,-3,0.0001,0.0,-0.0
T13022,Health and Medical Studies,14,3,-11,0.0001,0.0,-0.01
T14006,"Linguistics, Language Diversity, and Identity",14,3,-11,0.0001,0.0,-0.01
T12503,Social Acceptance of Renewable Energy,9,8,-1,0.0001,0.0,-0.0
T14326,Ear and Head Tumors,12,5,-7,0.0001,0.0,-0.0
T13047,Pharmacological Receptor Mechanisms and Effects,17,0,-17,0.0001,0.0,-0.01
T12701,Biological Control of Invasive Species,14,3,-11,0.0001,0.0,-0.01
T12437,"Balkans: History, Politics, Society",9,8,-1,0.0001,0.0,-0.0
T11718,Physical Education and Pedagogy,8,9,1,0.0,0.0001,0.0
T11554,Vascular Procedures and Complications,5,12,7,0.0,0.0001,0.0
T12580,Vagus Nerve Stimulation Research,10,7,-3,0.0001,0.0,-0.0
T11308,Sphingolipid Metabolism and Signaling,6,11,5,0.0,0.0001,0.0
T11469,Lymphatic System and Diseases,10,7,-3,0.0001,0.0,-0.0
T14086,Military and Defense Studies,5,12,7,0.0,0.0001,0.0
T13086,Post-Soviet Geopolitical Dynamics,13,4,-9,0.0001,0.0,-0.01
T14099,Synthesis and Characterization of Heterocyclic Compounds,15,2,-13,0.0001,0.0,-0.01
T12136,Vanadium and Halogenation Chemistry,9,8,-1,0.0001,0.0,-0.0
T12992,Metastasis and carcinoma case studies,7,10,3,0.0,0.0001,0.0
T13879,Indigenous Peoples' Rights and Law,7,10,3,0.0,0.0001,0.0
T11796,Horticultural and Viticultural Research,13,4,-9,0.0001,0.0,-0.01
T12065,Hippo pathway signaling and YAP/TAZ,12,5,-7,0.0001,0.0,-0.0
T14219,Local Economic Development and Planning,7,10,3,0.0,0.0001,0.0
T12342,Vascular anomalies and interventions,8,9,1,0.0,0.0001,0.0
T10388,Advanced Steganography and Watermarking Techniques,7,10,3,0.0,0.0001,0.0
T13706,Management and Optimization Techniques,1,16,15,0.0,0.0001,0.01
T11019,Image Enhancement Techniques,10,7,-3,0.0001,0.0,-0.0
T12941,Embedded Systems and FPGA Design,0,17,17,0.0,0.0001,0.01
T13117,Health Education and Validation,0,17,17,0.0,0.0001,0.01
T13245,Samuel Beckett and Modernism,16,1,-15,0.0001,0.0,-0.01
T11602,Magnetic Bearings and Levitation Dynamics,13,4,-9,0.0001,0.0,-0.01
T13070,Cultural Identity and Heritage,5,12,7,0.0,0.0001,0.0
T11500,Evacuation and Crowd Dynamics,9,8,-1,0.0001,0.0,-0.0
T12014,"Fish biology, ecology, and behavior",15,2,-13,0.0001,0.0,-0.01
T13380,Sound Studies and Aurality,1,16,15,0.0,0.0001,0.01
T13714,Medieval Architecture and Archaeology,8,8,0,0.0,0.0,0.0
T12235,Child Abuse and Related Trauma,11,5,-6,0.0001,0.0,-0.0
T12832,Biocrusts and Microbial Ecology,15,1,-14,0.0001,0.0,-0.01
T13200,Spacecraft and Cryogenic Technologies,15,1,-14,0.0001,0.0,-0.01
T13155,Digital Communication and Language,12,4,-8,0.0001,0.0,-0.0
T12627,Graphene and Nanomaterials Applications,12,4,-8,0.0001,0.0,-0.0
T12915,Biochemical Acid Research Studies,14,2,-12,0.0001,0.0,-0.01
T13105,Synthesis and pharmacology of benzodiazepine derivatives,7,9,2,0.0,0.0001,0.0
T12329,Hemiptera Insect Studies,6,10,4,0.0,0.0001,0.0
T12007,Plasma and Flow Control in Aerodynamics,10,6,-4,0.0001,0.0,-0.0
T12313,Emotions and Moral Behavior,10,6,-4,0.0001,0.0,-0.0
T11522,VLSI and FPGA Design Techniques,6,10,4,0.0,0.0001,0.0
T13847,Literature Analysis and Criticism,11,5,-6,0.0001,0.0,-0.0
T11553,Acne and Rosacea Treatments and Effects,8,8,0,0.0,0.0,0.0
T13845,Classical Studies and Legal History,12,4,-8,0.0001,0.0,-0.0
T12221,Cybersecurity and Cyber Warfare Studies,11,5,-6,0.0001,0.0,-0.0
T11804,Quantum many-body systems,7,9,2,0.0,0.0001,0.0
T14085,Student Stress and Coping,0,16,16,0.0,0.0001,0.01
T10323,Analog and Mixed-Signal Circuit Design,7,9,2,0.0,0.0001,0.0
T14242,"Nutrition, Health, and Society Studies",9,7,-2,0.0001,0.0,-0.0
T12549,Image and Object Detection Techniques,10,6,-4,0.0001,0.0,-0.0
T13639,Paraquat toxicity studies and treatments,8,8,0,0.0,0.0,0.0
T13819,Collaborative and Sustainable Housing Initiatives,2,14,12,0.0,0.0001,0.01
T12440,Karl Barth and Christian Theology,2,14,12,0.0,0.0001,0.01
T10477,Astrophysics and Star Formation Studies,8,8,0,0.0,0.0,0.0
T13428,Anarchism and Radical Politics,8,8,0,0.0,0.0,0.0
T12247,Microbial Applications in Construction Materials,9,7,-2,0.0001,0.0,-0.0
T11189,Transplantation: Methods and Outcomes,6,10,4,0.0,0.0001,0.0
T11264,Coffee research and impacts,10,6,-4,0.0001,0.0,-0.0
T12154,Pelvic and Acetabular Injuries,11,5,-6,0.0001,0.0,-0.0
T12242,Latin American and Latino Studies,14,2,-12,0.0001,0.0,-0.01
T11256,Asian Studies and History,13,3,-10,0.0001,0.0,-0.01
T11547,Sesquiterpenes and Asteraceae Studies,6,10,4,0.0,0.0001,0.0
T13204,Competitive and Knowledge Intelligence,9,7,-2,0.0001,0.0,-0.0
T12890,Eurasian Exchange Networks,15,1,-14,0.0001,0.0,-0.01
T13504,African history and culture analysis,16,0,-16,0.0001,0.0,-0.01
T13171,Polymer Science and PVC,9,7,-2,0.0001,0.0,-0.0
T11900,Fungal Plant Pathogen Control,13,3,-10,0.0001,0.0,-0.01
T14002,"Art, Technology, and Culture",9,7,-2,0.0001,0.0,-0.0
T13901,State Capitalism and Financial Governance,15,1,-14,0.0001,0.0,-0.01
T11676,Parental Involvement in Education,7,9,2,0.0,0.0001,0.0
T11428,Advanced Mathematical Identities,9,7,-2,0.0001,0.0,-0.0
T11880,Forest ecology and management,9,7,-2,0.0001,0.0,-0.0
T12943,COVID-19 Digital Contact Tracing,10,6,-4,0.0001,0.0,-0.0
T11450,Model-Driven Software Engineering Techniques,12,4,-8,0.0001,0.0,-0.0
T13841,Psychology of Social Influence,14,2,-12,0.0001,0.0,-0.01
T12720,Multimedia Communication and Technology,12,4,-8,0.0001,0.0,-0.0
T13454,Phenothiazines and Benzothiazines Synthesis and Activities,15,1,-14,0.0001,0.0,-0.01
T12737,Electrical Fault Detection and Protection,15,1,-14,0.0001,0.0,-0.01
T13619,Geotechnical and Geomechanical Engineering,13,3,-10,0.0001,0.0,-0.01
T13354,Genetics and Physical Performance,11,5,-6,0.0001,0.0,-0.0
T10111,Remote Sensing in Agriculture,5,11,6,0.0,0.0001,0.0
T11172,Dermatologic Treatments and Research,8,8,0,0.0,0.0,0.0
T14106,Environmental and Sediment Control,6,10,4,0.0,0.0001,0.0
T14380,Libraries and Information Services,8,7,-1,0.0,0.0,-0.0
T13071,Digital Storytelling and Education,12,3,-9,0.0001,0.0,-0.01
T12615,Climate Change and Geoengineering,12,3,-9,0.0001,0.0,-0.01
T13069,Cocoa and Sweet Potato Agronomy,13,2,-11,0.0001,0.0,-0.01
T10727,Ultrasound Imaging and Elastography,6,9,3,0.0,0.0001,0.0
T14017,Legal Issues in Education,4,11,7,0.0,0.0001,0.0
T13489,Synthesis of β-Lactam Compounds,10,5,-5,0.0001,0.0,-0.0
T13469,"Environmental, Ecological, and Cultural Studies",6,9,3,0.0,0.0001,0.0
T11160,Acoustic Wave Resonator Technologies,12,3,-9,0.0001,0.0,-0.01
T11583,Advanced Measurement and Metrology Techniques,14,1,-13,0.0001,0.0,-0.01
T11164,Remote Sensing and LiDAR Applications,14,1,-13,0.0001,0.0,-0.01
T11661,Copper Interconnects and Reliability,15,0,-15,0.0001,0.0,-0.01
T12121,Cooperative Studies and Economics,6,9,3,0.0,0.0001,0.0
T13850,Night-time city culture,7,8,1,0.0,0.0,0.0
T14139,E-commerce and Technology Innovations,5,10,5,0.0,0.0001,0.0
T12649,Alkaloids: synthesis and pharmacology,4,11,7,0.0,0.0001,0.0
T14429,Global Political and Social Dynamics,1,14,13,0.0,0.0001,0.01
T14115,Legal processes and jurisprudence,1,14,13,0.0,0.0001,0.01
T10741,Video Coding and Compression Technologies,8,7,-1,0.0,0.0,-0.0
T13263,Building energy efficiency and sustainability,1,14,13,0.0,0.0001,0.01
T13226,Appreciative Inquiry and Organizational Change,2,13,11,0.0,0.0001,0.01
T14127,Food and Agricultural Sciences,0,15,15,0.0,0.0001,0.01
T13947,Media Discourse and Social  Analysis,0,15,15,0.0,0.0001,0.01
T13321,"Radio, Podcasts, and Digital Media",10,5,-5,0.0001,0.0,-0.0
T13887,Augustinian Studies and Theology,8,7,-1,0.0,0.0,-0.0
T12559,French Literature and Critical Theory,5,10,5,0.0,0.0001,0.0
T13366,Accounting Theory and Financial Reporting,0,15,15,0.0,0.0001,0.01
T13669,China's Global Influence and Migration,8,7,-1,0.0,0.0,-0.0
T13851,"Law, AI, and Intellectual Property",6,9,3,0.0,0.0001,0.0
T12995,Urban Development and Cultural Heritage,0,15,15,0.0,0.0001,0.01
T14517,Diverse Historical and Scientific Studies,7,8,1,0.0,0.0,0.0
T11865,Anorectal Disease Treatments and Outcomes,10,5,-5,0.0001,0.0,-0.0
T12743,Spanish Culture and Identity,9,6,-3,0.0001,0.0,-0.0
T12460,Pediatric Hepatobiliary Diseases and Treatments,14,1,-13,0.0001,0.0,-0.01
T13334,South Asian Cinema and Culture,14,1,-13,0.0001,0.0,-0.01
T11045,"Privacy, Security, and Data Protection",10,5,-5,0.0001,0.0,-0.0
T11167,Hair Growth and Disorders,10,5,-5,0.0001,0.0,-0.0
T11966,Silk-based biomaterials and applications,12,3,-9,0.0001,0.0,-0.01
T12358,Thermal and Kinetic Analysis,10,5,-5,0.0001,0.0,-0.0
T14514,Medical Research and Practices,14,1,-13,0.0001,0.0,-0.01
T13587,Q Methodology Applications,13,2,-11,0.0001,0.0,-0.01
T14076,Material Properties and Failure Mechanisms,15,0,-15,0.0001,0.0,-0.01
T13104,Chemical and Physical Properties of Materials,9,6,-3,0.0001,0.0,-0.0
T13966,Neurological and metabolic disorders,14,1,-13,0.0001,0.0,-0.01
T13897,Historical Economic and Legal Thought,4,11,7,0.0,0.0001,0.0
T12129,Global Energy Security and Policy,9,6,-3,0.0001,0.0,-0.0
T12834,Flowering Plant Growth and Cultivation,9,6,-3,0.0001,0.0,-0.0
T13313,Dupuytren's Contracture and Treatments,10,5,-5,0.0001,0.0,-0.0
T14186,Healthcare Systems and Practices,7,8,1,0.0,0.0,0.0
T12459,Nerve Injury and Rehabilitation,13,2,-11,0.0001,0.0,-0.01
T12138,Occupational Health and Performance,9,6,-3,0.0001,0.0,-0.0
T10806,Energetic Materials and Combustion,12,3,-9,0.0001,0.0,-0.01
T14280,Big Data Technologies and Applications,5,10,5,0.0,0.0001,0.0
T12609,Latin American socio-political dynamics,3,12,9,0.0,0.0001,0.01
T14448,EU Law and Policy Analysis,8,7,-1,0.0,0.0,-0.0
T11708,Photochromic and Fluorescence Chemistry,7,8,1,0.0,0.0,0.0
T12729,Tree Root and Stability Studies,9,6,-3,0.0001,0.0,-0.0
T13396,Agriculture and Rural Development Research,13,2,-11,0.0001,0.0,-0.01
T14146,Earthquake and Tsunami Effects,4,11,7,0.0,0.0001,0.0
T12881,linguistics and terminology studies,5,10,5,0.0,0.0001,0.0
T13149,Organizational Change and Leadership,1,14,13,0.0,0.0001,0.01
T11454,Cultural Differences and Values,11,4,-7,0.0001,0.0,-0.0
T12686,Central European national history,6,9,3,0.0,0.0001,0.0
T13099,"Health, Medicine and Society",9,6,-3,0.0001,0.0,-0.0
T12513,Rocket and propulsion systems research,11,3,-8,0.0001,0.0,-0.0
T12769,Stoma care and complications,7,7,0,0.0,0.0,0.0
T12466,Near-Field Optical Microscopy,12,2,-10,0.0001,0.0,-0.01
T13995,Globalization and political ideologies,2,12,10,0.0,0.0001,0.01
T10958,Ultrasound and Hyperthermia Applications,9,5,-4,0.0001,0.0,-0.0
T13458,Astronomical and nuclear sciences,11,3,-8,0.0001,0.0,-0.0
T12179,Art Education and Development,6,8,2,0.0,0.0,0.0
T12856,Transgenic Plants and Applications,7,7,0,0.0,0.0,0.0
T13162,African Studies and Ethnography,3,11,8,0.0,0.0001,0.0
T11032,VLSI and Analog Circuit Testing,8,6,-2,0.0,0.0,-0.0
T14135,Cancer and biochemical research,4,10,6,0.0,0.0001,0.0
T12200,Heusler alloys: electronic and magnetic properties,6,8,2,0.0,0.0,0.0
T12653,Cyclization and Aryne Chemistry,5,9,4,0.0,0.0001,0.0
T13437,Mechanisms of cancer metastasis,9,5,-4,0.0001,0.0,-0.0
T12101,Advanced Bandit Algorithms Research,9,5,-4,0.0001,0.0,-0.0
T13590,"Oral History, Memory, Narrative Analysis",7,7,0,0.0,0.0,0.0
T12447,Spider Taxonomy and Behavior Studies,3,11,8,0.0,0.0001,0.0
T11952,Landfill Environmental Impact Studies,3,11,8,0.0,0.0001,0.0
T13712,Kantian Philosophy and Modern Interpretations,3,11,8,0.0,0.0001,0.0
T11643,Building materials and conservation,11,3,-8,0.0001,0.0,-0.0
T11572,Information Technology Governance and Strategy,6,8,2,0.0,0.0,0.0
T11707,Gaze Tracking and Assistive Technology,7,7,0,0.0,0.0,0.0
T12305,Cassava research and cyanide,11,3,-8,0.0001,0.0,-0.0
T12290,Human Motion and Animation,6,8,2,0.0,0.0,0.0
T12956,Asian Geopolitics and Ethnography,13,1,-12,0.0001,0.0,-0.01
T11716,Random Matrices and Applications,14,0,-14,0.0001,0.0,-0.01
T13537,"German legal, social, and political studies",4,10,6,0.0,0.0001,0.0
T12565,Physics and Engineering Research Articles,14,0,-14,0.0001,0.0,-0.01
T11806,Service-Learning and Community Engagement,8,6,-2,0.0,0.0,-0.0
T13001,Restraint-Related Deaths,12,2,-10,0.0001,0.0,-0.01
T13711,Environmental Science and Technology,14,0,-14,0.0001,0.0,-0.01
T12203,Mobile Agent-Based Network Management,12,2,-10,0.0001,0.0,-0.01
T12863,Web and Library Services,11,3,-8,0.0001,0.0,-0.0
T14039,Ecology and biodiversity studies,11,3,-8,0.0001,0.0,-0.0
T11946,Antenna Design and Optimization,9,5,-4,0.0001,0.0,-0.0
T14030,Taxation and Legal Issues,12,2,-10,0.0001,0.0,-0.01
T13398,Data Analysis with R,8,6,-2,0.0,0.0,-0.0
T13583,Jury Decision Making Processes,5,9,4,0.0,0.0001,0.0
T13107,Congenital limb and hand anomalies,4,10,6,0.0,0.0001,0.0
T14166,European Monetary and Fiscal Policies,9,5,-4,0.0001,0.0,-0.0
T12311,Political Theology and Sovereignty,7,7,0,0.0,0.0,0.0
T11873,PAPR reduction in OFDM,10,4,-6,0.0001,0.0,-0.0
T13549,Minority Rights and Languages,1,13,12,0.0,0.0001,0.01
T14068,Organic and Inorganic Chemical Reactions,6,8,2,0.0,0.0,0.0
T12419,Phonocardiography and Auscultation Techniques,7,7,0,0.0,0.0,0.0
T13269,Orthoptera Research and Taxonomy,6,8,2,0.0,0.0,0.0
T12293,Dam Engineering and Safety,8,6,-2,0.0,0.0,-0.0
T14303,Polymer Synthesis and Characterization,0,14,14,0.0,0.0001,0.01
T13849,Enterobacteriaceae and Cronobacter Research,11,3,-8,0.0001,0.0,-0.0
T13463,Nanoporous metals and alloys,10,4,-6,0.0001,0.0,-0.0
T13066,Information Society and Technology Trends,0,14,14,0.0,0.0001,0.01
T12415,Employer Branding and e-HRM,6,7,1,0.0,0.0,0.0
T12866,Urologic and reproductive health conditions,12,1,-11,0.0001,0.0,-0.01
T14415,Biomedical Research and Pathophysiology,13,0,-13,0.0001,0.0,-0.01
T13462,Spanish Philosophy and Literature,6,7,1,0.0,0.0,0.0
T11173,Neurofibromatosis and Schwannoma Cases,9,4,-5,0.0001,0.0,-0.0
T12981,Conservation Techniques and Studies,11,2,-9,0.0001,0.0,-0.01
T13526,14-3-3 protein interactions,9,4,-5,0.0001,0.0,-0.0
T11400,Motivation and Self-Concept in Sports,11,2,-9,0.0001,0.0,-0.01
T13219,Mind wandering and attention,10,3,-7,0.0001,0.0,-0.0
T12740,Gait Recognition and Analysis,7,6,-1,0.0,0.0,-0.0
T12017,Recycling and Waste Management Techniques,12,1,-11,0.0001,0.0,-0.01
T12045,Rice Cultivation and Yield Improvement,9,4,-5,0.0001,0.0,-0.0
T11923,Mine drainage and remediation techniques,11,2,-9,0.0001,0.0,-0.01
T12432,Arctic and Russian Policy Studies,10,3,-7,0.0001,0.0,-0.0
T12420,Silicone and Siloxane Chemistry,9,4,-5,0.0001,0.0,-0.0
T13093,Electric Power Systems and Control,10,3,-7,0.0001,0.0,-0.0
T12216,Network Time Synchronization Technologies,8,5,-3,0.0,0.0,-0.0
T13382,Robotics and Automated Systems,6,7,1,0.0,0.0,0.0
T13940,Philosophy and Literary Analysis,6,7,1,0.0,0.0,0.0
T10130,Mathematics Education and Teaching Techniques,6,7,1,0.0,0.0,0.0
T13159,Structural mechanics and materials,3,10,7,0.0,0.0001,0.0
T14226,"Migration, Racism, and Human Rights",2,11,9,0.0,0.0001,0.01
T13625,Journalism and Media Studies,0,13,13,0.0,0.0001,0.01
T12908,"Media, Gender, and Advertising",8,5,-3,0.0,0.0,-0.0
T10431,Ethnobotanical and Medicinal Plants Studies,6,7,1,0.0,0.0,0.0
T12018,Coronary Artery Anomalies,8,5,-3,0.0,0.0,-0.0
T13347,Christian Theology and Mission,5,8,3,0.0,0.0,0.0
T12883,Sustainable Development and Environmental Management,0,13,13,0.0,0.0001,0.01
T13948,Gender and Women's Rights,3,10,7,0.0,0.0001,0.0
T12082,Takotsubo Cardiomyopathy and Associated Phenomena,8,5,-3,0.0,0.0,-0.0
T11248,Advanced Power Amplifier Design,7,6,-1,0.0,0.0,-0.0
T14292,"Migration, Policy, and Dickens Studies",6,7,1,0.0,0.0,0.0
T13752,Mechanics and Biomechanics Studies,9,4,-5,0.0001,0.0,-0.0
T14012,Comparative and International Law Studies,5,8,3,0.0,0.0,0.0
T11408,Advanced Optical Imaging Technologies,7,6,-1,0.0,0.0,-0.0
T13780,Diverse Education Studies and Reforms,11,2,-9,0.0001,0.0,-0.01
T10846,Photonic Crystal and Fiber Optics,8,5,-3,0.0,0.0,-0.0
T13230,Synthesis and Reactivity of Heterocycles,11,2,-9,0.0001,0.0,-0.01
T13906,Social Issues and Policies,13,0,-13,0.0001,0.0,-0.01
T13342,Art History and Market Analysis,13,0,-13,0.0001,0.0,-0.01
T13490,Aquatic Ecosystems and Biodiversity,6,7,1,0.0,0.0,0.0
T13154,Legal and Regulatory Analysis,13,0,-13,0.0001,0.0,-0.01
T11322,Facial Rejuvenation and Surgery Techniques,9,4,-5,0.0001,0.0,-0.0
T11485,Gastrointestinal Tumor Research and Treatment,8,5,-3,0.0,0.0,-0.0
T12270,Microwave-Assisted Synthesis and Applications,5,8,3,0.0,0.0,0.0
T13368,University Challenges and Reforms,3,10,7,0.0,0.0001,0.0
T14112,"Economic, financial, and policy analysis",11,2,-9,0.0001,0.0,-0.01
T12491,Superconductivity in MgB2 and Alloys,9,4,-5,0.0001,0.0,-0.0
T13075,Legal Systems and Judicial Processes,10,3,-7,0.0001,0.0,-0.0
T13653,"Commonwealth, Australian Politics and Federalism",11,2,-9,0.0001,0.0,-0.01
T10789,Interactive and Immersive Displays,10,3,-7,0.0001,0.0,-0.0
T13534,"Migration, Identity, and Health",7,6,-1,0.0,0.0,-0.0
T13060,Adventure Sports and Sensation Seeking,11,2,-9,0.0001,0.0,-0.01
T11513,stochastic dynamics and bifurcation,8,5,-3,0.0,0.0,-0.0
T14260,Impact of AI and Big Data on Business and Society,6,7,1,0.0,0.0,0.0
T13114,Image Processing Techniques and Applications,10,3,-7,0.0001,0.0,-0.0
T14444,Power Systems and Renewable Energy,5,8,3,0.0,0.0,0.0
T12849,Parvovirus B19 Infection Studies,12,1,-11,0.0001,0.0,-0.01
T13091,Human Health and Disease,10,3,-7,0.0001,0.0,-0.0
T12739,Historical Studies on Spain,9,4,-5,0.0001,0.0,-0.0
T13216,Artistic and Creative Research,6,7,1,0.0,0.0,0.0
T12199,Vascular Anomalies and Treatments,10,3,-7,0.0001,0.0,-0.0
T12905,Management Systems and Quality Improvement,0,13,13,0.0,0.0001,0.01
T12055,Boron Compounds in Chemistry,10,3,-7,0.0001,0.0,-0.0
T13833,Ferrocene Chemistry and Applications,8,5,-3,0.0,0.0,-0.0
T11476,Graph theory and applications,10,3,-7,0.0001,0.0,-0.0
T12614,Indigenous Studies and Ecology,13,0,-13,0.0001,0.0,-0.01
T12453,Infectious Aortic and Vascular Conditions,8,5,-3,0.0,0.0,-0.0
T14054,Humic Substances and Bio-Organic Studies,0,13,13,0.0,0.0001,0.01
T12670,"Urbanism, Landscape, and Tourism Studies",0,13,13,0.0,0.0001,0.01
T14206,Animal Law and Welfare,0,13,13,0.0,0.0001,0.01
T13778,Comparative and World Literature,0,13,13,0.0,0.0001,0.01
T12972,German Colonialism and Identity Studies,5,7,2,0.0,0.0,0.0
T13867,Economic Growth and Development,10,2,-8,0.0001,0.0,-0.0
T11701,Space Satellite Systems and Control,7,5,-2,0.0,0.0,-0.0
T12968,Research on scale insects,6,6,0,0.0,0.0,0.0
T12480,Health and Wellbeing Research,12,0,-12,0.0001,0.0,-0.01
T13095,Plant-based Medicinal Research,12,0,-12,0.0001,0.0,-0.01
T12323,Asian American and Pacific Histories,11,1,-10,0.0001,0.0,-0.01
T13690,Quality and Safety in Healthcare,9,3,-6,0.0001,0.0,-0.0
T13699,Public Spaces through Art,9,3,-6,0.0001,0.0,-0.0
T14199,Historical and Scientific Studies,11,1,-10,0.0001,0.0,-0.01
T11504,Advanced Authentication Protocols Security,3,9,6,0.0,0.0001,0.0
T14223,Ayn Rand and Brontë studies,2,10,8,0.0,0.0001,0.0
T12273,Latin American Urban Studies,8,4,-4,0.0,0.0,-0.0
T13115,Axial and Atropisomeric Chirality Synthesis,10,2,-8,0.0001,0.0,-0.0
T12962,Nephrotoxicity and Medicinal Plants,7,5,-2,0.0,0.0,-0.0
T12400,Neurogenetic and Muscular Disorders Research,10,2,-8,0.0001,0.0,-0.0
T11511,Dyeing and Modifying Textile Fibers,8,4,-4,0.0,0.0,-0.0
T12424,Earthquake Detection and Analysis,12,0,-12,0.0001,0.0,-0.01
T11517,Advanced optical system design,1,11,10,0.0,0.0001,0.01
T12093,Greenhouse Technology and Climate Control,7,5,-2,0.0,0.0,-0.0
T10639,Advanced Software Engineering Methodologies,3,9,6,0.0,0.0001,0.0
T13250,Semiotics and Representation Studies,1,11,10,0.0,0.0001,0.01
T12631,Head and Neck Anomalies,7,5,-2,0.0,0.0,-0.0
T14024,"Education, Philosophy, and Society",5,7,2,0.0,0.0,0.0
T13683,"Architecture, Art, Education",4,8,4,0.0,0.0,0.0
T14306,Technology Assessment and Management,11,1,-10,0.0001,0.0,-0.01
T13325,Dye analysis and toxicity,9,3,-6,0.0001,0.0,-0.0
T12456,Geotourism and Geoheritage Conservation,6,6,0,0.0,0.0,0.0
T13921,Biological Stains and Phytochemicals,1,11,10,0.0,0.0001,0.01
T12957,"War, Ethics, and Justification",9,3,-6,0.0001,0.0,-0.0
T12408,Educational Innovations and Challenges,7,5,-2,0.0,0.0,-0.0
T11384,Critical Race Theory in Education,4,8,4,0.0,0.0,0.0
T13266,Indigenous Studies in Latin America,0,12,12,0.0,0.0001,0.01
T11909,Histiocytic Disorders and Treatments,6,6,0,0.0,0.0,0.0
T14160,Water management and technologies,6,6,0,0.0,0.0,0.0
T12309,solar cell performance optimization,6,6,0,0.0,0.0,0.0
T11802,Chemical Looping and Thermochemical Processes,5,7,2,0.0,0.0,0.0
T12176,Optimization and Packing Problems,5,7,2,0.0,0.0,0.0
T12340,Anodic Oxide Films and Nanostructures,9,3,-6,0.0001,0.0,-0.0
T13310,Subtitles and Audiovisual Media,8,4,-4,0.0,0.0,-0.0
T12864,Psychoanalysis and Social Critique,4,8,4,0.0,0.0,0.0
T13087,Simone de Beauvoir and Sartre,7,5,-2,0.0,0.0,-0.0
T12448,Paranormal Experiences and Beliefs,9,3,-6,0.0001,0.0,-0.0
T13949,Belt and Road Initiative,6,6,0,0.0,0.0,0.0
T11972,Chromium effects and bioremediation,11,1,-10,0.0001,0.0,-0.01
T10828,Biometric Identification and Security,7,5,-2,0.0,0.0,-0.0
T11933,Mining and Resource Management,9,3,-6,0.0001,0.0,-0.0
T13471,Cognitive Functions and Memory,7,5,-2,0.0,0.0,-0.0
T14184,Metallurgy and Material Science,8,4,-4,0.0,0.0,-0.0
T12019,Calibration and Measurement Techniques,7,5,-2,0.0,0.0,-0.0
T13185,Phytochemistry and Bioactive Compounds,10,2,-8,0.0001,0.0,-0.0
T11755,Transboundary Water Resource Management,11,1,-10,0.0001,0.0,-0.01
T12907,Mechanical Engineering and Vibrations Research,12,0,-12,0.0001,0.0,-0.01
T11323,Gamma-ray bursts and supernovae,8,4,-4,0.0,0.0,-0.0
T12745,Dietary Effects on Health,10,2,-8,0.0001,0.0,-0.0
T11478,Caching and Content Delivery,8,4,-4,0.0,0.0,-0.0
T13840,Chemical Safety and Risk Management,5,7,2,0.0,0.0,0.0
T12294,Agricultural Science and Fertilization,8,4,-4,0.0,0.0,-0.0
T12901,Tattoo and Body Piercing Complications,7,5,-2,0.0,0.0,-0.0
T11624,Constructed Wetlands for Wastewater Treatment,4,8,4,0.0,0.0,0.0
T13769,Fusion and Plasma Physics Studies,9,3,-6,0.0001,0.0,-0.0
T12265,Gun Ownership and Violence Research,7,5,-2,0.0,0.0,-0.0
T13330,"Theater, Performance, and Music History",7,5,-2,0.0,0.0,-0.0
T14500,Advanced Mathematical Theories,11,1,-10,0.0001,0.0,-0.01
T12857,Medieval Philosophy and Theology,6,6,0,0.0,0.0,0.0
T12483,Global Urban Networks and Dynamics,7,5,-2,0.0,0.0,-0.0
T13860,Arts and Performance Studies,1,11,10,0.0,0.0001,0.01
T12303,Tensor decomposition and applications,10,2,-8,0.0001,0.0,-0.0
T12771,Plant pathogens and resistance mechanisms,10,2,-8,0.0001,0.0,-0.0
T10851,Optical Wireless Communication Technologies,6,6,0,0.0,0.0,0.0
T11823,Natural Resources and Economic Development,6,6,0,0.0,0.0,0.0
T13796,Neurological Disorders and Treatments,10,2,-8,0.0001,0.0,-0.0
T13399,Unemployment and Economic Growth,1,11,10,0.0,0.0001,0.01
T14498,Educational Technology in Learning,1,11,10,0.0,0.0001,0.01
T14159,Discourse Analysis and Cultural Communication,3,9,6,0.0,0.0001,0.0
T12960,Heterotopic Ossification and Related Conditions,6,6,0,0.0,0.0,0.0
T12810,Real-time simulation and control systems,11,1,-10,0.0001,0.0,-0.01
T13553,Age of Information Optimization,7,5,-2,0.0,0.0,-0.0
T12080,Injection Molding Process and Properties,6,6,0,0.0,0.0,0.0
T11277,Thermal properties of materials,7,5,-2,0.0,0.0,-0.0
T10367,Agricultural Innovations and Practices,6,6,0,0.0,0.0,0.0
T14248,Social impacts of COVID-19,0,12,12,0.0,0.0001,0.01
T12577,Geography and Environmental Studies,0,12,12,0.0,0.0001,0.01
T12795,Banana Cultivation and Research,10,1,-9,0.0001,0.0,-0.01
T12464,Neurological Complications and Syndromes,6,5,-1,0.0,0.0,-0.0
T14049,Plant and Fungal Species Descriptions,8,3,-5,0.0,0.0,-0.0
T11947,Molten salt chemistry and electrochemical processes,7,4,-3,0.0,0.0,-0.0
T14144,Neurological Disease Mechanisms and Treatments,8,3,-5,0.0,0.0,-0.0
T12656,"Climate Change, Adaptation, Migration",10,1,-9,0.0001,0.0,-0.01
T11842,Ultrasound and Cavitation Phenomena,5,6,1,0.0,0.0,0.0
T10808,Electric and Hybrid Vehicle Technologies,4,7,3,0.0,0.0,0.0
T12330,Botanical Research and Applications,10,1,-9,0.0001,0.0,-0.01
T13388,Rangeland and Wildlife Management,9,2,-7,0.0001,0.0,-0.0
T12059,Berberine and alkaloids research,8,3,-5,0.0,0.0,-0.0
T10524,Traffic control and management,4,7,3,0.0,0.0,0.0
T13128,Chromatography in Natural Products,8,3,-5,0.0,0.0,-0.0
T13600,Science Education and Perceptions,9,2,-7,0.0001,0.0,-0.0
T13523,"Mathematics, Computing, and Information Processing",11,0,-11,0.0001,0.0,-0.01
T14445,Transportation Safety and Impact Analysis,6,5,-1,0.0,0.0,-0.0
T12000,Systems Engineering Methodologies and Applications,4,7,3,0.0,0.0,0.0
T13478,Agricultural Development and Management,2,9,7,0.0,0.0001,0.0
T12896,Sustainable Agricultural Systems Analysis,3,8,5,0.0,0.0,0.0
T10874,Electromagnetic Fields and Biological Effects,3,8,5,0.0,0.0,0.0
T12949,South Asian Studies and Diaspora,6,5,-1,0.0,0.0,-0.0
T12999,Medieval History and Crusades,4,7,3,0.0,0.0,0.0
T14388,Medieval European History and Architecture,3,8,5,0.0,0.0,0.0
T12772,Control and Stability of Dynamical Systems,4,7,3,0.0,0.0,0.0
T13766,"Media, Journalism, and Communication History",1,10,9,0.0,0.0001,0.01
T13477,Sustainable Design and Development,0,11,11,0.0,0.0001,0.01
T11386,Bee Products Chemical Analysis,9,2,-7,0.0001,0.0,-0.0
T12712,Myofascial pain diagnosis and treatment,9,2,-7,0.0001,0.0,-0.0
T10363,Low-power high-performance VLSI design,3,8,5,0.0,0.0,0.0
T14343,Hispanic-African Historical Relations,8,3,-5,0.0,0.0,-0.0
T12122,Physical Unclonable Functions (PUFs) and Hardware Security,5,6,1,0.0,0.0,0.0
T11849,Intellectual Capital and Performance Analysis,6,5,-1,0.0,0.0,-0.0
T13186,Russia and Soviet political economy,9,2,-7,0.0001,0.0,-0.0
T13554,Brazilian cultural history and politics,4,7,3,0.0,0.0,0.0
T13221,Biological Activity of Diterpenoids and Biflavonoids,4,7,3,0.0,0.0,0.0
T13419,Ego Development and Educational Practices,8,3,-5,0.0,0.0,-0.0
T13302,Amazonian Archaeology and Ethnohistory,9,2,-7,0.0001,0.0,-0.0
T13734,Advanced Computational Techniques and Applications,3,8,5,0.0,0.0,0.0
T13260,Linguistics and Language Studies,0,11,11,0.0,0.0001,0.01
T11050,Photorefractive and Nonlinear Optics,8,3,-5,0.0,0.0,-0.0
T13912,"Language, Linguistics, Cultural Analysis",8,3,-5,0.0,0.0,-0.0
T12903,Globalization and Cultural Identity,11,0,-11,0.0001,0.0,-0.01
T14142,Multicultural Socio-Legal Studies,11,0,-11,0.0001,0.0,-0.01
T12001,Fossil Insects in Amber,11,0,-11,0.0001,0.0,-0.01
T14064,Organizational and Employee Performance,11,0,-11,0.0001,0.0,-0.01
T11575,Nonlinear Photonic Systems,11,0,-11,0.0001,0.0,-0.01
T14247,"Borges, Kipling, and Jewish Identity",10,1,-9,0.0001,0.0,-0.01
T12064,Intraperitoneal and Appendiceal Malignancies,6,5,-1,0.0,0.0,-0.0
T12069,Commutative Algebra and Its Applications,8,3,-5,0.0,0.0,-0.0
T12796,Dermatological and COVID-19 studies,8,3,-5,0.0,0.0,-0.0
T14245,Biomarkers in Disease Mechanisms,7,4,-3,0.0,0.0,-0.0
T13121,Radio Wave Propagation Studies,3,8,5,0.0,0.0,0.0
T10324,Microbial bioremediation and biosurfactants,3,8,5,0.0,0.0,0.0
T14378,Entomological Studies and Ecology,11,0,-11,0.0001,0.0,-0.01
T12917,Astronomy and Astrophysical Research,10,1,-9,0.0001,0.0,-0.01
T10284,Anaerobic Digestion and Biogas Production,5,6,1,0.0,0.0,0.0
T10306,Liquid Crystal Research Advancements,4,7,3,0.0,0.0,0.0
T13057,Asian Industrial and Economic Development,5,6,1,0.0,0.0,0.0
T14193,Literature and Cultural Memory,9,2,-7,0.0001,0.0,-0.0
T12991,Phytase and its Applications,10,1,-9,0.0001,0.0,-0.01
T12083,Karst Systems and Hydrogeology,6,5,-1,0.0,0.0,-0.0
T13665,Legal and cultural studies analysis,1,10,9,0.0,0.0001,0.01
T12966,Russian Literature and Bakhtin Studies,1,10,9,0.0,0.0001,0.01
T12127,Software System Performance and Reliability,9,2,-7,0.0001,0.0,-0.0
T12374,European and International Contract Law,9,2,-7,0.0001,0.0,-0.0
T14330,Library Science and Information Systems,7,4,-3,0.0,0.0,-0.0
T12790,Nursing Diagnosis and Documentation,6,5,-1,0.0,0.0,-0.0
T13151,Business Strategies and Innovation,5,6,1,0.0,0.0,0.0
T10714,Software-Defined Networks and 5G,7,3,-4,0.0,0.0,-0.0
T12761,Data Stream Mining Techniques,7,3,-4,0.0,0.0,-0.0
T12899,Engineering and Technology Innovations,5,5,0,0.0,0.0,0.0
T13928,Advanced Sensor Technologies Research,3,7,4,0.0,0.0,0.0
T12773,Water Quality and Resources Studies,5,5,0,0.0,0.0,0.0
T13438,Environmental Conservation and Management,10,0,-10,0.0001,0.0,-0.01
T12742,Sunflower and Safflower Cultivation,5,5,0,0.0,0.0,0.0
T11494,Coleoptera Taxonomy and Distribution,6,4,-2,0.0,0.0,-0.0
T11370,Mobile Learning in Education,8,2,-6,0.0,0.0,-0.0
T13618,Regional Socio-Economic Development Trends,8,2,-6,0.0,0.0,-0.0
T14515,International Law and Aviation,9,1,-8,0.0001,0.0,-0.0
T12357,Digital Media Forensic Detection,3,7,4,0.0,0.0,0.0
T12546,Smart Parking Systems Research,7,3,-4,0.0,0.0,-0.0
T13412,Education and Technology Integration,8,2,-6,0.0,0.0,-0.0
T13178,Theology and Canon Law Studies,6,4,-2,0.0,0.0,-0.0
T13942,International Human Rights and Reproductive Law,5,5,0,0.0,0.0,0.0
T12053,Minimally Invasive Surgical Techniques,1,9,8,0.0,0.0001,0.0
T14521,Medicinal Plant Research,1,9,8,0.0,0.0001,0.0
T14270,Simulation and Modeling Applications,1,9,8,0.0,0.0001,0.0
T13007,Economic Sanctions and International Relations,6,4,-2,0.0,0.0,-0.0
T13863,Cultural History and Identity Formation,6,4,-2,0.0,0.0,-0.0
T12725,transportation and logistics systems,0,10,10,0.0,0.0001,0.01
T13314,Lymphadenopathy Diagnosis and Analysis,5,5,0,0.0,0.0,0.0
T14057,Hypertrophic osteoarthropathy and related conditions,7,3,-4,0.0,0.0,-0.0
T12575,Medical History and Research,5,5,0,0.0,0.0,0.0
T11805,Agricultural economics and policies,1,9,8,0.0,0.0001,0.0
T14291,Indonesian Legal and Regulatory Studies,6,4,-2,0.0,0.0,-0.0
T11140,Natural Antidiabetic Agents Studies,4,6,2,0.0,0.0,0.0
T14296,Climate Change and Sustainable Development,1,9,8,0.0,0.0001,0.0
T12192,Polysaccharides Composition and Applications,4,6,2,0.0,0.0,0.0
T10951,Cryptographic Implementations and Security,4,6,2,0.0,0.0,0.0
T12482,Tunneling and Rock Mechanics,4,6,2,0.0,0.0,0.0
T13240,Bioeconomy and Sustainability Development,5,5,0,0.0,0.0,0.0
T13784,Jewish Identity and Society,7,3,-4,0.0,0.0,-0.0
T12284,Emotional Labor in Professions,5,5,0,0.0,0.0,0.0
T11662,Legal Cases and Commentary,7,3,-4,0.0,0.0,-0.0
T13175,Historical Astronomy and Related Studies,6,4,-2,0.0,0.0,-0.0
T10655,GNSS positioning and interference,4,6,2,0.0,0.0,0.0
T13019,African Studies and Geopolitics,7,3,-4,0.0,0.0,-0.0
T13379,"Multiculturalism, Politics, Migration, Gender",9,1,-8,0.0001,0.0,-0.0
T11063,Rough Sets and Fuzzy Logic,9,1,-8,0.0001,0.0,-0.0
T12876,Potassium and Related Disorders,4,6,2,0.0,0.0,0.0
T11398,Hand Gesture Recognition Systems,7,3,-4,0.0,0.0,-0.0
T13213,Mechanical Failure Analysis and Simulation,8,2,-6,0.0,0.0,-0.0
T14028,Healthcare and Venom Research,9,1,-8,0.0001,0.0,-0.0
T11745,Potato Plant Research,9,1,-8,0.0001,0.0,-0.0
T12550,"Politics and Conflicts in Afghanistan, Pakistan, and Middle East",9,1,-8,0.0001,0.0,-0.0
T12099,Advanced materials and composites,9,1,-8,0.0001,0.0,-0.0
T12495,Electrostatic Discharge in Electronics,10,0,-10,0.0001,0.0,-0.01
T12805,Cognitive Science and Mapping,10,0,-10,0.0001,0.0,-0.01
T10744,Astrophysical Phenomena and Observations,9,1,-8,0.0001,0.0,-0.0
T12092,Erosion and Abrasive Machining,5,5,0,0.0,0.0,0.0
T13164,Quality and Management Systems,3,7,4,0.0,0.0,0.0
T13092,Environmental Chemistry and Analysis,7,3,-4,0.0,0.0,-0.0
T14152,Healthcare Facilities Design and Sustainability,2,8,6,0.0,0.0,0.0
T12436,Agronomic Practices and Intercropping Systems,5,5,0,0.0,0.0,0.0
T12976,Magnetic and Electromagnetic Effects,10,0,-10,0.0001,0.0,-0.01
T11836,Bryophyte Studies and Records,8,2,-6,0.0,0.0,-0.0
T13811,Earth Systems and Cosmic Evolution,6,4,-2,0.0,0.0,-0.0
T14289,"Anthropology: Ethics, History, Culture",7,3,-4,0.0,0.0,-0.0
T13167,"Historical, Literary, and Cultural Studies",7,3,-4,0.0,0.0,-0.0
T12316,Oil Spill Detection and Mitigation,7,3,-4,0.0,0.0,-0.0
T12593,Communication in Education and Healthcare,8,2,-6,0.0,0.0,-0.0
T13793,Environmental and Analytical Chemistry Studies,1,9,8,0.0,0.0001,0.0
T11360,Flame retardant materials and properties,8,2,-6,0.0,0.0,-0.0
T12135,Fuzzy Systems and Optimization,4,6,2,0.0,0.0,0.0
T13967,"Conservation, Ecology, Wildlife Education",2,8,6,0.0,0.0,0.0
T12709,Optimization and Mathematical Programming,3,7,4,0.0,0.0,0.0
T11939,Public-Private Partnership Projects,5,5,0,0.0,0.0,0.0
T12920,Healthcare and Environmental Waste Management,7,3,-4,0.0,0.0,-0.0
T11527,3D IC and TSV technologies,5,5,0,0.0,0.0,0.0
T14288,"Law, Rights, and Freedoms",2,8,6,0.0,0.0,0.0
T14177,Water Resources and Management,6,4,-2,0.0,0.0,-0.0
T11424,Security and Verification in Computing,7,3,-4,0.0,0.0,-0.0
T13191,Dispute Resolution and Class Actions,9,1,-8,0.0001,0.0,-0.0
T12004,Advanced Frequency and Time Standards,6,4,-2,0.0,0.0,-0.0
T12355,Genetic and rare skin diseases.,2,8,6,0.0,0.0,0.0
T11652,Imbalanced Data Classification Techniques,5,5,0,0.0,0.0,0.0
T13622,Historical and Environmental Studies,1,9,8,0.0,0.0001,0.0
T12452,Electrowetting and Microfluidic Technologies,6,3,-3,0.0,0.0,-0.0
T14176,Interdisciplinary Cultural and Social Studies,9,0,-9,0.0001,0.0,-0.01
T13763,Historical Legal Studies and Society,6,3,-3,0.0,0.0,-0.0
T12095,Vehicle emissions and performance,8,1,-7,0.0,0.0,-0.0
T11125,Petri Nets in System Modeling,7,2,-5,0.0,0.0,-0.0
T10568,Thermodynamic and Exergetic Analyses of Power and Cooling Systems,4,5,1,0.0,0.0,0.0
T13108,Therapeutic Uses of Natural Elements,8,1,-7,0.0,0.0,-0.0
T13209,Cold Fusion and Nuclear Reactions,7,2,-5,0.0,0.0,-0.0
T11723,Optical Coatings and Gratings,6,3,-3,0.0,0.0,-0.0
T11498,Security in Wireless Sensor Networks,6,3,-3,0.0,0.0,-0.0
T12597,Fire Detection and Safety Systems,5,4,-1,0.0,0.0,-0.0
T12698,3D Modeling in Geospatial Applications,6,3,-3,0.0,0.0,-0.0
T12161,Plant Surface Properties and Treatments,8,1,-7,0.0,0.0,-0.0
T13595,Archaeology and Cultural Heritage,1,8,7,0.0,0.0,0.0
T11630,Petroleum Processing and Analysis,6,3,-3,0.0,0.0,-0.0
T14372,Environmental and Biological Research in Conflict Zones,7,2,-5,0.0,0.0,-0.0
T13861,Health and Lifestyle Studies,5,4,-1,0.0,0.0,-0.0
T12208,Occupational exposure and asthma,6,3,-3,0.0,0.0,-0.0
T14488,Chemical and Physical Studies,2,7,5,0.0,0.0,0.0
T14333,Dermatoglyphics and Human Traits,5,4,-1,0.0,0.0,-0.0
T12132,Hymenoptera taxonomy and phylogeny,2,7,5,0.0,0.0,0.0
T14169,Public Health and Environmental Issues,1,8,7,0.0,0.0,0.0
T12683,Studies on Chitinases and Chitosanases,5,4,-1,0.0,0.0,-0.0
T13136,Community-based Tourism Development and Sustainability,3,6,3,0.0,0.0,0.0
T12807,Consumer Behavior and Market Dynamics,0,9,9,0.0,0.0001,0.01
T14104,Developmental and Educational Neuropsychology,1,8,7,0.0,0.0,0.0
T13433,Short Stories in Global Literature,5,4,-1,0.0,0.0,-0.0
T13889,Advanced Materials and Semiconductor Technologies,1,8,7,0.0,0.0,0.0
T10817,Multicomponent Synthesis of Heterocycles,3,6,3,0.0,0.0,0.0
T14178,Environmental Science and Water Management,6,3,-3,0.0,0.0,-0.0
T14362,Diverse Legal and Medical Studies,1,8,7,0.0,0.0,0.0
T13030,Survey Sampling and Estimation Techniques,2,7,5,0.0,0.0,0.0
T12238,Green IT and Sustainability,2,7,5,0.0,0.0,0.0
T11342,Carbon and Quantum Dots Applications,5,4,-1,0.0,0.0,-0.0
T11800,User Authentication and Security Systems,6,3,-3,0.0,0.0,-0.0
T12079,IoT Networks and Protocols,4,5,1,0.0,0.0,0.0
T13578,Stonefly species taxonomy and ecology,0,9,9,0.0,0.0001,0.01
T13623,Linguistic Studies and Language Acquisition,8,1,-7,0.0,0.0,-0.0
T10232,Optical Network Technologies,6,3,-3,0.0,0.0,-0.0
T11132,Psychoanalysis and Psychopathology Research,3,6,3,0.0,0.0,0.0
T13042,Economic and Fiscal Studies,1,8,7,0.0,0.0,0.0
T13705,Australian Indigenous Culture and History,8,1,-7,0.0,0.0,-0.0
T11053,Process Optimization and Integration,7,2,-5,0.0,0.0,-0.0
T11301,Advanced Surface Polishing Techniques,8,1,-7,0.0,0.0,-0.0
T12724,Water-Energy-Food Nexus Studies,8,1,-7,0.0,0.0,-0.0
T12173,Body Contouring and Surgery,9,0,-9,0.0001,0.0,-0.01
T12685,Phytochemical compounds biological activities,9,0,-9,0.0001,0.0,-0.01
T13317,"Media, Communication, and Education",5,4,-1,0.0,0.0,-0.0
T11907,Copper-based nanomaterials and applications,6,3,-3,0.0,0.0,-0.0
T14148,Kierkegaardian Philosophy and Influence,4,5,1,0.0,0.0,0.0
T13900,Contemporary and Historical Greek Studies,8,1,-7,0.0,0.0,-0.0
T14342,"Military, Security, and Education Studies",4,5,1,0.0,0.0,0.0
T14040,Problem Solving Skills Development,7,2,-5,0.0,0.0,-0.0
T12785,Hong Kong and Taiwan Politics,8,1,-7,0.0,0.0,-0.0
T12133,Pragmatism in Philosophy and Education,6,3,-3,0.0,0.0,-0.0
T12682,Smart Materials for Construction,8,1,-7,0.0,0.0,-0.0
T14053,Dengue and Mosquito Control Research,1,8,7,0.0,0.0,0.0
T10348,"Indigenous Health, Education, and Rights",6,3,-3,0.0,0.0,-0.0
T11608,Dielectric materials and actuators,5,4,-1,0.0,0.0,-0.0
T12937,Chemotherapy-related skin toxicity,5,4,-1,0.0,0.0,-0.0
T11127,Solid State Laser Technologies,6,3,-3,0.0,0.0,-0.0
T11598,Internet Traffic Analysis and Secure E-voting,7,2,-5,0.0,0.0,-0.0
T13002,Southeast Asian Sociopolitical Studies,8,1,-7,0.0,0.0,-0.0
T11869,Per- and polyfluoroalkyl substances research,5,4,-1,0.0,0.0,-0.0
T13545,Philosophical and Theoretical Analysis,1,8,7,0.0,0.0,0.0
T13455,"Decadence, Literature, and Society",1,8,7,0.0,0.0,0.0
T13350,Myxozoan Parasites in Aquatic Species,5,4,-1,0.0,0.0,-0.0
T13926,"Feminism, Gender, and Sexuality Studies",4,5,1,0.0,0.0,0.0
T13682,Engineering Education and Pedagogy,2,7,5,0.0,0.0,0.0
T13131,Collaborative Teaching and Inclusion,5,4,-1,0.0,0.0,-0.0
T13236,Geotechnical and construction materials studies,1,8,7,0.0,0.0,0.0
T11955,Urban and spatial planning,5,4,-1,0.0,0.0,-0.0
T13513,Urban and sociocultural dynamics,0,9,9,0.0,0.0001,0.01
T11654,Advanced Mathematical Physics Problems,7,2,-5,0.0,0.0,-0.0
T12630,African Botany and Ecology Studies,9,0,-9,0.0001,0.0,-0.01
T12820,Chromatin Remodeling and Cancer,6,3,-3,0.0,0.0,-0.0
T12723,Hannah Arendt's Political Philosophy,5,4,-1,0.0,0.0,-0.0
T13143,Child Therapy and Development,7,2,-5,0.0,0.0,-0.0
T10561,Educational Research and Methods,0,9,9,0.0,0.0001,0.01
T12338,Digital literacy in education,4,4,0,0.0,0.0,0.0
T13389,German Economic Analysis & Policies,4,4,0,0.0,0.0,0.0
T12699,Electromagnetic Launch and Propulsion Technology,8,0,-8,0.0,0.0,-0.0
T13061,Literacy and Educational Practices,3,5,2,0.0,0.0,0.0
T14276,Power Systems and Technologies,6,2,-4,0.0,0.0,-0.0
T13613,"Health, Education, and Cultural Studies",8,0,-8,0.0,0.0,-0.0
T10460,Electronic Packaging and Soldering Technologies,4,4,0,0.0,0.0,0.0
T14192,"Literature, Film, and Journalism Analysis",5,3,-2,0.0,0.0,-0.0
T13891,Engineering Diagnostics and Reliability,8,0,-8,0.0,0.0,-0.0
T14401,"Technology, Environment, Urban Planning",8,0,-8,0.0,0.0,-0.0
T13697,Biliary and Gastrointestinal Fistulas,6,2,-4,0.0,0.0,-0.0
T12855,Peanut Plant Research Studies,8,0,-8,0.0,0.0,-0.0
T11659,Advanced Image Fusion Techniques,5,3,-2,0.0,0.0,-0.0
T14165,Inflammation biomarkers and pathways,3,5,2,0.0,0.0,0.0
T11423,Pesticide Residue Analysis and Safety,5,3,-2,0.0,0.0,-0.0
T12314,Nuts composition and effects,8,0,-8,0.0,0.0,-0.0
T12875,Thermal Expansion and Ionic Conductivity,4,4,0,0.0,0.0,0.0
T12607,Personal Information Management and User Behavior,6,2,-4,0.0,0.0,-0.0
T12571,Soybean genetics and cultivation,5,3,-2,0.0,0.0,-0.0
T13931,Philosophy and Historical Thought,3,5,2,0.0,0.0,0.0
T12115,Genetic and Environmental Crop Studies,7,1,-6,0.0,0.0,-0.0
T11656,Turtle Biology and Conservation,5,3,-2,0.0,0.0,-0.0
T13603,Corporate Social Responsibility and Sustainability,1,7,6,0.0,0.0,0.0
T11739,Microwave Imaging and Scattering Analysis,3,5,2,0.0,0.0,0.0
T13249,Dielectric properties of ceramics,3,5,2,0.0,0.0,0.0
T12347,Ginger and Zingiberaceae research,4,4,0,0.0,0.0,0.0
T14035,"Literature, Culture, and Aesthetics",2,6,4,0.0,0.0,0.0
T12869,Occupational Health and Burnout,0,8,8,0.0,0.0,0.0
T13637,Calpain Protease Function and Regulation,5,3,-2,0.0,0.0,-0.0
T12611,Neural Networks and Reservoir Computing,7,1,-6,0.0,0.0,-0.0
T12468,Radiation Effects and Dosimetry,2,6,4,0.0,0.0,0.0
T13268,Photographic and Visual Arts,1,7,6,0.0,0.0,0.0
T12985,Maritime Security and History,6,2,-4,0.0,0.0,-0.0
T12186,Phosphorus and nutrient management,5,3,-2,0.0,0.0,-0.0
T13864,Indigenous Cultures and History,3,5,2,0.0,0.0,0.0
T12318,Quinazolinone synthesis and applications,5,3,-2,0.0,0.0,-0.0
T10905,Solar Thermal and Photovoltaic Systems,4,4,0,0.0,0.0,0.0
T13168,Plant Ecology and Taxonomy Studies,4,4,0,0.0,0.0,0.0
T13624,Social Sciences and Policies,3,5,2,0.0,0.0,0.0
T14304,Transport Systems and Technology,3,5,2,0.0,0.0,0.0
T14314,"Violence, Religion, and Philosophy",1,7,6,0.0,0.0,0.0
T10750,Fermentation and Sensory Analysis,7,1,-6,0.0,0.0,-0.0
T12049,Tuberous Sclerosis Complex Research,5,3,-2,0.0,0.0,-0.0
T12024,Ultra-Wideband Communications Technology,4,4,0,0.0,0.0,0.0
T12625,Sympathectomy and Hyperhidrosis Treatments,7,1,-6,0.0,0.0,-0.0
T14468,Plant Ecology and Soil Science,7,1,-6,0.0,0.0,-0.0
T11709,Traditional Chinese Medicine Analysis,7,1,-6,0.0,0.0,-0.0
T13839,"Tourism, Volunteerism, and Development",7,1,-6,0.0,0.0,-0.0
T12892,Social Power and Status Dynamics,5,3,-2,0.0,0.0,-0.0
T10847,Advanced Optical Network Technologies,7,1,-6,0.0,0.0,-0.0
T13142,GABA and Rice Research,8,0,-8,0.0,0.0,-0.0
T13238,Botanical Studies and Applications,8,0,-8,0.0,0.0,-0.0
T10153,"Education, sociology, and vocational training",5,3,-2,0.0,0.0,-0.0
T12348,Rural Development and Agriculture,4,4,0,0.0,0.0,0.0
T13081,Digital Education and Society,3,5,2,0.0,0.0,0.0
T13184,Research in Social Sciences,8,0,-8,0.0,0.0,-0.0
T12139,Advanced Thermodynamic Systems and Engines,6,2,-4,0.0,0.0,-0.0
T12730,"Weber, Simmel, Sociological Theory",5,3,-2,0.0,0.0,-0.0
T13704,French Literature and Poetry,4,4,0,0.0,0.0,0.0
T13596,"Grouting, Rheology, and Soil Mechanics",7,1,-6,0.0,0.0,-0.0
T11996,Random lasers and scattering media,4,4,0,0.0,0.0,0.0
T12850,Field-Flow Fractionation Techniques,6,2,-4,0.0,0.0,-0.0
T10761,Vehicular Ad Hoc Networks (VANETs),7,1,-6,0.0,0.0,-0.0
T13493,Optical and Acousto-Optic Technologies,8,0,-8,0.0,0.0,-0.0
T11803,Superconducting and THz Device Technology,6,2,-4,0.0,0.0,-0.0
T13959,"Swearing, Euphemism, Multilingualism",6,2,-4,0.0,0.0,-0.0
T12874,Digital Imaging for Blood Diseases,7,1,-6,0.0,0.0,-0.0
T11564,Mathematical Inequalities and Applications,1,7,6,0.0,0.0,0.0
T13733,Moravian Church and William Blake,5,3,-2,0.0,0.0,-0.0
T12677,Sports Dynamics and Biomechanics,4,4,0,0.0,0.0,0.0
T13914,European Cultural and National Identity,2,6,4,0.0,0.0,0.0
T14254,Digital Media and Visual Art,5,3,-2,0.0,0.0,-0.0
T13165,Agricultural safety and regulations,2,6,4,0.0,0.0,0.0
T13242,Male Reproductive Health Studies,3,5,2,0.0,0.0,0.0
T14508,Vocational Education and Training,1,7,6,0.0,0.0,0.0
T14124,"Food, Nutrition, and Cultural Practices",0,8,8,0.0,0.0,0.0
T13033,Social Sciences and Governance,5,3,-2,0.0,0.0,-0.0
T13530,Climate Change and Environmental Impact,0,8,8,0.0,0.0,0.0
T11401,Minerals Flotation and Separation Techniques,5,3,-2,0.0,0.0,-0.0
T11749,Iterative Learning Control Systems,7,1,-6,0.0,0.0,-0.0
T13644,Control Systems in Engineering,3,5,2,0.0,0.0,0.0
T13614,Social and Economic Solidarity,1,7,6,0.0,0.0,0.0
T13298,Solar Energy Systems and Technologies,0,8,8,0.0,0.0,0.0
T14031,Global and Cross-Cultural Management,0,8,8,0.0,0.0,0.0
T13112,Nutrition and Health Studies,0,8,8,0.0,0.0,0.0
T13505,Apelin-related biomedical research,7,0,-7,0.0,0.0,-0.0
T14356,Organizational Leadership and Management Strategies,4,3,-1,0.0,0.0,-0.0
T14094,Italy: Economic History and Contemporary Issues,6,1,-5,0.0,0.0,-0.0
T13034,Information Systems Education and Curriculum Development,6,1,-5,0.0,0.0,-0.0
T13747,Sociopolitical Dynamics in Russia,5,2,-3,0.0,0.0,-0.0
T13220,Plant and Fungal Interactions Research,5,2,-3,0.0,0.0,-0.0
T13886,Operations Management Techniques,7,0,-7,0.0,0.0,-0.0
T14394,Cognitive Science and Education Research,7,0,-7,0.0,0.0,-0.0
T13113,Engineering Technology and Methodologies,7,0,-7,0.0,0.0,-0.0
T14300,Legal and Social Philosophy,4,3,-1,0.0,0.0,-0.0
T14081,Linguistic Education and Pedagogy,5,2,-3,0.0,0.0,-0.0
T11931,Organoselenium and organotellurium chemistry,4,3,-1,0.0,0.0,-0.0
T11774,Adsorption and Cooling Systems,3,4,1,0.0,0.0,0.0
T10259,Sociology and Education Studies,7,0,-7,0.0,0.0,-0.0
T12312,"Culture, Economy, and Development Studies",3,4,1,0.0,0.0,0.0
T13824,National Identity and Symbolism,6,1,-5,0.0,0.0,-0.0
T12885,Digital Innovation in Industries,5,2,-3,0.0,0.0,-0.0
T13074,Global Financial Regulation and Crises,3,4,1,0.0,0.0,0.0
T13774,Citizenship Education and Democracy,1,6,5,0.0,0.0,0.0
T13085,"Education, Psychology, and Social Research",2,5,3,0.0,0.0,0.0
T13657,Aortic Thrombus and Embolism,3,4,1,0.0,0.0,0.0
T14045,"Health, Education, and Physical Culture",3,4,1,0.0,0.0,0.0
T12695,Urinary and Genital Oncology Studies,4,3,-1,0.0,0.0,-0.0
T13543,Oropharyngeal Anatomy and Pathologies,4,3,-1,0.0,0.0,-0.0
T12278,Vascular Tumors and Angiosarcomas,3,4,1,0.0,0.0,0.0
T12042,Satellite Communication Systems,3,4,1,0.0,0.0,0.0
T14232,Water Resource Management and Quality,1,6,5,0.0,0.0,0.0
T12106,Surface Treatment and Residual Stress,1,6,5,0.0,0.0,0.0
T13772,Geomechanics and Mining Engineering,3,4,1,0.0,0.0,0.0
T11612,Stochastic Gradient Optimization Techniques,4,3,-1,0.0,0.0,-0.0
T13681,Engineering and Information Technology,3,4,1,0.0,0.0,0.0
T13360,Economic and Social Issues,5,2,-3,0.0,0.0,-0.0
T13730,"Martial Arts: Techniques, Psychology, and Education",2,5,3,0.0,0.0,0.0
T13821,Coaching Methods and Impact,4,3,-1,0.0,0.0,-0.0
T12566,Nitrogen and Sulfur Effects on Brassica,6,1,-5,0.0,0.0,-0.0
T13319,Film in Education and Therapy,3,4,1,0.0,0.0,0.0
T12636,Regional Development and Innovation,3,4,1,0.0,0.0,0.0
T14140,Elite Sociology and Global Capitalism,4,3,-1,0.0,0.0,-0.0
T14354,Emergency Medicine Education and Research,0,7,7,0.0,0.0,0.0
T14137,"Agriculture, Soil, Plant Science",6,1,-5,0.0,0.0,-0.0
T14061,Educational Practices and Policies,5,2,-3,0.0,0.0,-0.0
T12498,Latin American Cultural Politics,3,4,1,0.0,0.0,0.0
T12257,Bioactive natural compounds,4,3,-1,0.0,0.0,-0.0
T12078,Environmental remediation with nanomaterials,4,3,-1,0.0,0.0,-0.0
T10910,Corporate Governance and Management,5,2,-3,0.0,0.0,-0.0
T12584,Hospitality and Tourism Education,5,2,-3,0.0,0.0,-0.0
T12654,Xenotransplantation and immune response,5,2,-3,0.0,0.0,-0.0
T12195,Aerogels and thermal insulation,6,1,-5,0.0,0.0,-0.0
T12661,Iterative Methods for Nonlinear Equations,6,1,-5,0.0,0.0,-0.0
T11615,Control and Dynamics of Mobile Robots,4,3,-1,0.0,0.0,-0.0
T13510,Nostalgia and Consumer Behavior,5,2,-3,0.0,0.0,-0.0
T10805,Vehicle Dynamics and Control Systems,3,4,1,0.0,0.0,0.0
T14120,Thallium and Germanium Studies,7,0,-7,0.0,0.0,-0.0
T12385,Food Quality and Safety Studies,7,0,-7,0.0,0.0,-0.0
T14164,Marine and Offshore Engineering Studies,7,0,-7,0.0,0.0,-0.0
T13685,Material Science and Thermodynamics,7,0,-7,0.0,0.0,-0.0
T14143,Economic and Technological Innovation,7,0,-7,0.0,0.0,-0.0
T12008,Solar-Powered Water Purification Methods,4,3,-1,0.0,0.0,-0.0
T14479,Freezing and Crystallization Processes,4,3,-1,0.0,0.0,-0.0
T13915,Public Health in Brazil,5,2,-3,0.0,0.0,-0.0
T10933,Real-Time Systems Scheduling,5,2,-3,0.0,0.0,-0.0
T13856,Advanced Power Generation Technologies,4,3,-1,0.0,0.0,-0.0
T13434,Cancer Research and Treatment,7,0,-7,0.0,0.0,-0.0
T13828,Natural Products and Biological Research,7,0,-7,0.0,0.0,-0.0
T11275,Composting and Vermicomposting Techniques,2,5,3,0.0,0.0,0.0
T10507,Biodiesel Production and Applications,4,3,-1,0.0,0.0,-0.0
T14470,Advanced Data Processing Techniques,7,0,-7,0.0,0.0,-0.0
T11297,Ferroptosis and cancer prognosis,5,2,-3,0.0,0.0,-0.0
T12652,International Maritime Law Issues,6,1,-5,0.0,0.0,-0.0
T13563,Chemical Analysis and Environmental Impact,5,2,-3,0.0,0.0,-0.0
T13866,Occupational health in dentistry,4,3,-1,0.0,0.0,-0.0
T13440,Electromagnetic Effects on Materials,5,2,-3,0.0,0.0,-0.0
T10411,Proteins in Food Systems,7,0,-7,0.0,0.0,-0.0
T13050,Oil and Gas Production Techniques,7,0,-7,0.0,0.0,-0.0
T12865,Tailings Management and Properties,4,3,-1,0.0,0.0,-0.0
T13572,German Security and Defense Policies,3,4,1,0.0,0.0,0.0
T14320,Optics and Image Analysis,7,0,-7,0.0,0.0,-0.0
T13777,Cognitive and psychological constructs research,6,1,-5,0.0,0.0,-0.0
T12511,Medieval and Classical Philosophy,6,1,-5,0.0,0.0,-0.0
T14335,Educational Robotics and Engineering,6,1,-5,0.0,0.0,-0.0
T10931,Direction-of-Arrival Estimation Techniques,2,5,3,0.0,0.0,0.0
T11524,Advanced Aircraft Design and Technologies,3,4,1,0.0,0.0,0.0
T12792,Soil Management and Crop Yield,3,4,1,0.0,0.0,0.0
T12978,Innovative Teaching Methodologies in Social Sciences,3,4,1,0.0,0.0,0.0
T14427,Environmental Monitoring and Data Management,1,6,5,0.0,0.0,0.0
T13684,Political Dynamics in Latin America,2,5,3,0.0,0.0,0.0
T14302,European Politics and Security,5,2,-3,0.0,0.0,-0.0
T14516,English Language Learning and Teaching,1,6,5,0.0,0.0,0.0
T11811,Cutaneous lymphoproliferative disorders research,5,2,-3,0.0,0.0,-0.0
T13088,Legal and Labor Studies,0,7,7,0.0,0.0,0.0
T14038,"Youth, Politics, and Society",0,7,7,0.0,0.0,0.0
T12469,"Chaos, Complexity, and Education",0,7,7,0.0,0.0,0.0
T12898,Induction Heating and Inverter Technology,5,2,-3,0.0,0.0,-0.0
T10820,Fuzzy Logic and Control Systems,3,4,1,0.0,0.0,0.0
T11487,Automotive and Human Injury Biomechanics,6,1,-5,0.0,0.0,-0.0
T14466,"Migration, Health, Geopolitics, Historical Geography",2,5,3,0.0,0.0,0.0
T10869,Polysaccharides and Plant Cell Walls,3,4,1,0.0,0.0,0.0
T14285,Biopolymer Synthesis and Applications,7,0,-7,0.0,0.0,-0.0
T12931,Educational Methods and Outcomes,0,7,7,0.0,0.0,0.0
T13538,Linguistics and Language Analysis,0,7,7,0.0,0.0,0.0
T12884,Educational Assessment and Pedagogy,0,7,7,0.0,0.0,0.0
T14494,American Literature and Culture,0,7,7,0.0,0.0,0.0
T13629,Text Readability and Simplification,6,0,-6,0.0,0.0,-0.0
T12428,Global Trade and Competitiveness,5,1,-4,0.0,0.0,-0.0
T13473,Economic Zones and Regional Development,5,1,-4,0.0,0.0,-0.0
T12676,Machine Learning and ELM,5,1,-4,0.0,0.0,-0.0
T12455,Mediterranean and Iberian flora and fauna,5,1,-4,0.0,0.0,-0.0
T13720,Benford’s Law and Fraud Detection,5,1,-4,0.0,0.0,-0.0
T11978,Soil Mechanics and Vehicle Dynamics,5,1,-4,0.0,0.0,-0.0
T14489,Basque language and culture studies,3,3,0,0.0,0.0,0.0
T12515,Gender and Technology in Education,4,2,-2,0.0,0.0,-0.0
T12218,Coal and Its By-products,3,3,0,0.0,0.0,0.0
T13153,Rousseau and Enlightenment Thought,5,1,-4,0.0,0.0,-0.0
T11566,Laser Applications in Dentistry and Medicine,5,1,-4,0.0,0.0,-0.0
T12889,"Psychoanalysis, Philosophy, and Politics",4,2,-2,0.0,0.0,-0.0
T13207,Youth Substance Use and School Attendance,4,2,-2,0.0,0.0,-0.0
T13878,Case Reports on Hematomas,4,2,-2,0.0,0.0,-0.0
T12036,Argentine historical studies,2,4,2,0.0,0.0,0.0
T14480,Historical Education and Society,6,0,-6,0.0,0.0,-0.0
T13063,Education and experiences of immigrants and refugees,4,2,-2,0.0,0.0,-0.0
T13014,Peace and Human Rights Education,3,3,0,0.0,0.0,0.0
T14402,Political and Social Issues,5,1,-4,0.0,0.0,-0.0
T13137,Strategic Planning and Analysis,2,4,2,0.0,0.0,0.0
T14512,Technology and Human Factors in Education and Health,1,5,4,0.0,0.0,0.0
T12657,Phytochemistry Medicinal Plant Applications,1,5,4,0.0,0.0,0.0
T13664,Genome Rearrangement Algorithms,3,3,0,0.0,0.0,0.0
T12391,Artificial Immune Systems Applications,4,2,-2,0.0,0.0,-0.0
T14138,Life Cycle Costing Analysis,1,5,4,0.0,0.0,0.0
T12479,Web Application Security Vulnerabilities,4,2,-2,0.0,0.0,-0.0
T13306,Geography and Education Methods,2,4,2,0.0,0.0,0.0
T11555,Methodologies in Health Research and Practice,0,6,6,0.0,0.0,0.0
T13758,Energy Law and Policy,1,5,4,0.0,0.0,0.0
T13925,Offshore Engineering and Technologies,4,2,-2,0.0,0.0,-0.0
T13444,Medical Research and Treatments,4,2,-2,0.0,0.0,-0.0
T12451,Smart Grid and Power Systems,4,2,-2,0.0,0.0,-0.0
T14055,Consumer Packaging Perceptions and Trends,3,3,0,0.0,0.0,0.0
T13991,Nuclear Receptors and Signaling,5,1,-4,0.0,0.0,-0.0
T14010,Food Industry and Aquatic Biology,3,3,0,0.0,0.0,0.0
T12244,Healthcare Education and Workforce Issues,4,2,-2,0.0,0.0,-0.0
T12530,Bioactive Natural Diterpenoids Research,5,1,-4,0.0,0.0,-0.0
T13008,Agricultural Practices and Plant Genetics,6,0,-6,0.0,0.0,-0.0
T12717,Space exploration and regulation,6,0,-6,0.0,0.0,-0.0
T14009,Ecology and Conservation Studies,6,0,-6,0.0,0.0,-0.0
T14518,American Sports and Literature,6,0,-6,0.0,0.0,-0.0
T13749,"Hungarian Social, Economic and Educational Studies",6,0,-6,0.0,0.0,-0.0
T14510,Medical Imaging and Analysis,5,1,-4,0.0,0.0,-0.0
T12393,Workplace Spirituality and Leadership,4,2,-2,0.0,0.0,-0.0
T14381,"Psychiatry, Mental Health, Neuroscience",2,4,2,0.0,0.0,0.0
T14453,Sustainability and Innovation in Business,2,4,2,0.0,0.0,0.0
T12998,Education and Islamic Studies,6,0,-6,0.0,0.0,-0.0
T13217,Pigment Synthesis and Properties,5,1,-4,0.0,0.0,-0.0
T13813,Oral and Craniofacial Lesions,5,1,-4,0.0,0.0,-0.0
T14246,E-Learning and Knowledge Management,6,0,-6,0.0,0.0,-0.0
T12478,Wikis in Education and Collaboration,4,2,-2,0.0,0.0,-0.0
T12389,Infrared Target Detection Methodologies,4,2,-2,0.0,0.0,-0.0
T13361,Coconut Research and Applications,5,1,-4,0.0,0.0,-0.0
T12946,Fractal and DNA sequence analysis,5,1,-4,0.0,0.0,-0.0
T12959,Engineering and Materials Science Studies,6,0,-6,0.0,0.0,-0.0
T10651,"IPv6, Mobility, Handover, Networks, Security",3,3,0,0.0,0.0,0.0
T11484,Adaptive optics and wavefront sensing,5,1,-4,0.0,0.0,-0.0
T11557,Lubricants and Their Additives,5,1,-4,0.0,0.0,-0.0
T12808,Ferroelectric and Negative Capacitance Devices,5,1,-4,0.0,0.0,-0.0
T13825,Economic Policies and Impacts,5,1,-4,0.0,0.0,-0.0
T14272,Agricultural and Food Production Studies,2,4,2,0.0,0.0,0.0
T13902,Indian History and Philosophy,5,1,-4,0.0,0.0,-0.0
T11765,Circular RNAs in diseases,2,4,2,0.0,0.0,0.0
T12523,Nasolacrimal Duct Obstruction Treatments,4,2,-2,0.0,0.0,-0.0
T14312,Historical Studies in Central America,3,3,0,0.0,0.0,0.0
T14315,Feminist Theory and Gender Studies,1,5,4,0.0,0.0,0.0
T12882,Jungian Analytical Psychology,5,1,-4,0.0,0.0,-0.0
T13038,Internet of Things and AI,4,2,-2,0.0,0.0,-0.0
T14520,Sustainable Urban and Rural Development,1,5,4,0.0,0.0,0.0
T14181,Academic Freedom and Politics,3,3,0,0.0,0.0,0.0
T13381,Heart rate and cardiovascular health,3,3,0,0.0,0.0,0.0
T13010,Agriculture and Agroindustry Studies,2,4,2,0.0,0.0,0.0
T12936,"Conflict, Peace, and Violence in Colombia",3,3,0,0.0,0.0,0.0
T13284,Psychology Research and Bibliometrics,0,6,6,0.0,0.0,0.0
T13662,Qualitative research in health,0,6,6,0.0,0.0,0.0
T13783,"Feminism, Gender, and Intersectionality",0,6,6,0.0,0.0,0.0
T13894,Indian Economic and Social Development,5,1,-4,0.0,0.0,-0.0
T12087,Natural Compound Pharmacology Studies,4,2,-2,0.0,0.0,-0.0
T11165,Image and Video Quality Assessment,4,2,-2,0.0,0.0,-0.0
T14191,Historical Art and Architecture Studies,4,2,-2,0.0,0.0,-0.0
T14025,Educational Technology and Assessment,4,2,-2,0.0,0.0,-0.0
T11017,Chaos-based Image/Signal Encryption,5,1,-4,0.0,0.0,-0.0
T12376,Corporate Management and Leadership,3,3,0,0.0,0.0,0.0
T14481,Renewable Energy and Sustainability,4,2,-2,0.0,0.0,-0.0
T13363,Soft tissue tumors and treatment,2,4,2,0.0,0.0,0.0
T13089,Medieval and Early Modern Iberia,1,5,4,0.0,0.0,0.0
T13259,American Jewish Fiction Analysis,1,5,4,0.0,0.0,0.0
T14284,Social Sciences and Humanities,0,6,6,0.0,0.0,0.0
T13674,Computer Science and Engineering,0,6,6,0.0,0.0,0.0
T10457,Education Pedagogy and Practices,0,6,6,0.0,0.0,0.0
T14116,Aviation History and Innovations,0,6,6,0.0,0.0,0.0
T11820,Learning Styles and Cognitive Differences,0,6,6,0.0,0.0,0.0
T12787,Human Behavior and Motivation,3,2,-1,0.0,0.0,-0.0
T12175,Social Representations and Identity,5,0,-5,0.0,0.0,-0.0
T14404,European Socioeconomic and Political Studies,3,2,-1,0.0,0.0,-0.0
T13333,American Political and Social Dynamics,2,3,1,0.0,0.0,0.0
T13358,Livestock Management and Performance Improvement,5,0,-5,0.0,0.0,-0.0
T12177,Resource-Constrained Project Scheduling,3,2,-1,0.0,0.0,-0.0
T13642,Organizational Downsizing and Restructuring,3,2,-1,0.0,0.0,-0.0
T11857,Archaeological and Historical Studies,2,3,1,0.0,0.0,0.0
T12665,Bamboo properties and applications,3,2,-1,0.0,0.0,-0.0
T14441,"Religion, Theology, History, Judaism, Christianity",2,3,1,0.0,0.0,0.0
T12003,Bioenergy crop production and management,4,1,-3,0.0,0.0,-0.0
T14347,Big Data and Digital Economy,5,0,-5,0.0,0.0,-0.0
T12904,Diverse Educational Innovations Studies,5,0,-5,0.0,0.0,-0.0
T11691,Forest Insect Ecology and Management,3,2,-1,0.0,0.0,-0.0
T14131,Giambattista Vico and Joyce,1,4,3,0.0,0.0,0.0
T13192,Forensic Fingerprint Detection Methods,3,2,-1,0.0,0.0,-0.0
T12641,Historical and socio-economic studies of Spain and related regions,3,2,-1,0.0,0.0,-0.0
T14357,"Architecture, Design, and Social History",5,0,-5,0.0,0.0,-0.0
T14329,Science and Climate Studies,5,0,-5,0.0,0.0,-0.0
T12184,Linguistics and Education Research,3,2,-1,0.0,0.0,-0.0
T12476,Intraoperative Neuromonitoring and Anesthetic Effects,2,3,1,0.0,0.0,0.0
T14426,"Religion, Gender, and Enlightenment",4,1,-3,0.0,0.0,-0.0
T13212,German Social Sciences and History,4,1,-3,0.0,0.0,-0.0
T13795,"Language, Communication, and Linguistic Studies",2,3,1,0.0,0.0,0.0
T13401,Social and Cultural Studies,2,3,1,0.0,0.0,0.0
T14365,Leaf Properties and Growth Measurement,3,2,-1,0.0,0.0,-0.0
T14222,Knowledge Management and Technology,3,2,-1,0.0,0.0,-0.0
T13566,Global Educational Reforms and Inequalities,5,0,-5,0.0,0.0,-0.0
T14269,Food Security and Socioeconomic Dynamics,1,4,3,0.0,0.0,0.0
T14309,Employee Performance and Management,0,5,5,0.0,0.0,0.0
T14008,Balkan and Eastern European Studies,4,1,-3,0.0,0.0,-0.0
T13788,Cultural Identity and Representation,1,4,3,0.0,0.0,0.0
T13756,International Environmental Law and Policies,2,3,1,0.0,0.0,0.0
T12472,Plant responses to water stress,2,3,1,0.0,0.0,0.0
T13077,Cancer-related cognitive impairment studies,4,1,-3,0.0,0.0,-0.0
T14371,Hume's philosophy and hair distribution,1,4,3,0.0,0.0,0.0
T13426,Kruppel-like factors research,4,1,-3,0.0,0.0,-0.0
T13029,South Asian Studies and Conflicts,3,2,-1,0.0,0.0,-0.0
T13812,AI and HR Technologies,2,3,1,0.0,0.0,0.0
T12522,Mathematics Education and Pedagogy,0,5,5,0.0,0.0,0.0
T14297,Plant-Derived Bioactive Compounds,2,3,1,0.0,0.0,0.0
T10488,Nanocomposite Films for Food Packaging,2,3,1,0.0,0.0,0.0
T12914,Infectious Disease Case Reports and Treatments,4,1,-3,0.0,0.0,-0.0
T12764,Polish Historical and Cultural Studies,4,1,-3,0.0,0.0,-0.0
T12152,Concrete Properties and Behavior,2,3,1,0.0,0.0,0.0
T13511,Geodetic Measurements and Engineering Structures,3,2,-1,0.0,0.0,-0.0
T12380,Authorship Attribution and Profiling,3,2,-1,0.0,0.0,-0.0
T13459,Public Administration and Political Analysis,2,3,1,0.0,0.0,0.0
T12958,Digital Economy and Transformation,0,5,5,0.0,0.0,0.0
T13708,History of Emotions Research,3,2,-1,0.0,0.0,-0.0
T12541,Graph Labeling and Dimension Problems,4,1,-3,0.0,0.0,-0.0
T10610,Advanced Cellulose Research Studies,2,3,1,0.0,0.0,0.0
T13472,Brazilian History and Foreign Policy,1,4,3,0.0,0.0,0.0
T12401,Scheduling and Timetabling Solutions,3,2,-1,0.0,0.0,-0.0
T11671,Fuzzy and Soft Set Theory,4,1,-3,0.0,0.0,-0.0
T14487,Science and Science Education,2,3,1,0.0,0.0,0.0
T14308,Psychological and Educational Research Studies,4,1,-3,0.0,0.0,-0.0
T13272,Psychological Treatments and Assessments,2,3,1,0.0,0.0,0.0
T13738,Congenital Ear and Nasal Anomalies,3,2,-1,0.0,0.0,-0.0
T12346,Phytochemistry and biological activity of medicinal plants,4,1,-3,0.0,0.0,-0.0
T13775,Hydrogen's biological and therapeutic effects,5,0,-5,0.0,0.0,-0.0
T13130,Biological and pharmacological studies of plants,5,0,-5,0.0,0.0,-0.0
T11025,Nonlinear Optical Materials Research,5,0,-5,0.0,0.0,-0.0
T12922,Business and Economic Development,5,0,-5,0.0,0.0,-0.0
T12449,Spacecraft Design and Technology,5,0,-5,0.0,0.0,-0.0
T13939,Archaeology and Natural History,5,0,-5,0.0,0.0,-0.0
T13422,Phytochemistry and biological activities of Ficus species,4,1,-3,0.0,0.0,-0.0
T14114,Digital Media and Philosophy,4,1,-3,0.0,0.0,-0.0
T13971,Synthesis and Biological Activity,4,1,-3,0.0,0.0,-0.0
T14477,"Management, Economics, and Public Policy",5,0,-5,0.0,0.0,-0.0
T13782,Transactional Analysis in Psychotherapy,5,0,-5,0.0,0.0,-0.0
T13305,Teacher Professional Development and Motivation,3,2,-1,0.0,0.0,-0.0
T14225,Advanced Sensor and Control Systems,3,2,-1,0.0,0.0,-0.0
T14151,Literary Analysis and Cultural Studies,4,1,-3,0.0,0.0,-0.0
T12894,Date Palm Research Studies,5,0,-5,0.0,0.0,-0.0
T13525,Cambodian History and Society,5,0,-5,0.0,0.0,-0.0
T12204,African Education and Politics,2,3,1,0.0,0.0,0.0
T11312,Soil Moisture and Remote Sensing,3,2,-1,0.0,0.0,-0.0
T13990,Engine and Fuel Emissions,1,4,3,0.0,0.0,0.0
T14507,"History, Culture, and Society",5,0,-5,0.0,0.0,-0.0
T11889,Ginseng Biological Effects and Applications,2,3,1,0.0,0.0,0.0
T12058,Allelopathy and phytotoxic interactions,5,0,-5,0.0,0.0,-0.0
T12540,Cyclone Separators and Fluid Dynamics,4,1,-3,0.0,0.0,-0.0
T12782,Assembly Line Balancing Optimization,4,1,-3,0.0,0.0,-0.0
T14163,Astronomical Observations and Instrumentation,5,0,-5,0.0,0.0,-0.0
T12474,Education Discipline and Inequality,2,3,1,0.0,0.0,0.0
T11525,Piezoelectric Actuators and Control,1,4,3,0.0,0.0,0.0
T11325,Inertial Sensor and Navigation,1,4,3,0.0,0.0,0.0
T12481,Digital Accessibility for Disabilities,0,5,5,0.0,0.0,0.0
T13346,Digital Transformation in Financial Services,0,5,5,0.0,0.0,0.0
T12987,Religion and Society in Latin America,3,2,-1,0.0,0.0,-0.0
T13888,Social Policies and Family,3,2,-1,0.0,0.0,-0.0
T13687,Extractivism and Socioeconomic Issues,0,5,5,0.0,0.0,0.0
T13451,Mechanical Engineering Research and Applications,0,5,5,0.0,0.0,0.0
T13818,Cultural Studies and Colonialism,0,5,5,0.0,0.0,0.0
T14286,Parkinson's Disease and Spinal Disorders,5,0,-5,0.0,0.0,-0.0
T11991,Soft tissue tumor case studies,3,2,-1,0.0,0.0,-0.0
T13274,Expert finding and Q&A systems,1,4,3,0.0,0.0,0.0
T13737,Critical and Liberation Pedagogy,1,4,3,0.0,0.0,0.0
T13188,Synthesis and bioactivity of alkaloids,2,3,1,0.0,0.0,0.0
T13375,Integrated Water Resources Management,0,5,5,0.0,0.0,0.0
T14359,Wetland Management and Conservation,0,5,5,0.0,0.0,0.0
T13011,Latin American rural development,0,5,5,0.0,0.0,0.0
T12984,Transport and Logistics Innovations,0,5,5,0.0,0.0,0.0
T13214,Powdery Mildew Fungal Diseases,3,1,-2,0.0,0.0,-0.0
T13679,Tardigrade Biology and Ecology,3,1,-2,0.0,0.0,-0.0
T13963,Organizational Management and Leadership,2,2,0,0.0,0.0,0.0
T10988,Advanced Fiber Laser Technologies,4,0,-4,0.0,0.0,-0.0
T13655,Canadian Policy and Governance,4,0,-4,0.0,0.0,-0.0
T14018,Agriculture and Biological Studies,4,0,-4,0.0,0.0,-0.0
T13935,Mathematical Control Systems and Analysis,3,1,-2,0.0,0.0,-0.0
T12802,Competency Development and Evaluation,2,2,0,0.0,0.0,0.0
T14472,Environmental and Cultural Studies in Latin America and Beyond,2,2,0,0.0,0.0,0.0
T12605,Berry genetics and cultivation research,2,2,0,0.0,0.0,0.0
T11411,Tea Polyphenols and Effects,3,1,-2,0.0,0.0,-0.0
T12220,Quantum Electrodynamics and Casimir Effect,3,1,-2,0.0,0.0,-0.0
T12669,Comparative International Legal Studies,4,0,-4,0.0,0.0,-0.0
T13972,Business Law and Ethics,4,0,-4,0.0,0.0,-0.0
T12567,Heat transfer and supercritical fluids,3,1,-2,0.0,0.0,-0.0
T13773,International Labor and Employment Law,2,2,0,0.0,0.0,0.0
T13152,French Language Learning Methods,1,3,2,0.0,0.0,0.0
T13281,Andrographolide Research and Applications,2,2,0,0.0,0.0,0.0
T13779,Cancer Mechanisms and Therapy,3,1,-2,0.0,0.0,-0.0
T14065,Biological Research and Disease Studies,4,0,-4,0.0,0.0,-0.0
T13073,China's Ethnic Minorities and Relations,3,1,-2,0.0,0.0,-0.0
T13899,Agricultural Systems and Practices,4,0,-4,0.0,0.0,-0.0
T12750,Nigella sativa pharmacological applications,2,2,0,0.0,0.0,0.0
T13982,Social Movements and Cultural Identity,1,3,2,0.0,0.0,0.0
T14418,"Development, Ethics, and Society",2,2,0,0.0,0.0,0.0
T14473,Social and Economic Development in India,2,2,0,0.0,0.0,0.0
T13312,Mechanical and Thermal Properties Analysis,2,2,0,0.0,0.0,0.0
T14454,Polymer Science and Applications,1,3,2,0.0,0.0,0.0
T13140,Materials Engineering and Processing,0,4,4,0.0,0.0,0.0
T13097,Male Breast Health Studies,2,2,0,0.0,0.0,0.0
T12298,Phytochemicals and Medicinal Plants,3,1,-2,0.0,0.0,-0.0
T12927,"Memory, History, Trauma, Identity",1,3,2,0.0,0.0,0.0
T11530,Business and Management Studies,1,3,2,0.0,0.0,0.0
T14421,Educational Philosophies and Pedagogies,2,2,0,0.0,0.0,0.0
T12271,Renewable energy and sustainable power systems,2,2,0,0.0,0.0,0.0
T13148,Environmental and Air Quality Management,1,3,2,0.0,0.0,0.0
T13892,Aquatic life and conservation,3,1,-2,0.0,0.0,-0.0
T13527,Transportation Systems and Logistics,0,4,4,0.0,0.0,0.0
T12975,Paraoxonase enzyme and polymorphisms,2,2,0,0.0,0.0,0.0
T13498,Economic Development and Digital Transformation,2,2,0,0.0,0.0,0.0
T13905,Telecommunications and Broadcasting Technologies,2,2,0,0.0,0.0,0.0
T12048,Microencapsulation and Drying Processes,0,4,4,0.0,0.0,0.0
T14310,Botany and Geology in Latin America and Caribbean,2,2,0,0.0,0.0,0.0
T13577,Sephardic Jews and Inquisition Studies,1,3,2,0.0,0.0,0.0
T13169,Consumer Perception and Purchasing Behavior,1,3,2,0.0,0.0,0.0
T13138,Legal and Constitutional Studies,3,1,-2,0.0,0.0,-0.0
T12684,Stuttering Research and Treatment,2,2,0,0.0,0.0,0.0
T14389,"Innovation, Technology, and Society",2,2,0,0.0,0.0,0.0
T13316,"Crafts, Textile, and Design",3,1,-2,0.0,0.0,-0.0
T12222,IoT-based Smart Home Systems,3,1,-2,0.0,0.0,-0.0
T13367,Cultural and Sociopolitical Studies,3,1,-2,0.0,0.0,-0.0
T12651,Halal products and consumer behavior,2,2,0,0.0,0.0,0.0
T12573,Education and Digital Technologies,4,0,-4,0.0,0.0,-0.0
T14491,Diverse academic and cultural studies,4,0,-4,0.0,0.0,-0.0
T11750,Phytoplasmas and Hemiptera pathogens,4,0,-4,0.0,0.0,-0.0
T10312,"Health, Nursing, Elderly Care",4,0,-4,0.0,0.0,-0.0
T12774,Bauxite Residue and Utilization,4,0,-4,0.0,0.0,-0.0
T13176,Winter Sports Injuries and Performance,4,0,-4,0.0,0.0,-0.0
T13820,SAS software applications and methods,4,0,-4,0.0,0.0,-0.0
T12363,Academic Research in Diverse Fields,4,0,-4,0.0,0.0,-0.0
T14082,"Modeling, Simulation, and Optimization",4,0,-4,0.0,0.0,-0.0
T13122,Linguistics and Cultural Studies,4,0,-4,0.0,0.0,-0.0
T14348,Marriage and Family Dynamics,3,1,-2,0.0,0.0,-0.0
T13258,Williams Syndrome Research,3,1,-2,0.0,0.0,-0.0
T14043,Historical and modern epidemiology studies,3,1,-2,0.0,0.0,-0.0
T13568,Wood and Agarwood Research,4,0,-4,0.0,0.0,-0.0
T13838,Plant and soil sciences,1,3,2,0.0,0.0,0.0
T14048,Silkworms and Sericulture Research,3,1,-2,0.0,0.0,-0.0
T11614,Cloud Data Security Solutions,3,1,-2,0.0,0.0,-0.0
T14460,"Literary, Cultural, Historical Analysis",4,0,-4,0.0,0.0,-0.0
T13062,Cognitive Computing and Networks,4,0,-4,0.0,0.0,-0.0
T13843,African Sexualities and LGBTQ+ Issues,4,0,-4,0.0,0.0,-0.0
T13369,European and Russian Geopolitical Military Strategies,3,1,-2,0.0,0.0,-0.0
T13908,Scientific and Historical Analyses,4,0,-4,0.0,0.0,-0.0
T12551,Forgiveness and Related Behaviors,3,1,-2,0.0,0.0,-0.0
T13917,Engineering and Material Science Research,4,0,-4,0.0,0.0,-0.0
T13962,Omental and Epiploic Conditions,3,1,-2,0.0,0.0,-0.0
T13172,Economic Issues in Ukraine,3,1,-2,0.0,0.0,-0.0
T13881,Sociology and Norbert Elias,3,1,-2,0.0,0.0,-0.0
T11318,Phytoestrogen effects and research,4,0,-4,0.0,0.0,-0.0
T12370,Advances in Cucurbitaceae Research,1,3,2,0.0,0.0,0.0
T12948,Inclusion and Disability in Education and Sport,2,2,0,0.0,0.0,0.0
T13161,Ideological and Political Education,3,1,-2,0.0,0.0,-0.0
T12746,Sustainable Industrial Ecology,3,1,-2,0.0,0.0,-0.0
T12638,Pomegranate: compositions and health benefits,2,2,0,0.0,0.0,0.0
T12158,Guidance and Control Systems,2,2,0,0.0,0.0,0.0
T12310,Crop Yield and Soil Fertility,3,1,-2,0.0,0.0,-0.0
T14154,"finance, banking, and market dynamics",1,3,2,0.0,0.0,0.0
T13406,Human Resources and Workforce,1,3,2,0.0,0.0,0.0
T14299,Complex Systems and Dynamics,0,4,4,0.0,0.0,0.0
T13557,Environmental and sustainability education,0,4,4,0.0,0.0,0.0
T14268,Evolving Legal Systems and Governance,0,4,4,0.0,0.0,0.0
T14457,Intellectual Property Rights and Media,0,4,4,0.0,0.0,0.0
T13989,Labour Market and Migration,0,4,4,0.0,0.0,0.0
T14455,Technology and Education Systems,0,4,4,0.0,0.0,0.0
T14230,Occupational and Professional Licensing Regulation,2,2,0,0.0,0.0,0.0
T13994,The Impact of Diversity and Innovation on Society,4,0,-4,0.0,0.0,-0.0
T11769,Copyright and Intellectual Property,4,0,-4,0.0,0.0,-0.0
T13251,Electrical and Thermal Properties of Materials,1,3,2,0.0,0.0,0.0
T12997,Outdoor and Experiential Education,2,2,0,0.0,0.0,0.0
T12497,Traditional and Medicinal Uses of Annonaceae,3,1,-2,0.0,0.0,-0.0
T10473,Postharvest Quality and Shelf Life Management,1,3,2,0.0,0.0,0.0
T14486,"Cardiovascular, Neuropeptides, and Oxidative Stress Research",1,3,2,0.0,0.0,0.0
T13816,Advanced Signal Processing Techniques,0,4,4,0.0,0.0,0.0
T13040,"Gender, Education, and Development Issues",0,4,4,0.0,0.0,0.0
T13817,"Tannin, Tannase and Anticancer Activities",0,4,4,0.0,0.0,0.0
T14244,Consumer Behavior and Marketing Influence,0,4,4,0.0,0.0,0.0
T13945,"Legal, Health, Environmental and COVID-19 Challenges",0,4,4,0.0,0.0,0.0
T12942,Cultural Studies and Postmodernism,0,4,4,0.0,0.0,0.0
T13694,Immigration Law and Human Rights,0,4,4,0.0,0.0,0.0
T12842,"Youth, Drugs, and Violence",0,4,4,0.0,0.0,0.0
T14237,Historical and Political Studies,1,2,1,0.0,0.0,0.0
T12543,Groundwater and Watershed Analysis,3,0,-3,0.0,0.0,-0.0
T13943,Beetle Biology and Toxicology Studies,2,1,-1,0.0,0.0,-0.0
T13037,Piperaceae Chemical and Biological Studies,2,1,-1,0.0,0.0,-0.0
T14150,Biochemical and biochemical processes,3,0,-3,0.0,0.0,-0.0
T14428,Coal and Coke Industries Research,3,0,-3,0.0,0.0,-0.0
T13335,Pharmacological Effects of Medicinal Plants,3,0,-3,0.0,0.0,-0.0
T14224,"Oil, Gas, and Environmental Issues",3,0,-3,0.0,0.0,-0.0
T13182,Quantum-Dot Cellular Automata,3,0,-3,0.0,0.0,-0.0
T13661,Reformed Theology and Governance,3,0,-3,0.0,0.0,-0.0
T11404,Irrigation Practices and Water Management,3,0,-3,0.0,0.0,-0.0
T12368,Grey System Theory Applications,1,2,1,0.0,0.0,0.0
T13271,Ukrainian Legal and Forensic Studies,1,2,1,0.0,0.0,0.0
T13082,Water and Land Management,1,2,1,0.0,0.0,0.0
T13094,Mining and Gasification Technologies,2,1,-1,0.0,0.0,-0.0
T12531,Values and Moral Education,2,1,-1,0.0,0.0,-0.0
T12993,Psychology of Development and Education,3,0,-3,0.0,0.0,-0.0
T13287,Robotic Process Automation Applications,1,2,1,0.0,0.0,0.0
T13282,Automated Road and Building Extraction,1,2,1,0.0,0.0,0.0
T14258,Legal and Policy Issues,3,0,-3,0.0,0.0,-0.0
T12954,Law and Political Science,3,0,-3,0.0,0.0,-0.0
T13628,Agricultural Productivity and Crop Improvement,1,2,1,0.0,0.0,0.0
T12719,Aerospace Engineering and Energy Systems,3,0,-3,0.0,0.0,-0.0
T14231,New Zealand Economic and Social Studies,3,0,-3,0.0,0.0,-0.0
T13909,Environmental Quality and Pollution,2,1,-1,0.0,0.0,-0.0
T13072,Contemporary Christian Leadership and Education,1,2,1,0.0,0.0,0.0
T12660,Plant Disease Management Techniques,2,1,-1,0.0,0.0,-0.0
T12835,FOXO transcription factor regulation,3,0,-3,0.0,0.0,-0.0
T13356,Early Modern Women Writers,2,1,-1,0.0,0.0,-0.0
T13801,Urban Arborization and Environmental Studies,1,2,1,0.0,0.0,0.0
T14200,"Medical, Sociocultural, and Biopolitical Studies",1,2,1,0.0,0.0,0.0
T13387,"Politics, Economics, and Education Policy",2,1,-1,0.0,0.0,-0.0
T13492,"Science, Technology, and Education in Latin America",1,2,1,0.0,0.0,0.0
T13405,Educational Assessment and Improvement,1,2,1,0.0,0.0,0.0
T14443,"COVID-19, Geopolitics, Technology, Migration",1,2,1,0.0,0.0,0.0
T13865,Nationalism and Cultural Identity,2,1,-1,0.0,0.0,-0.0
T12838,Photovoltaic Systems and Sustainability,1,2,1,0.0,0.0,0.0
T13717,Advanced Algorithms and Applications,3,0,-3,0.0,0.0,-0.0
T14136,Education and Military Integration,1,2,1,0.0,0.0,0.0
T14502,High-Voltage Power Transmission Systems,0,3,3,0.0,0.0,0.0
T14214,Space Exploration and Technology,1,2,1,0.0,0.0,0.0
T13218,Sesame and Sesamin Research,1,2,1,0.0,0.0,0.0
T13502,Community and Sustainable Development,1,2,1,0.0,0.0,0.0
T14332,European Linguistics and Anthropology,0,3,3,0.0,0.0,0.0
T14307,Bioethics and Human Rights Issues,0,3,3,0.0,0.0,0.0
T13918,Advanced Data and IoT Technologies,1,2,1,0.0,0.0,0.0
T13724,Humanities and Social Sciences,1,2,1,0.0,0.0,0.0
T14467,"Public Administration, ICT, and Policy Development",2,1,-1,0.0,0.0,-0.0
T13488,Sports and Physical Education Studies,2,1,-1,0.0,0.0,-0.0
T14036,Literary and Philosophical Studies,1,2,1,0.0,0.0,0.0
T14001,Evelyn Waugh and Hans Urs von Balthasar Studies,2,1,-1,0.0,0.0,-0.0
T13109,Theological Perspectives and Practices,1,2,1,0.0,0.0,0.0
T11788,Nonlinear Optical Materials Studies,1,2,1,0.0,0.0,0.0
T14167,Consumer behavior in food and health,1,2,1,0.0,0.0,0.0
T13373,Data Mining and Machine Learning Applications,0,3,3,0.0,0.0,0.0
T13870,Environmental and Ecological Studies,2,1,-1,0.0,0.0,-0.0
T14125,"Education, Sociology, Communication Studies",2,1,-1,0.0,0.0,-0.0
T14411,Undergraduate Neuroscience Education and Research,0,3,3,0.0,0.0,0.0
T12416,Polymer Nanocomposite Synthesis and Irradiation,0,3,3,0.0,0.0,0.0
T14353,Wireless Sensor Networks for Data Analysis,2,1,-1,0.0,0.0,-0.0
T13631,"Global History, Politics, and Ideology",1,2,1,0.0,0.0,0.0
T12582,Flavonoids in Medical Research,1,2,1,0.0,0.0,0.0
T10742,Peer-to-Peer Network Technologies,2,1,-1,0.0,0.0,-0.0
T13660,Philosophical and Historical Studies,2,1,-1,0.0,0.0,-0.0
T14111,Diverse Research Studies Overview,2,1,-1,0.0,0.0,-0.0
T10187,Radio Frequency Integrated Circuit Design,2,1,-1,0.0,0.0,-0.0
T14282,"Security, Politics, and Digital Transformation",2,1,-1,0.0,0.0,-0.0
T12362,Tribology and Wear Analysis,2,1,-1,0.0,0.0,-0.0
T13277,"Media, Religion, Digital Communication",3,0,-3,0.0,0.0,-0.0
T13565,Education and Learning Interventions,3,0,-3,0.0,0.0,-0.0
T14056,Safety Warnings and Signage,3,0,-3,0.0,0.0,-0.0
T13365,Medical and Biological Ozone Research,3,0,-3,0.0,0.0,-0.0
T13407,Regional Development and Management Studies,3,0,-3,0.0,0.0,-0.0
T12427,Metal Alloys Wear and Properties,3,0,-3,0.0,0.0,-0.0
T13125,Agricultural pest management studies,3,0,-3,0.0,0.0,-0.0
T14450,Employee Welfare and Language Studies,3,0,-3,0.0,0.0,-0.0
T11451,Advanced Machining and Optimization Techniques,3,0,-3,0.0,0.0,-0.0
T14318,Polydiacetylene-based materials and applications,3,0,-3,0.0,0.0,-0.0
T13875,Legal Studies and Reforms,3,0,-3,0.0,0.0,-0.0
T14463,Diverse Scientific Research Studies,3,0,-3,0.0,0.0,-0.0
T12721,Moringa oleifera research and applications,3,0,-3,0.0,0.0,-0.0
T13950,Collembola Taxonomy and Ecology Studies,3,0,-3,0.0,0.0,-0.0
T13803,Organizational Strategy and Culture,1,2,1,0.0,0.0,0.0
T12753,"Psychology, Coaching, and Therapy",3,0,-3,0.0,0.0,-0.0
T13391,Innovations in Aquaponics and Hydroponics Systems,1,2,1,0.0,0.0,0.0
T13651,Medicinal Plants and Bioactive Compounds,2,1,-1,0.0,0.0,-0.0
T14413,Advanced Technologies in Various Fields,3,0,-3,0.0,0.0,-0.0
T14196,Multidisciplinary Warburg-centric Studies,3,0,-3,0.0,0.0,-0.0
T12705,Educational Reforms and Innovations,3,0,-3,0.0,0.0,-0.0
T14240,E-Learning and COVID-19,2,1,-1,0.0,0.0,-0.0
T11417,Advancements in PLL and VCO Technologies,3,0,-3,0.0,0.0,-0.0
T13197,Spreadsheets and End-User Computing,3,0,-3,0.0,0.0,-0.0
T14337,"Religious, Philosophical, and Educational Studies",3,0,-3,0.0,0.0,-0.0
T13548,Environmental and biological studies,3,0,-3,0.0,0.0,-0.0
T13648,Cerebrovascular and genetic disorders,1,2,1,0.0,0.0,0.0
T13743,Italian Literature and Culture,3,0,-3,0.0,0.0,-0.0
T14198,Philosophical Thought and Analysis,1,2,1,0.0,0.0,0.0
T13589,Literary and Cultural Studies,3,0,-3,0.0,0.0,-0.0
T11439,Video Analysis and Summarization,2,1,-1,0.0,0.0,-0.0
T14376,Science and Education Research,1,2,1,0.0,0.0,0.0
T12647,Traditional Chinese Medicine Studies,3,0,-3,0.0,0.0,-0.0
T12846,Ginkgo biloba and Cashew Applications,2,1,-1,0.0,0.0,-0.0
T13958,"Education, Innovation and Language Studies",3,0,-3,0.0,0.0,-0.0
T13919,Medicinal plant effects and applications,3,0,-3,0.0,0.0,-0.0
T14513,"Leadership, Courage, and Heroism Studies",2,1,-1,0.0,0.0,-0.0
T13009,Agroforestry and silvopastoral systems,3,0,-3,0.0,0.0,-0.0
T14034,Musicians’ Health and Performance,3,0,-3,0.0,0.0,-0.0
T12680,Cultural and Mythological Studies,2,1,-1,0.0,0.0,-0.0
T13043,Youth Culture and Social Dynamics,1,2,1,0.0,0.0,0.0
T13065,Mining Techniques and Economics,3,0,-3,0.0,0.0,-0.0
T14203,"Education, Safety, and Science Studies",1,2,1,0.0,0.0,0.0
T14121,Logistics and Transportation Systems,1,2,1,0.0,0.0,0.0
T11284,Coal Properties and Utilization,2,1,-1,0.0,0.0,-0.0
T12433,Skin Diseases and Diabetes,1,2,1,0.0,0.0,0.0
T13576,"Cyprus History, Politics, Society",2,1,-1,0.0,0.0,-0.0
T12830,Pectus Deformity Diagnosis and Treatment,1,2,1,0.0,0.0,0.0
T13636,Pentecostalism and Christianity Studies,1,2,1,0.0,0.0,0.0
T14317,"Finance, Markets, and Regulation",1,2,1,0.0,0.0,0.0
T14406,Multidisciplinary Science and Engineering Research,1,2,1,0.0,0.0,0.0
T12201,Agricultural Engineering and Mechanization,1,2,1,0.0,0.0,0.0
T14408,Coastal Management and Development,0,3,3,0.0,0.0,0.0
T14419,Banking Systems and Strategies,0,3,3,0.0,0.0,0.0
T13805,Adolescent Health and Behaviors,0,3,3,0.0,0.0,0.0
T14440,Quality of Life Measurement,0,3,3,0.0,0.0,0.0
T13292,Embedded Systems and FPGA Applications,0,3,3,0.0,0.0,0.0
T14503,"Globalization, Economics, and Policies",0,3,3,0.0,0.0,0.0
T13211,"Memory, Trauma, and Testimony",0,3,3,0.0,0.0,0.0
T13279,Safe Handling of Antineoplastic Drugs,2,1,-1,0.0,0.0,-0.0
T12983,Satellite Image Processing and Photogrammetry,2,1,-1,0.0,0.0,-0.0
T12403,Seed and Plant Biochemistry,3,0,-3,0.0,0.0,-0.0
T14345,Scientific Research and Philosophical Inquiry,3,0,-3,0.0,0.0,-0.0
T12879,Distributed Sensor Networks and Detection Algorithms,3,0,-3,0.0,0.0,-0.0
T14368,Evaluation and Optimization Models,1,2,1,0.0,0.0,0.0
T14351,Statistical and Computational Modeling,2,1,-1,0.0,0.0,-0.0
T14052,Galician and Iberian cultural studies,1,2,1,0.0,0.0,0.0
T13933,Whitehead's Philosophy and Applications,0,3,3,0.0,0.0,0.0
T13790,Waste Management and Environmental Impact,0,3,3,0.0,0.0,0.0
T13224,Sports and Physical Education Research,0,3,3,0.0,0.0,0.0
T13725,Pineapple and bromelain studies,0,3,3,0.0,0.0,0.0
T13929,Educational Outcomes and Influences,0,3,3,0.0,0.0,0.0
T13709,Education in Diverse Contexts,0,3,3,0.0,0.0,0.0
T14195,Linguistic and Cultural Studies,0,3,3,0.0,0.0,0.0
T12969,Economic and Social Development,0,3,3,0.0,0.0,0.0
T14397,Legal and Policy Analysis in Indonesia,0,3,3,0.0,0.0,0.0
T14033,Education in Rural Contexts,0,3,3,0.0,0.0,0.0
T14097,Chemistry Education and Research,0,3,3,0.0,0.0,0.0
T14011,Elevator Systems and Control,2,0,-2,0.0,0.0,-0.0
T12799,Mobile and Web Applications,2,0,-2,0.0,0.0,-0.0
T14483,Education and Teacher Training,2,0,-2,0.0,0.0,-0.0
T12731,Hidradenitis Suppurativa and Treatments,1,1,0,0.0,0.0,0.0
T13729,Korean Urban and Social Studies,2,0,-2,0.0,0.0,-0.0
T13424,"Ukraine: War, Education, Health",1,1,0,0.0,0.0,0.0
T12269,Effects of Vibration on Health,1,1,0,0.0,0.0,0.0
T12450,Radio Astronomy Observations and Technology,2,0,-2,0.0,0.0,-0.0
T13746,Mechanical Systems and Engineering,2,0,-2,0.0,0.0,-0.0
T12826,Education Methods and Technologies,2,0,-2,0.0,0.0,-0.0
T13822,Indigenous Health and Education,2,0,-2,0.0,0.0,-0.0
T13751,Diverse Approaches in Healthcare and Education Studies,2,0,-2,0.0,0.0,-0.0
T12734,Information Systems and Technology Applications,1,1,0,0.0,0.0,0.0
T13183,Islanding Detection in Power Systems,2,0,-2,0.0,0.0,-0.0
T11777,Fixed Point Theorems Analysis,2,0,-2,0.0,0.0,-0.0
T14228,Religion and Sociopolitical Dynamics in Nigeria,1,1,0,0.0,0.0,0.0
T12758,Saffron Plant Research Studies,2,0,-2,0.0,0.0,-0.0
T14236,Educational Tools and Methods,2,0,-2,0.0,0.0,-0.0
T13349,Educational Research and Analysis,2,0,-2,0.0,0.0,-0.0
T14295,Families in Therapy and Culture,2,0,-2,0.0,0.0,-0.0
T11876,Legal Studies and Policies,1,1,0,0.0,0.0,0.0
T13390,Cultural and Social Dynamics,2,0,-2,0.0,0.0,-0.0
T14182,Technology-Enhanced Education Studies,2,0,-2,0.0,0.0,-0.0
T14074,Persona Design and Applications,2,0,-2,0.0,0.0,-0.0
T13689,Underground infrastructure and sustainability,2,0,-2,0.0,0.0,-0.0
T12747,Moyamoya disease diagnosis and treatment,1,1,0,0.0,0.0,0.0
T13581,New Caledonia Indigenous Studies,1,1,0,0.0,0.0,0.0
T14383,Global Development and Urbanization,2,0,-2,0.0,0.0,-0.0
T13830,Educational Curriculum and Learning Methods,2,0,-2,0.0,0.0,-0.0
T14235,"Linguistic, Cultural, and Literary Studies",2,0,-2,0.0,0.0,-0.0
T14474,Industrial Technology and Control Systems,2,0,-2,0.0,0.0,-0.0
T12689,Silymarin and Mushroom Poisoning,1,1,0,0.0,0.0,0.0
T13941,Geotechnical and Mining Engineering,1,1,0,0.0,0.0,0.0
T12165,Environmental Sustainability and Education,1,1,0,0.0,0.0,0.0
T14346,Scientific Innovation and Industrial Efficiency,2,0,-2,0.0,0.0,-0.0
T13700,Gender Studies and Social Issues,2,0,-2,0.0,0.0,-0.0
T12828,Plant Genetic and Mutation Studies,2,0,-2,0.0,0.0,-0.0
T11693,Cryptography and Residue Arithmetic,1,1,0,0.0,0.0,0.0
T14331,Medicinal Plant Pharmacodynamics Research,1,1,0,0.0,0.0,0.0
T13520,Architectural and Urban Studies,1,1,0,0.0,0.0,0.0
T12706,Subcritical and Supercritical Water Processes,1,1,0,0.0,0.0,0.0
T13090,Medicinal Plant Extracts Effects,1,1,0,0.0,0.0,0.0
T12928,Education and Cultural Studies,1,1,0,0.0,0.0,0.0
T14058,Value Engineering and Management,1,1,0,0.0,0.0,0.0
T13210,Historical Turkish Studies,1,1,0,0.0,0.0,0.0
T13509,Accounting and Financial Management,0,2,2,0.0,0.0,0.0
T12888,Military Strategy and Technology,0,2,2,0.0,0.0,0.0
T13799,Media and Communication Studies,0,2,2,0.0,0.0,0.0
T13286,Modeling and Simulation Systems,0,2,2,0.0,0.0,0.0
T14130,"Healthcare, Law, Governance, and Management Studies",1,1,0,0.0,0.0,0.0
T14322,"Art, Aesthetics, and Perception",0,2,2,0.0,0.0,0.0
T13003,Regional Development and Environment,1,1,0,0.0,0.0,0.0
T14405,Fisheries and Aquaculture Studies,0,2,2,0.0,0.0,0.0
T11906,"Gender, Sexuality, and Education",0,2,2,0.0,0.0,0.0
T12687,Public Administration in Developing Nations,0,2,2,0.0,0.0,0.0
T12815,Management and Organizational Practices,1,1,0,0.0,0.0,0.0
T14050,Forest Ecology and Conservation,1,1,0,0.0,0.0,0.0
T14173,"Education, Healthcare and Sociology Research",1,1,0,0.0,0.0,0.0
T13722,Ergonomics and Human Factors,0,2,2,0.0,0.0,0.0
T13868,Afro-Latin American Studies,1,1,0,0.0,0.0,0.0
T14194,Bioactive Compounds in Plants,1,1,0,0.0,0.0,0.0
T13874,Information Architecture and Usability,1,1,0,0.0,0.0,0.0
T14412,Marine and Coastal Research,1,1,0,0.0,0.0,0.0
T13119,Philosophy and Social Theory,1,1,0,0.0,0.0,0.0
T14301,Educational methodologies and cognitive development,0,2,2,0.0,0.0,0.0
T12887,Educational Strategies and Epistemologies,1,1,0,0.0,0.0,0.0
T14063,Diverse Philosophical and Cultural Studies,0,2,2,0.0,0.0,0.0
T14000,"Cultural, Social, and Media Studies",0,2,2,0.0,0.0,0.0
T14436,Employee Performance and Leadership,0,2,2,0.0,0.0,0.0
T12861,"Migration, Education, Indigenous Social Dynamics",1,1,0,0.0,0.0,0.0
T10437,Educational theories and practices,1,1,0,0.0,0.0,0.0
T13978,Foreign Language Teaching Methods,1,1,0,0.0,0.0,0.0
T11897,Digital Holography and Microscopy,1,1,0,0.0,0.0,0.0
T14096,Advancements in Materials Engineering,2,0,-2,0.0,0.0,-0.0
T12925,Educational and Social Studies,2,0,-2,0.0,0.0,-0.0
T10650,Food Drying and Modeling,2,0,-2,0.0,0.0,-0.0
T14364,Clusterin in disease pathology,2,0,-2,0.0,0.0,-0.0
T14484,Technology and Data Analysis,2,0,-2,0.0,0.0,-0.0
T13836,Educational Research and Pedagogy,2,0,-2,0.0,0.0,-0.0
T14338,"Leadership, Human Resources, Global Affairs",2,0,-2,0.0,0.0,-0.0
T12804,Thermal Analysis in Power Transmission,2,0,-2,0.0,0.0,-0.0
T13792,Morinda citrifolia extract uses,2,0,-2,0.0,0.0,-0.0
T13446,"Antioxidants, Aging, Portulaca oleracea",2,0,-2,0.0,0.0,-0.0
T14344,Pathogenesis and Treatment of Hiccups,2,0,-2,0.0,0.0,-0.0
T13952,Information Technology and Learning,2,0,-2,0.0,0.0,-0.0
T13139,Polish Legal and Social Issues,2,0,-2,0.0,0.0,-0.0
T14420,Advanced Research in Systems and Signal Processing,2,0,-2,0.0,0.0,-0.0
T14290,Education Methods and Practices,2,0,-2,0.0,0.0,-0.0
T14430,Higher Education and Teaching Methods,2,0,-2,0.0,0.0,-0.0
T13754,Central European and Russian historical studies,2,0,-2,0.0,0.0,-0.0
T13826,"Bangladesh Politics, Society, and Development",2,0,-2,0.0,0.0,-0.0
T14110,Islamic Studies and Radicalism,1,1,0,0.0,0.0,0.0
T13562,Cruise Tourism Development and Management,2,0,-2,0.0,0.0,-0.0
T13079,Heavy Metals in Plants,2,0,-2,0.0,0.0,-0.0
T13898,Diverse Interdisciplinary Research Studies,2,0,-2,0.0,0.0,-0.0
T13748,Advanced Statistical Modeling Techniques,2,0,-2,0.0,0.0,-0.0
T13794,Financial Reporting and XBRL,1,1,0,0.0,0.0,0.0
T13983,Cybersecurity and Information Systems,2,0,-2,0.0,0.0,-0.0
T14113,Global Socioeconomic and Political Dynamics,2,0,-2,0.0,0.0,-0.0
T14452,Mexican Socioeconomic and Environmental Dynamics,2,0,-2,0.0,0.0,-0.0
T13231,"History, Culture, and Diplomacy",2,0,-2,0.0,0.0,-0.0
T13448,Indigenous Cultures and Socio-Education,2,0,-2,0.0,0.0,-0.0
T14273,"Cultural, Psychoanalytic, and Sociopolitical Reflections",2,0,-2,0.0,0.0,-0.0
T14447,Trade Secret Protection Methods,2,0,-2,0.0,0.0,-0.0
T13301,Cultural Studies and Interdisciplinary Research,2,0,-2,0.0,0.0,-0.0
T12944,Animal Nutrition and Health,1,1,0,0.0,0.0,0.0
T12696,Icing and De-icing Technologies,1,1,0,0.0,0.0,0.0
T12707,Vehicle License Plate Recognition,1,1,0,0.0,0.0,0.0
T14369,Diverse Interdisciplinary Research Innovations,1,1,0,0.0,0.0,0.0
T14319,Currency Recognition and Detection,2,0,-2,0.0,0.0,-0.0
T13992,Cynara cardunculus studies,2,0,-2,0.0,0.0,-0.0
T13956,Sociopolitical Dynamics in Nepal,2,0,-2,0.0,0.0,-0.0
T12021,Social and Educational Sciences,2,0,-2,0.0,0.0,-0.0
T14234,Data Privacy and Cybersecurity,2,0,-2,0.0,0.0,-0.0
T13521,Psychosocial Factors Impacting Youth,2,0,-2,0.0,0.0,-0.0
T13781,Coleoptera: Cerambycidae studies,1,1,0,0.0,0.0,0.0
T14013,Legal Language and Interpretation,2,0,-2,0.0,0.0,-0.0
T12667,Economic and Technological Developments in Russia,2,0,-2,0.0,0.0,-0.0
T13243,Innovation in Digital Healthcare Systems,0,2,2,0.0,0.0,0.0
T13893,Sustainable Development and Policies,0,2,2,0.0,0.0,0.0
T11726,Organizational Management and Innovation,0,2,2,0.0,0.0,0.0
T13616,"Governance, Compliance, and Sustainability",0,2,2,0.0,0.0,0.0
T12754,Plant Growth and Agriculture Techniques,0,2,2,0.0,0.0,0.0
T14217,American Literature and Humor Studies,0,2,2,0.0,0.0,0.0
T13485,Marine and Coastal Ecosystems,0,2,2,0.0,0.0,0.0
T13617,"Gender, Violence, Rights in Latin America",0,2,2,0.0,0.0,0.0
T14439,"Feminism, Gender, and Social Issues",0,2,2,0.0,0.0,0.0
T13606,Umberto Eco and Semiotics,1,1,0,0.0,0.0,0.0
T13359,Sports Science and Education,2,0,-2,0.0,0.0,-0.0
T12668,Yeasts and Rust Fungi Studies,2,0,-2,0.0,0.0,-0.0
T13357,Property Rights and Legal Doctrine,1,1,0,0.0,0.0,0.0
T13058,Soil and Land Suitability Analysis,2,0,-2,0.0,0.0,-0.0
T13542,"Grit, Self-Efficacy, and Motivation",2,0,-2,0.0,0.0,-0.0
T13612,Advanced Scientific and Engineering Studies,2,0,-2,0.0,0.0,-0.0
T12378,Accounting Education and Careers,1,1,0,0.0,0.0,0.0
T13436,Space Technology and Applications,1,1,0,0.0,0.0,0.0
T14241,Evasion and Academic Success Factors,2,0,-2,0.0,0.0,-0.0
T11321,Error Correcting Code Techniques,0,2,2,0.0,0.0,0.0
T13203,Environmental Changes in China,0,2,2,0.0,0.0,0.0
T13757,Graphic Design and Typography,0,2,2,0.0,0.0,0.0
T13797,Probabilistic Statistics in Medicine,0,2,2,0.0,0.0,0.0
T13384,Regional Economic Development and Innovation,0,2,2,0.0,0.0,0.0
T13327,"Arts, Culture, and Music Studies",0,2,2,0.0,0.0,0.0
T13853,Teacher Education and Assessments,0,2,2,0.0,0.0,0.0
T12952,School Leadership and Teacher Performance,0,2,2,0.0,0.0,0.0
T12612,Strong Light-Matter Interactions,0,2,2,0.0,0.0,0.0
T13789,Global Education Systems and Policies,0,2,2,0.0,0.0,0.0
T14392,Geoscience and Mining Technology,0,2,2,0.0,0.0,0.0
T14022,Cultural and Religious Practices in Indonesia,1,0,-1,0.0,0.0,-0.0
T13278,Economic and Business Development Strategies,1,0,-1,0.0,0.0,-0.0
T13189,Physical Education and Training Studies,1,0,-1,0.0,0.0,-0.0
T13882,Research studies in Vietnam,1,0,-1,0.0,0.0,-0.0
T14416,"Health, Technology, Consumer Behavior",1,0,-1,0.0,0.0,-0.0
T14253,Latin American social science,1,0,-1,0.0,0.0,-0.0
T14014,Transportation Systems and Infrastructure,1,0,-1,0.0,0.0,-0.0
T14041,Central European Literary Studies,1,0,-1,0.0,0.0,-0.0
T13691,"Energy, Environment, Agriculture Analysis",1,0,-1,0.0,0.0,-0.0
T14373,Securities Regulation and Market Practices,1,0,-1,0.0,0.0,-0.0
T13961,Socioeconomics of Resources and Conservation,1,0,-1,0.0,0.0,-0.0
T13611,"Education, Management, Technology, Human Resources",1,0,-1,0.0,0.0,-0.0
T13677,Magnolia and Illicium research,1,0,-1,0.0,0.0,-0.0
T13666,Postmodernism in Literature and Education,1,0,-1,0.0,0.0,-0.0
T14379,Diverse Cultural and Historical Studies,1,0,-1,0.0,0.0,-0.0
T13895,Educational Leadership and Innovation,1,0,-1,0.0,0.0,-0.0
T12877,Social Issues in Poland,1,0,-1,0.0,0.0,-0.0
T13584,Coal Combustion and Slurry Processing,1,0,-1,0.0,0.0,-0.0
T13871,Melamine detection and toxicity,1,0,-1,0.0,0.0,-0.0
T14490,Human Rights and Immigration,1,0,-1,0.0,0.0,-0.0
T14350,"Innovation, Sustainability, Human-Machine Systems",1,0,-1,0.0,0.0,-0.0
T14438,Advanced Scientific Research Methods,1,0,-1,0.0,0.0,-0.0
T12911,Water Resources and Sustainability,1,0,-1,0.0,0.0,-0.0
T13181,Economic and Technological Systems Analysis,1,0,-1,0.0,0.0,-0.0
T14458,Education and Work Dynamics,1,0,-1,0.0,0.0,-0.0
T11644,Spam and Phishing Detection,1,0,-1,0.0,0.0,-0.0
T13246,"Agriculture, Plant Science, Crop Management",1,0,-1,0.0,0.0,-0.0
T14204,Railway Systems and Materials Science,1,0,-1,0.0,0.0,-0.0
T14367,Logistics and Infrastructure Analysis,1,0,-1,0.0,0.0,-0.0
T13586,"HIV, TB, and STIs Epidemiology",1,0,-1,0.0,0.0,-0.0
T14403,Educational Challenges and Innovations,1,0,-1,0.0,0.0,-0.0
T14391,"Forest, Soil, and Plant Ecology in China",1,0,-1,0.0,0.0,-0.0
T13411,Labor Market and Education,1,0,-1,0.0,0.0,-0.0
T14424,Economic Analysis and Policy,1,0,-1,0.0,0.0,-0.0
T14220,"Workaholism, burnout, and well-being",1,0,-1,0.0,0.0,-0.0
T13719,Phytochemistry and Bioactivity Studies,1,0,-1,0.0,0.0,-0.0
T14287,Music Education and Analysis,1,0,-1,0.0,0.0,-0.0
T13957,Corporate Governance and Financial Management,1,0,-1,0.0,0.0,-0.0
T14341,"Education, Technology, and Ethics",1,0,-1,0.0,0.0,-0.0
T14218,Engineering Education and Global Impact,1,0,-1,0.0,0.0,-0.0
T14107,Appalachian Studies and Mathematics,1,0,-1,0.0,0.0,-0.0
T14091,Industrial and Mining Safety,0,1,1,0.0,0.0,0.0
T13423,Social Policies and Healthcare Reform,0,1,1,0.0,0.0,0.0
T13646,Qur’anic Interpretation Studies,0,1,1,0.0,0.0,0.0
T12490,Software Engineering and Design Patterns,0,1,1,0.0,0.0,0.0
T14215,Chemical and Environmental Engineering Research,0,1,1,0.0,0.0,0.0
T13846,Mangiferin and Mango Extracts,0,1,1,0.0,0.0,0.0
T12512,History of Colonial Brazil,0,1,1,0.0,0.0,0.0
T14250,Energy and Environmental Systems,0,1,1,0.0,0.0,0.0
T13740,Soil Science and Environmental Management,0,1,1,0.0,0.0,0.0
T13610,"Society, Economy, and Ethics Research",0,1,1,0.0,0.0,0.0
T14108,Medical and Pharmaceutic Studies,0,1,1,0.0,0.0,0.0
T12118,Forest Biomass Utilization and Management,0,1,1,0.0,0.0,0.0
T13571,"Corporeality, Perception, and Education",0,1,1,0.0,0.0,0.0
T13299,Educational Leadership and Administration,0,1,1,0.0,0.0,0.0
T14168,Occupational Health and Global Justice,0,1,1,0.0,0.0,0.0
T14044,Medical and Agricultural Research Studies,1,0,-1,0.0,0.0,-0.0
T13468,Educational Research and Science Teaching,1,0,-1,0.0,0.0,-0.0
T13776,Phytochemical and Pharmacological Studies,1,0,-1,0.0,0.0,-0.0
T14080,"Philosophy, Sociology, Political Theory",1,0,-1,0.0,0.0,-0.0
T12801,Bluetooth and Wireless Communication Technologies,1,0,-1,0.0,0.0,-0.0
T13285,Local Governance and Development,1,0,-1,0.0,0.0,-0.0
T14321,"Religion, Theology, and Education",1,0,-1,0.0,0.0,-0.0
T11821,Odor and Emission Control Technologies,1,0,-1,0.0,0.0,-0.0
T12710,Engineering and Agricultural Innovations,1,0,-1,0.0,0.0,-0.0
T14256,Agricultural and Food Sciences,1,0,-1,0.0,0.0,-0.0
T13020,Heat Transfer and Mathematical Modeling,1,0,-1,0.0,0.0,-0.0
T11101,Online Learning Methods and Innovations,1,0,-1,0.0,0.0,-0.0
T13750,"Mormonism, Religion, and History",1,0,-1,0.0,0.0,-0.0
T14501,Global Economic and Social Development,1,0,-1,0.0,0.0,-0.0
T10767,Advanced Photonic Communication Systems,1,0,-1,0.0,0.0,-0.0
T14349,Global Political and Economic Relations,1,0,-1,0.0,0.0,-0.0
T13244,Analysis of environmental and stochastic processes,1,0,-1,0.0,0.0,-0.0
T13815,Islamic Thought and Society Studies,1,0,-1,0.0,0.0,-0.0
T13353,Flow Experience in Various Fields,1,0,-1,0.0,0.0,-0.0
T13573,"Government, Law, and Information Management",1,0,-1,0.0,0.0,-0.0
T14129,Economic and Business Studies,1,0,-1,0.0,0.0,-0.0
T13483,Herbal Medicine Research Studies,1,0,-1,0.0,0.0,-0.0
T14042,Technology and Security Systems,1,0,-1,0.0,0.0,-0.0
T13270,QR Code Applications and Technologies,1,0,-1,0.0,0.0,-0.0
T13482,Engineering Education and Technology,1,0,-1,0.0,0.0,-0.0
T14327,Advanced Energy Technologies and Civil Engineering Innovations,1,0,-1,0.0,0.0,-0.0
T13053,SMEs Development and Digital Marketing,1,0,-1,0.0,0.0,-0.0
T14294,Impulse Buying and Technology Impacts,1,0,-1,0.0,0.0,-0.0
T14283,Diverse Academic Research Areas,1,0,-1,0.0,0.0,-0.0
T13202,Pharmacology and Nanomedicine Research,1,0,-1,0.0,0.0,-0.0
T12217,Higher Education Teaching and Evaluation,1,0,-1,0.0,0.0,-0.0
T13461,Vladimir Nabokov Literary Studies,1,0,-1,0.0,0.0,-0.0
T13432,Environmental Sustainability and Technology,1,0,-1,0.0,0.0,-0.0
T14263,Professional Masters Programs Analysis,1,0,-1,0.0,0.0,-0.0
T13564,Education and Public Policy,1,0,-1,0.0,0.0,-0.0
T13692,Italian Social Issues and Migration,1,0,-1,0.0,0.0,-0.0
T14197,Historical Studies of Medieval Iberia,1,0,-1,0.0,0.0,-0.0
T13476,Indonesian Election Politics and Participation,1,0,-1,0.0,0.0,-0.0
T12113,Growth and nutrition in plants,1,0,-1,0.0,0.0,-0.0
T13671,Philosophy and Phenomenology Studies,1,0,-1,0.0,0.0,-0.0
T12326,Network Packet Processing and Optimization,1,0,-1,0.0,0.0,-0.0
T13858,Technical Engine Diagnostics and Monitoring,1,0,-1,0.0,0.0,-0.0
T14360,Psidium guajava Extracts and Applications,1,0,-1,0.0,0.0,-0.0
T14363,Optical properties and cooling technologies in crystalline materials,1,0,-1,0.0,0.0,-0.0
T13046,Electrokinetic Soil Remediation Techniques,1,0,-1,0.0,0.0,-0.0
T13810,Legal Systems and Institutions,1,0,-1,0.0,0.0,-0.0
T13964,Educational Technology and Optimization,1,0,-1,0.0,0.0,-0.0
T13809,"Philosophy, Health, and Society",1,0,-1,0.0,0.0,-0.0
T13392,History of Education in Spain,1,0,-1,0.0,0.0,-0.0
T13834,Whipple's Disease and Interleukins,1,0,-1,0.0,0.0,-0.0
T12243,Research in Cotton Cultivation,1,0,-1,0.0,0.0,-0.0
T13337,Korean Peninsula Historical and Political Studies,1,0,-1,0.0,0.0,-0.0
T13064,Dutch Social and Cultural Studies,1,0,-1,0.0,0.0,-0.0
T14233,Diverse Topics in Contemporary Research,1,0,-1,0.0,0.0,-0.0
T14211,Diverse academic research themes,1,0,-1,0.0,0.0,-0.0
T12556,Educational Methods and Analysis,1,0,-1,0.0,0.0,-0.0
T13832,Advanced Decision-Making Techniques,1,0,-1,0.0,0.0,-0.0
T14323,"Agriculture, Water, and Health",1,0,-1,0.0,0.0,-0.0
T12637,Scarabaeidae Beetle Taxonomy and Biogeography,1,0,-1,0.0,0.0,-0.0
T14461,Medicinal Plant Studies,1,0,-1,0.0,0.0,-0.0
T13580,Management and Performance Evaluation,1,0,-1,0.0,0.0,-0.0
T14370,"Economic, Social, and Health Studies",1,0,-1,0.0,0.0,-0.0
T13707,"Literature, Language, and Rhetoric Studies",1,0,-1,0.0,0.0,-0.0
T12945,Quality Function Deployment in Product Design,1,0,-1,0.0,0.0,-0.0
T13508,Agricultural Economics and Practices,1,0,-1,0.0,0.0,-0.0
T14442,Historical Studies in Science,1,0,-1,0.0,0.0,-0.0
T12442,Thermal Radiation and Cooling Technologies,1,0,-1,0.0,0.0,-0.0
T14187,Varied Academic Research Topics,1,0,-1,0.0,0.0,-0.0
T13760,"Finance, Taxation, and Governance",1,0,-1,0.0,0.0,-0.0
T14205,Education and Art Integration,0,1,1,0.0,0.0,0.0
T14132,Medical Research and Islamic Perspectives,0,1,1,0.0,0.0,0.0
T14066,Economic Development and Regional Competitiveness,0,1,1,0.0,0.0,0.0
T13351,Critical Theory and Political Philosophy,0,1,1,0.0,0.0,0.0
T12658,Language and Culture,0,1,1,0.0,0.0,0.0
T14209,Public health and occupational medicine,0,1,1,0.0,0.0,0.0
T13927,Cyberloafing and Workplace Behavior,0,1,1,0.0,0.0,0.0
T14157,Environmental and Agricultural Sciences,0,1,1,0.0,0.0,0.0
T13675,Diffusion Coefficients in Liquids,0,1,1,0.0,0.0,0.0
T13934,Indigenous Knowledge Systems and Agriculture,0,1,1,0.0,0.0,0.0
T12239,Construction Management and Sustainability,0,1,1,0.0,0.0,0.0
T13403,Higher Education in Latin America,0,1,1,0.0,0.0,0.0
T11858,Urban Development and Societal Issues,0,1,1,0.0,0.0,0.0
T13999,Digital Rights Management and Security,0,1,1,0.0,0.0,0.0
T14088,Generational Differences and Trends,0,1,1,0.0,0.0,0.0
T13420,Arduino and IoT Applications,0,1,1,0.0,0.0,0.0
T13290,Diverse Industrial Engineering Technologies,0,1,1,0.0,0.0,0.0
T14449,Education and Character Development,0,1,1,0.0,0.0,0.0
T13913,Blockchain Technology in Education and Learning,0,1,1,0.0,0.0,0.0
T14274,Education and Vocational Training,0,1,1,0.0,0.0,0.0
T13421,"Contemporary art, education, critique",0,1,1,0.0,0.0,0.0
T14358,Healthcare Quality and Satisfaction,0,1,1,0.0,0.0,0.0
T13823,Religious and Theological Studies,0,1,1,0.0,0.0,0.0
T13976,Web visibility and informetrics,0,1,1,0.0,0.0,0.0
T14434,Historical and Modern Theater Studies,0,1,1,0.0,0.0,0.0
T12407,Plant Growth Enhancement Techniques,1,0,-1,0.0,0.0,-0.0
T14227,Educational Practices and Challenges,1,0,-1,0.0,0.0,-0.0
T13968,Contemporary Cultural and Social Studies,1,0,-1,0.0,0.0,-0.0
T12395,Educational Innovations and Technology,1,0,-1,0.0,0.0,-0.0
T14265,Social and Behavioral Studies,1,0,-1,0.0,0.0,-0.0
T14060,Education and Communication Studies,1,0,-1,0.0,0.0,-0.0
T13479,Food Science and Nutritional Studies,1,0,-1,0.0,0.0,-0.0
T13017,Zygmunt Bauman's Sociology,1,0,-1,0.0,0.0,-0.0
T13647,AI and Big Data Applications,1,0,-1,0.0,0.0,-0.0
T12662,Digitalization and Economic Development in Agriculture,1,0,-1,0.0,0.0,-0.0
T12431,Sugarcane Cultivation and Processing,1,0,-1,0.0,0.0,-0.0
T14118,Social and Demographic Issues in Germany,1,0,-1,0.0,0.0,-0.0
T13615,Transportation Systems and Safety,0,1,1,0.0,0.0,0.0
T14252,Water and Wastewater Treatment,0,1,1,0.0,0.0,0.0
T13872,Vocational and Entrepreneurial Education,0,1,1,0.0,0.0,0.0
T14390,Real estate and construction management,0,1,1,0.0,0.0,0.0
T13190,Engineering and Environmental Studies,0,1,1,0.0,0.0,0.0
T13331,Energy and Environmental Sustainability,0,1,1,0.0,0.0,0.0
T13626,Educational and Organizational Development,0,1,1,0.0,0.0,0.0
T13862,"Soil, Finite Element Methods",0,1,1,0.0,0.0,0.0
T14277,Social Skills and Education,0,1,1,0.0,0.0,0.0
T14417,Central Asia Education and Culture,0,1,1,0.0,0.0,0.0
T13166,Information Science and Libraries,0,1,1,0.0,0.0,0.0
T13620,Education for Peace and Conflict Resolution,0,1,1,0.0,0.0,0.0
T13977,Geography and Environmental Studies in Latin America,0,1,1,0.0,0.0,0.0
T13343,Turkish Urban and Social Issues,0,1,1,0.0,0.0,0.0
T13016,Innovative Educational Technologies,0,1,1,0.0,0.0,0.0
T13787,"Globalization, Historical Perspectives, and International Relations",0,1,1,0.0,0.0,0.0
T13496,Advertising and Communication Studies,0,1,1,0.0,0.0,0.0
T14067,Cloud Computing and Remote Desktop Technologies,0,1,1,0.0,0.0,0.0
T14007,Indigenous and Place-Based Education,0,1,1,0.0,0.0,0.0
T14495,Public Health and Nutrition,0,1,1,0.0,0.0,0.0
T14305,Modern American Literature Studies,0,1,1,0.0,0.0,0.0
T13640,Ranque-Hilsch vortex tube,0,1,1,0.0,0.0,0.0
