topic_id,display_name,works_old,works_new,change,share_old,share_new,share_change_pts
T10346,Magnetic confinement fusion research,2196,2409,213,0.019,0.0209,0.19
T10048,Particle physics theoretical and experimental studies,1881,1770,-111,0.0163,0.0154,-0.09
T10247,Perovskite Materials and Applications,1540,1441,-99,0.0133,0.0125,-0.08
T10026,"Galaxies: Formation, Evolution, Phenomena",1205,1252,47,0.0104,0.0109,0.04
T10024,TiO2 Photocatalysis and Solar Cells,880,1120,240,0.0076,0.0097,0.21
T10037,Physics of Superconductivity and Magnetism,878,744,-134,0.0076,0.0065,-0.12
T10107,Ferroelectric and Piezoelectric Materials,670,780,110,0.0058,0.0068,0.1
T10022,Semiconductor Quantum Structures and Devices,609,700,91,0.0053,0.0061,0.08
T10581,Neural dynamics and brain function,726,550,-176,0.0063,0.0048,-0.15
T10002,Advanced Chemical Physics Studies,475,587,112,0.0041,0.0051,0.1
T10339,Advanced Numerical Methods in Computational Mathematics,351,638,287,0.003,0.0055,0.25
T11809,Advanced NMR Techniques and Applications,455,506,51,0.0039,0.0044,0.04
T10095,Cosmology and Gravitation Theories,348,608,260,0.003,0.0053,0.23
T11948,Machine Learning in Materials Science,509,446,-63,0.0044,0.0039,-0.05
T10275,2D Materials and Applications,373,552,179,0.0032,0.0048,0.16
T10075,Atmospheric chemistry and aerosols,453,467,14,0.0039,0.0041,0.01
T11682,Advanced Condensed Matter Physics,325,575,250,0.0028,0.005,0.22
T11808,Superconducting Materials and Applications,391,469,78,0.0034,0.0041,0.07
T10049,Magnetic properties of thin films,388,453,65,0.0034,0.0039,0.06
T10099,GaN-based semiconductor devices and materials,395,439,44,0.0034,0.0038,0.04
T10378,Advanced MRI Techniques and Applications,374,450,76,0.0032,0.0039,0.07
T10241,Functional Brain Connectivity Studies,436,366,-70,0.0038,0.0032,-0.06
T10427,Visual perception and processing mechanisms,311,462,151,0.0027,0.004,0.13
T10683,Mass Spectrometry Techniques and Applications,357,386,29,0.0031,0.0034,0.03
T10030,Electrocatalysts for Energy Conversion,358,380,22,0.0031,0.0033,0.02
T10033,Concrete and Cement Materials Research,342,395,53,0.003,0.0034,0.05
T11177,Spectroscopy and Quantum Chemical Studies,460,273,-187,0.004,0.0024,-0.16
T10772,Distributed systems and fault tolerance,349,378,29,0.003,0.0033,0.03
T10039,"Stellar, planetary, and galactic studies",344,375,31,0.003,0.0033,0.03
T12612,Strong Light-Matter Interactions,361,342,-19,0.0031,0.003,-0.02
T10540,Advanced Fluorescence Microscopy Techniques,289,403,114,0.0025,0.0035,0.1
T10121,Building Energy and Comfort Optimization,323,350,27,0.0028,0.003,0.02
T10078,Advanced Photocatalysis Techniques,296,374,78,0.0026,0.0032,0.07
T10360,Fluid Dynamics and Turbulent Flows,319,350,31,0.0028,0.003,0.03
T10222,Genomics and Chromatin Dynamics,296,370,74,0.0026,0.0032,0.06
T10657,Topological Materials and Phenomena,319,339,20,0.0028,0.0029,0.02
T10295,Plasmonic and Surface Plasmon Research,258,394,136,0.0022,0.0034,0.12
T10472,Semiconductor materials and devices,444,200,-244,0.0038,0.0017,-0.21
T10500,Sparse and Compressive Sensing Techniques,357,273,-84,0.0031,0.0024,-0.07
T10083,Graphene research and applications,365,263,-102,0.0032,0.0023,-0.09
T11206,Model Reduction and Neural Networks,272,350,78,0.0024,0.003,0.07
T10624,Silicon and Solar Cell Technologies,197,423,226,0.0017,0.0037,0.2
T11279,Lanthanide and Transition Metal Complexes,309,311,2,0.0027,0.0027,0.0
T11601,Neuroscience and Neural Engineering,320,299,-21,0.0028,0.0026,-0.02
T10923,Force Microscopy Techniques and Applications,364,248,-116,0.0032,0.0022,-0.1
T10429,EEG and Brain-Computer Interfaces,333,279,-54,0.0029,0.0024,-0.05
T10163,Metal complexes synthesis and properties,307,303,-4,0.0027,0.0026,-0.0
T11434,Electrochemical Analysis and Applications,391,216,-175,0.0034,0.0019,-0.15
T11612,Stochastic Gradient Optimization Techniques,233,365,132,0.002,0.0032,0.11
T10224,Quantum Chromodynamics and Particle Interactions,168,426,258,0.0015,0.0037,0.22
T10597,Nuclear reactor physics and engineering,285,306,21,0.0025,0.0027,0.02
T10192,Catalytic Processes in Materials Science,322,254,-68,0.0028,0.0022,-0.06
T10850,Heat Transfer and Boiling Studies,275,296,21,0.0024,0.0026,0.02
T10210,Advanced oxidation water treatment,196,374,178,0.0017,0.0032,0.15
T10591,Theoretical and Computational Physics,292,274,-18,0.0025,0.0024,-0.02
T11152,Stochastic processes and statistical mechanics,197,369,172,0.0017,0.0032,0.15
T10720,Complexity and Algorithms in Graphs,169,397,228,0.0015,0.0034,0.2
T10074,Carbon Nanotubes in Composites,305,252,-53,0.0026,0.0022,-0.05
T10592,Fusion materials and technologies,229,326,97,0.002,0.0028,0.08
T10219,Mechanical Behavior of Composites,263,289,26,0.0023,0.0025,0.02
T10857,Advanced Electron Microscopy Techniques and Applications,243,307,64,0.0021,0.0027,0.06
T10577,Hydrology and Sediment Transport Processes,280,268,-12,0.0024,0.0023,-0.01
T10382,Quantum and electron transport phenomena,330,215,-115,0.0029,0.0019,-0.1
T10067,Stochastic processes and financial applications,274,270,-4,0.0024,0.0023,-0.0
T10025,Black Holes and Theoretical Physics,260,284,24,0.0023,0.0025,0.02
T10044,Protein Structure and Dynamics,225,319,94,0.002,0.0028,0.08
T10096,Metal-Organic Frameworks: Synthesis and Applications,298,238,-60,0.0026,0.0021,-0.05
T10787,Lightning and Electromagnetic Phenomena,271,258,-13,0.0023,0.0022,-0.01
T10320,Neural Networks and Applications,327,199,-128,0.0028,0.0017,-0.11
T10085,Parkinson's Disease Mechanisms and Treatments,235,280,45,0.002,0.0024,0.04
T10299,Photonic and Optical Devices,326,184,-142,0.0028,0.0016,-0.12
T10412,Microfluidic and Capillary Electrophoresis Applications,210,298,88,0.0018,0.0026,0.08
T10369,Advanced MEMS and NEMS Technologies,157,347,190,0.0014,0.003,0.17
T10054,Parallel Computing and Optimization Techniques,221,283,62,0.0019,0.0025,0.05
T11367,Particle accelerators and beam dynamics,143,358,215,0.0012,0.0031,0.19
T10644,Cryospheric studies and observations,283,216,-67,0.0025,0.0019,-0.06
T10311,Advancements in Solid Oxide Fuel Cells,226,268,42,0.002,0.0023,0.04
T11087,Solidification and crystal growth phenomena,179,314,135,0.0016,0.0027,0.12
T10204,Microstructure and mechanical properties,226,266,40,0.002,0.0023,0.03
T11321,Error Correcting Code Techniques,219,271,52,0.0019,0.0024,0.05
T10558,Advancements in Semiconductor Devices and Circuit Design,206,283,77,0.0018,0.0025,0.07
T11044,Particle Detector Development and Performance,154,319,165,0.0013,0.0028,0.14
T10377,Metal and Thin Film Mechanics,252,220,-32,0.0022,0.0019,-0.03
T11304,Advanced Neuroimaging Techniques and Applications,257,211,-46,0.0022,0.0018,-0.04
T10077,Neuroscience and Neuropharmacology Research,208,256,48,0.0018,0.0022,0.04
T10791,Advanced Control Systems Optimization,228,236,8,0.002,0.002,0.01
T10792,Matrix Theory and Algorithms,196,267,71,0.0017,0.0023,0.06
T10479,Structural Behavior of Reinforced Concrete,243,219,-24,0.0021,0.0019,-0.02
T10682,Quantum Computing Algorithms and Architecture,203,255,52,0.0018,0.0022,0.05
T11784,CO2 Reduction Techniques and Catalysts,235,219,-16,0.002,0.0019,-0.01
T12285,Surface Chemistry and Catalysis,172,279,107,0.0015,0.0024,0.09
T10764,Privacy-Preserving Technologies in Data,194,254,60,0.0017,0.0022,0.05
T11449,Mechanical and Optical Resonators,296,149,-147,0.0026,0.0013,-0.13
T10205,Advanced Fiber Optic Sensors,238,204,-34,0.0021,0.0018,-0.03
T10379,Cellular Mechanics and Interactions,181,261,80,0.0016,0.0023,0.07
T10061,Algebraic Geometry and Number Theory,226,215,-11,0.002,0.0019,-0.01
T11804,Quantum many-body systems,192,243,51,0.0017,0.0021,0.04
T10988,Advanced Fiber Laser Technologies,276,159,-117,0.0024,0.0014,-0.1
T10666,Photonic Crystals and Applications,226,209,-17,0.002,0.0018,-0.01
T10245,Metamaterials and Metasurfaces Applications,183,246,63,0.0016,0.0021,0.05
T10323,Analog and Mixed-Signal Circuit Design,146,282,136,0.0013,0.0024,0.12
T12100,Advanced Mathematical Modeling in Engineering,284,141,-143,0.0025,0.0012,-0.12
T11183,Advanced X-ray Imaging Techniques,216,205,-11,0.0019,0.0018,-0.01
T10354,Catalytic C–H Functionalization Methods,298,118,-180,0.0026,0.001,-0.16
T12039,Electron and X-Ray Spectroscopy Techniques,200,216,16,0.0017,0.0019,0.01
T10502,Advanced Memory and Neural Computing,267,148,-119,0.0023,0.0013,-0.1
T10818,Astrophysics and Cosmic Phenomena,213,201,-12,0.0018,0.0017,-0.01
T10028,Topic Modeling,181,230,49,0.0016,0.002,0.04
T10638,Optical measurement and interference techniques,190,219,29,0.0016,0.0019,0.03
T10330,Hydrology and Watershed Management Studies,215,189,-26,0.0019,0.0016,-0.02
T11429,Semiconductor Lasers and Optical Devices,179,219,40,0.0016,0.0019,0.03
T10126,"Logic, programming, and type systems",127,267,140,0.0011,0.0023,0.12
T10338,Advanced Sensor and Energy Harvesting Materials,288,98,-190,0.0025,0.0009,-0.16
T10086,Alzheimer's disease research and treatments,164,221,57,0.0014,0.0019,0.05
T10896,Homotopy and Cohomology in Algebraic Topology,177,206,29,0.0015,0.0018,0.03
T12859,Cell Image Analysis Techniques,212,168,-44,0.0018,0.0015,-0.04
T10705,Additive Manufacturing Materials and Processes,188,189,1,0.0016,0.0016,0.0
T10716,Soil and Unsaturated Flow,191,183,-8,0.0017,0.0016,-0.01
T11663,Viral Infectious Diseases and Gene Expression in Insects,190,183,-7,0.0016,0.0016,-0.01
T10038,Tuberculosis Research and Epidemiology,163,209,46,0.0014,0.0018,0.04
T13531,Surface and Thin Film Phenomena,145,224,79,0.0013,0.0019,0.07
T11897,Digital Holography and Microscopy,176,190,14,0.0015,0.0016,0.01
T10194,Nonlinear Partial Differential Equations,118,247,129,0.001,0.0021,0.11
T11582,Nanopore and Nanochannel Transport Studies,187,177,-10,0.0016,0.0015,-0.01
T10347,Atmospheric aerosols and clouds,133,230,97,0.0012,0.002,0.08
T10374,Advanced Graph Theory Research,158,205,47,0.0014,0.0018,0.04
T10131,Gold and Silver Nanoparticles Synthesis and Applications,178,181,3,0.0015,0.0016,0.0
T10161,Rock Mechanics and Modeling,142,217,75,0.0012,0.0019,0.07
T12022,Hydraulic flow and structures,120,236,116,0.001,0.002,0.1
T11185,Integrated Energy Systems Optimization,133,219,86,0.0012,0.0019,0.07
T10045,Organic Electronics and Photovoltaics,138,213,75,0.0012,0.0018,0.07
T10268,Developmental Biology and Gene Regulation,128,222,94,0.0011,0.0019,0.08
T10407,Lipid Membrane Structure and Behavior,171,178,7,0.0015,0.0015,0.01
T11272,Nanowire Synthesis and Applications,186,163,-23,0.0016,0.0014,-0.02
T10781,Plasma Diagnostics and Applications,161,185,24,0.0014,0.0016,0.02
T11255,Microfluidic and Bio-sensing Technologies,194,151,-43,0.0017,0.0013,-0.04
T10688,Image and Signal Denoising Methods,228,117,-111,0.002,0.001,-0.1
T11245,Advanced Numerical Analysis Techniques,211,131,-80,0.0018,0.0011,-0.07
T10092,Organometallic Complex Synthesis and Catalysis,122,218,96,0.0011,0.0019,0.08
T10932,Microbial Metabolic Engineering and Bioproduction,178,160,-18,0.0015,0.0014,-0.02
T10207,Advanced biosensing and bioanalysis techniques,209,129,-80,0.0018,0.0011,-0.07
T11202,Cavitation Phenomena in Pumps,140,196,56,0.0012,0.0017,0.05
T10680,Wind Energy Research and Development,165,171,6,0.0014,0.0015,0.01
T10301,Mitochondrial Function and Pathology,180,154,-26,0.0016,0.0013,-0.02
T10435,Environmental Impact and Sustainability,136,197,61,0.0012,0.0017,0.05
T11853,Semiconductor materials and interfaces,102,225,123,0.0009,0.002,0.11
T10396,Fatigue and fracture mechanics,108,219,111,0.0009,0.0019,0.1
T10973,Radioactive element chemistry and processing,173,154,-19,0.0015,0.0013,-0.02
T10047,Financial Markets and Investment Strategies,139,186,47,0.0012,0.0016,0.04
T10064,Complex Network Analysis Techniques,154,166,12,0.0013,0.0014,0.01
T10535,Landslides and related hazards,175,143,-32,0.0015,0.0012,-0.03
T11190,3D Printing in Biomedical Research,212,106,-106,0.0018,0.0009,-0.09
T11289,Single-cell and spatial transcriptomics,172,145,-27,0.0015,0.0013,-0.02
T10911,Chemical Synthesis and Analysis,167,149,-18,0.0014,0.0013,-0.02
T10904,Embedded Systems Design Techniques,125,189,64,0.0011,0.0016,0.06
T10865,Shape Memory Alloy Transformations,128,186,58,0.0011,0.0016,0.05
T11129,Photochemistry and Electron Transfer Studies,126,188,62,0.0011,0.0016,0.05
T11366,Elasticity and Material Modeling,136,177,41,0.0012,0.0015,0.04
T10623,Thin-Film Transistor Technologies,244,66,-178,0.0021,0.0006,-0.15
T11407,Innovative Microfluidic and Catalytic Techniques Innovation,192,118,-74,0.0017,0.001,-0.06
T10648,Virtual Reality Applications and Impacts,127,180,53,0.0011,0.0016,0.05
T10212,Electrochemical sensors and biosensors,103,203,100,0.0009,0.0018,0.09
T11210,Mathematical Analysis and Transform Methods,52,253,201,0.0005,0.0022,0.17
T10653,Robot Manipulation and Learning,159,143,-16,0.0014,0.0012,-0.01
T10132,Advanced ceramic materials synthesis,147,154,7,0.0013,0.0013,0.01
T10698,Transportation Planning and Optimization,118,180,62,0.001,0.0016,0.05
T10317,Advanced Database Systems and Queries,110,188,78,0.001,0.0016,0.07
T10069,Antenna Design and Analysis,132,164,32,0.0011,0.0014,0.03
T10052,Medical Image Segmentation Techniques,96,199,103,0.0008,0.0017,0.09
T10478,Diamond and Carbon-based Materials Research,181,114,-67,0.0016,0.001,-0.06
T10611,Organic Light-Emitting Diodes Research,141,153,12,0.0012,0.0013,0.01
T10481,Computer Graphics and Visualization Techniques,112,181,69,0.001,0.0016,0.06
T10492,Microtubule and mitosis dynamics,132,160,28,0.0011,0.0014,0.02
T10566,Laser-Matter Interactions and Applications,105,187,82,0.0009,0.0016,0.07
T12784,Modular Robots and Swarm Intelligence,174,118,-56,0.0015,0.001,-0.05
T11689,Adversarial Robustness in Machine Learning,128,161,33,0.0011,0.0014,0.03
T10447,Environmental Toxicology and Ecotoxicology,88,201,113,0.0008,0.0017,0.1
T11175,Gyrotron and Vacuum Electronics Research,159,130,-29,0.0014,0.0011,-0.03
T10612,Magnetism in coordination complexes,169,119,-50,0.0015,0.001,-0.04
T11329,Limits and Structures in Graph Theory,139,149,10,0.0012,0.0013,0.01
T10924,Cardiovascular Health and Disease Prevention,145,141,-4,0.0013,0.0012,-0.0
T10879,Robotic Locomotion and Control,136,149,13,0.0012,0.0013,0.01
T12290,Human Motion and Animation,149,135,-14,0.0013,0.0012,-0.01
T10160,Seismic Performance and Analysis,111,173,62,0.001,0.0015,0.05
T11053,Process Optimization and Integration,135,147,12,0.0012,0.0013,0.01
T10211,Computational Drug Discovery Methods,127,155,28,0.0011,0.0013,0.02
T11520,Advanced Thermodynamics and Statistical Mechanics,182,100,-82,0.0016,0.0009,-0.07
T10448,Memory and Neural Mechanisms,101,179,78,0.0009,0.0016,0.07
T10578,Supramolecular Chemistry and Complexes,77,203,126,0.0007,0.0018,0.11
T10229,Geometric Analysis and Curvature Flows,89,191,102,0.0008,0.0017,0.09
T10670,Aluminum Alloy Microstructure Properties,179,100,-79,0.0016,0.0009,-0.07
T10913,Molecular Junctions and Nanostructures,225,53,-172,0.002,0.0005,-0.15
T10956,Fullerene Chemistry and Applications,143,134,-9,0.0012,0.0012,-0.01
T10796,Cooperative Communication and Network Coding,149,125,-24,0.0013,0.0011,-0.02
T10996,Computational Geometry and Mesh Generation,173,101,-72,0.0015,0.0009,-0.06
T11758,Organic and Molecular Conductors Research,154,117,-37,0.0013,0.001,-0.03
T11160,Acoustic Wave Resonator Technologies,165,105,-60,0.0014,0.0009,-0.05
T10741,Video Coding and Compression Technologies,87,183,96,0.0008,0.0016,0.08
T10548,Catalytic Cross-Coupling Reactions,80,189,109,0.0007,0.0016,0.09
T10018,Advancements in Battery Materials,142,126,-16,0.0012,0.0011,-0.01
T10739,Electromagnetic Scattering and Analysis,103,165,62,0.0009,0.0014,0.05
T11608,Dielectric materials and actuators,109,159,50,0.0009,0.0014,0.04
T10409,Fuel Cells and Related Materials,145,121,-24,0.0013,0.0011,-0.02
T11680,Advanced Algebra and Geometry,86,180,94,0.0007,0.0016,0.08
T10114,"Balance, Gait, and Falls Prevention",142,123,-19,0.0012,0.0011,-0.02
T10531,Advanced Vision and Imaging,165,99,-66,0.0014,0.0009,-0.06
T10957,Photodynamic Therapy Research Studies,128,135,7,0.0011,0.0012,0.01
T10266,Plant Water Relations and Carbon Dynamics,144,119,-25,0.0012,0.001,-0.02
T10886,Multiferroics and related materials,144,117,-27,0.0012,0.001,-0.02
T10059,Bone Tissue Engineering Materials,118,143,25,0.001,0.0012,0.02
T10480,Ionic liquids properties and applications,133,128,-5,0.0012,0.0011,-0.0
T10321,Quantum Dots Synthesis And Properties,148,113,-35,0.0013,0.001,-0.03
T12917,Astronomy and Astrophysical Research,176,85,-91,0.0015,0.0007,-0.08
T10462,Reinforcement Learning in Robotics,83,178,95,0.0007,0.0015,0.08
T11379,Rheology and Fluid Dynamics Studies,127,133,6,0.0011,0.0012,0.01
T10237,Cryptography and Data Security,110,150,40,0.001,0.0013,0.03
T11877,Iron oxide chemistry and applications,150,109,-41,0.0013,0.0009,-0.04
T11949,Nuclear Physics and Applications,166,92,-74,0.0014,0.0008,-0.06
T11611,Cyclopropane Reaction Mechanisms,125,133,8,0.0011,0.0012,0.01
T10304,Geometric and Algebraic Topology,108,149,41,0.0009,0.0013,0.04
T11475,French Urban and Social Studies,233,24,-209,0.002,0.0002,-0.18
T11090,Dark Matter and Cosmic Phenomena,137,118,-19,0.0012,0.001,-0.02
T10868,Soft Robotics and Applications,94,160,66,0.0008,0.0014,0.06
T10020,Quantum Information and Cryptography,123,131,8,0.0011,0.0011,0.01
T10013,Asymmetric Synthesis and Catalysis,59,194,135,0.0005,0.0017,0.12
T10389,Polymer crystallization and properties,119,134,15,0.001,0.0012,0.01
T10949,Genetic Neurodegenerative Diseases,133,119,-14,0.0012,0.001,-0.01
T10521,RNA and protein synthesis mechanisms,147,105,-42,0.0013,0.0009,-0.04
T10860,Speech and Audio Processing,126,125,-1,0.0011,0.0011,-0.0
T11737,Advanced Materials and Mechanics,144,106,-38,0.0012,0.0009,-0.03
T10559,Particle Accelerators and Free-Electron Lasers,182,68,-114,0.0016,0.0006,-0.1
T10607,Magnetic and transport properties of perovskites and related materials,115,133,18,0.001,0.0012,0.02
T10173,Computational Fluid Dynamics and Aerodynamics,95,153,58,0.0008,0.0013,0.05
T10471,Climate Change Policy and Economics,106,141,35,0.0009,0.0012,0.03
T12202,nanoparticles nucleation surface interactions,175,71,-104,0.0015,0.0006,-0.09
T10514,Numerical methods in engineering,132,113,-19,0.0011,0.001,-0.02
T10534,Structural Health Monitoring Techniques,141,103,-38,0.0012,0.0009,-0.03
T10036,Advanced Neural Network Applications,84,160,76,0.0007,0.0014,0.07
T10621,Gene Regulatory Network Analysis,115,129,14,0.001,0.0011,0.01
T11273,Advanced Graph Neural Networks,127,116,-11,0.0011,0.001,-0.01
T11352,Masonry and Concrete Structural Analysis,112,131,19,0.001,0.0011,0.02
T12588,Electronic and Structural Properties of Oxides,154,88,-66,0.0013,0.0008,-0.06
T12166,Ion-surface interactions and analysis,138,103,-35,0.0012,0.0009,-0.03
T11307,Domain Adaptation and Few-Shot Learning,103,138,35,0.0009,0.0012,0.03
T10342,Circadian rhythm and melatonin,116,124,8,0.001,0.0011,0.01
T11234,Precipitation Measurement and Analysis,92,148,56,0.0008,0.0013,0.05
T11593,Carbon dioxide utilization in catalysis,131,107,-24,0.0011,0.0009,-0.02
T10614,Transcranial Magnetic Stimulation Studies,107,130,23,0.0009,0.0011,0.02
T10466,Meteorological Phenomena and Simulations,103,133,30,0.0009,0.0012,0.03
T10413,High-pressure geophysics and materials,129,107,-22,0.0011,0.0009,-0.02
T12153,Advanced Optical Sensing Technologies,148,88,-60,0.0013,0.0008,-0.05
T10343,"Hydrogels: synthesis, properties, applications",60,174,114,0.0005,0.0015,0.1
T10363,Low-power high-performance VLSI design,93,139,46,0.0008,0.0012,0.04
T10717,Aluminum Alloys Composites Properties,119,113,-6,0.001,0.001,-0.01
T10223,Microgrid Control and Optimization,146,84,-62,0.0013,0.0007,-0.05
T10112,HIV Research and Treatment,107,120,13,0.0009,0.001,0.01
T10142,Formal Methods in Verification,120,105,-15,0.001,0.0009,-0.01
T11486,Micro and Nano Robotics,135,90,-45,0.0012,0.0008,-0.04
T10524,Traffic control and management,98,127,29,0.0008,0.0011,0.03
T10249,Distributed Control Multi-Agent Systems,87,136,49,0.0008,0.0012,0.04
T11236,Control Systems and Identification,91,131,40,0.0008,0.0011,0.03
T11965,"Quantum, superfluid, helium dynamics",141,80,-61,0.0012,0.0007,-0.05
T10425,Cold Atom Physics and Bose-Einstein Condensates,139,82,-57,0.0012,0.0007,-0.05
T11022,Spectral Theory in Mathematical Physics,69,151,82,0.0006,0.0013,0.07
T11791,Microbial Community Ecology and Physiology,122,98,-24,0.0011,0.0009,-0.02
T10901,Advanced Data Compression Techniques,90,129,39,0.0008,0.0011,0.03
T10110,earthquake and tectonic studies,110,109,-1,0.001,0.0009,-0.0
T11472,Analytical Chemistry and Sensors,146,72,-74,0.0013,0.0006,-0.06
T12466,Near-Field Optical Microscopy,140,78,-62,0.0012,0.0007,-0.05
T11166,Analytic Number Theory Research,95,123,28,0.0008,0.0011,0.02
T11493,Water Treatment and Disinfection,107,110,3,0.0009,0.001,0.0
T11654,Advanced Mathematical Physics Problems,118,99,-19,0.001,0.0009,-0.02
T10138,Network Traffic and Congestion Control,69,147,78,0.0006,0.0013,0.07
T10908,Analytical Chemistry and Chromatography,114,101,-13,0.001,0.0009,-0.01
T11051,Sirtuins and Resveratrol in Medicine,102,112,10,0.0009,0.001,0.01
T10090,ZnO doping and properties,119,94,-25,0.001,0.0008,-0.02
T10341,Coral and Marine Ecosystems Studies,107,106,-1,0.0009,0.0009,-0.0
T10859,Polymer Surface Interaction Studies,103,109,6,0.0009,0.0009,0.01
T12170,History and Theory of Mathematics,77,135,58,0.0007,0.0012,0.05
T10617,Cellular transport and secretion,94,118,24,0.0008,0.001,0.02
T10201,Speech Recognition and Synthesis,87,125,38,0.0008,0.0011,0.03
T11937,Research Data Management Practices,80,132,52,0.0007,0.0011,0.05
T10118,SARS-CoV-2 and COVID-19 Research,98,114,16,0.0008,0.001,0.01
T10019,Corporate Finance and Governance,87,124,37,0.0008,0.0011,0.03
T10191,Robotics and Sensor-Based Localization,127,84,-43,0.0011,0.0007,-0.04
T10928,Probabilistic and Robust Engineering Design,153,58,-95,0.0013,0.0005,-0.08
T10474,Material Dynamics and Properties,100,110,10,0.0009,0.001,0.01
T12224,Nanofabrication and Lithography Techniques,101,109,8,0.0009,0.0009,0.01
T11159,Manufacturing Process and Optimization,157,53,-104,0.0014,0.0005,-0.09
T10120,Bacterial Genetics and Biotechnology,64,146,82,0.0006,0.0013,0.07
T11878,Solid-state spectroscopy and crystallography,129,80,-49,0.0011,0.0007,-0.04
T10432,DNA and Nucleic Acid Chemistry,108,101,-7,0.0009,0.0009,-0.01
T10603,Smart Grid Energy Management,115,93,-22,0.001,0.0008,-0.02
T10063,Nanoparticle-Based Drug Delivery,94,111,17,0.0008,0.001,0.01
T11416,Numerical methods for differential equations,103,100,-3,0.0009,0.0009,-0.0
T10856,Intellectual Property and Patents,77,126,49,0.0007,0.0011,0.04
T11187,Nonlinear Dynamics and Pattern Formation,118,85,-33,0.001,0.0007,-0.03
T10676,"Genetics, Aging, and Longevity in Model Organisms",135,67,-68,0.0012,0.0006,-0.06
T10784,Muscle activation and electromyography studies,138,63,-75,0.0012,0.0005,-0.06
T11178,Receptor Mechanisms and Signaling,102,99,-3,0.0009,0.0009,-0.0
T10894,Groundwater flow and contamination studies,77,123,46,0.0007,0.0011,0.04
T10419,Pharmaceutical and Antibiotic Environmental Impacts,130,70,-60,0.0011,0.0006,-0.05
T10287,Algebraic structures and combinatorial models,125,74,-51,0.0011,0.0006,-0.04
T11764,Evolution and Genetic Dynamics,77,122,45,0.0007,0.0011,0.04
T10839,Pancreatic function and diabetes,118,80,-38,0.001,0.0007,-0.03
T11733,X-ray Spectroscopy and Fluorescence Analysis,61,137,76,0.0005,0.0012,0.07
T12240,Nanomaterials for catalytic reactions,75,122,47,0.0007,0.0011,0.04
T10940,Navier-Stokes equation solutions,73,124,51,0.0006,0.0011,0.04
T10405,Advanced Polymer Synthesis and Characterization,67,129,62,0.0006,0.0011,0.05
T10732,Laser Material Processing Techniques,88,108,20,0.0008,0.0009,0.02
T11684,Vibrio bacteria research studies,130,65,-65,0.0011,0.0006,-0.06
T10255,Oceanographic and Atmospheric Processes,80,113,33,0.0007,0.001,0.03
T10215,Semantic Web and Ontologies,96,96,0,0.0008,0.0008,0.0
T10280,Shoulder Injury and Treatment,99,92,-7,0.0009,0.0008,-0.01
T12692,Magnetic Field Sensors Techniques,92,99,7,0.0008,0.0009,0.01
T10919,Neurological disorders and treatments,106,85,-21,0.0009,0.0007,-0.02
T11111,Spectroscopy and Laser Applications,133,57,-76,0.0012,0.0005,-0.07
T10015,Genomics and Phylogenetic Studies,100,89,-11,0.0009,0.0008,-0.01
T10262,Microwave Engineering and Waveguides,99,90,-9,0.0009,0.0008,-0.01
T11870,Structural Analysis and Optimization,102,86,-16,0.0009,0.0007,-0.01
T10461,Gas Sensing Nanomaterials and Sensors,109,78,-31,0.0009,0.0007,-0.03
T11100,Intermetallics and Advanced Alloy Properties,91,95,4,0.0008,0.0008,0.0
T11382,Fluid Dynamics and Heat Transfer,66,120,54,0.0006,0.001,0.05
T11413,Risk and Portfolio Optimization,88,97,9,0.0008,0.0008,0.01
T10171,Biofuel production and bioconversion,103,82,-21,0.0009,0.0007,-0.02
T10410,COVID-19 epidemiological studies,95,90,-5,0.0008,0.0008,-0.0
T10835,Carbohydrate Chemistry and Synthesis,93,92,-1,0.0008,0.0008,-0.0
T11281,Asymmetric Hydrogenation and Catalysis,128,56,-72,0.0011,0.0005,-0.06
T11403,Invertebrate Immune Response Mechanisms,92,92,0,0.0008,0.0008,0.0
T10982,Motor Control and Adaptation,63,121,58,0.0005,0.0011,0.05
T11048,Bacteriophages and microbial interactions,120,64,-56,0.001,0.0006,-0.05
T12536,Topological and Geometric Data Analysis,108,75,-33,0.0009,0.0007,-0.03
T10495,Catalysts for Methane Reforming,68,115,47,0.0006,0.001,0.04
T10527,High-Energy Particle Collisions Research,100,82,-18,0.0009,0.0007,-0.02
T10719,3D Shape Modeling and Analysis,77,105,28,0.0007,0.0009,0.02
T11799,"Adhesion, Friction, and Surface Interactions",109,73,-36,0.0009,0.0006,-0.03
T11986,Scientific Computing and Data Management,99,82,-17,0.0009,0.0007,-0.01
T11225,Geothermal Energy Systems and Applications,87,93,6,0.0008,0.0008,0.01
T10336,Cancer Cells and Metastasis,110,70,-40,0.001,0.0006,-0.03
T10512,Orthopaedic implants and arthroplasty,104,76,-28,0.0009,0.0007,-0.02
T10822,Acoustic Wave Phenomena Research,90,89,-1,0.0008,0.0008,-0.0
T10510,Stroke Rehabilitation and Recovery,76,103,27,0.0007,0.0009,0.02
T12091,Peatlands and Wetlands Ecology,77,102,25,0.0007,0.0009,0.02
T11277,Thermal properties of materials,82,96,14,0.0007,0.0008,0.01
T10324,Microbial bioremediation and biosurfactants,70,108,38,0.0006,0.0009,0.03
T10914,Tactile and Sensory Interactions,82,95,13,0.0007,0.0008,0.01
T11440,Click Chemistry and Applications,100,76,-24,0.0009,0.0007,-0.02
T10580,Immunotherapy and Immune Responses,89,87,-2,0.0008,0.0008,-0.0
T11016,Monoclonal and Polyclonal Antibodies Research,133,41,-92,0.0012,0.0004,-0.08
T10032,Marine and coastal ecosystems,112,62,-50,0.001,0.0005,-0.04
T10505,Pluripotent Stem Cells Research,92,81,-11,0.0008,0.0007,-0.01
T10590,Chalcogenide Semiconductor Thin Films,131,42,-89,0.0011,0.0004,-0.08
T10023,Schizophrenia research and treatment,22,150,128,0.0002,0.0013,0.11
T10187,Radio Frequency Integrated Circuit Design,74,98,24,0.0006,0.0009,0.02
T11457,Adipose Tissue and Metabolism,113,59,-54,0.001,0.0005,-0.05
T10725,RNA Interference and Gene Delivery,109,63,-46,0.0009,0.0005,-0.04
T11145,Epoxy Resin Curing Processes,92,79,-13,0.0008,0.0007,-0.01
T10423,Neurobiology and Insect Physiology Research,80,90,10,0.0007,0.0008,0.01
T11170,Biomimetic flight and propulsion mechanisms,82,88,6,0.0007,0.0008,0.01
T10701,Radical Photochemical Reactions,68,102,34,0.0006,0.0009,0.03
T10691,Retinal Development and Disorders,74,95,21,0.0006,0.0008,0.02
T10305,Power System Optimization and Stability,70,98,28,0.0006,0.0009,0.02
T10713,Structural Load-Bearing Analysis,87,81,-6,0.0008,0.0007,-0.01
T10788,Neuroscience and Music Perception,79,88,9,0.0007,0.0008,0.01
T10310,Corrosion Behavior and Inhibition,106,61,-45,0.0009,0.0005,-0.04
T10551,Scheduling and Optimization Algorithms,95,72,-23,0.0008,0.0006,-0.02
T10105,Osteoarthritis Treatment and Mechanisms,90,77,-13,0.0008,0.0007,-0.01
T10236,Aquatic Ecosystems and Phytoplankton Dynamics,64,102,38,0.0006,0.0009,0.03
T10066,Gut microbiota and health,81,85,4,0.0007,0.0007,0.0
T10588,Mathematical Dynamics and Fractals,73,91,18,0.0006,0.0008,0.02
T11766,Iron-based superconductors research,95,69,-26,0.0008,0.0006,-0.02
T11469,Lymphatic System and Diseases,86,78,-8,0.0007,0.0007,-0.01
T11023,Prosthetics and Rehabilitation Robotics,61,101,40,0.0005,0.0009,0.03
T10181,Natural Language Processing Techniques,98,64,-34,0.0008,0.0006,-0.03
T11208,Lignin and Wood Chemistry,81,81,0,0.0007,0.0007,0.0
T11261,Quantum chaos and dynamical systems,121,41,-80,0.001,0.0004,-0.07
T10005,Ecology and Vegetation Dynamics Studies,76,86,10,0.0007,0.0007,0.01
T10937,"Telomeres, Telomerase, and Senescence",76,86,10,0.0007,0.0007,0.01
T10963,Advanced Optimization Algorithms Research,70,91,21,0.0006,0.0008,0.02
T10298,Urban Transport and Accessibility,94,66,-28,0.0008,0.0006,-0.02
T10925,Spinal Cord Injury Research,70,90,20,0.0006,0.0008,0.02
T11371,Wind and Air Flow Studies,84,76,-8,0.0007,0.0007,-0.01
T12236,Photoreceptor and optogenetics research,120,40,-80,0.001,0.0003,-0.07
T10660,Conducting polymers and applications,102,58,-44,0.0009,0.0005,-0.04
T10490,Orbital Angular Momentum in Optics,73,86,13,0.0006,0.0007,0.01
T11989,Oxidative Organic Chemistry Reactions,89,70,-19,0.0008,0.0006,-0.02
T10899,Advanced Operator Algebra Research,69,90,21,0.0006,0.0008,0.02
T10246,Mobile Ad Hoc Networks,76,82,6,0.0007,0.0007,0.01
T11603,Dust and Plasma Wave Phenomena,44,114,70,0.0004,0.001,0.06
T11216,Radiation Detection and Scintillator Technologies,85,72,-13,0.0007,0.0006,-0.01
T10136,Statistical Methods and Inference,83,74,-9,0.0007,0.0006,-0.01
T12274,Electrostatics and Colloid Interactions,51,106,55,0.0004,0.0009,0.05
T10261,Genetic Associations and Epidemiology,55,102,47,0.0005,0.0009,0.04
T10948,Advanced Combinatorial Mathematics,33,124,91,0.0003,0.0011,0.08
T10529,Stress Responses and Cortisol,87,69,-18,0.0008,0.0006,-0.02
T10687,Innovative concrete reinforcement materials,66,90,24,0.0006,0.0008,0.02
T10004,Soil Carbon and Nitrogen Dynamics,54,101,47,0.0005,0.0009,0.04
T10042,Neural and Behavioral Psychology Studies,85,70,-15,0.0007,0.0006,-0.01
T10967,Carbon Dioxide Capture Technologies,77,78,1,0.0007,0.0007,0.0
T10523,Atomic and Molecular Physics,68,86,18,0.0006,0.0007,0.02
T11569,Optical Coherence Tomography Applications,87,67,-20,0.0008,0.0006,-0.02
T10977,Optical Imaging and Spectroscopy Techniques,57,96,39,0.0005,0.0008,0.03
T10613,Virus-based gene therapy research,70,82,12,0.0006,0.0007,0.01
T10331,Video Surveillance and Tracking Methods,64,88,24,0.0006,0.0008,0.02
T10849,Finite Group Theory Research,75,77,2,0.0007,0.0007,0.0
T10951,Cryptographic Implementations and Security,69,83,14,0.0006,0.0007,0.01
T10386,Microstructure and Mechanical Properties of Steels,101,51,-50,0.0009,0.0004,-0.04
T11007,Hybrid Renewable Energy Systems,74,77,3,0.0006,0.0007,0.0
T10840,High Temperature Alloys and Creep,67,84,17,0.0006,0.0007,0.01
T10477,Astrophysics and Star Formation Studies,85,66,-19,0.0007,0.0006,-0.02
T12162,Cellular Automata and Applications,84,67,-17,0.0007,0.0006,-0.01
T10744,Astrophysical Phenomena and Observations,56,94,38,0.0005,0.0008,0.03
T10586,Robotic Path Planning Algorithms,93,57,-36,0.0008,0.0005,-0.03
T12044,Advanced Physical and Chemical Molecular Interactions,23,127,104,0.0002,0.0011,0.09
T10934,Heat shock proteins research,76,73,-3,0.0007,0.0006,-0.0
T10127,"Banking stability, regulation, efficiency",91,58,-33,0.0008,0.0005,-0.03
T12101,Advanced Bandit Algorithms Research,78,70,-8,0.0007,0.0006,-0.01
T11200,Electrodeposition and Electroless Coatings,57,91,34,0.0005,0.0008,0.03
T12188,"Architecture, Modernity, and Design",17,131,114,0.0001,0.0011,0.1
T10017,Geology and Paleoclimatology Research,102,46,-56,0.0009,0.0004,-0.05
T10812,Human Pose and Action Recognition,78,70,-8,0.0007,0.0006,-0.01
T12613,X-ray Diffraction in Crystallography,75,73,-2,0.0007,0.0006,-0.0
T10775,Generative Adversarial Networks and Image Synthesis,69,78,9,0.0006,0.0007,0.01
T11871,Advanced Statistical Methods and Models,63,83,20,0.0005,0.0007,0.02
T10029,Climate variability and models,81,65,-16,0.0007,0.0006,-0.01
T10568,Thermodynamic and Exergetic Analyses of Power and Cooling Systems,56,90,34,0.0005,0.0008,0.03
T10079,Nanoparticles: synthesis and applications,90,55,-35,0.0008,0.0005,-0.03
T11690,Advanced battery technologies research,73,72,-1,0.0006,0.0006,-0.0
T10627,Advanced Image and Video Retrieval Techniques,95,50,-45,0.0008,0.0004,-0.04
T10742,Peer-to-Peer Network Technologies,82,63,-19,0.0007,0.0005,-0.02
T11666,Color Science and Applications,63,82,19,0.0005,0.0007,0.02
T11050,Photorefractive and Nonlinear Optics,49,96,47,0.0004,0.0008,0.04
T12056,Markov Chains and Monte Carlo Methods,85,59,-26,0.0007,0.0005,-0.02
T10681,Rare-earth and actinide compounds,75,69,-6,0.0007,0.0006,-0.01
T11992,CCD and CMOS Imaging Sensors,76,68,-8,0.0007,0.0006,-0.01
T10248,Nonlinear Waves and Solitons,91,53,-38,0.0008,0.0005,-0.03
T11106,Data Management and Algorithms,99,45,-54,0.0009,0.0004,-0.05
T12072,Machine Learning and Algorithms,82,61,-21,0.0007,0.0005,-0.02
T11596,Constraint Satisfaction and Optimization,73,69,-4,0.0006,0.0006,-0.0
T12264,Tissue Engineering and Regenerative Medicine,58,84,26,0.0005,0.0007,0.02
T10444,Context-Aware Activity Recognition Systems,38,103,65,0.0003,0.0009,0.06
T10845,Advanced Causal Inference Techniques,56,85,29,0.0005,0.0007,0.03
T11122,Online Learning and Analytics,64,76,12,0.0006,0.0007,0.01
T13518,Architecture and Computational Design,53,87,34,0.0005,0.0008,0.03
T11205,Numerical methods in inverse problems,73,67,-6,0.0006,0.0006,-0.01
T10217,Cardiac electrophysiology and arrhythmias,81,59,-22,0.0007,0.0005,-0.02
T10244,Chaos control and synchronization,61,79,18,0.0005,0.0007,0.02
T10964,Wireless Communication Security Techniques,111,28,-83,0.001,0.0002,-0.07
T10783,Additive Manufacturing and 3D Printing Technologies,83,56,-27,0.0007,0.0005,-0.02
T11942,Transportation and Mobility Innovations,78,61,-17,0.0007,0.0005,-0.01
T10451,Mycorrhizal Fungi and Plant Interactions,123,16,-107,0.0011,0.0001,-0.09
T12157,Geochemistry and Geologic Mapping,137,1,-136,0.0012,0.0,-0.12
T10878,CRISPR and Genetic Engineering,91,47,-44,0.0008,0.0004,-0.04
T10012,Genetic diversity and population structure,57,80,23,0.0005,0.0007,0.02
T11338,Advancements in Photolithography Techniques,38,99,61,0.0003,0.0009,0.05
T10281,Advanced Battery Materials and Technologies,52,84,32,0.0005,0.0007,0.03
T10811,Hydrogen Storage and Materials,66,70,4,0.0006,0.0006,0.0
T10632,Housing Market and Economics,71,65,-6,0.0006,0.0006,-0.01
T10635,Hydraulic Fracturing and Reservoir Analysis,59,77,18,0.0005,0.0007,0.02
T10709,Social Robot Interaction and HRI,45,90,45,0.0004,0.0008,0.04
T11558,Composite Material Mechanics,86,49,-37,0.0007,0.0004,-0.03
T10221,Composite Structure Analysis and Optimization,76,59,-17,0.0007,0.0005,-0.01
T10721,Surfactants and Colloidal Systems,47,88,41,0.0004,0.0008,0.04
T12137,Economic theories and models,84,50,-34,0.0007,0.0004,-0.03
T11150,Endoplasmic Reticulum Stress and Disease,73,61,-12,0.0006,0.0005,-0.01
T10615,Granular flow and fluidized beds,68,66,-2,0.0006,0.0006,-0.0
T10454,Optimal Power Flow Distribution,53,81,28,0.0005,0.0007,0.02
T10270,Blockchain Technology Applications and Security,66,68,2,0.0006,0.0006,0.0
T11283,Experimental Learning in Engineering,83,50,-33,0.0007,0.0004,-0.03
T10269,Epigenetics and DNA Methylation,65,67,2,0.0006,0.0006,0.0
T12611,Neural Networks and Reservoir Computing,84,48,-36,0.0007,0.0004,-0.03
T13539,thermodynamics and calorimetric analyses,75,57,-18,0.0007,0.0005,-0.02
T12032,Multisensory perception and integration,44,87,43,0.0004,0.0008,0.04
T11887,Quasicrystal Structures and Properties,71,60,-11,0.0006,0.0005,-0.01
T10328,Supply Chain and Inventory Management,56,75,19,0.0005,0.0007,0.02
T12261,Statistical Mechanics and Entropy,68,63,-5,0.0006,0.0005,-0.0
T11303,Bayesian Modeling and Causal Inference,48,82,34,0.0004,0.0007,0.03
T10766,Urban Heat Island Mitigation,69,60,-9,0.0006,0.0005,-0.01
T10707,Cellular and Composite Structures,50,79,29,0.0004,0.0007,0.03
T11383,Advanced Antenna and Metasurface Technologies,72,57,-15,0.0006,0.0005,-0.01
T11664,Fiber-reinforced polymer composites,29,100,71,0.0003,0.0009,0.06
T10661,biodegradable polymer synthesis and properties,63,65,2,0.0005,0.0006,0.0
T10031,T-cell and B-cell Immunology,41,87,46,0.0004,0.0008,0.04
T10903,Porphyrin and Phthalocyanine Chemistry,69,59,-10,0.0006,0.0005,-0.01
T11996,Random lasers and scattering media,69,59,-10,0.0006,0.0005,-0.01
T11323,Gamma-ray bursts and supernovae,84,44,-40,0.0007,0.0004,-0.03
T11211,3D Surveying and Cultural Heritage,66,61,-5,0.0006,0.0005,-0.0
T10101,Cloud Computing and Resource Management,83,44,-39,0.0007,0.0004,-0.03
T10604,RNA Research and Splicing,79,48,-31,0.0007,0.0004,-0.03
T10441,Muscle Physiology and Disorders,52,75,23,0.0005,0.0007,0.02
T10871,Catalytic Alkyne Reactions,48,79,31,0.0004,0.0007,0.03
T10434,Chromosomal and Genetic Variations,56,71,15,0.0005,0.0006,0.01
T10829,Interconnection Networks and Systems,76,50,-26,0.0007,0.0004,-0.02
T11825,Catalysis and Oxidation Reactions,79,47,-32,0.0007,0.0004,-0.03
T12099,Advanced materials and composites,80,46,-34,0.0007,0.0004,-0.03
T12377,Digital Humanities and Scholarship,30,95,65,0.0003,0.0008,0.06
T12808,Ferroelectric and Negative Capacitance Devices,54,71,17,0.0005,0.0006,0.01
T12450,Radio Astronomy Observations and Technology,62,63,1,0.0005,0.0005,0.0
T10097,Luminescence Properties of Advanced Materials,64,61,-3,0.0006,0.0005,-0.0
T10532,Molecular Sensors and Ion Detection,64,60,-4,0.0006,0.0005,-0.0
T10398,Groundwater and Isotope Geochemistry,58,66,8,0.0005,0.0006,0.01
T11143,High Entropy Alloys Studies,66,58,-8,0.0006,0.0005,-0.01
T10662,Ultrasonics and Acoustic Wave Propagation,63,60,-3,0.0005,0.0005,-0.0
T12814,Gaussian Processes and Bayesian Inference,66,57,-9,0.0006,0.0005,-0.01
T10345,Hematopoietic Stem Cell Transplantation,42,81,39,0.0004,0.0007,0.03
T10883,Ethics and Social Impacts of AI,48,74,26,0.0004,0.0006,0.02
T10636,Innovative Teaching and Learning Methods,66,56,-10,0.0006,0.0005,-0.01
T11254,Fluid Dynamics and Vibration Analysis,68,54,-14,0.0006,0.0005,-0.01
T10483,Nerve injury and regeneration,66,55,-11,0.0006,0.0005,-0.01
T10384,Laser-Plasma Interactions and Diagnostics,59,62,3,0.0005,0.0005,0.0
T10422,Angiogenesis and VEGF in Cancer,56,65,9,0.0005,0.0006,0.01
T10251,Solar and Space Plasma Dynamics,80,40,-40,0.0007,0.0003,-0.03
T10404,Enzyme Catalysis and Immobilization,39,81,42,0.0003,0.0007,0.04
T10484,Wood Treatment and Properties,50,70,20,0.0004,0.0006,0.02
T10689,Remote-Sensing Image Classification,49,71,22,0.0004,0.0006,0.02
T11309,Music and Audio Processing,67,52,-15,0.0006,0.0005,-0.01
T12026,Explainable Artificial Intelligence (XAI),50,69,19,0.0004,0.0006,0.02
T11249,Wireless Power Transfer Systems,66,53,-13,0.0006,0.0005,-0.01
T11180,Pesticide and Herbicide Environmental Studies,46,72,26,0.0004,0.0006,0.02
T10567,Vehicle Routing Optimization Methods,63,55,-8,0.0005,0.0005,-0.01
T12303,Tensor decomposition and applications,66,52,-14,0.0006,0.0005,-0.01
T10947,Fluorine in Organic Chemistry,67,51,-16,0.0006,0.0004,-0.01
T11975,Evolutionary Algorithms and Applications,52,66,14,0.0005,0.0006,0.01
T11522,VLSI and FPGA Design Techniques,32,86,54,0.0003,0.0007,0.05
T11311,Soil and Water Nutrient Dynamics,59,59,0,0.0005,0.0005,0.0
T10736,Hydrogen embrittlement and corrosion behaviors in metals,41,77,36,0.0004,0.0007,0.03
T10233,Geotechnical Engineering and Soil Mechanics,39,78,39,0.0003,0.0007,0.03
T11668,interferon and immune responses,63,54,-9,0.0005,0.0005,-0.01
T10841,Economic and Environmental Valuation,69,48,-21,0.0006,0.0004,-0.02
T10895,Species Distribution and Climate Change,86,31,-55,0.0007,0.0003,-0.05
T10571,Robotic Mechanisms and Dynamics,43,73,30,0.0004,0.0006,0.03
T10175,Advanced DC-DC Converters,43,73,30,0.0004,0.0006,0.03
T10519,Advanced Proteomics Techniques and Applications,49,67,18,0.0004,0.0006,0.02
T11242,Nuclear Materials and Properties,64,51,-13,0.0006,0.0004,-0.01
T11588,Atmospheric and Environmental Gas Dynamics,77,38,-39,0.0007,0.0003,-0.03
T11932,Wireless Body Area Networks,43,72,29,0.0004,0.0006,0.03
T11162,Enzyme Structure and Function,45,70,25,0.0004,0.0006,0.02
T10753,Microplastics and Plastic Pollution,63,51,-12,0.0005,0.0004,-0.01
T11128,Transition Metal Oxide Nanomaterials,58,56,-2,0.0005,0.0005,-0.0
T10587,Autophagy in Disease and Therapy,58,56,-2,0.0005,0.0005,-0.0
T10564,Wastewater Treatment and Nitrogen Removal,62,51,-11,0.0005,0.0004,-0.01
T11414,Quantum optics and atomic interactions,58,55,-3,0.0005,0.0005,-0.0
T10353,Zeolite Catalysis and Synthesis,41,72,31,0.0004,0.0006,0.03
T12401,Scheduling and Timetabling Solutions,67,46,-21,0.0006,0.0004,-0.02
T13251,Electrical and Thermal Properties of Materials,65,48,-17,0.0006,0.0004,-0.01
T12141,Fluid Dynamics and Thin Films,60,53,-7,0.0005,0.0005,-0.01
T11362,Membrane Separation and Gas Transport,33,79,46,0.0003,0.0007,0.04
T10361,Silicon Carbide Semiconductor Technologies,65,47,-18,0.0006,0.0004,-0.02
T11830,Point processes and geometric inequalities,64,48,-16,0.0006,0.0004,-0.01
T10009,Dementia and Cognitive Impairment Research,37,75,38,0.0003,0.0007,0.03
T11278,Calcium Carbonate Crystallization and Inhibition,57,54,-3,0.0005,0.0005,-0.0
T10544,Glass properties and applications,68,43,-25,0.0006,0.0004,-0.02
T11009,Catalysis for Biomass Conversion,54,57,3,0.0005,0.0005,0.0
T10593,Bacterial biofilms and quorum sensing,51,60,9,0.0004,0.0005,0.01
T10302,Fish Ecology and Management Studies,79,32,-47,0.0007,0.0003,-0.04
T12233,Geotechnical Engineering and Underground Structures,56,54,-2,0.0005,0.0005,-0.0
T11012,Gas Dynamics and Kinetic Theory,52,58,6,0.0005,0.0005,0.01
T10303,Photosynthetic Processes and Mechanisms,70,40,-30,0.0006,0.0003,-0.03
T11687,Teleoperation and Haptic Systems,34,76,42,0.0003,0.0007,0.04
T11714,Multimodal Machine Learning Applications,53,57,4,0.0005,0.0005,0.0
T10810,Polymer composites and self-healing,51,59,8,0.0004,0.0005,0.01
T10125,Advanced Wireless Communication Techniques,44,66,22,0.0004,0.0006,0.02
T10570,Drug Transport and Resistance Mechanisms,70,40,-30,0.0006,0.0003,-0.03
T10855,Amyotrophic Lateral Sclerosis Research,53,57,4,0.0005,0.0005,0.0
T12228,Coordination Chemistry and Organometallics,56,53,-3,0.0005,0.0005,-0.0
T11031,Game Theory and Applications,36,73,37,0.0003,0.0006,0.03
T10203,Recommender Systems and Techniques,42,67,25,0.0004,0.0006,0.02
T10139,Heavy metals in environment,40,69,29,0.0003,0.0006,0.03
T10522,Medical Imaging Techniques and Applications,80,29,-51,0.0007,0.0003,-0.04
T11685,Zebrafish Biomedical Research Applications,67,42,-25,0.0006,0.0004,-0.02
T10743,Software Testing and Debugging Techniques,54,54,0,0.0005,0.0005,0.0
T10122,Toxic Organic Pollutants Impact,50,58,8,0.0004,0.0005,0.01
T10876,Fault Detection and Control Systems,83,25,-58,0.0007,0.0002,-0.05
T10594,Genetic and phenotypic traits in livestock,58,50,-8,0.0005,0.0004,-0.01
T10137,Multiple Sclerosis Research Studies,55,52,-3,0.0005,0.0005,-0.0
T11980,Human Mobility and Location-Based Analysis,61,46,-15,0.0005,0.0004,-0.01
T13552,Advanced Materials Characterization Techniques,67,39,-28,0.0006,0.0003,-0.02
T10424,Electric Power System Optimization,36,70,34,0.0003,0.0006,0.03
T10715,Distributed and Parallel Computing Systems,70,36,-34,0.0006,0.0003,-0.03
T10864,Fluid Dynamics and Mixing,29,77,48,0.0003,0.0007,0.04
T10088,Thermochemical Biomass Conversion Processes,43,62,19,0.0004,0.0005,0.02
T11431,Action Observation and Synchronization,80,25,-55,0.0007,0.0002,-0.05
T12325,Urban Design and Spatial Analysis,41,64,23,0.0004,0.0006,0.02
T10642,Plasma Applications and Diagnostics,46,59,13,0.0004,0.0005,0.01
T11313,Immune cells in cancer,58,47,-11,0.0005,0.0004,-0.01
T10944,Turbomachinery Performance and Optimization,28,77,49,0.0002,0.0007,0.04
T10752,Terahertz technology and applications,48,56,8,0.0004,0.0005,0.01
T11626,Metalloenzymes and iron-sulfur proteins,49,55,6,0.0004,0.0005,0.01
T11138,Tribology and Lubrication Engineering,52,52,0,0.0005,0.0005,0.0
T11500,Evacuation and Crowd Dynamics,52,52,0,0.0005,0.0005,0.0
T11182,Auction Theory and Applications,70,34,-36,0.0006,0.0003,-0.03
T11523,Nanomaterials and Printing Technologies,30,73,43,0.0003,0.0006,0.04
T13500,Probability and Statistical Research,11,92,81,0.0001,0.0008,0.07
T11708,Photochromic and Fluorescence Chemistry,56,47,-9,0.0005,0.0004,-0.01
T11419,Supramolecular Self-Assembly in Materials,56,47,-9,0.0005,0.0004,-0.01
T10232,Optical Network Technologies,56,46,-10,0.0005,0.0004,-0.01
T10824,Image Retrieval and Classification Techniques,47,55,8,0.0004,0.0005,0.01
T10190,Air Quality and Health Impacts,83,19,-64,0.0007,0.0002,-0.06
T11723,Optical Coatings and Gratings,68,34,-34,0.0006,0.0003,-0.03
T11686,Dendrimers and Hyperbranched Polymers,58,44,-14,0.0005,0.0004,-0.01
T12381,Electron Spin Resonance Studies,32,69,37,0.0003,0.0006,0.03
T10325,Astro and Planetary Science,54,47,-7,0.0005,0.0004,-0.01
T11021,ECG Monitoring and Analysis,45,56,11,0.0004,0.0005,0.01
T11002,Indoor Air Quality and Microbial Exposure,27,74,47,0.0002,0.0006,0.04
T10768,Electric Vehicles and Infrastructure,49,52,3,0.0004,0.0005,0.0
T11018,Lower Extremity Biomechanics and Pathologies,31,70,39,0.0003,0.0006,0.03
T12288,Optimization and Search Problems,54,47,-7,0.0005,0.0004,-0.01
T11263,Electromagnetic Simulation and Numerical Methods,61,39,-22,0.0005,0.0003,-0.02
T10763,Digital Transformation in Industry,40,60,20,0.0003,0.0005,0.02
T12189,Sulfur-Based Synthesis Techniques,61,39,-22,0.0005,0.0003,-0.02
T11754,SARS-CoV-2 detection and testing,59,41,-18,0.0005,0.0004,-0.02
T10530,Magnesium Alloys: Properties and Applications,60,40,-20,0.0005,0.0003,-0.02
T11102,HVDC Systems and Fault Protection,68,31,-37,0.0006,0.0003,-0.03
T10939,Crystal Structures and Properties,36,63,27,0.0003,0.0005,0.02
T10985,Sleep and Wakefulness Research,53,46,-7,0.0005,0.0004,-0.01
T11034,Digital Filter Design and Implementation,40,59,19,0.0003,0.0005,0.02
T10278,Electric Motor Design and Analysis,43,55,12,0.0004,0.0005,0.01
T10129,Glioma Diagnosis and Treatment,45,53,8,0.0004,0.0005,0.01
T11496,Credit Risk and Financial Regulations,57,41,-16,0.0005,0.0004,-0.01
T11169,Silicon Nanostructures and Photoluminescence,58,38,-20,0.0005,0.0003,-0.02
T10905,Solar Thermal and Photovoltaic Systems,43,52,9,0.0004,0.0005,0.01
T11005,Radiation Effects in Electronics,42,53,11,0.0004,0.0005,0.01
T11879,Protist diversity and phylogeny,45,50,5,0.0004,0.0004,0.0
T10622,Quantum Mechanics and Applications,59,36,-23,0.0005,0.0003,-0.02
T11842,Ultrasound and Cavitation Phenomena,68,27,-41,0.0006,0.0002,-0.04
T10608,Neurogenesis and neuroplasticity mechanisms,38,57,19,0.0003,0.0005,0.02
T10313,Surface Modification and Superhydrophobicity,61,33,-28,0.0005,0.0003,-0.02
T10306,Liquid Crystal Research Advancements,38,56,18,0.0003,0.0005,0.02
T10836,Metabolomics and Mass Spectrometry Studies,58,36,-22,0.0005,0.0003,-0.02
T10282,Financial Risk and Volatility Modeling,65,29,-36,0.0006,0.0003,-0.03
T12772,Control and Stability of Dynamical Systems,28,66,38,0.0002,0.0006,0.03
T10647,Coastal and Marine Dynamics,48,45,-3,0.0004,0.0004,-0.0
T10889,Soil erosion and sediment transport,54,39,-15,0.0005,0.0003,-0.01
T10921,Neutrino Physics Research,30,62,32,0.0003,0.0005,0.03
T11251,Meningioma and schwannoma management,47,45,-2,0.0004,0.0004,-0.0
T11130,Coding theory and cryptography,51,41,-10,0.0004,0.0004,-0.01
T11527,3D IC and TSV technologies,37,54,17,0.0003,0.0005,0.01
T12405,Characterization and Applications of Magnetic Nanoparticles,32,59,27,0.0003,0.0005,0.02
T10158,Cancer Immunotherapy and Biomarkers,27,64,37,0.0002,0.0006,0.03
T10058,Entrepreneurship Studies and Influences,40,51,11,0.0003,0.0004,0.01
T10226,Land Use and Ecosystem Services,56,35,-21,0.0005,0.0003,-0.02
T11491,CAR-T cell therapy research,60,31,-29,0.0005,0.0003,-0.03
T10402,Phase Equilibria and Thermodynamics,47,44,-3,0.0004,0.0004,-0.0
T12482,Tunneling and Rock Mechanics,51,40,-11,0.0004,0.0003,-0.01
T12107,Leprosy Research and Treatment,45,46,1,0.0004,0.0004,0.0
T12879,Distributed Sensor Networks and Detection Algorithms,39,52,13,0.0003,0.0005,0.01
T11716,Random Matrices and Applications,51,39,-12,0.0004,0.0003,-0.01
T11448,Face recognition and analysis,53,37,-16,0.0005,0.0003,-0.01
T11165,Image and Video Quality Assessment,46,44,-2,0.0004,0.0004,-0.0
T10482,Mathematical and Theoretical Epidemiology and Ecology Models,22,68,46,0.0002,0.0006,0.04
T11110,Stability and Controllability of Differential Equations,49,41,-8,0.0004,0.0004,-0.01
T10846,Photonic Crystal and Fiber Optics,23,67,44,0.0002,0.0006,0.04
T11276,Solar Radiation and Photovoltaics,37,53,16,0.0003,0.0005,0.01
T11907,Copper-based nanomaterials and applications,63,27,-36,0.0005,0.0002,-0.03
T11324,Spectroscopy Techniques in Biomedical and Chemical Research,44,45,1,0.0004,0.0004,0.0
T11105,Advanced Image Processing Techniques,37,52,15,0.0003,0.0005,0.01
T11720,Probability and Risk Models,14,75,61,0.0001,0.0007,0.05
T11270,Complex Systems and Time Series Analysis,65,24,-41,0.0006,0.0002,-0.04
T11094,Face Recognition and Perception,51,38,-13,0.0004,0.0003,-0.01
T10123,DNA Repair Mechanisms,47,41,-6,0.0004,0.0004,-0.01
T12592,Opinion Dynamics and Social Influence,66,22,-44,0.0006,0.0002,-0.04
T12897,Structural Analysis of Composite Materials,47,41,-6,0.0004,0.0004,-0.01
T10610,Advanced Cellulose Research Studies,45,43,-2,0.0004,0.0004,-0.0
T11231,Microbial Fuel Cells and Bioremediation,47,41,-6,0.0004,0.0004,-0.01
T11339,"Metabolism, Diabetes, and Cancer",40,48,8,0.0003,0.0004,0.01
T11124,Protein purification and stability,35,53,18,0.0003,0.0005,0.02
T10100,Metaheuristic Optimization Algorithms Research,23,65,42,0.0002,0.0006,0.04
T10640,Spectroscopy and Chemometric Analyses,44,44,0,0.0004,0.0004,0.0
T11915,Pickering emulsions and particle stabilization,62,25,-37,0.0005,0.0002,-0.03
T10003,Innovation and Knowledge Management,41,46,5,0.0004,0.0004,0.0
T11320,Atmospheric Ozone and Climate,59,28,-31,0.0005,0.0002,-0.03
T11479,Smart Cities and Technologies,39,47,8,0.0003,0.0004,0.01
T11450,Model-Driven Software Engineering Techniques,34,52,18,0.0003,0.0005,0.02
T10667,Emotion and Mood Recognition,20,66,46,0.0002,0.0006,0.04
T11220,Water Systems and Optimization,48,38,-10,0.0004,0.0003,-0.01
T13031,Civil and Structural Engineering Research,65,20,-45,0.0006,0.0002,-0.04
T10464,Crystal structures of chemical compounds,12,73,61,0.0001,0.0006,0.05
T12134,Insect symbiosis and bacterial influences,52,33,-19,0.0005,0.0003,-0.02
T10887,Bioinformatics and Genomic Networks,49,36,-13,0.0004,0.0003,-0.01
T13080,Advanced Differential Geometry Research,16,69,53,0.0001,0.0006,0.05
T10065,Atrial Fibrillation Management and Outcomes,53,32,-21,0.0005,0.0003,-0.02
T11196,Non-Invasive Vital Sign Monitoring,40,44,4,0.0003,0.0004,0.0
T11751,Lattice Boltzmann Simulation Studies,59,25,-34,0.0005,0.0002,-0.03
T11694,Fluid Dynamics Simulations and Interactions,58,26,-32,0.0005,0.0002,-0.03
T12561,bioluminescence and chemiluminescence research,46,38,-8,0.0004,0.0003,-0.01
T10756,Estrogen and related hormone effects,31,52,21,0.0003,0.0005,0.02
T11636,Artificial Intelligence in Healthcare and Education,42,41,-1,0.0004,0.0004,-0.0
T11459,Arctic and Antarctic ice dynamics,51,32,-19,0.0004,0.0003,-0.02
T10695,Parasites and Host Interactions,40,43,3,0.0003,0.0004,0.0
T11451,Advanced Machining and Optimization Techniques,37,46,9,0.0003,0.0004,0.01
T12851,Firm Innovation and Growth,35,48,13,0.0003,0.0004,0.01
T11334,Psychosomatic Disorders and Their Treatments,67,15,-52,0.0006,0.0001,-0.05
T10679,Service-Oriented Architecture and Web Services,55,27,-28,0.0005,0.0002,-0.02
T11222,Magnetic Properties and Applications,51,31,-20,0.0004,0.0003,-0.02
T10545,Optimization and Variational Analysis,29,53,24,0.0003,0.0005,0.02
T11902,Intelligent Tutoring Systems and Adaptive Learning,37,45,8,0.0003,0.0004,0.01
T11471,Block Copolymer Self-Assembly,40,42,2,0.0003,0.0004,0.0
T10533,Teaching and Learning Programming,42,40,-2,0.0004,0.0003,-0.0
T11331,Fecal contamination and water quality,21,61,40,0.0002,0.0005,0.03
T10102,scientometrics and bibliometrics research,31,50,19,0.0003,0.0004,0.02
T10497,Fungal and yeast genetics research,40,41,1,0.0003,0.0004,0.0
T11903,Private Equity and Venture Capital,41,40,-1,0.0004,0.0003,-0.0
T11298,Synthesis and Properties of Aromatic Compounds,45,35,-10,0.0004,0.0003,-0.01
T11424,Security and Verification in Computing,36,44,8,0.0003,0.0004,0.01
T11993,Atomic and Subatomic Physics Research,71,9,-62,0.0006,0.0001,-0.05
T11525,Piezoelectric Actuators and Control,43,37,-6,0.0004,0.0003,-0.01
T10974,Advanced Queuing Theory Analysis,47,32,-15,0.0004,0.0003,-0.01
T11181,Advanced Data Storage Technologies,59,20,-39,0.0005,0.0002,-0.03
T12564,Sensor Technology and Measurement Systems,50,29,-21,0.0004,0.0003,-0.02
T11269,Algorithms and Data Compression,47,31,-16,0.0004,0.0003,-0.01
T10167,Influenza Virus Research Studies,34,44,10,0.0003,0.0004,0.01
T12396,Advanced Differential Equations and Dynamical Systems,35,43,8,0.0003,0.0004,0.01
T12504,Mathematics and Applications,55,23,-32,0.0005,0.0002,-0.03
T10351,Liver Disease Diagnosis and Treatment,48,30,-18,0.0004,0.0003,-0.02
T10271,Seismic Imaging and Inversion Techniques,58,19,-39,0.0005,0.0002,-0.03
T11201,Metallurgy and Material Forming,51,26,-25,0.0004,0.0002,-0.02
T10965,Geological formations and processes,53,24,-29,0.0005,0.0002,-0.03
T10862,AI in cancer detection,40,37,-3,0.0003,0.0003,-0.0
T11302,CO2 Sequestration and Geologic Interactions,41,36,-5,0.0004,0.0003,-0.0
T11677,Congenital heart defects research,67,9,-58,0.0006,0.0001,-0.05
T10757,Geographic Information Systems Studies,38,38,0,0.0003,0.0003,0.0
T10888,Augmented Reality Applications,36,40,4,0.0003,0.0003,0.0
T10745,Heart Rate Variability and Autonomic Control,36,39,3,0.0003,0.0003,0.0
T12967,Molecular Spectroscopy and Structure,16,59,43,0.0001,0.0005,0.04
T11517,Advanced optical system design,23,52,29,0.0002,0.0005,0.03
T10562,Total Knee Arthroplasty Outcomes,47,28,-19,0.0004,0.0002,-0.02
T11315,Phase-change materials and chalcogenides,47,28,-19,0.0004,0.0002,-0.02
T12120,Air Quality Monitoring and Forecasting,49,26,-23,0.0004,0.0002,-0.02
T11609,Geophysical Methods and Applications,58,17,-41,0.0005,0.0001,-0.04
T10639,Advanced Software Engineering Methodologies,36,38,2,0.0003,0.0003,0.0
T11308,Sphingolipid Metabolism and Signaling,32,42,10,0.0003,0.0004,0.01
T10326,Indoor and Outdoor Localization Technologies,46,27,-19,0.0004,0.0002,-0.02
T13176,Winter Sports Injuries and Performance,40,33,-7,0.0003,0.0003,-0.01
T10197,Membrane Separation Technologies,39,34,-5,0.0003,0.0003,-0.0
T10440,Advanced Thermoelectric Materials and Devices,35,38,3,0.0003,0.0003,0.0
T10463,Pulsars and Gravitational Waves Research,40,33,-7,0.0003,0.0003,-0.01
T11699,High-Velocity Impact and Material Behavior,47,26,-21,0.0004,0.0002,-0.02
T10007,Monetary Policy and Economic Impact,31,42,11,0.0003,0.0004,0.01
T12152,Concrete Properties and Behavior,31,41,10,0.0003,0.0004,0.01
T11693,Cryptography and Residue Arithmetic,28,44,16,0.0002,0.0004,0.01
T12031,Speech and dialogue systems,31,41,10,0.0003,0.0004,0.01
T11441,Organoboron and organosilicon chemistry,43,29,-14,0.0004,0.0003,-0.01
T10091,Malaria Research and Control,32,40,8,0.0003,0.0003,0.01
T12147,Urban and Rural Development Challenges,31,41,10,0.0003,0.0004,0.01
T11266,Neuroinflammation and Neurodegeneration Mechanisms,44,28,-16,0.0004,0.0002,-0.01
T11704,Mobile Crowdsensing and Crowdsourcing,34,38,4,0.0003,0.0003,0.0
T12351,Geometry and complex manifolds,48,23,-25,0.0004,0.0002,-0.02
T11325,Inertial Sensor and Navigation,28,43,15,0.0002,0.0004,0.01
T10542,Vestibular and auditory disorders,49,22,-27,0.0004,0.0002,-0.02
T10493,Ion channel regulation and function,29,42,13,0.0003,0.0004,0.01
T10998,Heat Transfer and Optimization,51,20,-31,0.0004,0.0002,-0.03
T10057,Face and Expression Recognition,46,25,-21,0.0004,0.0002,-0.02
T11147,Misinformation and Its Impacts,43,28,-15,0.0004,0.0002,-0.01
T11287,Cancer Genomics and Diagnostics,47,24,-23,0.0004,0.0002,-0.02
T11233,Advanced Adaptive Filtering Techniques,24,46,22,0.0002,0.0004,0.02
T10468,Photovoltaic System Optimization Techniques,48,22,-26,0.0004,0.0002,-0.02
T10119,Sustainability and Climate Change Governance,30,40,10,0.0003,0.0003,0.01
T10046,Stability and Control of Uncertain Systems,28,42,14,0.0002,0.0004,0.01
T10220,Machine Fault Diagnosis Techniques,26,44,18,0.0002,0.0004,0.02
T12252,Mechanical stress and fatigue analysis,39,30,-9,0.0003,0.0003,-0.01
T10663,Advanced Battery Technologies Research,47,22,-25,0.0004,0.0002,-0.02
T11606,Infrastructure Maintenance and Monitoring,49,20,-29,0.0004,0.0002,-0.03
T11549,Synthetic Organic Chemistry Methods,61,8,-53,0.0005,0.0001,-0.05
T10260,Software Engineering Research,43,26,-17,0.0004,0.0002,-0.01
T11513,stochastic dynamics and bifurcation,34,35,1,0.0003,0.0003,0.0
T13650,Computational Physics and Python Applications,52,17,-35,0.0005,0.0001,-0.03
T10686,Effects and risks of endocrine disrupting chemicals,25,44,19,0.0002,0.0004,0.02
T10969,Water resources management and optimization,34,35,1,0.0003,0.0003,0.0
T11901,Bayesian Methods and Mixture Models,42,27,-15,0.0004,0.0002,-0.01
T11637,Advanced Semiconductor Detectors and Materials,30,39,9,0.0003,0.0003,0.01
T10106,Autism Spectrum Disorder Research,38,31,-7,0.0003,0.0003,-0.01
T10885,Gene expression and cancer classification,42,26,-16,0.0004,0.0002,-0.01
T11191,Mathematical functions and polynomials,18,50,32,0.0002,0.0004,0.03
T10056,Neurotransmitter Receptor Influence on Behavior,19,49,30,0.0002,0.0004,0.03
T10782,Nanoplatforms for cancer theranostics,38,30,-8,0.0003,0.0003,-0.01
T11512,Anomaly Detection Techniques and Applications,56,12,-44,0.0005,0.0001,-0.04
T10179,Supercapacitor Materials and Fabrication,37,31,-6,0.0003,0.0003,-0.01
T10821,Cardiovascular Function and Risk Factors,49,19,-30,0.0004,0.0002,-0.03
T12557,Inorganic Chemistry and Materials,36,32,-4,0.0003,0.0003,-0.0
T11646,Nonlocal and gradient elasticity in micro/nano structures,34,33,-1,0.0003,0.0003,-0.0
T11262,Quantum Mechanics and Non-Hermitian Physics,32,35,3,0.0003,0.0003,0.0
T12565,Physics and Engineering Research Articles,67,0,-67,0.0006,0.0,-0.06
T12748,Molecular spectroscopy and chirality,51,16,-35,0.0004,0.0001,-0.03
T11119,Urban Stormwater Management Solutions,30,37,7,0.0003,0.0003,0.01
T12191,Chemical Reaction Mechanisms,17,50,33,0.0001,0.0004,0.03
T10727,Ultrasound Imaging and Elastography,32,35,3,0.0003,0.0003,0.0
T12149,Nanocluster Synthesis and Applications,40,27,-13,0.0003,0.0002,-0.01
T12404,Mathematical Approximation and Integration,28,39,11,0.0002,0.0003,0.01
T14185,"Research, Science, and Academia",0,67,67,0.0,0.0006,0.06
T12867,Advanced Biosensing Techniques and Applications,35,31,-4,0.0003,0.0003,-0.0
T10771,Wound Healing and Treatments,28,38,10,0.0002,0.0003,0.01
T11683,Quantum and Classical Electrodynamics,14,52,38,0.0001,0.0005,0.03
T12038,Covalent Organic Framework Applications,37,29,-8,0.0003,0.0003,-0.01
T12491,Superconductivity in MgB2 and Alloys,42,24,-18,0.0004,0.0002,-0.02
T12002,"Computability, Logic, AI Algorithms",56,10,-46,0.0005,0.0001,-0.04
T11240,Luminescence and Fluorescent Materials,40,26,-14,0.0003,0.0002,-0.01
T13649,Advanced Synthetic Organic Chemistry,10,56,46,0.0001,0.0005,0.04
T12190,Innovations in Concrete and Construction Materials,52,14,-38,0.0005,0.0001,-0.03
T10602,Glycosylation and Glycoproteins Research,42,24,-18,0.0004,0.0002,-0.02
T11417,Advancements in PLL and VCO Technologies,38,27,-11,0.0003,0.0002,-0.01
T10990,Infection Control and Ventilation,37,28,-9,0.0003,0.0002,-0.01
T12063,Heat and Mass Transfer in Porous Media,12,53,41,0.0001,0.0005,0.04
T11393,Biosensors and Analytical Detection,27,38,11,0.0002,0.0003,0.01
T10071,Bone health and osteoporosis research,21,43,22,0.0002,0.0004,0.02
T10799,Data Visualization and Analytics,34,30,-4,0.0003,0.0003,-0.0
T10284,Anaerobic Digestion and Biogas Production,17,47,30,0.0001,0.0004,0.03
T10228,Multilevel Inverters and Converters,25,39,14,0.0002,0.0003,0.01
T11164,Remote Sensing and LiDAR Applications,42,21,-21,0.0004,0.0002,-0.02
T10315,Decision-Making and Behavioral Economics,24,39,15,0.0002,0.0003,0.01
T10702,Insect and Arachnid Ecology and Behavior,42,21,-21,0.0004,0.0002,-0.02
T12327,Various Chemistry Research Topics,36,27,-9,0.0003,0.0002,-0.01
T10726,Career Development and Diversity,13,49,36,0.0001,0.0004,0.03
T10476,Algal biology and biofuel production,30,32,2,0.0003,0.0003,0.0
T10193,Coronary Interventions and Diagnostics,45,17,-28,0.0004,0.0001,-0.02
T10080,Energy Efficient Wireless Sensor Networks,36,26,-10,0.0003,0.0002,-0.01
T12809,Contact Mechanics and Variational Inequalities,23,39,16,0.0002,0.0003,0.01
T10239,Urban Planning and Governance,15,47,32,0.0001,0.0004,0.03
T12940,Structural Engineering and Materials Analysis,4,58,54,0.0,0.0005,0.05
T11673,Advanced Topics in Algebra,45,17,-28,0.0004,0.0001,-0.02
T12608,Spatial Neglect and Hemispheric Dysfunction,33,29,-4,0.0003,0.0003,-0.0
T12760,Laser Design and Applications,36,26,-10,0.0003,0.0002,-0.01
T10460,Electronic Packaging and Soldering Technologies,32,30,-2,0.0003,0.0003,-0.0
T12206,Vibration and Dynamic Analysis,36,26,-10,0.0003,0.0002,-0.01
T11850,Concrete Corrosion and Durability,37,25,-12,0.0003,0.0002,-0.01
T10828,Biometric Identification and Security,26,35,9,0.0002,0.0003,0.01
T11006,BIM and Construction Integration,48,13,-35,0.0004,0.0001,-0.03
T12124,Engineering Education and Curriculum Development,22,39,17,0.0002,0.0003,0.01
T10995,Methane Hydrates and Related Phenomena,39,22,-17,0.0003,0.0002,-0.01
T10093,Nuclear physics research studies,19,42,23,0.0002,0.0004,0.02
T10729,Electrospun Nanofibers in Biomedical Applications,35,26,-9,0.0003,0.0002,-0.01
T12589,Differential Equations and Boundary Problems,24,37,13,0.0002,0.0003,0.01
T11478,Caching and Content Delivery,36,25,-11,0.0003,0.0002,-0.01
T11301,Advanced Surface Polishing Techniques,41,20,-21,0.0004,0.0002,-0.02
T10016,Adsorption and biosorption for pollutant removal,20,41,21,0.0002,0.0004,0.02
T12383,Aeolian processes and effects,37,24,-13,0.0003,0.0002,-0.01
T10929,Wnt/β-catenin signaling in development and cancer,24,37,13,0.0002,0.0003,0.01
T11045,"Privacy, Security, and Data Protection",30,30,0,0.0003,0.0003,0.0
T12340,Anodic Oxide Films and Nanostructures,37,23,-14,0.0003,0.0002,-0.01
T10001,Geological and Geochemical Analysis,38,22,-16,0.0003,0.0002,-0.01
T11790,N-Heterocyclic Carbenes in Organic and Inorganic Chemistry,26,34,8,0.0002,0.0003,0.01
T10735,Mesoporous Materials and Catalysis,30,30,0,0.0003,0.0003,0.0
T12535,Machine Learning and Data Classification,38,22,-16,0.0003,0.0002,-0.01
T12203,Mobile Agent-Based Network Management,38,22,-16,0.0003,0.0002,-0.01
T10334,"Hearing, Cochlea, Tinnitus, Genetics",29,31,2,0.0003,0.0003,0.0
T11252,Evolutionary Game Theory and Cooperation,42,18,-24,0.0004,0.0002,-0.02
T11746,Inorganic and Organometallic Chemistry,16,44,28,0.0001,0.0004,0.02
T10971,Olfactory and Sensory Function Studies,41,18,-23,0.0004,0.0002,-0.02
T10927,Access Control and Trust,16,43,27,0.0001,0.0004,0.02
T11697,Numerical Methods and Algorithms,32,27,-5,0.0003,0.0002,-0.0
T10831,Cell Adhesion Molecules Research,37,21,-16,0.0003,0.0002,-0.01
T11721,Blood properties and coagulation,34,24,-10,0.0003,0.0002,-0.01
T11127,Solid State Laser Technologies,28,30,2,0.0002,0.0003,0.0
T10539,Sustainable Supply Chain Management,24,34,10,0.0002,0.0003,0.01
T10933,Real-Time Systems Scheduling,30,28,-2,0.0003,0.0002,-0.0
T11707,Gaze Tracking and Assistive Technology,36,22,-14,0.0003,0.0002,-0.01
T10655,GNSS positioning and interference,25,33,8,0.0002,0.0003,0.01
T10511,High voltage insulation and dielectric phenomena,32,26,-6,0.0003,0.0002,-0.01
T13370,Diverse Scientific and Economic Studies,58,0,-58,0.0005,0.0,-0.05
T11444,Electromagnetic Compatibility and Noise Suppression,31,27,-4,0.0003,0.0002,-0.0
T12526,Antimicrobial agents and applications,10,48,38,0.0001,0.0004,0.03
T11602,Magnetic Bearings and Levitation Dynamics,26,32,6,0.0002,0.0003,0.01
T11851,Electromagnetic Compatibility and Measurements,24,34,10,0.0002,0.0003,0.01
T10906,AI-based Problem Solving and Planning,29,29,0,0.0003,0.0003,0.0
T10751,Forensic and Genetic Research,25,32,7,0.0002,0.0003,0.01
T11642,Genomics and Rare Diseases,24,33,9,0.0002,0.0003,0.01
T10180,Analytical chemistry methods development,24,33,9,0.0002,0.0003,0.01
T13806,Mathematical and Computational Methods,2,55,53,0.0,0.0005,0.05
T12180,Polar Research and Ecology,24,33,9,0.0002,0.0003,0.01
T10050,Multi-Criteria Decision Making,28,29,1,0.0002,0.0003,0.0
T11415,Noncommutative and Quantum Gravity Theories,24,33,9,0.0002,0.0003,0.01
T11781,Wastewater Treatment and Reuse,33,24,-9,0.0003,0.0002,-0.01
T11230,Innovative Energy Harvesting Technologies,31,26,-5,0.0003,0.0002,-0.0
T10159,Ionosphere and magnetosphere dynamics,42,14,-28,0.0004,0.0001,-0.02
T11052,Energy Load and Power Forecasting,36,20,-16,0.0003,0.0002,-0.01
T10252,Microbial Natural Products and Biosynthesis,25,31,6,0.0002,0.0003,0.01
T13664,Genome Rearrangement Algorithms,28,28,0,0.0002,0.0002,0.0
T11341,Boron and Carbon Nanomaterials Research,25,31,6,0.0002,0.0003,0.01
T10930,Flood Risk Assessment and Management,26,30,4,0.0002,0.0003,0.0
T11818,Nicotinic Acetylcholine Receptors Study,33,23,-10,0.0003,0.0002,-0.01
T10283,Hearing Loss and Rehabilitation,40,16,-24,0.0003,0.0001,-0.02
T10501,Polymer Nanocomposites and Properties,29,27,-2,0.0003,0.0002,-0.0
T13497,Hermeneutics and Narrative Identity,56,0,-56,0.0005,0.0,-0.05
T11643,Building materials and conservation,34,21,-13,0.0003,0.0002,-0.01
T11847,Recycled Aggregate Concrete Performance,22,33,11,0.0002,0.0003,0.01
T11447,Blind Source Separation Techniques,45,10,-35,0.0004,0.0001,-0.03
T12205,Time Series Analysis and Forecasting,37,18,-19,0.0003,0.0002,-0.02
T12603,NMR spectroscopy and applications,46,9,-37,0.0004,0.0001,-0.03
T11545,Advanced Banach Space Theory,14,41,27,0.0001,0.0004,0.02
T10264,Asphalt Pavement Performance Evaluation,33,22,-11,0.0003,0.0002,-0.01
T11186,Hydrology and Drought Analysis,47,8,-39,0.0004,0.0001,-0.03
T11442,Titanium Alloys Microstructure and Properties,22,33,11,0.0002,0.0003,0.01
T10188,Advanced machining processes and optimization,22,32,10,0.0002,0.0003,0.01
T11041,Ubiquitin and proteasome pathways,33,21,-12,0.0003,0.0002,-0.01
T11115,Topology Optimization in Engineering,28,26,-2,0.0002,0.0002,-0.0
T12706,Subcritical and Supercritical Water Processes,33,21,-12,0.0003,0.0002,-0.01
T10349,Migration and Labor Dynamics,32,22,-10,0.0003,0.0002,-0.01
T11184,Neonatal and fetal brain pathology,25,29,4,0.0002,0.0003,0.0
T13115,Axial and Atropisomeric Chirality Synthesis,29,25,-4,0.0003,0.0002,-0.0
T11803,Superconducting and THz Device Technology,18,36,18,0.0002,0.0003,0.02
T11126,Metallurgical Processes and Thermodynamics,20,34,14,0.0002,0.0003,0.01
T11099,Autonomous Vehicle Technology and Safety,26,28,2,0.0002,0.0002,0.0
T11091,Extraction and Separation Processes,30,24,-6,0.0003,0.0002,-0.01
T10258,Philosophy and Theoretical Science,6,48,42,0.0001,0.0004,0.04
T11344,Traffic Prediction and Management Techniques,38,16,-22,0.0003,0.0001,-0.02
T10633,Metallic Glasses and Amorphous Alloys,26,28,2,0.0002,0.0002,0.0
T11337,Tryptophan and brain disorders,47,7,-40,0.0004,0.0001,-0.03
T13859,Organic Chemistry Synthesis Methods,0,54,54,0.0,0.0005,0.05
T10420,Intracranial Aneurysms: Treatment and Complications,27,27,0,0.0002,0.0002,0.0
T11844,Lipid metabolism and biosynthesis,15,39,24,0.0001,0.0003,0.02
T10703,Business Process Modeling and Analysis,35,18,-17,0.0003,0.0002,-0.01
T11788,Nonlinear Optical Materials Studies,39,14,-25,0.0003,0.0001,-0.02
T12478,Wikis in Education and Collaboration,35,18,-17,0.0003,0.0002,-0.01
T12247,Microbial Applications in Construction Materials,25,28,3,0.0002,0.0002,0.0
T10062,MicroRNA in disease regulation,26,27,1,0.0002,0.0002,0.0
T10456,Multi-Agent Systems and Negotiation,20,33,13,0.0002,0.0003,0.01
T10176,Mesenchymal stem cell research,35,17,-18,0.0003,0.0001,-0.02
T10406,Planetary Science and Exploration,33,19,-14,0.0003,0.0002,-0.01
T10541,Nonlinear Differential Equations Analysis,15,37,22,0.0001,0.0003,0.02
T10807,Synthesis and characterization of novel inorganic/organometallic compounds,15,37,22,0.0001,0.0003,0.02
T11019,Image Enhancement Techniques,27,25,-2,0.0002,0.0002,-0.0
T12762,Crystallography and Radiation Phenomena,34,18,-16,0.0003,0.0002,-0.01
T12309,solar cell performance optimization,33,19,-14,0.0003,0.0002,-0.01
T10773,Extracellular vesicles in disease,27,25,-2,0.0002,0.0002,-0.0
T10798,Crystallography and molecular interactions,30,22,-8,0.0003,0.0002,-0.01
T11598,Internet Traffic Analysis and Secure E-voting,30,22,-8,0.0003,0.0002,-0.01
T10761,Vehicular Ad Hoc Networks (VANETs),27,25,-2,0.0002,0.0002,-0.0
T10288,Fractional Differential Equations Solutions,22,29,7,0.0002,0.0003,0.01
T11831,Chemical Synthesis and Reactions,30,21,-9,0.0003,0.0002,-0.01
T12923,Digital Image Processing Techniques,32,19,-13,0.0003,0.0002,-0.01
T11541,Neuroendocrine regulation and behavior,37,14,-23,0.0003,0.0001,-0.02
T10637,Advanced Clustering Algorithms Research,9,42,33,0.0001,0.0004,0.03
T13418,Photocathodes and Microchannel Plates,25,26,1,0.0002,0.0002,0.0
T11372,Hydraulic and Pneumatic Systems,37,14,-23,0.0003,0.0001,-0.02
T11567,semigroups and automata theory,23,28,5,0.0002,0.0002,0.0
T12267,Diet and metabolism studies,44,7,-37,0.0004,0.0001,-0.03
T11020,Immune Cell Function and Interaction,45,6,-39,0.0004,0.0001,-0.03
T10170,Retinal Diseases and Treatments,24,27,3,0.0002,0.0002,0.0
T11333,Climate change and permafrost,35,15,-20,0.0003,0.0001,-0.02
T10155,Nitric Oxide and Endothelin Effects,28,22,-6,0.0002,0.0002,-0.01
T11484,Adaptive optics and wavefront sensing,30,20,-10,0.0003,0.0002,-0.01
T10273,IoT and Edge/Fog Computing,20,30,10,0.0002,0.0003,0.01
T11158,Wireless Networks and Protocols,22,28,6,0.0002,0.0002,0.01
T14128,Metallurgical and Alloy Processes,12,38,26,0.0001,0.0003,0.02
T12046,MXene and MAX Phase Materials,30,20,-10,0.0003,0.0002,-0.01
T11988,Sustainable Building Design and Assessment,29,21,-8,0.0003,0.0002,-0.01
T13937,"Genetics, Bioinformatics, and Biomedical Research",47,2,-45,0.0004,0.0,-0.04
T10779,Coastal wetland ecosystem dynamics,40,9,-31,0.0003,0.0001,-0.03
T12004,Advanced Frequency and Time Standards,11,38,27,0.0001,0.0003,0.02
T10094,Epilepsy research and treatment,13,36,23,0.0001,0.0003,0.02
T12776,Electrohydrodynamics and Fluid Dynamics,36,13,-23,0.0003,0.0001,-0.02
T12017,Recycling and Waste Management Techniques,37,12,-25,0.0003,0.0001,-0.02
T11575,Nonlinear Photonic Systems,37,12,-25,0.0003,0.0001,-0.02
T10690,Vibration Control and Rheological Fluids,17,32,15,0.0001,0.0003,0.01
T11215,Chronic Myeloid Leukemia Treatments,32,17,-15,0.0003,0.0001,-0.01
T10358,Advanced Radiotherapy Techniques,24,24,0,0.0002,0.0002,0.0
T11439,Video Analysis and Summarization,32,16,-16,0.0003,0.0001,-0.01
T12838,Photovoltaic Systems and Sustainability,22,26,4,0.0002,0.0002,0.0
T10991,Game Theory and Voting Systems,17,31,14,0.0001,0.0003,0.01
T12640,Environmental DNA in Biodiversity Studies,25,23,-2,0.0002,0.0002,-0.0
T12452,Electrowetting and Microfluidic Technologies,29,19,-10,0.0003,0.0002,-0.01
T10117,Advanced Combustion Engine Technologies,14,34,20,0.0001,0.0003,0.02
T13702,Machine Learning in Healthcare,27,21,-6,0.0002,0.0002,-0.01
T10976,Viral gastroenteritis research and epidemiology,41,7,-34,0.0004,0.0001,-0.03
T12422,Radiomics and Machine Learning in Medical Imaging,29,18,-11,0.0003,0.0002,-0.01
T12015,Photoacoustic and Ultrasonic Imaging,36,11,-25,0.0003,0.0001,-0.02
T10337,Liver Disease and Transplantation,21,26,5,0.0002,0.0002,0.0
T11412,Genetic and Kidney Cyst Diseases,19,28,9,0.0002,0.0002,0.01
T11529,Refrigeration and Air Conditioning Technologies,32,15,-17,0.0003,0.0001,-0.01
T10953,E-Government and Public Services,21,26,5,0.0002,0.0002,0.0
T11151,Advanced Topology and Set Theory,34,13,-21,0.0003,0.0001,-0.02
T11881,Crystallization and Solubility Studies,19,28,9,0.0002,0.0002,0.01
T12534,Protein Degradation and Inhibitors,30,17,-13,0.0003,0.0001,-0.01
T12722,Innovation Policy and R&D,38,9,-29,0.0003,0.0001,-0.03
T10710,Arsenic contamination and mitigation,25,22,-3,0.0002,0.0002,-0.0
T12560,Nuclear Engineering Thermal-Hydraulics,10,37,27,0.0001,0.0003,0.02
T10174,Animal Behavior and Reproduction,29,18,-11,0.0003,0.0002,-0.01
T10700,Metal Forming Simulation Techniques,30,16,-14,0.0003,0.0001,-0.01
T13187,Diffusion and Search Dynamics,28,18,-10,0.0002,0.0002,-0.01
T10789,Interactive and Immersive Displays,15,31,16,0.0001,0.0003,0.01
T11568,Railway Systems and Energy Efficiency,22,24,2,0.0002,0.0002,0.0
T11802,Chemical Looping and Thermochemical Processes,25,21,-4,0.0002,0.0002,-0.0
T12125,Aerospace and Aviation Technology,10,36,26,0.0001,0.0003,0.02
T13807,Cultural Insights and Digital Impacts,46,0,-46,0.0004,0.0,-0.04
T11846,Cultural Heritage Management and Preservation,17,29,12,0.0001,0.0003,0.01
T12254,Machine Learning in Bioinformatics,26,20,-6,0.0002,0.0002,-0.01
T11406,Cerebrospinal fluid and hydrocephalus,22,24,2,0.0002,0.0002,0.0
T10040,Adaptive Control of Nonlinear Systems,24,22,-2,0.0002,0.0002,-0.0
T11904,Spatial Cognition and Navigation,25,21,-4,0.0002,0.0002,-0.0
T12292,Graph Theory and Algorithms,22,24,2,0.0002,0.0002,0.0
T12216,Network Time Synchronization Technologies,24,22,-2,0.0002,0.0002,-0.0
T13689,Underground infrastructure and sustainability,22,24,2,0.0002,0.0002,0.0
T10442,Knee injuries and reconstruction techniques,22,24,2,0.0002,0.0002,0.0
T10503,Global Financial Crisis and Policies,17,29,12,0.0001,0.0003,0.01
T13382,Robotics and Automated Systems,19,26,7,0.0002,0.0002,0.01
T14089,Nanotechnology research and applications,23,22,-1,0.0002,0.0002,-0.0
T10243,Statistical Methods and Bayesian Inference,20,25,5,0.0002,0.0002,0.0
T12127,Software System Performance and Reliability,32,13,-19,0.0003,0.0001,-0.02
T14249,Water Quality Monitoring and Analysis,38,7,-31,0.0003,0.0001,-0.03
T13641,Historical Studies and Socio-cultural Analysis,24,21,-3,0.0002,0.0002,-0.0
T12570,Photopolymerization techniques and applications,22,23,1,0.0002,0.0002,0.0
T11108,Municipal Solid Waste Management,21,24,3,0.0002,0.0002,0.0
T11945,Heat Transfer Mechanisms,26,19,-7,0.0002,0.0002,-0.01
T13049,Surface Roughness and Optical Measurements,24,21,-3,0.0002,0.0002,-0.0
T11192,Underwater Vehicles and Communication Systems,28,17,-11,0.0002,0.0001,-0.01
T11719,Data Quality and Management,33,12,-21,0.0003,0.0001,-0.02
T11667,Advanced Chemical Sensor Technologies,40,4,-36,0.0003,0.0,-0.03
T10672,Design Education and Practice,22,22,0,0.0002,0.0002,0.0
T12092,Erosion and Abrasive Machining,20,24,4,0.0002,0.0002,0.0
T11195,Simulation Techniques and Applications,32,12,-20,0.0003,0.0001,-0.02
T11960,Relativity and Gravitational Theory,12,32,20,0.0001,0.0003,0.02
T11661,Copper Interconnects and Reliability,24,20,-4,0.0002,0.0002,-0.0
T10711,Target Tracking and Data Fusion in Sensor Networks,27,17,-10,0.0002,0.0001,-0.01
T10848,Advanced Multi-Objective Optimization Algorithms,26,18,-8,0.0002,0.0002,-0.01
T11103,Antimicrobial Peptides and Activities,22,22,0,0.0002,0.0002,0.0
T12358,Thermal and Kinetic Analysis,25,19,-6,0.0002,0.0002,-0.01
T11408,Advanced Optical Imaging Technologies,21,23,2,0.0002,0.0002,0.0
T10250,Glaucoma and retinal disorders,19,25,6,0.0002,0.0002,0.01
T12102,Fire effects on concrete materials,16,28,12,0.0001,0.0002,0.01
T12000,Systems Engineering Methodologies and Applications,11,32,21,0.0001,0.0003,0.02
T11316,Mycobacterium research and diagnosis,36,7,-29,0.0003,0.0001,-0.03
T10803,Innovative Human-Technology Interaction,22,21,-1,0.0002,0.0002,-0.0
T10834,Welding Techniques and Residual Stresses,14,29,15,0.0001,0.0003,0.01
T13400,Mathematical and Theoretical Analysis,18,25,7,0.0002,0.0002,0.01
T11176,Radiation Therapy and Dosimetry,24,19,-5,0.0002,0.0002,-0.0
T10714,Software-Defined Networks and 5G,26,17,-9,0.0002,0.0001,-0.01
T12639,Global Energy and Sustainability Research,28,15,-13,0.0002,0.0001,-0.01
T12094,Hemoglobin structure and function,28,15,-13,0.0002,0.0001,-0.01
T12713,Forest Ecology and Biodiversity Studies,25,18,-7,0.0002,0.0002,-0.01
T11097,Cerebral Palsy and Movement Disorders,28,15,-13,0.0002,0.0001,-0.01
T11947,Molten salt chemistry and electrochemical processes,13,29,16,0.0001,0.0003,0.01
T11213,Genomic variations and chromosomal abnormalities,18,24,6,0.0002,0.0002,0.01
T11394,Dynamics and Control of Mechanical Systems,29,13,-16,0.0003,0.0001,-0.01
T12727,Differential Equations and Numerical Methods,34,8,-26,0.0003,0.0001,-0.02
T12961,Regional Development and Policy,28,14,-14,0.0002,0.0001,-0.01
T10388,Advanced Steganography and Watermarking Techniques,18,24,6,0.0002,0.0002,0.01
T13607,Academic Publishing and Open Access,17,25,8,0.0001,0.0002,0.01
T11701,Space Satellite Systems and Control,18,24,6,0.0002,0.0002,0.01
T11235,Statistical Methods in Clinical Trials,19,23,4,0.0002,0.0002,0.0
T11312,Soil Moisture and Remote Sensing,29,13,-16,0.0003,0.0001,-0.01
T11605,Visual Attention and Saliency Detection,26,16,-10,0.0002,0.0001,-0.01
T13516,Publishing and Scholarly Communication,5,37,32,0.0,0.0003,0.03
T12112,Ammonia Synthesis and Nitrogen Reduction,33,8,-25,0.0003,0.0001,-0.02
T10669,Freshwater macroinvertebrate diversity and ecology,20,21,1,0.0002,0.0002,0.0
T11243,Respiratory viral infections research,28,13,-15,0.0002,0.0001,-0.01
T11395,Radiopharmaceutical Chemistry and Applications,18,23,5,0.0002,0.0002,0.0
T11963,Impact of Light on Environment and Health,36,5,-31,0.0003,0.0,-0.03
T13180,Chemistry and Chemical Engineering,32,9,-23,0.0003,0.0001,-0.02
T10847,Advanced Optical Network Technologies,21,20,-1,0.0002,0.0002,-0.0
T10286,Information Retrieval and Search Behavior,6,35,29,0.0001,0.0003,0.03
T12649,Alkaloids: synthesis and pharmacology,39,2,-37,0.0003,0.0,-0.03
T11797,graph theory and CDMA systems,41,0,-41,0.0004,0.0,-0.04
T12069,Commutative Algebra and Its Applications,12,29,17,0.0001,0.0003,0.01
T12955,Atherosclerosis and Cardiovascular Diseases,18,23,5,0.0002,0.0002,0.0
T10352,Physical Activity and Health,20,21,1,0.0002,0.0002,0.0
T13104,Chemical and Physical Properties of Materials,21,20,-1,0.0002,0.0002,-0.0
T10157,Sports Performance and Training,25,15,-10,0.0002,0.0001,-0.01
T11445,Origins and Evolution of Life,20,20,0,0.0002,0.0002,0.0
T10958,Ultrasound and Hyperthermia Applications,18,22,4,0.0002,0.0002,0.0
T11332,"Genomics, phytochemicals, and oxidative stress",12,28,16,0.0001,0.0002,0.01
T10631,"Cancer, Hypoxia, and Metabolism",24,16,-8,0.0002,0.0001,-0.01
T12400,Neurogenetic and Muscular Disorders Research,25,15,-10,0.0002,0.0001,-0.01
T11976,Capital Investment and Risk Analysis,27,13,-14,0.0002,0.0001,-0.01
T12193,Trigeminal Neuralgia and Treatments,20,20,0,0.0002,0.0002,0.0
T11480,Connexins and lens biology,19,21,2,0.0002,0.0002,0.0
T12579,Muon and positron interactions and applications,23,17,-6,0.0002,0.0001,-0.01
T10817,Multicomponent Synthesis of Heterocycles,13,27,14,0.0001,0.0002,0.01
T12250,Experimental and Theoretical Physics Studies,25,15,-10,0.0002,0.0001,-0.01
T13951,Fluid dynamics and aerodynamics studies,10,30,20,0.0001,0.0003,0.02
T10922,Magnetic Properties and Synthesis of Ferrites,16,24,8,0.0001,0.0002,0.01
T11911,Spatial and Panel Data Analysis,17,23,6,0.0001,0.0002,0.01
T13326,Biochemical and Structural Characterization,16,23,7,0.0001,0.0002,0.01
T10515,Cancer-related molecular mechanisms research,31,8,-23,0.0003,0.0001,-0.02
T10172,Cardiac Valve Diseases and Treatments,20,19,-1,0.0002,0.0002,-0.0
T10169,Protein Kinase Regulation and GTPase Signaling,8,31,23,0.0001,0.0003,0.02
T12095,Vehicle emissions and performance,26,13,-13,0.0002,0.0001,-0.01
T10148,Advanced MIMO Systems Optimization,34,5,-29,0.0003,0.0,-0.03
T10111,Remote Sensing in Agriculture,23,16,-7,0.0002,0.0001,-0.01
T10364,Reproductive Biology and Fertility,22,17,-5,0.0002,0.0001,-0.0
T11125,Petri Nets in System Modeling,17,22,5,0.0001,0.0002,0.0
T11001,Renin-Angiotensin System Studies,17,22,5,0.0001,0.0002,0.0
T11997,Free Will and Agency,12,27,15,0.0001,0.0002,0.01
T11852,Clay minerals and soil interactions,28,11,-17,0.0002,0.0001,-0.01
T12810,Real-time simulation and control systems,19,20,1,0.0002,0.0002,0.0
T12350,Particle Dynamics in Fluid Flows,23,15,-8,0.0002,0.0001,-0.01
T11060,Infant Development and Preterm Care,22,16,-6,0.0002,0.0001,-0.01
T11736,Histone Deacetylase Inhibitors Research,27,11,-16,0.0002,0.0001,-0.01
T12661,Iterative Methods for Nonlinear Equations,15,23,8,0.0001,0.0002,0.01
T10196,Pain Mechanisms and Treatments,20,18,-2,0.0002,0.0002,-0.0
T11703,"Rings, Modules, and Algebras",13,25,12,0.0001,0.0002,0.01
T11398,Hand Gesture Recognition Systems,20,18,-2,0.0002,0.0002,-0.0
T11841,Nuclear Structure and Function,23,15,-8,0.0002,0.0001,-0.01
T10767,Advanced Photonic Communication Systems,14,24,10,0.0001,0.0002,0.01
T13920,Urban Planning and Valuation,13,25,12,0.0001,0.0002,0.01
T10263,Eating Disorders and Behaviors,17,21,4,0.0001,0.0002,0.0
T10147,Antibiotic Resistance in Bacteria,22,16,-6,0.0002,0.0001,-0.01
T11854,Laser-induced spectroscopy and plasma,30,8,-22,0.0003,0.0001,-0.02
T11392,Energy Harvesting in Wireless Networks,30,8,-22,0.0003,0.0001,-0.02
T11747,Metal-Catalyzed Oxygenation Mechanisms,13,25,12,0.0001,0.0002,0.01
T10692,Urban Green Space and Health,30,8,-22,0.0003,0.0001,-0.02
T12943,COVID-19 Digital Contact Tracing,17,21,4,0.0001,0.0002,0.0
T10808,Electric and Hybrid Vehicle Technologies,13,25,12,0.0001,0.0002,0.01
T13297,History and advancements in chemistry,33,5,-28,0.0003,0.0,-0.02
T11883,Embodied and Extended Cognition,10,28,18,0.0001,0.0002,0.02
T10601,Handwritten Text Recognition Techniques,15,23,8,0.0001,0.0002,0.01
T10393,Economic Growth and Productivity,29,8,-21,0.0003,0.0001,-0.02
T11409,Advanced Wireless Network Optimization,23,14,-9,0.0002,0.0001,-0.01
T13013,Free Radicals and Antioxidants,27,10,-17,0.0002,0.0001,-0.01
T10489,Regulation of Appetite and Obesity,15,22,7,0.0001,0.0002,0.01
T10487,Plant and animal studies,35,2,-33,0.0003,0.0,-0.03
T10546,Higher Education Governance and Development,13,24,11,0.0001,0.0002,0.01
T13495,Biographical and Historical Analysis,4,33,29,0.0,0.0003,0.03
T12008,Solar-Powered Water Purification Methods,29,8,-21,0.0003,0.0001,-0.02
T11655,HIV-related health complications and treatments,18,19,1,0.0002,0.0002,0.0
T11778,Electrical and Bioimpedance Tomography,21,16,-5,0.0002,0.0001,-0.0
T13561,Chemical Reactions and Isotopes,23,14,-9,0.0002,0.0001,-0.01
T11437,Digital Platforms and Economics,19,18,-1,0.0002,0.0002,-0.0
T13127,Biotin and Related Studies,33,4,-29,0.0003,0.0,-0.03
T10706,Traumatic Brain Injury and Neurovascular Disturbances,20,17,-3,0.0002,0.0001,-0.0
T10819,Mercury impact and mitigation studies,21,16,-5,0.0002,0.0001,-0.0
T11533,Melanoma and MAPK Pathways,21,16,-5,0.0002,0.0001,-0.0
T11499,ICT Impact and Policies,25,12,-13,0.0002,0.0001,-0.01
T12646,Inorganic Fluorides and Related Compounds,32,5,-27,0.0003,0.0,-0.02
T10986,RFID technology advancements,18,19,1,0.0002,0.0002,0.0
T12720,Multimedia Communication and Technology,26,11,-15,0.0002,0.0001,-0.01
T10166,Mosquito-borne diseases and control,24,13,-11,0.0002,0.0001,-0.01
T11700,Hemodynamic Monitoring and Therapy,26,11,-15,0.0002,0.0001,-0.01
T11072,Peroxisome Proliferator-Activated Receptors,21,16,-5,0.0002,0.0001,-0.0
T12167,Bacterial Identification and Susceptibility Testing,20,16,-4,0.0002,0.0001,-0.0
T11351,Catalysis and Hydrodesulfurization Studies,29,7,-22,0.0003,0.0001,-0.02
T11727,Advanced Algebra and Logic,23,13,-10,0.0002,0.0001,-0.01
T11259,Agriculture Sustainability and Environmental Impact,18,18,0,0.0002,0.0002,0.0
T10513,Natural Fiber Reinforced Composites,19,17,-2,0.0002,0.0001,-0.0
T10041,COVID-19 Clinical Research Studies,21,15,-6,0.0002,0.0001,-0.01
T10620,Protease and Inhibitor Mechanisms,17,19,2,0.0001,0.0002,0.0
T12293,Dam Engineering and Safety,17,19,2,0.0001,0.0002,0.0
T12503,Social Acceptance of Renewable Energy,21,15,-6,0.0002,0.0001,-0.01
T12502,Urbanization and City Planning,34,2,-32,0.0003,0.0,-0.03
T10626,High-Temperature Coating Behaviors,17,19,2,0.0001,0.0002,0.0
T10945,Lysosomal Storage Disorders Research,19,17,-2,0.0002,0.0001,-0.0
T11968,High Altitude and Hypoxia,20,16,-4,0.0002,0.0001,-0.0
T10400,Network Security and Intrusion Detection,28,8,-20,0.0002,0.0001,-0.02
T10452,Iron Metabolism and Disorders,20,16,-4,0.0002,0.0001,-0.0
T12394,Insurance and Financial Risk Management,19,17,-2,0.0002,0.0001,-0.0
T11047,Gender Diversity and Inequality,18,18,0,0.0002,0.0002,0.0
T12541,Graph Labeling and Dimension Problems,20,16,-4,0.0002,0.0001,-0.0
T11946,Antenna Design and Optimization,23,13,-10,0.0002,0.0001,-0.01
T11326,Stock Market Forecasting Methods,25,11,-14,0.0002,0.0001,-0.01
T10553,Combustion and flame dynamics,18,18,0,0.0002,0.0002,0.0
T10664,Sentiment Analysis and Opinion Mining,14,22,8,0.0001,0.0002,0.01
T12788,Space Science and Extraterrestrial Life,22,14,-8,0.0002,0.0001,-0.01
T11729,Product Development and Customization,13,23,10,0.0001,0.0002,0.01
T12392,Sharing Economy and Platforms,20,15,-5,0.0002,0.0001,-0.0
T13114,Image Processing Techniques and Applications,26,9,-17,0.0002,0.0001,-0.01
T12050,Optical Polarization and Ellipsometry,19,16,-3,0.0002,0.0001,-0.0
T12111,Industrial Vision Systems and Defect Detection,29,6,-23,0.0003,0.0001,-0.02
T11828,Corneal Surgery and Treatments,20,15,-5,0.0002,0.0001,-0.0
T11504,Advanced Authentication Protocols Security,14,21,7,0.0001,0.0002,0.01
T12251,Synthesis and Catalytic Reactions,26,9,-17,0.0002,0.0001,-0.01
T10854,Bipolar Disorder and Treatment,19,16,-3,0.0002,0.0001,-0.0
T10983,Aortic aneurysm repair treatments,18,17,-1,0.0002,0.0001,-0.0
T12989,Ocular Disorders and Treatments,16,19,3,0.0001,0.0002,0.0
T11884,Redox biology and oxidative stress,11,24,13,0.0001,0.0002,0.01
T11557,Lubricants and Their Additives,16,19,3,0.0001,0.0002,0.0
T10596,Child Nutrition and Water Access,22,13,-9,0.0002,0.0001,-0.01
T11607,Microwave and Dielectric Measurement Techniques,14,21,7,0.0001,0.0002,0.01
T12852,Chemical Thermodynamics and Molecular Structure,19,16,-3,0.0002,0.0001,-0.0
T12146,Power Line Communications and Noise,18,17,-1,0.0002,0.0001,-0.0
T12357,Digital Media Forensic Detection,17,17,0,0.0001,0.0001,0.0
T11874,Structural Response to Dynamic Loads,28,6,-22,0.0002,0.0001,-0.02
T11059,Market Dynamics and Volatility,24,10,-14,0.0002,0.0001,-0.01
T13261,Elasticity and Wave Propagation,10,24,14,0.0001,0.0002,0.01
T11046,Geotechnical Engineering and Analysis,17,17,0,0.0001,0.0001,0.0
T11515,Bacillus and Francisella bacterial research,25,9,-16,0.0002,0.0001,-0.01
T14399,Invertebrate Taxonomy and Ecology,9,25,16,0.0001,0.0002,0.01
T13923,Nuclear and radioactivity studies,8,26,18,0.0001,0.0002,0.02
T10952,PI3K/AKT/mTOR signaling in cancer,15,19,4,0.0001,0.0002,0.0
T10780,Reliability and Maintenance Optimization,7,27,20,0.0001,0.0002,0.02
T11068,Tendon Structure and Treatment,21,13,-8,0.0002,0.0001,-0.01
T11840,Pain Management and Treatment,14,20,6,0.0001,0.0002,0.01
T11248,Advanced Power Amplifier Design,10,24,14,0.0001,0.0002,0.01
T11822,Analytic and geometric function theory,26,8,-18,0.0002,0.0001,-0.02
T13645,Thermodynamic and Structural Properties of Metals and Alloys,6,28,22,0.0001,0.0002,0.02
T11468,Genetic Mapping and Diversity in Plants and Animals,20,14,-6,0.0002,0.0001,-0.01
T10465,Neurobiology of Language and Bilingualism,15,19,4,0.0001,0.0002,0.0
T11501,TGF-β signaling in diseases,15,19,4,0.0001,0.0002,0.0
T10916,Surgical Simulation and Training,17,17,0,0.0001,0.0001,0.0
T12024,Ultra-Wideband Communications Technology,17,17,0,0.0001,0.0001,0.0
T11741,Flexible and Reconfigurable Manufacturing Systems,19,15,-4,0.0002,0.0001,-0.0
T11675,Open Source Software Innovations,19,15,-4,0.0002,0.0001,-0.0
T12016,Web Data Mining and Analysis,23,11,-12,0.0002,0.0001,-0.01
T12617,"Energy, Environment, and Transportation Policies",20,14,-6,0.0002,0.0001,-0.01
T11753,Forest Management and Policy,16,17,1,0.0001,0.0001,0.0
T13377,Ecosystem dynamics and resilience,26,7,-19,0.0002,0.0001,-0.02
T11819,Data-Driven Disease Surveillance,20,13,-7,0.0002,0.0001,-0.01
T10439,Climate change impacts on agriculture,17,16,-1,0.0001,0.0001,-0.0
T11349,Music Technology and Sound Studies,13,20,7,0.0001,0.0002,0.01
T13833,Ferrocene Chemistry and Applications,27,6,-21,0.0002,0.0001,-0.02
T13397,Hallucinations in medical conditions,8,25,17,0.0001,0.0002,0.01
T14444,Power Systems and Renewable Energy,3,30,27,0.0,0.0003,0.02
T10371,Immune Response and Inflammation,17,16,-1,0.0001,0.0001,-0.0
T10470,Usability and User Interface Design,13,20,7,0.0001,0.0002,0.01
T11144,melanin and skin pigmentation,19,14,-5,0.0002,0.0001,-0.0
T12690,Cross-Border Cooperation and Integration,18,15,-3,0.0002,0.0001,-0.0
T11438,Retinal Imaging and Analysis,16,17,1,0.0001,0.0001,0.0
T11167,Hair Growth and Disorders,10,23,13,0.0001,0.0002,0.01
T11336,Energy and Environment Impacts,21,12,-9,0.0002,0.0001,-0.01
T11212,Cultural Heritage Materials Analysis,18,15,-3,0.0002,0.0001,-0.0
T11832,Doctoral Education Challenges and Solutions,8,25,17,0.0001,0.0002,0.01
T12576,vaccines and immunoinformatics approaches,17,16,-1,0.0001,0.0001,-0.0
T12090,Language and cultural evolution,15,18,3,0.0001,0.0002,0.0
T10616,Smart Agriculture and AI,15,18,3,0.0001,0.0002,0.0
T10206,Meta-analysis and systematic reviews,18,15,-3,0.0002,0.0001,-0.0
T11725,Immunodeficiency and Autoimmune Disorders,15,17,2,0.0001,0.0001,0.0
T11010,"Logic, Reasoning, and Knowledge",16,16,0,0.0001,0.0001,0.0
T11109,Thermoregulation and physiological responses,24,8,-16,0.0002,0.0001,-0.01
T11829,Mathematical Biology Tumor Growth,21,11,-10,0.0002,0.0001,-0.01
T12176,Optimization and Packing Problems,24,8,-16,0.0002,0.0001,-0.01
T12084,Synthesis and properties of polymers,21,11,-10,0.0002,0.0001,-0.01
T13141,Statistical Methods and Applications,4,28,24,0.0,0.0002,0.02
T11970,Molecular Biology Techniques and Applications,20,12,-8,0.0002,0.0001,-0.01
T12316,Oil Spill Detection and Mitigation,15,17,2,0.0001,0.0001,0.0
T12155,Microwave Dielectric Ceramics Synthesis,20,12,-8,0.0002,0.0001,-0.01
T10238,Spine and Intervertebral Disc Pathology,19,13,-6,0.0002,0.0001,-0.01
T11081,Advanced Control Systems Design,7,25,18,0.0001,0.0002,0.02
T12362,Tribology and Wear Analysis,22,10,-12,0.0002,0.0001,-0.01
T13283,Mental Health Research Topics,27,5,-22,0.0002,0.0,-0.02
T11692,Noise Effects and Management,19,13,-6,0.0002,0.0001,-0.01
T11061,Ocean Waves and Remote Sensing,18,14,-4,0.0002,0.0001,-0.0
T12417,Morphological variations and asymmetry,27,5,-22,0.0002,0.0,-0.02
T11749,Iterative Learning Control Systems,23,9,-14,0.0002,0.0001,-0.01
T13470,Surface Treatment and Coatings,1,31,30,0.0,0.0003,0.03
T12725,transportation and logistics systems,1,31,30,0.0,0.0003,0.03
T11710,Biomedical Text Mining and Ontologies,19,13,-6,0.0002,0.0001,-0.01
T12627,Graphene and Nanomaterials Applications,18,13,-5,0.0002,0.0001,-0.0
T12220,Quantum Electrodynamics and Casimir Effect,17,14,-3,0.0001,0.0001,-0.0
T11197,Digital Games and Media,15,16,1,0.0001,0.0001,0.0
T13682,Engineering Education and Pedagogy,7,24,17,0.0001,0.0002,0.01
T11268,Light effects on plants,19,12,-7,0.0002,0.0001,-0.01
T11772,Genetics and Neurodevelopmental Disorders,16,15,-1,0.0001,0.0001,-0.0
T10350,Electronic Health Records Systems,11,20,9,0.0001,0.0002,0.01
T10372,Cardiac Imaging and Diagnostics,13,18,5,0.0001,0.0002,0.0
T13280,Biomedical and Engineering Education,26,5,-21,0.0002,0.0,-0.02
T11890,Scientific Measurement and Uncertainty Evaluation,18,13,-5,0.0002,0.0001,-0.0
T11896,Opportunistic and Delay-Tolerant Networks,27,4,-23,0.0002,0.0,-0.02
T11027,Metabolism and Genetic Disorders,16,15,-1,0.0001,0.0001,-0.0
T10184,Plant Molecular Biology Research,19,12,-7,0.0002,0.0001,-0.01
T12011,"Insurance, Mortality, Demography, Risk Management",21,10,-11,0.0002,0.0001,-0.01
T10183,Breast Cancer Treatment Studies,9,22,13,0.0001,0.0002,0.01
T12766,Interdisciplinary Research and Collaboration,10,21,11,0.0001,0.0002,0.01
T10582,Ethics in Clinical Research,19,12,-7,0.0002,0.0001,-0.01
T12029,DNA and Biological Computing,21,10,-11,0.0002,0.0001,-0.01
T10572,Geophysical and Geoelectrical Methods,16,14,-2,0.0001,0.0001,-0.0
T12037,Algebraic and Geometric Analysis,26,4,-22,0.0002,0.0,-0.02
T11014,Regional Economics and Spatial Analysis,9,21,12,0.0001,0.0002,0.01
T11953,"Neuroethics, Human Enhancement, Biomedical Innovations",14,16,2,0.0001,0.0001,0.0
T12487,Structural Engineering and Vibration Analysis,24,6,-18,0.0002,0.0001,-0.02
T14117,Integrated Circuits and Semiconductor Failure Analysis,27,3,-24,0.0002,0.0,-0.02
T10704,Advancements in Transdermal Drug Delivery,14,16,2,0.0001,0.0001,0.0
T11738,Ultrasound in Clinical Applications,16,14,-2,0.0001,0.0001,-0.0
T10981,Cytomegalovirus and herpesvirus research,19,11,-8,0.0002,0.0001,-0.01
T10917,Smart Grid Security and Resilience,20,10,-10,0.0002,0.0001,-0.01
T10151,Hepatitis C virus research,17,13,-4,0.0001,0.0001,-0.0
T10770,Soil Geostatistics and Mapping,25,5,-20,0.0002,0.0,-0.02
T10555,Fire effects on ecosystems,16,14,-2,0.0001,0.0001,-0.0
T12552,Fetal and Pediatric Neurological Disorders,21,9,-12,0.0002,0.0001,-0.01
T11954,Energy Efficiency and Management,18,12,-6,0.0002,0.0001,-0.01
T13439,Transport and Economic Policies,16,14,-2,0.0001,0.0001,-0.0
T11056,Physiological and biochemical adaptations,15,15,0,0.0001,0.0001,0.0
T13234,advanced mathematical theories,28,2,-26,0.0002,0.0,-0.02
T11872,Barrier Structure and Function Studies,9,21,12,0.0001,0.0002,0.01
T10820,Fuzzy Logic and Control Systems,18,12,-6,0.0002,0.0001,-0.01
T10972,Power Systems Fault Detection,12,18,6,0.0001,0.0002,0.01
T10968,Statistical Distribution Estimation and Applications,14,15,1,0.0001,0.0001,0.0
T13785,Aquatic and Environmental Studies,6,23,17,0.0001,0.0002,0.01
T11810,Complex Systems and Decision Making,22,7,-15,0.0002,0.0001,-0.01
T13487,Statistical and numerical algorithms,20,9,-11,0.0002,0.0001,-0.01
T11482,RNA modifications and cancer,25,4,-21,0.0002,0.0,-0.02
T12643,Sustainability and Ecological Systems Analysis,12,17,5,0.0001,0.0001,0.0
T13840,Chemical Safety and Risk Management,10,19,9,0.0001,0.0002,0.01
T11476,Graph theory and applications,18,11,-7,0.0002,0.0001,-0.01
T12983,Satellite Image Processing and Photogrammetry,7,22,15,0.0001,0.0002,0.01
T12580,Vagus Nerve Stimulation Research,14,15,1,0.0001,0.0001,0.0
T12959,Engineering and Materials Science Studies,26,3,-23,0.0002,0.0,-0.02
T11966,Silk-based biomaterials and applications,15,14,-1,0.0001,0.0001,-0.0
T10675,Mechanical Circulatory Support Devices,14,15,1,0.0001,0.0001,0.0
T12628,Polymer Foaming and Composites,15,14,-1,0.0001,0.0001,-0.0
T11286,Polyoxometalates: Synthesis and Applications,22,7,-15,0.0002,0.0001,-0.01
T13493,Optical and Acousto-Optic Technologies,16,13,-3,0.0001,0.0001,-0.0
T11665,Animal Vocal Communication and Behavior,18,11,-7,0.0002,0.0001,-0.01
T12510,Magneto-Optical Properties and Applications,26,3,-23,0.0002,0.0,-0.02
T10978,Prenatal Screening and Diagnostics,28,1,-27,0.0002,0.0,-0.02
T11814,Advanced Manufacturing and Logistics Optimization,20,9,-11,0.0002,0.0001,-0.01
T12638,Pomegranate: compositions and health benefits,23,6,-17,0.0002,0.0001,-0.01
T14299,Complex Systems and Dynamics,1,28,27,0.0,0.0002,0.02
T10153,"Education, sociology, and vocational training",27,1,-26,0.0002,0.0,-0.02
T12065,Hippo pathway signaling and YAP/TAZ,18,10,-8,0.0002,0.0001,-0.01
T10399,Hydrocarbon exploration and reservoir analysis,22,6,-16,0.0002,0.0001,-0.01
T12875,Thermal Expansion and Ionic Conductivity,16,12,-4,0.0001,0.0001,-0.0
T10920,Advanced Drug Delivery Systems,8,20,12,0.0001,0.0002,0.01
T11357,Risk and Safety Analysis,20,8,-12,0.0002,0.0001,-0.01
T12013,Sustainable Development and Environmental Policy,12,16,4,0.0001,0.0001,0.0
T10573,Power Quality and Harmonics,6,22,16,0.0001,0.0002,0.01
T11615,Control and Dynamics of Mobile Robots,14,14,0,0.0001,0.0001,0.0
T12187,Glutathione Transferases and Polymorphisms,16,12,-4,0.0001,0.0001,-0.0
T10332,Amphibian and Reptile Biology,15,13,-2,0.0001,0.0001,-0.0
T11618,Cholesterol and Lipid Metabolism,10,18,8,0.0001,0.0002,0.01
T12537,Flow Measurement and Analysis,16,12,-4,0.0001,0.0001,-0.0
T11740,Geochemistry and Elemental Analysis,12,16,4,0.0001,0.0001,0.0
T12302,Advanced Nanomaterials in Catalysis,21,7,-14,0.0002,0.0001,-0.01
T10370,Traffic and Road Safety,11,17,6,0.0001,0.0001,0.01
T13984,"Nutrition, Genetics, and Disease",17,11,-6,0.0001,0.0001,-0.01
T10416,Traumatic Brain Injury Research,15,13,-2,0.0001,0.0001,-0.0
T12262,Hate Speech and Cyberbullying Detection,16,12,-4,0.0001,0.0001,-0.0
T12079,IoT Networks and Protocols,14,14,0,0.0001,0.0001,0.0
T10014,Plant Stress Responses and Tolerance,18,10,-8,0.0002,0.0001,-0.01
T10842,Railway Engineering and Dynamics,11,17,6,0.0001,0.0001,0.01
T13654,Urban Planning and Landscape Design,5,23,18,0.0,0.0002,0.02
T12300,Advanced Electrical Measurement Techniques,18,9,-9,0.0002,0.0001,-0.01
T11918,Forecasting Techniques and Applications,13,14,1,0.0001,0.0001,0.0
T11869,Per- and polyfluoroalkyl substances research,14,13,-1,0.0001,0.0001,-0.0
T11984,Anatomy and Medical Technology,11,16,5,0.0001,0.0001,0.0
T12496,Color perception and design,22,5,-17,0.0002,0.0,-0.01
T12797,History of Computing Technologies,18,9,-9,0.0002,0.0001,-0.01
T13910,Computational and Text Analysis Methods,17,10,-7,0.0001,0.0001,-0.01
T12304,Radiative Heat Transfer Studies,12,15,3,0.0001,0.0001,0.0
T10722,Work-Family Balance Challenges,4,23,19,0.0,0.0002,0.02
T12055,Boron Compounds in Chemistry,20,7,-13,0.0002,0.0001,-0.01
T12083,Karst Systems and Hydrogeology,13,14,1,0.0001,0.0001,0.0
T11096,Aeroelasticity and Vibration Control,9,18,9,0.0001,0.0002,0.01
T12321,Insect Pheromone Research and Control,19,8,-11,0.0002,0.0001,-0.01
T11995,"FinTech, Crowdfunding, Digital Finance",14,13,-1,0.0001,0.0001,-0.0
T10898,Environmental Education and Sustainability,15,12,-3,0.0001,0.0001,-0.0
T11435,Polynomial and algebraic computation,18,9,-9,0.0002,0.0001,-0.01
T10109,Paleontology and Stratigraphy of Fossils,12,15,3,0.0001,0.0001,0.0
T10309,Acute Myeloid Leukemia Research,13,14,1,0.0001,0.0001,0.0
T12724,Water-Energy-Food Nexus Studies,25,2,-23,0.0002,0.0,-0.02
T14335,Educational Robotics and Engineering,5,22,17,0.0,0.0002,0.01
T12012,Diatoms and Algae Research,23,4,-19,0.0002,0.0,-0.02
T12898,Induction Heating and Inverter Technology,16,11,-5,0.0001,0.0001,-0.0
T11481,Sulfur Compounds in Biology,14,13,-1,0.0001,0.0001,-0.0
T12200,Heusler alloys: electronic and magnetic properties,20,7,-13,0.0002,0.0001,-0.01
T12505,Peptidase Inhibition and Analysis,24,2,-22,0.0002,0.0,-0.02
T10218,Sepsis Diagnosis and Treatment,12,14,2,0.0001,0.0001,0.0
T13726,International Science and Diplomacy,20,6,-14,0.0002,0.0001,-0.01
T11594,Tree-ring climate responses,16,10,-6,0.0001,0.0001,-0.01
T14475,History of Science and Medicine,5,21,16,0.0,0.0002,0.01
T10938,Phase Change Materials Research,14,12,-2,0.0001,0.0001,-0.0
T10966,Liver physiology and pathology,15,11,-4,0.0001,0.0001,-0.0
T12042,Satellite Communication Systems,16,10,-6,0.0001,0.0001,-0.01
T10816,Cerebrovascular and Carotid Artery Diseases,13,13,0,0.0001,0.0001,0.0
T10731,Educational Games and Gamification,14,12,-2,0.0001,0.0001,-0.0
T10866,Nutritional Studies and Diet,18,8,-10,0.0002,0.0001,-0.01
T14339,Image Processing and 3D Reconstruction,23,3,-20,0.0002,0.0,-0.02
T11026,Occupational and environmental lung diseases,14,12,-2,0.0001,0.0001,-0.0
T10134,Inflammatory Bowel Disease,2,24,22,0.0,0.0002,0.02
T13263,Building energy efficiency and sustainability,0,26,26,0.0,0.0002,0.02
T12850,Field-Flow Fractionation Techniques,13,13,0,0.0001,0.0001,0.0
T11782,Magnetic Properties of Alloys,10,15,5,0.0001,0.0001,0.0
T11908,Protein Interaction Studies and Fluorescence Analysis,12,13,1,0.0001,0.0001,0.0
T12106,Surface Treatment and Residual Stress,9,16,7,0.0001,0.0001,0.01
T11864,Supply Chain Resilience and Risk Management,18,7,-11,0.0002,0.0001,-0.01
T11223,Maritime Ports and Logistics,12,13,1,0.0001,0.0001,0.0
T12893,Organic Chemistry Cycloaddition Reactions,9,16,7,0.0001,0.0001,0.01
T12048,Microencapsulation and Drying Processes,2,23,21,0.0,0.0002,0.02
T10874,Electromagnetic Fields and Biological Effects,12,13,1,0.0001,0.0001,0.0
T13098,Conferences and Exhibitions Management,14,11,-3,0.0001,0.0001,-0.0
T11489,Air Traffic Management and Optimization,7,18,11,0.0001,0.0002,0.01
T12419,Phonocardiography and Auscultation Techniques,13,12,-1,0.0001,0.0001,-0.0
T11914,PARP inhibition in cancer therapy,17,8,-9,0.0001,0.0001,-0.01
T12227,Environmental and Social Impact Assessments,13,12,-1,0.0001,0.0001,-0.0
T11335,Prion Diseases and Protein Misfolding,14,11,-3,0.0001,0.0001,-0.0
T11920,Pulsed Power Technology Applications,8,17,9,0.0001,0.0001,0.01
T14510,Medical Imaging and Analysis,15,10,-5,0.0001,0.0001,-0.0
T10537,Attention Deficit Hyperactivity Disorder,13,12,-1,0.0001,0.0001,-0.0
T11583,Advanced Measurement and Metrology Techniques,18,7,-11,0.0002,0.0001,-0.01
T11328,Ocular Oncology and Treatments,15,10,-5,0.0001,0.0001,-0.0
T13604,"Adsorption, diffusion, and thermodynamic properties of materials",5,20,15,0.0,0.0002,0.01
T10438,"Energy, Environment, Economic Growth",12,13,1,0.0001,0.0001,0.0
T11564,Mathematical Inequalities and Applications,4,21,17,0.0,0.0002,0.01
T10575,Wireless Communication Networks Research,15,10,-5,0.0001,0.0001,-0.0
T11340,Marine Sponges and Natural Products,18,7,-11,0.0002,0.0001,-0.01
T11032,VLSI and Analog Circuit Testing,14,11,-3,0.0001,0.0001,-0.0
T13396,Agriculture and Rural Development Research,24,0,-24,0.0002,0.0,-0.02
T14427,Environmental Monitoring and Data Management,8,16,8,0.0001,0.0001,0.01
T11498,Security in Wireless Sensor Networks,10,14,4,0.0001,0.0001,0.0
T11490,Hydrological Forecasting Using AI,8,16,8,0.0001,0.0001,0.01
T12427,Metal Alloys Wear and Properties,17,7,-10,0.0001,0.0001,-0.01
T14481,Renewable Energy and Sustainability,10,14,4,0.0001,0.0001,0.0
T11073,Metal Extraction and Bioleaching,19,5,-14,0.0002,0.0,-0.01
T11209,Cardiovascular and exercise physiology,11,13,2,0.0001,0.0001,0.0
T10430,Software Engineering Techniques and Practices,4,20,16,0.0,0.0002,0.01
T11227,Diabetic Foot Ulcer Assessment and Management,19,5,-14,0.0002,0.0,-0.01
T12306,Urban and Freight Transport Logistics,13,11,-2,0.0001,0.0001,-0.0
T10202,Lung Cancer Diagnosis and Treatment,16,8,-8,0.0001,0.0001,-0.01
T12061,Axon Guidance and Neuronal Signaling,13,11,-2,0.0001,0.0001,-0.0
T10941,Musicology and Musical Analysis,8,16,8,0.0001,0.0001,0.01
T12528,"IL-33, ST2, and ILC Pathways",13,11,-2,0.0001,0.0001,-0.0
T10734,Information and Cyber Security,13,11,-2,0.0001,0.0001,-0.0
T13619,Geotechnical and Geomechanical Engineering,23,1,-22,0.0002,0.0,-0.02
T13523,"Mathematics, Computing, and Information Processing",22,2,-20,0.0002,0.0,-0.02
T10084,Musculoskeletal pain and rehabilitation,14,10,-4,0.0001,0.0001,-0.0
T11739,Microwave Imaging and Scattering Analysis,19,5,-14,0.0002,0.0,-0.01
T10499,Folate and B Vitamins Research,16,8,-8,0.0001,0.0001,-0.01
T12253,Urban Agriculture and Sustainability,13,11,-2,0.0001,0.0001,-0.0
T12432,Arctic and Russian Policy Studies,14,10,-4,0.0001,0.0001,-0.0
T11112,Viral Infections and Immunology Research,16,8,-8,0.0001,0.0001,-0.01
T11017,Chaos-based Image/Signal Encryption,19,5,-14,0.0002,0.0,-0.01
T12142,Marine Invertebrate Physiology and Ecology,11,12,1,0.0001,0.0001,0.0
T11078,Inflammasome and immune disorders,11,12,1,0.0001,0.0001,0.0
T10526,HIV/AIDS drug development and treatment,12,11,-1,0.0001,0.0001,-0.0
T11748,Organophosphorus compounds synthesis,11,12,1,0.0001,0.0001,0.0
T12442,Thermal Radiation and Cooling Technologies,13,10,-3,0.0001,0.0001,-0.0
T11244,Climate Change and Health Impacts,12,11,-1,0.0001,0.0001,-0.0
T10884,Holomorphic and Operator Theory,17,6,-11,0.0001,0.0001,-0.01
T11845,Cancer therapeutics and mechanisms,17,6,-11,0.0001,0.0001,-0.01
T10525,Human-Automation Interaction and Safety,12,11,-1,0.0001,0.0001,-0.0
T10227,Acute Ischemic Stroke Management,11,12,1,0.0001,0.0001,0.0
T12698,3D Modeling in Geospatial Applications,14,9,-5,0.0001,0.0001,-0.0
T11294,Infant Nutrition and Health,15,8,-7,0.0001,0.0001,-0.01
T10150,Antifungal resistance and susceptibility,12,11,-1,0.0001,0.0001,-0.0
T10517,"Financial Literacy, Pension, Retirement Analysis",10,13,3,0.0001,0.0001,0.0
T13253,Chemical Reactions and Mechanisms,10,13,3,0.0001,0.0001,0.0
T11188,Coagulation and Flocculation Studies,15,8,-7,0.0001,0.0001,-0.01
T13083,Advanced Text Analysis Techniques,14,9,-5,0.0001,0.0001,-0.0
T12122,Physical Unclonable Functions (PUFs) and Hardware Security,15,8,-7,0.0001,0.0001,-0.01
T13126,Scientific Research and Discoveries,19,4,-15,0.0002,0.0,-0.01
T12529,Ga2O3 and related materials,17,6,-11,0.0001,0.0001,-0.01
T10458,Bladder and Urothelial Cancer Treatments,13,10,-3,0.0001,0.0001,-0.0
T10199,Wildlife Ecology and Conservation,10,13,3,0.0001,0.0001,0.0
T12500,Reflective Practices in Education,14,9,-5,0.0001,0.0001,-0.0
T10528,"Adipokines, Inflammation, and Metabolic Diseases",11,12,1,0.0001,0.0001,0.0
T13254,Macrophage Migration Inhibitory Factor,13,9,-4,0.0001,0.0001,-0.0
T10375,Pharmacogenetics and Drug Metabolism,12,10,-2,0.0001,0.0001,-0.0
T12806,Ocean Acidification Effects and Responses,12,10,-2,0.0001,0.0001,-0.0
T12448,Paranormal Experiences and Beliefs,19,3,-16,0.0002,0.0,-0.01
T10549,Neonatal Respiratory Health Research,18,4,-14,0.0002,0.0,-0.01
T11566,Laser Applications in Dentistry and Medicine,14,8,-6,0.0001,0.0001,-0.01
T11565,Thermoelastic and Magnetoelastic Phenomena,10,12,2,0.0001,0.0001,0.0
T10414,Cannabis and Cannabinoid Research,13,9,-4,0.0001,0.0001,-0.0
T13512,Spatial and Cultural Studies,2,20,18,0.0,0.0002,0.02
T13513,Urban and sociocultural dynamics,1,21,20,0.0,0.0002,0.02
T10747,Disaster Management and Resilience,6,16,10,0.0001,0.0001,0.01
T11516,Visual and Cognitive Learning Processes,10,12,2,0.0001,0.0001,0.0
T12169,Non-Destructive Testing Techniques,16,6,-10,0.0001,0.0001,-0.01
T12929,Animal Genetics and Reproduction,19,3,-16,0.0002,0.0,-0.01
T11798,Optimal Experimental Design Methods,7,15,8,0.0001,0.0001,0.01
T11502,Facility Location and Emergency Management,15,7,-8,0.0001,0.0001,-0.01
T11801,Reservoir Engineering and Simulation Methods,21,1,-20,0.0002,0.0,-0.02
T11891,Big Data and Business Intelligence,22,0,-22,0.0002,0.0,-0.02
T11574,Artificial Intelligence in Games,13,9,-4,0.0001,0.0001,-0.0
T13124,Chemical synthesis and alkaloids,22,0,-22,0.0002,0.0,-0.02
T10560,Diabetes Management and Research,10,12,2,0.0001,0.0001,0.0
T10583,Cancer-related Molecular Pathways,15,7,-8,0.0001,0.0001,-0.01
T14146,Earthquake and Tsunami Effects,10,12,2,0.0001,0.0001,0.0
T11132,Psychoanalysis and Psychopathology Research,15,7,-8,0.0001,0.0001,-0.01
T10235,Health disparities and outcomes,14,8,-6,0.0001,0.0001,-0.01
T13344,Industrial Automation and Control Systems,4,18,14,0.0,0.0002,0.01
T11241,Advanced Malware Detection Techniques,20,2,-18,0.0002,0.0,-0.02
T12073,Isotope Analysis in Ecology,17,5,-12,0.0001,0.0,-0.01
T12719,Aerospace Engineering and Energy Systems,12,10,-2,0.0001,0.0001,-0.0
T11757,Seismic Waves and Analysis,16,6,-10,0.0001,0.0001,-0.01
T10294,Cell death mechanisms and regulation,8,14,6,0.0001,0.0001,0.01
T11370,Mobile Learning in Education,13,9,-4,0.0001,0.0001,-0.0
T11025,Nonlinear Optical Materials Research,13,9,-4,0.0001,0.0001,-0.0
T12080,Injection Molding Process and Properties,6,16,10,0.0001,0.0001,0.01
T10832,Pituitary Gland Disorders and Treatments,11,11,0,0.0001,0.0001,0.0
T11561,Protein Hydrolysis and Bioactive Peptides,13,9,-4,0.0001,0.0001,-0.0
T12143,Place Attachment and Urban Studies,5,17,12,0.0,0.0001,0.01
T12009,Hedgehog Signaling Pathway Studies,11,10,-1,0.0001,0.0001,-0.0
T12074,Membrane-based Ion Separation Techniques,12,9,-3,0.0001,0.0001,-0.0
T12746,Sustainable Industrial Ecology,16,5,-11,0.0001,0.0,-0.01
T12449,Spacecraft Design and Technology,13,8,-5,0.0001,0.0001,-0.0
T11405,Geophysics and Gravity Measurements,17,4,-13,0.0001,0.0,-0.01
T12677,Sports Dynamics and Biomechanics,12,9,-3,0.0001,0.0001,-0.0
T10387,Fatty Acid Research and Health,8,13,5,0.0001,0.0001,0.0
T12932,Powder Metallurgy Techniques and Materials,11,10,-1,0.0001,0.0001,-0.0
T11131,Proteoglycans and glycosaminoglycans research,15,6,-9,0.0001,0.0001,-0.01
T10507,Biodiesel Production and Applications,13,8,-5,0.0001,0.0001,-0.0
T12702,Brain Tumor Detection and Classification,13,8,-5,0.0001,0.0001,-0.0
T11067,Colorectal Cancer Treatments and Studies,9,12,3,0.0001,0.0001,0.0
T11375,Geotechnical Engineering and Soil Stabilization,12,9,-3,0.0001,0.0001,-0.0
T10146,Cervical Cancer and HPV Research,12,9,-3,0.0001,0.0001,-0.0
T10072,Science Education and Pedagogy,6,15,9,0.0001,0.0001,0.01
T13362,Slime Mold and Myxomycetes Research,16,5,-11,0.0001,0.0,-0.01
T12070,Writing and Handwriting Education,13,8,-5,0.0001,0.0001,-0.0
T12946,Fractal and DNA sequence analysis,15,6,-9,0.0001,0.0001,-0.01
T11410,Cultural Industries and Urban Development,12,9,-3,0.0001,0.0001,-0.0
T11399,Muscle metabolism and nutrition,17,4,-13,0.0001,0.0,-0.01
T14293,Biotechnology and Related Fields,11,10,-1,0.0001,0.0001,-0.0
T13012,Coenzyme Q10 studies and effects,12,9,-3,0.0001,0.0001,-0.0
T12495,Electrostatic Discharge in Electronics,15,6,-9,0.0001,0.0001,-0.01
T10316,Sleep and related disorders,6,15,9,0.0001,0.0001,0.01
T12477,Toxin Mechanisms and Immunotoxins,7,14,7,0.0001,0.0001,0.01
T11204,Ion Channels and Receptors,11,10,-1,0.0001,0.0001,-0.0
T14509,demographic modeling and climate adaptation,13,8,-5,0.0001,0.0001,-0.0
T12653,Cyclization and Aryne Chemistry,10,11,1,0.0001,0.0001,0.0
T11232,Urinary Tract Infections Management,11,10,-1,0.0001,0.0001,-0.0
T12729,Tree Root and Stability Studies,10,11,1,0.0001,0.0001,0.0
T14414,Artificial Intelligence in Education,2,19,17,0.0,0.0002,0.01
T13414,Radioactive Decay and Measurement Techniques,10,11,1,0.0001,0.0001,0.0
T12524,Chemical Synthesis and Characterization,20,1,-19,0.0002,0.0,-0.02
T10504,Sensorless Control of Electric Motors,5,16,11,0.0,0.0001,0.01
T10543,Prostate Cancer Treatment and Research,10,10,0,0.0001,0.0001,0.0
T11621,Fiscal Policies and Political Economy,11,9,-2,0.0001,0.0001,-0.0
T11835,Sustainability in Higher Education,12,8,-4,0.0001,0.0001,-0.0
T10915,Trace Elements in Health,16,4,-12,0.0001,0.0,-0.01
T12286,Erythrocyte Function and Pathophysiology,19,1,-18,0.0002,0.0,-0.02
T12953,Critical Realism in Sociology,18,2,-16,0.0002,0.0,-0.01
T11423,Pesticide Residue Analysis and Safety,12,8,-4,0.0001,0.0001,-0.0
T11347,Neural Networks Stability and Synchronization,18,2,-16,0.0002,0.0,-0.01
T11856,Thermography and Photoacoustic Techniques,14,6,-8,0.0001,0.0001,-0.01
T11570,Periodontal Regeneration and Treatments,16,4,-12,0.0001,0.0,-0.01
T11368,Long-Term Effects of COVID-19,9,11,2,0.0001,0.0001,0.0
T11217,Cardiac Arrhythmias and Treatments,7,13,6,0.0001,0.0001,0.01
T14184,Metallurgy and Material Science,3,17,14,0.0,0.0001,0.01
T13232,Laser-Ablation Synthesis of Nanoparticles,14,6,-8,0.0001,0.0001,-0.01
T10563,Corneal surgery and disorders,9,11,2,0.0001,0.0001,0.0
T12140,Renal and related cancers,17,3,-14,0.0001,0.0,-0.01
T10162,Online and Blended Learning,5,15,10,0.0,0.0001,0.01
T10970,Team Dynamics and Performance,11,9,-2,0.0001,0.0001,-0.0
T11396,Artificial Intelligence in Healthcare,8,12,4,0.0001,0.0001,0.0
T10128,Global trade and economics,12,8,-4,0.0001,0.0001,-0.0
T11972,Chromium effects and bioremediation,12,8,-4,0.0001,0.0001,-0.0
T14393,"Health, Environment, Cognitive Aging",15,5,-10,0.0001,0.0,-0.01
T13553,Age of Information Optimization,11,9,-2,0.0001,0.0001,-0.0
T12659,Innovation Diffusion and Forecasting,12,8,-4,0.0001,0.0001,-0.0
T12549,Image and Object Detection Techniques,11,9,-2,0.0001,0.0001,-0.0
T11821,Odor and Emission Control Technologies,18,2,-16,0.0002,0.0,-0.01
T10724,Ion Transport and Channel Regulation,13,7,-6,0.0001,0.0001,-0.01
T10459,Sexual function and dysfunction studies,9,11,2,0.0001,0.0001,0.0
T10116,Sperm and Testicular Function,8,12,4,0.0001,0.0001,0.0
T14186,Healthcare Systems and Practices,18,2,-16,0.0002,0.0,-0.01
T11095,Emergency and Acute Care Studies,9,11,2,0.0001,0.0001,0.0
T10918,Memory Processes and Influences,2,18,16,0.0,0.0002,0.01
T11572,Information Technology Governance and Strategy,6,14,8,0.0001,0.0001,0.01
T12648,Academic Writing and Publishing,10,10,0,0.0001,0.0001,0.0
T11071,Treatment of Major Depression,2,18,16,0.0,0.0002,0.01
T13129,Material Properties and Applications,20,0,-20,0.0002,0.0,-0.02
T11674,Sports Analytics and Performance,13,6,-7,0.0001,0.0001,-0.01
T12786,Innovation and Socioeconomic Development,12,7,-5,0.0001,0.0001,-0.0
T12005,Spaceflight effects on biology,13,6,-7,0.0001,0.0001,-0.01
T12650,Aesthetic Perception and Analysis,14,5,-9,0.0001,0.0,-0.01
T11770,Fiscal Policy and Economic Growth,18,1,-17,0.0002,0.0,-0.01
T13402,Business Strategy and Innovation,14,5,-9,0.0001,0.0,-0.01
T12420,Silicone and Siloxane Chemistry,10,9,-1,0.0001,0.0001,-0.0
T12717,Space exploration and regulation,9,10,1,0.0001,0.0001,0.0
T10231,Pancreatic and Hepatic Oncology Research,11,8,-3,0.0001,0.0001,-0.0
T10723,Advanced Welding Techniques Analysis,8,11,3,0.0001,0.0001,0.0
T10455,Foot and Ankle Surgery,10,9,-1,0.0001,0.0001,-0.0
T10708,Mindfulness and Compassion Interventions,7,12,5,0.0001,0.0001,0.0
T10395,Construction Project Management and Performance,8,11,3,0.0001,0.0001,0.0
T12282,Mineral Processing and Grinding,9,10,1,0.0001,0.0001,0.0
T12331,Hereditary Neurological Disorders,9,10,1,0.0001,0.0001,0.0
T11600,Brain Metastases and Treatment,10,9,-1,0.0001,0.0001,-0.0
T13033,Social Sciences and Governance,19,0,-19,0.0002,0.0,-0.02
T12416,Polymer Nanocomposite Synthesis and Irradiation,8,11,3,0.0001,0.0001,0.0
T10359,Dental Implant Techniques and Outcomes,9,10,1,0.0001,0.0001,0.0
T10618,Aortic Disease and Treatment Approaches,8,11,3,0.0001,0.0001,0.0
T13772,Geomechanics and Mining Engineering,10,9,-1,0.0001,0.0001,-0.0
T11595,Textile materials and evaluations,19,0,-19,0.0002,0.0,-0.02
T13282,Automated Road and Building Extraction,9,10,1,0.0001,0.0001,0.0
T10579,Cognitive Radio Networks and Spectrum Sensing,8,11,3,0.0001,0.0001,0.0
T12118,Forest Biomass Utilization and Management,9,10,1,0.0001,0.0001,0.0
T12271,Renewable energy and sustainable power systems,5,14,9,0.0,0.0001,0.01
T12458,Organometallic Compounds Synthesis and Characterization,12,7,-5,0.0001,0.0001,-0.0
T10936,Millimeter-Wave Propagation and Modeling,10,9,-1,0.0001,0.0001,-0.0
T12019,Calibration and Measurement Techniques,13,6,-7,0.0001,0.0001,-0.01
T10274,Synthesis and biological activity,5,14,9,0.0,0.0001,0.01
T12128,AI in Service Interactions,15,4,-11,0.0001,0.0,-0.01
T11917,"Coagulation, Bradykinin, Polyphosphates, and Angioedema",12,7,-5,0.0001,0.0001,-0.0
T12238,Green IT and Sustainability,12,7,-5,0.0001,0.0001,-0.0
T12077,Vacuum and Plasma Arcs,5,14,9,0.0,0.0001,0.01
T11373,Sleep and Work-Related Fatigue,11,8,-3,0.0001,0.0001,-0.0
T13160,Synthesis and Biological Evaluation,16,3,-13,0.0001,0.0,-0.01
T10491,Enhanced Oil Recovery Techniques,13,6,-7,0.0001,0.0001,-0.01
T12129,Global Energy Security and Policy,10,9,-1,0.0001,0.0001,-0.0
T11817,"Housing, Finance, and Neoliberalism",15,3,-12,0.0001,0.0,-0.01
T11082,Spacecraft Dynamics and Control,9,9,0,0.0001,0.0001,0.0
T11584,Biochemical Analysis and Sensing Techniques,12,6,-6,0.0001,0.0001,-0.01
T11644,Spam and Phishing Detection,11,7,-4,0.0001,0.0001,-0.0
T10498,Migraine and Headache Studies,8,10,2,0.0001,0.0001,0.0
T13200,Spacecraft and Cryogenic Technologies,17,1,-16,0.0001,0.0,-0.01
T12259,Environmental Justice and Health Disparities,9,9,0,0.0001,0.0001,0.0
T12697,Water Quality Monitoring Technologies,13,5,-8,0.0001,0.0,-0.01
T10943,Escherichia coli research studies,7,11,4,0.0001,0.0001,0.0
T12186,Phosphorus and nutrient management,10,8,-2,0.0001,0.0001,-0.0
T12071,Marine Biology and Environmental Chemistry,9,9,0,0.0001,0.0001,0.0
T11509,Hip and Femur Fractures,10,8,-2,0.0001,0.0001,-0.0
T12105,Hygrothermal properties of building materials,8,10,2,0.0001,0.0001,0.0
T11446,Mobile Health and mHealth Applications,8,10,2,0.0001,0.0001,0.0
T11807,Infrastructure Resilience and Vulnerability Analysis,7,11,4,0.0001,0.0001,0.0
T10035,Phytochemicals and Antioxidant Activities,8,10,2,0.0001,0.0001,0.0
T13286,Modeling and Simulation Systems,7,11,4,0.0001,0.0001,0.0
T12618,Botany and Plant Ecology Studies,13,5,-8,0.0001,0.0,-0.01
T10658,Bone fractures and treatments,5,13,8,0.0,0.0001,0.01
T11136,Enzyme-mediated dye degradation,12,6,-6,0.0001,0.0001,-0.01
T12996,Cancer Research and Treatments,15,3,-12,0.0001,0.0,-0.01
T12163,Aerosol Filtration and Electrostatic Precipitation,10,8,-2,0.0001,0.0001,-0.0
T10646,Experimental Behavioral Economics Studies,14,4,-10,0.0001,0.0,-0.01
T10665,Cystic Fibrosis Research Advances,12,6,-6,0.0001,0.0001,-0.01
T11651,Inhalation and Respiratory Drug Delivery,10,8,-2,0.0001,0.0001,-0.0
T13240,Bioeconomy and Sustainability Development,6,12,6,0.0001,0.0001,0.01
T12007,Plasma and Flow Control in Aerodynamics,9,9,0,0.0001,0.0001,0.0
T11880,Forest ecology and management,8,10,2,0.0001,0.0001,0.0
T11698,Underwater Acoustics Research,11,7,-4,0.0001,0.0001,-0.0
T13638,Human auditory perception and evaluation,18,0,-18,0.0002,0.0,-0.02
T10557,Social Media and Politics,12,6,-6,0.0001,0.0001,-0.01
T11488,Climate Change Communication and Perception,11,7,-4,0.0001,0.0001,-0.0
T12688,Microbial metabolism and enzyme function,11,6,-5,0.0001,0.0001,-0.0
T12594,Collaboration in agile enterprises,10,7,-3,0.0001,0.0001,-0.0
T12078,Environmental remediation with nanomaterials,10,7,-3,0.0001,0.0001,-0.0
T12703,Oil Palm Production and Sustainability,9,8,-1,0.0001,0.0001,-0.0
T13182,Quantum-Dot Cellular Automata,16,1,-15,0.0001,0.0,-0.01
T12854,Neurology and Historical Studies,8,9,1,0.0001,0.0001,0.0
T10550,Ovarian cancer diagnosis and treatment,6,11,5,0.0001,0.0001,0.0
T10060,Smoking Behavior and Cessation,6,11,5,0.0001,0.0001,0.0
T11360,Flame retardant materials and properties,13,4,-9,0.0001,0.0,-0.01
T10946,Radioactivity and Radon Measurements,10,7,-3,0.0001,0.0001,-0.0
T10863,Voice and Speech Disorders,8,9,1,0.0001,0.0001,0.0
T12973,Synthesis of Indole Derivatives,4,13,9,0.0,0.0001,0.01
T10433,Carcinogens and Genotoxicity Assessment,4,13,9,0.0,0.0001,0.01
T11077,Genetic and Clinical Aspects of Sex Determination and Chromosomal Abnormalities,12,5,-7,0.0001,0.0,-0.01
T11624,Constructed Wetlands for Wastewater Treatment,9,8,-1,0.0001,0.0001,-0.0
T10837,Dermatology and Skin Diseases,11,6,-5,0.0001,0.0001,-0.0
T11369,Genetic factors in colorectal cancer,13,4,-9,0.0001,0.0,-0.01
T11133,UAV Applications and Optimization,12,5,-7,0.0001,0.0,-0.01
T11634,Water Quality and Pollution Assessment,11,6,-5,0.0001,0.0001,-0.0
T11503,Cytokine Signaling Pathways and Interactions,9,8,-1,0.0001,0.0001,-0.0
T10296,Vector-borne infectious diseases,9,8,-1,0.0001,0.0001,-0.0
T10877,Allergic Rhinitis and Sensitization,11,6,-5,0.0001,0.0001,-0.0
T13904,Artificial Intelligence Applications,2,15,13,0.0,0.0001,0.01
T11645,"Urban, Neighborhood, and Segregation Studies",13,4,-9,0.0001,0.0,-0.01
T14138,Life Cycle Costing Analysis,7,10,3,0.0001,0.0001,0.0
T12207,Assistive Technology in Communication and Mobility,5,12,7,0.0,0.0001,0.01
T11505,Reproductive biology and impacts on aquatic species,10,7,-3,0.0001,0.0001,-0.0
T13247,Local Governance and Planning,0,17,17,0.0,0.0001,0.01
T10935,Endometriosis Research and Treatment,9,8,-1,0.0001,0.0001,-0.0
T10392,Cutaneous Melanoma Detection and Management,8,9,1,0.0001,0.0001,0.0
T12827,Biochemical and Molecular Research,10,7,-3,0.0001,0.0001,-0.0
T10645,Cardiac Arrest and Resuscitation,9,8,-1,0.0001,0.0001,-0.0
T10931,Direction-of-Arrival Estimation Techniques,6,11,5,0.0001,0.0001,0.0
T12281,Animal testing and alternatives,5,12,7,0.0,0.0001,0.01
T11474,Sport and Mega-Event Impacts,10,6,-4,0.0001,0.0001,-0.0
T12740,Gait Recognition and Analysis,8,8,0,0.0001,0.0001,0.0
T12620,Signaling Pathways in Disease,12,4,-8,0.0001,0.0,-0.01
T12672,Phagocytosis and Immune Regulation,12,4,-8,0.0001,0.0,-0.01
T10279,Urinary Bladder and Prostate Research,9,7,-2,0.0001,0.0001,-0.0
T11650,Skin and Cellular Biology Research,9,7,-2,0.0001,0.0001,-0.0
T12770,Amino Acid Enzymes and Metabolism,12,4,-8,0.0001,0.0,-0.01
T11936,Chemical and Physical Properties in Aqueous Solutions,8,8,0,0.0001,0.0001,0.0
T11672,Recycling and utilization of industrial and municipal waste in materials production,6,10,4,0.0001,0.0001,0.0
T10488,Nanocomposite Films for Food Packaging,7,9,2,0.0001,0.0001,0.0
T10950,Acute Lymphoblastic Leukemia research,5,11,6,0.0,0.0001,0.01
T11402,Vascular Malformations Diagnosis and Treatment,9,7,-2,0.0001,0.0001,-0.0
T12273,Latin American Urban Studies,6,10,4,0.0001,0.0001,0.0
T10397,Nutrition and Health in Aging,10,6,-4,0.0001,0.0001,-0.0
T11218,Hip disorders and treatments,9,7,-2,0.0001,0.0001,-0.0
T13194,ICT in Developing Communities,12,4,-8,0.0001,0.0,-0.01
T11462,Museums and Cultural Heritage,5,11,6,0.0,0.0001,0.01
T10754,Neuroendocrine Tumor Research Advances,8,8,0,0.0001,0.0001,0.0
T12604,Glycogen Storage Diseases and Myoclonus,11,5,-6,0.0001,0.0,-0.01
T13429,Electricity Theft Detection Techniques,9,7,-2,0.0001,0.0001,-0.0
T10234,Obstructive Sleep Apnea Research,9,7,-2,0.0001,0.0001,-0.0
T11463,Classical Philosophy and Thought,14,2,-12,0.0001,0.0,-0.01
T13656,"Science, Research, and Medicine",10,6,-4,0.0001,0.0001,-0.0
T11049,Advanced Harmonic Analysis Research,9,7,-2,0.0001,0.0001,-0.0
T11526,Innovative Teaching Methods,12,4,-8,0.0001,0.0,-0.01
T11641,Insect and Pesticide Research,16,0,-16,0.0001,0.0,-0.01
T10043,Substance Abuse Treatment and Outcomes,6,10,4,0.0001,0.0001,0.0
T11137,Historical Philosophy and Science,7,9,2,0.0001,0.0001,0.0
T10365,Gastrointestinal motility and disorders,5,11,6,0.0,0.0001,0.01
T10506,Aquaculture disease management and microbiota,10,6,-4,0.0001,0.0001,-0.0
T10746,Platelet Disorders and Treatments,8,8,0,0.0001,0.0001,0.0
T12386,Advanced X-ray and CT Imaging,13,3,-10,0.0001,0.0,-0.01
T12093,Greenhouse Technology and Climate Control,11,5,-6,0.0001,0.0,-0.01
T12119,Linguistics and Discourse Analysis,14,2,-12,0.0001,0.0,-0.01
T11800,User Authentication and Security Systems,10,6,-4,0.0001,0.0001,-0.0
T14423,Military Technology and Strategies,15,1,-14,0.0001,0.0,-0.01
T10411,Proteins in Food Systems,10,6,-4,0.0001,0.0001,-0.0
T11062,Gear and Bearing Dynamics Analysis,10,5,-5,0.0001,0.0,-0.0
T13490,Aquatic Ecosystems and Biodiversity,11,4,-7,0.0001,0.0,-0.01
T11875,Statistics Education and Methodologies,9,6,-3,0.0001,0.0001,-0.0
T11428,Advanced Mathematical Identities,5,10,5,0.0,0.0001,0.0
T13151,Business Strategies and Innovation,4,11,7,0.0,0.0001,0.01
T10659,Marine animal studies overview,9,6,-3,0.0001,0.0001,-0.0
T12761,Data Stream Mining Techniques,13,2,-11,0.0001,0.0,-0.01
T12139,Advanced Thermodynamic Systems and Engines,7,8,1,0.0001,0.0001,0.0
T10185,Lymphoma Diagnosis and Treatment,4,11,7,0.0,0.0001,0.01
T13146,Sustainable Finance and Green Bonds,3,12,9,0.0,0.0001,0.01
T13249,Dielectric properties of ceramics,7,8,1,0.0001,0.0001,0.0
T11547,Sesquiterpenes and Asteraceae Studies,5,10,5,0.0,0.0001,0.0
T11648,"Diaspora, migration, transnational identity",1,14,13,0.0,0.0001,0.01
T11401,Minerals Flotation and Separation Techniques,8,7,-1,0.0001,0.0001,-0.0
T13622,Historical and Environmental Studies,13,2,-11,0.0001,0.0,-0.01
T11604,Ship Hydrodynamics and Maneuverability,6,9,3,0.0001,0.0001,0.0
T10804,"Health Systems, Economic Evaluations, Quality of Life",10,5,-5,0.0001,0.0,-0.0
T11363,Dental Radiography and Imaging,7,8,1,0.0001,0.0001,0.0
T13067,Geological Modeling and Analysis,11,4,-7,0.0001,0.0,-0.01
T12745,Dietary Effects on Health,8,7,-1,0.0001,0.0001,-0.0
T11786,Geomagnetism and Paleomagnetism Studies,12,3,-9,0.0001,0.0,-0.01
T11219,Bone Metabolism and Diseases,9,6,-3,0.0001,0.0001,-0.0
T11161,Consumer Market Behavior and Pricing,12,3,-9,0.0001,0.0,-0.01
T11487,Automotive and Human Injury Biomechanics,7,8,1,0.0001,0.0001,0.0
T10076,Plant-Microbe Interactions and Immunity,5,10,5,0.0,0.0001,0.0
T12023,Cholinesterase and Neurodegenerative Diseases,14,1,-13,0.0001,0.0,-0.01
T11455,Microbial Inactivation Methods,6,9,3,0.0001,0.0001,0.0
T11247,Plant nutrient uptake and metabolism,12,3,-9,0.0001,0.0,-0.01
T14270,Simulation and Modeling Applications,6,9,3,0.0001,0.0001,0.0
T12791,Full-Duplex Wireless Communications,9,6,-3,0.0001,0.0001,-0.0
T12081,Aerodynamics and Fluid Dynamics Research,11,4,-7,0.0001,0.0,-0.01
T11135,Virology and Viral Diseases,6,9,3,0.0001,0.0001,0.0
T10643,Marine and coastal plant biology,11,4,-7,0.0001,0.0,-0.01
T13364,"Digitalization, Law, and Regulation",2,13,11,0.0,0.0001,0.01
T13092,Environmental Chemistry and Analysis,9,6,-3,0.0001,0.0001,-0.0
T11775,COVID-19 diagnosis using AI,10,5,-5,0.0001,0.0,-0.0
T10108,Electoral Systems and Political Participation,7,8,1,0.0001,0.0001,0.0
T13093,Electric Power Systems and Control,4,11,7,0.0,0.0001,0.01
T14099,Synthesis and Characterization of Heterocyclic Compounds,7,8,1,0.0001,0.0001,0.0
T11952,Landfill Environmental Impact Studies,5,10,5,0.0,0.0001,0.0
T12763,ATP Synthase and ATPases Research,9,6,-3,0.0001,0.0001,-0.0
T12171,Open Education and E-Learning,9,6,-3,0.0001,0.0001,-0.0
T11657,Digital and Traditional Archives Management,4,11,7,0.0,0.0001,0.01
T13157,Cancer-related gene regulation,15,0,-15,0.0001,0.0,-0.01
T13312,Mechanical and Thermal Properties Analysis,5,10,5,0.0,0.0001,0.0
T10699,Primate Behavior and Ecology,9,6,-3,0.0001,0.0001,-0.0
T11404,Irrigation Practices and Water Management,7,8,1,0.0001,0.0001,0.0
T10135,Insect-Plant Interactions and Control,7,8,1,0.0001,0.0001,0.0
T10143,Chronic Obstructive Pulmonary Disease (COPD) Research,6,9,3,0.0001,0.0001,0.0
T10769,BRCA gene mutations in cancer,6,8,2,0.0001,0.0001,0.0
T11962,Cardiac Fibrosis and Remodeling,10,4,-6,0.0001,0.0,-0.01
T10880,Environmental Sustainability in Business,7,7,0,0.0001,0.0001,0.0
T13171,Polymer Science and PVC,7,7,0,0.0001,0.0001,0.0
T12168,Health and Medical Research Impacts,12,2,-10,0.0001,0.0,-0.01
T14470,Advanced Data Processing Techniques,14,0,-14,0.0001,0.0,-0.01
T11827,Polyomavirus and related diseases,8,6,-2,0.0001,0.0001,-0.0
T13596,"Grouting, Rheology, and Soil Mechanics",12,2,-10,0.0001,0.0,-0.01
T10300,Congenital Heart Disease Studies,6,8,2,0.0001,0.0001,0.0
T12276,Risk Management in Financial Firms,11,3,-8,0.0001,0.0,-0.01
T11310,Connective tissue disorders research,10,4,-6,0.0001,0.0,-0.01
T13298,Solar Energy Systems and Technologies,2,12,10,0.0,0.0001,0.01
T10778,Philosophy and History of Science,10,4,-6,0.0001,0.0,-0.01
T11155,Toxoplasma gondii Research Studies,8,6,-2,0.0001,0.0001,-0.0
T12232,"Yersinia bacterium, plague, ectoparasites research",10,4,-6,0.0001,0.0,-0.01
T11940,Layered Double Hydroxides Synthesis and Applications,11,3,-8,0.0001,0.0,-0.01
T12621,Hemispheric Asymmetry in Neuroscience,6,8,2,0.0001,0.0001,0.0
T12836,History and Developments in Astronomy,11,3,-8,0.0001,0.0,-0.01
T12783,"Migration, Aging, and Tourism Studies",8,6,-2,0.0001,0.0001,-0.0
T12097,Aquatic Invertebrate Ecology and Behavior,12,2,-10,0.0001,0.0,-0.01
T13706,Management and Optimization Techniques,2,12,10,0.0,0.0001,0.01
T13252,Sex and Gender in Healthcare,7,7,0,0.0001,0.0001,0.0
T11118,Evolutionary Psychology and Human Behavior,8,6,-2,0.0001,0.0001,-0.0
T13188,Synthesis and bioactivity of alkaloids,7,7,0,0.0001,0.0001,0.0
T13856,Advanced Power Generation Technologies,4,10,6,0.0,0.0001,0.01
T11931,Organoselenium and organotellurium chemistry,2,12,10,0.0,0.0001,0.01
T10141,Probiotics and Fermented Foods,10,4,-6,0.0001,0.0,-0.01
T12856,Transgenic Plants and Applications,13,1,-12,0.0001,0.0,-0.01
T11599,Aviation Industry Analysis and Trends,7,7,0,0.0001,0.0001,0.0
T10355,Impact of Technology on Adolescents,10,3,-7,0.0001,0.0,-0.01
T12930,Biomedical and Chemical Research,13,0,-13,0.0001,0.0,-0.01
T11924,Polyamine Metabolism and Applications,10,3,-7,0.0001,0.0,-0.01
T11492,Academic integrity and plagiarism,4,9,5,0.0,0.0001,0.0
T12467,Rangeland Management and Livestock Ecology,9,4,-5,0.0001,0.0,-0.0
T12497,Traditional and Medicinal Uses of Annonaceae,9,4,-5,0.0001,0.0,-0.0
T12231,Contemporary Sociological Theory and Practice,3,10,7,0.0,0.0001,0.01
T12853,Historical Geography and Geographical Thought,3,10,7,0.0,0.0001,0.01
T14379,Diverse Cultural and Historical Studies,13,0,-13,0.0001,0.0,-0.01
T10881,Blood Coagulation and Thrombosis Mechanisms,8,5,-3,0.0001,0.0,-0.0
T10805,Vehicle Dynamics and Control Systems,6,7,1,0.0001,0.0001,0.0
T11013,Skin Protection and Aging,6,7,1,0.0001,0.0001,0.0
T11573,Risk Perception and Management,4,9,5,0.0,0.0001,0.0
T12256,Facilities and Workplace Management,4,9,5,0.0,0.0001,0.0
T13505,Apelin-related biomedical research,9,4,-5,0.0001,0.0,-0.0
T11882,Plant biochemistry and biosynthesis,8,5,-3,0.0001,0.0,-0.0
T13308,Cybernetics and Technology in Society,2,11,9,0.0,0.0001,0.01
T13889,Advanced Materials and Semiconductor Technologies,1,12,11,0.0,0.0001,0.01
T14002,"Art, Technology, and Culture",1,12,11,0.0,0.0001,0.01
T13133,Architecture and Art History Studies,10,3,-7,0.0001,0.0,-0.01
T13793,Environmental and Analytical Chemistry Studies,0,13,13,0.0,0.0001,0.01
T14508,Vocational Education and Training,3,10,7,0.0,0.0001,0.01
T12192,Polysaccharides Composition and Applications,4,9,5,0.0,0.0001,0.0
T11617,Enzyme Production and Characterization,7,6,-1,0.0001,0.0001,-0.0
T11519,Digital Mental Health Interventions,9,4,-5,0.0001,0.0,-0.0
T11008,Aerodynamics and Acoustics in Jet Flows,8,5,-3,0.0001,0.0,-0.0
T12906,Surgical Sutures and Adhesives,5,8,3,0.0,0.0001,0.0
T13107,Congenital limb and hand anomalies,7,6,-1,0.0001,0.0001,-0.0
T14318,Polydiacetylene-based materials and applications,9,4,-5,0.0001,0.0,-0.0
T11923,Mine drainage and remediation techniques,11,2,-9,0.0001,0.0,-0.01
T12801,Bluetooth and Wireless Communication Technologies,8,5,-3,0.0001,0.0,-0.0
T14163,Astronomical Observations and Instrumentation,11,2,-9,0.0001,0.0,-0.01
T11777,Fixed Point Theorems Analysis,5,8,3,0.0,0.0001,0.0
T11524,Advanced Aircraft Design and Technologies,8,5,-3,0.0001,0.0,-0.0
T12971,Material Properties and Processing,10,3,-7,0.0001,0.0,-0.01
T11193,Adenosine and Purinergic Signaling,9,4,-5,0.0001,0.0,-0.0
T13415,Calcium signaling and nucleotide metabolism,11,2,-9,0.0001,0.0,-0.01
T11288,Clostridium difficile and Clostridium perfringens research,9,4,-5,0.0001,0.0,-0.0
T11510,Reproductive System and Pregnancy,9,4,-5,0.0001,0.0,-0.0
T12813,Plant and Biological Electrophysiology Studies,13,0,-13,0.0001,0.0,-0.01
T11539,Survey Methodology and Nonresponse,4,9,5,0.0,0.0001,0.0
T10556,Global Cancer Incidence and Screening,5,8,3,0.0,0.0001,0.0
T10381,Ophthalmology and Visual Impairment Studies,9,4,-5,0.0001,0.0,-0.0
T10538,Data Mining Algorithms and Applications,12,1,-11,0.0001,0.0,-0.01
T14280,Big Data Technologies and Applications,4,9,5,0.0,0.0001,0.0
T11171,Diabetes and associated disorders,8,4,-4,0.0001,0.0,-0.0
T11343,Power Transformer Diagnostics and Insulation,9,3,-6,0.0001,0.0,-0.01
T11142,Advanced Glycation End Products research,9,3,-6,0.0001,0.0,-0.01
T10801,Synthetic Aperture Radar (SAR) Applications and Techniques,7,5,-2,0.0001,0.0,-0.0
T12804,Thermal Analysis in Power Transmission,12,0,-12,0.0001,0.0,-0.01
T10240,Plant tissue culture and regeneration,7,5,-2,0.0001,0.0,-0.0
T12287,Fibroblast Growth Factor Research,7,5,-2,0.0001,0.0,-0.0
T12516,Advanced Mathematical Theories and Applications,12,0,-12,0.0001,0.0,-0.01
T12789,Planarian Biology and Electrostimulation,6,6,0,0.0001,0.0001,0.0
T12794,Adaptive Dynamic Programming Control,6,6,0,0.0001,0.0001,0.0
T10307,Head and Neck Cancer Studies,5,7,2,0.0,0.0001,0.0
T10882,Cardiomyopathy and Myosin Studies,6,6,0,0.0001,0.0001,0.0
T12468,Radiation Effects and Dosimetry,1,11,10,0.0,0.0001,0.01
T13454,Phenothiazines and Benzothiazines Synthesis and Activities,7,5,-2,0.0001,0.0,-0.0
T12349,Food Chemistry and Fat Analysis,5,7,2,0.0,0.0001,0.0
T10216,"Migration, Refugees, and Integration",2,10,8,0.0,0.0001,0.01
T10340,Hepatitis B Virus Studies,7,5,-2,0.0001,0.0,-0.0
T12025,Hepatitis Viruses Studies and Epidemiology,6,6,0,0.0001,0.0001,0.0
T11833,Spinal Dysraphism and Malformations,7,5,-2,0.0001,0.0,-0.0
T11885,MRI in cancer diagnosis,8,4,-4,0.0001,0.0,-0.0
T13209,Cold Fusion and Nuclear Reactions,10,2,-8,0.0001,0.0,-0.01
T11058,Ethics in Business and Education,7,5,-2,0.0001,0.0,-0.0
T11433,Emotional Intelligence and Performance,9,3,-6,0.0001,0.0,-0.01
T12506,Nuclear materials and radiation effects,11,1,-10,0.0001,0.0,-0.01
T14147,Innovative Approaches in Technology and Social Development,11,1,-10,0.0001,0.0,-0.01
T11055,Cardiac and Coronary Surgery Techniques,5,7,2,0.0,0.0001,0.0
T11157,Chronic Lymphocytic Leukemia Research,8,4,-4,0.0001,0.0,-0.0
T12546,Smart Parking Systems Research,11,1,-10,0.0001,0.0,-0.01
T12195,Aerogels and thermal insulation,8,4,-4,0.0001,0.0,-0.0
T12553,Psychedelics and Drug Studies,7,5,-2,0.0001,0.0,-0.0
T11756,Mentoring and Academic Development,6,6,0,0.0001,0.0001,0.0
T13102,Soil and Environmental Studies,1,11,10,0.0,0.0001,0.01
T10825,Plant Pathogens and Fungal Diseases,8,4,-4,0.0001,0.0,-0.0
T11040,Personality Traits and Psychology,8,4,-4,0.0001,0.0,-0.0
T13394,"Ecology, Conservation, and Geographical Studies",11,1,-10,0.0001,0.0,-0.01
T12028,Knowledge Management and Sharing,6,6,0,0.0001,0.0001,0.0
T12941,Embedded Systems and FPGA Design,0,12,12,0.0,0.0001,0.01
T10467,Psychometric Methodologies and Testing,4,8,4,0.0,0.0001,0.0
T10755,HER2/EGFR in Cancer Research,5,7,2,0.0,0.0001,0.0
T14306,Technology Assessment and Management,9,3,-6,0.0001,0.0,-0.01
T11597,"Neutrophil, Myeloperoxidase and Oxidative Mechanisms",9,3,-6,0.0001,0.0,-0.01
T14382,Electrophoretic Deposition in Materials Science,6,5,-1,0.0001,0.0,-0.0
T13991,Nuclear Receptors and Signaling,8,3,-5,0.0001,0.0,-0.0
T11619,Combustion and Detonation Processes,11,0,-11,0.0001,0.0,-0.01
T10319,"Conservation, Biodiversity, and Resource Management",4,7,3,0.0,0.0001,0.0
T13052,Molecular Communication and Nanonetworks,10,1,-9,0.0001,0.0,-0.01
T11928,Genetic Syndromes and Imprinting,6,5,-1,0.0001,0.0,-0.0
T11977,Technology Use by Older Adults,6,5,-1,0.0001,0.0,-0.0
T12301,Facial Nerve Paralysis Treatment and Research,8,3,-5,0.0001,0.0,-0.0
T10750,Fermentation and Sensory Analysis,9,2,-7,0.0001,0.0,-0.01
T14178,Environmental Science and Water Management,2,9,7,0.0,0.0001,0.01
T12513,Rocket and propulsion systems research,3,8,5,0.0,0.0001,0.0
T11795,Humor Studies and Applications,6,5,-1,0.0001,0.0,-0.0
T11420,Geographies of human-animal interactions,5,6,1,0.0,0.0001,0.0
T11460,Analytical Methods in Pharmaceuticals,4,7,3,0.0,0.0001,0.0
T10165,Classical Antiquity Studies,9,2,-7,0.0001,0.0,-0.01
T11544,"Gender, Labor, and Family Dynamics",7,4,-3,0.0001,0.0,-0.0
T10641,Central Venous Catheters and Hemodialysis,6,5,-1,0.0001,0.0,-0.0
T12805,Cognitive Science and Mapping,11,0,-11,0.0001,0.0,-0.01
T12062,Approximation Theory and Sequence Spaces,6,5,-1,0.0001,0.0,-0.0
T10785,Economic Theory and Institutions,5,6,1,0.0,0.0001,0.0
T14454,Polymer Science and Applications,1,10,9,0.0,0.0001,0.01
T12221,Cybersecurity and Cyber Warfare Studies,7,4,-3,0.0001,0.0,-0.0
T13599,Architecture and Cultural Influences,4,7,3,0.0,0.0001,0.0
T13928,Advanced Sensor Technologies Research,7,4,-3,0.0001,0.0,-0.0
T11470,Legume Nitrogen Fixing Symbiosis,9,2,-7,0.0001,0.0,-0.01
T12472,Plant responses to water stress,6,5,-1,0.0001,0.0,-0.0
T14083,Extremum Seeking Control Systems,9,2,-7,0.0001,0.0,-0.01
T10290,Pregnancy and preeclampsia studies,8,3,-5,0.0001,0.0,-0.0
T12425,Industrial Gas Emission Control,4,7,3,0.0,0.0001,0.0
T11659,Advanced Image Fusion Techniques,6,5,-1,0.0001,0.0,-0.0
T12441,Porphyrin Metabolism and Disorders,10,1,-9,0.0001,0.0,-0.01
T12104,Protein Tyrosine Phosphatases,6,5,-1,0.0001,0.0,-0.0
T10656,Child and Animal Learning Development,8,3,-5,0.0001,0.0,-0.0
T11630,Petroleum Processing and Analysis,7,4,-3,0.0001,0.0,-0.0
T10892,Drilling and Well Engineering,10,1,-9,0.0001,0.0,-0.01
T13452,GDF15 and Related Biomarkers,8,3,-5,0.0001,0.0,-0.0
T11024,Information Systems Theories and Implementation,5,6,1,0.0,0.0001,0.0
T10685,Viral-associated cancers and disorders,7,4,-3,0.0001,0.0,-0.0
T10606,Kidney Stones and Urolithiasis Treatments,4,7,3,0.0,0.0001,0.0
T12435,Bladed Disk Vibration Dynamics,7,4,-3,0.0001,0.0,-0.0
T11978,Soil Mechanics and Vehicle Dynamics,7,4,-3,0.0001,0.0,-0.0
T11054,Adrenal and Paraganglionic Tumors,7,4,-3,0.0001,0.0,-0.0
T12006,Ergonomics and Musculoskeletal Disorders,6,5,-1,0.0001,0.0,-0.0
T10853,"Anxiety, Depression, Psychometrics, Treatment, Cognitive Processes",3,8,5,0.0,0.0001,0.0
T14311,Electrical and Electromagnetic Research,2,9,7,0.0,0.0001,0.01
T13724,Humanities and Social Sciences,0,11,11,0.0,0.0001,0.01
T12360,Plant-derived Lignans Synthesis and Bioactivity,9,2,-7,0.0001,0.0,-0.01
T10436,Anesthesia and Sedative Agents,7,4,-3,0.0001,0.0,-0.0
T12086,Structural Integrity and Reliability Analysis,3,8,5,0.0,0.0001,0.0
T13888,Social Policies and Family,11,0,-11,0.0001,0.0,-0.01
T13854,Historical Geography and Cartography,6,5,-1,0.0001,0.0,-0.0
T10806,Energetic Materials and Combustion,5,6,1,0.0,0.0001,0.0
T13673,Library Science and Information,0,11,11,0.0,0.0001,0.01
T14496,Educational Technology and E-Learning,0,11,11,0.0,0.0001,0.01
T10765,Marine Biology and Ecology Research,7,3,-4,0.0001,0.0,-0.0
T11345,Cognitive and developmental aspects of mathematical skills,7,3,-4,0.0001,0.0,-0.0
T12938,Material Selection and Properties,7,3,-4,0.0001,0.0,-0.0
T12488,Mental Health via Writing,8,2,-6,0.0001,0.0,-0.01
T12338,Digital literacy in education,7,3,-4,0.0001,0.0,-0.0
T10124,Prostate Cancer Diagnosis and Treatment,6,4,-2,0.0001,0.0,-0.0
T11528,Lichen and fungal ecology,8,2,-6,0.0001,0.0,-0.01
T13743,Italian Literature and Culture,9,1,-8,0.0001,0.0,-0.01
T14156,Engineering Applied Research,7,3,-4,0.0001,0.0,-0.0
T10790,Heavy Metal Exposure and Toxicity,2,8,6,0.0,0.0001,0.01
T13465,"Graphite, nuclear technology, radiation studies",7,3,-4,0.0001,0.0,-0.0
T11761,Resilience and Mental Health,8,2,-6,0.0001,0.0,-0.01
T10609,Digital Marketing and Social Media,5,5,0,0.0,0.0,0.0
T12326,Network Packet Processing and Optimization,2,8,6,0.0,0.0001,0.01
T10087,Archaeology and ancient environmental studies,5,5,0,0.0,0.0,0.0
T13199,Digestive system and related health,7,3,-4,0.0001,0.0,-0.0
T12270,Microwave-Assisted Synthesis and Applications,5,5,0,0.0,0.0,0.0
T10113,Dental materials and restorations,3,7,4,0.0,0.0001,0.0
T13477,Sustainable Design and Development,1,9,8,0.0,0.0001,0.01
T10289,European Union Policy and Governance,3,7,4,0.0,0.0001,0.0
T13070,Cultural Identity and Heritage,6,4,-2,0.0001,0.0,-0.0
T10445,Antioxidant Activity and Oxidative Stress,5,5,0,0.0,0.0,0.0
T10008,Teacher Education and Leadership Studies,1,9,8,0.0,0.0001,0.01
T11299,Problem and Project Based Learning,0,10,10,0.0,0.0001,0.01
T12601,Web Applications and Data Management,2,8,6,0.0,0.0001,0.01
T11858,Urban Development and Societal Issues,3,7,4,0.0,0.0001,0.0
T14254,Digital Media and Visual Art,2,8,6,0.0,0.0001,0.01
T10401,Diabetes Treatment and Management,3,7,4,0.0,0.0001,0.0
T11591,NF-κB Signaling Pathways,8,2,-6,0.0001,0.0,-0.01
T13862,"Soil, Finite Element Methods",3,7,4,0.0,0.0001,0.0
T12567,Heat transfer and supercritical fluids,7,3,-4,0.0001,0.0,-0.0
T12277,Frequency Control in Power Systems,2,8,6,0.0,0.0001,0.01
T10554,Hemoglobinopathies and Related Disorders,7,3,-4,0.0001,0.0,-0.0
T13851,"Law, AI, and Intellectual Property",5,5,0,0.0,0.0,0.0
T14197,Historical Studies of Medieval Iberia,6,4,-2,0.0001,0.0,-0.0
T11221,Bone health and treatments,6,4,-2,0.0001,0.0,-0.0
T10962,Thermodynamic properties of mixtures,5,5,0,0.0,0.0,0.0
T10164,Quality and Supply Management,4,6,2,0.0,0.0001,0.0
T13398,Data Analysis with R,7,3,-4,0.0001,0.0,-0.0
T10926,Peripheral Artery Disease Management,5,5,0,0.0,0.0,0.0
T10993,Complement system in diseases,5,5,0,0.0,0.0,0.0
T13219,Mind wandering and attention,8,2,-6,0.0001,0.0,-0.01
T10728,Pulmonary Hypertension Research and Treatments,5,5,0,0.0,0.0,0.0
T14308,Psychological and Educational Research Studies,8,2,-6,0.0001,0.0,-0.01
T14074,Persona Design and Applications,10,0,-10,0.0001,0.0,-0.01
T13106,"Neuroscience, Education and Cognitive Function",10,0,-10,0.0001,0.0,-0.01
T10890,Trypanosoma species research and implications,7,3,-4,0.0001,0.0,-0.0
T11961,Neonatal and Maternal Infections,6,4,-2,0.0001,0.0,-0.0
T11629,"Birth, Development, and Health",6,4,-2,0.0001,0.0,-0.0
T12994,Infrared Thermography in Medicine,6,4,-2,0.0001,0.0,-0.0
T12213,Marine Ecology and Invasive Species,7,3,-4,0.0001,0.0,-0.0
T13695,"Aging, Elder Care, and Social Issues",10,0,-10,0.0001,0.0,-0.01
T11089,Radioactive contamination and transfer,7,3,-4,0.0001,0.0,-0.0
T11443,Advanced Statistical Process Monitoring,7,3,-4,0.0001,0.0,-0.0
T11148,"Language, Metaphor, and Cognition",6,4,-2,0.0001,0.0,-0.0
T11895,Social and Cultural Dynamics,5,5,0,0.0,0.0,0.0
T13885,Geophysics and Sensor Technology,10,0,-10,0.0001,0.0,-0.01
T13752,Mechanics and Biomechanics Studies,10,0,-10,0.0001,0.0,-0.01
T12226,Neuroblastoma Research and Treatments,5,5,0,0.0,0.0,0.0
T12782,Assembly Line Balancing Optimization,8,2,-6,0.0001,0.0,-0.01
T12874,Digital Imaging for Blood Diseases,6,4,-2,0.0001,0.0,-0.0
T13374,Hematological disorders and diagnostics,9,1,-8,0.0001,0.0,-0.01
T10634,Food Allergy and Anaphylaxis Research,5,5,0,0.0,0.0,0.0
T13066,Information Society and Technology Trends,2,8,6,0.0,0.0001,0.01
T11039,Evaluation of Teaching Practices,1,9,8,0.0,0.0001,0.01
T14162,Historical and Literary Studies,9,1,-8,0.0001,0.0,-0.01
T13192,Forensic Fingerprint Detection Methods,5,5,0,0.0,0.0,0.0
T13855,Aerospace Engineering and Control Systems,3,7,4,0.0,0.0001,0.0
T12508,Functional Equations Stability Results,10,0,-10,0.0001,0.0,-0.01
T10693,Blood transfusion and management,3,7,4,0.0,0.0001,0.0
T12676,Machine Learning and ELM,6,4,-2,0.0001,0.0,-0.0
T11550,Text and Document Classification Technologies,8,2,-6,0.0001,0.0,-0.01
T12248,Water Governance and Infrastructure,5,5,0,0.0,0.0,0.0
T13417,Biomedical Ethics and Regulation,7,3,-4,0.0001,0.0,-0.0
T12916,COVID-19 impact on air quality,7,3,-4,0.0001,0.0,-0.0
T10010,"Obesity, Physical Activity, Diet",4,6,2,0.0,0.0001,0.0
T11941,Power System Reliability and Maintenance,7,2,-5,0.0001,0.0,-0.0
T14177,Water Resources and Management,6,3,-3,0.0001,0.0,-0.0
T11030,Scoliosis diagnosis and treatment,6,3,-3,0.0001,0.0,-0.0
T10344,Management and Organizational Studies,3,6,3,0.0,0.0001,0.0
T12792,Soil Management and Crop Yield,1,8,7,0.0,0.0001,0.01
T10619,Esophageal Cancer Research and Treatment,5,4,-1,0.0,0.0,-0.0
T12492,Zoonotic diseases and public health,9,0,-9,0.0001,0.0,-0.01
T11353,Venomous Animal Envenomation and Studies,5,4,-1,0.0,0.0,-0.0
T12781,Global Health Care Issues,9,0,-9,0.0001,0.0,-0.01
T13204,Competitive and Knowledge Intelligence,5,4,-1,0.0,0.0,-0.0
T13715,Power Line Inspection Robots,2,7,5,0.0,0.0001,0.0
T12047,Viral Infections and Vectors,5,4,-1,0.0,0.0,-0.0
T12364,Archaeological Research and Protection,8,1,-7,0.0001,0.0,-0.01
T11926,Subterranean biodiversity and taxonomy,9,0,-9,0.0001,0.0,-0.01
T13412,Education and Technology Integration,4,5,1,0.0,0.0,0.0
T10322,Respiratory Support and Mechanisms,4,5,1,0.0,0.0,0.0
T12308,Mental Health and Psychiatry,6,3,-3,0.0001,0.0,-0.0
T13018,Seismology and Earthquake Studies,5,4,-1,0.0,0.0,-0.0
T11919,dental development and anomalies,5,4,-1,0.0,0.0,-0.0
T12709,Optimization and Mathematical Programming,2,7,5,0.0,0.0001,0.0
T10776,Spinal Fractures and Fixation Techniques,5,4,-1,0.0,0.0,-0.0
T10082,HIV/AIDS Research and Interventions,2,7,5,0.0,0.0001,0.0
T10195,Antimicrobial Resistance in Staphylococcus,6,3,-3,0.0001,0.0,-0.0
T10598,Cardiac pacing and defibrillation studies,3,6,3,0.0,0.0001,0.0
T13062,Cognitive Computing and Networks,2,7,5,0.0,0.0001,0.0
T12976,Magnetic and Electromagnetic Effects,8,1,-7,0.0001,0.0,-0.01
T10733,Wheat and Barley Genetics and Pathology,8,1,-7,0.0001,0.0,-0.01
T10051,Asthma and respiratory diseases,4,5,1,0.0,0.0,0.0
T10867,Intensive Care Unit Cognitive Disorders,5,4,-1,0.0,0.0,-0.0
T11760,Plant responses to elevated CO2,5,4,-1,0.0,0.0,-0.0
T12670,"Urbanism, Landscape, and Tourism Studies",2,7,5,0.0,0.0001,0.0
T10959,Student Assessment and Feedback,2,7,5,0.0,0.0001,0.0
T13443,Mineralogy and Gemology Studies,6,3,-3,0.0001,0.0,-0.0
T11483,Tropical and Extratropical Cyclones Research,7,2,-5,0.0001,0.0,-0.0
T13812,AI and HR Technologies,1,8,7,0.0,0.0001,0.01
T12211,Aluminum toxicity and tolerance in plants and animals,8,1,-7,0.0001,0.0,-0.01
T12465,"Cancer, Lipids, and Metabolism",5,4,-1,0.0,0.0,-0.0
T10838,Animal Behavior and Welfare Studies,5,4,-1,0.0,0.0,-0.0
T11079,Creativity in Education and Neuroscience,8,1,-7,0.0001,0.0,-0.01
T11581,Viral Infections and Outbreaks Research,7,2,-5,0.0001,0.0,-0.0
T12445,Twentieth Century Scientific Developments,9,0,-9,0.0001,0.0,-0.01
T12771,Plant pathogens and resistance mechanisms,9,0,-9,0.0001,0.0,-0.01
T12389,Infrared Target Detection Methodologies,9,0,-9,0.0001,0.0,-0.01
T11466,Innovative Education and Learning Practices,9,0,-9,0.0001,0.0,-0.01
T10417,Lung Cancer Treatments and Mutations,5,4,-1,0.0,0.0,-0.0
T11774,Adsorption and Cooling Systems,4,5,1,0.0,0.0,0.0
T11239,Social Capital and Networks,5,4,-1,0.0,0.0,-0.0
T11086,Parasitic Infections and Diagnostics,7,2,-5,0.0001,0.0,-0.0
T10833,Vaccine Coverage and Hesitancy,5,4,-1,0.0,0.0,-0.0
T13438,Environmental Conservation and Management,5,4,-1,0.0,0.0,-0.0
T12642,Polymer-Based Agricultural Enhancements,3,6,3,0.0,0.0001,0.0
T12085,Collagen: Extraction and Characterization,6,3,-3,0.0001,0.0,-0.0
T12654,Xenotransplantation and immune response,5,4,-1,0.0,0.0,-0.0
T12126,Maritime Transport Emissions and Efficiency,6,3,-3,0.0001,0.0,-0.0
T11011,Frailty in Older Adults,6,3,-3,0.0001,0.0,-0.0
T12444,"Art, Politics, and Modernism",2,7,5,0.0,0.0001,0.0
T13239,Phosphorus compounds and reactions,2,7,5,0.0,0.0001,0.0
T10256,Drug Solubulity and Delivery Systems,4,5,1,0.0,0.0,0.0
T13979,Communication and COVID-19 Impact,1,8,7,0.0,0.0001,0.01
T14411,Undergraduate Neuroscience Education and Research,0,9,9,0.0,0.0001,0.01
T11390,Seaweed-derived Bioactive Compounds,3,6,3,0.0,0.0001,0.0
T11671,Fuzzy and Soft Set Theory,3,5,2,0.0,0.0,0.0
T11546,Plant Physiology and Cultivation Studies,5,3,-2,0.0,0.0,-0.0
T11585,Exercise and Physiological Responses,5,3,-2,0.0,0.0,-0.0
T12964,"Diet, Metabolism, and Disease",3,5,2,0.0,0.0,0.0
T12197,Brake Systems and Friction Analysis,8,0,-8,0.0001,0.0,-0.01
T12637,Scarabaeidae Beetle Taxonomy and Biogeography,4,4,0,0.0,0.0,0.0
T14380,Libraries and Information Services,7,1,-6,0.0001,0.0,-0.01
T12909,French Historical and Cultural Studies,8,0,-8,0.0001,0.0,-0.01
T13811,Earth Systems and Cosmic Evolution,6,2,-4,0.0001,0.0,-0.0
T10814,Neuropeptides and Animal Physiology,4,4,0,0.0,0.0,0.0
T11342,Carbon and Quantum Dots Applications,4,4,0,0.0,0.0,0.0
T13999,Digital Rights Management and Security,6,2,-4,0.0001,0.0,-0.0
T12696,Icing and De-icing Technologies,3,5,2,0.0,0.0,0.0
T14025,Educational Technology and Assessment,2,6,4,0.0,0.0001,0.0
T11933,Mining and Resource Management,4,4,0,0.0,0.0,0.0
T14158,Optical Systems and Laser Technology,2,6,4,0.0,0.0001,0.0
T13965,Laser and Thermal Forming Techniques,8,0,-8,0.0001,0.0,-0.01
T13421,"Contemporary art, education, critique",8,0,-8,0.0001,0.0,-0.01
T12562,Synthesis and Characterization of Pyrroles,3,5,2,0.0,0.0,0.0
T13869,Ocular and Laser Science Research,7,1,-6,0.0001,0.0,-0.01
T10625,Herpesvirus Infections and Treatments,4,4,0,0.0,0.0,0.0
T13819,Collaborative and Sustainable Housing Initiatives,2,6,4,0.0,0.0001,0.0
T11275,Composting and Vermicomposting Techniques,4,4,0,0.0,0.0,0.0
T12547,Pharmaceutical studies and practices,1,7,6,0.0,0.0001,0.01
T11592,Phenomenology and Existential Philosophy,1,7,6,0.0,0.0001,0.01
T13734,Advanced Computational Techniques and Applications,4,4,0,0.0,0.0,0.0
T12881,linguistics and terminology studies,2,6,4,0.0,0.0001,0.0
T11436,Entomopathogenic Microorganisms in Pest Control,3,5,2,0.0,0.0,0.0
T14115,Legal processes and jurisprudence,0,8,8,0.0,0.0001,0.01
T13808,Construction Engineering and Safety,4,4,0,0.0,0.0,0.0
T11291,Intraocular Surgery and Lenses,3,5,2,0.0,0.0,0.0
T11589,Gynecological conditions and treatments,3,5,2,0.0,0.0,0.0
T10494,Plant Virus Research Studies,4,4,0,0.0,0.0,0.0
T10851,Optical Wireless Communication Technologies,4,4,0,0.0,0.0,0.0
T12583,Food Waste Reduction and Sustainability,7,1,-6,0.0001,0.0,-0.01
T12644,Wildlife-Road Interactions and Conservation,6,2,-4,0.0001,0.0,-0.0
T11113,Music History and Culture,4,4,0,0.0,0.0,0.0
T10651,"IPv6, Mobility, Handover, Networks, Security",5,3,-2,0.0,0.0,-0.0
T10599,Reconstructive Surgery and Microvascular Techniques,5,3,-2,0.0,0.0,-0.0
T12630,African Botany and Ecology Studies,7,1,-6,0.0001,0.0,-0.01
T13175,Historical Astronomy and Related Studies,7,1,-6,0.0001,0.0,-0.01
T11559,Retinoids in leukemia and cellular processes,7,1,-6,0.0001,0.0,-0.01
T14491,Diverse academic and cultural studies,8,0,-8,0.0001,0.0,-0.01
T14394,Cognitive Science and Education Research,5,3,-2,0.0,0.0,-0.0
T12438,Urticaria and Related Conditions,5,3,-2,0.0,0.0,-0.0
T12412,Enzyme function and inhibition,6,2,-4,0.0001,0.0,-0.0
T14150,Biochemical and biochemical processes,4,4,0,0.0,0.0,0.0
T12520,Psychology of Moral and Emotional Judgment,8,0,-8,0.0001,0.0,-0.01
T12682,Smart Materials for Construction,7,1,-6,0.0001,0.0,-0.01
T11495,Animal Virus Infections Studies,6,2,-4,0.0001,0.0,-0.0
T11237,Plant Gene Expression Analysis,4,4,0,0.0,0.0,0.0
T14047,Marine and environmental studies,6,2,-4,0.0001,0.0,-0.0
T14320,Optics and Image Analysis,4,4,0,0.0,0.0,0.0
T12068,Neonatal Health and Biochemistry,7,1,-6,0.0001,0.0,-0.01
T13545,Philosophical and Theoretical Analysis,4,4,0,0.0,0.0,0.0
T11860,"HIV, Drug Use, Sexual Risk",4,4,0,0.0,0.0,0.0
T13395,"Education, Leadership, and Health Research",6,2,-4,0.0001,0.0,-0.0
T10104,Nanofluid Flow and Heat Transfer,5,3,-2,0.0,0.0,-0.0
T12182,Evolution and Science Education,5,3,-2,0.0,0.0,-0.0
T11458,Advanced Wireless Communication Technologies,4,4,0,0.0,0.0,0.0
T12371,Electrical Contact Performance and Analysis,6,2,-4,0.0001,0.0,-0.0
T10254,Innovations in Medical Education,3,5,2,0.0,0.0,0.0
T13236,Geotechnical and construction materials studies,1,7,6,0.0,0.0001,0.01
T13683,"Architecture, Art, Education",3,5,2,0.0,0.0,0.0
T14330,Library Science and Information Systems,3,5,2,0.0,0.0,0.0
T12873,"Nutrition, Health and Food Behavior",0,8,8,0.0,0.0001,0.01
T11792,Pharmaceutical Economics and Policy,3,5,2,0.0,0.0,0.0
T13116,Heat Transfer and Numerical Methods,5,3,-2,0.0,0.0,-0.0
T14011,Elevator Systems and Control,5,3,-2,0.0,0.0,-0.0
T11534,Erythropoietin and Anemia Treatment,4,4,0,0.0,0.0,0.0
T13401,Social and Cultural Studies,1,7,6,0.0,0.0001,0.01
T10276,Helicobacter pylori-related gastroenterology studies,5,3,-2,0.0,0.0,-0.0
T13274,Expert finding and Q&A systems,6,2,-4,0.0001,0.0,-0.0
T13223,Connective Tissue Growth Factor Research,6,2,-4,0.0001,0.0,-0.0
T13745,Media and Digital Communication,0,8,8,0.0,0.0001,0.01
T11114,Service and Product Innovation,4,3,-1,0.0,0.0,-0.0
T11385,Natural product bioactivities and synthesis,4,3,-1,0.0,0.0,-0.0
T10678,Inflammatory mediators and NSAID effects,5,2,-3,0.0,0.0,-0.0
T13267,Advanced Theoretical and Applied Studies in Material Sciences and Geometry,7,0,-7,0.0001,0.0,-0.01
T12540,Cyclone Separators and Fluid Dynamics,7,0,-7,0.0001,0.0,-0.01
T12158,Guidance and Control Systems,4,3,-1,0.0,0.0,-0.0
T11361,Digital Radiography and Breast Imaging,4,3,-1,0.0,0.0,-0.0
T13321,"Radio, Podcasts, and Digital Media",5,2,-3,0.0,0.0,-0.0
T13121,Radio Wave Propagation Studies,3,4,1,0.0,0.0,0.0
T14402,Political and Social Issues,7,0,-7,0.0001,0.0,-0.01
T11292,Pediatric Pain Management Techniques,5,2,-3,0.0,0.0,-0.0
T12217,Higher Education Teaching and Evaluation,2,5,3,0.0,0.0,0.0
T11614,Cloud Data Security Solutions,2,5,3,0.0,0.0,0.0
T12694,"Categorization, perception, and language",4,3,-1,0.0,0.0,-0.0
T14062,Migration and Exile Studies,2,5,3,0.0,0.0,0.0
T11418,Plant Micronutrient Interactions and Effects,6,1,-5,0.0001,0.0,-0.0
T11107,Selenium in Biological Systems,6,1,-5,0.0001,0.0,-0.0
T12981,Conservation Techniques and Studies,3,4,1,0.0,0.0,0.0
T10758,Cinema and Media Studies,5,2,-3,0.0,0.0,-0.0
T11779,Higher Education and Employability,2,5,3,0.0,0.0,0.0
T11153,Streptococcal Infections and Treatments,5,2,-3,0.0,0.0,-0.0
T14021,Medieval European Literature and History,7,0,-7,0.0001,0.0,-0.01
T12544,Working Capital and Financial Performance,4,3,-1,0.0,0.0,-0.0
T11950,Cardiovascular Syncope and Autonomic Disorders,4,3,-1,0.0,0.0,-0.0
T14106,Environmental and Sediment Control,1,6,5,0.0,0.0001,0.0
T13128,Chromatography in Natural Products,2,5,3,0.0,0.0,0.0
T12636,Regional Development and Innovation,2,5,3,0.0,0.0,0.0
T10684,Acute Kidney Injury Research,1,6,5,0.0,0.0001,0.0
T13757,Graphic Design and Typography,1,6,5,0.0,0.0001,0.0
T13009,Agroforestry and silvopastoral systems,2,5,3,0.0,0.0,0.0
T14304,Transport Systems and Technology,3,4,1,0.0,0.0,0.0
T13648,Cerebrovascular and genetic disorders,1,6,5,0.0,0.0001,0.0
T13842,Intellectual Property Law,1,6,5,0.0,0.0001,0.0
T10823,Research on Leishmaniasis Studies,4,3,-1,0.0,0.0,-0.0
T10630,Orthopedic Surgery and Rehabilitation,5,2,-3,0.0,0.0,-0.0
T12010,Evaluation and Performance Assessment,3,4,1,0.0,0.0,0.0
T10760,Pancreatitis Pathology and Treatment,4,3,-1,0.0,0.0,-0.0
T14114,Digital Media and Philosophy,2,5,3,0.0,0.0,0.0
T12255,Biosimilars and Bioanalytical Methods,5,2,-3,0.0,0.0,-0.0
T12509,Corporate Insolvency and Governance,2,5,3,0.0,0.0,0.0
T14257,Advanced Measurement and Detection Methods,3,4,1,0.0,0.0,0.0
T11837,Iron and Steelmaking Processes,2,5,3,0.0,0.0,0.0
T14079,Mathematics Education and Programs,6,1,-5,0.0001,0.0,-0.0
T13055,Global Security and Public Health,0,7,7,0.0,0.0001,0.01
T13519,Historical Architecture and Urbanism,1,6,5,0.0,0.0001,0.0
T13410,Immune responses and vaccinations,5,2,-3,0.0,0.0,-0.0
T12868,Photography and Visual Culture,5,2,-3,0.0,0.0,-0.0
T12490,Software Engineering and Design Patterns,6,1,-5,0.0001,0.0,-0.0
T12979,Cardiovascular Disease and Adiposity,6,1,-5,0.0001,0.0,-0.0
T11305,"Amyloidosis: Diagnosis, Treatment, Outcomes",3,4,1,0.0,0.0,0.0
T12693,"Migration, Ethnicity, and Economy",6,1,-5,0.0001,0.0,-0.0
T11477,"Epistemology, Ethics, and Metaphysics",3,4,1,0.0,0.0,0.0
T12593,Communication in Education and Healthcare,5,2,-3,0.0,0.0,-0.0
T12380,Authorship Attribution and Profiling,6,1,-5,0.0001,0.0,-0.0
T14039,Ecology and biodiversity studies,3,4,1,0.0,0.0,0.0
T11913,Animal Ecology and Behavior Studies,7,0,-7,0.0001,0.0,-0.01
T13379,"Multiculturalism, Politics, Migration, Gender",7,0,-7,0.0001,0.0,-0.01
T13276,University-Industry-Government Innovation Models,3,4,1,0.0,0.0,0.0
T10308,Systemic Lupus Erythematosus Research,2,5,3,0.0,0.0,0.0
T10443,Social Policy and Reform Studies,6,1,-5,0.0001,0.0,-0.0
T11628,Myeloproliferative Neoplasms: Diagnosis and Treatment,4,3,-1,0.0,0.0,-0.0
T12701,Biological Control of Invasive Species,7,0,-7,0.0001,0.0,-0.01
T11260,Tracheal and airway disorders,4,3,-1,0.0,0.0,-0.0
T12003,Bioenergy crop production and management,4,3,-1,0.0,0.0,-0.0
T12367,Dental Trauma and Treatments,4,3,-1,0.0,0.0,-0.0
T13802,Vietnamese History and Culture Studies,7,0,-7,0.0001,0.0,-0.01
T13350,Myxozoan Parasites in Aquatic Species,4,3,-1,0.0,0.0,-0.0
T13099,"Health, Medicine and Society",7,0,-7,0.0001,0.0,-0.01
T10055,Diverse Aspects of Tourism Research,3,4,1,0.0,0.0,0.0
T11861,Thermal Regulation in Medicine,5,2,-3,0.0,0.0,-0.0
T14276,Power Systems and Technologies,7,0,-7,0.0001,0.0,-0.01
T13897,Historical Economic and Legal Thought,2,5,3,0.0,0.0,0.0
T10875,Pesticide Exposure and Toxicity,4,3,-1,0.0,0.0,-0.0
T10858,Clinical Nutrition and Gastroenterology,3,4,1,0.0,0.0,0.0
T13718,Media Influence and Politics,6,1,-5,0.0001,0.0,-0.0
T12051,Diversity and Impact of Dance,4,3,-1,0.0,0.0,-0.0
T11532,Chemokine receptors and signaling,2,5,3,0.0,0.0,0.0
T14459,Synthesis and Reactions of Organic Compounds,3,4,1,0.0,0.0,0.0
T10870,Interstitial Lung Diseases and Idiopathic Pulmonary Fibrosis,2,5,3,0.0,0.0,0.0
T10356,Orthodontics and Dentofacial Orthopedics,4,3,-1,0.0,0.0,-0.0
T10585,Family Dynamics and Relationships,1,6,5,0.0,0.0001,0.0
T10547,"Education, Achievement, and Giftedness",1,6,5,0.0,0.0001,0.0
T13644,Control Systems in Engineering,0,7,7,0.0,0.0001,0.01
T14303,Polymer Synthesis and Characterization,0,7,7,0.0,0.0001,0.01
T12294,Agricultural Science and Fertilization,0,7,7,0.0,0.0001,0.01
T12926,Business Strategies and Management Research,0,7,7,0.0,0.0001,0.01
T13463,Nanoporous metals and alloys,6,1,-5,0.0001,0.0,-0.0
T13917,Engineering and Material Science Research,6,1,-5,0.0001,0.0,-0.0
T10385,Plant Diversity and Evolution,4,3,-1,0.0,0.0,-0.0
T12410,Structural and Chemical Analysis of Organic and Inorganic Compounds,3,4,1,0.0,0.0,0.0
T10569,Bariatric Surgery and Outcomes,3,4,1,0.0,0.0,0.0
T11508,Corporate Taxation and Avoidance,5,2,-3,0.0,0.0,-0.0
T10628,China's Socioeconomic Reforms and Governance,4,3,-1,0.0,0.0,-0.0
T13380,Sound Studies and Aurality,2,5,3,0.0,0.0,0.0
T12572,"Intelligence, Security, War Strategy",7,0,-7,0.0001,0.0,-0.01
T12835,FOXO transcription factor regulation,6,1,-5,0.0001,0.0,-0.0
T11250,Wave and Wind Energy Systems,5,2,-3,0.0,0.0,-0.0
T11066,Organic Food and Agriculture,5,2,-3,0.0,0.0,-0.0
T11848,Heme Oxygenase-1 and Carbon Monoxide,4,3,-1,0.0,0.0,-0.0
T12950,Educational Environments and Student Outcomes,4,3,-1,0.0,0.0,-0.0
T10486,Salmonella and Campylobacter epidemiology,4,3,-1,0.0,0.0,-0.0
T12522,Mathematics Education and Pedagogy,0,7,7,0.0,0.0001,0.01
T13292,Embedded Systems and FPGA Applications,0,7,7,0.0,0.0001,0.01
T14180,"Law, logistics, and international trade",6,0,-6,0.0001,0.0,-0.01
T13275,Medical and Health Sciences Research,1,5,4,0.0,0.0,0.0
T12354,Innovations in Educational Methods,3,3,0,0.0,0.0,0.0
T13058,Soil and Land Suitability Analysis,6,0,-6,0.0001,0.0,-0.01
T10168,COVID-19 and Mental Health,4,2,-2,0.0,0.0,-0.0
T12279,Body Composition Measurement Techniques,5,1,-4,0.0,0.0,-0.0
T12246,Chronic Disease Management Strategies,3,3,0,0.0,0.0,0.0
T14404,European Socioeconomic and Political Studies,6,0,-6,0.0001,0.0,-0.01
T10869,Polysaccharides and Plant Cell Walls,5,1,-4,0.0,0.0,-0.0
T12773,Water Quality and Resources Studies,3,3,0,0.0,0.0,0.0
T11916,Legionella and Acanthamoeba research,4,2,-2,0.0,0.0,-0.0
T13704,French Literature and Poetry,4,2,-2,0.0,0.0,-0.0
T10748,Growth Hormone and Insulin-like Growth Factors,3,3,0,0.0,0.0,0.0
T11752,Cancer Treatment and Pharmacology,5,1,-4,0.0,0.0,-0.0
T11521,Salivary Gland Disorders and Functions,5,1,-4,0.0,0.0,-0.0
T11873,PAPR reduction in OFDM,4,2,-2,0.0,0.0,-0.0
T13952,Information Technology and Learning,6,0,-6,0.0001,0.0,-0.01
T13289,Infant Health and Development,5,1,-4,0.0,0.0,-0.0
T10208,Labor market dynamics and wage inequality,1,5,4,0.0,0.0,0.0
T10394,Lipoproteins and Cardiovascular Health,4,2,-2,0.0,0.0,-0.0
T13506,Botanical Research and Chemistry,6,0,-6,0.0001,0.0,-0.01
T12225,Political Influence and Corporate Strategies,5,1,-4,0.0,0.0,-0.0
T13034,Information Systems Education and Curriculum Development,3,3,0,0.0,0.0,0.0
T13742,Metallurgy and Cultural Artifacts,5,1,-4,0.0,0.0,-0.0
T10654,Pneumonia and Respiratory Infections,3,3,0,0.0,0.0,0.0
T10813,Sport Psychology and Performance,2,4,2,0.0,0.0,0.0
T12222,IoT-based Smart Home Systems,3,3,0,0.0,0.0,0.0
T12337,Italian Fascism and Post-war Society,5,1,-4,0.0,0.0,-0.0
T11635,Poisoning and overdose treatments,2,4,2,0.0,0.0,0.0
T12870,Seedling growth and survival studies,2,4,2,0.0,0.0,0.0
T12885,Digital Innovation in Industries,3,3,0,0.0,0.0,0.0
T10415,International Business and FDI,4,2,-2,0.0,0.0,-0.0
T11805,Agricultural economics and policies,1,5,4,0.0,0.0,0.0
T10900,Listeria monocytogenes in Food Safety,5,1,-4,0.0,0.0,-0.0
T11783,Turkey's Politics and Society,0,6,6,0.0,0.0001,0.01
T12751,Leadership and Management in Organizations,2,4,2,0.0,0.0,0.0
T10200,Rheumatoid Arthritis Research and Therapies,2,4,2,0.0,0.0,0.0
T13147,Ethics and bioethics in healthcare,1,5,4,0.0,0.0,0.0
T11927,Plant Reproductive Biology,3,3,0,0.0,0.0,0.0
T10809,Occupational Health and Safety Research,5,1,-4,0.0,0.0,-0.0
T13796,Neurological Disorders and Treatments,1,5,4,0.0,0.0,0.0
T11387,Ichthyology and Marine Biology,4,2,-2,0.0,0.0,-0.0
T11773,Healthcare Operations and Scheduling Optimization,3,3,0,0.0,0.0,0.0
T12596,Cephalopods and Marine Biology,4,2,-2,0.0,0.0,-0.0
T14160,Water management and technologies,3,3,0,0.0,0.0,0.0
T10738,Posthumanist Ethics and Activism,5,1,-4,0.0,0.0,-0.0
T10516,Parathyroid Disorders and Treatments,5,1,-4,0.0,0.0,-0.0
T12665,Bamboo properties and applications,3,3,0,0.0,0.0,0.0
T13717,Advanced Algorithms and Applications,5,1,-4,0.0,0.0,-0.0
T10089,Avian ecology and behavior,3,3,0,0.0,0.0,0.0
T10552,Colorectal Cancer Screening and Detection,3,3,0,0.0,0.0,0.0
T11057,Cardiac Ischemia and Reperfusion,3,3,0,0.0,0.0,0.0
T14488,Chemical and Physical Studies,3,3,0,0.0,0.0,0.0
T12030,S100 Proteins and Annexins,5,1,-4,0.0,0.0,-0.0
T11536,Consumer Retail Behavior Studies,4,2,-2,0.0,0.0,-0.0
T11577,Cognitive Abilities and Testing,5,1,-4,0.0,0.0,-0.0
T13551,Biochemical effects in animals,6,0,-6,0.0001,0.0,-0.01
T14236,Educational Tools and Methods,6,0,-6,0.0001,0.0,-0.01
T11063,Rough Sets and Fuzzy Logic,6,0,-6,0.0001,0.0,-0.01
T11228,Bat Biology and Ecology Studies,6,0,-6,0.0001,0.0,-0.01
T12812,Meromorphic and Entire Functions,6,0,-6,0.0001,0.0,-0.01
T12424,Earthquake Detection and Analysis,6,0,-6,0.0001,0.0,-0.01
T12607,Personal Information Management and User Behavior,6,0,-6,0.0001,0.0,-0.01
T12414,Coastal and Marine Management,5,1,-4,0.0,0.0,-0.0
T11274,Botulinum Toxin and Related Neurological Disorders,5,1,-4,0.0,0.0,-0.0
T11542,Behavioral Health and Interventions,5,1,-4,0.0,0.0,-0.0
T13050,Oil and Gas Production Techniques,6,0,-6,0.0001,0.0,-0.01
T12614,Indigenous Studies and Ecology,5,1,-4,0.0,0.0,-0.0
T12391,Artificial Immune Systems Applications,4,2,-2,0.0,0.0,-0.0
T10073,Hepatocellular Carcinoma Treatment and Prognosis,4,2,-2,0.0,0.0,-0.0
T13212,German Social Sciences and History,4,2,-2,0.0,0.0,-0.0
T12114,Sensory Analysis and Statistical Methods,5,1,-4,0.0,0.0,-0.0
T13039,Magnesium Oxide Properties and Applications,5,1,-4,0.0,0.0,-0.0
T13890,Remote Sensing and Land Use,2,4,2,0.0,0.0,0.0
T14076,Material Properties and Failure Mechanisms,6,0,-6,0.0001,0.0,-0.01
T12799,Mobile and Web Applications,1,5,4,0.0,0.0,0.0
T12820,Chromatin Remodeling and Cancer,4,2,-2,0.0,0.0,-0.0
T11742,Economic Theory and Policy,5,1,-4,0.0,0.0,-0.0
T14218,Engineering Education and Global Impact,2,4,2,0.0,0.0,0.0
T12626,"Cancer, Stress, Anesthesia, and Immune Response",4,2,-2,0.0,0.0,-0.0
T12479,Web Application Security Vulnerabilities,4,2,-2,0.0,0.0,-0.0
T10115,Corporate Social Responsibility Reporting,2,4,2,0.0,0.0,0.0
T11314,Clinical Laboratory Practices and Quality Control,3,3,0,0.0,0.0,0.0
T12275,Gender and Feminist Studies,1,5,4,0.0,0.0,0.0
T13492,"Science, Technology, and Education in Latin America",3,3,0,0.0,0.0,0.0
T11620,Medication Adherence and Compliance,3,3,0,0.0,0.0,0.0
T10098,Ruminant Nutrition and Digestive Physiology,2,4,2,0.0,0.0,0.0
T13130,Biological and pharmacological studies of plants,6,0,-6,0.0001,0.0,-0.01
T11427,Elbow and Forearm Trauma Treatment,3,3,0,0.0,0.0,0.0
T10225,Essential Oils and Antimicrobial Activity,3,3,0,0.0,0.0,0.0
T10408,Chronic Kidney Disease and Diabetes,3,3,0,0.0,0.0,0.0
T10979,Breastfeeding Practices and Influences,3,3,0,0.0,0.0,0.0
T14232,Water Resource Management and Quality,1,5,4,0.0,0.0,0.0
T14389,"Innovation, Technology, and Society",1,5,4,0.0,0.0,0.0
T13801,Urban Arborization and Environmental Studies,1,5,4,0.0,0.0,0.0
T14127,Food and Agricultural Sciences,0,6,6,0.0,0.0001,0.01
T13575,Travel Writing and Literature,2,4,2,0.0,0.0,0.0
T10242,Posttraumatic Stress Disorder Research,0,6,6,0.0,0.0001,0.01
T12241,Children's Physical and Motor Development,4,2,-2,0.0,0.0,-0.0
T13600,Science Education and Perceptions,6,0,-6,0.0001,0.0,-0.01
T13154,Legal and Regulatory Analysis,4,2,-2,0.0,0.0,-0.0
T12356,Bioactive Compounds and Antitumor Agents,5,1,-4,0.0,0.0,-0.0
T11134,Breast Lesions and Carcinomas,2,4,2,0.0,0.0,0.0
T13618,Regional Socio-Economic Development Trends,0,6,6,0.0,0.0001,0.01
T14498,Educational Technology in Learning,0,6,6,0.0,0.0001,0.01
T14512,Technology and Human Factors in Education and Health,0,6,6,0.0,0.0001,0.01
T13391,Innovations in Aquaponics and Hydroponics Systems,0,6,6,0.0,0.0001,0.01
T12507,"Utopian, Dystopian, and Speculative Fiction",0,6,6,0.0,0.0001,0.01
T11660,Blood groups and transfusion,3,2,-1,0.0,0.0,-0.0
T14201,Data Analysis and Archiving,4,1,-3,0.0,0.0,-0.0
T11838,"Crime, Illicit Activities, and Governance",4,1,-3,0.0,0.0,-0.0
T13711,Environmental Science and Technology,5,0,-5,0.0,0.0,-0.0
T12110,Bone and Dental Protein Studies,5,0,-5,0.0,0.0,-0.0
T14420,Advanced Research in Systems and Signal Processing,5,0,-5,0.0,0.0,-0.0
T10403,Phonetics and Phonology Research,2,3,1,0.0,0.0,0.0
T13028,Literature and Culture Studies,4,1,-3,0.0,0.0,-0.0
T10909,Edible Oils Quality and Analysis,3,2,-1,0.0,0.0,-0.0
T12826,Education Methods and Technologies,5,0,-5,0.0,0.0,-0.0
T13404,Geological and Tectonic Studies in Latin America,3,2,-1,0.0,0.0,-0.0
T14080,"Philosophy, Sociology, Political Theory",4,1,-3,0.0,0.0,-0.0
T12896,Sustainable Agricultural Systems Analysis,2,3,1,0.0,0.0,0.0
T13714,Medieval Architecture and Archaeology,5,0,-5,0.0,0.0,-0.0
T11780,Rabies epidemiology and control,5,0,-5,0.0,0.0,-0.0
T12365,Effects of Environmental Stressors on Livestock,4,1,-3,0.0,0.0,-0.0
T11702,Parasitic Diseases Research and Treatment,3,2,-1,0.0,0.0,-0.0
T13265,Synthesis of Tetrazole Derivatives,4,1,-3,0.0,0.0,-0.0
T13720,Benford’s Law and Fraud Detection,3,2,-1,0.0,0.0,-0.0
T10453,Maternal and Perinatal Health Interventions,2,3,1,0.0,0.0,0.0
T13435,Animal and Plant Science Education,5,0,-5,0.0,0.0,-0.0
T11743,Political Economy and Marxism,4,1,-3,0.0,0.0,-0.0
T11465,Drug-Induced Hepatotoxicity and Protection,2,3,1,0.0,0.0,0.0
T10391,Healthcare Policy and Management,3,2,-1,0.0,0.0,-0.0
T11711,COVID-19 Pandemic Impacts,4,1,-3,0.0,0.0,-0.0
T10421,Pleistocene-Era Hominins and Archaeology,2,3,1,0.0,0.0,0.0
T14285,Biopolymer Synthesis and Applications,5,0,-5,0.0,0.0,-0.0
T10649,Multiple Myeloma Research and Treatments,4,1,-3,0.0,0.0,-0.0
T13845,Classical Studies and Legal History,5,0,-5,0.0,0.0,-0.0
T11123,Obsessive-Compulsive Spectrum Disorders,2,3,1,0.0,0.0,0.0
T12161,Plant Surface Properties and Treatments,3,2,-1,0.0,0.0,-0.0
T10418,Pelvic floor disorders treatments,3,2,-1,0.0,0.0,-0.0
T12675,Financial Reporting and Valuation Research,4,1,-3,0.0,0.0,-0.0
T10357,Efficiency Analysis Using DEA,3,2,-1,0.0,0.0,-0.0
T14068,Organic and Inorganic Chemical Reactions,2,3,1,0.0,0.0,0.0
T10800,Forensic Toxicology and Drug Analysis,2,3,1,0.0,0.0,0.0
T10912,Telemedicine and Telehealth Implementation,4,1,-3,0.0,0.0,-0.0
T10605,Historical Economic and Social Studies,2,3,1,0.0,0.0,0.0
T12501,Digital Economy and Work Transformation,3,2,-1,0.0,0.0,-0.0
T12451,Smart Grid and Power Systems,0,5,5,0.0,0.0,0.0
T12218,Coal and Its By-products,4,1,-3,0.0,0.0,-0.0
T10376,Suicide and Self-Harm Studies,2,3,1,0.0,0.0,0.0
T13198,"Historical, Religious, and Philosophical Studies",1,4,3,0.0,0.0,0.0
T12545,Global Education and Multiculturalism,4,1,-3,0.0,0.0,-0.0
T13591,Pasture and Agricultural Systems,2,3,1,0.0,0.0,0.0
T14520,Sustainable Urban and Rural Development,1,4,3,0.0,0.0,0.0
T11652,Imbalanced Data Classification Techniques,3,2,-1,0.0,0.0,-0.0
T13019,African Studies and Geopolitics,4,1,-3,0.0,0.0,-0.0
T10960,Hypothalamic control of reproductive hormones,2,3,1,0.0,0.0,0.0
T12421,Adrenal Hormones and Disorders,3,2,-1,0.0,0.0,-0.0
T14277,Social Skills and Education,0,5,5,0.0,0.0,0.0
T14345,Scientific Research and Philosophical Inquiry,1,4,3,0.0,0.0,0.0
T13489,Synthesis of β-Lactam Compounds,3,2,-1,0.0,0.0,-0.0
T13047,Pharmacological Receptor Mechanisms and Effects,2,3,1,0.0,0.0,0.0
T12399,Wine Industry and Tourism,4,1,-3,0.0,0.0,-0.0
T14215,Chemical and Environmental Engineering Research,3,2,-1,0.0,0.0,-0.0
T13967,"Conservation, Ecology, Wildlife Education",1,4,3,0.0,0.0,0.0
T14296,Climate Change and Sustainable Development,1,4,3,0.0,0.0,0.0
T13643,Artificial Intelligence in Law,2,3,1,0.0,0.0,0.0
T12963,Anesthesia and Neurotoxicity Research,4,1,-3,0.0,0.0,-0.0
T13316,"Crafts, Textile, and Design",3,2,-1,0.0,0.0,-0.0
T13123,Advances in Oncology and Radiotherapy,4,1,-3,0.0,0.0,-0.0
T13135,"Communism, Protests, Social Movements",1,4,3,0.0,0.0,0.0
T13007,Economic Sanctions and International Relations,4,1,-3,0.0,0.0,-0.0
T13165,Agricultural safety and regulations,2,3,1,0.0,0.0,0.0
T11518,Cervical and Thoracic Myelopathy,1,4,3,0.0,0.0,0.0
T13471,Cognitive Functions and Memory,3,2,-1,0.0,0.0,-0.0
T11912,Outsourcing and Supply Chain Management,3,2,-1,0.0,0.0,-0.0
T12057,Consumer Attitudes and Food Labeling,3,2,-1,0.0,0.0,-0.0
T10428,Reproductive tract infections research,4,1,-3,0.0,0.0,-0.0
T12436,Agronomic Practices and Intercropping Systems,4,1,-3,0.0,0.0,-0.0
T11354,Evolution and Paleontology Studies,4,1,-3,0.0,0.0,-0.0
T12527,Chemistry and Stereochemistry Studies,2,3,1,0.0,0.0,0.0
T13183,Islanding Detection in Power Systems,4,1,-3,0.0,0.0,-0.0
T12369,Pneumocystis jirovecii pneumonia detection and treatment,4,1,-3,0.0,0.0,-0.0
T12759,Vehicle Noise and Vibration Control,3,2,-1,0.0,0.0,-0.0
T13588,Regional resilience and development,5,0,-5,0.0,0.0,-0.0
T13703,Attention Economy in Education and Business,5,0,-5,0.0,0.0,-0.0
T13753,Diverse multidisciplinary academic research,5,0,-5,0.0,0.0,-0.0
T12388,Identification and Quantification in Food,5,0,-5,0.0,0.0,-0.0
T12209,Bone and Joint Diseases,5,0,-5,0.0,0.0,-0.0
T12765,"Race, History, and American Society",5,0,-5,0.0,0.0,-0.0
T14351,Statistical and Computational Modeling,5,0,-5,0.0,0.0,-0.0
T10891,Radar Systems and Signal Processing,1,4,3,0.0,0.0,0.0
T13884,Educational Leadership and Practices,5,0,-5,0.0,0.0,-0.0
T11815,Urological Disorders and Treatments,4,1,-3,0.0,0.0,-0.0
T12925,Educational and Social Studies,5,0,-5,0.0,0.0,-0.0
T14363,Optical properties and cooling technologies in crystalline materials,5,0,-5,0.0,0.0,-0.0
T10177,Palliative Care and End-of-Life Issues,2,3,1,0.0,0.0,0.0
T10277,Vitamin D Research Studies,4,1,-3,0.0,0.0,-0.0
T11616,Autoimmune and Inflammatory Disorders Research,3,2,-1,0.0,0.0,-0.0
T12793,Caveolin-1 and cellular processes,4,1,-3,0.0,0.0,-0.0
T10826,Behavioral and Psychological Studies,5,0,-5,0.0,0.0,-0.0
T10815,Parasite Biology and Host Interactions,3,2,-1,0.0,0.0,-0.0
T12610,RNA regulation and disease,4,1,-3,0.0,0.0,-0.0
T11043,Merger and Competition Analysis,1,4,3,0.0,0.0,0.0
T13155,Digital Communication and Language,3,2,-1,0.0,0.0,-0.0
T10253,Sarcoma Diagnosis and Treatment,2,3,1,0.0,0.0,0.0
T12597,Fire Detection and Safety Systems,4,1,-3,0.0,0.0,-0.0
T13685,Material Science and Thermodynamics,5,0,-5,0.0,0.0,-0.0
T11631,"Retirement, Disability, and Employment",3,2,-1,0.0,0.0,-0.0
T11886,Agricultural risk and resilience,3,2,-1,0.0,0.0,-0.0
T11141,Childhood Cancer Survivors' Quality of Life,5,0,-5,0.0,0.0,-0.0
T10954,Peripheral Nerve Disorders,4,1,-3,0.0,0.0,-0.0
T11290,Preterm Birth and Chorioamnionitis,5,0,-5,0.0,0.0,-0.0
T12214,Media Influence and Health,5,0,-5,0.0,0.0,-0.0
T12486,Food Supply Chain Traceability,3,2,-1,0.0,0.0,-0.0
T10367,Agricultural Innovations and Practices,2,3,1,0.0,0.0,0.0
T12067,Renal and Vascular Pathologies,5,0,-5,0.0,0.0,-0.0
T14322,"Art, Aesthetics, and Perception",3,2,-1,0.0,0.0,-0.0
T10749,International Law and Human Rights,4,1,-3,0.0,0.0,-0.0
T14290,Education Methods and Practices,4,1,-3,0.0,0.0,-0.0
T11957,Food Safety and Hygiene,3,2,-1,0.0,0.0,-0.0
T11553,Acne and Rosacea Treatments and Effects,3,2,-1,0.0,0.0,-0.0
T12054,Menstrual Health and Disorders,3,2,-1,0.0,0.0,-0.0
T12883,Sustainable Development and Environmental Management,0,5,5,0.0,0.0,0.0
T10267,Higher Education Research Studies,0,5,5,0.0,0.0,0.0
T14098,Energy Efficiency in Computing,0,5,5,0.0,0.0,0.0
T12899,Engineering and Technology Innovations,0,5,5,0.0,0.0,0.0
T14179,Waste Management and Recycling,0,5,5,0.0,0.0,0.0
T14406,Multidisciplinary Science and Engineering Research,4,1,-3,0.0,0.0,-0.0
T13827,Mechatronics Education and Applications,4,1,-3,0.0,0.0,-0.0
T11715,Education and Critical Thinking Development,4,1,-3,0.0,0.0,-0.0
T11189,Transplantation: Methods and Outcomes,2,3,1,0.0,0.0,0.0
T14072,Immunotoxicology and immune responses,3,2,-1,0.0,0.0,-0.0
T13164,Quality and Management Systems,2,3,1,0.0,0.0,0.0
T11552,"Global trade, sustainability, and social impact",4,1,-3,0.0,0.0,-0.0
T12315,Older Adults Driving Studies,3,2,-1,0.0,0.0,-0.0
T10712,Library Science and Information Literacy,1,4,3,0.0,0.0,0.0
T13368,University Challenges and Reforms,0,5,5,0.0,0.0,0.0
T13375,Integrated Water Resources Management,0,5,5,0.0,0.0,0.0
T14381,"Psychiatry, Mental Health, Neuroscience",0,5,5,0.0,0.0,0.0
T12559,French Literature and Critical Theory,0,5,5,0.0,0.0,0.0
T12865,Tailings Management and Properties,2,2,0,0.0,0.0,0.0
T14357,"Architecture, Design, and Social History",3,1,-2,0.0,0.0,-0.0
T11647,Workplace Violence and Bullying,1,3,2,0.0,0.0,0.0
T11731,Global Health and Surgery,4,0,-4,0.0,0.0,-0.0
T12667,Economic and Technological Developments in Russia,4,0,-4,0.0,0.0,-0.0
T11610,Food Security and Health in Diverse Populations,4,0,-4,0.0,0.0,-0.0
T13158,Political and Economic history of UK and US,4,0,-4,0.0,0.0,-0.0
T12307,Ancient Near East History,3,1,-2,0.0,0.0,-0.0
T10182,Child and Adolescent Psychosocial and Emotional Development,3,1,-2,0.0,0.0,-0.0
T11859,Educator Training and Historical Pedagogy,3,1,-2,0.0,0.0,-0.0
T11839,Hormonal Regulation and Hypertension,4,0,-4,0.0,0.0,-0.0
T14094,Italy: Economic History and Contemporary Issues,4,0,-4,0.0,0.0,-0.0
T14191,Historical Art and Architecture Studies,3,1,-2,0.0,0.0,-0.0
T12779,Public Procurement and Policy,3,1,-2,0.0,0.0,-0.0
T11724,Inflammatory Myopathies and Dermatomyositis,2,2,0,0.0,0.0,0.0
T12317,Actinomycetales infections and treatment,2,2,0,0.0,0.0,0.0
T11974,Lepidoptera: Biology and Taxonomy,4,0,-4,0.0,0.0,-0.0
T14149,Historical and Literary Analyses,4,0,-4,0.0,0.0,-0.0
T13360,Economic and Social Issues,4,0,-4,0.0,0.0,-0.0
T11456,Neuroscience of respiration and sleep,3,1,-2,0.0,0.0,-0.0
T12014,"Fish biology, ecology, and behavior",3,1,-2,0.0,0.0,-0.0
T10786,Maternal Mental Health During Pregnancy and Postpartum,2,2,0,0.0,0.0,0.0
T10130,Mathematics Education and Teaching Techniques,2,2,0,0.0,0.0,0.0
T10214,Psychotherapy Techniques and Applications,3,1,-2,0.0,0.0,-0.0
T11653,Financial Distress and Bankruptcy Prediction,2,2,0,0.0,0.0,0.0
T12514,Fashion and Cultural Textiles,4,0,-4,0.0,0.0,-0.0
T11083,Cardiac Health and Mental Health,4,0,-4,0.0,0.0,-0.0
T10209,Global Maternal and Child Health,3,1,-2,0.0,0.0,-0.0
T13120,Nuclear Issues and Defense,3,1,-2,0.0,0.0,-0.0
T13475,Digital Transformation in Law,3,1,-2,0.0,0.0,-0.0
T11623,Hyperglycemia and glycemic control in critically ill and hospitalized patients,3,1,-2,0.0,0.0,-0.0
T12533,Aldose Reductase and Taurine,3,1,-2,0.0,0.0,-0.0
T12034,Digital and Cyber Forensics,3,1,-2,0.0,0.0,-0.0
T12700,Doping in Sports,2,2,0,0.0,0.0,0.0
T11085,Fungal Biology and Applications,2,2,0,0.0,0.0,0.0
T13852,Seismic and Structural Analysis of Tall Buildings,1,3,2,0.0,0.0,0.0
T12574,Clinical Reasoning and Diagnostic Skills,2,2,0,0.0,0.0,0.0
T11507,Religion and Society Interactions,2,2,0,0.0,0.0,0.0
T12272,Cardiovascular Conditions and Treatments,2,2,0,0.0,0.0,0.0
T11981,Qualitative Research Methods and Ethics,1,3,2,0.0,0.0,0.0
T11156,Reproductive Health and Technologies,2,2,0,0.0,0.0,0.0
T11580,Veterinary Medicine and Surgery,2,2,0,0.0,0.0,0.0
T13674,Computer Science and Engineering,0,4,4,0.0,0.0,0.0
T13520,Architectural and Urban Studies,2,2,0,0.0,0.0,0.0
T13800,Earthquake and Disaster Impact Studies,3,1,-2,0.0,0.0,-0.0
T10518,Gallbladder and Bile Duct Disorders,2,2,0,0.0,0.0,0.0
T10140,Food composition and properties,2,2,0,0.0,0.0,0.0
T14374,Statistical Methods in Epidemiology,1,3,2,0.0,0.0,0.0
T11322,Facial Rejuvenation and Surgery Techniques,2,2,0,0.0,0.0,0.0
T12035,Pain Management and Placebo Effect,1,3,2,0.0,0.0,0.0
T12334,Lung Cancer Research Studies,1,3,2,0.0,0.0,0.0
T11985,Marine Toxins and Detection Methods,3,1,-2,0.0,0.0,-0.0
T11391,Theatre and Performance Studies,0,4,4,0.0,0.0,0.0
T14135,Cancer and biochemical research,2,2,0,0.0,0.0,0.0
T10068,Technology Adoption and User Behaviour,3,1,-2,0.0,0.0,-0.0
T14466,"Migration, Health, Geopolitics, Historical Geography",0,4,4,0.0,0.0,0.0
T11246,Sports injuries and prevention,2,2,0,0.0,0.0,0.0
T13113,Engineering Technology and Methodologies,3,1,-2,0.0,0.0,-0.0
T13069,Cocoa and Sweet Potato Agronomy,3,1,-2,0.0,0.0,-0.0
T11867,Traumatic Ocular and Foreign Body Injuries,3,1,-2,0.0,0.0,-0.0
T13440,Electromagnetic Effects on Materials,3,1,-2,0.0,0.0,-0.0
T12837,American Environmental and Regional History,2,2,0,0.0,0.0,0.0
T11168,International Development and Aid,1,3,2,0.0,0.0,0.0
T13946,Musculoskeletal Disorders and Rehabilitation,3,1,-2,0.0,0.0,-0.0
T11146,Hormonal and reproductive studies,3,1,-2,0.0,0.0,-0.0
T10740,Wind Turbine Control Systems,2,2,0,0.0,0.0,0.0
T12744,Medical Device Sterilization and Disinfection,2,2,0,0.0,0.0,0.0
T13213,Mechanical Failure Analysis and Simulation,2,2,0,0.0,0.0,0.0
T11813,Library Collection Development and Digital Resources,3,1,-2,0.0,0.0,-0.0
T13623,Linguistic Studies and Language Acquisition,3,1,-2,0.0,0.0,-0.0
T10902,Complementary and Alternative Medicine Studies,3,1,-2,0.0,0.0,-0.0
T10230,Marine and fisheries research,3,1,-2,0.0,0.0,-0.0
T13769,Fusion and Plasma Physics Studies,4,0,-4,0.0,0.0,-0.0
T11454,Cultural Differences and Values,4,0,-4,0.0,0.0,-0.0
T12076,Renaissance and Early Modern Studies,4,0,-4,0.0,0.0,-0.0
T14210,Historical and Linguistic Studies,4,0,-4,0.0,0.0,-0.0
T14392,Geoscience and Mining Technology,4,0,-4,0.0,0.0,-0.0
T11925,Culinary Culture and Tourism,4,0,-4,0.0,0.0,-0.0
T12423,Software Reliability and Analysis Research,4,0,-4,0.0,0.0,-0.0
T13563,Chemical Analysis and Environmental Impact,4,0,-4,0.0,0.0,-0.0
T11319,Curcumin's Biomedical Applications,4,0,-4,0.0,0.0,-0.0
T11763,Intracerebral and Subarachnoid Hemorrhage Research,4,0,-4,0.0,0.0,-0.0
T12387,Galectins and Cancer Biology,4,0,-4,0.0,0.0,-0.0
T14445,Transportation Safety and Impact Analysis,4,0,-4,0.0,0.0,-0.0
T14102,Corporate Governance and Law,4,0,-4,0.0,0.0,-0.0
T13526,14-3-3 protein interactions,3,1,-2,0.0,0.0,-0.0
T12390,Comics and Graphic Narratives,2,2,0,0.0,0.0,0.0
T11768,Music Therapy and Health,2,2,0,0.0,0.0,0.0
T10103,Reading and Literacy Development,2,2,0,0.0,0.0,0.0
T12115,Genetic and Environmental Crop Studies,4,0,-4,0.0,0.0,-0.0
T13690,Quality and Safety in Healthcare,3,1,-2,0.0,0.0,-0.0
T11622,Maritime Navigation and Safety,3,1,-2,0.0,0.0,-0.0
T10446,"Income, Poverty, and Inequality",2,2,0,0.0,0.0,0.0
T10362,Biblical Studies and Interpretation,4,0,-4,0.0,0.0,-0.0
T10955,Paleontology and Evolutionary Biology,2,2,0,0.0,0.0,0.0
T13494,Military History and Strategy,2,2,0,0.0,0.0,0.0
T13481,Neurological diseases and metabolism,4,0,-4,0.0,0.0,-0.0
T13912,"Language, Linguistics, Cultural Analysis",4,0,-4,0.0,0.0,-0.0
T12858,Plant Disease Resistance and Genetics,2,2,0,0.0,0.0,0.0
T10081,"Auditing, Earnings Management, Governance",3,1,-2,0.0,0.0,-0.0
T13522,Cardiovascular Health and Risk Factors,1,3,2,0.0,0.0,0.0
T12573,Education and Digital Technologies,2,2,0,0.0,0.0,0.0
T13922,Historical Art and Culture Studies,4,0,-4,0.0,0.0,-0.0
T10793,Diabetes Management and Education,3,1,-2,0.0,0.0,-0.0
T10133,Media Studies and Communication,1,3,2,0.0,0.0,0.0
T13081,Digital Education and Society,3,1,-2,0.0,0.0,-0.0
T10426,Child Abuse and Trauma,2,2,0,0.0,0.0,0.0
T13886,Operations Management Techniques,4,0,-4,0.0,0.0,-0.0
T11117,Drug-Induced Adverse Reactions,1,3,2,0.0,0.0,0.0
T10987,Microfinance and Financial Inclusion,3,1,-2,0.0,0.0,-0.0
T14143,Economic and Technological Innovation,3,1,-2,0.0,0.0,-0.0
T14350,"Innovation, Sustainability, Human-Machine Systems",4,0,-4,0.0,0.0,-0.0
T11346,Mast cells and histamine,3,1,-2,0.0,0.0,-0.0
T12043,Insect behavior and control techniques,3,1,-2,0.0,0.0,-0.0
T11036,Antibiotics Pharmacokinetics and Efficacy,3,1,-2,0.0,0.0,-0.0
T11688,Microbial infections and disease research,3,1,-2,0.0,0.0,-0.0
T13156,Historical Linguistics and Language Studies,3,1,-2,0.0,0.0,-0.0
T13208,Synthesis of heterocyclic compounds,3,1,-2,0.0,0.0,-0.0
T13870,Environmental and Ecological Studies,4,0,-4,0.0,0.0,-0.0
T14134,Medical and Biological Sciences,4,0,-4,0.0,0.0,-0.0
T11377,Retinal and Macular Surgery,3,1,-2,0.0,0.0,-0.0
T12121,Cooperative Studies and Economics,2,2,0,0.0,0.0,0.0
T11755,Transboundary Water Resource Management,4,0,-4,0.0,0.0,-0.0
T12469,"Chaos, Complexity, and Education",1,3,2,0.0,0.0,0.0
T11796,Horticultural and Viticultural Research,3,1,-2,0.0,0.0,-0.0
T12299,Radiation Shielding Materials Analysis,4,0,-4,0.0,0.0,-0.0
T14326,Ear and Head Tumors,2,2,0,0.0,0.0,0.0
T10827,Patient-Provider Communication in Healthcare,2,2,0,0.0,0.0,0.0
T11823,Natural Resources and Economic Development,2,2,0,0.0,0.0,0.0
T13022,Health and Medical Studies,4,0,-4,0.0,0.0,-0.0
T12774,Bauxite Residue and Utilization,3,1,-2,0.0,0.0,-0.0
T10600,Reproductive Health and Contraception,2,2,0,0.0,0.0,0.0
T14246,E-Learning and Knowledge Management,4,0,-4,0.0,0.0,-0.0
T12824,Infections and bacterial resistance,2,2,0,0.0,0.0,0.0
T12108,Management of metastatic bone disease,2,2,0,0.0,0.0,0.0
T11426,Genetically Modified Organisms Research,1,3,2,0.0,0.0,0.0
T11033,Contact Dermatitis and Allergies,3,1,-2,0.0,0.0,-0.0
T10383,"Language, Discourse, Communication Strategies",1,3,2,0.0,0.0,0.0
T13901,State Capitalism and Financial Governance,2,2,0,0.0,0.0,0.0
T12098,Rural development and sustainability,3,1,-2,0.0,0.0,-0.0
T11000,Infection Control in Healthcare,2,2,0,0.0,0.0,0.0
T10469,Psoriasis: Treatment and Pathogenesis,3,1,-2,0.0,0.0,-0.0
T13971,Synthesis and Biological Activity,2,2,0,0.0,0.0,0.0
T11264,Coffee research and impacts,1,3,2,0.0,0.0,0.0
T12318,Quinazolinone synthesis and applications,3,1,-2,0.0,0.0,-0.0
T13042,Economic and Fiscal Studies,0,4,4,0.0,0.0,0.0
T11359,Effects of Radiation Exposure,0,4,4,0.0,0.0,0.0
T12428,Global Trade and Competitiveness,1,3,2,0.0,0.0,0.0
T10450,Aquaculture Nutrition and Growth,3,1,-2,0.0,0.0,-0.0
T14372,Environmental and Biological Research in Conflict Zones,1,3,2,0.0,0.0,0.0
T11939,Public-Private Partnership Projects,3,1,-2,0.0,0.0,-0.0
T10677,Attachment and Relationship Dynamics,4,0,-4,0.0,0.0,-0.0
T11849,Intellectual Capital and Performance Analysis,4,0,-4,0.0,0.0,-0.0
T11862,"Agriculture, Land Use, Rural Development",1,3,2,0.0,0.0,0.0
T13152,French Language Learning Methods,4,0,-4,0.0,0.0,-0.0
T14176,Interdisciplinary Cultural and Social Studies,4,0,-4,0.0,0.0,-0.0
T13109,Theological Perspectives and Practices,3,1,-2,0.0,0.0,-0.0
T11422,Burn Injury Management and Outcomes,1,3,2,0.0,0.0,0.0
T13844,Higher Education Learning Practices,4,0,-4,0.0,0.0,-0.0
T14500,Advanced Mathematical Theories,4,0,-4,0.0,0.0,-0.0
T13629,Text Readability and Simplification,4,0,-4,0.0,0.0,-0.0
T10589,Early Childhood Education and Development,3,1,-2,0.0,0.0,-0.0
T12839,Emile Durkheim and Sociology,2,2,0,0.0,0.0,0.0
T11015,Down syndrome and intellectual disability research,2,2,0,0.0,0.0,0.0
T14502,High-Voltage Power Transmission Systems,1,3,2,0.0,0.0,0.0
T13084,Education during COVID-19 pandemic,0,4,4,0.0,0.0,0.0
T12632,Visual Culture and Art Theory,0,4,4,0.0,0.0,0.0
T10999,Organ Transplantation Techniques and Outcomes,0,4,4,0.0,0.0,0.0
T14169,Public Health and Environmental Issues,0,4,4,0.0,0.0,0.0
T13721,Political Science Research and Education,3,0,-3,0.0,0.0,-0.0
T13867,Economic Growth and Development,3,0,-3,0.0,0.0,-0.0
T10449,Renal cell carcinoma treatment,1,2,1,0.0,0.0,0.0
T14078,Multiple and Secondary Primary Cancers,3,0,-3,0.0,0.0,-0.0
T12689,Silymarin and Mushroom Poisoning,2,1,-1,0.0,0.0,-0.0
T13484,German History and Society,3,0,-3,0.0,0.0,-0.0
T12403,Seed and Plant Biochemistry,3,0,-3,0.0,0.0,-0.0
T12268,Deception detection and forensic psychology,2,1,-1,0.0,0.0,-0.0
T12336,Insect Utilization and Effects,3,0,-3,0.0,0.0,-0.0
T14173,"Education, Healthcare and Sociology Research",2,1,-1,0.0,0.0,-0.0
T12443,Delphi Technique in Research,3,0,-3,0.0,0.0,-0.0
T11467,Trauma and Emergency Care Studies,2,1,-1,0.0,0.0,-0.0
T13759,Medical Imaging and Pathology Studies,3,0,-3,0.0,0.0,-0.0
T13941,Geotechnical and Mining Engineering,1,2,1,0.0,0.0,0.0
T12330,Botanical Research and Applications,3,0,-3,0.0,0.0,-0.0
T13735,History of Medical Practice,1,2,1,0.0,0.0,0.0
T10872,Veterinary Equine Medical Research,2,1,-1,0.0,0.0,-0.0
T13820,SAS software applications and methods,3,0,-3,0.0,0.0,-0.0
T11306,Nonmelanoma Skin Cancer Studies,1,2,1,0.0,0.0,0.0
T12832,Biocrusts and Microbial Ecology,3,0,-3,0.0,0.0,-0.0
T13482,Engineering Education and Technology,3,0,-3,0.0,0.0,-0.0
T12460,Pediatric Hepatobiliary Diseases and Treatments,2,1,-1,0.0,0.0,-0.0
T13699,Public Spaces through Art,3,0,-3,0.0,0.0,-0.0
T12887,Educational Strategies and Epistemologies,3,0,-3,0.0,0.0,-0.0
T11548,Sexual Assault and Victimization Studies,1,2,1,0.0,0.0,0.0
T12058,Allelopathy and phytotoxic interactions,1,2,1,0.0,0.0,0.0
T13258,Williams Syndrome Research,3,0,-3,0.0,0.0,-0.0
T12907,Mechanical Engineering and Vibrations Research,3,0,-3,0.0,0.0,-0.0
T13264,Walter Benjamin Studies Compilation,2,1,-1,0.0,0.0,-0.0
T11806,Service-Learning and Community Engagement,3,0,-3,0.0,0.0,-0.0
T12374,European and International Contract Law,2,1,-1,0.0,0.0,-0.0
T14468,Plant Ecology and Soil Science,2,1,-1,0.0,0.0,-0.0
T10730,Language Development and Disorders,1,2,1,0.0,0.0,0.0
T12245,"Counseling, Therapy, and Family Dynamics",2,1,-1,0.0,0.0,-0.0
T13168,Plant Ecology and Taxonomy Studies,3,0,-3,0.0,0.0,-0.0
T12177,Resource-Constrained Project Scheduling,2,1,-1,0.0,0.0,-0.0
T13023,Synthesis of Organic Compounds,1,2,1,0.0,0.0,0.0
T11075,Insect Resistance and Genetics,2,1,-1,0.0,0.0,-0.0
T12656,"Climate Change, Adaptation, Migration",2,1,-1,0.0,0.0,-0.0
T12475,Plant Parasitism and Resistance,3,0,-3,0.0,0.0,-0.0
T13140,Materials Engineering and Processing,3,0,-3,0.0,0.0,-0.0
T11224,Electromagnetic wave absorption materials,1,2,1,0.0,0.0,0.0
T11999,Empathy and Medical Education,2,1,-1,0.0,0.0,-0.0
T11104,"Memory, Trauma, and Commemoration",2,1,-1,0.0,0.0,-0.0
T13532,Education Systems and Policy,3,0,-3,0.0,0.0,-0.0
T13105,Synthesis and pharmacology of benzodiazepine derivatives,1,2,1,0.0,0.0,0.0
T10291,Dialysis and Renal Disease Management,2,1,-1,0.0,0.0,-0.0
T13841,Psychology of Social Influence,2,1,-1,0.0,0.0,-0.0
T14166,European Monetary and Fiscal Policies,2,1,-1,0.0,0.0,-0.0
T12998,Education and Islamic Studies,2,1,-1,0.0,0.0,-0.0
T11681,Nosocomial Infections in ICU,2,1,-1,0.0,0.0,-0.0
T12041,Public Health Policies and Education,1,2,1,0.0,0.0,0.0
T13270,QR Code Applications and Technologies,1,2,1,0.0,0.0,0.0
T13736,Steroid Chemistry and Biochemistry,1,2,1,0.0,0.0,0.0
T12476,Intraoperative Neuromonitoring and Anesthetic Effects,0,3,3,0.0,0.0,0.0
T11511,Dyeing and Modifying Textile Fibers,0,3,3,0.0,0.0,0.0
T13787,"Globalization, Historical Perspectives, and International Relations",1,2,1,0.0,0.0,0.0
T13046,Electrokinetic Soil Remediation Techniques,2,1,-1,0.0,0.0,-0.0
T12619,Political Systems and Governance,1,2,1,0.0,0.0,0.0
T12622,Neurosurgical Procedures and Complications,1,2,1,0.0,0.0,0.0
T13217,Pigment Synthesis and Properties,2,1,-1,0.0,0.0,-0.0
T12585,North African History and Literature,1,2,1,0.0,0.0,0.0
T10149,Anthropological Studies and Insights,0,3,3,0.0,0.0,0.0
T12088,Intergenerational and Educational Inequality Studies,0,3,3,0.0,0.0,0.0
T13221,Biological Activity of Diterpenoids and Biflavonoids,1,2,1,0.0,0.0,0.0
T12483,Global Urban Networks and Dynamics,2,1,-1,0.0,0.0,-0.0
T12796,Dermatological and COVID-19 studies,2,1,-1,0.0,0.0,-0.0
T12679,Focus Groups and Qualitative Methods,2,1,-1,0.0,0.0,-0.0
T13424,"Ukraine: War, Education, Health",0,3,3,0.0,0.0,0.0
T12586,"Folklore, Mythology, and Literature Studies",0,3,3,0.0,0.0,0.0
T11430,Disaster Response and Management,0,3,3,0.0,0.0,0.0
T11983,"Identity, Memory, and Therapy",2,1,-1,0.0,0.0,-0.0
T12777,"Philosophy, History, and Historiography",0,3,3,0.0,0.0,0.0
T11257,Taxation and Compliance Studies,2,1,-1,0.0,0.0,-0.0
T12991,Phytase and its Applications,2,1,-1,0.0,0.0,-0.0
T12668,Yeasts and Rust Fungi Studies,2,1,-1,0.0,0.0,-0.0
T11894,Radiology practices and education,2,1,-1,0.0,0.0,-0.0
T14214,Space Exploration and Technology,1,2,1,0.0,0.0,0.0
T12738,Corporate Identity and Reputation,1,2,1,0.0,0.0,0.0
T12376,Corporate Management and Leadership,2,1,-1,0.0,0.0,-0.0
T13015,"Botany, Ecology, and Taxonomy Studies",2,1,-1,0.0,0.0,-0.0
T12175,Social Representations and Identity,1,2,1,0.0,0.0,0.0
T12373,Linguistic research and analysis,0,3,3,0.0,0.0,0.0
T13250,Semiotics and Representation Studies,1,2,1,0.0,0.0,0.0
T10329,Thyroid Cancer Diagnosis and Treatment,2,1,-1,0.0,0.0,-0.0
T13291,Political Theory and Democracy,0,3,3,0.0,0.0,0.0
T11293,Orthopedic Infections and Treatments,1,2,1,0.0,0.0,0.0
T11297,Ferroptosis and cancer prognosis,2,1,-1,0.0,0.0,-0.0
T12721,Moringa oleifera research and applications,2,1,-1,0.0,0.0,-0.0
T10144,Blood Pressure and Hypertension Studies,2,1,-1,0.0,0.0,-0.0
T11538,Ophthalmology and Eye Disorders,3,0,-3,0.0,0.0,-0.0
T12463,Amoebic Infections and Treatments,3,0,-3,0.0,0.0,-0.0
T13426,Kruppel-like factors research,3,0,-3,0.0,0.0,-0.0
T12542,Second Language Learning and Teaching,3,0,-3,0.0,0.0,-0.0
T13159,Structural mechanics and materials,3,0,-3,0.0,0.0,-0.0
T10333,Meat and Animal Product Quality,3,0,-3,0.0,0.0,-0.0
T12795,Banana Cultivation and Research,3,0,-3,0.0,0.0,-0.0
T12571,Soybean genetics and cultivation,3,0,-3,0.0,0.0,-0.0
T13162,African Studies and Ethnography,3,0,-3,0.0,0.0,-0.0
T10843,Diversity and Career in Medicine,3,0,-3,0.0,0.0,-0.0
T12922,Business and Economic Development,3,0,-3,0.0,0.0,-0.0
T13825,Economic Policies and Impacts,3,0,-3,0.0,0.0,-0.0
T12728,Demographic Trends and Gender Preferences,3,0,-3,0.0,0.0,-0.0
T14082,"Modeling, Simulation, and Optimization",3,0,-3,0.0,0.0,-0.0
T12699,Electromagnetic Launch and Propulsion Technology,3,0,-3,0.0,0.0,-0.0
T12600,Eosinophilic Disorders and Syndromes,3,0,-3,0.0,0.0,-0.0
T12733,Vector-Borne Animal Diseases,3,0,-3,0.0,0.0,-0.0
T11296,COVID-19 and healthcare impacts,3,0,-3,0.0,0.0,-0.0
T11317,Fire dynamics and safety research,2,1,-1,0.0,0.0,-0.0
T14327,Advanced Energy Technologies and Civil Engineering Innovations,2,1,-1,0.0,0.0,-0.0
T13925,Offshore Engineering and Technologies,2,1,-1,0.0,0.0,-0.0
T14170,Classical Studies and Philology,2,1,-1,0.0,0.0,-0.0
T10213,Public Policy and Administration Research,2,1,-1,0.0,0.0,-0.0
T13294,Livestock and Poultry Management,3,0,-3,0.0,0.0,-0.0
T13731,Advanced Computing and Algorithms,3,0,-3,0.0,0.0,-0.0
T12823,Adolescent and Pediatric Healthcare,3,0,-3,0.0,0.0,-0.0
T14241,Evasion and Academic Success Factors,3,0,-3,0.0,0.0,-0.0
T11905,Veterinary Pharmacology and Anesthesia,3,0,-3,0.0,0.0,-0.0
T11179,Nematode management and characterization studies,2,1,-1,0.0,0.0,-0.0
T14479,Freezing and Crystallization Processes,2,1,-1,0.0,0.0,-0.0
T12878,Pharmaceutical Quality and Counterfeiting,1,2,1,0.0,0.0,0.0
T12673,Microbial Metabolism and Applications,2,1,-1,0.0,0.0,-0.0
T12919,Blood disorders and treatments,2,1,-1,0.0,0.0,-0.0
T13938,Historical and Contemporary Political Dynamics,1,2,1,0.0,0.0,0.0
T10473,Postharvest Quality and Shelf Life Management,1,2,1,0.0,0.0,0.0
T13624,Social Sciences and Policies,2,1,-1,0.0,0.0,-0.0
T12208,Occupational exposure and asthma,3,0,-3,0.0,0.0,-0.0
T13068,Ancient Mediterranean Archaeology and History,2,1,-1,0.0,0.0,-0.0
T14506,Historical and Architectural Studies,3,0,-3,0.0,0.0,-0.0
T11834,Liver Diseases and Immunity,2,1,-1,0.0,0.0,-0.0
T11930,"Cardiac, Anesthesia and Surgical Outcomes",3,0,-3,0.0,0.0,-0.0
T13230,Synthesis and Reactivity of Heterocycles,3,0,-3,0.0,0.0,-0.0
T14347,Big Data and Digital Economy,3,0,-3,0.0,0.0,-0.0
T12320,Feminist Epistemology and Gender Studies,3,0,-3,0.0,0.0,-0.0
T12975,Paraoxonase enzyme and polymorphisms,2,1,-1,0.0,0.0,-0.0
T11065,Insect Pest Control Strategies,2,1,-1,0.0,0.0,-0.0
T14067,Cloud Computing and Remote Desktop Technologies,3,0,-3,0.0,0.0,-0.0
T12903,Globalization and Cultural Identity,3,0,-3,0.0,0.0,-0.0
T12568,Plant Taxonomy and Phylogenetics,3,0,-3,0.0,0.0,-0.0
T12263,Peacebuilding and International Security,1,2,1,0.0,0.0,0.0
T12237,Congenital gastrointestinal and neural anomalies,2,1,-1,0.0,0.0,-0.0
T12920,Healthcare and Environmental Waste Management,2,1,-1,0.0,0.0,-0.0
T11461,Local Government Finance and Decentralization,2,1,-1,0.0,0.0,-0.0
T12555,Ancient Egypt and Archaeology,2,1,-1,0.0,0.0,-0.0
T13004,Vitamin K Research Studies,2,1,-1,0.0,0.0,-0.0
T11120,Nonprofit Sector and Volunteering,2,1,-1,0.0,0.0,-0.0
T11938,ERP Systems Implementation and Impact,1,2,1,0.0,0.0,0.0
T13849,Enterobacteriaceae and Cronobacter Research,2,1,-1,0.0,0.0,-0.0
T10989,Uterine Myomas and Treatments,3,0,-3,0.0,0.0,-0.0
T13051,Qualitative Comparative Analysis Research,3,0,-3,0.0,0.0,-0.0
T12629,Island Studies and Pacific Affairs,2,1,-1,0.0,0.0,-0.0
T12802,Competency Development and Evaluation,1,2,1,0.0,0.0,0.0
T12910,Eicosanoids and Hypertension Pharmacology,3,0,-3,0.0,0.0,-0.0
T11649,Pharmaceutical industry and healthcare,1,2,1,0.0,0.0,0.0
T11706,Forensic Entomology and Diptera Studies,1,2,1,0.0,0.0,0.0
T12040,International Arbitration and Investment Law,1,2,1,0.0,0.0,0.0
T13079,Heavy Metals in Plants,2,1,-1,0.0,0.0,-0.0
T12430,Academic and Historical Perspectives in Psychology,1,2,1,0.0,0.0,0.0
T12027,Social Media in Health Education,1,2,1,0.0,0.0,0.0
T13453,Alkaline Phosphatase Research Studies,2,1,-1,0.0,0.0,-0.0
T11578,Plant Pathogenic Bacteria Studies,2,1,-1,0.0,0.0,-0.0
T13430,Lipid metabolism and disorders,2,1,-1,0.0,0.0,-0.0
T13675,Diffusion Coefficients in Liquids,1,2,1,0.0,0.0,0.0
T11969,Fluoride Effects and Removal,1,2,1,0.0,0.0,0.0
T10285,Venous Thromboembolism Diagnosis and Management,1,2,1,0.0,0.0,0.0
T11093,Personality Disorders and Psychopathology,1,2,1,0.0,0.0,0.0
T14390,Real estate and construction management,1,2,1,0.0,0.0,0.0
T13038,Internet of Things and AI,0,3,3,0.0,0.0,0.0
T14024,"Education, Philosophy, and Society",0,3,3,0.0,0.0,0.0
T13409,Paleopathology and ancient diseases,0,3,3,0.0,0.0,0.0
T13893,Sustainable Development and Policies,0,3,3,0.0,0.0,0.0
T10629,Health Policy Implementation Science,2,1,-1,0.0,0.0,-0.0
T14245,Biomarkers in Disease Mechanisms,2,1,-1,0.0,0.0,-0.0
T14118,Social and Demographic Issues in Germany,3,0,-3,0.0,0.0,-0.0
T10830,Airway Management and Intubation Techniques,1,2,1,0.0,0.0,0.0
T12131,Wireless Signal Modulation Classification,2,1,-1,0.0,0.0,-0.0
T12817,Pharmacological Effects of Natural Compounds,2,1,-1,0.0,0.0,-0.0
T11386,Bee Products Chemical Analysis,3,0,-3,0.0,0.0,-0.0
T13558,"Philosophy, Science, and History",2,1,-1,0.0,0.0,-0.0
T11330,Systemic Sclerosis and Related Diseases,2,1,-1,0.0,0.0,-0.0
T11271,Myasthenia Gravis and Thymoma,1,2,1,0.0,0.0,0.0
T10873,Bacterial Infections and Vaccines,1,2,1,0.0,0.0,0.0
T10314,Social and Intergroup Psychology,2,1,-1,0.0,0.0,-0.0
T13372,Archaeology and Historical Studies,3,0,-3,0.0,0.0,-0.0
T13795,"Language, Communication, and Linguistic Studies",1,2,1,0.0,0.0,0.0
T14207,Higher Education Practises and Engagement,2,1,-1,0.0,0.0,-0.0
T13681,Engineering and Information Technology,2,1,-1,0.0,0.0,-0.0
T12447,Spider Taxonomy and Behavior Studies,2,1,-1,0.0,0.0,-0.0
T12154,Pelvic and Acetabular Injuries,2,1,-1,0.0,0.0,-0.0
T11207,Alcohol Consumption and Health Effects,2,1,-1,0.0,0.0,-0.0
T12033,Agricultural Economics and Policy,2,1,-1,0.0,0.0,-0.0
T11691,Forest Insect Ecology and Management,2,1,-1,0.0,0.0,-0.0
T13679,Tardigrade Biology and Ecology,2,1,-1,0.0,0.0,-0.0
T11397,"Populism, Right-Wing Movements",0,3,3,0.0,0.0,0.0
T13530,Climate Change and Environmental Impact,0,3,3,0.0,0.0,0.0
T12353,Lexicography and Language Studies,0,3,3,0.0,0.0,0.0
T14456,Blasting Impact and Analysis,0,3,3,0.0,0.0,0.0
T12737,Electrical Fault Detection and Protection,0,3,3,0.0,0.0,0.0
T13790,Waste Management and Environmental Impact,0,3,3,0.0,0.0,0.0
T12803,Cinema History and Criticism,0,3,3,0.0,0.0,0.0
T11149,Veterinary Oncology Research,0,3,3,0.0,0.0,0.0
T13527,Transportation Systems and Logistics,0,3,3,0.0,0.0,0.0
T13040,"Gender, Education, and Development Issues",0,3,3,0.0,0.0,0.0
T13315,Occupational Health and Safety in Workplaces,0,3,3,0.0,0.0,0.0
T10070,Political Conflict and Governance,0,3,3,0.0,0.0,0.0
T12958,Digital Economy and Transformation,0,3,3,0.0,0.0,0.0
T14181,Academic Freedom and Politics,0,3,3,0.0,0.0,0.0
T13296,Physical Education and Sports Studies,0,3,3,0.0,0.0,0.0
T13816,Advanced Signal Processing Techniques,0,3,3,0.0,0.0,0.0
T13571,"Corporeality, Perception, and Education",0,3,3,0.0,0.0,0.0
T10006,Job Satisfaction and Organizational Behavior,0,3,3,0.0,0.0,0.0
T12915,Biochemical Acid Research Studies,2,0,-2,0.0,0.0,-0.0
T14477,"Management, Economics, and Public Policy",2,0,-2,0.0,0.0,-0.0
T12543,Groundwater and Watershed Analysis,1,1,0,0.0,0.0,0.0
T12132,Hymenoptera taxonomy and phylogeny,2,0,-2,0.0,0.0,-0.0
T13215,Global Maritime and Colonial Histories,2,0,-2,0.0,0.0,-0.0
T11194,Ocular Diseases and Behçet’s Syndrome,2,0,-2,0.0,0.0,-0.0
T12671,Management and Marketing Education,1,1,0,0.0,0.0,0.0
T13044,Biofield Effects and Biophysics,2,0,-2,0.0,0.0,-0.0
T13134,Latin American Literature Studies,1,1,0,0.0,0.0,0.0
T13103,Middle East Politics and Society,2,0,-2,0.0,0.0,-0.0
T13132,"Hydropower, Displacement, Environmental Impact",2,0,-2,0.0,0.0,-0.0
T12758,Saffron Plant Research Studies,1,1,0,0.0,0.0,0.0
T13332,"Historical Studies on Reproduction, Gender, Health, and Societal Changes",2,0,-2,0.0,0.0,-0.0
T12278,Vascular Tumors and Angiosarcomas,2,0,-2,0.0,0.0,-0.0
T11282,Fibromyalgia and Chronic Fatigue Syndrome Research,2,0,-2,0.0,0.0,-0.0
T12660,Plant Disease Management Techniques,2,0,-2,0.0,0.0,-0.0
T14388,Medieval European History and Architecture,2,0,-2,0.0,0.0,-0.0
T12749,"Race, Genetics, and Society",2,0,-2,0.0,0.0,-0.0
T10897,Antibiotic Use and Resistance,2,0,-2,0.0,0.0,-0.0
T11037,Fungal Infections and Studies,2,0,-2,0.0,0.0,-0.0
T12455,Mediterranean and Iberian flora and fauna,2,0,-2,0.0,0.0,-0.0
T14130,"Healthcare, Law, Governance, and Management Studies",2,0,-2,0.0,0.0,-0.0
T13479,Food Science and Nutritional Studies,1,1,0,0.0,0.0,0.0
T14229,Physical education and sports games research,1,1,0,0.0,0.0,0.0
T11348,Celiac Disease Research and Management,1,1,0,0.0,0.0,0.0
T13824,National Identity and Symbolism,2,0,-2,0.0,0.0,-0.0
T11587,Second Language Acquisition and Learning,1,1,0,0.0,0.0,0.0
T10737,Health Literacy and Information Accessibility,2,0,-2,0.0,0.0,-0.0
T11745,Potato Plant Research,2,0,-2,0.0,0.0,-0.0
T14313,Health and Well-being Studies,2,0,-2,0.0,0.0,-0.0
T13393,Child Nutrition and Feeding Issues,2,0,-2,0.0,0.0,-0.0
T13181,Economic and Technological Systems Analysis,2,0,-2,0.0,0.0,-0.0
T13149,Organizational Change and Leadership,1,1,0,0.0,0.0,0.0
T11679,Craniofacial Disorders and Treatments,2,0,-2,0.0,0.0,-0.0
T12633,Legal case studies and regulations,2,0,-2,0.0,0.0,-0.0
T13850,Night-time city culture,1,1,0,0.0,0.0,0.0
T11172,Dermatologic Treatments and Research,1,1,0,0.0,0.0,0.0
T10520,Mycotoxins in Agriculture and Food,2,0,-2,0.0,0.0,-0.0
T11955,Urban and spatial planning,1,1,0,0.0,0.0,0.0
T14208,"Death, Funerary Practices, and Mourning",2,0,-2,0.0,0.0,-0.0
T11971,"World Wars: History, Literature, and Impact",1,1,0,0.0,0.0,0.0
T14031,Global and Cross-Cultural Management,1,1,0,0.0,0.0,0.0
T13186,Russia and Soviet political economy,2,0,-2,0.0,0.0,-0.0
T14010,Food Industry and Aquatic Biology,1,1,0,0.0,0.0,0.0
T12942,Cultural Studies and Postmodernism,1,1,0,0.0,0.0,0.0
T13063,Education and experiences of immigrants and refugees,1,1,0,0.0,0.0,0.0
T11769,Copyright and Intellectual Property,1,1,0,0.0,0.0,0.0
T10485,"Bullying, Victimization, and Aggression",1,1,0,0.0,0.0,0.0
T10145,Consumer Behavior in Brand Consumption and Identification,1,1,0,0.0,0.0,0.0
T13839,"Tourism, Volunteerism, and Development",1,1,0,0.0,0.0,0.0
T13281,Andrographolide Research and Applications,1,1,0,0.0,0.0,0.0
T14097,Chemistry Education and Research,0,2,2,0.0,0.0,0.0
T12864,Psychoanalysis and Social Critique,0,2,2,0.0,0.0,0.0
T13939,Archaeology and Natural History,1,1,0,0.0,0.0,0.0
T10980,Vascular Malformations and Hemangiomas,0,2,2,0.0,0.0,0.0
T13300,Contemporary Social and Educational Issues,0,2,2,0.0,0.0,0.0
T12927,"Memory, History, Trauma, Identity",1,1,0,0.0,0.0,0.0
T13373,Data Mining and Machine Learning Applications,1,1,0,0.0,0.0,0.0
T13637,Calpain Protease Function and Regulation,1,1,0,0.0,0.0,0.0
T12880,Qualitative Research Methods and Applications,0,2,2,0.0,0.0,0.0
T12489,Microbial Metabolites in Food Biotechnology,1,1,0,0.0,0.0,0.0
T12298,Phytochemicals and Medicinal Plants,1,1,0,0.0,0.0,0.0
T13399,Unemployment and Economic Growth,0,2,2,0.0,0.0,0.0
T12995,Urban Development and Cultural Heritage,0,2,2,0.0,0.0,0.0
T12951,Burkholderia infections and melioidosis,0,2,2,0.0,0.0,0.0
T11378,Gastrointestinal Bleeding Diagnosis and Treatment,1,1,0,0.0,0.0,0.0
T11898,Economics of Agriculture and Food Markets,0,2,2,0.0,0.0,0.0
T13864,Indigenous Cultures and History,0,2,2,0.0,0.0,0.0
T12411,Shoulder and Clavicle Injuries,1,1,0,0.0,0.0,0.0
T14144,Neurological Disease Mechanisms and Treatments,1,1,0,0.0,0.0,0.0
T13832,Advanced Decision-Making Techniques,1,1,0,0.0,0.0,0.0
T11076,Policing Practices and Perceptions,1,1,0,0.0,0.0,0.0
T13546,Census and Population Estimation,0,2,2,0.0,0.0,0.0
T14209,Public health and occupational medicine,0,2,2,0.0,0.0,0.0
T10759,Translation Studies and Practices,1,1,0,0.0,0.0,0.0
T10272,Mental Health Treatment and Access,1,1,0,0.0,0.0,0.0
T10673,Gestational Diabetes Research and Management,1,1,0,0.0,0.0,0.0
T12664,Clinical practice guidelines implementation,1,1,0,0.0,0.0,0.0
T10861,Ear Surgery and Otitis Media,1,1,0,0.0,0.0,0.0
T14356,Organizational Leadership and Management Strategies,1,1,0,0.0,0.0,0.0
T11730,Autoimmune Bullous Skin Diseases,1,1,0,0.0,0.0,0.0
T12322,Animal health and immunology,1,1,0,0.0,0.0,0.0
T13914,European Cultural and National Identity,0,2,2,0.0,0.0,0.0
T11074,Helminth infection and control,1,1,0,0.0,0.0,0.0
T12615,Climate Change and Geoengineering,1,1,0,0.0,0.0,0.0
T13100,Comparative Animal Anatomy Studies,0,2,2,0.0,0.0,0.0
T11670,Pressure Ulcer Prevention and Management,1,1,0,0.0,0.0,0.0
T13411,Labor Market and Education,1,1,0,0.0,0.0,0.0
T13593,Historical and Archaeological Studies,1,1,0,0.0,0.0,0.0
T12731,Hidradenitis Suppurativa and Treatments,1,1,0,0.0,0.0,0.0
T11590,Primary Care and Health Outcomes,1,1,0,0.0,0.0,0.0
T11640,Linguistic Variation and Morphology,1,1,0,0.0,0.0,0.0
T14034,Musicians’ Health and Performance,0,2,2,0.0,0.0,0.0
T14248,Social impacts of COVID-19,0,2,2,0.0,0.0,0.0
T12714,Youth Education and Societal Dynamics,1,1,0,0.0,0.0,0.0
T14269,Food Security and Socioeconomic Dynamics,0,2,2,0.0,0.0,0.0
T11280,Hemophilia Treatment and Research,1,1,0,0.0,0.0,0.0
T10852,Temporomandibular Joint Disorders,1,1,0,0.0,0.0,0.0
T13722,Ergonomics and Human Factors,1,1,0,0.0,0.0,0.0
T13894,Indian Economic and Social Development,1,1,0,0.0,0.0,0.0
T12857,Medieval Philosophy and Theology,1,1,0,0.0,0.0,0.0
T11140,Natural Antidiabetic Agents Studies,1,1,0,0.0,0.0,0.0
T10536,Endodontics and Root Canal Treatments,1,1,0,0.0,0.0,0.0
T12829,Advanced Breast Cancer Therapies,1,1,0,0.0,0.0,0.0
T11356,Pleural and Pulmonary Diseases,1,1,0,0.0,0.0,0.0
T12249,Veterinary Orthopedics and Neurology,1,1,0,0.0,0.0,0.0
T13871,Melamine detection and toxicity,2,0,-2,0.0,0.0,-0.0
T13953,Digital Imaging in Medicine,2,0,-2,0.0,0.0,-0.0
T12021,Social and Educational Sciences,2,0,-2,0.0,0.0,-0.0
T13119,Philosophy and Social Theory,2,0,-2,0.0,0.0,-0.0
T13713,Diverse Perspectives in Modern Studies,2,0,-2,0.0,0.0,-0.0
T13201,Infectious Encephalopathies and Encephalitis,2,0,-2,0.0,0.0,-0.0
T11537,Ethics in medical practice,2,0,-2,0.0,0.0,-0.0
T13334,South Asian Cinema and Culture,2,0,-2,0.0,0.0,-0.0
T13748,Advanced Statistical Modeling Techniques,2,0,-2,0.0,0.0,-0.0
T12060,Child Development and Digital Technology,2,0,-2,0.0,0.0,-0.0
T13990,Engine and Fuel Emissions,2,0,-2,0.0,0.0,-0.0
T12418,Respiratory and Cough-Related Research,2,0,-2,0.0,0.0,-0.0
T11866,Reconstructive Facial Surgery Techniques,2,0,-2,0.0,0.0,-0.0
T13238,Botanical Studies and Applications,2,0,-2,0.0,0.0,-0.0
T14165,Inflammation biomarkers and pathways,2,0,-2,0.0,0.0,-0.0
T13996,Diverse Musicological Studies,2,0,-2,0.0,0.0,-0.0
T11042,Corruption and Economic Development,2,0,-2,0.0,0.0,-0.0
T13498,Economic Development and Digital Transformation,2,0,-2,0.0,0.0,-0.0
T14341,"Education, Technology, and Ethics",2,0,-2,0.0,0.0,-0.0
T12310,Crop Yield and Soil Fertility,2,0,-2,0.0,0.0,-0.0
T13634,Middle East and Rwanda Conflicts,2,0,-2,0.0,0.0,-0.0
T11855,Gastrointestinal disorders and treatments,2,0,-2,0.0,0.0,-0.0
T11732,Assisted Reproductive Technology and Twin Pregnancy,2,0,-2,0.0,0.0,-0.0
T13205,Geological and Geophysical Studies Worldwide,2,0,-2,0.0,0.0,-0.0
T11857,Archaeological and Historical Studies,2,0,-2,0.0,0.0,-0.0
T11556,"Poverty, Education, and Child Welfare",2,0,-2,0.0,0.0,-0.0
T13307,Diverse Scientific and Engineering Research,2,0,-2,0.0,0.0,-0.0
T11226,Milk Quality and Mastitis in Dairy Cows,2,0,-2,0.0,0.0,-0.0
T14305,Modern American Literature Studies,2,0,-2,0.0,0.0,-0.0
T13613,"Health, Education, and Cultural Studies",2,0,-2,0.0,0.0,-0.0
T12624,Maritime and Coastal Archaeology,2,0,-2,0.0,0.0,-0.0
T12752,Global Peace and Security Dynamics,2,0,-2,0.0,0.0,-0.0
T13248,Healthcare Technology and Patient Monitoring,2,0,-2,0.0,0.0,-0.0
T13310,Subtitles and Audiovisual Media,2,0,-2,0.0,0.0,-0.0
T14086,Military and Defense Studies,2,0,-2,0.0,0.0,-0.0
T13579,Image and Video Stabilization,1,1,0,0.0,0.0,0.0
T13583,Jury Decision Making Processes,1,1,0,0.0,0.0,0.0
T10668,Endometrial and Cervical Cancer Treatments,2,0,-2,0.0,0.0,-0.0
T11035,Salivary Gland Tumors Diagnosis and Treatment,2,0,-2,0.0,0.0,-0.0
T13918,Advanced Data and IoT Technologies,2,0,-2,0.0,0.0,-0.0
T12103,Cancer Risks and Factors,2,0,-2,0.0,0.0,-0.0
T13444,Medical Research and Treatments,2,0,-2,0.0,0.0,-0.0
T12974,Modernist Literature and Criticism,2,0,-2,0.0,0.0,-0.0
T14515,International Law and Aviation,2,0,-2,0.0,0.0,-0.0
T12454,European Political History Analysis,2,0,-2,0.0,0.0,-0.0
T12663,Body Image and Dysmorphia Studies,2,0,-2,0.0,0.0,-0.0
T10318,Criminal Justice and Corrections Analysis,1,1,0,0.0,0.0,0.0
T11943,Pharmacovigilance and Adverse Drug Reactions,1,1,0,0.0,0.0,0.0
T13935,Mathematical Control Systems and Analysis,2,0,-2,0.0,0.0,-0.0
T13388,Rangeland and Wildlife Management,1,1,0,0.0,0.0,0.0
T13229,Gothic Literature and Media Analysis,1,1,0,0.0,0.0,0.0
T12566,Nitrogen and Sulfur Effects on Brassica,2,0,-2,0.0,0.0,-0.0
T12429,Chemotherapy-induced organ toxicity mitigation,2,0,-2,0.0,0.0,-0.0
T11004,Crustacean biology and ecology,2,0,-2,0.0,0.0,-0.0
T12257,Bioactive natural compounds,2,0,-2,0.0,0.0,-0.0
T12711,Immigration and Intercultural Education,1,1,0,0.0,0.0,0.0
T11551,Infective Endocarditis Diagnosis and Management,2,0,-2,0.0,0.0,-0.0
T10198,Heart Failure Treatment and Management,1,1,0,0.0,0.0,0.0
T12156,World Trade Organization Law,2,0,-2,0.0,0.0,-0.0
T11038,Advanced SAR Imaging Techniques,1,1,0,0.0,0.0,0.0
T12935,Healthcare Systems and Public Health,2,0,-2,0.0,0.0,-0.0
T12683,Studies on Chitinases and Chitosanases,1,1,0,0.0,0.0,0.0
T13765,Social Science and Policy Research,1,1,0,0.0,0.0,0.0
T14250,Energy and Environmental Systems,1,1,0,0.0,0.0,0.0
T12361,Study of Mite Species,2,0,-2,0.0,0.0,-0.0
T13405,Educational Assessment and Improvement,2,0,-2,0.0,0.0,-0.0
T13342,Art History and Market Analysis,2,0,-2,0.0,0.0,-0.0
T11613,Phytochemistry and Biological Activities,2,0,-2,0.0,0.0,-0.0
T13730,"Martial Arts: Techniques, Psychology, and Education",1,1,0,0.0,0.0,0.0
T13877,Law in Society and Culture,2,0,-2,0.0,0.0,-0.0
T13950,Collembola Taxonomy and Ecology Studies,1,1,0,0.0,0.0,0.0
T13037,Piperaceae Chemical and Biological Studies,2,0,-2,0.0,0.0,-0.0
T14315,Feminist Theory and Gender Studies,2,0,-2,0.0,0.0,-0.0
T11696,Conflict Management and Negotiation,1,1,0,0.0,0.0,0.0
T12473,Pacific and Southeast Asian Studies,2,0,-2,0.0,0.0,-0.0
T12045,Rice Cultivation and Yield Improvement,2,0,-2,0.0,0.0,-0.0
T13381,Heart rate and cardiovascular health,2,0,-2,0.0,0.0,-0.0
T12900,Organ and Tissue Transplantation Research,2,0,-2,0.0,0.0,-0.0
T13511,Geodetic Measurements and Engineering Structures,1,1,0,0.0,0.0,0.0
T12087,Natural Compound Pharmacology Studies,2,0,-2,0.0,0.0,-0.0
T11029,Renal Diseases and Glomerulopathies,1,1,0,0.0,0.0,0.0
T10154,Customer Service Quality and Loyalty,1,1,0,0.0,0.0,0.0
T14365,Leaf Properties and Growth Measurement,2,0,-2,0.0,0.0,-0.0
T12319,Fish Biology and Ecology Studies,2,0,-2,0.0,0.0,-0.0
T12532,Historical and Cultural Archaeology Studies,2,0,-2,0.0,0.0,-0.0
T10335,Colorectal Cancer Surgical Treatments,1,1,0,0.0,0.0,0.0
T13216,Artistic and Creative Research,1,1,0,0.0,0.0,0.0
T13365,Medical and Biological Ozone Research,1,1,0,0.0,0.0,0.0
T13780,Diverse Education Studies and Reforms,1,1,0,0.0,0.0,0.0
T13509,Accounting and Financial Management,1,1,0,0.0,0.0,0.0
T14486,"Cardiovascular, Neuropeptides, and Oxidative Stress Research",1,1,0,0.0,0.0,0.0
T11956,Sexual Differentiation and Disorders,1,1,0,0.0,0.0,0.0
T11070,Soviet and Russian History,1,1,0,0.0,0.0,0.0
T12280,Magnesium in Health and Disease,2,0,-2,0.0,0.0,-0.0
T14499,Livestock Farming and Management,1,1,0,0.0,0.0,0.0
T13354,Genetics and Physical Performance,1,1,0,0.0,0.0,0.0
T14058,Value Engineering and Management,1,1,0,0.0,0.0,0.0
T12089,Intestinal and Peritoneal Adhesions,1,1,0,0.0,0.0,0.0
T13919,Medicinal plant effects and applications,1,1,0,0.0,0.0,0.0
T13065,Mining Techniques and Economics,1,1,0,0.0,0.0,0.0
T11678,Healthcare Decision-Making and Restraints,1,1,0,0.0,0.0,0.0
T14224,"Oil, Gas, and Environmental Issues",1,1,0,0.0,0.0,0.0
T11734,Decision Support System Applications,0,2,2,0.0,0.0,0.0
T14521,Medicinal Plant Research,0,2,2,0.0,0.0,0.0
T14045,"Health, Education, and Physical Culture",0,2,2,0.0,0.0,0.0
T13148,Environmental and Air Quality Management,0,2,2,0.0,0.0,0.0
T11084,Workplace Health and Well-being,0,2,2,0.0,0.0,0.0
T13548,Environmental and biological studies,0,2,2,0.0,0.0,0.0
T12710,Engineering and Agricultural Innovations,0,2,2,0.0,0.0,0.0
T14517,Diverse Historical and Scientific Studies,0,2,2,0.0,0.0,0.0
T12840,Renal function and acid-base balance,0,2,2,0.0,0.0,0.0
T14386,"Libraries, Manuscripts, and Books",0,2,2,0.0,0.0,0.0
T13569,Microscopic Colitis,2,0,-2,0.0,0.0,-0.0
T12210,Policy Transfer and Learning,2,0,-2,0.0,0.0,-0.0
T12151,Interpreting and Communication in Healthcare,2,0,-2,0.0,0.0,-0.0
T13831,Archaeological and Geological Studies,2,0,-2,0.0,0.0,-0.0
T14028,Healthcare and Venom Research,2,0,-2,0.0,0.0,-0.0
T10893,Chinese history and philosophy,1,1,0,0.0,0.0,0.0
T13131,Collaborative Teaching and Inclusion,2,0,-2,0.0,0.0,-0.0
T14373,Securities Regulation and Market Practices,2,0,-2,0.0,0.0,-0.0
T13002,Southeast Asian Sociopolitical Studies,2,0,-2,0.0,0.0,-0.0
T13568,Wood and Agarwood Research,2,0,-2,0.0,0.0,-0.0
T14325,Diverse Specialized Academic Research,2,0,-2,0.0,0.0,-0.0
T14364,Clusterin in disease pathology,2,0,-2,0.0,0.0,-0.0
T13727,Linguistic and Sociocultural Studies,2,0,-2,0.0,0.0,-0.0
T11560,Animal Disease Management and Epidemiology,2,0,-2,0.0,0.0,-0.0
T12001,Fossil Insects in Amber,2,0,-2,0.0,0.0,-0.0
T10942,"Sports, Gender, and Society",1,1,0,0.0,0.0,0.0
T10257,Oral microbiology and periodontitis research,2,0,-2,0.0,0.0,-0.0
T11958,Dental Erosion and Treatment,1,1,0,0.0,0.0,0.0
T10997,Ocular Surface and Contact Lens,2,0,-2,0.0,0.0,-0.0
T11765,Circular RNAs in diseases,1,1,0,0.0,0.0,0.0
T12471,History of Science and Natural History,0,2,2,0.0,0.0,0.0
T13934,Indigenous Knowledge Systems and Agriculture,0,2,2,0.0,0.0,0.0
T14189,Intravenous Infusion Technology and Safety,0,2,2,0.0,0.0,0.0
T14242,"Nutrition, Health, and Society Studies",0,2,2,0.0,0.0,0.0
T11421,Labor Movements and Unions,0,2,2,0.0,0.0,0.0
T13876,Chemical synthesis and pharmacological studies,0,2,2,0.0,0.0,0.0
T13030,Survey Sampling and Estimation Techniques,0,2,2,0.0,0.0,0.0
T13557,Environmental and sustainability education,0,2,2,0.0,0.0,0.0
T14455,Technology and Education Systems,0,2,2,0.0,0.0,0.0
T10496,Pharmaceutical Practices and Patient Outcomes,0,2,2,0.0,0.0,0.0
T12548,Hemostasis and retained surgical items,0,2,2,0.0,0.0,0.0
T13284,Psychology Research and Bibliometrics,0,2,2,0.0,0.0,0.0
T10697,Vasculitis and related conditions,0,2,2,0.0,0.0,0.0
T14065,Biological Research and Disease Studies,1,0,-1,0.0,0.0,-0.0
T11625,Abdominal vascular conditions and treatments,1,0,-1,0.0,0.0,-0.0
T13077,Cancer-related cognitive impairment studies,1,0,-1,0.0,0.0,-0.0
T13045,Industrial Engineering and Technologies,1,0,-1,0.0,0.0,-0.0
T13927,Cyberloafing and Workplace Behavior,1,0,-1,0.0,0.0,-0.0
T11712,Intergenerational Family Dynamics and Caregiving,1,0,-1,0.0,0.0,-0.0
T14376,Science and Education Research,1,0,-1,0.0,0.0,-0.0
T14440,Quality of Life Measurement,1,0,-1,0.0,0.0,-0.0
T12969,Economic and Social Development,1,0,-1,0.0,0.0,-0.0
T12059,Berberine and alkaloids research,1,0,-1,0.0,0.0,-0.0
T14343,Hispanic-African Historical Relations,1,0,-1,0.0,0.0,-0.0
T12936,"Conflict, Peace, and Violence in Colombia",1,0,-1,0.0,0.0,-0.0
T13153,Rousseau and Enlightenment Thought,1,0,-1,0.0,0.0,-0.0
T14230,Occupational and Professional Licensing Regulation,1,0,-1,0.0,0.0,-0.0
T13085,"Education, Psychology, and Social Research",1,0,-1,0.0,0.0,-0.0
T13347,Christian Theology and Mission,1,0,-1,0.0,0.0,-0.0
T10189,Anesthesia and Pain Management,1,0,-1,0.0,0.0,-0.0
T12666,Historical Psychiatry and Medical Practices,1,0,-1,0.0,0.0,-0.0
T11540,"Gender, Feminism, and Media",1,0,-1,0.0,0.0,-0.0
T11494,Coleoptera Taxonomy and Distribution,1,0,-1,0.0,0.0,-0.0
T12459,Nerve Injury and Rehabilitation,1,0,-1,0.0,0.0,-0.0
T12778,History of Medicine and Tropical Health,1,0,-1,0.0,0.0,-0.0
T13671,Philosophy and Phenomenology Studies,1,0,-1,0.0,0.0,-0.0
T14084,Methodology and Impact of Social Science Research,1,0,-1,0.0,0.0,-0.0
T12135,Fuzzy Systems and Optimization,1,0,-1,0.0,0.0,-0.0
T13836,Educational Research and Pedagogy,1,0,-1,0.0,0.0,-0.0
T14286,Parkinson's Disease and Spinal Disorders,1,0,-1,0.0,0.0,-0.0
T10794,Islamic Studies and History,1,0,-1,0.0,0.0,-0.0
T11922,Cardiovascular Effects of Exercise,1,0,-1,0.0,0.0,-0.0
T12049,Tuberous Sclerosis Complex Research,1,0,-1,0.0,0.0,-0.0
T12947,"Health, psychology, and well-being",1,0,-1,0.0,0.0,-0.0
T14225,Advanced Sensor and Control Systems,1,0,-1,0.0,0.0,-0.0
T12816,Global Public Health Policies and Epidemiology,1,0,-1,0.0,0.0,-0.0
T12296,Autopsy Techniques and Outcomes,1,0,-1,0.0,0.0,-0.0
T14302,European Politics and Security,1,0,-1,0.0,0.0,-0.0
T12764,Polish Historical and Cultural Studies,1,0,-1,0.0,0.0,-0.0
T12344,Silicon Effects in Agriculture,1,0,-1,0.0,0.0,-0.0
T14199,Historical and Scientific Studies,1,0,-1,0.0,0.0,-0.0
T13457,"Dental Education, Practice, Research",1,0,-1,0.0,0.0,-0.0
T12860,Family and Patient Care in Intensive Care Units,1,0,-1,0.0,0.0,-0.0
T13392,History of Education in Spain,1,0,-1,0.0,0.0,-0.0
T13556,Historical Influence and Diplomacy,1,0,-1,0.0,0.0,-0.0
T13000,World Systems and Global Transformations,1,0,-1,0.0,0.0,-0.0
T13555,"Healthcare cost, quality, practices",1,0,-1,0.0,0.0,-0.0
T14182,Technology-Enhanced Education Studies,1,0,-1,0.0,0.0,-0.0
T12439,Dental Research and COVID-19,1,0,-1,0.0,0.0,-0.0
T12843,Human Resource and Talent Management,1,0,-1,0.0,0.0,-0.0
T14430,Higher Education and Teaching Methods,1,0,-1,0.0,0.0,-0.0
T13142,GABA and Rice Research,1,0,-1,0.0,0.0,-0.0
T12934,Plant and fungal interactions,1,0,-1,0.0,0.0,-0.0
T10992,Forensic Anthropology and Bioarchaeology Studies,1,0,-1,0.0,0.0,-0.0
T12884,Educational Assessment and Pedagogy,1,0,-1,0.0,0.0,-0.0
T13608,Advanced Computational Techniques in Science and Engineering,1,0,-1,0.0,0.0,-0.0
T11910,Foreign Body Medical Cases,1,0,-1,0.0,0.0,-0.0
T14004,History and Cultural Heritage,1,0,-1,0.0,0.0,-0.0
T13338,Pharmacological Effects and Assays,1,0,-1,0.0,0.0,-0.0
T14259,Legal Rights and Human Rights,1,0,-1,0.0,0.0,-0.0
T13777,Cognitive and psychological constructs research,1,0,-1,0.0,0.0,-0.0
T12530,Bioactive Natural Diterpenoids Research,1,0,-1,0.0,0.0,-0.0
T13279,Safe Handling of Antineoplastic Drugs,1,0,-1,0.0,0.0,-0.0
T14061,Educational Practices and Policies,1,0,-1,0.0,0.0,-0.0
T11638,Cardiac tumors and thrombi,1,0,-1,0.0,0.0,-0.0
T13048,Patient Dignity and Privacy,1,0,-1,0.0,0.0,-0.0
T14451,Historical and Religious Studies of Rome,1,0,-1,0.0,0.0,-0.0
T12582,Flavonoids in Medical Research,1,0,-1,0.0,0.0,-0.0
T13958,"Education, Innovation and Language Studies",1,0,-1,0.0,0.0,-0.0
T11982,Rhetoric and Communication Studies,1,0,-1,0.0,0.0,-0.0
T14105,Cultural and Artistic Studies,1,0,-1,0.0,0.0,-0.0
T13578,Stonefly species taxonomy and ecology,1,0,-1,0.0,0.0,-0.0
T13636,Pentecostalism and Christianity Studies,1,0,-1,0.0,0.0,-0.0
T13193,Geological Studies and Exploration,1,0,-1,0.0,0.0,-0.0
T13001,Restraint-Related Deaths,1,0,-1,0.0,0.0,-0.0
T12569,Restless Legs Syndrome Research,1,0,-1,0.0,0.0,-0.0
T11285,Hearing Impairment and Communication,1,0,-1,0.0,0.0,-0.0
T11092,Spondyloarthritis Studies and Treatments,1,0,-1,0.0,0.0,-0.0
T12363,Academic Research in Diverse Fields,1,0,-1,0.0,0.0,-0.0
T13353,Flow Experience in Various Fields,1,0,-1,0.0,0.0,-0.0
T13086,Post-Soviet Geopolitical Dynamics,1,0,-1,0.0,0.0,-0.0
T12550,"Politics and Conflicts in Afghanistan, Pakistan, and Middle East",1,0,-1,0.0,0.0,-0.0
T13434,Cancer Research and Treatment,1,0,-1,0.0,0.0,-0.0
T10259,Sociology and Education Studies,1,0,-1,0.0,0.0,-0.0
T11571,Sarcoidosis and Beryllium Toxicity Research,1,0,-1,0.0,0.0,-0.0
T10671,Gastroesophageal reflux and treatments,1,0,-1,0.0,0.0,-0.0
T11163,Organ Donation and Transplantation,1,0,-1,0.0,0.0,-0.0
T12800,Musculoskeletal synovial abnormalities and treatments,1,0,-1,0.0,0.0,-0.0
T13207,Youth Substance Use and School Attendance,1,0,-1,0.0,0.0,-0.0
T13846,Mangiferin and Mango Extracts,1,0,-1,0.0,0.0,-0.0
T13504,African history and culture analysis,1,0,-1,0.0,0.0,-0.0
T11929,Cerebral Venous Sinus Thrombosis,1,0,-1,0.0,0.0,-0.0
T13863,Cultural History and Identity Formation,1,0,-1,0.0,0.0,-0.0
T12339,Medical Malpractice and Liability Issues,1,0,-1,0.0,0.0,-0.0
T11350,Sex work and related issues,1,0,-1,0.0,0.0,-0.0
T12136,Vanadium and Halogenation Chemistry,1,0,-1,0.0,0.0,-0.0
T13708,History of Emotions Research,1,0,-1,0.0,0.0,-0.0
T13293,Engineering and Test Systems,1,0,-1,0.0,0.0,-0.0
T14319,Currency Recognition and Detection,1,0,-1,0.0,0.0,-0.0
T12599,Retinal and Optic Conditions,1,0,-1,0.0,0.0,-0.0
T14400,Medical Coding and Health Information,1,0,-1,0.0,0.0,-0.0
T12691,Coccidia and coccidiosis research,1,0,-1,0.0,0.0,-0.0
T13447,Educational and Psychological Assessments,1,0,-1,0.0,0.0,-0.0
T12323,Asian American and Pacific Histories,1,0,-1,0.0,0.0,-0.0
T13598,Political Developments and Conflicts,1,0,-1,0.0,0.0,-0.0
T10265,Multilingual Education and Policy,1,0,-1,0.0,0.0,-0.0
T14329,Science and Climate Studies,1,0,-1,0.0,0.0,-0.0
T14395,African history and culture studies,0,1,1,0.0,0.0,0.0
T14443,"COVID-19, Geopolitics, Technology, Migration",0,1,1,0.0,0.0,0.0
T12426,Lymphatic Disorders and Treatments,0,1,1,0.0,0.0,0.0
T11355,Inflammatory Biomarkers in Disease Prognosis,0,1,1,0.0,0.0,0.0
T11203,Jewish and Middle Eastern Studies,0,1,1,0.0,0.0,0.0
T12984,Transport and Logistics Innovations,0,1,1,0.0,0.0,0.0
T12888,Military Strategy and Technology,0,1,1,0.0,0.0,0.0
T11258,Breast Implant and Reconstruction,0,1,1,0.0,0.0,0.0
T11767,Poxvirus research and outbreaks,0,1,1,0.0,0.0,0.0
T13010,Agriculture and Agroindustry Studies,0,1,1,0.0,0.0,0.0
T12397,Critical Theory and Philosophy,0,1,1,0.0,0.0,0.0
T14020,Medical research and treatments,0,1,1,0.0,0.0,0.0
T14410,Safety and Risk Management,0,1,1,0.0,0.0,0.0
T13963,Organizational Management and Leadership,0,1,1,0.0,0.0,0.0
T14255,European Law and Migration,0,1,1,0.0,0.0,0.0
T14124,"Food, Nutrition, and Cultural Practices",0,1,1,0.0,0.0,0.0
T12215,Phytochemical Studies and Bioactivities,0,1,1,0.0,0.0,0.0
T12807,Consumer Behavior and Market Dynamics,0,1,1,0.0,0.0,0.0
T13896,Health Services Management and Policy,0,1,1,0.0,0.0,0.0
T10508,Patient Safety and Medication Errors,0,1,1,0.0,0.0,0.0
T12384,Customer churn and segmentation,0,1,1,0.0,0.0,0.0
T12844,Psychology and Mental Health,0,1,1,0.0,0.0,0.0
T11909,Histiocytic Disorders and Treatments,0,1,1,0.0,0.0,0.0
T11199,Pain Management and Opioid Use,0,1,1,0.0,0.0,0.0
T11964,Pregnancy and Medication Impact,0,1,1,0.0,0.0,0.0
T14116,Aviation History and Innovations,0,1,1,0.0,0.0,0.0
T13420,Arduino and IoT Applications,0,1,1,0.0,0.0,0.0
T12680,Cultural and Mythological Studies,0,1,1,0.0,0.0,0.0
T11098,Seed Germination and Physiology,0,1,1,0.0,0.0,0.0
T13467,Drug-Induced Ocular Toxicity,0,1,1,0.0,0.0,0.0
T13305,Teacher Professional Development and Motivation,0,1,1,0.0,0.0,0.0
T12734,Information Systems and Technology Applications,0,1,1,0.0,0.0,0.0
T10293,Thyroid Disorders and Treatments,0,1,1,0.0,0.0,0.0
T13304,Synthesis and Reactivity of Sulfur-Containing Compounds,0,1,1,0.0,0.0,0.0
T13817,"Tannin, Tannase and Anticancer Activities",0,1,1,0.0,0.0,0.0
T13929,Educational Outcomes and Influences,0,1,1,0.0,0.0,0.0
T14112,"Economic, financial, and policy analysis",0,1,1,0.0,0.0,0.0
T11820,Learning Styles and Cognitive Differences,0,1,1,0.0,0.0,0.0
T12531,Values and Moral Education,0,1,1,0.0,0.0,0.0
T13290,Diverse Industrial Engineering Technologies,0,1,1,0.0,0.0,0.0
T13700,Gender Studies and Social Issues,0,1,1,0.0,0.0,0.0
T13788,Cultural Identity and Representation,0,1,1,0.0,0.0,0.0
T12895,Environmental law and policy,0,1,1,0.0,0.0,0.0
T14435,Information Retrieval and Data Mining,0,1,1,0.0,0.0,0.0
T13900,Contemporary and Historical Greek Studies,0,1,1,0.0,0.0,0.0
T13340,Palliative and Oncologic Care,0,1,1,0.0,0.0,0.0
T10297,Philosophical Ethics and Theory,1,0,-1,0.0,0.0,-0.0
T13956,Sociopolitical Dynamics in Nepal,1,0,-1,0.0,0.0,-0.0
T12785,Hong Kong and Taiwan Politics,1,0,-1,0.0,0.0,-0.0
T13763,Historical Legal Studies and Society,1,0,-1,0.0,0.0,-0.0
T11944,Participatory Visual Research Methods,1,0,-1,0.0,0.0,-0.0
T14484,Technology and Data Analysis,1,0,-1,0.0,0.0,-0.0
T13669,China's Global Influence and Migration,1,0,-1,0.0,0.0,-0.0
T12512,History of Colonial Brazil,1,0,-1,0.0,0.0,-0.0
T11116,"Trauma, Hemostasis, Coagulopathy, Resuscitation",1,0,-1,0.0,0.0,-0.0
T11967,Electrolyte and hormonal disorders,1,0,-1,0.0,0.0,-0.0
T13091,Human Health and Disease,1,0,-1,0.0,0.0,-0.0
T11713,Genital Health and Disease,1,0,-1,0.0,0.0,-0.0
T13459,Public Administration and Political Analysis,1,0,-1,0.0,0.0,-0.0
T12498,Latin American Cultural Politics,1,0,-1,0.0,0.0,-0.0
T13597,Medicine and Dermatology Studies History,1,0,-1,0.0,0.0,-0.0
T12437,"Balkans: History, Politics, Society",1,0,-1,0.0,0.0,-0.0
T12453,Infectious Aortic and Vascular Conditions,1,0,-1,0.0,0.0,-0.0
T12116,Dermatological diseases and infestations,1,0,-1,0.0,0.0,-0.0
T12902,Public Policy and Governance,1,0,-1,0.0,0.0,-0.0
T13621,Ancient and Medieval Archaeology Studies,1,0,-1,0.0,0.0,-0.0
T12198,Oral health in cancer treatment,1,0,-1,0.0,0.0,-0.0
T12196,Community Health and Development,1,0,-1,0.0,0.0,-0.0
T10584,Reproductive Physiology in Livestock,1,0,-1,0.0,0.0,-0.0
T13095,Plant-based Medicinal Research,1,0,-1,0.0,0.0,-0.0
T14323,"Agriculture, Water, and Health",1,0,-1,0.0,0.0,-0.0
T13770,Pediatric health and respiratory diseases,1,0,-1,0.0,0.0,-0.0
T13590,"Oral History, Memory, Narrative Analysis",1,0,-1,0.0,0.0,-0.0
T13514,Experience-Based Knowledge Management,1,0,-1,0.0,0.0,-0.0
T14289,"Anthropology: Ethics, History, Culture",1,0,-1,0.0,0.0,-0.0
T10390,Ovarian function and disorders,1,0,-1,0.0,0.0,-0.0
T13949,Belt and Road Initiative,1,0,-1,0.0,0.0,-0.0
T10373,Renal Transplantation Outcomes and Treatments,1,0,-1,0.0,0.0,-0.0
T13587,Q Methodology Applications,1,0,-1,0.0,0.0,-0.0
T12831,School Health and Nursing Education,1,0,-1,0.0,0.0,-0.0
T13245,Samuel Beckett and Modernism,1,0,-1,0.0,0.0,-0.0
T14008,Balkan and Eastern European Studies,1,0,-1,0.0,0.0,-0.0
T13161,Ideological and Political Education,1,0,-1,0.0,0.0,-0.0
T14446,Civil and Geotechnical Engineering Research,1,0,-1,0.0,0.0,-0.0
T10475,Psychological Well-being and Life Satisfaction,1,0,-1,0.0,0.0,-0.0
T14437,Ethics and Legal Issues in Pediatric Healthcare,1,0,-1,0.0,0.0,-0.0
T13309,Reliability and Agreement in Measurement,1,0,-1,0.0,0.0,-0.0
T12970,"Names, Identity, and Discrimination Research",1,0,-1,0.0,0.0,-0.0
T12434,Phosphodiesterase function and regulation,1,0,-1,0.0,0.0,-0.0
T13980,Alexander von Humboldt Studies,1,0,-1,0.0,0.0,-0.0
T12313,Emotions and Moral Behavior,1,0,-1,0.0,0.0,-0.0
T12595,Romani and Gypsy Studies,1,0,-1,0.0,0.0,-0.0
T13902,Indian History and Philosophy,1,0,-1,0.0,0.0,-0.0
T10910,Corporate Governance and Management,1,0,-1,0.0,0.0,-0.0
T11889,Ginseng Biological Effects and Applications,1,0,-1,0.0,0.0,-0.0
T14260,Impact of AI and Big Data on Business and Society,1,0,-1,0.0,0.0,-0.0
T11892,Kawasaki Disease and Coronary Complications,1,0,-1,0.0,0.0,-0.0
T14258,Legal and Policy Issues,1,0,-1,0.0,0.0,-0.0
T12407,Plant Growth Enhancement Techniques,1,0,-1,0.0,0.0,-0.0
T13327,"Arts, Culture, and Music Studies",1,0,-1,0.0,0.0,-0.0
T13313,Dupuytren's Contracture and Treatments,1,0,-1,0.0,0.0,-0.0
T12312,"Culture, Economy, and Development Studies",1,0,-1,0.0,0.0,-0.0
T13256,Archaeology and Rock Art Studies,1,0,-1,0.0,0.0,-0.0
T10674,School Choice and Performance,1,0,-1,0.0,0.0,-0.0
T14369,Diverse Interdisciplinary Research Innovations,1,0,-1,0.0,0.0,-0.0
T12269,Effects of Vibration on Health,1,0,-1,0.0,0.0,-0.0
T14474,Industrial Technology and Control Systems,1,0,-1,0.0,0.0,-0.0
T12359,Fern and Epiphyte Biology,1,0,-1,0.0,0.0,-0.0
T13075,Legal Systems and Judicial Processes,1,0,-1,0.0,0.0,-0.0
T13589,Literary and Cultural Studies,1,0,-1,0.0,0.0,-0.0
T13476,Indonesian Election Politics and Participation,1,0,-1,0.0,0.0,-0.0
T13540,Animal Diversity and Health Studies,1,0,-1,0.0,0.0,-0.0
T13325,Dye analysis and toxicity,1,0,-1,0.0,0.0,-0.0
T13029,South Asian Studies and Conflicts,1,0,-1,0.0,0.0,-0.0
T10802,Judicial and Constitutional Studies,1,0,-1,0.0,0.0,-0.0
T14292,"Migration, Policy, and Dickens Studies",1,0,-1,0.0,0.0,-0.0
T13739,Medieval and Early Modern Justice,1,0,-1,0.0,0.0,-0.0
T12521,Death Anxiety and Social Exclusion,1,0,-1,0.0,0.0,-0.0
T13094,Mining and Gasification Technologies,1,0,-1,0.0,0.0,-0.0
T14348,Marriage and Family Dynamics,1,0,-1,0.0,0.0,-0.0
T11662,Legal Cases and Commentary,1,0,-1,0.0,0.0,-0.0
T12863,Web and Library Services,1,0,-1,0.0,0.0,-0.0
T12945,Quality Function Deployment in Product Design,1,0,-1,0.0,0.0,-0.0
T11656,Turtle Biology and Conservation,1,0,-1,0.0,0.0,-0.0
T13341,Belt Conveyor Systems Engineering,1,0,-1,0.0,0.0,-0.0
T14101,Financial Crisis of the 21st Century,1,0,-1,0.0,0.0,-0.0
T10366,Discourse Analysis in Language Studies,1,0,-1,0.0,0.0,-0.0
T11836,Bryophyte Studies and Records,1,0,-1,0.0,0.0,-0.0
T11676,Parental Involvement in Education,1,0,-1,0.0,0.0,-0.0
T12681,Global Healthcare and Medical Tourism,1,0,-1,0.0,0.0,-0.0
T13383,Tumors and Oncological Cases,1,0,-1,0.0,0.0,-0.0
T10774,Weed Control and Herbicide Applications,1,0,-1,0.0,0.0,-0.0
T13122,Linguistics and Cultural Studies,1,0,-1,0.0,0.0,-0.0
T14450,Employee Welfare and Language Studies,1,0,-1,0.0,0.0,-0.0
T10027,"Diabetes, Cardiovascular Risks, and Lipoproteins",1,0,-1,0.0,0.0,-0.0
T14044,Medical and Agricultural Research Studies,1,0,-1,0.0,0.0,-0.0
T14070,Knowledge Societies in the 21st Century,1,0,-1,0.0,0.0,-0.0
T13906,Social Issues and Policies,1,0,-1,0.0,0.0,-0.0
T12849,Parvovirus B19 Infection Studies,1,0,-1,0.0,0.0,-0.0
T11265,Aging and Gerontology Research,1,0,-1,0.0,0.0,-0.0
T13719,Phytochemistry and Bioactivity Studies,1,0,-1,0.0,0.0,-0.0
T12229,Pharmacological Effects and Toxicity Studies,1,0,-1,0.0,0.0,-0.0
T13959,"Swearing, Euphemism, Multilingualism",1,0,-1,0.0,0.0,-0.0
T12408,Educational Innovations and Challenges,1,0,-1,0.0,0.0,-0.0
T13005,Religious Studies and Spiritual Practices,1,0,-1,0.0,0.0,-0.0
T14172,Cultural and Social Studies in Latin America,1,0,-1,0.0,0.0,-0.0
T12159,T-cell and Retrovirus Studies,1,0,-1,0.0,0.0,-0.0
T13805,Adolescent Health and Behaviors,1,0,-1,0.0,0.0,-0.0
T13356,Early Modern Women Writers,1,0,-1,0.0,0.0,-0.0
T13458,Astronomical and nuclear sciences,1,0,-1,0.0,0.0,-0.0
T13423,Social Policies and Healthcare Reform,1,0,-1,0.0,0.0,-0.0
T12515,Gender and Technology in Education,1,0,-1,0.0,0.0,-0.0
T12402,Travel-related health issues,1,0,-1,0.0,0.0,-0.0
T13339,Landscape and Cultural Studies,1,0,-1,0.0,0.0,-0.0
T13710,European and International Law Studies,1,0,-1,0.0,0.0,-0.0
T13185,Phytochemistry and Bioactive Compounds,1,0,-1,0.0,0.0,-0.0
T13594,Healthcare innovation and challenges,1,0,-1,0.0,0.0,-0.0
T11705,Gambling Behavior and Treatments,1,0,-1,0.0,0.0,-0.0
T13385,Infectious Diseases and Mycology,1,0,-1,0.0,0.0,-0.0
T14518,American Sports and Literature,1,0,-1,0.0,0.0,-0.0
T14271,Educational Methods and Psychological Studies,1,0,-1,0.0,0.0,-0.0
T13547,Economic and Industrial Development,1,0,-1,0.0,0.0,-0.0
T13749,"Hungarian Social, Economic and Educational Studies",1,0,-1,0.0,0.0,-0.0
T14452,Mexican Socioeconomic and Environmental Dynamics,1,0,-1,0.0,0.0,-0.0
T14384,Ophthalmology and Visual Health Research,1,0,-1,0.0,0.0,-0.0
T14462,Educational Methods and Impacts,1,0,-1,0.0,0.0,-0.0
T12314,Nuts composition and effects,1,0,-1,0.0,0.0,-0.0
T14482,Education Practices and Evaluation,1,0,-1,0.0,0.0,-0.0
T13318,Diverse Scientific Research in Ukraine,1,0,-1,0.0,0.0,-0.0
T14227,Educational Practices and Challenges,1,0,-1,0.0,0.0,-0.0
T14415,Biomedical Research and Pathophysiology,1,0,-1,0.0,0.0,-0.0
T10348,"Indigenous Health, Education, and Rights",1,0,-1,0.0,0.0,-0.0
T13059,"Religion, Ecology, and Ethics",1,0,-1,0.0,0.0,-0.0
T12641,Historical and socio-economic studies of Spain and related regions,1,0,-1,0.0,0.0,-0.0
T14294,Impulse Buying and Technology Impacts,1,0,-1,0.0,0.0,-0.0
T10650,Food Drying and Modeling,1,0,-1,0.0,0.0,-0.0
T13025,American History and Culture,1,0,-1,0.0,0.0,-0.0
T13916,Environmental Policies and Emissions,1,0,-1,0.0,0.0,-0.0
T12598,Cardiac Structural Anomalies and Repair,1,0,-1,0.0,0.0,-0.0
T11514,Disability Education and Employment,1,0,-1,0.0,0.0,-0.0
T12872,Philippine History and Culture,1,0,-1,0.0,0.0,-0.0
T12605,Berry genetics and cultivation research,1,0,-1,0.0,0.0,-0.0
T11868,Cancer and Skin Lesions,1,0,-1,0.0,0.0,-0.0
T12921,European Criminal Justice and Data Protection,1,0,-1,0.0,0.0,-0.0
T12634,Ureteral procedures and complications,1,0,-1,0.0,0.0,-0.0
T13572,German Security and Defense Policies,1,0,-1,0.0,0.0,-0.0
T13389,German Economic Analysis & Policies,1,0,-1,0.0,0.0,-0.0
T14203,"Education, Safety, and Science Studies",1,0,-1,0.0,0.0,-0.0
T10431,Ethnobotanical and Medicinal Plants Studies,1,0,-1,0.0,0.0,-0.0
T12716,Congenital Anomalies and Fetal Surgery,1,0,-1,0.0,0.0,-0.0
T13166,Information Science and Libraries,1,0,-1,0.0,0.0,-0.0
T12712,Myofascial pain diagnosis and treatment,1,0,-1,0.0,0.0,-0.0
T10152,Animal Nutrition and Physiology,1,0,-1,0.0,0.0,-0.0
T13945,"Legal, Health, Environmental and COVID-19 Challenges",1,0,-1,0.0,0.0,-0.0
T13993,Historical Geopolitical and Social Dynamics,1,0,-1,0.0,0.0,-0.0
T12243,Research in Cotton Cultivation,1,0,-1,0.0,0.0,-0.0
T11899,"Brucella: diagnosis, epidemiology, treatment",1,0,-1,0.0,0.0,-0.0
T13874,Information Architecture and Usability,1,0,-1,0.0,0.0,-0.0
T12982,Legal principles and applications,1,0,-1,0.0,0.0,-0.0
T13976,Web visibility and informetrics,1,0,-1,0.0,0.0,-0.0
T13891,Engineering Diagnostics and Reliability,1,0,-1,0.0,0.0,-0.0
T13899,Agricultural Systems and Practices,1,0,-1,0.0,0.0,-0.0
T10457,Education Pedagogy and Practices,1,0,-1,0.0,0.0,-0.0
T12324,History of Medicine Studies,1,0,-1,0.0,0.0,-0.0
T13178,Theology and Canon Law Studies,1,0,-1,0.0,0.0,-0.0
T12234,Mollusks and Parasites Studies,1,0,-1,0.0,0.0,-0.0
T13992,Cynara cardunculus studies,1,0,-1,0.0,0.0,-0.0
T14371,Hume's philosophy and hair distribution,1,0,-1,0.0,0.0,-0.0
T11121,Public Relations and Crisis Communication,1,0,-1,0.0,0.0,-0.0
T13961,Socioeconomics of Resources and Conservation,1,0,-1,0.0,0.0,-0.0
T13988,Public Administration and Governance,1,0,-1,0.0,0.0,-0.0
T11789,Land Rights and Reforms,1,0,-1,0.0,0.0,-0.0
T10021,EFL/ESL Teaching and Learning,1,0,-1,0.0,0.0,-0.0
T12658,Language and Culture,1,0,-1,0.0,0.0,-0.0
T11794,Early Modern Spanish Literature,1,0,-1,0.0,0.0,-0.0
T12266,Byzantine Studies and History,1,0,-1,0.0,0.0,-0.0
T12581,Engineering Structural Analysis Methods,1,0,-1,0.0,0.0,-0.0
T10574,Crime Patterns and Interventions,1,0,-1,0.0,0.0,-0.0
T13035,Human Rights and Development,1,0,-1,0.0,0.0,-0.0
T14056,Safety Warnings and Signage,1,0,-1,0.0,0.0,-0.0
T12768,Linguistics and language evolution,1,0,-1,0.0,0.0,-0.0
T12606,Diptera species taxonomy and behavior,1,0,-1,0.0,0.0,-0.0
T12739,Historical Studies on Spain,1,0,-1,0.0,0.0,-0.0
T12616,Religious Education and Schools,1,0,-1,0.0,0.0,-0.0
T12753,"Psychology, Coaching, and Therapy",1,0,-1,0.0,0.0,-0.0
T13233,Occupational Health and Safety Management,1,0,-1,0.0,0.0,-0.0
T13108,Therapeutic Uses of Natural Elements,1,0,-1,0.0,0.0,-0.0
T13603,Corporate Social Responsibility and Sustainability,1,0,-1,0.0,0.0,-0.0
T11562,Facial Trauma and Fracture Management,1,0,-1,0.0,0.0,-0.0
T13407,Regional Development and Management Studies,1,0,-1,0.0,0.0,-0.0
T14033,Education in Rural Contexts,1,0,-1,0.0,0.0,-0.0
T13538,Linguistics and Language Analysis,1,0,-1,0.0,0.0,-0.0
T13450,Turkish Literature and Culture,1,0,-1,0.0,0.0,-0.0
T13228,Socioeconomic Development in Asia,1,0,-1,0.0,0.0,-0.0
T14140,Elite Sociology and Global Capitalism,1,0,-1,0.0,0.0,-0.0
T13287,Robotic Process Automation Applications,1,0,-1,0.0,0.0,-0.0
T14490,Human Rights and Immigration,1,0,-1,0.0,0.0,-0.0
T10576,Opioid Use Disorder Treatment,1,0,-1,0.0,0.0,-0.0
T14006,"Linguistics, Language Diversity, and Identity",1,0,-1,0.0,0.0,-0.0
T13584,Coal Combustion and Slurry Processing,1,0,-1,0.0,0.0,-0.0
T11064,Antiplatelet Therapy and Cardiovascular Diseases,1,0,-1,0.0,0.0,-0.0
T12295,"Foucault, Power, and Ethics",1,0,-1,0.0,0.0,-0.0
T14442,Historical Studies in Science,0,1,1,0.0,0.0,0.0
T13096,Family and Matrimonial Law,0,1,1,0.0,0.0,0.0
T10380,Intimate Partner and Family Violence,0,1,1,0.0,0.0,0.0
T12519,Cybercrime and Law Enforcement Studies,0,1,1,0.0,0.0,0.0
T13003,Regional Development and Environment,0,1,1,0.0,0.0,0.0
T11717,Postcolonial and Cultural Literary Studies,0,1,1,0.0,0.0,0.0
T14353,Wireless Sensor Networks for Data Analysis,0,1,1,0.0,0.0,0.0
T13814,Cultural and political discourse analysis,0,1,1,0.0,0.0,0.0
T12415,Employer Branding and e-HRM,0,1,1,0.0,0.0,0.0
T14469,Renaissance Literature and Culture,0,1,1,0.0,0.0,0.0
T13667,French Literature and Criticism,0,1,1,0.0,0.0,0.0
T11080,Surgical site infection prevention,0,1,1,0.0,0.0,0.0
T14516,English Language Learning and Teaching,0,1,1,0.0,0.0,0.0
T11028,Social Work Education and Practice,0,1,1,0.0,0.0,0.0
T14081,Linguistic Education and Pedagogy,0,1,1,0.0,0.0,0.0
T12726,Philosophical and Cultural Analysis,0,1,1,0.0,0.0,0.0
T14139,E-commerce and Technology Innovations,0,1,1,0.0,0.0,0.0
T13989,Labour Market and Migration,0,1,1,0.0,0.0,0.0
T12413,Health and Medical Education,0,1,1,0.0,0.0,0.0
T13661,Reformed Theology and Governance,0,1,1,0.0,0.0,0.0
T13905,Telecommunications and Broadcasting Technologies,0,1,1,0.0,0.0,0.0
T12558,Wittgensteinian philosophy and applications,0,1,1,0.0,0.0,0.0
T12461,Narrative Theory and Analysis,0,1,1,0.0,0.0,0.0
T13778,Comparative and World Literature,0,1,1,0.0,0.0,0.0
T11506,Children's Rights and Participation,0,1,1,0.0,0.0,0.0
T10844,Radiation Dose and Imaging,0,1,1,0.0,0.0,0.0
T14432,Freedom of Expression and Defamation,0,1,1,0.0,0.0,0.0
T13195,Medieval Iberian Studies,0,1,1,0.0,0.0,0.0
T13197,Spreadsheets and End-User Computing,0,1,1,0.0,0.0,0.0
T14464,Community Development and Social Impact,0,1,1,0.0,0.0,0.0
T11229,Genetics and Plant Breeding,0,1,1,0.0,0.0,0.0
T14051,Regional Economic and Spatial Analysis,0,1,1,0.0,0.0,0.0
T13060,Adventure Sports and Sensation Seeking,0,1,1,0.0,0.0,0.0
T12892,Social Power and Status Dynamics,0,1,1,0.0,0.0,0.0
T12406,IoT and GPS-based Vehicle Safety Systems,0,1,1,0.0,0.0,0.0
T14157,Environmental and Agricultural Sciences,0,1,1,0.0,0.0,0.0
T10718,Political Philosophy and Ethics,0,1,1,0.0,0.0,0.0
T12343,Geography Education and Pedagogy,0,1,1,0.0,0.0,0.0
T12757,Diverse Academia and Research Topics,0,1,1,0.0,0.0,0.0
T13469,"Environmental, Ecological, and Cultural Studies",0,1,1,0.0,0.0,0.0
T13203,Environmental Changes in China,0,1,1,0.0,0.0,0.0
T12993,Psychology of Development and Education,0,1,1,0.0,0.0,0.0
T13427,Latin American Literature Analysis,0,1,1,0.0,0.0,0.0
T13422,Phytochemistry and biological activities of Ficus species,1,0,-1,0.0,0.0,-0.0
T12494,Alcoholism and Thiamine Deficiency,1,0,-1,0.0,0.0,-0.0
T12990,Medical History and Innovations,1,0,-1,0.0,0.0,-0.0
T13813,Oral and Craniofacial Lesions,1,0,-1,0.0,0.0,-0.0
T13754,Central European and Russian historical studies,1,0,-1,0.0,0.0,-0.0
T13707,"Literature, Language, and Rhetoric Studies",1,0,-1,0.0,0.0,-0.0
T14171,"Education, Law, and Society",1,0,-1,0.0,0.0,-0.0
T13908,Scientific and Historical Analyses,1,0,-1,0.0,0.0,-0.0
T14040,Problem Solving Skills Development,1,0,-1,0.0,0.0,-0.0
T12538,Eosinophilic Esophagitis,1,0,-1,0.0,0.0,-0.0
T14057,Hypertrophic osteoarthropathy and related conditions,1,0,-1,0.0,0.0,-0.0
T10156,"LGBTQ Health, Identity, and Policy",1,0,-1,0.0,0.0,-0.0
T12924,Dermatological and Skeletal Disorders,1,0,-1,0.0,0.0,-0.0
T13542,"Grit, Self-Efficacy, and Motivation",1,0,-1,0.0,0.0,-0.0
T13693,Smart Systems and Machine Learning,1,0,-1,0.0,0.0,-0.0
T11824,Injury Epidemiology and Prevention,1,0,-1,0.0,0.0,-0.0
T13898,Diverse Interdisciplinary Research Studies,1,0,-1,0.0,0.0,-0.0
T13605,"Homicide, Infanticide, and Child Abuse",1,0,-1,0.0,0.0,-0.0
T13536,Psychological and Temporal Perspectives Research,1,0,-1,0.0,0.0,-0.0
T14129,Economic and Business Studies,1,0,-1,0.0,0.0,-0.0
T12577,Geography and Environmental Studies,1,0,-1,0.0,0.0,-0.0
T13196,Political Theory and Influence,1,0,-1,0.0,0.0,-0.0
T12258,"Perfectionism, Procrastination, Anxiety Studies",1,0,-1,0.0,0.0,-0.0
T13206,Neonatal skin health care,1,0,-1,0.0,0.0,-0.0
T14362,Diverse Legal and Medical Studies,1,0,-1,0.0,0.0,-0.0
T12305,Cassava research and cyanide,1,0,-1,0.0,0.0,-0.0
T11709,Traditional Chinese Medicine Analysis,1,0,-1,0.0,0.0,-0.0
T11364,Cholangiocarcinoma and Gallbladder Cancer Studies,1,0,-1,0.0,0.0,-0.0
T11284,Coal Properties and Utilization,1,0,-1,0.0,0.0,-0.0
T11728,Thyroid and Parathyroid Surgery,1,0,-1,0.0,0.0,-0.0
T11935,"Literacy, Media, and Education",1,0,-1,0.0,0.0,-0.0
T13177,Geological and Geophysical Studies,0,1,1,0.0,0.0,0.0
T13987,Child Development and Education,0,1,1,0.0,0.0,0.0
T13615,Transportation Systems and Safety,0,1,1,0.0,0.0,0.0
T12348,Rural Development and Agriculture,0,1,1,0.0,0.0,0.0
T11990,Global Health Workforce Issues,0,1,1,0.0,0.0,0.0
T13975,"Energy, Economy, and Technology Trends",0,1,1,0.0,0.0,0.0
T11530,Business and Management Studies,0,1,1,0.0,0.0,0.0
T14194,Bioactive Compounds in Plants,0,1,1,0.0,0.0,0.0
T13451,Mechanical Engineering Research and Applications,0,1,1,0.0,0.0,0.0
T13150,Study and Philosophy of Religion,0,1,1,0.0,0.0,0.0
T12741,Maternal and Neonatal Healthcare,0,1,1,0.0,0.0,0.0
T12730,"Weber, Simmel, Sociological Theory",0,1,1,0.0,0.0,0.0
T12704,Stress and Burnout Research,0,1,1,0.0,0.0,0.0
T14090,Health and Conflict Studies,0,1,1,0.0,0.0,0.0
T14152,Healthcare Facilities Design and Sustainability,0,1,1,0.0,0.0,0.0
T14048,Silkworms and Sericulture Research,0,1,1,0.0,0.0,0.0
T13235,Management Theory and Practice,0,1,1,0.0,0.0,0.0
T12368,Grey System Theory Applications,0,1,1,0.0,0.0,0.0
T13243,Innovation in Digital Healthcare Systems,0,1,1,0.0,0.0,0.0
T12239,Construction Management and Sustainability,0,1,1,0.0,0.0,0.0
T13021,Geology and Environmental Impact Studies,0,1,1,0.0,0.0,0.0
T14054,Humic Substances and Bio-Organic Studies,0,1,1,0.0,0.0,0.0
T10509,"Religion, Spirituality, and Psychology",0,1,1,0.0,0.0,0.0
T14159,Discourse Analysis and Cultural Communication,0,1,1,0.0,0.0,0.0
T13357,Property Rights and Legal Doctrine,0,1,1,0.0,0.0,0.0
T14441,"Religion, Theology, History, Judaism, Christianity",0,1,1,0.0,0.0,0.0
T12457,Ecocriticism and Environmental Literature,0,1,1,0.0,0.0,0.0
T13595,Archaeology and Cultural Heritage,0,1,1,0.0,0.0,0.0
T12053,Minimally Invasive Surgical Techniques,0,1,1,0.0,0.0,0.0
T14029,Thoreau and American Literature,0,1,1,0.0,0.0,0.0
T13911,"Employment, Labor, and Gender Studies",0,1,1,0.0,0.0,0.0
T11639,Mental Health and Patient Involvement,0,1,1,0.0,0.0,0.0
T12181,Agricultural and Biological Research,0,1,1,0.0,0.0,0.0
T12075,Sodium Intake and Health,0,1,1,0.0,0.0,0.0
T14121,Logistics and Transportation Systems,0,1,1,0.0,0.0,0.0
T13728,"Crime, Deviance, and Social Control",0,1,1,0.0,0.0,0.0
T13474,Autobiographical and Biographical Writing,0,1,1,0.0,0.0,0.0
T13570,Historical Education Studies Worldwide,0,1,1,0.0,0.0,0.0
T10327,Adolescent Sexual and Reproductive Health,0,1,1,0.0,0.0,0.0
T13758,Energy Law and Policy,0,1,1,0.0,0.0,0.0
T12440,Karl Barth and Christian Theology,0,1,1,0.0,0.0,0.0
T12160,African cultural and philosophical studies,0,1,1,0.0,0.0,0.0
T13633,Public Health and Social Inequalities,0,1,1,0.0,0.0,0.0
T14123,Decolonial Thought and Epistemologies,0,1,1,0.0,0.0,0.0
T12985,Maritime Security and History,0,1,1,0.0,0.0,0.0
T12481,Digital Accessibility for Disabilities,0,1,1,0.0,0.0,0.0
T12997,Outdoor and Experiential Education,0,1,1,0.0,0.0,0.0
T13970,Pharmacy and Medical Practices,0,1,1,0.0,0.0,0.0
T13436,Space Technology and Applications,0,1,1,0.0,0.0,0.0
T10694,Menopause: Health Impacts and Treatments,0,1,1,0.0,0.0,0.0
T14433,Post-Communist Economic and Political Transition,0,1,1,0.0,0.0,0.0
T11069,Testicular diseases and treatments,0,1,1,0.0,0.0,0.0
T14453,Sustainability and Innovation in Business,0,1,1,0.0,0.0,0.0
T14085,Student Stress and Coping,0,1,1,0.0,0.0,0.0
T12311,Political Theology and Sovereignty,0,1,1,0.0,0.0,0.0
T12992,Metastasis and carcinoma case studies,0,1,1,0.0,0.0,0.0
T11238,Simulation-Based Education in Healthcare,0,1,1,0.0,0.0,0.0
T10907,International Student and Expatriate Challenges,0,1,1,0.0,0.0,0.0
T12841,Echinoderm biology and ecology,0,1,1,0.0,0.0,0.0
T12871,Healthcare Quality and Management,0,1,1,0.0,0.0,0.0
T14222,Knowledge Management and Technology,0,1,1,0.0,0.0,0.0
T11888,Gender Roles and Identity Studies,0,1,1,0.0,0.0,0.0
T13783,"Feminism, Gender, and Intersectionality",0,1,1,0.0,0.0,0.0
T12754,Plant Growth and Agriculture Techniques,0,1,1,0.0,0.0,0.0
T13838,Plant and soil sciences,0,1,1,0.0,0.0,0.0
