topic_id,display_name,works_old,works_new,change,share_old,share_new,share_change_pts
T10157,Sports Performance and Training,519,595,76,0.0354,0.0406,0.53
T10813,Sport Psychology and Performance,287,386,99,0.0196,0.0264,0.68
T11246,Sports injuries and prevention,242,185,-57,0.0165,0.0126,-0.39
T10942,"Sports, Gender, and Society",220,168,-52,0.015,0.0115,-0.35
T11474,Sport and Mega-Event Impacts,273,69,-204,0.0186,0.0047,-1.39
T10055,Diverse Aspects of Tourism Research,138,200,62,0.0094,0.0137,0.43
T10010,"Obesity, Physical Activity, Diet",156,141,-15,0.0106,0.0096,-0.1
T10352,Physical Activity and Health,90,195,105,0.0061,0.0133,0.72
T11718,Physical Education and Pedagogy,112,131,19,0.0076,0.0089,0.13
T13296,Physical Education and Sports Studies,1,197,196,0.0001,0.0135,1.34
T12066,Obesity and Health Practices,125,62,-63,0.0085,0.0042,-0.43
T11121,Public Relations and Crisis Communication,87,83,-4,0.0059,0.0057,-0.03
T11888,Gender Roles and Identity Studies,95,73,-22,0.0065,0.005,-0.15
T11113,Music History and Culture,63,99,36,0.0043,0.0068,0.25
T12700,Doping in Sports,77,81,4,0.0052,0.0055,0.03
T10416,Traumatic Brain Injury Research,76,76,0,0.0052,0.0052,0.0
T10318,Criminal Justice and Corrections Analysis,72,79,7,0.0049,0.0054,0.05
T11399,Muscle metabolism and nutrition,101,46,-55,0.0069,0.0031,-0.37
T10121,Building Energy and Comfort Optimization,79,67,-12,0.0054,0.0046,-0.08
T10009,Dementia and Cognitive Impairment Research,64,80,16,0.0044,0.0055,0.11
T11793,"Recreation, Leisure, Wilderness Management",38,95,57,0.0026,0.0065,0.39
T10629,Health Policy Implementation Science,51,79,28,0.0035,0.0054,0.19
T10263,Eating Disorders and Behaviors,65,57,-8,0.0044,0.0039,-0.05
T10395,Construction Project Management and Performance,62,58,-4,0.0042,0.004,-0.03
T11006,BIM and Construction Integration,50,69,19,0.0034,0.0047,0.13
T10008,Teacher Education and Leadership Studies,40,75,35,0.0027,0.0051,0.24
T10115,Corporate Social Responsibility Reporting,47,66,19,0.0032,0.0045,0.13
T11674,Sports Analytics and Performance,67,43,-24,0.0046,0.0029,-0.16
T12948,Inclusion and Disability in Education and Sport,56,54,-2,0.0038,0.0037,-0.01
T11109,Thermoregulation and physiological responses,50,60,10,0.0034,0.0041,0.07
T12196,Community Health and Development,40,68,28,0.0027,0.0046,0.19
T10084,Musculoskeletal pain and rehabilitation,58,48,-10,0.004,0.0033,-0.07
T11209,Cardiovascular and exercise physiology,43,59,16,0.0029,0.004,0.11
T11988,Sustainable Building Design and Assessment,53,47,-6,0.0036,0.0032,-0.04
T12831,School Health and Nursing Education,56,42,-14,0.0038,0.0029,-0.09
T11759,Occupational Therapy Practice and Research,52,46,-6,0.0035,0.0031,-0.04
T11968,High Altitude and Hypoxia,42,55,13,0.0029,0.0038,0.09
T11840,Pain Management and Treatment,23,74,51,0.0016,0.0051,0.35
T11076,Policing Practices and Perceptions,43,50,7,0.0029,0.0034,0.05
T11376,Geriatric Care and Nursing Homes,33,59,26,0.0022,0.004,0.18
T10397,Nutrition and Health in Aging,50,41,-9,0.0034,0.0028,-0.06
T11047,Gender Diversity and Inequality,43,48,5,0.0029,0.0033,0.03
T10101,Cloud Computing and Resource Management,44,45,1,0.003,0.0031,0.01
T11779,Higher Education and Employability,43,45,2,0.0029,0.0031,0.01
T11028,Social Work Education and Practice,44,44,0,0.003,0.003,0.0
T10880,Environmental Sustainability in Business,45,42,-3,0.0031,0.0029,-0.02
T10058,Entrepreneurship Studies and Influences,51,36,-15,0.0035,0.0025,-0.1
T12010,Evaluation and Performance Assessment,21,65,44,0.0014,0.0044,0.3
T12798,Religious Tourism and Spaces,45,39,-6,0.0031,0.0027,-0.04
T10546,Higher Education Governance and Development,34,49,15,0.0023,0.0033,0.1
T11410,Cultural Industries and Urban Development,65,18,-47,0.0044,0.0012,-0.32
T10809,Occupational Health and Safety Research,46,36,-10,0.0031,0.0025,-0.07
T12953,Critical Realism in Sociology,37,45,8,0.0025,0.0031,0.06
T11400,Motivation and Self-Concept in Sports,62,18,-44,0.0042,0.0012,-0.3
T10376,Suicide and Self-Harm Studies,38,42,4,0.0026,0.0029,0.03
T10178,Cancer survivorship and care,33,46,13,0.0022,0.0031,0.09
T11018,Lower Extremity Biomechanics and Pathologies,26,52,26,0.0018,0.0036,0.18
T10959,Student Assessment and Feedback,35,43,8,0.0024,0.0029,0.06
T12041,Public Health Policies and Education,13,64,51,0.0009,0.0044,0.35
T11981,Qualitative Research Methods and Ethics,27,50,23,0.0018,0.0034,0.16
T11079,Creativity in Education and Neuroscience,43,34,-9,0.0029,0.0023,-0.06
T11639,Mental Health and Patient Involvement,54,22,-32,0.0037,0.0015,-0.22
T10712,Library Science and Information Literacy,33,41,8,0.0022,0.0028,0.06
T12289,Library Science and Administration,37,37,0,0.0025,0.0025,0.0
T10239,Urban Planning and Governance,32,41,9,0.0022,0.0028,0.06
T10071,Bone health and osteoporosis research,30,41,11,0.002,0.0028,0.08
T12279,Body Composition Measurement Techniques,37,34,-3,0.0025,0.0023,-0.02
T10019,Corporate Finance and Governance,29,42,13,0.002,0.0029,0.09
T12584,Hospitality and Tourism Education,43,27,-16,0.0029,0.0018,-0.11
T12755,Legal Education and Practice Innovations,32,37,5,0.0022,0.0025,0.03
T10254,Innovations in Medical Education,14,54,40,0.001,0.0037,0.27
T10033,Concrete and Cement Materials Research,22,45,23,0.0015,0.0031,0.16
T11506,Children's Rights and Participation,40,27,-13,0.0027,0.0018,-0.09
T10186,Nursing education and management,24,43,19,0.0016,0.0029,0.13
T11384,Critical Race Theory in Education,29,38,9,0.002,0.0026,0.06
T11540,"Gender, Feminism, and Media",45,21,-24,0.0031,0.0014,-0.16
T10196,Pain Mechanisms and Treatments,44,22,-22,0.003,0.0015,-0.15
T10609,Digital Marketing and Social Media,41,24,-17,0.0028,0.0016,-0.12
T11039,Evaluation of Teaching Practices,20,43,23,0.0014,0.0029,0.16
T11817,"Housing, Finance, and Neoliberalism",53,10,-43,0.0036,0.0007,-0.29
T12843,Human Resource and Talent Management,40,23,-17,0.0027,0.0016,-0.12
T10630,Orthopedic Surgery and Rehabilitation,40,22,-18,0.0027,0.0015,-0.12
T12816,Global Public Health Policies and Epidemiology,34,27,-7,0.0023,0.0018,-0.05
T10298,Urban Transport and Accessibility,38,23,-15,0.0026,0.0016,-0.1
T13060,Adventure Sports and Sensation Seeking,39,22,-17,0.0027,0.0015,-0.12
T12500,Reflective Practices in Education,41,19,-22,0.0028,0.0013,-0.15
T10430,Software Engineering Techniques and Practices,21,39,18,0.0014,0.0027,0.12
T10589,Early Childhood Education and Development,29,30,1,0.002,0.002,0.01
T10021,EFL/ESL Teaching and Learning,23,36,13,0.0016,0.0025,0.09
T10415,International Business and FDI,28,30,2,0.0019,0.002,0.01
T10213,Public Policy and Administration Research,25,33,8,0.0017,0.0023,0.05
T13158,Political and Economic history of UK and US,42,16,-26,0.0029,0.0011,-0.18
T13532,Education Systems and Policy,42,16,-26,0.0029,0.0011,-0.18
T11548,Sexual Assault and Victimization Studies,22,35,13,0.0015,0.0024,0.09
T10344,Management and Organizational Studies,48,8,-40,0.0033,0.0005,-0.27
T11994,Human Resource Development and Performance Evaluation,13,43,30,0.0009,0.0029,0.21
T10154,Customer Service Quality and Loyalty,28,27,-1,0.0019,0.0018,-0.01
T11959,Employment and Welfare Studies,40,14,-26,0.0027,0.001,-0.18
T10866,Nutritional Studies and Diet,23,31,8,0.0016,0.0021,0.05
T10145,Consumer Behavior in Brand Consumption and Identification,26,28,2,0.0018,0.0019,0.01
T13216,Artistic and Creative Research,17,37,20,0.0012,0.0025,0.14
T10007,Monetary Policy and Economic Impact,24,29,5,0.0016,0.002,0.03
T11464,Homelessness and Social Issues,44,8,-36,0.003,0.0005,-0.25
T10907,International Student and Expatriate Challenges,26,26,0,0.0018,0.0018,0.0
T12873,"Nutrition, Health and Food Behavior",1,50,49,0.0001,0.0034,0.33
T10106,Autism Spectrum Disorder Research,30,21,-9,0.002,0.0014,-0.06
T10006,Job Satisfaction and Organizational Behavior,26,25,-1,0.0018,0.0017,-0.01
T11059,Market Dynamics and Volatility,32,19,-13,0.0022,0.0013,-0.09
T11156,Reproductive Health and Technologies,24,26,2,0.0016,0.0018,0.01
T12241,Children's Physical and Motor Development,32,18,-14,0.0022,0.0012,-0.1
T11380,Child Welfare and Adoption,13,37,24,0.0009,0.0025,0.16
T13229,Gothic Literature and Media Analysis,20,30,10,0.0014,0.002,0.07
T10060,Smoking Behavior and Cessation,16,33,17,0.0011,0.0023,0.12
T11810,Complex Systems and Decision Making,31,18,-13,0.0021,0.0012,-0.09
T12372,Art Therapy and Mental Health,24,24,0,0.0016,0.0016,0.0
T11743,Political Economy and Marxism,29,19,-10,0.002,0.0013,-0.07
T10316,Sleep and related disorders,25,23,-2,0.0017,0.0016,-0.01
T10565,"Psychopathy, Forensic Psychiatry, Sexual Offending",25,23,-2,0.0017,0.0016,-0.01
T11197,Digital Games and Media,34,13,-21,0.0023,0.0009,-0.14
T10162,Online and Blended Learning,24,23,-1,0.0016,0.0016,-0.01
T11998,Youth Development and Social Support,30,16,-14,0.002,0.0011,-0.1
T13263,Building energy efficiency and sustainability,1,45,44,0.0001,0.0031,0.3
T11083,Cardiac Health and Mental Health,21,25,4,0.0014,0.0017,0.03
T11895,Social and Cultural Dynamics,30,16,-14,0.002,0.0011,-0.1
T10692,Urban Green Space and Health,29,17,-12,0.002,0.0012,-0.08
T10539,Sustainable Supply Chain Management,18,27,9,0.0012,0.0018,0.06
T11542,Behavioral Health and Interventions,32,13,-19,0.0022,0.0009,-0.13
T10827,Patient-Provider Communication in Healthcare,14,30,16,0.001,0.002,0.11
T12275,Gender and Feminist Studies,0,43,43,0.0,0.0029,0.29
T11327,Acupuncture Treatment Research Studies,21,22,1,0.0014,0.0015,0.01
T11420,Geographies of human-animal interactions,27,16,-11,0.0018,0.0011,-0.07
T10785,Economic Theory and Institutions,27,16,-11,0.0018,0.0011,-0.07
T12238,Green IT and Sustainability,24,19,-5,0.0016,0.0013,-0.03
T11199,Pain Management and Opioid Use,20,23,3,0.0014,0.0016,0.02
T10708,Mindfulness and Compassion Interventions,20,22,2,0.0014,0.0015,0.01
T12880,Qualitative Research Methods and Applications,10,32,22,0.0007,0.0022,0.15
T11944,Participatory Visual Research Methods,26,16,-10,0.0018,0.0011,-0.07
T11717,Postcolonial and Cultural Literary Studies,10,32,22,0.0007,0.0022,0.15
T13163,Organizational Learning and Leadership,23,19,-4,0.0016,0.0013,-0.03
T11466,Innovative Education and Learning Practices,22,20,-2,0.0015,0.0014,-0.01
T12736,Criminal Justice and Penology,0,42,42,0.0,0.0029,0.29
T11922,Cardiovascular Effects of Exercise,30,11,-19,0.002,0.0008,-0.13
T10665,Cystic Fibrosis Research Advances,22,19,-3,0.0015,0.0013,-0.02
T11003,Disability Rights and Representation,14,27,13,0.001,0.0018,0.09
T12051,Diversity and Impact of Dance,29,12,-17,0.002,0.0008,-0.12
T10747,Disaster Management and Resilience,14,26,12,0.001,0.0018,0.08
T10793,Diabetes Management and Education,9,31,22,0.0006,0.0021,0.15
T13098,Conferences and Exhibitions Management,8,32,24,0.0005,0.0022,0.16
T13839,"Tourism, Volunteerism, and Development",23,17,-6,0.0016,0.0012,-0.04
T11939,Public-Private Partnership Projects,22,18,-4,0.0015,0.0012,-0.03
T10990,Infection Control and Ventilation,19,21,2,0.0013,0.0014,0.01
T10596,Child Nutrition and Water Access,22,17,-5,0.0015,0.0012,-0.03
T12028,Knowledge Management and Sharing,19,20,1,0.0013,0.0014,0.01
T11421,Labor Movements and Unions,28,11,-17,0.0019,0.0008,-0.12
T11391,Theatre and Performance Studies,15,23,8,0.001,0.0016,0.05
T10737,Health Literacy and Information Accessibility,13,25,12,0.0009,0.0017,0.08
T11058,Ethics in Business and Education,15,23,8,0.001,0.0016,0.05
T10127,"Banking stability, regulation, efficiency",17,21,4,0.0012,0.0014,0.03
T10235,Health disparities and outcomes,28,10,-18,0.0019,0.0007,-0.12
T10763,Digital Transformation in Industry,20,17,-3,0.0014,0.0012,-0.02
T12997,Outdoor and Experiential Education,16,21,5,0.0011,0.0014,0.03
T10982,Motor Control and Adaptation,22,15,-7,0.0015,0.001,-0.05
T10766,Urban Heat Island Mitigation,19,18,-1,0.0013,0.0012,-0.01
T11068,Tendon Structure and Treatment,21,16,-5,0.0014,0.0011,-0.03
T12514,Fashion and Cultural Textiles,23,13,-10,0.0016,0.0009,-0.07
T11847,Recycled Aggregate Concrete Performance,20,16,-4,0.0014,0.0011,-0.03
T10272,Mental Health Treatment and Access,18,18,0,0.0012,0.0012,0.0
T10043,Substance Abuse Treatment and Outcomes,17,18,1,0.0012,0.0012,0.01
T14207,Higher Education Practises and Engagement,26,9,-17,0.0018,0.0006,-0.12
T10648,Virtual Reality Applications and Impacts,14,21,7,0.001,0.0014,0.05
T11742,Economic Theory and Policy,18,17,-1,0.0012,0.0012,-0.01
T13247,Local Governance and Planning,0,35,35,0.0,0.0024,0.24
T10994,"Terrorism, Counterterrorism, and Political Violence",14,21,7,0.001,0.0014,0.05
T11259,Agriculture Sustainability and Environmental Impact,18,17,-1,0.0012,0.0012,-0.01
T11024,Information Systems Theories and Implementation,20,15,-5,0.0014,0.001,-0.03
T10603,Smart Grid Energy Management,17,17,0,0.0012,0.0012,0.0
T10380,Intimate Partner and Family Violence,16,18,2,0.0011,0.0012,0.01
T10327,Adolescent Sexual and Reproductive Health,14,20,6,0.001,0.0014,0.04
T11891,Big Data and Business Intelligence,28,6,-22,0.0019,0.0004,-0.15
T12947,"Health, psychology, and well-being",33,1,-32,0.0022,0.0001,-0.22
T13821,Coaching Methods and Impact,21,13,-8,0.0014,0.0009,-0.05
T11832,Doctoral Education Challenges and Solutions,11,23,12,0.0007,0.0016,0.08
T11120,Nonprofit Sector and Volunteering,16,18,2,0.0011,0.0012,0.01
T13594,Healthcare innovation and challenges,28,6,-22,0.0019,0.0004,-0.15
T11350,Sex work and related issues,19,15,-4,0.0013,0.001,-0.03
T10509,"Religion, Spirituality, and Psychology",16,17,1,0.0011,0.0012,0.01
T11648,"Diaspora, migration, transnational identity",4,29,25,0.0003,0.002,0.17
T10168,COVID-19 and Mental Health,17,16,-1,0.0012,0.0011,-0.01
T10574,Crime Patterns and Interventions,15,18,3,0.001,0.0012,0.02
T11632,Family and Disability Support Research,22,11,-11,0.0015,0.0008,-0.07
T10094,Epilepsy research and treatment,16,17,1,0.0011,0.0012,0.01
T12130,Contemporary Literature and Criticism,20,12,-8,0.0014,0.0008,-0.05
T12961,Regional Development and Policy,20,12,-8,0.0014,0.0008,-0.05
T11514,Disability Education and Employment,12,20,8,0.0008,0.0014,0.05
T10925,Spinal Cord Injury Research,16,16,0,0.0011,0.0011,0.0
T12207,Assistive Technology in Communication and Mobility,11,21,10,0.0007,0.0014,0.07
T11816,Nursing Roles and Practices,13,19,6,0.0009,0.0013,0.04
T10188,Advanced machining processes and optimization,17,15,-2,0.0012,0.001,-0.01
T11824,Injury Epidemiology and Prevention,19,13,-6,0.0013,0.0009,-0.04
T14238,Historical Gender and Feminism Studies,16,16,0,0.0011,0.0011,0.0
T13673,Library Science and Information,0,32,32,0.0,0.0022,0.22
T10953,E-Government and Public Services,12,19,7,0.0008,0.0013,0.05
T12138,Occupational Health and Performance,17,14,-3,0.0012,0.001,-0.02
T10270,Blockchain Technology Applications and Security,15,16,1,0.001,0.0011,0.01
T10289,European Union Policy and Governance,14,17,3,0.001,0.0012,0.02
T14316,"Nursing Education, Practice, and Leadership",18,13,-5,0.0012,0.0009,-0.03
T14493,Criminal Law and Evidence,11,20,9,0.0007,0.0014,0.06
T11349,Music Technology and Sound Studies,11,19,8,0.0007,0.0013,0.05
T11300,Global Educational Policies and Reforms,21,9,-12,0.0014,0.0006,-0.08
T10047,Financial Markets and Investment Strategies,9,21,12,0.0006,0.0014,0.08
T10758,Cinema and Media Studies,19,11,-8,0.0013,0.0008,-0.05
T12545,Global Education and Multiculturalism,21,9,-12,0.0014,0.0006,-0.08
T10438,"Energy, Environment, Economic Growth",16,14,-2,0.0011,0.001,-0.01
T10722,Work-Family Balance Challenges,14,16,2,0.001,0.0011,0.01
T10605,Historical Economic and Social Studies,28,1,-27,0.0019,0.0001,-0.18
T10280,Shoulder Injury and Treatment,16,13,-3,0.0011,0.0009,-0.02
T10451,Mycorrhizal Fungi and Plant Interactions,29,0,-29,0.002,0.0,-0.2
T11168,International Development and Aid,14,15,1,0.001,0.001,0.01
T10475,Psychological Well-being and Life Satisfaction,15,14,-1,0.001,0.001,-0.01
T11015,Down syndrome and intellectual disability research,15,14,-1,0.001,0.001,-0.01
T12803,Cinema History and Criticism,0,29,29,0.0,0.002,0.2
T12444,"Art, Politics, and Modernism",14,15,1,0.001,0.001,0.01
T11497,Interprofessional Education and Collaboration,21,8,-13,0.0014,0.0005,-0.09
T11776,Irish and British Studies,24,5,-19,0.0016,0.0003,-0.13
T12258,"Perfectionism, Procrastination, Anxiety Studies",16,13,-3,0.0011,0.0009,-0.02
T10426,Child Abuse and Trauma,24,5,-19,0.0016,0.0003,-0.13
T13242,Male Reproductive Health Studies,2,27,25,0.0001,0.0018,0.17
T10703,Business Process Modeling and Analysis,16,13,-3,0.0011,0.0009,-0.02
T11761,Resilience and Mental Health,22,6,-16,0.0015,0.0004,-0.11
T12714,Youth Education and Societal Dynamics,23,5,-18,0.0016,0.0003,-0.12
T12263,Peacebuilding and International Security,10,18,8,0.0007,0.0012,0.05
T13728,"Crime, Deviance, and Social Control",14,14,0,0.001,0.001,0.0
T10068,Technology Adoption and User Behaviour,15,13,-2,0.001,0.0009,-0.01
T11585,Exercise and Physiological Responses,17,11,-6,0.0012,0.0008,-0.04
T10443,Social Policy and Reform Studies,16,12,-4,0.0011,0.0008,-0.03
T10208,Labor market dynamics and wage inequality,11,17,6,0.0007,0.0012,0.04
T10003,Innovation and Knowledge Management,14,14,0,0.001,0.001,0.0
T14278,Marxism and Critical Theory,2,26,24,0.0001,0.0018,0.16
T12221,Cybersecurity and Cyber Warfare Studies,14,13,-1,0.001,0.0009,-0.01
T13877,Law in Society and Culture,21,6,-15,0.0014,0.0004,-0.1
T12507,"Utopian, Dystopian, and Speculative Fiction",10,17,7,0.0007,0.0012,0.05
T12358,Thermal and Kinetic Analysis,10,17,7,0.0007,0.0012,0.05
T10797,Accounting and Organizational Management,16,11,-5,0.0011,0.0008,-0.03
T11590,Primary Care and Health Outcomes,24,3,-21,0.0016,0.0002,-0.14
T12057,Consumer Attitudes and Food Labeling,14,13,-1,0.001,0.0009,-0.01
T11084,Workplace Health and Well-being,17,10,-7,0.0012,0.0007,-0.05
T10784,Muscle activation and electromyography studies,18,8,-10,0.0012,0.0005,-0.07
T10510,Stroke Rehabilitation and Recovery,15,11,-4,0.001,0.0008,-0.03
T10731,Educational Games and Gamification,16,10,-6,0.0011,0.0007,-0.04
T12677,Sports Dynamics and Biomechanics,6,20,14,0.0004,0.0014,0.1
T10418,Pelvic floor disorders treatments,16,10,-6,0.0011,0.0007,-0.04
T13143,Child Therapy and Development,19,7,-12,0.0013,0.0005,-0.08
T12671,Management and Marketing Education,11,15,4,0.0007,0.001,0.03
T13405,Educational Assessment and Improvement,8,17,9,0.0005,0.0012,0.06
T10745,Heart Rate Variability and Autonomic Control,17,8,-9,0.0012,0.0005,-0.06
T11218,Hip disorders and treatments,12,13,1,0.0008,0.0009,0.01
T10314,Social and Intergroup Psychology,11,14,3,0.0007,0.001,0.02
T11425,Diverse Music Education Insights,15,10,-5,0.001,0.0007,-0.03
T11678,Healthcare Decision-Making and Restraints,13,12,-1,0.0009,0.0008,-0.01
T11334,Psychosomatic Disorders and Their Treatments,13,12,-1,0.0009,0.0008,-0.01
T10803,Innovative Human-Technology Interaction,11,14,3,0.0007,0.001,0.02
T11301,Advanced Surface Polishing Techniques,12,12,0,0.0008,0.0008,0.0
T12188,"Architecture, Modernity, and Design",4,20,16,0.0003,0.0014,0.11
T10489,Regulation of Appetite and Obesity,6,18,12,0.0004,0.0012,0.08
T10023,Schizophrenia research and treatment,14,10,-4,0.001,0.0007,-0.03
T10804,"Health Systems, Economic Evaluations, Quality of Life",14,10,-4,0.001,0.0007,-0.03
T13896,Health Services Management and Policy,2,22,20,0.0001,0.0015,0.14
T12851,Firm Innovation and Growth,7,17,10,0.0005,0.0012,0.07
T13883,Child and Adolescent Health,19,5,-14,0.0013,0.0003,-0.1
T10786,Maternal Mental Health During Pregnancy and Postpartum,13,11,-2,0.0009,0.0008,-0.01
T10471,Climate Change Policy and Economics,9,15,6,0.0006,0.001,0.04
T10941,Musicology and Musical Analysis,2,21,19,0.0001,0.0014,0.13
T10876,Fault Detection and Control Systems,13,10,-3,0.0009,0.0007,-0.02
T11610,Food Security and Health in Diverse Populations,9,14,5,0.0006,0.001,0.03
T11536,Consumer Retail Behavior Studies,12,11,-1,0.0008,0.0008,-0.01
T10503,Global Financial Crisis and Policies,13,10,-3,0.0009,0.0007,-0.02
T10081,"Auditing, Earnings Management, Governance",12,11,-1,0.0008,0.0008,-0.01
T12392,Sharing Economy and Platforms,15,8,-7,0.001,0.0005,-0.05
T10400,Network Security and Intrusion Detection,12,11,-1,0.0008,0.0008,-0.01
T12871,Healthcare Quality and Management,8,15,7,0.0005,0.001,0.05
T12454,European Political History Analysis,7,16,9,0.0005,0.0011,0.06
T13844,Higher Education Learning Practices,19,4,-15,0.0013,0.0003,-0.1
T10442,Knee injuries and reconstruction techniques,12,11,-1,0.0008,0.0008,-0.01
T11011,Frailty in Older Adults,14,8,-6,0.001,0.0005,-0.04
T10404,Enzyme Catalysis and Immobilization,5,17,12,0.0003,0.0012,0.08
T10508,Patient Safety and Medication Errors,9,13,4,0.0006,0.0009,0.03
T11846,Cultural Heritage Management and Preservation,11,11,0,0.0007,0.0008,0.0
T14219,Local Economic Development and Planning,3,19,16,0.0002,0.0013,0.11
T13355,Marketing and Advertising Strategies,7,15,8,0.0005,0.001,0.05
T11446,Mobile Health and mHealth Applications,10,12,2,0.0007,0.0008,0.01
T10383,"Language, Discourse, Communication Strategies",13,9,-4,0.0009,0.0006,-0.03
T10738,Posthumanist Ethics and Activism,12,10,-2,0.0008,0.0007,-0.01
T12572,"Intelligence, Security, War Strategy",11,11,0,0.0007,0.0008,0.0
T10214,Psychotherapy Techniques and Applications,10,12,2,0.0007,0.0008,0.01
T11159,Manufacturing Process and Optimization,16,6,-10,0.0011,0.0004,-0.07
T10054,Parallel Computing and Optimization Techniques,11,11,0,0.0007,0.0008,0.0
T10200,Rheumatoid Arthritis Research and Therapies,7,15,8,0.0005,0.001,0.05
T12179,Art Education and Development,8,14,6,0.0005,0.001,0.04
T11231,Microbial Fuel Cells and Bioremediation,11,11,0,0.0007,0.0008,0.0
T13960,"Dietetics, Nutrition, and Education",11,11,0,0.0007,0.0008,0.0
T12751,Leadership and Management in Organizations,5,17,12,0.0003,0.0012,0.08
T10985,Sleep and Wakefulness Research,10,12,2,0.0007,0.0008,0.01
T12765,"Race, History, and American Society",14,8,-6,0.001,0.0005,-0.04
T10444,Context-Aware Activity Recognition Systems,11,11,0,0.0007,0.0008,0.0
T12767,Conflict of Laws and Jurisdiction,18,3,-15,0.0012,0.0002,-0.1
T10355,Impact of Technology on Adolescents,15,6,-9,0.001,0.0004,-0.06
T11999,Empathy and Medical Education,20,1,-19,0.0014,0.0001,-0.13
T10368,Dental Health and Care Utilization,9,12,3,0.0006,0.0008,0.02
T10291,Dialysis and Renal Disease Management,8,13,5,0.0005,0.0009,0.03
T11336,Energy and Environment Impacts,14,7,-7,0.001,0.0005,-0.05
T10644,Cryospheric studies and observations,9,12,3,0.0006,0.0008,0.02
T12448,Paranormal Experiences and Beliefs,10,11,1,0.0007,0.0008,0.01
T10749,International Law and Human Rights,8,13,5,0.0005,0.0009,0.03
T10557,Social Media and Politics,15,6,-9,0.001,0.0004,-0.06
T12267,Diet and metabolism studies,17,4,-13,0.0012,0.0003,-0.09
T10156,"LGBTQ Health, Identity, and Policy",14,7,-7,0.001,0.0005,-0.05
T10267,Higher Education Research Studies,8,13,5,0.0005,0.0009,0.03
T10216,"Migration, Refugees, and Integration",10,11,1,0.0007,0.0008,0.01
T11925,Culinary Culture and Tourism,16,5,-11,0.0011,0.0003,-0.07
T13252,Sex and Gender in Healthcare,15,6,-9,0.001,0.0004,-0.06
T13366,Accounting Theory and Financial Reporting,2,19,17,0.0001,0.0013,0.12
T11537,Ethics in medical practice,19,2,-17,0.0013,0.0001,-0.12
T10273,IoT and Edge/Fog Computing,15,6,-9,0.001,0.0004,-0.06
T12679,Focus Groups and Qualitative Methods,6,14,8,0.0004,0.001,0.05
T13402,Business Strategy and Innovation,12,8,-4,0.0008,0.0005,-0.03
T11479,Smart Cities and Technologies,11,9,-2,0.0007,0.0006,-0.01
T10370,Traffic and Road Safety,5,15,10,0.0003,0.001,0.07
T10206,Meta-analysis and systematic reviews,7,13,6,0.0005,0.0009,0.04
T13562,Cruise Tourism Development and Management,16,4,-12,0.0011,0.0003,-0.08
T11265,Aging and Gerontology Research,7,13,6,0.0005,0.0009,0.04
T10632,Housing Market and Economics,9,11,2,0.0006,0.0008,0.01
T10898,Environmental Education and Sustainability,15,5,-10,0.001,0.0003,-0.07
T11864,Supply Chain Resilience and Risk Management,12,8,-4,0.0008,0.0005,-0.03
T10918,Memory Processes and Influences,7,13,6,0.0005,0.0009,0.04
T10260,Software Engineering Research,13,7,-6,0.0009,0.0005,-0.04
T10636,Innovative Teaching and Learning Methods,12,7,-5,0.0008,0.0005,-0.03
T10177,Palliative Care and End-of-Life Issues,9,10,1,0.0006,0.0007,0.01
T10046,Stability and Control of Uncertain Systems,7,12,5,0.0005,0.0008,0.03
T10730,Language Development and Disorders,11,8,-3,0.0007,0.0005,-0.02
T13428,Anarchism and Radical Politics,5,14,9,0.0003,0.001,0.06
T10762,"Migration, Health and Trauma",15,4,-11,0.001,0.0003,-0.07
T10639,Advanced Software Engineering Methodologies,6,13,7,0.0004,0.0009,0.05
T10773,Extracellular vesicles in disease,11,8,-3,0.0007,0.0005,-0.02
T12788,Space Science and Extraterrestrial Life,9,10,1,0.0006,0.0007,0.01
T10569,Bariatric Surgery and Outcomes,11,8,-3,0.0007,0.0005,-0.02
T10560,Diabetes Management and Research,12,7,-5,0.0008,0.0005,-0.03
T13332,"Historical Studies on Reproduction, Gender, Health, and Societal Changes",16,3,-13,0.0011,0.0002,-0.09
T10133,Media Studies and Communication,7,12,5,0.0005,0.0008,0.03
T10182,Child and Adolescent Psychosocial and Emotional Development,13,6,-7,0.0009,0.0004,-0.05
T11676,Parental Involvement in Education,12,7,-5,0.0008,0.0005,-0.03
T11713,Genital Health and Disease,10,8,-2,0.0007,0.0005,-0.01
T10582,Ethics in Clinical Research,9,9,0,0.0006,0.0006,0.0
T12443,Delphi Technique in Research,12,6,-6,0.0008,0.0004,-0.04
T12295,"Foucault, Power, and Ethics",7,11,4,0.0005,0.0008,0.03
T10350,Electronic Health Records Systems,5,13,8,0.0003,0.0009,0.05
T10455,Foot and Ankle Surgery,10,8,-2,0.0007,0.0005,-0.01
T12284,Emotional Labor in Professions,10,8,-2,0.0007,0.0005,-0.01
T10562,Total Knee Arthroplasty Outcomes,9,9,0,0.0006,0.0006,0.0
T10252,Microbial Natural Products and Biosynthesis,12,6,-6,0.0008,0.0004,-0.04
T11191,Mathematical functions and polynomials,5,13,8,0.0003,0.0009,0.05
T10264,Asphalt Pavement Performance Evaluation,6,12,6,0.0004,0.0008,0.04
T12675,Financial Reporting and Valuation Research,13,5,-8,0.0009,0.0003,-0.05
T10979,Breastfeeding Practices and Influences,10,8,-2,0.0007,0.0005,-0.01
T12684,Stuttering Research and Treatment,9,9,0,0.0006,0.0006,0.0
T14315,Feminist Theory and Gender Studies,1,17,16,0.0001,0.0012,0.11
T12253,Urban Agriculture and Sustainability,10,7,-3,0.0007,0.0005,-0.02
T11863,"Gender, Security, and Conflict",11,6,-5,0.0007,0.0004,-0.03
T10674,School Choice and Performance,9,8,-1,0.0006,0.0005,-0.01
T11699,High-Velocity Impact and Material Behavior,7,10,3,0.0005,0.0007,0.02
T11995,"FinTech, Crowdfunding, Digital Finance",9,8,-1,0.0006,0.0005,-0.01
T12248,Water Governance and Infrastructure,12,5,-7,0.0008,0.0003,-0.05
T10164,Quality and Supply Management,8,9,1,0.0005,0.0006,0.01
T11744,Health Sciences Research and Education,7,10,3,0.0005,0.0007,0.02
T12227,Environmental and Social Impact Assessments,7,10,3,0.0005,0.0007,0.02
T11662,Legal Cases and Commentary,1,16,15,0.0001,0.0011,0.1
T11368,Long-Term Effects of COVID-19,8,9,1,0.0005,0.0006,0.01
T13416,Educational Theory and Curriculum Studies,7,10,3,0.0005,0.0007,0.02
T12345,Adult and Continuing Education Topics,7,10,3,0.0005,0.0007,0.02
T13028,Literature and Culture Studies,0,17,17,0.0,0.0012,0.12
T10795,Healthcare professionals’ stress and burnout,8,9,1,0.0005,0.0006,0.01
T11097,Cerebral Palsy and Movement Disorders,14,3,-11,0.001,0.0002,-0.07
T11352,Masonry and Concrete Structural Analysis,10,7,-3,0.0007,0.0005,-0.02
T10883,Ethics and Social Impacts of AI,9,8,-1,0.0006,0.0005,-0.01
T12335,"Sexuality, Behavior, and Technology",13,4,-9,0.0009,0.0003,-0.06
T13516,Publishing and Scholarly Communication,3,14,11,0.0002,0.001,0.08
T12823,Adolescent and Pediatric Healthcare,9,8,-1,0.0006,0.0005,-0.01
T11370,Mobile Learning in Education,7,10,3,0.0005,0.0007,0.02
T11114,Service and Product Innovation,9,8,-1,0.0006,0.0005,-0.01
T10833,Vaccine Coverage and Hesitancy,9,8,-1,0.0006,0.0005,-0.01
T13911,"Employment, Labor, and Gender Studies",0,17,17,0.0,0.0012,0.12
T11431,Action Observation and Synchronization,9,7,-2,0.0006,0.0005,-0.01
T10265,Multilingual Education and Policy,9,7,-2,0.0006,0.0005,-0.01
T10277,Vitamin D Research Studies,8,8,0,0.0005,0.0005,0.0
T10066,Gut microbiota and health,8,8,0,0.0005,0.0005,0.0
T11935,"Literacy, Media, and Education",12,4,-8,0.0008,0.0003,-0.05
T12501,Digital Economy and Work Transformation,13,3,-10,0.0009,0.0002,-0.07
T10349,Migration and Labor Dynamics,9,7,-2,0.0006,0.0005,-0.01
T11211,3D Surveying and Cultural Heritage,9,7,-2,0.0006,0.0005,-0.01
T12098,Rural development and sustainability,10,6,-4,0.0007,0.0004,-0.03
T10934,Heat shock proteins research,8,8,0,0.0005,0.0005,0.0
T12194,Cultural Competency in Health Care,7,9,2,0.0005,0.0006,0.01
T11282,Fibromyalgia and Chronic Fatigue Syndrome Research,12,4,-8,0.0008,0.0003,-0.05
T12256,Facilities and Workplace Management,9,7,-2,0.0006,0.0005,-0.01
T11614,Cloud Data Security Solutions,9,7,-2,0.0006,0.0005,-0.01
T11526,Innovative Teaching Methods,8,8,0,0.0005,0.0005,0.0
T11147,Misinformation and Its Impacts,11,5,-6,0.0007,0.0003,-0.04
T12542,Second Language Learning and Teaching,13,3,-10,0.0009,0.0002,-0.07
T11299,Problem and Project Based Learning,6,10,4,0.0004,0.0007,0.03
T11883,Embodied and Extended Cognition,4,12,8,0.0003,0.0008,0.05
T12921,European Criminal Justice and Data Protection,12,4,-8,0.0008,0.0003,-0.05
T13884,Educational Leadership and Practices,7,9,2,0.0005,0.0006,0.01
T11976,Capital Investment and Risk Analysis,7,9,2,0.0005,0.0006,0.01
T10585,Family Dynamics and Relationships,3,13,10,0.0002,0.0009,0.07
T10242,Posttraumatic Stress Disorder Research,8,7,-1,0.0005,0.0005,-0.01
T13710,European and International Law Studies,10,5,-5,0.0007,0.0003,-0.03
T11838,"Crime, Illicit Activities, and Governance",7,8,1,0.0005,0.0005,0.01
T13574,Family Support in Illness,15,0,-15,0.001,0.0,-0.1
T10734,Information and Cyber Security,4,11,7,0.0003,0.0008,0.05
T11711,COVID-19 Pandemic Impacts,11,4,-7,0.0007,0.0003,-0.05
T12231,Contemporary Sociological Theory and Practice,8,7,-1,0.0005,0.0005,-0.01
T11756,Mentoring and Academic Development,8,7,-1,0.0005,0.0005,-0.01
T11768,Music Therapy and Health,9,6,-3,0.0006,0.0004,-0.02
T12128,AI in Service Interactions,8,7,-1,0.0005,0.0005,-0.01
T13603,Corporate Social Responsibility and Sustainability,1,14,13,0.0001,0.001,0.09
T13145,Crime and Detective Fiction Studies,11,4,-7,0.0007,0.0003,-0.05
T10387,Fatty Acid Research and Health,6,9,3,0.0004,0.0006,0.02
T10828,Biometric Identification and Security,7,8,1,0.0005,0.0005,0.01
T13222,"Caribbean history, culture, and politics",10,5,-5,0.0007,0.0003,-0.03
T12837,American Environmental and Regional History,12,3,-9,0.0008,0.0002,-0.06
T11835,Sustainability in Higher Education,6,9,3,0.0004,0.0006,0.02
T13194,ICT in Developing Communities,7,8,1,0.0005,0.0005,0.01
T12525,Australian History and Society,15,0,-15,0.001,0.0,-0.1
T10155,Nitric Oxide and Endothelin Effects,9,6,-3,0.0006,0.0004,-0.02
T11644,Spam and Phishing Detection,7,8,1,0.0005,0.0005,0.01
T10718,Political Philosophy and Ethics,11,4,-7,0.0007,0.0003,-0.05
T11553,Acne and Rosacea Treatments and Effects,7,8,1,0.0005,0.0005,0.01
T10364,Reproductive Biology and Fertility,9,6,-3,0.0006,0.0004,-0.02
T12786,Innovation and Socioeconomic Development,13,1,-12,0.0009,0.0001,-0.08
T11566,Laser Applications in Dentistry and Medicine,5,9,4,0.0003,0.0006,0.03
T11990,Global Health Workforce Issues,9,5,-4,0.0006,0.0003,-0.03
T10551,Scheduling and Optimization Algorithms,7,7,0,0.0005,0.0005,0.0
T13081,Digital Education and Society,6,8,2,0.0004,0.0005,0.01
T11579,Cardiovascular and Diving-Related Complications,10,4,-6,0.0007,0.0003,-0.04
T11454,Cultural Differences and Values,10,4,-6,0.0007,0.0003,-0.04
T14356,Organizational Leadership and Management Strategies,3,11,8,0.0002,0.0008,0.05
T10104,Nanofluid Flow and Heat Transfer,8,6,-2,0.0005,0.0004,-0.01
T11081,Advanced Control Systems Design,3,11,8,0.0002,0.0008,0.05
T10108,Electoral Systems and Political Participation,0,14,14,0.0,0.001,0.1
T10215,Semantic Web and Ontologies,9,5,-4,0.0006,0.0003,-0.03
T12144,"Colonialism, slavery, and trade",6,8,2,0.0004,0.0005,0.01
T12474,Education Discipline and Inequality,7,7,0,0.0005,0.0005,0.0
T10726,Career Development and Diversity,3,11,8,0.0002,0.0008,0.05
T13176,Winter Sports Injuries and Performance,10,4,-6,0.0007,0.0003,-0.04
T10935,Endometriosis Research and Treatment,7,7,0,0.0005,0.0005,0.0
T10687,Innovative concrete reinforcement materials,8,6,-2,0.0005,0.0004,-0.01
T10051,Asthma and respiratory diseases,4,10,6,0.0003,0.0007,0.04
T11475,French Urban and Social Studies,12,2,-10,0.0008,0.0001,-0.07
T12203,Mobile Agent-Based Network Management,8,6,-2,0.0005,0.0004,-0.01
T12693,"Migration, Ethnicity, and Economy",12,2,-10,0.0008,0.0001,-0.07
T13497,Hermeneutics and Narrative Identity,14,0,-14,0.001,0.0,-0.1
T10791,Advanced Control Systems Optimization,5,9,4,0.0003,0.0006,0.03
T12847,Healthcare Systems and Challenges,7,7,0,0.0005,0.0005,0.0
T12779,Public Procurement and Policy,9,5,-4,0.0006,0.0003,-0.03
T10529,Stress Responses and Cortisol,6,8,2,0.0004,0.0005,0.01
T12120,Air Quality Monitoring and Forecasting,8,6,-2,0.0005,0.0004,-0.01
T11499,ICT Impact and Policies,10,4,-6,0.0007,0.0003,-0.04
T11929,Cerebral Venous Sinus Thrombosis,7,7,0,0.0005,0.0005,0.0
T12121,Cooperative Studies and Economics,6,8,2,0.0004,0.0005,0.01
T11238,Simulation-Based Education in Healthcare,6,8,2,0.0004,0.0005,0.01
T10036,Advanced Neural Network Applications,5,9,4,0.0003,0.0006,0.03
T12704,Stress and Burnout Research,0,14,14,0.0,0.001,0.1
T13353,Flow Experience in Various Fields,9,5,-4,0.0006,0.0003,-0.03
T12544,Working Capital and Financial Performance,8,6,-2,0.0005,0.0004,-0.01
T12013,Sustainable Development and Environmental Policy,10,4,-6,0.0007,0.0003,-0.04
T10320,Neural Networks and Applications,8,6,-2,0.0005,0.0004,-0.01
T13235,Management Theory and Practice,4,10,6,0.0003,0.0007,0.04
T11104,"Memory, Trauma, and Commemoration",6,8,2,0.0004,0.0005,0.01
T11906,"Gender, Sexuality, and Education",0,14,14,0.0,0.001,0.1
T13695,"Aging, Elder Care, and Social Issues",0,14,14,0.0,0.001,0.1
T11133,UAV Applications and Optimization,7,6,-1,0.0005,0.0004,-0.01
T13283,Mental Health Research Topics,11,2,-9,0.0007,0.0001,-0.06
T10672,Design Education and Practice,6,7,1,0.0004,0.0005,0.01
T10114,"Balance, Gait, and Falls Prevention",8,5,-3,0.0005,0.0003,-0.02
T12060,Child Development and Digital Technology,10,3,-7,0.0007,0.0002,-0.05
T10143,Chronic Obstructive Pulmonary Disease (COPD) Research,10,3,-7,0.0007,0.0002,-0.05
T12797,History of Computing Technologies,6,7,1,0.0004,0.0005,0.01
T10102,scientometrics and bibliometrics research,4,9,5,0.0003,0.0006,0.03
T10788,Neuroscience and Music Perception,10,3,-7,0.0007,0.0002,-0.05
T11572,Information Technology Governance and Strategy,6,7,1,0.0004,0.0005,0.01
T10403,Phonetics and Phonology Research,6,7,1,0.0004,0.0005,0.01
T13070,Cultural Identity and Heritage,1,12,11,0.0001,0.0008,0.08
T13518,Architecture and Computational Design,10,3,-7,0.0007,0.0002,-0.05
T11823,Natural Resources and Economic Development,7,6,-1,0.0005,0.0004,-0.01
T13131,Collaborative Teaching and Inclusion,9,4,-5,0.0006,0.0003,-0.03
T11971,"World Wars: History, Literature, and Impact",7,6,-1,0.0005,0.0004,-0.01
T10556,Global Cancer Incidence and Screening,10,3,-7,0.0007,0.0002,-0.05
T14109,Scottish History and National Identity,12,1,-11,0.0008,0.0001,-0.07
T11146,Hormonal and reproductive studies,6,7,1,0.0004,0.0005,0.01
T12054,Menstrual Health and Disorders,6,7,1,0.0004,0.0005,0.01
T14393,"Health, Environment, Cognitive Aging",13,0,-13,0.0009,0.0,-0.09
T10616,Smart Agriculture and AI,7,6,-1,0.0005,0.0004,-0.01
T13575,Travel Writing and Literature,7,6,-1,0.0005,0.0004,-0.01
T13226,Appreciative Inquiry and Organizational Change,4,9,5,0.0003,0.0006,0.03
T11290,Preterm Birth and Chorioamnionitis,4,9,5,0.0003,0.0006,0.03
T12783,"Migration, Aging, and Tourism Studies",11,2,-9,0.0007,0.0001,-0.06
T12583,Food Waste Reduction and Sustainability,10,3,-7,0.0007,0.0002,-0.05
T13084,Education during COVID-19 pandemic,0,13,13,0.0,0.0009,0.09
T10700,Metal Forming Simulation Techniques,7,6,-1,0.0005,0.0004,-0.01
T13376,Criminal Law and Policy,3,10,7,0.0002,0.0007,0.05
T10640,Spectroscopy and Chemometric Analyses,7,6,-1,0.0005,0.0004,-0.01
T12725,transportation and logistics systems,4,9,5,0.0003,0.0006,0.03
T12802,Competency Development and Evaluation,3,10,7,0.0002,0.0007,0.05
T10128,Global trade and economics,9,3,-6,0.0006,0.0002,-0.04
T11862,"Agriculture, Land Use, Rural Development",6,6,0,0.0004,0.0004,0.0
T11094,Face Recognition and Perception,3,9,6,0.0002,0.0006,0.04
T10987,Microfinance and Financial Inclusion,9,3,-6,0.0006,0.0002,-0.04
T12752,Global Peace and Security Dynamics,11,1,-10,0.0007,0.0001,-0.07
T10407,Lipid Membrane Structure and Behavior,5,7,2,0.0003,0.0005,0.01
T12157,Geochemistry and Geologic Mapping,12,0,-12,0.0008,0.0,-0.08
T11606,Infrastructure Maintenance and Monitoring,7,5,-2,0.0005,0.0003,-0.01
T11396,Artificial Intelligence in Healthcare,5,7,2,0.0003,0.0005,0.01
T10713,Structural Load-Bearing Analysis,6,6,0,0.0004,0.0004,0.0
T11795,Humor Studies and Applications,6,6,0,0.0004,0.0004,0.0
T10181,Natural Language Processing Techniques,6,6,0,0.0004,0.0004,0.0
T12276,Risk Management in Financial Firms,6,6,0,0.0004,0.0004,0.0
T10858,Clinical Nutrition and Gastroenterology,5,7,2,0.0003,0.0005,0.01
T13474,Autobiographical and Biographical Writing,1,11,10,0.0001,0.0008,0.07
T10823,Research on Leishmaniasis Studies,6,6,0,0.0004,0.0004,0.0
T10034,"Syntax, Semantics, Linguistic Variation",4,8,4,0.0003,0.0005,0.03
T13063,Education and experiences of immigrants and refugees,4,8,4,0.0003,0.0005,0.03
T11653,Financial Distress and Bankruptcy Prediction,6,6,0,0.0004,0.0004,0.0
T10759,Translation Studies and Practices,4,8,4,0.0003,0.0005,0.03
T12912,"Shakespeare, Adaptation, and Literary Criticism",11,1,-10,0.0007,0.0001,-0.07
T11692,Noise Effects and Management,8,4,-4,0.0005,0.0003,-0.03
T10806,Energetic Materials and Combustion,6,6,0,0.0004,0.0004,0.0
T10456,Multi-Agent Systems and Negotiation,7,5,-2,0.0005,0.0003,-0.01
T12678,Themes in Literature Analysis,9,3,-6,0.0006,0.0002,-0.04
T13510,Nostalgia and Consumer Behavior,3,9,6,0.0002,0.0006,0.04
T11131,Proteoglycans and glycosaminoglycans research,7,5,-2,0.0005,0.0003,-0.01
T11715,Education and Critical Thinking Development,12,0,-12,0.0008,0.0,-0.08
T12390,Comics and Graphic Narratives,4,8,4,0.0003,0.0005,0.03
T11983,"Identity, Memory, and Therapy",6,6,0,0.0004,0.0004,0.0
T11257,Taxation and Compliance Studies,8,4,-4,0.0005,0.0003,-0.03
T12648,Academic Writing and Publishing,4,8,4,0.0003,0.0005,0.03
T10027,"Diabetes, Cardiovascular Risks, and Lipoproteins",6,6,0,0.0004,0.0004,0.0
T12502,Urbanization and City Planning,10,2,-8,0.0007,0.0001,-0.05
T11203,Jewish and Middle Eastern Studies,7,5,-2,0.0005,0.0003,-0.01
T10467,Psychometric Methodologies and Testing,3,9,6,0.0002,0.0006,0.04
T10189,Anesthesia and Pain Management,3,9,6,0.0002,0.0006,0.04
T10652,Racial and Ethnic Identity Research,2,10,8,0.0001,0.0007,0.05
T13370,Diverse Scientific and Economic Studies,12,0,-12,0.0008,0.0,-0.08
T11670,Pressure Ulcer Prevention and Management,6,6,0,0.0004,0.0004,0.0
T10905,Solar Thermal and Photovoltaic Systems,6,5,-1,0.0004,0.0003,-0.01
T12430,Academic and Historical Perspectives in Psychology,6,5,-1,0.0004,0.0003,-0.01
T11108,Municipal Solid Waste Management,7,4,-3,0.0005,0.0003,-0.02
T11666,Color Science and Applications,5,6,1,0.0003,0.0004,0.01
T11045,"Privacy, Security, and Data Protection",5,6,1,0.0003,0.0004,0.01
T10746,Platelet Disorders and Treatments,4,7,3,0.0003,0.0005,0.02
T10147,Antibiotic Resistance in Bacteria,4,7,3,0.0003,0.0005,0.02
T13316,"Crafts, Textile, and Design",8,3,-5,0.0005,0.0002,-0.03
T13066,Information Society and Technology Trends,3,8,5,0.0002,0.0005,0.03
T10912,Telemedicine and Telehealth Implementation,2,9,7,0.0001,0.0006,0.05
T13512,Spatial and Cultural Studies,2,9,7,0.0001,0.0006,0.05
T11292,Pediatric Pain Management Techniques,10,1,-9,0.0007,0.0001,-0.06
T10011,"Literature: history, themes, analysis",6,5,-1,0.0004,0.0003,-0.01
T12481,Digital Accessibility for Disabilities,6,5,-1,0.0004,0.0003,-0.01
T12608,Spatial Neglect and Hemispheric Dysfunction,5,6,1,0.0003,0.0004,0.01
T12030,S100 Proteins and Annexins,7,4,-3,0.0005,0.0003,-0.02
T12397,Critical Theory and Philosophy,7,4,-3,0.0005,0.0003,-0.02
T11040,Personality Traits and Psychology,7,4,-3,0.0005,0.0003,-0.02
T11365,Islamic Finance and Banking Studies,10,1,-9,0.0007,0.0001,-0.06
T12908,"Media, Gender, and Advertising",10,1,-9,0.0007,0.0001,-0.06
T13850,Night-time city culture,5,6,1,0.0003,0.0004,0.01
T10485,"Bullying, Victimization, and Aggression",7,4,-3,0.0005,0.0003,-0.02
T11167,Hair Growth and Disorders,5,6,1,0.0003,0.0004,0.01
T12595,Romani and Gypsy Studies,5,6,1,0.0003,0.0004,0.01
T13151,Business Strategies and Innovation,3,8,5,0.0002,0.0005,0.03
T10863,Voice and Speech Disorders,6,5,-1,0.0004,0.0003,-0.01
T12663,Body Image and Dysmorphia Studies,4,7,3,0.0003,0.0005,0.02
T12103,Cancer Risks and Factors,8,3,-5,0.0005,0.0002,-0.03
T13149,Organizational Change and Leadership,2,9,7,0.0001,0.0006,0.05
T13503,"Gender, Health, and Social Inequality",0,11,11,0.0,0.0008,0.08
T10667,Emotion and Mood Recognition,4,7,3,0.0003,0.0005,0.02
T13739,Medieval and Early Modern Justice,0,11,11,0.0,0.0008,0.08
T13979,Communication and COVID-19 Impact,0,11,11,0.0,0.0008,0.08
T11705,Gambling Behavior and Treatments,6,4,-2,0.0004,0.0003,-0.01
T10146,Cervical Cancer and HPV Research,7,3,-4,0.0005,0.0002,-0.03
T13017,Zygmunt Bauman's Sociology,1,9,8,0.0001,0.0006,0.05
T11283,Experimental Learning in Engineering,6,4,-2,0.0004,0.0003,-0.01
T13393,Child Nutrition and Feeding Issues,8,2,-6,0.0005,0.0001,-0.04
T13590,"Oral History, Memory, Narrative Analysis",5,5,0,0.0003,0.0003,0.0
T12394,Insurance and Financial Risk Management,5,5,0,0.0003,0.0003,0.0
T10328,Supply Chain and Inventory Management,5,5,0,0.0003,0.0003,0.0
T12171,Open Education and E-Learning,8,2,-6,0.0005,0.0001,-0.04
T11977,Technology Use by Older Adults,4,6,2,0.0003,0.0004,0.01
T12354,Innovations in Educational Methods,7,3,-4,0.0005,0.0002,-0.03
T10926,Peripheral Artery Disease Management,7,3,-4,0.0005,0.0002,-0.03
T10103,Reading and Literacy Development,6,4,-2,0.0004,0.0003,-0.01
T10465,Neurobiology of Language and Bilingualism,7,3,-4,0.0005,0.0002,-0.03
T13364,"Digitalization, Law, and Regulation",2,8,6,0.0001,0.0005,0.04
T14031,Global and Cross-Cultural Management,3,7,4,0.0002,0.0005,0.03
T10600,Reproductive Health and Contraception,3,7,4,0.0002,0.0005,0.03
T12262,Hate Speech and Cyberbullying Detection,5,5,0,0.0003,0.0003,0.0
T10381,Ophthalmology and Visual Impairment Studies,6,4,-2,0.0004,0.0003,-0.01
T10845,Advanced Causal Inference Techniques,3,7,4,0.0002,0.0005,0.03
T12034,Digital and Cyber Forensics,7,3,-4,0.0005,0.0002,-0.03
T12982,Legal principles and applications,7,3,-4,0.0005,0.0002,-0.03
T10317,Advanced Database Systems and Queries,5,5,0,0.0003,0.0003,0.0
T11552,"Global trade, sustainability, and social impact",7,3,-4,0.0005,0.0002,-0.03
T12632,Visual Culture and Art Theory,4,6,2,0.0003,0.0004,0.01
T10435,Environmental Impact and Sustainability,5,5,0,0.0003,0.0003,0.0
T10902,Complementary and Alternative Medicine Studies,7,3,-4,0.0005,0.0002,-0.03
T10366,Discourse Analysis in Language Studies,6,4,-2,0.0004,0.0003,-0.01
T12339,Medical Malpractice and Liability Issues,10,0,-10,0.0007,0.0,-0.07
T11433,Emotional Intelligence and Performance,8,2,-6,0.0005,0.0001,-0.04
T11244,Climate Change and Health Impacts,8,2,-6,0.0005,0.0001,-0.04
T10346,Magnetic confinement fusion research,10,0,-10,0.0007,0.0,-0.07
T10930,Flood Risk Assessment and Management,5,5,0,0.0003,0.0003,0.0
T12462,Elder Abuse and Neglect,5,5,0,0.0003,0.0003,0.0
T12539,Pharmacology and Obesity Treatment,4,6,2,0.0003,0.0004,0.01
T13354,Genetics and Physical Performance,7,3,-4,0.0005,0.0002,-0.03
T11188,Coagulation and Flocculation Studies,5,5,0,0.0003,0.0003,0.0
T13071,Digital Storytelling and Education,6,4,-2,0.0004,0.0003,-0.01
T10166,Mosquito-borne diseases and control,5,5,0,0.0003,0.0003,0.0
T14059,"Nietzsche, Schopenhauer, and Hegel",5,5,0,0.0003,0.0003,0.0
T12950,Educational Environments and Student Outcomes,3,7,4,0.0002,0.0005,0.03
T13156,Historical Linguistics and Language Studies,4,6,2,0.0003,0.0004,0.01
T13359,Sports Science and Education,0,10,10,0.0,0.0007,0.07
T13860,Arts and Performance Studies,0,10,10,0.0,0.0007,0.07
T10119,Sustainability and Climate Change Governance,5,5,0,0.0003,0.0003,0.0
T13111,Nursing care and research,4,6,2,0.0003,0.0004,0.01
T10604,RNA Research and Splicing,4,6,2,0.0003,0.0004,0.01
T10679,Service-Oriented Architecture and Web Services,8,2,-6,0.0005,0.0001,-0.04
T12777,"Philosophy, History, and Historiography",2,8,6,0.0001,0.0005,0.04
T13737,Critical and Liberation Pedagogy,2,7,5,0.0001,0.0005,0.03
T11599,Aviation Industry Analysis and Trends,6,3,-3,0.0004,0.0002,-0.02
T13699,Public Spaces through Art,4,5,1,0.0003,0.0003,0.01
T12156,World Trade Organization Law,2,7,5,0.0001,0.0005,0.03
T10617,Cellular transport and secretion,4,5,1,0.0003,0.0003,0.01
T10040,Adaptive Control of Nonlinear Systems,6,3,-3,0.0004,0.0002,-0.02
T11556,"Poverty, Education, and Child Welfare",6,3,-3,0.0004,0.0002,-0.02
T14513,"Leadership, Courage, and Heroism Studies",6,3,-3,0.0004,0.0002,-0.02
T10124,Prostate Cancer Diagnosis and Treatment,4,5,1,0.0003,0.0003,0.01
T13447,Educational and Psychological Assessments,9,0,-9,0.0006,0.0,-0.06
T12933,Franchising Strategies and Performance,5,4,-1,0.0003,0.0003,-0.01
T11865,Anorectal Disease Treatments and Outcomes,7,2,-5,0.0005,0.0001,-0.03
T10105,Osteoarthritis Treatment and Mechanisms,5,4,-1,0.0003,0.0003,-0.01
T11264,Coffee research and impacts,4,5,1,0.0003,0.0003,0.01
T11631,"Retirement, Disability, and Employment",4,5,1,0.0003,0.0003,0.01
T11507,Religion and Society Interactions,3,6,3,0.0002,0.0004,0.02
T11386,Bee Products Chemical Analysis,4,5,1,0.0003,0.0003,0.01
T12281,Animal testing and alternatives,1,8,7,0.0001,0.0005,0.05
T10120,Bacterial Genetics and Biotechnology,5,4,-1,0.0003,0.0003,-0.01
T11227,Diabetic Foot Ulcer Assessment and Management,5,4,-1,0.0003,0.0003,-0.01
T10771,Wound Healing and Treatments,3,6,3,0.0002,0.0004,0.02
T14024,"Education, Philosophy, and Society",2,7,5,0.0001,0.0005,0.03
T11712,Intergenerational Family Dynamics and Caregiving,6,3,-3,0.0004,0.0002,-0.02
T13730,"Martial Arts: Techniques, Psychology, and Education",3,6,3,0.0002,0.0004,0.02
T10202,Lung Cancer Diagnosis and Treatment,6,3,-3,0.0004,0.0002,-0.02
T13035,Human Rights and Development,8,1,-7,0.0005,0.0001,-0.05
T12357,Digital Media Forensic Detection,5,4,-1,0.0003,0.0003,-0.01
T12593,Communication in Education and Healthcare,9,0,-9,0.0006,0.0,-0.06
T10645,Cardiac Arrest and Resuscitation,5,4,-1,0.0003,0.0003,-0.01
T12461,Narrative Theory and Analysis,4,5,1,0.0003,0.0003,0.01
T14260,Impact of AI and Big Data on Business and Society,3,6,3,0.0002,0.0004,0.02
T13922,Historical Art and Culture Studies,8,1,-7,0.0005,0.0001,-0.05
T10552,Colorectal Cancer Screening and Detection,4,5,1,0.0003,0.0003,0.01
T11859,Educator Training and Historical Pedagogy,9,0,-9,0.0006,0.0,-0.06
T11997,Free Will and Agency,5,4,-1,0.0003,0.0003,-0.01
T14212,Health Promotion and Cardiovascular Prevention,5,4,-1,0.0003,0.0003,-0.01
T11000,Infection Control in Healthcare,4,5,1,0.0003,0.0003,0.01
T12949,South Asian Studies and Diaspora,5,4,-1,0.0003,0.0003,-0.01
T10778,Philosophy and History of Science,5,4,-1,0.0003,0.0003,-0.01
T11258,Breast Implant and Reconstruction,5,4,-1,0.0003,0.0003,-0.01
T13938,Historical and Contemporary Political Dynamics,7,2,-5,0.0005,0.0001,-0.03
T10198,Heart Failure Treatment and Management,3,6,3,0.0002,0.0004,0.02
T11843,Family Business Performance and Succession,5,4,-1,0.0003,0.0003,-0.01
T11462,Museums and Cultural Heritage,5,4,-1,0.0003,0.0003,-0.01
T11185,Integrated Energy Systems Optimization,4,5,1,0.0003,0.0003,0.01
T11969,Fluoride Effects and Removal,4,5,1,0.0003,0.0003,0.01
T12942,Cultural Studies and Postmodernism,2,7,5,0.0001,0.0005,0.03
T11450,Model-Driven Software Engineering Techniques,5,4,-1,0.0003,0.0003,-0.01
T12670,"Urbanism, Landscape, and Tourism Studies",1,8,7,0.0001,0.0005,0.05
T11239,Social Capital and Networks,2,7,5,0.0001,0.0005,0.03
T13801,Urban Arborization and Environmental Studies,1,8,7,0.0001,0.0005,0.05
T14496,Educational Technology and E-Learning,0,9,9,0.0,0.0006,0.06
T10768,Electric Vehicles and Infrastructure,6,3,-3,0.0004,0.0002,-0.02
T10597,Nuclear reactor physics and engineering,7,2,-5,0.0005,0.0001,-0.03
T12325,Urban Design and Spatial Analysis,6,3,-3,0.0004,0.0002,-0.02
T12974,Modernist Literature and Criticism,2,7,5,0.0001,0.0005,0.03
T10470,Usability and User Interface Design,3,6,3,0.0002,0.0004,0.02
T10445,Antioxidant Activity and Oxidative Stress,3,6,3,0.0002,0.0004,0.02
T12320,Feminist Epistemology and Gender Studies,0,9,9,0.0,0.0006,0.06
T11032,VLSI and Analog Circuit Testing,4,4,0,0.0003,0.0003,0.0
T11235,Statistical Methods in Clinical Trials,1,7,6,0.0001,0.0005,0.04
T12619,Political Systems and Governance,5,3,-2,0.0003,0.0002,-0.01
T14181,Academic Freedom and Politics,4,4,0,0.0003,0.0003,0.0
T10698,Transportation Planning and Optimization,4,4,0,0.0003,0.0003,0.0
T11707,Gaze Tracking and Assistive Technology,4,4,0,0.0003,0.0003,0.0
T12738,Corporate Identity and Reputation,5,3,-2,0.0003,0.0002,-0.01
T10799,Data Visualization and Analytics,3,5,2,0.0002,0.0003,0.01
T13334,South Asian Cinema and Culture,7,1,-6,0.0005,0.0001,-0.04
T10689,Remote-Sensing Image Classification,2,6,4,0.0001,0.0004,0.03
T13751,Diverse Approaches in Healthcare and Education Studies,8,0,-8,0.0005,0.0,-0.05
T10251,Solar and Space Plasma Dynamics,4,4,0,0.0003,0.0003,0.0
T14002,"Art, Technology, and Culture",4,4,0,0.0003,0.0003,0.0
T11874,Structural Response to Dynamic Loads,2,6,4,0.0001,0.0004,0.03
T11938,ERP Systems Implementation and Impact,4,4,0,0.0003,0.0003,0.0
T10512,Orthopaedic implants and arthroplasty,4,4,0,0.0003,0.0003,0.0
T10446,"Income, Poverty, and Inequality",2,6,4,0.0001,0.0004,0.03
T10082,HIV/AIDS Research and Interventions,2,6,4,0.0001,0.0004,0.03
T10138,Network Traffic and Congestion Control,2,6,4,0.0001,0.0004,0.03
T14124,"Food, Nutrition, and Cultural Practices",0,8,8,0.0,0.0005,0.05
T13170,Discrimination and Equality Law,0,8,8,0.0,0.0005,0.05
T13495,Biographical and Historical Analysis,0,8,8,0.0,0.0005,0.05
T13488,Sports and Physical Education Studies,2,6,4,0.0001,0.0004,0.03
T11640,Linguistic Variation and Morphology,5,3,-2,0.0003,0.0002,-0.01
T11657,Digital and Traditional Archives Management,6,2,-4,0.0004,0.0001,-0.03
T10334,"Hearing, Cochlea, Tinnitus, Genetics",0,8,8,0.0,0.0005,0.05
T12414,Coastal and Marine Management,5,3,-2,0.0003,0.0002,-0.01
T14280,Big Data Technologies and Applications,2,6,4,0.0001,0.0004,0.03
T12027,Social Media in Health Education,4,4,0,0.0003,0.0003,0.0
T13276,University-Industry-Government Innovation Models,2,6,4,0.0001,0.0004,0.03
T12496,Color perception and design,5,3,-2,0.0003,0.0002,-0.01
T12105,Hygrothermal properties of building materials,4,4,0,0.0003,0.0003,0.0
T13587,Q Methodology Applications,4,4,0,0.0003,0.0003,0.0
T11770,Fiscal Policy and Economic Growth,7,1,-6,0.0005,0.0001,-0.04
T11942,Transportation and Mobility Innovations,6,2,-4,0.0004,0.0001,-0.03
T12005,Spaceflight effects on biology,7,1,-6,0.0005,0.0001,-0.04
T13077,Cancer-related cognitive impairment studies,8,0,-8,0.0005,0.0,-0.05
T14464,Community Development and Social Impact,8,0,-8,0.0005,0.0,-0.05
T11488,Climate Change Communication and Perception,6,2,-4,0.0004,0.0001,-0.03
T11820,Learning Styles and Cognitive Differences,4,4,0,0.0003,0.0003,0.0
T13173,Gender Studies in Language,4,4,0,0.0003,0.0003,0.0
T12219,Canadian Identity and History,8,0,-8,0.0005,0.0,-0.05
T11453,Diagnosis and Treatment of Venous Diseases,4,4,0,0.0003,0.0003,0.0
T10537,Attention Deficit Hyperactivity Disorder,4,4,0,0.0003,0.0003,0.0
T12519,Cybercrime and Law Enforcement Studies,4,4,0,0.0003,0.0003,0.0
T11721,Blood properties and coagulation,5,3,-2,0.0003,0.0002,-0.01
T10190,Air Quality and Health Impacts,4,4,0,0.0003,0.0003,0.0
T10017,Geology and Paleoclimatology Research,6,2,-4,0.0004,0.0001,-0.03
T10673,Gestational Diabetes Research and Management,7,1,-6,0.0005,0.0001,-0.04
T13666,Postmodernism in Literature and Education,4,4,0,0.0003,0.0003,0.0
T12402,Travel-related health issues,4,4,0,0.0003,0.0003,0.0
T12313,Emotions and Moral Behavior,3,5,2,0.0002,0.0003,0.01
T10220,Machine Fault Diagnosis Techniques,4,4,0,0.0003,0.0003,0.0
T12147,Urban and Rural Development Challenges,5,3,-2,0.0003,0.0002,-0.01
T11539,Survey Methodology and Nonresponse,2,6,4,0.0001,0.0004,0.03
T11573,Risk Perception and Management,2,6,4,0.0001,0.0004,0.03
T14190,Military history and social perspectives,0,8,8,0.0,0.0005,0.05
T11422,Burn Injury Management and Outcomes,5,3,-2,0.0003,0.0002,-0.01
T10134,Inflammatory Bowel Disease,5,3,-2,0.0003,0.0002,-0.01
T10429,EEG and Brain-Computer Interfaces,6,2,-4,0.0004,0.0001,-0.03
T12745,Dietary Effects on Health,5,3,-2,0.0003,0.0002,-0.01
T10050,Multi-Criteria Decision Making,3,5,2,0.0002,0.0003,0.01
T14185,"Research, Science, and Academia",1,7,6,0.0001,0.0005,0.04
T11918,Forecasting Techniques and Applications,0,8,8,0.0,0.0005,0.05
T12952,School Leadership and Teacher Performance,0,8,8,0.0,0.0005,0.05
T13024,Literary Theory and Cultural Hermeneutics,0,8,8,0.0,0.0005,0.05
T13117,Health Education and Validation,0,8,8,0.0,0.0005,0.05
T14498,Educational Technology in Learning,0,8,8,0.0,0.0005,0.05
T14511,"Medicine, History, and Philosophy",0,8,8,0.0,0.0005,0.05
T13812,AI and HR Technologies,3,4,1,0.0002,0.0003,0.01
T12602,Medical Education and Admissions,5,2,-3,0.0003,0.0001,-0.02
T12244,Healthcare Education and Workforce Issues,1,6,5,0.0001,0.0004,0.03
T11531,Healthcare Systems and Reforms,2,5,3,0.0001,0.0003,0.02
T10888,Augmented Reality Applications,4,3,-1,0.0003,0.0002,-0.01
T12337,Italian Fascism and Post-war Society,7,0,-7,0.0005,0.0,-0.05
T12428,Global Trade and Competitiveness,6,1,-5,0.0004,0.0001,-0.03
T12617,"Energy, Environment, and Transportation Policies",5,2,-3,0.0003,0.0001,-0.02
T13184,Research in Social Sciences,7,0,-7,0.0005,0.0,-0.05
T11508,Corporate Taxation and Avoidance,4,3,-1,0.0003,0.0002,-0.01
T11509,Hip and Femur Fractures,4,3,-1,0.0003,0.0002,-0.01
T11813,Library Collection Development and Digital Resources,4,3,-1,0.0003,0.0002,-0.01
T12006,Ergonomics and Musculoskeletal Disorders,4,3,-1,0.0003,0.0002,-0.01
T10970,Team Dynamics and Performance,3,4,1,0.0002,0.0003,0.01
T10085,Parkinson's Disease Mechanisms and Treatments,3,4,1,0.0002,0.0003,0.01
T11214,Human-Animal Interaction Studies,3,4,1,0.0002,0.0003,0.01
T10453,Maternal and Perinatal Health Interventions,2,5,3,0.0001,0.0003,0.02
T13412,Education and Technology Integration,6,1,-5,0.0004,0.0001,-0.03
T10192,Catalytic Processes in Materials Science,4,3,-1,0.0003,0.0002,-0.01
T14007,Indigenous and Place-Based Education,3,4,1,0.0002,0.0003,0.01
T13038,Internet of Things and AI,0,7,7,0.0,0.0005,0.05
T11437,Digital Platforms and Economics,6,1,-5,0.0004,0.0001,-0.03
T13625,Journalism and Media Studies,1,6,5,0.0001,0.0004,0.03
T12503,Social Acceptance of Renewable Energy,3,4,1,0.0002,0.0003,0.01
T13654,Urban Planning and Landscape Design,1,6,5,0.0001,0.0004,0.03
T12214,Media Influence and Health,2,5,3,0.0001,0.0003,0.02
T11583,Advanced Measurement and Metrology Techniques,3,4,1,0.0002,0.0003,0.01
T12883,Sustainable Development and Environmental Management,0,7,7,0.0,0.0005,0.05
T11295,Counseling Practices and Supervision,4,3,-1,0.0003,0.0002,-0.01
T13622,Historical and Environmental Studies,1,6,5,0.0001,0.0004,0.03
T10983,Aortic aneurysm repair treatments,4,3,-1,0.0003,0.0002,-0.01
T13867,Economic Growth and Development,5,2,-3,0.0003,0.0001,-0.02
T14085,Student Stress and Coping,0,7,7,0.0,0.0005,0.05
T14414,Artificial Intelligence in Education,0,7,7,0.0,0.0005,0.05
T12744,Medical Device Sterilization and Disinfection,3,4,1,0.0002,0.0003,0.01
T11587,Second Language Acquisition and Learning,4,3,-1,0.0003,0.0002,-0.01
T10650,Food Drying and Modeling,3,4,1,0.0002,0.0003,0.01
T10257,Oral microbiology and periodontitis research,3,4,1,0.0002,0.0003,0.01
T14357,"Architecture, Design, and Social History",4,3,-1,0.0003,0.0002,-0.01
T11013,Skin Protection and Aging,4,3,-1,0.0003,0.0002,-0.01
T12485,"Optimism, Hope, and Well-being",6,1,-5,0.0004,0.0001,-0.03
T11592,Phenomenology and Existential Philosophy,2,5,3,0.0001,0.0003,0.02
T10900,Listeria monocytogenes in Food Safety,6,1,-5,0.0004,0.0001,-0.03
T13456,"Religion, Society, and Development",7,0,-7,0.0005,0.0,-0.05
T11636,Artificial Intelligence in Healthcare and Education,7,0,-7,0.0005,0.0,-0.05
T11274,Botulinum Toxin and Related Neurological Disorders,7,0,-7,0.0005,0.0,-0.05
T12587,Gestational Trophoblastic Disease Studies,5,2,-3,0.0003,0.0001,-0.02
T12998,Education and Islamic Studies,6,1,-5,0.0004,0.0001,-0.03
T12399,Wine Industry and Tourism,6,1,-5,0.0004,0.0001,-0.03
T14290,Education Methods and Practices,3,4,1,0.0002,0.0003,0.01
T11903,Private Equity and Venture Capital,4,3,-1,0.0003,0.0002,-0.01
T11498,Security in Wireless Sensor Networks,2,5,3,0.0001,0.0003,0.02
T12614,Indigenous Studies and Ecology,7,0,-7,0.0005,0.0,-0.05
T12836,History and Developments in Astronomy,5,2,-3,0.0003,0.0001,-0.02
T10853,"Anxiety, Depression, Psychometrics, Treatment, Cognitive Processes",4,3,-1,0.0003,0.0002,-0.01
T10209,Global Maternal and Child Health,6,1,-5,0.0004,0.0001,-0.03
T14243,Creative Drama in Education,1,6,5,0.0001,0.0004,0.03
T11388,"Grief, Bereavement, and Mental Health",5,2,-3,0.0003,0.0001,-0.02
T12176,Optimization and Packing Problems,4,3,-1,0.0003,0.0002,-0.01
T13155,Digital Communication and Language,4,3,-1,0.0003,0.0002,-0.01
T10401,Diabetes Treatment and Management,2,5,3,0.0001,0.0003,0.02
T13109,Theological Perspectives and Practices,1,6,5,0.0001,0.0004,0.03
T11963,Impact of Light on Environment and Health,4,3,-1,0.0003,0.0002,-0.01
T10496,Pharmaceutical Practices and Patient Outcomes,4,3,-1,0.0003,0.0002,-0.01
T10486,Salmonella and Campylobacter epidemiology,2,5,3,0.0001,0.0003,0.02
T10664,Sentiment Analysis and Opinion Mining,2,5,3,0.0001,0.0003,0.02
T12697,Water Quality Monitoring Technologies,4,3,-1,0.0003,0.0002,-0.01
T12594,Collaboration in agile enterprises,4,3,-1,0.0003,0.0002,-0.01
T10333,Meat and Animal Product Quality,3,4,1,0.0002,0.0003,0.01
T13368,University Challenges and Reforms,1,6,5,0.0001,0.0004,0.03
T14232,Water Resource Management and Quality,0,7,7,0.0,0.0005,0.05
T13101,Legal and Social Justice Studies,0,7,7,0.0,0.0005,0.05
T11193,Adenosine and Purinergic Signaling,4,3,-1,0.0003,0.0002,-0.01
T14494,American Literature and Culture,0,7,7,0.0,0.0005,0.05
T12712,Myofascial pain diagnosis and treatment,2,5,3,0.0001,0.0003,0.02
T11695,South African History and Culture,3,4,1,0.0002,0.0003,0.01
T10849,Finite Group Theory Research,3,4,1,0.0002,0.0003,0.01
T14508,Vocational Education and Training,0,7,7,0.0,0.0005,0.05
T13147,Ethics and bioethics in healthcare,0,7,7,0.0,0.0005,0.05
T10300,Congenital Heart Disease Studies,3,3,0,0.0002,0.0002,0.0
T11722,Patient Satisfaction in Healthcare,4,2,-2,0.0003,0.0001,-0.01
T12366,"Philosophy, Ethics, and Existentialism",2,4,2,0.0001,0.0003,0.01
T11950,Cardiovascular Syncope and Autonomic Disorders,3,3,0,0.0002,0.0002,0.0
T10916,Surgical Simulation and Training,3,3,0,0.0002,0.0002,0.0
T13224,Sports and Physical Education Research,4,2,-2,0.0003,0.0001,-0.01
T10856,Intellectual Property and Patents,3,3,0,0.0002,0.0002,0.0
T10028,Topic Modeling,5,1,-4,0.0003,0.0001,-0.03
T10895,Species Distribution and Climate Change,6,0,-6,0.0004,0.0,-0.04
T11778,Electrical and Bioimpedance Tomography,6,0,-6,0.0004,0.0,-0.04
T10137,Multiple Sclerosis Research Studies,3,3,0,0.0002,0.0002,0.0
T10091,Malaria Research and Control,4,2,-2,0.0003,0.0001,-0.01
T11645,"Urban, Neighborhood, and Segregation Studies",3,3,0,0.0002,0.0002,0.0
T13034,Information Systems Education and Curriculum Development,2,4,2,0.0001,0.0003,0.01
T13303,Asian Culture and Media Studies,5,1,-4,0.0003,0.0001,-0.03
T12790,Nursing Diagnosis and Documentation,3,3,0,0.0002,0.0002,0.0
T11148,"Language, Metaphor, and Cognition",4,2,-2,0.0003,0.0001,-0.01
T11775,COVID-19 diagnosis using AI,4,2,-2,0.0003,0.0001,-0.01
T10741,Video Coding and Compression Technologies,3,3,0,0.0002,0.0002,0.0
T11066,Organic Food and Agriculture,5,1,-4,0.0003,0.0001,-0.03
T14355,Historical Studies of British Isles,1,5,4,0.0001,0.0003,0.03
T11007,Hybrid Renewable Energy Systems,3,3,0,0.0002,0.0002,0.0
T10100,Metaheuristic Optimization Algorithms Research,2,4,2,0.0001,0.0003,0.01
T13061,Literacy and Educational Practices,1,5,4,0.0001,0.0003,0.03
T10547,"Education, Achievement, and Giftedness",1,5,4,0.0001,0.0003,0.03
T10628,China's Socioeconomic Reforms and Governance,1,5,4,0.0001,0.0003,0.03
T11683,Quantum and Classical Electrodynamics,1,5,4,0.0001,0.0003,0.03
T13137,Strategic Planning and Analysis,1,5,4,0.0001,0.0003,0.03
T12993,Psychology of Development and Education,2,4,2,0.0001,0.0003,0.01
T13284,Psychology Research and Bibliometrics,0,6,6,0.0,0.0004,0.04
T11397,"Populism, Right-Wing Movements",1,5,4,0.0001,0.0003,0.03
T10373,Renal Transplantation Outcomes and Treatments,2,4,2,0.0001,0.0003,0.01
T13136,Community-based Tourism Development and Sustainability,0,6,6,0.0,0.0004,0.04
T12421,Adrenal Hormones and Disorders,2,4,2,0.0001,0.0003,0.01
T11432,Gender Politics and Representation,3,3,0,0.0002,0.0002,0.0
T10410,COVID-19 epidemiological studies,2,4,2,0.0001,0.0003,0.01
T12268,Deception detection and forensic psychology,2,4,2,0.0001,0.0003,0.01
T12722,Innovation Policy and R&D,4,2,-2,0.0003,0.0001,-0.01
T12398,Poetry Analysis and Criticism,2,4,2,0.0001,0.0003,0.01
T11860,"HIV, Drug Use, Sexual Risk",3,3,0,0.0002,0.0002,0.0
T12895,Environmental law and policy,2,4,2,0.0001,0.0003,0.01
T10735,Mesoporous Materials and Catalysis,4,2,-2,0.0003,0.0001,-0.01
T13788,Cultural Identity and Representation,0,6,6,0.0,0.0004,0.04
T12486,Food Supply Chain Traceability,1,5,4,0.0001,0.0003,0.03
T12423,Software Reliability and Analysis Research,4,2,-2,0.0003,0.0001,-0.01
T10130,Mathematics Education and Teaching Techniques,2,4,2,0.0001,0.0003,0.01
T10282,Financial Risk and Volatility Modeling,1,5,4,0.0001,0.0003,0.03
T11123,Obsessive-Compulsive Spectrum Disorders,4,2,-2,0.0003,0.0001,-0.01
T11002,Indoor Air Quality and Microbial Exposure,0,6,6,0.0,0.0004,0.04
T13072,Contemporary Christian Leadership and Education,0,6,6,0.0,0.0004,0.04
T13607,Academic Publishing and Open Access,1,5,4,0.0001,0.0003,0.03
T12878,Pharmaceutical Quality and Counterfeiting,4,2,-2,0.0003,0.0001,-0.01
T10641,Central Venous Catheters and Hemodialysis,3,3,0,0.0002,0.0002,0.0
T10914,Tactile and Sensory Interactions,3,3,0,0.0002,0.0002,0.0
T13103,Middle East Politics and Society,5,1,-4,0.0003,0.0001,-0.03
T11285,Hearing Impairment and Communication,3,3,0,0.0002,0.0002,0.0
T11799,"Adhesion, Friction, and Surface Interactions",3,3,0,0.0002,0.0002,0.0
T12690,Cross-Border Cooperation and Integration,4,2,-2,0.0003,0.0001,-0.01
T11957,Food Safety and Hygiene,3,3,0,0.0002,0.0002,0.0
T10772,Distributed systems and fault tolerance,2,4,2,0.0001,0.0003,0.01
T11141,Childhood Cancer Survivors' Quality of Life,4,2,-2,0.0003,0.0001,-0.01
T14395,African history and culture studies,4,2,-2,0.0003,0.0001,-0.01
T13780,Diverse Education Studies and Reforms,4,2,-2,0.0003,0.0001,-0.01
T10041,COVID-19 Clinical Research Studies,2,4,2,0.0001,0.0003,0.01
T10821,Cardiovascular Function and Risk Factors,5,1,-4,0.0003,0.0001,-0.03
T12713,Forest Ecology and Biodiversity Studies,5,1,-4,0.0003,0.0001,-0.03
T12732,Agriculture and Farm Safety,4,2,-2,0.0003,0.0001,-0.01
T11849,Intellectual Capital and Performance Analysis,5,1,-4,0.0003,0.0001,-0.03
T12308,Mental Health and Psychiatry,6,0,-6,0.0004,0.0,-0.04
T11457,Adipose Tissue and Metabolism,6,0,-6,0.0004,0.0,-0.04
T13588,Regional resilience and development,2,4,2,0.0001,0.0003,0.01
T12664,Clinical practice guidelines implementation,5,1,-4,0.0003,0.0001,-0.03
T11119,Urban Stormwater Management Solutions,2,4,2,0.0001,0.0003,0.01
T10794,Islamic Studies and History,5,1,-4,0.0003,0.0001,-0.03
T13074,Global Financial Regulation and Crises,2,4,2,0.0001,0.0003,0.01
T11014,Regional Economics and Spatial Analysis,2,4,2,0.0001,0.0003,0.01
T12863,Web and Library Services,2,4,2,0.0001,0.0003,0.01
T13944,Psychiatric care and mental health services,5,1,-4,0.0003,0.0001,-0.03
T10393,Economic Growth and Productivity,3,3,0,0.0002,0.0002,0.0
T12235,Child Abuse and Related Trauma,3,3,0,0.0002,0.0002,0.0
T12457,Ecocriticism and Environmental Literature,2,4,2,0.0001,0.0003,0.01
T11561,Protein Hydrolysis and Bioactive Peptides,3,3,0,0.0002,0.0002,0.0
T12245,"Counseling, Therapy, and Family Dynamics",5,1,-4,0.0003,0.0001,-0.03
T13502,Community and Sustainable Development,2,4,2,0.0001,0.0003,0.01
T11937,Research Data Management Practices,4,2,-2,0.0003,0.0001,-0.01
T11933,Mining and Resource Management,4,2,-2,0.0003,0.0001,-0.01
T10292,Acute Myocardial Infarction Research,2,4,2,0.0001,0.0003,0.01
T13863,Cultural History and Identity Formation,4,2,-2,0.0003,0.0001,-0.01
T12537,Flow Measurement and Analysis,3,3,0,0.0002,0.0002,0.0
T12175,Social Representations and Identity,5,1,-4,0.0003,0.0001,-0.03
T10459,Sexual function and dysfunction studies,4,2,-2,0.0003,0.0001,-0.01
T10714,Software-Defined Networks and 5G,4,2,-2,0.0003,0.0001,-0.01
T13808,Construction Engineering and Safety,3,3,0,0.0002,0.0002,0.0
T12547,Pharmaceutical studies and practices,4,2,-2,0.0003,0.0001,-0.01
T10872,Veterinary Equine Medical Research,4,2,-2,0.0003,0.0001,-0.01
T11769,Copyright and Intellectual Property,2,4,2,0.0001,0.0003,0.01
T11010,"Logic, Reasoning, and Knowledge",1,5,4,0.0001,0.0003,0.03
T12338,Digital literacy in education,2,4,2,0.0001,0.0003,0.01
T12026,Explainable Artificial Intelligence (XAI),1,5,4,0.0001,0.0003,0.03
T14123,Decolonial Thought and Epistemologies,0,6,6,0.0,0.0004,0.04
T13970,Pharmacy and Medical Practices,0,6,6,0.0,0.0004,0.04
T14244,Consumer Behavior and Marketing Influence,0,6,6,0.0,0.0004,0.04
T13872,Vocational and Entrepreneurial Education,0,6,6,0.0,0.0004,0.04
T14389,"Innovation, Technology, and Society",0,6,6,0.0,0.0004,0.04
T13166,Information Science and Libraries,0,6,6,0.0,0.0004,0.04
T13814,Cultural and political discourse analysis,0,6,6,0.0,0.0004,0.04
T13544,Women's cancer prevention and management,0,6,6,0.0,0.0004,0.04
T13745,Media and Digital Communication,0,6,6,0.0,0.0004,0.04
T13987,Child Development and Education,0,6,6,0.0,0.0004,0.04
T12204,African Education and Politics,3,3,0,0.0002,0.0002,0.0
T11725,Immunodeficiency and Autoimmune Disorders,3,3,0,0.0002,0.0002,0.0
T12143,Place Attachment and Urban Studies,2,4,2,0.0001,0.0003,0.01
T10212,Electrochemical sensors and biosensors,2,4,2,0.0001,0.0003,0.01
T11122,Online Learning and Analytics,3,3,0,0.0002,0.0002,0.0
T14222,Knowledge Management and Technology,2,4,2,0.0001,0.0003,0.01
T13519,Historical Architecture and Urbanism,1,5,4,0.0001,0.0003,0.03
T10561,Educational Research and Methods,0,6,6,0.0,0.0004,0.04
T13327,"Arts, Culture, and Music Studies",0,6,6,0.0,0.0004,0.04
T13557,Environmental and sustainability education,0,6,6,0.0,0.0004,0.04
T14098,Energy Efficiency in Computing,0,6,6,0.0,0.0004,0.04
T14423,Military Technology and Strategies,5,0,-5,0.0003,0.0,-0.03
T10070,Political Conflict and Governance,2,3,1,0.0001,0.0002,0.01
T13445,American Constitutional Law and Politics,5,0,-5,0.0003,0.0,-0.03
T12903,Globalization and Cultural Identity,4,1,-3,0.0003,0.0001,-0.02
T13641,Historical Studies and Socio-cultural Analysis,4,1,-3,0.0003,0.0001,-0.02
T10927,Access Control and Trust,3,2,-1,0.0002,0.0001,-0.01
T11339,"Metabolism, Diabetes, and Cancer",4,1,-3,0.0003,0.0001,-0.02
T13002,Southeast Asian Sociopolitical Studies,4,1,-3,0.0003,0.0001,-0.02
T13853,Teacher Education and Assessments,3,2,-1,0.0002,0.0001,-0.01
T10917,Smart Grid Security and Resilience,3,2,-1,0.0002,0.0001,-0.01
T11912,Outsourcing and Supply Chain Management,4,1,-3,0.0003,0.0001,-0.02
T12124,Engineering Education and Curriculum Development,3,2,-1,0.0002,0.0001,-0.01
T12409,Reformation and Early Modern Christianity,4,1,-3,0.0003,0.0001,-0.02
T10249,Distributed Control Multi-Agent Systems,3,2,-1,0.0002,0.0001,-0.01
T10203,Recommender Systems and Techniques,1,4,3,0.0001,0.0003,0.02
T11594,Tree-ring climate responses,5,0,-5,0.0003,0.0,-0.03
T12418,Respiratory and Cough-Related Research,3,2,-1,0.0002,0.0001,-0.01
T13219,Mind wandering and attention,5,0,-5,0.0003,0.0,-0.03
T12151,Interpreting and Communication in Healthcare,5,0,-5,0.0003,0.0,-0.03
T14061,Educational Practices and Policies,2,3,1,0.0001,0.0002,0.01
T13996,Diverse Musicological Studies,5,0,-5,0.0003,0.0,-0.03
T14249,Water Quality Monitoring and Analysis,3,2,-1,0.0002,0.0001,-0.01
T14437,Ethics and Legal Issues in Pediatric Healthcare,5,0,-5,0.0003,0.0,-0.03
T12645,European history and politics,4,1,-3,0.0003,0.0001,-0.02
T10319,"Conservation, Biodiversity, and Resource Management",3,2,-1,0.0002,0.0001,-0.01
T10938,Phase Change Materials Research,2,3,1,0.0001,0.0002,0.01
T13135,"Communism, Protests, Social Movements",2,3,1,0.0001,0.0002,0.01
T13926,"Feminism, Gender, and Sexuality Studies",2,3,1,0.0001,0.0002,0.01
T13408,Corporate Law and Human Rights,5,0,-5,0.0003,0.0,-0.03
T13031,Civil and Structural Engineering Research,2,3,1,0.0001,0.0002,0.01
T14143,Economic and Technological Innovation,4,1,-3,0.0003,0.0001,-0.02
T10297,Philosophical Ethics and Theory,2,3,1,0.0001,0.0002,0.01
T11798,Optimal Experimental Design Methods,2,3,1,0.0001,0.0002,0.01
T11042,Corruption and Economic Development,3,2,-1,0.0002,0.0001,-0.01
T10301,Mitochondrial Function and Pathology,1,4,3,0.0001,0.0003,0.02
T14300,Legal and Social Philosophy,1,4,3,0.0001,0.0003,0.02
T10780,Reliability and Maintenance Optimization,1,4,3,0.0001,0.0003,0.02
T13360,Economic and Social Issues,0,5,5,0.0,0.0003,0.03
T13522,Cardiovascular Health and Risk Factors,1,4,3,0.0001,0.0003,0.02
T10533,Teaching and Learning Programming,2,3,1,0.0001,0.0002,0.01
T11814,Advanced Manufacturing and Logistics Optimization,3,2,-1,0.0002,0.0001,-0.01
T13946,Musculoskeletal Disorders and Rehabilitation,3,2,-1,0.0002,0.0001,-0.01
T12970,"Names, Identity, and Discrimination Research",3,2,-1,0.0002,0.0001,-0.01
T10816,Cerebrovascular and Carotid Artery Diseases,3,2,-1,0.0002,0.0001,-0.01
T12102,Fire effects on concrete materials,2,3,1,0.0001,0.0002,0.01
T10812,Human Pose and Action Recognition,2,3,1,0.0001,0.0002,0.01
T11241,Advanced Malware Detection Techniques,4,1,-3,0.0003,0.0001,-0.02
T11902,Intelligent Tutoring Systems and Adaptive Learning,1,4,3,0.0001,0.0003,0.02
T11518,Cervical and Thoracic Myelopathy,2,3,1,0.0001,0.0002,0.01
T10614,Transcranial Magnetic Stimulation Studies,3,2,-1,0.0002,0.0001,-0.01
T11371,Wind and Air Flow Studies,4,1,-3,0.0003,0.0001,-0.02
T12844,Psychology and Mental Health,1,4,3,0.0001,0.0003,0.02
T11492,Academic integrity and plagiarism,2,3,1,0.0001,0.0002,0.01
T14140,Elite Sociology and Global Capitalism,4,1,-3,0.0003,0.0001,-0.02
T14288,"Law, Rights, and Freedoms",1,4,3,0.0001,0.0003,0.02
T13113,Engineering Technology and Methodologies,2,3,1,0.0001,0.0002,0.01
T11043,Merger and Competition Analysis,1,4,3,0.0001,0.0003,0.02
T12467,Rangeland Management and Livestock Ecology,3,2,-1,0.0002,0.0001,-0.01
T14138,Life Cycle Costing Analysis,4,1,-3,0.0003,0.0001,-0.02
T12306,Urban and Freight Transport Logistics,3,2,-1,0.0002,0.0001,-0.01
T14012,Comparative and International Law Studies,3,2,-1,0.0002,0.0001,-0.01
T13802,Vietnamese History and Culture Studies,4,1,-3,0.0003,0.0001,-0.02
T12889,"Psychoanalysis, Philosophy, and Politics",4,1,-3,0.0003,0.0001,-0.02
T14039,Ecology and biodiversity studies,5,0,-5,0.0003,0.0,-0.03
T14483,Education and Teacher Training,5,0,-5,0.0003,0.0,-0.03
T12190,Innovations in Concrete and Construction Materials,5,0,-5,0.0003,0.0,-0.03
T10375,Pharmacogenetics and Drug Metabolism,2,3,1,0.0001,0.0002,0.01
T10170,Retinal Diseases and Treatments,3,2,-1,0.0002,0.0001,-0.01
T13245,Samuel Beckett and Modernism,5,0,-5,0.0003,0.0,-0.03
T13347,Christian Theology and Mission,2,3,1,0.0001,0.0002,0.01
T11451,Advanced Machining and Optimization Techniques,2,3,1,0.0001,0.0002,0.01
T12639,Global Energy and Sustainability Research,5,0,-5,0.0003,0.0,-0.03
T10365,Gastrointestinal motility and disorders,2,3,1,0.0001,0.0002,0.01
T10764,Privacy-Preserving Technologies in Data,1,4,3,0.0001,0.0003,0.02
T11461,Local Government Finance and Decentralization,3,2,-1,0.0002,0.0001,-0.01
T10422,Angiogenesis and VEGF in Cancer,4,1,-3,0.0003,0.0001,-0.02
T12327,Various Chemistry Research Topics,3,2,-1,0.0002,0.0001,-0.01
T13272,Psychological Treatments and Assessments,2,3,1,0.0001,0.0002,0.01
T10577,Hydrology and Sediment Transport Processes,3,2,-1,0.0002,0.0001,-0.01
T11700,Hemodynamic Monitoring and Therapy,3,2,-1,0.0002,0.0001,-0.01
T11062,Gear and Bearing Dynamics Analysis,3,2,-1,0.0002,0.0001,-0.01
T12488,Mental Health via Writing,3,2,-1,0.0002,0.0001,-0.01
T13560,Socioeconomic Development in MENA,5,0,-5,0.0003,0.0,-0.03
T12869,Occupational Health and Burnout,2,3,1,0.0001,0.0002,0.01
T12515,Gender and Technology in Education,2,3,1,0.0001,0.0002,0.01
T11331,Fecal contamination and water quality,1,4,3,0.0001,0.0003,0.02
T12413,Health and Medical Education,1,4,3,0.0001,0.0003,0.02
T11516,Visual and Cognitive Learning Processes,1,4,3,0.0001,0.0003,0.02
T12367,Dental Trauma and Treatments,5,0,-5,0.0003,0.0,-0.03
T10095,Cosmology and Gravitation Theories,3,2,-1,0.0002,0.0001,-0.01
T13336,Religious Freedom and Discrimination,1,4,3,0.0001,0.0003,0.02
T12978,Innovative Teaching Methodologies in Social Sciences,1,4,3,0.0001,0.0003,0.02
T10315,Decision-Making and Behavioral Economics,2,3,1,0.0001,0.0002,0.01
T14330,Library Science and Information Systems,2,3,1,0.0001,0.0002,0.01
T11703,"Rings, Modules, and Algebras",2,3,1,0.0001,0.0002,0.01
T13683,"Architecture, Art, Education",1,4,3,0.0001,0.0003,0.02
T11225,Geothermal Energy Systems and Applications,1,4,3,0.0001,0.0003,0.02
T11852,Clay minerals and soil interactions,1,4,3,0.0001,0.0003,0.02
T13291,Political Theory and Democracy,0,5,5,0.0,0.0003,0.03
T13700,Gender Studies and Social Issues,0,5,5,0.0,0.0003,0.03
T12905,Management Systems and Quality Improvement,0,5,5,0.0,0.0003,0.03
T13174,American and British Literature Analysis,0,5,5,0.0,0.0003,0.03
T13904,Artificial Intelligence Applications,0,5,5,0.0,0.0003,0.03
T12629,Island Studies and Pacific Affairs,4,1,-3,0.0003,0.0001,-0.02
T13721,Political Science Research and Education,3,2,-1,0.0002,0.0001,-0.01
T10818,Astrophysics and Cosmic Phenomena,3,2,-1,0.0002,0.0001,-0.01
T13146,Sustainable Finance and Green Bonds,2,3,1,0.0001,0.0002,0.01
T10357,Efficiency Analysis Using DEA,2,3,1,0.0001,0.0002,0.01
T11161,Consumer Market Behavior and Pricing,3,2,-1,0.0002,0.0001,-0.01
T13642,Organizational Downsizing and Restructuring,2,3,1,0.0001,0.0002,0.01
T13433,Short Stories in Global Literature,3,2,-1,0.0002,0.0001,-0.01
T10390,Ovarian function and disorders,3,2,-1,0.0002,0.0001,-0.01
T13455,"Decadence, Literature, and Society",2,3,1,0.0001,0.0002,0.01
T10932,Microbial Metabolic Engineering and Bioproduction,1,4,3,0.0001,0.0003,0.02
T11095,Emergency and Acute Care Studies,2,3,1,0.0001,0.0002,0.01
T14179,Waste Management and Recycling,0,5,5,0.0,0.0003,0.03
T13614,Social and Economic Solidarity,0,5,5,0.0,0.0003,0.03
T12470,Caribbean and African Literature and Culture,0,5,5,0.0,0.0003,0.03
T12995,Urban Development and Cultural Heritage,0,5,5,0.0,0.0003,0.03
T14386,"Libraries, Manuscripts, and Books",0,5,5,0.0,0.0003,0.03
T11455,Microbial Inactivation Methods,0,5,5,0.0,0.0003,0.03
T13765,Social Science and Policy Research,0,5,5,0.0,0.0003,0.03
T13986,Medical Practices and Rehabilitation,0,5,5,0.0,0.0003,0.03
T14032,History and International Relations,0,5,5,0.0,0.0003,0.03
T13005,Religious Studies and Spiritual Practices,1,3,2,0.0001,0.0002,0.01
T10901,Advanced Data Compression Techniques,3,1,-2,0.0002,0.0001,-0.01
T14055,Consumer Packaging Perceptions and Trends,2,2,0,0.0001,0.0001,0.0
T12946,Fractal and DNA sequence analysis,4,0,-4,0.0003,0.0,-0.03
T12490,Software Engineering and Design Patterns,1,3,2,0.0001,0.0002,0.01
T12020,Enhanced Recovery After Surgery,2,2,0,0.0001,0.0001,0.0
T11344,Traffic Prediction and Management Techniques,3,1,-2,0.0002,0.0001,-0.01
T11252,Evolutionary Game Theory and Cooperation,3,1,-2,0.0002,0.0001,-0.01
T14426,"Religion, Gender, and Enlightenment",2,2,0,0.0001,0.0001,0.0
T12091,Peatlands and Wetlands Ecology,3,1,-2,0.0002,0.0001,-0.01
T12222,IoT-based Smart Home Systems,2,2,0,0.0001,0.0001,0.0
T13605,"Homicide, Infanticide, and Child Abuse",3,1,-2,0.0002,0.0001,-0.01
T10080,Energy Efficient Wireless Sensor Networks,2,2,0,0.0001,0.0001,0.0
T10862,AI in cancer detection,2,2,0,0.0001,0.0001,0.0
T11904,Spatial Cognition and Navigation,4,0,-4,0.0003,0.0,-0.03
T14313,Health and Well-being Studies,4,0,-4,0.0003,0.0,-0.03
T11617,Enzyme Production and Characterization,4,0,-4,0.0003,0.0,-0.03
T11178,Receptor Mechanisms and Signaling,2,2,0,0.0001,0.0001,0.0
T10695,Parasites and Host Interactions,2,2,0,0.0001,0.0001,0.0
T12859,Cell Image Analysis Techniques,4,0,-4,0.0003,0.0,-0.03
T12184,Linguistics and Education Research,1,3,2,0.0001,0.0002,0.01
T11519,Digital Mental Health Interventions,4,0,-4,0.0003,0.0,-0.03
T14514,Medical Research and Practices,4,0,-4,0.0003,0.0,-0.03
T12717,Space exploration and regulation,1,3,2,0.0001,0.0002,0.01
T13264,Walter Benjamin Studies Compilation,2,2,0,0.0001,0.0001,0.0
T14201,Data Analysis and Archiving,3,1,-2,0.0002,0.0001,-0.01
T11052,Energy Load and Power Forecasting,3,1,-2,0.0002,0.0001,-0.01
T12607,Personal Information Management and User Behavior,1,3,2,0.0001,0.0002,0.01
T10411,Proteins in Food Systems,1,3,2,0.0001,0.0002,0.01
T11634,Water Quality and Pollution Assessment,2,2,0,0.0001,0.0001,0.0
T12964,"Diet, Metabolism, and Disease",2,2,0,0.0001,0.0001,0.0
T12656,"Climate Change, Adaptation, Migration",2,2,0,0.0001,0.0001,0.0
T12574,Clinical Reasoning and Diagnostic Skills,3,1,-2,0.0002,0.0001,-0.01
T12341,Spanish Linguistics and Language Studies,3,1,-2,0.0002,0.0001,-0.01
T13439,Transport and Economic Policies,3,1,-2,0.0002,0.0001,-0.01
T11731,Global Health and Surgery,4,0,-4,0.0003,0.0,-0.03
T11469,Lymphatic System and Diseases,3,1,-2,0.0002,0.0001,-0.01
T12981,Conservation Techniques and Studies,3,1,-2,0.0002,0.0001,-0.01
T10180,Analytical chemistry methods development,3,1,-2,0.0002,0.0001,-0.01
T10936,Millimeter-Wave Propagation and Modeling,1,3,2,0.0001,0.0002,0.01
T12770,Amino Acid Enzymes and Metabolism,1,3,2,0.0001,0.0002,0.01
T10284,Anaerobic Digestion and Biogas Production,1,3,2,0.0001,0.0002,0.01
T14017,Legal Issues in Education,1,3,2,0.0001,0.0002,0.01
T13040,"Gender, Education, and Development Issues",1,3,2,0.0001,0.0002,0.01
T14345,Scientific Research and Philosophical Inquiry,1,3,2,0.0001,0.0002,0.01
T14492,"War, Law, and Justice",0,4,4,0.0,0.0003,0.03
T12681,Global Healthcare and Medical Tourism,3,1,-2,0.0002,0.0001,-0.01
T11620,Medication Adherence and Compliance,0,4,4,0.0,0.0003,0.03
T13963,Organizational Management and Leadership,2,2,0,0.0001,0.0001,0.0
T14062,Migration and Exile Studies,0,4,4,0.0,0.0003,0.03
T10661,biodegradable polymer synthesis and properties,3,1,-2,0.0002,0.0001,-0.01
T10165,Classical Antiquity Studies,2,2,0,0.0001,0.0001,0.0
T12324,History of Medicine Studies,2,2,0,0.0001,0.0001,0.0
T12860,Family and Patient Care in Intensive Care Units,3,1,-2,0.0002,0.0001,-0.01
T14102,Corporate Governance and Law,2,2,0,0.0001,0.0001,0.0
T14289,"Anthropology: Ethics, History, Culture",3,1,-2,0.0002,0.0001,-0.01
T13268,Photographic and Visual Arts,0,4,4,0.0,0.0003,0.03
T10826,Behavioral and Psychological Studies,2,2,0,0.0001,0.0001,0.0
T12259,Environmental Justice and Health Disparities,2,2,0,0.0001,0.0001,0.0
T13513,Urban and sociocultural dynamics,1,3,2,0.0001,0.0002,0.01
T12247,Microbial Applications in Construction Materials,2,2,0,0.0001,0.0001,0.0
T11348,Celiac Disease Research and Management,2,2,0,0.0001,0.0001,0.0
T13305,Teacher Professional Development and Motivation,2,2,0,0.0001,0.0001,0.0
T11500,Evacuation and Crowd Dynamics,3,1,-2,0.0002,0.0001,-0.01
T14410,Safety and Risk Management,0,4,4,0.0,0.0003,0.03
T12393,Workplace Spirituality and Leadership,2,2,0,0.0001,0.0001,0.0
T12591,Inclusive Education and Diversity,0,4,4,0.0,0.0003,0.03
T11406,Cerebrospinal fluid and hydrocephalus,2,2,0,0.0001,0.0001,0.0
T12550,"Politics and Conflicts in Afghanistan, Pakistan, and Middle East",3,1,-2,0.0002,0.0001,-0.01
T13861,Health and Lifestyle Studies,3,1,-2,0.0002,0.0001,-0.01
T10140,Food composition and properties,2,2,0,0.0001,0.0001,0.0
T12775,Legal Issues in South Africa,2,2,0,0.0001,0.0001,0.0
T14314,"Violence, Religion, and Philosophy",3,1,-2,0.0002,0.0001,-0.01
T14475,History of Science and Medicine,3,1,-2,0.0002,0.0001,-0.01
T13773,International Labor and Employment Law,1,3,2,0.0001,0.0002,0.01
T10042,Neural and Behavioral Psychology Studies,2,2,0,0.0001,0.0001,0.0
T11287,Cancer Genomics and Diagnostics,3,1,-2,0.0002,0.0001,-0.01
T14380,Libraries and Information Services,1,3,2,0.0001,0.0002,0.01
T11956,Sexual Differentiation and Disorders,3,1,-2,0.0002,0.0001,-0.01
T10568,Thermodynamic and Exergetic Analyses of Power and Cooling Systems,2,2,0,0.0001,0.0001,0.0
T10822,Acoustic Wave Phenomena Research,2,2,0,0.0001,0.0001,0.0
T10750,Fermentation and Sensory Analysis,2,2,0,0.0001,0.0001,0.0
T10910,Corporate Governance and Management,3,1,-2,0.0002,0.0001,-0.01
T10330,Hydrology and Watershed Management Studies,3,1,-2,0.0002,0.0001,-0.01
T11696,Conflict Management and Negotiation,1,3,2,0.0001,0.0002,0.01
T11649,Pharmaceutical industry and healthcare,2,2,0,0.0001,0.0001,0.0
T10977,Optical Imaging and Spectroscopy Techniques,2,2,0,0.0001,0.0001,0.0
T14058,Value Engineering and Management,2,2,0,0.0001,0.0001,0.0
T11982,Rhetoric and Communication Studies,3,1,-2,0.0002,0.0001,-0.01
T12035,Pain Management and Placebo Effect,3,1,-2,0.0002,0.0001,-0.01
T12032,Multisensory perception and integration,2,2,0,0.0001,0.0001,0.0
T10391,Healthcare Policy and Management,4,0,-4,0.0003,0.0,-0.03
T10757,Geographic Information Systems Studies,4,0,-4,0.0003,0.0,-0.03
T14515,International Law and Aviation,4,0,-4,0.0003,0.0,-0.03
T11515,Bacillus and Francisella bacterial research,4,0,-4,0.0003,0.0,-0.03
T13602,Educational Methods and Media Use,4,0,-4,0.0003,0.0,-0.03
T13901,State Capitalism and Financial Governance,4,0,-4,0.0003,0.0,-0.03
T12330,Botanical Research and Applications,4,0,-4,0.0003,0.0,-0.03
T11719,Data Quality and Management,4,0,-4,0.0003,0.0,-0.03
T13984,"Nutrition, Genetics, and Disease",4,0,-4,0.0003,0.0,-0.03
T12111,Industrial Vision Systems and Defect Detection,2,2,0,0.0001,0.0001,0.0
T10219,Mechanical Behavior of Composites,2,2,0,0.0001,0.0001,0.0
T10238,Spine and Intervertebral Disc Pathology,3,1,-2,0.0002,0.0001,-0.01
T10969,Water resources management and optimization,4,0,-4,0.0003,0.0,-0.03
T10246,Mobile Ad Hoc Networks,2,2,0,0.0001,0.0001,0.0
T12789,Planarian Biology and Electrostimulation,4,0,-4,0.0003,0.0,-0.03
T14432,Freedom of Expression and Defamation,2,2,0,0.0001,0.0001,0.0
T10729,Electrospun Nanofibers in Biomedical Applications,4,0,-4,0.0003,0.0,-0.03
T10937,"Telomeres, Telomerase, and Senescence",2,2,0,0.0001,0.0001,0.0
T14246,E-Learning and Knowledge Management,3,1,-2,0.0002,0.0001,-0.01
T14468,Plant Ecology and Soil Science,4,0,-4,0.0003,0.0,-0.03
T10971,Olfactory and Sensory Function Studies,4,0,-4,0.0003,0.0,-0.03
T14051,Regional Economic and Spatial Analysis,1,3,2,0.0001,0.0002,0.01
T10086,Alzheimer's disease research and treatments,1,3,2,0.0001,0.0002,0.01
T11652,Imbalanced Data Classification Techniques,4,0,-4,0.0003,0.0,-0.03
T10581,Neural dynamics and brain function,4,0,-4,0.0003,0.0,-0.03
T11544,"Gender, Labor, and Family Dynamics",4,0,-4,0.0003,0.0,-0.03
T12017,Recycling and Waste Management Techniques,2,2,0,0.0001,0.0001,0.0
T12246,Chronic Disease Management Strategies,3,1,-2,0.0002,0.0001,-0.01
T13133,Architecture and Art History Studies,2,2,0,0.0001,0.0001,0.0
T14034,Musicians’ Health and Performance,4,0,-4,0.0003,0.0,-0.03
T12250,Experimental and Theoretical Physics Studies,4,0,-4,0.0003,0.0,-0.03
T10035,Phytochemicals and Antioxidant Activities,2,2,0,0.0001,0.0001,0.0
T13556,Historical Influence and Diplomacy,3,1,-2,0.0002,0.0001,-0.01
T12532,Historical and Cultural Archaeology Studies,3,1,-2,0.0002,0.0001,-0.01
T10573,Power Quality and Harmonics,1,3,2,0.0001,0.0002,0.01
T10924,Cardiovascular Health and Disease Prevention,2,2,0,0.0001,0.0001,0.0
T10421,Pleistocene-Era Hominins and Archaeology,2,2,0,0.0001,0.0001,0.0
T13484,German History and Society,3,1,-2,0.0002,0.0001,-0.01
T11206,Model Reduction and Neural Networks,1,3,2,0.0001,0.0002,0.01
T12815,Management and Organizational Practices,1,3,2,0.0001,0.0002,0.01
T12901,Tattoo and Body Piercing Complications,2,2,0,0.0001,0.0001,0.0
T10427,Visual perception and processing mechanisms,1,3,2,0.0001,0.0002,0.01
T12520,Psychology of Moral and Emotional Judgment,3,1,-2,0.0002,0.0001,-0.01
T10322,Respiratory Support and Mechanisms,2,2,0,0.0001,0.0001,0.0
T12163,Aerosol Filtration and Electrostatic Precipitation,2,2,0,0.0001,0.0001,0.0
T11762,"Law, Economics, and Judicial Systems",3,1,-2,0.0002,0.0001,-0.01
T14254,Digital Media and Visual Art,2,2,0,0.0001,0.0001,0.0
T11236,Control Systems and Identification,1,3,2,0.0001,0.0002,0.01
T10353,Zeolite Catalysis and Synthesis,1,3,2,0.0001,0.0002,0.01
T14139,E-commerce and Technology Innovations,1,3,2,0.0001,0.0002,0.01
T11595,Textile materials and evaluations,1,3,2,0.0001,0.0002,0.01
T10506,Aquaculture disease management and microbiota,3,1,-2,0.0002,0.0001,-0.01
T10651,"IPv6, Mobility, Handover, Networks, Security",1,3,2,0.0001,0.0002,0.01
T10457,Education Pedagogy and Practices,0,4,4,0.0,0.0003,0.03
T10258,Philosophy and Theoretical Science,0,4,4,0.0,0.0003,0.03
T13477,Sustainable Design and Development,0,4,4,0.0,0.0003,0.03
T12986,Administrative Law and Governance,0,4,4,0.0,0.0003,0.03
T12123,Financial Analysis and Corporate Governance,0,4,4,0.0,0.0003,0.03
T12650,Aesthetic Perception and Analysis,3,1,-2,0.0002,0.0001,-0.01
T10802,Judicial and Constitutional Studies,2,2,0,0.0001,0.0001,0.0
T11132,Psychoanalysis and Psychopathology Research,1,3,2,0.0001,0.0002,0.01
T10587,Autophagy in Disease and Therapy,2,2,0,0.0001,0.0001,0.0
T10906,AI-based Problem Solving and Planning,2,2,0,0.0001,0.0001,0.0
T10290,Pregnancy and preeclampsia studies,2,2,0,0.0001,0.0001,0.0
T11220,Water Systems and Optimization,3,1,-2,0.0002,0.0001,-0.01
T13638,Human auditory perception and evaluation,4,0,-4,0.0003,0.0,-0.03
T13906,Social Issues and Policies,4,0,-4,0.0003,0.0,-0.03
T11850,Concrete Corrosion and Durability,4,0,-4,0.0003,0.0,-0.03
T11309,Music and Audio Processing,3,1,-2,0.0002,0.0001,-0.01
T13702,Machine Learning in Healthcare,2,2,0,0.0001,0.0001,0.0
T10412,Microfluidic and Capillary Electrophoresis Applications,3,1,-2,0.0002,0.0001,-0.01
T12509,Corporate Insolvency and Governance,2,2,0,0.0001,0.0001,0.0
T12353,Lexicography and Language Studies,4,0,-4,0.0003,0.0,-0.03
T10167,Influenza Virus Research Studies,2,2,0,0.0001,0.0001,0.0
T13215,Global Maritime and Colonial Histories,4,0,-4,0.0003,0.0,-0.03
T10262,Microwave Engineering and Waveguides,2,2,0,0.0001,0.0001,0.0
T12868,Photography and Visual Culture,2,2,0,0.0001,0.0001,0.0
T10694,Menopause: Health Impacts and Treatments,2,2,0,0.0001,0.0001,0.0
T11195,Simulation Techniques and Applications,1,3,2,0.0001,0.0002,0.01
T12795,Banana Cultivation and Research,2,2,0,0.0001,0.0001,0.0
T12885,Digital Innovation in Industries,1,3,2,0.0001,0.0002,0.01
T10515,Cancer-related molecular mechanisms research,1,3,2,0.0001,0.0002,0.01
T13624,Social Sciences and Policies,0,4,4,0.0,0.0003,0.03
T11563,Indian and Buddhist Studies,0,4,4,0.0,0.0003,0.03
T13766,"Media, Journalism, and Communication History",0,4,4,0.0,0.0003,0.03
T10960,Hypothalamic control of reproductive hormones,0,4,4,0.0,0.0003,0.03
T14035,"Literature, Culture, and Aesthetics",0,4,4,0.0,0.0003,0.03
T12984,Transport and Logistics Innovations,0,4,4,0.0,0.0003,0.03
T13947,Media Discourse and Social  Analysis,0,4,4,0.0,0.0003,0.03
T13633,Public Health and Social Inequalities,0,4,4,0.0,0.0003,0.03
T10524,Traffic control and management,0,4,4,0.0,0.0003,0.03
T13571,"Corporeality, Perception, and Education",0,4,4,0.0,0.0003,0.03
T12480,Health and Wellbeing Research,2,1,-1,0.0001,0.0001,-0.01
T13191,Dispute Resolution and Class Actions,2,1,-1,0.0001,0.0001,-0.01
T12597,Fire Detection and Safety Systems,3,0,-3,0.0002,0.0,-0.02
T12432,Arctic and Russian Policy Studies,2,1,-1,0.0001,0.0001,-0.01
T11326,Stock Market Forecasting Methods,3,0,-3,0.0002,0.0,-0.02
T12504,Mathematics and Applications,3,0,-3,0.0002,0.0,-0.02
T13558,"Philosophy, Science, and History",1,2,1,0.0001,0.0001,0.01
T13498,Economic Development and Digital Transformation,3,0,-3,0.0002,0.0,-0.02
T10840,High Temperature Alloys and Creep,1,2,1,0.0001,0.0001,0.01
T13150,Study and Philosophy of Religion,1,2,1,0.0001,0.0001,0.01
T12651,Halal products and consumer behavior,3,0,-3,0.0002,0.0,-0.02
T10038,Tuberculosis Research and Epidemiology,2,1,-1,0.0001,0.0001,-0.01
T12549,Image and Object Detection Techniques,2,1,-1,0.0001,0.0001,-0.01
T11296,COVID-19 and healthcare impacts,2,1,-1,0.0001,0.0001,-0.01
T10052,Medical Image Segmentation Techniques,1,2,1,0.0001,0.0001,0.01
T10836,Metabolomics and Mass Spectrometry Studies,2,1,-1,0.0001,0.0001,-0.01
T12242,Latin American and Latino Studies,2,1,-1,0.0001,0.0001,-0.01
T12415,Employer Branding and e-HRM,1,2,1,0.0001,0.0001,0.01
T13536,Psychological and Temporal Perspectives Research,3,0,-3,0.0002,0.0,-0.02
T10507,Biodiesel Production and Applications,2,1,-1,0.0001,0.0001,-0.01
T10693,Blood transfusion and management,1,2,1,0.0001,0.0001,0.01
T10227,Acute Ischemic Stroke Management,2,1,-1,0.0001,0.0001,-0.01
T12315,Older Adults Driving Studies,2,1,-1,0.0001,0.0001,-0.01
T11435,Polynomial and algebraic computation,2,1,-1,0.0001,0.0001,-0.01
T14231,New Zealand Economic and Social Studies,3,0,-3,0.0002,0.0,-0.02
T13940,Philosophy and Literary Analysis,2,1,-1,0.0001,0.0001,-0.01
T13052,Molecular Communication and Nanonetworks,2,1,-1,0.0001,0.0001,-0.01
T12088,Intergenerational and Educational Inequality Studies,1,2,1,0.0001,0.0001,0.01
T13396,Agriculture and Rural Development Research,2,1,-1,0.0001,0.0001,-0.01
T14125,"Education, Sociology, Communication Studies",2,1,-1,0.0001,0.0001,-0.01
T10056,Neurotransmitter Receptor Influence on Behavior,3,0,-3,0.0002,0.0,-0.02
T12766,Interdisciplinary Research and Collaboration,1,2,1,0.0001,0.0001,0.01
T12633,Legal case studies and regulations,3,0,-3,0.0002,0.0,-0.02
T10949,Genetic Neurodegenerative Diseases,2,1,-1,0.0001,0.0001,-0.01
T13881,Sociology and Norbert Elias,2,1,-1,0.0001,0.0001,-0.01
T10919,Neurological disorders and treatments,2,1,-1,0.0001,0.0001,-0.01
T13902,Indian History and Philosophy,3,0,-3,0.0002,0.0,-0.02
T10967,Carbon Dioxide Capture Technologies,2,1,-1,0.0001,0.0001,-0.01
T11697,Numerical Methods and Algorithms,1,2,1,0.0001,0.0001,0.01
T13036,Veterinary Practice and Education Studies,2,1,-1,0.0001,0.0001,-0.01
T12185,Regulation and Compliance Studies,1,2,1,0.0001,0.0001,0.01
T12090,Language and cultural evolution,3,0,-3,0.0002,0.0,-0.02
T13308,Cybernetics and Technology in Society,1,2,1,0.0001,0.0001,0.01
T13722,Ergonomics and Human Factors,2,1,-1,0.0001,0.0001,-0.01
T10593,Bacterial biofilms and quorum sensing,2,1,-1,0.0001,0.0001,-0.01
T11834,Liver Diseases and Immunity,1,2,1,0.0001,0.0001,0.01
T10152,Animal Nutrition and Physiology,1,2,1,0.0001,0.0001,0.01
T12773,Water Quality and Resources Studies,1,2,1,0.0001,0.0001,0.01
T10595,Medieval Literature and History,2,1,-1,0.0001,0.0001,-0.01
T13380,Sound Studies and Aurality,1,2,1,0.0001,0.0001,0.01
T11524,Advanced Aircraft Design and Technologies,1,2,1,0.0001,0.0001,0.01
T13051,Qualitative Comparative Analysis Research,2,1,-1,0.0001,0.0001,-0.01
T11317,Fire dynamics and safety research,2,1,-1,0.0001,0.0001,-0.01
T14296,Climate Change and Sustainable Development,2,1,-1,0.0001,0.0001,-0.01
T14103,Educational Management and Quality,1,2,1,0.0001,0.0001,0.01
T11629,"Birth, Development, and Health",2,1,-1,0.0001,0.0001,-0.01
T11490,Hydrological Forecasting Using AI,2,1,-1,0.0001,0.0001,-0.01
T14390,Real estate and construction management,2,1,-1,0.0001,0.0001,-0.01
T11306,Nonmelanoma Skin Cancer Studies,1,2,1,0.0001,0.0001,0.01
T13783,"Feminism, Gender, and Intersectionality",1,2,1,0.0001,0.0001,0.01
T13803,Organizational Strategy and Culture,1,2,1,0.0001,0.0001,0.01
T13317,"Media, Communication, and Education",2,1,-1,0.0001,0.0001,-0.01
T12708,Economic and Financial Impacts of Cancer,1,2,1,0.0001,0.0001,0.01
T11577,Cognitive Abilities and Testing,2,1,-1,0.0001,0.0001,-0.01
T14005,Eastern European Communism and Reforms,0,3,3,0.0,0.0002,0.02
T12266,Byzantine Studies and History,1,2,1,0.0001,0.0001,0.01
T12852,Chemical Thermodynamics and Molecular Structure,1,2,1,0.0001,0.0001,0.01
T12884,Educational Assessment and Pedagogy,1,2,1,0.0001,0.0001,0.01
T13706,Management and Optimization Techniques,0,3,3,0.0,0.0002,0.02
T10160,Seismic Performance and Analysis,1,2,1,0.0001,0.0001,0.01
T12887,Educational Strategies and Epistemologies,0,3,3,0.0,0.0002,0.02
T14270,Simulation and Modeling Applications,1,2,1,0.0001,0.0001,0.01
T10517,"Financial Literacy, Pension, Retirement Analysis",2,1,-1,0.0001,0.0001,-0.01
T11166,Analytic Number Theory Research,0,3,3,0.0,0.0002,0.02
T11597,"Neutrophil, Myeloperoxidase and Oxidative Mechanisms",1,2,1,0.0001,0.0001,0.01
T12805,Cognitive Science and Mapping,2,1,-1,0.0001,0.0001,-0.01
T10891,Radar Systems and Signal Processing,2,1,-1,0.0001,0.0001,-0.01
T12546,Smart Parking Systems Research,2,1,-1,0.0001,0.0001,-0.01
T11714,Multimodal Machine Learning Applications,1,2,1,0.0001,0.0001,0.01
T12011,"Insurance, Mortality, Demography, Risk Management",1,2,1,0.0001,0.0001,0.01
T13469,"Environmental, Ecological, and Cultural Studies",1,2,1,0.0001,0.0001,0.01
T12478,Wikis in Education and Collaboration,1,2,1,0.0001,0.0001,0.01
T12498,Latin American Cultural Politics,1,2,1,0.0001,0.0001,0.01
T11439,Video Analysis and Summarization,2,1,-1,0.0001,0.0001,-0.01
T13204,Competitive and Knowledge Intelligence,1,2,1,0.0001,0.0001,0.01
T11198,Japanese History and Culture,2,1,-1,0.0001,0.0001,-0.01
T13757,Graphic Design and Typography,0,3,3,0.0,0.0002,0.02
T13819,Collaborative and Sustainable Housing Initiatives,1,2,1,0.0001,0.0001,0.01
T12160,African cultural and philosophical studies,2,1,-1,0.0001,0.0001,-0.01
T11372,Hydraulic and Pneumatic Systems,2,1,-1,0.0001,0.0001,-0.01
T12730,"Weber, Simmel, Sociological Theory",2,1,-1,0.0001,0.0001,-0.01
T12378,Accounting Education and Careers,2,1,-1,0.0001,0.0001,-0.01
T10908,Analytical Chemistry and Chromatography,2,1,-1,0.0001,0.0001,-0.01
T10775,Generative Adversarial Networks and Image Synthesis,1,2,1,0.0001,0.0001,0.01
T10658,Bone fractures and treatments,1,2,1,0.0001,0.0001,0.01
T14025,Educational Technology and Assessment,2,1,-1,0.0001,0.0001,-0.01
T12900,Organ and Tissue Transplantation Research,1,2,1,0.0001,0.0001,0.01
T10286,Information Retrieval and Search Behavior,1,2,1,0.0001,0.0001,0.01
T12290,Human Motion and Animation,1,2,1,0.0001,0.0001,0.01
T13013,Free Radicals and Antioxidants,1,2,1,0.0001,0.0001,0.01
T12375,Cuban History and Society,2,1,-1,0.0001,0.0001,-0.01
T11890,Scientific Measurement and Uncertainty Evaluation,2,1,-1,0.0001,0.0001,-0.01
T11310,Connective tissue disorders research,2,1,-1,0.0001,0.0001,-0.01
T13337,Korean Peninsula Historical and Political Studies,2,1,-1,0.0001,0.0001,-0.01
T12553,Psychedelics and Drug Studies,2,1,-1,0.0001,0.0001,-0.01
T12560,Nuclear Engineering Thermal-Hydraulics,2,1,-1,0.0001,0.0001,-0.01
T11926,Subterranean biodiversity and taxonomy,3,0,-3,0.0002,0.0,-0.02
T14129,Economic and Business Studies,3,0,-3,0.0002,0.0,-0.02
T13186,Russia and Soviet political economy,3,0,-3,0.0002,0.0,-0.02
T11796,Horticultural and Viticultural Research,3,0,-3,0.0002,0.0,-0.02
T10707,Cellular and Composite Structures,3,0,-3,0.0002,0.0,-0.02
T12764,Polish Historical and Cultural Studies,3,0,-3,0.0002,0.0,-0.02
T12564,Sensor Technology and Measurement Systems,3,0,-3,0.0002,0.0,-0.02
T11103,Antimicrobial Peptides and Activities,3,0,-3,0.0002,0.0,-0.02
T13993,Historical Geopolitical and Social Dynamics,3,0,-3,0.0002,0.0,-0.02
T13395,"Education, Leadership, and Health Research",3,0,-3,0.0002,0.0,-0.02
T12377,Digital Humanities and Scholarship,3,0,-3,0.0002,0.0,-0.02
T11986,Scientific Computing and Data Management,3,0,-3,0.0002,0.0,-0.02
T11354,Evolution and Paleontology Studies,3,0,-3,0.0002,0.0,-0.02
T11584,Biochemical Analysis and Sensing Techniques,3,0,-3,0.0002,0.0,-0.02
T12729,Tree Root and Stability Studies,3,0,-3,0.0002,0.0,-0.02
T12229,Pharmacological Effects and Toxicity Studies,3,0,-3,0.0002,0.0,-0.02
T11980,Human Mobility and Location-Based Analysis,3,0,-3,0.0002,0.0,-0.02
T12255,Biosimilars and Bioanalytical Methods,3,0,-3,0.0002,0.0,-0.02
T11879,Protist diversity and phylogeny,3,0,-3,0.0002,0.0,-0.02
T12575,Medical History and Research,1,2,1,0.0001,0.0001,0.01
T12676,Machine Learning and ELM,2,1,-1,0.0001,0.0001,-0.01
T12616,Religious Education and Schools,3,0,-3,0.0002,0.0,-0.02
T13277,"Media, Religion, Digital Communication",2,1,-1,0.0001,0.0001,-0.01
T11430,Disaster Response and Management,3,0,-3,0.0002,0.0,-0.02
T13189,Physical Education and Training Studies,1,2,1,0.0001,0.0001,0.01
T10479,Structural Behavior of Reinforced Concrete,2,1,-1,0.0001,0.0001,-0.01
T13494,Military History and Strategy,3,0,-3,0.0002,0.0,-0.02
T14506,Historical and Architectural Studies,3,0,-3,0.0002,0.0,-0.02
T12977,Spanish Literature and Culture Studies,3,0,-3,0.0002,0.0,-0.02
T10591,Theoretical and Computational Physics,3,0,-3,0.0002,0.0,-0.02
T12635,African studies and sociopolitical issues,3,0,-3,0.0002,0.0,-0.02
T12210,Policy Transfer and Learning,2,1,-1,0.0001,0.0001,-0.01
T13419,Ego Development and Educational Practices,3,0,-3,0.0002,0.0,-0.02
T12471,History of Science and Natural History,3,0,-3,0.0002,0.0,-0.02
T11819,Data-Driven Disease Surveillance,2,1,-1,0.0001,0.0001,-0.01
T10867,Intensive Care Unit Cognitive Disorders,2,1,-1,0.0001,0.0001,-0.01
T12483,Global Urban Networks and Dynamics,1,2,1,0.0001,0.0001,0.01
T14006,"Linguistics, Language Diversity, and Identity",3,0,-3,0.0002,0.0,-0.02
T10706,Traumatic Brain Injury and Neurovascular Disturbances,2,1,-1,0.0001,0.0001,-0.01
T10909,Edible Oils Quality and Analysis,1,2,1,0.0001,0.0001,0.01
T11889,Ginseng Biological Effects and Applications,2,1,-1,0.0001,0.0001,-0.01
T10521,RNA and protein synthesis mechanisms,3,0,-3,0.0002,0.0,-0.02
T13945,"Legal, Health, Environmental and COVID-19 Challenges",1,2,1,0.0001,0.0001,0.01
T13394,"Ecology, Conservation, and Geographical Studies",3,0,-3,0.0002,0.0,-0.02
T14090,Health and Conflict Studies,2,1,-1,0.0001,0.0001,-0.01
T10677,Attachment and Relationship Dynamics,1,2,1,0.0001,0.0001,0.01
T12559,French Literature and Critical Theory,1,2,1,0.0001,0.0001,0.01
T12781,Global Health Care Issues,3,0,-3,0.0002,0.0,-0.02
T11374,Cleft Lip and Palate Research,2,1,-1,0.0001,0.0001,-0.01
T11118,Evolutionary Psychology and Human Behavior,2,1,-1,0.0001,0.0001,-0.01
T11596,Constraint Satisfaction and Optimization,2,1,-1,0.0001,0.0001,-0.01
T10326,Indoor and Outdoor Localization Technologies,2,1,-1,0.0001,0.0001,-0.01
T13059,"Religion, Ecology, and Ethics",2,1,-1,0.0001,0.0001,-0.01
T12225,Political Influence and Corporate Strategies,1,2,1,0.0001,0.0001,0.01
T11472,Analytical Chemistry and Sensors,2,1,-1,0.0001,0.0001,-0.01
T13401,Social and Cultural Studies,1,2,1,0.0001,0.0001,0.01
T11667,Advanced Chemical Sensor Technologies,3,0,-3,0.0002,0.0,-0.02
T11085,Fungal Biology and Applications,2,1,-1,0.0001,0.0001,-0.01
T10843,Diversity and Career in Medicine,1,2,1,0.0001,0.0001,0.01
T12408,Educational Innovations and Challenges,2,1,-1,0.0001,0.0001,-0.01
T11660,Blood groups and transfusion,1,2,1,0.0001,0.0001,0.01
T13800,Earthquake and Disaster Impact Studies,2,1,-1,0.0001,0.0001,-0.01
T12694,"Categorization, perception, and language",1,2,1,0.0001,0.0001,0.01
T11070,Soviet and Russian History,2,1,-1,0.0001,0.0001,-0.01
T14186,Healthcare Systems and Practices,2,1,-1,0.0001,0.0001,-0.01
T13091,Human Health and Disease,2,1,-1,0.0001,0.0001,-0.01
T11124,Protein purification and stability,2,1,-1,0.0001,0.0001,-0.01
T13643,Artificial Intelligence in Law,1,2,1,0.0001,0.0001,0.01
T10538,Data Mining Algorithms and Applications,1,2,1,0.0001,0.0001,0.01
T10874,Electromagnetic Fields and Biological Effects,1,2,1,0.0001,0.0001,0.01
T12920,Healthcare and Environmental Waste Management,2,1,-1,0.0001,0.0001,-0.01
T12864,Psychoanalysis and Social Critique,1,2,1,0.0001,0.0001,0.01
T10709,Social Robot Interaction and HRI,1,2,1,0.0001,0.0001,0.01
T11093,Personality Disorders and Psychopathology,1,2,1,0.0001,0.0001,0.01
T11923,Mine drainage and remediation techniques,1,2,1,0.0001,0.0001,0.01
T13687,Extractivism and Socioeconomic Issues,0,3,3,0.0,0.0002,0.02
T10171,Biofuel production and bioconversion,0,3,3,0.0,0.0002,0.02
T12680,Cultural and Mythological Studies,0,3,3,0.0,0.0002,0.02
T13043,Youth Culture and Social Dynamics,0,3,3,0.0,0.0002,0.02
T14444,Power Systems and Renewable Energy,0,3,3,0.0,0.0002,0.02
T11543,Employee Performance and Motivation,0,3,3,0.0,0.0002,0.02
T13344,Industrial Automation and Control Systems,0,3,3,0.0,0.0002,0.02
T12794,Adaptive Dynamic Programming Control,1,2,1,0.0001,0.0001,0.01
T14455,Technology and Education Systems,0,3,3,0.0,0.0002,0.02
T13662,Qualitative research in health,0,3,3,0.0,0.0002,0.02
T14167,Consumer behavior in food and health,0,3,3,0.0,0.0002,0.02
T13570,Historical Education Studies Worldwide,0,3,3,0.0,0.0002,0.02
T10144,Blood Pressure and Hypertension Studies,1,2,1,0.0001,0.0001,0.01
T10528,"Adipokines, Inflammation, and Metabolic Diseases",2,1,-1,0.0001,0.0001,-0.01
T10499,Folate and B Vitamins Research,2,1,-1,0.0001,0.0001,-0.01
T12586,"Folklore, Mythology, and Literature Studies",3,0,-3,0.0002,0.0,-0.02
T12872,Philippine History and Culture,3,0,-3,0.0002,0.0,-0.02
T10550,Ovarian cancer diagnosis and treatment,2,1,-1,0.0001,0.0001,-0.01
T12749,"Race, Genetics, and Society",1,2,1,0.0001,0.0001,0.01
T10372,Cardiac Imaging and Diagnostics,2,1,-1,0.0001,0.0001,-0.01
T13585,Technostress in Professional Settings,1,2,1,0.0001,0.0001,0.01
T12080,Injection Molding Process and Properties,3,0,-3,0.0002,0.0,-0.02
T12217,Higher Education Teaching and Evaluation,1,2,1,0.0001,0.0001,0.01
T14293,Biotechnology and Related Fields,3,0,-3,0.0002,0.0,-0.02
T10663,Advanced Battery Technologies Research,2,1,-1,0.0001,0.0001,-0.01
T14490,Human Rights and Immigration,2,1,-1,0.0001,0.0001,-0.01
T14402,Political and Social Issues,1,2,1,0.0001,0.0001,0.01
T12269,Effects of Vibration on Health,1,2,1,0.0001,0.0001,0.01
T11078,Inflammasome and immune disorders,1,2,1,0.0001,0.0001,0.01
T13580,Management and Performance Evaluation,0,3,3,0.0,0.0002,0.02
T12401,Scheduling and Timetabling Solutions,0,3,3,0.0,0.0002,0.02
T13420,Arduino and IoT Applications,0,3,3,0.0,0.0002,0.02
T13459,Public Administration and Political Analysis,0,3,3,0.0,0.0002,0.02
T13088,Legal and Labor Studies,0,3,3,0.0,0.0002,0.02
T13413,Cultural and Historical Studies,0,3,3,0.0,0.0002,0.02
T13851,"Law, AI, and Intellectual Property",0,3,3,0.0,0.0002,0.02
T13449,Organizational Management and Change,0,3,3,0.0,0.0002,0.02
T10053,International Relations and Foreign Policy,0,3,3,0.0,0.0002,0.02
T13914,European Cultural and National Identity,0,3,3,0.0,0.0002,0.02
T11647,Workplace Violence and Bullying,0,3,3,0.0,0.0002,0.02
T13936,Physical Education and Gymnastics,0,3,3,0.0,0.0002,0.02
T12376,Corporate Management and Leadership,0,3,3,0.0,0.0002,0.02
T11930,"Cardiac, Anesthesia and Surgical Outcomes",2,0,-2,0.0001,0.0,-0.01
T13886,Operations Management Techniques,2,0,-2,0.0001,0.0,-0.01
T10118,SARS-CoV-2 and COVID-19 Research,1,1,0,0.0001,0.0001,0.0
T11953,"Neuroethics, Human Enhancement, Biomedical Innovations",2,0,-2,0.0001,0.0,-0.01
T13747,Sociopolitical Dynamics in Russia,2,0,-2,0.0001,0.0,-0.01
T11856,Thermography and Photoacoustic Techniques,2,0,-2,0.0001,0.0,-0.01
T11423,Pesticide Residue Analysis and Safety,1,1,0,0.0001,0.0001,0.0
T13895,Educational Leadership and Innovation,2,0,-2,0.0001,0.0,-0.01
T11741,Flexible and Reconfigurable Manufacturing Systems,2,0,-2,0.0001,0.0,-0.01
T14180,"Law, logistics, and international trade",2,0,-2,0.0001,0.0,-0.01
T13099,"Health, Medicine and Society",2,0,-2,0.0001,0.0,-0.01
T11196,Non-Invasive Vital Sign Monitoring,1,1,0,0.0001,0.0001,0.0
T12907,Mechanical Engineering and Vibrations Research,2,0,-2,0.0001,0.0,-0.01
T11367,Particle accelerators and beam dynamics,1,1,0,0.0001,0.0001,0.0
T14339,Image Processing and 3D Reconstruction,2,0,-2,0.0001,0.0,-0.01
T10721,Surfactants and Colloidal Systems,1,1,0,0.0001,0.0001,0.0
T12723,Hannah Arendt's Political Philosophy,2,0,-2,0.0001,0.0,-0.01
T10683,Mass Spectrometry Techniques and Applications,2,0,-2,0.0001,0.0,-0.01
T14407,Athletic Training and Education,2,0,-2,0.0001,0.0,-0.01
T14338,"Leadership, Human Resources, Global Affairs",2,0,-2,0.0001,0.0,-0.01
T13384,Regional Economic Development and Innovation,2,0,-2,0.0001,0.0,-0.01
T14093,Global Health and Epidemiology,2,0,-2,0.0001,0.0,-0.01
T10218,Sepsis Diagnosis and Treatment,2,0,-2,0.0001,0.0,-0.01
T10549,Neonatal Respiratory Health Research,1,1,0,0.0001,0.0001,0.0
T11171,Diabetes and associated disorders,1,1,0,0.0001,0.0001,0.0
T12955,Atherosclerosis and Cardiovascular Diseases,1,1,0,0.0001,0.0001,0.0
T13152,French Language Learning Methods,1,1,0,0.0001,0.0001,0.0
T12826,Education Methods and Technologies,2,0,-2,0.0001,0.0,-0.01
T11504,Advanced Authentication Protocols Security,1,1,0,0.0001,0.0001,0.0
T11222,Magnetic Properties and Applications,2,0,-2,0.0001,0.0,-0.01
T13007,Economic Sanctions and International Relations,2,0,-2,0.0001,0.0,-0.01
T11661,Copper Interconnects and Reliability,2,0,-2,0.0001,0.0,-0.01
T12205,Time Series Analysis and Forecasting,2,0,-2,0.0001,0.0,-0.01
T10285,Venous Thromboembolism Diagnosis and Management,2,0,-2,0.0001,0.0,-0.01
T13714,Medieval Architecture and Archaeology,2,0,-2,0.0001,0.0,-0.01
T10760,Pancreatitis Pathology and Treatment,1,1,0,0.0001,0.0001,0.0
T10835,Carbohydrate Chemistry and Synthesis,2,0,-2,0.0001,0.0,-0.01
T14101,Financial Crisis of the 21st Century,2,0,-2,0.0001,0.0,-0.01
T13382,Robotics and Automated Systems,1,1,0,0.0001,0.0001,0.0
T11163,Organ Donation and Transplantation,1,1,0,0.0001,0.0001,0.0
T11184,Neonatal and fetal brain pathology,1,1,0,0.0001,0.0001,0.0
T10525,Human-Automation Interaction and Safety,2,0,-2,0.0001,0.0,-0.01
T13841,Psychology of Social Influence,2,0,-2,0.0001,0.0,-0.01
T11019,Image Enhancement Techniques,1,1,0,0.0001,0.0001,0.0
T13900,Contemporary and Historical Greek Studies,2,0,-2,0.0001,0.0,-0.01
T12661,Iterative Methods for Nonlinear Equations,2,0,-2,0.0001,0.0,-0.01
T11467,Trauma and Emergency Care Studies,1,1,0,0.0001,0.0001,0.0
T13890,Remote Sensing and Land Use,1,1,0,0.0001,0.0001,0.0
T10697,Vasculitis and related conditions,1,1,0,0.0001,0.0001,0.0
T14358,Healthcare Quality and Satisfaction,1,1,0,0.0001,0.0001,0.0
T14176,Interdisciplinary Cultural and Social Studies,2,0,-2,0.0001,0.0,-0.01
T10356,Orthodontics and Dentofacial Orthopedics,1,1,0,0.0001,0.0001,0.0
T13228,Socioeconomic Development in Asia,2,0,-2,0.0001,0.0,-0.01
T12095,Vehicle emissions and performance,1,1,0,0.0001,0.0001,0.0
T12935,Healthcare Systems and Public Health,2,0,-2,0.0001,0.0,-0.01
T10837,Dermatology and Skin Diseases,2,0,-2,0.0001,0.0,-0.01
T10057,Face and Expression Recognition,2,0,-2,0.0001,0.0,-0.01
T11125,Petri Nets in System Modeling,1,1,0,0.0001,0.0001,0.0
T13599,Architecture and Cultural Influences,1,1,0,0.0001,0.0001,0.0
T11387,Ichthyology and Marine Biology,1,1,0,0.0001,0.0001,0.0
T10882,Cardiomyopathy and Myosin Studies,1,1,0,0.0001,0.0001,0.0
T10335,Colorectal Cancer Surgical Treatments,1,1,0,0.0001,0.0001,0.0
T12623,"Cultural, Media, and Literary Studies",2,0,-2,0.0001,0.0,-0.01
T10744,Astrophysical Phenomena and Observations,2,0,-2,0.0001,0.0,-0.01
T13057,Asian Industrial and Economic Development,1,1,0,0.0001,0.0001,0.0
T13811,Earth Systems and Cosmic Evolution,1,1,0,0.0001,0.0001,0.0
T11017,Chaos-based Image/Signal Encryption,1,1,0,0.0001,0.0001,0.0
T11800,User Authentication and Security Systems,1,1,0,0.0001,0.0001,0.0
T11158,Wireless Networks and Protocols,1,1,0,0.0001,0.0001,0.0
T12621,Hemispheric Asymmetry in Neuroscience,1,1,0,0.0001,0.0001,0.0
T13116,Heat Transfer and Numerical Methods,1,1,0,0.0001,0.0001,0.0
T14040,Problem Solving Skills Development,1,1,0,0.0001,0.0001,0.0
T10904,Embedded Systems Design Techniques,2,0,-2,0.0001,0.0,-0.01
T10348,"Indigenous Health, Education, and Rights",1,1,0,0.0001,0.0001,0.0
T10978,Prenatal Screening and Diagnostics,2,0,-2,0.0001,0.0,-0.01
T12012,Diatoms and Algae Research,2,0,-2,0.0001,0.0,-0.01
T10986,RFID technology advancements,1,1,0,0.0001,0.0001,0.0
T14147,Innovative Approaches in Technology and Social Development,1,1,0,0.0001,0.0001,0.0
T12195,Aerogels and thermal insulation,1,1,0,0.0001,0.0001,0.0
T10026,"Galaxies: Formation, Evolution, Phenomena",1,1,0,0.0001,0.0001,0.0
T10394,Lipoproteins and Cardiovascular Health,1,1,0,0.0001,0.0001,0.0
T10197,Membrane Separation Technologies,1,1,0,0.0001,0.0001,0.0
T13369,European and Russian Geopolitical Military Strategies,1,1,0,0.0001,0.0001,0.0
T11663,Viral Infectious Diseases and Gene Expression in Insects,1,1,0,0.0001,0.0001,0.0
T13694,Immigration Law and Human Rights,0,2,2,0.0,0.0001,0.01
T11314,Clinical Laboratory Practices and Quality Control,0,2,2,0.0,0.0001,0.01
T14127,Food and Agricultural Sciences,0,2,2,0.0,0.0001,0.01
T12270,Microwave-Assisted Synthesis and Applications,1,1,0,0.0001,0.0001,0.0
T13371,Military Defense Systems Analysis,1,1,0,0.0001,0.0001,0.0
T12702,Brain Tumor Detection and Classification,1,1,0,0.0001,0.0001,0.0
T14000,"Cultural, Social, and Media Studies",0,2,2,0.0,0.0001,0.01
T14104,Developmental and Educational Neuropsychology,0,2,2,0.0,0.0001,0.01
T11112,Viral Infections and Immunology Research,1,1,0,0.0001,0.0001,0.0
T14178,Environmental Science and Water Management,0,2,2,0.0,0.0001,0.01
T10805,Vehicle Dynamics and Control Systems,0,2,2,0.0,0.0001,0.01
T10855,Amyotrophic Lateral Sclerosis Research,1,1,0,0.0001,0.0001,0.0
T14081,Linguistic Education and Pedagogy,1,1,0,0.0001,0.0001,0.0
T10954,Peripheral Nerve Disorders,1,1,0,0.0001,0.0001,0.0
T13243,Innovation in Digital Healthcare Systems,0,2,2,0.0,0.0001,0.01
T14481,Renewable Energy and Sustainability,1,1,0,0.0001,0.0001,0.0
T13138,Legal and Constitutional Studies,0,2,2,0.0,0.0001,0.01
T14088,Generational Differences and Trends,1,1,0,0.0001,0.0001,0.0
T11438,Retinal Imaging and Analysis,1,1,0,0.0001,0.0001,0.0
T11181,Advanced Data Storage Technologies,1,1,0,0.0001,0.0001,0.0
T13951,Fluid dynamics and aerodynamics studies,0,2,2,0.0,0.0001,0.01
T13287,Robotic Process Automation Applications,0,2,2,0.0,0.0001,0.01
T14156,Engineering Applied Research,0,2,2,0.0,0.0001,0.01
T11008,Aerodynamics and Acoustics in Jet Flows,0,2,2,0.0,0.0001,0.01
T14067,Cloud Computing and Remote Desktop Technologies,1,1,0,0.0001,0.0001,0.0
T12741,Maternal and Neonatal Healthcare,0,2,2,0.0,0.0001,0.01
T13123,Advances in Oncology and Radiotherapy,1,1,0,0.0001,0.0001,0.0
T13727,Linguistic and Sociocultural Studies,0,2,2,0.0,0.0001,0.01
T14020,Medical research and treatments,0,2,2,0.0,0.0001,0.01
T11162,Enzyme Structure and Function,0,2,2,0.0,0.0001,0.01
T10543,Prostate Cancer Treatment and Research,1,1,0,0.0001,0.0001,0.0
T10276,Helicobacter pylori-related gastroenterology studies,1,1,0,0.0001,0.0001,0.0
T12170,History and Theory of Mathematics,0,2,2,0.0,0.0001,0.01
T12731,Hidradenitis Suppurativa and Treatments,1,1,0,0.0001,0.0001,0.0
T10358,Advanced Radiotherapy Techniques,0,2,2,0.0,0.0001,0.01
T11089,Radioactive contamination and transfer,1,1,0,0.0001,0.0001,0.0
T12218,Coal and Its By-products,1,1,0,0.0001,0.0001,0.0
T12469,"Chaos, Complexity, and Education",0,2,2,0.0,0.0001,0.01
T10067,Stochastic processes and financial applications,1,1,0,0.0001,0.0001,0.0
T10408,Chronic Kidney Disease and Diabetes,0,2,2,0.0,0.0001,0.01
T14421,Educational Philosophies and Pedagogies,0,2,2,0.0,0.0001,0.01
T14507,"History, Culture, and Society",0,2,2,0.0,0.0001,0.01
T12856,Transgenic Plants and Applications,1,1,0,0.0001,0.0001,0.0
T12493,"Memory, violence, and history",0,2,2,0.0,0.0001,0.01
T13764,Political theory and Gramsci,1,1,0,0.0001,0.0001,0.0
T12133,Pragmatism in Philosophy and Education,1,1,0,0.0001,0.0001,0.0
T11291,Intraocular Surgery and Lenses,0,2,2,0.0,0.0001,0.01
T13650,Computational Physics and Python Applications,1,1,0,0.0001,0.0001,0.0
T13000,World Systems and Global Transformations,0,2,2,0.0,0.0001,0.01
T10854,Bipolar Disorder and Treatment,1,1,0,0.0001,0.0001,0.0
T12601,Web Applications and Data Management,1,1,0,0.0001,0.0001,0.0
T12065,Hippo pathway signaling and YAP/TAZ,1,1,0,0.0001,0.0001,0.0
T10637,Advanced Clustering Algorithms Research,1,1,0,0.0001,0.0001,0.0
T12422,Radiomics and Machine Learning in Medical Imaging,0,2,2,0.0,0.0001,0.01
T12994,Infrared Thermography in Medicine,1,1,0,0.0001,0.0001,0.0
T12558,Wittgensteinian philosophy and applications,1,1,0,0.0001,0.0001,0.0
T10662,Ultrasonics and Acoustic Wave Propagation,1,1,0,0.0001,0.0001,0.0
T10183,Breast Cancer Treatment Studies,1,1,0,0.0001,0.0001,0.0
T12137,Economic theories and models,1,1,0,0.0001,0.0001,0.0
T10540,Advanced Fluorescence Microscopy Techniques,1,1,0,0.0001,0.0001,0.0
T12230,Cardiovascular Issues in Pregnancy,1,1,0,0.0001,0.0001,0.0
T13120,Nuclear Issues and Defense,1,1,0,0.0001,0.0001,0.0
T14400,Medical Coding and Health Information,1,1,0,0.0001,0.0001,0.0
T10193,Coronary Interventions and Diagnostics,1,1,0,0.0001,0.0001,0.0
T10676,"Genetics, Aging, and Longevity in Model Organisms",1,1,0,0.0001,0.0001,0.0
T12808,Ferroelectric and Negative Capacitance Devices,1,1,0,0.0001,0.0001,0.0
T13083,Advanced Text Analysis Techniques,1,1,0,0.0001,0.0001,0.0
T11792,Pharmaceutical Economics and Policy,1,1,0,0.0001,0.0001,0.0
T11673,Advanced Topics in Algebra,1,1,0,0.0001,0.0001,0.0
T12192,Polysaccharides Composition and Applications,1,1,0,0.0001,0.0001,0.0
T13407,Regional Development and Management Studies,2,0,-2,0.0001,0.0,-0.01
T13894,Indian Economic and Social Development,2,0,-2,0.0001,0.0,-0.01
T12980,Family Caregiving in Mental Illness,2,0,-2,0.0001,0.0,-0.01
T10331,Video Surveillance and Tracking Methods,2,0,-2,0.0001,0.0,-0.01
T13065,Mining Techniques and Economics,2,0,-2,0.0001,0.0,-0.01
T13777,Cognitive and psychological constructs research,2,0,-2,0.0001,0.0,-0.01
T10733,Wheat and Barley Genetics and Pathology,2,0,-2,0.0001,0.0,-0.01
T11153,Streptococcal Infections and Treatments,2,0,-2,0.0001,0.0,-0.01
T10873,Bacterial Infections and Vaccines,2,0,-2,0.0001,0.0,-0.01
T12168,Health and Medical Research Impacts,2,0,-2,0.0001,0.0,-0.01
T13033,Social Sciences and Governance,2,0,-2,0.0001,0.0,-0.01
T13978,Foreign Language Teaching Methods,2,0,-2,0.0001,0.0,-0.01
T13634,Middle East and Rwanda Conflicts,2,0,-2,0.0001,0.0,-0.01
T10847,Advanced Optical Network Technologies,2,0,-2,0.0001,0.0,-0.01
T10207,Advanced biosensing and bioanalysis techniques,2,0,-2,0.0001,0.0,-0.01
T12174,Hospital Admissions and Outcomes,2,0,-2,0.0001,0.0,-0.01
T13600,Science Education and Perceptions,2,0,-2,0.0001,0.0,-0.01
T13565,Education and Learning Interventions,2,0,-2,0.0001,0.0,-0.01
T13417,Biomedical Ethics and Regulation,2,0,-2,0.0001,0.0,-0.01
T11880,Forest ecology and management,2,0,-2,0.0001,0.0,-0.01
T10534,Structural Health Monitoring Techniques,2,0,-2,0.0001,0.0,-0.01
T14308,Psychological and Educational Research Studies,2,0,-2,0.0001,0.0,-0.01
T12613,X-ray Diffraction in Crystallography,2,0,-2,0.0001,0.0,-0.01
T14112,"Economic, financial, and policy analysis",2,0,-2,0.0001,0.0,-0.01
T11294,Infant Nutrition and Health,2,0,-2,0.0001,0.0,-0.01
T10915,Trace Elements in Health,2,0,-2,0.0001,0.0,-0.01
T13255,"Business, Innovation, and Economy",2,0,-2,0.0001,0.0,-0.01
T10575,Wireless Communication Networks Research,2,0,-2,0.0001,0.0,-0.01
T13087,Simone de Beauvoir and Sartre,2,0,-2,0.0001,0.0,-0.01
T12343,Geography Education and Pedagogy,2,0,-2,0.0001,0.0,-0.01
T10396,Fatigue and fracture mechanics,2,0,-2,0.0001,0.0,-0.01
T11044,Particle Detector Development and Performance,2,0,-2,0.0001,0.0,-0.01
T10377,Metal and Thin Film Mechanics,2,0,-2,0.0001,0.0,-0.01
T11201,Metallurgy and Material Forming,2,0,-2,0.0001,0.0,-0.01
T13280,Biomedical and Engineering Education,2,0,-2,0.0001,0.0,-0.01
T14224,"Oil, Gas, and Environmental Issues",2,0,-2,0.0001,0.0,-0.01
T12067,Renal and Vascular Pathologies,2,0,-2,0.0001,0.0,-0.01
T12943,COVID-19 Digital Contact Tracing,2,0,-2,0.0001,0.0,-0.01
T13342,Art History and Market Analysis,2,0,-2,0.0001,0.0,-0.01
T12800,Musculoskeletal synovial abnormalities and treatments,1,1,0,0.0001,0.0001,0.0
T13130,Biological and pharmacological studies of plants,2,0,-2,0.0001,0.0,-0.01
T12075,Sodium Intake and Health,1,1,0,0.0001,0.0001,0.0
T14335,Educational Robotics and Engineering,2,0,-2,0.0001,0.0,-0.01
T13325,Dye analysis and toxicity,1,1,0,0.0001,0.0001,0.0
T10719,3D Shape Modeling and Analysis,2,0,-2,0.0001,0.0,-0.01
T13905,Telecommunications and Broadcasting Technologies,1,1,0,0.0001,0.0001,0.0
T10761,Vehicular Ad Hoc Networks (VANETs),1,1,0,0.0001,0.0001,0.0
T11487,Automotive and Human Injury Biomechanics,1,1,0,0.0001,0.0001,0.0
T10225,Essential Oils and Antimicrobial Activity,2,0,-2,0.0001,0.0,-0.01
T11351,Catalysis and Hydrodesulfurization Studies,1,1,0,0.0001,0.0001,0.0
T12039,Electron and X-Ray Spectroscopy Techniques,1,1,0,0.0001,0.0001,0.0
T13309,Reliability and Agreement in Measurement,1,1,0,0.0001,0.0001,0.0
T10274,Synthesis and biological activity,1,1,0,0.0001,0.0001,0.0
T11260,Tracheal and airway disorders,1,1,0,0.0001,0.0001,0.0
T12126,Maritime Transport Emissions and Efficiency,1,1,0,0.0001,0.0001,0.0
T10448,Memory and Neural Mechanisms,2,0,-2,0.0001,0.0,-0.01
T12965,Wildlife Conservation and Criminology Analyses,2,0,-2,0.0001,0.0,-0.01
T13995,Globalization and political ideologies,2,0,-2,0.0001,0.0,-0.01
T11871,Advanced Statistical Methods and Models,2,0,-2,0.0001,0.0,-0.01
T13124,Chemical synthesis and alkaloids,2,0,-2,0.0001,0.0,-0.01
T13982,Social Movements and Cultural Identity,2,0,-2,0.0001,0.0,-0.01
T11822,Analytic and geometric function theory,2,0,-2,0.0001,0.0,-0.01
T10032,Marine and coastal ecosystems,1,1,0,0.0001,0.0001,0.0
T11328,Ocular Oncology and Treatments,1,1,0,0.0001,0.0001,0.0
T10586,Robotic Path Planning Algorithms,1,1,0,0.0001,0.0001,0.0
T13457,"Dental Education, Practice, Research",2,0,-2,0.0001,0.0,-0.01
T10283,Hearing Loss and Rehabilitation,1,1,0,0.0001,0.0001,0.0
T10473,Postharvest Quality and Shelf Life Management,1,1,0,0.0001,0.0001,0.0
T11807,Infrastructure Resilience and Vulnerability Analysis,2,0,-2,0.0001,0.0,-0.01
T13983,Cybersecurity and Information Systems,1,1,0,0.0001,0.0001,0.0
T11099,Autonomous Vehicle Technology and Safety,1,1,0,0.0001,0.0001,0.0
T10204,Microstructure and mechanical properties,1,1,0,0.0001,0.0001,0.0
T10303,Photosynthetic Processes and Mechanisms,2,0,-2,0.0001,0.0,-0.01
T13055,Global Security and Public Health,2,0,-2,0.0001,0.0,-0.01
T10195,Antimicrobial Resistance in Staphylococcus,1,1,0,0.0001,0.0001,0.0
T11276,Solar Radiation and Photovoltaics,1,1,0,0.0001,0.0001,0.0
T10610,Advanced Cellulose Research Studies,2,0,-2,0.0001,0.0,-0.01
T14520,Sustainable Urban and Rural Development,1,1,0,0.0001,0.0001,0.0
T10520,Mycotoxins in Agriculture and Food,1,1,0,0.0001,0.0001,0.0
T11443,Advanced Statistical Process Monitoring,2,0,-2,0.0001,0.0,-0.01
T10296,Vector-borne infectious diseases,2,0,-2,0.0001,0.0,-0.01
T11831,Chemical Synthesis and Reactions,1,1,0,0.0001,0.0001,0.0
T11773,Healthcare Operations and Scheduling Optimization,1,1,0,0.0001,0.0001,0.0
T11311,Soil and Water Nutrient Dynamics,1,1,0,0.0001,0.0001,0.0
T10062,MicroRNA in disease regulation,2,0,-2,0.0001,0.0,-0.01
T11535,Chemotherapy-induced cardiotoxicity and mitigation,1,1,0,0.0001,0.0001,0.0
T10211,Computational Drug Discovery Methods,1,1,0,0.0001,0.0001,0.0
T10148,Advanced MIMO Systems Optimization,2,0,-2,0.0001,0.0,-0.01
T11689,Adversarial Robustness in Machine Learning,1,1,0,0.0001,0.0001,0.0
T12031,Speech and dialogue systems,1,1,0,0.0001,0.0001,0.0
T12666,Historical Psychiatry and Medical Practices,2,0,-2,0.0001,0.0,-0.01
T12899,Engineering and Technology Innovations,1,1,0,0.0001,0.0001,0.0
T11827,Polyomavirus and related diseases,1,1,0,0.0001,0.0001,0.0
T11016,Monoclonal and Polyclonal Antibodies Research,1,1,0,0.0001,0.0001,0.0
T10226,Land Use and Ecosystem Services,1,1,0,0.0001,0.0001,0.0
T12040,International Arbitration and Investment Law,1,1,0,0.0001,0.0001,0.0
T12615,Climate Change and Geoengineering,2,0,-2,0.0001,0.0,-0.01
T14516,English Language Learning and Teaching,1,1,0,0.0001,0.0001,0.0
T11105,Advanced Image Processing Techniques,1,1,0,0.0001,0.0001,0.0
T13106,"Neuroscience, Education and Cognitive Function",2,0,-2,0.0001,0.0,-0.01
T12076,Renaissance and Early Modern Studies,1,1,0,0.0001,0.0001,0.0
T10065,Atrial Fibrillation Management and Outcomes,1,1,0,0.0001,0.0001,0.0
T10656,Child and Animal Learning Development,1,1,0,0.0001,0.0001,0.0
T10576,Opioid Use Disorder Treatment,2,0,-2,0.0001,0.0,-0.01
T13717,Advanced Algorithms and Applications,2,0,-2,0.0001,0.0,-0.01
T10743,Software Testing and Debugging Techniques,1,1,0,0.0001,0.0001,0.0
T12117,Muscle and Compartmental Disorders,1,1,0,0.0001,0.0001,0.0
T12296,Autopsy Techniques and Outcomes,1,1,0,0.0001,0.0001,0.0
T11192,Underwater Vehicles and Communication Systems,1,1,0,0.0001,0.0001,0.0
T10619,Esophageal Cancer Research and Treatment,1,1,0,0.0001,0.0001,0.0
T10222,Genomics and Chromatin Dynamics,2,0,-2,0.0001,0.0,-0.01
T11245,Advanced Numerical Analysis Techniques,1,1,0,0.0001,0.0001,0.0
T10306,Liquid Crystal Research Advancements,1,1,0,0.0001,0.0001,0.0
T12801,Bluetooth and Wireless Communication Technologies,1,1,0,0.0001,0.0001,0.0
T10897,Antibiotic Use and Resistance,1,1,0,0.0001,0.0001,0.0
T11809,Advanced NMR Techniques and Applications,2,0,-2,0.0001,0.0,-0.01
T11026,Occupational and environmental lung diseases,1,1,0,0.0001,0.0001,0.0
T11806,Service-Learning and Community Engagement,1,1,0,0.0001,0.0001,0.0
T12655,Female Genital Mutilation/Cutting Issues,1,1,0,0.0001,0.0001,0.0
T10388,Advanced Steganography and Watermarking Techniques,1,1,0,0.0001,0.0001,0.0
T12517,Seventeenth-Century Political and Philosophical Thought,1,1,0,0.0001,0.0001,0.0
T13275,Medical and Health Sciences Research,0,2,2,0.0,0.0001,0.01
T12740,Gait Recognition and Analysis,0,2,2,0.0,0.0001,0.01
T10808,Electric and Hybrid Vehicle Technologies,0,2,2,0.0,0.0001,0.01
T10482,Mathematical and Theoretical Epidemiology and Ecology Models,0,2,2,0.0,0.0001,0.01
T12531,Values and Moral Education,0,2,2,0.0,0.0001,0.01
T14309,Employee Performance and Management,0,2,2,0.0,0.0001,0.01
T13538,Linguistics and Language Analysis,0,2,2,0.0,0.0001,0.01
T13708,History of Emotions Research,0,2,2,0.0,0.0001,0.01
T12063,Heat and Mass Transfer in Porous Media,0,2,2,0.0,0.0001,0.01
T12687,Public Administration in Developing Nations,0,2,2,0.0,0.0001,0.01
T13989,Labour Market and Migration,0,2,2,0.0,0.0001,0.01
T14342,"Military, Security, and Education Studies",0,2,2,0.0,0.0001,0.01
T13948,Gender and Women's Rights,0,2,2,0.0,0.0001,0.01
T10243,Statistical Methods and Bayesian Inference,0,2,2,0.0,0.0001,0.01
T14255,European Law and Migration,0,2,2,0.0,0.0001,0.01
T10567,Vehicle Routing Optimization Methods,0,2,2,0.0,0.0001,0.01
T11527,3D IC and TSV technologies,0,2,2,0.0,0.0001,0.01
T13681,Engineering and Information Technology,0,2,2,0.0,0.0001,0.01
T13406,Human Resources and Workforce,0,2,2,0.0,0.0001,0.01
T13148,Environmental and Air Quality Management,0,2,2,0.0,0.0001,0.01
T10857,Advanced Electron Microscopy Techniques and Applications,0,2,2,0.0,0.0001,0.01
T14003,Labor Law and Work Dynamics,0,2,2,0.0,0.0001,0.01
T10923,Force Microscopy Techniques and Applications,1,1,0,0.0001,0.0001,0.0
T12904,Diverse Educational Innovations Studies,1,1,0,0.0001,0.0001,0.0
T10159,Ionosphere and magnetosphere dynamics,1,1,0,0.0001,0.0001,0.0
T13632,Marriage and Sexual Relationships,1,1,0,0.0001,0.0001,0.0
T11458,Advanced Wireless Communication Technologies,2,0,-2,0.0001,0.0,-0.01
T10634,Food Allergy and Anaphylaxis Research,1,1,0,0.0001,0.0001,0.0
T11182,Auction Theory and Applications,2,0,-2,0.0001,0.0,-0.01
T14477,"Management, Economics, and Public Policy",2,0,-2,0.0001,0.0,-0.01
T11686,Dendrimers and Hyperbranched Polymers,1,1,0,0.0001,0.0001,0.0
T13653,"Commonwealth, Australian Politics and Federalism",2,0,-2,0.0001,0.0,-0.01
T11164,Remote Sensing and LiDAR Applications,1,1,0,0.0001,0.0001,0.0
T14236,Educational Tools and Methods,2,0,-2,0.0001,0.0,-0.01
T13897,Historical Economic and Legal Thought,1,1,0,0.0001,0.0001,0.0
T12115,Genetic and Environmental Crop Studies,2,0,-2,0.0001,0.0,-0.01
T11932,Wireless Body Area Networks,2,0,-2,0.0001,0.0,-0.01
T13330,"Theater, Performance, and Music History",2,0,-2,0.0001,0.0,-0.01
T14211,Diverse academic research themes,2,0,-2,0.0001,0.0,-0.01
T12918,Healthcare Systems and Technology,2,0,-2,0.0001,0.0,-0.01
T11502,Facility Location and Emergency Management,1,1,0,0.0001,0.0001,0.0
T12388,Identification and Quantification in Food,1,1,0,0.0001,0.0001,0.0
T10834,Welding Techniques and Residual Stresses,1,1,0,0.0001,0.0001,0.0
T10363,Low-power high-performance VLSI design,1,1,0,0.0001,0.0001,0.0
T10323,Analog and Mixed-Signal Circuit Design,1,1,0,0.0001,0.0001,0.0
T12975,Paraoxonase enzyme and polymorphisms,1,1,0,0.0001,0.0001,0.0
T13387,"Politics, Economics, and Education Policy",0,2,2,0.0,0.0001,0.01
T14130,"Healthcare, Law, Governance, and Management Studies",0,2,2,0.0,0.0001,0.01
T10362,Biblical Studies and Interpretation,0,2,2,0.0,0.0001,0.01
T13698,"Education, Politics, and Culture Studies",0,2,2,0.0,0.0001,0.01
T13352,International Relations in Latin America,0,2,2,0.0,0.0001,0.01
T13164,Quality and Management Systems,0,2,2,0.0,0.0001,0.01
T11522,VLSI and FPGA Design Techniques,0,2,2,0.0,0.0001,0.01
T13805,Adolescent Health and Behaviors,0,2,2,0.0,0.0001,0.01
T10142,Formal Methods in Verification,0,2,2,0.0,0.0001,0.01
T11530,Business and Management Studies,0,2,2,0.0,0.0001,0.01
T12342,Vascular anomalies and interventions,0,2,2,0.0,0.0001,0.01
T12854,Neurology and Historical Studies,0,2,2,0.0,0.0001,0.01
T12526,Antimicrobial agents and applications,0,2,2,0.0,0.0001,0.01
T10279,Urinary Bladder and Prostate Research,0,2,2,0.0,0.0001,0.01
T10783,Additive Manufacturing and 3D Printing Technologies,0,2,2,0.0,0.0001,0.01
T11424,Security and Verification in Computing,0,2,2,0.0,0.0001,0.01
T13799,Media and Communication Studies,0,2,2,0.0,0.0001,0.01
T10072,Science Education and Pedagogy,0,2,2,0.0,0.0001,0.01
T10116,Sperm and Testicular Function,0,2,2,0.0,0.0001,0.01
T14133,Border Security and International Relations,0,2,2,0.0,0.0001,0.01
T12239,Construction Management and Sustainability,0,2,2,0.0,0.0001,0.01
T10342,Circadian rhythm and melatonin,0,2,2,0.0,0.0001,0.01
T13295,Safety Systems Engineering in Autonomy,0,2,2,0.0,0.0001,0.01
T13920,Urban Planning and Valuation,0,2,2,0.0,0.0001,0.01
T11534,Erythropoietin and Anemia Treatment,0,2,2,0.0,0.0001,0.01
T14160,Water management and technologies,0,2,2,0.0,0.0001,0.01
T11675,Open Source Software Innovations,0,2,2,0.0,0.0001,0.01
T12145,Dental Anxiety and Anesthesia Techniques,1,0,-1,0.0001,0.0,-0.01
T14173,"Education, Healthcare and Sociology Research",1,0,-1,0.0001,0.0,-0.01
T10098,Ruminant Nutrition and Digestive Physiology,1,0,-1,0.0001,0.0,-0.01
T13843,African Sexualities and LGBTQ+ Issues,1,0,-1,0.0001,0.0,-0.01
T11616,Autoimmune and Inflammatory Disorders Research,1,0,-1,0.0001,0.0,-0.01
T12023,Cholinesterase and Neurodegenerative Diseases,1,0,-1,0.0001,0.0,-0.01
T14509,demographic modeling and climate adaptation,1,0,-1,0.0001,0.0,-0.01
T12323,Asian American and Pacific Histories,1,0,-1,0.0001,0.0,-0.01
T10711,Target Tracking and Data Fusion in Sensor Networks,1,0,-1,0.0001,0.0,-0.01
T14517,Diverse Historical and Scientific Studies,1,0,-1,0.0001,0.0,-0.01
T13454,Phenothiazines and Benzothiazines Synthesis and Activities,1,0,-1,0.0001,0.0,-0.01
T11064,Antiplatelet Therapy and Cardiovascular Diseases,1,0,-1,0.0001,0.0,-0.01
T12211,Aluminum toxicity and tolerance in plants and animals,1,0,-1,0.0001,0.0,-0.01
T10668,Endometrial and Cervical Cancer Treatments,1,0,-1,0.0001,0.0,-0.01
T11885,MRI in cancer diagnosis,1,0,-1,0.0001,0.0,-0.01
T13549,Minority Rights and Languages,1,0,-1,0.0001,0.0,-0.01
T11746,Inorganic and Organometallic Chemistry,1,0,-1,0.0001,0.0,-0.01
T14281,Islamic Finance and Communication,1,0,-1,0.0001,0.0,-0.01
T10205,Advanced Fiber Optic Sensors,1,0,-1,0.0001,0.0,-0.01
T11738,Ultrasound in Clinical Applications,1,0,-1,0.0001,0.0,-0.01
T14306,Technology Assessment and Management,1,0,-1,0.0001,0.0,-0.01
T11623,Hyperglycemia and glycemic control in critically ill and hospitalized patients,1,0,-1,0.0001,0.0,-0.01
T12288,Optimization and Search Problems,1,0,-1,0.0001,0.0,-0.01
T11529,Refrigeration and Air Conditioning Technologies,1,0,-1,0.0001,0.0,-0.01
T12620,Signaling Pathways in Disease,1,0,-1,0.0001,0.0,-0.01
T13062,Cognitive Computing and Networks,1,0,-1,0.0001,0.0,-0.01
T11337,Tryptophan and brain disorders,1,0,-1,0.0001,0.0,-0.01
T14079,Mathematics Education and Programs,1,0,-1,0.0001,0.0,-0.01
T11150,Endoplasmic Reticulum Stress and Disease,1,0,-1,0.0001,0.0,-0.01
T14223,Ayn Rand and Brontë studies,1,0,-1,0.0001,0.0,-0.01
T13525,Cambodian History and Society,1,0,-1,0.0001,0.0,-0.01
T11136,Enzyme-mediated dye degradation,1,0,-1,0.0001,0.0,-0.01
T13563,Chemical Analysis and Environmental Impact,1,0,-1,0.0001,0.0,-0.01
T13535,Wireless Sensor Networks and IoT,1,0,-1,0.0001,0.0,-0.01
T13775,Hydrogen's biological and therapeutic effects,1,0,-1,0.0001,0.0,-0.01
T13998,"History, Medicine, and Leadership",1,0,-1,0.0001,0.0,-0.01
T13591,Pasture and Agricultural Systems,1,0,-1,0.0001,0.0,-0.01
T12636,Regional Development and Innovation,1,0,-1,0.0001,0.0,-0.01
T12047,Viral Infections and Vectors,1,0,-1,0.0001,0.0,-0.01
T13849,Enterobacteriaceae and Cronobacter Research,1,0,-1,0.0001,0.0,-0.01
T11030,Scoliosis diagnosis and treatment,1,0,-1,0.0001,0.0,-0.01
T14484,Technology and Data Analysis,1,0,-1,0.0001,0.0,-0.01
T13339,Landscape and Cultural Studies,1,0,-1,0.0001,0.0,-0.01
T12771,Plant pathogens and resistance mechanisms,1,0,-1,0.0001,0.0,-0.01
T11375,Geotechnical Engineering and Soil Stabilization,1,0,-1,0.0001,0.0,-0.01
T10753,Microplastics and Plastic Pollution,1,0,-1,0.0001,0.0,-0.01
T12991,Phytase and its Applications,1,0,-1,0.0001,0.0,-0.01
T13679,Tardigrade Biology and Ecology,1,0,-1,0.0001,0.0,-0.01
T13014,Peace and Human Rights Education,1,0,-1,0.0001,0.0,-0.01
T11624,Constructed Wetlands for Wastewater Treatment,1,0,-1,0.0001,0.0,-0.01
T12114,Sensory Analysis and Statistical Methods,1,0,-1,0.0001,0.0,-0.01
T14349,Global Political and Economic Relations,1,0,-1,0.0001,0.0,-0.01
T10991,Game Theory and Voting Systems,1,0,-1,0.0001,0.0,-0.01
T14214,Space Exploration and Technology,1,0,-1,0.0001,0.0,-0.01
T14324,Insects and Parasite Interactions,1,0,-1,0.0001,0.0,-0.01
T11954,Energy Efficiency and Management,1,0,-1,0.0001,0.0,-0.01
T13453,Alkaline Phosphatase Research Studies,1,0,-1,0.0001,0.0,-0.01
T11825,Catalysis and Oxidation Reactions,1,0,-1,0.0001,0.0,-0.01
T11581,Viral Infections and Outbreaks Research,1,0,-1,0.0001,0.0,-0.01
T10466,Meteorological Phenomena and Simulations,1,0,-1,0.0001,0.0,-0.01
T11459,Arctic and Antarctic ice dynamics,1,0,-1,0.0001,0.0,-0.01
T10369,Advanced MEMS and NEMS Technologies,1,0,-1,0.0001,0.0,-0.01
T13539,thermodynamics and calorimetric analyses,1,0,-1,0.0001,0.0,-0.01
T12097,Aquatic Invertebrate Ecology and Behavior,1,0,-1,0.0001,0.0,-0.01
T14142,Multicultural Socio-Legal Studies,1,0,-1,0.0001,0.0,-0.01
T12565,Physics and Engineering Research Articles,1,0,-1,0.0001,0.0,-0.01
T12404,Mathematical Approximation and Integration,1,0,-1,0.0001,0.0,-0.01
T10654,Pneumonia and Respiratory Infections,1,0,-1,0.0001,0.0,-0.01
T13937,"Genetics, Bioinformatics, and Biomedical Research",1,0,-1,0.0001,0.0,-0.01
T11429,Semiconductor Lasers and Optical Devices,1,0,-1,0.0001,0.0,-0.01
T10261,Genetic Associations and Epidemiology,1,0,-1,0.0001,0.0,-0.01
T13379,"Multiculturalism, Politics, Migration, Gender",1,0,-1,0.0001,0.0,-0.01
T12533,Aldose Reductase and Taurine,1,0,-1,0.0001,0.0,-0.01
T11601,Neuroscience and Neural Engineering,1,0,-1,0.0001,0.0,-0.01
T13576,"Cyprus History, Politics, Society",1,0,-1,0.0001,0.0,-0.01
T11633,Prenatal Substance Exposure Effects,1,0,-1,0.0001,0.0,-0.01
T10341,Coral and Marine Ecosystems Studies,1,0,-1,0.0001,0.0,-0.01
T11092,Spondyloarthritis Studies and Treatments,1,0,-1,0.0001,0.0,-0.01
T13473,Economic Zones and Regional Development,1,0,-1,0.0001,0.0,-0.01
T13709,Education in Diverse Contexts,1,0,-1,0.0001,0.0,-0.01
T12521,Death Anxiety and Social Exclusion,1,0,-1,0.0001,0.0,-0.01
T11821,Odor and Emission Control Technologies,1,0,-1,0.0001,0.0,-0.01
T13520,Architectural and Urban Studies,1,0,-1,0.0001,0.0,-0.01
T14218,Engineering Education and Global Impact,1,0,-1,0.0001,0.0,-0.01
T14202,"Sustainability, Governance, and Employment Studies",1,0,-1,0.0001,0.0,-0.01
T10839,Pancreatic function and diabetes,1,0,-1,0.0001,0.0,-0.01
T12167,Bacterial Identification and Susceptibility Testing,1,0,-1,0.0001,0.0,-0.01
T13825,Economic Policies and Impacts,0,1,1,0.0,0.0001,0.01
T11357,Risk and Safety Analysis,0,1,1,0.0,0.0001,0.01
T10965,Geological formations and processes,0,1,1,0.0,0.0001,0.01
T11448,Face recognition and analysis,0,1,1,0.0,0.0001,0.01
T14503,"Globalization, Economics, and Policies",0,1,1,0.0,0.0001,0.01
T13466,Comparative Literary Analysis and Criticism,0,1,1,0.0,0.0001,0.01
T14189,Intravenous Infusion Technology and Safety,0,1,1,0.0,0.0001,0.01
T13621,Ancient and Medieval Archaeology Studies,0,1,1,0.0,0.0001,0.01
T10278,Electric Motor Design and Analysis,0,1,1,0.0,0.0001,0.01
T10998,Heat Transfer and Optimization,0,1,1,0.0,0.0001,0.01
T14322,"Art, Aesthetics, and Perception",0,1,1,0.0,0.0001,0.01
T14512,Technology and Human Factors in Education and Health,0,1,1,0.0,0.0001,0.01
T11373,Sleep and Work-Related Fatigue,0,1,1,0.0,0.0001,0.01
T11878,Solid-state spectroscopy and crystallography,0,1,1,0.0,0.0001,0.01
T10859,Polymer Surface Interaction Studies,0,1,1,0.0,0.0001,0.01
T10141,Probiotics and Fermented Foods,0,1,1,0.0,0.0001,0.01
T10769,BRCA gene mutations in cancer,0,1,1,0.0,0.0001,0.01
T10688,Image and Signal Denoising Methods,0,1,1,0.0,0.0001,0.01
T10598,Cardiac pacing and defibrillation studies,0,1,1,0.0,0.0001,0.01
T10174,Animal Behavior and Reproduction,0,1,1,0.0,0.0001,0.01
T12373,Linguistic research and analysis,0,1,1,0.0,0.0001,0.01
T14317,"Finance, Markets, and Regulation",0,1,1,0.0,0.0001,0.01
T12958,Digital Economy and Transformation,0,1,1,0.0,0.0001,0.01
T13893,Sustainable Development and Policies,0,1,1,0.0,0.0001,0.01
T11186,Hydrology and Drought Analysis,0,1,1,0.0,0.0001,0.01
T13141,Statistical Methods and Applications,0,1,1,0.0,0.0001,0.01
T10339,Advanced Numerical Methods in Computational Mathematics,0,1,1,0.0,0.0001,0.01
T10439,Climate change impacts on agriculture,0,1,1,0.0,0.0001,0.01
T13010,Agriculture and Agroindustry Studies,0,1,1,0.0,0.0001,0.01
T13593,Historical and Archaeological Studies,0,1,1,0.0,0.0001,0.01
T13210,Historical Turkish Studies,0,1,1,0.0,0.0001,0.01
T10217,Cardiac electrophysiology and arrhythmias,0,1,1,0.0,0.0001,0.01
T11033,Contact Dermatitis and Allergies,0,1,1,0.0,0.0001,0.01
T13399,Unemployment and Economic Growth,0,1,1,0.0,0.0001,0.01
T12206,Vibration and Dynamic Analysis,0,1,1,0.0,0.0001,0.01
T13864,Indigenous Cultures and History,0,1,1,0.0,0.0001,0.01
T14473,Social and Economic Development in India,0,1,1,0.0,0.0001,0.01
T11858,Urban Development and Societal Issues,0,1,1,0.0,0.0001,0.01
T11063,Rough Sets and Fuzzy Logic,0,1,1,0.0,0.0001,0.01
T13340,Palliative and Oncologic Care,0,1,1,0.0,0.0001,0.01
T13266,Indigenous Studies in Latin America,0,1,1,0.0,0.0001,0.01
T10961,Hernia repair and management,0,1,1,0.0,0.0001,0.01
T10682,Quantum Computing Algorithms and Architecture,0,1,1,0.0,0.0001,0.01
T13042,Economic and Fiscal Studies,0,1,1,0.0,0.0001,0.01
T13909,Environmental Quality and Pollution,0,1,1,0.0,0.0001,0.01
T10343,"Hydrogels: synthesis, properties, applications",0,1,1,0.0,0.0001,0.01
T13534,"Migration, Identity, and Health",0,1,1,0.0,0.0001,0.01
T11054,Adrenal and Paraganglionic Tumors,0,1,1,0.0,0.0001,0.01
T11704,Mobile Crowdsensing and Crowdsourcing,0,1,1,0.0,0.0001,0.01
T11734,Decision Support System Applications,0,1,1,0.0,0.0001,0.01
T12042,Satellite Communication Systems,0,1,1,0.0,0.0001,0.01
T11409,Advanced Wireless Network Optimization,0,1,1,0.0,0.0001,0.01
T14198,Philosophical Thought and Analysis,0,1,1,0.0,0.0001,0.01
T14121,Logistics and Transportation Systems,0,1,1,0.0,0.0001,0.01
T12312,"Culture, Economy, and Development Studies",0,1,1,0.0,0.0001,0.01
T10432,DNA and Nucleic Acid Chemistry,0,1,1,0.0,0.0001,0.01
T12555,Ancient Egypt and Archaeology,0,1,1,0.0,0.0001,0.01
T12809,Contact Mechanics and Variational Inequalities,0,1,1,0.0,0.0001,0.01
T13009,Agroforestry and silvopastoral systems,1,0,-1,0.0001,0.0,-0.01
T10069,Antenna Design and Analysis,1,0,-1,0.0001,0.0,-0.01
T10462,Reinforcement Learning in Robotics,1,0,-1,0.0001,0.0,-0.01
T11815,Urological Disorders and Treatments,1,0,-1,0.0001,0.0,-0.01
T12720,Multimedia Communication and Technology,1,0,-1,0.0001,0.0,-0.01
T14209,Public health and occupational medicine,1,0,-1,0.0001,0.0,-0.01
T12630,African Botany and Ecology Studies,1,0,-1,0.0001,0.0,-0.01
T10739,Electromagnetic Scattering and Analysis,1,0,-1,0.0001,0.0,-0.01
T12979,Cardiovascular Disease and Adiposity,1,0,-1,0.0001,0.0,-0.01
T11520,Advanced Thermodynamics and Statistical Mechanics,1,0,-1,0.0001,0.0,-0.01
T12127,Software System Performance and Reliability,1,0,-1,0.0001,0.0,-0.01
T12813,Plant and Biological Electrophysiology Studies,1,0,-1,0.0001,0.0,-0.01
T13763,Historical Legal Studies and Society,1,0,-1,0.0001,0.0,-0.01
T12938,Material Selection and Properties,1,0,-1,0.0001,0.0,-0.01
T14413,Advanced Technologies in Various Fields,1,0,-1,0.0001,0.0,-0.01
T14225,Advanced Sensor and Control Systems,1,0,-1,0.0001,0.0,-0.01
T10175,Advanced DC-DC Converters,1,0,-1,0.0001,0.0,-0.01
T14213,Global Politics and Economy,1,0,-1,0.0001,0.0,-0.01
T10716,Soil and Unsaturated Flow,1,0,-1,0.0001,0.0,-0.01
T13504,African history and culture analysis,1,0,-1,0.0001,0.0,-0.01
T14089,Nanotechnology research and applications,1,0,-1,0.0001,0.0,-0.01
T10374,Advanced Graph Theory Research,1,0,-1,0.0001,0.0,-0.01
T11727,Advanced Algebra and Logic,1,0,-1,0.0001,0.0,-0.01
T12563,History and Politics in Latin America,1,0,-1,0.0001,0.0,-0.01
T11355,Inflammatory Biomarkers in Disease Prognosis,1,0,-1,0.0001,0.0,-0.01
T14459,Synthesis and Reactions of Organic Compounds,1,0,-1,0.0001,0.0,-0.01
T11924,Polyamine Metabolism and Applications,1,0,-1,0.0001,0.0,-0.01
T10087,Archaeology and ancient environmental studies,1,0,-1,0.0001,0.0,-0.01
T11413,Risk and Portfolio Optimization,1,0,-1,0.0001,0.0,-0.01
T13792,Morinda citrifolia extract uses,1,0,-1,0.0001,0.0,-0.01
T14026,Flannery O'Connor and Thomas Merton,1,0,-1,0.0001,0.0,-0.01
T13476,Indonesian Election Politics and Participation,1,0,-1,0.0001,0.0,-0.01
T11149,Veterinary Oncology Research,1,0,-1,0.0001,0.0,-0.01
T11512,Anomaly Detection Techniques and Applications,1,0,-1,0.0001,0.0,-0.01
T11679,Craniofacial Disorders and Treatments,1,0,-1,0.0001,0.0,-0.01
T11605,Visual Attention and Saliency Detection,1,0,-1,0.0001,0.0,-0.01
T11470,Legume Nitrogen Fixing Symbiosis,1,0,-1,0.0001,0.0,-0.01
T10724,Ion Transport and Channel Regulation,1,0,-1,0.0001,0.0,-0.01
T12437,"Balkans: History, Politics, Society",1,0,-1,0.0001,0.0,-0.01
T12234,Mollusks and Parasites Studies,1,0,-1,0.0001,0.0,-0.01
T11875,Statistics Education and Methodologies,1,0,-1,0.0001,0.0,-0.01
T10725,RNA Interference and Gene Delivery,1,0,-1,0.0001,0.0,-0.01
T14148,Kierkegaardian Philosophy and Influence,1,0,-1,0.0001,0.0,-0.01
T13555,"Healthcare cost, quality, practices",1,0,-1,0.0001,0.0,-0.01
T14409,Educational Systems and Policies,1,0,-1,0.0001,0.0,-0.01
T12412,Enzyme function and inhibition,1,0,-1,0.0001,0.0,-0.01
T10878,CRISPR and Genetic Engineering,1,0,-1,0.0001,0.0,-0.01
T14277,Social Skills and Education,1,0,-1,0.0001,0.0,-0.01
T11456,Neuroscience of respiration and sleep,1,0,-1,0.0001,0.0,-0.01
T11867,Traumatic Ocular and Foreign Body Injuries,1,0,-1,0.0001,0.0,-0.01
T13022,Health and Medical Studies,1,0,-1,0.0001,0.0,-0.01
T13627,Cultural and Educational Studies,1,0,-1,0.0001,0.0,-0.01
T12527,Chemistry and Stereochemistry Studies,1,0,-1,0.0001,0.0,-0.01
T12439,Dental Research and COVID-19,1,0,-1,0.0001,0.0,-0.01
T12364,Archaeological Research and Protection,1,0,-1,0.0001,0.0,-0.01
T10621,Gene Regulatory Network Analysis,1,0,-1,0.0001,0.0,-0.01
T13967,"Conservation, Ecology, Wildlife Education",1,0,-1,0.0001,0.0,-0.01
T10015,Genomics and Phylogenetic Studies,1,0,-1,0.0001,0.0,-0.01
T11851,Electromagnetic Compatibility and Measurements,1,0,-1,0.0001,0.0,-0.01
T10832,Pituitary Gland Disorders and Treatments,1,0,-1,0.0001,0.0,-0.01
T13207,Youth Substance Use and School Attendance,1,0,-1,0.0001,0.0,-0.01
T12799,Mobile and Web Applications,1,0,-1,0.0001,0.0,-0.01
T10618,Aortic Disease and Treatment Approaches,1,0,-1,0.0001,0.0,-0.01
T13006,Spanish History and Politics,1,0,-1,0.0001,0.0,-0.01
T14376,Science and Education Research,1,0,-1,0.0001,0.0,-0.01
T13338,Pharmacological Effects and Assays,1,0,-1,0.0001,0.0,-0.01
T14094,Italy: Economic History and Contemporary Issues,1,0,-1,0.0001,0.0,-0.01
T14064,Organizational and Employee Performance,1,0,-1,0.0001,0.0,-0.01
T13375,Integrated Water Resources Management,1,0,-1,0.0001,0.0,-0.01
T12925,Educational and Social Studies,1,0,-1,0.0001,0.0,-0.01
T14279,Academic Research and Education Studies,1,0,-1,0.0001,0.0,-0.01
T11034,Digital Filter Design and Implementation,1,0,-1,0.0001,0.0,-0.01
T12254,Machine Learning in Bioinformatics,1,0,-1,0.0001,0.0,-0.01
T11753,Forest Management and Policy,1,0,-1,0.0001,0.0,-0.01
T10241,Functional Brain Connectivity Studies,1,0,-1,0.0001,0.0,-0.01
T13975,"Energy, Economy, and Technology Trends",1,0,-1,0.0001,0.0,-0.01
T12862,Catholicism and Religious Studies,1,0,-1,0.0001,0.0,-0.01
T11730,Autoimmune Bullous Skin Diseases,1,0,-1,0.0001,0.0,-0.01
T13212,German Social Sciences and History,1,0,-1,0.0001,0.0,-0.01
T12182,Evolution and Science Education,1,0,-1,0.0001,0.0,-0.01
T11622,Maritime Navigation and Safety,1,0,-1,0.0001,0.0,-0.01
T14010,Food Industry and Aquatic Biology,1,0,-1,0.0001,0.0,-0.01
T12865,Tailings Management and Properties,1,0,-1,0.0001,0.0,-0.01
T11361,Digital Radiography and Breast Imaging,1,0,-1,0.0001,0.0,-0.01
T13733,Moravian Church and William Blake,1,0,-1,0.0001,0.0,-0.01
T12760,Laser Design and Applications,1,0,-1,0.0001,0.0,-0.01
T11247,Plant nutrient uptake and metabolism,1,0,-1,0.0001,0.0,-0.01
T12487,Structural Engineering and Vibration Analysis,1,0,-1,0.0001,0.0,-0.01
T12692,Magnetic Field Sensors Techniques,1,0,-1,0.0001,0.0,-0.01
T11187,Nonlinear Dynamics and Pattern Formation,1,0,-1,0.0001,0.0,-0.01
T13377,Ecosystem dynamics and resilience,1,0,-1,0.0001,0.0,-0.01
T10064,Complex Network Analysis Techniques,1,0,-1,0.0001,0.0,-0.01
T12447,Spider Taxonomy and Behavior Studies,1,0,-1,0.0001,0.0,-0.01
T11965,"Quantum, superfluid, helium dynamics",1,0,-1,0.0001,0.0,-0.01
T12319,Fish Biology and Ecology Studies,1,0,-1,0.0001,0.0,-0.01
T10151,Hepatitis C virus research,1,0,-1,0.0001,0.0,-0.01
T13236,Geotechnical and construction materials studies,1,0,-1,0.0001,0.0,-0.01
T11896,Opportunistic and Delay-Tolerant Networks,1,0,-1,0.0001,0.0,-0.01
T13274,Expert finding and Q&A systems,1,0,-1,0.0001,0.0,-0.01
T10892,Drilling and Well Engineering,1,0,-1,0.0001,0.0,-0.01
T13874,Information Architecture and Usability,1,0,-1,0.0001,0.0,-0.01
T11270,Complex Systems and Time Series Analysis,1,0,-1,0.0001,0.0,-0.01
T11789,Land Rights and Reforms,1,0,-1,0.0001,0.0,-0.01
T10016,Adsorption and biosorption for pollutant removal,1,0,-1,0.0001,0.0,-0.01
T14008,Balkan and Eastern European Studies,1,0,-1,0.0001,0.0,-0.01
T10877,Allergic Rhinitis and Sensitization,1,0,-1,0.0001,0.0,-0.01
T13039,Magnesium Oxide Properties and Applications,1,0,-1,0.0001,0.0,-0.01
T12956,Asian Geopolitics and Ethnography,1,0,-1,0.0001,0.0,-0.01
T14114,Digital Media and Philosophy,1,0,-1,0.0001,0.0,-0.01
T11861,Thermal Regulation in Medicine,1,0,-1,0.0001,0.0,-0.01
T14144,Neurological Disease Mechanisms and Treatments,1,0,-1,0.0001,0.0,-0.01
T12782,Assembly Line Balancing Optimization,1,0,-1,0.0001,0.0,-0.01
T10488,Nanocomposite Films for Food Packaging,1,0,-1,0.0001,0.0,-0.01
T12892,Social Power and Status Dynamics,1,0,-1,0.0001,0.0,-0.01
T14233,Diverse Topics in Contemporary Research,1,0,-1,0.0001,0.0,-0.01
T14174,Artificial Intelligence and Decision Support Systems,1,0,-1,0.0001,0.0,-0.01
T14299,Complex Systems and Dynamics,1,0,-1,0.0001,0.0,-0.01
T12763,ATP Synthase and ATPases Research,1,0,-1,0.0001,0.0,-0.01
T13256,Archaeology and Rock Art Studies,1,0,-1,0.0001,0.0,-0.01
T13182,Quantum-Dot Cellular Automata,1,0,-1,0.0001,0.0,-0.01
T13756,International Environmental Law and Policies,1,0,-1,0.0001,0.0,-0.01
T11528,Lichen and fungal ecology,1,0,-1,0.0001,0.0,-0.01
T14056,Safety Warnings and Signage,1,0,-1,0.0001,0.0,-0.01
T12888,Military Strategy and Technology,1,0,-1,0.0001,0.0,-0.01
T10077,Neuroscience and Neuropharmacology Research,1,0,-1,0.0001,0.0,-0.01
T13573,"Government, Law, and Information Management",1,0,-1,0.0001,0.0,-0.01
T11729,Product Development and Customization,1,0,-1,0.0001,0.0,-0.01
T11521,Salivary Gland Disorders and Functions,1,0,-1,0.0001,0.0,-0.01
T14327,Advanced Energy Technologies and Civil Engineering Innovations,1,0,-1,0.0001,0.0,-0.01
T11217,Cardiac Arrhythmias and Treatments,1,0,-1,0.0001,0.0,-0.01
T13048,Patient Dignity and Privacy,1,0,-1,0.0001,0.0,-0.01
T11445,Origins and Evolution of Life,1,0,-1,0.0001,0.0,-0.01
T10386,Microstructure and Mechanical Properties of Steels,1,0,-1,0.0001,0.0,-0.01
T13435,Animal and Plant Science Education,1,0,-1,0.0001,0.0,-0.01
T13001,Restraint-Related Deaths,1,0,-1,0.0001,0.0,-0.01
T12449,Spacecraft Design and Technology,1,0,-1,0.0001,0.0,-0.01
T14023,Interdisciplinary Studies and Sociocultural Dynamics,1,0,-1,0.0001,0.0,-0.01
T14450,Employee Welfare and Language Studies,1,0,-1,0.0001,0.0,-0.01
T13015,"Botany, Ecology, and Taxonomy Studies",1,0,-1,0.0001,0.0,-0.01
T10173,Computational Fluid Dynamics and Aerodynamics,1,0,-1,0.0001,0.0,-0.01
T10385,Plant Diversity and Evolution,1,0,-1,0.0001,0.0,-0.01
T12926,Business Strategies and Management Research,1,0,-1,0.0001,0.0,-0.01
T10608,Neurogenesis and neuroplasticity mechanisms,1,0,-1,0.0001,0.0,-0.01
T13917,Engineering and Material Science Research,1,0,-1,0.0001,0.0,-0.01
T11358,Dysphagia Assessment and Management,1,0,-1,0.0001,0.0,-0.01
T10742,Peer-to-Peer Network Technologies,1,0,-1,0.0001,0.0,-0.01
T12673,Microbial Metabolism and Applications,1,0,-1,0.0001,0.0,-0.01
T12682,Smart Materials for Construction,1,0,-1,0.0001,0.0,-0.01
T13169,Consumer Perception and Purchasing Behavior,1,0,-1,0.0001,0.0,-0.01
T10149,Anthropological Studies and Insights,1,0,-1,0.0001,0.0,-0.01
T14372,Environmental and Biological Research in Conflict Zones,1,0,-1,0.0001,0.0,-0.01
T11757,Seismic Waves and Analysis,1,0,-1,0.0001,0.0,-0.01
T11091,Extraction and Separation Processes,1,0,-1,0.0001,0.0,-0.01
T13551,Biochemical effects in animals,1,0,-1,0.0001,0.0,-0.01
T10643,Marine and coastal plant biology,1,0,-1,0.0001,0.0,-0.01
T12169,Non-Destructive Testing Techniques,1,0,-1,0.0001,0.0,-0.01
T11060,Infant Development and Preterm Care,1,0,-1,0.0001,0.0,-0.01
T10715,Distributed and Parallel Computing Systems,1,0,-1,0.0001,0.0,-0.01
T13019,African Studies and Geopolitics,1,0,-1,0.0001,0.0,-0.01
T10228,Multilevel Inverters and Converters,1,0,-1,0.0001,0.0,-0.01
T11482,RNA modifications and cancer,1,0,-1,0.0001,0.0,-0.01
T10013,Asymmetric Synthesis and Catalysis,1,0,-1,0.0001,0.0,-0.01
T14152,Healthcare Facilities Design and Sustainability,1,0,-1,0.0001,0.0,-0.01
T13181,Economic and Technological Systems Analysis,1,0,-1,0.0001,0.0,-0.01
T14134,Medical and Biological Sciences,1,0,-1,0.0001,0.0,-0.01
T10841,Economic and Environmental Valuation,1,0,-1,0.0001,0.0,-0.01
T12165,Environmental Sustainability and Education,1,0,-1,0.0001,0.0,-0.01
T12274,Electrostatics and Colloid Interactions,1,0,-1,0.0001,0.0,-0.01
T10378,Advanced MRI Techniques and Applications,1,0,-1,0.0001,0.0,-0.01
T14388,Medieval European History and Architecture,1,0,-1,0.0001,0.0,-0.01
T12468,Radiation Effects and Dosimetry,1,0,-1,0.0001,0.0,-0.01
T12810,Real-time simulation and control systems,1,0,-1,0.0001,0.0,-0.01
T13521,Psychosocial Factors Impacting Youth,1,0,-1,0.0001,0.0,-0.01
T13486,"Literature, Magical Realism, García Márquez",1,0,-1,0.0001,0.0,-0.01
T13011,Latin American rural development,1,0,-1,0.0001,0.0,-0.01
T12108,Management of metastatic bone disease,1,0,-1,0.0001,0.0,-0.01
T11036,Antibiotics Pharmacokinetics and Efficacy,1,0,-1,0.0001,0.0,-0.01
T10452,Iron Metabolism and Disorders,1,0,-1,0.0001,0.0,-0.01
T13542,"Grit, Self-Efficacy, and Motivation",1,0,-1,0.0001,0.0,-0.01
T10848,Advanced Multi-Objective Optimization Algorithms,1,0,-1,0.0001,0.0,-0.01
T10231,Pancreatic and Hepatic Oncology Research,1,0,-1,0.0001,0.0,-0.01
T13976,Web visibility and informetrics,1,0,-1,0.0001,0.0,-0.01
T10554,Hemoglobinopathies and Related Disorders,1,0,-1,0.0001,0.0,-0.01
T10312,"Health, Nursing, Elderly Care",1,0,-1,0.0001,0.0,-0.01
T10223,Microgrid Control and Optimization,1,0,-1,0.0001,0.0,-0.01
T11477,"Epistemology, Ethics, and Metaphysics",1,0,-1,0.0001,0.0,-0.01
T12703,Oil Palm Production and Sustainability,1,0,-1,0.0001,0.0,-0.01
T10523,Atomic and Molecular Physics,1,0,-1,0.0001,0.0,-0.01
T10413,High-pressure geophysics and materials,1,0,-1,0.0001,0.0,-0.01
T14285,Biopolymer Synthesis and Applications,1,0,-1,0.0001,0.0,-0.01
T11263,Electromagnetic Simulation and Numerical Methods,1,0,-1,0.0001,0.0,-0.01
T13161,Ideological and Political Education,1,0,-1,0.0001,0.0,-0.01
T13794,Financial Reporting and XBRL,1,0,-1,0.0001,0.0,-0.01
T10796,Cooperative Communication and Network Coding,1,0,-1,0.0001,0.0,-0.01
T13852,Seismic and Structural Analysis of Tall Buildings,1,0,-1,0.0001,0.0,-0.01
T11560,Animal Disease Management and Epidemiology,1,0,-1,0.0001,0.0,-0.01
T11755,Transboundary Water Resource Management,1,0,-1,0.0001,0.0,-0.01
T10838,Animal Behavior and Welfare Studies,1,0,-1,0.0001,0.0,-0.01
T10527,High-Energy Particle Collisions Research,1,0,-1,0.0001,0.0,-0.01
T11694,Fluid Dynamics Simulations and Interactions,1,0,-1,0.0001,0.0,-0.01
T11405,Geophysics and Gravity Measurements,1,0,-1,0.0001,0.0,-0.01
T11733,X-ray Spectroscopy and Fluorescence Analysis,1,0,-1,0.0001,0.0,-0.01
T13475,Digital Transformation in Law,1,0,-1,0.0001,0.0,-0.01
T10631,"Cancer, Hypoxia, and Metabolism",1,0,-1,0.0001,0.0,-0.01
T12701,Biological Control of Invasive Species,1,0,-1,0.0001,0.0,-0.01
T12164,Education Practices and Challenges,1,0,-1,0.0001,0.0,-0.01
T11978,Soil Mechanics and Vehicle Dynamics,1,0,-1,0.0001,0.0,-0.01
T10945,Lysosomal Storage Disorders Research,1,0,-1,0.0001,0.0,-0.01
T11588,Atmospheric and Environmental Gas Dynamics,1,0,-1,0.0001,0.0,-0.01
T10417,Lung Cancer Treatments and Mutations,1,0,-1,0.0001,0.0,-0.01
T10436,Anesthesia and Sedative Agents,1,0,-1,0.0001,0.0,-0.01
T13250,Semiotics and Representation Studies,1,0,-1,0.0001,0.0,-0.01
T12934,Plant and fungal interactions,1,0,-1,0.0001,0.0,-0.01
T12643,Sustainability and Ecological Systems Analysis,1,0,-1,0.0001,0.0,-0.01
T13499,Economic Systems and Logistics Management,1,0,-1,0.0001,0.0,-0.01
T11801,Reservoir Engineering and Simulation Methods,1,0,-1,0.0001,0.0,-0.01
T14470,Advanced Data Processing Techniques,1,0,-1,0.0001,0.0,-0.01
T12919,Blood disorders and treatments,1,0,-1,0.0001,0.0,-0.01
T13685,Material Science and Thermodynamics,1,0,-1,0.0001,0.0,-0.01
T13754,Central European and Russian historical studies,1,0,-1,0.0001,0.0,-0.01
T13887,Augustinian Studies and Theology,1,0,-1,0.0001,0.0,-0.01
T13742,Metallurgy and Cultural Artifacts,1,0,-1,0.0001,0.0,-0.01
T11751,Lattice Boltzmann Simulation Studies,1,0,-1,0.0001,0.0,-0.01
T10308,Systemic Lupus Erythematosus Research,1,0,-1,0.0001,0.0,-0.01
T11641,Insect and Pesticide Research,1,0,-1,0.0001,0.0,-0.01
T12743,Spanish Culture and Identity,1,0,-1,0.0001,0.0,-0.01
T13107,Congenital limb and hand anomalies,1,0,-1,0.0001,0.0,-0.01
T12386,Advanced X-ray and CT Imaging,1,0,-1,0.0001,0.0,-0.01
T12746,Sustainable Industrial Ecology,1,0,-1,0.0001,0.0,-0.01
T12827,Biochemical and Molecular Research,1,0,-1,0.0001,0.0,-0.01
T12774,Bauxite Residue and Utilization,1,0,-1,0.0001,0.0,-0.01
T13968,Contemporary Cultural and Social Studies,1,0,-1,0.0001,0.0,-0.01
T12154,Pelvic and Acetabular Injuries,1,0,-1,0.0001,0.0,-0.01
T10699,Primate Behavior and Ecology,1,0,-1,0.0001,0.0,-0.01
T11643,Building materials and conservation,1,0,-1,0.0001,0.0,-0.01
T10622,Quantum Mechanics and Applications,1,0,-1,0.0001,0.0,-0.01
T13748,Advanced Statistical Modeling Techniques,1,0,-1,0.0001,0.0,-0.01
T11893,German Literature and Culture Studies,1,0,-1,0.0001,0.0,-0.01
T14027,21st Century Education and Governance,1,0,-1,0.0001,0.0,-0.01
T12380,Authorship Attribution and Profiling,0,1,1,0.0,0.0001,0.01
T11137,Historical Philosophy and Science,0,1,1,0.0,0.0001,0.01
T11463,Classical Philosophy and Thought,0,1,1,0.0,0.0001,0.01
T14272,Agricultural and Food Production Studies,0,1,1,0.0,0.0001,0.01
T12152,Concrete Properties and Behavior,0,1,1,0.0,0.0001,0.01
T10860,Speech and Audio Processing,0,1,1,0.0,0.0001,0.01
T14043,Historical and modern epidemiology studies,0,1,1,0.0,0.0001,0.01
T10580,Immunotherapy and Immune Responses,0,1,1,0.0,0.0001,0.01
T14159,Discourse Analysis and Cultural Communication,0,1,1,0.0,0.0001,0.01
T12226,Neuroblastoma Research and Treatments,0,1,1,0.0,0.0001,0.01
T14242,"Nutrition, Health, and Society Studies",0,1,1,0.0,0.0001,0.01
T14115,Legal processes and jurisprudence,0,1,1,0.0,0.0001,0.01
T10232,Optical Network Technologies,0,1,1,0.0,0.0001,0.01
T10504,Sensorless Control of Electric Motors,0,1,1,0.0,0.0001,0.01
T11345,Cognitive and developmental aspects of mathematical skills,0,1,1,0.0,0.0001,0.01
T13620,Education for Peace and Conflict Resolution,0,1,1,0.0,0.0001,0.01
T10974,Advanced Queuing Theory Analysis,0,1,1,0.0,0.0001,0.01
T10111,Remote Sensing in Agriculture,0,1,1,0.0,0.0001,0.01
T13789,Global Education Systems and Policies,0,1,1,0.0,0.0001,0.01
T12146,Power Line Communications and Noise,0,1,1,0.0,0.0001,0.01
T14362,Diverse Legal and Medical Studies,0,1,1,0.0,0.0001,0.01
T12624,Maritime and Coastal Archaeology,0,1,1,0.0,0.0001,0.01
T13373,Data Mining and Machine Learning Applications,0,1,1,0.0,0.0001,0.01
T10497,Fungal and yeast genetics research,0,1,1,0.0,0.0001,0.01
T14072,Immunotoxicology and immune responses,0,1,1,0.0,0.0001,0.01
T11749,Iterative Learning Control Systems,0,1,1,0.0,0.0001,0.01
T10063,Nanoparticle-Based Drug Delivery,0,1,1,0.0,0.0001,0.01
T11075,Insect Resistance and Genetics,0,1,1,0.0,0.0001,0.01
T11165,Image and Video Quality Assessment,0,1,1,0.0,0.0001,0.01
T14332,European Linguistics and Anthropology,0,1,1,0.0,0.0001,0.01
T10993,Complement system in diseases,0,1,1,0.0,0.0001,0.01
T13299,Educational Leadership and Administration,0,1,1,0.0,0.0001,0.01
T13726,International Science and Diplomacy,0,1,1,0.0,0.0001,0.01
T12659,Innovation Diffusion and Forecasting,0,1,1,0.0,0.0001,0.01
T11818,Nicotinic Acetylcholine Receptors Study,0,1,1,0.0,0.0001,0.01
T14030,Taxation and Legal Issues,0,1,1,0.0,0.0001,0.01
T14203,"Education, Safety, and Science Studies",0,1,1,0.0,0.0001,0.01
T11321,Error Correcting Code Techniques,0,1,1,0.0,0.0001,0.01
T13762,Education and Labor Relations,0,1,1,0.0,0.0001,0.01
T10887,Bioinformatics and Genomic Networks,0,1,1,0.0,0.0001,0.01
T10790,Heavy Metal Exposure and Toxicity,0,1,1,0.0,0.0001,0.01
T10237,Cryptography and Data Security,0,1,1,0.0,0.0001,0.01
T10638,Optical measurement and interference techniques,0,1,1,0.0,0.0001,0.01
T10201,Speech Recognition and Synthesis,0,1,1,0.0,0.0001,0.01
T13025,American History and Culture,0,1,1,0.0,0.0001,0.01
T12893,Organic Chemistry Cycloaddition Reactions,0,1,1,0.0,0.0001,0.01
T14237,Historical and Political Studies,0,1,1,0.0,0.0001,0.01
T13784,Jewish Identity and Society,0,1,1,0.0,0.0001,0.01
T13724,Humanities and Social Sciences,0,1,1,0.0,0.0001,0.01
T10139,Heavy metals in environment,0,1,1,0.0,0.0001,0.01
T14518,American Sports and Literature,0,1,1,0.0,0.0001,0.01
T12957,"War, Ethics, and Justification",0,1,1,0.0,0.0001,0.01
T10294,Cell death mechanisms and regulation,0,1,1,0.0,0.0001,0.01
T14110,Islamic Studies and Radicalism,0,1,1,0.0,0.0001,0.01
T12129,Global Energy Security and Policy,0,1,1,0.0,0.0001,0.01
T12554,Vitamin C and Antioxidants Research,0,1,1,0.0,0.0001,0.01
T13931,Philosophy and Historical Thought,0,1,1,0.0,0.0001,0.01
T12787,Human Behavior and Motivation,0,1,1,0.0,0.0001,0.01
T13509,Accounting and Financial Management,0,1,1,0.0,0.0001,0.01
T11783,Turkey's Politics and Society,1,0,-1,0.0001,0.0,-0.01
T11412,Genetic and Kidney Cyst Diseases,1,0,-1,0.0001,0.0,-0.01
T12019,Calibration and Measurement Techniques,1,0,-1,0.0001,0.0,-0.01
T12910,Eicosanoids and Hypertension Pharmacology,1,0,-1,0.0001,0.0,-0.01
T11966,Silk-based biomaterials and applications,1,0,-1,0.0001,0.0,-0.01
T10792,Matrix Theory and Algorithms,1,0,-1,0.0001,0.0,-0.01
T14234,Data Privacy and Cybersecurity,1,0,-1,0.0001,0.0,-0.01
T13075,Legal Systems and Judicial Processes,1,0,-1,0.0001,0.0,-0.01
T14171,"Education, Law, and Society",1,0,-1,0.0001,0.0,-0.01
T11090,Dark Matter and Cosmic Phenomena,1,0,-1,0.0001,0.0,-0.01
T14429,Global Political and Social Dynamics,1,0,-1,0.0001,0.0,-0.01
T11797,graph theory and CDMA systems,1,0,-1,0.0001,0.0,-0.01
T10389,Polymer crystallization and properties,1,0,-1,0.0001,0.0,-0.01
T10402,Phase Equilibria and Thermodynamics,1,0,-1,0.0001,0.0,-0.01
T12374,European and International Contract Law,1,0,-1,0.0001,0.0,-0.01
T13199,Digestive system and related health,1,0,-1,0.0001,0.0,-0.01
T13690,Quality and Safety in Healthcare,1,0,-1,0.0001,0.0,-0.01
T12761,Data Stream Mining Techniques,1,0,-1,0.0001,0.0,-0.01
T14418,"Development, Ethics, and Society",1,0,-1,0.0001,0.0,-0.01
T12742,Sunflower and Safflower Cultivation,1,0,-1,0.0001,0.0,-0.01
T12917,Astronomy and Astrophysical Research,1,0,-1,0.0001,0.0,-0.01
T11303,Bayesian Modeling and Causal Inference,1,0,-1,0.0001,0.0,-0.01
T12897,Structural Analysis of Composite Materials,1,0,-1,0.0001,0.0,-0.01
T11116,"Trauma, Hemostasis, Coagulopathy, Resuscitation",1,0,-1,0.0001,0.0,-0.01
T11369,Genetic factors in colorectal cancer,1,0,-1,0.0001,0.0,-0.01
T14292,"Migration, Policy, and Dickens Studies",1,0,-1,0.0001,0.0,-0.01
T10431,Ethnobotanical and Medicinal Plants Studies,1,0,-1,0.0001,0.0,-0.01
T10236,Aquatic Ecosystems and Phytoplankton Dynamics,1,0,-1,0.0001,0.0,-0.01
T12004,Advanced Frequency and Time Standards,1,0,-1,0.0001,0.0,-0.01
T13842,Intellectual Property Law,1,0,-1,0.0001,0.0,-0.01
T13029,South Asian Studies and Conflicts,1,0,-1,0.0001,0.0,-0.01
T12922,Business and Economic Development,1,0,-1,0.0001,0.0,-0.01
T11392,Energy Harvesting in Wireless Networks,1,0,-1,0.0001,0.0,-0.01
T14370,"Economic, Social, and Health Studies",1,0,-1,0.0001,0.0,-0.01
T13910,Computational and Text Analysis Methods,1,0,-1,0.0001,0.0,-0.01
T12180,Polar Research and Ecology,1,0,-1,0.0001,0.0,-0.01
T11266,Neuroinflammation and Neurodegeneration Mechanisms,0,1,1,0.0,0.0001,0.01
T10414,Cannabis and Cannabinoid Research,0,1,1,0.0,0.0001,0.01
T10088,Thermochemical Biomass Conversion Processes,0,1,1,0.0,0.0001,0.01
T12381,Electron Spin Resonance Studies,0,1,1,0.0,0.0001,0.01
T11101,Online Learning Methods and Innovations,0,1,1,0.0,0.0001,0.01
T12927,"Memory, History, Trauma, Identity",0,1,1,0.0,0.0001,0.01
T11223,Maritime Ports and Logistics,0,1,1,0.0,0.0001,0.01
T10039,"Stellar, planetary, and galactic studies",0,1,1,0.0,0.0001,0.01
T14303,Polymer Synthesis and Characterization,0,1,1,0.0,0.0001,0.01
T13140,Materials Engineering and Processing,0,1,1,0.0,0.0001,0.01
T13957,Corporate Governance and Financial Management,0,1,1,0.0,0.0001,0.01
T14419,Banking Systems and Strategies,0,1,1,0.0,0.0001,0.01
T12842,"Youth, Drugs, and Violence",0,1,1,0.0,0.0001,0.01
T14307,Bioethics and Human Rights Issues,0,1,1,0.0,0.0001,0.01
T13121,Radio Wave Propagation Studies,0,1,1,0.0,0.0001,0.01
T13928,Advanced Sensor Technologies Research,0,1,1,0.0,0.0001,0.01
T10481,Computer Graphics and Visualization Techniques,0,1,1,0.0,0.0001,0.01
T13696,Technology's Impact on Media,0,1,1,0.0,0.0001,0.01
T13626,Educational and Organizational Development,0,1,1,0.0,0.0001,0.01
T12271,Renewable energy and sustainable power systems,0,1,1,0.0,0.0001,0.01
T11427,Elbow and Forearm Trauma Treatment,0,1,1,0.0,0.0001,0.01
T11335,Prion Diseases and Protein Misfolding,0,1,1,0.0,0.0001,0.01
T12522,Mathematics Education and Pedagogy,0,1,1,0.0,0.0001,0.01
T12348,Rural Development and Agriculture,0,1,1,0.0,0.0001,0.01
T13818,Cultural Studies and Colonialism,0,1,1,0.0,0.0001,0.01
T10579,Cognitive Radio Networks and Spectrum Sensing,0,1,1,0.0,0.0001,0.01
T13260,Linguistics and Language Studies,0,1,1,0.0,0.0001,0.01
T10340,Hepatitis B Virus Studies,0,1,1,0.0,0.0001,0.01
T14132,Medical Research and Islamic Perspectives,0,1,1,0.0,0.0001,0.01
T10948,Advanced Combinatorial Mathematics,0,1,1,0.0,0.0001,0.01
T14284,Social Sciences and Humanities,0,1,1,0.0,0.0001,0.01
T13545,Philosophical and Theoretical Analysis,0,1,1,0.0,0.0001,0.01
T13595,Archaeology and Cultural Heritage,0,1,1,0.0,0.0001,0.01
T14086,Military and Defense Studies,0,1,1,0.0,0.0001,0.01
T14154,"finance, banking, and market dynamics",0,1,1,0.0,0.0001,0.01
T13604,"Adsorption, diffusion, and thermodynamic properties of materials",0,1,1,0.0,0.0001,0.01
T13211,"Memory, Trauma, and Testimony",0,1,1,0.0,0.0001,0.01
T13806,Mathematical and Computational Methods,0,1,1,0.0,0.0001,0.01
T12999,Medieval History and Crusades,0,1,1,0.0,0.0001,0.01
T12669,Comparative International Legal Studies,0,1,1,0.0,0.0001,0.01
T12778,History of Medicine and Tropical Health,0,1,1,0.0,0.0001,0.01
T13162,African Studies and Ethnography,0,1,1,0.0,0.0001,0.01
T14136,Education and Military Integration,0,1,1,0.0,0.0001,0.01
T10153,"Education, sociology, and vocational training",0,1,1,0.0,0.0001,0.01
T12768,Linguistics and language evolution,0,1,1,0.0,0.0001,0.01
T14106,Environmental and Sediment Control,0,1,1,0.0,0.0001,0.01
T10824,Image Retrieval and Classification Techniques,0,1,1,0.0,0.0001,0.01
T13949,Belt and Road Initiative,0,1,1,0.0,0.0001,0.01
T13496,Advertising and Communication Studies,0,1,1,0.0,0.0001,0.01
T11898,Economics of Agriculture and Food Markets,0,1,1,0.0,0.0001,0.01
T10044,Protein Structure and Dynamics,0,1,1,0.0,0.0001,0.01
T13032,COVID-19 Prevention and Impact,0,1,1,0.0,0.0001,0.01
T12273,Latin American Urban Studies,0,1,1,0.0,0.0001,0.01
T14417,Central Asia Education and Culture,0,1,1,0.0,0.0001,0.01
T14141,Colonial History and Postcolonial Studies,0,1,1,0.0,0.0001,0.01
T13411,Labor Market and Education,0,1,1,0.0,0.0001,0.01
T10405,Advanced Polymer Synthesis and Characterization,0,1,1,0.0,0.0001,0.01
T11754,SARS-CoV-2 detection and testing,0,1,1,0.0,0.0001,0.01
T13478,Agricultural Development and Management,0,1,1,0.0,0.0001,0.01
T13929,Educational Outcomes and Influences,0,1,1,0.0,0.0001,0.01
T10820,Fuzzy Logic and Control Systems,0,1,1,0.0,0.0001,0.01
T14469,Renaissance Literature and Culture,0,1,1,0.0,0.0001,0.01
T12772,Control and Stability of Dynamical Systems,0,1,1,0.0,0.0001,0.01
T14149,Historical and Literary Analyses,0,1,1,0.0,0.0001,0.01
T13705,Australian Indigenous Culture and History,0,1,1,0.0,0.0001,0.01
T14259,Legal Rights and Human Rights,0,1,1,0.0,0.0001,0.01
T11525,Piezoelectric Actuators and Control,0,1,1,0.0,0.0001,0.01
T12489,Microbial Metabolites in Food Biotechnology,0,1,1,0.0,0.0001,0.01
T10005,Ecology and Vegetation Dynamics Studies,0,1,1,0.0,0.0001,0.01
T14445,Transportation Safety and Impact Analysis,0,1,1,0.0,0.0001,0.01
T10187,Radio Frequency Integrated Circuit Design,0,1,1,0.0,0.0001,0.01
T10117,Advanced Combustion Engine Technologies,0,1,1,0.0,0.0001,0.01
T11951,Trauma Management and Diagnosis,0,1,1,0.0,0.0001,0.01
T13482,Engineering Education and Technology,0,1,1,0.0,0.0001,0.01
T13720,Benford’s Law and Fraud Detection,0,1,1,0.0,0.0001,0.01
