topic_id,display_name,works_old,works_new,change,share_old,share_new,share_change_pts
T10026,"Galaxies: Formation, Evolution, Phenomena",4841,5932,1091,0.021,0.0258,0.48
T10325,Astro and Planetary Science,4056,4322,266,0.0176,0.0188,0.12
T10039,"Stellar, planetary, and galactic studies",3783,4326,543,0.0164,0.0188,0.24
T10477,Astrophysics and Star Formation Studies,2195,2061,-134,0.0095,0.009,-0.06
T10048,Particle physics theoretical and experimental studies,2154,1946,-208,0.0093,0.0085,-0.09
T11033,Contact Dermatitis and Allergies,1967,1998,31,0.0085,0.0087,0.02
T10406,Planetary Science and Exploration,2001,1589,-412,0.0087,0.0069,-0.18
T10001,Geological and Geochemical Analysis,1461,1515,54,0.0063,0.0066,0.03
T10017,Geology and Paleoclimatology Research,1521,1060,-461,0.0066,0.0046,-0.2
T11323,Gamma-ray bursts and supernovae,1247,1163,-84,0.0054,0.0051,-0.04
T10251,Solar and Space Plasma Dynamics,930,872,-58,0.004,0.0038,-0.02
T10744,Astrophysical Phenomena and Observations,872,871,-1,0.0038,0.0038,0.0
T10051,Asthma and respiratory diseases,741,974,233,0.0032,0.0042,0.1
T11594,Tree-ring climate responses,796,829,33,0.0035,0.0036,0.02
T10266,Plant Water Relations and Carbon Dynamics,864,711,-153,0.0037,0.0031,-0.07
T10087,Archaeology and ancient environmental studies,630,818,188,0.0027,0.0036,0.08
T10423,Neurobiology and Insect Physiology Research,764,674,-90,0.0033,0.0029,-0.04
T10330,Hydrology and Watershed Management Studies,758,660,-98,0.0033,0.0029,-0.04
T10894,Groundwater flow and contamination studies,668,684,16,0.0029,0.003,0.01
T12917,Astronomy and Astrophysical Research,706,645,-61,0.0031,0.0028,-0.03
T11484,Adaptive optics and wavefront sensing,590,742,152,0.0026,0.0032,0.07
T10487,Plant and animal studies,978,314,-664,0.0042,0.0014,-0.29
T10316,Sleep and related disorders,558,729,171,0.0024,0.0032,0.07
T10095,Cosmology and Gravitation Theories,409,867,458,0.0018,0.0038,0.2
T10009,Dementia and Cognitive Impairment Research,443,796,353,0.0019,0.0035,0.15
T10814,Neuropeptides and Animal Physiology,601,634,33,0.0026,0.0028,0.01
T10645,Cardiac Arrest and Resuscitation,646,572,-74,0.0028,0.0025,-0.03
T10882,Cardiomyopathy and Myosin Studies,674,530,-144,0.0029,0.0023,-0.06
T10005,Ecology and Vegetation Dynamics Studies,495,657,162,0.0021,0.0029,0.07
T10029,Climate variability and models,543,606,63,0.0024,0.0026,0.03
T10135,Insect-Plant Interactions and Control,521,603,82,0.0023,0.0026,0.04
T10196,Pain Mechanisms and Treatments,521,546,25,0.0023,0.0024,0.01
T10421,Pleistocene-Era Hominins and Archaeology,482,525,43,0.0021,0.0023,0.02
T11037,Fungal Infections and Studies,490,501,11,0.0021,0.0022,0.01
T10224,Quantum Chromodynamics and Particle Interactions,342,634,292,0.0015,0.0028,0.13
T10434,Chromosomal and Genetic Variations,341,631,290,0.0015,0.0027,0.13
T10015,Genomics and Phylogenetic Studies,453,469,16,0.002,0.002,0.01
T10360,Fluid Dynamics and Turbulent Flows,426,488,62,0.0018,0.0021,0.03
T10347,Atmospheric aerosols and clouds,377,533,156,0.0016,0.0023,0.07
T10143,Chronic Obstructive Pulmonary Disease (COPD) Research,393,506,113,0.0017,0.0022,0.05
T11075,Insect Resistance and Genetics,495,403,-92,0.0021,0.0018,-0.04
T10448,Memory and Neural Mechanisms,416,432,16,0.0018,0.0019,0.01
T10002,Advanced Chemical Physics Studies,460,364,-96,0.002,0.0016,-0.04
T10555,Fire effects on ecosystems,482,338,-144,0.0021,0.0015,-0.06
T10818,Astrophysics and Cosmic Phenomena,448,369,-79,0.0019,0.0016,-0.03
T10911,Chemical Synthesis and Analysis,370,439,69,0.0016,0.0019,0.03
T10093,Nuclear physics research studies,305,496,191,0.0013,0.0022,0.08
T10646,Experimental Behavioral Economics Studies,387,402,15,0.0017,0.0017,0.01
T11517,Advanced optical system design,194,594,400,0.0008,0.0026,0.17
T10254,Innovations in Medical Education,266,521,255,0.0012,0.0023,0.11
T10111,Remote Sensing in Agriculture,357,420,63,0.0015,0.0018,0.03
T10527,High-Energy Particle Collisions Research,383,393,10,0.0017,0.0017,0.0
T10969,Water resources management and optimization,399,374,-25,0.0017,0.0016,-0.01
T10716,Soil and Unsaturated Flow,330,442,112,0.0014,0.0019,0.05
T10174,Animal Behavior and Reproduction,261,508,247,0.0011,0.0022,0.11
T10060,Smoking Behavior and Cessation,320,446,126,0.0014,0.0019,0.06
T10728,Pulmonary Hypertension Research and Treatments,360,401,41,0.0016,0.0017,0.02
T10303,Photosynthetic Processes and Mechanisms,434,323,-111,0.0019,0.0014,-0.05
T10702,Insect and Arachnid Ecology and Behavior,379,375,-4,0.0016,0.0016,-0.0
T12967,Molecular Spectroscopy and Structure,264,488,224,0.0011,0.0021,0.1
T10570,Drug Transport and Resistance Mechanisms,374,374,0,0.0016,0.0016,0.0
T10677,Attachment and Relationship Dynamics,342,400,58,0.0015,0.0017,0.03
T11178,Receptor Mechanisms and Signaling,352,374,22,0.0015,0.0016,0.01
T10185,Lymphoma Diagnosis and Treatment,334,391,57,0.0014,0.0017,0.03
T10004,Soil Carbon and Nitrogen Dynamics,246,477,231,0.0011,0.0021,0.1
T10675,Mechanical Circulatory Support Devices,356,357,1,0.0015,0.0016,0.0
T11764,Evolution and Genetic Dynamics,312,391,79,0.0014,0.0017,0.03
T10234,Obstructive Sleep Apnea Research,342,361,19,0.0015,0.0016,0.01
T10465,Neurobiology of Language and Bilingualism,361,337,-24,0.0016,0.0015,-0.01
T10199,Wildlife Ecology and Conservation,341,350,9,0.0015,0.0015,0.0
T10523,Atomic and Molecular Physics,229,456,227,0.001,0.002,0.1
T10425,Cold Atom Physics and Bose-Einstein Condensates,390,289,-101,0.0017,0.0013,-0.04
T10077,Neuroscience and Neuropharmacology Research,367,308,-59,0.0016,0.0013,-0.03
T11050,Photorefractive and Nonlinear Optics,231,437,206,0.001,0.0019,0.09
T10299,Photonic and Optical Devices,444,215,-229,0.0019,0.0009,-0.1
T10012,Genetic diversity and population structure,247,408,161,0.0011,0.0018,0.07
T10730,Language Development and Disorders,289,365,76,0.0013,0.0016,0.03
T10375,Pharmacogenetics and Drug Metabolism,233,418,185,0.001,0.0018,0.08
T10020,Quantum Information and Cryptography,329,316,-13,0.0014,0.0014,-0.01
T10494,Plant Virus Research Studies,355,279,-76,0.0015,0.0012,-0.03
T10566,Laser-Matter Interactions and Applications,331,303,-28,0.0014,0.0013,-0.01
T10075,Atmospheric chemistry and aerosols,288,346,58,0.0012,0.0015,0.03
T11048,Bacteriophages and microbial interactions,339,290,-49,0.0015,0.0013,-0.02
T10265,Multilingual Education and Policy,344,281,-63,0.0015,0.0012,-0.03
T10014,Plant Stress Responses and Tolerance,231,388,157,0.001,0.0017,0.07
T11353,Venomous Animal Envenomation and Studies,291,327,36,0.0013,0.0014,0.02
T10086,Alzheimer's disease research and treatments,248,361,113,0.0011,0.0016,0.05
T10403,Phonetics and Phonology Research,267,342,75,0.0012,0.0015,0.03
T10110,earthquake and tectonic studies,357,248,-109,0.0015,0.0011,-0.05
T13388,Rangeland and Wildlife Management,321,281,-40,0.0014,0.0012,-0.02
T10463,Pulsars and Gravitational Waves Research,309,290,-19,0.0013,0.0013,-0.01
T11429,Semiconductor Lasers and Optical Devices,313,283,-30,0.0014,0.0012,-0.01
T10644,Cryospheric studies and observations,336,259,-77,0.0015,0.0011,-0.03
T10895,Species Distribution and Climate Change,443,152,-291,0.0019,0.0007,-0.13
T10466,Meteorological Phenomena and Simulations,211,381,170,0.0009,0.0017,0.07
T10441,Muscle Physiology and Disorders,201,381,180,0.0009,0.0017,0.08
T10159,Ionosphere and magnetosphere dynamics,249,332,83,0.0011,0.0014,0.04
T10178,Cancer survivorship and care,258,314,56,0.0011,0.0014,0.02
T10550,Ovarian cancer diagnosis and treatment,270,292,22,0.0012,0.0013,0.01
T10706,Traumatic Brain Injury and Neurovascular Disturbances,262,299,37,0.0011,0.0013,0.02
T10047,Financial Markets and Investment Strategies,236,324,88,0.001,0.0014,0.04
T11354,Evolution and Paleontology Studies,243,315,72,0.0011,0.0014,0.03
T10146,Cervical Cancer and HPV Research,263,291,28,0.0011,0.0013,0.01
T10710,Arsenic contamination and mitigation,262,292,30,0.0011,0.0013,0.01
T10902,Complementary and Alternative Medicine Studies,281,272,-9,0.0012,0.0012,-0.0
T10049,Magnetic properties of thin films,254,298,44,0.0011,0.0013,0.02
T10638,Optical measurement and interference techniques,219,331,112,0.0009,0.0014,0.05
T11301,Advanced Surface Polishing Techniques,271,275,4,0.0012,0.0012,0.0
T10683,Mass Spectrometry Techniques and Applications,263,282,19,0.0011,0.0012,0.01
T10081,"Auditing, Earnings Management, Governance",262,282,20,0.0011,0.0012,0.01
T11189,Transplantation: Methods and Outcomes,258,285,27,0.0011,0.0012,0.01
T10019,Corporate Finance and Governance,255,288,33,0.0011,0.0013,0.01
T10094,Epilepsy research and treatment,205,336,131,0.0009,0.0015,0.06
T10161,Rock Mechanics and Modeling,224,313,89,0.001,0.0014,0.04
T10724,Ion Transport and Channel Regulation,199,337,138,0.0009,0.0015,0.06
T10315,Decision-Making and Behavioral Economics,202,333,131,0.0009,0.0014,0.06
T11467,Trauma and Emergency Care Studies,246,285,39,0.0011,0.0012,0.02
T10072,Science Education and Pedagogy,149,379,230,0.0006,0.0016,0.1
T10407,Lipid Membrane Structure and Behavior,252,272,20,0.0011,0.0012,0.01
T10496,Pharmaceutical Practices and Patient Outcomes,361,162,-199,0.0016,0.0007,-0.09
T10482,Mathematical and Theoretical Epidemiology and Ecology Models,159,363,204,0.0007,0.0016,0.09
T10604,RNA Research and Splicing,259,260,1,0.0011,0.0011,0.0
T10918,Memory Processes and Influences,175,343,168,0.0008,0.0015,0.07
T10248,Nonlinear Waves and Solitons,164,352,188,0.0007,0.0015,0.08
T10843,Diversity and Career in Medicine,275,236,-39,0.0012,0.001,-0.02
T10427,Visual perception and processing mechanisms,182,329,147,0.0008,0.0014,0.06
T10089,Avian ecology and behavior,192,317,125,0.0008,0.0014,0.05
T10314,Social and Intergroup Psychology,245,258,13,0.0011,0.0011,0.01
T10034,"Syntax, Semantics, Linguistic Variation",150,352,202,0.0007,0.0015,0.09
T10522,Medical Imaging Techniques and Applications,283,218,-65,0.0012,0.0009,-0.03
T10217,Cardiac electrophysiology and arrhythmias,243,257,14,0.0011,0.0011,0.01
T10045,Organic Electronics and Photovoltaics,221,275,54,0.001,0.0012,0.02
T12019,Calibration and Measurement Techniques,264,228,-36,0.0011,0.001,-0.02
T11195,Simulation Techniques and Applications,244,243,-1,0.0011,0.0011,-0.0
T12134,Insect symbiosis and bacterial influences,261,226,-35,0.0011,0.001,-0.01
T10958,Ultrasound and Hyperthermia Applications,222,264,42,0.001,0.0011,0.02
T10172,Cardiac Valve Diseases and Treatments,236,248,12,0.001,0.0011,0.01
T10021,EFL/ESL Teaching and Learning,205,275,70,0.0009,0.0012,0.03
T10300,Congenital Heart Disease Studies,222,257,35,0.001,0.0011,0.02
T10576,Opioid Use Disorder Treatment,222,255,33,0.001,0.0011,0.01
T10391,Healthcare Policy and Management,248,227,-21,0.0011,0.001,-0.01
T11404,Irrigation Practices and Water Management,176,297,121,0.0008,0.0013,0.05
T10804,"Health Systems, Economic Evaluations, Quality of Life",233,239,6,0.001,0.001,0.0
T10022,Semiconductor Quantum Structures and Devices,196,274,78,0.0008,0.0012,0.03
T11414,Quantum optics and atomic interactions,143,326,183,0.0006,0.0014,0.08
T13939,Archaeology and Natural History,393,72,-321,0.0017,0.0003,-0.14
T10351,Liver Disease Diagnosis and Treatment,299,164,-135,0.0013,0.0007,-0.06
T10285,Venous Thromboembolism Diagnosis and Management,227,235,8,0.001,0.001,0.0
T10182,Child and Adolescent Psychosocial and Emotional Development,300,159,-141,0.0013,0.0007,-0.06
T10277,Vitamin D Research Studies,211,248,37,0.0009,0.0011,0.02
T10514,Numerical methods in engineering,268,190,-78,0.0012,0.0008,-0.03
T11937,Research Data Management Practices,175,282,107,0.0008,0.0012,0.05
T10381,Ophthalmology and Visual Impairment Studies,211,245,34,0.0009,0.0011,0.02
T10261,Genetic Associations and Epidemiology,204,250,46,0.0009,0.0011,0.02
T10398,Groundwater and Isotope Geochemistry,201,253,52,0.0009,0.0011,0.02
T10826,Behavioral and Psychological Studies,247,206,-41,0.0011,0.0009,-0.02
T10662,Ultrasonics and Acoustic Wave Propagation,207,246,39,0.0009,0.0011,0.02
T10108,Electoral Systems and Political Participation,178,275,97,0.0008,0.0012,0.04
T10912,Telemedicine and Telehealth Implementation,158,294,136,0.0007,0.0013,0.06
T10184,Plant Molecular Biology Research,207,243,36,0.0009,0.0011,0.02
T12050,Optical Polarization and Ellipsometry,220,230,10,0.001,0.001,0.0
T10105,Osteoarthritis Treatment and Mechanisms,220,229,9,0.001,0.001,0.0
T10098,Ruminant Nutrition and Digestive Physiology,202,247,45,0.0009,0.0011,0.02
T10416,Traumatic Brain Injury Research,206,242,36,0.0009,0.0011,0.02
T10118,SARS-CoV-2 and COVID-19 Research,191,257,66,0.0008,0.0011,0.03
T10065,Atrial Fibrillation Management and Outcomes,228,217,-11,0.001,0.0009,-0.0
T10322,Respiratory Support and Mechanisms,204,240,36,0.0009,0.001,0.02
T11477,"Epistemology, Ethics, and Metaphysics",182,261,79,0.0008,0.0011,0.03
T11588,Atmospheric and Environmental Gas Dynamics,326,114,-212,0.0014,0.0005,-0.09
T10671,Gastroesophageal reflux and treatments,210,229,19,0.0009,0.001,0.01
T10010,"Obesity, Physical Activity, Diet",263,175,-88,0.0011,0.0008,-0.04
T10392,Cutaneous Melanoma Detection and Management,189,242,53,0.0008,0.0011,0.02
T10413,High-pressure geophysics and materials,246,181,-65,0.0011,0.0008,-0.03
T10044,Protein Structure and Dynamics,125,302,177,0.0005,0.0013,0.08
T10934,Heat shock proteins research,209,218,9,0.0009,0.0009,0.0
T10787,Lightning and Electromagnetic Phenomena,191,230,39,0.0008,0.001,0.02
T11086,Parasitic Infections and Diagnostics,231,188,-43,0.001,0.0008,-0.02
T11331,Fecal contamination and water quality,101,314,213,0.0004,0.0014,0.09
T10103,Reading and Literacy Development,202,213,11,0.0009,0.0009,0.0
T10825,Plant Pathogens and Fungal Diseases,223,187,-36,0.001,0.0008,-0.02
T10317,Advanced Database Systems and Queries,151,255,104,0.0007,0.0011,0.05
T10432,DNA and Nucleic Acid Chemistry,232,173,-59,0.001,0.0008,-0.03
T10227,Acute Ischemic Stroke Management,177,227,50,0.0008,0.001,0.02
T11626,Metalloenzymes and iron-sulfur proteins,163,239,76,0.0007,0.001,0.03
T10668,Endometrial and Cervical Cancer Treatments,173,229,56,0.0008,0.001,0.02
T10837,Dermatology and Skin Diseases,147,254,107,0.0006,0.0011,0.05
T10563,Corneal surgery and disorders,192,209,17,0.0008,0.0009,0.01
T11144,melanin and skin pigmentation,175,226,51,0.0008,0.001,0.02
T11227,Diabetic Foot Ulcer Assessment and Management,213,187,-26,0.0009,0.0008,-0.01
T10622,Quantum Mechanics and Applications,193,205,12,0.0008,0.0009,0.01
T12157,Geochemistry and Geologic Mapping,357,41,-316,0.0015,0.0002,-0.14
T11465,Drug-Induced Hepatotoxicity and Protection,150,246,96,0.0007,0.0011,0.04
T12236,Photoreceptor and optogenetics research,249,147,-102,0.0011,0.0006,-0.04
T10718,Political Philosophy and Ethics,185,210,25,0.0008,0.0009,0.01
T10839,Pancreatic function and diabetes,200,193,-7,0.0009,0.0008,-0.0
T11894,Radiology practices and education,187,206,19,0.0008,0.0009,0.01
T10821,Cardiovascular Function and Risk Factors,208,185,-23,0.0009,0.0008,-0.01
T10451,Mycorrhizal Fungi and Plant Interactions,298,94,-204,0.0013,0.0004,-0.09
T10166,Mosquito-borne diseases and control,205,185,-20,0.0009,0.0008,-0.01
T10193,Coronary Interventions and Diagnostics,156,233,77,0.0007,0.001,0.03
T11738,Ultrasound in Clinical Applications,164,225,61,0.0007,0.001,0.03
T11056,Physiological and biochemical adaptations,164,223,59,0.0007,0.001,0.03
T10061,Algebraic Geometry and Number Theory,205,181,-24,0.0009,0.0008,-0.01
T10198,Heart Failure Treatment and Management,177,208,31,0.0008,0.0009,0.01
T10358,Advanced Radiotherapy Techniques,144,241,97,0.0006,0.001,0.04
T10591,Theoretical and Computational Physics,220,165,-55,0.001,0.0007,-0.02
T10506,Aquaculture disease management and microbiota,68,317,249,0.0003,0.0014,0.11
T10348,"Indigenous Health, Education, and Rights",129,253,124,0.0006,0.0011,0.05
T10830,Airway Management and Intubation Techniques,202,180,-22,0.0009,0.0008,-0.01
T11118,Evolutionary Psychology and Human Behavior,193,188,-5,0.0008,0.0008,-0.0
T10337,Liver Disease and Transplantation,191,190,-1,0.0008,0.0008,-0.0
T10031,T-cell and B-cell Immunology,117,264,147,0.0005,0.0011,0.06
T11187,Nonlinear Dynamics and Pattern Formation,226,155,-71,0.001,0.0007,-0.03
T12521,Death Anxiety and Social Exclusion,194,186,-8,0.0008,0.0008,-0.0
T11306,Nonmelanoma Skin Cancer Studies,168,212,44,0.0007,0.0009,0.02
T10190,Air Quality and Health Impacts,240,138,-102,0.001,0.0006,-0.04
T10436,Anesthesia and Sedative Agents,134,243,109,0.0006,0.0011,0.05
T10378,Advanced MRI Techniques and Applications,171,203,32,0.0007,0.0009,0.01
T10665,Cystic Fibrosis Research Advances,186,180,-6,0.0008,0.0008,-0.0
T11320,Atmospheric Ozone and Climate,274,89,-185,0.0012,0.0004,-0.08
T10232,Optical Network Technologies,222,140,-82,0.001,0.0006,-0.04
T10649,Multiple Myeloma Research and Treatments,176,186,10,0.0008,0.0008,0.0
T10414,Cannabis and Cannabinoid Research,191,170,-21,0.0008,0.0007,-0.01
T10043,Substance Abuse Treatment and Outcomes,131,230,99,0.0006,0.001,0.04
T10988,Advanced Fiber Laser Technologies,282,78,-204,0.0012,0.0003,-0.09
T10332,Amphibian and Reptile Biology,196,164,-32,0.0008,0.0007,-0.01
T11924,Polyamine Metabolism and Applications,186,174,-12,0.0008,0.0008,-0.01
T11252,Evolutionary Game Theory and Cooperation,231,128,-103,0.001,0.0006,-0.04
T10956,Fullerene Chemistry and Applications,188,171,-17,0.0008,0.0007,-0.01
T10112,HIV Research and Treatment,160,198,38,0.0007,0.0009,0.02
T10619,Esophageal Cancer Research and Treatment,179,179,0,0.0008,0.0008,0.0
T10123,DNA Repair Mechanisms,171,187,16,0.0007,0.0008,0.01
T10699,Primate Behavior and Ecology,185,171,-14,0.0008,0.0007,-0.01
T10498,Migraine and Headache Studies,167,186,19,0.0007,0.0008,0.01
T10269,Epigenetics and DNA Methylation,161,191,30,0.0007,0.0008,0.01
T10970,Team Dynamics and Performance,175,176,1,0.0008,0.0008,0.0
T11332,"Genomics, phytochemicals, and oxidative stress",196,155,-41,0.0008,0.0007,-0.02
T10965,Geological formations and processes,121,230,109,0.0005,0.001,0.05
T11468,Genetic Mapping and Diversity in Plants and Animals,178,172,-6,0.0008,0.0007,-0.0
T10085,Parkinson's Disease Mechanisms and Treatments,150,200,50,0.0007,0.0009,0.02
T10292,Acute Myocardial Infarction Research,147,203,56,0.0006,0.0009,0.02
T10066,Gut microbiota and health,171,175,4,0.0007,0.0008,0.0
T11723,Optical Coatings and Gratings,181,165,-16,0.0008,0.0007,-0.01
T10041,COVID-19 Clinical Research Studies,149,196,47,0.0006,0.0009,0.02
T10258,Philosophy and Theoretical Science,143,201,58,0.0006,0.0009,0.03
T10120,Bacterial Genetics and Biotechnology,96,246,150,0.0004,0.0011,0.07
T10908,Analytical Chemistry and Chromatography,207,135,-72,0.0009,0.0006,-0.03
T11013,Skin Protection and Aging,153,188,35,0.0007,0.0008,0.02
T10042,Neural and Behavioral Psychology Studies,163,178,15,0.0007,0.0008,0.01
T10071,Bone health and osteoporosis research,146,195,49,0.0006,0.0008,0.02
T12243,Research in Cotton Cultivation,217,123,-94,0.0009,0.0005,-0.04
T10156,"LGBTQ Health, Identity, and Policy",167,173,6,0.0007,0.0008,0.0
T13970,Pharmacy and Medical Practices,37,302,265,0.0002,0.0013,0.12
T10144,Blood Pressure and Hypertension Studies,134,203,69,0.0006,0.0009,0.03
T10552,Colorectal Cancer Screening and Detection,165,172,7,0.0007,0.0007,0.0
T11288,Clostridium difficile and Clostridium perfringens research,172,164,-8,0.0007,0.0007,-0.0
T10926,Peripheral Artery Disease Management,171,164,-7,0.0007,0.0007,-0.0
T10678,Inflammatory mediators and NSAID effects,172,163,-9,0.0007,0.0007,-0.0
T10751,Forensic and Genetic Research,140,191,51,0.0006,0.0008,0.02
T10267,Higher Education Research Studies,164,167,3,0.0007,0.0007,0.0
T11913,Animal Ecology and Behavior Studies,232,98,-134,0.001,0.0004,-0.06
T10866,Nutritional Studies and Diet,156,174,18,0.0007,0.0008,0.01
T11266,Neuroinflammation and Neurodegeneration Mechanisms,189,140,-49,0.0008,0.0006,-0.02
T10069,Antenna Design and Analysis,147,180,33,0.0006,0.0008,0.01
T10981,Cytomegalovirus and herpesvirus research,180,146,-34,0.0008,0.0006,-0.01
T10177,Palliative Care and End-of-Life Issues,136,190,54,0.0006,0.0008,0.02
T10206,Meta-analysis and systematic reviews,143,181,38,0.0006,0.0008,0.02
T11872,Barrier Structure and Function Studies,99,224,125,0.0004,0.001,0.05
T10342,Circadian rhythm and melatonin,149,174,25,0.0006,0.0008,0.01
T10581,Neural dynamics and brain function,214,107,-107,0.0009,0.0005,-0.05
T10445,Antioxidant Activity and Oxidative Stress,168,153,-15,0.0007,0.0007,-0.01
T11384,Critical Race Theory in Education,136,182,46,0.0006,0.0008,0.02
T10985,Sleep and Wakefulness Research,200,118,-82,0.0009,0.0005,-0.04
T10863,Voice and Speech Disorders,145,172,27,0.0006,0.0007,0.01
T11869,Per- and polyfluoroalkyl substances research,157,160,3,0.0007,0.0007,0.0
T10130,Mathematics Education and Teaching Techniques,115,202,87,0.0005,0.0009,0.04
T11312,Soil Moisture and Remote Sensing,157,159,2,0.0007,0.0007,0.0
T10490,Orbital Angular Momentum in Optics,168,148,-20,0.0007,0.0006,-0.01
T11321,Error Correcting Code Techniques,142,174,32,0.0006,0.0008,0.01
T10250,Glaucoma and retinal disorders,148,168,20,0.0006,0.0007,0.01
T10737,Health Literacy and Information Accessibility,132,184,52,0.0006,0.0008,0.02
T13404,Geological and Tectonic Studies in Latin America,86,229,143,0.0004,0.001,0.06
T11209,Cardiovascular and exercise physiology,102,213,111,0.0004,0.0009,0.05
T10582,Ethics in Clinical Research,135,180,45,0.0006,0.0008,0.02
T10037,Physics of Superconductivity and Magnetism,144,170,26,0.0006,0.0007,0.01
T10577,Hydrology and Sediment Transport Processes,161,152,-9,0.0007,0.0007,-0.0
T10301,Mitochondrial Function and Pathology,159,154,-5,0.0007,0.0007,-0.0
T11791,Microbial Community Ecology and Physiology,200,113,-87,0.0009,0.0005,-0.04
T10280,Shoulder Injury and Treatment,164,147,-17,0.0007,0.0006,-0.01
T10155,Nitric Oxide and Endothelin Effects,183,127,-56,0.0008,0.0006,-0.02
T11111,Spectroscopy and Laser Applications,220,90,-130,0.001,0.0004,-0.06
T10572,Geophysical and Geoelectrical Methods,152,158,6,0.0007,0.0007,0.0
T11177,Spectroscopy and Quantum Chemical Studies,218,91,-127,0.0009,0.0004,-0.05
T11635,Poisoning and overdose treatments,123,186,63,0.0005,0.0008,0.03
T10544,Glass properties and applications,132,176,44,0.0006,0.0008,0.02
T10535,Landslides and related hazards,184,121,-63,0.0008,0.0005,-0.03
T10008,Teacher Education and Leadership Studies,147,158,11,0.0006,0.0007,0.0
T10831,Cell Adhesion Molecules Research,176,129,-47,0.0008,0.0006,-0.02
T11408,Advanced Optical Imaging Technologies,148,156,8,0.0006,0.0007,0.0
T11043,Merger and Competition Analysis,108,195,87,0.0005,0.0008,0.04
T11182,Auction Theory and Applications,170,133,-37,0.0007,0.0006,-0.02
T10903,Porphyrin and Phthalocyanine Chemistry,132,169,37,0.0006,0.0007,0.02
T10211,Computational Drug Discovery Methods,152,149,-3,0.0007,0.0006,-0.0
T11116,"Trauma, Hemostasis, Coagulopathy, Resuscitation",169,131,-38,0.0007,0.0006,-0.02
T12268,Deception detection and forensic psychology,151,149,-2,0.0007,0.0006,-0.0
T10235,Health disparities and outcomes,160,139,-21,0.0007,0.0006,-0.01
T11087,Solidification and crystal growth phenomena,118,180,62,0.0005,0.0008,0.03
T10350,Electronic Health Records Systems,120,176,56,0.0005,0.0008,0.02
T10580,Immunotherapy and Immune Responses,156,139,-17,0.0007,0.0006,-0.01
T12084,Synthesis and properties of polymers,172,123,-49,0.0007,0.0005,-0.02
T10493,Ion channel regulation and function,149,146,-3,0.0006,0.0006,-0.0
T10748,Growth Hormone and Insulin-like Growth Factors,134,160,26,0.0006,0.0007,0.01
T11922,Cardiovascular Effects of Exercise,166,128,-38,0.0007,0.0006,-0.02
T11403,Invertebrate Immune Response Mechanisms,235,58,-177,0.001,0.0003,-0.08
T11721,Blood properties and coagulation,111,182,71,0.0005,0.0008,0.03
T10556,Global Cancer Incidence and Screening,167,126,-41,0.0007,0.0005,-0.02
T10231,Pancreatic and Hepatic Oncology Research,144,148,4,0.0006,0.0006,0.0
T11469,Lymphatic System and Diseases,138,154,16,0.0006,0.0007,0.01
T10372,Cardiac Imaging and Diagnostics,151,141,-10,0.0007,0.0006,-0.0
T11217,Cardiac Arrhythmias and Treatments,150,142,-8,0.0007,0.0006,-0.0
T10054,Parallel Computing and Optimization Techniques,151,139,-12,0.0007,0.0006,-0.01
T11680,Advanced Algebra and Geometry,98,192,94,0.0004,0.0008,0.04
T10784,Muscle activation and electromyography studies,149,141,-8,0.0006,0.0006,-0.0
T10833,Vaccine Coverage and Hesitancy,139,151,12,0.0006,0.0007,0.01
T10652,Racial and Ethnic Identity Research,135,154,19,0.0006,0.0007,0.01
T11294,Infant Nutrition and Health,132,157,25,0.0006,0.0007,0.01
T10226,Land Use and Ecosystem Services,142,147,5,0.0006,0.0006,0.0
T10252,Microbial Natural Products and Biosynthesis,112,177,65,0.0005,0.0008,0.03
T10241,Functional Brain Connectivity Studies,180,108,-72,0.0008,0.0005,-0.03
T10297,Philosophical Ethics and Theory,75,213,138,0.0003,0.0009,0.06
T10345,Hematopoietic Stem Cell Transplantation,105,183,78,0.0005,0.0008,0.03
T10790,Heavy Metal Exposure and Toxicity,103,183,80,0.0004,0.0008,0.03
T11480,Connexins and lens biology,165,120,-45,0.0007,0.0005,-0.02
T10694,Menopause: Health Impacts and Treatments,122,163,41,0.0005,0.0007,0.02
T10352,Physical Activity and Health,78,207,129,0.0003,0.0009,0.06
T10302,Fish Ecology and Management Studies,178,106,-72,0.0008,0.0005,-0.03
T11449,Mechanical and Optical Resonators,177,107,-70,0.0008,0.0005,-0.03
T10129,Glioma Diagnosis and Treatment,124,159,35,0.0005,0.0007,0.02
T11234,Precipitation Measurement and Analysis,109,174,65,0.0005,0.0008,0.03
T10597,Nuclear reactor physics and engineering,119,163,44,0.0005,0.0007,0.02
T10916,Surgical Simulation and Training,144,138,-6,0.0006,0.0006,-0.0
T10631,"Cancer, Hypoxia, and Metabolism",172,110,-62,0.0007,0.0005,-0.03
T10467,Psychometric Methodologies and Testing,60,221,161,0.0003,0.001,0.07
T10170,Retinal Diseases and Treatments,116,165,49,0.0005,0.0007,0.02
T10109,Paleontology and Stratigraphy of Fossils,96,185,89,0.0004,0.0008,0.04
T10189,Anesthesia and Pain Management,124,157,33,0.0005,0.0007,0.01
T10139,Heavy metals in environment,103,177,74,0.0004,0.0008,0.03
T13864,Indigenous Cultures and History,16,264,248,0.0001,0.0011,0.11
T10521,RNA and protein synthesis mechanisms,167,113,-54,0.0007,0.0005,-0.02
T11636,Artificial Intelligence in Healthcare and Education,130,149,19,0.0006,0.0006,0.01
T10268,Developmental Biology and Gene Regulation,79,197,118,0.0003,0.0009,0.05
T10038,Tuberculosis Research and Epidemiology,117,157,40,0.0005,0.0007,0.02
T10056,Neurotransmitter Receptor Influence on Behavior,108,166,58,0.0005,0.0007,0.03
T10793,Diabetes Management and Education,130,144,14,0.0006,0.0006,0.01
T11152,Stochastic processes and statistical mechanics,109,164,55,0.0005,0.0007,0.02
T11315,Phase-change materials and chalcogenides,152,120,-32,0.0007,0.0005,-0.01
T10698,Transportation Planning and Optimization,130,142,12,0.0006,0.0006,0.01
T10106,Autism Spectrum Disorder Research,138,134,-4,0.0006,0.0006,-0.0
T10334,"Hearing, Cochlea, Tinnitus, Genetics",104,168,64,0.0005,0.0007,0.03
T10799,Data Visualization and Analytics,126,146,20,0.0005,0.0006,0.01
T10379,Cellular Mechanics and Interactions,120,151,31,0.0005,0.0007,0.01
T10373,Renal Transplantation Outcomes and Treatments,130,140,10,0.0006,0.0006,0.0
T12383,Aeolian processes and effects,134,136,2,0.0006,0.0006,0.0
T10913,Molecular Junctions and Nanostructures,202,67,-135,0.0009,0.0003,-0.06
T10546,Higher Education Governance and Development,117,152,35,0.0005,0.0007,0.02
T10150,Antifungal resistance and susceptibility,123,146,23,0.0005,0.0006,0.01
T10076,Plant-Microbe Interactions and Immunity,89,179,90,0.0004,0.0008,0.04
T12242,Latin American and Latino Studies,149,119,-30,0.0006,0.0005,-0.01
T11011,Frailty in Older Adults,132,135,3,0.0006,0.0006,0.0
T10283,Hearing Loss and Rehabilitation,137,130,-7,0.0006,0.0006,-0.0
T10412,Microfluidic and Capillary Electrophoresis Applications,111,156,45,0.0005,0.0007,0.02
T10930,Flood Risk Assessment and Management,128,138,10,0.0006,0.0006,0.0
T10472,Semiconductor materials and devices,161,105,-56,0.0007,0.0005,-0.02
T10976,Viral gastroenteritis research and epidemiology,208,57,-151,0.0009,0.0002,-0.07
T10169,Protein Kinase Regulation and GTPase Signaling,77,188,111,0.0003,0.0008,0.05
T13177,Geological and Geophysical Studies,52,212,160,0.0002,0.0009,0.07
T10520,Mycotoxins in Agriculture and Food,124,139,15,0.0005,0.0006,0.01
T10167,Influenza Virus Research Studies,126,137,11,0.0005,0.0006,0.0
T10849,Finite Group Theory Research,116,147,31,0.0005,0.0006,0.01
T10549,Neonatal Respiratory Health Research,197,65,-132,0.0009,0.0003,-0.06
T10485,"Bullying, Victimization, and Aggression",132,129,-3,0.0006,0.0006,-0.0
T10630,Orthopedic Surgery and Rehabilitation,155,106,-49,0.0007,0.0005,-0.02
T12612,Strong Light-Matter Interactions,134,126,-8,0.0006,0.0005,-0.0
T10756,Estrogen and related hormone effects,145,115,-30,0.0006,0.0005,-0.01
T11044,Particle Detector Development and Performance,72,188,116,0.0003,0.0008,0.05
T11629,"Birth, Development, and Health",174,86,-88,0.0008,0.0004,-0.04
T10082,HIV/AIDS Research and Interventions,115,144,29,0.0005,0.0006,0.01
T10928,Probabilistic and Robust Engineering Design,156,103,-53,0.0007,0.0004,-0.02
T12168,Health and Medical Research Impacts,148,111,-37,0.0006,0.0005,-0.02
T11129,Photochemistry and Electron Transfer Studies,118,140,22,0.0005,0.0006,0.01
T10380,Intimate Partner and Family Violence,127,131,4,0.0006,0.0006,0.0
T10795,Healthcare professionals’ stress and burnout,117,141,24,0.0005,0.0006,0.01
T10529,Stress Responses and Cortisol,152,105,-47,0.0007,0.0005,-0.02
T12094,Hemoglobin structure and function,150,107,-43,0.0007,0.0005,-0.02
T11279,Lanthanide and Transition Metal Complexes,149,108,-41,0.0006,0.0005,-0.02
T12005,Spaceflight effects on biology,119,137,18,0.0005,0.0006,0.01
T10641,Central Venous Catheters and Hemodialysis,131,125,-6,0.0006,0.0005,-0.0
T10238,Spine and Intervertebral Disc Pathology,123,132,9,0.0005,0.0006,0.0
T10385,Plant Diversity and Evolution,94,161,67,0.0004,0.0007,0.03
T11228,Bat Biology and Ecology Studies,138,117,-21,0.0006,0.0005,-0.01
T10346,Magnetic confinement fusion research,222,32,-190,0.001,0.0001,-0.08
T12365,Effects of Environmental Stressors on Livestock,137,117,-20,0.0006,0.0005,-0.01
T10745,Heart Rate Variability and Autonomic Control,154,100,-54,0.0007,0.0004,-0.02
T10889,Soil erosion and sediment transport,112,142,30,0.0005,0.0006,0.01
T10263,Eating Disorders and Behaviors,132,121,-11,0.0006,0.0005,-0.0
T10119,Sustainability and Climate Change Governance,90,163,73,0.0004,0.0007,0.03
T10489,Regulation of Appetite and Obesity,139,114,-25,0.0006,0.0005,-0.01
T10218,Sepsis Diagnosis and Treatment,105,148,43,0.0005,0.0006,0.02
T11786,Geomagnetism and Paleomagnetism Studies,133,120,-13,0.0006,0.0005,-0.01
T11082,Spacecraft Dynamics and Control,83,169,86,0.0004,0.0007,0.04
T10517,"Financial Literacy, Pension, Retirement Analysis",119,132,13,0.0005,0.0006,0.01
T12467,Rangeland Management and Livestock Ecology,114,137,23,0.0005,0.0006,0.01
T10598,Cardiac pacing and defibrillation studies,123,128,5,0.0005,0.0006,0.0
T10518,Gallbladder and Bile Duct Disorders,113,138,25,0.0005,0.0006,0.01
T11641,Insect and Pesticide Research,173,78,-95,0.0008,0.0003,-0.04
T12283,Latin American history and culture,105,145,40,0.0005,0.0006,0.02
T10919,Neurological disorders and treatments,145,105,-40,0.0006,0.0005,-0.02
T11071,Treatment of Major Depression,118,132,14,0.0005,0.0006,0.01
T10295,Plasmonic and Surface Plasmon Research,90,160,70,0.0004,0.0007,0.03
T11095,Emergency and Acute Care Studies,144,106,-38,0.0006,0.0005,-0.02
T10915,Trace Elements in Health,159,89,-70,0.0007,0.0004,-0.03
T10158,Cancer Immunotherapy and Biomarkers,117,130,13,0.0005,0.0006,0.01
T10585,Family Dynamics and Relationships,85,162,77,0.0004,0.0007,0.03
T11220,Water Systems and Optimization,135,112,-23,0.0006,0.0005,-0.01
T10841,Economic and Environmental Valuation,159,87,-72,0.0007,0.0004,-0.03
T11434,Electrochemical Analysis and Applications,180,66,-114,0.0008,0.0003,-0.05
T13500,Probability and Statistical Research,10,235,225,0.0,0.001,0.1
T10846,Photonic Crystal and Fiber Optics,86,158,72,0.0004,0.0007,0.03
T10064,Complex Network Analysis Techniques,124,119,-5,0.0005,0.0005,-0.0
T10028,Topic Modeling,120,123,3,0.0005,0.0005,0.0
T10862,AI in cancer detection,111,132,21,0.0005,0.0006,0.01
T10418,Pelvic floor disorders treatments,137,105,-32,0.0006,0.0005,-0.01
T12788,Space Science and Extraterrestrial Life,125,116,-9,0.0005,0.0005,-0.0
T10557,Social Media and Politics,179,62,-117,0.0008,0.0003,-0.05
T10595,Medieval Literature and History,60,181,121,0.0003,0.0008,0.05
T12196,Community Health and Development,121,118,-3,0.0005,0.0005,-0.0
T11000,Infection Control in Healthcare,82,157,75,0.0004,0.0007,0.03
T11541,Neuroendocrine regulation and behavior,176,62,-114,0.0008,0.0003,-0.05
T10387,Fatty Acid Research and Health,121,117,-4,0.0005,0.0005,-0.0
T10780,Reliability and Maintenance Optimization,76,161,85,0.0003,0.0007,0.04
T11884,Redox biology and oxidative stress,91,146,55,0.0004,0.0006,0.02
T12267,Diet and metabolism studies,207,30,-177,0.0009,0.0001,-0.08
T11548,Sexual Assault and Victimization Studies,120,117,-3,0.0005,0.0005,-0.0
T10977,Optical Imaging and Spectroscopy Techniques,78,159,81,0.0003,0.0007,0.04
T11214,Human-Animal Interaction Studies,120,117,-3,0.0005,0.0005,-0.0
T10433,Carcinogens and Genotoxicity Assessment,118,119,1,0.0005,0.0005,0.0
T10084,Musculoskeletal pain and rehabilitation,124,112,-12,0.0005,0.0005,-0.01
T10739,Electromagnetic Scattering and Analysis,88,148,60,0.0004,0.0006,0.03
T10771,Wound Healing and Treatments,101,135,34,0.0004,0.0006,0.01
T10092,Organometallic Complex Synthesis and Catalysis,104,130,26,0.0005,0.0006,0.01
T10785,Economic Theory and Institutions,100,134,34,0.0004,0.0006,0.01
T12073,Isotope Analysis in Ecology,186,47,-139,0.0008,0.0002,-0.06
T11914,PARP inhibition in cancer therapy,129,104,-25,0.0006,0.0005,-0.01
T10383,"Language, Discourse, Communication Strategies",141,91,-50,0.0006,0.0004,-0.02
T11207,Alcohol Consumption and Health Effects,112,120,8,0.0005,0.0005,0.0
T12836,History and Developments in Astronomy,157,75,-82,0.0007,0.0003,-0.04
T10540,Advanced Fluorescence Microscopy Techniques,120,112,-8,0.0005,0.0005,-0.0
T11065,Insect Pest Control Strategies,58,173,115,0.0003,0.0008,0.05
T12329,Hemiptera Insect Studies,74,157,83,0.0003,0.0007,0.04
T11456,Neuroscience of respiration and sleep,143,88,-55,0.0006,0.0004,-0.02
T11930,"Cardiac, Anesthesia and Surgical Outcomes",182,48,-134,0.0008,0.0002,-0.06
T10401,Diabetes Treatment and Management,122,107,-15,0.0005,0.0005,-0.01
T10102,scientometrics and bibliometrics research,78,151,73,0.0003,0.0007,0.03
T10945,Lysosomal Storage Disorders Research,106,123,17,0.0005,0.0005,0.01
T10245,Metamaterials and Metasurfaces Applications,92,136,44,0.0004,0.0006,0.02
T11986,Scientific Computing and Data Management,150,78,-72,0.0007,0.0003,-0.03
T12355,Genetic and rare skin diseases.,89,139,50,0.0004,0.0006,0.02
T11960,Relativity and Gravitational Theory,74,153,79,0.0003,0.0007,0.03
T11388,"Grief, Bereavement, and Mental Health",124,102,-22,0.0005,0.0004,-0.01
T11868,Cancer and Skin Lesions,123,103,-20,0.0005,0.0004,-0.01
T11559,Retinoids in leukemia and cellular processes,151,75,-76,0.0007,0.0003,-0.03
T11755,Transboundary Water Resource Management,101,125,24,0.0004,0.0005,0.01
T10778,Philosophy and History of Science,103,123,20,0.0004,0.0005,0.01
T10560,Diabetes Management and Research,123,102,-21,0.0005,0.0004,-0.01
T10878,CRISPR and Genetic Engineering,132,92,-40,0.0006,0.0004,-0.02
T10197,Membrane Separation Technologies,107,117,10,0.0005,0.0005,0.0
T10309,Acute Myeloid Leukemia Research,114,110,-4,0.0005,0.0005,-0.0
T10025,Black Holes and Theoretical Physics,126,97,-29,0.0005,0.0004,-0.01
T10684,Acute Kidney Injury Research,60,163,103,0.0003,0.0007,0.04
T11436,Entomopathogenic Microorganisms in Pest Control,107,114,7,0.0005,0.0005,0.0
T10213,Public Policy and Administration Research,66,154,88,0.0003,0.0007,0.04
T10324,Microbial bioremediation and biosurfactants,93,127,34,0.0004,0.0006,0.01
T10214,Psychotherapy Techniques and Applications,115,105,-10,0.0005,0.0005,-0.0
T10318,Criminal Justice and Corrections Analysis,102,118,16,0.0004,0.0005,0.01
T12755,Legal Education and Practice Innovations,111,108,-3,0.0005,0.0005,-0.0
T10126,"Logic, programming, and type systems",60,159,99,0.0003,0.0007,0.04
T11677,Congenital heart defects research,114,105,-9,0.0005,0.0005,-0.0
T11611,Cyclopropane Reaction Mechanisms,114,105,-9,0.0005,0.0005,-0.0
T12837,American Environmental and Regional History,134,85,-49,0.0006,0.0004,-0.02
T10053,International Relations and Foreign Policy,70,148,78,0.0003,0.0006,0.03
T10394,Lipoproteins and Cardiovascular Health,110,108,-2,0.0005,0.0005,-0.0
T10516,Parathyroid Disorders and Treatments,113,105,-8,0.0005,0.0005,-0.0
T10114,"Balance, Gait, and Falls Prevention",106,112,6,0.0005,0.0005,0.0
T11575,Nonlinear Photonic Systems,112,106,-6,0.0005,0.0005,-0.0
T12264,Tissue Engineering and Regenerative Medicine,96,122,26,0.0004,0.0005,0.01
T12137,Economic theories and models,161,57,-104,0.0007,0.0002,-0.05
T11520,Advanced Thermodynamics and Statistical Mechanics,156,62,-94,0.0007,0.0003,-0.04
T10422,Angiogenesis and VEGF in Cancer,114,103,-11,0.0005,0.0004,-0.0
T11809,Advanced NMR Techniques and Applications,70,147,77,0.0003,0.0006,0.03
T12473,Pacific and Southeast Asian Studies,135,82,-53,0.0006,0.0004,-0.02
T10183,Breast Cancer Treatment Studies,88,129,41,0.0004,0.0006,0.02
T12248,Water Governance and Infrastructure,94,123,29,0.0004,0.0005,0.01
T10152,Animal Nutrition and Physiology,111,105,-6,0.0005,0.0005,-0.0
T10200,Rheumatoid Arthritis Research and Therapies,87,129,42,0.0004,0.0006,0.02
T10682,Quantum Computing Algorithms and Architecture,106,110,4,0.0005,0.0005,0.0
T10364,Reproductive Biology and Fertility,91,125,34,0.0004,0.0005,0.01
T11840,Pain Management and Treatment,94,121,27,0.0004,0.0005,0.01
T10762,"Migration, Health and Trauma",146,69,-77,0.0006,0.0003,-0.03
T10453,Maternal and Perinatal Health Interventions,88,125,37,0.0004,0.0005,0.02
T11016,Monoclonal and Polyclonal Antibodies Research,154,59,-95,0.0007,0.0003,-0.04
T11161,Consumer Market Behavior and Pricing,139,74,-65,0.0006,0.0003,-0.03
T11710,Biomedical Text Mining and Ontologies,121,92,-29,0.0005,0.0004,-0.01
T10471,Climate Change Policy and Economics,102,111,9,0.0004,0.0005,0.0
T10492,Microtubule and mitosis dynamics,116,97,-19,0.0005,0.0004,-0.01
T10708,Mindfulness and Compassion Interventions,103,110,7,0.0004,0.0005,0.0
T11683,Quantum and Classical Electrodynamics,51,161,110,0.0002,0.0007,0.05
T11772,Genetics and Neurodevelopmental Disorders,95,117,22,0.0004,0.0005,0.01
T11610,Food Security and Health in Diverse Populations,139,72,-67,0.0006,0.0003,-0.03
T11405,Geophysics and Gravity Measurements,157,54,-103,0.0007,0.0002,-0.04
T11425,Diverse Music Education Insights,78,132,54,0.0003,0.0006,0.02
T10013,Asymmetric Synthesis and Catalysis,56,154,98,0.0002,0.0007,0.04
T12904,Diverse Educational Innovations Studies,143,67,-76,0.0006,0.0003,-0.03
T10006,Job Satisfaction and Organizational Behavior,87,123,36,0.0004,0.0005,0.02
T11091,Extraction and Separation Processes,96,113,17,0.0004,0.0005,0.01
T10524,Traffic control and management,72,137,65,0.0003,0.0006,0.03
T11295,Counseling Practices and Supervision,103,106,3,0.0004,0.0005,0.0
T10279,Urinary Bladder and Prostate Research,80,129,49,0.0003,0.0006,0.02
T11090,Dark Matter and Cosmic Phenomena,120,89,-31,0.0005,0.0004,-0.01
T10588,Mathematical Dynamics and Fractals,72,136,64,0.0003,0.0006,0.03
T10298,Urban Transport and Accessibility,135,73,-62,0.0006,0.0003,-0.03
T10569,Bariatric Surgery and Outcomes,96,112,16,0.0004,0.0005,0.01
T12179,Art Education and Development,105,103,-2,0.0005,0.0004,-0.0
T10835,Carbohydrate Chemistry and Synthesis,105,103,-2,0.0005,0.0004,-0.0
T11854,Laser-induced spectroscopy and plasma,107,100,-7,0.0005,0.0004,-0.0
T10376,Suicide and Self-Harm Studies,82,125,43,0.0004,0.0005,0.02
T10574,Crime Patterns and Interventions,91,116,25,0.0004,0.0005,0.01
T10543,Prostate Cancer Treatment and Research,92,115,23,0.0004,0.0005,0.01
T11031,Game Theory and Applications,78,128,50,0.0003,0.0006,0.02
T10253,Sarcoma Diagnosis and Treatment,96,110,14,0.0004,0.0005,0.01
T10420,Intracranial Aneurysms: Treatment and Complications,107,99,-8,0.0005,0.0004,-0.0
T10816,Cerebrovascular and Carotid Artery Diseases,114,92,-22,0.0005,0.0004,-0.01
T11244,Climate Change and Health Impacts,141,64,-77,0.0006,0.0003,-0.03
T11393,Biosensors and Analytical Detection,86,119,33,0.0004,0.0005,0.01
T12279,Body Composition Measurement Techniques,104,101,-3,0.0005,0.0004,-0.0
T11186,Hydrology and Drought Analysis,84,121,37,0.0004,0.0005,0.02
T12822,Turfgrass Adaptation and Management,116,88,-28,0.0005,0.0004,-0.01
T10162,Online and Blended Learning,102,102,0,0.0004,0.0004,0.0
T10405,Advanced Polymer Synthesis and Characterization,37,167,130,0.0002,0.0007,0.06
T10855,Amyotrophic Lateral Sclerosis Research,104,100,-4,0.0005,0.0004,-0.0
T13445,American Constitutional Law and Politics,142,61,-81,0.0006,0.0003,-0.04
T11235,Statistical Methods in Clinical Trials,75,128,53,0.0003,0.0006,0.02
T10509,"Religion, Spirituality, and Psychology",101,101,0,0.0004,0.0004,0.0
T10419,Pharmaceutical and Antibiotic Environmental Impacts,110,92,-18,0.0005,0.0004,-0.01
T10124,Prostate Cancer Diagnosis and Treatment,104,98,-6,0.0005,0.0004,-0.0
T10320,Neural Networks and Applications,145,57,-88,0.0006,0.0002,-0.04
T10327,Adolescent Sexual and Reproductive Health,97,104,7,0.0004,0.0005,0.0
T10202,Lung Cancer Diagnosis and Treatment,92,109,17,0.0004,0.0005,0.01
T13283,Mental Health Research Topics,146,55,-91,0.0006,0.0002,-0.04
T11758,Organic and Molecular Conductors Research,103,98,-5,0.0004,0.0004,-0.0
T10023,Schizophrenia research and treatment,74,127,53,0.0003,0.0006,0.02
T10410,COVID-19 epidemiological studies,115,86,-29,0.0005,0.0004,-0.01
T11446,Mobile Health and mHealth Applications,87,114,27,0.0004,0.0005,0.01
T10960,Hypothalamic control of reproductive hormones,66,134,68,0.0003,0.0006,0.03
T11620,Medication Adherence and Compliance,83,117,34,0.0004,0.0005,0.01
T10428,Reproductive tract infections research,92,108,16,0.0004,0.0005,0.01
T10853,"Anxiety, Depression, Psychometrics, Treatment, Cognitive Processes",77,123,46,0.0003,0.0005,0.02
T10307,Head and Neck Cancer Studies,97,102,5,0.0004,0.0004,0.0
T10999,Organ Transplantation Techniques and Outcomes,103,96,-7,0.0004,0.0004,-0.0
T10070,Political Conflict and Governance,82,117,35,0.0004,0.0005,0.02
T10173,Computational Fluid Dynamics and Aerodynamics,83,116,33,0.0004,0.0005,0.01
T11569,Optical Coherence Tomography Applications,108,91,-17,0.0005,0.0004,-0.01
T11633,Prenatal Substance Exposure Effects,102,97,-5,0.0004,0.0004,-0.0
T10611,Organic Light-Emitting Diodes Research,86,113,27,0.0004,0.0005,0.01
T10617,Cellular transport and secretion,89,109,20,0.0004,0.0005,0.01
T10990,Infection Control and Ventilation,136,62,-74,0.0006,0.0003,-0.03
T10973,Radioactive element chemistry and processing,113,85,-28,0.0005,0.0004,-0.01
T11285,Hearing Impairment and Communication,108,90,-18,0.0005,0.0004,-0.01
T11882,Plant biochemistry and biosynthesis,112,85,-27,0.0005,0.0004,-0.01
T10827,Patient-Provider Communication in Healthcare,76,121,45,0.0003,0.0005,0.02
T11014,Regional Economics and Spatial Analysis,87,110,23,0.0004,0.0005,0.01
T11212,Cultural Heritage Materials Analysis,50,146,96,0.0002,0.0006,0.04
T11339,"Metabolism, Diabetes, and Cancer",85,110,25,0.0004,0.0005,0.01
T11267,Abdominal Trauma and Injuries,95,100,5,0.0004,0.0004,0.0
T11020,Immune Cell Function and Interaction,148,47,-101,0.0006,0.0002,-0.04
T10319,"Conservation, Biodiversity, and Resource Management",89,106,17,0.0004,0.0005,0.01
T10870,Interstitial Lung Diseases and Idiopathic Pulmonary Fibrosis,102,92,-10,0.0004,0.0004,-0.0
T10693,Blood transfusion and management,60,134,74,0.0003,0.0006,0.03
T10397,Nutrition and Health in Aging,124,70,-54,0.0005,0.0003,-0.02
T11304,Advanced Neuroimaging Techniques and Applications,119,75,-44,0.0005,0.0003,-0.02
T10365,Gastrointestinal motility and disorders,71,122,51,0.0003,0.0005,0.02
T10584,Reproductive Physiology in Livestock,106,87,-19,0.0005,0.0004,-0.01
T10136,Statistical Methods and Inference,96,97,1,0.0004,0.0004,0.0
T10676,"Genetics, Aging, and Longevity in Model Organisms",93,100,7,0.0004,0.0004,0.0
T11844,Lipid metabolism and biosynthesis,49,143,94,0.0002,0.0006,0.04
T12010,Evaluation and Performance Assessment,104,88,-16,0.0005,0.0004,-0.01
T12103,Cancer Risks and Factors,93,99,6,0.0004,0.0004,0.0
T10656,Child and Animal Learning Development,106,86,-20,0.0005,0.0004,-0.01
T10233,Geotechnical Engineering and Soil Mechanics,74,118,44,0.0003,0.0005,0.02
T10632,Housing Market and Economics,114,77,-37,0.0005,0.0003,-0.02
T11781,Wastewater Treatment and Reuse,71,120,49,0.0003,0.0005,0.02
T10370,Traffic and Road Safety,86,105,19,0.0004,0.0005,0.01
T10452,Iron Metabolism and Disorders,80,111,31,0.0003,0.0005,0.01
T10733,Wheat and Barley Genetics and Pathology,107,83,-24,0.0005,0.0004,-0.01
T11238,Simulation-Based Education in Healthcare,77,113,36,0.0003,0.0005,0.02
T11368,Long-Term Effects of COVID-19,91,99,8,0.0004,0.0004,0.0
T10726,Career Development and Diversity,65,124,59,0.0003,0.0005,0.03
T10770,Soil Geostatistics and Mapping,111,77,-34,0.0005,0.0003,-0.01
T10476,Algal biology and biofuel production,120,68,-52,0.0005,0.0003,-0.02
T12533,Aldose Reductase and Taurine,99,89,-10,0.0004,0.0004,-0.0
T10134,Inflammatory Bowel Disease,75,113,38,0.0003,0.0005,0.02
T10290,Pregnancy and preeclampsia studies,86,102,16,0.0004,0.0004,0.01
T10181,Natural Language Processing Techniques,137,50,-87,0.0006,0.0002,-0.04
T11199,Pain Management and Opioid Use,61,126,65,0.0003,0.0005,0.03
T11493,Water Treatment and Disinfection,86,101,15,0.0004,0.0004,0.01
T10753,Microplastics and Plastic Pollution,95,91,-4,0.0004,0.0004,-0.0
T10426,Child Abuse and Trauma,97,89,-8,0.0004,0.0004,-0.0
T10746,Platelet Disorders and Treatments,67,119,52,0.0003,0.0005,0.02
T10145,Consumer Behavior in Brand Consumption and Identification,117,69,-48,0.0005,0.0003,-0.02
T10133,Media Studies and Communication,63,123,60,0.0003,0.0005,0.03
T11291,Intraocular Surgery and Lenses,78,107,29,0.0003,0.0005,0.01
T11361,Digital Radiography and Breast Imaging,88,97,9,0.0004,0.0004,0.0
T11093,Personality Disorders and Psychopathology,97,88,-9,0.0004,0.0004,-0.0
T12731,Hidradenitis Suppurativa and Treatments,98,87,-11,0.0004,0.0004,-0.0
T10939,Crystal Structures and Properties,123,62,-61,0.0005,0.0003,-0.03
T11253,Nail Diseases and Treatments,95,90,-5,0.0004,0.0004,-0.0
T11651,Inhalation and Respiratory Drug Delivery,115,70,-45,0.0005,0.0003,-0.02
T11181,Advanced Data Storage Technologies,80,104,24,0.0003,0.0005,0.01
T11927,Plant Reproductive Biology,107,77,-30,0.0005,0.0003,-0.01
T10845,Advanced Causal Inference Techniques,70,114,44,0.0003,0.0005,0.02
T11483,Tropical and Extratropical Cyclones Research,106,78,-28,0.0005,0.0003,-0.01
T10486,Salmonella and Campylobacter epidemiology,86,98,12,0.0004,0.0004,0.01
T10596,Child Nutrition and Water Access,110,73,-37,0.0005,0.0003,-0.02
T10901,Advanced Data Compression Techniques,78,105,27,0.0003,0.0005,0.01
T10366,Discourse Analysis in Language Studies,116,67,-49,0.0005,0.0003,-0.02
T10589,Early Childhood Education and Development,130,52,-78,0.0006,0.0002,-0.03
T13516,Publishing and Scholarly Communication,24,158,134,0.0001,0.0007,0.06
T11430,Disaster Response and Management,97,84,-13,0.0004,0.0004,-0.01
T10832,Pituitary Gland Disorders and Treatments,86,95,9,0.0004,0.0004,0.0
T11640,Linguistic Variation and Morphology,125,55,-70,0.0005,0.0002,-0.03
T10881,Blood Coagulation and Thrombosis Mechanisms,82,98,16,0.0004,0.0004,0.01
T11577,Cognitive Abilities and Testing,95,85,-10,0.0004,0.0004,-0.0
T10216,"Migration, Refugees, and Integration",78,102,24,0.0003,0.0004,0.01
T10875,Pesticide Exposure and Toxicity,68,112,44,0.0003,0.0005,0.02
T10439,Climate change impacts on agriculture,80,100,20,0.0003,0.0004,0.01
T12606,Diptera species taxonomy and behavior,40,140,100,0.0002,0.0006,0.04
T11001,Renin-Angiotensin System Studies,58,121,63,0.0003,0.0005,0.03
T10968,Statistical Distribution Estimation and Applications,104,75,-29,0.0005,0.0003,-0.01
T10293,Thyroid Disorders and Treatments,67,112,45,0.0003,0.0005,0.02
T11992,CCD and CMOS Imaging Sensors,93,86,-7,0.0004,0.0004,-0.0
T11036,Antibiotics Pharmacokinetics and Efficacy,89,90,1,0.0004,0.0004,0.0
T11760,Plant responses to elevated CO2,110,68,-42,0.0005,0.0003,-0.02
T10336,Cancer Cells and Metastasis,75,103,28,0.0003,0.0004,0.01
T10537,Attention Deficit Hyperactivity Disorder,99,79,-20,0.0004,0.0003,-0.01
T11982,Rhetoric and Communication Studies,59,119,60,0.0003,0.0005,0.03
T10073,Hepatocellular Carcinoma Treatment and Prognosis,83,95,12,0.0004,0.0004,0.01
T10691,Retinal Development and Disorders,88,90,2,0.0004,0.0004,0.0
T11025,Nonlinear Optical Materials Research,95,83,-12,0.0004,0.0004,-0.01
T10210,Advanced oxidation water treatment,61,116,55,0.0003,0.0005,0.02
T10867,Intensive Care Unit Cognitive Disorders,110,67,-43,0.0005,0.0003,-0.02
T11097,Cerebral Palsy and Movement Disorders,97,80,-17,0.0004,0.0003,-0.01
T11508,Corporate Taxation and Avoidance,111,66,-45,0.0005,0.0003,-0.02
T10734,Information and Cyber Security,81,95,14,0.0004,0.0004,0.01
T10240,Plant tissue culture and regeneration,115,61,-54,0.0005,0.0003,-0.02
T11998,Youth Development and Social Support,108,68,-40,0.0005,0.0003,-0.02
T10154,Customer Service Quality and Loyalty,92,83,-9,0.0004,0.0004,-0.0
T12043,Insect behavior and control techniques,112,63,-49,0.0005,0.0003,-0.02
T10068,Technology Adoption and User Behaviour,86,89,3,0.0004,0.0004,0.0
T10168,COVID-19 and Mental Health,106,69,-37,0.0005,0.0003,-0.02
T10242,Posttraumatic Stress Disorder Research,67,108,41,0.0003,0.0005,0.02
T11098,Seed Germination and Physiology,64,110,46,0.0003,0.0005,0.02
T11141,Childhood Cancer Survivors' Quality of Life,119,55,-64,0.0005,0.0002,-0.03
T11757,Seismic Waves and Analysis,84,89,5,0.0004,0.0004,0.0
T14475,History of Science and Medicine,28,145,117,0.0001,0.0006,0.05
T11263,Electromagnetic Simulation and Numerical Methods,83,90,7,0.0004,0.0004,0.0
T11962,Cardiac Fibrosis and Remodeling,62,111,49,0.0003,0.0005,0.02
T11762,"Law, Economics, and Judicial Systems",102,71,-31,0.0004,0.0003,-0.01
T11997,Free Will and Agency,98,74,-24,0.0004,0.0003,-0.01
T10408,Chronic Kidney Disease and Diabetes,72,100,28,0.0003,0.0004,0.01
T10747,Disaster Management and Resilience,81,91,10,0.0004,0.0004,0.0
T11126,Metallurgical Processes and Thermodynamics,84,88,4,0.0004,0.0004,0.0
T12039,Electron and X-Ray Spectroscopy Techniques,96,75,-21,0.0004,0.0003,-0.01
T10971,Olfactory and Sensory Function Studies,115,56,-59,0.0005,0.0002,-0.03
T11542,Behavioral Health and Interventions,122,49,-73,0.0005,0.0002,-0.03
T10992,Forensic Anthropology and Bioarchaeology Studies,81,89,8,0.0004,0.0004,0.0
T10508,Patient Safety and Medication Errors,72,98,26,0.0003,0.0004,0.01
T10547,"Education, Achievement, and Giftedness",59,111,52,0.0003,0.0005,0.02
T11022,Spectral Theory in Mathematical Physics,64,106,42,0.0003,0.0005,0.02
T11951,Trauma Management and Diagnosis,83,87,4,0.0004,0.0004,0.0
T13879,Indigenous Peoples' Rights and Law,13,157,144,0.0001,0.0007,0.06
T11984,Anatomy and Medical Technology,76,93,17,0.0003,0.0004,0.01
T10983,Aortic aneurysm repair treatments,90,79,-11,0.0004,0.0003,-0.0
T10382,Quantum and electron transport phenomena,96,73,-23,0.0004,0.0003,-0.01
T10349,Migration and Labor Dynamics,83,86,3,0.0004,0.0004,0.0
T10877,Allergic Rhinitis and Sensitization,78,91,13,0.0003,0.0004,0.01
T12520,Psychology of Moral and Emotional Judgment,131,38,-93,0.0006,0.0002,-0.04
T10519,Advanced Proteomics Techniques and Applications,68,101,33,0.0003,0.0004,0.01
T11027,Metabolism and Genetic Disorders,115,54,-61,0.0005,0.0002,-0.03
T11637,Advanced Semiconductor Detectors and Materials,63,105,42,0.0003,0.0005,0.02
T10660,Conducting polymers and applications,89,79,-10,0.0004,0.0003,-0.0
T10858,Clinical Nutrition and Gastroenterology,80,88,8,0.0003,0.0004,0.0
T11334,Psychosomatic Disorders and Their Treatments,71,97,26,0.0003,0.0004,0.01
T11700,Hemodynamic Monitoring and Therapy,81,86,5,0.0004,0.0004,0.0
T13443,Mineralogy and Gemology Studies,37,130,93,0.0002,0.0006,0.04
T10205,Advanced Fiber Optic Sensors,124,43,-81,0.0005,0.0002,-0.04
T10618,Aortic Disease and Treatment Approaches,84,83,-1,0.0004,0.0004,-0.0
T10208,Labor market dynamics and wage inequality,63,104,41,0.0003,0.0005,0.02
T11898,Economics of Agriculture and Food Markets,79,88,9,0.0003,0.0004,0.0
T12409,Reformation and Early Modern Christianity,83,84,1,0.0004,0.0004,0.0
T10122,Toxic Organic Pollutants Impact,77,90,13,0.0003,0.0004,0.01
T11012,Gas Dynamics and Kinetic Theory,90,77,-13,0.0004,0.0003,-0.01
T11642,Genomics and Rare Diseases,73,94,21,0.0003,0.0004,0.01
T11243,Respiratory viral infections research,104,63,-41,0.0005,0.0003,-0.02
T11061,Ocean Waves and Remote Sensing,112,55,-57,0.0005,0.0002,-0.02
T10149,Anthropological Studies and Insights,74,92,18,0.0003,0.0004,0.01
T11494,Coleoptera Taxonomy and Distribution,60,105,45,0.0003,0.0005,0.02
T11247,Plant nutrient uptake and metabolism,117,48,-69,0.0005,0.0002,-0.03
T11904,Spatial Cognition and Navigation,83,82,-1,0.0004,0.0004,-0.0
T11162,Enzyme Structure and Function,66,98,32,0.0003,0.0004,0.01
T10614,Transcranial Magnetic Stimulation Studies,72,92,20,0.0003,0.0004,0.01
T10243,Statistical Methods and Bayesian Inference,61,103,42,0.0003,0.0004,0.02
T10329,Thyroid Cancer Diagnosis and Treatment,80,84,4,0.0003,0.0004,0.0
T11289,Single-cell and spatial transcriptomics,97,67,-30,0.0004,0.0003,-0.01
T10658,Bone fractures and treatments,79,85,6,0.0003,0.0004,0.0
T11057,Cardiac Ischemia and Reperfusion,88,76,-12,0.0004,0.0003,-0.01
T11359,Effects of Radiation Exposure,55,108,53,0.0002,0.0005,0.02
T13102,Soil and Environmental Studies,8,155,147,0.0,0.0007,0.06
T12259,Environmental Justice and Health Disparities,88,74,-14,0.0004,0.0003,-0.01
T10215,Semantic Web and Ontologies,99,63,-36,0.0004,0.0003,-0.02
T10984,Sinusitis and nasal conditions,89,73,-16,0.0004,0.0003,-0.01
T13495,Biographical and Historical Analysis,1,161,160,0.0,0.0007,0.07
T11744,Health Sciences Research and Education,99,63,-36,0.0004,0.0003,-0.02
T11618,Cholesterol and Lipid Metabolism,55,107,52,0.0002,0.0005,0.02
T10712,Library Science and Information Literacy,66,95,29,0.0003,0.0004,0.01
T10996,Computational Geometry and Mesh Generation,96,65,-31,0.0004,0.0003,-0.01
T11107,Selenium in Biological Systems,83,78,-5,0.0004,0.0003,-0.0
T10921,Neutrino Physics Research,73,88,15,0.0003,0.0004,0.01
T10442,Knee injuries and reconstruction techniques,79,82,3,0.0003,0.0004,0.0
T10308,Systemic Lupus Erythematosus Research,67,94,27,0.0003,0.0004,0.01
T11261,Quantum chaos and dynamical systems,114,47,-67,0.0005,0.0002,-0.03
T10898,Environmental Education and Sustainability,98,62,-36,0.0004,0.0003,-0.02
T10923,Force Microscopy Techniques and Applications,94,65,-29,0.0004,0.0003,-0.01
T10294,Cell death mechanisms and regulation,55,104,49,0.0002,0.0005,0.02
T10686,Effects and risks of endocrine disrupting chemicals,91,68,-23,0.0004,0.0003,-0.01
T10321,Quantum Dots Synthesis And Properties,94,64,-30,0.0004,0.0003,-0.01
T10594,Genetic and phenotypic traits in livestock,74,84,10,0.0003,0.0004,0.0
T10583,Cancer-related Molecular Pathways,81,77,-4,0.0004,0.0003,-0.0
T13673,Library Science and Information,0,158,158,0.0,0.0007,0.07
T11537,Ethics in medical practice,136,22,-114,0.0006,0.0001,-0.05
T10455,Foot and Ankle Surgery,71,87,16,0.0003,0.0004,0.01
T10176,Mesenchymal stem cell research,82,75,-7,0.0004,0.0003,-0.0
T11879,Protist diversity and phylogeny,61,96,35,0.0003,0.0004,0.02
T10160,Seismic Performance and Analysis,51,106,55,0.0002,0.0005,0.02
T10836,Metabolomics and Mass Spectrometry Studies,100,57,-43,0.0004,0.0002,-0.02
T11333,Climate change and permafrost,98,59,-39,0.0004,0.0003,-0.02
T10887,Bioinformatics and Genomic Networks,75,81,6,0.0003,0.0004,0.0
T10083,Graphene research and applications,78,78,0,0.0003,0.0003,0.0
T10600,Reproductive Health and Contraception,58,98,40,0.0003,0.0004,0.02
T10475,Psychological Well-being and Life Satisfaction,91,65,-26,0.0004,0.0003,-0.01
T13049,Surface Roughness and Optical Measurements,106,50,-56,0.0005,0.0002,-0.02
T10384,Laser-Plasma Interactions and Diagnostics,103,53,-50,0.0004,0.0002,-0.02
T11311,Soil and Water Nutrient Dynamics,80,76,-4,0.0003,0.0003,-0.0
T12853,Historical Geography and Geographical Thought,47,109,62,0.0002,0.0005,0.03
T10464,Crystal structures of chemical compounds,21,134,113,0.0001,0.0006,0.05
T11881,Crystallization and Solubility Studies,82,73,-9,0.0004,0.0003,-0.0
T11457,Adipose Tissue and Metabolism,136,19,-117,0.0006,0.0001,-0.05
T11554,Vascular Procedures and Complications,86,69,-17,0.0004,0.0003,-0.01
T12766,Interdisciplinary Research and Collaboration,59,96,37,0.0003,0.0004,0.02
T10979,Breastfeeding Practices and Influences,84,71,-13,0.0004,0.0003,-0.01
T12765,"Race, History, and American Society",99,56,-43,0.0004,0.0002,-0.02
T10499,Folate and B Vitamins Research,87,68,-19,0.0004,0.0003,-0.01
T10697,Vasculitis and related conditions,68,87,19,0.0003,0.0004,0.01
T10822,Acoustic Wave Phenomena Research,65,90,25,0.0003,0.0004,0.01
T11880,Forest ecology and management,73,81,8,0.0003,0.0004,0.0
T11055,Cardiac and Coronary Surgery Techniques,59,95,36,0.0003,0.0004,0.02
T10458,Bladder and Urothelial Cancer Treatments,79,75,-4,0.0003,0.0003,-0.0
T11366,Elasticity and Material Modeling,72,82,10,0.0003,0.0004,0.0
T11454,Cultural Differences and Values,101,52,-49,0.0004,0.0002,-0.02
T10625,Herpesvirus Infections and Treatments,85,68,-17,0.0004,0.0003,-0.01
T11114,Service and Product Innovation,86,67,-19,0.0004,0.0003,-0.01
T10991,Game Theory and Voting Systems,61,91,30,0.0003,0.0004,0.01
T10497,Fungal and yeast genetics research,70,82,12,0.0003,0.0004,0.01
T11123,Obsessive-Compulsive Spectrum Disorders,73,79,6,0.0003,0.0003,0.0
T10275,2D Materials and Applications,74,78,4,0.0003,0.0003,0.0
T10629,Health Policy Implementation Science,84,68,-16,0.0004,0.0003,-0.01
T10769,BRCA gene mutations in cancer,92,60,-32,0.0004,0.0003,-0.01
T13370,Diverse Scientific and Economic Studies,152,0,-152,0.0007,0.0,-0.07
T12027,Social Media in Health Education,88,64,-24,0.0004,0.0003,-0.01
T11974,Lepidoptera: Biology and Taxonomy,51,100,49,0.0002,0.0004,0.02
T10974,Advanced Queuing Theory Analysis,85,66,-19,0.0004,0.0003,-0.01
T11265,Aging and Gerontology Research,78,73,-5,0.0003,0.0003,-0.0
T11535,Chemotherapy-induced cardiotoxicity and mitigation,81,70,-11,0.0004,0.0003,-0.0
T10952,PI3K/AKT/mTOR signaling in cancer,69,82,13,0.0003,0.0004,0.01
T10534,Structural Health Monitoring Techniques,85,66,-19,0.0004,0.0003,-0.01
T10786,Maternal Mental Health During Pregnancy and Postpartum,89,61,-28,0.0004,0.0003,-0.01
T11148,"Language, Metaphor, and Cognition",118,32,-86,0.0005,0.0001,-0.04
T11676,Parental Involvement in Education,91,59,-32,0.0004,0.0003,-0.01
T11665,Animal Vocal Communication and Behavior,84,65,-19,0.0004,0.0003,-0.01
T11752,Cancer Treatment and Pharmacology,114,35,-79,0.0005,0.0002,-0.03
T11649,Pharmaceutical industry and healthcare,73,76,3,0.0003,0.0003,0.0
T12015,Photoacoustic and Ultrasonic Imaging,101,48,-53,0.0004,0.0002,-0.02
T11464,Homelessness and Social Issues,92,57,-35,0.0004,0.0002,-0.02
T10339,Advanced Numerical Methods in Computational Mathematics,46,103,57,0.0002,0.0004,0.02
T11395,Radiopharmaceutical Chemistry and Applications,61,88,27,0.0003,0.0004,0.01
T11369,Genetic factors in colorectal cancer,75,73,-2,0.0003,0.0003,-0.0
T12450,Radio Astronomy Observations and Technology,84,64,-20,0.0004,0.0003,-0.01
T12138,Occupational Health and Performance,80,68,-12,0.0003,0.0003,-0.01
T11077,Genetic and Clinical Aspects of Sex Determination and Chromosomal Abnormalities,77,71,-6,0.0003,0.0003,-0.0
T10935,Endometriosis Research and Treatment,78,70,-8,0.0003,0.0003,-0.0
T10897,Antibiotic Use and Resistance,59,89,30,0.0003,0.0004,0.01
T11514,Disability Education and Employment,58,90,32,0.0003,0.0004,0.01
T10755,HER2/EGFR in Cancer Research,60,88,28,0.0003,0.0004,0.01
T10091,Malaria Research and Control,55,93,38,0.0002,0.0004,0.02
T11472,Analytical Chemistry and Sensors,109,39,-70,0.0005,0.0002,-0.03
T11293,Orthopedic Infections and Treatments,73,75,2,0.0003,0.0003,0.0
T11491,CAR-T cell therapy research,94,53,-41,0.0004,0.0002,-0.02
T13167,"Historical, Literary, and Cultural Studies",116,31,-85,0.0005,0.0001,-0.04
T13015,"Botany, Ecology, and Taxonomy Studies",145,2,-143,0.0006,0.0,-0.06
T11999,Empathy and Medical Education,98,48,-50,0.0004,0.0002,-0.02
T10222,Genomics and Chromatin Dynamics,61,85,24,0.0003,0.0004,0.01
T11845,Cancer therapeutics and mechanisms,71,75,4,0.0003,0.0003,0.0
T10620,Protease and Inhibitor Mechanisms,56,90,34,0.0002,0.0004,0.01
T10562,Total Knee Arthroplasty Outcomes,82,64,-18,0.0004,0.0003,-0.01
T11803,Superconducting and THz Device Technology,80,66,-14,0.0003,0.0003,-0.01
T12091,Peatlands and Wetlands Ecology,74,72,-2,0.0003,0.0003,-0.0
T10776,Spinal Fractures and Fixation Techniques,68,77,9,0.0003,0.0003,0.0
T12614,Indigenous Studies and Ecology,111,34,-77,0.0005,0.0001,-0.03
T10565,"Psychopathy, Forensic Psychiatry, Sexual Offending",57,88,31,0.0002,0.0004,0.01
T10137,Multiple Sclerosis Research Studies,62,83,21,0.0003,0.0004,0.01
T11730,Autoimmune Bullous Skin Diseases,100,44,-56,0.0004,0.0002,-0.02
T11296,COVID-19 and healthcare impacts,90,54,-36,0.0004,0.0002,-0.02
T10027,"Diabetes, Cardiovascular Risks, and Lipoproteins",77,67,-10,0.0003,0.0003,-0.0
T10609,Digital Marketing and Social Media,79,65,-14,0.0003,0.0003,-0.01
T11394,Dynamics and Control of Mechanical Systems,70,74,4,0.0003,0.0003,0.0
T10606,Kidney Stones and Urolithiasis Treatments,62,82,20,0.0003,0.0004,0.01
T11002,Indoor Air Quality and Microbial Exposure,64,80,16,0.0003,0.0003,0.01
T10247,Perovskite Materials and Applications,81,63,-18,0.0004,0.0003,-0.01
T11445,Origins and Evolution of Life,69,75,6,0.0003,0.0003,0.0
T10450,Aquaculture Nutrition and Growth,85,58,-27,0.0004,0.0003,-0.01
T10341,Coral and Marine Ecosystems Studies,101,42,-59,0.0004,0.0002,-0.03
T11488,Climate Change Communication and Perception,95,48,-47,0.0004,0.0002,-0.02
T12859,Cell Image Analysis Techniques,78,64,-14,0.0003,0.0003,-0.01
T11269,Algorithms and Data Compression,84,58,-26,0.0004,0.0003,-0.01
T12827,Biochemical and Molecular Research,86,56,-30,0.0004,0.0002,-0.01
T12214,Media Influence and Health,77,64,-13,0.0003,0.0003,-0.01
T11911,Spatial and Panel Data Analysis,55,86,31,0.0002,0.0004,0.01
T10636,Innovative Teaching and Learning Methods,104,37,-67,0.0005,0.0002,-0.03
T11373,Sleep and Work-Related Fatigue,60,81,21,0.0003,0.0004,0.01
T10449,Renal cell carcinoma treatment,68,73,5,0.0003,0.0003,0.0
T10613,Virus-based gene therapy research,84,57,-27,0.0004,0.0002,-0.01
T10333,Meat and Animal Product Quality,79,62,-17,0.0003,0.0003,-0.01
T11040,Personality Traits and Psychology,52,89,37,0.0002,0.0004,0.02
T13147,Ethics and bioethics in healthcare,7,133,126,0.0,0.0006,0.05
T11399,Muscle metabolism and nutrition,107,33,-74,0.0005,0.0001,-0.03
T11609,Geophysical Methods and Applications,75,65,-10,0.0003,0.0003,-0.0
T11073,Metal Extraction and Bioleaching,78,62,-16,0.0003,0.0003,-0.01
T10893,Chinese history and philosophy,97,43,-54,0.0004,0.0002,-0.02
T12000,Systems Engineering Methodologies and Applications,49,91,42,0.0002,0.0004,0.02
T11935,"Literacy, Media, and Education",70,69,-1,0.0003,0.0003,-0.0
T11163,Organ Donation and Transplantation,72,67,-5,0.0003,0.0003,-0.0
T11650,Skin and Cellular Biology Research,87,52,-35,0.0004,0.0002,-0.02
T10688,Image and Signal Denoising Methods,81,57,-24,0.0004,0.0002,-0.01
T10459,Sexual function and dysfunction studies,69,69,0,0.0003,0.0003,0.0
T10430,Software Engineering Techniques and Practices,48,90,42,0.0002,0.0004,0.02
T11544,"Gender, Labor, and Family Dynamics",90,48,-42,0.0004,0.0002,-0.02
T12090,Language and cultural evolution,76,62,-14,0.0003,0.0003,-0.01
T12852,Chemical Thermodynamics and Molecular Structure,72,65,-7,0.0003,0.0003,-0.0
T10032,Marine and coastal ecosystems,63,74,11,0.0003,0.0003,0.0
T10063,Nanoparticle-Based Drug Delivery,51,86,35,0.0002,0.0004,0.02
T10692,Urban Green Space and Health,100,37,-63,0.0004,0.0002,-0.03
T11079,Creativity in Education and Neuroscience,87,50,-37,0.0004,0.0002,-0.02
T11590,Primary Care and Health Outcomes,111,25,-86,0.0005,0.0001,-0.04
T11064,Antiplatelet Therapy and Cardiovascular Diseases,69,67,-2,0.0003,0.0003,-0.0
T10186,Nursing education and management,46,90,44,0.0002,0.0004,0.02
T11117,Drug-Induced Adverse Reactions,69,67,-2,0.0003,0.0003,-0.0
T11324,Spectroscopy Techniques in Biomedical and Chemical Research,68,68,0,0.0003,0.0003,0.0
T10844,Radiation Dose and Imaging,82,54,-28,0.0004,0.0002,-0.01
T11159,Manufacturing Process and Optimization,100,36,-64,0.0004,0.0002,-0.03
T11047,Gender Diversity and Inequality,79,57,-22,0.0003,0.0002,-0.01
T10772,Distributed systems and fault tolerance,91,45,-46,0.0004,0.0002,-0.02
T11645,"Urban, Neighborhood, and Segregation Studies",91,44,-47,0.0004,0.0002,-0.02
T11376,Geriatric Care and Nursing Homes,77,58,-19,0.0003,0.0003,-0.01
T11157,Chronic Lymphocytic Leukemia Research,89,46,-43,0.0004,0.0002,-0.02
T11788,Nonlinear Optical Materials Studies,67,68,1,0.0003,0.0003,0.0
T12194,Cultural Competency in Health Care,66,69,3,0.0003,0.0003,0.0
T10272,Mental Health Treatment and Access,66,68,2,0.0003,0.0003,0.0
T11112,Viral Infections and Immunology Research,74,60,-14,0.0003,0.0003,-0.01
T11750,Phytoplasmas and Hemiptera pathogens,71,63,-8,0.0003,0.0003,-0.0
T11829,Mathematical Biology Tumor Growth,62,72,10,0.0003,0.0003,0.0
T10703,Business Process Modeling and Analysis,87,47,-40,0.0004,0.0002,-0.02
T10371,Immune Response and Inflammation,75,59,-16,0.0003,0.0003,-0.01
T11155,Toxoplasma gondii Research Studies,66,68,2,0.0003,0.0003,0.0
T11486,Micro and Nano Robotics,69,64,-5,0.0003,0.0003,-0.0
T10605,Historical Economic and Social Studies,52,81,29,0.0002,0.0004,0.01
T11816,Nursing Roles and Practices,52,81,29,0.0002,0.0004,0.01
T14163,Astronomical Observations and Instrumentation,132,1,-131,0.0006,0.0,-0.06
T14185,"Research, Science, and Academia",12,121,109,0.0001,0.0005,0.05
T10654,Pneumonia and Respiratory Infections,64,68,4,0.0003,0.0003,0.0
T10602,Glycosylation and Glycoproteins Research,82,50,-32,0.0004,0.0002,-0.01
T11713,Genital Health and Disease,70,62,-8,0.0003,0.0003,-0.0
T13199,Digestive system and related health,73,59,-14,0.0003,0.0003,-0.01
T11703,"Rings, Modules, and Algebras",56,76,20,0.0002,0.0003,0.01
T12532,Historical and Cultural Archaeology Studies,49,82,33,0.0002,0.0004,0.01
T11131,Proteoglycans and glycosaminoglycans research,66,65,-1,0.0003,0.0003,-0.0
T11657,Digital and Traditional Archives Management,47,84,37,0.0002,0.0004,0.02
T10817,Multicomponent Synthesis of Heterocycles,59,72,13,0.0003,0.0003,0.01
T13460,Historical Studies in Latin America,22,109,87,0.0001,0.0005,0.04
T10587,Autophagy in Disease and Therapy,64,67,3,0.0003,0.0003,0.0
T11754,SARS-CoV-2 detection and testing,70,61,-9,0.0003,0.0003,-0.0
T11119,Urban Stormwater Management Solutions,54,77,23,0.0002,0.0003,0.01
T10469,Psoriasis: Treatment and Pathogenesis,60,71,11,0.0003,0.0003,0.0
T11308,Sphingolipid Metabolism and Signaling,74,56,-18,0.0003,0.0002,-0.01
T12542,Second Language Learning and Teaching,94,36,-58,0.0004,0.0002,-0.03
T10890,Trypanosoma species research and implications,64,66,2,0.0003,0.0003,0.0
T13377,Ecosystem dynamics and resilience,72,58,-14,0.0003,0.0003,-0.01
T10276,Helicobacter pylori-related gastroenterology studies,76,54,-22,0.0003,0.0002,-0.01
T11413,Risk and Portfolio Optimization,58,72,14,0.0003,0.0003,0.01
T12648,Academic Writing and Publishing,43,87,44,0.0002,0.0004,0.02
T11948,Machine Learning in Materials Science,65,64,-1,0.0003,0.0003,-0.0
T10994,"Terrorism, Counterterrorism, and Political Violence",54,75,21,0.0002,0.0003,0.01
T11213,Genomic variations and chromosomal abnormalities,52,77,25,0.0002,0.0003,0.01
T12093,Greenhouse Technology and Climate Control,71,58,-13,0.0003,0.0003,-0.01
T10905,Solar Thermal and Photovoltaic Systems,59,70,11,0.0003,0.0003,0.0
T10050,Multi-Criteria Decision Making,50,79,29,0.0002,0.0003,0.01
T10396,Fatigue and fracture mechanics,53,76,23,0.0002,0.0003,0.01
T11497,Interprofessional Education and Collaboration,61,68,7,0.0003,0.0003,0.0
T11912,Outsourcing and Supply Chain Management,55,73,18,0.0002,0.0003,0.01
T10701,Radical Photochemical Reactions,63,65,2,0.0003,0.0003,0.0
T10794,Islamic Studies and History,81,47,-34,0.0004,0.0002,-0.01
T10954,Peripheral Nerve Disorders,62,65,3,0.0003,0.0003,0.0
T10180,Analytical chemistry methods development,48,79,31,0.0002,0.0003,0.01
T12504,Mathematics and Applications,75,52,-23,0.0003,0.0002,-0.01
T13937,"Genetics, Bioinformatics, and Biomedical Research",102,25,-77,0.0004,0.0001,-0.03
T11005,Radiation Effects in Electronics,32,95,63,0.0001,0.0004,0.03
T11810,Complex Systems and Decision Making,111,16,-95,0.0005,0.0001,-0.04
T11482,RNA modifications and cancer,91,36,-55,0.0004,0.0002,-0.02
T10907,International Student and Expatriate Challenges,57,70,13,0.0002,0.0003,0.01
T10551,Scheduling and Optimization Algorithms,69,57,-12,0.0003,0.0002,-0.01
T10074,Carbon Nanotubes in Composites,84,42,-42,0.0004,0.0002,-0.02
T11584,Biochemical Analysis and Sensing Techniques,113,13,-100,0.0005,0.0001,-0.04
T11983,"Identity, Memory, and Therapy",83,43,-40,0.0004,0.0002,-0.02
T11421,Labor Movements and Unions,65,61,-4,0.0003,0.0003,-0.0
T11891,Big Data and Business Intelligence,97,29,-68,0.0004,0.0001,-0.03
T10256,Drug Solubulity and Delivery Systems,31,95,64,0.0001,0.0004,0.03
T10067,Stochastic processes and financial applications,73,53,-20,0.0003,0.0002,-0.01
T11981,Qualitative Research Methods and Ethics,55,71,16,0.0002,0.0003,0.01
T10554,Hemoglobinopathies and Related Disorders,73,52,-21,0.0003,0.0002,-0.01
T11893,German Literature and Culture Studies,40,85,45,0.0002,0.0004,0.02
T12100,Advanced Mathematical Modeling in Engineering,91,34,-57,0.0004,0.0001,-0.02
T11949,Nuclear Physics and Applications,108,17,-91,0.0005,0.0001,-0.04
T11691,Forest Insect Ecology and Management,78,47,-31,0.0003,0.0002,-0.01
T12433,Skin Diseases and Diabetes,57,68,11,0.0002,0.0003,0.0
T11806,Service-Learning and Community Engagement,73,52,-21,0.0003,0.0002,-0.01
T10754,Neuroendocrine Tumor Research Advances,72,53,-19,0.0003,0.0002,-0.01
T11109,Thermoregulation and physiological responses,67,58,-9,0.0003,0.0003,-0.0
T11490,Hydrological Forecasting Using AI,36,89,53,0.0002,0.0004,0.02
T13637,Calpain Protease Function and Regulation,68,57,-11,0.0003,0.0002,-0.0
T12602,Medical Education and Admissions,39,86,47,0.0002,0.0004,0.02
T11015,Down syndrome and intellectual disability research,58,66,8,0.0003,0.0003,0.0
T10323,Analog and Mixed-Signal Circuit Design,33,91,58,0.0001,0.0004,0.03
T10230,Marine and fisheries research,65,59,-6,0.0003,0.0003,-0.0
T10443,Social Policy and Reform Studies,62,62,0,0.0003,0.0003,0.0
T10705,Additive Manufacturing Materials and Processes,67,57,-10,0.0003,0.0002,-0.0
T10564,Wastewater Treatment and Nitrogen Removal,69,55,-14,0.0003,0.0002,-0.01
T11204,Ion Channels and Receptors,38,86,48,0.0002,0.0004,0.02
T10802,Judicial and Constitutional Studies,47,77,30,0.0002,0.0003,0.01
T12756,Plant Toxicity and Pharmacological Properties,68,55,-13,0.0003,0.0002,-0.01
T10982,Motor Control and Adaptation,38,85,47,0.0002,0.0004,0.02
T10219,Mechanical Behavior of Composites,51,72,21,0.0002,0.0003,0.01
T13597,Medicine and Dermatology Studies History,47,76,29,0.0002,0.0003,0.01
T10715,Distributed and Parallel Computing Systems,85,38,-47,0.0004,0.0002,-0.02
T10989,Uterine Myomas and Treatments,70,53,-17,0.0003,0.0002,-0.01
T11142,Advanced Glycation End Products research,62,61,-1,0.0003,0.0003,-0.0
T10131,Gold and Silver Nanoparticles Synthesis and Applications,49,74,25,0.0002,0.0003,0.01
T10980,Vascular Malformations and Hemangiomas,49,74,25,0.0002,0.0003,0.01
T10291,Dialysis and Renal Disease Management,61,62,1,0.0003,0.0003,0.0
T11830,Point processes and geometric inequalities,48,75,27,0.0002,0.0003,0.01
T12078,Environmental remediation with nanomaterials,63,60,-3,0.0003,0.0003,-0.0
T11712,Intergenerational Family Dynamics and Caregiving,67,56,-11,0.0003,0.0002,-0.0
T11470,Legume Nitrogen Fixing Symbiosis,77,45,-32,0.0003,0.0002,-0.01
T11871,Advanced Statistical Methods and Models,86,36,-50,0.0004,0.0002,-0.02
T11153,Streptococcal Infections and Treatments,65,57,-8,0.0003,0.0002,-0.0
T11206,Model Reduction and Neural Networks,61,61,0,0.0003,0.0003,0.0
T10344,Management and Organizational Studies,63,59,-4,0.0003,0.0003,-0.0
T12621,Hemispheric Asymmetry in Neuroscience,41,81,40,0.0002,0.0004,0.02
T10500,Sparse and Compressive Sensing Techniques,68,54,-14,0.0003,0.0002,-0.01
T12310,Crop Yield and Soil Fertility,69,53,-16,0.0003,0.0002,-0.01
T11551,Infective Endocarditis Diagnosis and Management,65,57,-8,0.0003,0.0002,-0.0
T12547,Pharmaceutical studies and practices,87,34,-53,0.0004,0.0001,-0.02
T11669,Head and Neck Surgical Oncology,60,61,1,0.0003,0.0003,0.0
T11147,Misinformation and Its Impacts,77,44,-33,0.0003,0.0002,-0.01
T11452,Oral Health Pathology and Treatment,57,64,7,0.0002,0.0003,0.0
T12417,Morphological variations and asymmetry,66,55,-11,0.0003,0.0002,-0.0
T11310,Connective tissue disorders research,65,56,-9,0.0003,0.0002,-0.0
T10255,Oceanographic and Atmospheric Processes,53,68,15,0.0002,0.0003,0.01
T12574,Clinical Reasoning and Diagnostic Skills,49,72,23,0.0002,0.0003,0.01
T11756,Mentoring and Academic Development,51,69,18,0.0002,0.0003,0.01
T11813,Library Collection Development and Digital Resources,60,60,0,0.0003,0.0003,0.0
T12892,Social Power and Status Dynamics,43,77,34,0.0002,0.0003,0.01
T10725,RNA Interference and Gene Delivery,72,48,-24,0.0003,0.0002,-0.01
T11990,Global Health Workforce Issues,75,44,-31,0.0003,0.0002,-0.01
T10997,Ocular Surface and Contact Lens,68,51,-17,0.0003,0.0002,-0.01
T11534,Erythropoietin and Anemia Treatment,57,62,5,0.0002,0.0003,0.0
T11046,Geotechnical Engineering and Analysis,47,72,25,0.0002,0.0003,0.01
T11658,Esophageal and GI Pathology,68,51,-17,0.0003,0.0002,-0.01
T11970,Molecular Biology Techniques and Applications,74,45,-29,0.0003,0.0002,-0.01
T11344,Traffic Prediction and Management Techniques,77,42,-35,0.0003,0.0002,-0.02
T11374,Cleft Lip and Palate Research,58,61,3,0.0003,0.0003,0.0
T13883,Child and Adolescent Health,92,27,-65,0.0004,0.0001,-0.03
T11546,Plant Physiology and Cultivation Studies,83,36,-47,0.0004,0.0002,-0.02
T11444,Electromagnetic Compatibility and Noise Suppression,66,53,-13,0.0003,0.0002,-0.01
T10873,Bacterial Infections and Vaccines,61,58,-3,0.0003,0.0003,-0.0
T11832,Doctoral Education Challenges and Solutions,34,85,51,0.0001,0.0004,0.02
T13126,Scientific Research and Discoveries,81,38,-43,0.0004,0.0002,-0.02
T10857,Advanced Electron Microscopy Techniques and Applications,41,78,37,0.0002,0.0003,0.02
T11221,Bone health and treatments,86,32,-54,0.0004,0.0001,-0.02
T12304,Radiative Heat Transfer Studies,27,91,64,0.0001,0.0004,0.03
T10286,Information Retrieval and Search Behavior,23,95,72,0.0001,0.0004,0.03
T11837,Iron and Steelmaking Processes,50,68,18,0.0002,0.0003,0.01
T11406,Cerebrospinal fluid and hydrocephalus,70,48,-22,0.0003,0.0002,-0.01
T11601,Neuroscience and Neural Engineering,66,52,-14,0.0003,0.0002,-0.01
T11819,Data-Driven Disease Surveillance,61,57,-4,0.0003,0.0002,-0.0
T11600,Brain Metastases and Treatment,64,54,-10,0.0003,0.0002,-0.0
T10955,Paleontology and Evolutionary Biology,44,73,29,0.0002,0.0003,0.01
T14289,"Anthropology: Ethics, History, Culture",64,53,-11,0.0003,0.0002,-0.0
T10287,Algebraic structures and combinatorial models,67,50,-17,0.0003,0.0002,-0.01
T11180,Pesticide and Herbicide Environmental Studies,43,74,31,0.0002,0.0003,0.01
T10774,Weed Control and Herbicide Applications,44,73,29,0.0002,0.0003,0.01
T10885,Gene expression and cancer classification,76,41,-35,0.0003,0.0002,-0.02
T13044,Biofield Effects and Biophysics,51,66,15,0.0002,0.0003,0.01
T12174,Hospital Admissions and Outcomes,65,52,-13,0.0003,0.0002,-0.01
T12250,Experimental and Theoretical Physics Studies,89,28,-61,0.0004,0.0001,-0.03
T11094,Face Recognition and Perception,66,51,-15,0.0003,0.0002,-0.01
T11216,Radiation Detection and Scintillator Technologies,47,70,23,0.0002,0.0003,0.01
T10950,Acute Lymphoblastic Leukemia research,50,67,17,0.0002,0.0003,0.01
T12202,nanoparticles nucleation surface interactions,89,28,-61,0.0004,0.0001,-0.03
T12265,Gun Ownership and Violence Research,58,58,0,0.0003,0.0003,0.0
T10721,Surfactants and Colloidal Systems,39,77,38,0.0002,0.0003,0.02
T12593,Communication in Education and Healthcare,98,18,-80,0.0004,0.0001,-0.03
T10720,Complexity and Algorithms in Graphs,13,103,90,0.0001,0.0004,0.04
T11578,Plant Pathogenic Bacteria Studies,64,51,-13,0.0003,0.0002,-0.01
T14288,"Law, Rights, and Freedoms",47,68,21,0.0002,0.0003,0.01
T12618,Botany and Plant Ecology Studies,33,82,49,0.0001,0.0004,0.02
T11818,Nicotinic Acetylcholine Receptors Study,59,56,-3,0.0003,0.0002,-0.0
T10306,Liquid Crystal Research Advancements,67,48,-19,0.0003,0.0002,-0.01
T11229,Genetics and Plant Breeding,28,87,59,0.0001,0.0004,0.03
T12664,Clinical practice guidelines implementation,50,65,15,0.0002,0.0003,0.01
T11460,Analytical Methods in Pharmaceuticals,28,87,59,0.0001,0.0004,0.03
T10328,Supply Chain and Inventory Management,48,67,19,0.0002,0.0003,0.01
T12924,Dermatological and Skeletal Disorders,77,37,-40,0.0003,0.0002,-0.02
T12760,Laser Design and Applications,73,41,-32,0.0003,0.0002,-0.01
T10792,Matrix Theory and Algorithms,61,53,-8,0.0003,0.0002,-0.0
T10138,Network Traffic and Congestion Control,37,77,40,0.0002,0.0003,0.02
T10207,Advanced biosensing and bioanalysis techniques,76,38,-38,0.0003,0.0002,-0.02
T11277,Thermal properties of materials,60,54,-6,0.0003,0.0002,-0.0
T10800,Forensic Toxicology and Drug Analysis,57,57,0,0.0002,0.0002,0.0
T12167,Bacterial Identification and Susceptibility Testing,64,50,-14,0.0003,0.0002,-0.01
T11314,Clinical Laboratory Practices and Quality Control,31,83,52,0.0001,0.0004,0.02
T11761,Resilience and Mental Health,90,24,-66,0.0004,0.0001,-0.03
T11571,Sarcoidosis and Beryllium Toxicity Research,56,58,2,0.0002,0.0003,0.0
T10829,Interconnection Networks and Systems,51,63,12,0.0002,0.0003,0.01
T10760,Pancreatitis Pathology and Treatment,56,58,2,0.0002,0.0003,0.0
T10033,Concrete and Cement Materials Research,57,57,0,0.0002,0.0002,0.0
T11270,Complex Systems and Time Series Analysis,82,32,-50,0.0004,0.0001,-0.02
T11190,3D Printing in Biomedical Research,76,38,-38,0.0003,0.0002,-0.02
T10107,Ferroelectric and Piezoelectric Materials,46,67,21,0.0002,0.0003,0.01
T10399,Hydrocarbon exploration and reservoir analysis,76,37,-39,0.0003,0.0002,-0.02
T10937,"Telomeres, Telomerase, and Senescence",51,62,11,0.0002,0.0003,0.0
T10924,Cardiovascular Health and Disease Prevention,65,48,-17,0.0003,0.0002,-0.01
T12330,Botanical Research and Applications,109,4,-105,0.0005,0.0,-0.05
T11499,ICT Impact and Policies,63,50,-13,0.0003,0.0002,-0.01
T11678,Healthcare Decision-Making and Restraints,48,64,16,0.0002,0.0003,0.01
T12261,Statistical Mechanics and Entropy,67,45,-22,0.0003,0.0002,-0.01
T11134,Breast Lesions and Carcinomas,45,67,22,0.0002,0.0003,0.01
T10788,Neuroscience and Music Perception,58,54,-4,0.0003,0.0002,-0.0
T10127,"Banking stability, regulation, efficiency",64,48,-16,0.0003,0.0002,-0.01
T11260,Tracheal and airway disorders,64,48,-16,0.0003,0.0002,-0.01
T11167,Hair Growth and Disorders,41,71,30,0.0002,0.0003,0.01
T11965,"Quantum, superfluid, helium dynamics",91,20,-71,0.0004,0.0001,-0.03
T11753,Forest Management and Policy,62,49,-13,0.0003,0.0002,-0.01
T13702,Machine Learning in Healthcare,50,61,11,0.0002,0.0003,0.0
T11579,Cardiovascular and Diving-Related Complications,61,50,-11,0.0003,0.0002,-0.0
T11740,Geochemistry and Elemental Analysis,58,52,-6,0.0003,0.0002,-0.0
T11725,Immunodeficiency and Autoimmune Disorders,51,59,8,0.0002,0.0003,0.0
T12166,Ion-surface interactions and analysis,54,56,2,0.0002,0.0002,0.0
T11120,Nonprofit Sector and Volunteering,49,61,12,0.0002,0.0003,0.01
T11792,Pharmaceutical Economics and Policy,43,67,24,0.0002,0.0003,0.01
T10685,Viral-associated cancers and disorders,53,57,4,0.0002,0.0002,0.0
T10128,Global trade and economics,68,42,-26,0.0003,0.0002,-0.01
T10151,Hepatitis C virus research,57,53,-4,0.0002,0.0002,-0.0
T11583,Advanced Measurement and Metrology Techniques,88,22,-66,0.0004,0.0001,-0.03
T12430,Academic and Historical Perspectives in Psychology,67,43,-24,0.0003,0.0002,-0.01
T12321,Insect Pheromone Research and Control,46,64,18,0.0002,0.0003,0.01
T12230,Cardiovascular Issues in Pregnancy,69,40,-29,0.0003,0.0002,-0.01
T10674,School Choice and Performance,62,47,-15,0.0003,0.0002,-0.01
T12724,Water-Energy-Food Nexus Studies,76,33,-43,0.0003,0.0001,-0.02
T12748,Molecular spectroscopy and chirality,83,26,-57,0.0004,0.0001,-0.02
T10296,Vector-borne infectious diseases,42,67,25,0.0002,0.0003,0.01
T10963,Advanced Optimization Algorithms Research,41,67,26,0.0002,0.0003,0.01
T11507,Religion and Society Interactions,56,52,-4,0.0002,0.0002,-0.0
T12328,Autoimmune and Inflammatory Disorders,53,55,2,0.0002,0.0002,0.0
T11287,Cancer Genomics and Diagnostics,78,30,-48,0.0003,0.0001,-0.02
T12381,Electron Spin Resonance Studies,52,56,4,0.0002,0.0002,0.0
T12769,Stoma care and complications,58,50,-8,0.0003,0.0002,-0.0
T11029,Renal Diseases and Glomerulopathies,41,67,26,0.0002,0.0003,0.01
T10062,MicroRNA in disease regulation,56,52,-4,0.0002,0.0002,-0.0
T11083,Cardiac Health and Mental Health,60,48,-12,0.0003,0.0002,-0.01
T10608,Neurogenesis and neuroplasticity mechanisms,41,67,26,0.0002,0.0003,0.01
T10209,Global Maternal and Child Health,65,42,-23,0.0003,0.0002,-0.01
T13075,Legal Systems and Judicial Processes,102,5,-97,0.0004,0.0,-0.04
T12557,Inorganic Chemistry and Materials,50,57,7,0.0002,0.0002,0.0
T10764,Privacy-Preserving Technologies in Data,54,53,-1,0.0002,0.0002,-0.0
T11463,Classical Philosophy and Thought,51,56,5,0.0002,0.0002,0.0
T11045,"Privacy, Security, and Data Protection",53,54,1,0.0002,0.0002,0.0
T11203,Jewish and Middle Eastern Studies,65,41,-24,0.0003,0.0002,-0.01
T10116,Sperm and Testicular Function,35,71,36,0.0002,0.0003,0.02
T10731,Educational Games and Gamification,32,74,42,0.0001,0.0003,0.02
T12108,Management of metastatic bone disease,61,45,-16,0.0003,0.0002,-0.01
T11358,Dysphagia Assessment and Management,53,53,0,0.0002,0.0002,0.0
T12229,Pharmacological Effects and Toxicity Studies,93,13,-80,0.0004,0.0001,-0.03
T10766,Urban Heat Island Mitigation,53,53,0,0.0002,0.0002,0.0
T10666,Photonic Crystals and Applications,65,41,-24,0.0003,0.0002,-0.01
T12389,Infrared Target Detection Methodologies,90,16,-74,0.0004,0.0001,-0.03
T11173,Neurofibromatosis and Schwannoma Cases,59,47,-12,0.0003,0.0002,-0.01
T11024,Information Systems Theories and Implementation,31,75,44,0.0001,0.0003,0.02
T12172,Neutropenia and Cancer Infections,61,45,-16,0.0003,0.0002,-0.01
T10304,Geometric and Algebraic Topology,41,64,23,0.0002,0.0003,0.01
T10147,Antibiotic Resistance in Bacteria,47,58,11,0.0002,0.0003,0.0
T10203,Recommender Systems and Techniques,44,61,17,0.0002,0.0003,0.01
T12040,International Arbitration and Investment Law,58,47,-11,0.0003,0.0002,-0.0
T10429,EEG and Brain-Computer Interfaces,66,39,-27,0.0003,0.0002,-0.01
T10447,Environmental Toxicology and Ecotoxicology,34,71,37,0.0001,0.0003,0.02
T11699,High-Velocity Impact and Material Behavior,55,50,-5,0.0002,0.0002,-0.0
T11824,Injury Epidemiology and Prevention,65,40,-25,0.0003,0.0002,-0.01
T10781,Plasma Diagnostics and Applications,51,54,3,0.0002,0.0002,0.0
T11553,Acne and Rosacea Treatments and Effects,54,51,-3,0.0002,0.0002,-0.0
T11164,Remote Sensing and LiDAR Applications,64,41,-23,0.0003,0.0002,-0.01
T10659,Marine animal studies overview,64,40,-24,0.0003,0.0002,-0.01
T12041,Public Health Policies and Education,68,36,-32,0.0003,0.0002,-0.01
T11255,Microfluidic and Bio-sensing Technologies,71,33,-38,0.0003,0.0001,-0.02
T11191,Mathematical functions and polynomials,48,56,8,0.0002,0.0002,0.0
T10621,Gene Regulatory Network Analysis,53,51,-2,0.0002,0.0002,-0.0
T11432,Gender Politics and Representation,59,45,-14,0.0003,0.0002,-0.01
T12035,Pain Management and Placebo Effect,66,38,-28,0.0003,0.0002,-0.01
T12339,Medical Malpractice and Liability Issues,72,32,-40,0.0003,0.0001,-0.02
T11193,Adenosine and Purinergic Signaling,56,48,-8,0.0002,0.0002,-0.0
T10995,Methane Hydrates and Related Phenomena,88,16,-72,0.0004,0.0001,-0.03
T13447,Educational and Psychological Assessments,84,20,-64,0.0004,0.0001,-0.03
T12286,Erythrocyte Function and Pathophysiology,69,35,-34,0.0003,0.0002,-0.01
T10479,Structural Behavior of Reinforced Concrete,56,48,-8,0.0002,0.0002,-0.0
T11585,Exercise and Physiological Responses,67,37,-30,0.0003,0.0002,-0.01
T11886,Agricultural risk and resilience,64,39,-25,0.0003,0.0002,-0.01
T10229,Geometric Analysis and Curvature Flows,45,58,13,0.0002,0.0003,0.01
T11967,Electrolyte and hormonal disorders,54,49,-5,0.0002,0.0002,-0.0
T12510,Magneto-Optical Properties and Applications,55,48,-7,0.0002,0.0002,-0.0
T10612,Magnetism in coordination complexes,67,36,-31,0.0003,0.0002,-0.01
T11860,"HIV, Drug Use, Sexual Risk",52,51,-1,0.0002,0.0002,-0.0
T13138,Legal and Constitutional Studies,57,46,-11,0.0002,0.0002,-0.0
T10512,Orthopaedic implants and arthroplasty,58,45,-13,0.0003,0.0002,-0.01
T11364,Cholangiocarcinoma and Gallbladder Cancer Studies,53,50,-3,0.0002,0.0002,-0.0
T11268,Light effects on plants,58,45,-13,0.0003,0.0002,-0.01
T10225,Essential Oils and Antimicrobial Activity,61,42,-19,0.0003,0.0002,-0.01
T11039,Evaluation of Teaching Practices,37,65,28,0.0002,0.0003,0.01
T11689,Adversarial Robustness in Machine Learning,47,55,8,0.0002,0.0002,0.0
T11106,Data Management and Algorithms,76,26,-50,0.0003,0.0001,-0.02
T10121,Building Energy and Comfort Optimization,47,55,8,0.0002,0.0002,0.0
T11909,Histiocytic Disorders and Treatments,45,57,12,0.0002,0.0002,0.01
T10966,Liver physiology and pathology,40,62,22,0.0002,0.0003,0.01
T10689,Remote-Sensing Image Classification,30,71,41,0.0001,0.0003,0.02
T10851,Optical Wireless Communication Technologies,35,66,31,0.0002,0.0003,0.01
T11747,Metal-Catalyzed Oxygenation Mechanisms,21,80,59,0.0001,0.0003,0.03
T12156,World Trade Organization Law,34,67,33,0.0001,0.0003,0.01
T11422,Burn Injury Management and Outcomes,44,57,13,0.0002,0.0002,0.01
T11345,Cognitive and developmental aspects of mathematical skills,62,39,-23,0.0003,0.0002,-0.01
T10773,Extracellular vesicles in disease,47,54,7,0.0002,0.0002,0.0
T12356,Bioactive Compounds and Antitumor Agents,45,56,11,0.0002,0.0002,0.0
T10262,Microwave Engineering and Waveguides,45,55,10,0.0002,0.0002,0.0
T11701,Space Satellite Systems and Control,40,60,20,0.0002,0.0003,0.01
T10722,Work-Family Balance Challenges,44,56,12,0.0002,0.0002,0.01
T10925,Spinal Cord Injury Research,52,48,-4,0.0002,0.0002,-0.0
T13252,Sex and Gender in Healthcare,52,48,-4,0.0002,0.0002,-0.0
T11426,Genetically Modified Organisms Research,43,57,14,0.0002,0.0002,0.01
T11337,Tryptophan and brain disorders,64,36,-28,0.0003,0.0002,-0.01
T11010,"Logic, Reasoning, and Knowledge",46,53,7,0.0002,0.0002,0.0
T14072,Immunotoxicology and immune responses,15,84,69,0.0001,0.0004,0.03
T11319,Curcumin's Biomedical Applications,48,51,3,0.0002,0.0002,0.0
T12873,"Nutrition, Health and Food Behavior",9,90,81,0.0,0.0004,0.04
T11089,Radioactive contamination and transfer,53,46,-7,0.0002,0.0002,-0.0
T11473,Appendicitis Diagnosis and Management,56,43,-13,0.0002,0.0002,-0.01
T13884,Educational Leadership and Practices,57,42,-15,0.0002,0.0002,-0.01
T10374,Advanced Graph Theory Research,35,64,29,0.0002,0.0003,0.01
T10783,Additive Manufacturing and 3D Printing Technologies,49,50,1,0.0002,0.0002,0.0
T11378,Gastrointestinal Bleeding Diagnosis and Treatment,33,66,33,0.0001,0.0003,0.01
T10528,"Adipokines, Inflammation, and Metabolic Diseases",55,44,-11,0.0002,0.0002,-0.0
T12555,Ancient Egypt and Archaeology,42,57,15,0.0002,0.0002,0.01
T11733,X-ray Spectroscopy and Fluorescence Analysis,56,43,-13,0.0002,0.0002,-0.01
T10634,Food Allergy and Anaphylaxis Research,49,50,1,0.0002,0.0002,0.0
T11124,Protein purification and stability,44,54,10,0.0002,0.0002,0.0
T10759,Translation Studies and Practices,43,55,12,0.0002,0.0002,0.01
T11839,Hormonal Regulation and Hypertension,76,22,-54,0.0003,0.0001,-0.02
T11950,Cardiovascular Syncope and Autonomic Disorders,60,38,-22,0.0003,0.0002,-0.01
T11316,Mycobacterium research and diagnosis,63,35,-28,0.0003,0.0002,-0.01
T10599,Reconstructive Surgery and Microvascular Techniques,56,42,-14,0.0002,0.0002,-0.01
T11716,Random Matrices and Applications,59,39,-20,0.0003,0.0002,-0.01
T11991,Soft tissue tumor case studies,47,51,4,0.0002,0.0002,0.0
T14472,Environmental and Cultural Studies in Latin America and Beyond,75,23,-52,0.0003,0.0001,-0.02
T10904,Embedded Systems Design Techniques,39,59,20,0.0002,0.0003,0.01
T11519,Digital Mental Health Interventions,66,31,-35,0.0003,0.0001,-0.02
T13493,Optical and Acousto-Optic Technologies,53,44,-9,0.0002,0.0002,-0.0
T12466,Near-Field Optical Microscopy,74,23,-51,0.0003,0.0001,-0.02
T10195,Antimicrobial Resistance in Staphylococcus,53,44,-9,0.0002,0.0002,-0.0
T13065,Mining Techniques and Economics,53,44,-9,0.0002,0.0002,-0.0
T12007,Plasma and Flow Control in Aerodynamics,41,56,15,0.0002,0.0002,0.01
T10390,Ovarian function and disorders,59,38,-21,0.0003,0.0002,-0.01
T10505,Pluripotent Stem Cells Research,49,48,-1,0.0002,0.0002,-0.0
T12343,Geography Education and Pedagogy,54,43,-11,0.0002,0.0002,-0.0
T11305,"Amyloidosis: Diagnosis, Treatment, Outcomes",55,42,-13,0.0002,0.0002,-0.01
T10140,Food composition and properties,48,49,1,0.0002,0.0002,0.0
T10400,Network Security and Intrusion Detection,56,41,-15,0.0002,0.0002,-0.01
T10363,Low-power high-performance VLSI design,54,43,-11,0.0002,0.0002,-0.0
T10732,Laser Material Processing Techniques,49,48,-1,0.0002,0.0002,-0.0
T11440,Click Chemistry and Applications,65,31,-34,0.0003,0.0001,-0.01
T10819,Mercury impact and mitigation studies,57,39,-18,0.0002,0.0002,-0.01
T11917,"Coagulation, Bradykinin, Polyphosphates, and Angioedema",66,30,-36,0.0003,0.0001,-0.02
T11462,Museums and Cultural Heritage,42,54,12,0.0002,0.0002,0.01
T12831,School Health and Nursing Education,36,60,24,0.0002,0.0003,0.01
T10752,Terahertz technology and applications,46,50,4,0.0002,0.0002,0.0
T10948,Advanced Combinatorial Mathematics,31,65,34,0.0001,0.0003,0.01
T10491,Enhanced Oil Recovery Techniques,57,39,-18,0.0002,0.0002,-0.01
T11172,Dermatologic Treatments and Research,43,53,10,0.0002,0.0002,0.0
T10483,Nerve injury and regeneration,59,37,-22,0.0003,0.0002,-0.01
T11805,Agricultural economics and policies,0,96,96,0.0,0.0004,0.04
T10943,Escherichia coli research studies,46,50,4,0.0002,0.0002,0.0
T11416,Numerical methods for differential equations,52,44,-8,0.0002,0.0002,-0.0
T11246,Sports injuries and prevention,47,48,1,0.0002,0.0002,0.0
T10978,Prenatal Screening and Diagnostics,63,32,-31,0.0003,0.0001,-0.01
T11183,Advanced X-ray Imaging Techniques,55,40,-15,0.0002,0.0002,-0.01
T11051,Sirtuins and Resveratrol in Medicine,56,39,-17,0.0002,0.0002,-0.01
T10059,Bone Tissue Engineering Materials,47,48,1,0.0002,0.0002,0.0
T11587,Second Language Acquisition and Learning,41,54,13,0.0002,0.0002,0.01
T11030,Scoliosis diagnosis and treatment,47,48,1,0.0002,0.0002,0.0
T11198,Japanese History and Culture,49,45,-4,0.0002,0.0002,-0.0
T12028,Knowledge Management and Sharing,66,28,-38,0.0003,0.0001,-0.02
T13490,Aquatic Ecosystems and Biodiversity,64,30,-34,0.0003,0.0001,-0.01
T10221,Composite Structure Analysis and Optimization,48,46,-2,0.0002,0.0002,-0.0
T11327,Acupuncture Treatment Research Studies,44,50,6,0.0002,0.0002,0.0
T14316,"Nursing Education, Practice, and Leadership",51,43,-8,0.0002,0.0002,-0.0
T11513,stochastic dynamics and bifurcation,52,42,-10,0.0002,0.0002,-0.0
T11350,Sex work and related issues,55,39,-16,0.0002,0.0002,-0.01
T11763,Intracerebral and Subarachnoid Hemorrhage Research,48,46,-2,0.0002,0.0002,-0.0
T13051,Qualitative Comparative Analysis Research,57,37,-20,0.0002,0.0002,-0.01
T10713,Structural Load-Bearing Analysis,49,45,-4,0.0002,0.0002,-0.0
T10542,Vestibular and auditory disorders,54,40,-14,0.0002,0.0002,-0.01
T11804,Quantum many-body systems,38,56,18,0.0002,0.0002,0.01
T12449,Spacecraft Design and Technology,44,50,6,0.0002,0.0002,0.0
T12141,Fluid Dynamics and Thin Films,51,43,-8,0.0002,0.0002,-0.0
T10854,Bipolar Disorder and Treatment,43,51,8,0.0002,0.0002,0.0
T12364,Archaeological Research and Protection,46,47,1,0.0002,0.0002,0.0
T11737,Advanced Materials and Mechanics,48,45,-3,0.0002,0.0002,-0.0
T12246,Chronic Disease Management Strategies,45,48,3,0.0002,0.0002,0.0
T13248,Healthcare Technology and Patient Monitoring,53,40,-13,0.0002,0.0002,-0.01
T11205,Numerical methods in inverse problems,31,62,31,0.0001,0.0003,0.01
T10883,Ethics and Social Impacts of AI,41,52,11,0.0002,0.0002,0.0
T10616,Smart Agriculture and AI,34,59,25,0.0001,0.0003,0.01
T12153,Advanced Optical Sensing Technologies,59,34,-25,0.0003,0.0001,-0.01
T10165,Classical Antiquity Studies,47,46,-1,0.0002,0.0002,-0.0
T14030,Taxation and Legal Issues,30,63,33,0.0001,0.0003,0.01
T14312,Historical Studies in Central America,9,84,75,0.0,0.0004,0.03
T11638,Cardiac tumors and thrombi,48,45,-3,0.0002,0.0002,-0.0
T12586,"Folklore, Mythology, and Literature Studies",48,45,-3,0.0002,0.0002,-0.0
T12749,"Race, Genetics, and Society",42,51,9,0.0002,0.0002,0.0
T11080,Surgical site infection prevention,40,52,12,0.0002,0.0002,0.01
T13497,Hermeneutics and Narrative Identity,89,3,-86,0.0004,0.0,-0.04
T10964,Wireless Communication Security Techniques,40,52,12,0.0002,0.0002,0.01
T11179,Nematode management and characterization studies,50,42,-8,0.0002,0.0002,-0.0
T11563,Indian and Buddhist Studies,29,63,34,0.0001,0.0003,0.01
T12327,Various Chemistry Research Topics,61,31,-30,0.0003,0.0001,-0.01
T10941,Musicology and Musical Analysis,41,51,10,0.0002,0.0002,0.0
T11290,Preterm Birth and Chorioamnionitis,53,39,-14,0.0002,0.0002,-0.01
T11385,Natural product bioactivities and synthesis,49,43,-6,0.0002,0.0002,-0.0
T10777,Politics and Society in Latin America,61,31,-30,0.0003,0.0001,-0.01
T13607,Academic Publishing and Open Access,49,43,-6,0.0002,0.0002,-0.0
T10244,Chaos control and synchronization,27,64,37,0.0001,0.0003,0.02
T10510,Stroke Rehabilitation and Recovery,50,41,-9,0.0002,0.0002,-0.0
T11150,Endoplasmic Reticulum Stress and Disease,55,36,-19,0.0002,0.0002,-0.01
T13561,Chemical Reactions and Isotopes,60,31,-29,0.0003,0.0001,-0.01
T12083,Karst Systems and Hydrogeology,37,54,17,0.0002,0.0002,0.01
T10355,Impact of Technology on Adolescents,62,29,-33,0.0003,0.0001,-0.01
T10900,Listeria monocytogenes in Food Safety,42,49,7,0.0002,0.0002,0.0
T11859,Educator Training and Historical Pedagogy,67,23,-44,0.0003,0.0001,-0.02
T11502,Facility Location and Emergency Management,40,50,10,0.0002,0.0002,0.0
T12492,Zoonotic diseases and public health,56,34,-22,0.0002,0.0001,-0.01
T11197,Digital Games and Media,54,36,-18,0.0002,0.0002,-0.01
T12341,Spanish Linguistics and Language Studies,52,38,-14,0.0002,0.0002,-0.01
T10335,Colorectal Cancer Surgical Treatments,43,47,4,0.0002,0.0002,0.0
T12191,Chemical Reaction Mechanisms,29,61,32,0.0001,0.0003,0.01
T11666,Color Science and Applications,51,39,-12,0.0002,0.0002,-0.01
T11402,Vascular Malformations Diagnosis and Treatment,48,42,-6,0.0002,0.0002,-0.0
T11815,Urological Disorders and Treatments,59,31,-28,0.0003,0.0001,-0.01
T11743,Political Economy and Marxism,60,30,-30,0.0003,0.0001,-0.01
T10163,Metal complexes synthesis and properties,64,26,-38,0.0003,0.0001,-0.02
T12061,Axon Guidance and Neuronal Signaling,54,35,-19,0.0002,0.0002,-0.01
T10673,Gestational Diabetes Research and Management,55,34,-21,0.0002,0.0001,-0.01
T11521,Salivary Gland Disorders and Functions,56,33,-23,0.0002,0.0001,-0.01
T11943,Pharmacovigilance and Adverse Drug Reactions,27,62,35,0.0001,0.0003,0.02
T13727,Linguistic and Sociocultural Studies,2,87,85,0.0,0.0004,0.04
T10239,Urban Planning and Governance,33,56,23,0.0001,0.0002,0.01
T10993,Complement system in diseases,39,50,11,0.0002,0.0002,0.0
T12066,Obesity and Health Practices,63,26,-37,0.0003,0.0001,-0.02
T11041,Ubiquitin and proteasome pathways,55,34,-21,0.0002,0.0001,-0.01
T10274,Synthesis and biological activity,28,61,33,0.0001,0.0003,0.01
T11826,Ocular Infections and Treatments,40,49,9,0.0002,0.0002,0.0
T11328,Ocular Oncology and Treatments,49,40,-9,0.0002,0.0002,-0.0
T11715,Education and Critical Thinking Development,81,8,-73,0.0004,0.0,-0.03
T11862,"Agriculture, Land Use, Rural Development",45,43,-2,0.0002,0.0002,-0.0
T11533,Melanoma and MAPK Pathways,56,32,-24,0.0002,0.0001,-0.01
T11573,Risk Perception and Management,40,48,8,0.0002,0.0002,0.0
T11411,Tea Polyphenols and Effects,46,42,-4,0.0002,0.0002,-0.0
T10052,Medical Image Segmentation Techniques,23,65,42,0.0001,0.0003,0.02
T11282,Fibromyalgia and Chronic Fatigue Syndrome Research,61,27,-34,0.0003,0.0001,-0.01
T11688,Microbial infections and disease research,39,49,10,0.0002,0.0002,0.0
T11923,Mine drainage and remediation techniques,59,29,-30,0.0003,0.0001,-0.01
T11389,Maternal and fetal healthcare,47,41,-6,0.0002,0.0002,-0.0
T11239,Social Capital and Networks,54,34,-20,0.0002,0.0001,-0.01
T11959,Employment and Welfare Studies,69,19,-50,0.0003,0.0001,-0.02
T12736,Criminal Justice and Penology,2,86,84,0.0,0.0004,0.04
T12561,bioluminescence and chemiluminescence research,56,31,-25,0.0002,0.0001,-0.01
T10640,Spectroscopy and Chemometric Analyses,51,36,-15,0.0002,0.0002,-0.01
T13100,Comparative Animal Anatomy Studies,9,78,69,0.0,0.0003,0.03
T11895,Social and Cultural Dynamics,67,20,-47,0.0003,0.0001,-0.02
T11654,Advanced Mathematical Physics Problems,40,47,7,0.0002,0.0002,0.0
T10474,Material Dynamics and Properties,45,42,-3,0.0002,0.0002,-0.0
T12611,Neural Networks and Reservoir Computing,51,36,-15,0.0002,0.0002,-0.01
T11156,Reproductive Health and Technologies,44,43,-1,0.0002,0.0002,-0.0
T13638,Human auditory perception and evaluation,87,0,-87,0.0004,0.0,-0.04
T12982,Legal principles and applications,44,43,-1,0.0002,0.0002,-0.0
T12934,Plant and fungal interactions,39,48,9,0.0002,0.0002,0.0
T11696,Conflict Management and Negotiation,39,48,9,0.0002,0.0002,0.0
T12770,Amino Acid Enzymes and Metabolism,41,46,5,0.0002,0.0002,0.0
T11367,Particle accelerators and beam dynamics,38,49,11,0.0002,0.0002,0.0
T11377,Retinal and Macular Surgery,51,35,-16,0.0002,0.0002,-0.01
T10080,Energy Efficient Wireless Sensor Networks,43,43,0,0.0002,0.0002,0.0
T11719,Data Quality and Management,59,27,-32,0.0003,0.0001,-0.01
T12848,Psychological Testing and Assessment,27,59,32,0.0001,0.0003,0.01
T11656,Turtle Biology and Conservation,50,36,-14,0.0002,0.0002,-0.01
T11196,Non-Invasive Vital Sign Monitoring,40,46,6,0.0002,0.0002,0.0
T11746,Inorganic and Organometallic Chemistry,30,56,26,0.0001,0.0002,0.01
T12838,Photovoltaic Systems and Sustainability,47,39,-8,0.0002,0.0002,-0.0
T12870,Seedling growth and survival studies,46,40,-6,0.0002,0.0002,-0.0
T11811,Cutaneous lymphoproliferative disorders research,60,26,-34,0.0003,0.0001,-0.01
T12717,Space exploration and regulation,47,39,-8,0.0002,0.0002,-0.0
T10058,Entrepreneurship Studies and Influences,40,46,6,0.0002,0.0002,0.0
T10643,Marine and coastal plant biology,64,22,-42,0.0003,0.0001,-0.02
T10567,Vehicle Routing Optimization Methods,44,42,-2,0.0002,0.0002,-0.0
T11852,Clay minerals and soil interactions,74,12,-62,0.0003,0.0001,-0.03
T11232,Urinary Tract Infections Management,48,38,-10,0.0002,0.0002,-0.0
T10402,Phase Equilibria and Thermodynamics,37,48,11,0.0002,0.0002,0.0
T12161,Plant Surface Properties and Treatments,53,32,-21,0.0002,0.0001,-0.01
T11105,Advanced Image Processing Techniques,32,53,21,0.0001,0.0002,0.01
T11789,Land Rights and Reforms,45,40,-5,0.0002,0.0002,-0.0
T11771,Plant Pathogens and Resistance,53,32,-21,0.0002,0.0001,-0.01
T10729,Electrospun Nanofibers in Biomedical Applications,58,27,-31,0.0003,0.0001,-0.01
T11770,Fiscal Policy and Economic Growth,76,9,-67,0.0003,0.0,-0.03
T12104,Protein Tyrosine Phosphatases,45,40,-5,0.0002,0.0002,-0.0
T11076,Policing Practices and Perceptions,30,55,25,0.0001,0.0002,0.01
T13256,Archaeology and Rock Art Studies,54,31,-23,0.0002,0.0001,-0.01
T10016,Adsorption and biosorption for pollutant removal,27,57,30,0.0001,0.0002,0.01
T10914,Tactile and Sensory Interactions,45,39,-6,0.0002,0.0002,-0.0
T11356,Pleural and Pulmonary Diseases,44,40,-4,0.0002,0.0002,-0.0
T14212,Health Promotion and Cardiovascular Prevention,23,61,38,0.0001,0.0003,0.02
T11237,Plant Gene Expression Analysis,44,40,-4,0.0002,0.0002,-0.0
T14354,Emergency Medicine Education and Research,2,82,80,0.0,0.0004,0.03
T10906,AI-based Problem Solving and Planning,48,36,-12,0.0002,0.0002,-0.01
T11168,International Development and Aid,61,23,-38,0.0003,0.0001,-0.02
T11330,Systemic Sclerosis and Related Diseases,42,42,0,0.0002,0.0002,0.0
T10961,Hernia repair and management,42,42,0,0.0002,0.0002,0.0
T10007,Monetary Policy and Economic Impact,51,33,-18,0.0002,0.0001,-0.01
T11526,Innovative Teaching Methods,40,44,4,0.0002,0.0002,0.0
T13984,"Nutrition, Genetics, and Disease",72,12,-60,0.0003,0.0001,-0.03
T10460,Electronic Packaging and Soldering Technologies,41,43,2,0.0002,0.0002,0.0
T11018,Lower Extremity Biomechanics and Pathologies,34,49,15,0.0001,0.0002,0.01
T11814,Advanced Manufacturing and Logistics Optimization,49,34,-15,0.0002,0.0001,-0.01
T12983,Satellite Image Processing and Photogrammetry,18,65,47,0.0001,0.0003,0.02
T12053,Minimally Invasive Surgical Techniques,38,45,7,0.0002,0.0002,0.0
T10765,Marine Biology and Ecology Research,44,39,-5,0.0002,0.0002,-0.0
T10975,Bone Tumor Diagnosis and Treatments,37,46,9,0.0002,0.0002,0.0
T12592,Opinion Dynamics and Social Influence,72,11,-61,0.0003,0.0,-0.03
T10757,Geographic Information Systems Studies,58,25,-33,0.0003,0.0001,-0.01
T11536,Consumer Retail Behavior Studies,37,46,9,0.0002,0.0002,0.0
T10533,Teaching and Learning Programming,37,46,9,0.0002,0.0002,0.0
T11166,Analytic Number Theory Research,19,64,45,0.0001,0.0003,0.02
T11184,Neonatal and fetal brain pathology,50,33,-17,0.0002,0.0001,-0.01
T12101,Advanced Bandit Algorithms Research,40,42,2,0.0002,0.0002,0.0
T11283,Experimental Learning in Engineering,65,17,-48,0.0003,0.0001,-0.02
T11793,"Recreation, Leisure, Wilderness Management",28,54,26,0.0001,0.0002,0.01
T13522,Cardiovascular Health and Risk Factors,41,41,0,0.0002,0.0002,0.0
T12067,Renal and Vascular Pathologies,51,31,-20,0.0002,0.0001,-0.01
T11518,Cervical and Thoracic Myelopathy,43,39,-4,0.0002,0.0002,-0.0
T12773,Water Quality and Resources Studies,36,46,10,0.0002,0.0002,0.0
T10959,Student Assessment and Feedback,33,49,16,0.0001,0.0002,0.01
T10942,"Sports, Gender, and Society",56,26,-30,0.0002,0.0001,-0.01
T12335,"Sexuality, Behavior, and Technology",50,32,-18,0.0002,0.0001,-0.01
T13357,Property Rights and Legal Doctrine,46,36,-10,0.0002,0.0002,-0.0
T12275,Gender and Feminist Studies,2,80,78,0.0,0.0003,0.03
T12289,Library Science and Administration,50,32,-18,0.0002,0.0001,-0.01
T13831,Archaeological and Geological Studies,10,72,62,0.0,0.0003,0.03
T10938,Phase Change Materials Research,45,36,-9,0.0002,0.0002,-0.0
T12677,Sports Dynamics and Biomechanics,44,37,-7,0.0002,0.0002,-0.0
T11861,Thermal Regulation in Medicine,47,34,-13,0.0002,0.0001,-0.01
T11088,Marine Bivalve and Aquaculture Studies,57,24,-33,0.0002,0.0001,-0.01
T12553,Psychedelics and Drug Studies,45,36,-9,0.0002,0.0002,-0.0
T10679,Service-Oriented Architecture and Web Services,60,21,-39,0.0003,0.0001,-0.02
T10424,Electric Power System Optimization,32,49,17,0.0001,0.0002,0.01
T10132,Advanced ceramic materials synthesis,37,44,7,0.0002,0.0002,0.0
T12421,Adrenal Hormones and Disorders,35,46,11,0.0002,0.0002,0.0
T11215,Chronic Myeloid Leukemia Treatments,57,23,-34,0.0002,0.0001,-0.01
T12422,Radiomics and Machine Learning in Medical Imaging,54,26,-28,0.0002,0.0001,-0.01
T13555,"Healthcare cost, quality, practices",47,33,-14,0.0002,0.0001,-0.01
T11026,Occupational and environmental lung diseases,41,39,-2,0.0002,0.0002,-0.0
T10079,Nanoparticles: synthesis and applications,39,41,2,0.0002,0.0002,0.0
T11742,Economic Theory and Policy,52,28,-24,0.0002,0.0001,-0.01
T11702,Parasitic Diseases Research and Treatment,34,46,12,0.0001,0.0002,0.01
T11538,Ophthalmology and Eye Disorders,40,40,0,0.0002,0.0002,0.0
T10192,Catalytic Processes in Materials Science,58,22,-36,0.0003,0.0001,-0.02
T10204,Microstructure and mechanical properties,31,49,18,0.0001,0.0002,0.01
T10260,Software Engineering Research,40,40,0,0.0002,0.0002,0.0
T10648,Virtual Reality Applications and Impacts,34,45,11,0.0001,0.0002,0.0
T11897,Digital Holography and Microscopy,33,46,13,0.0001,0.0002,0.01
T12060,Child Development and Digital Technology,48,31,-17,0.0002,0.0001,-0.01
T12448,Paranormal Experiences and Beliefs,46,33,-13,0.0002,0.0001,-0.01
T12116,Dermatological diseases and infestations,32,47,15,0.0001,0.0002,0.01
T10798,Crystallography and molecular interactions,38,41,3,0.0002,0.0002,0.0
T11420,Geographies of human-animal interactions,62,17,-45,0.0003,0.0001,-0.02
T11597,"Neutrophil, Myeloperoxidase and Oxidative Mechanisms",50,29,-21,0.0002,0.0001,-0.01
T11668,interferon and immune responses,33,46,13,0.0001,0.0002,0.01
T10558,Advancements in Semiconductor Devices and Circuit Design,37,41,4,0.0002,0.0002,0.0
T10669,Freshwater macroinvertebrate diversity and ecology,34,44,10,0.0001,0.0002,0.0
T13910,Computational and Text Analysis Methods,38,40,2,0.0002,0.0002,0.0
T12187,Glutathione Transferases and Polymorphisms,52,26,-26,0.0002,0.0001,-0.01
T12694,"Categorization, perception, and language",36,42,6,0.0002,0.0002,0.0
T12047,Viral Infections and Vectors,46,32,-14,0.0002,0.0001,-0.01
T11993,Atomic and Subatomic Physics Research,76,2,-74,0.0003,0.0,-0.03
T11478,Caching and Content Delivery,42,36,-6,0.0002,0.0002,-0.0
T11589,Gynecological conditions and treatments,34,43,9,0.0001,0.0002,0.0
T11066,Organic Food and Agriculture,51,26,-25,0.0002,0.0001,-0.01
T11004,Crustacean biology and ecology,48,29,-19,0.0002,0.0001,-0.01
T12003,Bioenergy crop production and management,45,32,-13,0.0002,0.0001,-0.01
T10695,Parasites and Host Interactions,37,40,3,0.0002,0.0002,0.0
T12488,Mental Health via Writing,37,40,3,0.0002,0.0002,0.0
T10813,Sport Psychology and Performance,29,48,19,0.0001,0.0002,0.01
T10417,Lung Cancer Treatments and Mutations,49,28,-21,0.0002,0.0001,-0.01
T13531,Surface and Thin Film Phenomena,27,50,23,0.0001,0.0002,0.01
T11276,Solar Radiation and Photovoltaics,45,32,-13,0.0002,0.0001,-0.01
T10003,Innovation and Knowledge Management,39,38,-1,0.0002,0.0002,-0.0
T11731,Global Health and Surgery,41,36,-5,0.0002,0.0002,-0.0
T11632,Family and Disability Support Research,60,16,-44,0.0003,0.0001,-0.02
T11910,Foreign Body Medical Cases,29,47,18,0.0001,0.0002,0.01
T12453,Infectious Aortic and Vascular Conditions,43,33,-10,0.0002,0.0001,-0.0
T10847,Advanced Optical Network Technologies,38,38,0,0.0002,0.0002,0.0
T12441,Porphyrin Metabolism and Disorders,53,23,-30,0.0002,0.0001,-0.01
T11023,Prosthetics and Rehabilitation Robotics,30,46,16,0.0001,0.0002,0.01
T10920,Advanced Drug Delivery Systems,23,53,30,0.0001,0.0002,0.01
T12536,Topological and Geometric Data Analysis,34,42,8,0.0001,0.0002,0.0
T11251,Meningioma and schwannoma management,44,32,-12,0.0002,0.0001,-0.01
T11722,Patient Satisfaction in Healthcare,47,29,-18,0.0002,0.0001,-0.01
T12708,Economic and Financial Impacts of Cancer,43,33,-10,0.0002,0.0001,-0.0
T13960,"Dietetics, Nutrition, and Education",37,39,2,0.0002,0.0002,0.0
T14007,Indigenous and Place-Based Education,34,42,8,0.0001,0.0002,0.0
T11686,Dendrimers and Hyperbranched Polymers,44,32,-12,0.0002,0.0001,-0.01
T10949,Genetic Neurodegenerative Diseases,51,25,-26,0.0002,0.0001,-0.01
T11827,Polyomavirus and related diseases,42,34,-8,0.0002,0.0001,-0.0
T12370,Advances in Cucurbitaceae Research,33,43,10,0.0001,0.0002,0.0
T11084,Workplace Health and Well-being,43,33,-10,0.0002,0.0001,-0.0
T10664,Sentiment Analysis and Opinion Mining,30,46,16,0.0001,0.0002,0.01
T11060,Infant Development and Preterm Care,47,29,-18,0.0002,0.0001,-0.01
T11875,Statistics Education and Methodologies,42,34,-8,0.0002,0.0001,-0.0
T11210,Mathematical Analysis and Transform Methods,3,73,70,0.0,0.0003,0.03
T11796,Horticultural and Viticultural Research,49,27,-22,0.0002,0.0001,-0.01
T10957,Photodynamic Therapy Research Studies,39,37,-2,0.0002,0.0002,-0.0
T11916,Legionella and Acanthamoeba research,42,33,-9,0.0002,0.0001,-0.0
T11068,Tendon Structure and Treatment,44,31,-13,0.0002,0.0001,-0.01
T12282,Mineral Processing and Grinding,46,29,-17,0.0002,0.0001,-0.01
T12937,Chemotherapy-related skin toxicity,44,31,-13,0.0002,0.0001,-0.01
T13645,Thermodynamic and Structural Properties of Metals and Alloys,8,67,59,0.0,0.0003,0.03
T10953,E-Government and Public Services,26,49,23,0.0001,0.0002,0.01
T13131,Collaborative Teaching and Inclusion,31,44,13,0.0001,0.0002,0.01
T10377,Metal and Thin Film Mechanics,46,29,-17,0.0002,0.0001,-0.01
T12684,Stuttering Research and Treatment,44,31,-13,0.0002,0.0001,-0.01
T11146,Hormonal and reproductive studies,49,26,-23,0.0002,0.0001,-0.01
T10157,Sports Performance and Training,44,31,-13,0.0002,0.0001,-0.01
T12963,Anesthesia and Neurotoxicity Research,67,8,-59,0.0003,0.0,-0.03
T12033,Agricultural Economics and Policy,57,18,-39,0.0002,0.0001,-0.02
T12830,Pectus Deformity Diagnosis and Treatment,35,40,5,0.0002,0.0002,0.0
T12600,Eosinophilic Disorders and Syndromes,50,25,-25,0.0002,0.0001,-0.01
T11785,Nausea and vomiting management,39,35,-4,0.0002,0.0002,-0.0
T11549,Synthetic Organic Chemistry Methods,69,5,-64,0.0003,0.0,-0.03
T11888,Gender Roles and Identity Studies,43,31,-12,0.0002,0.0001,-0.01
T10035,Phytochemicals and Antioxidant Activities,27,47,20,0.0001,0.0002,0.01
T12420,Silicone and Siloxane Chemistry,38,36,-2,0.0002,0.0002,-0.0
T10791,Advanced Control Systems Optimization,43,31,-12,0.0002,0.0001,-0.01
T10362,Biblical Studies and Interpretation,31,43,12,0.0001,0.0002,0.01
T11625,Abdominal vascular conditions and treatments,27,47,20,0.0001,0.0002,0.01
T13628,Agricultural Productivity and Crop Improvement,2,72,70,0.0,0.0003,0.03
T11396,Artificial Intelligence in Healthcare,25,49,24,0.0001,0.0002,0.01
T10036,Advanced Neural Network Applications,21,53,32,0.0001,0.0002,0.01
T11996,Random lasers and scattering media,29,45,16,0.0001,0.0002,0.01
T10579,Cognitive Radio Networks and Spectrum Sensing,26,48,22,0.0001,0.0002,0.01
T13261,Elasticity and Wave Propagation,16,58,42,0.0001,0.0003,0.02
T13944,Psychiatric care and mental health services,23,51,28,0.0001,0.0002,0.01
T12233,Geotechnical Engineering and Underground Structures,55,19,-36,0.0002,0.0001,-0.02
T12545,Global Education and Multiculturalism,49,25,-24,0.0002,0.0001,-0.01
T11828,Corneal Surgery and Treatments,45,29,-16,0.0002,0.0001,-0.01
T11160,Acoustic Wave Resonator Technologies,48,26,-22,0.0002,0.0001,-0.01
T12617,"Energy, Environment, and Transportation Policies",48,26,-22,0.0002,0.0001,-0.01
T11428,Advanced Mathematical Identities,29,45,16,0.0001,0.0002,0.01
T12893,Organic Chemistry Cycloaddition Reactions,46,28,-18,0.0002,0.0001,-0.01
T10440,Advanced Thermoelectric Materials and Devices,35,39,4,0.0002,0.0002,0.0
T10284,Anaerobic Digestion and Biogas Production,26,48,22,0.0001,0.0002,0.01
T11833,Spinal Dysraphism and Malformations,38,36,-2,0.0002,0.0002,-0.0
T13253,Chemical Reactions and Mechanisms,16,58,42,0.0001,0.0003,0.02
T12803,Cinema History and Criticism,6,68,62,0.0,0.0003,0.03
T12640,Environmental DNA in Biodiversity Studies,46,27,-19,0.0002,0.0001,-0.01
T12990,Medical History and Innovations,44,29,-15,0.0002,0.0001,-0.01
T12895,Environmental law and policy,37,36,-1,0.0002,0.0002,-0.0
T11540,"Gender, Feminism, and Media",52,21,-31,0.0002,0.0001,-0.01
T13967,"Conservation, Ecology, Wildlife Education",14,59,45,0.0001,0.0003,0.02
T12231,Contemporary Sociological Theory and Practice,34,39,5,0.0001,0.0002,0.0
T11127,Solid State Laser Technologies,35,38,3,0.0002,0.0002,0.0
T13067,Geological Modeling and Analysis,27,46,19,0.0001,0.0002,0.01
T11274,Botulinum Toxin and Related Neurological Disorders,56,17,-39,0.0002,0.0001,-0.02
T11481,Sulfur Compounds in Biology,52,21,-31,0.0002,0.0001,-0.01
T10212,Electrochemical sensors and biosensors,31,42,11,0.0001,0.0002,0.0
T13841,Psychology of Social Influence,42,31,-11,0.0002,0.0001,-0.0
T12220,Quantum Electrodynamics and Casimir Effect,38,35,-3,0.0002,0.0002,-0.0
T12377,Digital Humanities and Scholarship,40,33,-7,0.0002,0.0001,-0.0
T13077,Cancer-related cognitive impairment studies,50,22,-28,0.0002,0.0001,-0.01
T12170,History and Theory of Mathematics,41,31,-10,0.0002,0.0001,-0.0
T11655,HIV-related health complications and treatments,45,27,-18,0.0002,0.0001,-0.01
T10593,Bacterial biofilms and quorum sensing,34,38,4,0.0001,0.0002,0.0
T12465,"Cancer, Lipids, and Metabolism",44,28,-16,0.0002,0.0001,-0.01
T11338,Advancements in Photolithography Techniques,34,38,4,0.0001,0.0002,0.0
T12484,Retinopathy of Prematurity Studies,39,33,-6,0.0002,0.0001,-0.0
T13036,Veterinary Practice and Education Studies,52,20,-32,0.0002,0.0001,-0.01
T14506,Historical and Architectural Studies,24,48,24,0.0001,0.0002,0.01
T11292,Pediatric Pain Management Techniques,55,17,-38,0.0002,0.0001,-0.02
T11842,Ultrasound and Cavitation Phenomena,33,39,6,0.0001,0.0002,0.0
T12088,Intergenerational and Educational Inequality Studies,25,47,22,0.0001,0.0002,0.01
T11846,Cultural Heritage Management and Preservation,44,28,-16,0.0002,0.0001,-0.01
T12011,"Insurance, Mortality, Demography, Risk Management",33,39,6,0.0001,0.0002,0.0
T10929,Wnt/β-catenin signaling in development and cancer,42,30,-12,0.0002,0.0001,-0.01
T12127,Software System Performance and Reliability,51,20,-31,0.0002,0.0001,-0.01
T13063,Education and experiences of immigrants and refugees,24,47,23,0.0001,0.0002,0.01
T11495,Animal Virus Infections Studies,28,43,15,0.0001,0.0002,0.01
T14232,Water Resource Management and Quality,16,55,39,0.0001,0.0002,0.02
T10696,Gastric Cancer Management and Outcomes,36,35,-1,0.0002,0.0002,-0.0
T10338,Advanced Sensor and Energy Harvesting Materials,45,26,-19,0.0002,0.0001,-0.01
T12255,Biosimilars and Bioanalytical Methods,38,33,-5,0.0002,0.0001,-0.0
T10872,Veterinary Equine Medical Research,37,34,-3,0.0002,0.0001,-0.0
T12955,Atherosclerosis and Cardiovascular Diseases,35,36,1,0.0002,0.0002,0.0
T10758,Cinema and Media Studies,52,19,-33,0.0002,0.0001,-0.01
T12727,Differential Equations and Numerical Methods,32,39,7,0.0001,0.0002,0.0
T12026,Explainable Artificial Intelligence (XAI),27,43,16,0.0001,0.0002,0.01
T11956,Sexual Differentiation and Disorders,42,28,-14,0.0002,0.0001,-0.01
T12644,Wildlife-Road Interactions and Conservation,37,33,-4,0.0002,0.0001,-0.0
T10861,Ear Surgery and Otitis Media,31,39,8,0.0001,0.0002,0.0
T12398,Poetry Analysis and Criticism,24,46,22,0.0001,0.0002,0.01
T10743,Software Testing and Debugging Techniques,30,40,10,0.0001,0.0002,0.0
T12425,Industrial Gas Emission Control,24,46,22,0.0001,0.0002,0.01
T11303,Bayesian Modeling and Causal Inference,49,21,-28,0.0002,0.0001,-0.01
T11054,Adrenal and Paraganglionic Tumors,34,36,2,0.0001,0.0002,0.0
T11539,Survey Methodology and Nonresponse,20,50,30,0.0001,0.0002,0.01
T11674,Sports Analytics and Performance,34,36,2,0.0001,0.0002,0.0
T10030,Electrocatalysts for Energy Conversion,41,29,-12,0.0002,0.0001,-0.01
T12151,Interpreting and Communication in Healthcare,44,26,-18,0.0002,0.0001,-0.01
T12660,Plant Disease Management Techniques,50,20,-30,0.0002,0.0001,-0.01
T11663,Viral Infectious Diseases and Gene Expression in Insects,52,18,-34,0.0002,0.0001,-0.01
T12554,Vitamin C and Antioxidants Research,46,23,-23,0.0002,0.0001,-0.01
T10446,"Income, Poverty, and Inequality",32,37,5,0.0001,0.0002,0.0
T12022,Hydraulic flow and structures,30,39,9,0.0001,0.0002,0.0
T11528,Lichen and fungal ecology,56,13,-43,0.0002,0.0001,-0.02
T10478,Diamond and Carbon-based Materials Research,45,24,-21,0.0002,0.0001,-0.01
T11492,Academic integrity and plagiarism,24,45,21,0.0001,0.0002,0.01
T13141,Statistical Methods and Applications,2,67,65,0.0,0.0003,0.03
T11139,"Gout, Hyperuricemia, Uric Acid",33,36,3,0.0001,0.0002,0.0
T12352,Heparin-Induced Thrombocytopenia and Thrombosis,39,30,-9,0.0002,0.0001,-0.0
T11418,Plant Micronutrient Interactions and Effects,34,35,1,0.0001,0.0002,0.0
T11921,Electroconvulsive Therapy Studies,40,29,-11,0.0002,0.0001,-0.0
T14047,Marine and environmental studies,49,20,-29,0.0002,0.0001,-0.01
T11963,Impact of Light on Environment and Health,46,23,-23,0.0002,0.0001,-0.01
T11885,MRI in cancer diagnosis,37,32,-5,0.0002,0.0001,-0.0
T11069,Testicular diseases and treatments,36,33,-3,0.0002,0.0001,-0.0
T12474,Education Discipline and Inequality,48,21,-27,0.0002,0.0001,-0.01
T14400,Medical Coding and Health Information,25,44,19,0.0001,0.0002,0.01
T11855,Gastrointestinal disorders and treatments,47,22,-25,0.0002,0.0001,-0.01
T11003,Disability Rights and Representation,15,54,39,0.0001,0.0002,0.02
T13315,Occupational Health and Safety in Workplaces,1,68,67,0.0,0.0003,0.03
T11135,Virology and Viral Diseases,30,39,9,0.0001,0.0002,0.0
T12207,Assistive Technology in Communication and Mobility,20,49,29,0.0001,0.0002,0.01
T11438,Retinal Imaging and Analysis,33,36,3,0.0001,0.0002,0.0
T11245,Advanced Numerical Analysis Techniques,39,29,-10,0.0002,0.0001,-0.0
T12297,Otolaryngology and Infectious Diseases,30,38,8,0.0001,0.0002,0.0
T10194,Nonlinear Partial Differential Equations,12,56,44,0.0001,0.0002,0.02
T12693,"Migration, Ethnicity, and Economy",58,10,-48,0.0003,0.0,-0.02
T11933,Mining and Resource Management,35,33,-2,0.0002,0.0001,-0.0
T12790,Nursing Diagnosis and Documentation,38,30,-8,0.0002,0.0001,-0.0
T11375,Geotechnical Engineering and Soil Stabilization,35,32,-3,0.0002,0.0001,-0.0
T11298,Synthesis and Properties of Aromatic Compounds,38,29,-9,0.0002,0.0001,-0.0
T12018,Coronary Artery Anomalies,36,31,-5,0.0002,0.0001,-0.0
T11848,Heme Oxygenase-1 and Carbon Monoxide,46,21,-25,0.0002,0.0001,-0.01
T11516,Visual and Cognitive Learning Processes,42,25,-17,0.0002,0.0001,-0.01
T11501,TGF-β signaling in diseases,33,34,1,0.0001,0.0001,0.0
T11058,Ethics in Business and Education,38,29,-9,0.0002,0.0001,-0.0
T12568,Plant Taxonomy and Phylogenetics,48,19,-29,0.0002,0.0001,-0.01
T10797,Accounting and Organizational Management,22,45,23,0.0001,0.0002,0.01
T10624,Silicon and Solar Cell Technologies,36,31,-5,0.0002,0.0001,-0.0
T10502,Advanced Memory and Neural Computing,41,26,-15,0.0002,0.0001,-0.01
T12154,Pelvic and Acetabular Injuries,44,23,-21,0.0002,0.0001,-0.01
T11732,Assisted Reproductive Technology and Twin Pregnancy,44,23,-21,0.0002,0.0001,-0.01
T11795,Humor Studies and Applications,32,35,3,0.0001,0.0002,0.0
T10367,Agricultural Innovations and Practices,36,31,-5,0.0002,0.0001,-0.0
T11258,Breast Implant and Reconstruction,33,34,1,0.0001,0.0001,0.0
T10024,TiO2 Photocatalysis and Solar Cells,25,42,17,0.0001,0.0002,0.01
T13155,Digital Communication and Language,36,31,-5,0.0002,0.0001,-0.0
T11103,Antimicrobial Peptides and Activities,41,26,-15,0.0002,0.0001,-0.01
T12294,Agricultural Science and Fertilization,7,60,53,0.0,0.0003,0.02
T12285,Surface Chemistry and Catalysis,16,51,35,0.0001,0.0002,0.02
T10101,Cloud Computing and Resource Management,34,33,-1,0.0001,0.0001,-0.0
T13291,Political Theory and Democracy,3,64,61,0.0,0.0003,0.03
T13869,Ocular and Laser Science Research,51,15,-36,0.0002,0.0001,-0.02
T12278,Vascular Tumors and Angiosarcomas,38,28,-10,0.0002,0.0001,-0.0
T12124,Engineering Education and Curriculum Development,25,41,16,0.0001,0.0002,0.01
T11231,Microbial Fuel Cells and Bioremediation,31,35,4,0.0001,0.0002,0.0
T14257,Advanced Measurement and Detection Methods,9,57,48,0.0,0.0002,0.02
T12816,Global Public Health Policies and Epidemiology,47,19,-28,0.0002,0.0001,-0.01
T12076,Renaissance and Early Modern Studies,33,33,0,0.0001,0.0001,0.0
T12226,Neuroblastoma Research and Treatments,44,22,-22,0.0002,0.0001,-0.01
T11443,Advanced Statistical Process Monitoring,35,31,-4,0.0002,0.0001,-0.0
T13532,Education Systems and Policy,62,4,-58,0.0003,0.0,-0.03
T11459,Arctic and Antarctic ice dynamics,43,23,-20,0.0002,0.0001,-0.01
T11944,Participatory Visual Research Methods,36,30,-6,0.0002,0.0001,-0.0
T13721,Political Science Research and Education,19,47,28,0.0001,0.0002,0.01
T13391,Innovations in Aquaponics and Hydroponics Systems,26,40,14,0.0001,0.0002,0.01
T10940,Navier-Stokes equation solutions,23,43,20,0.0001,0.0002,0.01
T11928,Genetic Syndromes and Imprinting,41,24,-17,0.0002,0.0001,-0.01
T12871,Healthcare Quality and Management,9,56,47,0.0,0.0002,0.02
T11241,Advanced Malware Detection Techniques,51,14,-37,0.0002,0.0001,-0.02
T14437,Ethics and Legal Issues in Pediatric Healthcare,49,16,-33,0.0002,0.0001,-0.01
T11401,Minerals Flotation and Separation Techniques,36,29,-7,0.0002,0.0001,-0.0
T14374,Statistical Methods in Epidemiology,5,60,55,0.0,0.0003,0.02
T10456,Multi-Agent Systems and Negotiation,19,46,27,0.0001,0.0002,0.01
T13111,Nursing care and research,1,64,63,0.0,0.0003,0.03
T12500,Reflective Practices in Education,46,19,-27,0.0002,0.0001,-0.01
T14493,Criminal Law and Evidence,31,34,3,0.0001,0.0001,0.0
T13160,Synthesis and Biological Evaluation,51,14,-37,0.0002,0.0001,-0.02
T13173,Gender Studies in Language,38,27,-11,0.0002,0.0001,-0.0
T13156,Historical Linguistics and Language Studies,44,21,-23,0.0002,0.0001,-0.01
T12082,Takotsubo Cardiomyopathy and Associated Phenomena,36,29,-7,0.0002,0.0001,-0.0
T12218,Coal and Its By-products,39,26,-13,0.0002,0.0001,-0.01
T12418,Respiratory and Cough-Related Research,45,20,-25,0.0002,0.0001,-0.01
T13650,Computational Physics and Python Applications,51,13,-38,0.0002,0.0001,-0.02
T10462,Reinforcement Learning in Robotics,23,41,18,0.0001,0.0002,0.01
T10809,Occupational Health and Safety Research,52,12,-40,0.0002,0.0001,-0.02
T12792,Soil Management and Crop Yield,7,57,50,0.0,0.0002,0.02
T12442,Thermal Radiation and Cooling Technologies,24,40,16,0.0001,0.0002,0.01
T10655,GNSS positioning and interference,23,41,18,0.0001,0.0002,0.01
T11581,Viral Infections and Outbreaks Research,47,17,-30,0.0002,0.0001,-0.01
T13107,Congenital limb and hand anomalies,17,47,30,0.0001,0.0002,0.01
T12245,"Counseling, Therapy, and Family Dynamics",22,42,20,0.0001,0.0002,0.01
T11522,VLSI and FPGA Design Techniques,23,41,18,0.0001,0.0002,0.01
T13193,Geological Studies and Exploration,25,39,14,0.0001,0.0002,0.01
T11275,Composting and Vermicomposting Techniques,35,29,-6,0.0002,0.0001,-0.0
T10749,International Law and Human Rights,46,18,-28,0.0002,0.0001,-0.01
T12308,Mental Health and Psychiatry,49,15,-34,0.0002,0.0001,-0.01
T12908,"Media, Gender, and Advertising",32,32,0,0.0001,0.0001,0.0
T10838,Animal Behavior and Welfare Studies,37,27,-10,0.0002,0.0001,-0.0
T10431,Ethnobotanical and Medicinal Plants Studies,18,46,28,0.0001,0.0002,0.01
T14104,Developmental and Educational Neuropsychology,1,63,62,0.0,0.0003,0.03
T12854,Neurology and Historical Studies,31,33,2,0.0001,0.0001,0.0
T10409,Fuel Cells and Related Materials,42,22,-20,0.0002,0.0001,-0.01
T12438,Urticaria and Related Conditions,47,16,-31,0.0002,0.0001,-0.01
T10840,High Temperature Alloys and Creep,26,37,11,0.0001,0.0002,0.0
T12622,Neurosurgical Procedures and Complications,22,41,19,0.0001,0.0002,0.01
T10869,Polysaccharides and Plant Cell Walls,29,34,5,0.0001,0.0001,0.0
T12485,"Optimism, Hope, and Well-being",46,17,-29,0.0002,0.0001,-0.01
T11174,Pediatric Urology and Nephrology Studies,47,16,-31,0.0002,0.0001,-0.01
T12530,Bioactive Natural Diterpenoids Research,11,52,41,0.0,0.0002,0.02
T10340,Hepatitis B Virus Studies,37,26,-11,0.0002,0.0001,-0.0
T13068,Ancient Mediterranean Archaeology and History,27,36,9,0.0001,0.0002,0.0
T11424,Security and Verification in Computing,26,37,11,0.0001,0.0002,0.0
T10393,Economic Growth and Productivity,46,17,-29,0.0002,0.0001,-0.01
T11867,Traumatic Ocular and Foreign Body Injuries,46,17,-29,0.0002,0.0001,-0.01
T13885,Geophysics and Sensor Technology,54,9,-45,0.0002,0.0,-0.02
T14051,Regional Economic and Spatial Analysis,18,45,27,0.0001,0.0002,0.01
T14249,Water Quality Monitoring and Analysis,52,11,-41,0.0002,0.0,-0.02
T11667,Advanced Chemical Sensor Technologies,55,8,-47,0.0002,0.0,-0.02
T10998,Heat Transfer and Optimization,30,33,3,0.0001,0.0001,0.0
T12313,Emotions and Moral Behavior,42,20,-22,0.0002,0.0001,-0.01
T11515,Bacillus and Francisella bacterial research,39,23,-16,0.0002,0.0001,-0.01
T12400,Neurogenetic and Muscular Disorders Research,38,24,-14,0.0002,0.0001,-0.01
T10782,Nanoplatforms for cancer theranostics,46,16,-30,0.0002,0.0001,-0.01
T13946,Musculoskeletal Disorders and Rehabilitation,37,25,-12,0.0002,0.0001,-0.01
T11236,Control Systems and Identification,34,28,-6,0.0001,0.0001,-0.0
T10236,Aquatic Ecosystems and Phytoplankton Dynamics,24,38,14,0.0001,0.0002,0.01
T14330,Library Science and Information Systems,24,38,14,0.0001,0.0002,0.01
T12208,Occupational exposure and asthma,36,26,-10,0.0002,0.0001,-0.0
T11021,ECG Monitoring and Analysis,24,38,14,0.0001,0.0002,0.01
T11925,Culinary Culture and Tourism,55,7,-48,0.0002,0.0,-0.02
T11412,Genetic and Kidney Cyst Diseases,34,28,-6,0.0001,0.0001,-0.0
T12009,Hedgehog Signaling Pathway Studies,46,16,-30,0.0002,0.0001,-0.01
T10515,Cancer-related molecular mechanisms research,44,18,-26,0.0002,0.0001,-0.01
T13574,Family Support in Illness,56,6,-50,0.0002,0.0,-0.02
T11382,Fluid Dynamics and Heat Transfer,17,45,28,0.0001,0.0002,0.01
T14386,"Libraries, Manuscripts, and Books",9,53,44,0.0,0.0002,0.02
T10553,Combustion and flame dynamics,39,23,-16,0.0002,0.0001,-0.01
T11724,Inflammatory Myopathies and Dermatomyositis,38,24,-14,0.0002,0.0001,-0.01
T12915,Biochemical Acid Research Studies,36,26,-10,0.0002,0.0001,-0.0
T11778,Electrical and Bioimpedance Tomography,36,25,-11,0.0002,0.0001,-0.0
T12068,Neonatal Health and Biochemistry,44,17,-27,0.0002,0.0001,-0.01
T12732,Agriculture and Farm Safety,40,21,-19,0.0002,0.0001,-0.01
T11623,Hyperglycemia and glycemic control in critically ill and hospitalized patients,44,17,-27,0.0002,0.0001,-0.01
T12016,Web Data Mining and Analysis,34,27,-7,0.0001,0.0001,-0.0
T11957,Food Safety and Hygiene,31,30,-1,0.0001,0.0001,-0.0
T11838,"Crime, Illicit Activities, and Governance",38,23,-15,0.0002,0.0001,-0.01
T13280,Biomedical and Engineering Education,56,5,-51,0.0002,0.0,-0.02
T12564,Sensor Technology and Measurement Systems,50,10,-40,0.0002,0.0,-0.02
T10249,Distributed Control Multi-Agent Systems,30,30,0,0.0001,0.0001,0.0
T11176,Radiation Therapy and Dosimetry,38,22,-16,0.0002,0.0001,-0.01
T11648,"Diaspora, migration, transnational identity",23,37,14,0.0001,0.0002,0.01
T10727,Ultrasound Imaging and Elastography,24,36,12,0.0001,0.0002,0.01
T13951,Fluid dynamics and aerodynamics studies,13,47,34,0.0001,0.0002,0.01
T11391,Theatre and Performance Studies,18,42,24,0.0001,0.0002,0.01
T10271,Seismic Imaging and Inversion Techniques,41,19,-22,0.0002,0.0001,-0.01
T11720,Probability and Risk Models,47,13,-34,0.0002,0.0001,-0.01
T12185,Regulation and Compliance Studies,29,31,2,0.0001,0.0001,0.0
T11586,Congenital Diaphragmatic Hernia Studies,48,12,-36,0.0002,0.0001,-0.02
T14393,"Health, Environment, Cognitive Aging",49,11,-38,0.0002,0.0,-0.02
T12639,Global Energy and Sustainability Research,49,11,-38,0.0002,0.0,-0.02
T12396,Advanced Differential Equations and Dynamical Systems,23,37,14,0.0001,0.0002,0.01
T12457,Ecocriticism and Environmental Literature,18,42,24,0.0001,0.0002,0.01
T11908,Protein Interaction Studies and Fluorescence Analysis,33,27,-6,0.0001,0.0001,-0.0
T14062,Migration and Exile Studies,1,59,58,0.0,0.0003,0.03
T11968,High Altitude and Hypoxia,35,24,-11,0.0002,0.0001,-0.0
T12178,Bird parasitology and diseases,38,21,-17,0.0002,0.0001,-0.01
T11313,Immune cells in cancer,30,29,-1,0.0001,0.0001,-0.0
T12580,Vagus Nerve Stimulation Research,36,23,-13,0.0002,0.0001,-0.01
T11812,Nasal Surgery and Airway Studies,30,29,-1,0.0001,0.0001,-0.0
T13770,Pediatric health and respiratory diseases,51,8,-43,0.0002,0.0,-0.02
T13629,Text Readability and Simplification,31,28,-3,0.0001,0.0001,-0.0
T13219,Mind wandering and attention,33,26,-7,0.0001,0.0001,-0.0
T11531,Healthcare Systems and Reforms,33,26,-7,0.0001,0.0001,-0.0
T10559,Particle Accelerators and Free-Electron Lasers,36,23,-13,0.0002,0.0001,-0.01
T10531,Advanced Vision and Imaging,30,29,-1,0.0001,0.0001,-0.0
T13123,Advances in Oncology and Radiotherapy,51,8,-43,0.0002,0.0,-0.02
T14469,Renaissance Literature and Culture,14,45,31,0.0001,0.0002,0.01
T12656,"Climate Change, Adaptation, Migration",44,15,-29,0.0002,0.0001,-0.01
T10657,Topological Materials and Phenomena,29,30,1,0.0001,0.0001,0.0
T12858,Plant Disease Resistance and Genetics,38,21,-17,0.0002,0.0001,-0.01
T11817,"Housing, Finance, and Neoliberalism",49,10,-39,0.0002,0.0,-0.02
T13742,Metallurgy and Cultural Artifacts,15,44,29,0.0001,0.0002,0.01
T12863,Web and Library Services,30,28,-2,0.0001,0.0001,-0.0
T13890,Remote Sensing and Land Use,12,46,34,0.0001,0.0002,0.01
T11336,Energy and Environment Impacts,42,16,-26,0.0002,0.0001,-0.01
T11070,Soviet and Russian History,17,41,24,0.0001,0.0002,0.01
T11961,Neonatal and Maternal Infections,22,36,14,0.0001,0.0002,0.01
T11936,Chemical and Physical Properties in Aqueous Solutions,38,20,-18,0.0002,0.0001,-0.01
T12056,Markov Chains and Monte Carlo Methods,34,24,-10,0.0001,0.0001,-0.0
T10856,Intellectual Property and Patents,21,37,16,0.0001,0.0002,0.01
T10481,Computer Graphics and Visualization Techniques,29,29,0,0.0001,0.0001,0.0
T12386,Advanced X-ray and CT Imaging,49,9,-40,0.0002,0.0,-0.02
T12819,Environmental Philosophy and Ethics,17,41,24,0.0001,0.0002,0.01
T12754,Plant Growth and Agriculture Techniques,0,58,58,0.0,0.0003,0.03
T12281,Animal testing and alternatives,31,27,-4,0.0001,0.0001,-0.0
T12929,Animal Genetics and Reproduction,49,9,-40,0.0002,0.0,-0.02
T11113,Music History and Culture,37,21,-16,0.0002,0.0001,-0.01
T12840,Renal function and acid-base balance,50,8,-42,0.0002,0.0,-0.02
T11500,Evacuation and Crowd Dynamics,34,24,-10,0.0001,0.0001,-0.0
T11768,Music Therapy and Health,29,29,0,0.0001,0.0001,0.0
T12253,Urban Agriculture and Sustainability,33,25,-8,0.0001,0.0001,-0.0
T13641,Historical Studies and Socio-cultural Analysis,45,13,-32,0.0002,0.0001,-0.01
T11381,Infectious Diseases and Tuberculosis,39,19,-20,0.0002,0.0001,-0.01
T12251,Synthesis and Catalytic Reactions,46,12,-34,0.0002,0.0001,-0.01
T12342,Vascular anomalies and interventions,21,37,16,0.0001,0.0002,0.01
T11194,Ocular Diseases and Behçet’s Syndrome,32,26,-6,0.0001,0.0001,-0.0
T12768,Linguistics and language evolution,35,23,-12,0.0002,0.0001,-0.01
T13229,Gothic Literature and Media Analysis,26,32,6,0.0001,0.0001,0.0
T12910,Eicosanoids and Hypertension Pharmacology,49,9,-40,0.0002,0.0,-0.02
T12350,Particle Dynamics in Fluid Flows,34,23,-11,0.0001,0.0001,-0.0
T12678,Themes in Literature Analysis,35,22,-13,0.0002,0.0001,-0.01
T13656,"Science, Research, and Medicine",44,13,-31,0.0002,0.0001,-0.01
T11410,Cultural Industries and Urban Development,43,14,-29,0.0002,0.0001,-0.01
T10896,Homotopy and Cohomology in Algebraic Topology,31,26,-5,0.0001,0.0001,-0.0
T11976,Capital Investment and Risk Analysis,30,27,-3,0.0001,0.0001,-0.0
T14049,Plant and Fungal Species Descriptions,15,42,27,0.0001,0.0002,0.01
T11679,Craniofacial Disorders and Treatments,26,31,5,0.0001,0.0001,0.0
T11767,Poxvirus research and outbreaks,30,27,-3,0.0001,0.0001,-0.0
T12235,Child Abuse and Related Trauma,33,24,-9,0.0001,0.0001,-0.0
T12860,Family and Patient Care in Intensive Care Units,44,13,-31,0.0002,0.0001,-0.01
T11995,"FinTech, Crowdfunding, Digital Finance",28,29,1,0.0001,0.0001,0.0
T10078,Advanced Photocatalysis Techniques,26,31,5,0.0001,0.0001,0.0
T11728,Thyroid and Parathyroid Surgery,25,32,7,0.0001,0.0001,0.0
T11801,Reservoir Engineering and Simulation Methods,50,6,-44,0.0002,0.0,-0.02
T12981,Conservation Techniques and Studies,47,9,-38,0.0002,0.0,-0.02
T11964,Pregnancy and Medication Impact,28,28,0,0.0001,0.0001,0.0
T12499,"Diphtheria, Corynebacterium, and Tetanus",37,19,-18,0.0002,0.0001,-0.01
T11797,graph theory and CDMA systems,40,16,-24,0.0002,0.0001,-0.01
T14134,Medical and Biological Sciences,22,34,12,0.0001,0.0001,0.01
T10860,Speech and Audio Processing,33,23,-10,0.0001,0.0001,-0.0
T10823,Research on Leishmaniasis Studies,33,23,-10,0.0001,0.0001,-0.0
T11450,Model-Driven Software Engineering Techniques,35,21,-14,0.0002,0.0001,-0.01
T14158,Optical Systems and Laser Technology,20,36,16,0.0001,0.0002,0.01
T10473,Postharvest Quality and Shelf Life Management,24,32,8,0.0001,0.0001,0.0
T11302,CO2 Sequestration and Geologic Interactions,28,28,0,0.0001,0.0001,0.0
T11278,Calcium Carbonate Crystallization and Inhibition,23,33,10,0.0001,0.0001,0.0
T11751,Lattice Boltzmann Simulation Studies,44,12,-32,0.0002,0.0001,-0.01
T12140,Renal and related cancers,50,6,-44,0.0002,0.0,-0.02
T12228,Coordination Chemistry and Organometallics,25,31,6,0.0001,0.0001,0.0
T12796,Dermatological and COVID-19 studies,32,24,-8,0.0001,0.0001,-0.0
T10115,Corporate Social Responsibility Reporting,14,42,28,0.0001,0.0002,0.01
T12023,Cholinesterase and Neurodegenerative Diseases,40,16,-24,0.0002,0.0001,-0.01
T11603,Dust and Plasma Wave Phenomena,21,35,14,0.0001,0.0002,0.01
T11257,Taxation and Compliance Studies,34,22,-12,0.0001,0.0001,-0.01
T13435,Animal and Plant Science Education,43,13,-30,0.0002,0.0001,-0.01
T12369,Pneumocystis jirovecii pneumonia detection and treatment,44,12,-32,0.0002,0.0001,-0.01
T13297,History and advancements in chemistry,50,5,-45,0.0002,0.0,-0.02
T12333,Abdominal Surgery and Complications,32,23,-9,0.0001,0.0001,-0.0
T11346,Mast cells and histamine,27,28,1,0.0001,0.0001,0.0
T12477,Toxin Mechanisms and Immunotoxins,45,10,-35,0.0002,0.0,-0.02
T11380,Child Welfare and Adoption,25,30,5,0.0001,0.0001,0.0
T12293,Dam Engineering and Safety,33,22,-11,0.0001,0.0001,-0.0
T11624,Constructed Wetlands for Wastewater Treatment,32,23,-9,0.0001,0.0001,-0.0
T14144,Neurological Disease Mechanisms and Treatments,36,19,-17,0.0002,0.0001,-0.01
T12771,Plant pathogens and resistance mechanisms,44,11,-33,0.0002,0.0,-0.01
T11171,Diabetes and associated disorders,43,12,-31,0.0002,0.0001,-0.01
T12745,Dietary Effects on Health,37,18,-19,0.0002,0.0001,-0.01
T12291,Pericarditis and Cardiac Tamponade,31,24,-7,0.0001,0.0001,-0.0
T11226,Milk Quality and Mastitis in Dairy Cows,30,25,-5,0.0001,0.0001,-0.0
T12475,Plant Parasitism and Resistance,48,7,-41,0.0002,0.0,-0.02
T10779,Coastal wetland ecosystem dynamics,32,23,-9,0.0001,0.0001,-0.0
T11692,Noise Effects and Management,35,20,-15,0.0002,0.0001,-0.01
T12426,Lymphatic Disorders and Treatments,22,33,11,0.0001,0.0001,0.0
T11773,Healthcare Operations and Scheduling Optimization,26,29,3,0.0001,0.0001,0.0
T10704,Advancements in Transdermal Drug Delivery,27,28,1,0.0001,0.0001,0.0
T11427,Elbow and Forearm Trauma Treatment,28,27,-1,0.0001,0.0001,-0.0
T14395,African history and culture studies,34,20,-14,0.0001,0.0001,-0.01
T12538,Eosinophilic Esophagitis,40,14,-26,0.0002,0.0001,-0.01
T10545,Optimization and Variational Analysis,17,37,20,0.0001,0.0002,0.01
T11681,Nosocomial Infections in ICU,36,18,-18,0.0002,0.0001,-0.01
T12085,Collagen: Extraction and Characterization,20,34,14,0.0001,0.0001,0.01
T12020,Enhanced Recovery After Surgery,25,29,4,0.0001,0.0001,0.0
T10088,Thermochemical Biomass Conversion Processes,31,23,-8,0.0001,0.0001,-0.0
T11926,Subterranean biodiversity and taxonomy,36,18,-18,0.0002,0.0001,-0.01
T11509,Hip and Femur Fractures,34,20,-14,0.0001,0.0001,-0.01
T11870,Structural Analysis and Optimization,32,22,-10,0.0001,0.0001,-0.0
T12132,Hymenoptera taxonomy and phylogeny,10,44,34,0.0,0.0002,0.01
T11866,Reconstructive Facial Surgery Techniques,28,26,-2,0.0001,0.0001,-0.0
T12180,Polar Research and Ecology,38,16,-22,0.0002,0.0001,-0.01
T12569,Restless Legs Syndrome Research,32,22,-10,0.0001,0.0001,-0.0
T10526,HIV/AIDS drug development and treatment,31,23,-8,0.0001,0.0001,-0.0
T12876,Potassium and Related Disorders,34,20,-14,0.0001,0.0001,-0.01
T13412,Education and Technology Integration,36,18,-18,0.0002,0.0001,-0.01
T12336,Insect Utilization and Effects,49,5,-44,0.0002,0.0,-0.02
T12742,Sunflower and Safflower Cultivation,23,31,8,0.0001,0.0001,0.0
T12494,Alcoholism and Thiamine Deficiency,32,22,-10,0.0001,0.0001,-0.0
T12598,Cardiac Structural Anomalies and Repair,47,7,-40,0.0002,0.0,-0.02
T11607,Microwave and Dielectric Measurement Techniques,28,26,-2,0.0001,0.0001,-0.0
T10171,Biofuel production and bioconversion,39,15,-24,0.0002,0.0001,-0.01
T10461,Gas Sensing Nanomaterials and Sensors,36,18,-18,0.0002,0.0001,-0.01
T11952,Landfill Environmental Impact Studies,17,37,20,0.0001,0.0002,0.01
T11628,Myeloproliferative Neoplasms: Diagnosis and Treatment,29,25,-4,0.0001,0.0001,-0.0
T11673,Advanced Topics in Algebra,42,12,-30,0.0002,0.0001,-0.01
T12626,"Cancer, Stress, Anesthesia, and Immune Response",41,13,-28,0.0002,0.0001,-0.01
T12298,Phytochemicals and Medicinal Plants,31,23,-8,0.0001,0.0001,-0.0
T11008,Aerodynamics and Acoustics in Jet Flows,36,18,-18,0.0002,0.0001,-0.01
T11379,Rheology and Fluid Dynamics Studies,31,23,-8,0.0001,0.0001,-0.0
T11644,Spam and Phishing Detection,32,21,-11,0.0001,0.0001,-0.0
T12832,Biocrusts and Microbial Ecology,34,19,-15,0.0001,0.0001,-0.01
T10876,Fault Detection and Control Systems,40,13,-27,0.0002,0.0001,-0.01
T12309,solar cell performance optimization,34,19,-15,0.0001,0.0001,-0.01
T10270,Blockchain Technology Applications and Security,26,27,1,0.0001,0.0001,0.0
T13013,Free Radicals and Antioxidants,44,9,-35,0.0002,0.0,-0.02
T12471,History of Science and Natural History,22,31,9,0.0001,0.0001,0.0
T11496,Credit Risk and Financial Regulations,22,31,9,0.0001,0.0001,0.0
T12813,Plant and Biological Electrophysiology Studies,33,20,-13,0.0001,0.0001,-0.01
T12514,Fashion and Cultural Textiles,32,21,-11,0.0001,0.0001,-0.0
T12480,Health and Wellbeing Research,46,7,-39,0.0002,0.0,-0.02
T11675,Open Source Software Innovations,26,27,1,0.0001,0.0001,0.0
T10700,Metal Forming Simulation Techniques,29,24,-5,0.0001,0.0001,-0.0
T10125,Advanced Wireless Communication Techniques,24,29,5,0.0001,0.0001,0.0
T11042,Corruption and Economic Development,32,21,-11,0.0001,0.0001,-0.0
T10590,Chalcogenide Semiconductor Thin Films,36,17,-19,0.0002,0.0001,-0.01
T11122,Online Learning and Analytics,36,17,-19,0.0002,0.0001,-0.01
T12429,Chemotherapy-induced organ toxicity mitigation,25,28,3,0.0001,0.0001,0.0
T11918,Forecasting Techniques and Applications,22,31,9,0.0001,0.0001,0.0
T12596,Cephalopods and Marine Biology,39,14,-25,0.0002,0.0001,-0.01
T12797,History of Computing Technologies,29,24,-5,0.0001,0.0001,-0.0
T10444,Context-Aware Activity Recognition Systems,22,31,9,0.0001,0.0001,0.0
T11734,Decision Support System Applications,0,53,53,0.0,0.0002,0.02
T10470,Usability and User Interface Design,16,36,20,0.0001,0.0002,0.01
T11929,Cerebral Venous Sinus Thrombosis,31,21,-10,0.0001,0.0001,-0.0
T12849,Parvovirus B19 Infection Studies,34,18,-16,0.0001,0.0001,-0.01
T13338,Pharmacological Effects and Assays,39,13,-26,0.0002,0.0001,-0.01
T12120,Air Quality Monitoring and Forecasting,34,18,-16,0.0001,0.0001,-0.01
T11067,Colorectal Cancer Treatments and Studies,22,30,8,0.0001,0.0001,0.0
T14115,Legal processes and jurisprudence,1,51,50,0.0,0.0002,0.02
T11431,Action Observation and Synchronization,32,20,-12,0.0001,0.0001,-0.01
T12186,Phosphorus and nutrient management,34,18,-16,0.0001,0.0001,-0.01
T11572,Information Technology Governance and Strategy,17,35,18,0.0001,0.0002,0.01
T11660,Blood groups and transfusion,34,18,-16,0.0001,0.0001,-0.01
T11299,Problem and Project Based Learning,25,27,2,0.0001,0.0001,0.0
T10281,Advanced Battery Materials and Technologies,21,31,10,0.0001,0.0001,0.0
T12210,Policy Transfer and Learning,28,24,-4,0.0001,0.0001,-0.0
T10090,ZnO doping and properties,30,22,-8,0.0001,0.0001,-0.0
T12189,Sulfur-Based Synthesis Techniques,29,22,-7,0.0001,0.0001,-0.0
T13759,Medical Imaging and Pathology Studies,39,12,-27,0.0002,0.0001,-0.01
T11280,Hemophilia Treatment and Research,26,25,-1,0.0001,0.0001,-0.0
T11264,Coffee research and impacts,22,29,7,0.0001,0.0001,0.0
T10586,Robotic Path Planning Algorithms,33,18,-15,0.0001,0.0001,-0.01
T11437,Digital Platforms and Economics,36,15,-21,0.0002,0.0001,-0.01
T12447,Spider Taxonomy and Behavior Studies,14,37,23,0.0001,0.0002,0.01
T12359,Fern and Epiphyte Biology,30,21,-9,0.0001,0.0001,-0.0
T13735,History of Medical Practice,31,20,-11,0.0001,0.0001,-0.0
T12315,Older Adults Driving Studies,26,25,-1,0.0001,0.0001,-0.0
T11711,COVID-19 Pandemic Impacts,39,12,-27,0.0002,0.0001,-0.01
T11892,Kawasaki Disease and Coronary Complications,30,21,-9,0.0001,0.0001,-0.0
T12978,Innovative Teaching Methodologies in Social Sciences,18,33,15,0.0001,0.0001,0.01
T13047,Pharmacological Receptor Mechanisms and Effects,42,9,-33,0.0002,0.0,-0.01
T13877,Law in Society and Culture,49,2,-47,0.0002,0.0,-0.02
T11556,"Poverty, Education, and Child Welfare",32,19,-13,0.0001,0.0001,-0.01
T10932,Microbial Metabolic Engineering and Bioproduction,32,19,-13,0.0001,0.0001,-0.01
T13563,Chemical Analysis and Environmental Impact,36,15,-21,0.0002,0.0001,-0.01
T11591,NF-κB Signaling Pathways,29,22,-7,0.0001,0.0001,-0.0
T10201,Speech Recognition and Synthesis,28,23,-5,0.0001,0.0001,-0.0
T13583,Jury Decision Making Processes,25,26,1,0.0001,0.0001,0.0
T10313,Surface Modification and Superhydrophobicity,30,20,-10,0.0001,0.0001,-0.0
T11433,Emotional Intelligence and Performance,31,19,-12,0.0001,0.0001,-0.01
T11841,Nuclear Structure and Function,29,21,-8,0.0001,0.0001,-0.0
T10369,Advanced MEMS and NEMS Technologies,24,26,2,0.0001,0.0001,0.0
T10947,Fluorine in Organic Chemistry,35,15,-20,0.0002,0.0001,-0.01
T12274,Electrostatics and Colloid Interactions,24,26,2,0.0001,0.0001,0.0
T10289,European Union Policy and Governance,22,28,6,0.0001,0.0001,0.0
T10096,Metal-Organic Frameworks: Synthesis and Applications,31,19,-12,0.0001,0.0001,-0.01
T12675,Financial Reporting and Valuation Research,38,12,-26,0.0002,0.0001,-0.01
T12032,Multisensory perception and integration,31,19,-12,0.0001,0.0001,-0.01
T12158,Guidance and Control Systems,30,20,-10,0.0001,0.0001,-0.0
T11613,Phytochemistry and Biological Activities,29,21,-8,0.0001,0.0001,-0.0
T10807,Synthesis and characterization of novel inorganic/organometallic compounds,19,31,12,0.0001,0.0001,0.01
T12305,Cassava research and cyanide,39,11,-28,0.0002,0.0,-0.01
T12856,Transgenic Plants and Applications,32,18,-14,0.0001,0.0001,-0.01
T10738,Posthumanist Ethics and Activism,35,15,-20,0.0002,0.0001,-0.01
T11931,Organoselenium and organotellurium chemistry,13,37,24,0.0001,0.0002,0.01
T11158,Wireless Networks and Protocols,22,28,6,0.0001,0.0001,0.0
T12322,Animal health and immunology,23,27,4,0.0001,0.0001,0.0
T13558,"Philosophy, Science, and History",21,29,8,0.0001,0.0001,0.0
T11612,Stochastic Gradient Optimization Techniques,26,24,-2,0.0001,0.0001,-0.0
T13269,Orthoptera Research and Taxonomy,18,31,13,0.0001,0.0001,0.01
T10667,Emotion and Mood Recognition,22,27,5,0.0001,0.0001,0.0
T12054,Menstrual Health and Disorders,22,27,5,0.0001,0.0001,0.0
T13158,Political and Economic history of UK and US,39,10,-29,0.0002,0.0,-0.01
T12414,Coastal and Marine Management,26,23,-3,0.0001,0.0001,-0.0
T14127,Food and Agricultural Sciences,1,48,47,0.0,0.0002,0.02
T12834,Flowering Plant Growth and Cultivation,14,35,21,0.0001,0.0002,0.01
T12144,"Colonialism, slavery, and trade",32,17,-15,0.0001,0.0001,-0.01
T11297,Ferroptosis and cancer prognosis,27,22,-5,0.0001,0.0001,-0.0
T11736,Histone Deacetylase Inhibitors Research,32,17,-15,0.0001,0.0001,-0.01
T12964,"Diet, Metabolism, and Disease",37,12,-25,0.0002,0.0001,-0.01
T11834,Liver Diseases and Immunity,22,27,5,0.0001,0.0001,0.0
T11149,Veterinary Oncology Research,14,35,21,0.0001,0.0002,0.01
T12312,"Culture, Economy, and Development Studies",34,15,-19,0.0001,0.0001,-0.01
T13418,Photocathodes and Microchannel Plates,41,8,-33,0.0002,0.0,-0.01
T12624,Maritime and Coastal Archaeology,31,18,-13,0.0001,0.0001,-0.01
T12224,Nanofabrication and Lithography Techniques,27,22,-5,0.0001,0.0001,-0.0
T12518,Diverticular Disease and Complications,31,18,-13,0.0001,0.0001,-0.01
T12070,Writing and Handwriting Education,26,23,-3,0.0001,0.0001,-0.0
T11128,Transition Metal Oxide Nanomaterials,31,18,-13,0.0001,0.0001,-0.01
T13117,Health Education and Validation,8,41,33,0.0,0.0002,0.01
T13779,Cancer Mechanisms and Therapy,41,8,-33,0.0002,0.0,-0.01
T13116,Heat Transfer and Numerical Methods,21,28,7,0.0001,0.0001,0.0
T13018,Seismology and Earthquake Studies,32,16,-16,0.0001,0.0001,-0.01
T12728,Demographic Trends and Gender Preferences,40,8,-32,0.0002,0.0,-0.01
T11989,Oxidative Organic Chemistry Reactions,30,18,-12,0.0001,0.0001,-0.01
T11684,Vibrio bacteria research studies,31,17,-14,0.0001,0.0001,-0.01
T11707,Gaze Tracking and Assistive Technology,24,24,0,0.0001,0.0001,0.0
T12089,Intestinal and Peritoneal Adhesions,29,19,-10,0.0001,0.0001,-0.0
T12128,AI in Service Interactions,35,13,-22,0.0002,0.0001,-0.01
T11487,Automotive and Human Injury Biomechanics,27,21,-6,0.0001,0.0001,-0.0
T12994,Infrared Thermography in Medicine,32,16,-16,0.0001,0.0001,-0.01
T12182,Evolution and Science Education,31,17,-14,0.0001,0.0001,-0.01
T12867,Advanced Biosensing Techniques and Applications,23,25,2,0.0001,0.0001,0.0
T12880,Qualitative Research Methods and Applications,14,34,20,0.0001,0.0001,0.01
T10046,Stability and Control of Uncertain Systems,19,29,10,0.0001,0.0001,0.0
T14339,Image Processing and 3D Reconstruction,39,9,-30,0.0002,0.0,-0.01
T12063,Heat and Mass Transfer in Porous Media,13,35,22,0.0001,0.0002,0.01
T12452,Electrowetting and Microfluidic Technologies,33,15,-18,0.0001,0.0001,-0.01
T11386,Bee Products Chemical Analysis,25,22,-3,0.0001,0.0001,-0.0
T12615,Climate Change and Geoengineering,32,15,-17,0.0001,0.0001,-0.01
T12781,Global Health Care Issues,38,9,-29,0.0002,0.0,-0.01
T11901,Bayesian Methods and Mixture Models,30,17,-13,0.0001,0.0001,-0.01
T10353,Zeolite Catalysis and Synthesis,27,20,-7,0.0001,0.0001,-0.0
T11218,Hip disorders and treatments,28,19,-9,0.0001,0.0001,-0.0
T12227,Environmental and Social Impact Assessments,20,27,7,0.0001,0.0001,0.0
T12334,Lung Cancer Research Studies,24,23,-1,0.0001,0.0001,-0.0
T14238,Historical Gender and Feminism Studies,23,24,1,0.0001,0.0001,0.0
T11357,Risk and Safety Analysis,27,20,-7,0.0001,0.0001,-0.0
T11154,Parasitic infections in humans and animals,22,25,3,0.0001,0.0001,0.0
T11595,Textile materials and evaluations,26,21,-5,0.0001,0.0001,-0.0
T11682,Advanced Condensed Matter Physics,17,30,13,0.0001,0.0001,0.01
T11035,Salivary Gland Tumors Diagnosis and Treatment,32,15,-17,0.0001,0.0001,-0.01
T13372,Archaeology and Historical Studies,45,2,-43,0.0002,0.0,-0.02
T10525,Human-Automation Interaction and Safety,24,23,-1,0.0001,0.0001,-0.0
T12608,Spatial Neglect and Hemispheric Dysfunction,29,18,-11,0.0001,0.0001,-0.0
T11211,3D Surveying and Cultural Heritage,34,13,-21,0.0001,0.0001,-0.01
T12117,Muscle and Compartmental Disorders,29,18,-11,0.0001,0.0001,-0.0
T14423,Military Technology and Strategies,46,1,-45,0.0002,0.0,-0.02
T12205,Time Series Analysis and Forecasting,27,20,-7,0.0001,0.0001,-0.0
T11318,Phytoestrogen effects and research,30,17,-13,0.0001,0.0001,-0.01
T10141,Probiotics and Fermented Foods,24,23,-1,0.0001,0.0001,-0.0
T14214,Space Exploration and Technology,20,27,7,0.0001,0.0001,0.0
T12012,Diatoms and Algae Research,38,9,-29,0.0002,0.0,-0.01
T10532,Molecular Sensors and Ion Detection,26,21,-5,0.0001,0.0001,-0.0
T13286,Modeling and Simulation Systems,6,41,35,0.0,0.0002,0.02
T12162,Cellular Automata and Applications,39,7,-32,0.0002,0.0,-0.01
T12571,Soybean genetics and cultivation,29,17,-12,0.0001,0.0001,-0.01
T12193,Trigeminal Neuralgia and Treatments,25,21,-4,0.0001,0.0001,-0.0
T10824,Image Retrieval and Classification Techniques,30,16,-14,0.0001,0.0001,-0.01
T12534,Protein Degradation and Inhibitors,31,15,-16,0.0001,0.0001,-0.01
T12548,Hemostasis and retained surgical items,24,22,-2,0.0001,0.0001,-0.0
T10273,IoT and Edge/Fog Computing,20,26,6,0.0001,0.0001,0.0
T12017,Recycling and Waste Management Techniques,34,12,-22,0.0001,0.0001,-0.01
T11262,Quantum Mechanics and Non-Hermitian Physics,32,14,-18,0.0001,0.0001,-0.01
T10175,Advanced DC-DC Converters,22,24,2,0.0001,0.0001,0.0
T13912,"Language, Linguistics, Cultural Analysis",24,22,-2,0.0001,0.0001,-0.0
T12625,Sympathectomy and Hyperhidrosis Treatments,29,17,-12,0.0001,0.0001,-0.01
T11558,Composite Material Mechanics,28,18,-10,0.0001,0.0001,-0.0
T10099,GaN-based semiconductor devices and materials,24,22,-2,0.0001,0.0001,-0.0
T13209,Cold Fusion and Nuclear Reactions,31,15,-16,0.0001,0.0001,-0.01
T11547,Sesquiterpenes and Asteraceae Studies,17,29,12,0.0001,0.0001,0.01
T11512,Anomaly Detection Techniques and Applications,34,12,-22,0.0001,0.0001,-0.01
T11335,Prion Diseases and Protein Misfolding,24,21,-3,0.0001,0.0001,-0.0
T11883,Embodied and Extended Cognition,20,25,5,0.0001,0.0001,0.0
T12884,Educational Assessment and Pedagogy,18,27,9,0.0001,0.0001,0.0
T12002,"Computability, Logic, AI Algorithms",41,4,-37,0.0002,0.0,-0.02
T10018,Advancements in Battery Materials,27,18,-9,0.0001,0.0001,-0.0
T12411,Shoulder and Clavicle Injuries,28,17,-11,0.0001,0.0001,-0.0
T11461,Local Government Finance and Decentralization,22,23,1,0.0001,0.0001,0.0
T12317,Actinomycetales infections and treatment,25,20,-5,0.0001,0.0001,-0.0
T13000,World Systems and Global Transformations,20,25,5,0.0001,0.0001,0.0
T12509,Corporate Insolvency and Governance,29,16,-13,0.0001,0.0001,-0.01
T11780,Rabies epidemiology and control,37,8,-29,0.0002,0.0,-0.01
T11799,"Adhesion, Friction, and Surface Interactions",34,11,-23,0.0001,0.0,-0.01
T13487,Statistical and numerical algorithms,26,19,-7,0.0001,0.0001,-0.0
T14452,Mexican Socioeconomic and Environmental Dynamics,44,1,-43,0.0002,0.0,-0.02
T12793,Caveolin-1 and cellular processes,31,14,-17,0.0001,0.0001,-0.01
T12620,Signaling Pathways in Disease,28,17,-11,0.0001,0.0001,-0.0
T11560,Animal Disease Management and Epidemiology,36,9,-27,0.0002,0.0,-0.01
T11562,Facial Trauma and Fracture Management,23,22,-1,0.0001,0.0001,-0.0
T11798,Optimal Experimental Design Methods,23,22,-1,0.0001,0.0001,-0.0
T13544,Women's cancer prevention and management,0,45,45,0.0,0.0002,0.02
T12065,Hippo pathway signaling and YAP/TAZ,38,7,-31,0.0002,0.0,-0.01
T13802,Vietnamese History and Culture Studies,40,5,-35,0.0002,0.0,-0.02
T14313,Health and Well-being Studies,39,6,-33,0.0002,0.0,-0.01
T13200,Spacecraft and Cryogenic Technologies,42,2,-40,0.0002,0.0,-0.02
T12565,Physics and Engineering Research Articles,44,0,-44,0.0002,0.0,-0.02
T12262,Hate Speech and Cyberbullying Detection,27,17,-10,0.0001,0.0001,-0.0
T11606,Infrastructure Maintenance and Monitoring,29,15,-14,0.0001,0.0001,-0.01
T11985,Marine Toxins and Detection Methods,28,16,-12,0.0001,0.0001,-0.01
T12950,Educational Environments and Student Outcomes,17,27,10,0.0001,0.0001,0.0
T13383,Tumors and Oncological Cases,34,10,-24,0.0001,0.0,-0.01
T13215,Global Maritime and Colonial Histories,38,6,-32,0.0002,0.0,-0.01
T11639,Mental Health and Patient Involvement,28,16,-12,0.0001,0.0001,-0.01
T12030,S100 Proteins and Annexins,36,8,-28,0.0002,0.0,-0.01
T10888,Augmented Reality Applications,27,17,-10,0.0001,0.0001,-0.0
T13402,Business Strategy and Innovation,30,14,-16,0.0001,0.0001,-0.01
T13842,Intellectual Property Law,10,34,24,0.0,0.0001,0.01
T11326,Stock Market Forecasting Methods,23,21,-2,0.0001,0.0001,-0.0
T14299,Complex Systems and Dynamics,1,43,42,0.0,0.0002,0.02
T12589,Differential Equations and Boundary Problems,15,29,14,0.0001,0.0001,0.01
T11988,Sustainable Building Design and Assessment,27,17,-10,0.0001,0.0001,-0.0
T12713,Forest Ecology and Biodiversity Studies,20,24,4,0.0001,0.0001,0.0
T11059,Market Dynamics and Volatility,32,12,-20,0.0001,0.0001,-0.01
T13083,Advanced Text Analysis Techniques,33,11,-22,0.0001,0.0,-0.01
T12763,ATP Synthase and ATPases Research,31,13,-18,0.0001,0.0001,-0.01
T12783,"Migration, Aging, and Tourism Studies",36,8,-28,0.0002,0.0,-0.01
T12354,Innovations in Educational Methods,37,7,-30,0.0002,0.0,-0.01
T13393,Child Nutrition and Feeding Issues,34,10,-24,0.0001,0.0,-0.01
T12828,Plant Genetic and Mutation Studies,15,29,14,0.0001,0.0001,0.01
T11878,Solid-state spectroscopy and crystallography,25,19,-6,0.0001,0.0001,-0.0
T13859,Organic Chemistry Synthesis Methods,0,44,44,0.0,0.0002,0.02
T12412,Enzyme function and inhibition,31,12,-19,0.0001,0.0001,-0.01
T12539,Pharmacology and Obesity Treatment,34,9,-25,0.0001,0.0,-0.01
T11284,Coal Properties and Utilization,28,15,-13,0.0001,0.0001,-0.01
T11903,Private Equity and Venture Capital,28,15,-13,0.0001,0.0001,-0.01
T11942,Transportation and Mobility Innovations,28,15,-13,0.0001,0.0001,-0.01
T10815,Parasite Biology and Host Interactions,25,18,-7,0.0001,0.0001,-0.0
T12234,Mollusks and Parasites Studies,26,17,-9,0.0001,0.0001,-0.0
T12171,Open Education and E-Learning,26,17,-9,0.0001,0.0001,-0.0
T10768,Electric Vehicles and Infrastructure,15,28,13,0.0001,0.0001,0.01
T10647,Coastal and Marine Dynamics,20,23,3,0.0001,0.0001,0.0
T11085,Fungal Biology and Applications,32,11,-21,0.0001,0.0,-0.01
T12434,Phosphodiesterase function and regulation,26,17,-9,0.0001,0.0001,-0.0
T13175,Historical Astronomy and Related Studies,35,8,-27,0.0002,0.0,-0.01
T13071,Digital Storytelling and Education,38,5,-33,0.0002,0.0,-0.01
T11900,Fungal Plant Pathogen Control,21,22,1,0.0001,0.0001,0.0
T11661,Copper Interconnects and Reliability,26,17,-9,0.0001,0.0001,-0.0
T13456,"Religion, Society, and Development",35,8,-27,0.0002,0.0,-0.01
T10899,Advanced Operator Algebra Research,16,27,11,0.0001,0.0001,0.0
T13539,thermodynamics and calorimetric analyses,26,17,-9,0.0001,0.0001,-0.0
T11977,Technology Use by Older Adults,19,24,5,0.0001,0.0001,0.0
T11972,Chromium effects and bioremediation,30,13,-17,0.0001,0.0001,-0.01
T12634,Ureteral procedures and complications,22,21,-1,0.0001,0.0001,-0.0
T14414,Artificial Intelligence in Education,0,43,43,0.0,0.0002,0.02
T10859,Polymer Surface Interaction Studies,17,26,9,0.0001,0.0001,0.0
T12552,Fetal and Pediatric Neurological Disorders,23,19,-4,0.0001,0.0001,-0.0
T10735,Mesoporous Materials and Catalysis,25,17,-8,0.0001,0.0001,-0.0
T12906,Surgical Sutures and Adhesives,32,10,-22,0.0001,0.0,-0.01
T11034,Digital Filter Design and Implementation,14,28,14,0.0001,0.0001,0.01
T13575,Travel Writing and Literature,14,28,14,0.0001,0.0001,0.01
T13793,Environmental and Analytical Chemistry Studies,4,38,34,0.0,0.0002,0.01
T13376,Criminal Law and Policy,3,39,36,0.0,0.0002,0.02
T12296,Autopsy Techniques and Outcomes,18,24,6,0.0001,0.0001,0.0
T14511,"Medicine, History, and Philosophy",0,42,42,0.0,0.0002,0.02
T14181,Academic Freedom and Politics,24,18,-6,0.0001,0.0001,-0.0
T13784,Jewish Identity and Society,20,22,2,0.0001,0.0001,0.0
T11902,Intelligent Tutoring Systems and Adaptive Learning,25,17,-8,0.0001,0.0001,-0.0
T12380,Authorship Attribution and Profiling,25,17,-8,0.0001,0.0001,-0.0
T12460,Pediatric Hepatobiliary Diseases and Treatments,26,16,-10,0.0001,0.0001,-0.0
T11259,Agriculture Sustainability and Environmental Impact,35,7,-28,0.0002,0.0,-0.01
T11980,Human Mobility and Location-Based Analysis,23,19,-4,0.0001,0.0001,-0.0
T12125,Aerospace and Aviation Technology,17,25,8,0.0001,0.0001,0.0
T12143,Place Attachment and Urban Studies,16,26,10,0.0001,0.0001,0.0
T10628,China's Socioeconomic Reforms and Governance,24,18,-6,0.0001,0.0001,-0.0
T12752,Global Peace and Security Dynamics,34,8,-26,0.0001,0.0,-0.01
T12206,Vibration and Dynamic Analysis,12,30,18,0.0001,0.0001,0.01
T14156,Engineering Applied Research,15,27,12,0.0001,0.0001,0.01
T11240,Luminescence and Fluorescent Materials,23,19,-4,0.0001,0.0001,-0.0
T12074,Membrane-based Ion Separation Techniques,24,18,-6,0.0001,0.0001,-0.0
T12358,Thermal and Kinetic Analysis,17,25,8,0.0001,0.0001,0.0
T12013,Sustainable Development and Environmental Policy,26,16,-10,0.0001,0.0001,-0.0
T13861,Health and Lifestyle Studies,37,5,-32,0.0002,0.0,-0.01
T12323,Asian American and Pacific Histories,29,13,-16,0.0001,0.0001,-0.01
T14427,Environmental Monitoring and Data Management,14,28,14,0.0001,0.0001,0.01
T12805,Cognitive Science and Mapping,38,4,-34,0.0002,0.0,-0.01
T13114,Image Processing Techniques and Applications,30,12,-18,0.0001,0.0001,-0.01
T12119,Linguistics and Discourse Analysis,19,22,3,0.0001,0.0001,0.0
T13374,Hematological disorders and diagnostics,33,8,-25,0.0001,0.0,-0.01
T14189,Intravenous Infusion Technology and Safety,13,28,15,0.0001,0.0001,0.01
T13242,Male Reproductive Health Studies,17,24,7,0.0001,0.0001,0.0
T12709,Optimization and Mathematical Programming,24,17,-7,0.0001,0.0001,-0.0
T10311,Advancements in Solid Oxide Fuel Cells,14,27,13,0.0001,0.0001,0.01
T14081,Linguistic Education and Pedagogy,16,25,9,0.0001,0.0001,0.0
T10310,Corrosion Behavior and Inhibition,21,20,-1,0.0001,0.0001,-0.0
T13996,Diverse Musicological Studies,29,12,-17,0.0001,0.0001,-0.01
T11987,COVID-19 Impact on Reproduction,27,14,-13,0.0001,0.0001,-0.01
T11503,Cytokine Signaling Pathways and Interactions,18,23,5,0.0001,0.0001,0.0
T12192,Polysaccharides Composition and Applications,32,9,-23,0.0001,0.0,-0.01
T12098,Rural development and sustainability,28,13,-15,0.0001,0.0001,-0.01
T12918,Healthcare Systems and Technology,31,10,-21,0.0001,0.0,-0.01
T11856,Thermography and Photoacoustic Techniques,25,16,-9,0.0001,0.0001,-0.0
T11616,Autoimmune and Inflammatory Disorders Research,27,14,-13,0.0001,0.0001,-0.01
T11552,"Global trade, sustainability, and social impact",33,8,-25,0.0001,0.0,-0.01
T11831,Chemical Synthesis and Reactions,30,11,-19,0.0001,0.0,-0.01
T11453,Diagnosis and Treatment of Venous Diseases,19,22,3,0.0001,0.0001,0.0
T12701,Biological Control of Invasive Species,21,20,-1,0.0001,0.0001,-0.0
T12419,Phonocardiography and Auscultation Techniques,28,13,-15,0.0001,0.0001,-0.01
T13004,Vitamin K Research Studies,26,15,-11,0.0001,0.0001,-0.0
T12679,Focus Groups and Qualitative Methods,21,20,-1,0.0001,0.0001,-0.0
T13417,Biomedical Ethics and Regulation,31,10,-21,0.0001,0.0,-0.01
T12225,Political Influence and Corporate Strategies,21,20,-1,0.0001,0.0001,-0.0
T11219,Bone Metabolism and Diseases,14,27,13,0.0001,0.0001,0.01
T12613,X-ray Diffraction in Crystallography,22,19,-3,0.0001,0.0001,-0.0
T11853,Semiconductor materials and interfaces,17,24,7,0.0001,0.0001,0.0
T10541,Nonlinear Differential Equations Analysis,6,35,29,0.0,0.0002,0.01
T13427,Latin American Literature Analysis,0,41,41,0.0,0.0002,0.02
T12287,Fibroblast Growth Factor Research,28,13,-15,0.0001,0.0001,-0.01
T12360,Plant-derived Lignans Synthesis and Bioactivity,19,22,3,0.0001,0.0001,0.0
T13591,Pasture and Agricultural Systems,16,25,9,0.0001,0.0001,0.0
T12463,Amoebic Infections and Treatments,24,16,-8,0.0001,0.0001,-0.0
T13710,European and International Law Studies,25,15,-10,0.0001,0.0001,-0.0
T12390,Comics and Graphic Narratives,12,28,16,0.0001,0.0001,0.01
T11092,Spondyloarthritis Studies and Treatments,18,22,4,0.0001,0.0001,0.0
T13309,Reliability and Agreement in Measurement,17,23,6,0.0001,0.0001,0.0
T12331,Hereditary Neurological Disorders,22,18,-4,0.0001,0.0001,-0.0
T11905,Veterinary Pharmacology and Anesthesia,25,15,-10,0.0001,0.0001,-0.0
T11175,Gyrotron and Vacuum Electronics Research,36,4,-32,0.0002,0.0,-0.01
T13604,"Adsorption, diffusion, and thermodynamic properties of materials",11,29,18,0.0,0.0001,0.01
T13302,Amazonian Archaeology and Ethnohistory,20,20,0,0.0001,0.0001,0.0
T11355,Inflammatory Biomarkers in Disease Prognosis,27,13,-14,0.0001,0.0001,-0.01
T12280,Magnesium in Health and Disease,30,10,-20,0.0001,0.0,-0.01
T12443,Delphi Technique in Research,33,7,-26,0.0001,0.0,-0.01
T11631,"Retirement, Disability, and Employment",29,11,-18,0.0001,0.0,-0.01
T12650,Aesthetic Perception and Analysis,25,15,-10,0.0001,0.0001,-0.0
T11032,VLSI and Analog Circuit Testing,25,15,-10,0.0001,0.0001,-0.0
T12049,Tuberous Sclerosis Complex Research,25,15,-10,0.0001,0.0001,-0.0
T11934,Syphilis Diagnosis and Treatment,24,16,-8,0.0001,0.0001,-0.0
T10711,Target Tracking and Data Fusion in Sensor Networks,24,16,-8,0.0001,0.0001,-0.0
T12142,Marine Invertebrate Physiology and Ecology,19,21,2,0.0001,0.0001,0.0
T10891,Radar Systems and Signal Processing,16,24,8,0.0001,0.0001,0.0
T10639,Advanced Software Engineering Methodologies,17,23,6,0.0001,0.0001,0.0
T11659,Advanced Image Fusion Techniques,25,15,-10,0.0001,0.0001,-0.0
T13533,Medical Case Reports and Studies,9,31,22,0.0,0.0001,0.01
T11099,Autonomous Vehicle Technology and Safety,18,22,4,0.0001,0.0001,0.0
T11906,"Gender, Sexuality, and Education",0,40,40,0.0,0.0002,0.02
T11081,Advanced Control Systems Design,8,32,24,0.0,0.0001,0.01
T13526,14-3-3 protein interactions,25,15,-10,0.0001,0.0001,-0.0
T13619,Geotechnical and Geomechanical Engineering,38,1,-37,0.0002,0.0,-0.02
T11078,Inflammasome and immune disorders,27,12,-15,0.0001,0.0001,-0.01
T12671,Management and Marketing Education,27,12,-15,0.0001,0.0001,-0.01
T14335,Educational Robotics and Engineering,35,4,-31,0.0002,0.0,-0.01
T11966,Silk-based biomaterials and applications,27,12,-15,0.0001,0.0001,-0.01
T12672,Phagocytosis and Immune Regulation,29,10,-19,0.0001,0.0,-0.01
T10237,Cryptography and Data Security,16,23,7,0.0001,0.0001,0.0
T11188,Coagulation and Flocculation Studies,8,31,23,0.0,0.0001,0.01
T11281,Asymmetric Hydrogenation and Catalysis,31,8,-23,0.0001,0.0,-0.01
T13471,Cognitive Functions and Memory,18,21,3,0.0001,0.0001,0.0
T12519,Cybercrime and Law Enforcement Studies,17,22,5,0.0001,0.0001,0.0
T11863,"Gender, Security, and Conflict",20,19,-1,0.0001,0.0001,-0.0
T12044,Advanced Physical and Chemical Molecular Interactions,18,21,3,0.0001,0.0001,0.0
T12777,"Philosophy, History, and Historiography",6,33,27,0.0,0.0001,0.01
T10142,Formal Methods in Verification,28,11,-17,0.0001,0.0,-0.01
T11125,Petri Nets in System Modeling,19,20,1,0.0001,0.0001,0.0
T13127,Biotin and Related Studies,33,6,-27,0.0001,0.0,-0.01
T13354,Genetics and Physical Performance,21,18,-3,0.0001,0.0001,-0.0
T12646,Inorganic Fluorides and Related Compounds,38,1,-37,0.0002,0.0,-0.02
T12890,Eurasian Exchange Networks,26,13,-13,0.0001,0.0001,-0.01
T12505,Peptidase Inhibition and Analysis,36,3,-33,0.0002,0.0,-0.01
T10288,Fractional Differential Equations Solutions,25,14,-11,0.0001,0.0001,-0.0
T12526,Antimicrobial agents and applications,13,26,13,0.0001,0.0001,0.01
T10100,Metaheuristic Optimization Algorithms Research,12,27,15,0.0001,0.0001,0.01
T14039,Ecology and biodiversity studies,29,10,-19,0.0001,0.0,-0.01
T11455,Microbial Inactivation Methods,27,12,-15,0.0001,0.0001,-0.01
T12900,Organ and Tissue Transplantation Research,23,16,-7,0.0001,0.0001,-0.0
T13025,American History and Culture,35,4,-31,0.0002,0.0,-0.01
T12183,Teratomas and Epidermoid Cysts,12,27,15,0.0001,0.0001,0.01
T11165,Image and Video Quality Assessment,5,34,29,0.0,0.0001,0.01
T12188,"Architecture, Modernity, and Design",4,35,31,0.0,0.0002,0.01
T14303,Polymer Synthesis and Characterization,0,39,39,0.0,0.0002,0.02
T12645,European history and politics,28,11,-17,0.0001,0.0,-0.01
T13084,Education during COVID-19 pandemic,0,39,39,0.0,0.0002,0.02
T11170,Biomimetic flight and propulsion mechanisms,17,21,4,0.0001,0.0001,0.0
T12163,Aerosol Filtration and Electrostatic Precipitation,17,21,4,0.0001,0.0001,0.0
T12113,Growth and nutrition in plants,29,9,-20,0.0001,0.0,-0.01
T13772,Geomechanics and Mining Engineering,8,30,22,0.0,0.0001,0.01
T14178,Environmental Science and Water Management,1,37,36,0.0,0.0002,0.02
T10055,Diverse Aspects of Tourism Research,17,21,4,0.0001,0.0001,0.0
T11072,Peroxisome Proliferator-Activated Receptors,30,8,-22,0.0001,0.0,-0.01
T12037,Algebraic and Geometric Analysis,31,7,-24,0.0001,0.0,-0.01
T12989,Ocular Disorders and Treatments,13,25,12,0.0001,0.0001,0.01
T13551,Biochemical effects in animals,37,1,-36,0.0002,0.0,-0.02
T12823,Adolescent and Pediatric Healthcare,26,12,-14,0.0001,0.0001,-0.01
T13034,Information Systems Education and Curriculum Development,14,24,10,0.0001,0.0001,0.0
T10435,Environmental Impact and Sustainability,15,23,8,0.0001,0.0001,0.0
T12919,Blood disorders and treatments,25,13,-12,0.0001,0.0001,-0.01
T12072,Machine Learning and Algorithms,26,12,-14,0.0001,0.0001,-0.01
T12821,Geological Formations and Processes Exploration,22,16,-6,0.0001,0.0001,-0.0
T13080,Advanced Differential Geometry Research,7,31,24,0.0,0.0001,0.01
T11919,dental development and anomalies,12,26,14,0.0001,0.0001,0.01
T12741,Maternal and Neonatal Healthcare,2,36,34,0.0,0.0002,0.01
T13512,Spatial and Cultural Studies,2,36,34,0.0,0.0002,0.01
T12272,Cardiovascular Conditions and Treatments,22,16,-6,0.0001,0.0001,-0.0
T13221,Biological Activity of Diterpenoids and Biflavonoids,26,11,-15,0.0001,0.0,-0.01
T11735,Peripheral Neuropathies and Disorders,14,23,9,0.0001,0.0001,0.0
T11307,Domain Adaptation and Few-Shot Learning,14,23,9,0.0001,0.0001,0.0
T12436,Agronomic Practices and Intercropping Systems,30,7,-23,0.0001,0.0,-0.01
T12811,"Aging, Health, and Disability",7,30,23,0.0,0.0001,0.01
T11136,Enzyme-mediated dye degradation,26,11,-15,0.0001,0.0,-0.01
T12307,Ancient Near East History,24,13,-11,0.0001,0.0001,-0.0
T12198,Oral health in cancer treatment,14,23,9,0.0001,0.0001,0.0
T14090,Health and Conflict Studies,28,9,-19,0.0001,0.0,-0.01
T11254,Fluid Dynamics and Vibration Analysis,22,15,-7,0.0001,0.0001,-0.0
T11510,Reproductive System and Pregnancy,24,13,-11,0.0001,0.0001,-0.0
T13800,Earthquake and Disaster Impact Studies,33,4,-29,0.0001,0.0,-0.01
T12057,Consumer Attitudes and Food Labeling,18,19,1,0.0001,0.0001,0.0
T12610,RNA regulation and disease,33,4,-29,0.0001,0.0,-0.01
T12683,Studies on Chitinases and Chitosanases,35,2,-33,0.0002,0.0,-0.01
T12031,Speech and dialogue systems,26,11,-15,0.0001,0.0,-0.01
T10603,Smart Grid Energy Management,22,15,-7,0.0001,0.0001,-0.0
T11137,Historical Philosophy and Science,19,18,-1,0.0001,0.0001,-0.0
T13811,Earth Systems and Cosmic Evolution,22,15,-7,0.0001,0.0001,-0.0
T12668,Yeasts and Rust Fungi Studies,19,18,-1,0.0001,0.0001,-0.0
T10343,"Hydrogels: synthesis, properties, applications",8,29,21,0.0,0.0001,0.01
T11890,Scientific Measurement and Uncertainty Evaluation,20,17,-3,0.0001,0.0001,-0.0
T10561,Educational Research and Methods,0,37,37,0.0,0.0002,0.02
T11322,Facial Rejuvenation and Surgery Techniques,21,15,-6,0.0001,0.0001,-0.0
T13396,Agriculture and Rural Development Research,34,2,-32,0.0001,0.0,-0.01
T11634,Water Quality and Pollution Assessment,24,12,-12,0.0001,0.0001,-0.01
T11419,Supramolecular Self-Assembly in Materials,17,19,2,0.0001,0.0001,0.0
T12991,Phytase and its Applications,30,6,-24,0.0001,0.0,-0.01
T12173,Body Contouring and Surgery,20,16,-4,0.0001,0.0001,-0.0
T13205,Geological and Geophysical Studies Worldwide,16,20,4,0.0001,0.0001,0.0
T14006,"Linguistics, Language Diversity, and Identity",23,13,-10,0.0001,0.0001,-0.0
T12517,Seventeenth-Century Political and Philosophical Thought,14,22,8,0.0001,0.0001,0.0
T12576,vaccines and immunoinformatics approaches,15,21,6,0.0001,0.0001,0.0
T11704,Mobile Crowdsensing and Crowdsourcing,11,25,14,0.0,0.0001,0.01
T11821,Odor and Emission Control Technologies,25,11,-14,0.0001,0.0,-0.01
T10495,Catalysts for Methane Reforming,13,23,10,0.0001,0.0001,0.0
T10368,Dental Health and Care Utilization,17,19,2,0.0001,0.0001,0.0
T13206,Neonatal skin health care,28,8,-20,0.0001,0.0,-0.01
T12865,Tailings Management and Properties,11,25,14,0.0,0.0001,0.01
T11130,Coding theory and cryptography,21,15,-6,0.0001,0.0001,-0.0
T12462,Elder Abuse and Neglect,20,16,-4,0.0001,0.0001,-0.0
T11348,Celiac Disease Research and Management,22,14,-8,0.0001,0.0001,-0.0
T12845,Methemoglobinemia and Tumor Lysis Syndrome,23,13,-10,0.0001,0.0001,-0.0
T12379,Cancer Diagnosis and Treatment,31,5,-26,0.0001,0.0,-0.01
T13103,Middle East Politics and Society,8,28,20,0.0,0.0001,0.01
T13385,Infectious Diseases and Mycology,30,6,-24,0.0001,0.0,-0.01
T11151,Advanced Topology and Set Theory,23,13,-10,0.0001,0.0001,-0.0
T12594,Collaboration in agile enterprises,29,7,-22,0.0001,0.0,-0.01
T11271,Myasthenia Gravis and Thymoma,25,11,-14,0.0001,0.0,-0.01
T11647,Workplace Violence and Bullying,14,22,8,0.0001,0.0001,0.0
T12970,"Names, Identity, and Discrimination Research",15,21,6,0.0001,0.0001,0.0
T12284,Emotional Labor in Professions,20,16,-4,0.0001,0.0001,-0.0
T10661,biodegradable polymer synthesis and properties,16,20,4,0.0001,0.0001,0.0
T13822,Indigenous Health and Education,5,31,26,0.0,0.0001,0.01
T13430,Lipid metabolism and disorders,12,24,12,0.0001,0.0001,0.01
T10097,Luminescence Properties of Advanced Materials,16,20,4,0.0001,0.0001,0.0
T10681,Rare-earth and actinide compounds,19,16,-3,0.0001,0.0001,-0.0
T13055,Global Security and Public Health,20,15,-5,0.0001,0.0001,-0.0
T12444,"Art, Politics, and Modernism",16,19,3,0.0001,0.0001,0.0
T12324,History of Medicine Studies,16,19,3,0.0001,0.0001,0.0
T12254,Machine Learning in Bioinformatics,17,18,1,0.0001,0.0001,0.0
T13405,Educational Assessment and Improvement,21,14,-7,0.0001,0.0001,-0.0
T12738,Corporate Identity and Reputation,16,19,3,0.0001,0.0001,0.0
T13736,Steroid Chemistry and Biochemistry,13,22,9,0.0001,0.0001,0.0
T12215,Phytochemical Studies and Bioactivities,11,24,13,0.0,0.0001,0.01
T12288,Optimization and Search Problems,26,9,-17,0.0001,0.0,-0.01
T13096,Family and Matrimonial Law,2,33,31,0.0,0.0001,0.01
T11708,Photochromic and Fluorescence Chemistry,17,18,1,0.0001,0.0001,0.0
T11200,Electrodeposition and Electroless Coatings,16,19,3,0.0001,0.0001,0.0
T10164,Quality and Supply Management,20,15,-5,0.0001,0.0001,-0.0
T12688,Microbial metabolism and enzyme function,23,12,-11,0.0001,0.0001,-0.0
T10663,Advanced Battery Technologies Research,22,13,-9,0.0001,0.0001,-0.0
T13953,Digital Imaging in Medicine,29,6,-23,0.0001,0.0,-0.01
T12199,Vascular Anomalies and Treatments,25,10,-15,0.0001,0.0,-0.01
T13352,International Relations in Latin America,16,19,3,0.0001,0.0001,0.0
T12912,"Shakespeare, Adaptation, and Literary Criticism",20,15,-5,0.0001,0.0001,-0.0
T13923,Nuclear and radioactivity studies,16,19,3,0.0001,0.0001,0.0
T12212,CNS Lymphoma Diagnosis and Treatment,23,12,-11,0.0001,0.0001,-0.0
T14293,Biotechnology and Related Fields,32,3,-29,0.0001,0.0,-0.01
T13682,Engineering Education and Pedagogy,13,22,9,0.0001,0.0001,0.0
T11794,Early Modern Spanish Literature,16,19,3,0.0001,0.0001,0.0
T13092,Environmental Chemistry and Analysis,15,20,5,0.0001,0.0001,0.0
T12655,Female Genital Mutilation/Cutting Issues,18,17,-1,0.0001,0.0001,-0.0
T11108,Municipal Solid Waste Management,15,19,4,0.0001,0.0001,0.0
T14318,Polydiacetylene-based materials and applications,26,8,-18,0.0001,0.0,-0.01
T12111,Industrial Vision Systems and Defect Detection,25,9,-16,0.0001,0.0,-0.01
T10571,Robotic Mechanisms and Dynamics,16,18,2,0.0001,0.0001,0.0
T11485,Gastrointestinal Tumor Research and Treatment,21,13,-8,0.0001,0.0001,-0.0
T11423,Pesticide Residue Analysis and Safety,16,18,2,0.0001,0.0001,0.0
T12997,Outdoor and Experiential Education,15,19,4,0.0001,0.0001,0.0
T12659,Innovation Diffusion and Forecasting,19,15,-4,0.0001,0.0001,-0.0
T10670,Aluminum Alloy Microstructure Properties,25,9,-16,0.0001,0.0,-0.01
T11953,"Neuroethics, Human Enhancement, Biomedical Innovations",22,12,-10,0.0001,0.0001,-0.0
T11341,Boron and Carbon Nanomaterials Research,17,17,0,0.0001,0.0001,0.0
T10538,Data Mining Algorithms and Applications,21,13,-8,0.0001,0.0001,-0.0
T11775,COVID-19 diagnosis using AI,28,6,-22,0.0001,0.0,-0.01
T12388,Identification and Quantification in Food,28,6,-22,0.0001,0.0,-0.01
T14384,Ophthalmology and Visual Health Research,19,15,-4,0.0001,0.0001,-0.0
T10946,Radioactivity and Radon Measurements,19,15,-4,0.0001,0.0001,-0.0
T12829,Advanced Breast Cancer Therapies,22,12,-10,0.0001,0.0001,-0.0
T11019,Image Enhancement Techniques,13,21,8,0.0001,0.0001,0.0
T12232,"Yersinia bacterium, plague, ectoparasites research",30,4,-26,0.0001,0.0,-0.01
T14466,"Migration, Health, Geopolitics, Historical Geography",17,17,0,0.0001,0.0001,0.0
T12075,Sodium Intake and Health,27,7,-20,0.0001,0.0,-0.01
T12176,Optimization and Packing Problems,18,16,-2,0.0001,0.0001,-0.0
T13695,"Aging, Elder Care, and Social Issues",8,26,18,0.0,0.0001,0.01
T11383,Advanced Antenna and Metasurface Technologies,25,9,-16,0.0001,0.0,-0.01
T12513,Rocket and propulsion systems research,17,17,0,0.0001,0.0001,0.0
T10714,Software-Defined Networks and 5G,25,9,-16,0.0001,0.0,-0.01
T11627,Autoimmune Neurological Disorders and Treatments,14,20,6,0.0001,0.0001,0.0
T13649,Advanced Synthetic Organic Chemistry,5,29,24,0.0,0.0001,0.01
T13106,"Neuroscience, Education and Cognitive Function",31,3,-28,0.0001,0.0,-0.01
T12372,Art Therapy and Mental Health,15,18,3,0.0001,0.0001,0.0
T14005,Eastern European Communism and Reforms,24,9,-15,0.0001,0.0,-0.01
T12715,Pregnancy-related medical research,24,9,-15,0.0001,0.0,-0.01
T13304,Synthesis and Reactivity of Sulfur-Containing Compounds,5,28,23,0.0,0.0001,0.01
T10282,Financial Risk and Volatility Modeling,17,16,-1,0.0001,0.0001,-0.0
T12992,Metastasis and carcinoma case studies,10,23,13,0.0,0.0001,0.01
T13854,Historical Geography and Cartography,20,13,-7,0.0001,0.0001,-0.0
T12403,Seed and Plant Biochemistry,16,17,1,0.0001,0.0001,0.0
T10864,Fluid Dynamics and Mixing,14,19,5,0.0001,0.0001,0.0
T12690,Cross-Border Cooperation and Integration,18,15,-3,0.0001,0.0001,-0.0
T12394,Insurance and Financial Risk Management,25,8,-17,0.0001,0.0,-0.01
T11783,Turkey's Politics and Society,25,8,-17,0.0001,0.0,-0.01
T12472,Plant responses to water stress,30,3,-27,0.0001,0.0,-0.01
T13201,Infectious Encephalopathies and Encephalitis,18,15,-3,0.0001,0.0001,-0.0
T11727,Advanced Algebra and Logic,30,3,-27,0.0001,0.0,-0.01
T14180,"Law, logistics, and international trade",29,4,-25,0.0001,0.0,-0.01
T12961,Regional Development and Policy,24,9,-15,0.0001,0.0,-0.01
T11971,"World Wars: History, Literature, and Impact",13,20,7,0.0001,0.0001,0.0
T10503,Global Financial Crisis and Policies,19,14,-5,0.0001,0.0001,-0.0
T13355,Marketing and Advertising Strategies,2,31,29,0.0,0.0001,0.01
T10672,Design Education and Practice,21,12,-9,0.0001,0.0001,-0.0
T14208,"Death, Funerary Practices, and Mourning",0,33,33,0.0,0.0001,0.01
T12685,Phytochemical compounds biological activities,18,15,-3,0.0001,0.0001,-0.0
T13186,Russia and Soviet political economy,22,11,-11,0.0001,0.0,-0.0
T12237,Congenital gastrointestinal and neural anomalies,20,13,-7,0.0001,0.0001,-0.0
T12062,Approximation Theory and Sequence Spaces,15,18,3,0.0001,0.0001,0.0
T10246,Mobile Ad Hoc Networks,22,10,-12,0.0001,0.0,-0.01
T12712,Myofascial pain diagnosis and treatment,22,10,-12,0.0001,0.0,-0.01
T11532,Chemokine receptors and signaling,13,19,6,0.0001,0.0001,0.0
T11946,Antenna Design and Optimization,22,10,-12,0.0001,0.0,-0.01
T11994,Human Resource Development and Performance Evaluation,17,15,-2,0.0001,0.0001,-0.0
T11300,Global Educational Policies and Reforms,19,13,-6,0.0001,0.0001,-0.0
T12487,Structural Engineering and Vibration Analysis,31,1,-30,0.0001,0.0,-0.01
T11471,Block Copolymer Self-Assembly,16,16,0,0.0001,0.0001,0.0
T13595,Archaeology and Cultural Heritage,4,28,24,0.0,0.0001,0.01
T13035,Human Rights and Development,28,4,-24,0.0001,0.0,-0.01
T11545,Advanced Banach Space Theory,14,18,4,0.0001,0.0001,0.0
T12818,"Pneumothorax, Barotrauma, Emphysema",16,16,0,0.0001,0.0001,0.0
T12319,Fish Biology and Ecology Studies,20,12,-8,0.0001,0.0001,-0.0
T13409,Paleopathology and ancient diseases,14,18,4,0.0001,0.0001,0.0
T11340,Marine Sponges and Natural Products,18,14,-4,0.0001,0.0001,-0.0
T10415,International Business and FDI,12,20,8,0.0001,0.0001,0.0
T12866,Urologic and reproductive health conditions,25,7,-18,0.0001,0.0,-0.01
T10892,Drilling and Well Engineering,24,8,-16,0.0001,0.0,-0.01
T10936,Millimeter-Wave Propagation and Modeling,16,16,0,0.0001,0.0001,0.0
T12046,MXene and MAX Phase Materials,18,14,-4,0.0001,0.0001,-0.0
T12643,Sustainability and Ecological Systems Analysis,22,10,-12,0.0001,0.0,-0.01
T13157,Cancer-related gene regulation,29,3,-26,0.0001,0.0,-0.01
T11619,Combustion and Detonation Processes,25,7,-18,0.0001,0.0,-0.01
T11580,Veterinary Medicine and Surgery,10,22,12,0.0,0.0001,0.01
T12947,"Health, psychology, and well-being",24,8,-16,0.0001,0.0,-0.01
T11387,Ichthyology and Marine Biology,25,7,-18,0.0001,0.0,-0.01
T12570,Photopolymerization techniques and applications,23,9,-14,0.0001,0.0,-0.01
T11104,"Memory, Trauma, and Commemoration",16,16,0,0.0001,0.0001,0.0
T12522,Mathematics Education and Pedagogy,3,29,26,0.0,0.0001,0.01
T13289,Infant Health and Development,30,2,-28,0.0001,0.0,-0.01
T11697,Numerical Methods and Algorithms,24,8,-16,0.0001,0.0,-0.01
T13368,University Challenges and Reforms,7,25,18,0.0,0.0001,0.01
T12579,Muon and positron interactions and applications,19,13,-6,0.0001,0.0001,-0.0
T12195,Aerogels and thermal insulation,20,12,-8,0.0001,0.0001,-0.0
T12415,Employer Branding and e-HRM,18,14,-4,0.0001,0.0001,-0.0
T11006,BIM and Construction Integration,30,2,-28,0.0001,0.0,-0.01
T10113,Dental materials and restorations,12,20,8,0.0001,0.0001,0.0
T13718,Media Influence and Politics,23,8,-15,0.0001,0.0,-0.01
T12481,Digital Accessibility for Disabilities,18,13,-5,0.0001,0.0001,-0.0
T14459,Synthesis and Reactions of Organic Compounds,25,6,-19,0.0001,0.0,-0.01
T12423,Software Reliability and Analysis Research,26,5,-21,0.0001,0.0,-0.01
T12006,Ergonomics and Musculoskeletal Disorders,18,13,-5,0.0001,0.0001,-0.0
T11574,Artificial Intelligence in Games,18,13,-5,0.0001,0.0001,-0.0
T12507,"Utopian, Dystopian, and Speculative Fiction",9,22,13,0.0,0.0001,0.01
T13332,"Historical Studies on Reproduction, Gender, Health, and Societal Changes",23,8,-15,0.0001,0.0,-0.01
T12036,Argentine historical studies,11,20,9,0.0,0.0001,0.0
T13416,Educational Theory and Curriculum Studies,7,24,17,0.0,0.0001,0.01
T12478,Wikis in Education and Collaboration,20,11,-9,0.0001,0.0,-0.0
T11652,Imbalanced Data Classification Techniques,16,15,-1,0.0001,0.0001,-0.0
T12776,Electrohydrodynamics and Fluid Dynamics,20,11,-9,0.0001,0.0,-0.0
T11489,Air Traffic Management and Optimization,17,14,-3,0.0001,0.0001,-0.0
T11706,Forensic Entomology and Diptera Studies,20,11,-9,0.0001,0.0,-0.0
T10623,Thin-Film Transistor Technologies,21,10,-11,0.0001,0.0,-0.0
T11582,Nanopore and Nanochannel Transport Studies,23,8,-15,0.0001,0.0,-0.01
T12729,Tree Root and Stability Studies,23,8,-15,0.0001,0.0,-0.01
T10927,Access Control and Trust,13,18,5,0.0001,0.0001,0.0
T10404,Enzyme Catalysis and Immobilization,15,16,1,0.0001,0.0001,0.0
T12476,Intraoperative Neuromonitoring and Anesthetic Effects,14,17,3,0.0001,0.0001,0.0
T11225,Geothermal Energy Systems and Applications,15,16,1,0.0001,0.0001,0.0
T11670,Pressure Ulcer Prevention and Management,13,18,5,0.0001,0.0001,0.0
T12949,South Asian Studies and Diaspora,1,30,29,0.0,0.0001,0.01
T12459,Nerve Injury and Rehabilitation,19,12,-7,0.0001,0.0001,-0.0
T11717,Postcolonial and Cultural Literary Studies,14,17,3,0.0001,0.0001,0.0
T12607,Personal Information Management and User Behavior,21,9,-12,0.0001,0.0,-0.01
T11121,Public Relations and Crisis Communication,16,14,-2,0.0001,0.0001,-0.0
T12535,Machine Learning and Data Classification,13,17,4,0.0001,0.0001,0.0
T13121,Radio Wave Propagation Studies,10,20,10,0.0,0.0001,0.0
T10548,Catalytic Cross-Coupling Reactions,11,19,8,0.0,0.0001,0.0
T12219,Canadian Identity and History,25,5,-20,0.0001,0.0,-0.01
T11877,Iron oxide chemistry and applications,26,4,-22,0.0001,0.0,-0.01
T12503,Social Acceptance of Renewable Energy,20,10,-10,0.0001,0.0,-0.0
T10359,Dental Implant Techniques and Outcomes,13,17,4,0.0001,0.0001,0.0
T12150,Intestinal Malrotation and Obstruction Disorders,17,13,-4,0.0001,0.0001,-0.0
T12497,Traditional and Medicinal Uses of Annonaceae,22,8,-14,0.0001,0.0,-0.01
T11714,Multimodal Machine Learning Applications,14,16,2,0.0001,0.0001,0.0
T12147,Urban and Rural Development Challenges,12,18,6,0.0001,0.0001,0.0
T13222,"Caribbean history, culture, and politics",20,10,-10,0.0001,0.0,-0.0
T13943,Beetle Biology and Toxicology Studies,20,10,-10,0.0001,0.0,-0.0
T12824,Infections and bacterial resistance,19,11,-8,0.0001,0.0,-0.0
T12835,FOXO transcription factor regulation,25,5,-20,0.0001,0.0,-0.01
T12550,"Politics and Conflicts in Afghanistan, Pakistan, and Middle East",20,10,-10,0.0001,0.0,-0.0
T13362,Slime Mold and Myxomycetes Research,21,9,-12,0.0001,0.0,-0.01
T12045,Rice Cultivation and Yield Improvement,21,9,-12,0.0001,0.0,-0.01
T13180,Chemistry and Chemical Engineering,23,7,-16,0.0001,0.0,-0.01
T12979,Cardiovascular Disease and Adiposity,27,3,-24,0.0001,0.0,-0.01
T13313,Dupuytren's Contracture and Treatments,20,10,-10,0.0001,0.0,-0.0
T10627,Advanced Image and Video Retrieval Techniques,17,13,-4,0.0001,0.0001,-0.0
T12681,Global Healthcare and Medical Tourism,14,16,2,0.0001,0.0001,0.0
T10820,Fuzzy Logic and Control Systems,11,19,8,0.0,0.0001,0.0
T14315,Feminist Theory and Gender Studies,5,25,20,0.0,0.0001,0.01
T11779,Higher Education and Employability,13,17,4,0.0001,0.0001,0.0
T13625,Journalism and Media Studies,0,30,30,0.0,0.0001,0.01
T13415,Calcium signaling and nucleotide metabolism,21,9,-12,0.0001,0.0,-0.01
T10104,Nanofluid Flow and Heat Transfer,26,4,-22,0.0001,0.0,-0.01
T13536,Psychological and Temporal Perspectives Research,23,7,-16,0.0001,0.0,-0.01
T12572,"Intelligence, Security, War Strategy",14,15,1,0.0001,0.0001,0.0
T10967,Carbon Dioxide Capture Technologies,15,14,-1,0.0001,0.0001,-0.0
T11441,Organoboron and organosilicon chemistry,14,15,1,0.0001,0.0001,0.0
T11718,Physical Education and Pedagogy,15,14,-1,0.0001,0.0001,-0.0
T13454,Phenothiazines and Benzothiazines Synthesis and Activities,18,11,-7,0.0001,0.0,-0.0
T11169,Silicon Nanostructures and Photoluminescence,20,9,-11,0.0001,0.0,-0.0
T10884,Holomorphic and Operator Theory,15,14,-1,0.0001,0.0001,-0.0
T12603,NMR spectroscopy and applications,22,7,-15,0.0001,0.0,-0.01
T11690,Advanced battery technologies research,16,13,-3,0.0001,0.0001,-0.0
T10395,Construction Project Management and Performance,13,16,3,0.0001,0.0001,0.0
T10801,Synthetic Aperture Radar (SAR) Applications and Techniques,9,20,11,0.0,0.0001,0.0
T13284,Psychology Research and Bibliometrics,2,27,25,0.0,0.0001,0.01
T12735,Blood donation and transfusion practices,13,16,3,0.0001,0.0001,0.0
T10040,Adaptive Control of Nonlinear Systems,22,7,-15,0.0001,0.0,-0.01
T11505,Reproductive biology and impacts on aquatic species,8,21,13,0.0,0.0001,0.01
T11596,Constraint Satisfaction and Optimization,27,2,-25,0.0001,0.0,-0.01
T10191,Robotics and Sensor-Based Localization,16,13,-3,0.0001,0.0001,-0.0
T11349,Music Technology and Sound Studies,22,7,-15,0.0001,0.0,-0.01
T11969,Fluoride Effects and Removal,16,13,-3,0.0001,0.0001,-0.0
T12097,Aquatic Invertebrate Ecology and Behavior,28,1,-27,0.0001,0.0,-0.01
T11110,Stability and Controllability of Differential Equations,17,12,-5,0.0001,0.0001,-0.0
T11823,Natural Resources and Economic Development,14,15,1,0.0001,0.0001,0.0
T13634,Middle East and Rwanda Conflicts,23,6,-17,0.0001,0.0,-0.01
T13481,Neurological diseases and metabolism,22,7,-15,0.0001,0.0,-0.01
T12976,Magnetic and Electromagnetic Effects,27,2,-25,0.0001,0.0,-0.01
T11208,Lignin and Wood Chemistry,14,15,1,0.0001,0.0001,0.0
T11242,Nuclear Materials and Properties,19,10,-9,0.0001,0.0,-0.0
T12528,"IL-33, ST2, and ILC Pathways",24,5,-19,0.0001,0.0,-0.01
T11705,Gambling Behavior and Treatments,21,8,-13,0.0001,0.0,-0.01
T12347,Ginger and Zingiberaceae research,15,14,-1,0.0001,0.0001,-0.0
T10117,Advanced Combustion Engine Technologies,8,21,13,0.0,0.0001,0.01
T13737,Critical and Liberation Pedagogy,5,24,19,0.0,0.0001,0.01
T13806,Mathematical and Computational Methods,3,26,23,0.0,0.0001,0.01
T10539,Sustainable Supply Chain Management,16,13,-3,0.0001,0.0001,-0.0
T12716,Congenital Anomalies and Fetal Surgery,13,16,3,0.0001,0.0001,0.0
T13112,Nutrition and Health Studies,0,29,29,0.0,0.0001,0.01
T12733,Vector-Borne Animal Diseases,21,8,-13,0.0001,0.0,-0.01
T11851,Electromagnetic Compatibility and Measurements,17,11,-6,0.0001,0.0,-0.0
T11685,Zebrafish Biomedical Research Applications,20,8,-12,0.0001,0.0,-0.01
T11698,Underwater Acoustics Research,21,7,-14,0.0001,0.0,-0.01
T10635,Hydraulic Fracturing and Reservoir Analysis,23,5,-18,0.0001,0.0,-0.01
T13552,Advanced Materials Characterization Techniques,23,5,-18,0.0001,0.0,-0.01
T14518,American Sports and Literature,22,6,-16,0.0001,0.0,-0.01
T13319,Film in Education and Therapy,12,16,4,0.0001,0.0001,0.0
T10806,Energetic Materials and Combustion,10,18,8,0.0,0.0001,0.0
T11835,Sustainability in Higher Education,8,20,12,0.0,0.0001,0.01
T12868,Photography and Visual Culture,14,14,0,0.0001,0.0001,0.0
T10480,Ionic liquids properties and applications,16,12,-4,0.0001,0.0001,-0.0
T13187,Diffusion and Search Dynamics,15,13,-2,0.0001,0.0001,-0.0
T13633,Public Health and Social Inequalities,5,23,18,0.0,0.0001,0.01
T11567,semigroups and automata theory,17,11,-6,0.0001,0.0,-0.0
T12405,Characterization and Applications of Magnetic Nanoparticles,15,13,-2,0.0001,0.0001,-0.0
T14365,Leaf Properties and Growth Measurement,18,10,-8,0.0001,0.0,-0.0
T11745,Potato Plant Research,25,3,-22,0.0001,0.0,-0.01
T10148,Advanced MIMO Systems Optimization,21,7,-14,0.0001,0.0,-0.01
T12719,Aerospace Engineering and Energy Systems,17,11,-6,0.0001,0.0,-0.0
T10615,Granular flow and fluidized beds,20,8,-12,0.0001,0.0,-0.01
T14078,Multiple and Secondary Primary Cancers,14,14,0,0.0001,0.0001,0.0
T10880,Environmental Sustainability in Business,14,14,0,0.0001,0.0001,0.0
T11233,Advanced Adaptive Filtering Techniques,13,15,2,0.0001,0.0001,0.0
T11621,Fiscal Policies and Political Economy,16,12,-4,0.0001,0.0001,-0.0
T12585,North African History and Literature,6,22,16,0.0,0.0001,0.01
T13474,Autobiographical and Biographical Writing,5,23,18,0.0,0.0001,0.01
T10803,Innovative Human-Technology Interaction,16,12,-4,0.0001,0.0001,-0.0
T10842,Railway Engineering and Dynamics,15,13,-2,0.0001,0.0001,-0.0
T13046,Electrokinetic Soil Remediation Techniques,17,11,-6,0.0001,0.0,-0.0
T12965,Wildlife Conservation and Criminology Analyses,23,5,-18,0.0001,0.0,-0.01
T12851,Firm Innovation and Growth,13,15,2,0.0001,0.0001,0.0
T14160,Water management and technologies,9,19,10,0.0,0.0001,0.0
T13216,Artistic and Creative Research,8,20,12,0.0,0.0001,0.01
T13150,Study and Philosophy of Religion,6,22,16,0.0,0.0001,0.01
T12973,Synthesis of Indole Derivatives,5,23,18,0.0,0.0001,0.01
T10578,Supramolecular Chemistry and Complexes,2,26,24,0.0,0.0001,0.01
T10852,Temporomandibular Joint Disorders,10,18,8,0.0,0.0001,0.0
T11769,Copyright and Intellectual Property,21,7,-14,0.0001,0.0,-0.01
T12800,Musculoskeletal synovial abnormalities and treatments,20,8,-12,0.0001,0.0,-0.01
T12115,Genetic and Environmental Crop Studies,15,13,-2,0.0001,0.0001,-0.0
T12276,Risk Management in Financial Firms,11,16,5,0.0,0.0001,0.0
T12114,Sensory Analysis and Statistical Methods,21,6,-15,0.0001,0.0,-0.01
T10761,Vehicular Ad Hoc Networks (VANETs),12,15,3,0.0001,0.0001,0.0
T12501,Digital Economy and Work Transformation,17,10,-7,0.0001,0.0,-0.0
T12833,Bartonella species infections research,15,12,-3,0.0001,0.0001,-0.0
T11351,Catalysis and Hydrodesulfurization Studies,17,10,-7,0.0001,0.0,-0.0
T13791,Veterinary medicine and infectious diseases,12,15,3,0.0001,0.0001,0.0
T12658,Language and Culture,1,26,25,0.0,0.0001,0.01
T11800,User Authentication and Security Systems,13,14,1,0.0001,0.0001,0.0
T11643,Building materials and conservation,20,7,-13,0.0001,0.0,-0.01
T10179,Supercapacitor Materials and Fabrication,14,13,-1,0.0001,0.0001,-0.0
T10388,Advanced Steganography and Watermarking Techniques,7,20,13,0.0,0.0001,0.01
T10575,Wireless Communication Networks Research,12,15,3,0.0001,0.0001,0.0
T13143,Child Therapy and Development,25,2,-23,0.0001,0.0,-0.01
T13235,Management Theory and Practice,8,19,11,0.0,0.0001,0.0
T13306,Geography and Education Methods,2,25,23,0.0,0.0001,0.01
T13316,"Crafts, Textile, and Design",15,12,-3,0.0001,0.0001,-0.0
T12879,Distributed Sensor Networks and Detection Algorithms,15,12,-3,0.0001,0.0001,-0.0
T13001,Restraint-Related Deaths,19,8,-11,0.0001,0.0,-0.0
T12784,Modular Robots and Swarm Intelligence,21,6,-15,0.0001,0.0,-0.01
T10057,Face and Expression Recognition,15,12,-3,0.0001,0.0001,-0.0
T11407,Innovative Microfluidic and Catalytic Techniques Innovation,19,8,-11,0.0001,0.0,-0.0
T12762,Crystallography and Radiation Phenomena,21,6,-15,0.0001,0.0,-0.01
T12301,Facial Nerve Paralysis Treatment and Research,20,7,-13,0.0001,0.0,-0.01
T14002,"Art, Technology, and Culture",12,15,3,0.0001,0.0001,0.0
T13643,Artificial Intelligence in Law,13,14,1,0.0001,0.0001,0.0
T12814,Gaussian Processes and Bayesian Inference,13,14,1,0.0001,0.0001,0.0
T14394,Cognitive Science and Education Research,19,8,-11,0.0001,0.0,-0.0
T12122,Physical Unclonable Functions (PUFs) and Hardware Security,14,13,-1,0.0001,0.0001,-0.0
T13448,Indigenous Cultures and Socio-Education,26,1,-25,0.0001,0.0,-0.01
T13632,Marriage and Sexual Relationships,15,12,-3,0.0001,0.0001,-0.0
T12974,Modernist Literature and Criticism,11,16,5,0.0,0.0001,0.0
T12986,Administrative Law and Governance,0,27,27,0.0,0.0001,0.01
T12599,Retinal and Optic Conditions,19,7,-12,0.0001,0.0,-0.01
T11400,Motivation and Self-Concept in Sports,20,6,-14,0.0001,0.0,-0.01
T11371,Wind and Air Flow Studies,18,8,-10,0.0001,0.0,-0.0
T12993,Psychology of Development and Education,12,14,2,0.0001,0.0001,0.0
T12714,Youth Education and Societal Dynamics,20,6,-14,0.0001,0.0,-0.01
T11592,Phenomenology and Existential Philosophy,6,20,14,0.0,0.0001,0.01
T10411,Proteins in Food Systems,16,10,-6,0.0001,0.0,-0.0
T10848,Advanced Multi-Objective Optimization Algorithms,18,8,-10,0.0001,0.0,-0.0
T14468,Plant Ecology and Soil Science,13,13,0,0.0001,0.0001,0.0
T13076,"Torture, Ethics, and Law",16,10,-6,0.0001,0.0,-0.0
T12482,Tunneling and Rock Mechanics,16,10,-6,0.0001,0.0,-0.0
T12702,Brain Tumor Detection and Classification,17,9,-8,0.0001,0.0,-0.0
T13557,Environmental and sustainability education,3,23,20,0.0,0.0001,0.01
T13878,Case Reports on Hematomas,9,17,8,0.0,0.0001,0.0
T12977,Spanish Literature and Culture Studies,12,14,2,0.0001,0.0001,0.0
T12129,Global Energy Security and Policy,9,17,8,0.0,0.0001,0.0
T14124,"Food, Nutrition, and Cultural Practices",4,22,18,0.0,0.0001,0.01
T11506,Children's Rights and Participation,10,16,6,0.0,0.0001,0.0
T12159,T-cell and Retrovirus Studies,18,8,-10,0.0001,0.0,-0.0
T12337,Italian Fascism and Post-war Society,24,2,-22,0.0001,0.0,-0.01
T11978,Soil Mechanics and Vehicle Dynamics,18,8,-10,0.0001,0.0,-0.0
T12064,Intraperitoneal and Appendiceal Malignancies,16,10,-6,0.0001,0.0,-0.0
T11325,Inertial Sensor and Navigation,21,5,-16,0.0001,0.0,-0.01
T13400,Mathematical and Theoretical Analysis,18,8,-10,0.0001,0.0,-0.0
T10331,Video Surveillance and Tracking Methods,12,14,2,0.0001,0.0001,0.0
T11694,Fluid Dynamics Simulations and Interactions,22,4,-18,0.0001,0.0,-0.01
T12506,Nuclear materials and radiation effects,17,9,-8,0.0001,0.0,-0.0
T10438,"Energy, Environment, Economic Growth",16,10,-6,0.0001,0.0,-0.0
T12004,Advanced Frequency and Time Standards,19,7,-12,0.0001,0.0,-0.01
T12710,Engineering and Agricultural Innovations,3,23,20,0.0,0.0001,0.01
T12516,Advanced Mathematical Theories and Applications,16,10,-6,0.0001,0.0,-0.0
T13993,Historical Geopolitical and Social Dynamics,14,12,-2,0.0001,0.0001,-0.0
T13654,Urban Planning and Landscape Design,3,23,20,0.0,0.0001,0.01
T11945,Heat Transfer Mechanisms,13,13,0,0.0001,0.0001,0.0
T14509,demographic modeling and climate adaptation,23,2,-21,0.0001,0.0,-0.01
T10987,Microfinance and Financial Inclusion,16,9,-7,0.0001,0.0,-0.0
T12747,Moyamoya disease diagnosis and treatment,14,11,-3,0.0001,0.0,-0.0
T13128,Chromatography in Natural Products,16,9,-7,0.0001,0.0,-0.0
T12169,Non-Destructive Testing Techniques,19,6,-13,0.0001,0.0,-0.01
T13078,Political and Social Dynamics in Chile and Latin America,20,5,-15,0.0001,0.0,-0.01
T13467,Drug-Induced Ocular Toxicity,6,19,13,0.0,0.0001,0.01
T12008,Solar-Powered Water Purification Methods,15,10,-5,0.0001,0.0,-0.0
T13170,Discrimination and Equality Law,7,18,11,0.0,0.0001,0.0
T13266,Indigenous Studies in Latin America,1,24,23,0.0,0.0001,0.01
T13584,Coal Combustion and Slurry Processing,1,24,23,0.0,0.0001,0.01
T12258,"Perfectionism, Procrastination, Anxiety Studies",16,9,-7,0.0001,0.0,-0.0
T12461,Narrative Theory and Analysis,8,17,9,0.0,0.0001,0.0
T13314,Lymphadenopathy Diagnosis and Analysis,12,13,1,0.0001,0.0001,0.0
T11474,Sport and Mega-Event Impacts,18,7,-11,0.0001,0.0,-0.0
T14308,Psychological and Educational Research Studies,18,7,-11,0.0001,0.0,-0.0
T12184,Linguistics and Education Research,3,22,19,0.0,0.0001,0.01
T13966,Neurological and metabolic disorders,14,11,-3,0.0001,0.0,-0.0
T13169,Consumer Perception and Purchasing Behavior,8,17,9,0.0,0.0001,0.0
T12353,Lexicography and Language Studies,15,10,-5,0.0001,0.0,-0.0
T13110,Colorectal and Anal Carcinomas,16,9,-7,0.0001,0.0,-0.0
T11555,Methodologies in Health Research and Practice,1,24,23,0.0,0.0001,0.01
T13124,Chemical synthesis and alkaloids,24,1,-23,0.0001,0.0,-0.01
T12107,Leprosy Research and Treatment,13,12,-1,0.0001,0.0001,-0.0
T12697,Water Quality Monitoring Technologies,20,5,-15,0.0001,0.0,-0.01
T12375,Cuban History and Society,20,5,-15,0.0001,0.0,-0.01
T12843,Human Resource and Talent Management,13,12,-1,0.0001,0.0001,-0.0
T11787,Oral and Maxillofacial Pathology,17,8,-9,0.0001,0.0,-0.0
T12351,Geometry and complex manifolds,12,13,1,0.0001,0.0001,0.0
T12361,Study of Mite Species,9,16,7,0.0,0.0001,0.0
T12001,Fossil Insects in Amber,20,5,-15,0.0001,0.0,-0.01
T10361,Silicon Carbide Semiconductor Technologies,18,7,-11,0.0001,0.0,-0.0
T13504,African history and culture analysis,25,0,-25,0.0001,0.0,-0.01
T13991,Nuclear Receptors and Signaling,20,5,-15,0.0001,0.0,-0.01
T14099,Synthesis and Characterization of Heterocyclic Compounds,23,2,-21,0.0001,0.0,-0.01
T12344,Silicon Effects in Agriculture,14,11,-3,0.0001,0.0,-0.0
T12957,"War, Ethics, and Justification",16,9,-7,0.0001,0.0,-0.0
T12943,COVID-19 Digital Contact Tracing,13,12,-1,0.0001,0.0001,-0.0
T13326,Biochemical and Structural Characterization,12,13,1,0.0001,0.0001,0.0
T12666,Historical Psychiatry and Medical Practices,7,18,11,0.0,0.0001,0.0
T10909,Edible Oils Quality and Analysis,5,20,15,0.0,0.0001,0.01
T13066,Information Society and Technology Trends,1,24,23,0.0,0.0001,0.01
T14091,Industrial and Mining Safety,0,25,25,0.0,0.0001,0.01
T12920,Healthcare and Environmental Waste Management,19,6,-13,0.0001,0.0,-0.01
T12587,Gestational Trophoblastic Disease Studies,15,9,-6,0.0001,0.0,-0.0
T13904,Artificial Intelligence Applications,3,21,18,0.0,0.0001,0.01
T12190,Innovations in Concrete and Construction Materials,15,9,-6,0.0001,0.0,-0.0
T13379,"Multiculturalism, Politics, Migration, Gender",17,7,-10,0.0001,0.0,-0.0
T13414,Radioactive Decay and Measurement Techniques,9,15,6,0.0,0.0001,0.0
T13333,American Political and Social Dynamics,9,15,6,0.0,0.0001,0.0
T13438,Environmental Conservation and Management,19,5,-14,0.0001,0.0,-0.01
T13577,Sephardic Jews and Inquisition Studies,6,18,12,0.0,0.0001,0.01
T12247,Microbial Applications in Construction Materials,13,11,-2,0.0001,0.0,-0.0
T13745,Media and Digital Communication,5,19,14,0.0,0.0001,0.01
T12857,Medieval Philosophy and Theology,12,12,0,0.0001,0.0001,0.0
T12872,Philippine History and Culture,21,3,-18,0.0001,0.0,-0.01
T12798,Religious Tourism and Spaces,19,5,-14,0.0001,0.0,-0.01
T11646,Nonlocal and gradient elasticity in micro/nano structures,11,13,2,0.0,0.0001,0.0
T12209,Bone and Joint Diseases,19,5,-14,0.0001,0.0,-0.01
T12221,Cybersecurity and Cyber Warfare Studies,17,7,-10,0.0001,0.0,-0.0
T10257,Oral microbiology and periodontitis research,11,13,2,0.0,0.0001,0.0
T12454,European Political History Analysis,12,12,0,0.0001,0.0001,0.0
T13605,"Homicide, Infanticide, and Child Abuse",16,8,-8,0.0001,0.0,-0.0
T14089,Nanotechnology research and applications,14,10,-4,0.0001,0.0,-0.0
T11415,Noncommutative and Quantum Gravity Theories,11,13,2,0.0,0.0001,0.0
T12605,Berry genetics and cultivation research,16,8,-8,0.0001,0.0,-0.0
T12437,"Balkans: History, Politics, Society",9,15,6,0.0,0.0001,0.0
T14399,Invertebrate Taxonomy and Ecology,9,15,6,0.0,0.0001,0.0
T13191,Dispute Resolution and Class Actions,8,16,8,0.0,0.0001,0.0
T11608,Dielectric materials and actuators,8,16,8,0.0,0.0001,0.0
T11392,Energy Harvesting in Wireless Networks,18,6,-12,0.0001,0.0,-0.01
T12424,Earthquake Detection and Analysis,20,4,-16,0.0001,0.0,-0.01
T11576,IgG4-Related and Inflammatory Diseases,17,7,-10,0.0001,0.0,-0.0
T14329,Science and Climate Studies,24,0,-24,0.0001,0.0,-0.01
T11566,Laser Applications in Dentistry and Medicine,19,5,-14,0.0001,0.0,-0.01
T12038,Covalent Organic Framework Applications,14,10,-4,0.0001,0.0,-0.0
T13453,Alkaline Phosphatase Research Studies,17,7,-10,0.0001,0.0,-0.0
T13317,"Media, Communication, and Education",16,8,-8,0.0001,0.0,-0.0
T14324,Insects and Parasite Interactions,20,4,-16,0.0001,0.0,-0.01
T13234,advanced mathematical theories,22,2,-20,0.0001,0.0,-0.01
T10707,Cellular and Composite Structures,8,16,8,0.0,0.0001,0.0
T10775,Generative Adversarial Networks and Image Synthesis,9,15,6,0.0,0.0001,0.0
T12238,Green IT and Sustainability,10,14,4,0.0,0.0001,0.0
T12543,Groundwater and Watershed Analysis,15,9,-6,0.0001,0.0,-0.0
T13091,Human Health and Disease,13,11,-2,0.0001,0.0,-0.0
T12496,Color perception and design,21,3,-18,0.0001,0.0,-0.01
T13911,"Employment, Labor, and Gender Studies",6,18,12,0.0,0.0001,0.01
T14306,Technology Assessment and Management,18,5,-13,0.0001,0.0,-0.01
T12402,Travel-related health issues,18,5,-13,0.0001,0.0,-0.01
T14092,"Ethics, Aesthetics, and Art",6,17,11,0.0,0.0001,0.0
T12392,Sharing Economy and Platforms,15,8,-7,0.0001,0.0,-0.0
T12051,Diversity and Impact of Dance,14,9,-5,0.0001,0.0,-0.0
T10810,Polymer composites and self-healing,12,11,-1,0.0001,0.0,-0.0
T13840,Chemical Safety and Risk Management,16,7,-9,0.0001,0.0,-0.0
T11132,Psychoanalysis and Psychopathology Research,4,19,15,0.0,0.0001,0.01
T12502,Urbanization and City Planning,20,3,-17,0.0001,0.0,-0.01
T13506,Botanical Research and Chemistry,22,1,-21,0.0001,0.0,-0.01
T12953,Critical Realism in Sociology,17,6,-11,0.0001,0.0,-0.0
T10763,Digital Transformation in Industry,14,9,-5,0.0001,0.0,-0.0
T12332,Comparative constitutional jurisprudence studies,9,14,5,0.0,0.0001,0.0
T13621,Ancient and Medieval Archaeology Studies,11,12,1,0.0,0.0001,0.0
T14521,Medicinal Plant Research,3,20,17,0.0,0.0001,0.01
T13530,Climate Change and Environmental Impact,6,17,11,0.0,0.0001,0.0
T12616,Religious Education and Schools,17,6,-11,0.0001,0.0,-0.0
T11947,Molten salt chemistry and electrochemical processes,5,18,13,0.0,0.0001,0.01
T13961,Socioeconomics of Resources and Conservation,1,22,21,0.0,0.0001,0.01
T14222,Knowledge Management and Technology,8,15,7,0.0,0.0001,0.0
T13934,Indigenous Knowledge Systems and Agriculture,8,15,7,0.0,0.0001,0.0
T13521,Psychosocial Factors Impacting Youth,12,11,-1,0.0001,0.0,-0.0
T11143,High Entropy Alloys Studies,10,13,3,0.0,0.0001,0.0
T12909,French Historical and Cultural Studies,9,14,5,0.0,0.0001,0.0
T12772,Control and Stability of Dynamical Systems,7,16,9,0.0,0.0001,0.0
T13765,Social Science and Policy Research,8,15,7,0.0,0.0001,0.0
T14242,"Nutrition, Health, and Society Studies",12,11,-1,0.0001,0.0,-0.0
T13694,Immigration Law and Human Rights,2,21,19,0.0,0.0001,0.01
T12256,Facilities and Workplace Management,5,18,13,0.0,0.0001,0.01
T14378,Entomological Studies and Ecology,19,4,-15,0.0001,0.0,-0.01
T13196,Political Theory and Influence,13,10,-3,0.0001,0.0,-0.0
T12524,Chemical Synthesis and Characterization,20,3,-17,0.0001,0.0,-0.01
T10741,Video Coding and Compression Technologies,9,14,5,0.0,0.0001,0.0
T11550,Text and Document Classification Technologies,11,12,1,0.0,0.0001,0.0
T12058,Allelopathy and phytotoxic interactions,18,5,-13,0.0001,0.0,-0.01
T12619,Political Systems and Governance,11,12,1,0.0,0.0001,0.0
T14017,Legal Issues in Education,6,17,11,0.0,0.0001,0.0
T14320,Optics and Image Analysis,19,4,-15,0.0001,0.0,-0.01
T13780,Diverse Education Studies and Reforms,22,1,-21,0.0001,0.0,-0.01
T11765,Circular RNAs in diseases,13,10,-3,0.0001,0.0,-0.0
T13204,Competitive and Knowledge Intelligence,11,12,1,0.0,0.0001,0.0
T13363,Soft tissue tumors and treatment,5,18,13,0.0,0.0001,0.01
T11286,Polyoxometalates: Synthesis and Applications,21,1,-20,0.0001,0.0,-0.01
T14280,Big Data Technologies and Applications,8,14,6,0.0,0.0001,0.0
T12515,Gender and Technology in Education,12,10,-2,0.0001,0.0,-0.0
T13090,Medicinal Plant Extracts Effects,15,7,-8,0.0001,0.0,-0.0
T12177,Resource-Constrained Project Scheduling,12,10,-2,0.0001,0.0,-0.0
T11672,Recycling and utilization of industrial and municipal waste in materials production,12,10,-2,0.0001,0.0,-0.0
T12627,Graphene and Nanomaterials Applications,16,6,-10,0.0001,0.0,-0.0
T10607,Magnetic and transport properties of perovskites and related materials,10,12,2,0.0,0.0001,0.0
T11476,Graph theory and applications,15,7,-8,0.0001,0.0,-0.0
T14020,Medical research and treatments,5,17,12,0.0,0.0001,0.01
T12948,Inclusion and Disability in Education and Sport,7,15,8,0.0,0.0001,0.0
T12025,Hepatitis Viruses Studies and Epidemiology,15,7,-8,0.0001,0.0,-0.0
T13778,Comparative and World Literature,2,20,18,0.0,0.0001,0.01
T13323,Spinal Hematomas and Complications,12,10,-2,0.0001,0.0,-0.0
T12604,Glycogen Storage Diseases and Myoclonus,16,6,-10,0.0001,0.0,-0.0
T14028,Healthcare and Venom Research,21,1,-20,0.0001,0.0,-0.01
T10389,Polymer crystallization and properties,15,7,-8,0.0001,0.0,-0.0
T13042,Economic and Fiscal Studies,0,22,22,0.0,0.0001,0.01
T11309,Music and Audio Processing,15,7,-8,0.0001,0.0,-0.0
T12095,Vehicle emissions and performance,19,3,-16,0.0001,0.0,-0.01
T13466,Comparative Literary Analysis and Criticism,20,2,-18,0.0001,0.0,-0.01
T12810,Real-time simulation and control systems,19,3,-16,0.0001,0.0,-0.01
T12014,"Fish biology, ecology, and behavior",20,2,-18,0.0001,0.0,-0.01
T12661,Iterative Methods for Nonlinear Equations,11,11,0,0.0,0.0,0.0
T10789,Interactive and Immersive Displays,12,10,-2,0.0001,0.0,-0.0
T13690,Quality and Safety in Healthcare,15,7,-8,0.0001,0.0,-0.0
T10944,Turbomachinery Performance and Optimization,9,13,4,0.0,0.0001,0.0
T12897,Structural Analysis of Composite Materials,21,1,-20,0.0001,0.0,-0.01
T11932,Wireless Body Area Networks,14,8,-6,0.0001,0.0,-0.0
T12401,Scheduling and Timetabling Solutions,10,12,2,0.0,0.0001,0.0
T13305,Teacher Professional Development and Motivation,9,13,4,0.0,0.0001,0.0
T10305,Power System Optimization and Stability,7,15,8,0.0,0.0001,0.0
T13469,"Environmental, Ecological, and Cultural Studies",8,14,6,0.0,0.0001,0.0
T10805,Vehicle Dynamics and Control Systems,11,11,0,0.0,0.0,0.0
T11498,Security in Wireless Sensor Networks,10,12,2,0.0,0.0001,0.0
T13162,African Studies and Ethnography,4,18,14,0.0,0.0001,0.01
T12244,Healthcare Education and Workforce Issues,5,17,12,0.0,0.0001,0.01
T14169,Public Health and Environmental Issues,6,16,10,0.0,0.0001,0.0
T13739,Medieval and Early Modern Justice,2,20,18,0.0,0.0001,0.01
T13340,Palliative and Oncologic Care,0,22,22,0.0,0.0001,0.01
T14326,Ear and Head Tumors,9,13,4,0.0,0.0001,0.0
T13105,Synthesis and pharmacology of benzodiazepine derivatives,12,10,-2,0.0001,0.0,-0.0
T12525,Australian History and Society,22,0,-22,0.0001,0.0,-0.01
T13132,"Hydropower, Displacement, Environmental Impact",11,11,0,0.0,0.0,0.0
T12121,Cooperative Studies and Economics,12,10,-2,0.0001,0.0,-0.0
T13165,Agricultural safety and regulations,5,17,12,0.0,0.0001,0.01
T11185,Integrated Energy Systems Optimization,12,9,-3,0.0001,0.0,-0.0
T13814,Cultural and political discourse analysis,3,18,15,0.0,0.0001,0.01
T13024,Literary Theory and Cultural Hermeneutics,1,20,19,0.0,0.0001,0.01
T12263,Peacebuilding and International Security,11,10,-1,0.0,0.0,-0.0
T11570,Periodontal Regeneration and Treatments,13,8,-5,0.0001,0.0,-0.0
T12257,Bioactive natural compounds,10,11,1,0.0,0.0,0.0
T11397,"Populism, Right-Wing Movements",8,13,5,0.0,0.0001,0.0
T13728,"Crime, Deviance, and Social Control",8,13,5,0.0,0.0001,0.0
T11807,Infrastructure Resilience and Vulnerability Analysis,14,7,-7,0.0001,0.0,-0.0
T12647,Traditional Chinese Medicine Studies,8,13,5,0.0,0.0001,0.0
T12413,Health and Medical Education,2,19,17,0.0,0.0001,0.01
T13260,Linguistics and Language Studies,1,20,19,0.0,0.0001,0.01
T12241,Children's Physical and Motor Development,18,3,-15,0.0001,0.0,-0.01
T12314,Nuts composition and effects,14,7,-7,0.0001,0.0,-0.0
T14380,Libraries and Information Services,16,5,-11,0.0001,0.0,-0.0
T12407,Plant Growth Enhancement Techniques,15,6,-9,0.0001,0.0,-0.0
T12201,Agricultural Engineering and Mechanization,6,15,9,0.0,0.0001,0.0
T12744,Medical Device Sterilization and Disinfection,13,8,-5,0.0001,0.0,-0.0
T13726,International Science and Diplomacy,13,8,-5,0.0001,0.0,-0.0
T12999,Medieval History and Crusades,8,13,5,0.0,0.0001,0.0
T13938,Historical and Contemporary Political Dynamics,20,1,-19,0.0001,0.0,-0.01
T12996,Cancer Research and Treatments,20,1,-19,0.0001,0.0,-0.01
T14170,Classical Studies and Philology,4,17,13,0.0,0.0001,0.01
T14040,Problem Solving Skills Development,13,8,-5,0.0001,0.0,-0.0
T14297,Plant-Derived Bioactive Compounds,3,18,15,0.0,0.0001,0.01
T12273,Latin American Urban Studies,9,12,3,0.0,0.0001,0.0
T14494,American Literature and Culture,7,14,7,0.0,0.0001,0.0
T13168,Plant Ecology and Taxonomy Studies,16,5,-11,0.0001,0.0,-0.0
T10879,Robotic Locomotion and Control,10,11,1,0.0,0.0,0.0
T12300,Advanced Electrical Measurement Techniques,13,8,-5,0.0001,0.0,-0.0
T14513,"Leadership, Courage, and Heroism Studies",13,8,-5,0.0001,0.0,-0.0
T13546,Census and Population Estimation,11,10,-1,0.0,0.0,-0.0
T10264,Asphalt Pavement Performance Evaluation,12,9,-3,0.0001,0.0,-0.0
T13648,Cerebrovascular and genetic disorders,5,16,11,0.0,0.0001,0.0
T13534,"Migration, Identity, and Health",4,17,13,0.0,0.0001,0.01
T13712,Kantian Philosophy and Modern Interpretations,1,20,19,0.0,0.0001,0.01
T12110,Bone and Dental Protein Studies,17,4,-13,0.0001,0.0,-0.01
T12682,Smart Materials for Construction,19,1,-18,0.0001,0.0,-0.01
T10354,Catalytic C–H Functionalization Methods,17,3,-14,0.0001,0.0,-0.01
T11617,Enzyme Production and Characterization,17,3,-14,0.0001,0.0,-0.01
T14310,Botany and Geology in Latin America and Caribbean,19,1,-18,0.0001,0.0,-0.01
T12846,Ginkgo biloba and Cashew Applications,13,7,-6,0.0001,0.0,-0.0
T11475,French Urban and Social Studies,20,0,-20,0.0001,0.0,-0.01
T11133,UAV Applications and Optimization,12,8,-4,0.0001,0.0,-0.0
T14162,Historical and Literary Studies,18,2,-16,0.0001,0.0,-0.01
T13230,Synthesis and Reactivity of Heterocycles,15,5,-10,0.0001,0.0,-0.0
T13274,Expert finding and Q&A systems,12,8,-4,0.0001,0.0,-0.0
T11820,Learning Styles and Cognitive Differences,6,14,8,0.0,0.0001,0.0
T10454,Optimal Power Flow Distribution,9,11,2,0.0,0.0,0.0
T13979,Communication and COVID-19 Impact,2,18,16,0.0,0.0001,0.01
T13478,Agricultural Development and Management,1,19,18,0.0,0.0001,0.01
T14085,Student Stress and Coping,1,19,18,0.0,0.0001,0.01
T12695,Urinary and Genital Oncology Studies,10,10,0,0.0,0.0,0.0
T13410,Immune responses and vaccinations,11,9,-2,0.0,0.0,-0.0
T14126,Intramuscular injections and effects,11,9,-2,0.0,0.0,-0.0
T13986,Medical Practices and Rehabilitation,4,16,12,0.0,0.0001,0.01
T13590,"Oral History, Memory, Narrative Analysis",13,7,-6,0.0001,0.0,-0.0
T13518,Architecture and Computational Design,15,5,-10,0.0001,0.0,-0.0
T12295,"Foucault, Power, and Ethics",7,13,6,0.0,0.0001,0.0
T10986,RFID technology advancements,11,9,-2,0.0,0.0,-0.0
T12340,Anodic Oxide Films and Nanostructures,13,7,-6,0.0001,0.0,-0.0
T13120,Nuclear Issues and Defense,9,11,2,0.0,0.0,0.0
T14117,Integrated Circuits and Semiconductor Failure Analysis,18,2,-16,0.0001,0.0,-0.01
T14172,Cultural and Social Studies in Latin America,15,5,-10,0.0001,0.0,-0.0
T13081,Digital Education and Society,12,8,-4,0.0001,0.0,-0.0
T11729,Product Development and Customization,12,8,-4,0.0001,0.0,-0.0
T10850,Heat Transfer and Boiling Studies,10,10,0,0.0,0.0,0.0
T12096,Ectopic Pregnancy Diagnosis and Management,13,7,-6,0.0001,0.0,-0.0
T14345,Scientific Research and Philosophical Inquiry,9,11,2,0.0,0.0,0.0
T11759,Occupational Therapy Practice and Research,12,8,-4,0.0001,0.0,-0.0
T13002,Southeast Asian Sociopolitical Studies,18,2,-16,0.0001,0.0,-0.01
T10811,Hydrogen Storage and Materials,9,11,2,0.0,0.0,0.0
T11140,Natural Antidiabetic Agents Studies,7,13,6,0.0,0.0001,0.0
T12862,Catholicism and Religious Studies,3,17,14,0.0,0.0001,0.01
T10922,Magnetic Properties and Synthesis of Ferrites,5,15,10,0.0,0.0001,0.0
T14432,Freedom of Expression and Defamation,6,14,8,0.0,0.0001,0.0
T13210,Historical Turkish Studies,3,17,14,0.0,0.0001,0.01
T12930,Biomedical and Chemical Research,10,10,0,0.0,0.0,0.0
T13716,Communication Studies and Media,0,20,20,0.0,0.0001,0.01
T10690,Vibration Control and Rheological Fluids,9,11,2,0.0,0.0,0.0
T12086,Structural Integrity and Reliability Analysis,9,11,2,0.0,0.0,0.0
T12575,Medical History and Research,13,7,-6,0.0001,0.0,-0.0
T12673,Microbial Metabolism and Applications,14,6,-8,0.0001,0.0,-0.0
T12633,Legal case studies and regulations,20,0,-20,0.0001,0.0,-0.01
T12704,Stress and Burnout Research,5,15,10,0.0,0.0001,0.0
T12730,"Weber, Simmel, Sociological Theory",11,9,-2,0.0,0.0,-0.0
T12809,Contact Mechanics and Variational Inequalities,8,11,3,0.0,0.0,0.0
T12722,Innovation Policy and R&D,14,5,-9,0.0001,0.0,-0.0
T13750,"Mormonism, Religion, and History",12,7,-5,0.0001,0.0,-0.0
T12935,Healthcare Systems and Public Health,12,7,-5,0.0001,0.0,-0.0
T14210,Historical and Linguistic Studies,19,0,-19,0.0001,0.0,-0.01
T13059,"Religion, Ecology, and Ethics",12,7,-5,0.0001,0.0,-0.0
T11776,Irish and British Studies,14,5,-9,0.0001,0.0,-0.0
T12464,Neurological Complications and Syndromes,10,9,-1,0.0,0.0,-0.0
T12894,Date Palm Research Studies,10,9,-1,0.0,0.0,-0.0
T13971,Synthesis and Biological Activity,12,7,-5,0.0001,0.0,-0.0
T11739,Microwave Imaging and Scattering Analysis,11,8,-3,0.0,0.0,-0.0
T12887,Educational Strategies and Epistemologies,14,5,-9,0.0001,0.0,-0.0
T12410,Structural and Chemical Analysis of Organic and Inorganic Compounds,5,14,9,0.0,0.0001,0.0
T11836,Bryophyte Studies and Records,13,6,-7,0.0001,0.0,-0.0
T11038,Advanced SAR Imaging Techniques,9,10,1,0.0,0.0,0.0
T10687,Innovative concrete reinforcement materials,10,9,-1,0.0,0.0,-0.0
T13149,Organizational Change and Leadership,4,15,11,0.0,0.0001,0.0
T13061,Literacy and Educational Practices,8,11,3,0.0,0.0,0.0
T13179,"Literature, Culture, and Criticism",11,8,-3,0.0,0.0,-0.0
T13364,"Digitalization, Law, and Regulation",0,19,19,0.0,0.0001,0.01
T12325,Urban Design and Spatial Analysis,12,7,-5,0.0001,0.0,-0.0
T14032,History and International Relations,0,19,19,0.0,0.0001,0.01
T11435,Polynomial and algebraic computation,15,4,-11,0.0001,0.0,-0.0
T12649,Alkaloids: synthesis and pharmacology,6,13,7,0.0,0.0001,0.0
T12029,DNA and Biological Computing,15,4,-11,0.0001,0.0,-0.0
T13600,Science Education and Perceptions,17,2,-15,0.0001,0.0,-0.01
T10326,Indoor and Outdoor Localization Technologies,12,7,-5,0.0001,0.0,-0.0
T12795,Banana Cultivation and Research,17,2,-15,0.0001,0.0,-0.01
T11273,Advanced Graph Neural Networks,11,8,-3,0.0,0.0,-0.0
T13220,Plant and Fungal Interactions Research,15,4,-11,0.0001,0.0,-0.0
T14230,Occupational and Professional Licensing Regulation,12,7,-5,0.0001,0.0,-0.0
T13785,Aquatic and Environmental Studies,14,5,-9,0.0001,0.0,-0.0
T13556,Historical Influence and Diplomacy,14,5,-9,0.0001,0.0,-0.0
T13560,Socioeconomic Development in MENA,17,2,-15,0.0001,0.0,-0.01
T12720,Multimedia Communication and Technology,18,1,-17,0.0001,0.0,-0.01
T13705,Australian Indigenous Culture and History,11,8,-3,0.0,0.0,-0.0
T13185,Phytochemistry and Bioactive Compounds,12,7,-5,0.0001,0.0,-0.0
T13108,Therapeutic Uses of Natural Elements,13,6,-7,0.0001,0.0,-0.0
T12384,Customer churn and segmentation,5,14,9,0.0,0.0001,0.0
T10709,Social Robot Interaction and HRI,5,14,9,0.0,0.0001,0.0
T12778,History of Medicine and Tropical Health,2,17,15,0.0,0.0001,0.01
T12551,Forgiveness and Related Behaviors,10,9,-1,0.0,0.0,-0.0
T14079,Mathematics Education and Programs,9,10,1,0.0,0.0,0.0
T12663,Body Image and Dysmorphia Studies,16,3,-13,0.0001,0.0,-0.01
T10188,Advanced machining processes and optimization,8,11,3,0.0,0.0,0.0
T13062,Cognitive Computing and Networks,12,7,-5,0.0001,0.0,-0.0
T13275,Medical and Health Sciences Research,3,16,13,0.0,0.0001,0.01
T12069,Commutative Algebra and Its Applications,8,10,2,0.0,0.0,0.0
T12597,Fire Detection and Safety Systems,11,7,-4,0.0,0.0,-0.0
T12806,Ocean Acidification Effects and Responses,12,6,-6,0.0001,0.0,-0.0
T10637,Advanced Clustering Algorithms Research,8,10,2,0.0,0.0,0.0
T14516,English Language Learning and Teaching,2,16,14,0.0,0.0001,0.01
T14371,Hume's philosophy and hair distribution,8,10,2,0.0,0.0,0.0
T12345,Adult and Continuing Education Topics,3,15,12,0.0,0.0001,0.01
T13397,Hallucinations in medical conditions,7,11,4,0.0,0.0,0.0
T14024,"Education, Philosophy, and Society",2,16,14,0.0,0.0001,0.01
T14137,"Agriculture, Soil, Plant Science",15,3,-12,0.0001,0.0,-0.01
T11138,Tribology and Lubrication Engineering,10,8,-2,0.0,0.0,-0.0
T11527,3D IC and TSV technologies,11,7,-4,0.0,0.0,-0.0
T13982,Social Movements and Cultural Identity,1,17,16,0.0,0.0001,0.01
T14021,Medieval European Literature and History,7,11,4,0.0,0.0,0.0
T13125,Agricultural pest management studies,17,1,-16,0.0001,0.0,-0.01
T10865,Shape Memory Alloy Transformations,10,8,-2,0.0,0.0,-0.0
T12034,Digital and Cyber Forensics,12,6,-6,0.0001,0.0,-0.0
T13023,Synthesis of Organic Compounds,14,4,-10,0.0001,0.0,-0.0
T13335,Pharmacological Effects of Medicinal Plants,10,8,-2,0.0,0.0,-0.0
T13171,Polymer Science and PVC,7,11,4,0.0,0.0,0.0
T11564,Mathematical Inequalities and Applications,11,7,-4,0.0,0.0,-0.0
T12820,Chromatin Remodeling and Cancer,17,1,-16,0.0001,0.0,-0.01
T14510,Medical Imaging and Analysis,14,4,-10,0.0001,0.0,-0.0
T13596,"Grouting, Rheology, and Soil Mechanics",16,2,-14,0.0001,0.0,-0.01
T11447,Blind Source Separation Techniques,16,2,-14,0.0001,0.0,-0.01
T12642,Polymer-Based Agricultural Enhancements,14,4,-10,0.0001,0.0,-0.0
T12455,Mediterranean and Iberian flora and fauna,17,1,-16,0.0001,0.0,-0.01
T14487,Science and Science Education,1,17,16,0.0,0.0001,0.01
T10626,High-Temperature Coating Behaviors,11,7,-4,0.0,0.0,-0.0
T11201,Metallurgy and Material Forming,17,1,-16,0.0001,0.0,-0.01
T12373,Linguistic research and analysis,15,3,-12,0.0001,0.0,-0.01
T11466,Innovative Education and Learning Practices,12,6,-6,0.0001,0.0,-0.0
T10484,Wood Treatment and Properties,8,10,2,0.0,0.0,0.0
T11741,Flexible and Reconfigurable Manufacturing Systems,8,10,2,0.0,0.0,0.0
T11222,Magnetic Properties and Applications,16,2,-14,0.0001,0.0,-0.01
T12203,Mobile Agent-Based Network Management,12,6,-6,0.0001,0.0,-0.0
T12544,Working Capital and Financial Performance,8,10,2,0.0,0.0,0.0
T13134,Latin American Literature Studies,17,1,-16,0.0001,0.0,-0.01
T13166,Information Science and Libraries,2,16,14,0.0,0.0001,0.01
T12630,African Botany and Ecology Studies,17,1,-16,0.0001,0.0,-0.01
T13570,Historical Education Studies Worldwide,3,15,12,0.0,0.0001,0.01
T11523,Nanomaterials and Printing Technologies,7,11,4,0.0,0.0,0.0
T10011,"Literature: history, themes, analysis",10,7,-3,0.0,0.0,-0.0
T11653,Financial Distress and Bankruptcy Prediction,10,7,-3,0.0,0.0,-0.0
T12223,Leptospirosis research and findings,8,9,1,0.0,0.0,0.0
T12885,Digital Innovation in Industries,10,7,-3,0.0,0.0,-0.0
T12131,Wireless Signal Modulation Classification,11,6,-5,0.0,0.0,-0.0
T12786,Innovation and Socioeconomic Development,17,0,-17,0.0001,0.0,-0.01
T11825,Catalysis and Oxidation Reactions,13,4,-9,0.0001,0.0,-0.0
T12133,Pragmatism in Philosophy and Education,10,7,-3,0.0,0.0,-0.0
T11479,Smart Cities and Technologies,10,7,-3,0.0,0.0,-0.0
T13796,Neurological Disorders and Treatments,12,5,-7,0.0001,0.0,-0.0
T12631,Head and Neck Anomalies,10,7,-3,0.0,0.0,-0.0
T14357,"Architecture, Design, and Social History",16,1,-15,0.0001,0.0,-0.01
T12632,Visual Culture and Art Theory,10,7,-3,0.0,0.0,-0.0
T13523,"Mathematics, Computing, and Information Processing",16,1,-15,0.0001,0.0,-0.01
T13593,Historical and Archaeological Studies,11,6,-5,0.0,0.0,-0.0
T14488,Chemical and Physical Studies,7,10,3,0.0,0.0,0.0
T10767,Advanced Photonic Communication Systems,7,10,3,0.0,0.0,0.0
T10568,Thermodynamic and Exergetic Analyses of Power and Cooling Systems,8,9,1,0.0,0.0,0.0
T13505,Apelin-related biomedical research,12,5,-7,0.0001,0.0,-0.0
T13838,Plant and soil sciences,14,3,-11,0.0001,0.0,-0.0
T12320,Feminist Epistemology and Gender Studies,4,13,9,0.0,0.0001,0.0
T12794,Adaptive Dynamic Programming Control,2,15,13,0.0,0.0001,0.01
T13366,Accounting Theory and Financial Reporting,1,16,15,0.0,0.0001,0.01
T10601,Handwritten Text Recognition Techniques,9,8,-1,0.0,0.0,-0.0
T14496,Educational Technology and E-Learning,0,17,17,0.0,0.0001,0.01
T14498,Educational Technology in Learning,0,17,17,0.0,0.0001,0.01
T12211,Aluminum toxicity and tolerance in plants and animals,11,6,-5,0.0,0.0,-0.0
T13214,Powdery Mildew Fungal Diseases,11,6,-5,0.0,0.0,-0.0
T11975,Evolutionary Algorithms and Applications,13,4,-9,0.0001,0.0,-0.0
T12847,Healthcare Systems and Challenges,15,2,-13,0.0001,0.0,-0.01
T12397,Critical Theory and Philosophy,13,4,-9,0.0001,0.0,-0.0
T14025,Educational Technology and Assessment,10,7,-3,0.0,0.0,-0.0
T12916,COVID-19 impact on air quality,10,7,-3,0.0,0.0,-0.0
T13542,"Grit, Self-Efficacy, and Motivation",14,3,-11,0.0001,0.0,-0.0
T10796,Cooperative Communication and Network Coding,14,3,-11,0.0001,0.0,-0.0
T13129,Material Properties and Applications,16,1,-15,0.0001,0.0,-0.01
T12252,Mechanical stress and fatigue analysis,16,1,-15,0.0001,0.0,-0.01
T10386,Microstructure and Mechanical Properties of Steels,9,8,-1,0.0,0.0,-0.0
T13699,Public Spaces through Art,13,4,-9,0.0001,0.0,-0.0
T10653,Robot Manipulation and Learning,9,8,-1,0.0,0.0,-0.0
T12439,Dental Research and COVID-19,16,1,-15,0.0001,0.0,-0.01
T13011,Latin American rural development,11,6,-5,0.0,0.0,-0.0
T11439,Video Analysis and Summarization,9,8,-1,0.0,0.0,-0.0
T12269,Effects of Vibration on Health,12,5,-7,0.0001,0.0,-0.0
T12458,Organometallic Compounds Synthesis and Characterization,14,3,-11,0.0001,0.0,-0.0
T11920,Pulsed Power Technology Applications,8,9,1,0.0,0.0,0.0
T13457,"Dental Education, Practice, Research",14,3,-11,0.0001,0.0,-0.0
T12445,Twentieth Century Scientific Developments,8,9,1,0.0,0.0,0.0
T12489,Microbial Metabolites in Food Biotechnology,14,3,-11,0.0001,0.0,-0.0
T12652,International Maritime Law Issues,9,8,-1,0.0,0.0,-0.0
T14246,E-Learning and Knowledge Management,11,6,-5,0.0,0.0,-0.0
T10592,Fusion materials and technologies,5,12,7,0.0,0.0001,0.0
T13741,Cross-Cultural and Social Analysis,4,13,9,0.0,0.0001,0.0
T13098,Conferences and Exhibitions Management,6,11,5,0.0,0.0,0.0
T14037,Arabic Language Education Studies,2,15,13,0.0,0.0001,0.01
T12512,History of Colonial Brazil,12,5,-7,0.0001,0.0,-0.0
T12266,Byzantine Studies and History,15,2,-13,0.0001,0.0,-0.01
T10357,Efficiency Analysis Using DEA,8,9,1,0.0,0.0,0.0
T13398,Data Analysis with R,13,4,-9,0.0001,0.0,-0.0
T13618,Regional Socio-Economic Development Trends,5,12,7,0.0,0.0001,0.0
T13032,COVID-19 Prevention and Impact,0,17,17,0.0,0.0001,0.01
T14140,Elite Sociology and Global Capitalism,12,4,-8,0.0001,0.0,-0.0
T12469,"Chaos, Complexity, and Education",11,5,-6,0.0,0.0,-0.0
T13239,Phosphorus compounds and reactions,9,7,-2,0.0,0.0,-0.0
T12896,Sustainable Agricultural Systems Analysis,8,8,0,0.0,0.0,0.0
T13060,Adventure Sports and Sensation Seeking,11,5,-6,0.0,0.0,-0.0
T10962,Thermodynamic properties of mixtures,12,4,-8,0.0001,0.0,-0.0
T13972,Business Law and Ethics,15,1,-14,0.0001,0.0,-0.01
T11370,Mobile Learning in Education,12,4,-8,0.0001,0.0,-0.0
T12348,Rural Development and Agriculture,8,8,0,0.0,0.0,0.0
T13540,Animal Diversity and Health Studies,13,3,-10,0.0001,0.0,-0.0
T12692,Magnetic Field Sensors Techniques,10,6,-4,0.0,0.0,-0.0
T13897,Historical Economic and Legal Thought,5,11,6,0.0,0.0,0.0
T11782,Magnetic Properties of Alloys,6,10,4,0.0,0.0,0.0
T12945,Quality Function Deployment in Product Design,9,7,-2,0.0,0.0,-0.0
T12581,Engineering Structural Analysis Methods,7,9,2,0.0,0.0,0.0
T13437,Mechanisms of cancer metastasis,8,8,0,0.0,0.0,0.0
T13195,Medieval Iberian Studies,5,11,6,0.0,0.0,0.0
T12751,Leadership and Management in Organizations,5,11,6,0.0,0.0,0.0
T13268,Photographic and Visual Arts,4,12,8,0.0,0.0001,0.0
T14479,Freezing and Crystallization Processes,12,4,-8,0.0001,0.0,-0.0
T12470,Caribbean and African Literature and Culture,7,9,2,0.0,0.0,0.0
T12560,Nuclear Engineering Thermal-Hydraulics,4,12,8,0.0,0.0001,0.0
T12493,"Memory, violence, and history",2,14,12,0.0,0.0001,0.01
T10917,Smart Grid Security and Resilience,9,7,-2,0.0,0.0,-0.0
T12130,Contemporary Literature and Criticism,10,6,-4,0.0,0.0,-0.0
T11052,Energy Load and Power Forecasting,12,4,-8,0.0001,0.0,-0.0
T13339,Landscape and Cultural Studies,5,11,6,0.0,0.0,0.0
T11115,Topology Optimization in Engineering,10,6,-4,0.0,0.0,-0.0
T10750,Fermentation and Sensory Analysis,13,3,-10,0.0001,0.0,-0.0
T12511,Medieval and Classical Philosophy,14,2,-12,0.0001,0.0,-0.01
T13294,Livestock and Poultry Management,14,2,-12,0.0001,0.0,-0.01
T13917,Engineering and Material Science Research,16,0,-16,0.0001,0.0,-0.01
T13069,Cocoa and Sweet Potato Agronomy,13,3,-10,0.0001,0.0,-0.0
T11865,Anorectal Disease Treatments and Outcomes,10,6,-4,0.0,0.0,-0.0
T12558,Wittgensteinian philosophy and applications,12,4,-8,0.0001,0.0,-0.0
T12903,Globalization and Cultural Identity,14,2,-12,0.0001,0.0,-0.01
T14123,Decolonial Thought and Epistemologies,2,14,12,0.0,0.0001,0.01
T13684,Political Dynamics in Latin America,4,12,8,0.0,0.0001,0.0
T14486,"Cardiovascular, Neuropeptides, and Oxidative Stress Research",9,7,-2,0.0,0.0,-0.0
T12563,History and Politics in Latin America,10,6,-4,0.0,0.0,-0.0
T12923,Digital Image Processing Techniques,9,7,-2,0.0,0.0,-0.0
T10742,Peer-to-Peer Network Technologies,12,4,-8,0.0001,0.0,-0.0
T13697,Biliary and Gastrointestinal Fistulas,10,6,-4,0.0,0.0,-0.0
T11593,Carbon dioxide utilization in catalysis,15,1,-14,0.0001,0.0,-0.01
T12686,Central European national history,5,11,6,0.0,0.0,0.0
T12980,Family Caregiving in Mental Illness,8,8,0,0.0,0.0,0.0
T13058,Soil and Land Suitability Analysis,13,3,-10,0.0001,0.0,-0.0
T11748,Organophosphorus compounds synthesis,5,11,6,0.0,0.0,0.0
T14186,Healthcare Systems and Practices,6,10,4,0.0,0.0,0.0
T12118,Forest Biomass Utilization and Management,11,5,-6,0.0,0.0,-0.0
T14517,Diverse Historical and Scientific Studies,6,10,4,0.0,0.0,0.0
T13174,American and British Literature Analysis,8,8,0,0.0,0.0,0.0
T13862,"Soil, Finite Element Methods",3,13,10,0.0,0.0001,0.0
T14003,Labor Law and Work Dynamics,0,16,16,0.0,0.0001,0.01
T11598,Internet Traffic Analysis and Secure E-voting,11,4,-7,0.0,0.0,-0.0
T14373,Securities Regulation and Market Practices,8,7,-1,0.0,0.0,-0.0
T13931,Philosophy and Historical Thought,6,9,3,0.0,0.0,0.0
T13037,Piperaceae Chemical and Biological Studies,10,5,-5,0.0,0.0,-0.0
T12787,Human Behavior and Motivation,7,8,1,0.0,0.0,0.0
T10642,Plasma Applications and Diagnostics,5,10,5,0.0,0.0,0.0
T11822,Analytic and geometric function theory,3,12,9,0.0,0.0001,0.0
T13115,Axial and Atropisomeric Chirality Synthesis,12,3,-9,0.0001,0.0,-0.0
T12936,"Conflict, Peace, and Violence in Colombia",6,9,3,0.0,0.0,0.0
T12135,Fuzzy Systems and Optimization,11,4,-7,0.0,0.0,-0.0
T13330,"Theater, Performance, and Music History",4,11,7,0.0,0.0,0.0
T14195,Linguistic and Cultural Studies,3,12,9,0.0,0.0001,0.0
T13860,Arts and Performance Studies,1,14,13,0.0,0.0001,0.01
T13208,Synthesis of heterocyclic compounds,9,6,-3,0.0,0.0,-0.0
T14269,Food Security and Socioeconomic Dynamics,0,15,15,0.0,0.0001,0.01
T12941,Embedded Systems and FPGA Design,0,15,15,0.0,0.0001,0.01
T13588,Regional resilience and development,10,5,-5,0.0,0.0,-0.0
T13473,Economic Zones and Regional Development,11,4,-7,0.0,0.0,-0.0
T14226,"Migration, Racism, and Human Rights",2,13,11,0.0,0.0001,0.0
T13070,Cultural Identity and Heritage,5,10,5,0.0,0.0,0.0
T12431,Sugarcane Cultivation and Processing,11,4,-7,0.0,0.0,-0.0
T13189,Physical Education and Training Studies,6,9,3,0.0,0.0,0.0
T12878,Pharmaceutical Quality and Counterfeiting,6,9,3,0.0,0.0,0.0
T12636,Regional Development and Innovation,13,2,-11,0.0001,0.0,-0.0
T13839,"Tourism, Volunteerism, and Development",12,3,-9,0.0001,0.0,-0.0
T13095,Plant-based Medicinal Research,13,2,-11,0.0001,0.0,-0.0
T12588,Electronic and Structural Properties of Oxides,13,2,-11,0.0001,0.0,-0.0
T13303,Asian Culture and Media Studies,14,1,-13,0.0001,0.0,-0.01
T13639,Paraquat toxicity studies and treatments,8,7,-1,0.0,0.0,-0.0
T12767,Conflict of Laws and Jurisdiction,12,3,-9,0.0001,0.0,-0.0
T13099,"Health, Medicine and Society",4,11,7,0.0,0.0,0.0
T12637,Scarabaeidae Beetle Taxonomy and Biogeography,13,2,-11,0.0001,0.0,-0.0
T14415,Biomedical Research and Pathophysiology,13,2,-11,0.0001,0.0,-0.0
T13254,Macrophage Migration Inhibitory Factor,13,2,-11,0.0001,0.0,-0.0
T13734,Advanced Computational Techniques and Applications,10,5,-5,0.0,0.0,-0.0
T13483,Herbal Medicine Research Studies,12,3,-9,0.0001,0.0,-0.0
T12789,Planarian Biology and Electrostimulation,9,6,-3,0.0,0.0,-0.0
T10187,Radio Frequency Integrated Circuit Design,11,4,-7,0.0,0.0,-0.0
T14207,Higher Education Practises and Engagement,12,3,-9,0.0001,0.0,-0.0
T11915,Pickering emulsions and particle stabilization,14,1,-13,0.0001,0.0,-0.01
T12567,Heat transfer and supercritical fluids,11,4,-7,0.0,0.0,-0.0
T12850,Field-Flow Fractionation Techniques,11,4,-7,0.0,0.0,-0.0
T13194,ICT in Developing Communities,9,6,-3,0.0,0.0,-0.0
T12966,Russian Literature and Bakhtin Studies,7,8,1,0.0,0.0,0.0
T12527,Chemistry and Stereochemistry Studies,13,2,-11,0.0001,0.0,-0.0
T14272,Agricultural and Food Production Studies,9,6,-3,0.0,0.0,-0.0
T14441,"Religion, Theology, History, Judaism, Christianity",2,13,11,0.0,0.0001,0.0
T13441,Ottoman Empire History and Society,2,13,11,0.0,0.0001,0.0
T12888,Military Strategy and Technology,2,13,11,0.0,0.0001,0.0
T13198,"Historical, Religious, and Philosophical Studies",13,2,-11,0.0001,0.0,-0.0
T12785,Hong Kong and Taiwan Politics,8,7,-1,0.0,0.0,-0.0
T12875,Thermal Expansion and Ionic Conductivity,4,11,7,0.0,0.0,0.0
T13296,Physical Education and Sports Studies,1,14,13,0.0,0.0001,0.01
T13494,Military History and Strategy,11,4,-7,0.0,0.0,-0.0
T11053,Process Optimization and Integration,8,7,-1,0.0,0.0,-0.0
T12956,Asian Geopolitics and Ethnography,11,3,-8,0.0,0.0,-0.0
T13142,GABA and Rice Research,13,1,-12,0.0001,0.0,-0.01
T14057,Hypertrophic osteoarthropathy and related conditions,10,4,-6,0.0,0.0,-0.0
T11790,N-Heterocyclic Carbenes in Organic and Inorganic Chemistry,11,3,-8,0.0,0.0,-0.0
T12968,Research on scale insects,6,8,2,0.0,0.0,0.0
T14176,Interdisciplinary Cultural and Social Studies,14,0,-14,0.0001,0.0,-0.01
T13375,Integrated Water Resources Management,1,13,12,0.0,0.0001,0.01
T12495,Electrostatic Discharge in Electronics,9,5,-4,0.0,0.0,-0.0
T11693,Cryptography and Residue Arithmetic,6,8,2,0.0,0.0,0.0
T13679,Tardigrade Biology and Ecology,14,0,-14,0.0001,0.0,-0.01
T13747,Sociopolitical Dynamics in Russia,5,9,4,0.0,0.0,0.0
T10468,Photovoltaic System Optimization Techniques,8,6,-2,0.0,0.0,-0.0
T12629,Island Studies and Pacific Affairs,13,1,-12,0.0001,0.0,-0.01
T13381,Heart rate and cardiovascular health,5,9,4,0.0,0.0,0.0
T10719,3D Shape Modeling and Analysis,7,7,0,0.0,0.0,0.0
T12271,Renewable energy and sustainable power systems,0,14,14,0.0,0.0001,0.01
T14392,Geoscience and Mining Technology,3,11,8,0.0,0.0,0.0
T13756,International Environmental Law and Policies,5,9,4,0.0,0.0,0.0
T14356,Organizational Leadership and Management Strategies,6,8,2,0.0,0.0,0.0
T13012,Coenzyme Q10 studies and effects,12,2,-10,0.0001,0.0,-0.0
T13240,Bioeconomy and Sustainability Development,5,9,4,0.0,0.0,0.0
T11352,Masonry and Concrete Structural Analysis,6,8,2,0.0,0.0,0.0
T13489,Synthesis of β-Lactam Compounds,8,6,-2,0.0,0.0,-0.0
T13569,Microscopic Colitis,10,4,-6,0.0,0.0,-0.0
T13426,Kruppel-like factors research,11,3,-8,0.0,0.0,-0.0
T11605,Visual Attention and Saliency Detection,11,3,-8,0.0,0.0,-0.0
T11256,Asian Studies and History,12,2,-10,0.0001,0.0,-0.0
T12901,Tattoo and Body Piercing Complications,8,6,-2,0.0,0.0,-0.0
T13548,Environmental and biological studies,7,7,0,0.0,0.0,0.0
T11662,Legal Cases and Commentary,11,3,-8,0.0,0.0,-0.0
T13325,Dye analysis and toxicity,10,4,-6,0.0,0.0,-0.0
T12240,Nanomaterials for catalytic reactions,9,5,-4,0.0,0.0,-0.0
T12825,"Defense, Military, and Policy Studies",10,4,-6,0.0,0.0,-0.0
T13465,"Graphite, nuclear technology, radiation studies",12,2,-10,0.0001,0.0,-0.0
T13073,China's Ethnic Minorities and Relations,10,4,-6,0.0,0.0,-0.0
T12408,Educational Innovations and Challenges,6,8,2,0.0,0.0,0.0
T13433,Short Stories in Global Literature,7,7,0,0.0,0.0,0.0
T12700,Doping in Sports,4,10,6,0.0,0.0,0.0
T13104,Chemical and Physical Properties of Materials,5,9,4,0.0,0.0,0.0
T12899,Engineering and Technology Innovations,6,8,2,0.0,0.0,0.0
T13655,Canadian Policy and Governance,7,7,0,0.0,0.0,0.0
T11272,Nanowire Synthesis and Applications,7,7,0,0.0,0.0,0.0
T11074,Helminth infection and control,5,9,4,0.0,0.0,0.0
T11409,Advanced Wireless Network Optimization,10,3,-7,0.0,0.0,-0.0
T11398,Hand Gesture Recognition Systems,6,7,1,0.0,0.0,0.0
T11529,Refrigeration and Air Conditioning Technologies,4,9,5,0.0,0.0,0.0
T12698,3D Modeling in Geospatial Applications,13,0,-13,0.0001,0.0,-0.01
T13768,Oral and gingival health research,13,0,-13,0.0001,0.0,-0.01
T12508,Functional Equations Stability Results,13,0,-13,0.0001,0.0,-0.01
T13929,Educational Outcomes and Influences,5,8,3,0.0,0.0,0.0
T11096,Aeroelasticity and Vibration Control,3,10,7,0.0,0.0,0.0
T13144,Theology and Philosophy of Evil,9,4,-5,0.0,0.0,-0.0
T13005,Religious Studies and Spiritual Practices,10,3,-7,0.0,0.0,-0.0
T13730,"Martial Arts: Techniques, Psychology, and Education",3,10,7,0.0,0.0,0.0
T12249,Veterinary Orthopedics and Neurology,8,5,-3,0.0,0.0,-0.0
T11062,Gear and Bearing Dynamics Analysis,7,6,-1,0.0,0.0,-0.0
T13801,Urban Arborization and Environmental Studies,2,11,9,0.0,0.0,0.0
T14396,Healthcare Regulation,2,11,9,0.0,0.0,0.0
T12160,African cultural and philosophical studies,8,5,-3,0.0,0.0,-0.0
T12577,Geography and Environmental Studies,5,8,3,0.0,0.0,0.0
T12782,Assembly Line Balancing Optimization,8,5,-3,0.0,0.0,-0.0
T13238,Botanical Studies and Applications,12,1,-11,0.0001,0.0,-0.0
T10507,Biodiesel Production and Applications,8,5,-3,0.0,0.0,-0.0
T10488,Nanocomposite Films for Food Packaging,3,10,7,0.0,0.0,0.0
T13896,Health Services Management and Policy,1,12,11,0.0,0.0001,0.0
T12791,Full-Duplex Wireless Communications,8,5,-3,0.0,0.0,-0.0
T12926,Business Strategies and Management Research,0,13,13,0.0,0.0001,0.01
T11100,Intermetallics and Advanced Alloy Properties,8,5,-3,0.0,0.0,-0.0
T14012,Comparative and International Law Studies,3,10,7,0.0,0.0,0.0
T11561,Protein Hydrolysis and Bioactive Peptides,11,2,-9,0.0,0.0,-0.0
T11973,Plant chemical constituents analysis,9,4,-5,0.0,0.0,-0.0
T10828,Biometric Identification and Security,6,7,1,0.0,0.0,0.0
T13855,Aerospace Engineering and Control Systems,13,0,-13,0.0001,0.0,-0.01
T13895,Educational Leadership and Innovation,13,0,-13,0.0001,0.0,-0.01
T14147,Innovative Approaches in Technology and Social Development,12,1,-11,0.0001,0.0,-0.0
T13428,Anarchism and Radical Politics,8,5,-3,0.0,0.0,-0.0
T13484,German History and Society,10,3,-7,0.0,0.0,-0.0
T12817,Pharmacological Effects of Natural Compounds,13,0,-13,0.0001,0.0,-0.01
T14086,Military and Defense Studies,6,7,1,0.0,0.0,0.0
T14136,Education and Military Integration,8,5,-3,0.0,0.0,-0.0
T10874,Electromagnetic Fields and Biological Effects,5,8,3,0.0,0.0,0.0
T14102,Corporate Governance and Law,13,0,-13,0.0001,0.0,-0.01
T12591,Inclusive Education and Diversity,8,5,-3,0.0,0.0,-0.0
T12998,Education and Islamic Studies,12,1,-11,0.0001,0.0,-0.0
T14128,Metallurgical and Alloy Processes,9,4,-5,0.0,0.0,-0.0
T13844,Higher Education Learning Practices,12,1,-11,0.0001,0.0,-0.0
T12881,linguistics and terminology studies,9,4,-5,0.0,0.0,-0.0
T11858,Urban Development and Societal Issues,6,7,1,0.0,0.0,0.0
T12987,Religion and Society in Latin America,8,5,-3,0.0,0.0,-0.0
T14056,Safety Warnings and Signage,10,3,-7,0.0,0.0,-0.0
T14142,Multicultural Socio-Legal Studies,10,3,-7,0.0,0.0,-0.0
T12399,Wine Industry and Tourism,9,4,-5,0.0,0.0,-0.0
T12109,"Race, Identity, and Education in Brazil",1,12,11,0.0,0.0001,0.0
T13347,Christian Theology and Mission,5,8,3,0.0,0.0,0.0
T12316,Oil Spill Detection and Mitigation,7,6,-1,0.0,0.0,-0.0
T13752,Mechanics and Biomechanics Studies,10,3,-7,0.0,0.0,-0.0
T13279,Safe Handling of Antineoplastic Drugs,12,1,-11,0.0001,0.0,-0.0
T12136,Vanadium and Halogenation Chemistry,9,4,-5,0.0,0.0,-0.0
T13587,Q Methodology Applications,7,6,-1,0.0,0.0,-0.0
T13538,Linguistics and Language Analysis,0,13,13,0.0,0.0001,0.01
T13247,Local Governance and Planning,0,13,13,0.0,0.0001,0.01
T13308,Cybernetics and Technology in Society,4,8,4,0.0,0.0,0.0
T13321,"Radio, Podcasts, and Digital Media",7,5,-2,0.0,0.0,-0.0
T13408,Corporate Law and Human Rights,11,1,-10,0.0,0.0,-0.0
T11007,Hybrid Renewable Energy Systems,8,4,-4,0.0,0.0,-0.0
T12907,Mechanical Engineering and Vibrations Research,10,2,-8,0.0,0.0,-0.0
T10951,Cryptographic Implementations and Security,8,4,-4,0.0,0.0,-0.0
T13781,Coleoptera: Cerambycidae studies,6,6,0,0.0,0.0,0.0
T14193,Literature and Cultural Memory,9,3,-6,0.0,0.0,-0.0
T11614,Cloud Data Security Solutions,7,5,-2,0.0,0.0,-0.0
T13681,Engineering and Information Technology,5,7,2,0.0,0.0,0.0
T10278,Electric Motor Design and Analysis,6,6,0,0.0,0.0,0.0
T12583,Food Waste Reduction and Sustainability,7,5,-2,0.0,0.0,-0.0
T12349,Food Chemistry and Fat Analysis,6,6,0,0.0,0.0,0.0
T13959,"Swearing, Euphemism, Multilingualism",8,4,-4,0.0,0.0,-0.0
T13133,Architecture and Art History Studies,8,4,-4,0.0,0.0,-0.0
T13777,Cognitive and psychological constructs research,12,0,-12,0.0001,0.0,-0.01
T14109,Scottish History and National Identity,12,0,-12,0.0001,0.0,-0.01
T12609,Latin American socio-political dynamics,3,9,6,0.0,0.0,0.0
T14451,Historical and Religious Studies of Rome,9,3,-6,0.0,0.0,-0.0
T14405,Fisheries and Aquaculture Studies,0,12,12,0.0,0.0001,0.01
T14097,Chemistry Education and Research,0,12,12,0.0,0.0001,0.01
T13031,Civil and Structural Engineering Research,8,4,-4,0.0,0.0,-0.0
T11784,CO2 Reduction Techniques and Catalysts,7,5,-2,0.0,0.0,-0.0
T13135,"Communism, Protests, Social Movements",8,4,-4,0.0,0.0,-0.0
T14514,Medical Research and Practices,8,4,-4,0.0,0.0,-0.0
T12432,Arctic and Russian Policy Studies,10,2,-8,0.0,0.0,-0.0
T14048,Silkworms and Sericulture Research,4,8,4,0.0,0.0,0.0
T14334,HIV/AIDS Impact and Responses,11,1,-10,0.0,0.0,-0.0
T12175,Social Representations and Identity,10,2,-8,0.0,0.0,-0.0
T13197,Spreadsheets and End-User Computing,8,4,-4,0.0,0.0,-0.0
T11979,Garlic and Onion Studies,11,1,-10,0.0,0.0,-0.0
T11557,Lubricants and Their Additives,11,1,-10,0.0,0.0,-0.0
T13122,Linguistics and Cultural Studies,12,0,-12,0.0001,0.0,-0.01
T10868,Soft Robotics and Applications,8,4,-4,0.0,0.0,-0.0
T13748,Advanced Statistical Modeling Techniques,12,0,-12,0.0001,0.0,-0.01
T13636,Pentecostalism and Christianity Studies,10,2,-8,0.0,0.0,-0.0
T11808,Superconducting Materials and Applications,11,1,-10,0.0,0.0,-0.0
T10610,Advanced Cellulose Research Studies,8,4,-4,0.0,0.0,-0.0
T13267,Advanced Theoretical and Applied Studies in Material Sciences and Geometry,11,1,-10,0.0,0.0,-0.0
T12779,Public Procurement and Policy,7,5,-2,0.0,0.0,-0.0
T13863,Cultural History and Identity Formation,4,8,4,0.0,0.0,0.0
T11887,Quasicrystal Structures and Properties,9,3,-6,0.0,0.0,-0.0
T14283,Diverse Academic Research Areas,11,1,-10,0.0,0.0,-0.0
T12428,Global Trade and Competitiveness,9,3,-6,0.0,0.0,-0.0
T14275,Historical Medical Research and Treatments,10,2,-8,0.0,0.0,-0.0
T11511,Dyeing and Modifying Textile Fibers,9,3,-6,0.0,0.0,-0.0
T13258,Williams Syndrome Research,9,3,-6,0.0,0.0,-0.0
T13851,"Law, AI, and Intellectual Property",10,2,-8,0.0,0.0,-0.0
T12087,Natural Compound Pharmacology Studies,9,3,-6,0.0,0.0,-0.0
T12378,Accounting Education and Careers,6,6,0,0.0,0.0,0.0
T12024,Ultra-Wideband Communications Technology,6,6,0,0.0,0.0,0.0
T12456,Geotourism and Geoheritage Conservation,5,7,2,0.0,0.0,0.0
T13009,Agroforestry and silvopastoral systems,7,5,-2,0.0,0.0,-0.0
T13926,"Feminism, Gender, and Sexuality Studies",2,10,8,0.0,0.0,0.0
T14206,Animal Law and Welfare,0,12,12,0.0,0.0001,0.01
T14499,Livestock Farming and Management,0,12,12,0.0,0.0001,0.01
T13815,Islamic Thought and Society Studies,0,12,12,0.0,0.0001,0.01
T13664,Genome Rearrangement Algorithms,6,6,0,0.0,0.0,0.0
T12566,Nitrogen and Sulfur Effects on Brassica,8,4,-4,0.0,0.0,-0.0
T13163,Organizational Learning and Leadership,11,1,-10,0.0,0.0,-0.0
T13008,Agricultural Practices and Plant Genetics,12,0,-12,0.0001,0.0,-0.01
T14350,"Innovation, Sustainability, Human-Machine Systems",11,1,-10,0.0,0.0,-0.0
T13021,Geology and Environmental Impact Studies,0,12,12,0.0,0.0001,0.01
T14054,Humic Substances and Bio-Organic Studies,0,12,12,0.0,0.0001,0.01
T13503,"Gender, Health, and Social Inequality",0,12,12,0.0,0.0001,0.01
T13528,Water Resources and Governance,0,12,12,0.0,0.0001,0.01
T13922,Historical Art and Culture Studies,9,2,-7,0.0,0.0,-0.0
T14500,Advanced Mathematical Theories,10,1,-9,0.0,0.0,-0.0
T13867,Economic Growth and Development,9,2,-7,0.0,0.0,-0.0
T13145,Crime and Detective Fiction Studies,5,6,1,0.0,0.0,0.0
T14363,Optical properties and cooling technologies in crystalline materials,11,0,-11,0.0,0.0,-0.0
T12071,Marine Biology and Environmental Chemistry,11,0,-11,0.0,0.0,-0.0
T13236,Geotechnical and construction materials studies,4,7,3,0.0,0.0,0.0
T11342,Carbon and Quantum Dots Applications,7,4,-3,0.0,0.0,-0.0
T12889,"Psychoanalysis, Philosophy, and Politics",9,2,-7,0.0,0.0,-0.0
T13085,"Education, Psychology, and Social Research",4,7,3,0.0,0.0,0.0
T11317,Fire dynamics and safety research,6,5,-1,0.0,0.0,-0.0
T12385,Food Quality and Safety Studies,9,2,-7,0.0,0.0,-0.0
T12404,Mathematical Approximation and Integration,7,4,-3,0.0,0.0,-0.0
T10933,Real-Time Systems Scheduling,8,3,-5,0.0,0.0,-0.0
T14141,Colonial History and Postcolonial Studies,3,8,5,0.0,0.0,0.0
T12326,Network Packet Processing and Optimization,7,4,-3,0.0,0.0,-0.0
T11049,Advanced Harmonic Analysis Research,2,9,7,0.0,0.0,0.0
T12531,Values and Moral Education,1,10,9,0.0,0.0,0.0
T13788,Cultural Identity and Representation,1,10,9,0.0,0.0,0.0
T13276,University-Industry-Government Innovation Models,6,5,-1,0.0,0.0,-0.0
T13263,Building energy efficiency and sustainability,0,11,11,0.0,0.0,0.0
T13706,Management and Optimization Techniques,1,10,9,0.0,0.0,0.0
T13950,Collembola Taxonomy and Ecology Studies,8,3,-5,0.0,0.0,-0.0
T13030,Survey Sampling and Estimation Techniques,4,7,3,0.0,0.0,0.0
T10834,Welding Techniques and Residual Stresses,5,6,1,0.0,0.0,0.0
T13006,Spanish History and Politics,3,8,5,0.0,0.0,0.0
T14031,Global and Cross-Cultural Management,5,6,1,0.0,0.0,0.0
T12292,Graph Theory and Algorithms,8,3,-5,0.0,0.0,-0.0
T13207,Youth Substance Use and School Attendance,9,2,-7,0.0,0.0,-0.0
T14456,Blasting Impact and Analysis,0,11,11,0.0,0.0,0.0
T11223,Maritime Ports and Logistics,5,6,1,0.0,0.0,0.0
T13022,Health and Medical Studies,8,3,-5,0.0,0.0,-0.0
T13502,Community and Sustainable Development,4,7,3,0.0,0.0,0.0
T14088,Generational Differences and Trends,6,5,-1,0.0,0.0,-0.0
T14133,Border Security and International Relations,1,10,9,0.0,0.0,0.0
T14067,Cloud Computing and Remote Desktop Technologies,5,6,1,0.0,0.0,0.0
T13029,South Asian Studies and Conflicts,10,1,-9,0.0,0.0,-0.0
T14311,Electrical and Electromagnetic Research,7,4,-3,0.0,0.0,-0.0
T13048,Patient Dignity and Privacy,7,4,-3,0.0,0.0,-0.0
T14201,Data Analysis and Archiving,8,3,-5,0.0,0.0,-0.0
T14444,Power Systems and Renewable Energy,2,9,7,0.0,0.0,0.0
T12775,Legal Issues in South Africa,11,0,-11,0.0,0.0,-0.0
T12145,Dental Anxiety and Anesthesia Techniques,9,2,-7,0.0,0.0,-0.0
T13782,Transactional Analysis in Psychotherapy,8,3,-5,0.0,0.0,-0.0
T12105,Hygrothermal properties of building materials,7,4,-3,0.0,0.0,-0.0
T13277,"Media, Religion, Digital Communication",7,4,-3,0.0,0.0,-0.0
T14093,Global Health and Epidemiology,3,8,5,0.0,0.0,0.0
T10457,Education Pedagogy and Practices,1,10,9,0.0,0.0,0.0
T10356,Orthodontics and Dentofacial Orthopedics,2,9,7,0.0,0.0,0.0
T14284,Social Sciences and Humanities,0,11,11,0.0,0.0,0.0
T13463,Nanoporous metals and alloys,8,3,-5,0.0,0.0,-0.0
T12302,Advanced Nanomaterials in Catalysis,9,2,-7,0.0,0.0,-0.0
T14343,Hispanic-African Historical Relations,8,3,-5,0.0,0.0,-0.0
T10717,Aluminum Alloys Composites Properties,4,7,3,0.0,0.0,0.0
T10812,Human Pose and Action Recognition,4,7,3,0.0,0.0,0.0
T11362,Membrane Separation and Gas Transport,2,9,7,0.0,0.0,0.0
T13945,"Legal, Health, Environmental and COVID-19 Challenges",0,11,11,0.0,0.0,0.0
T12807,Consumer Behavior and Market Dynamics,0,11,11,0.0,0.0,0.0
T13821,Coaching Methods and Impact,5,5,0,0.0,0.0,0.0
T13395,"Education, Leadership, and Health Research",1,9,8,0.0,0.0,0.0
T12562,Synthesis and Characterization of Pyrroles,7,3,-4,0.0,0.0,-0.0
T11802,Chemical Looping and Thermochemical Processes,3,7,4,0.0,0.0,0.0
T12546,Smart Parking Systems Research,7,3,-4,0.0,0.0,-0.0
T14182,Technology-Enhanced Education Studies,10,0,-10,0.0,0.0,-0.0
T11777,Fixed Point Theorems Analysis,2,8,6,0.0,0.0,0.0
T13040,"Gender, Education, and Development Issues",2,8,6,0.0,0.0,0.0
T13192,Forensic Fingerprint Detection Methods,9,1,-8,0.0,0.0,-0.0
T13928,Advanced Sensor Technologies Research,9,1,-8,0.0,0.0,-0.0
T13328,Osteomyelitis and Bone Disorders Research,8,2,-6,0.0,0.0,-0.0
T13978,Foreign Language Teaching Methods,4,6,2,0.0,0.0,0.0
T13856,Advanced Power Generation Technologies,5,5,0,0.0,0.0,0.0
T12960,Heterotopic Ossification and Related Conditions,4,6,2,0.0,0.0,0.0
T12549,Image and Object Detection Techniques,4,6,2,0.0,0.0,0.0
T14192,"Literature, Film, and Journalism Analysis",7,3,-4,0.0,0.0,-0.0
T10736,Hydrogen embrittlement and corrosion behaviors in metals,2,8,6,0.0,0.0,0.0
T13947,Media Discourse and Social  Analysis,1,9,8,0.0,0.0,0.0
T12739,Historical Studies on Spain,8,2,-6,0.0,0.0,-0.0
T12537,Flow Measurement and Analysis,8,2,-6,0.0,0.0,-0.0
T13889,Advanced Materials and Semiconductor Technologies,1,9,8,0.0,0.0,0.0
T10633,Metallic Glasses and Amorphous Alloys,7,3,-4,0.0,0.0,-0.0
T11938,ERP Systems Implementation and Impact,7,3,-4,0.0,0.0,-0.0
T11504,Advanced Authentication Protocols Security,4,6,2,0.0,0.0,0.0
T12155,Microwave Dielectric Ceramics Synthesis,7,3,-4,0.0,0.0,-0.0
T13419,Ego Development and Educational Practices,8,2,-6,0.0,0.0,-0.0
T13995,Globalization and political ideologies,2,8,6,0.0,0.0,0.0
T14013,Legal Language and Interpretation,1,9,8,0.0,0.0,0.0
T14045,"Health, Education, and Physical Culture",3,7,4,0.0,0.0,0.0
T13146,Sustainable Finance and Green Bonds,3,7,4,0.0,0.0,0.0
T10220,Machine Fault Diagnosis Techniques,4,6,2,0.0,0.0,0.0
T14372,Environmental and Biological Research in Conflict Zones,7,3,-4,0.0,0.0,-0.0
T13468,Educational Research and Science Teaching,3,7,4,0.0,0.0,0.0
T12653,Cyclization and Aryne Chemistry,5,5,0,0.0,0.0,0.0
T12869,Occupational Health and Burnout,0,10,10,0.0,0.0,0.0
T13452,GDF15 and Related Biomarkers,9,1,-8,0.0,0.0,-0.0
T13833,Ferrocene Chemistry and Applications,4,6,2,0.0,0.0,0.0
T14135,Cancer and biochemical research,5,5,0,0.0,0.0,0.0
T14364,Clusterin in disease pathology,9,1,-8,0.0,0.0,-0.0
T12962,Nephrotoxicity and Medicinal Plants,9,1,-8,0.0,0.0,-0.0
T13657,Aortic Thrombus and Embolism,8,2,-6,0.0,0.0,-0.0
T11850,Concrete Corrosion and Durability,7,3,-4,0.0,0.0,-0.0
T13751,Diverse Approaches in Healthcare and Education Studies,10,0,-10,0.0,0.0,-0.0
T14074,Persona Design and Applications,10,0,-10,0.0,0.0,-0.0
T14009,Ecology and Conservation Studies,10,0,-10,0.0,0.0,-0.0
T14420,Advanced Research in Systems and Signal Processing,10,0,-10,0.0,0.0,-0.0
T13310,Subtitles and Audiovisual Media,10,0,-10,0.0,0.0,-0.0
T12674,"Rabbits: Nutrition, Reproduction, Health",10,0,-10,0.0,0.0,-0.0
T12374,European and International Contract Law,6,4,-2,0.0,0.0,-0.0
T12318,Quinazolinone synthesis and applications,7,3,-4,0.0,0.0,-0.0
T13720,Benford’s Law and Fraud Detection,9,1,-8,0.0,0.0,-0.0
T13369,European and Russian Geopolitical Military Strategies,4,6,2,0.0,0.0,0.0
T12540,Cyclone Separators and Fluid Dynamics,8,2,-6,0.0,0.0,-0.0
T13836,Educational Research and Pedagogy,10,0,-10,0.0,0.0,-0.0
T14290,Education Methods and Practices,7,3,-4,0.0,0.0,-0.0
T10680,Wind Energy Research and Development,5,5,0,0.0,0.0,0.0
T13887,Augustinian Studies and Theology,7,3,-4,0.0,0.0,-0.0
T12721,Moringa oleifera research and applications,6,4,-2,0.0,0.0,-0.0
T14464,Community Development and Social Impact,10,0,-10,0.0,0.0,-0.0
T12874,Digital Imaging for Blood Diseases,6,4,-2,0.0,0.0,-0.0
T12861,"Migration, Education, Indigenous Social Dynamics",4,6,2,0.0,0.0,0.0
T14059,"Nietzsche, Schopenhauer, and Hegel",4,6,2,0.0,0.0,0.0
T10931,Direction-of-Arrival Estimation Techniques,3,7,4,0.0,0.0,0.0
T12578,Diagnosis and treatment of tuberculosis,5,5,0,0.0,0.0,0.0
T11695,South African History and Culture,6,4,-2,0.0,0.0,-0.0
T12927,"Memory, History, Trauma, Identity",0,10,10,0.0,0.0,0.0
T13687,Extractivism and Socioeconomic Issues,0,10,10,0.0,0.0,0.0
T11849,Intellectual Capital and Performance Analysis,6,4,-2,0.0,0.0,-0.0
T12743,Spanish Culture and Identity,9,1,-8,0.0,0.0,-0.0
T14355,Historical Studies of British Isles,7,3,-4,0.0,0.0,-0.0
T13764,Political theory and Gramsci,8,2,-6,0.0,0.0,-0.0
T13901,State Capitalism and Financial Governance,10,0,-10,0.0,0.0,-0.0
T14179,Waste Management and Recycling,0,10,10,0.0,0.0,0.0
T10511,High voltage insulation and dielectric phenomena,6,3,-3,0.0,0.0,-0.0
T12696,Icing and De-icing Technologies,7,2,-5,0.0,0.0,-0.0
T14254,Digital Media and Visual Art,5,4,-1,0.0,0.0,-0.0
T12972,German Colonialism and Identity Studies,8,1,-7,0.0,0.0,-0.0
T12541,Graph Labeling and Dimension Problems,4,5,1,0.0,0.0,0.0
T12126,Maritime Transport Emissions and Efficiency,5,4,-1,0.0,0.0,-0.0
T13998,"History, Medicine, and Leadership",5,4,-1,0.0,0.0,-0.0
T11458,Advanced Wireless Communication Technologies,7,2,-5,0.0,0.0,-0.0
T11145,Epoxy Resin Curing Processes,2,7,5,0.0,0.0,0.0
T11941,Power System Reliability and Maintenance,7,2,-5,0.0,0.0,-0.0
T14101,Financial Crisis of the 21st Century,9,0,-9,0.0,0.0,-0.0
T14411,Undergraduate Neuroscience Education and Research,2,7,5,0.0,0.0,0.0
T13094,Mining and Gasification Technologies,6,3,-3,0.0,0.0,-0.0
T12959,Engineering and Materials Science Studies,9,0,-9,0.0,0.0,-0.0
T14245,Biomarkers in Disease Mechanisms,4,5,1,0.0,0.0,0.0
T13708,History of Emotions Research,2,7,5,0.0,0.0,0.0
T14198,Philosophical Thought and Analysis,1,8,7,0.0,0.0,0.0
T14277,Social Skills and Education,1,8,7,0.0,0.0,0.0
T12149,Nanocluster Synthesis and Applications,5,4,-1,0.0,0.0,-0.0
T11249,Wireless Power Transfer Systems,5,4,-1,0.0,0.0,-0.0
T13072,Contemporary Christian Leadership and Education,0,9,9,0.0,0.0,0.0
T13097,Male Breast Health Studies,5,4,-1,0.0,0.0,-0.0
T13019,African Studies and Geopolitics,4,5,1,0.0,0.0,0.0
T11390,Seaweed-derived Bioactive Compounds,5,4,-1,0.0,0.0,-0.0
T13962,Omental and Epiploic Conditions,5,4,-1,0.0,0.0,-0.0
T13337,Korean Peninsula Historical and Political Studies,6,3,-3,0.0,0.0,-0.0
T12946,Fractal and DNA sequence analysis,7,2,-5,0.0,0.0,-0.0
T10530,Magnesium Alloys: Properties and Applications,5,4,-1,0.0,0.0,-0.0
T13823,Religious and Theological Studies,5,4,-1,0.0,0.0,-0.0
T11525,Piezoelectric Actuators and Control,2,7,5,0.0,0.0,0.0
T12523,Nasolacrimal Duct Obstruction Treatments,4,5,1,0.0,0.0,0.0
T12938,Material Selection and Properties,5,4,-1,0.0,0.0,-0.0
T14146,Earthquake and Tsunami Effects,2,7,5,0.0,0.0,0.0
T13342,Art History and Market Analysis,8,1,-7,0.0,0.0,-0.0
T13920,Urban Planning and Valuation,2,7,5,0.0,0.0,0.0
T14428,Coal and Coke Industries Research,7,2,-5,0.0,0.0,-0.0
T12654,Xenotransplantation and immune response,6,3,-3,0.0,0.0,-0.0
T14515,International Law and Aviation,7,2,-5,0.0,0.0,-0.0
T13874,Information Architecture and Usability,6,3,-3,0.0,0.0,-0.0
T14033,Education in Rural Contexts,5,4,-1,0.0,0.0,-0.0
T11365,Islamic Finance and Banking Studies,9,0,-9,0.0,0.0,-0.0
T10259,Sociology and Education Studies,9,0,-9,0.0,0.0,-0.0
T13599,Architecture and Cultural Influences,2,7,5,0.0,0.0,0.0
T12213,Marine Ecology and Invasive Species,5,4,-1,0.0,0.0,-0.0
T14231,New Zealand Economic and Social Studies,8,1,-7,0.0,0.0,-0.0
T13439,Transport and Economic Policies,3,6,3,0.0,0.0,0.0
T13052,Molecular Communication and Nanonetworks,9,0,-9,0.0,0.0,-0.0
T11363,Dental Radiography and Imaging,8,1,-7,0.0,0.0,-0.0
T12911,Water Resources and Sustainability,4,5,1,0.0,0.0,0.0
T13403,Higher Education in Latin America,4,5,1,0.0,0.0,0.0
T12366,"Philosophy, Ethics, and Existentialism",9,0,-9,0.0,0.0,-0.0
T13334,South Asian Cinema and Culture,9,0,-9,0.0,0.0,-0.0
T11329,Limits and Structures in Graph Theory,4,5,1,0.0,0.0,0.0
T13921,Biological Stains and Phytochemicals,4,5,1,0.0,0.0,0.0
T14191,Historical Art and Architecture Studies,5,4,-1,0.0,0.0,-0.0
T13272,Psychological Treatments and Assessments,6,3,-3,0.0,0.0,-0.0
T10910,Corporate Governance and Management,6,3,-3,0.0,0.0,-0.0
T14512,Technology and Human Factors in Education and Health,5,4,-1,0.0,0.0,-0.0
T13564,Education and Public Policy,4,5,1,0.0,0.0,0.0
T11896,Opportunistic and Delay-Tolerant Networks,7,2,-5,0.0,0.0,-0.0
T12059,Berberine and alkaloids research,6,3,-3,0.0,0.0,-0.0
T12468,Radiation Effects and Dosimetry,8,1,-7,0.0,0.0,-0.0
T11028,Social Work Education and Practice,3,6,3,0.0,0.0,0.0
T13399,Unemployment and Economic Growth,5,4,-1,0.0,0.0,-0.0
T14322,"Art, Aesthetics, and Perception",3,6,3,0.0,0.0,0.0
T13101,Legal and Social Justice Studies,1,8,7,0.0,0.0,0.0
T13295,Safety Systems Engineering in Autonomy,3,6,3,0.0,0.0,0.0
T14376,Science and Education Research,4,5,1,0.0,0.0,0.0
T13852,Seismic and Structural Analysis of Tall Buildings,2,7,5,0.0,0.0,0.0
T14278,Marxism and Critical Theory,0,9,9,0.0,0.0,0.0
T14190,Military history and social perspectives,3,6,3,0.0,0.0,0.0
T13758,Energy Law and Policy,0,9,9,0.0,0.0,0.0
T14053,Dengue and Mosquito Control Research,0,9,9,0.0,0.0,0.0
T12883,Sustainable Development and Environmental Management,0,9,9,0.0,0.0,0.0
T13298,Solar Energy Systems and Technologies,6,3,-3,0.0,0.0,-0.0
T13394,"Ecology, Conservation, and Geographical Studies",7,2,-5,0.0,0.0,-0.0
T13941,Geotechnical and Mining Engineering,0,9,9,0.0,0.0,0.0
T12077,Vacuum and Plasma Arcs,5,3,-2,0.0,0.0,-0.0
T12689,Silymarin and Mushroom Poisoning,8,0,-8,0.0,0.0,-0.0
T14379,Diverse Cultural and Historical Studies,8,0,-8,0.0,0.0,-0.0
T11448,Face recognition and analysis,5,3,-2,0.0,0.0,-0.0
T13014,Peace and Human Rights Education,5,3,-2,0.0,0.0,-0.0
T13738,Congenital Ear and Nasal Anomalies,6,2,-4,0.0,0.0,-0.0
T14407,Athletic Training and Education,4,4,0,0.0,0.0,0.0
T13685,Material Science and Thermodynamics,8,0,-8,0.0,0.0,-0.0
T13976,Web visibility and informetrics,8,0,-8,0.0,0.0,-0.0
T13458,Astronomical and nuclear sciences,6,2,-4,0.0,0.0,-0.0
T12299,Radiation Shielding Materials Analysis,2,6,4,0.0,0.0,0.0
T13154,Legal and Regulatory Analysis,8,0,-8,0.0,0.0,-0.0
T11565,Thermoelastic and Magnetoelastic Phenomena,4,4,0,0.0,0.0,0.0
T14165,Inflammation biomarkers and pathways,7,1,-6,0.0,0.0,-0.0
T14260,Impact of AI and Big Data on Business and Society,7,1,-6,0.0,0.0,-0.0
T12139,Advanced Thermodynamic Systems and Engines,7,1,-6,0.0,0.0,-0.0
T10650,Food Drying and Modeling,1,7,6,0.0,0.0,0.0
T10651,"IPv6, Mobility, Handover, Networks, Security",7,1,-6,0.0,0.0,-0.0
T13151,Business Strategies and Innovation,4,4,0,0.0,0.0,0.0
T12165,Environmental Sustainability and Education,1,7,6,0.0,0.0,0.0
T12905,Management Systems and Quality Improvement,0,8,8,0.0,0.0,0.0
T13212,German Social Sciences and History,6,2,-4,0.0,0.0,-0.0
T11524,Advanced Aircraft Design and Technologies,5,3,-2,0.0,0.0,-0.0
T12559,French Literature and Critical Theory,2,6,4,0.0,0.0,0.0
T11615,Control and Dynamics of Mobile Robots,3,5,2,0.0,0.0,0.0
T11664,Fiber-reinforced polymer composites,5,3,-2,0.0,0.0,-0.0
T14139,E-commerce and Technology Innovations,5,3,-2,0.0,0.0,-0.0
T13899,Agricultural Systems and Practices,3,5,2,0.0,0.0,0.0
T13218,Sesame and Sesamin Research,5,3,-2,0.0,0.0,-0.0
T13510,Nostalgia and Consumer Behavior,4,4,0,0.0,0.0,0.0
T11063,Rough Sets and Fuzzy Logic,5,3,-2,0.0,0.0,-0.0
T14309,Employee Performance and Management,1,7,6,0.0,0.0,0.0
T13137,Strategic Planning and Analysis,1,7,6,0.0,0.0,0.0
T13086,Post-Soviet Geopolitical Dynamics,7,1,-6,0.0,0.0,-0.0
T11017,Chaos-based Image/Signal Encryption,7,1,-6,0.0,0.0,-0.0
T13894,Indian Economic and Social Development,6,2,-4,0.0,0.0,-0.0
T14426,"Religion, Gender, and Enlightenment",5,3,-2,0.0,0.0,-0.0
T14215,Chemical and Environmental Engineering Research,6,2,-4,0.0,0.0,-0.0
T13623,Linguistic Studies and Language Acquisition,7,1,-6,0.0,0.0,-0.0
T11857,Archaeological and Historical Studies,8,0,-8,0.0,0.0,-0.0
T14402,Political and Social Issues,8,0,-8,0.0,0.0,-0.0
T13224,Sports and Physical Education Research,7,1,-6,0.0,0.0,-0.0
T13843,African Sexualities and LGBTQ+ Issues,8,0,-8,0.0,0.0,-0.0
T12933,Franchising Strategies and Performance,6,2,-4,0.0,0.0,-0.0
T11417,Advancements in PLL and VCO Technologies,5,3,-2,0.0,0.0,-0.0
T11864,Supply Chain Resilience and Risk Management,6,2,-4,0.0,0.0,-0.0
T12804,Thermal Analysis in Power Transmission,8,0,-8,0.0,0.0,-0.0
T13184,Research in Social Sciences,8,0,-8,0.0,0.0,-0.0
T12951,Burkholderia infections and melioidosis,4,4,0,0.0,0.0,0.0
T14344,Pathogenesis and Treatment of Hiccups,6,2,-4,0.0,0.0,-0.0
T13307,Diverse Scientific and Engineering Research,5,3,-2,0.0,0.0,-0.0
T14068,Organic and Inorganic Chemical Reactions,7,1,-6,0.0,0.0,-0.0
T14492,"War, Law, and Justice",1,7,6,0.0,0.0,0.0
T11940,Layered Double Hydroxides Synthesis and Applications,5,3,-2,0.0,0.0,-0.0
T13963,Organizational Management and Leadership,6,2,-4,0.0,0.0,-0.0
T13554,Brazilian cultural history and politics,5,3,-2,0.0,0.0,-0.0
T13825,Economic Policies and Impacts,5,3,-2,0.0,0.0,-0.0
T13870,Environmental and Ecological Studies,8,0,-8,0.0,0.0,-0.0
T13140,Materials Engineering and Processing,4,4,0,0.0,0.0,0.0
T14034,Musicians’ Health and Performance,7,1,-6,0.0,0.0,-0.0
T14143,Economic and Technological Innovation,7,1,-6,0.0,0.0,-0.0
T12758,Saffron Plant Research Studies,5,3,-2,0.0,0.0,-0.0
T10223,Microgrid Control and Optimization,7,1,-6,0.0,0.0,-0.0
T12670,"Urbanism, Landscape, and Tourism Studies",4,4,0,0.0,0.0,0.0
T11568,Railway Systems and Energy Efficiency,4,4,0,0.0,0.0,0.0
T12498,Latin American Cultural Politics,3,5,2,0.0,0.0,0.0
T13513,Urban and sociocultural dynamics,0,8,8,0.0,0.0,0.0
T14455,Technology and Education Systems,0,8,8,0.0,0.0,0.0
T14359,Wetland Management and Conservation,0,8,8,0.0,0.0,0.0
T12490,Software Engineering and Design Patterns,8,0,-8,0.0,0.0,-0.0
T13043,Youth Culture and Social Dynamics,2,6,4,0.0,0.0,0.0
T14114,Digital Media and Philosophy,5,3,-2,0.0,0.0,-0.0
T14495,Public Health and Nutrition,3,5,2,0.0,0.0,0.0
T14029,Thoreau and American Literature,0,8,8,0.0,0.0,0.0
T13373,Data Mining and Machine Learning Applications,0,8,8,0.0,0.0,0.0
T13766,"Media, Journalism, and Communication History",2,5,3,0.0,0.0,0.0
T13251,Electrical and Thermal Properties of Materials,5,2,-3,0.0,0.0,-0.0
T12270,Microwave-Assisted Synthesis and Applications,3,4,1,0.0,0.0,0.0
T11889,Ginseng Biological Effects and Applications,4,3,-1,0.0,0.0,-0.0
T13783,"Feminism, Gender, and Intersectionality",2,5,3,0.0,0.0,0.0
T13799,Media and Communication Studies,1,6,5,0.0,0.0,0.0
T13159,Structural mechanics and materials,3,4,1,0.0,0.0,0.0
T12346,Phytochemistry and biological activity of medicinal plants,4,3,-1,0.0,0.0,-0.0
T10536,Endodontics and Root Canal Treatments,4,3,-1,0.0,0.0,-0.0
T10513,Natural Fiber Reinforced Composites,3,4,1,0.0,0.0,0.0
T13450,Turkish Literature and Culture,5,2,-3,0.0,0.0,-0.0
T14286,Parkinson's Disease and Spinal Disorders,7,0,-7,0.0,0.0,-0.0
T13828,Natural Products and Biological Research,5,2,-3,0.0,0.0,-0.0
T13519,Historical Architecture and Urbanism,2,5,3,0.0,0.0,0.0
T14388,Medieval European History and Architecture,6,1,-5,0.0,0.0,-0.0
T13451,Mechanical Engineering Research and Applications,2,5,3,0.0,0.0,0.0
T12942,Cultural Studies and Postmodernism,2,5,3,0.0,0.0,0.0
T11954,Energy Efficiency and Management,4,3,-1,0.0,0.0,-0.0
T13642,Organizational Downsizing and Restructuring,1,6,5,0.0,0.0,0.0
T14244,Consumer Behavior and Marketing Influence,0,7,7,0.0,0.0,0.0
T13813,Oral and Craniofacial Lesions,5,2,-3,0.0,0.0,-0.0
T13232,Laser-Ablation Synthesis of Nanoparticles,4,3,-1,0.0,0.0,-0.0
T13795,"Language, Communication, and Linguistic Studies",2,5,3,0.0,0.0,0.0
T12042,Satellite Communication Systems,4,3,-1,0.0,0.0,-0.0
T12393,Workplace Spirituality and Leadership,0,7,7,0.0,0.0,0.0
T14433,Post-Communist Economic and Political Transition,2,5,3,0.0,0.0,0.0
T12311,Political Theology and Sovereignty,6,1,-5,0.0,0.0,-0.0
T13743,Italian Literature and Culture,3,4,1,0.0,0.0,0.0
T12882,Jungian Analytical Psychology,6,1,-5,0.0,0.0,-0.0
T13243,Innovation in Digital Healthcare Systems,2,5,3,0.0,0.0,0.0
T13492,"Science, Technology, and Education in Latin America",2,5,3,0.0,0.0,0.0
T13876,Chemical synthesis and pharmacological studies,2,5,3,0.0,0.0,0.0
T13610,"Society, Economy, and Ethics Research",0,7,7,0.0,0.0,0.0
T13312,Mechanical and Thermal Properties Analysis,5,2,-3,0.0,0.0,-0.0
T14112,"Economic, financial, and policy analysis",5,2,-3,0.0,0.0,-0.0
T13683,"Architecture, Art, Education",5,2,-3,0.0,0.0,-0.0
T12812,Meromorphic and Entire Functions,6,1,-5,0.0,0.0,-0.0
T14184,Metallurgy and Material Science,7,0,-7,0.0,0.0,-0.0
T13033,Social Sciences and Governance,7,0,-7,0.0,0.0,-0.0
T11874,Structural Response to Dynamic Loads,6,1,-5,0.0,0.0,-0.0
T12099,Advanced materials and composites,6,1,-5,0.0,0.0,-0.0
T13689,Underground infrastructure and sustainability,5,2,-3,0.0,0.0,-0.0
T11192,Underwater Vehicles and Communication Systems,5,2,-3,0.0,0.0,-0.0
T13824,National Identity and Symbolism,3,4,1,0.0,0.0,0.0
T12387,Galectins and Cancer Biology,7,0,-7,0.0,0.0,-0.0
T12529,Ga2O3 and related materials,5,2,-3,0.0,0.0,-0.0
T11630,Petroleum Processing and Analysis,7,0,-7,0.0,0.0,-0.0
T12112,Ammonia Synthesis and Nitrogen Reduction,7,0,-7,0.0,0.0,-0.0
T13999,Digital Rights Management and Security,4,3,-1,0.0,0.0,-0.0
T13223,Connective Tissue Growth Factor Research,5,2,-3,0.0,0.0,-0.0
T13074,Global Financial Regulation and Crises,6,1,-5,0.0,0.0,-0.0
T12802,Competency Development and Evaluation,4,3,-1,0.0,0.0,-0.0
T13039,Magnesium Oxide Properties and Applications,5,2,-3,0.0,0.0,-0.0
T13153,Rousseau and Enlightenment Thought,3,4,1,0.0,0.0,0.0
T11687,Teleoperation and Haptic Systems,1,6,5,0.0,0.0,0.0
T12055,Boron Compounds in Chemistry,4,3,-1,0.0,0.0,-0.0
T13213,Mechanical Failure Analysis and Simulation,1,6,5,0.0,0.0,0.0
T12864,Psychoanalysis and Social Critique,1,6,5,0.0,0.0,0.0
T13646,Qur’anic Interpretation Studies,0,7,7,0.0,0.0,0.0
T11543,Employee Performance and Motivation,0,7,7,0.0,0.0,0.0
T12971,Material Properties and Processing,4,3,-1,0.0,0.0,-0.0
T11372,Hydraulic and Pneumatic Systems,7,0,-7,0.0,0.0,-0.0
T10886,Multiferroics and related materials,4,3,-1,0.0,0.0,-0.0
T12855,Peanut Plant Research Studies,6,1,-5,0.0,0.0,-0.0
T13420,Arduino and IoT Applications,3,4,1,0.0,0.0,0.0
T12306,Urban and Freight Transport Logistics,4,3,-1,0.0,0.0,-0.0
T13812,AI and HR Technologies,4,3,-1,0.0,0.0,-0.0
T14224,"Oil, Gas, and Environmental Issues",5,2,-3,0.0,0.0,-0.0
T13293,Engineering and Test Systems,3,4,1,0.0,0.0,0.0
T13356,Early Modern Women Writers,5,2,-3,0.0,0.0,-0.0
T14038,"Youth, Politics, and Society",1,6,5,0.0,0.0,0.0
T13620,Education for Peace and Conflict Resolution,0,7,7,0.0,0.0,0.0
T13853,Teacher Education and Assessments,0,7,7,0.0,0.0,0.0
T13818,Cultural Studies and Colonialism,0,7,7,0.0,0.0,0.0
T13589,Literary and Cultural Studies,6,0,-6,0.0,0.0,-0.0
T13891,Engineering Diagnostics and Reliability,6,0,-6,0.0,0.0,-0.0
T14285,Biopolymer Synthesis and Applications,6,0,-6,0.0,0.0,-0.0
T12582,Flavonoids in Medical Research,2,4,2,0.0,0.0,0.0
T14061,Educational Practices and Policies,6,0,-6,0.0,0.0,-0.0
T13787,"Globalization, Historical Perspectives, and International Relations",4,2,-2,0.0,0.0,-0.0
T12362,Tribology and Wear Analysis,4,2,-2,0.0,0.0,-0.0
T13444,Medical Research and Treatments,5,1,-4,0.0,0.0,-0.0
T14349,Global Political and Economic Relations,6,0,-6,0.0,0.0,-0.0
T14301,Educational methodologies and cognitive development,4,2,-2,0.0,0.0,-0.0
T13079,Heavy Metals in Plants,4,2,-2,0.0,0.0,-0.0
T14120,Thallium and Germanium Studies,5,1,-4,0.0,0.0,-0.0
T13350,Myxozoan Parasites in Aquatic Species,4,2,-2,0.0,0.0,-0.0
T14362,Diverse Legal and Medical Studies,3,3,0,0.0,0.0,0.0
T13769,Fusion and Plasma Physics Studies,4,2,-2,0.0,0.0,-0.0
T14470,Advanced Data Processing Techniques,6,0,-6,0.0,0.0,-0.0
T11939,Public-Private Partnership Projects,5,1,-4,0.0,0.0,-0.0
T13109,Theological Perspectives and Practices,4,2,-2,0.0,0.0,-0.0
T13965,Laser and Thermal Forming Techniques,5,1,-4,0.0,0.0,-0.0
T14043,Historical and modern epidemiology studies,2,4,2,0.0,0.0,0.0
T12290,Human Motion and Animation,4,2,-2,0.0,0.0,-0.0
T14018,Agriculture and Biological Studies,3,3,0,0.0,0.0,0.0
T13566,Global Educational Reforms and Inequalities,6,0,-6,0.0,0.0,-0.0
T13667,French Literature and Criticism,2,4,2,0.0,0.0,0.0
T12338,Digital literacy in education,3,3,0,0.0,0.0,0.0
T13472,Brazilian History and Foreign Policy,3,3,0,0.0,0.0,0.0
T13872,Vocational and Entrepreneurial Education,0,6,6,0.0,0.0,0.0
T10871,Catalytic Alkyne Reactions,1,5,4,0.0,0.0,0.0
T13622,Historical and Environmental Studies,4,2,-2,0.0,0.0,-0.0
T13249,Dielectric properties of ceramics,3,3,0,0.0,0.0,0.0
T14159,Discourse Analysis and Cultural Communication,2,4,2,0.0,0.0,0.0
T13942,International Human Rights and Reproductive Law,2,4,2,0.0,0.0,0.0
T11847,Recycled Aggregate Concrete Performance,3,3,0,0.0,0.0,0.0
T13624,Social Sciences and Policies,5,1,-4,0.0,0.0,-0.0
T13462,Spanish Philosophy and Literature,5,1,-4,0.0,0.0,-0.0
T14287,Music Education and Analysis,3,3,0,0.0,0.0,0.0
T14421,Educational Philosophies and Pedagogies,2,4,2,0.0,0.0,0.0
T12691,Coccidia and coccidiosis research,5,1,-4,0.0,0.0,-0.0
T11899,"Brucella: diagnosis, epidemiology, treatment",3,3,0,0.0,0.0,0.0
T13834,Whipple's Disease and Interleukins,4,2,-2,0.0,0.0,-0.0
T12152,Concrete Properties and Behavior,3,3,0,0.0,0.0,0.0
T13176,Winter Sports Injuries and Performance,5,1,-4,0.0,0.0,-0.0
T14149,Historical and Literary Analyses,3,3,0,0.0,0.0,0.0
T14445,Transportation Safety and Impact Analysis,5,1,-4,0.0,0.0,-0.0
T13361,Coconut Research and Applications,5,1,-4,0.0,0.0,-0.0
T13130,Biological and pharmacological studies of plants,6,0,-6,0.0,0.0,-0.0
T12705,Educational Reforms and Innovations,6,0,-6,0.0,0.0,-0.0
T13322,Hibiscus Plant Research Studies,5,1,-4,0.0,0.0,-0.0
T13919,Medicinal plant effects and applications,4,2,-2,0.0,0.0,-0.0
T14351,Statistical and Computational Modeling,6,0,-6,0.0,0.0,-0.0
T12746,Sustainable Industrial Ecology,5,1,-4,0.0,0.0,-0.0
T12623,"Cultural, Media, and Literary Studies",5,1,-4,0.0,0.0,-0.0
T12080,Injection Molding Process and Properties,4,2,-2,0.0,0.0,-0.0
T13422,Phytochemistry and biological activities of Ficus species,5,1,-4,0.0,0.0,-0.0
T12761,Data Stream Mining Techniques,5,1,-4,0.0,0.0,-0.0
T13231,"History, Culture, and Diplomacy",4,2,-2,0.0,0.0,-0.0
T14150,Biochemical and biochemical processes,5,1,-4,0.0,0.0,-0.0
T13188,Synthesis and bioactivity of alkaloids,1,5,4,0.0,0.0,0.0
T13849,Enterobacteriaceae and Cronobacter Research,5,1,-4,0.0,0.0,-0.0
T13665,Legal and cultural studies analysis,1,5,4,0.0,0.0,0.0
T12303,Tensor decomposition and applications,4,2,-2,0.0,0.0,-0.0
T14406,Multidisciplinary Science and Engineering Research,2,4,2,0.0,0.0,0.0
T13387,"Politics, Economics, and Education Policy",0,6,6,0.0,0.0,0.0
T12216,Network Time Synchronization Technologies,5,1,-4,0.0,0.0,-0.0
T12723,Hannah Arendt's Political Philosophy,5,1,-4,0.0,0.0,-0.0
T14463,Diverse Scientific Research Studies,6,0,-6,0.0,0.0,-0.0
T14443,"COVID-19, Geopolitics, Technology, Migration",1,5,4,0.0,0.0,0.0
T12808,Ferroelectric and Negative Capacitance Devices,3,3,0,0.0,0.0,0.0
T14333,Dermatoglyphics and Human Traits,2,4,2,0.0,0.0,0.0
T13380,Sound Studies and Aurality,0,6,6,0.0,0.0,0.0
T14259,Legal Rights and Human Rights,0,6,6,0.0,0.0,0.0
T13789,Global Education Systems and Policies,4,1,-3,0.0,0.0,-0.0
T13525,Cambodian History and Society,4,1,-3,0.0,0.0,-0.0
T13217,Pigment Synthesis and Properties,4,1,-3,0.0,0.0,-0.0
T13270,QR Code Applications and Technologies,4,1,-3,0.0,0.0,-0.0
T12367,Dental Trauma and Treatments,4,1,-3,0.0,0.0,-0.0
T11843,Family Business Performance and Succession,3,2,-1,0.0,0.0,-0.0
T10501,Polymer Nanocomposites and Properties,4,1,-3,0.0,0.0,-0.0
T12081,Aerodynamics and Fluid Dynamics Research,3,2,-1,0.0,0.0,-0.0
T13763,Historical Legal Studies and Society,3,2,-1,0.0,0.0,-0.0
T12483,Global Urban Networks and Dynamics,2,3,1,0.0,0.0,0.0
T12638,Pomegranate: compositions and health benefits,3,2,-1,0.0,0.0,-0.0
T12931,Educational Methods and Outcomes,2,3,1,0.0,0.0,0.0
T13406,Human Resources and Workforce,1,4,3,0.0,0.0,0.0
T14434,Historical and Modern Theater Studies,1,4,3,0.0,0.0,0.0
T14390,Real estate and construction management,1,4,3,0.0,0.0,0.0
T13089,Medieval and Early Modern Iberia,1,4,3,0.0,0.0,0.0
T14296,Climate Change and Sustainable Development,1,4,3,0.0,0.0,0.0
T14440,Quality of Life Measurement,1,4,3,0.0,0.0,0.0
T13477,Sustainable Design and Development,1,4,3,0.0,0.0,0.0
T11248,Advanced Power Amplifier Design,1,4,3,0.0,0.0,0.0
T13455,"Decadence, Literature, and Society",2,3,1,0.0,0.0,0.0
T14520,Sustainable Urban and Rural Development,0,5,5,0.0,0.0,0.0
T14106,Environmental and Sediment Control,3,2,-1,0.0,0.0,-0.0
T12635,African studies and sociopolitical issues,4,1,-3,0.0,0.0,-0.0
T13940,Philosophy and Literary Analysis,1,4,3,0.0,0.0,0.0
T14436,Employee Performance and Leadership,2,3,1,0.0,0.0,0.0
T13485,Marine and Coastal Ecosystems,1,4,3,0.0,0.0,0.0
T14218,Engineering Education and Global Impact,0,5,5,0.0,0.0,0.0
T12952,School Leadership and Teacher Performance,0,5,5,0.0,0.0,0.0
T13371,Military Defense Systems Analysis,1,4,3,0.0,0.0,0.0
T12740,Gait Recognition and Analysis,4,1,-3,0.0,0.0,-0.0
T13803,Organizational Strategy and Culture,3,2,-1,0.0,0.0,-0.0
T13344,Industrial Automation and Control Systems,2,3,1,0.0,0.0,0.0
T13245,Samuel Beckett and Modernism,3,2,-1,0.0,0.0,-0.0
T12641,Historical and socio-economic studies of Spain and related regions,4,1,-3,0.0,0.0,-0.0
T11709,Traditional Chinese Medicine Analysis,4,1,-3,0.0,0.0,-0.0
T13401,Social and Cultural Studies,2,3,1,0.0,0.0,0.0
T13773,International Labor and Employment Law,2,3,1,0.0,0.0,0.0
T12842,"Youth, Drugs, and Violence",2,3,1,0.0,0.0,0.0
T13367,Cultural and Sociopolitical Studies,1,4,3,0.0,0.0,0.0
T13714,Medieval Architecture and Archaeology,3,2,-1,0.0,0.0,-0.0
T13582,"Stalking, Cyberstalking, and Harassment",4,1,-3,0.0,0.0,-0.0
T13871,Melamine detection and toxicity,4,1,-3,0.0,0.0,-0.0
T13359,Sports Science and Education,4,1,-3,0.0,0.0,-0.0
T13669,China's Global Influence and Migration,4,1,-3,0.0,0.0,-0.0
T12764,Polish Historical and Cultural Studies,5,0,-5,0.0,0.0,-0.0
T12711,Immigration and Intercultural Education,5,0,-5,0.0,0.0,-0.0
T13164,Quality and Management Systems,5,0,-5,0.0,0.0,-0.0
T12826,Education Methods and Technologies,5,0,-5,0.0,0.0,-0.0
T13956,Sociopolitical Dynamics in Nepal,5,0,-5,0.0,0.0,-0.0
T14295,Families in Therapy and Culture,5,0,-5,0.0,0.0,-0.0
T13792,Morinda citrifolia extract uses,5,0,-5,0.0,0.0,-0.0
T12222,IoT-based Smart Home Systems,5,0,-5,0.0,0.0,-0.0
T12676,Machine Learning and ELM,5,0,-5,0.0,0.0,-0.0
T13442,Geochemistry and Geochronology of Asian Mineral Deposits,1,4,3,0.0,0.0,0.0
T12925,Educational and Social Studies,5,0,-5,0.0,0.0,-0.0
T12774,Bauxite Residue and Utilization,5,0,-5,0.0,0.0,-0.0
T13602,Educational Methods and Media Use,5,0,-5,0.0,0.0,-0.0
T13776,Phytochemical and Pharmacological Studies,5,0,-5,0.0,0.0,-0.0
T13565,Education and Learning Interventions,5,0,-5,0.0,0.0,-0.0
T13594,Healthcare innovation and challenges,4,1,-3,0.0,0.0,-0.0
T13508,Agricultural Economics and Practices,3,2,-1,0.0,0.0,-0.0
T13847,Literature Analysis and Criticism,3,2,-1,0.0,0.0,-0.0
T13568,Wood and Agarwood Research,5,0,-5,0.0,0.0,-0.0
T12200,Heusler alloys: electronic and magnetic properties,3,2,-1,0.0,0.0,-0.0
T13992,Cynara cardunculus studies,3,2,-1,0.0,0.0,-0.0
T13704,French Literature and Poetry,2,3,1,0.0,0.0,0.0
T14270,Simulation and Modeling Applications,1,4,3,0.0,0.0,0.0
T13892,Aquatic life and conservation,5,0,-5,0.0,0.0,-0.0
T14008,Balkan and Eastern European Studies,3,2,-1,0.0,0.0,-0.0
T13255,"Business, Innovation, and Economy",5,0,-5,0.0,0.0,-0.0
T13265,Synthesis of Tetrazole Derivatives,4,1,-3,0.0,0.0,-0.0
T13434,Cancer Research and Treatment,5,0,-5,0.0,0.0,-0.0
T12573,Education and Digital Technologies,3,2,-1,0.0,0.0,-0.0
T14474,Industrial Technology and Control Systems,5,0,-5,0.0,0.0,-0.0
T14217,American Literature and Humor Studies,3,2,-1,0.0,0.0,-0.0
T13980,Alexander von Humboldt Studies,3,2,-1,0.0,0.0,-0.0
T14157,Environmental and Agricultural Sciences,3,2,-1,0.0,0.0,-0.0
T12995,Urban Development and Cultural Heritage,2,3,1,0.0,0.0,0.0
T13913,Blockchain Technology in Education and Learning,1,4,3,0.0,0.0,0.0
T13902,Indian History and Philosophy,3,2,-1,0.0,0.0,-0.0
T12940,Structural Engineering and Materials Analysis,0,5,5,0.0,0.0,0.0
T13816,Advanced Signal Processing Techniques,0,5,5,0.0,0.0,0.0
T12376,Corporate Management and Leadership,1,4,3,0.0,0.0,0.0
T14203,"Education, Safety, and Science Studies",3,2,-1,0.0,0.0,-0.0
T13148,Environmental and Air Quality Management,0,5,5,0.0,0.0,0.0
T13916,Environmental Policies and Emissions,3,2,-1,0.0,0.0,-0.0
T14256,Agricultural and Food Sciences,4,1,-3,0.0,0.0,-0.0
T13603,Corporate Social Responsibility and Sustainability,2,3,1,0.0,0.0,0.0
T12921,European Criminal Justice and Data Protection,4,1,-3,0.0,0.0,-0.0
T14010,Food Industry and Aquatic Biology,5,0,-5,0.0,0.0,-0.0
T14166,European Monetary and Fiscal Policies,3,2,-1,0.0,0.0,-0.0
T12839,Emile Durkheim and Sociology,1,4,3,0.0,0.0,0.0
T12703,Oil Palm Production and Sustainability,3,2,-1,0.0,0.0,-0.0
T13038,Internet of Things and AI,1,4,3,0.0,0.0,0.0
T13805,Adolescent Health and Behaviors,0,5,5,0.0,0.0,0.0
T12844,Psychology and Mental Health,0,5,5,0.0,0.0,0.0
T13989,Labour Market and Migration,0,5,5,0.0,0.0,0.0
T13273,Knowledge Management in Higher Education,0,5,5,0.0,0.0,0.0
T13988,Public Administration and Governance,0,5,5,0.0,0.0,0.0
T14481,Renewable Energy and Sustainability,0,5,5,0.0,0.0,0.0
T13674,Computer Science and Engineering,0,5,5,0.0,0.0,0.0
T14327,Advanced Energy Technologies and Civil Engineering Innovations,3,1,-2,0.0,0.0,-0.0
T13830,Educational Curriculum and Learning Methods,3,1,-2,0.0,0.0,-0.0
T12669,Comparative International Legal Studies,3,1,-2,0.0,0.0,-0.0
T14360,Psidium guajava Extracts and Applications,3,1,-2,0.0,0.0,-0.0
T14473,Social and Economic Development in India,3,1,-2,0.0,0.0,-0.0
T13613,"Health, Education, and Cultural Studies",4,0,-4,0.0,0.0,-0.0
T13459,Public Administration and Political Analysis,2,2,0,0.0,0.0,0.0
T13949,Belt and Road Initiative,1,3,2,0.0,0.0,0.0
T11873,PAPR reduction in OFDM,2,2,0,0.0,0.0,0.0
T12753,"Psychology, Coaching, and Therapy",4,0,-4,0.0,0.0,-0.0
T11250,Wave and Wind Energy Systems,2,2,0,0.0,0.0,0.0
T13660,Philosophical and Historical Studies,3,1,-2,0.0,0.0,-0.0
T12427,Metal Alloys Wear and Properties,3,1,-2,0.0,0.0,-0.0
T14138,Life Cycle Costing Analysis,1,3,2,0.0,0.0,0.0
T14478,Papaya Research and Applications,2,2,0,0.0,0.0,0.0
T13203,Environmental Changes in China,1,3,2,0.0,0.0,0.0
T11958,Dental Erosion and Treatment,1,3,2,0.0,0.0,0.0
T13848,Ottoman and Turkish Studies,3,1,-2,0.0,0.0,-0.0
T13807,Cultural Insights and Digital Impacts,2,2,0,0.0,0.0,0.0
T12680,Cultural and Mythological Studies,1,3,2,0.0,0.0,0.0
T11602,Magnetic Bearings and Levitation Dynamics,2,2,0,0.0,0.0,0.0
T13010,Agriculture and Agroindustry Studies,0,4,4,0.0,0.0,0.0
T14314,"Violence, Religion, and Philosophy",1,3,2,0.0,0.0,0.0
T12841,Echinoderm biology and ecology,1,3,2,0.0,0.0,0.0
T14416,"Health, Technology, Consumer Behavior",0,4,4,0.0,0.0,0.0
T14385,Franz Kafka Literary Studies,3,1,-2,0.0,0.0,-0.0
T11224,Electromagnetic wave absorption materials,1,3,2,0.0,0.0,0.0
T14435,Information Retrieval and Data Mining,1,3,2,0.0,0.0,0.0
T14457,Intellectual Property Rights and Media,0,4,4,0.0,0.0,0.0
T14348,Marriage and Family Dynamics,0,4,4,0.0,0.0,0.0
T12479,Web Application Security Vulnerabilities,1,3,2,0.0,0.0,0.0
T13057,Asian Industrial and Economic Development,2,2,0,0.0,0.0,0.0
T12969,Economic and Social Development,1,3,2,0.0,0.0,0.0
T13974,"Health, Education, and Aging",0,4,4,0.0,0.0,0.0
T14438,Advanced Scientific Research Methods,3,1,-2,0.0,0.0,-0.0
T13336,Religious Freedom and Discrimination,0,4,4,0.0,0.0,0.0
T11599,Aviation Industry Analysis and Trends,3,1,-2,0.0,0.0,-0.0
T13651,Medicinal Plants and Bioactive Compounds,2,2,0,0.0,0.0,0.0
T14220,"Workaholism, burnout, and well-being",0,4,4,0.0,0.0,0.0
T13691,"Energy, Environment, Agriculture Analysis",3,1,-2,0.0,0.0,-0.0
T12217,Higher Education Teaching and Evaluation,4,0,-4,0.0,0.0,-0.0
T14465,"Leadership, Behavior, and Decision-Making Studies",4,0,-4,0.0,0.0,-0.0
T14484,Technology and Data Analysis,4,0,-4,0.0,0.0,-0.0
T14196,Multidisciplinary Warburg-centric Studies,4,0,-4,0.0,0.0,-0.0
T14337,"Religious, Philosophical, and Educational Studies",4,0,-4,0.0,0.0,-0.0
T10153,"Education, sociology, and vocational training",4,0,-4,0.0,0.0,-0.0
T13358,Livestock Management and Performance Improvement,4,0,-4,0.0,0.0,-0.0
T11347,Neural Networks Stability and Synchronization,4,0,-4,0.0,0.0,-0.0
T13113,Engineering Technology and Methodologies,4,0,-4,0.0,0.0,-0.0
T12891,Medicinal Plants and Neuroprotection,4,0,-4,0.0,0.0,-0.0
T11451,Advanced Machining and Optimization Techniques,2,2,0,0.0,0.0,0.0
T13351,Critical Theory and Political Philosophy,1,3,2,0.0,0.0,0.0
T14370,"Economic, Social, and Health Studies",4,0,-4,0.0,0.0,-0.0
T11343,Power Transformer Diagnostics and Insulation,4,0,-4,0.0,0.0,-0.0
T13246,"Agriculture, Plant Science, Crop Management",4,0,-4,0.0,0.0,-0.0
T13794,Financial Reporting and XBRL,4,0,-4,0.0,0.0,-0.0
T14501,Global Economic and Social Development,4,0,-4,0.0,0.0,-0.0
T14391,"Forest, Soil, and Plant Ecology in China",4,0,-4,0.0,0.0,-0.0
T13118,Psychological Treatments and Disorders,2,2,0,0.0,0.0,0.0
T13392,History of Education in Spain,3,1,-2,0.0,0.0,-0.0
T12657,Phytochemistry Medicinal Plant Applications,1,3,2,0.0,0.0,0.0
T13908,Scientific and Historical Analyses,2,2,0,0.0,0.0,0.0
T13585,Technostress in Professional Settings,2,2,0,0.0,0.0,0.0
T10808,Electric and Hybrid Vehicle Technologies,4,0,-4,0.0,0.0,-0.0
T13026,Natural Compounds in Disease Treatment,4,0,-4,0.0,0.0,-0.0
T10312,"Health, Nursing, Elderly Care",4,0,-4,0.0,0.0,-0.0
T13087,Simone de Beauvoir and Sartre,2,2,0,0.0,0.0,0.0
T14417,Central Asia Education and Culture,2,2,0,0.0,0.0,0.0
T12975,Paraoxonase enzyme and polymorphisms,3,1,-2,0.0,0.0,-0.0
T14305,Modern American Literature Studies,3,1,-2,0.0,0.0,-0.0
T14164,Marine and Offshore Engineering Studies,4,0,-4,0.0,0.0,-0.0
T13808,Construction Engineering and Safety,2,2,0,0.0,0.0,0.0
T13365,Medical and Biological Ozone Research,4,0,-4,0.0,0.0,-0.0
T13301,Cultural Studies and Interdisciplinary Research,2,2,0,0.0,0.0,0.0
T14177,Water Resources and Management,4,0,-4,0.0,0.0,-0.0
T11749,Iterative Learning Control Systems,4,0,-4,0.0,0.0,-0.0
T13906,Social Issues and Policies,4,0,-4,0.0,0.0,-0.0
T13264,Walter Benjamin Studies Compilation,1,3,2,0.0,0.0,0.0
T12914,Infectious Disease Case Reports and Treatments,3,1,-2,0.0,0.0,-0.0
T14015,Otitis Media and Relapsing Polychondritis,1,3,2,0.0,0.0,0.0
T14454,Polymer Science and Applications,1,3,2,0.0,0.0,0.0
T14248,Social impacts of COVID-19,0,4,4,0.0,0.0,0.0
T13257,Advanced Control and Stabilization in Aerospace Systems,0,4,4,0.0,0.0,0.0
T13346,Digital Transformation in Financial Services,0,4,4,0.0,0.0,0.0
T12737,Electrical Fault Detection and Protection,4,0,-4,0.0,0.0,-0.0
T11622,Maritime Navigation and Safety,3,1,-2,0.0,0.0,-0.0
T14409,Educational Systems and Policies,4,0,-4,0.0,0.0,-0.0
T12944,Animal Nutrition and Health,2,2,0,0.0,0.0,0.0
T11876,Legal Studies and Policies,1,3,2,0.0,0.0,0.0
T13136,Community-based Tourism Development and Sustainability,0,4,4,0.0,0.0,0.0
T13954,Aerospace Engineering and Applications,0,4,4,0.0,0.0,0.0
T14225,Advanced Sensor and Control Systems,0,4,4,0.0,0.0,0.0
T11442,Titanium Alloys Microstructure and Properties,0,4,4,0.0,0.0,0.0
T13545,Philosophical and Theoretical Analysis,0,4,4,0.0,0.0,0.0
T14381,"Psychiatry, Mental Health, Neuroscience",0,4,4,0.0,0.0,0.0
T13819,Collaborative and Sustainable Housing Initiatives,0,4,4,0.0,0.0,0.0
T13578,Stonefly species taxonomy and ecology,1,2,1,0.0,0.0,0.0
T14503,"Globalization, Economics, and Policies",2,1,-1,0.0,0.0,-0.0
T12146,Power Line Communications and Noise,3,0,-3,0.0,0.0,-0.0
T13749,"Hungarian Social, Economic and Educational Studies",3,0,-3,0.0,0.0,-0.0
T13228,Socioeconomic Development in Asia,3,0,-3,0.0,0.0,-0.0
T14236,Educational Tools and Methods,3,0,-3,0.0,0.0,-0.0
T12391,Artificial Immune Systems Applications,1,2,1,0.0,0.0,0.0
T12079,IoT Networks and Protocols,2,1,-1,0.0,0.0,-0.0
T14125,"Education, Sociology, Communication Studies",2,1,-1,0.0,0.0,-0.0
T13653,"Commonwealth, Australian Politics and Federalism",2,1,-1,0.0,0.0,-0.0
T14404,European Socioeconomic and Political Studies,2,1,-1,0.0,0.0,-0.0
T14483,Education and Teacher Training,3,0,-3,0.0,0.0,-0.0
T12601,Web Applications and Data Management,1,2,1,0.0,0.0,0.0
T13958,"Education, Innovation and Language Studies",3,0,-3,0.0,0.0,-0.0
T13449,Organizational Management and Change,1,2,1,0.0,0.0,0.0
T12368,Grey System Theory Applications,2,1,-1,0.0,0.0,-0.0
T14398,Agriculture and Social Issues,3,0,-3,0.0,0.0,-0.0
T14118,Social and Demographic Issues in Germany,3,0,-3,0.0,0.0,-0.0
T13341,Belt Conveyor Systems Engineering,3,0,-3,0.0,0.0,-0.0
T13514,Experience-Based Knowledge Management,3,0,-3,0.0,0.0,-0.0
T14276,Power Systems and Technologies,2,1,-1,0.0,0.0,-0.0
T13576,"Cyprus History, Politics, Society",3,0,-3,0.0,0.0,-0.0
T14331,Medicinal Plant Pharmacodynamics Research,1,2,1,0.0,0.0,0.0
T13909,Environmental Quality and Pollution,1,2,1,0.0,0.0,0.0
T12416,Polymer Nanocomposite Synthesis and Irradiation,1,2,1,0.0,0.0,0.0
T13678,Agricultural Research and Practices,1,2,1,0.0,0.0,0.0
T11230,Innovative Energy Harvesting Technologies,0,3,3,0.0,0.0,0.0
T13757,Graphic Design and Typography,1,2,1,0.0,0.0,0.0
T12491,Superconductivity in MgB2 and Alloys,2,1,-1,0.0,0.0,-0.0
T13672,Thomas Hardy Literature Studies,1,2,1,0.0,0.0,0.0
T13767,Leech Biology and Applications,2,1,-1,0.0,0.0,-0.0
T14460,"Literary, Cultural, Historical Analysis",0,3,3,0.0,0.0,0.0
T11907,Copper-based nanomaterials and applications,2,1,-1,0.0,0.0,-0.0
T13498,Economic Development and Digital Transformation,2,1,-1,0.0,0.0,-0.0
T12440,Karl Barth and Christian Theology,0,3,3,0.0,0.0,0.0
T13662,Qualitative research in health,0,3,3,0.0,0.0,0.0
T14154,"finance, banking, and market dynamics",1,2,1,0.0,0.0,0.0
T12651,Halal products and consumer behavior,2,1,-1,0.0,0.0,-0.0
T14060,Education and Communication Studies,1,2,1,0.0,0.0,0.0
T12667,Economic and Technological Developments in Russia,2,1,-1,0.0,0.0,-0.0
T13287,Robotic Process Automation Applications,2,1,-1,0.0,0.0,-0.0
T12932,Powder Metallurgy Techniques and Materials,2,1,-1,0.0,0.0,-0.0
T11955,Urban and spatial planning,2,1,-1,0.0,0.0,-0.0
T13983,Cybersecurity and Information Systems,2,1,-1,0.0,0.0,-0.0
T13886,Operations Management Techniques,2,1,-1,0.0,0.0,-0.0
T13488,Sports and Physical Education Studies,2,1,-1,0.0,0.0,-0.0
T10437,Educational theories and practices,2,1,-1,0.0,0.0,-0.0
T12395,Educational Innovations and Technology,2,1,-1,0.0,0.0,-0.0
T11530,Business and Management Studies,2,1,-1,0.0,0.0,-0.0
T13703,Attention Economy in Education and Business,2,1,-1,0.0,0.0,-0.0
T13007,Economic Sanctions and International Relations,2,1,-1,0.0,0.0,-0.0
T12988,Sociology and Education in Brazil,3,0,-3,0.0,0.0,-0.0
T13003,Regional Development and Environment,3,0,-3,0.0,0.0,-0.0
T13482,Engineering Education and Technology,3,0,-3,0.0,0.0,-0.0
T14094,Italy: Economic History and Contemporary Issues,3,0,-3,0.0,0.0,-0.0
T13881,Sociology and Norbert Elias,3,0,-3,0.0,0.0,-0.0
T12699,Electromagnetic Launch and Propulsion Technology,3,0,-3,0.0,0.0,-0.0
T12759,Vehicle Noise and Vibration Control,3,0,-3,0.0,0.0,-0.0
T13178,Theology and Canon Law Studies,3,0,-3,0.0,0.0,-0.0
T13543,Oropharyngeal Anatomy and Pathologies,2,1,-1,0.0,0.0,-0.0
T13360,Economic and Social Issues,2,1,-1,0.0,0.0,-0.0
T13882,Research studies in Vietnam,3,0,-3,0.0,0.0,-0.0
T12106,Surface Treatment and Residual Stress,1,2,1,0.0,0.0,0.0
T13724,Humanities and Social Sciences,1,2,1,0.0,0.0,0.0
T13436,Space Technology and Applications,1,2,1,0.0,0.0,0.0
T12123,Financial Analysis and Corporate Governance,1,2,1,0.0,0.0,0.0
T14052,Galician and Iberian cultural studies,3,0,-3,0.0,0.0,-0.0
T13190,Engineering and Environmental Studies,1,2,1,0.0,0.0,0.0
T12595,Romani and Gypsy Studies,2,1,-1,0.0,0.0,-0.0
T12707,Vehicle License Plate Recognition,2,1,-1,0.0,0.0,-0.0
T13905,Telecommunications and Broadcasting Technologies,2,1,-1,0.0,0.0,-0.0
T13614,Social and Economic Solidarity,2,1,-1,0.0,0.0,-0.0
T12898,Induction Heating and Inverter Technology,3,0,-3,0.0,0.0,-0.0
T13888,Social Policies and Family,3,0,-3,0.0,0.0,-0.0
T14026,Flannery O'Connor and Thomas Merton,3,0,-3,0.0,0.0,-0.0
T11774,Adsorption and Cooling Systems,1,2,1,0.0,0.0,0.0
T12799,Mobile and Web Applications,2,1,-1,0.0,0.0,-0.0
T13725,Pineapple and bromelain studies,2,1,-1,0.0,0.0,-0.0
T14148,Kierkegaardian Philosophy and Influence,1,2,1,0.0,0.0,0.0
T13740,Soil Science and Environmental Management,1,2,1,0.0,0.0,0.0
T14429,Global Political and Social Dynamics,1,2,1,0.0,0.0,0.0
T14258,Legal and Policy Issues,3,0,-3,0.0,0.0,-0.0
T12687,Public Administration in Developing Nations,1,2,1,0.0,0.0,0.0
T14419,Banking Systems and Strategies,1,2,1,0.0,0.0,0.0
T14266,"Interdisciplinary Studies: Technology, Society, and Humanities",0,3,3,0.0,0.0,0.0
T13617,"Gender, Violence, Rights in Latin America",0,3,3,0.0,0.0,0.0
T13152,French Language Learning Methods,0,3,3,0.0,0.0,0.0
T13579,Image and Video Stabilization,0,3,3,0.0,0.0,0.0
T14152,Healthcare Facilities Design and Sustainability,0,3,3,0.0,0.0,0.0
T13225,Polish-Jewish Holocaust Memory Studies,0,3,3,0.0,0.0,0.0
T14168,Occupational Health and Global Justice,0,3,3,0.0,0.0,0.0
T14219,Local Economic Development and Planning,2,1,-1,0.0,0.0,-0.0
T13866,Occupational health in dentistry,3,0,-3,0.0,0.0,-0.0
T13857,Mining and Industrial Processes,1,2,1,0.0,0.0,0.0
T14065,Biological Research and Disease Studies,3,0,-3,0.0,0.0,-0.0
T13389,German Economic Analysis & Policies,2,1,-1,0.0,0.0,-0.0
T13754,Central European and Russian historical studies,2,1,-1,0.0,0.0,-0.0
T14014,Transportation Systems and Infrastructure,3,0,-3,0.0,0.0,-0.0
T13527,Transportation Systems and Logistics,1,2,1,0.0,0.0,0.0
T14173,"Education, Healthcare and Sociology Research",2,1,-1,0.0,0.0,-0.0
T12725,transportation and logistics systems,2,1,-1,0.0,0.0,-0.0
T14347,Big Data and Digital Economy,3,0,-3,0.0,0.0,-0.0
T13893,Sustainable Development and Policies,0,3,3,0.0,0.0,0.0
T14098,Energy Efficiency in Computing,0,3,3,0.0,0.0,0.0
T13382,Robotics and Automated Systems,2,0,-2,0.0,0.0,-0.0
T13722,Ergonomics and Human Factors,1,1,0,0.0,0.0,0.0
T14209,Public health and occupational medicine,1,1,0,0.0,0.0,0.0
T14439,"Feminism, Gender, and Social Issues",1,1,0,0.0,0.0,0.0
T13045,Industrial Engineering and Technologies,1,1,0,0.0,0.0,0.0
T13990,Engine and Fuel Emissions,1,1,0,0.0,0.0,0.0
T11202,Cavitation Phenomena in Pumps,2,0,-2,0.0,0.0,-0.0
T14319,Currency Recognition and Detection,2,0,-2,0.0,0.0,-0.0
T12922,Business and Economic Development,2,0,-2,0.0,0.0,-0.0
T13547,Economic and Industrial Development,1,1,0,0.0,0.0,0.0
T14462,Educational Methods and Impacts,2,0,-2,0.0,0.0,-0.0
T11766,Iron-based superconductors research,2,0,-2,0.0,0.0,-0.0
T13016,Innovative Educational Technologies,1,1,0,0.0,0.0,0.0
T14023,Interdisciplinary Studies and Sociocultural Dynamics,2,0,-2,0.0,0.0,-0.0
T13496,Advertising and Communication Studies,2,0,-2,0.0,0.0,-0.0
T12815,Management and Organizational Practices,2,0,-2,0.0,0.0,-0.0
T13386,Educational Methods and Teacher Development,2,0,-2,0.0,0.0,-0.0
T14041,Central European Literary Studies,2,0,-2,0.0,0.0,-0.0
T14504,Diverse Academic Research Analysis,1,1,0,0.0,0.0,0.0
T13259,American Jewish Fiction Analysis,1,1,0,0.0,0.0,0.0
T14204,Railway Systems and Materials Science,2,0,-2,0.0,0.0,-0.0
T14175,Intuitionistic Fuzzy Systems Applications,2,0,-2,0.0,0.0,-0.0
T10228,Multilevel Inverters and Converters,1,1,0,0.0,0.0,0.0
T12102,Fire effects on concrete materials,1,1,0,0.0,0.0,0.0
T14448,EU Law and Policy Analysis,2,0,-2,0.0,0.0,-0.0
T14011,Elevator Systems and Control,2,0,-2,0.0,0.0,-0.0
T13729,Korean Urban and Social Studies,2,0,-2,0.0,0.0,-0.0
T12363,Academic Research in Diverse Fields,2,0,-2,0.0,0.0,-0.0
T12801,Bluetooth and Wireless Communication Technologies,2,0,-2,0.0,0.0,-0.0
T14489,Basque language and culture studies,1,1,0,0.0,0.0,0.0
T12886,Historical and Cultural Studies of Poland,2,0,-2,0.0,0.0,-0.0
T12371,Electrical Contact Performance and Analysis,1,1,0,0.0,0.0,0.0
T12148,Brazilian Legal Issues,1,1,0,0.0,0.0,0.0
T13826,"Bangladesh Politics, Society, and Development",1,1,0,0.0,0.0,0.0
T14151,Literary Analysis and Cultural Studies,1,1,0,0.0,0.0,0.0
T14243,Creative Drama in Education,1,1,0,0.0,0.0,0.0
T13987,Child Development and Education,0,2,2,0.0,0.0,0.0
T13948,Gender and Women's Rights,1,1,0,0.0,0.0,0.0
T13762,Education and Labor Relations,0,2,2,0.0,0.0,0.0
T14300,Legal and Social Philosophy,0,2,2,0.0,0.0,0.0
T13571,"Corporeality, Perception, and Education",0,2,2,0.0,0.0,0.0
T14458,Education and Work Dynamics,0,2,2,0.0,0.0,0.0
T11726,Organizational Management and Innovation,1,1,0,0.0,0.0,0.0
T14268,Evolving Legal Systems and Governance,0,2,2,0.0,0.0,0.0
T13774,Citizenship Education and Democracy,0,2,2,0.0,0.0,0.0
T13491,Social and Political Issues,1,1,0,0.0,0.0,0.0
T13927,Cyberloafing and Workplace Behavior,0,2,2,0.0,0.0,0.0
T13250,Semiotics and Representation Studies,0,2,2,0.0,0.0,0.0
T13413,Cultural and Historical Studies,1,1,0,0.0,0.0,0.0
T13299,Educational Leadership and Administration,0,2,2,0.0,0.0,0.0
T13790,Waste Management and Environmental Impact,1,1,0,0.0,0.0,0.0
T12928,Education and Cultural Studies,1,1,0,0.0,0.0,0.0
T14502,High-Voltage Power Transmission Systems,0,2,2,0.0,0.0,0.0
T13977,Geography and Environmental Studies in Latin America,1,1,0,0.0,0.0,0.0
T12277,Frequency Control in Power Systems,1,1,0,0.0,0.0,0.0
T13520,Architectural and Urban Studies,1,1,0,0.0,0.0,0.0
T13511,Geodetic Measurements and Engineering Structures,1,1,0,0.0,0.0,0.0
T13659,Ombudsman and Human Rights,2,0,-2,0.0,0.0,-0.0
T13827,Mechatronics Education and Applications,2,0,-2,0.0,0.0,-0.0
T14227,Educational Practices and Challenges,2,0,-2,0.0,0.0,-0.0
T14174,Artificial Intelligence and Decision Support Systems,2,0,-2,0.0,0.0,-0.0
T13733,Moravian Church and William Blake,2,0,-2,0.0,0.0,-0.0
T12628,Polymer Foaming and Composites,2,0,-2,0.0,0.0,-0.0
T11671,Fuzzy and Soft Set Theory,2,0,-2,0.0,0.0,-0.0
T14129,Economic and Business Studies,2,0,-2,0.0,0.0,-0.0
T13172,Economic Issues in Ukraine,2,0,-2,0.0,0.0,-0.0
T14507,"History, Culture, and Society",2,0,-2,0.0,0.0,-0.0
T12435,Bladed Disk Vibration Dynamics,2,0,-2,0.0,0.0,-0.0
T13093,Electric Power Systems and Control,2,0,-2,0.0,0.0,-0.0
T13608,Advanced Computational Techniques in Science and Engineering,2,0,-2,0.0,0.0,-0.0
T13717,Advanced Algorithms and Applications,2,0,-2,0.0,0.0,-0.0
T13050,Oil and Gas Production Techniques,2,0,-2,0.0,0.0,-0.0
T11604,Ship Hydrodynamics and Maneuverability,2,0,-2,0.0,0.0,-0.0
T14389,"Innovation, Technology, and Society",2,0,-2,0.0,0.0,-0.0
T14449,Education and Character Development,2,0,-2,0.0,0.0,-0.0
T13797,Probabilistic Statistics in Medicine,2,0,-2,0.0,0.0,-0.0
T13711,Environmental Science and Technology,2,0,-2,0.0,0.0,-0.0
T13775,Hydrogen's biological and therapeutic effects,2,0,-2,0.0,0.0,-0.0
T13732,"Aerospace, Electronics, Mathematical Modeling",2,0,-2,0.0,0.0,-0.0
T14382,Electrophoretic Deposition in Materials Science,2,0,-2,0.0,0.0,-0.0
T13486,"Literature, Magical Realism, García Márquez",2,0,-2,0.0,0.0,-0.0
T14035,"Literature, Culture, and Aesthetics",1,1,0,0.0,0.0,0.0
T13329,Joseph Conrad and Literature,1,1,0,0.0,0.0,0.0
T14071,Healthcare during COVID-19 Pandemic,2,0,-2,0.0,0.0,-0.0
T14233,Diverse Topics in Contemporary Research,2,0,-2,0.0,0.0,-0.0
T12048,Microencapsulation and Drying Processes,1,1,0,0.0,0.0,0.0
T13914,European Cultural and National Identity,2,0,-2,0.0,0.0,-0.0
T12665,Bamboo properties and applications,1,1,0,0.0,0.0,0.0
T14321,"Religion, Theology, and Education",2,0,-2,0.0,0.0,-0.0
T14247,"Borges, Kipling, and Jewish Identity",2,0,-2,0.0,0.0,-0.0
T13644,Control Systems in Engineering,2,0,-2,0.0,0.0,-0.0
T13517,Environmental and Industrial Safety,2,0,-2,0.0,0.0,-0.0
T13349,Educational Research and Analysis,2,0,-2,0.0,0.0,-0.0
T13994,The Impact of Diversity and Innovation on Society,2,0,-2,0.0,0.0,-0.0
T13719,Phytochemistry and Bioactivity Studies,2,0,-2,0.0,0.0,-0.0
T14131,Giambattista Vico and Joyce,1,1,0,0.0,0.0,0.0
T13475,Digital Transformation in Law,1,1,0,0.0,0.0,0.0
T14480,Historical Education and Society,2,0,-2,0.0,0.0,-0.0
T12021,Social and Educational Sciences,2,0,-2,0.0,0.0,-0.0
T13952,Information Technology and Learning,2,0,-2,0.0,0.0,-0.0
T12734,Information Systems and Technology Applications,1,1,0,0.0,0.0,0.0
T13771,Advanced Research in Science and Engineering,2,0,-2,0.0,0.0,-0.0
T13715,Power Line Inspection Robots,1,1,0,0.0,0.0,0.0
T14022,Cultural and Religious Practices in Indonesia,0,2,2,0.0,0.0,0.0
T14274,Education and Vocational Training,0,2,2,0.0,0.0,0.0
T14430,Higher Education and Teaching Methods,2,0,-2,0.0,0.0,-0.0
T13900,Contemporary and Historical Greek Studies,2,0,-2,0.0,0.0,-0.0
T12357,Digital Media Forensic Detection,1,1,0,0.0,0.0,0.0
T13832,Advanced Decision-Making Techniques,1,1,0,0.0,0.0,0.0
T14080,"Philosophy, Sociology, Political Theory",1,1,0,0.0,0.0,0.0
T14358,Healthcare Quality and Satisfaction,1,1,0,0.0,0.0,0.0
T13541,IoT-based Control Systems,2,0,-2,0.0,0.0,-0.0
T13675,Diffusion Coefficients in Liquids,1,1,0,0.0,0.0,0.0
T13537,"German legal, social, and political studies",1,1,0,0.0,0.0,0.0
T13082,Water and Land Management,0,2,2,0.0,0.0,0.0
T13936,Physical Education and Gymnastics,0,2,2,0.0,0.0,0.0
T13580,Management and Performance Evaluation,0,2,2,0.0,0.0,0.0
T14194,Bioactive Compounds in Plants,0,2,2,0.0,0.0,0.0
T12382,History of Education Research in Brazil,0,2,2,0.0,0.0,0.0
T14307,Bioethics and Human Rights Issues,0,2,2,0.0,0.0,0.0
T13810,Legal Systems and Institutions,0,2,2,0.0,0.0,0.0
T11360,Flame retardant materials and properties,0,2,2,0.0,0.0,0.0
T13865,Nationalism and Cultural Identity,0,2,2,0.0,0.0,0.0
T13744,Financial Literacy and Behavior,0,2,2,0.0,0.0,0.0
T14107,Appalachian Studies and Mathematics,0,2,2,0.0,0.0,0.0
T13290,Diverse Industrial Engineering Technologies,0,2,2,0.0,0.0,0.0
T13320,Ukrainian Cultural and Linguistic Studies,1,0,-1,0.0,0.0,-0.0
T13964,Educational Technology and Optimization,1,0,-1,0.0,0.0,-0.0
T13348,Pancasila Values in Education,1,0,-1,0.0,0.0,-0.0
T14001,Evelyn Waugh and Hans Urs von Balthasar Studies,1,0,-1,0.0,0.0,-0.0
T13746,Mechanical Systems and Engineering,1,0,-1,0.0,0.0,-0.0
T14122,Impact of Education Environments,1,0,-1,0.0,0.0,-0.0
T14490,Human Rights and Immigration,1,0,-1,0.0,0.0,-0.0
T13661,Reformed Theology and Governance,1,0,-1,0.0,0.0,-0.0
T13331,Energy and Environmental Sustainability,1,0,-1,0.0,0.0,-0.0
T13612,Advanced Scientific and Engineering Studies,1,0,-1,0.0,0.0,-0.0
T14338,"Leadership, Human Resources, Global Affairs",1,0,-1,0.0,0.0,-0.0
T14323,"Agriculture, Water, and Health",1,0,-1,0.0,0.0,-0.0
T14240,E-Learning and COVID-19,1,0,-1,0.0,0.0,-0.0
T14477,"Management, Economics, and Public Policy",1,0,-1,0.0,0.0,-0.0
T12486,Food Supply Chain Traceability,1,0,-1,0.0,0.0,-0.0
T13285,Local Governance and Development,1,0,-1,0.0,0.0,-0.0
T13390,Cultural and Social Dynamics,1,0,-1,0.0,0.0,-0.0
T14294,Impulse Buying and Technology Impacts,1,0,-1,0.0,0.0,-0.0
T13446,"Antioxidants, Aging, Portulaca oleracea",1,0,-1,0.0,0.0,-0.0
T14100,Scientific Research and Technology,1,0,-1,0.0,0.0,-0.0
T14082,"Modeling, Simulation, and Optimization",1,0,-1,0.0,0.0,-0.0
T14401,"Technology, Environment, Urban Planning",1,0,-1,0.0,0.0,-0.0
T13915,Public Health in Brazil,1,0,-1,0.0,0.0,-0.0
T13635,Philosophy and Education Pedagogy,1,0,-1,0.0,0.0,-0.0
T14213,Global Politics and Economy,1,0,-1,0.0,0.0,-0.0
T12451,Smart Grid and Power Systems,1,0,-1,0.0,0.0,-0.0
T13930,Diverse Education and Engineering Focus,1,0,-1,0.0,0.0,-0.0
T14153,Social Development and Education Research,1,0,-1,0.0,0.0,-0.0
T13786,Diverse Academic Research Studies,1,0,-1,0.0,0.0,-0.0
T14352,Globalization and Economic Impact,1,0,-1,0.0,0.0,-0.0
T14188,Latin American Legal and Economic Studies,1,0,-1,0.0,0.0,-0.0
T13609,"Economic, Social, and Public Health Issues in Russia and Globally",1,0,-1,0.0,0.0,-0.0
T13924,Internet of Things and Social Network Interactions,1,0,-1,0.0,0.0,-0.0
T14076,Material Properties and Failure Mechanisms,1,0,-1,0.0,0.0,-0.0
T13688,Shallot Cultivation and Analysis,0,1,1,0.0,0.0,0.0
T14408,Coastal Management and Development,0,1,1,0.0,0.0,0.0
T14050,Forest Ecology and Conservation,0,1,1,0.0,0.0,0.0
T13700,Gender Studies and Social Issues,0,1,1,0.0,0.0,0.0
T13677,Magnolia and Illicium research,0,1,1,0.0,0.0,0.0
T13292,Embedded Systems and FPGA Applications,0,1,1,0.0,0.0,0.0
T13868,Afro-Latin American Studies,0,1,1,0.0,0.0,0.0
T14130,"Healthcare, Law, Governance, and Management Studies",0,1,1,0.0,0.0,0.0
T13850,Night-time city culture,0,1,1,0.0,0.0,0.0
T13432,Environmental Sustainability and Technology,0,1,1,0.0,0.0,0.0
T14282,"Security, Politics, and Digital Transformation",0,1,1,0.0,0.0,0.0
T13925,Offshore Engineering and Technologies,0,1,1,0.0,0.0,0.0
T13666,Postmodernism in Literature and Education,0,1,1,0.0,0.0,0.0
T13226,Appreciative Inquiry and Organizational Change,0,1,1,0.0,0.0,0.0
T13873,Educational Methods and Technology,0,1,1,0.0,0.0,0.0
T14261,Herbal Medicine and Trade Cooperation,0,1,1,0.0,0.0,0.0
T14508,Vocational Education and Training,0,1,1,0.0,0.0,0.0
T13760,"Finance, Taxation, and Governance",1,0,-1,0.0,0.0,-0.0
T13598,Political Developments and Conflicts,1,0,-1,0.0,0.0,-0.0
T13680,"Education, Psychology, and Complexity Research",1,0,-1,0.0,0.0,-0.0
T13041,Contemporary Social and Economic Issues,1,0,-1,0.0,0.0,-0.0
T14325,Diverse Specialized Academic Research,1,0,-1,0.0,0.0,-0.0
T11101,Online Learning Methods and Innovations,1,0,-1,0.0,0.0,-0.0
T13233,Occupational Health and Safety Management,1,0,-1,0.0,0.0,-0.0
T14267,Technology in Education and Healthcare,1,0,-1,0.0,0.0,-0.0
T13975,"Energy, Economy, and Technology Trends",1,0,-1,0.0,0.0,-0.0
T13562,Cruise Tourism Development and Management,1,0,-1,0.0,0.0,-0.0
T14447,Trade Secret Protection Methods,1,0,-1,0.0,0.0,-0.0
T13668,Agricultural and Rural Development Research,1,0,-1,0.0,0.0,-0.0
T12662,Digitalization and Economic Development in Agriculture,1,0,-1,0.0,0.0,-0.0
T13181,Economic and Technological Systems Analysis,1,0,-1,0.0,0.0,-0.0
T13713,Diverse Perspectives in Modern Studies,1,0,-1,0.0,0.0,-0.0
T12260,Educational Technology and Pedagogy,1,0,-1,0.0,0.0,-0.0
T14255,European Law and Migration,1,0,-1,0.0,0.0,-0.0
T14113,Global Socioeconomic and Political Dynamics,1,0,-1,0.0,0.0,-0.0
T10972,Power Systems Fault Detection,1,0,-1,0.0,0.0,-0.0
T14111,Diverse Research Studies Overview,1,0,-1,0.0,0.0,-0.0
T13464,Higher Education and Sustainability,1,0,-1,0.0,0.0,-0.0
T13425,Rural and Ethnic Education,1,0,-1,0.0,0.0,-0.0
T13615,Transportation Systems and Safety,1,0,-1,0.0,0.0,-0.0
T13820,SAS software applications and methods,1,0,-1,0.0,0.0,-0.0
T10504,Sensorless Control of Electric Motors,1,0,-1,0.0,0.0,-0.0
T14273,"Cultural, Psychoanalytic, and Sociopolitical Reflections",1,0,-1,0.0,0.0,-0.0
T14302,European Politics and Security,1,0,-1,0.0,0.0,-0.0
T14292,"Migration, Policy, and Dickens Studies",1,0,-1,0.0,0.0,-0.0
T14383,Global Development and Urbanization,1,0,-1,0.0,0.0,-0.0
T14110,Islamic Studies and Radicalism,1,0,-1,0.0,0.0,-0.0
T14197,Historical Studies of Medieval Iberia,1,0,-1,0.0,0.0,-0.0
T14442,Historical Studies in Science,1,0,-1,0.0,0.0,-0.0
T14069,Scientific Research Methodologies and Applications,1,0,-1,0.0,0.0,-0.0
T14410,Safety and Risk Management,1,0,-1,0.0,0.0,-0.0
T14055,Consumer Packaging Perceptions and Trends,1,0,-1,0.0,0.0,-0.0
T14328,Diverse scientific research topics,1,0,-1,0.0,0.0,-0.0
T13903,Innovative Educational Techniques,1,0,-1,0.0,0.0,-0.0
T13244,Analysis of environmental and stochastic processes,1,0,-1,0.0,0.0,-0.0
T14083,Extremum Seeking Control Systems,1,0,-1,0.0,0.0,-0.0
T14016,International Relations and Autism,1,0,-1,0.0,0.0,-0.0
T13318,Diverse Scientific Research in Ukraine,1,0,-1,0.0,0.0,-0.0
T14298,Cultural and Social Studies,1,0,-1,0.0,0.0,-0.0
T13119,Philosophy and Social Theory,1,0,-1,0.0,0.0,-0.0
T14491,Diverse academic and cultural studies,1,0,-1,0.0,0.0,-0.0
T12446,Economic Growth and Fiscal Policies,1,0,-1,0.0,0.0,-0.0
T12954,Law and Political Science,1,0,-1,0.0,0.0,-0.0
T13553,Age of Information Optimization,1,0,-1,0.0,0.0,-0.0
T14304,Transport Systems and Technology,1,0,-1,0.0,0.0,-0.0
T14418,"Development, Ethics, and Society",1,0,-1,0.0,0.0,-0.0
T13353,Flow Experience in Various Fields,1,0,-1,0.0,0.0,-0.0
T14431,Diverse Research and Applications,1,0,-1,0.0,0.0,-0.0
T11009,Catalysis for Biomass Conversion,1,0,-1,0.0,0.0,-0.0
T12204,African Education and Politics,1,0,-1,0.0,0.0,-0.0
T14412,Marine and Coastal Research,1,0,-1,0.0,0.0,-0.0
T14387,Environmental Engineering and Cultural Studies,1,0,-1,0.0,0.0,-0.0
T14066,Economic Development and Regional Competitiveness,1,0,-1,0.0,0.0,-0.0
T14317,"Finance, Markets, and Regulation",0,1,1,0.0,0.0,0.0
T14263,Professional Masters Programs Analysis,0,1,1,0.0,0.0,0.0
T13479,Food Science and Nutritional Studies,0,1,1,0.0,0.0,0.0
T14205,Education and Art Integration,0,1,1,0.0,0.0,0.0
T14397,Legal and Policy Analysis in Indonesia,0,1,1,0.0,0.0,0.0
T14103,Educational Management and Quality,0,1,1,0.0,0.0,0.0
T12902,Public Policy and Governance,0,1,1,0.0,0.0,0.0
T13817,"Tannin, Tannase and Anticancer Activities",0,1,1,0.0,0.0,0.0
T14116,Aviation History and Innovations,0,1,1,0.0,0.0,0.0
T14199,Historical and Scientific Studies,0,1,1,0.0,0.0,0.0
T13509,Accounting and Financial Management,0,1,1,0.0,0.0,0.0
T13935,Mathematical Control Systems and Analysis,0,1,1,0.0,0.0,0.0
T13549,Minority Rights and Languages,0,1,1,0.0,0.0,0.0
T14450,Employee Welfare and Language Studies,0,1,1,0.0,0.0,0.0
T14251,Multicultural Education and Local Wisdom,0,1,1,0.0,0.0,0.0
T13586,"HIV, TB, and STIs Epidemiology",0,1,1,0.0,0.0,0.0
T13581,New Caledonia Indigenous Studies,0,1,1,0.0,0.0,0.0
T14042,Technology and Security Systems,1,0,-1,0.0,0.0,-0.0
T12985,Maritime Security and History,1,0,-1,0.0,0.0,-0.0
T14482,Education Practices and Evaluation,1,0,-1,0.0,0.0,-0.0
T13933,Whitehead's Philosophy and Applications,1,0,-1,0.0,0.0,-0.0
T13431,Education Methods and Integration,1,0,-1,0.0,0.0,-0.0
T14073,Diverse Global Research Studies,1,0,-1,0.0,0.0,-0.0
T14064,Organizational and Employee Performance,1,0,-1,0.0,0.0,-0.0
T13053,SMEs Development and Digital Marketing,1,0,-1,0.0,0.0,-0.0
T14497,Social Issues and Policies in Latin America,1,0,-1,0.0,0.0,-0.0
T13028,Literature and Culture Studies,0,1,1,0.0,0.0,0.0
T12556,Educational Methods and Analysis,0,1,1,0.0,0.0,0.0
T13470,Surface Treatment and Coatings,0,1,1,0.0,0.0,0.0
T13424,"Ukraine: War, Education, Health",0,1,1,0.0,0.0,0.0
T14216,Multimedia Learning Systems,0,1,1,0.0,0.0,0.0
T12092,Erosion and Abrasive Machining,0,1,1,0.0,0.0,0.0
T12590,STEM Education,0,1,1,0.0,0.0,0.0
T13507,"Literature, Politics, and Exile Studies",0,1,1,0.0,0.0,0.0
T14000,"Cultural, Social, and Media Studies",0,1,1,0.0,0.0,0.0
T14332,European Linguistics and Anthropology,0,1,1,0.0,0.0,0.0
T14121,Logistics and Transportation Systems,0,1,1,0.0,0.0,0.0
T13202,Pharmacology and Nanomedicine Research,0,1,1,0.0,0.0,0.0
T10573,Power Quality and Harmonics,0,1,1,0.0,0.0,0.0
T14228,Religion and Sociopolitical Dynamics in Nigeria,0,1,1,0.0,0.0,0.0
T14167,Consumer behavior in food and health,0,1,1,0.0,0.0,0.0
T14004,History and Cultural Heritage,0,1,1,0.0,0.0,0.0
T13698,"Education, Politics, and Culture Studies",0,1,1,0.0,0.0,0.0
T14342,"Military, Security, and Education Studies",0,1,1,0.0,0.0,0.0
T14367,Logistics and Infrastructure Analysis,0,1,1,0.0,0.0,0.0
T12164,Education Practices and Challenges,0,1,1,0.0,0.0,0.0
T13875,Legal Studies and Reforms,0,1,1,0.0,0.0,0.0
T13421,"Contemporary art, education, critique",0,1,1,0.0,0.0,0.0
T13088,Legal and Labor Studies,0,1,1,0.0,0.0,0.0
T14237,Historical and Political Studies,0,1,1,0.0,0.0,0.0
T14446,Civil and Geotechnical Engineering Research,0,1,1,0.0,0.0,0.0
T13211,"Memory, Trauma, and Testimony",0,1,1,0.0,0.0,0.0
